solid OpenSCAD_Model
  facet normal 0 -1 0
    outer loop
      vertex -22.15817444277468 -60 -3.9070839975059326
      vertex -2.6008077406175487 -60 -1.821105185414571
      vertex -22.414380707064275 -60 -1.9610042118223088
    endloop
  endfacet
  facet normal 0 -1 0
    outer loop
      vertex -22.414380707064275 -60 -1.9610042118223088
      vertex -3.175 -60 0
      vertex -22.5 -60 0
    endloop
  endfacet
  facet normal -0.8433914458128856 0 -0.537299608346824
    outer loop
      vertex -18.430920996502316 -60 -12.905469817898537
      vertex -19.48557158514987 -60 -11.25
      vertex -19.48557158514987 60 -11.25
    endloop
  endfacet
  facet normal -0.7933533402912345 0 -0.6087614290087214
    outer loop
      vertex -17.235999970177005 -60 -14.462721217947133
      vertex -18.430920996502316 -60 -12.905469817898537
      vertex -18.430920996502316 60 -12.905469817898537
    endloop
  endfacet
  facet normal -0.6087614290087214 0 -0.7933533402912345
    outer loop
      vertex -14.462721217947133 -60 -17.235999970177005
      vertex -12.905469817898537 60 -18.430920996502316
      vertex -12.905469817898537 -60 -18.430920996502316
    endloop
  endfacet
  facet normal -0.537299608346824 0 -0.8433914458128856
    outer loop
      vertex -12.905469817898537 -60 -18.430920996502316
      vertex -11.25 60 -19.48557158514987
      vertex -11.25 -60 -19.48557158514987
    endloop
  endfacet
  facet normal -0.7372773368101251 0 -0.6755902076156591
    outer loop
      vertex -17.235999970177005 -60 -14.462721217947133
      vertex -17.235999970177005 60 -14.462721217947133
      vertex -15.90990257669732 -60 -15.90990257669732
    endloop
  endfacet
  facet normal -0.6755902076156591 0 -0.7372773368101251
    outer loop
      vertex -14.462721217947133 -60 -17.235999970177005
      vertex -15.90990257669732 -60 -15.90990257669732
      vertex -14.462721217947133 60 -17.235999970177005
    endloop
  endfacet
  facet normal -0.8870108331782224 0 -0.4617486132350328
    outer loop
      vertex -20.391925208324622 -60 -9.508910889165737
      vertex -20.391925208324622 60 -9.508910889165737
      vertex -19.48557158514987 -60 -11.25
    endloop
  endfacet
  facet normal -0.953716950748227 0 -0.3007057995042727
    outer loop
      vertex -21.14308396768294 -60 -7.6954532248275465
      vertex -21.733331091504038 -60 -5.823428514806716
      vertex -21.733331091504038 60 -5.823428514806716
    endloop
  endfacet
  facet normal -0.923879532511286 0 -0.38268343236509167
    outer loop
      vertex -20.391925208324622 -60 -9.508910889165737
      vertex -21.14308396768294 -60 -7.6954532248275465
      vertex -21.14308396768294 60 -7.6954532248275465
    endloop
  endfacet
  facet normal -0.9762960071199337 0 -0.21643961393810154
    outer loop
      vertex -21.733331091504038 -60 -5.823428514806716
      vertex -22.15817444277468 -60 -3.9070839975059326
      vertex -22.15817444277468 60 -3.9070839975059326
    endloop
  endfacet
  facet normal -0.9914448613738102 0 -0.13052619222005263
    outer loop
      vertex -22.15817444277468 -60 -3.9070839975059326
      vertex -22.414380707064275 -60 -1.9610042118223088
      vertex -22.414380707064275 60 -1.9610042118223088
    endloop
  endfacet
  facet normal -0.9990482215818578 0 -0.04361938736533569
    outer loop
      vertex -22.414380707064275 -60 -1.9610042118223088
      vertex -22.5 -60 0
      vertex -22.5 60 0
    endloop
  endfacet
  facet normal 0 -1 0
    outer loop
      vertex -17.235999970177005 -60 -14.462721217947133
      vertex 18.430920996502316 -60 -12.905469817898537
      vertex -18.430920996502316 -60 -12.905469817898537
    endloop
  endfacet
  facet normal 0 -1 0
    outer loop
      vertex -18.430920996502316 -60 -12.905469817898537
      vertex 19.48557158514987 -60 -11.25
      vertex -19.48557158514987 -60 -11.25
    endloop
  endfacet
  facet normal 0 -1 0
    outer loop
      vertex -9.508910889165737 -60 -20.391925208324622
      vertex 11.25 -60 -19.48557158514987
      vertex -11.25 -60 -19.48557158514987
    endloop
  endfacet
  facet normal 0 -1 0
    outer loop
      vertex -14.462721217947133 -60 -17.235999970177005
      vertex -12.905469817898537 -60 -18.430920996502316
      vertex 14.462721217947133 -60 -17.235999970177005
    endloop
  endfacet
  facet normal 0 -1 0
    outer loop
      vertex -12.905469817898537 -60 -18.430920996502316
      vertex -11.25 -60 -19.48557158514987
      vertex 12.905469817898537 -60 -18.430920996502316
    endloop
  endfacet
  facet normal 0 -1 0
    outer loop
      vertex -7.6954532248275465 -60 -21.14308396768294
      vertex -5.823428514806716 -60 -21.733331091504038
      vertex 7.6954532248275465 -60 -21.14308396768294
    endloop
  endfacet
  facet normal 0 -1 0
    outer loop
      vertex -9.508910889165737 -60 -20.391925208324622
      vertex -7.6954532248275465 -60 -21.14308396768294
      vertex 9.508910889165737 -60 -20.391925208324622
    endloop
  endfacet
  facet normal 0 -1 0
    outer loop
      vertex -5.823428514806716 -60 -21.733331091504038
      vertex -3.9070839975059326 -60 -22.15817444277468
      vertex 5.823428514806716 -60 -21.733331091504038
    endloop
  endfacet
  facet normal 0 -1 0
    outer loop
      vertex -3.9070839975059326 -60 -22.15817444277468
      vertex -1.9610042118223088 -60 -22.414380707064275
      vertex 3.9070839975059326 -60 -22.15817444277468
    endloop
  endfacet
  facet normal 0 -1 0
    outer loop
      vertex -14.462721217947133 -60 -17.235999970177005
      vertex 15.90990257669732 -60 -15.90990257669732
      vertex -15.90990257669732 -60 -15.90990257669732
    endloop
  endfacet
  facet normal 0 -1 0
    outer loop
      vertex -17.235999970177005 -60 -14.462721217947133
      vertex -15.90990257669732 -60 -15.90990257669732
      vertex 17.235999970177005 -60 -14.462721217947133
    endloop
  endfacet
  facet normal 0 -1 0
    outer loop
      vertex -20.391925208324622 -60 -9.508910889165737
      vertex -19.48557158514987 -60 -11.25
      vertex 20.391925208324622 -60 -9.508910889165737
    endloop
  endfacet
  facet normal 0 -1 0
    outer loop
      vertex -21.14308396768294 -60 -7.6954532248275465
      vertex 21.733331091504038 -60 -5.823428514806716
      vertex -21.733331091504038 -60 -5.823428514806716
    endloop
  endfacet
  facet normal 0 -1 0
    outer loop
      vertex -20.391925208324622 -60 -9.508910889165737
      vertex 21.14308396768294 -60 -7.6954532248275465
      vertex -21.14308396768294 -60 -7.6954532248275465
    endloop
  endfacet
  facet normal 0 -1 0
    outer loop
      vertex -22.15817444277468 -60 -3.9070839975059326
      vertex -2.040850660754762 -60 -2.432191106902755
      vertex -2.2450640302672884 -60 -2.2450640302672884
    endloop
  endfacet
  facet normal 0 -1 0
    outer loop
      vertex -22.15817444277468 -60 -3.9070839975059326
      vertex -1.821105185414571 -60 -2.6008077406175487
      vertex -2.040850660754762 -60 -2.432191106902755
    endloop
  endfacet
  facet normal 0 -1 0
    outer loop
      vertex -22.15817444277468 -60 -3.9070839975059326
      vertex -1.5875 -60 -2.7496306570155924
      vertex -1.821105185414571 -60 -2.6008077406175487
    endloop
  endfacet
  facet normal 0 -1 0
    outer loop
      vertex -22.414380707064275 -60 -1.9610042118223088
      vertex -2.6008077406175487 -60 -1.821105185414571
      vertex -2.7496306570155924 -60 -1.5875
    endloop
  endfacet
  facet normal 0 -1 0
    outer loop
      vertex -22.414380707064275 -60 -1.9610042118223088
      vertex -2.7496306570155924 -60 -1.5875
      vertex -2.8775272238413634 -60 -1.3418129810267208
    endloop
  endfacet
  facet normal 0 -1 0
    outer loop
      vertex -22.414380707064275 -60 -1.9610042118223088
      vertex -2.8775272238413634 -60 -1.3418129810267208
      vertex -2.983524070995259 -60 -1.085913955058998
    endloop
  endfacet
  facet normal 0 -1 0
    outer loop
      vertex -22.15817444277468 -60 -3.9070839975059326
      vertex -2.432191106902755 -60 -2.040850660754762
      vertex -2.6008077406175487 -60 -1.821105185414571
    endloop
  endfacet
  facet normal 0 -1 0
    outer loop
      vertex -22.15817444277468 -60 -3.9070839975059326
      vertex -2.2450640302672884 -60 -2.2450640302672884
      vertex -2.432191106902755 -60 -2.040850660754762
    endloop
  endfacet
  facet normal 0 -1 0
    outer loop
      vertex -22.414380707064275 -60 -1.9610042118223088
      vertex -3.066814498467792 -60 -0.8217504682005033
      vertex -3.12676461581376 -60 -0.5513329640925038
    endloop
  endfacet
  facet normal 0 -1 0
    outer loop
      vertex -22.414380707064275 -60 -1.9610042118223088
      vertex -3.12676461581376 -60 -0.5513329640925038
      vertex -3.1629181664412918 -60 -0.2767194832238147
    endloop
  endfacet
  facet normal 0 -1 0
    outer loop
      vertex -22.414380707064275 -60 -1.9610042118223088
      vertex -3.1629181664412918 -60 -0.2767194832238147
      vertex -3.175 -60 0
    endloop
  endfacet
  facet normal 0 -1 0
    outer loop
      vertex -22.414380707064275 -60 -1.9610042118223088
      vertex -2.983524070995259 -60 -1.085913955058998
      vertex -3.066814498467792 -60 -0.8217504682005033
    endloop
  endfacet
  facet normal 0 -1 0
    outer loop
      vertex -21.733331091504038 -60 -5.823428514806716
      vertex 22.15817444277468 -60 -3.9070839975059326
      vertex -22.15817444277468 -60 -3.9070839975059326
    endloop
  endfacet
  facet normal 0 -1 0
    outer loop
      vertex -22.15817444277468 -60 -3.9070839975059326
      vertex -1.3418129810267208 -60 -2.8775272238413634
      vertex -1.5875 -60 -2.7496306570155924
    endloop
  endfacet
  facet normal 0 -1 0
    outer loop
      vertex -22.15817444277468 -60 -3.9070839975059326
      vertex -1.085913955058998 -60 -2.983524070995259
      vertex -1.3418129810267208 -60 -2.8775272238413634
    endloop
  endfacet
  facet normal 0 -1 0
    outer loop
      vertex -22.15817444277468 -60 -3.9070839975059326
      vertex -0.8217504682005033 -60 -3.066814498467792
      vertex -1.085913955058998 -60 -2.983524070995259
    endloop
  endfacet
  facet normal 0 -1 0
    outer loop
      vertex -22.15817444277468 -60 -3.9070839975059326
      vertex -0.5513329640925038 -60 -3.12676461581376
      vertex -0.8217504682005033 -60 -3.066814498467792
    endloop
  endfacet
  facet normal 0 -1 0
    outer loop
      vertex -22.15817444277468 -60 -3.9070839975059326
      vertex -0.2767194832238147 -60 -3.1629181664412918
      vertex -0.5513329640925038 -60 -3.12676461581376
    endloop
  endfacet
  facet normal 0 -1 0
    outer loop
      vertex -22.15817444277468 -60 -3.9070839975059326
      vertex 0 -60 -3.175
      vertex -0.2767194832238147 -60 -3.1629181664412918
    endloop
  endfacet
  facet normal -0.4617486132350328 0 -0.8870108331782224
    outer loop
      vertex -9.508910889165737 -60 -20.391925208324622
      vertex -11.25 -60 -19.48557158514987
      vertex -9.508910889165737 60 -20.391925208324622
    endloop
  endfacet
  facet normal -0.38268343236509167 0 -0.923879532511286
    outer loop
      vertex -9.508910889165737 -60 -20.391925208324622
      vertex -7.6954532248275465 60 -21.14308396768294
      vertex -7.6954532248275465 -60 -21.14308396768294
    endloop
  endfacet
  facet normal -0.3007057995042727 0 -0.953716950748227
    outer loop
      vertex -7.6954532248275465 -60 -21.14308396768294
      vertex -5.823428514806716 60 -21.733331091504038
      vertex -5.823428514806716 -60 -21.733331091504038
    endloop
  endfacet
  facet normal -0.21643961393810154 0 -0.9762960071199337
    outer loop
      vertex -5.823428514806716 -60 -21.733331091504038
      vertex -3.9070839975059326 60 -22.15817444277468
      vertex -3.9070839975059326 -60 -22.15817444277468
    endloop
  endfacet
  facet normal -0.13052619222005263 0 -0.9914448613738102
    outer loop
      vertex -3.9070839975059326 -60 -22.15817444277468
      vertex -1.9610042118223088 60 -22.414380707064275
      vertex -1.9610042118223088 -60 -22.414380707064275
    endloop
  endfacet
  facet normal -0.04361938736533569 0 -0.9990482215818578
    outer loop
      vertex -1.9610042118223088 -60 -22.414380707064275
      vertex 0 60 -22.5
      vertex 0 -60 -22.5
    endloop
  endfacet
  facet normal 0 -1 0
    outer loop
      vertex -22.5 -60 0
      vertex -2.983524070995259 -60 1.085913955058998
      vertex -22.414380707064275 -60 1.9610042118223088
    endloop
  endfacet
  facet normal 0 -1 0
    outer loop
      vertex -22.414380707064275 -60 1.9610042118223088
      vertex -1.085913955058998 -60 2.983524070995259
      vertex -22.15817444277468 -60 3.9070839975059326
    endloop
  endfacet
  facet normal -0.9990482215818578 0 0.04361938736533569
    outer loop
      vertex -22.5 -60 0
      vertex -22.414380707064275 -60 1.9610042118223088
      vertex -22.414380707064275 60 1.9610042118223088
    endloop
  endfacet
  facet normal -0.9914448613738102 0 0.13052619222005263
    outer loop
      vertex -22.414380707064275 -60 1.9610042118223088
      vertex -22.15817444277468 -60 3.9070839975059326
      vertex -22.15817444277468 60 3.9070839975059326
    endloop
  endfacet
  facet normal -0.9762960071199337 0 0.21643961393810154
    outer loop
      vertex -22.15817444277468 -60 3.9070839975059326
      vertex -21.733331091504038 -60 5.823428514806716
      vertex -21.733331091504038 60 5.823428514806716
    endloop
  endfacet
  facet normal -0.953716950748227 0 0.3007057995042727
    outer loop
      vertex -21.733331091504038 -60 5.823428514806716
      vertex -21.14308396768294 -60 7.6954532248275465
      vertex -21.14308396768294 60 7.6954532248275465
    endloop
  endfacet
  facet normal -0.923879532511286 0 0.38268343236509167
    outer loop
      vertex -21.14308396768294 -60 7.6954532248275465
      vertex -20.391925208324622 -60 9.508910889165737
      vertex -20.391925208324622 60 9.508910889165737
    endloop
  endfacet
  facet normal -0.8870108331782224 0 0.4617486132350328
    outer loop
      vertex -20.391925208324622 -60 9.508910889165737
      vertex -19.48557158514987 -60 11.25
      vertex -19.48557158514987 60 11.25
    endloop
  endfacet
  facet normal -0.8433914458128856 0 0.537299608346824
    outer loop
      vertex -19.48557158514987 -60 11.25
      vertex -18.430920996502316 -60 12.905469817898537
      vertex -18.430920996502316 60 12.905469817898537
    endloop
  endfacet
  facet normal -0.7933533402912345 0 0.6087614290087214
    outer loop
      vertex -18.430920996502316 -60 12.905469817898537
      vertex -17.235999970177005 -60 14.462721217947133
      vertex -17.235999970177005 60 14.462721217947133
    endloop
  endfacet
  facet normal -0.7372773368101251 0 0.6755902076156591
    outer loop
      vertex -17.235999970177005 -60 14.462721217947133
      vertex -15.90990257669732 -60 15.90990257669732
      vertex -15.90990257669732 60 15.90990257669732
    endloop
  endfacet
  facet normal -0.6755902076156591 0 0.7372773368101251
    outer loop
      vertex -15.90990257669732 -60 15.90990257669732
      vertex -14.462721217947133 -60 17.235999970177005
      vertex -15.90990257669732 60 15.90990257669732
    endloop
  endfacet
  facet normal -0.6087614290087214 0 0.7933533402912345
    outer loop
      vertex -14.462721217947133 -60 17.235999970177005
      vertex -12.905469817898537 -60 18.430920996502316
      vertex -14.462721217947133 60 17.235999970177005
    endloop
  endfacet
  facet normal -0.537299608346824 0 0.8433914458128856
    outer loop
      vertex -12.905469817898537 -60 18.430920996502316
      vertex -11.25 -60 19.48557158514987
      vertex -12.905469817898537 60 18.430920996502316
    endloop
  endfacet
  facet normal 0 -1 0
    outer loop
      vertex -22.5 -60 0
      vertex -3.175 -60 0
      vertex -3.1629181664412918 -60 0.2767194832238147
    endloop
  endfacet
  facet normal 0 -1 0
    outer loop
      vertex -22.5 -60 0
      vertex -3.1629181664412918 -60 0.2767194832238147
      vertex -3.12676461581376 -60 0.5513329640925038
    endloop
  endfacet
  facet normal 0 -1 0
    outer loop
      vertex -22.5 -60 0
      vertex -3.12676461581376 -60 0.5513329640925038
      vertex -3.066814498467792 -60 0.8217504682005033
    endloop
  endfacet
  facet normal 0 -1 0
    outer loop
      vertex -22.5 -60 0
      vertex -3.066814498467792 -60 0.8217504682005033
      vertex -2.983524070995259 -60 1.085913955058998
    endloop
  endfacet
  facet normal 0 -1 0
    outer loop
      vertex -22.414380707064275 -60 1.9610042118223088
      vertex -2.983524070995259 -60 1.085913955058998
      vertex -2.8775272238413634 -60 1.3418129810267208
    endloop
  endfacet
  facet normal 0 -1 0
    outer loop
      vertex -22.414380707064275 -60 1.9610042118223088
      vertex -2.8775272238413634 -60 1.3418129810267208
      vertex -2.7496306570155924 -60 1.5875
    endloop
  endfacet
  facet normal 0 -1 0
    outer loop
      vertex -22.414380707064275 -60 1.9610042118223088
      vertex -2.7496306570155924 -60 1.5875
      vertex -2.6008077406175487 -60 1.821105185414571
    endloop
  endfacet
  facet normal 0 -1 0
    outer loop
      vertex -22.414380707064275 -60 1.9610042118223088
      vertex -2.6008077406175487 -60 1.821105185414571
      vertex -2.432191106902755 -60 2.040850660754762
    endloop
  endfacet
  facet normal 0 -1 0
    outer loop
      vertex -22.414380707064275 -60 1.9610042118223088
      vertex -2.432191106902755 -60 2.040850660754762
      vertex -2.2450640302672884 -60 2.2450640302672884
    endloop
  endfacet
  facet normal 0 -1 0
    outer loop
      vertex -22.414380707064275 -60 1.9610042118223088
      vertex -2.2450640302672884 -60 2.2450640302672884
      vertex -2.040850660754762 -60 2.432191106902755
    endloop
  endfacet
  facet normal 0 -1 0
    outer loop
      vertex -22.414380707064275 -60 1.9610042118223088
      vertex -2.040850660754762 -60 2.432191106902755
      vertex -1.821105185414571 -60 2.6008077406175487
    endloop
  endfacet
  facet normal 0 -1 0
    outer loop
      vertex -22.414380707064275 -60 1.9610042118223088
      vertex -1.821105185414571 -60 2.6008077406175487
      vertex -1.5875 -60 2.7496306570155924
    endloop
  endfacet
  facet normal 0 -1 0
    outer loop
      vertex -22.414380707064275 -60 1.9610042118223088
      vertex -1.5875 -60 2.7496306570155924
      vertex -1.3418129810267208 -60 2.8775272238413634
    endloop
  endfacet
  facet normal 0 -1 0
    outer loop
      vertex -22.414380707064275 -60 1.9610042118223088
      vertex -1.3418129810267208 -60 2.8775272238413634
      vertex -1.085913955058998 -60 2.983524070995259
    endloop
  endfacet
  facet normal 0 -1 0
    outer loop
      vertex -22.15817444277468 -60 3.9070839975059326
      vertex -1.085913955058998 -60 2.983524070995259
      vertex -0.8217504682005033 -60 3.066814498467792
    endloop
  endfacet
  facet normal 0 -1 0
    outer loop
      vertex -22.15817444277468 -60 3.9070839975059326
      vertex -0.8217504682005033 -60 3.066814498467792
      vertex -0.5513329640925038 -60 3.12676461581376
    endloop
  endfacet
  facet normal 0 -1 0
    outer loop
      vertex -22.15817444277468 -60 3.9070839975059326
      vertex -0.5513329640925038 -60 3.12676461581376
      vertex -0.2767194832238147 -60 3.1629181664412918
    endloop
  endfacet
  facet normal 0 -1 0
    outer loop
      vertex -22.15817444277468 -60 3.9070839975059326
      vertex -0.2767194832238147 -60 3.1629181664412918
      vertex 0 -60 3.175
    endloop
  endfacet
  facet normal 0 -1 0
    outer loop
      vertex -22.15817444277468 -60 3.9070839975059326
      vertex 21.733331091504038 -60 5.823428514806716
      vertex -21.733331091504038 -60 5.823428514806716
    endloop
  endfacet
  facet normal 0 -1 0
    outer loop
      vertex -21.733331091504038 -60 5.823428514806716
      vertex 21.14308396768294 -60 7.6954532248275465
      vertex -21.14308396768294 -60 7.6954532248275465
    endloop
  endfacet
  facet normal 0 -1 0
    outer loop
      vertex -21.14308396768294 -60 7.6954532248275465
      vertex 20.391925208324622 -60 9.508910889165737
      vertex -20.391925208324622 -60 9.508910889165737
    endloop
  endfacet
  facet normal 0 -1 0
    outer loop
      vertex -20.391925208324622 -60 9.508910889165737
      vertex 19.48557158514987 -60 11.25
      vertex -19.48557158514987 -60 11.25
    endloop
  endfacet
  facet normal 0 -1 0
    outer loop
      vertex -19.48557158514987 -60 11.25
      vertex 18.430920996502316 -60 12.905469817898537
      vertex -18.430920996502316 -60 12.905469817898537
    endloop
  endfacet
  facet normal 0 -1 0
    outer loop
      vertex -18.430920996502316 -60 12.905469817898537
      vertex 17.235999970177005 -60 14.462721217947133
      vertex -17.235999970177005 -60 14.462721217947133
    endloop
  endfacet
  facet normal 0 -1 0
    outer loop
      vertex -17.235999970177005 -60 14.462721217947133
      vertex 15.90990257669732 -60 15.90990257669732
      vertex -15.90990257669732 -60 15.90990257669732
    endloop
  endfacet
  facet normal 0 -1 0
    outer loop
      vertex -15.90990257669732 -60 15.90990257669732
      vertex 14.462721217947133 -60 17.235999970177005
      vertex -14.462721217947133 -60 17.235999970177005
    endloop
  endfacet
  facet normal 0 -1 0
    outer loop
      vertex -14.462721217947133 -60 17.235999970177005
      vertex 12.905469817898537 -60 18.430920996502316
      vertex -12.905469817898537 -60 18.430920996502316
    endloop
  endfacet
  facet normal 0 -1 0
    outer loop
      vertex -12.905469817898537 -60 18.430920996502316
      vertex 11.25 -60 19.48557158514987
      vertex -11.25 -60 19.48557158514987
    endloop
  endfacet
  facet normal 0 -1 0
    outer loop
      vertex -11.25 -60 19.48557158514987
      vertex 9.508910889165737 -60 20.391925208324622
      vertex -9.508910889165737 -60 20.391925208324622
    endloop
  endfacet
  facet normal 0 -1 0
    outer loop
      vertex -9.508910889165737 -60 20.391925208324622
      vertex 7.6954532248275465 -60 21.14308396768294
      vertex -7.6954532248275465 -60 21.14308396768294
    endloop
  endfacet
  facet normal 0 -1 0
    outer loop
      vertex -7.6954532248275465 -60 21.14308396768294
      vertex 5.823428514806716 -60 21.733331091504038
      vertex -5.823428514806716 -60 21.733331091504038
    endloop
  endfacet
  facet normal 0 -1 0
    outer loop
      vertex -5.823428514806716 -60 21.733331091504038
      vertex 3.9070839975059326 -60 22.15817444277468
      vertex -3.9070839975059326 -60 22.15817444277468
    endloop
  endfacet
  facet normal 0 -1 0
    outer loop
      vertex -3.9070839975059326 -60 22.15817444277468
      vertex 1.9610042118223088 -60 22.414380707064275
      vertex -1.9610042118223088 -60 22.414380707064275
    endloop
  endfacet
  facet normal -0.4617486132350328 0 0.8870108331782224
    outer loop
      vertex -11.25 -60 19.48557158514987
      vertex -9.508910889165737 -60 20.391925208324622
      vertex -11.25 60 19.48557158514987
    endloop
  endfacet
  facet normal -0.38268343236509167 0 0.923879532511286
    outer loop
      vertex -9.508910889165737 -60 20.391925208324622
      vertex -7.6954532248275465 -60 21.14308396768294
      vertex -9.508910889165737 60 20.391925208324622
    endloop
  endfacet
  facet normal -0.3007057995042727 0 0.953716950748227
    outer loop
      vertex -7.6954532248275465 -60 21.14308396768294
      vertex -5.823428514806716 -60 21.733331091504038
      vertex -7.6954532248275465 60 21.14308396768294
    endloop
  endfacet
  facet normal -0.21643961393810154 0 0.9762960071199337
    outer loop
      vertex -5.823428514806716 -60 21.733331091504038
      vertex -3.9070839975059326 -60 22.15817444277468
      vertex -5.823428514806716 60 21.733331091504038
    endloop
  endfacet
  facet normal -0.13052619222005263 0 0.9914448613738102
    outer loop
      vertex -3.9070839975059326 -60 22.15817444277468
      vertex -1.9610042118223088 -60 22.414380707064275
      vertex -3.9070839975059326 60 22.15817444277468
    endloop
  endfacet
  facet normal -0.04361938736533569 0 0.9990482215818578
    outer loop
      vertex -1.9610042118223088 -60 22.414380707064275
      vertex 0 -60 22.5
      vertex -1.9610042118223088 60 22.414380707064275
    endloop
  endfacet
  facet normal -0.8433914458128856 0 -0.537299608346824
    outer loop
      vertex -18.430920996502316 -60 -12.905469817898537
      vertex -19.48557158514987 60 -11.25
      vertex -18.430920996502316 60 -12.905469817898537
    endloop
  endfacet
  facet normal -0.7933533402912345 0 -0.6087614290087214
    outer loop
      vertex -17.235999970177005 -60 -14.462721217947133
      vertex -18.430920996502316 60 -12.905469817898537
      vertex -17.235999970177005 60 -14.462721217947133
    endloop
  endfacet
  facet normal -0.6087614290087214 0 -0.7933533402912345
    outer loop
      vertex -14.462721217947133 -60 -17.235999970177005
      vertex -14.462721217947133 60 -17.235999970177005
      vertex -12.905469817898537 60 -18.430920996502316
    endloop
  endfacet
  facet normal -0.537299608346824 0 -0.8433914458128856
    outer loop
      vertex -12.905469817898537 -60 -18.430920996502316
      vertex -12.905469817898537 60 -18.430920996502316
      vertex -11.25 60 -19.48557158514987
    endloop
  endfacet
  facet normal -0.7372773368101251 0 -0.6755902076156591
    outer loop
      vertex -15.90990257669732 -60 -15.90990257669732
      vertex -17.235999970177005 60 -14.462721217947133
      vertex -15.90990257669732 60 -15.90990257669732
    endloop
  endfacet
  facet normal -0.6755902076156591 0 -0.7372773368101251
    outer loop
      vertex -15.90990257669732 -60 -15.90990257669732
      vertex -15.90990257669732 60 -15.90990257669732
      vertex -14.462721217947133 60 -17.235999970177005
    endloop
  endfacet
  facet normal -0.8870108331782224 0 -0.4617486132350328
    outer loop
      vertex -19.48557158514987 -60 -11.25
      vertex -20.391925208324622 60 -9.508910889165737
      vertex -19.48557158514987 60 -11.25
    endloop
  endfacet
  facet normal -0.923879532511286 0 -0.38268343236509167
    outer loop
      vertex -20.391925208324622 -60 -9.508910889165737
      vertex -21.14308396768294 60 -7.6954532248275465
      vertex -20.391925208324622 60 -9.508910889165737
    endloop
  endfacet
  facet normal -0.953716950748227 0 -0.3007057995042727
    outer loop
      vertex -21.14308396768294 -60 -7.6954532248275465
      vertex -21.733331091504038 60 -5.823428514806716
      vertex -21.14308396768294 60 -7.6954532248275465
    endloop
  endfacet
  facet normal -0.9762960071199337 0 -0.21643961393810154
    outer loop
      vertex -21.733331091504038 -60 -5.823428514806716
      vertex -22.15817444277468 60 -3.9070839975059326
      vertex -21.733331091504038 60 -5.823428514806716
    endloop
  endfacet
  facet normal -0.9914448613738102 0 -0.13052619222005263
    outer loop
      vertex -22.15817444277468 -60 -3.9070839975059326
      vertex -22.414380707064275 60 -1.9610042118223088
      vertex -22.15817444277468 60 -3.9070839975059326
    endloop
  endfacet
  facet normal -0.9990482215818578 0 -0.04361938736533569
    outer loop
      vertex -22.414380707064275 -60 -1.9610042118223088
      vertex -22.5 60 0
      vertex -22.414380707064275 60 -1.9610042118223088
    endloop
  endfacet
  facet normal 0 1 0
    outer loop
      vertex -22.15817444277468 60 -3.9070839975059326
      vertex -22.414380707064275 60 -1.9610042118223088
      vertex -1.085913955058998 60 -2.983524070995259
    endloop
  endfacet
  facet normal 0 1 0
    outer loop
      vertex -22.414380707064275 60 -1.9610042118223088
      vertex -22.5 60 0
      vertex -2.983524070995259 60 -1.085913955058998
    endloop
  endfacet
  facet normal -0.4617486132350328 0 -0.8870108331782224
    outer loop
      vertex -11.25 -60 -19.48557158514987
      vertex -11.25 60 -19.48557158514987
      vertex -9.508910889165737 60 -20.391925208324622
    endloop
  endfacet
  facet normal -0.38268343236509167 0 -0.923879532511286
    outer loop
      vertex -9.508910889165737 -60 -20.391925208324622
      vertex -9.508910889165737 60 -20.391925208324622
      vertex -7.6954532248275465 60 -21.14308396768294
    endloop
  endfacet
  facet normal -0.3007057995042727 0 -0.953716950748227
    outer loop
      vertex -7.6954532248275465 -60 -21.14308396768294
      vertex -7.6954532248275465 60 -21.14308396768294
      vertex -5.823428514806716 60 -21.733331091504038
    endloop
  endfacet
  facet normal -0.21643961393810154 0 -0.9762960071199337
    outer loop
      vertex -5.823428514806716 -60 -21.733331091504038
      vertex -5.823428514806716 60 -21.733331091504038
      vertex -3.9070839975059326 60 -22.15817444277468
    endloop
  endfacet
  facet normal -0.13052619222005263 0 -0.9914448613738102
    outer loop
      vertex -3.9070839975059326 -60 -22.15817444277468
      vertex -3.9070839975059326 60 -22.15817444277468
      vertex -1.9610042118223088 60 -22.414380707064275
    endloop
  endfacet
  facet normal -0.04361938736533569 0 -0.9990482215818578
    outer loop
      vertex -1.9610042118223088 -60 -22.414380707064275
      vertex -1.9610042118223088 60 -22.414380707064275
      vertex 0 60 -22.5
    endloop
  endfacet
  facet normal 0 1 0
    outer loop
      vertex -17.235999970177005 60 -14.462721217947133
      vertex 15.90990257669732 60 -15.90990257669732
      vertex -15.90990257669732 60 -15.90990257669732
    endloop
  endfacet
  facet normal 0 1 0
    outer loop
      vertex -17.235999970177005 60 -14.462721217947133
      vertex -18.430920996502316 60 -12.905469817898537
      vertex 17.235999970177005 60 -14.462721217947133
    endloop
  endfacet
  facet normal 0 1 0
    outer loop
      vertex -18.430920996502316 60 -12.905469817898537
      vertex -19.48557158514987 60 -11.25
      vertex 18.430920996502316 60 -12.905469817898537
    endloop
  endfacet
  facet normal 0 1 0
    outer loop
      vertex -9.508910889165737 60 -20.391925208324622
      vertex -11.25 60 -19.48557158514987
      vertex 9.508910889165737 60 -20.391925208324622
    endloop
  endfacet
  facet normal 0 1 0
    outer loop
      vertex -9.508910889165737 60 -20.391925208324622
      vertex 7.6954532248275465 60 -21.14308396768294
      vertex -7.6954532248275465 60 -21.14308396768294
    endloop
  endfacet
  facet normal 0 1 0
    outer loop
      vertex -12.905469817898537 60 -18.430920996502316
      vertex 11.25 60 -19.48557158514987
      vertex -11.25 60 -19.48557158514987
    endloop
  endfacet
  facet normal 0 1 0
    outer loop
      vertex -14.462721217947133 60 -17.235999970177005
      vertex 12.905469817898537 60 -18.430920996502316
      vertex -12.905469817898537 60 -18.430920996502316
    endloop
  endfacet
  facet normal 0 1 0
    outer loop
      vertex -7.6954532248275465 60 -21.14308396768294
      vertex 5.823428514806716 60 -21.733331091504038
      vertex -5.823428514806716 60 -21.733331091504038
    endloop
  endfacet
  facet normal 0 1 0
    outer loop
      vertex -5.823428514806716 60 -21.733331091504038
      vertex 3.9070839975059326 60 -22.15817444277468
      vertex -3.9070839975059326 60 -22.15817444277468
    endloop
  endfacet
  facet normal 0 1 0
    outer loop
      vertex -3.9070839975059326 60 -22.15817444277468
      vertex 1.9610042118223088 60 -22.414380707064275
      vertex -1.9610042118223088 60 -22.414380707064275
    endloop
  endfacet
  facet normal 0 1 0
    outer loop
      vertex -14.462721217947133 60 -17.235999970177005
      vertex -15.90990257669732 60 -15.90990257669732
      vertex 14.462721217947133 60 -17.235999970177005
    endloop
  endfacet
  facet normal 0 1 0
    outer loop
      vertex -20.391925208324622 60 -9.508910889165737
      vertex -21.14308396768294 60 -7.6954532248275465
      vertex 20.391925208324622 60 -9.508910889165737
    endloop
  endfacet
  facet normal 0 1 0
    outer loop
      vertex -20.391925208324622 60 -9.508910889165737
      vertex 19.48557158514987 60 -11.25
      vertex -19.48557158514987 60 -11.25
    endloop
  endfacet
  facet normal 0 1 0
    outer loop
      vertex -21.14308396768294 60 -7.6954532248275465
      vertex -21.733331091504038 60 -5.823428514806716
      vertex 21.14308396768294 60 -7.6954532248275465
    endloop
  endfacet
  facet normal 0 1 0
    outer loop
      vertex -22.414380707064275 60 -1.9610042118223088
      vertex -2.6008077406175487 60 -1.821105185414571
      vertex -2.432191106902755 60 -2.040850660754762
    endloop
  endfacet
  facet normal 0 1 0
    outer loop
      vertex -22.414380707064275 60 -1.9610042118223088
      vertex -2.7496306570155924 60 -1.5875
      vertex -2.6008077406175487 60 -1.821105185414571
    endloop
  endfacet
  facet normal 0 1 0
    outer loop
      vertex -22.414380707064275 60 -1.9610042118223088
      vertex -2.8775272238413634 60 -1.3418129810267208
      vertex -2.7496306570155924 60 -1.5875
    endloop
  endfacet
  facet normal 0 1 0
    outer loop
      vertex -22.414380707064275 60 -1.9610042118223088
      vertex -2.983524070995259 60 -1.085913955058998
      vertex -2.8775272238413634 60 -1.3418129810267208
    endloop
  endfacet
  facet normal 0 1 0
    outer loop
      vertex -22.414380707064275 60 -1.9610042118223088
      vertex -2.2450640302672884 60 -2.2450640302672884
      vertex -2.040850660754762 60 -2.432191106902755
    endloop
  endfacet
  facet normal 0 1 0
    outer loop
      vertex -22.414380707064275 60 -1.9610042118223088
      vertex -1.5875 60 -2.7496306570155924
      vertex -1.3418129810267208 60 -2.8775272238413634
    endloop
  endfacet
  facet normal 0 1 0
    outer loop
      vertex -22.414380707064275 60 -1.9610042118223088
      vertex -2.040850660754762 60 -2.432191106902755
      vertex -1.821105185414571 60 -2.6008077406175487
    endloop
  endfacet
  facet normal 0 1 0
    outer loop
      vertex -22.414380707064275 60 -1.9610042118223088
      vertex -1.821105185414571 60 -2.6008077406175487
      vertex -1.5875 60 -2.7496306570155924
    endloop
  endfacet
  facet normal 0 1 0
    outer loop
      vertex -22.414380707064275 60 -1.9610042118223088
      vertex -2.432191106902755 60 -2.040850660754762
      vertex -2.2450640302672884 60 -2.2450640302672884
    endloop
  endfacet
  facet normal 0 1 0
    outer loop
      vertex -22.5 60 0
      vertex -3.066814498467792 60 -0.8217504682005033
      vertex -2.983524070995259 60 -1.085913955058998
    endloop
  endfacet
  facet normal 0 1 0
    outer loop
      vertex -22.5 60 0
      vertex -3.12676461581376 60 -0.5513329640925038
      vertex -3.066814498467792 60 -0.8217504682005033
    endloop
  endfacet
  facet normal 0 1 0
    outer loop
      vertex -22.5 60 0
      vertex -3.1629181664412918 60 -0.2767194832238147
      vertex -3.12676461581376 60 -0.5513329640925038
    endloop
  endfacet
  facet normal 0 1 0
    outer loop
      vertex -22.5 60 0
      vertex -3.175 60 0
      vertex -3.1629181664412918 60 -0.2767194832238147
    endloop
  endfacet
  facet normal 0 1 0
    outer loop
      vertex -21.733331091504038 60 -5.823428514806716
      vertex -22.15817444277468 60 -3.9070839975059326
      vertex 21.733331091504038 60 -5.823428514806716
    endloop
  endfacet
  facet normal 0 1 0
    outer loop
      vertex -22.15817444277468 60 -3.9070839975059326
      vertex -1.085913955058998 60 -2.983524070995259
      vertex -0.8217504682005033 60 -3.066814498467792
    endloop
  endfacet
  facet normal 0 1 0
    outer loop
      vertex -22.15817444277468 60 -3.9070839975059326
      vertex -0.8217504682005033 60 -3.066814498467792
      vertex -0.5513329640925038 60 -3.12676461581376
    endloop
  endfacet
  facet normal 0 1 0
    outer loop
      vertex -22.15817444277468 60 -3.9070839975059326
      vertex -0.5513329640925038 60 -3.12676461581376
      vertex -0.2767194832238147 60 -3.1629181664412918
    endloop
  endfacet
  facet normal 0 1 0
    outer loop
      vertex -22.15817444277468 60 -3.9070839975059326
      vertex -0.2767194832238147 60 -3.1629181664412918
      vertex 0 60 -3.175
    endloop
  endfacet
  facet normal 0 1 0
    outer loop
      vertex -22.414380707064275 60 -1.9610042118223088
      vertex -1.3418129810267208 60 -2.8775272238413634
      vertex -1.085913955058998 60 -2.983524070995259
    endloop
  endfacet
  facet normal -0.9990482215818578 0 0.04361938736533569
    outer loop
      vertex -22.5 -60 0
      vertex -22.414380707064275 60 1.9610042118223088
      vertex -22.5 60 0
    endloop
  endfacet
  facet normal -0.9914448613738102 0 0.13052619222005263
    outer loop
      vertex -22.414380707064275 -60 1.9610042118223088
      vertex -22.15817444277468 60 3.9070839975059326
      vertex -22.414380707064275 60 1.9610042118223088
    endloop
  endfacet
  facet normal -0.9762960071199337 0 0.21643961393810154
    outer loop
      vertex -22.15817444277468 -60 3.9070839975059326
      vertex -21.733331091504038 60 5.823428514806716
      vertex -22.15817444277468 60 3.9070839975059326
    endloop
  endfacet
  facet normal -0.953716950748227 0 0.3007057995042727
    outer loop
      vertex -21.733331091504038 -60 5.823428514806716
      vertex -21.14308396768294 60 7.6954532248275465
      vertex -21.733331091504038 60 5.823428514806716
    endloop
  endfacet
  facet normal -0.923879532511286 0 0.38268343236509167
    outer loop
      vertex -21.14308396768294 -60 7.6954532248275465
      vertex -20.391925208324622 60 9.508910889165737
      vertex -21.14308396768294 60 7.6954532248275465
    endloop
  endfacet
  facet normal -0.8870108331782224 0 0.4617486132350328
    outer loop
      vertex -20.391925208324622 -60 9.508910889165737
      vertex -19.48557158514987 60 11.25
      vertex -20.391925208324622 60 9.508910889165737
    endloop
  endfacet
  facet normal -0.8433914458128856 0 0.537299608346824
    outer loop
      vertex -19.48557158514987 -60 11.25
      vertex -18.430920996502316 60 12.905469817898537
      vertex -19.48557158514987 60 11.25
    endloop
  endfacet
  facet normal -0.7933533402912345 0 0.6087614290087214
    outer loop
      vertex -18.430920996502316 -60 12.905469817898537
      vertex -17.235999970177005 60 14.462721217947133
      vertex -18.430920996502316 60 12.905469817898537
    endloop
  endfacet
  facet normal -0.7372773368101251 0 0.6755902076156591
    outer loop
      vertex -17.235999970177005 -60 14.462721217947133
      vertex -15.90990257669732 60 15.90990257669732
      vertex -17.235999970177005 60 14.462721217947133
    endloop
  endfacet
  facet normal -0.6755902076156591 0 0.7372773368101251
    outer loop
      vertex -14.462721217947133 -60 17.235999970177005
      vertex -14.462721217947133 60 17.235999970177005
      vertex -15.90990257669732 60 15.90990257669732
    endloop
  endfacet
  facet normal -0.6087614290087214 0 0.7933533402912345
    outer loop
      vertex -12.905469817898537 -60 18.430920996502316
      vertex -12.905469817898537 60 18.430920996502316
      vertex -14.462721217947133 60 17.235999970177005
    endloop
  endfacet
  facet normal -0.537299608346824 0 0.8433914458128856
    outer loop
      vertex -11.25 -60 19.48557158514987
      vertex -11.25 60 19.48557158514987
      vertex -12.905469817898537 60 18.430920996502316
    endloop
  endfacet
  facet normal 0 1 0
    outer loop
      vertex -22.5 60 0
      vertex -22.414380707064275 60 1.9610042118223088
      vertex -3.175 60 0
    endloop
  endfacet
  facet normal 0 1 0
    outer loop
      vertex -22.414380707064275 60 1.9610042118223088
      vertex -22.15817444277468 60 3.9070839975059326
      vertex -2.6008077406175487 60 1.821105185414571
    endloop
  endfacet
  facet normal -0.4617486132350328 0 0.8870108331782224
    outer loop
      vertex -9.508910889165737 -60 20.391925208324622
      vertex -9.508910889165737 60 20.391925208324622
      vertex -11.25 60 19.48557158514987
    endloop
  endfacet
  facet normal -0.38268343236509167 0 0.923879532511286
    outer loop
      vertex -7.6954532248275465 -60 21.14308396768294
      vertex -7.6954532248275465 60 21.14308396768294
      vertex -9.508910889165737 60 20.391925208324622
    endloop
  endfacet
  facet normal -0.3007057995042727 0 0.953716950748227
    outer loop
      vertex -5.823428514806716 -60 21.733331091504038
      vertex -5.823428514806716 60 21.733331091504038
      vertex -7.6954532248275465 60 21.14308396768294
    endloop
  endfacet
  facet normal -0.21643961393810154 0 0.9762960071199337
    outer loop
      vertex -3.9070839975059326 -60 22.15817444277468
      vertex -3.9070839975059326 60 22.15817444277468
      vertex -5.823428514806716 60 21.733331091504038
    endloop
  endfacet
  facet normal -0.13052619222005263 0 0.9914448613738102
    outer loop
      vertex -1.9610042118223088 -60 22.414380707064275
      vertex -1.9610042118223088 60 22.414380707064275
      vertex -3.9070839975059326 60 22.15817444277468
    endloop
  endfacet
  facet normal -0.04361938736533569 0 0.9990482215818578
    outer loop
      vertex -1.9610042118223088 60 22.414380707064275
      vertex 0 -60 22.5
      vertex 0 60 22.5
    endloop
  endfacet
  facet normal 0 1 0
    outer loop
      vertex -22.414380707064275 60 1.9610042118223088
      vertex -3.1629181664412918 60 0.2767194832238147
      vertex -3.175 60 0
    endloop
  endfacet
  facet normal 0 1 0
    outer loop
      vertex -22.414380707064275 60 1.9610042118223088
      vertex -3.12676461581376 60 0.5513329640925038
      vertex -3.1629181664412918 60 0.2767194832238147
    endloop
  endfacet
  facet normal 0 1 0
    outer loop
      vertex -22.414380707064275 60 1.9610042118223088
      vertex -3.066814498467792 60 0.8217504682005033
      vertex -3.12676461581376 60 0.5513329640925038
    endloop
  endfacet
  facet normal 0 1 0
    outer loop
      vertex -22.414380707064275 60 1.9610042118223088
      vertex -2.983524070995259 60 1.085913955058998
      vertex -3.066814498467792 60 0.8217504682005033
    endloop
  endfacet
  facet normal 0 1 0
    outer loop
      vertex -22.414380707064275 60 1.9610042118223088
      vertex -2.8775272238413634 60 1.3418129810267208
      vertex -2.983524070995259 60 1.085913955058998
    endloop
  endfacet
  facet normal 0 1 0
    outer loop
      vertex -22.414380707064275 60 1.9610042118223088
      vertex -2.7496306570155924 60 1.5875
      vertex -2.8775272238413634 60 1.3418129810267208
    endloop
  endfacet
  facet normal 0 1 0
    outer loop
      vertex -22.414380707064275 60 1.9610042118223088
      vertex -2.6008077406175487 60 1.821105185414571
      vertex -2.7496306570155924 60 1.5875
    endloop
  endfacet
  facet normal 0 1 0
    outer loop
      vertex -22.15817444277468 60 3.9070839975059326
      vertex -2.432191106902755 60 2.040850660754762
      vertex -2.6008077406175487 60 1.821105185414571
    endloop
  endfacet
  facet normal 0 1 0
    outer loop
      vertex -22.15817444277468 60 3.9070839975059326
      vertex -2.2450640302672884 60 2.2450640302672884
      vertex -2.432191106902755 60 2.040850660754762
    endloop
  endfacet
  facet normal 0 1 0
    outer loop
      vertex -22.15817444277468 60 3.9070839975059326
      vertex -2.040850660754762 60 2.432191106902755
      vertex -2.2450640302672884 60 2.2450640302672884
    endloop
  endfacet
  facet normal 0 1 0
    outer loop
      vertex -22.15817444277468 60 3.9070839975059326
      vertex -1.821105185414571 60 2.6008077406175487
      vertex -2.040850660754762 60 2.432191106902755
    endloop
  endfacet
  facet normal 0 1 0
    outer loop
      vertex -22.15817444277468 60 3.9070839975059326
      vertex -1.5875 60 2.7496306570155924
      vertex -1.821105185414571 60 2.6008077406175487
    endloop
  endfacet
  facet normal 0 1 0
    outer loop
      vertex -22.15817444277468 60 3.9070839975059326
      vertex -1.3418129810267208 60 2.8775272238413634
      vertex -1.5875 60 2.7496306570155924
    endloop
  endfacet
  facet normal 0 1 0
    outer loop
      vertex -22.15817444277468 60 3.9070839975059326
      vertex -1.085913955058998 60 2.983524070995259
      vertex -1.3418129810267208 60 2.8775272238413634
    endloop
  endfacet
  facet normal 0 1 0
    outer loop
      vertex -22.15817444277468 60 3.9070839975059326
      vertex -0.8217504682005033 60 3.066814498467792
      vertex -1.085913955058998 60 2.983524070995259
    endloop
  endfacet
  facet normal 0 1 0
    outer loop
      vertex -22.15817444277468 60 3.9070839975059326
      vertex -0.5513329640925038 60 3.12676461581376
      vertex -0.8217504682005033 60 3.066814498467792
    endloop
  endfacet
  facet normal 0 1 0
    outer loop
      vertex -22.15817444277468 60 3.9070839975059326
      vertex -0.2767194832238147 60 3.1629181664412918
      vertex -0.5513329640925038 60 3.12676461581376
    endloop
  endfacet
  facet normal 0 1 0
    outer loop
      vertex -22.15817444277468 60 3.9070839975059326
      vertex 0 60 3.175
      vertex -0.2767194832238147 60 3.1629181664412918
    endloop
  endfacet
  facet normal 0 1 0
    outer loop
      vertex -22.15817444277468 60 3.9070839975059326
      vertex -21.733331091504038 60 5.823428514806716
      vertex 22.15817444277468 60 3.9070839975059326
    endloop
  endfacet
  facet normal 0 1 0
    outer loop
      vertex -21.733331091504038 60 5.823428514806716
      vertex -21.14308396768294 60 7.6954532248275465
      vertex 21.733331091504038 60 5.823428514806716
    endloop
  endfacet
  facet normal 0 1 0
    outer loop
      vertex -21.14308396768294 60 7.6954532248275465
      vertex -20.391925208324622 60 9.508910889165737
      vertex 21.14308396768294 60 7.6954532248275465
    endloop
  endfacet
  facet normal 0 1 0
    outer loop
      vertex -20.391925208324622 60 9.508910889165737
      vertex -19.48557158514987 60 11.25
      vertex 20.391925208324622 60 9.508910889165737
    endloop
  endfacet
  facet normal 0 1 0
    outer loop
      vertex -19.48557158514987 60 11.25
      vertex -18.430920996502316 60 12.905469817898537
      vertex 19.48557158514987 60 11.25
    endloop
  endfacet
  facet normal 0 1 0
    outer loop
      vertex -18.430920996502316 60 12.905469817898537
      vertex -17.235999970177005 60 14.462721217947133
      vertex 18.430920996502316 60 12.905469817898537
    endloop
  endfacet
  facet normal 0 1 0
    outer loop
      vertex -17.235999970177005 60 14.462721217947133
      vertex -15.90990257669732 60 15.90990257669732
      vertex 17.235999970177005 60 14.462721217947133
    endloop
  endfacet
  facet normal 0 1 0
    outer loop
      vertex -15.90990257669732 60 15.90990257669732
      vertex -14.462721217947133 60 17.235999970177005
      vertex 15.90990257669732 60 15.90990257669732
    endloop
  endfacet
  facet normal 0 1 0
    outer loop
      vertex -14.462721217947133 60 17.235999970177005
      vertex -12.905469817898537 60 18.430920996502316
      vertex 14.462721217947133 60 17.235999970177005
    endloop
  endfacet
  facet normal 0 1 0
    outer loop
      vertex -12.905469817898537 60 18.430920996502316
      vertex -11.25 60 19.48557158514987
      vertex 12.905469817898537 60 18.430920996502316
    endloop
  endfacet
  facet normal 0 1 0
    outer loop
      vertex -11.25 60 19.48557158514987
      vertex -9.508910889165737 60 20.391925208324622
      vertex 11.25 60 19.48557158514987
    endloop
  endfacet
  facet normal 0 1 0
    outer loop
      vertex -9.508910889165737 60 20.391925208324622
      vertex -7.6954532248275465 60 21.14308396768294
      vertex 9.508910889165737 60 20.391925208324622
    endloop
  endfacet
  facet normal 0 1 0
    outer loop
      vertex -7.6954532248275465 60 21.14308396768294
      vertex -5.823428514806716 60 21.733331091504038
      vertex 7.6954532248275465 60 21.14308396768294
    endloop
  endfacet
  facet normal 0 1 0
    outer loop
      vertex -5.823428514806716 60 21.733331091504038
      vertex -3.9070839975059326 60 22.15817444277468
      vertex 5.823428514806716 60 21.733331091504038
    endloop
  endfacet
  facet normal 0 1 0
    outer loop
      vertex -3.9070839975059326 60 22.15817444277468
      vertex -1.9610042118223088 60 22.414380707064275
      vertex 3.9070839975059326 60 22.15817444277468
    endloop
  endfacet
  facet normal 0 -1 0
    outer loop
      vertex -1.9610042118223088 -60 -22.414380707064275
      vertex 0 -60 -22.5
      vertex 1.9610042118223088 -60 -22.414380707064275
    endloop
  endfacet
  facet normal 0 -1 0
    outer loop
      vertex -1.9610042118223088 -60 -22.414380707064275
      vertex 1.9610042118223088 -60 -22.414380707064275
      vertex 3.9070839975059326 -60 -22.15817444277468
    endloop
  endfacet
  facet normal 0 -1 0
    outer loop
      vertex -3.9070839975059326 -60 -22.15817444277468
      vertex 3.9070839975059326 -60 -22.15817444277468
      vertex 5.823428514806716 -60 -21.733331091504038
    endloop
  endfacet
  facet normal 0 -1 0
    outer loop
      vertex -5.823428514806716 -60 -21.733331091504038
      vertex 5.823428514806716 -60 -21.733331091504038
      vertex 7.6954532248275465 -60 -21.14308396768294
    endloop
  endfacet
  facet normal 0 -1 0
    outer loop
      vertex -7.6954532248275465 -60 -21.14308396768294
      vertex 7.6954532248275465 -60 -21.14308396768294
      vertex 9.508910889165737 -60 -20.391925208324622
    endloop
  endfacet
  facet normal 0 -1 0
    outer loop
      vertex -9.508910889165737 -60 -20.391925208324622
      vertex 9.508910889165737 -60 -20.391925208324622
      vertex 11.25 -60 -19.48557158514987
    endloop
  endfacet
  facet normal 0 -1 0
    outer loop
      vertex -11.25 -60 -19.48557158514987
      vertex 11.25 -60 -19.48557158514987
      vertex 12.905469817898537 -60 -18.430920996502316
    endloop
  endfacet
  facet normal 0 -1 0
    outer loop
      vertex -12.905469817898537 -60 -18.430920996502316
      vertex 12.905469817898537 -60 -18.430920996502316
      vertex 14.462721217947133 -60 -17.235999970177005
    endloop
  endfacet
  facet normal 0 -1 0
    outer loop
      vertex -14.462721217947133 -60 -17.235999970177005
      vertex 14.462721217947133 -60 -17.235999970177005
      vertex 15.90990257669732 -60 -15.90990257669732
    endloop
  endfacet
  facet normal 0 -1 0
    outer loop
      vertex -15.90990257669732 -60 -15.90990257669732
      vertex 15.90990257669732 -60 -15.90990257669732
      vertex 17.235999970177005 -60 -14.462721217947133
    endloop
  endfacet
  facet normal 0 -1 0
    outer loop
      vertex -17.235999970177005 -60 -14.462721217947133
      vertex 17.235999970177005 -60 -14.462721217947133
      vertex 18.430920996502316 -60 -12.905469817898537
    endloop
  endfacet
  facet normal 0 -1 0
    outer loop
      vertex -18.430920996502316 -60 -12.905469817898537
      vertex 18.430920996502316 -60 -12.905469817898537
      vertex 19.48557158514987 -60 -11.25
    endloop
  endfacet
  facet normal 0 -1 0
    outer loop
      vertex -22.15817444277468 -60 -3.9070839975059326
      vertex 22.15817444277468 -60 -3.9070839975059326
      vertex 0 -60 -3.175
    endloop
  endfacet
  facet normal 0 -1 0
    outer loop
      vertex -19.48557158514987 -60 -11.25
      vertex 19.48557158514987 -60 -11.25
      vertex 20.391925208324622 -60 -9.508910889165737
    endloop
  endfacet
  facet normal 0 -1 0
    outer loop
      vertex -20.391925208324622 -60 -9.508910889165737
      vertex 20.391925208324622 -60 -9.508910889165737
      vertex 21.14308396768294 -60 -7.6954532248275465
    endloop
  endfacet
  facet normal 0 -1 0
    outer loop
      vertex -21.14308396768294 -60 -7.6954532248275465
      vertex 21.14308396768294 -60 -7.6954532248275465
      vertex 21.733331091504038 -60 -5.823428514806716
    endloop
  endfacet
  facet normal 0 -1 0
    outer loop
      vertex -21.733331091504038 -60 -5.823428514806716
      vertex 21.733331091504038 -60 -5.823428514806716
      vertex 22.15817444277468 -60 -3.9070839975059326
    endloop
  endfacet
  facet normal 0 -1 0
    outer loop
      vertex 22.15817444277468 -60 -3.9070839975059326
      vertex 0.2767194832238147 -60 -3.1629181664412918
      vertex 0 -60 -3.175
    endloop
  endfacet
  facet normal 0 -1 0
    outer loop
      vertex 22.15817444277468 -60 -3.9070839975059326
      vertex 0.5513329640925038 -60 -3.12676461581376
      vertex 0.2767194832238147 -60 -3.1629181664412918
    endloop
  endfacet
  facet normal 0 -1 0
    outer loop
      vertex 22.15817444277468 -60 -3.9070839975059326
      vertex 0.8217504682005033 -60 -3.066814498467792
      vertex 0.5513329640925038 -60 -3.12676461581376
    endloop
  endfacet
  facet normal 0 -1 0
    outer loop
      vertex 22.15817444277468 -60 -3.9070839975059326
      vertex 1.085913955058998 -60 -2.983524070995259
      vertex 0.8217504682005033 -60 -3.066814498467792
    endloop
  endfacet
  facet normal 0 -1 0
    outer loop
      vertex 22.414380707064275 -60 -1.9610042118223088
      vertex 1.3418129810267208 -60 -2.8775272238413634
      vertex 1.085913955058998 -60 -2.983524070995259
    endloop
  endfacet
  facet normal 0 -1 0
    outer loop
      vertex 22.414380707064275 -60 -1.9610042118223088
      vertex 1.5875 -60 -2.7496306570155924
      vertex 1.3418129810267208 -60 -2.8775272238413634
    endloop
  endfacet
  facet normal 0 -1 0
    outer loop
      vertex 22.414380707064275 -60 -1.9610042118223088
      vertex 1.821105185414571 -60 -2.6008077406175487
      vertex 1.5875 -60 -2.7496306570155924
    endloop
  endfacet
  facet normal 0 -1 0
    outer loop
      vertex 22.414380707064275 -60 -1.9610042118223088
      vertex 2.040850660754762 -60 -2.432191106902755
      vertex 1.821105185414571 -60 -2.6008077406175487
    endloop
  endfacet
  facet normal 0 -1 0
    outer loop
      vertex 22.414380707064275 -60 -1.9610042118223088
      vertex 2.2450640302672884 -60 -2.2450640302672884
      vertex 2.040850660754762 -60 -2.432191106902755
    endloop
  endfacet
  facet normal 0 -1 0
    outer loop
      vertex 22.414380707064275 -60 -1.9610042118223088
      vertex 2.432191106902755 -60 -2.040850660754762
      vertex 2.2450640302672884 -60 -2.2450640302672884
    endloop
  endfacet
  facet normal 0 -1 0
    outer loop
      vertex 22.414380707064275 -60 -1.9610042118223088
      vertex 2.6008077406175487 -60 -1.821105185414571
      vertex 2.432191106902755 -60 -2.040850660754762
    endloop
  endfacet
  facet normal 0 -1 0
    outer loop
      vertex 22.414380707064275 -60 -1.9610042118223088
      vertex 2.7496306570155924 -60 -1.5875
      vertex 2.6008077406175487 -60 -1.821105185414571
    endloop
  endfacet
  facet normal 0 -1 0
    outer loop
      vertex 22.414380707064275 -60 -1.9610042118223088
      vertex 2.8775272238413634 -60 -1.3418129810267208
      vertex 2.7496306570155924 -60 -1.5875
    endloop
  endfacet
  facet normal 0 -1 0
    outer loop
      vertex 22.414380707064275 -60 -1.9610042118223088
      vertex 2.983524070995259 -60 -1.085913955058998
      vertex 2.8775272238413634 -60 -1.3418129810267208
    endloop
  endfacet
  facet normal 0 -1 0
    outer loop
      vertex 22.5 -60 0
      vertex 3.066814498467792 -60 -0.8217504682005033
      vertex 2.983524070995259 -60 -1.085913955058998
    endloop
  endfacet
  facet normal 0 -1 0
    outer loop
      vertex 22.5 -60 0
      vertex 3.12676461581376 -60 -0.5513329640925038
      vertex 3.066814498467792 -60 -0.8217504682005033
    endloop
  endfacet
  facet normal 0 -1 0
    outer loop
      vertex 22.5 -60 0
      vertex 3.1629181664412918 -60 -0.2767194832238147
      vertex 3.12676461581376 -60 -0.5513329640925038
    endloop
  endfacet
  facet normal 0 -1 0
    outer loop
      vertex 22.5 -60 0
      vertex 3.175 -60 0
      vertex 3.1629181664412918 -60 -0.2767194832238147
    endloop
  endfacet
  facet normal 0.04361938736533569 0 -0.9990482215818578
    outer loop
      vertex 0 -60 -22.5
      vertex 1.9610042118223088 60 -22.414380707064275
      vertex 1.9610042118223088 -60 -22.414380707064275
    endloop
  endfacet
  facet normal 0.13052619222005263 0 -0.9914448613738102
    outer loop
      vertex 1.9610042118223088 -60 -22.414380707064275
      vertex 3.9070839975059326 60 -22.15817444277468
      vertex 3.9070839975059326 -60 -22.15817444277468
    endloop
  endfacet
  facet normal 0.21643961393810154 0 -0.9762960071199337
    outer loop
      vertex 3.9070839975059326 -60 -22.15817444277468
      vertex 5.823428514806716 60 -21.733331091504038
      vertex 5.823428514806716 -60 -21.733331091504038
    endloop
  endfacet
  facet normal 0.3007057995042727 0 -0.953716950748227
    outer loop
      vertex 5.823428514806716 -60 -21.733331091504038
      vertex 7.6954532248275465 60 -21.14308396768294
      vertex 7.6954532248275465 -60 -21.14308396768294
    endloop
  endfacet
  facet normal 0.38268343236509167 0 -0.923879532511286
    outer loop
      vertex 7.6954532248275465 -60 -21.14308396768294
      vertex 9.508910889165737 60 -20.391925208324622
      vertex 9.508910889165737 -60 -20.391925208324622
    endloop
  endfacet
  facet normal 0.4617486132350328 0 -0.8870108331782224
    outer loop
      vertex 9.508910889165737 -60 -20.391925208324622
      vertex 11.25 60 -19.48557158514987
      vertex 11.25 -60 -19.48557158514987
    endloop
  endfacet
  facet normal 0 -1 0
    outer loop
      vertex 22.15817444277468 -60 -3.9070839975059326
      vertex 22.414380707064275 -60 -1.9610042118223088
      vertex 1.085913955058998 -60 -2.983524070995259
    endloop
  endfacet
  facet normal 0 -1 0
    outer loop
      vertex 22.414380707064275 -60 -1.9610042118223088
      vertex 22.5 -60 0
      vertex 2.983524070995259 -60 -1.085913955058998
    endloop
  endfacet
  facet normal 0.537299608346824 0 -0.8433914458128856
    outer loop
      vertex 11.25 -60 -19.48557158514987
      vertex 12.905469817898537 60 -18.430920996502316
      vertex 12.905469817898537 -60 -18.430920996502316
    endloop
  endfacet
  facet normal 0.6087614290087214 0 -0.7933533402912345
    outer loop
      vertex 12.905469817898537 -60 -18.430920996502316
      vertex 14.462721217947133 60 -17.235999970177005
      vertex 14.462721217947133 -60 -17.235999970177005
    endloop
  endfacet
  facet normal 0.6755902076156591 0 -0.7372773368101251
    outer loop
      vertex 14.462721217947133 -60 -17.235999970177005
      vertex 15.90990257669732 60 -15.90990257669732
      vertex 15.90990257669732 -60 -15.90990257669732
    endloop
  endfacet
  facet normal 0.7372773368101251 0 -0.6755902076156591
    outer loop
      vertex 15.90990257669732 -60 -15.90990257669732
      vertex 15.90990257669732 60 -15.90990257669732
      vertex 17.235999970177005 -60 -14.462721217947133
    endloop
  endfacet
  facet normal 0.7933533402912345 0 -0.6087614290087214
    outer loop
      vertex 17.235999970177005 -60 -14.462721217947133
      vertex 17.235999970177005 60 -14.462721217947133
      vertex 18.430920996502316 -60 -12.905469817898537
    endloop
  endfacet
  facet normal 0.8433914458128856 0 -0.537299608346824
    outer loop
      vertex 18.430920996502316 -60 -12.905469817898537
      vertex 18.430920996502316 60 -12.905469817898537
      vertex 19.48557158514987 -60 -11.25
    endloop
  endfacet
  facet normal 0.8870108331782224 0 -0.4617486132350328
    outer loop
      vertex 19.48557158514987 -60 -11.25
      vertex 19.48557158514987 60 -11.25
      vertex 20.391925208324622 -60 -9.508910889165737
    endloop
  endfacet
  facet normal 0.923879532511286 0 -0.38268343236509167
    outer loop
      vertex 20.391925208324622 -60 -9.508910889165737
      vertex 20.391925208324622 60 -9.508910889165737
      vertex 21.14308396768294 -60 -7.6954532248275465
    endloop
  endfacet
  facet normal 0.953716950748227 0 -0.3007057995042727
    outer loop
      vertex 21.14308396768294 -60 -7.6954532248275465
      vertex 21.14308396768294 60 -7.6954532248275465
      vertex 21.733331091504038 -60 -5.823428514806716
    endloop
  endfacet
  facet normal 0.9762960071199337 0 -0.21643961393810154
    outer loop
      vertex 21.733331091504038 -60 -5.823428514806716
      vertex 21.733331091504038 60 -5.823428514806716
      vertex 22.15817444277468 -60 -3.9070839975059326
    endloop
  endfacet
  facet normal 0.9914448613738102 0 -0.13052619222005263
    outer loop
      vertex 22.15817444277468 -60 -3.9070839975059326
      vertex 22.15817444277468 60 -3.9070839975059326
      vertex 22.414380707064275 -60 -1.9610042118223088
    endloop
  endfacet
  facet normal 0.9990482215818578 0 -0.04361938736533569
    outer loop
      vertex 22.414380707064275 -60 -1.9610042118223088
      vertex 22.414380707064275 60 -1.9610042118223088
      vertex 22.5 -60 0
    endloop
  endfacet
  facet normal 0 -1 0
    outer loop
      vertex -22.15817444277468 -60 3.9070839975059326
      vertex 0 -60 3.175
      vertex 22.15817444277468 -60 3.9070839975059326
    endloop
  endfacet
  facet normal 0 -1 0
    outer loop
      vertex 22.15817444277468 -60 3.9070839975059326
      vertex 0 -60 3.175
      vertex 0.2767194832238147 -60 3.1629181664412918
    endloop
  endfacet
  facet normal 0 -1 0
    outer loop
      vertex 22.15817444277468 -60 3.9070839975059326
      vertex 0.2767194832238147 -60 3.1629181664412918
      vertex 0.5513329640925038 -60 3.12676461581376
    endloop
  endfacet
  facet normal 0 -1 0
    outer loop
      vertex 22.15817444277468 -60 3.9070839975059326
      vertex 0.5513329640925038 -60 3.12676461581376
      vertex 0.8217504682005033 -60 3.066814498467792
    endloop
  endfacet
  facet normal 0 -1 0
    outer loop
      vertex 22.15817444277468 -60 3.9070839975059326
      vertex 0.8217504682005033 -60 3.066814498467792
      vertex 1.085913955058998 -60 2.983524070995259
    endloop
  endfacet
  facet normal 0 -1 0
    outer loop
      vertex 22.15817444277468 -60 3.9070839975059326
      vertex 1.085913955058998 -60 2.983524070995259
      vertex 1.3418129810267208 -60 2.8775272238413634
    endloop
  endfacet
  facet normal 0 -1 0
    outer loop
      vertex 22.15817444277468 -60 3.9070839975059326
      vertex 1.3418129810267208 -60 2.8775272238413634
      vertex 1.5875 -60 2.7496306570155924
    endloop
  endfacet
  facet normal 0 -1 0
    outer loop
      vertex -22.15817444277468 -60 3.9070839975059326
      vertex 22.15817444277468 -60 3.9070839975059326
      vertex 21.733331091504038 -60 5.823428514806716
    endloop
  endfacet
  facet normal 0 -1 0
    outer loop
      vertex 22.414380707064275 -60 1.9610042118223088
      vertex 2.983524070995259 -60 1.085913955058998
      vertex 3.066814498467792 -60 0.8217504682005033
    endloop
  endfacet
  facet normal 0 -1 0
    outer loop
      vertex 22.414380707064275 -60 1.9610042118223088
      vertex 3.1629181664412918 -60 0.2767194832238147
      vertex 3.175 -60 0
    endloop
  endfacet
  facet normal 0 -1 0
    outer loop
      vertex 22.414380707064275 -60 1.9610042118223088
      vertex 3.12676461581376 -60 0.5513329640925038
      vertex 3.1629181664412918 -60 0.2767194832238147
    endloop
  endfacet
  facet normal 0 -1 0
    outer loop
      vertex 22.414380707064275 -60 1.9610042118223088
      vertex 3.066814498467792 -60 0.8217504682005033
      vertex 3.12676461581376 -60 0.5513329640925038
    endloop
  endfacet
  facet normal 0 -1 0
    outer loop
      vertex 22.15817444277468 -60 3.9070839975059326
      vertex 2.2450640302672884 -60 2.2450640302672884
      vertex 2.432191106902755 -60 2.040850660754762
    endloop
  endfacet
  facet normal 0 -1 0
    outer loop
      vertex 22.15817444277468 -60 3.9070839975059326
      vertex 2.432191106902755 -60 2.040850660754762
      vertex 2.6008077406175487 -60 1.821105185414571
    endloop
  endfacet
  facet normal 0 -1 0
    outer loop
      vertex 22.414380707064275 -60 1.9610042118223088
      vertex 2.8775272238413634 -60 1.3418129810267208
      vertex 2.983524070995259 -60 1.085913955058998
    endloop
  endfacet
  facet normal 0 -1 0
    outer loop
      vertex 22.414380707064275 -60 1.9610042118223088
      vertex 2.7496306570155924 -60 1.5875
      vertex 2.8775272238413634 -60 1.3418129810267208
    endloop
  endfacet
  facet normal 0 -1 0
    outer loop
      vertex 22.414380707064275 -60 1.9610042118223088
      vertex 2.6008077406175487 -60 1.821105185414571
      vertex 2.7496306570155924 -60 1.5875
    endloop
  endfacet
  facet normal 0 -1 0
    outer loop
      vertex 22.15817444277468 -60 3.9070839975059326
      vertex 1.5875 -60 2.7496306570155924
      vertex 1.821105185414571 -60 2.6008077406175487
    endloop
  endfacet
  facet normal 0 -1 0
    outer loop
      vertex 22.15817444277468 -60 3.9070839975059326
      vertex 1.821105185414571 -60 2.6008077406175487
      vertex 2.040850660754762 -60 2.432191106902755
    endloop
  endfacet
  facet normal 0 -1 0
    outer loop
      vertex 22.15817444277468 -60 3.9070839975059326
      vertex 2.040850660754762 -60 2.432191106902755
      vertex 2.2450640302672884 -60 2.2450640302672884
    endloop
  endfacet
  facet normal 0 -1 0
    outer loop
      vertex -21.14308396768294 -60 7.6954532248275465
      vertex 21.14308396768294 -60 7.6954532248275465
      vertex 20.391925208324622 -60 9.508910889165737
    endloop
  endfacet
  facet normal 0 -1 0
    outer loop
      vertex -21.733331091504038 -60 5.823428514806716
      vertex 21.733331091504038 -60 5.823428514806716
      vertex 21.14308396768294 -60 7.6954532248275465
    endloop
  endfacet
  facet normal 0 -1 0
    outer loop
      vertex -20.391925208324622 -60 9.508910889165737
      vertex 20.391925208324622 -60 9.508910889165737
      vertex 19.48557158514987 -60 11.25
    endloop
  endfacet
  facet normal 0 -1 0
    outer loop
      vertex -17.235999970177005 -60 14.462721217947133
      vertex 17.235999970177005 -60 14.462721217947133
      vertex 15.90990257669732 -60 15.90990257669732
    endloop
  endfacet
  facet normal 0 -1 0
    outer loop
      vertex -15.90990257669732 -60 15.90990257669732
      vertex 15.90990257669732 -60 15.90990257669732
      vertex 14.462721217947133 -60 17.235999970177005
    endloop
  endfacet
  facet normal 0 -1 0
    outer loop
      vertex -1.9610042118223088 -60 22.414380707064275
      vertex 1.9610042118223088 -60 22.414380707064275
      vertex 0 -60 22.5
    endloop
  endfacet
  facet normal 0 -1 0
    outer loop
      vertex -3.9070839975059326 -60 22.15817444277468
      vertex 3.9070839975059326 -60 22.15817444277468
      vertex 1.9610042118223088 -60 22.414380707064275
    endloop
  endfacet
  facet normal 0 -1 0
    outer loop
      vertex -5.823428514806716 -60 21.733331091504038
      vertex 5.823428514806716 -60 21.733331091504038
      vertex 3.9070839975059326 -60 22.15817444277468
    endloop
  endfacet
  facet normal 0 -1 0
    outer loop
      vertex -9.508910889165737 -60 20.391925208324622
      vertex 9.508910889165737 -60 20.391925208324622
      vertex 7.6954532248275465 -60 21.14308396768294
    endloop
  endfacet
  facet normal 0 -1 0
    outer loop
      vertex -7.6954532248275465 -60 21.14308396768294
      vertex 7.6954532248275465 -60 21.14308396768294
      vertex 5.823428514806716 -60 21.733331091504038
    endloop
  endfacet
  facet normal 0 -1 0
    outer loop
      vertex -12.905469817898537 -60 18.430920996502316
      vertex 12.905469817898537 -60 18.430920996502316
      vertex 11.25 -60 19.48557158514987
    endloop
  endfacet
  facet normal 0 -1 0
    outer loop
      vertex -14.462721217947133 -60 17.235999970177005
      vertex 14.462721217947133 -60 17.235999970177005
      vertex 12.905469817898537 -60 18.430920996502316
    endloop
  endfacet
  facet normal 0 -1 0
    outer loop
      vertex -11.25 -60 19.48557158514987
      vertex 11.25 -60 19.48557158514987
      vertex 9.508910889165737 -60 20.391925208324622
    endloop
  endfacet
  facet normal 0 -1 0
    outer loop
      vertex -19.48557158514987 -60 11.25
      vertex 19.48557158514987 -60 11.25
      vertex 18.430920996502316 -60 12.905469817898537
    endloop
  endfacet
  facet normal 0 -1 0
    outer loop
      vertex -18.430920996502316 -60 12.905469817898537
      vertex 18.430920996502316 -60 12.905469817898537
      vertex 17.235999970177005 -60 14.462721217947133
    endloop
  endfacet
  facet normal 0.04361938736533569 0 0.9990482215818578
    outer loop
      vertex 0 -60 22.5
      vertex 1.9610042118223088 -60 22.414380707064275
      vertex 0 60 22.5
    endloop
  endfacet
  facet normal 0.13052619222005263 0 0.9914448613738102
    outer loop
      vertex 1.9610042118223088 -60 22.414380707064275
      vertex 3.9070839975059326 -60 22.15817444277468
      vertex 1.9610042118223088 60 22.414380707064275
    endloop
  endfacet
  facet normal 0.21643961393810154 0 0.9762960071199337
    outer loop
      vertex 3.9070839975059326 -60 22.15817444277468
      vertex 5.823428514806716 -60 21.733331091504038
      vertex 3.9070839975059326 60 22.15817444277468
    endloop
  endfacet
  facet normal 0.3007057995042727 0 0.953716950748227
    outer loop
      vertex 5.823428514806716 -60 21.733331091504038
      vertex 7.6954532248275465 -60 21.14308396768294
      vertex 5.823428514806716 60 21.733331091504038
    endloop
  endfacet
  facet normal 0.38268343236509167 0 0.923879532511286
    outer loop
      vertex 7.6954532248275465 -60 21.14308396768294
      vertex 9.508910889165737 -60 20.391925208324622
      vertex 7.6954532248275465 60 21.14308396768294
    endloop
  endfacet
  facet normal 0.4617486132350328 0 0.8870108331782224
    outer loop
      vertex 9.508910889165737 -60 20.391925208324622
      vertex 11.25 -60 19.48557158514987
      vertex 9.508910889165737 60 20.391925208324622
    endloop
  endfacet
  facet normal 0 -1 0
    outer loop
      vertex 22.5 -60 0
      vertex 22.414380707064275 -60 1.9610042118223088
      vertex 3.175 -60 0
    endloop
  endfacet
  facet normal 0 -1 0
    outer loop
      vertex 22.414380707064275 -60 1.9610042118223088
      vertex 22.15817444277468 -60 3.9070839975059326
      vertex 2.6008077406175487 -60 1.821105185414571
    endloop
  endfacet
  facet normal 0.9990482215818578 0 0.04361938736533569
    outer loop
      vertex 22.5 -60 0
      vertex 22.5 60 0
      vertex 22.414380707064275 -60 1.9610042118223088
    endloop
  endfacet
  facet normal 0.9914448613738102 0 0.13052619222005263
    outer loop
      vertex 22.414380707064275 -60 1.9610042118223088
      vertex 22.414380707064275 60 1.9610042118223088
      vertex 22.15817444277468 -60 3.9070839975059326
    endloop
  endfacet
  facet normal 0.9762960071199337 0 0.21643961393810154
    outer loop
      vertex 22.15817444277468 -60 3.9070839975059326
      vertex 22.15817444277468 60 3.9070839975059326
      vertex 21.733331091504038 -60 5.823428514806716
    endloop
  endfacet
  facet normal 0.923879532511286 0 0.38268343236509167
    outer loop
      vertex 21.14308396768294 -60 7.6954532248275465
      vertex 21.14308396768294 60 7.6954532248275465
      vertex 20.391925208324622 -60 9.508910889165737
    endloop
  endfacet
  facet normal 0.953716950748227 0 0.3007057995042727
    outer loop
      vertex 21.733331091504038 -60 5.823428514806716
      vertex 21.733331091504038 60 5.823428514806716
      vertex 21.14308396768294 -60 7.6954532248275465
    endloop
  endfacet
  facet normal 0.8870108331782224 0 0.4617486132350328
    outer loop
      vertex 20.391925208324622 -60 9.508910889165737
      vertex 20.391925208324622 60 9.508910889165737
      vertex 19.48557158514987 -60 11.25
    endloop
  endfacet
  facet normal 0.6755902076156591 0 0.7372773368101251
    outer loop
      vertex 15.90990257669732 -60 15.90990257669732
      vertex 14.462721217947133 60 17.235999970177005
      vertex 14.462721217947133 -60 17.235999970177005
    endloop
  endfacet
  facet normal 0.7372773368101251 0 0.6755902076156591
    outer loop
      vertex 15.90990257669732 -60 15.90990257669732
      vertex 17.235999970177005 -60 14.462721217947133
      vertex 17.235999970177005 60 14.462721217947133
    endloop
  endfacet
  facet normal 0.537299608346824 0 0.8433914458128856
    outer loop
      vertex 11.25 -60 19.48557158514987
      vertex 12.905469817898537 -60 18.430920996502316
      vertex 11.25 60 19.48557158514987
    endloop
  endfacet
  facet normal 0.6087614290087214 0 0.7933533402912345
    outer loop
      vertex 12.905469817898537 -60 18.430920996502316
      vertex 14.462721217947133 -60 17.235999970177005
      vertex 12.905469817898537 60 18.430920996502316
    endloop
  endfacet
  facet normal 0.7933533402912345 0 0.6087614290087214
    outer loop
      vertex 18.430920996502316 -60 12.905469817898537
      vertex 18.430920996502316 60 12.905469817898537
      vertex 17.235999970177005 -60 14.462721217947133
    endloop
  endfacet
  facet normal 0.8433914458128856 0 0.537299608346824
    outer loop
      vertex 19.48557158514987 -60 11.25
      vertex 19.48557158514987 60 11.25
      vertex 18.430920996502316 -60 12.905469817898537
    endloop
  endfacet
  facet normal 0.04361938736533569 0 -0.9990482215818578
    outer loop
      vertex 0 -60 -22.5
      vertex 0 60 -22.5
      vertex 1.9610042118223088 60 -22.414380707064275
    endloop
  endfacet
  facet normal 0.13052619222005263 0 -0.9914448613738102
    outer loop
      vertex 1.9610042118223088 -60 -22.414380707064275
      vertex 1.9610042118223088 60 -22.414380707064275
      vertex 3.9070839975059326 60 -22.15817444277468
    endloop
  endfacet
  facet normal 0.21643961393810154 0 -0.9762960071199337
    outer loop
      vertex 3.9070839975059326 -60 -22.15817444277468
      vertex 3.9070839975059326 60 -22.15817444277468
      vertex 5.823428514806716 60 -21.733331091504038
    endloop
  endfacet
  facet normal 0.3007057995042727 0 -0.953716950748227
    outer loop
      vertex 5.823428514806716 -60 -21.733331091504038
      vertex 5.823428514806716 60 -21.733331091504038
      vertex 7.6954532248275465 60 -21.14308396768294
    endloop
  endfacet
  facet normal 0.38268343236509167 0 -0.923879532511286
    outer loop
      vertex 7.6954532248275465 -60 -21.14308396768294
      vertex 7.6954532248275465 60 -21.14308396768294
      vertex 9.508910889165737 60 -20.391925208324622
    endloop
  endfacet
  facet normal 0.4617486132350328 0 -0.8870108331782224
    outer loop
      vertex 9.508910889165737 -60 -20.391925208324622
      vertex 9.508910889165737 60 -20.391925208324622
      vertex 11.25 60 -19.48557158514987
    endloop
  endfacet
  facet normal 0 1 0
    outer loop
      vertex -1.9610042118223088 60 -22.414380707064275
      vertex 1.9610042118223088 60 -22.414380707064275
      vertex 0 60 -22.5
    endloop
  endfacet
  facet normal 0 1 0
    outer loop
      vertex -3.9070839975059326 60 -22.15817444277468
      vertex 3.9070839975059326 60 -22.15817444277468
      vertex 1.9610042118223088 60 -22.414380707064275
    endloop
  endfacet
  facet normal 0 1 0
    outer loop
      vertex -5.823428514806716 60 -21.733331091504038
      vertex 5.823428514806716 60 -21.733331091504038
      vertex 3.9070839975059326 60 -22.15817444277468
    endloop
  endfacet
  facet normal 0 1 0
    outer loop
      vertex -7.6954532248275465 60 -21.14308396768294
      vertex 7.6954532248275465 60 -21.14308396768294
      vertex 5.823428514806716 60 -21.733331091504038
    endloop
  endfacet
  facet normal 0 1 0
    outer loop
      vertex -9.508910889165737 60 -20.391925208324622
      vertex 9.508910889165737 60 -20.391925208324622
      vertex 7.6954532248275465 60 -21.14308396768294
    endloop
  endfacet
  facet normal 0 1 0
    outer loop
      vertex -11.25 60 -19.48557158514987
      vertex 11.25 60 -19.48557158514987
      vertex 9.508910889165737 60 -20.391925208324622
    endloop
  endfacet
  facet normal 0 1 0
    outer loop
      vertex -12.905469817898537 60 -18.430920996502316
      vertex 12.905469817898537 60 -18.430920996502316
      vertex 11.25 60 -19.48557158514987
    endloop
  endfacet
  facet normal 0 1 0
    outer loop
      vertex -14.462721217947133 60 -17.235999970177005
      vertex 14.462721217947133 60 -17.235999970177005
      vertex 12.905469817898537 60 -18.430920996502316
    endloop
  endfacet
  facet normal 0 1 0
    outer loop
      vertex -15.90990257669732 60 -15.90990257669732
      vertex 15.90990257669732 60 -15.90990257669732
      vertex 14.462721217947133 60 -17.235999970177005
    endloop
  endfacet
  facet normal 0 1 0
    outer loop
      vertex -17.235999970177005 60 -14.462721217947133
      vertex 17.235999970177005 60 -14.462721217947133
      vertex 15.90990257669732 60 -15.90990257669732
    endloop
  endfacet
  facet normal 0 1 0
    outer loop
      vertex -18.430920996502316 60 -12.905469817898537
      vertex 18.430920996502316 60 -12.905469817898537
      vertex 17.235999970177005 60 -14.462721217947133
    endloop
  endfacet
  facet normal 0 1 0
    outer loop
      vertex -19.48557158514987 60 -11.25
      vertex 19.48557158514987 60 -11.25
      vertex 18.430920996502316 60 -12.905469817898537
    endloop
  endfacet
  facet normal 0 1 0
    outer loop
      vertex -22.15817444277468 60 -3.9070839975059326
      vertex 0 60 -3.175
      vertex 22.15817444277468 60 -3.9070839975059326
    endloop
  endfacet
  facet normal 0 1 0
    outer loop
      vertex -20.391925208324622 60 -9.508910889165737
      vertex 20.391925208324622 60 -9.508910889165737
      vertex 19.48557158514987 60 -11.25
    endloop
  endfacet
  facet normal 0 1 0
    outer loop
      vertex -21.14308396768294 60 -7.6954532248275465
      vertex 21.14308396768294 60 -7.6954532248275465
      vertex 20.391925208324622 60 -9.508910889165737
    endloop
  endfacet
  facet normal 0 1 0
    outer loop
      vertex -21.733331091504038 60 -5.823428514806716
      vertex 21.733331091504038 60 -5.823428514806716
      vertex 21.14308396768294 60 -7.6954532248275465
    endloop
  endfacet
  facet normal 0 1 0
    outer loop
      vertex -22.15817444277468 60 -3.9070839975059326
      vertex 22.15817444277468 60 -3.9070839975059326
      vertex 21.733331091504038 60 -5.823428514806716
    endloop
  endfacet
  facet normal 0 1 0
    outer loop
      vertex 22.15817444277468 60 -3.9070839975059326
      vertex 0 60 -3.175
      vertex 0.2767194832238147 60 -3.1629181664412918
    endloop
  endfacet
  facet normal 0 1 0
    outer loop
      vertex 22.15817444277468 60 -3.9070839975059326
      vertex 0.2767194832238147 60 -3.1629181664412918
      vertex 0.5513329640925038 60 -3.12676461581376
    endloop
  endfacet
  facet normal 0 1 0
    outer loop
      vertex 22.15817444277468 60 -3.9070839975059326
      vertex 0.5513329640925038 60 -3.12676461581376
      vertex 0.8217504682005033 60 -3.066814498467792
    endloop
  endfacet
  facet normal 0 1 0
    outer loop
      vertex 22.15817444277468 60 -3.9070839975059326
      vertex 0.8217504682005033 60 -3.066814498467792
      vertex 1.085913955058998 60 -2.983524070995259
    endloop
  endfacet
  facet normal 0 1 0
    outer loop
      vertex 22.15817444277468 60 -3.9070839975059326
      vertex 1.085913955058998 60 -2.983524070995259
      vertex 1.3418129810267208 60 -2.8775272238413634
    endloop
  endfacet
  facet normal 0 1 0
    outer loop
      vertex 22.15817444277468 60 -3.9070839975059326
      vertex 1.3418129810267208 60 -2.8775272238413634
      vertex 1.5875 60 -2.7496306570155924
    endloop
  endfacet
  facet normal 0 1 0
    outer loop
      vertex 22.15817444277468 60 -3.9070839975059326
      vertex 1.5875 60 -2.7496306570155924
      vertex 1.821105185414571 60 -2.6008077406175487
    endloop
  endfacet
  facet normal 0 1 0
    outer loop
      vertex 22.15817444277468 60 -3.9070839975059326
      vertex 1.821105185414571 60 -2.6008077406175487
      vertex 2.040850660754762 60 -2.432191106902755
    endloop
  endfacet
  facet normal 0 1 0
    outer loop
      vertex 22.15817444277468 60 -3.9070839975059326
      vertex 2.040850660754762 60 -2.432191106902755
      vertex 2.2450640302672884 60 -2.2450640302672884
    endloop
  endfacet
  facet normal 0 1 0
    outer loop
      vertex 22.15817444277468 60 -3.9070839975059326
      vertex 2.2450640302672884 60 -2.2450640302672884
      vertex 2.432191106902755 60 -2.040850660754762
    endloop
  endfacet
  facet normal 0 1 0
    outer loop
      vertex 22.15817444277468 60 -3.9070839975059326
      vertex 2.432191106902755 60 -2.040850660754762
      vertex 2.6008077406175487 60 -1.821105185414571
    endloop
  endfacet
  facet normal 0 1 0
    outer loop
      vertex 22.414380707064275 60 -1.9610042118223088
      vertex 2.6008077406175487 60 -1.821105185414571
      vertex 2.7496306570155924 60 -1.5875
    endloop
  endfacet
  facet normal 0 1 0
    outer loop
      vertex 22.414380707064275 60 -1.9610042118223088
      vertex 2.7496306570155924 60 -1.5875
      vertex 2.8775272238413634 60 -1.3418129810267208
    endloop
  endfacet
  facet normal 0 1 0
    outer loop
      vertex 22.414380707064275 60 -1.9610042118223088
      vertex 2.8775272238413634 60 -1.3418129810267208
      vertex 2.983524070995259 60 -1.085913955058998
    endloop
  endfacet
  facet normal 0 1 0
    outer loop
      vertex 22.414380707064275 60 -1.9610042118223088
      vertex 2.983524070995259 60 -1.085913955058998
      vertex 3.066814498467792 60 -0.8217504682005033
    endloop
  endfacet
  facet normal 0 1 0
    outer loop
      vertex 22.414380707064275 60 -1.9610042118223088
      vertex 3.066814498467792 60 -0.8217504682005033
      vertex 3.12676461581376 60 -0.5513329640925038
    endloop
  endfacet
  facet normal 0 1 0
    outer loop
      vertex 22.414380707064275 60 -1.9610042118223088
      vertex 3.12676461581376 60 -0.5513329640925038
      vertex 3.1629181664412918 60 -0.2767194832238147
    endloop
  endfacet
  facet normal 0 1 0
    outer loop
      vertex 22.414380707064275 60 -1.9610042118223088
      vertex 3.1629181664412918 60 -0.2767194832238147
      vertex 3.175 60 0
    endloop
  endfacet
  facet normal 0.537299608346824 0 -0.8433914458128856
    outer loop
      vertex 11.25 -60 -19.48557158514987
      vertex 11.25 60 -19.48557158514987
      vertex 12.905469817898537 60 -18.430920996502316
    endloop
  endfacet
  facet normal 0.6087614290087214 0 -0.7933533402912345
    outer loop
      vertex 12.905469817898537 -60 -18.430920996502316
      vertex 12.905469817898537 60 -18.430920996502316
      vertex 14.462721217947133 60 -17.235999970177005
    endloop
  endfacet
  facet normal 0.6755902076156591 0 -0.7372773368101251
    outer loop
      vertex 14.462721217947133 -60 -17.235999970177005
      vertex 14.462721217947133 60 -17.235999970177005
      vertex 15.90990257669732 60 -15.90990257669732
    endloop
  endfacet
  facet normal 0.7372773368101251 0 -0.6755902076156591
    outer loop
      vertex 17.235999970177005 -60 -14.462721217947133
      vertex 15.90990257669732 60 -15.90990257669732
      vertex 17.235999970177005 60 -14.462721217947133
    endloop
  endfacet
  facet normal 0.7933533402912345 0 -0.6087614290087214
    outer loop
      vertex 18.430920996502316 -60 -12.905469817898537
      vertex 17.235999970177005 60 -14.462721217947133
      vertex 18.430920996502316 60 -12.905469817898537
    endloop
  endfacet
  facet normal 0.8433914458128856 0 -0.537299608346824
    outer loop
      vertex 19.48557158514987 -60 -11.25
      vertex 18.430920996502316 60 -12.905469817898537
      vertex 19.48557158514987 60 -11.25
    endloop
  endfacet
  facet normal 0.8870108331782224 0 -0.4617486132350328
    outer loop
      vertex 20.391925208324622 -60 -9.508910889165737
      vertex 19.48557158514987 60 -11.25
      vertex 20.391925208324622 60 -9.508910889165737
    endloop
  endfacet
  facet normal 0.923879532511286 0 -0.38268343236509167
    outer loop
      vertex 21.14308396768294 -60 -7.6954532248275465
      vertex 20.391925208324622 60 -9.508910889165737
      vertex 21.14308396768294 60 -7.6954532248275465
    endloop
  endfacet
  facet normal 0.953716950748227 0 -0.3007057995042727
    outer loop
      vertex 21.733331091504038 -60 -5.823428514806716
      vertex 21.14308396768294 60 -7.6954532248275465
      vertex 21.733331091504038 60 -5.823428514806716
    endloop
  endfacet
  facet normal 0.9762960071199337 0 -0.21643961393810154
    outer loop
      vertex 22.15817444277468 -60 -3.9070839975059326
      vertex 21.733331091504038 60 -5.823428514806716
      vertex 22.15817444277468 60 -3.9070839975059326
    endloop
  endfacet
  facet normal 0.9914448613738102 0 -0.13052619222005263
    outer loop
      vertex 22.414380707064275 -60 -1.9610042118223088
      vertex 22.15817444277468 60 -3.9070839975059326
      vertex 22.414380707064275 60 -1.9610042118223088
    endloop
  endfacet
  facet normal 0.9990482215818578 0 -0.04361938736533569
    outer loop
      vertex 22.5 -60 0
      vertex 22.414380707064275 60 -1.9610042118223088
      vertex 22.5 60 0
    endloop
  endfacet
  facet normal 0 1 0
    outer loop
      vertex 22.15817444277468 60 -3.9070839975059326
      vertex 2.6008077406175487 60 -1.821105185414571
      vertex 22.414380707064275 60 -1.9610042118223088
    endloop
  endfacet
  facet normal 0 1 0
    outer loop
      vertex 22.414380707064275 60 -1.9610042118223088
      vertex 3.175 60 0
      vertex 22.5 60 0
    endloop
  endfacet
  facet normal 0.04361938736533569 0 0.9990482215818578
    outer loop
      vertex 1.9610042118223088 -60 22.414380707064275
      vertex 1.9610042118223088 60 22.414380707064275
      vertex 0 60 22.5
    endloop
  endfacet
  facet normal 0.13052619222005263 0 0.9914448613738102
    outer loop
      vertex 3.9070839975059326 -60 22.15817444277468
      vertex 3.9070839975059326 60 22.15817444277468
      vertex 1.9610042118223088 60 22.414380707064275
    endloop
  endfacet
  facet normal 0.21643961393810154 0 0.9762960071199337
    outer loop
      vertex 5.823428514806716 -60 21.733331091504038
      vertex 5.823428514806716 60 21.733331091504038
      vertex 3.9070839975059326 60 22.15817444277468
    endloop
  endfacet
  facet normal 0.3007057995042727 0 0.953716950748227
    outer loop
      vertex 7.6954532248275465 -60 21.14308396768294
      vertex 7.6954532248275465 60 21.14308396768294
      vertex 5.823428514806716 60 21.733331091504038
    endloop
  endfacet
  facet normal 0.38268343236509167 0 0.923879532511286
    outer loop
      vertex 9.508910889165737 -60 20.391925208324622
      vertex 9.508910889165737 60 20.391925208324622
      vertex 7.6954532248275465 60 21.14308396768294
    endloop
  endfacet
  facet normal 0.4617486132350328 0 0.8870108331782224
    outer loop
      vertex 11.25 -60 19.48557158514987
      vertex 11.25 60 19.48557158514987
      vertex 9.508910889165737 60 20.391925208324622
    endloop
  endfacet
  facet normal 0 1 0
    outer loop
      vertex -22.15817444277468 60 3.9070839975059326
      vertex 22.15817444277468 60 3.9070839975059326
      vertex 0 60 3.175
    endloop
  endfacet
  facet normal 0 1 0
    outer loop
      vertex 22.414380707064275 60 1.9610042118223088
      vertex 1.3418129810267208 60 2.8775272238413634
      vertex 1.085913955058998 60 2.983524070995259
    endloop
  endfacet
  facet normal 0 1 0
    outer loop
      vertex 22.15817444277468 60 3.9070839975059326
      vertex 0.2767194832238147 60 3.1629181664412918
      vertex 0 60 3.175
    endloop
  endfacet
  facet normal 0 1 0
    outer loop
      vertex 22.15817444277468 60 3.9070839975059326
      vertex 0.5513329640925038 60 3.12676461581376
      vertex 0.2767194832238147 60 3.1629181664412918
    endloop
  endfacet
  facet normal 0 1 0
    outer loop
      vertex 22.15817444277468 60 3.9070839975059326
      vertex 0.8217504682005033 60 3.066814498467792
      vertex 0.5513329640925038 60 3.12676461581376
    endloop
  endfacet
  facet normal 0 1 0
    outer loop
      vertex 22.15817444277468 60 3.9070839975059326
      vertex 1.085913955058998 60 2.983524070995259
      vertex 0.8217504682005033 60 3.066814498467792
    endloop
  endfacet
  facet normal 0 1 0
    outer loop
      vertex -21.733331091504038 60 5.823428514806716
      vertex 21.733331091504038 60 5.823428514806716
      vertex 22.15817444277468 60 3.9070839975059326
    endloop
  endfacet
  facet normal 0 1 0
    outer loop
      vertex 22.5 60 0
      vertex 3.175 60 0
      vertex 3.1629181664412918 60 0.2767194832238147
    endloop
  endfacet
  facet normal 0 1 0
    outer loop
      vertex 22.5 60 0
      vertex 3.1629181664412918 60 0.2767194832238147
      vertex 3.12676461581376 60 0.5513329640925038
    endloop
  endfacet
  facet normal 0 1 0
    outer loop
      vertex 22.5 60 0
      vertex 3.12676461581376 60 0.5513329640925038
      vertex 3.066814498467792 60 0.8217504682005033
    endloop
  endfacet
  facet normal 0 1 0
    outer loop
      vertex 22.5 60 0
      vertex 3.066814498467792 60 0.8217504682005033
      vertex 2.983524070995259 60 1.085913955058998
    endloop
  endfacet
  facet normal 0 1 0
    outer loop
      vertex 22.414380707064275 60 1.9610042118223088
      vertex 2.432191106902755 60 2.040850660754762
      vertex 2.2450640302672884 60 2.2450640302672884
    endloop
  endfacet
  facet normal 0 1 0
    outer loop
      vertex 22.414380707064275 60 1.9610042118223088
      vertex 1.821105185414571 60 2.6008077406175487
      vertex 1.5875 60 2.7496306570155924
    endloop
  endfacet
  facet normal 0 1 0
    outer loop
      vertex 22.414380707064275 60 1.9610042118223088
      vertex 2.040850660754762 60 2.432191106902755
      vertex 1.821105185414571 60 2.6008077406175487
    endloop
  endfacet
  facet normal 0 1 0
    outer loop
      vertex 22.414380707064275 60 1.9610042118223088
      vertex 1.5875 60 2.7496306570155924
      vertex 1.3418129810267208 60 2.8775272238413634
    endloop
  endfacet
  facet normal 0 1 0
    outer loop
      vertex 22.414380707064275 60 1.9610042118223088
      vertex 2.2450640302672884 60 2.2450640302672884
      vertex 2.040850660754762 60 2.432191106902755
    endloop
  endfacet
  facet normal 0 1 0
    outer loop
      vertex 22.414380707064275 60 1.9610042118223088
      vertex 2.983524070995259 60 1.085913955058998
      vertex 2.8775272238413634 60 1.3418129810267208
    endloop
  endfacet
  facet normal 0 1 0
    outer loop
      vertex 22.414380707064275 60 1.9610042118223088
      vertex 2.8775272238413634 60 1.3418129810267208
      vertex 2.7496306570155924 60 1.5875
    endloop
  endfacet
  facet normal 0 1 0
    outer loop
      vertex 22.414380707064275 60 1.9610042118223088
      vertex 2.7496306570155924 60 1.5875
      vertex 2.6008077406175487 60 1.821105185414571
    endloop
  endfacet
  facet normal 0 1 0
    outer loop
      vertex 22.414380707064275 60 1.9610042118223088
      vertex 2.6008077406175487 60 1.821105185414571
      vertex 2.432191106902755 60 2.040850660754762
    endloop
  endfacet
  facet normal 0 1 0
    outer loop
      vertex -21.14308396768294 60 7.6954532248275465
      vertex 21.14308396768294 60 7.6954532248275465
      vertex 21.733331091504038 60 5.823428514806716
    endloop
  endfacet
  facet normal 0 1 0
    outer loop
      vertex -19.48557158514987 60 11.25
      vertex 19.48557158514987 60 11.25
      vertex 20.391925208324622 60 9.508910889165737
    endloop
  endfacet
  facet normal 0 1 0
    outer loop
      vertex -20.391925208324622 60 9.508910889165737
      vertex 20.391925208324622 60 9.508910889165737
      vertex 21.14308396768294 60 7.6954532248275465
    endloop
  endfacet
  facet normal 0 1 0
    outer loop
      vertex -14.462721217947133 60 17.235999970177005
      vertex 14.462721217947133 60 17.235999970177005
      vertex 15.90990257669732 60 15.90990257669732
    endloop
  endfacet
  facet normal 0 1 0
    outer loop
      vertex -1.9610042118223088 60 22.414380707064275
      vertex 0 60 22.5
      vertex 1.9610042118223088 60 22.414380707064275
    endloop
  endfacet
  facet normal 0 1 0
    outer loop
      vertex -1.9610042118223088 60 22.414380707064275
      vertex 1.9610042118223088 60 22.414380707064275
      vertex 3.9070839975059326 60 22.15817444277468
    endloop
  endfacet
  facet normal 0 1 0
    outer loop
      vertex -3.9070839975059326 60 22.15817444277468
      vertex 3.9070839975059326 60 22.15817444277468
      vertex 5.823428514806716 60 21.733331091504038
    endloop
  endfacet
  facet normal 0 1 0
    outer loop
      vertex -5.823428514806716 60 21.733331091504038
      vertex 5.823428514806716 60 21.733331091504038
      vertex 7.6954532248275465 60 21.14308396768294
    endloop
  endfacet
  facet normal 0 1 0
    outer loop
      vertex -12.905469817898537 60 18.430920996502316
      vertex 12.905469817898537 60 18.430920996502316
      vertex 14.462721217947133 60 17.235999970177005
    endloop
  endfacet
  facet normal 0 1 0
    outer loop
      vertex -11.25 60 19.48557158514987
      vertex 11.25 60 19.48557158514987
      vertex 12.905469817898537 60 18.430920996502316
    endloop
  endfacet
  facet normal 0 1 0
    outer loop
      vertex -7.6954532248275465 60 21.14308396768294
      vertex 7.6954532248275465 60 21.14308396768294
      vertex 9.508910889165737 60 20.391925208324622
    endloop
  endfacet
  facet normal 0 1 0
    outer loop
      vertex -9.508910889165737 60 20.391925208324622
      vertex 9.508910889165737 60 20.391925208324622
      vertex 11.25 60 19.48557158514987
    endloop
  endfacet
  facet normal 0 1 0
    outer loop
      vertex -18.430920996502316 60 12.905469817898537
      vertex 18.430920996502316 60 12.905469817898537
      vertex 19.48557158514987 60 11.25
    endloop
  endfacet
  facet normal 0 1 0
    outer loop
      vertex -17.235999970177005 60 14.462721217947133
      vertex 17.235999970177005 60 14.462721217947133
      vertex 18.430920996502316 60 12.905469817898537
    endloop
  endfacet
  facet normal 0 1 0
    outer loop
      vertex -15.90990257669732 60 15.90990257669732
      vertex 15.90990257669732 60 15.90990257669732
      vertex 17.235999970177005 60 14.462721217947133
    endloop
  endfacet
  facet normal 0.9990482215818578 0 0.04361938736533569
    outer loop
      vertex 22.414380707064275 -60 1.9610042118223088
      vertex 22.5 60 0
      vertex 22.414380707064275 60 1.9610042118223088
    endloop
  endfacet
  facet normal 0.9914448613738102 0 0.13052619222005263
    outer loop
      vertex 22.15817444277468 -60 3.9070839975059326
      vertex 22.414380707064275 60 1.9610042118223088
      vertex 22.15817444277468 60 3.9070839975059326
    endloop
  endfacet
  facet normal 0.9762960071199337 0 0.21643961393810154
    outer loop
      vertex 21.733331091504038 -60 5.823428514806716
      vertex 22.15817444277468 60 3.9070839975059326
      vertex 21.733331091504038 60 5.823428514806716
    endloop
  endfacet
  facet normal 0.953716950748227 0 0.3007057995042727
    outer loop
      vertex 21.14308396768294 -60 7.6954532248275465
      vertex 21.733331091504038 60 5.823428514806716
      vertex 21.14308396768294 60 7.6954532248275465
    endloop
  endfacet
  facet normal 0.923879532511286 0 0.38268343236509167
    outer loop
      vertex 20.391925208324622 -60 9.508910889165737
      vertex 21.14308396768294 60 7.6954532248275465
      vertex 20.391925208324622 60 9.508910889165737
    endloop
  endfacet
  facet normal 0.8870108331782224 0 0.4617486132350328
    outer loop
      vertex 19.48557158514987 -60 11.25
      vertex 20.391925208324622 60 9.508910889165737
      vertex 19.48557158514987 60 11.25
    endloop
  endfacet
  facet normal 0.6755902076156591 0 0.7372773368101251
    outer loop
      vertex 15.90990257669732 -60 15.90990257669732
      vertex 15.90990257669732 60 15.90990257669732
      vertex 14.462721217947133 60 17.235999970177005
    endloop
  endfacet
  facet normal 0.7372773368101251 0 0.6755902076156591
    outer loop
      vertex 15.90990257669732 -60 15.90990257669732
      vertex 17.235999970177005 60 14.462721217947133
      vertex 15.90990257669732 60 15.90990257669732
    endloop
  endfacet
  facet normal 0.537299608346824 0 0.8433914458128856
    outer loop
      vertex 12.905469817898537 -60 18.430920996502316
      vertex 12.905469817898537 60 18.430920996502316
      vertex 11.25 60 19.48557158514987
    endloop
  endfacet
  facet normal 0.6087614290087214 0 0.7933533402912345
    outer loop
      vertex 14.462721217947133 -60 17.235999970177005
      vertex 14.462721217947133 60 17.235999970177005
      vertex 12.905469817898537 60 18.430920996502316
    endloop
  endfacet
  facet normal 0.7933533402912345 0 0.6087614290087214
    outer loop
      vertex 17.235999970177005 -60 14.462721217947133
      vertex 18.430920996502316 60 12.905469817898537
      vertex 17.235999970177005 60 14.462721217947133
    endloop
  endfacet
  facet normal 0.8433914458128856 0 0.537299608346824
    outer loop
      vertex 18.430920996502316 -60 12.905469817898537
      vertex 19.48557158514987 60 11.25
      vertex 18.430920996502316 60 12.905469817898537
    endloop
  endfacet
  facet normal 0 1 0
    outer loop
      vertex 22.5 60 0
      vertex 2.983524070995259 60 1.085913955058998
      vertex 22.414380707064275 60 1.9610042118223088
    endloop
  endfacet
  facet normal 0 1 0
    outer loop
      vertex 22.414380707064275 60 1.9610042118223088
      vertex 1.085913955058998 60 2.983524070995259
      vertex 22.15817444277468 60 3.9070839975059326
    endloop
  endfacet
  facet normal 0.9238795325112866 0 0.38268343236509
    outer loop
      vertex -2.8775272238413634 60 -1.3418129810267208
      vertex -2.983524070995259 -60 -1.085913955058998
      vertex -2.8775272238413634 -60 -1.3418129810267208
    endloop
  endfacet
  facet normal 0.9537169507482267 0 0.30070579950427356
    outer loop
      vertex -2.983524070995259 -60 -1.085913955058998
      vertex -2.983524070995259 60 -1.085913955058998
      vertex -3.066814498467792 -60 -0.8217504682005033
    endloop
  endfacet
  facet normal 0.9762960071199337 0 0.21643961393810096
    outer loop
      vertex -3.066814498467792 -60 -0.8217504682005033
      vertex -3.066814498467792 60 -0.8217504682005033
      vertex -3.12676461581376 -60 -0.5513329640925038
    endloop
  endfacet
  facet normal 0.9990482215818578 0 0.04361938736533648
    outer loop
      vertex -3.1629181664412918 -60 -0.2767194832238147
      vertex -3.1629181664412918 60 -0.2767194832238147
      vertex -3.175 -60 0
    endloop
  endfacet
  facet normal 0.9914448613738103 0 0.13052619222005232
    outer loop
      vertex -3.12676461581376 -60 -0.5513329640925038
      vertex -3.12676461581376 60 -0.5513329640925038
      vertex -3.1629181664412918 -60 -0.2767194832238147
    endloop
  endfacet
  facet normal 0.46174861323503436 0 0.8870108331782215
    outer loop
      vertex -1.5875 -60 -2.7496306570155924
      vertex -1.3418129810267208 -60 -2.8775272238413634
      vertex -1.3418129810267208 60 -2.8775272238413634
    endloop
  endfacet
  facet normal 0.38268343236509 0 0.9238795325112866
    outer loop
      vertex -1.3418129810267208 -60 -2.8775272238413634
      vertex -1.085913955058998 -60 -2.983524070995259
      vertex -1.085913955058998 60 -2.983524070995259
    endloop
  endfacet
  facet normal 0.30070579950427356 0 0.9537169507482267
    outer loop
      vertex -1.085913955058998 -60 -2.983524070995259
      vertex -0.8217504682005033 -60 -3.066814498467792
      vertex -0.8217504682005033 60 -3.066814498467792
    endloop
  endfacet
  facet normal 0.21643961393810096 0 0.9762960071199337
    outer loop
      vertex -0.5513329640925038 60 -3.12676461581376
      vertex -0.8217504682005033 -60 -3.066814498467792
      vertex -0.5513329640925038 -60 -3.12676461581376
    endloop
  endfacet
  facet normal 0.13052619222005232 0 0.9914448613738103
    outer loop
      vertex -0.2767194832238147 60 -3.1629181664412918
      vertex -0.5513329640925038 -60 -3.12676461581376
      vertex -0.2767194832238147 -60 -3.1629181664412918
    endloop
  endfacet
  facet normal 0.04361938736533648 0 0.9990482215818578
    outer loop
      vertex 0 60 -3.175
      vertex -0.2767194832238147 -60 -3.1629181664412918
      vertex 0 -60 -3.175
    endloop
  endfacet
  facet normal 0.7372773368101252 0 0.6755902076156589
    outer loop
      vertex -2.432191106902755 -60 -2.040850660754762
      vertex -2.2450640302672884 -60 -2.2450640302672884
      vertex -2.2450640302672884 60 -2.2450640302672884
    endloop
  endfacet
  facet normal 0.793353340291235 0 0.6087614290087209
    outer loop
      vertex -2.432191106902755 -60 -2.040850660754762
      vertex -2.432191106902755 60 -2.040850660754762
      vertex -2.6008077406175487 -60 -1.821105185414571
    endloop
  endfacet
  facet normal 0.8433914458128856 0 0.537299608346824
    outer loop
      vertex -2.6008077406175487 60 -1.821105185414571
      vertex -2.7496306570155924 -60 -1.5875
      vertex -2.6008077406175487 -60 -1.821105185414571
    endloop
  endfacet
  facet normal 0.8870108331782215 0 0.46174861323503436
    outer loop
      vertex -2.7496306570155924 60 -1.5875
      vertex -2.8775272238413634 -60 -1.3418129810267208
      vertex -2.7496306570155924 -60 -1.5875
    endloop
  endfacet
  facet normal 0.6087614290087209 0 0.793353340291235
    outer loop
      vertex -2.040850660754762 -60 -2.432191106902755
      vertex -1.821105185414571 -60 -2.6008077406175487
      vertex -1.821105185414571 60 -2.6008077406175487
    endloop
  endfacet
  facet normal 0.6755902076156589 0 0.7372773368101252
    outer loop
      vertex -2.2450640302672884 -60 -2.2450640302672884
      vertex -2.040850660754762 -60 -2.432191106902755
      vertex -2.040850660754762 60 -2.432191106902755
    endloop
  endfacet
  facet normal 0.537299608346824 0 0.8433914458128856
    outer loop
      vertex -1.821105185414571 -60 -2.6008077406175487
      vertex -1.5875 -60 -2.7496306570155924
      vertex -1.5875 60 -2.7496306570155924
    endloop
  endfacet
  facet normal 0.9990482215818578 0 -0.04361938736533648
    outer loop
      vertex -3.175 60 0
      vertex -3.1629181664412918 -60 0.2767194832238147
      vertex -3.175 -60 0
    endloop
  endfacet
  facet normal 0.9914448613738103 0 -0.13052619222005232
    outer loop
      vertex -3.1629181664412918 60 0.2767194832238147
      vertex -3.12676461581376 -60 0.5513329640925038
      vertex -3.1629181664412918 -60 0.2767194832238147
    endloop
  endfacet
  facet normal 0.9762960071199337 0 -0.21643961393810096
    outer loop
      vertex -3.12676461581376 60 0.5513329640925038
      vertex -3.066814498467792 -60 0.8217504682005033
      vertex -3.12676461581376 -60 0.5513329640925038
    endloop
  endfacet
  facet normal 0.9537169507482267 0 -0.30070579950427356
    outer loop
      vertex -3.066814498467792 60 0.8217504682005033
      vertex -2.983524070995259 -60 1.085913955058998
      vertex -3.066814498467792 -60 0.8217504682005033
    endloop
  endfacet
  facet normal 0.9238795325112866 0 -0.38268343236509
    outer loop
      vertex -2.983524070995259 -60 1.085913955058998
      vertex -2.983524070995259 60 1.085913955058998
      vertex -2.8775272238413634 -60 1.3418129810267208
    endloop
  endfacet
  facet normal 0.8870108331782215 0 -0.46174861323503436
    outer loop
      vertex -2.8775272238413634 -60 1.3418129810267208
      vertex -2.8775272238413634 60 1.3418129810267208
      vertex -2.7496306570155924 -60 1.5875
    endloop
  endfacet
  facet normal 0.8433914458128856 0 -0.537299608346824
    outer loop
      vertex -2.7496306570155924 -60 1.5875
      vertex -2.7496306570155924 60 1.5875
      vertex -2.6008077406175487 -60 1.821105185414571
    endloop
  endfacet
  facet normal 0.793353340291235 0 -0.6087614290087209
    outer loop
      vertex -2.6008077406175487 -60 1.821105185414571
      vertex -2.6008077406175487 60 1.821105185414571
      vertex -2.432191106902755 -60 2.040850660754762
    endloop
  endfacet
  facet normal 0.7372773368101252 0 -0.6755902076156589
    outer loop
      vertex -2.432191106902755 60 2.040850660754762
      vertex -2.2450640302672884 -60 2.2450640302672884
      vertex -2.432191106902755 -60 2.040850660754762
    endloop
  endfacet
  facet normal 0.6755902076156589 0 -0.7372773368101252
    outer loop
      vertex -2.2450640302672884 -60 2.2450640302672884
      vertex -2.2450640302672884 60 2.2450640302672884
      vertex -2.040850660754762 -60 2.432191106902755
    endloop
  endfacet
  facet normal 0.6087614290087209 0 -0.793353340291235
    outer loop
      vertex -2.040850660754762 60 2.432191106902755
      vertex -1.821105185414571 -60 2.6008077406175487
      vertex -2.040850660754762 -60 2.432191106902755
    endloop
  endfacet
  facet normal 0.537299608346824 0 -0.8433914458128856
    outer loop
      vertex -1.821105185414571 60 2.6008077406175487
      vertex -1.5875 -60 2.7496306570155924
      vertex -1.821105185414571 -60 2.6008077406175487
    endloop
  endfacet
  facet normal 0.46174861323503436 0 -0.8870108331782215
    outer loop
      vertex -1.5875 60 2.7496306570155924
      vertex -1.3418129810267208 -60 2.8775272238413634
      vertex -1.5875 -60 2.7496306570155924
    endloop
  endfacet
  facet normal 0.38268343236509 0 -0.9238795325112866
    outer loop
      vertex -1.085913955058998 -60 2.983524070995259
      vertex -1.3418129810267208 -60 2.8775272238413634
      vertex -1.3418129810267208 60 2.8775272238413634
    endloop
  endfacet
  facet normal 0.30070579950427356 0 -0.9537169507482267
    outer loop
      vertex -0.8217504682005033 -60 3.066814498467792
      vertex -1.085913955058998 -60 2.983524070995259
      vertex -1.085913955058998 60 2.983524070995259
    endloop
  endfacet
  facet normal 0.21643961393810096 0 -0.9762960071199337
    outer loop
      vertex -0.5513329640925038 -60 3.12676461581376
      vertex -0.8217504682005033 -60 3.066814498467792
      vertex -0.8217504682005033 60 3.066814498467792
    endloop
  endfacet
  facet normal 0.13052619222005232 0 -0.9914448613738103
    outer loop
      vertex -0.2767194832238147 -60 3.1629181664412918
      vertex -0.5513329640925038 -60 3.12676461581376
      vertex -0.5513329640925038 60 3.12676461581376
    endloop
  endfacet
  facet normal 0.04361938736533648 0 -0.9990482215818578
    outer loop
      vertex -0.2767194832238147 -60 3.1629181664412918
      vertex -0.2767194832238147 60 3.1629181664412918
      vertex 0 -60 3.175
    endloop
  endfacet
  facet normal 0.8870108331782215 0 0.46174861323503436
    outer loop
      vertex -2.8775272238413634 60 -1.3418129810267208
      vertex -2.8775272238413634 -60 -1.3418129810267208
      vertex -2.7496306570155924 60 -1.5875
    endloop
  endfacet
  facet normal 0.9238795325112866 0 0.38268343236509
    outer loop
      vertex -2.983524070995259 -60 -1.085913955058998
      vertex -2.8775272238413634 60 -1.3418129810267208
      vertex -2.983524070995259 60 -1.085913955058998
    endloop
  endfacet
  facet normal 0.9537169507482267 0 0.30070579950427356
    outer loop
      vertex -3.066814498467792 -60 -0.8217504682005033
      vertex -2.983524070995259 60 -1.085913955058998
      vertex -3.066814498467792 60 -0.8217504682005033
    endloop
  endfacet
  facet normal 0.9990482215818578 0 0.04361938736533648
    outer loop
      vertex -3.175 -60 0
      vertex -3.1629181664412918 60 -0.2767194832238147
      vertex -3.175 60 0
    endloop
  endfacet
  facet normal 0.9762960071199337 0 0.21643961393810096
    outer loop
      vertex -3.12676461581376 -60 -0.5513329640925038
      vertex -3.066814498467792 60 -0.8217504682005033
      vertex -3.12676461581376 60 -0.5513329640925038
    endloop
  endfacet
  facet normal 0.9914448613738103 0 0.13052619222005232
    outer loop
      vertex -3.1629181664412918 -60 -0.2767194832238147
      vertex -3.12676461581376 60 -0.5513329640925038
      vertex -3.1629181664412918 60 -0.2767194832238147
    endloop
  endfacet
  facet normal 0.38268343236509 0 0.9238795325112866
    outer loop
      vertex -1.085913955058998 60 -2.983524070995259
      vertex -1.3418129810267208 60 -2.8775272238413634
      vertex -1.3418129810267208 -60 -2.8775272238413634
    endloop
  endfacet
  facet normal 0.30070579950427356 0 0.9537169507482267
    outer loop
      vertex -1.085913955058998 -60 -2.983524070995259
      vertex -0.8217504682005033 60 -3.066814498467792
      vertex -1.085913955058998 60 -2.983524070995259
    endloop
  endfacet
  facet normal 0.21643961393810096 0 0.9762960071199337
    outer loop
      vertex -0.5513329640925038 60 -3.12676461581376
      vertex -0.8217504682005033 60 -3.066814498467792
      vertex -0.8217504682005033 -60 -3.066814498467792
    endloop
  endfacet
  facet normal 0.13052619222005232 0 0.9914448613738103
    outer loop
      vertex -0.2767194832238147 60 -3.1629181664412918
      vertex -0.5513329640925038 60 -3.12676461581376
      vertex -0.5513329640925038 -60 -3.12676461581376
    endloop
  endfacet
  facet normal 0.04361938736533648 0 0.9990482215818578
    outer loop
      vertex 0 60 -3.175
      vertex -0.2767194832238147 60 -3.1629181664412918
      vertex -0.2767194832238147 -60 -3.1629181664412918
    endloop
  endfacet
  facet normal 0.6755902076156589 0 0.7372773368101252
    outer loop
      vertex -2.2450640302672884 -60 -2.2450640302672884
      vertex -2.040850660754762 60 -2.432191106902755
      vertex -2.2450640302672884 60 -2.2450640302672884
    endloop
  endfacet
  facet normal 0.793353340291235 0 0.6087614290087209
    outer loop
      vertex -2.6008077406175487 60 -1.821105185414571
      vertex -2.6008077406175487 -60 -1.821105185414571
      vertex -2.432191106902755 60 -2.040850660754762
    endloop
  endfacet
  facet normal 0.8433914458128856 0 0.537299608346824
    outer loop
      vertex -2.7496306570155924 60 -1.5875
      vertex -2.7496306570155924 -60 -1.5875
      vertex -2.6008077406175487 60 -1.821105185414571
    endloop
  endfacet
  facet normal 0.7372773368101252 0 0.6755902076156589
    outer loop
      vertex -2.432191106902755 -60 -2.040850660754762
      vertex -2.2450640302672884 60 -2.2450640302672884
      vertex -2.432191106902755 60 -2.040850660754762
    endloop
  endfacet
  facet normal 0.6087614290087209 0 0.793353340291235
    outer loop
      vertex -2.040850660754762 -60 -2.432191106902755
      vertex -1.821105185414571 60 -2.6008077406175487
      vertex -2.040850660754762 60 -2.432191106902755
    endloop
  endfacet
  facet normal 0.537299608346824 0 0.8433914458128856
    outer loop
      vertex -1.821105185414571 -60 -2.6008077406175487
      vertex -1.5875 60 -2.7496306570155924
      vertex -1.821105185414571 60 -2.6008077406175487
    endloop
  endfacet
  facet normal 0.46174861323503436 0 0.8870108331782215
    outer loop
      vertex -1.5875 -60 -2.7496306570155924
      vertex -1.3418129810267208 60 -2.8775272238413634
      vertex -1.5875 60 -2.7496306570155924
    endloop
  endfacet
  facet normal 0.9990482215818578 0 -0.04361938736533648
    outer loop
      vertex -3.1629181664412918 60 0.2767194832238147
      vertex -3.1629181664412918 -60 0.2767194832238147
      vertex -3.175 60 0
    endloop
  endfacet
  facet normal 0.9914448613738103 0 -0.13052619222005232
    outer loop
      vertex -3.12676461581376 60 0.5513329640925038
      vertex -3.12676461581376 -60 0.5513329640925038
      vertex -3.1629181664412918 60 0.2767194832238147
    endloop
  endfacet
  facet normal 0.9762960071199337 0 -0.21643961393810096
    outer loop
      vertex -3.066814498467792 60 0.8217504682005033
      vertex -3.066814498467792 -60 0.8217504682005033
      vertex -3.12676461581376 60 0.5513329640925038
    endloop
  endfacet
  facet normal 0.9537169507482267 0 -0.30070579950427356
    outer loop
      vertex -2.983524070995259 -60 1.085913955058998
      vertex -3.066814498467792 60 0.8217504682005033
      vertex -2.983524070995259 60 1.085913955058998
    endloop
  endfacet
  facet normal 0.9238795325112866 0 -0.38268343236509
    outer loop
      vertex -2.8775272238413634 -60 1.3418129810267208
      vertex -2.983524070995259 60 1.085913955058998
      vertex -2.8775272238413634 60 1.3418129810267208
    endloop
  endfacet
  facet normal 0.8870108331782215 0 -0.46174861323503436
    outer loop
      vertex -2.7496306570155924 -60 1.5875
      vertex -2.8775272238413634 60 1.3418129810267208
      vertex -2.7496306570155924 60 1.5875
    endloop
  endfacet
  facet normal 0.8433914458128856 0 -0.537299608346824
    outer loop
      vertex -2.6008077406175487 -60 1.821105185414571
      vertex -2.7496306570155924 60 1.5875
      vertex -2.6008077406175487 60 1.821105185414571
    endloop
  endfacet
  facet normal 0.793353340291235 0 -0.6087614290087209
    outer loop
      vertex -2.432191106902755 60 2.040850660754762
      vertex -2.432191106902755 -60 2.040850660754762
      vertex -2.6008077406175487 60 1.821105185414571
    endloop
  endfacet
  facet normal 0.7372773368101252 0 -0.6755902076156589
    outer loop
      vertex -2.2450640302672884 60 2.2450640302672884
      vertex -2.2450640302672884 -60 2.2450640302672884
      vertex -2.432191106902755 60 2.040850660754762
    endloop
  endfacet
  facet normal 0.6755902076156589 0 -0.7372773368101252
    outer loop
      vertex -2.2450640302672884 60 2.2450640302672884
      vertex -2.040850660754762 60 2.432191106902755
      vertex -2.040850660754762 -60 2.432191106902755
    endloop
  endfacet
  facet normal 0.6087614290087209 0 -0.793353340291235
    outer loop
      vertex -2.040850660754762 60 2.432191106902755
      vertex -1.821105185414571 60 2.6008077406175487
      vertex -1.821105185414571 -60 2.6008077406175487
    endloop
  endfacet
  facet normal 0.537299608346824 0 -0.8433914458128856
    outer loop
      vertex -1.821105185414571 60 2.6008077406175487
      vertex -1.5875 60 2.7496306570155924
      vertex -1.5875 -60 2.7496306570155924
    endloop
  endfacet
  facet normal 0.46174861323503436 0 -0.8870108331782215
    outer loop
      vertex -1.5875 60 2.7496306570155924
      vertex -1.3418129810267208 60 2.8775272238413634
      vertex -1.3418129810267208 -60 2.8775272238413634
    endloop
  endfacet
  facet normal 0.38268343236509 0 -0.9238795325112866
    outer loop
      vertex -1.085913955058998 -60 2.983524070995259
      vertex -1.3418129810267208 60 2.8775272238413634
      vertex -1.085913955058998 60 2.983524070995259
    endloop
  endfacet
  facet normal 0.30070579950427356 0 -0.9537169507482267
    outer loop
      vertex -1.085913955058998 60 2.983524070995259
      vertex -0.8217504682005033 60 3.066814498467792
      vertex -0.8217504682005033 -60 3.066814498467792
    endloop
  endfacet
  facet normal 0.21643961393810096 0 -0.9762960071199337
    outer loop
      vertex -0.5513329640925038 -60 3.12676461581376
      vertex -0.8217504682005033 60 3.066814498467792
      vertex -0.5513329640925038 60 3.12676461581376
    endloop
  endfacet
  facet normal 0.13052619222005232 0 -0.9914448613738103
    outer loop
      vertex -0.2767194832238147 -60 3.1629181664412918
      vertex -0.5513329640925038 60 3.12676461581376
      vertex -0.2767194832238147 60 3.1629181664412918
    endloop
  endfacet
  facet normal 0.04361938736533648 0 -0.9990482215818578
    outer loop
      vertex 0 -60 3.175
      vertex -0.2767194832238147 60 3.1629181664412918
      vertex 0 60 3.175
    endloop
  endfacet
  facet normal -0.04361938736533648 0 0.9990482215818578
    outer loop
      vertex 0.2767194832238147 60 -3.1629181664412918
      vertex 0 -60 -3.175
      vertex 0.2767194832238147 -60 -3.1629181664412918
    endloop
  endfacet
  facet normal -0.13052619222005232 0 0.9914448613738103
    outer loop
      vertex 0.5513329640925038 60 -3.12676461581376
      vertex 0.2767194832238147 -60 -3.1629181664412918
      vertex 0.5513329640925038 -60 -3.12676461581376
    endloop
  endfacet
  facet normal -0.21643961393810096 0 0.9762960071199337
    outer loop
      vertex 0.8217504682005033 60 -3.066814498467792
      vertex 0.5513329640925038 -60 -3.12676461581376
      vertex 0.8217504682005033 -60 -3.066814498467792
    endloop
  endfacet
  facet normal -0.30070579950427356 0 0.9537169507482267
    outer loop
      vertex 0.8217504682005033 -60 -3.066814498467792
      vertex 1.085913955058998 -60 -2.983524070995259
      vertex 1.085913955058998 60 -2.983524070995259
    endloop
  endfacet
  facet normal -0.38268343236509 0 0.9238795325112866
    outer loop
      vertex 1.085913955058998 -60 -2.983524070995259
      vertex 1.3418129810267208 -60 -2.8775272238413634
      vertex 1.3418129810267208 60 -2.8775272238413634
    endloop
  endfacet
  facet normal -0.46174861323503436 0 0.8870108331782215
    outer loop
      vertex 1.3418129810267208 -60 -2.8775272238413634
      vertex 1.5875 -60 -2.7496306570155924
      vertex 1.5875 60 -2.7496306570155924
    endloop
  endfacet
  facet normal -0.537299608346824 0 0.8433914458128856
    outer loop
      vertex 1.5875 -60 -2.7496306570155924
      vertex 1.821105185414571 -60 -2.6008077406175487
      vertex 1.821105185414571 60 -2.6008077406175487
    endloop
  endfacet
  facet normal -0.6087614290087209 0 0.793353340291235
    outer loop
      vertex 1.821105185414571 -60 -2.6008077406175487
      vertex 2.040850660754762 -60 -2.432191106902755
      vertex 2.040850660754762 60 -2.432191106902755
    endloop
  endfacet
  facet normal -0.6755902076156589 0 0.7372773368101252
    outer loop
      vertex 2.040850660754762 -60 -2.432191106902755
      vertex 2.2450640302672884 -60 -2.2450640302672884
      vertex 2.2450640302672884 60 -2.2450640302672884
    endloop
  endfacet
  facet normal -0.7372773368101252 0 0.6755902076156589
    outer loop
      vertex 2.432191106902755 -60 -2.040850660754762
      vertex 2.432191106902755 60 -2.040850660754762
      vertex 2.2450640302672884 -60 -2.2450640302672884
    endloop
  endfacet
  facet normal -0.793353340291235 0 0.6087614290087209
    outer loop
      vertex 2.6008077406175487 60 -1.821105185414571
      vertex 2.432191106902755 -60 -2.040850660754762
      vertex 2.6008077406175487 -60 -1.821105185414571
    endloop
  endfacet
  facet normal -0.8433914458128856 0 0.537299608346824
    outer loop
      vertex 2.7496306570155924 60 -1.5875
      vertex 2.6008077406175487 -60 -1.821105185414571
      vertex 2.7496306570155924 -60 -1.5875
    endloop
  endfacet
  facet normal -0.8870108331782215 0 0.46174861323503436
    outer loop
      vertex 2.8775272238413634 60 -1.3418129810267208
      vertex 2.7496306570155924 -60 -1.5875
      vertex 2.8775272238413634 -60 -1.3418129810267208
    endloop
  endfacet
  facet normal -0.9238795325112866 0 0.38268343236509
    outer loop
      vertex 2.983524070995259 -60 -1.085913955058998
      vertex 2.983524070995259 60 -1.085913955058998
      vertex 2.8775272238413634 -60 -1.3418129810267208
    endloop
  endfacet
  facet normal -0.9537169507482267 0 0.30070579950427356
    outer loop
      vertex 3.066814498467792 -60 -0.8217504682005033
      vertex 3.066814498467792 60 -0.8217504682005033
      vertex 2.983524070995259 -60 -1.085913955058998
    endloop
  endfacet
  facet normal -0.9762960071199337 0 0.21643961393810096
    outer loop
      vertex 3.12676461581376 -60 -0.5513329640925038
      vertex 3.12676461581376 60 -0.5513329640925038
      vertex 3.066814498467792 -60 -0.8217504682005033
    endloop
  endfacet
  facet normal -0.9914448613738103 0 0.13052619222005232
    outer loop
      vertex 3.1629181664412918 -60 -0.2767194832238147
      vertex 3.1629181664412918 60 -0.2767194832238147
      vertex 3.12676461581376 -60 -0.5513329640925038
    endloop
  endfacet
  facet normal -0.9990482215818578 0 0.04361938736533648
    outer loop
      vertex 3.175 -60 0
      vertex 3.175 60 0
      vertex 3.1629181664412918 -60 -0.2767194832238147
    endloop
  endfacet
  facet normal -0.537299608346824 0 -0.8433914458128856
    outer loop
      vertex 1.5875 60 2.7496306570155924
      vertex 1.821105185414571 -60 2.6008077406175487
      vertex 1.5875 -60 2.7496306570155924
    endloop
  endfacet
  facet normal -0.6755902076156589 0 -0.7372773368101252
    outer loop
      vertex 2.040850660754762 60 2.432191106902755
      vertex 2.2450640302672884 -60 2.2450640302672884
      vertex 2.040850660754762 -60 2.432191106902755
    endloop
  endfacet
  facet normal -0.6087614290087209 0 -0.793353340291235
    outer loop
      vertex 1.821105185414571 60 2.6008077406175487
      vertex 2.040850660754762 -60 2.432191106902755
      vertex 1.821105185414571 -60 2.6008077406175487
    endloop
  endfacet
  facet normal -0.8870108331782215 0 -0.46174861323503436
    outer loop
      vertex 2.7496306570155924 -60 1.5875
      vertex 2.7496306570155924 60 1.5875
      vertex 2.8775272238413634 -60 1.3418129810267208
    endloop
  endfacet
  facet normal -0.8433914458128856 0 -0.537299608346824
    outer loop
      vertex 2.6008077406175487 -60 1.821105185414571
      vertex 2.6008077406175487 60 1.821105185414571
      vertex 2.7496306570155924 -60 1.5875
    endloop
  endfacet
  facet normal -0.793353340291235 0 -0.6087614290087209
    outer loop
      vertex 2.432191106902755 60 2.040850660754762
      vertex 2.6008077406175487 -60 1.821105185414571
      vertex 2.432191106902755 -60 2.040850660754762
    endloop
  endfacet
  facet normal -0.7372773368101252 0 -0.6755902076156589
    outer loop
      vertex 2.2450640302672884 60 2.2450640302672884
      vertex 2.432191106902755 -60 2.040850660754762
      vertex 2.2450640302672884 -60 2.2450640302672884
    endloop
  endfacet
  facet normal -0.04361938736533648 0 -0.9990482215818578
    outer loop
      vertex 0 -60 3.175
      vertex 0 60 3.175
      vertex 0.2767194832238147 -60 3.1629181664412918
    endloop
  endfacet
  facet normal -0.13052619222005232 0 -0.9914448613738103
    outer loop
      vertex 0.5513329640925038 -60 3.12676461581376
      vertex 0.2767194832238147 -60 3.1629181664412918
      vertex 0.2767194832238147 60 3.1629181664412918
    endloop
  endfacet
  facet normal -0.21643961393810096 0 -0.9762960071199337
    outer loop
      vertex 0.8217504682005033 -60 3.066814498467792
      vertex 0.5513329640925038 -60 3.12676461581376
      vertex 0.5513329640925038 60 3.12676461581376
    endloop
  endfacet
  facet normal -0.30070579950427356 0 -0.9537169507482267
    outer loop
      vertex 1.085913955058998 -60 2.983524070995259
      vertex 0.8217504682005033 -60 3.066814498467792
      vertex 0.8217504682005033 60 3.066814498467792
    endloop
  endfacet
  facet normal -0.38268343236509 0 -0.9238795325112866
    outer loop
      vertex 1.3418129810267208 -60 2.8775272238413634
      vertex 1.085913955058998 -60 2.983524070995259
      vertex 1.085913955058998 60 2.983524070995259
    endloop
  endfacet
  facet normal -0.46174861323503436 0 -0.8870108331782215
    outer loop
      vertex 1.3418129810267208 60 2.8775272238413634
      vertex 1.5875 -60 2.7496306570155924
      vertex 1.3418129810267208 -60 2.8775272238413634
    endloop
  endfacet
  facet normal -0.9914448613738103 0 -0.13052619222005232
    outer loop
      vertex 3.12676461581376 60 0.5513329640925038
      vertex 3.1629181664412918 -60 0.2767194832238147
      vertex 3.12676461581376 -60 0.5513329640925038
    endloop
  endfacet
  facet normal -0.9990482215818578 0 -0.04361938736533648
    outer loop
      vertex 3.1629181664412918 60 0.2767194832238147
      vertex 3.175 -60 0
      vertex 3.1629181664412918 -60 0.2767194832238147
    endloop
  endfacet
  facet normal -0.9762960071199337 0 -0.21643961393810096
    outer loop
      vertex 3.066814498467792 60 0.8217504682005033
      vertex 3.12676461581376 -60 0.5513329640925038
      vertex 3.066814498467792 -60 0.8217504682005033
    endloop
  endfacet
  facet normal -0.9537169507482267 0 -0.30070579950427356
    outer loop
      vertex 2.983524070995259 -60 1.085913955058998
      vertex 2.983524070995259 60 1.085913955058998
      vertex 3.066814498467792 -60 0.8217504682005033
    endloop
  endfacet
  facet normal -0.9238795325112866 0 -0.38268343236509
    outer loop
      vertex 2.8775272238413634 -60 1.3418129810267208
      vertex 2.8775272238413634 60 1.3418129810267208
      vertex 2.983524070995259 -60 1.085913955058998
    endloop
  endfacet
  facet normal -0.04361938736533648 0 0.9990482215818578
    outer loop
      vertex 0.2767194832238147 60 -3.1629181664412918
      vertex 0 60 -3.175
      vertex 0 -60 -3.175
    endloop
  endfacet
  facet normal -0.13052619222005232 0 0.9914448613738103
    outer loop
      vertex 0.5513329640925038 60 -3.12676461581376
      vertex 0.2767194832238147 60 -3.1629181664412918
      vertex 0.2767194832238147 -60 -3.1629181664412918
    endloop
  endfacet
  facet normal -0.21643961393810096 0 0.9762960071199337
    outer loop
      vertex 0.8217504682005033 60 -3.066814498467792
      vertex 0.5513329640925038 60 -3.12676461581376
      vertex 0.5513329640925038 -60 -3.12676461581376
    endloop
  endfacet
  facet normal -0.30070579950427356 0 0.9537169507482267
    outer loop
      vertex 1.085913955058998 60 -2.983524070995259
      vertex 0.8217504682005033 60 -3.066814498467792
      vertex 0.8217504682005033 -60 -3.066814498467792
    endloop
  endfacet
  facet normal -0.38268343236509 0 0.9238795325112866
    outer loop
      vertex 1.085913955058998 -60 -2.983524070995259
      vertex 1.3418129810267208 60 -2.8775272238413634
      vertex 1.085913955058998 60 -2.983524070995259
    endloop
  endfacet
  facet normal -0.46174861323503436 0 0.8870108331782215
    outer loop
      vertex 1.3418129810267208 -60 -2.8775272238413634
      vertex 1.5875 60 -2.7496306570155924
      vertex 1.3418129810267208 60 -2.8775272238413634
    endloop
  endfacet
  facet normal -0.537299608346824 0 0.8433914458128856
    outer loop
      vertex 1.5875 -60 -2.7496306570155924
      vertex 1.821105185414571 60 -2.6008077406175487
      vertex 1.5875 60 -2.7496306570155924
    endloop
  endfacet
  facet normal -0.6087614290087209 0 0.793353340291235
    outer loop
      vertex 1.821105185414571 -60 -2.6008077406175487
      vertex 2.040850660754762 60 -2.432191106902755
      vertex 1.821105185414571 60 -2.6008077406175487
    endloop
  endfacet
  facet normal -0.6755902076156589 0 0.7372773368101252
    outer loop
      vertex 2.040850660754762 -60 -2.432191106902755
      vertex 2.2450640302672884 60 -2.2450640302672884
      vertex 2.040850660754762 60 -2.432191106902755
    endloop
  endfacet
  facet normal -0.7372773368101252 0 0.6755902076156589
    outer loop
      vertex 2.2450640302672884 -60 -2.2450640302672884
      vertex 2.432191106902755 60 -2.040850660754762
      vertex 2.2450640302672884 60 -2.2450640302672884
    endloop
  endfacet
  facet normal -0.793353340291235 0 0.6087614290087209
    outer loop
      vertex 2.432191106902755 -60 -2.040850660754762
      vertex 2.6008077406175487 60 -1.821105185414571
      vertex 2.432191106902755 60 -2.040850660754762
    endloop
  endfacet
  facet normal -0.8433914458128856 0 0.537299608346824
    outer loop
      vertex 2.6008077406175487 60 -1.821105185414571
      vertex 2.6008077406175487 -60 -1.821105185414571
      vertex 2.7496306570155924 60 -1.5875
    endloop
  endfacet
  facet normal -0.8870108331782215 0 0.46174861323503436
    outer loop
      vertex 2.7496306570155924 60 -1.5875
      vertex 2.7496306570155924 -60 -1.5875
      vertex 2.8775272238413634 60 -1.3418129810267208
    endloop
  endfacet
  facet normal -0.9238795325112866 0 0.38268343236509
    outer loop
      vertex 2.8775272238413634 60 -1.3418129810267208
      vertex 2.8775272238413634 -60 -1.3418129810267208
      vertex 2.983524070995259 60 -1.085913955058998
    endloop
  endfacet
  facet normal -0.9537169507482267 0 0.30070579950427356
    outer loop
      vertex 2.983524070995259 -60 -1.085913955058998
      vertex 3.066814498467792 60 -0.8217504682005033
      vertex 2.983524070995259 60 -1.085913955058998
    endloop
  endfacet
  facet normal -0.9762960071199337 0 0.21643961393810096
    outer loop
      vertex 3.066814498467792 -60 -0.8217504682005033
      vertex 3.12676461581376 60 -0.5513329640925038
      vertex 3.066814498467792 60 -0.8217504682005033
    endloop
  endfacet
  facet normal -0.9914448613738103 0 0.13052619222005232
    outer loop
      vertex 3.12676461581376 -60 -0.5513329640925038
      vertex 3.1629181664412918 60 -0.2767194832238147
      vertex 3.12676461581376 60 -0.5513329640925038
    endloop
  endfacet
  facet normal -0.9990482215818578 0 0.04361938736533648
    outer loop
      vertex 3.1629181664412918 -60 -0.2767194832238147
      vertex 3.175 60 0
      vertex 3.1629181664412918 60 -0.2767194832238147
    endloop
  endfacet
  facet normal -0.46174861323503436 0 -0.8870108331782215
    outer loop
      vertex 1.3418129810267208 60 2.8775272238413634
      vertex 1.5875 60 2.7496306570155924
      vertex 1.5875 -60 2.7496306570155924
    endloop
  endfacet
  facet normal -0.537299608346824 0 -0.8433914458128856
    outer loop
      vertex 1.5875 60 2.7496306570155924
      vertex 1.821105185414571 60 2.6008077406175487
      vertex 1.821105185414571 -60 2.6008077406175487
    endloop
  endfacet
  facet normal -0.6087614290087209 0 -0.793353340291235
    outer loop
      vertex 1.821105185414571 60 2.6008077406175487
      vertex 2.040850660754762 60 2.432191106902755
      vertex 2.040850660754762 -60 2.432191106902755
    endloop
  endfacet
  facet normal -0.7372773368101252 0 -0.6755902076156589
    outer loop
      vertex 2.432191106902755 60 2.040850660754762
      vertex 2.432191106902755 -60 2.040850660754762
      vertex 2.2450640302672884 60 2.2450640302672884
    endloop
  endfacet
  facet normal -0.8433914458128856 0 -0.537299608346824
    outer loop
      vertex 2.7496306570155924 -60 1.5875
      vertex 2.6008077406175487 60 1.821105185414571
      vertex 2.7496306570155924 60 1.5875
    endloop
  endfacet
  facet normal -0.793353340291235 0 -0.6087614290087209
    outer loop
      vertex 2.6008077406175487 -60 1.821105185414571
      vertex 2.432191106902755 60 2.040850660754762
      vertex 2.6008077406175487 60 1.821105185414571
    endloop
  endfacet
  facet normal -0.6755902076156589 0 -0.7372773368101252
    outer loop
      vertex 2.040850660754762 60 2.432191106902755
      vertex 2.2450640302672884 60 2.2450640302672884
      vertex 2.2450640302672884 -60 2.2450640302672884
    endloop
  endfacet
  facet normal -0.04361938736533648 0 -0.9990482215818578
    outer loop
      vertex 0.2767194832238147 -60 3.1629181664412918
      vertex 0 60 3.175
      vertex 0.2767194832238147 60 3.1629181664412918
    endloop
  endfacet
  facet normal -0.13052619222005232 0 -0.9914448613738103
    outer loop
      vertex 0.5513329640925038 -60 3.12676461581376
      vertex 0.2767194832238147 60 3.1629181664412918
      vertex 0.5513329640925038 60 3.12676461581376
    endloop
  endfacet
  facet normal -0.21643961393810096 0 -0.9762960071199337
    outer loop
      vertex 0.8217504682005033 -60 3.066814498467792
      vertex 0.5513329640925038 60 3.12676461581376
      vertex 0.8217504682005033 60 3.066814498467792
    endloop
  endfacet
  facet normal -0.30070579950427356 0 -0.9537169507482267
    outer loop
      vertex 1.085913955058998 -60 2.983524070995259
      vertex 0.8217504682005033 60 3.066814498467792
      vertex 1.085913955058998 60 2.983524070995259
    endloop
  endfacet
  facet normal -0.38268343236509 0 -0.9238795325112866
    outer loop
      vertex 1.085913955058998 60 2.983524070995259
      vertex 1.3418129810267208 60 2.8775272238413634
      vertex 1.3418129810267208 -60 2.8775272238413634
    endloop
  endfacet
  facet normal -0.9914448613738103 0 -0.13052619222005232
    outer loop
      vertex 3.1629181664412918 60 0.2767194832238147
      vertex 3.1629181664412918 -60 0.2767194832238147
      vertex 3.12676461581376 60 0.5513329640925038
    endloop
  endfacet
  facet normal -0.9762960071199337 0 -0.21643961393810096
    outer loop
      vertex 3.12676461581376 60 0.5513329640925038
      vertex 3.12676461581376 -60 0.5513329640925038
      vertex 3.066814498467792 60 0.8217504682005033
    endloop
  endfacet
  facet normal -0.9990482215818578 0 -0.04361938736533648
    outer loop
      vertex 3.175 -60 0
      vertex 3.1629181664412918 60 0.2767194832238147
      vertex 3.175 60 0
    endloop
  endfacet
  facet normal -0.9537169507482267 0 -0.30070579950427356
    outer loop
      vertex 3.066814498467792 60 0.8217504682005033
      vertex 3.066814498467792 -60 0.8217504682005033
      vertex 2.983524070995259 60 1.085913955058998
    endloop
  endfacet
  facet normal -0.9238795325112866 0 -0.38268343236509
    outer loop
      vertex 2.983524070995259 -60 1.085913955058998
      vertex 2.8775272238413634 60 1.3418129810267208
      vertex 2.983524070995259 60 1.085913955058998
    endloop
  endfacet
  facet normal -0.8870108331782215 0 -0.46174861323503436
    outer loop
      vertex 2.8775272238413634 -60 1.3418129810267208
      vertex 2.7496306570155924 60 1.5875
      vertex 2.8775272238413634 60 1.3418129810267208
    endloop
  endfacet
endsolid OpenSCAD_Model
