solid OpenSCAD_Model
  facet normal 0 0 -1
    outer loop
      vertex 5 0 0
      vertex 9.795489483662804 9.279780706993117 0
      vertex 9.95 9.181346652052678 0
    endloop
  endfacet
  facet normal 0 0 -1
    outer loop
      vertex 5 0 0
      vertex 9.95 9.181346652052678 0
      vertex 10.112501650344532 9.096753647223036 0
    endloop
  endfacet
  facet normal 0 0 -1
    outer loop
      vertex 5 0 0
      vertex 10.112501650344532 9.096753647223036 0
      vertex 10.281757699016095 9.026645496349593 0
    endloop
  endfacet
  facet normal 0 0 -1
    outer loop
      vertex 5 0 0
      vertex 9.51507575950825 9.51507575950825 0
      vertex 9.650146019658267 9.391306669450145 0
    endloop
  endfacet
  facet normal 0 0 -1
    outer loop
      vertex 5 0 0
      vertex 9.391306669450145 9.650146019658267 0
      vertex 9.51507575950825 9.51507575950825 0
    endloop
  endfacet
  facet normal 0 0 -1
    outer loop
      vertex 5 0 0
      vertex 9.181346652052678 9.95 0
      vertex 9.279780706993117 9.795489483662804 0
    endloop
  endfacet
  facet normal 0 0 -1
    outer loop
      vertex 5 0 0
      vertex 9.096753647223036 10.112501650344532 0
      vertex 9.181346652052678 9.95 0
    endloop
  endfacet
  facet normal 0 0 -1
    outer loop
      vertex 5 0 0
      vertex 9.279780706993117 9.795489483662804 0
      vertex 9.391306669450145 9.650146019658267 0
    endloop
  endfacet
  facet normal 0 0 -1
    outer loop
      vertex 5 0 0
      vertex 9.650146019658267 9.391306669450145 0
      vertex 9.795489483662804 9.279780706993117 0
    endloop
  endfacet
  facet normal 0 0 -1
    outer loop
      vertex 5 0 0
      vertex 10.281757699016095 9.026645496349593 0
      vertex 10.456480005284707 8.971555764792956 0
    endloop
  endfacet
  facet normal 0 0 -1
    outer loop
      vertex 5 0 0
      vertex 10.456480005284707 8.971555764792956 0
      vertex 10.635338826899446 8.931903718674363 0
    endloop
  endfacet
  facet normal 0 0 -1
    outer loop
      vertex 5 0 0
      vertex 10.635338826899446 8.931903718674363 0
      vertex 10.816972940229919 8.907991134007334 0
    endloop
  endfacet
  facet normal 0 0 -1
    outer loop
      vertex 5 0 0
      vertex 10.816972940229919 8.907991134007334 0
      vertex 11 8.9 0
    endloop
  endfacet
  facet normal 0 0 -1
    outer loop
      vertex 5 0 0
      vertex 11 8.9 0
      vertex 11.183027059770081 8.907991134007334 0
    endloop
  endfacet
  facet normal 0 0 -1
    outer loop
      vertex 5 0 0
      vertex 11.183027059770081 8.907991134007334 0
      vertex 11.364661173100554 8.931903718674363 0
    endloop
  endfacet
  facet normal 0 0 -1
    outer loop
      vertex 5 0 0
      vertex 11.364661173100554 8.931903718674363 0
      vertex 11.543519994715293 8.971555764792956 0
    endloop
  endfacet
  facet normal 0 0 -1
    outer loop
      vertex 5 0 0
      vertex 11.543519994715293 8.971555764792956 0
      vertex 11.718242300983905 9.026645496349593 0
    endloop
  endfacet
  facet normal 0 0 -1
    outer loop
      vertex 5 0 0
      vertex 11.887498349655468 9.096753647223036 0
      vertex 11.963936628824385 9.136544896759249 0
    endloop
  endfacet
  facet normal 0 0 -1
    outer loop
      vertex 5 0 0
      vertex 11.718242300983905 9.026645496349593 0
      vertex 11.887498349655468 9.096753647223036 0
    endloop
  endfacet
  facet normal 0 0 -1
    outer loop
      vertex 5 0 0
      vertex 11.963936628824385 9.136544896759249 0
      vertex 11.964723818004131 9.136296696960926 0
    endloop
  endfacet
  facet normal 0 0 -1
    outer loop
      vertex 5 0 0
      vertex 12.305407285690308 9.060768984258175 0
      vertex 12.651377029716969 9.01522120833397 0
    endloop
  endfacet
  facet normal 0 0 -1
    outer loop
      vertex 5 0 0
      vertex 11.964723818004131 9.136296696960926 0
      vertex 12.305407285690308 9.060768984258175 0
    endloop
  endfacet
  facet normal 0 0 -1
    outer loop
      vertex 5 0 0
      vertex 12.651377029716969 9.01522120833397 0
      vertex 13 9 0
    endloop
  endfacet
  facet normal 0 0 -1
    outer loop
      vertex 5 0 0
      vertex 9.026645496349593 10.281757699016095 0
      vertex 9.096753647223036 10.112501650344532 0
    endloop
  endfacet
  facet normal 0 0 -1
    outer loop
      vertex 5 0 0
      vertex 8.971555764792956 10.456480005284707 0
      vertex 9.026645496349593 10.281757699016095 0
    endloop
  endfacet
  facet normal 0 0 -1
    outer loop
      vertex 5 0 0
      vertex 8.931903718674363 10.635338826899446 0
      vertex 8.971555764792956 10.456480005284707 0
    endloop
  endfacet
  facet normal 0 0 -1
    outer loop
      vertex 5 0 0
      vertex 8.907991134007334 10.816972940229919 0
      vertex 8.931903718674363 10.635338826899446 0
    endloop
  endfacet
  facet normal 0 0 -1
    outer loop
      vertex 9.026645496349593 11.718242300983905 0
      vertex 9.01522120833397 12.651377029716969 0
      vertex 9.060768984258175 12.305407285690308 0
    endloop
  endfacet
  facet normal 0 0 -1
    outer loop
      vertex 9.136544896759249 11.963936628824385 0
      vertex 9.096753647223036 11.887498349655468 0
      vertex 9.136296696960926 11.964723818004131 0
    endloop
  endfacet
  facet normal 0 0 -1
    outer loop
      vertex 9.026645496349593 11.718242300983905 0
      vertex 9.060768984258175 12.305407285690308 0
      vertex 9.096753647223036 11.887498349655468 0
    endloop
  endfacet
  facet normal 0 0 -1
    outer loop
      vertex 9.096753647223036 11.887498349655468 0
      vertex 9.060768984258175 12.305407285690308 0
      vertex 9.136296696960926 11.964723818004131 0
    endloop
  endfacet
  facet normal 0 0 -1
    outer loop
      vertex 9.026645496349593 11.718242300983905 0
      vertex 9 13 0
      vertex 9.01522120833397 12.651377029716969 0
    endloop
  endfacet
  facet normal -0.6087614214860658 -0.7933533460635711 0
    outer loop
      vertex 1.7860619500279427 1.1697777807712555 0
      vertex 2.1321178153157234 0.9042397812008858 0
      vertex 1.7860619500279427 1.1697777807712555 35
    endloop
  endfacet
  facet normal -0.7372773290728231 -0.6755902160594426 0
    outer loop
      vertex 1.4644660949707031 1.4644660949707031 0
      vertex 1.1697777807712555 1.7860619500279427 35
      vertex 1.1697777807712555 1.7860619500279427 0
    endloop
  endfacet
  facet normal -0.6755902160594426 -0.7372773290728231 0
    outer loop
      vertex 1.7860619500279427 1.1697777807712555 0
      vertex 1.4644660949707031 1.4644660949707031 35
      vertex 1.4644660949707031 1.4644660949707031 0
    endloop
  endfacet
  facet normal -0.7933533460635711 -0.6087614214860658 0
    outer loop
      vertex 0.9042397812008858 2.1321178153157234 0
      vertex 1.1697777807712555 1.7860619500279427 0
      vertex 0.9042397812008858 2.1321178153157234 35
    endloop
  endfacet
  facet normal -0.5372996043801358 -0.8433914483399445 0
    outer loop
      vertex 2.1321178153157234 0.9042397812008858 0
      vertex 2.5 0.669872984290123 0
      vertex 2.1321178153157234 0.9042397812008858 35
    endloop
  endfacet
  facet normal -0.4617486194440415 -0.8870108299460169 0
    outer loop
      vertex 2.5 0.669872984290123 0
      vertex 2.8869086876511574 0.4684610664844513 0
      vertex 2.5 0.669872984290123 35
    endloop
  endfacet
  facet normal -0.38268343509767255 -0.9238795313794138 0
    outer loop
      vertex 2.8869086876511574 0.4684610664844513 0
      vertex 3.289899282157421 0.3015368953347206 0
      vertex 2.8869086876511574 0.4684610664844513 35
    endloop
  endfacet
  facet normal -0.30070579561582766 -0.953716951974249 0
    outer loop
      vertex 3.289899282157421 0.3015368953347206 0
      vertex 3.7059047743678093 0.17037086933851242 0
      vertex 3.289899282157421 0.3015368953347206 35
    endloop
  endfacet
  facet normal -0.8433914483399445 -0.5372996043801358 0
    outer loop
      vertex 0.9042397812008858 2.1321178153157234 0
      vertex 0.669872984290123 2.5 35
      vertex 0.669872984290123 2.5 0
    endloop
  endfacet
  facet normal -0.8870108299460169 -0.4617486194440415 0
    outer loop
      vertex 0.669872984290123 2.5 0
      vertex 0.4684610664844513 2.8869086876511574 35
      vertex 0.4684610664844513 2.8869086876511574 0
    endloop
  endfacet
  facet normal -0.9238795313794138 -0.38268343509767255 0
    outer loop
      vertex 0.4684610664844513 2.8869086876511574 0
      vertex 0.3015368953347206 3.289899282157421 35
      vertex 0.3015368953347206 3.289899282157421 0
    endloop
  endfacet
  facet normal -0.953716951974249 -0.30070579561582766 0
    outer loop
      vertex 0.3015368953347206 3.289899282157421 0
      vertex 0.17037086933851242 3.7059047743678093 35
      vertex 0.17037086933851242 3.7059047743678093 0
    endloop
  endfacet
  facet normal -0.9762960057303499 -0.2164396202061085 0
    outer loop
      vertex 0.17037086933851242 3.7059047743678093 0
      vertex 0.07596123218536377 4.131759114563465 35
      vertex 0.07596123218536377 4.131759114563465 0
    endloop
  endfacet
  facet normal -0.9914448622992901 -0.13052618519033563 0
    outer loop
      vertex 0.07596123218536377 4.131759114563465 0
      vertex 0.019026510417461395 4.5642212852835655 35
      vertex 0.019026510417461395 4.5642212852835655 0
    endloop
  endfacet
  facet normal -0.2164396202061085 -0.9762960057303499 0
    outer loop
      vertex 3.7059047743678093 0.17037086933851242 0
      vertex 4.131759114563465 0.07596123218536377 0
      vertex 3.7059047743678093 0.17037086933851242 35
    endloop
  endfacet
  facet normal -0.13052618519033563 -0.9914448622992901 0
    outer loop
      vertex 4.131759114563465 0.07596123218536377 0
      vertex 4.5642212852835655 0.019026510417461395 0
      vertex 4.131759114563465 0.07596123218536377 35
    endloop
  endfacet
  facet normal -0.043619389272507574 -0.9990482214985889 0
    outer loop
      vertex 4.5642212852835655 0.019026510417461395 0
      vertex 5 0 0
      vertex 4.5642212852835655 0.019026510417461395 35
    endloop
  endfacet
  facet normal -0.9990482214985889 -0.043619389272507574 0
    outer loop
      vertex 0.019026510417461395 4.5642212852835655 0
      vertex 0 5 35
      vertex 0 5 0
    endloop
  endfacet
  facet normal 0 0 -1
    outer loop
      vertex 0.9042397812008858 2.1321178153157234 0
      vertex 0.669872984290123 2.5 0
      vertex 0.669872984290123 69.29999999701977 0
    endloop
  endfacet
  facet normal 0 0 -1
    outer loop
      vertex 0.9042397812008858 2.1321178153157234 0
      vertex 0.9042397812008858 69.66788218170404 0
      vertex 1.1697777807712555 1.7860619500279427 0
    endloop
  endfacet
  facet normal 0 0 -1
    outer loop
      vertex 1.4644660949707031 1.4644660949707031 0
      vertex 1.1697777807712555 1.7860619500279427 0
      vertex 1.1697777807712555 70.01393804699183 0
    endloop
  endfacet
  facet normal 0 0 -1
    outer loop
      vertex 1.7860619500279427 1.1697777807712555 0
      vertex 1.4644660949707031 1.4644660949707031 0
      vertex 1.4644660949707031 70.33553390949965 0
    endloop
  endfacet
  facet normal 0 0 -1
    outer loop
      vertex 1.7860619500279427 1.1697777807712555 0
      vertex 1.7860619500279427 70.63022221624851 0
      vertex 2.1321178153157234 0.9042397812008858 0
    endloop
  endfacet
  facet normal 0 0 -1
    outer loop
      vertex 2.5 0.669872984290123 0
      vertex 2.5 71.13012702018023 0
      vertex 2.8869086876511574 0.4684610664844513 0
    endloop
  endfacet
  facet normal 0 0 -1
    outer loop
      vertex 2.1321178153157234 0.9042397812008858 0
      vertex 2.1321178153157234 70.89576022326946 0
      vertex 2.5 0.669872984290123 0
    endloop
  endfacet
  facet normal 0 0 -1
    outer loop
      vertex 2.8869086876511574 0.4684610664844513 0
      vertex 2.8869086876511574 71.3315389379859 0
      vertex 3.289899282157421 0.3015368953347206 0
    endloop
  endfacet
  facet normal 0 0 -1
    outer loop
      vertex 3.289899282157421 0.3015368953347206 0
      vertex 3.289899282157421 71.49846310168505 0
      vertex 3.7059047743678093 0.17037086933851242 0
    endloop
  endfacet
  facet normal 0 0 -1
    outer loop
      vertex 0.4684610664844513 2.8869086876511574 0
      vertex 0.3015368953347206 3.289899282157421 0
      vertex 0.3015368953347206 68.51010071486235 0
    endloop
  endfacet
  facet normal 0 0 -1
    outer loop
      vertex 0.3015368953347206 3.289899282157421 0
      vertex 0.17037086933851242 3.7059047743678093 0
      vertex 0.17037086933851242 68.09409522265196 0
    endloop
  endfacet
  facet normal 0 0 -1
    outer loop
      vertex 0.17037086933851242 3.7059047743678093 0
      vertex 0.07596123218536377 4.131759114563465 0
      vertex 0.07596123218536377 67.66824088990688 0
    endloop
  endfacet
  facet normal 0 0 -1
    outer loop
      vertex 0.669872984290123 2.5 0
      vertex 0.4684610664844513 2.8869086876511574 0
      vertex 0.4684610664844513 68.91309130936861 0
    endloop
  endfacet
  facet normal 0 0 -1
    outer loop
      vertex 0.07596123218536377 4.131759114563465 0
      vertex 0.019026510417461395 4.5642212852835655 0
      vertex 0.019026510417461395 67.2357787117362 0
    endloop
  endfacet
  facet normal 0 0 -1
    outer loop
      vertex 0.019026510417461395 4.5642212852835655 0
      vertex 0 5 0
      vertex 0 66.79999999701977 0
    endloop
  endfacet
  facet normal 0 0 -1
    outer loop
      vertex 3.7059047743678093 0.17037086933851242 0
      vertex 3.7059047743678093 71.62962913513184 0
      vertex 4.131759114563465 0.07596123218536377 0
    endloop
  endfacet
  facet normal 0 0 -1
    outer loop
      vertex 4.131759114563465 0.07596123218536377 0
      vertex 4.131759114563465 71.7240387648344 0
      vertex 4.5642212852835655 0.019026510417461395 0
    endloop
  endfacet
  facet normal 0 0 -1
    outer loop
      vertex 4.5642212852835655 0.019026510417461395 0
      vertex 4.5642212852835655 71.78097349405289 0
      vertex 5 0 0
    endloop
  endfacet
  facet normal 0 0 -1
    outer loop
      vertex 5 0 0
      vertex 5 71.79999999701977 0
      vertex 8.907991134007334 10.816972940229919 0
    endloop
  endfacet
  facet normal 0 0 -1
    outer loop
      vertex 5 71.79999999701977 0
      vertex 8.9 11 0
      vertex 8.907991134007334 10.816972940229919 0
    endloop
  endfacet
  facet normal 0 0 -1
    outer loop
      vertex 5 71.79999999701977 0
      vertex 8.907991134007334 11.183027059770081 0
      vertex 8.9 11 0
    endloop
  endfacet
  facet normal 0 0 -1
    outer loop
      vertex 5 71.79999999701977 0
      vertex 8.931903718674363 11.364661173100554 0
      vertex 8.907991134007334 11.183027059770081 0
    endloop
  endfacet
  facet normal 0 0 -1
    outer loop
      vertex 5 71.79999999701977 0
      vertex 8.971555764792956 11.543519994715293 0
      vertex 8.931903718674363 11.364661173100554 0
    endloop
  endfacet
  facet normal 0 0 -1
    outer loop
      vertex 5 71.79999999701977 0
      vertex 9.026645496349593 11.718242300983905 0
      vertex 8.971555764792956 11.543519994715293 0
    endloop
  endfacet
  facet normal 0 0 -1
    outer loop
      vertex 5 71.79999999701977 0
      vertex 9 13 0
      vertex 9.026645496349593 11.718242300983905 0
    endloop
  endfacet
  facet normal -1 0 0
    outer loop
      vertex 0 5 0
      vertex 0 26.9 22
      vertex 0 44.9 22
    endloop
  endfacet
  facet normal 0 0 -1
    outer loop
      vertex 5 0 0
      vertex 13 9 0
      vertex 108.79999999701977 9 0
    endloop
  endfacet
  facet normal 0 -1 0
    outer loop
      vertex 5 0 0
      vertex 116.79999999701977 0 0
      vertex 15.36 0 22
    endloop
  endfacet
  facet normal 0 -1 0
    outer loop
      vertex 116.79999999701977 0 0
      vertex 33.36 0 22
      vertex 15.36 0 22
    endloop
  endfacet
  facet normal 0 -1 0
    outer loop
      vertex 5 0 0
      vertex 15.36 0 22
      vertex 15.36 0 35
    endloop
  endfacet
  facet normal -0.7372773290728231 -0.6755902160594426 0
    outer loop
      vertex 1.4644660949707031 1.4644660949707031 0
      vertex 1.4644660949707031 1.4644660949707031 35
      vertex 1.1697777807712555 1.7860619500279427 35
    endloop
  endfacet
  facet normal -0.6755902160594426 -0.7372773290728231 0
    outer loop
      vertex 1.7860619500279427 1.1697777807712555 0
      vertex 1.7860619500279427 1.1697777807712555 35
      vertex 1.4644660949707031 1.4644660949707031 35
    endloop
  endfacet
  facet normal -0.7933533460635711 -0.6087614214860658 0
    outer loop
      vertex 1.1697777807712555 1.7860619500279427 0
      vertex 1.1697777807712555 1.7860619500279427 35
      vertex 0.9042397812008858 2.1321178153157234 35
    endloop
  endfacet
  facet normal -0.4617486194440415 -0.8870108299460169 0
    outer loop
      vertex 2.8869086876511574 0.4684610664844513 0
      vertex 2.8869086876511574 0.4684610664844513 35
      vertex 2.5 0.669872984290123 35
    endloop
  endfacet
  facet normal -0.5372996043801358 -0.8433914483399445 0
    outer loop
      vertex 2.5 0.669872984290123 0
      vertex 2.5 0.669872984290123 35
      vertex 2.1321178153157234 0.9042397812008858 35
    endloop
  endfacet
  facet normal -0.6087614214860658 -0.7933533460635711 0
    outer loop
      vertex 2.1321178153157234 0.9042397812008858 0
      vertex 2.1321178153157234 0.9042397812008858 35
      vertex 1.7860619500279427 1.1697777807712555 35
    endloop
  endfacet
  facet normal -0.38268343509767255 -0.9238795313794138 0
    outer loop
      vertex 3.289899282157421 0.3015368953347206 0
      vertex 3.289899282157421 0.3015368953347206 35
      vertex 2.8869086876511574 0.4684610664844513 35
    endloop
  endfacet
  facet normal -0.30070579561582766 -0.953716951974249 0
    outer loop
      vertex 3.7059047743678093 0.17037086933851242 0
      vertex 3.7059047743678093 0.17037086933851242 35
      vertex 3.289899282157421 0.3015368953347206 35
    endloop
  endfacet
  facet normal -0.8433914483399445 -0.5372996043801358 0
    outer loop
      vertex 0.9042397812008858 2.1321178153157234 0
      vertex 0.9042397812008858 2.1321178153157234 35
      vertex 0.669872984290123 2.5 35
    endloop
  endfacet
  facet normal -0.8870108299460169 -0.4617486194440415 0
    outer loop
      vertex 0.669872984290123 2.5 0
      vertex 0.669872984290123 2.5 35
      vertex 0.4684610664844513 2.8869086876511574 35
    endloop
  endfacet
  facet normal -0.9238795313794138 -0.38268343509767255 0
    outer loop
      vertex 0.4684610664844513 2.8869086876511574 0
      vertex 0.4684610664844513 2.8869086876511574 35
      vertex 0.3015368953347206 3.289899282157421 35
    endloop
  endfacet
  facet normal -0.953716951974249 -0.30070579561582766 0
    outer loop
      vertex 0.3015368953347206 3.289899282157421 0
      vertex 0.3015368953347206 3.289899282157421 35
      vertex 0.17037086933851242 3.7059047743678093 35
    endloop
  endfacet
  facet normal -0.9762960057303499 -0.2164396202061085 0
    outer loop
      vertex 0.17037086933851242 3.7059047743678093 0
      vertex 0.17037086933851242 3.7059047743678093 35
      vertex 0.07596123218536377 4.131759114563465 35
    endloop
  endfacet
  facet normal -0.9914448622992901 -0.13052618519033563 0
    outer loop
      vertex 0.07596123218536377 4.131759114563465 0
      vertex 0.07596123218536377 4.131759114563465 35
      vertex 0.019026510417461395 4.5642212852835655 35
    endloop
  endfacet
  facet normal -0.2164396202061085 -0.9762960057303499 0
    outer loop
      vertex 4.131759114563465 0.07596123218536377 0
      vertex 4.131759114563465 0.07596123218536377 35
      vertex 3.7059047743678093 0.17037086933851242 35
    endloop
  endfacet
  facet normal -0.13052618519033563 -0.9914448622992901 0
    outer loop
      vertex 4.5642212852835655 0.019026510417461395 0
      vertex 4.5642212852835655 0.019026510417461395 35
      vertex 4.131759114563465 0.07596123218536377 35
    endloop
  endfacet
  facet normal -0.043619389272507574 -0.9990482214985889 0
    outer loop
      vertex 5 0 0
      vertex 5 0 35
      vertex 4.5642212852835655 0.019026510417461395 35
    endloop
  endfacet
  facet normal -0.9990482214985889 -0.043619389272507574 0
    outer loop
      vertex 0.019026510417461395 4.5642212852835655 0
      vertex 0.019026510417461395 4.5642212852835655 35
      vertex 0 5 35
    endloop
  endfacet
  facet normal 0 -1 0
    outer loop
      vertex 5 0 0
      vertex 15.36 0 35
      vertex 5 0 35
    endloop
  endfacet
  facet normal -1 0 0
    outer loop
      vertex 0 5 0
      vertex 0 5 35
      vertex 0 26.9 22
    endloop
  endfacet
  facet normal 0 0 1
    outer loop
      vertex 3.289899282157421 0.3015368953347206 35
      vertex 3.7059047743678093 0.17037086933851242 35
      vertex 3.580922135710716 5.373939567804337 35
    endloop
  endfacet
  facet normal 0 0 1
    outer loop
      vertex 3.7059047743678093 0.17037086933851242 35
      vertex 3.8019237905740737 4.9 35
      vertex 3.6810766398906707 5.132145212590695 35
    endloop
  endfacet
  facet normal 0 0 1
    outer loop
      vertex 3.7059047743678093 0.17037086933851242 35
      vertex 3.6810766398906707 5.132145212590695 35
      vertex 3.580922135710716 5.373939567804337 35
    endloop
  endfacet
  facet normal 0 0 1
    outer loop
      vertex 3.289899282157421 0.3015368953347206 35
      vertex 3.580922135710716 5.373939567804337 35
      vertex 3.5022225245833396 5.623542861640454 35
    endloop
  endfacet
  facet normal 0 0 1
    outer loop
      vertex 3.289899282157421 0.3015368953347206 35
      vertex 3.5022225245833396 5.623542861640454 35
      vertex 3.4455767437815665 5.879055464267731 35
    endloop
  endfacet
  facet normal 0 0 1
    outer loop
      vertex 3.289899282157421 0.3015368953347206 35
      vertex 3.4455767437815665 5.879055464267731 35
      vertex 3.4114159062504767 6.138532774150372 35
    endloop
  endfacet
  facet normal 0 0 1
    outer loop
      vertex 3.289899282157421 0.3015368953347206 35
      vertex 3.4114159062504767 6.138532774150372 35
      vertex 3.4 6.4 35
    endloop
  endfacet
  facet normal 0 0 1
    outer loop
      vertex 3.7059047743678093 0.17037086933851242 35
      vertex 4.131759114563465 0.07596123218536377 35
      vertex 4.101866671442986 4.47163716852665 35
    endloop
  endfacet
  facet normal 0 0 1
    outer loop
      vertex 4.131759114563465 0.07596123218536377 35
      vertex 4.5642212852835655 0.019026510417461395 35
      vertex 4.47163716852665 4.101866671442986 35
    endloop
  endfacet
  facet normal 0 0 1
    outer loop
      vertex 4.5642212852835655 0.019026510417461395 35
      vertex 5 0 35
      vertex 4.9 3.8019237905740737 35
    endloop
  endfacet
  facet normal 0 0 1
    outer loop
      vertex 4.5642212852835655 0.019026510417461395 35
      vertex 4.9 3.8019237905740737 35
      vertex 4.679270693659783 3.942543865740299 35
    endloop
  endfacet
  facet normal 0 0 1
    outer loop
      vertex 4.5642212852835655 0.019026510417461395 35
      vertex 4.679270693659783 3.942543865740299 35
      vertex 4.47163716852665 4.101866671442986 35
    endloop
  endfacet
  facet normal 0 0 1
    outer loop
      vertex 4.131759114563465 0.07596123218536377 35
      vertex 4.278679655492306 4.278679655492306 35
      vertex 4.101866671442986 4.47163716852665 35
    endloop
  endfacet
  facet normal 0 0 1
    outer loop
      vertex 3.7059047743678093 0.17037086933851242 35
      vertex 4.101866671442986 4.47163716852665 35
      vertex 3.942543865740299 4.679270693659783 35
    endloop
  endfacet
  facet normal 0 0 1
    outer loop
      vertex 3.7059047743678093 0.17037086933851242 35
      vertex 3.942543865740299 4.679270693659783 35
      vertex 3.8019237905740737 4.9 35
    endloop
  endfacet
  facet normal 0 0 1
    outer loop
      vertex 4.131759114563465 0.07596123218536377 35
      vertex 4.47163716852665 4.101866671442986 35
      vertex 4.278679655492306 4.278679655492306 35
    endloop
  endfacet
  facet normal 0 0 1
    outer loop
      vertex 5 0 35
      vertex 5.132145212590695 3.6810766398906707 35
      vertex 4.9 3.8019237905740737 35
    endloop
  endfacet
  facet normal 0 0 1
    outer loop
      vertex 5 0 35
      vertex 5.373939567804337 3.580922135710716 35
      vertex 5.132145212590695 3.6810766398906707 35
    endloop
  endfacet
  facet normal 0 0 1
    outer loop
      vertex 5 0 35
      vertex 5.623542861640454 3.5022225245833396 35
      vertex 5.373939567804337 3.580922135710716 35
    endloop
  endfacet
  facet normal 0 0 1
    outer loop
      vertex 5 0 35
      vertex 5.879055464267731 3.4455767437815665 35
      vertex 5.623542861640454 3.5022225245833396 35
    endloop
  endfacet
  facet normal 0 0 1
    outer loop
      vertex 5 0 35
      vertex 6.138532774150372 3.4114159062504767 35
      vertex 5.879055464267731 3.4455767437815665 35
    endloop
  endfacet
  facet normal 0 0 1
    outer loop
      vertex 5 0 35
      vertex 6.4 3.4 35
      vertex 6.138532774150372 3.4114159062504767 35
    endloop
  endfacet
  facet normal 0 0 1
    outer loop
      vertex 5 0 35
      vertex 15.36 3.4 35
      vertex 6.4 3.4 35
    endloop
  endfacet
  facet normal 0 0 1
    outer loop
      vertex 5 0 35
      vertex 15.36 0 35
      vertex 15.36 3.4 35
    endloop
  endfacet
  facet normal 0 0 1
    outer loop
      vertex 1.4644660949707031 1.4644660949707031 35
      vertex 0 26.9 35
      vertex 1.1697777807712555 1.7860619500279427 35
    endloop
  endfacet
  facet normal 0 0 1
    outer loop
      vertex 2.1321178153157234 0.9042397812008858 35
      vertex 2.5 0.669872984290123 35
      vertex 0 26.9 35
    endloop
  endfacet
  facet normal 0 0 1
    outer loop
      vertex 2.5 0.669872984290123 35
      vertex 2.8869086876511574 0.4684610664844513 35
      vertex 0 26.9 35
    endloop
  endfacet
  facet normal 0 0 1
    outer loop
      vertex 1.7860619500279427 1.1697777807712555 35
      vertex 2.1321178153157234 0.9042397812008858 35
      vertex 0 26.9 35
    endloop
  endfacet
  facet normal 0 0 1
    outer loop
      vertex 1.7860619500279427 1.1697777807712555 35
      vertex 0 26.9 35
      vertex 1.4644660949707031 1.4644660949707031 35
    endloop
  endfacet
  facet normal 0 0 1
    outer loop
      vertex 0.9042397812008858 2.1321178153157234 35
      vertex 1.1697777807712555 1.7860619500279427 35
      vertex 0 26.9 35
    endloop
  endfacet
  facet normal 0 0 1
    outer loop
      vertex 0.9042397812008858 2.1321178153157234 35
      vertex 0 26.9 35
      vertex 0.669872984290123 2.5 35
    endloop
  endfacet
  facet normal 0 0 1
    outer loop
      vertex 0.669872984290123 2.5 35
      vertex 0 26.9 35
      vertex 0.4684610664844513 2.8869086876511574 35
    endloop
  endfacet
  facet normal 0 0 1
    outer loop
      vertex 0.4684610664844513 2.8869086876511574 35
      vertex 0 26.9 35
      vertex 0.3015368953347206 3.289899282157421 35
    endloop
  endfacet
  facet normal 0 0 1
    outer loop
      vertex 2.8869086876511574 0.4684610664844513 35
      vertex 3.289899282157421 0.3015368953347206 35
      vertex 0 26.9 35
    endloop
  endfacet
  facet normal 0 0 1
    outer loop
      vertex 3.289899282157421 0.3015368953347206 35
      vertex 3.4 6.4 35
      vertex 3.4 26.9 35
    endloop
  endfacet
  facet normal 0 0 1
    outer loop
      vertex 0.3015368953347206 3.289899282157421 35
      vertex 0 26.9 35
      vertex 0.17037086933851242 3.7059047743678093 35
    endloop
  endfacet
  facet normal 0 0 1
    outer loop
      vertex 0.17037086933851242 3.7059047743678093 35
      vertex 0 26.9 35
      vertex 0.07596123218536377 4.131759114563465 35
    endloop
  endfacet
  facet normal 0 0 1
    outer loop
      vertex 0.07596123218536377 4.131759114563465 35
      vertex 0 26.9 35
      vertex 0.019026510417461395 4.5642212852835655 35
    endloop
  endfacet
  facet normal 0 0 1
    outer loop
      vertex 0.019026510417461395 4.5642212852835655 35
      vertex 0 26.9 35
      vertex 0 5 35
    endloop
  endfacet
  facet normal -1 0 0
    outer loop
      vertex 0 5 35
      vertex 0 26.9 35
      vertex 0 26.9 22
    endloop
  endfacet
  facet normal 0 0 1
    outer loop
      vertex 3.289899282157421 0.3015368953347206 35
      vertex 3.4 26.9 35
      vertex 0 26.9 35
    endloop
  endfacet
  facet normal 0 -1 0
    outer loop
      vertex 33.36 0 35
      vertex 33.36 0 22
      vertex 51.9 0 35
    endloop
  endfacet
  facet normal 0 0 1
    outer loop
      vertex 33.36 0 35
      vertex 51.9 0 35
      vertex 33.36 3.4 35
    endloop
  endfacet
  facet normal 0 -1 0
    outer loop
      vertex 33.36 0 22
      vertex 51.9 0 22
      vertex 51.9 0 35
    endloop
  endfacet
  facet normal 0 0 1
    outer loop
      vertex 51.9 0 35
      vertex 51.9 3.4 35
      vertex 33.36 3.4 35
    endloop
  endfacet
  facet normal -1 0 0
    outer loop
      vertex 0 5 0
      vertex 0 44.9 22
      vertex 0 66.79999999701977 0
    endloop
  endfacet
  facet normal 0 0 -1
    outer loop
      vertex 0.019026510417461395 4.5642212852835655 0
      vertex 0 66.79999999701977 0
      vertex 0.019026510417461395 67.2357787117362 0
    endloop
  endfacet
  facet normal 0 0 -1
    outer loop
      vertex 0.07596123218536377 4.131759114563465 0
      vertex 0.019026510417461395 67.2357787117362 0
      vertex 0.07596123218536377 67.66824088990688 0
    endloop
  endfacet
  facet normal 0 0 -1
    outer loop
      vertex 0.17037086933851242 3.7059047743678093 0
      vertex 0.07596123218536377 67.66824088990688 0
      vertex 0.17037086933851242 68.09409522265196 0
    endloop
  endfacet
  facet normal 0 0 -1
    outer loop
      vertex 0.3015368953347206 3.289899282157421 0
      vertex 0.17037086933851242 68.09409522265196 0
      vertex 0.3015368953347206 68.51010071486235 0
    endloop
  endfacet
  facet normal 0 0 -1
    outer loop
      vertex 0.4684610664844513 2.8869086876511574 0
      vertex 0.3015368953347206 68.51010071486235 0
      vertex 0.4684610664844513 68.91309130936861 0
    endloop
  endfacet
  facet normal 0 0 -1
    outer loop
      vertex 0.669872984290123 2.5 0
      vertex 0.4684610664844513 68.91309130936861 0
      vertex 0.669872984290123 69.29999999701977 0
    endloop
  endfacet
  facet normal 0 0 -1
    outer loop
      vertex 0.9042397812008858 2.1321178153157234 0
      vertex 0.669872984290123 69.29999999701977 0
      vertex 0.9042397812008858 69.66788218170404 0
    endloop
  endfacet
  facet normal 0 0 -1
    outer loop
      vertex 1.1697777807712555 1.7860619500279427 0
      vertex 0.9042397812008858 69.66788218170404 0
      vertex 1.1697777807712555 70.01393804699183 0
    endloop
  endfacet
  facet normal 0 0 -1
    outer loop
      vertex 1.4644660949707031 1.4644660949707031 0
      vertex 1.1697777807712555 70.01393804699183 0
      vertex 1.4644660949707031 70.33553390949965 0
    endloop
  endfacet
  facet normal 0 0 -1
    outer loop
      vertex 1.7860619500279427 1.1697777807712555 0
      vertex 1.4644660949707031 70.33553390949965 0
      vertex 1.7860619500279427 70.63022221624851 0
    endloop
  endfacet
  facet normal 0 0 -1
    outer loop
      vertex 2.1321178153157234 0.9042397812008858 0
      vertex 1.7860619500279427 70.63022221624851 0
      vertex 2.1321178153157234 70.89576022326946 0
    endloop
  endfacet
  facet normal 0 0 -1
    outer loop
      vertex 2.5 0.669872984290123 0
      vertex 2.1321178153157234 70.89576022326946 0
      vertex 2.5 71.13012702018023 0
    endloop
  endfacet
  facet normal 0 0 -1
    outer loop
      vertex 2.8869086876511574 0.4684610664844513 0
      vertex 2.5 71.13012702018023 0
      vertex 2.8869086876511574 71.3315389379859 0
    endloop
  endfacet
  facet normal 0 0 -1
    outer loop
      vertex 3.289899282157421 0.3015368953347206 0
      vertex 2.8869086876511574 71.3315389379859 0
      vertex 3.289899282157421 71.49846310168505 0
    endloop
  endfacet
  facet normal 0 0 -1
    outer loop
      vertex 3.7059047743678093 0.17037086933851242 0
      vertex 3.289899282157421 71.49846310168505 0
      vertex 3.7059047743678093 71.62962913513184 0
    endloop
  endfacet
  facet normal 0 0 -1
    outer loop
      vertex 4.131759114563465 0.07596123218536377 0
      vertex 3.7059047743678093 71.62962913513184 0
      vertex 4.131759114563465 71.7240387648344 0
    endloop
  endfacet
  facet normal 0 0 -1
    outer loop
      vertex 4.5642212852835655 0.019026510417461395 0
      vertex 4.131759114563465 71.7240387648344 0
      vertex 4.5642212852835655 71.78097349405289 0
    endloop
  endfacet
  facet normal 0 0 -1
    outer loop
      vertex 5 0 0
      vertex 4.5642212852835655 71.78097349405289 0
      vertex 5 71.79999999701977 0
    endloop
  endfacet
  facet normal 0 0 -1
    outer loop
      vertex 5 71.79999999701977 0
      vertex 9 58.79999999701977 0
      vertex 9 13 0
    endloop
  endfacet
  facet normal 0 0 -1
    outer loop
      vertex 9.060768984258175 59.49459271132946 0
      vertex 9.01522120833397 59.1486229673028 0
      vertex 8.971555764792956 60.2564800052847 0
    endloop
  endfacet
  facet normal 0 0 -1
    outer loop
      vertex 9.060768984258175 59.49459271132946 0
      vertex 8.971555764792956 60.2564800052847 0
      vertex 9.026645496349593 60.081757699016094 0
    endloop
  endfacet
  facet normal 0 0 -1
    outer loop
      vertex 9.01522120833397 59.1486229673028 0
      vertex 8.931903718674363 60.43533882689945 0
      vertex 8.971555764792956 60.2564800052847 0
    endloop
  endfacet
  facet normal 0 0 -1
    outer loop
      vertex 9.060768984258175 59.49459271132946 0
      vertex 9.096753647223036 59.91250165034453 0
      vertex 9.136296696960926 59.835276179015636 0
    endloop
  endfacet
  facet normal 0 0 -1
    outer loop
      vertex 9.136544897340999 59.836063370058085 0
      vertex 9.136296696960926 59.835276179015636 0
      vertex 9.096753647223036 59.91250165034453 0
    endloop
  endfacet
  facet normal 0 0 -1
    outer loop
      vertex 9.060768984258175 59.49459271132946 0
      vertex 9.026645496349593 60.081757699016094 0
      vertex 9.096753647223036 59.91250165034453 0
    endloop
  endfacet
  facet normal 0 0 -1
    outer loop
      vertex 5 71.79999999701977 0
      vertex 8.9 60.8 0
      vertex 8.907991134007334 60.616972940229914 0
    endloop
  endfacet
  facet normal 0 0 -1
    outer loop
      vertex 5 71.79999999701977 0
      vertex 8.907991134007334 60.98302705977008 0
      vertex 8.9 60.8 0
    endloop
  endfacet
  facet normal 0 0 -1
    outer loop
      vertex 5 71.79999999701977 0
      vertex 9.01522120833397 59.1486229673028 0
      vertex 9 58.79999999701977 0
    endloop
  endfacet
  facet normal 0 0 -1
    outer loop
      vertex 5 71.79999999701977 0
      vertex 8.931903718674363 60.43533882689945 0
      vertex 9.01522120833397 59.1486229673028 0
    endloop
  endfacet
  facet normal 0 0 -1
    outer loop
      vertex 5 71.79999999701977 0
      vertex 8.907991134007334 60.616972940229914 0
      vertex 8.931903718674363 60.43533882689945 0
    endloop
  endfacet
  facet normal 0 0 -1
    outer loop
      vertex 5 71.79999999701977 0
      vertex 8.931903718674363 61.16466117310055 0
      vertex 8.907991134007334 60.98302705977008 0
    endloop
  endfacet
  facet normal 0 0 -1
    outer loop
      vertex 5 71.79999999701977 0
      vertex 8.971555764792956 61.343519994715294 0
      vertex 8.931903718674363 61.16466117310055 0
    endloop
  endfacet
  facet normal 0 0 -1
    outer loop
      vertex 5 71.79999999701977 0
      vertex 9.026645496349593 61.5182423009839 0
      vertex 8.971555764792956 61.343519994715294 0
    endloop
  endfacet
  facet normal 0 0 -1
    outer loop
      vertex 5 71.79999999701977 0
      vertex 9.096753647223036 61.68749834965546 0
      vertex 9.026645496349593 61.5182423009839 0
    endloop
  endfacet
  facet normal 0 0 -1
    outer loop
      vertex 5 71.79999999701977 0
      vertex 9.181346652052678 61.849999999999994 0
      vertex 9.096753647223036 61.68749834965546 0
    endloop
  endfacet
  facet normal 0 0 -1
    outer loop
      vertex 5 71.79999999701977 0
      vertex 9.279780706993117 62.00451051633719 0
      vertex 9.181346652052678 61.849999999999994 0
    endloop
  endfacet
  facet normal 0 0 -1
    outer loop
      vertex 5 71.79999999701977 0
      vertex 9.391306669450145 62.14985398034173 0
      vertex 9.279780706993117 62.00451051633719 0
    endloop
  endfacet
  facet normal 0 0 -1
    outer loop
      vertex 5 71.79999999701977 0
      vertex 9.51507575950825 62.28492424049175 0
      vertex 9.391306669450145 62.14985398034173 0
    endloop
  endfacet
  facet normal 0 0 -1
    outer loop
      vertex 5 71.79999999701977 0
      vertex 9.650146019658267 62.40869333054985 0
      vertex 9.51507575950825 62.28492424049175 0
    endloop
  endfacet
  facet normal 0 0 -1
    outer loop
      vertex 5 71.79999999701977 0
      vertex 9.795489483662804 62.52021929300688 0
      vertex 9.650146019658267 62.40869333054985 0
    endloop
  endfacet
  facet normal 0 0 -1
    outer loop
      vertex 5 71.79999999701977 0
      vertex 9.95 62.618653347947316 0
      vertex 9.795489483662804 62.52021929300688 0
    endloop
  endfacet
  facet normal 0 0 -1
    outer loop
      vertex 5 71.79999999701977 0
      vertex 10.112501650344532 62.703246352776965 0
      vertex 9.95 62.618653347947316 0
    endloop
  endfacet
  facet normal 0 0 -1
    outer loop
      vertex 5 71.79999999701977 0
      vertex 10.281757699016095 62.7733545036504 0
      vertex 10.112501650344532 62.703246352776965 0
    endloop
  endfacet
  facet normal 0 0 -1
    outer loop
      vertex 5 71.79999999701977 0
      vertex 10.456480005284707 62.828444235207044 0
      vertex 10.281757699016095 62.7733545036504 0
    endloop
  endfacet
  facet normal 0 0 -1
    outer loop
      vertex 5 71.79999999701977 0
      vertex 10.635338826899446 62.868096281325634 0
      vertex 10.456480005284707 62.828444235207044 0
    endloop
  endfacet
  facet normal 0 0 -1
    outer loop
      vertex 5 71.79999999701977 0
      vertex 10.816972940229919 62.892008865992665 0
      vertex 10.635338826899446 62.868096281325634 0
    endloop
  endfacet
  facet normal 0 0 -1
    outer loop
      vertex 5 71.79999999701977 0
      vertex 11 62.9 0
      vertex 10.816972940229919 62.892008865992665 0
    endloop
  endfacet
  facet normal 0 0 -1
    outer loop
      vertex 5 71.79999999701977 0
      vertex 11.183027059770081 62.892008865992665 0
      vertex 11 62.9 0
    endloop
  endfacet
  facet normal 0 0 -1
    outer loop
      vertex 5 71.79999999701977 0
      vertex 11.364661173100554 62.868096281325634 0
      vertex 11.183027059770081 62.892008865992665 0
    endloop
  endfacet
  facet normal 0 0 -1
    outer loop
      vertex 5 71.79999999701977 0
      vertex 11.543519994715293 62.828444235207044 0
      vertex 11.364661173100554 62.868096281325634 0
    endloop
  endfacet
  facet normal 0 0 -1
    outer loop
      vertex 5 71.79999999701977 0
      vertex 11.718242300983905 62.7733545036504 0
      vertex 11.543519994715293 62.828444235207044 0
    endloop
  endfacet
  facet normal 0 0 -1
    outer loop
      vertex 5 71.79999999701977 0
      vertex 11.963936623476217 62.66345510602483 0
      vertex 11.887498349655468 62.703246352776965 0
    endloop
  endfacet
  facet normal 0 0 -1
    outer loop
      vertex 5 71.79999999701977 0
      vertex 11.887498349655468 62.703246352776965 0
      vertex 11.718242300983905 62.7733545036504 0
    endloop
  endfacet
  facet normal 0 0 -1
    outer loop
      vertex 5 71.79999999701977 0
      vertex 11.964723818004131 62.66370330750942 0
      vertex 11.963936623476217 62.66345510602483 0
    endloop
  endfacet
  facet normal 0 0 -1
    outer loop
      vertex 5 71.79999999701977 0
      vertex 12.305407285690308 62.73923101276159 0
      vertex 11.964723818004131 62.66370330750942 0
    endloop
  endfacet
  facet normal 0 0 -1
    outer loop
      vertex 5 71.79999999701977 0
      vertex 12.651377029716969 62.7847787886858 0
      vertex 12.305407285690308 62.73923101276159 0
    endloop
  endfacet
  facet normal 0 0 -1
    outer loop
      vertex 5 71.79999999701977 0
      vertex 13 62.79999999701977 0
      vertex 12.651377029716969 62.7847787886858 0
    endloop
  endfacet
  facet normal -0.9990482214985889 0.043619389272507574 0
    outer loop
      vertex 0 66.79999999701977 0
      vertex 0.019026510417461395 67.2357787117362 35
      vertex 0.019026510417461395 67.2357787117362 0
    endloop
  endfacet
  facet normal -0.9914448625902987 0.13052618297990562 0
    outer loop
      vertex 0.019026510417461395 67.2357787117362 0
      vertex 0.07596123218536377 67.66824088990688 35
      vertex 0.07596123218536377 67.66824088990688 0
    endloop
  endfacet
  facet normal -0.9762960049301767 0.21643962381545717 0
    outer loop
      vertex 0.07596123218536377 67.66824088990688 0
      vertex 0.17037086933851242 68.09409522265196 35
      vertex 0.17037086933851242 68.09409522265196 0
    endloop
  endfacet
  facet normal -0.953716951974249 0.30070579561582766 0
    outer loop
      vertex 0.17037086933851242 68.09409522265196 0
      vertex 0.3015368953347206 68.51010071486235 35
      vertex 0.3015368953347206 68.51010071486235 0
    endloop
  endfacet
  facet normal -0.9238795313794138 0.38268343509767255 0
    outer loop
      vertex 0.3015368953347206 68.51010071486235 0
      vertex 0.4684610664844513 68.91309130936861 35
      vertex 0.4684610664844513 68.91309130936861 0
    endloop
  endfacet
  facet normal -0.8870108299460169 0.4617486194440415 0
    outer loop
      vertex 0.4684610664844513 68.91309130936861 0
      vertex 0.669872984290123 69.29999999701977 35
      vertex 0.669872984290123 69.29999999701977 0
    endloop
  endfacet
  facet normal -0.8433914483399445 0.5372996043801358 0
    outer loop
      vertex 0.669872984290123 69.29999999701977 0
      vertex 0.9042397812008858 69.66788218170404 35
      vertex 0.9042397812008858 69.66788218170404 0
    endloop
  endfacet
  facet normal -0.7933533460635711 0.6087614214860658 0
    outer loop
      vertex 0.9042397812008858 69.66788218170404 0
      vertex 1.1697777807712555 70.01393804699183 35
      vertex 1.1697777807712555 70.01393804699183 0
    endloop
  endfacet
  facet normal -0.7372773368689203 0.6755902075514953 0
    outer loop
      vertex 1.1697777807712555 70.01393804699183 0
      vertex 1.4644660949707031 70.33553390949965 35
      vertex 1.4644660949707031 70.33553390949965 0
    endloop
  endfacet
  facet normal -0.6755902067746474 0.7372773375807702 0
    outer loop
      vertex 1.4644660949707031 70.33553390949965 0
      vertex 1.7860619500279427 70.63022221624851 35
      vertex 1.7860619500279427 70.63022221624851 0
    endloop
  endfacet
  facet normal -0.6087614322369422 0.7933533378141335 0
    outer loop
      vertex 1.7860619500279427 70.63022221624851 0
      vertex 2.1321178153157234 70.89576022326946 35
      vertex 2.1321178153157234 70.89576022326946 0
    endloop
  endfacet
  facet normal -0.5372996043801358 0.8433914483399445 0
    outer loop
      vertex 2.1321178153157234 70.89576022326946 0
      vertex 2.5 71.13012702018023 35
      vertex 2.5 71.13012702018023 0
    endloop
  endfacet
  facet normal -0.4617486194440415 0.8870108299460169 0
    outer loop
      vertex 2.5 71.13012702018023 0
      vertex 2.8869086876511574 71.3315389379859 35
      vertex 2.8869086876511574 71.3315389379859 0
    endloop
  endfacet
  facet normal -0.382683420518219 0.9238795374184212 0
    outer loop
      vertex 2.8869086876511574 71.3315389379859 0
      vertex 3.289899282157421 71.49846310168505 35
      vertex 3.289899282157421 71.49846310168505 0
    endloop
  endfacet
  facet normal -0.30070581115219774 0.9537169470756505 0
    outer loop
      vertex 3.289899282157421 71.49846310168505 0
      vertex 3.7059047743678093 71.62962913513184 35
      vertex 3.7059047743678093 71.62962913513184 0
    endloop
  endfacet
  facet normal -0.21643960392538955 0.9762960093396984 0
    outer loop
      vertex 3.7059047743678093 71.62962913513184 0
      vertex 4.131759114563465 71.7240387648344 35
      vertex 4.131759114563465 71.7240387648344 0
    endloop
  endfacet
  facet normal -0.13052620198021944 0.9914448600888599 0
    outer loop
      vertex 4.131759114563465 71.7240387648344 0
      vertex 4.5642212852835655 71.78097349405289 35
      vertex 4.5642212852835655 71.78097349405289 0
    endloop
  endfacet
  facet normal -0.043619372224114224 0.9990482222429377 0
    outer loop
      vertex 4.5642212852835655 71.78097349405289 0
      vertex 5 71.79999999701977 35
      vertex 5 71.79999999701977 0
    endloop
  endfacet
  facet normal 0 1 0
    outer loop
      vertex 5 71.79999999701977 0
      vertex 15.36 71.79999999701977 22
      vertex 33.36 71.79999999701977 22
    endloop
  endfacet
  facet normal 0 1 0
    outer loop
      vertex 5 71.79999999701977 0
      vertex 33.36 71.79999999701977 22
      vertex 51.9 71.79999999701977 22
    endloop
  endfacet
  facet normal 0 0 -1
    outer loop
      vertex 5 71.79999999701977 0
      vertex 116.79999999701977 71.79999999701977 0
      vertex 13 62.79999999701977 0
    endloop
  endfacet
  facet normal 0 1 0
    outer loop
      vertex 5 71.79999999701977 0
      vertex 51.9 71.79999999701977 22
      vertex 69.9 71.79999999701977 22
    endloop
  endfacet
  facet normal 0 1 0
    outer loop
      vertex 5 71.79999999701977 0
      vertex 69.9 71.79999999701977 22
      vertex 88.44 71.79999999701977 22
    endloop
  endfacet
  facet normal -1 0 0
    outer loop
      vertex 0 66.79999999701977 35
      vertex 0 44.9 22
      vertex 0 44.9 35
    endloop
  endfacet
  facet normal 0 0 1
    outer loop
      vertex 0 66.79999999701977 35
      vertex 0 44.9 35
      vertex 3.4 44.9 35
    endloop
  endfacet
  facet normal -1 0 0
    outer loop
      vertex 0 66.79999999701977 0
      vertex 0 44.9 22
      vertex 0 66.79999999701977 35
    endloop
  endfacet
  facet normal 0 1 0
    outer loop
      vertex 5 71.79999999701977 0
      vertex 5 71.79999999701977 35
      vertex 15.36 71.79999999701977 22
    endloop
  endfacet
  facet normal -0.9990482214985889 0.043619389272507574 0
    outer loop
      vertex 0 66.79999999701977 0
      vertex 0 66.79999999701977 35
      vertex 0.019026510417461395 67.2357787117362 35
    endloop
  endfacet
  facet normal -0.9914448625902987 0.13052618297990562 0
    outer loop
      vertex 0.019026510417461395 67.2357787117362 0
      vertex 0.019026510417461395 67.2357787117362 35
      vertex 0.07596123218536377 67.66824088990688 35
    endloop
  endfacet
  facet normal -0.9762960049301767 0.21643962381545717 0
    outer loop
      vertex 0.07596123218536377 67.66824088990688 0
      vertex 0.07596123218536377 67.66824088990688 35
      vertex 0.17037086933851242 68.09409522265196 35
    endloop
  endfacet
  facet normal -0.953716951974249 0.30070579561582766 0
    outer loop
      vertex 0.17037086933851242 68.09409522265196 0
      vertex 0.17037086933851242 68.09409522265196 35
      vertex 0.3015368953347206 68.51010071486235 35
    endloop
  endfacet
  facet normal -0.9238795313794138 0.38268343509767255 0
    outer loop
      vertex 0.3015368953347206 68.51010071486235 0
      vertex 0.3015368953347206 68.51010071486235 35
      vertex 0.4684610664844513 68.91309130936861 35
    endloop
  endfacet
  facet normal -0.8870108299460169 0.4617486194440415 0
    outer loop
      vertex 0.4684610664844513 68.91309130936861 0
      vertex 0.4684610664844513 68.91309130936861 35
      vertex 0.669872984290123 69.29999999701977 35
    endloop
  endfacet
  facet normal -0.8433914483399445 0.5372996043801358 0
    outer loop
      vertex 0.669872984290123 69.29999999701977 0
      vertex 0.669872984290123 69.29999999701977 35
      vertex 0.9042397812008858 69.66788218170404 35
    endloop
  endfacet
  facet normal -0.7933533460635711 0.6087614214860658 0
    outer loop
      vertex 0.9042397812008858 69.66788218170404 0
      vertex 0.9042397812008858 69.66788218170404 35
      vertex 1.1697777807712555 70.01393804699183 35
    endloop
  endfacet
  facet normal -0.7372773368689203 0.6755902075514953 0
    outer loop
      vertex 1.1697777807712555 70.01393804699183 0
      vertex 1.1697777807712555 70.01393804699183 35
      vertex 1.4644660949707031 70.33553390949965 35
    endloop
  endfacet
  facet normal -0.6755902067746474 0.7372773375807702 0
    outer loop
      vertex 1.4644660949707031 70.33553390949965 0
      vertex 1.4644660949707031 70.33553390949965 35
      vertex 1.7860619500279427 70.63022221624851 35
    endloop
  endfacet
  facet normal -0.6087614322369422 0.7933533378141335 0
    outer loop
      vertex 1.7860619500279427 70.63022221624851 0
      vertex 1.7860619500279427 70.63022221624851 35
      vertex 2.1321178153157234 70.89576022326946 35
    endloop
  endfacet
  facet normal -0.5372996043801358 0.8433914483399445 0
    outer loop
      vertex 2.1321178153157234 70.89576022326946 0
      vertex 2.1321178153157234 70.89576022326946 35
      vertex 2.5 71.13012702018023 35
    endloop
  endfacet
  facet normal -0.4617486194440415 0.8870108299460169 0
    outer loop
      vertex 2.5 71.13012702018023 0
      vertex 2.5 71.13012702018023 35
      vertex 2.8869086876511574 71.3315389379859 35
    endloop
  endfacet
  facet normal -0.382683420518219 0.9238795374184212 0
    outer loop
      vertex 2.8869086876511574 71.3315389379859 0
      vertex 2.8869086876511574 71.3315389379859 35
      vertex 3.289899282157421 71.49846310168505 35
    endloop
  endfacet
  facet normal -0.30070581115219774 0.9537169470756505 0
    outer loop
      vertex 3.289899282157421 71.49846310168505 0
      vertex 3.289899282157421 71.49846310168505 35
      vertex 3.7059047743678093 71.62962913513184 35
    endloop
  endfacet
  facet normal -0.21643960392538955 0.9762960093396984 0
    outer loop
      vertex 3.7059047743678093 71.62962913513184 0
      vertex 3.7059047743678093 71.62962913513184 35
      vertex 4.131759114563465 71.7240387648344 35
    endloop
  endfacet
  facet normal -0.13052620198021944 0.9914448600888599 0
    outer loop
      vertex 4.131759114563465 71.7240387648344 0
      vertex 4.131759114563465 71.7240387648344 35
      vertex 4.5642212852835655 71.78097349405289 35
    endloop
  endfacet
  facet normal -0.043619372224114224 0.9990482222429377 0
    outer loop
      vertex 4.5642212852835655 71.78097349405289 0
      vertex 4.5642212852835655 71.78097349405289 35
      vertex 5 71.79999999701977 35
    endloop
  endfacet
  facet normal 0 0 1
    outer loop
      vertex 0 66.79999999701977 35
      vertex 3.4 44.9 35
      vertex 0.019026510417461395 67.2357787117362 35
    endloop
  endfacet
  facet normal 0 0 1
    outer loop
      vertex 0.019026510417461395 67.2357787117362 35
      vertex 3.4 44.9 35
      vertex 0.07596123218536377 67.66824088990688 35
    endloop
  endfacet
  facet normal 0 0 1
    outer loop
      vertex 0.07596123218536377 67.66824088990688 35
      vertex 3.4 44.9 35
      vertex 0.17037086933851242 68.09409522265196 35
    endloop
  endfacet
  facet normal 0 0 1
    outer loop
      vertex 0.17037086933851242 68.09409522265196 35
      vertex 3.4 44.9 35
      vertex 0.3015368953347206 68.51010071486235 35
    endloop
  endfacet
  facet normal 0 0 1
    outer loop
      vertex 0.3015368953347206 68.51010071486235 35
      vertex 3.4 44.9 35
      vertex 0.4684610664844513 68.91309130936861 35
    endloop
  endfacet
  facet normal 0 0 1
    outer loop
      vertex 0.4684610664844513 68.91309130936861 35
      vertex 3.4 44.9 35
      vertex 0.669872984290123 69.29999999701977 35
    endloop
  endfacet
  facet normal 0 0 1
    outer loop
      vertex 0.669872984290123 69.29999999701977 35
      vertex 3.4 44.9 35
      vertex 0.9042397812008858 69.66788218170404 35
    endloop
  endfacet
  facet normal 0 0 1
    outer loop
      vertex 0.9042397812008858 69.66788218170404 35
      vertex 3.4 44.9 35
      vertex 1.1697777807712555 70.01393804699183 35
    endloop
  endfacet
  facet normal 0 0 1
    outer loop
      vertex 3.289899282157421 71.49846310168505 35
      vertex 3.4 44.9 35
      vertex 3.4 67.4 35
    endloop
  endfacet
  facet normal 0 0 1
    outer loop
      vertex 1.1697777807712555 70.01393804699183 35
      vertex 3.4 44.9 35
      vertex 1.4644660949707031 70.33553390949965 35
    endloop
  endfacet
  facet normal 0 0 1
    outer loop
      vertex 1.4644660949707031 70.33553390949965 35
      vertex 3.4 44.9 35
      vertex 1.7860619500279427 70.63022221624851 35
    endloop
  endfacet
  facet normal 0 0 1
    outer loop
      vertex 1.7860619500279427 70.63022221624851 35
      vertex 3.4 44.9 35
      vertex 2.1321178153157234 70.89576022326946 35
    endloop
  endfacet
  facet normal 0 0 1
    outer loop
      vertex 2.1321178153157234 70.89576022326946 35
      vertex 3.4 44.9 35
      vertex 2.5 71.13012702018023 35
    endloop
  endfacet
  facet normal 0 0 1
    outer loop
      vertex 2.5 71.13012702018023 35
      vertex 3.4 44.9 35
      vertex 2.8869086876511574 71.3315389379859 35
    endloop
  endfacet
  facet normal 0 0 1
    outer loop
      vertex 2.8869086876511574 71.3315389379859 35
      vertex 3.4 44.9 35
      vertex 3.289899282157421 71.49846310168505 35
    endloop
  endfacet
  facet normal 0 0 1
    outer loop
      vertex 3.289899282157421 71.49846310168505 35
      vertex 3.4 67.4 35
      vertex 3.4114159062504767 67.66146722584963 35
    endloop
  endfacet
  facet normal 0 0 1
    outer loop
      vertex 3.289899282157421 71.49846310168505 35
      vertex 3.4114159062504767 67.66146722584963 35
      vertex 3.4455767437815665 67.92094453573227 35
    endloop
  endfacet
  facet normal 0 0 1
    outer loop
      vertex 3.289899282157421 71.49846310168505 35
      vertex 3.4455767437815665 67.92094453573227 35
      vertex 3.5022225245833396 68.17645713835955 35
    endloop
  endfacet
  facet normal 0 0 1
    outer loop
      vertex 3.289899282157421 71.49846310168505 35
      vertex 3.5022225245833396 68.17645713835955 35
      vertex 3.580922135710716 68.42606043219567 35
    endloop
  endfacet
  facet normal 0 0 1
    outer loop
      vertex 3.289899282157421 71.49846310168505 35
      vertex 3.580922135710716 68.42606043219567 35
      vertex 3.6810766398906707 68.66785478740931 35
    endloop
  endfacet
  facet normal 0 0 1
    outer loop
      vertex 3.289899282157421 71.49846310168505 35
      vertex 3.6810766398906707 68.66785478740931 35
      vertex 3.8019237905740737 68.9 35
    endloop
  endfacet
  facet normal 0 0 1
    outer loop
      vertex 3.289899282157421 71.49846310168505 35
      vertex 3.8019237905740737 68.9 35
      vertex 3.7059047743678093 71.62962913513184 35
    endloop
  endfacet
  facet normal 0 0 1
    outer loop
      vertex 3.7059047743678093 71.62962913513184 35
      vertex 3.8019237905740737 68.9 35
      vertex 3.942543865740299 69.12072930634022 35
    endloop
  endfacet
  facet normal 0 0 1
    outer loop
      vertex 3.7059047743678093 71.62962913513184 35
      vertex 3.942543865740299 69.12072930634022 35
      vertex 4.101866671442986 69.32836283147336 35
    endloop
  endfacet
  facet normal 0 0 1
    outer loop
      vertex 3.7059047743678093 71.62962913513184 35
      vertex 4.101866671442986 69.32836283147336 35
      vertex 4.278679655492306 69.5213203445077 35
    endloop
  endfacet
  facet normal 0 0 1
    outer loop
      vertex 4.131759114563465 71.7240387648344 35
      vertex 4.278679655492306 69.5213203445077 35
      vertex 4.47163716852665 69.69813332855702 35
    endloop
  endfacet
  facet normal 0 0 1
    outer loop
      vertex 4.131759114563465 71.7240387648344 35
      vertex 4.47163716852665 69.69813332855702 35
      vertex 4.679270693659783 69.8574561342597 35
    endloop
  endfacet
  facet normal 0 0 1
    outer loop
      vertex 4.5642212852835655 71.78097349405289 35
      vertex 4.679270693659783 69.8574561342597 35
      vertex 4.9 69.99807620942593 35
    endloop
  endfacet
  facet normal 0 0 1
    outer loop
      vertex 4.5642212852835655 71.78097349405289 35
      vertex 4.9 69.99807620942593 35
      vertex 5.132145212590695 70.11892336010933 35
    endloop
  endfacet
  facet normal 0 0 1
    outer loop
      vertex 3.7059047743678093 71.62962913513184 35
      vertex 4.278679655492306 69.5213203445077 35
      vertex 4.131759114563465 71.7240387648344 35
    endloop
  endfacet
  facet normal 0 0 1
    outer loop
      vertex 4.131759114563465 71.7240387648344 35
      vertex 4.679270693659783 69.8574561342597 35
      vertex 4.5642212852835655 71.78097349405289 35
    endloop
  endfacet
  facet normal 0 0 1
    outer loop
      vertex 5 71.79999999701977 35
      vertex 5.132145212590695 70.11892336010933 35
      vertex 5.373939567804337 70.21907786428929 35
    endloop
  endfacet
  facet normal 0 0 1
    outer loop
      vertex 4.5642212852835655 71.78097349405289 35
      vertex 5.132145212590695 70.11892336010933 35
      vertex 5 71.79999999701977 35
    endloop
  endfacet
  facet normal 0 0 1
    outer loop
      vertex 5 71.79999999701977 35
      vertex 5.373939567804337 70.21907786428929 35
      vertex 5.623542861640454 70.29777747541667 35
    endloop
  endfacet
  facet normal 0 0 1
    outer loop
      vertex 5 71.79999999701977 35
      vertex 5.623542861640454 70.29777747541667 35
      vertex 5.879055464267731 70.35442325621844 35
    endloop
  endfacet
  facet normal 0 0 1
    outer loop
      vertex 5 71.79999999701977 35
      vertex 5.879055464267731 70.35442325621844 35
      vertex 6.138532774150372 70.38858409374953 35
    endloop
  endfacet
  facet normal 0 0 1
    outer loop
      vertex 5 71.79999999701977 35
      vertex 6.138532774150372 70.38858409374953 35
      vertex 6.4 70.4 35
    endloop
  endfacet
  facet normal 0 1 0
    outer loop
      vertex 5 71.79999999701977 35
      vertex 15.36 71.79999999701977 35
      vertex 15.36 71.79999999701977 22
    endloop
  endfacet
  facet normal 0 0 1
    outer loop
      vertex 5 71.79999999701977 35
      vertex 6.4 70.4 35
      vertex 15.36 70.4 35
    endloop
  endfacet
  facet normal 0 0 1
    outer loop
      vertex 5 71.79999999701977 35
      vertex 15.36 70.4 35
      vertex 15.36 71.79999999701977 35
    endloop
  endfacet
  facet normal 0 1 0
    outer loop
      vertex 33.36 71.79999999701977 35
      vertex 51.9 71.79999999701977 22
      vertex 33.36 71.79999999701977 22
    endloop
  endfacet
  facet normal 0 0 1
    outer loop
      vertex 33.36 71.79999999701977 35
      vertex 33.36 70.4 35
      vertex 51.9 70.4 35
    endloop
  endfacet
  facet normal 0 1 0
    outer loop
      vertex 51.9 71.79999999701977 35
      vertex 51.9 71.79999999701977 22
      vertex 33.36 71.79999999701977 35
    endloop
  endfacet
  facet normal 0 0 1
    outer loop
      vertex 33.36 71.79999999701977 35
      vertex 51.9 70.4 35
      vertex 51.9 71.79999999701977 35
    endloop
  endfacet
  facet normal 0 0 -1
    outer loop
      vertex 5 0 0
      vertex 108.79999999701977 9 0
      vertex 116.79999999701977 0 0
    endloop
  endfacet
  facet normal 0 -1 0
    outer loop
      vertex 116.79999999701977 0 0
      vertex 51.9 0 22
      vertex 33.36 0 22
    endloop
  endfacet
  facet normal 0 -1 0
    outer loop
      vertex 116.79999999701977 0 0
      vertex 69.9 0 22
      vertex 51.9 0 22
    endloop
  endfacet
  facet normal 0 0 -1
    outer loop
      vertex 116.79999999701977 0 0
      vertex 108.79999999701977 9 0
      vertex 109.1486229673028 9.01522120833397 0
    endloop
  endfacet
  facet normal 0 0 -1
    outer loop
      vertex 116.79999999701977 0 0
      vertex 109.1486229673028 9.01522120833397 0
      vertex 109.49459271132946 9.060768984258175 0
    endloop
  endfacet
  facet normal 0 0 -1
    outer loop
      vertex 116.79999999701977 0 0
      vertex 109.49459271132946 9.060768984258175 0
      vertex 109.83527617901564 9.136296696960926 0
    endloop
  endfacet
  facet normal 0 0 -1
    outer loop
      vertex 116.79999999701977 0 0
      vertex 109.83527617901564 9.136296696960926 0
      vertex 109.83606337005808 9.136544897340999 0
    endloop
  endfacet
  facet normal 0 0 -1
    outer loop
      vertex 116.79999999701977 0 0
      vertex 109.83606337005808 9.136544897340999 0
      vertex 109.91250165034452 9.096753647223036 0
    endloop
  endfacet
  facet normal 0 0 -1
    outer loop
      vertex 116.79999999701977 0 0
      vertex 109.91250165034452 9.096753647223036 0
      vertex 110.0817576990161 9.026645496349593 0
    endloop
  endfacet
  facet normal 0 0 -1
    outer loop
      vertex 116.79999999701977 0 0
      vertex 110.0817576990161 9.026645496349593 0
      vertex 110.2564800052847 8.971555764792956 0
    endloop
  endfacet
  facet normal 0 0 -1
    outer loop
      vertex 116.79999999701977 0 0
      vertex 110.2564800052847 8.971555764792956 0
      vertex 110.43533882689944 8.931903718674363 0
    endloop
  endfacet
  facet normal 0 0 -1
    outer loop
      vertex 116.79999999701977 0 0
      vertex 110.43533882689944 8.931903718674363 0
      vertex 110.61697294022991 8.907991134007334 0
    endloop
  endfacet
  facet normal 0 0 -1
    outer loop
      vertex 116.79999999701977 0 0
      vertex 110.61697294022991 8.907991134007334 0
      vertex 110.8 8.9 0
    endloop
  endfacet
  facet normal 0 0 -1
    outer loop
      vertex 116.79999999701977 0 0
      vertex 110.8 8.9 0
      vertex 110.98302705977008 8.907991134007334 0
    endloop
  endfacet
  facet normal 0 0 -1
    outer loop
      vertex 116.79999999701977 0 0
      vertex 110.98302705977008 8.907991134007334 0
      vertex 111.16466117310055 8.931903718674363 0
    endloop
  endfacet
  facet normal 0 0 -1
    outer loop
      vertex 116.79999999701977 0 0
      vertex 111.16466117310055 8.931903718674363 0
      vertex 111.3435199947153 8.971555764792956 0
    endloop
  endfacet
  facet normal 0 0 -1
    outer loop
      vertex 116.79999999701977 0 0
      vertex 111.3435199947153 8.971555764792956 0
      vertex 111.5182423009839 9.026645496349593 0
    endloop
  endfacet
  facet normal 0 0 -1
    outer loop
      vertex 116.79999999701977 0 0
      vertex 111.5182423009839 9.026645496349593 0
      vertex 111.68749834965547 9.096753647223036 0
    endloop
  endfacet
  facet normal 0 0 -1
    outer loop
      vertex 116.79999999701977 0 0
      vertex 111.68749834965547 9.096753647223036 0
      vertex 111.85 9.181346652052678 0
    endloop
  endfacet
  facet normal 0 0 -1
    outer loop
      vertex 116.79999999701977 0 0
      vertex 111.85 9.181346652052678 0
      vertex 112.00451051633719 9.279780706993117 0
    endloop
  endfacet
  facet normal 0 0 -1
    outer loop
      vertex 116.79999999701977 0 0
      vertex 112.00451051633719 9.279780706993117 0
      vertex 112.14985398034173 9.391306669450145 0
    endloop
  endfacet
  facet normal 0 0 -1
    outer loop
      vertex 116.79999999701977 0 0
      vertex 112.14985398034173 9.391306669450145 0
      vertex 112.28492424049175 9.51507575950825 0
    endloop
  endfacet
  facet normal 0 0 -1
    outer loop
      vertex 116.79999999701977 0 0
      vertex 112.28492424049175 9.51507575950825 0
      vertex 112.40869333054985 9.650146019658267 0
    endloop
  endfacet
  facet normal 0 0 -1
    outer loop
      vertex 116.79999999701977 0 0
      vertex 112.40869333054985 9.650146019658267 0
      vertex 112.52021929300687 9.795489483662804 0
    endloop
  endfacet
  facet normal 0 0 -1
    outer loop
      vertex 116.79999999701977 0 0
      vertex 112.52021929300687 9.795489483662804 0
      vertex 112.61865334794732 9.95 0
    endloop
  endfacet
  facet normal 0 0 -1
    outer loop
      vertex 116.79999999701977 0 0
      vertex 112.61865334794732 9.95 0
      vertex 112.70324635277696 10.112501650344532 0
    endloop
  endfacet
  facet normal 0 0 -1
    outer loop
      vertex 116.79999999701977 0 0
      vertex 112.70324635277696 10.112501650344532 0
      vertex 112.77335450365041 10.281757699016095 0
    endloop
  endfacet
  facet normal 0 0 -1
    outer loop
      vertex 116.79999999701977 0 0
      vertex 112.77335450365041 10.281757699016095 0
      vertex 112.82844423520704 10.456480005284707 0
    endloop
  endfacet
  facet normal 0 0 -1
    outer loop
      vertex 116.79999999701977 0 0
      vertex 112.82844423520704 10.456480005284707 0
      vertex 112.86809628132563 10.635338826899446 0
    endloop
  endfacet
  facet normal 0 0 -1
    outer loop
      vertex 116.79999999701977 0 0
      vertex 112.86809628132563 10.635338826899446 0
      vertex 112.89200886599266 10.816972940229919 0
    endloop
  endfacet
  facet normal 0 0 -1
    outer loop
      vertex 116.79999999701977 0 0
      vertex 112.89200886599266 11.183027059770081 0
      vertex 112.86809628132563 11.364661173100554 0
    endloop
  endfacet
  facet normal 0 0 -1
    outer loop
      vertex 116.79999999701977 0 0
      vertex 112.86809628132563 11.364661173100554 0
      vertex 112.7847787886858 12.651377029716969 0
    endloop
  endfacet
  facet normal 0 0 -1
    outer loop
      vertex 116.79999999701977 0 0
      vertex 112.7847787886858 12.651377029716969 0
      vertex 112.79999999701977 13 0
    endloop
  endfacet
  facet normal 0 0 -1
    outer loop
      vertex 116.79999999701977 0 0
      vertex 112.89200886599266 10.816972940229919 0
      vertex 112.89999999999999 11 0
    endloop
  endfacet
  facet normal 0 0 -1
    outer loop
      vertex 116.79999999701977 0 0
      vertex 112.89999999999999 11 0
      vertex 112.89200886599266 11.183027059770081 0
    endloop
  endfacet
  facet normal 0 0 -1
    outer loop
      vertex 112.66345510602483 11.963936623476211 0
      vertex 112.66370330750942 11.964723818004131 0
      vertex 112.70324635277696 11.887498349655468 0
    endloop
  endfacet
  facet normal 0 0 -1
    outer loop
      vertex 112.70324635277696 11.887498349655468 0
      vertex 112.73923101276159 12.305407285690308 0
      vertex 112.77335450365041 11.718242300983905 0
    endloop
  endfacet
  facet normal 0 0 -1
    outer loop
      vertex 112.70324635277696 11.887498349655468 0
      vertex 112.66370330750942 11.964723818004131 0
      vertex 112.73923101276159 12.305407285690308 0
    endloop
  endfacet
  facet normal 0 0 -1
    outer loop
      vertex 112.77335450365041 11.718242300983905 0
      vertex 112.73923101276159 12.305407285690308 0
      vertex 112.82844423520704 11.543519994715293 0
    endloop
  endfacet
  facet normal 0 0 -1
    outer loop
      vertex 112.82844423520704 11.543519994715293 0
      vertex 112.7847787886858 12.651377029716969 0
      vertex 112.86809628132563 11.364661173100554 0
    endloop
  endfacet
  facet normal 0 0 -1
    outer loop
      vertex 112.73923101276159 12.305407285690308 0
      vertex 112.7847787886858 12.651377029716969 0
      vertex 112.82844423520704 11.543519994715293 0
    endloop
  endfacet
  facet normal 0 -1 0
    outer loop
      vertex 116.79999999701977 0 0
      vertex 88.44 0 22
      vertex 69.9 0 22
    endloop
  endfacet
  facet normal 0 -1 0
    outer loop
      vertex 116.79999999701977 0 0
      vertex 106.44 0 22
      vertex 88.44 0 22
    endloop
  endfacet
  facet normal 0.043619389272507574 -0.9990482214985889 0
    outer loop
      vertex 116.79999999701977 0 0
      vertex 117.2357787117362 0.019026510417461395 0
      vertex 116.79999999701977 0 35
    endloop
  endfacet
  facet normal 0.13052618297990562 -0.9914448625902987 0
    outer loop
      vertex 117.2357787117362 0.019026510417461395 0
      vertex 117.66824088990688 0.07596123218536377 0
      vertex 117.2357787117362 0.019026510417461395 35
    endloop
  endfacet
  facet normal 0.21643962381545717 -0.9762960049301767 0
    outer loop
      vertex 117.66824088990688 0.07596123218536377 0
      vertex 118.09409522265196 0.17037086933851242 0
      vertex 117.66824088990688 0.07596123218536377 35
    endloop
  endfacet
  facet normal 0.30070579561582766 -0.953716951974249 0
    outer loop
      vertex 118.09409522265196 0.17037086933851242 0
      vertex 118.51010071486235 0.3015368953347206 0
      vertex 118.09409522265196 0.17037086933851242 35
    endloop
  endfacet
  facet normal 0.38268343509767255 -0.9238795313794138 0
    outer loop
      vertex 118.51010071486235 0.3015368953347206 0
      vertex 118.91309130936861 0.4684610664844513 0
      vertex 118.51010071486235 0.3015368953347206 35
    endloop
  endfacet
  facet normal 0.4617486194440415 -0.8870108299460169 0
    outer loop
      vertex 118.91309130936861 0.4684610664844513 0
      vertex 119.29999999701977 0.669872984290123 0
      vertex 118.91309130936861 0.4684610664844513 35
    endloop
  endfacet
  facet normal 0.5372996043801358 -0.8433914483399445 0
    outer loop
      vertex 119.29999999701977 0.669872984290123 0
      vertex 119.66788218170404 0.9042397812008858 0
      vertex 119.29999999701977 0.669872984290123 35
    endloop
  endfacet
  facet normal 0.6087614214860658 -0.7933533460635711 0
    outer loop
      vertex 119.66788218170404 0.9042397812008858 0
      vertex 120.01393804699183 1.1697777807712555 0
      vertex 119.66788218170404 0.9042397812008858 35
    endloop
  endfacet
  facet normal 0.6755902075514953 -0.7372773368689203 0
    outer loop
      vertex 120.01393804699183 1.1697777807712555 0
      vertex 120.33553390949965 1.4644660949707031 0
      vertex 120.01393804699183 1.1697777807712555 35
    endloop
  endfacet
  facet normal 0.7372773375807702 -0.6755902067746474 0
    outer loop
      vertex 120.33553390949965 1.4644660949707031 0
      vertex 120.63022221624851 1.7860619500279427 0
      vertex 120.33553390949965 1.4644660949707031 35
    endloop
  endfacet
  facet normal 0.7933533378141335 -0.6087614322369422 0
    outer loop
      vertex 120.63022221624851 1.7860619500279427 0
      vertex 120.89576022326946 2.1321178153157234 0
      vertex 120.63022221624851 1.7860619500279427 35
    endloop
  endfacet
  facet normal 0.8433914483399445 -0.5372996043801358 0
    outer loop
      vertex 120.89576022326946 2.1321178153157234 0
      vertex 121.13012702018023 2.5 0
      vertex 120.89576022326946 2.1321178153157234 35
    endloop
  endfacet
  facet normal 0.8870108299460169 -0.4617486194440415 0
    outer loop
      vertex 121.13012702018023 2.5 0
      vertex 121.3315389379859 2.8869086876511574 0
      vertex 121.13012702018023 2.5 35
    endloop
  endfacet
  facet normal 0.9238795374184212 -0.382683420518219 0
    outer loop
      vertex 121.3315389379859 2.8869086876511574 0
      vertex 121.49846310168505 3.289899282157421 0
      vertex 121.3315389379859 2.8869086876511574 35
    endloop
  endfacet
  facet normal 0.9537169470756505 -0.30070581115219774 0
    outer loop
      vertex 121.49846310168505 3.289899282157421 0
      vertex 121.62962913513184 3.7059047743678093 0
      vertex 121.49846310168505 3.289899282157421 35
    endloop
  endfacet
  facet normal 0.9762960093396984 -0.21643960392538955 0
    outer loop
      vertex 121.62962913513184 3.7059047743678093 0
      vertex 121.7240387648344 4.131759114563465 0
      vertex 121.62962913513184 3.7059047743678093 35
    endloop
  endfacet
  facet normal 0.9914448600888599 -0.13052620198021944 0
    outer loop
      vertex 121.7240387648344 4.131759114563465 0
      vertex 121.78097349405289 4.5642212852835655 0
      vertex 121.7240387648344 4.131759114563465 35
    endloop
  endfacet
  facet normal 0.9990482222429377 -0.043619372224114224 0
    outer loop
      vertex 121.78097349405289 4.5642212852835655 0
      vertex 121.79999999701977 5 0
      vertex 121.78097349405289 4.5642212852835655 35
    endloop
  endfacet
  facet normal 0 0 -1
    outer loop
      vertex 116.79999999701977 0 0
      vertex 112.79999999701977 13 0
      vertex 112.79999999701977 58.79999999701977 0
    endloop
  endfacet
  facet normal 0 0 -1
    outer loop
      vertex 116.79999999701977 0 0
      vertex 116.79999999701977 71.79999999701977 0
      vertex 117.2357787117362 0.019026510417461395 0
    endloop
  endfacet
  facet normal 0 0 -1
    outer loop
      vertex 117.2357787117362 0.019026510417461395 0
      vertex 117.2357787117362 71.78097349405289 0
      vertex 117.66824088990688 0.07596123218536377 0
    endloop
  endfacet
  facet normal 0 0 -1
    outer loop
      vertex 117.66824088990688 0.07596123218536377 0
      vertex 117.66824088990688 71.7240387648344 0
      vertex 118.09409522265196 0.17037086933851242 0
    endloop
  endfacet
  facet normal 0 0 -1
    outer loop
      vertex 118.09409522265196 0.17037086933851242 0
      vertex 118.09409522265196 71.62962913513184 0
      vertex 118.51010071486235 0.3015368953347206 0
    endloop
  endfacet
  facet normal 0 0 -1
    outer loop
      vertex 118.51010071486235 0.3015368953347206 0
      vertex 118.51010071486235 71.49846310168505 0
      vertex 118.91309130936861 0.4684610664844513 0
    endloop
  endfacet
  facet normal 0 0 -1
    outer loop
      vertex 118.91309130936861 0.4684610664844513 0
      vertex 118.91309130936861 71.3315389379859 0
      vertex 119.29999999701977 0.669872984290123 0
    endloop
  endfacet
  facet normal 0 0 -1
    outer loop
      vertex 119.29999999701977 0.669872984290123 0
      vertex 119.29999999701977 71.13012702018023 0
      vertex 119.66788218170404 0.9042397812008858 0
    endloop
  endfacet
  facet normal 0 0 -1
    outer loop
      vertex 119.66788218170404 0.9042397812008858 0
      vertex 119.66788218170404 70.89576022326946 0
      vertex 120.01393804699183 1.1697777807712555 0
    endloop
  endfacet
  facet normal 0 0 -1
    outer loop
      vertex 120.01393804699183 1.1697777807712555 0
      vertex 120.01393804699183 70.63022221624851 0
      vertex 120.33553390949965 1.4644660949707031 0
    endloop
  endfacet
  facet normal 0 0 -1
    outer loop
      vertex 120.33553390949965 1.4644660949707031 0
      vertex 120.33553390949965 70.33553390949965 0
      vertex 120.63022221624851 1.7860619500279427 0
    endloop
  endfacet
  facet normal 0 0 -1
    outer loop
      vertex 120.63022221624851 1.7860619500279427 0
      vertex 120.63022221624851 70.01393804699183 0
      vertex 120.89576022326946 2.1321178153157234 0
    endloop
  endfacet
  facet normal 0 0 -1
    outer loop
      vertex 120.89576022326946 2.1321178153157234 0
      vertex 120.89576022326946 69.66788218170404 0
      vertex 121.13012702018023 2.5 0
    endloop
  endfacet
  facet normal 0 0 -1
    outer loop
      vertex 121.13012702018023 2.5 0
      vertex 121.13012702018023 69.29999999701977 0
      vertex 121.3315389379859 2.8869086876511574 0
    endloop
  endfacet
  facet normal 0 0 -1
    outer loop
      vertex 121.3315389379859 2.8869086876511574 0
      vertex 121.3315389379859 68.91309130936861 0
      vertex 121.49846310168505 3.289899282157421 0
    endloop
  endfacet
  facet normal 0 0 -1
    outer loop
      vertex 121.49846310168505 3.289899282157421 0
      vertex 121.49846310168505 68.51010071486235 0
      vertex 121.62962913513184 3.7059047743678093 0
    endloop
  endfacet
  facet normal 0 0 -1
    outer loop
      vertex 121.62962913513184 3.7059047743678093 0
      vertex 121.62962913513184 68.09409522265196 0
      vertex 121.7240387648344 4.131759114563465 0
    endloop
  endfacet
  facet normal 0 0 -1
    outer loop
      vertex 121.7240387648344 4.131759114563465 0
      vertex 121.7240387648344 67.66824088990688 0
      vertex 121.78097349405289 4.5642212852835655 0
    endloop
  endfacet
  facet normal 0 0 -1
    outer loop
      vertex 121.78097349405289 4.5642212852835655 0
      vertex 121.78097349405289 67.2357787117362 0
      vertex 121.79999999701977 5 0
    endloop
  endfacet
  facet normal 1 0 0
    outer loop
      vertex 121.79999999701977 5 0
      vertex 121.79999999701977 66.79999999701977 0
      vertex 121.79999999701977 26.9 22
    endloop
  endfacet
  facet normal 0 -1 0
    outer loop
      vertex 69.9 0 35
      vertex 69.9 0 22
      vertex 88.44 0 35
    endloop
  endfacet
  facet normal 0 0 1
    outer loop
      vertex 69.9 0 35
      vertex 88.44 0 35
      vertex 69.9 3.4 35
    endloop
  endfacet
  facet normal 0 -1 0
    outer loop
      vertex 69.9 0 22
      vertex 88.44 0 22
      vertex 88.44 0 35
    endloop
  endfacet
  facet normal 0 0 1
    outer loop
      vertex 88.44 0 35
      vertex 88.44 3.4 35
      vertex 69.9 3.4 35
    endloop
  endfacet
  facet normal 0 -1 0
    outer loop
      vertex 116.79999999701977 0 0
      vertex 116.79999999701977 0 35
      vertex 106.44 0 22
    endloop
  endfacet
  facet normal 0.043619389272507574 -0.9990482214985889 0
    outer loop
      vertex 117.2357787117362 0.019026510417461395 0
      vertex 117.2357787117362 0.019026510417461395 35
      vertex 116.79999999701977 0 35
    endloop
  endfacet
  facet normal 0.13052618297990562 -0.9914448625902987 0
    outer loop
      vertex 117.66824088990688 0.07596123218536377 0
      vertex 117.66824088990688 0.07596123218536377 35
      vertex 117.2357787117362 0.019026510417461395 35
    endloop
  endfacet
  facet normal 0.21643962381545717 -0.9762960049301767 0
    outer loop
      vertex 118.09409522265196 0.17037086933851242 0
      vertex 118.09409522265196 0.17037086933851242 35
      vertex 117.66824088990688 0.07596123218536377 35
    endloop
  endfacet
  facet normal 0.30070579561582766 -0.953716951974249 0
    outer loop
      vertex 118.51010071486235 0.3015368953347206 0
      vertex 118.51010071486235 0.3015368953347206 35
      vertex 118.09409522265196 0.17037086933851242 35
    endloop
  endfacet
  facet normal 0.38268343509767255 -0.9238795313794138 0
    outer loop
      vertex 118.91309130936861 0.4684610664844513 0
      vertex 118.91309130936861 0.4684610664844513 35
      vertex 118.51010071486235 0.3015368953347206 35
    endloop
  endfacet
  facet normal 0.4617486194440415 -0.8870108299460169 0
    outer loop
      vertex 119.29999999701977 0.669872984290123 0
      vertex 119.29999999701977 0.669872984290123 35
      vertex 118.91309130936861 0.4684610664844513 35
    endloop
  endfacet
  facet normal 0.5372996043801358 -0.8433914483399445 0
    outer loop
      vertex 119.66788218170404 0.9042397812008858 0
      vertex 119.66788218170404 0.9042397812008858 35
      vertex 119.29999999701977 0.669872984290123 35
    endloop
  endfacet
  facet normal 0.6087614214860658 -0.7933533460635711 0
    outer loop
      vertex 120.01393804699183 1.1697777807712555 0
      vertex 120.01393804699183 1.1697777807712555 35
      vertex 119.66788218170404 0.9042397812008858 35
    endloop
  endfacet
  facet normal 0.6755902075514953 -0.7372773368689203 0
    outer loop
      vertex 120.33553390949965 1.4644660949707031 0
      vertex 120.33553390949965 1.4644660949707031 35
      vertex 120.01393804699183 1.1697777807712555 35
    endloop
  endfacet
  facet normal 0.7372773375807702 -0.6755902067746474 0
    outer loop
      vertex 120.63022221624851 1.7860619500279427 0
      vertex 120.63022221624851 1.7860619500279427 35
      vertex 120.33553390949965 1.4644660949707031 35
    endloop
  endfacet
  facet normal 0.7933533378141335 -0.6087614322369422 0
    outer loop
      vertex 120.89576022326946 2.1321178153157234 0
      vertex 120.89576022326946 2.1321178153157234 35
      vertex 120.63022221624851 1.7860619500279427 35
    endloop
  endfacet
  facet normal 0.8433914483399445 -0.5372996043801358 0
    outer loop
      vertex 121.13012702018023 2.5 0
      vertex 121.13012702018023 2.5 35
      vertex 120.89576022326946 2.1321178153157234 35
    endloop
  endfacet
  facet normal 0.8870108299460169 -0.4617486194440415 0
    outer loop
      vertex 121.3315389379859 2.8869086876511574 0
      vertex 121.3315389379859 2.8869086876511574 35
      vertex 121.13012702018023 2.5 35
    endloop
  endfacet
  facet normal 0.9238795374184212 -0.382683420518219 0
    outer loop
      vertex 121.49846310168505 3.289899282157421 0
      vertex 121.49846310168505 3.289899282157421 35
      vertex 121.3315389379859 2.8869086876511574 35
    endloop
  endfacet
  facet normal 0.9537169470756505 -0.30070581115219774 0
    outer loop
      vertex 121.62962913513184 3.7059047743678093 0
      vertex 121.62962913513184 3.7059047743678093 35
      vertex 121.49846310168505 3.289899282157421 35
    endloop
  endfacet
  facet normal 0.9762960093396984 -0.21643960392538955 0
    outer loop
      vertex 121.7240387648344 4.131759114563465 0
      vertex 121.7240387648344 4.131759114563465 35
      vertex 121.62962913513184 3.7059047743678093 35
    endloop
  endfacet
  facet normal 0.9914448600888599 -0.13052620198021944 0
    outer loop
      vertex 121.78097349405289 4.5642212852835655 0
      vertex 121.78097349405289 4.5642212852835655 35
      vertex 121.7240387648344 4.131759114563465 35
    endloop
  endfacet
  facet normal 0.9990482222429377 -0.043619372224114224 0
    outer loop
      vertex 121.79999999701977 5 0
      vertex 121.79999999701977 5 35
      vertex 121.78097349405289 4.5642212852835655 35
    endloop
  endfacet
  facet normal 1 0 0
    outer loop
      vertex 121.79999999701977 5 0
      vertex 121.79999999701977 26.9 22
      vertex 121.79999999701977 5 35
    endloop
  endfacet
  facet normal 0 -1 0
    outer loop
      vertex 116.79999999701977 0 35
      vertex 106.44 0 35
      vertex 106.44 0 22
    endloop
  endfacet
  facet normal 0 0 1
    outer loop
      vertex 116.79999999701977 0 35
      vertex 106.44 3.4 35
      vertex 106.44 0 35
    endloop
  endfacet
  facet normal 0 0 1
    outer loop
      vertex 116.79999999701977 0 35
      vertex 117.2357787117362 0.019026510417461395 35
      vertex 106.44 3.4 35
    endloop
  endfacet
  facet normal 0 0 1
    outer loop
      vertex 117.2357787117362 0.019026510417461395 35
      vertex 117.66824088990688 0.07596123218536377 35
      vertex 106.44 3.4 35
    endloop
  endfacet
  facet normal 0 0 1
    outer loop
      vertex 117.66824088990688 0.07596123218536377 35
      vertex 117.4 3.4 35
      vertex 106.44 3.4 35
    endloop
  endfacet
  facet normal 0 0 1
    outer loop
      vertex 117.66824088990688 0.07596123218536377 35
      vertex 118.09409522265196 0.17037086933851242 35
      vertex 117.66146722584963 3.4114159062504767 35
    endloop
  endfacet
  facet normal 0 0 1
    outer loop
      vertex 117.66824088990688 0.07596123218536377 35
      vertex 117.66146722584963 3.4114159062504767 35
      vertex 117.4 3.4 35
    endloop
  endfacet
  facet normal 0 0 1
    outer loop
      vertex 118.09409522265196 0.17037086933851242 35
      vertex 117.92094453573227 3.4455767437815665 35
      vertex 117.66146722584963 3.4114159062504767 35
    endloop
  endfacet
  facet normal 0 0 1
    outer loop
      vertex 118.09409522265196 0.17037086933851242 35
      vertex 118.51010071486235 0.3015368953347206 35
      vertex 117.92094453573227 3.4455767437815665 35
    endloop
  endfacet
  facet normal 0 0 1
    outer loop
      vertex 118.51010071486235 0.3015368953347206 35
      vertex 118.91309130936861 0.4684610664844513 35
      vertex 118.42606043219567 3.580922135710716 35
    endloop
  endfacet
  facet normal 0 0 1
    outer loop
      vertex 118.91309130936861 0.4684610664844513 35
      vertex 119.29999999701977 0.669872984290123 35
      vertex 118.9 3.8019237905740737 35
    endloop
  endfacet
  facet normal 0 0 1
    outer loop
      vertex 119.29999999701977 0.669872984290123 35
      vertex 119.66788218170404 0.9042397812008858 35
      vertex 119.12072930634022 3.942543865740299 35
    endloop
  endfacet
  facet normal 0 0 1
    outer loop
      vertex 119.66788218170404 0.9042397812008858 35
      vertex 120.01393804699183 1.1697777807712555 35
      vertex 119.5213203445077 4.278679655492306 35
    endloop
  endfacet
  facet normal 0 0 1
    outer loop
      vertex 118.51010071486235 0.3015368953347206 35
      vertex 118.17645713835955 3.5022225245833396 35
      vertex 117.92094453573227 3.4455767437815665 35
    endloop
  endfacet
  facet normal 0 0 1
    outer loop
      vertex 118.51010071486235 0.3015368953347206 35
      vertex 118.42606043219567 3.580922135710716 35
      vertex 118.17645713835955 3.5022225245833396 35
    endloop
  endfacet
  facet normal 0 0 1
    outer loop
      vertex 118.91309130936861 0.4684610664844513 35
      vertex 118.66785478740931 3.6810766398906707 35
      vertex 118.42606043219567 3.580922135710716 35
    endloop
  endfacet
  facet normal 0 0 1
    outer loop
      vertex 118.91309130936861 0.4684610664844513 35
      vertex 118.9 3.8019237905740737 35
      vertex 118.66785478740931 3.6810766398906707 35
    endloop
  endfacet
  facet normal 0 0 1
    outer loop
      vertex 119.29999999701977 0.669872984290123 35
      vertex 119.12072930634022 3.942543865740299 35
      vertex 118.9 3.8019237905740737 35
    endloop
  endfacet
  facet normal 0 0 1
    outer loop
      vertex 119.66788218170404 0.9042397812008858 35
      vertex 119.32836283147336 4.101866671442986 35
      vertex 119.12072930634022 3.942543865740299 35
    endloop
  endfacet
  facet normal 0 0 1
    outer loop
      vertex 119.66788218170404 0.9042397812008858 35
      vertex 119.5213203445077 4.278679655492306 35
      vertex 119.32836283147336 4.101866671442986 35
    endloop
  endfacet
  facet normal 0 0 1
    outer loop
      vertex 120.01393804699183 1.1697777807712555 35
      vertex 119.69813332855702 4.47163716852665 35
      vertex 119.5213203445077 4.278679655492306 35
    endloop
  endfacet
  facet normal 0 0 1
    outer loop
      vertex 120.01393804699183 1.1697777807712555 35
      vertex 119.8574561342597 4.679270693659783 35
      vertex 119.69813332855702 4.47163716852665 35
    endloop
  endfacet
  facet normal 0 0 1
    outer loop
      vertex 120.01393804699183 1.1697777807712555 35
      vertex 120.33553390949965 1.4644660949707031 35
      vertex 119.99807620942593 4.9 35
    endloop
  endfacet
  facet normal 0 0 1
    outer loop
      vertex 120.33553390949965 1.4644660949707031 35
      vertex 120.63022221624851 1.7860619500279427 35
      vertex 120.29777747541667 5.623542861640454 35
    endloop
  endfacet
  facet normal 0 0 1
    outer loop
      vertex 120.01393804699183 1.1697777807712555 35
      vertex 119.99807620942593 4.9 35
      vertex 119.8574561342597 4.679270693659783 35
    endloop
  endfacet
  facet normal 0 0 1
    outer loop
      vertex 120.33553390949965 1.4644660949707031 35
      vertex 120.11892336010933 5.132145212590695 35
      vertex 119.99807620942593 4.9 35
    endloop
  endfacet
  facet normal 0 0 1
    outer loop
      vertex 120.33553390949965 1.4644660949707031 35
      vertex 120.21907786428929 5.373939567804337 35
      vertex 120.11892336010933 5.132145212590695 35
    endloop
  endfacet
  facet normal 0 0 1
    outer loop
      vertex 120.33553390949965 1.4644660949707031 35
      vertex 120.29777747541667 5.623542861640454 35
      vertex 120.21907786428929 5.373939567804337 35
    endloop
  endfacet
  facet normal 0 0 1
    outer loop
      vertex 120.63022221624851 1.7860619500279427 35
      vertex 120.35442325621844 5.879055464267731 35
      vertex 120.29777747541667 5.623542861640454 35
    endloop
  endfacet
  facet normal 0 0 1
    outer loop
      vertex 120.63022221624851 1.7860619500279427 35
      vertex 120.38858409374953 6.138532774150372 35
      vertex 120.35442325621844 5.879055464267731 35
    endloop
  endfacet
  facet normal 0 0 1
    outer loop
      vertex 120.63022221624851 1.7860619500279427 35
      vertex 120.4 6.4 35
      vertex 120.38858409374953 6.138532774150372 35
    endloop
  endfacet
  facet normal 0 0 1
    outer loop
      vertex 120.63022221624851 1.7860619500279427 35
      vertex 120.89576022326946 2.1321178153157234 35
      vertex 120.4 26.9 35
    endloop
  endfacet
  facet normal 0 0 1
    outer loop
      vertex 120.89576022326946 2.1321178153157234 35
      vertex 121.13012702018023 2.5 35
      vertex 120.4 26.9 35
    endloop
  endfacet
  facet normal 0 0 1
    outer loop
      vertex 121.13012702018023 2.5 35
      vertex 121.3315389379859 2.8869086876511574 35
      vertex 120.4 26.9 35
    endloop
  endfacet
  facet normal 0 0 1
    outer loop
      vertex 121.3315389379859 2.8869086876511574 35
      vertex 121.49846310168505 3.289899282157421 35
      vertex 120.4 26.9 35
    endloop
  endfacet
  facet normal 0 0 1
    outer loop
      vertex 120.63022221624851 1.7860619500279427 35
      vertex 120.4 26.9 35
      vertex 120.4 6.4 35
    endloop
  endfacet
  facet normal 0 0 1
    outer loop
      vertex 121.49846310168505 3.289899282157421 35
      vertex 121.62962913513184 3.7059047743678093 35
      vertex 120.4 26.9 35
    endloop
  endfacet
  facet normal 0 0 1
    outer loop
      vertex 121.62962913513184 3.7059047743678093 35
      vertex 121.7240387648344 4.131759114563465 35
      vertex 120.4 26.9 35
    endloop
  endfacet
  facet normal 0 0 1
    outer loop
      vertex 121.7240387648344 4.131759114563465 35
      vertex 121.78097349405289 4.5642212852835655 35
      vertex 120.4 26.9 35
    endloop
  endfacet
  facet normal 0 0 1
    outer loop
      vertex 121.78097349405289 4.5642212852835655 35
      vertex 121.79999999701977 5 35
      vertex 120.4 26.9 35
    endloop
  endfacet
  facet normal 1 0 0
    outer loop
      vertex 121.79999999701977 5 35
      vertex 121.79999999701977 26.9 22
      vertex 121.79999999701977 26.9 35
    endloop
  endfacet
  facet normal 0 0 1
    outer loop
      vertex 121.79999999701977 5 35
      vertex 121.79999999701977 26.9 35
      vertex 120.4 26.9 35
    endloop
  endfacet
  facet normal 0 1 0
    outer loop
      vertex 5 71.79999999701977 0
      vertex 106.44 71.79999999701977 22
      vertex 116.79999999701977 71.79999999701977 0
    endloop
  endfacet
  facet normal 0 0 -1
    outer loop
      vertex 116.79999999701977 71.79999999701977 0
      vertex 108.79999999701977 62.79999999701977 0
      vertex 13 62.79999999701977 0
    endloop
  endfacet
  facet normal 0 1 0
    outer loop
      vertex 5 71.79999999701977 0
      vertex 88.44 71.79999999701977 22
      vertex 106.44 71.79999999701977 22
    endloop
  endfacet
  facet normal 0 0 -1
    outer loop
      vertex 116.79999999701977 0 0
      vertex 112.79999999701977 58.79999999701977 0
      vertex 112.77335450365041 60.081757699016094 0
    endloop
  endfacet
  facet normal 0 0 -1
    outer loop
      vertex 116.79999999701977 0 0
      vertex 112.77335450365041 60.081757699016094 0
      vertex 112.82844423520704 60.2564800052847 0
    endloop
  endfacet
  facet normal 0 0 -1
    outer loop
      vertex 116.79999999701977 0 0
      vertex 112.82844423520704 60.2564800052847 0
      vertex 112.86809628132563 60.43533882689945 0
    endloop
  endfacet
  facet normal 0 0 -1
    outer loop
      vertex 116.79999999701977 0 0
      vertex 112.86809628132563 60.43533882689945 0
      vertex 112.89200886599266 60.616972940229914 0
    endloop
  endfacet
  facet normal 0 0 -1
    outer loop
      vertex 116.79999999701977 0 0
      vertex 112.89200886599266 60.616972940229914 0
      vertex 112.89999999999999 60.8 0
    endloop
  endfacet
  facet normal 0 0 -1
    outer loop
      vertex 116.79999999701977 0 0
      vertex 112.89999999999999 60.8 0
      vertex 112.89200886599266 60.98302705977008 0
    endloop
  endfacet
  facet normal 0 0 -1
    outer loop
      vertex 116.79999999701977 0 0
      vertex 112.89200886599266 60.98302705977008 0
      vertex 116.79999999701977 71.79999999701977 0
    endloop
  endfacet
  facet normal 0 0 -1
    outer loop
      vertex 117.2357787117362 0.019026510417461395 0
      vertex 116.79999999701977 71.79999999701977 0
      vertex 117.2357787117362 71.78097349405289 0
    endloop
  endfacet
  facet normal 0 0 -1
    outer loop
      vertex 117.66824088990688 0.07596123218536377 0
      vertex 117.2357787117362 71.78097349405289 0
      vertex 117.66824088990688 71.7240387648344 0
    endloop
  endfacet
  facet normal 0 0 -1
    outer loop
      vertex 118.09409522265196 0.17037086933851242 0
      vertex 117.66824088990688 71.7240387648344 0
      vertex 118.09409522265196 71.62962913513184 0
    endloop
  endfacet
  facet normal 0 0 -1
    outer loop
      vertex 121.79999999701977 5 0
      vertex 121.78097349405289 67.2357787117362 0
      vertex 121.79999999701977 66.79999999701977 0
    endloop
  endfacet
  facet normal 0 0 -1
    outer loop
      vertex 121.78097349405289 4.5642212852835655 0
      vertex 121.7240387648344 67.66824088990688 0
      vertex 121.78097349405289 67.2357787117362 0
    endloop
  endfacet
  facet normal 0 0 -1
    outer loop
      vertex 121.3315389379859 2.8869086876511574 0
      vertex 121.13012702018023 69.29999999701977 0
      vertex 121.3315389379859 68.91309130936861 0
    endloop
  endfacet
  facet normal 0 0 -1
    outer loop
      vertex 121.7240387648344 4.131759114563465 0
      vertex 121.62962913513184 68.09409522265196 0
      vertex 121.7240387648344 67.66824088990688 0
    endloop
  endfacet
  facet normal 0 0 -1
    outer loop
      vertex 121.62962913513184 3.7059047743678093 0
      vertex 121.49846310168505 68.51010071486235 0
      vertex 121.62962913513184 68.09409522265196 0
    endloop
  endfacet
  facet normal 0 0 -1
    outer loop
      vertex 121.49846310168505 3.289899282157421 0
      vertex 121.3315389379859 68.91309130936861 0
      vertex 121.49846310168505 68.51010071486235 0
    endloop
  endfacet
  facet normal 0 0 -1
    outer loop
      vertex 118.51010071486235 0.3015368953347206 0
      vertex 118.09409522265196 71.62962913513184 0
      vertex 118.51010071486235 71.49846310168505 0
    endloop
  endfacet
  facet normal 0 0 -1
    outer loop
      vertex 118.91309130936861 0.4684610664844513 0
      vertex 118.51010071486235 71.49846310168505 0
      vertex 118.91309130936861 71.3315389379859 0
    endloop
  endfacet
  facet normal 0 0 -1
    outer loop
      vertex 119.66788218170404 0.9042397812008858 0
      vertex 119.29999999701977 71.13012702018023 0
      vertex 119.66788218170404 70.89576022326946 0
    endloop
  endfacet
  facet normal 0 0 -1
    outer loop
      vertex 119.29999999701977 0.669872984290123 0
      vertex 118.91309130936861 71.3315389379859 0
      vertex 119.29999999701977 71.13012702018023 0
    endloop
  endfacet
  facet normal 0 0 -1
    outer loop
      vertex 120.01393804699183 1.1697777807712555 0
      vertex 119.66788218170404 70.89576022326946 0
      vertex 120.01393804699183 70.63022221624851 0
    endloop
  endfacet
  facet normal 0 0 -1
    outer loop
      vertex 120.33553390949965 1.4644660949707031 0
      vertex 120.01393804699183 70.63022221624851 0
      vertex 120.33553390949965 70.33553390949965 0
    endloop
  endfacet
  facet normal 0 0 -1
    outer loop
      vertex 120.63022221624851 1.7860619500279427 0
      vertex 120.33553390949965 70.33553390949965 0
      vertex 120.63022221624851 70.01393804699183 0
    endloop
  endfacet
  facet normal 0 0 -1
    outer loop
      vertex 120.89576022326946 2.1321178153157234 0
      vertex 120.63022221624851 70.01393804699183 0
      vertex 120.89576022326946 69.66788218170404 0
    endloop
  endfacet
  facet normal 0 0 -1
    outer loop
      vertex 121.13012702018023 2.5 0
      vertex 120.89576022326946 69.66788218170404 0
      vertex 121.13012702018023 69.29999999701977 0
    endloop
  endfacet
  facet normal 1 0 0
    outer loop
      vertex 121.79999999701977 66.79999999701977 0
      vertex 121.79999999701977 44.9 22
      vertex 121.79999999701977 26.9 22
    endloop
  endfacet
  facet normal 0 0 -1
    outer loop
      vertex 112.79999999701977 58.79999999701977 0
      vertex 112.7847787886858 59.1486229673028 0
      vertex 112.77335450365041 60.081757699016094 0
    endloop
  endfacet
  facet normal 0 0 -1
    outer loop
      vertex 112.73923101276159 59.49459271132946 0
      vertex 112.66370330750942 59.835276179015636 0
      vertex 112.70324635277696 59.91250165034453 0
    endloop
  endfacet
  facet normal 0 0 -1
    outer loop
      vertex 112.66345510544308 59.836063375406255 0
      vertex 112.70324635277696 59.91250165034453 0
      vertex 112.66370330750942 59.835276179015636 0
    endloop
  endfacet
  facet normal 0 0 -1
    outer loop
      vertex 112.73923101276159 59.49459271132946 0
      vertex 112.70324635277696 59.91250165034453 0
      vertex 112.77335450365041 60.081757699016094 0
    endloop
  endfacet
  facet normal 0 0 -1
    outer loop
      vertex 112.7847787886858 59.1486229673028 0
      vertex 112.73923101276159 59.49459271132946 0
      vertex 112.77335450365041 60.081757699016094 0
    endloop
  endfacet
  facet normal 0 0 -1
    outer loop
      vertex 116.79999999701977 71.79999999701977 0
      vertex 112.89200886599266 60.98302705977008 0
      vertex 112.86809628132563 61.16466117310055 0
    endloop
  endfacet
  facet normal 0 0 -1
    outer loop
      vertex 116.79999999701977 71.79999999701977 0
      vertex 112.86809628132563 61.16466117310055 0
      vertex 112.82844423520704 61.343519994715294 0
    endloop
  endfacet
  facet normal 0 0 -1
    outer loop
      vertex 116.79999999701977 71.79999999701977 0
      vertex 112.82844423520704 61.343519994715294 0
      vertex 112.77335450365041 61.5182423009839 0
    endloop
  endfacet
  facet normal 0 0 -1
    outer loop
      vertex 116.79999999701977 71.79999999701977 0
      vertex 112.77335450365041 61.5182423009839 0
      vertex 112.70324635277696 61.68749834965546 0
    endloop
  endfacet
  facet normal 0 0 -1
    outer loop
      vertex 116.79999999701977 71.79999999701977 0
      vertex 109.1486229673028 62.7847787886858 0
      vertex 108.79999999701977 62.79999999701977 0
    endloop
  endfacet
  facet normal 0 0 -1
    outer loop
      vertex 116.79999999701977 71.79999999701977 0
      vertex 109.83527617901564 62.66370330750942 0
      vertex 109.49459271132946 62.73923101276159 0
    endloop
  endfacet
  facet normal 0 0 -1
    outer loop
      vertex 116.79999999701977 71.79999999701977 0
      vertex 109.49459271132946 62.73923101276159 0
      vertex 109.1486229673028 62.7847787886858 0
    endloop
  endfacet
  facet normal 0 0 -1
    outer loop
      vertex 116.79999999701977 71.79999999701977 0
      vertex 109.83606337540624 62.66345510544308 0
      vertex 109.83527617901564 62.66370330750942 0
    endloop
  endfacet
  facet normal 0 0 -1
    outer loop
      vertex 116.79999999701977 71.79999999701977 0
      vertex 109.91250165034452 62.703246352776965 0
      vertex 109.83606337540624 62.66345510544308 0
    endloop
  endfacet
  facet normal 0 0 -1
    outer loop
      vertex 116.79999999701977 71.79999999701977 0
      vertex 110.0817576990161 62.7733545036504 0
      vertex 109.91250165034452 62.703246352776965 0
    endloop
  endfacet
  facet normal 0 0 -1
    outer loop
      vertex 116.79999999701977 71.79999999701977 0
      vertex 110.2564800052847 62.828444235207044 0
      vertex 110.0817576990161 62.7733545036504 0
    endloop
  endfacet
  facet normal 0 0 -1
    outer loop
      vertex 116.79999999701977 71.79999999701977 0
      vertex 110.43533882689944 62.868096281325634 0
      vertex 110.2564800052847 62.828444235207044 0
    endloop
  endfacet
  facet normal 0 0 -1
    outer loop
      vertex 116.79999999701977 71.79999999701977 0
      vertex 110.61697294022991 62.892008865992665 0
      vertex 110.43533882689944 62.868096281325634 0
    endloop
  endfacet
  facet normal 0 0 -1
    outer loop
      vertex 116.79999999701977 71.79999999701977 0
      vertex 110.8 62.9 0
      vertex 110.61697294022991 62.892008865992665 0
    endloop
  endfacet
  facet normal 0 0 -1
    outer loop
      vertex 116.79999999701977 71.79999999701977 0
      vertex 110.98302705977008 62.892008865992665 0
      vertex 110.8 62.9 0
    endloop
  endfacet
  facet normal 0 0 -1
    outer loop
      vertex 116.79999999701977 71.79999999701977 0
      vertex 111.16466117310055 62.868096281325634 0
      vertex 110.98302705977008 62.892008865992665 0
    endloop
  endfacet
  facet normal 0 0 -1
    outer loop
      vertex 116.79999999701977 71.79999999701977 0
      vertex 111.3435199947153 62.828444235207044 0
      vertex 111.16466117310055 62.868096281325634 0
    endloop
  endfacet
  facet normal 0 0 -1
    outer loop
      vertex 116.79999999701977 71.79999999701977 0
      vertex 111.5182423009839 62.7733545036504 0
      vertex 111.3435199947153 62.828444235207044 0
    endloop
  endfacet
  facet normal 0 0 -1
    outer loop
      vertex 116.79999999701977 71.79999999701977 0
      vertex 112.14985398034173 62.40869333054985 0
      vertex 112.00451051633719 62.52021929300688 0
    endloop
  endfacet
  facet normal 0 0 -1
    outer loop
      vertex 116.79999999701977 71.79999999701977 0
      vertex 112.52021929300687 62.00451051633719 0
      vertex 112.40869333054985 62.14985398034173 0
    endloop
  endfacet
  facet normal 0 0 -1
    outer loop
      vertex 116.79999999701977 71.79999999701977 0
      vertex 112.70324635277696 61.68749834965546 0
      vertex 112.61865334794732 61.849999999999994 0
    endloop
  endfacet
  facet normal 0 0 -1
    outer loop
      vertex 116.79999999701977 71.79999999701977 0
      vertex 112.61865334794732 61.849999999999994 0
      vertex 112.52021929300687 62.00451051633719 0
    endloop
  endfacet
  facet normal 0 0 -1
    outer loop
      vertex 116.79999999701977 71.79999999701977 0
      vertex 112.40869333054985 62.14985398034173 0
      vertex 112.28492424049175 62.28492424049175 0
    endloop
  endfacet
  facet normal 0 0 -1
    outer loop
      vertex 116.79999999701977 71.79999999701977 0
      vertex 112.28492424049175 62.28492424049175 0
      vertex 112.14985398034173 62.40869333054985 0
    endloop
  endfacet
  facet normal 0 0 -1
    outer loop
      vertex 116.79999999701977 71.79999999701977 0
      vertex 111.68749834965547 62.703246352776965 0
      vertex 111.5182423009839 62.7733545036504 0
    endloop
  endfacet
  facet normal 0 0 -1
    outer loop
      vertex 116.79999999701977 71.79999999701977 0
      vertex 111.85 62.618653347947316 0
      vertex 111.68749834965547 62.703246352776965 0
    endloop
  endfacet
  facet normal 0 0 -1
    outer loop
      vertex 116.79999999701977 71.79999999701977 0
      vertex 112.00451051633719 62.52021929300688 0
      vertex 111.85 62.618653347947316 0
    endloop
  endfacet
  facet normal 0.9990482222429377 0.043619372224114224 0
    outer loop
      vertex 121.79999999701977 66.79999999701977 0
      vertex 121.78097349405289 67.2357787117362 0
      vertex 121.79999999701977 66.79999999701977 35
    endloop
  endfacet
  facet normal 0.043619372224114224 0.9990482222429377 0
    outer loop
      vertex 116.79999999701977 71.79999999701977 0
      vertex 117.2357787117362 71.78097349405289 35
      vertex 117.2357787117362 71.78097349405289 0
    endloop
  endfacet
  facet normal 0.1305261997697892 0.9914448603798687 0
    outer loop
      vertex 117.2357787117362 71.78097349405289 0
      vertex 117.66824088990688 71.7240387648344 35
      vertex 117.66824088990688 71.7240387648344 0
    endloop
  endfacet
  facet normal 0.21643960753473795 0.9762960085395251 0
    outer loop
      vertex 117.66824088990688 71.7240387648344 0
      vertex 118.09409522265196 71.62962913513184 35
      vertex 118.09409522265196 71.62962913513184 0
    endloop
  endfacet
  facet normal 0.9914448603798687 0.1305261997697892 0
    outer loop
      vertex 121.78097349405289 67.2357787117362 0
      vertex 121.7240387648344 67.66824088990688 0
      vertex 121.78097349405289 67.2357787117362 35
    endloop
  endfacet
  facet normal 0.9762960085395251 0.21643960753473795 0
    outer loop
      vertex 121.7240387648344 67.66824088990688 0
      vertex 121.62962913513184 68.09409522265196 0
      vertex 121.7240387648344 67.66824088990688 35
    endloop
  endfacet
  facet normal 0.9537169470756505 0.30070581115219774 0
    outer loop
      vertex 121.62962913513184 68.09409522265196 0
      vertex 121.49846310168505 68.51010071486235 0
      vertex 121.62962913513184 68.09409522265196 35
    endloop
  endfacet
  facet normal 0.9238795374184212 0.382683420518219 0
    outer loop
      vertex 121.49846310168505 68.51010071486235 0
      vertex 121.3315389379859 68.91309130936861 0
      vertex 121.49846310168505 68.51010071486235 35
    endloop
  endfacet
  facet normal 0.8870108299460169 0.4617486194440415 0
    outer loop
      vertex 121.3315389379859 68.91309130936861 0
      vertex 121.13012702018023 69.29999999701977 0
      vertex 121.3315389379859 68.91309130936861 35
    endloop
  endfacet
  facet normal 0.8433914483399445 0.5372996043801358 0
    outer loop
      vertex 121.13012702018023 69.29999999701977 0
      vertex 120.89576022326946 69.66788218170404 0
      vertex 121.13012702018023 69.29999999701977 35
    endloop
  endfacet
  facet normal 0.30070581115219774 0.9537169470756505 0
    outer loop
      vertex 118.09409522265196 71.62962913513184 0
      vertex 118.51010071486235 71.49846310168505 35
      vertex 118.51010071486235 71.49846310168505 0
    endloop
  endfacet
  facet normal 0.382683420518219 0.9238795374184212 0
    outer loop
      vertex 118.51010071486235 71.49846310168505 0
      vertex 118.91309130936861 71.3315389379859 35
      vertex 118.91309130936861 71.3315389379859 0
    endloop
  endfacet
  facet normal 0.4617486194440415 0.8870108299460169 0
    outer loop
      vertex 118.91309130936861 71.3315389379859 0
      vertex 119.29999999701977 71.13012702018023 35
      vertex 119.29999999701977 71.13012702018023 0
    endloop
  endfacet
  facet normal 0.5372996043801358 0.8433914483399445 0
    outer loop
      vertex 119.29999999701977 71.13012702018023 0
      vertex 119.66788218170404 70.89576022326946 35
      vertex 119.66788218170404 70.89576022326946 0
    endloop
  endfacet
  facet normal 0.7933533378141335 0.6087614322369422 0
    outer loop
      vertex 120.63022221624851 70.01393804699183 0
      vertex 120.89576022326946 69.66788218170404 35
      vertex 120.89576022326946 69.66788218170404 0
    endloop
  endfacet
  facet normal 0.6755901982667003 0.7372773453768674 0
    outer loop
      vertex 120.33553390949965 70.33553390949965 0
      vertex 120.01393804699183 70.63022221624851 0
      vertex 120.33553390949965 70.33553390949965 35
    endloop
  endfacet
  facet normal 0.7372773453768674 0.6755901982667003 0
    outer loop
      vertex 120.63022221624851 70.01393804699183 0
      vertex 120.33553390949965 70.33553390949965 0
      vertex 120.63022221624851 70.01393804699183 35
    endloop
  endfacet
  facet normal 0.6087614322369422 0.7933533378141335 0
    outer loop
      vertex 119.66788218170404 70.89576022326946 0
      vertex 120.01393804699183 70.63022221624851 35
      vertex 120.01393804699183 70.63022221624851 0
    endloop
  endfacet
  facet normal 0 1 0
    outer loop
      vertex 88.44 71.79999999701977 22
      vertex 69.9 71.79999999701977 22
      vertex 69.9 71.79999999701977 35
    endloop
  endfacet
  facet normal 0 0 1
    outer loop
      vertex 69.9 71.79999999701977 35
      vertex 69.9 70.4 35
      vertex 88.44 70.4 35
    endloop
  endfacet
  facet normal 0 1 0
    outer loop
      vertex 69.9 71.79999999701977 35
      vertex 88.44 71.79999999701977 35
      vertex 88.44 71.79999999701977 22
    endloop
  endfacet
  facet normal 0 0 1
    outer loop
      vertex 69.9 71.79999999701977 35
      vertex 88.44 70.4 35
      vertex 88.44 71.79999999701977 35
    endloop
  endfacet
  facet normal 1 0 0
    outer loop
      vertex 121.79999999701977 66.79999999701977 35
      vertex 121.79999999701977 44.9 35
      vertex 121.79999999701977 44.9 22
    endloop
  endfacet
  facet normal 0 0 1
    outer loop
      vertex 120.63022221624851 70.01393804699183 35
      vertex 120.4 44.9 35
      vertex 121.79999999701977 44.9 35
    endloop
  endfacet
  facet normal 1 0 0
    outer loop
      vertex 121.79999999701977 66.79999999701977 0
      vertex 121.79999999701977 66.79999999701977 35
      vertex 121.79999999701977 44.9 22
    endloop
  endfacet
  facet normal 0 1 0
    outer loop
      vertex 116.79999999701977 71.79999999701977 0
      vertex 106.44 71.79999999701977 22
      vertex 106.44 71.79999999701977 35
    endloop
  endfacet
  facet normal 0 1 0
    outer loop
      vertex 116.79999999701977 71.79999999701977 0
      vertex 106.44 71.79999999701977 35
      vertex 116.79999999701977 71.79999999701977 35
    endloop
  endfacet
  facet normal 0.9990482222429377 0.043619372224114224 0
    outer loop
      vertex 121.78097349405289 67.2357787117362 0
      vertex 121.78097349405289 67.2357787117362 35
      vertex 121.79999999701977 66.79999999701977 35
    endloop
  endfacet
  facet normal 0.043619372224114224 0.9990482222429377 0
    outer loop
      vertex 116.79999999701977 71.79999999701977 0
      vertex 116.79999999701977 71.79999999701977 35
      vertex 117.2357787117362 71.78097349405289 35
    endloop
  endfacet
  facet normal 0.1305261997697892 0.9914448603798687 0
    outer loop
      vertex 117.2357787117362 71.78097349405289 0
      vertex 117.2357787117362 71.78097349405289 35
      vertex 117.66824088990688 71.7240387648344 35
    endloop
  endfacet
  facet normal 0.21643960753473795 0.9762960085395251 0
    outer loop
      vertex 117.66824088990688 71.7240387648344 0
      vertex 117.66824088990688 71.7240387648344 35
      vertex 118.09409522265196 71.62962913513184 35
    endloop
  endfacet
  facet normal 0.9914448603798687 0.1305261997697892 0
    outer loop
      vertex 121.7240387648344 67.66824088990688 0
      vertex 121.7240387648344 67.66824088990688 35
      vertex 121.78097349405289 67.2357787117362 35
    endloop
  endfacet
  facet normal 0.9762960085395251 0.21643960753473795 0
    outer loop
      vertex 121.62962913513184 68.09409522265196 0
      vertex 121.62962913513184 68.09409522265196 35
      vertex 121.7240387648344 67.66824088990688 35
    endloop
  endfacet
  facet normal 0.9537169470756505 0.30070581115219774 0
    outer loop
      vertex 121.49846310168505 68.51010071486235 0
      vertex 121.49846310168505 68.51010071486235 35
      vertex 121.62962913513184 68.09409522265196 35
    endloop
  endfacet
  facet normal 0.9238795374184212 0.382683420518219 0
    outer loop
      vertex 121.3315389379859 68.91309130936861 0
      vertex 121.3315389379859 68.91309130936861 35
      vertex 121.49846310168505 68.51010071486235 35
    endloop
  endfacet
  facet normal 0.8870108299460169 0.4617486194440415 0
    outer loop
      vertex 121.13012702018023 69.29999999701977 0
      vertex 121.13012702018023 69.29999999701977 35
      vertex 121.3315389379859 68.91309130936861 35
    endloop
  endfacet
  facet normal 0.8433914483399445 0.5372996043801358 0
    outer loop
      vertex 120.89576022326946 69.66788218170404 0
      vertex 120.89576022326946 69.66788218170404 35
      vertex 121.13012702018023 69.29999999701977 35
    endloop
  endfacet
  facet normal 0.30070581115219774 0.9537169470756505 0
    outer loop
      vertex 118.09409522265196 71.62962913513184 0
      vertex 118.09409522265196 71.62962913513184 35
      vertex 118.51010071486235 71.49846310168505 35
    endloop
  endfacet
  facet normal 0.382683420518219 0.9238795374184212 0
    outer loop
      vertex 118.51010071486235 71.49846310168505 0
      vertex 118.51010071486235 71.49846310168505 35
      vertex 118.91309130936861 71.3315389379859 35
    endloop
  endfacet
  facet normal 0.6087614322369422 0.7933533378141335 0
    outer loop
      vertex 119.66788218170404 70.89576022326946 0
      vertex 119.66788218170404 70.89576022326946 35
      vertex 120.01393804699183 70.63022221624851 35
    endloop
  endfacet
  facet normal 0.5372996043801358 0.8433914483399445 0
    outer loop
      vertex 119.29999999701977 71.13012702018023 0
      vertex 119.29999999701977 71.13012702018023 35
      vertex 119.66788218170404 70.89576022326946 35
    endloop
  endfacet
  facet normal 0.4617486194440415 0.8870108299460169 0
    outer loop
      vertex 118.91309130936861 71.3315389379859 0
      vertex 118.91309130936861 71.3315389379859 35
      vertex 119.29999999701977 71.13012702018023 35
    endloop
  endfacet
  facet normal 0.7933533378141335 0.6087614322369422 0
    outer loop
      vertex 120.63022221624851 70.01393804699183 0
      vertex 120.63022221624851 70.01393804699183 35
      vertex 120.89576022326946 69.66788218170404 35
    endloop
  endfacet
  facet normal 0.6755901982667003 0.7372773453768674 0
    outer loop
      vertex 120.01393804699183 70.63022221624851 0
      vertex 120.01393804699183 70.63022221624851 35
      vertex 120.33553390949965 70.33553390949965 35
    endloop
  endfacet
  facet normal 0.7372773453768674 0.6755901982667003 0
    outer loop
      vertex 120.33553390949965 70.33553390949965 0
      vertex 120.33553390949965 70.33553390949965 35
      vertex 120.63022221624851 70.01393804699183 35
    endloop
  endfacet
  facet normal 0 0 1
    outer loop
      vertex 121.79999999701977 66.79999999701977 35
      vertex 121.78097349405289 67.2357787117362 35
      vertex 121.79999999701977 44.9 35
    endloop
  endfacet
  facet normal 0 0 1
    outer loop
      vertex 121.78097349405289 67.2357787117362 35
      vertex 121.7240387648344 67.66824088990688 35
      vertex 121.79999999701977 44.9 35
    endloop
  endfacet
  facet normal 0 0 1
    outer loop
      vertex 121.7240387648344 67.66824088990688 35
      vertex 121.62962913513184 68.09409522265196 35
      vertex 121.79999999701977 44.9 35
    endloop
  endfacet
  facet normal 0 0 1
    outer loop
      vertex 121.62962913513184 68.09409522265196 35
      vertex 121.49846310168505 68.51010071486235 35
      vertex 121.79999999701977 44.9 35
    endloop
  endfacet
  facet normal 0 0 1
    outer loop
      vertex 120.63022221624851 70.01393804699183 35
      vertex 120.4 67.4 35
      vertex 120.4 44.9 35
    endloop
  endfacet
  facet normal 0 0 1
    outer loop
      vertex 121.49846310168505 68.51010071486235 35
      vertex 121.3315389379859 68.91309130936861 35
      vertex 121.79999999701977 44.9 35
    endloop
  endfacet
  facet normal 0 0 1
    outer loop
      vertex 121.3315389379859 68.91309130936861 35
      vertex 121.13012702018023 69.29999999701977 35
      vertex 121.79999999701977 44.9 35
    endloop
  endfacet
  facet normal 0 0 1
    outer loop
      vertex 121.13012702018023 69.29999999701977 35
      vertex 120.89576022326946 69.66788218170404 35
      vertex 121.79999999701977 44.9 35
    endloop
  endfacet
  facet normal 0 0 1
    outer loop
      vertex 120.63022221624851 70.01393804699183 35
      vertex 121.79999999701977 44.9 35
      vertex 120.89576022326946 69.66788218170404 35
    endloop
  endfacet
  facet normal 0 0 1
    outer loop
      vertex 106.44 71.79999999701977 35
      vertex 106.44 70.4 35
      vertex 117.4 70.4 35
    endloop
  endfacet
  facet normal 0 0 1
    outer loop
      vertex 116.79999999701977 71.79999999701977 35
      vertex 106.44 71.79999999701977 35
      vertex 117.4 70.4 35
    endloop
  endfacet
  facet normal 0 0 1
    outer loop
      vertex 117.66824088990688 71.7240387648344 35
      vertex 117.4 70.4 35
      vertex 117.66146722584963 70.38858409374953 35
    endloop
  endfacet
  facet normal 0 0 1
    outer loop
      vertex 117.66824088990688 71.7240387648344 35
      vertex 117.66146722584963 70.38858409374953 35
      vertex 117.92094453573227 70.35442325621844 35
    endloop
  endfacet
  facet normal 0 0 1
    outer loop
      vertex 117.66824088990688 71.7240387648344 35
      vertex 117.92094453573227 70.35442325621844 35
      vertex 118.09409522265196 71.62962913513184 35
    endloop
  endfacet
  facet normal 0 0 1
    outer loop
      vertex 116.79999999701977 71.79999999701977 35
      vertex 117.4 70.4 35
      vertex 117.2357787117362 71.78097349405289 35
    endloop
  endfacet
  facet normal 0 0 1
    outer loop
      vertex 117.2357787117362 71.78097349405289 35
      vertex 117.4 70.4 35
      vertex 117.66824088990688 71.7240387648344 35
    endloop
  endfacet
  facet normal 0 0 1
    outer loop
      vertex 120.63022221624851 70.01393804699183 35
      vertex 120.38858409374953 67.66146722584963 35
      vertex 120.4 67.4 35
    endloop
  endfacet
  facet normal 0 0 1
    outer loop
      vertex 120.33553390949965 70.33553390949965 35
      vertex 120.29777747541667 68.17645713835955 35
      vertex 120.35442325621844 67.92094453573227 35
    endloop
  endfacet
  facet normal 0 0 1
    outer loop
      vertex 120.33553390949965 70.33553390949965 35
      vertex 120.21907786428929 68.42606043219567 35
      vertex 120.29777747541667 68.17645713835955 35
    endloop
  endfacet
  facet normal 0 0 1
    outer loop
      vertex 120.63022221624851 70.01393804699183 35
      vertex 120.35442325621844 67.92094453573227 35
      vertex 120.38858409374953 67.66146722584963 35
    endloop
  endfacet
  facet normal 0 0 1
    outer loop
      vertex 120.33553390949965 70.33553390949965 35
      vertex 120.11892336010933 68.66785478740931 35
      vertex 120.21907786428929 68.42606043219567 35
    endloop
  endfacet
  facet normal 0 0 1
    outer loop
      vertex 120.01393804699183 70.63022221624851 35
      vertex 119.99807620942593 68.9 35
      vertex 120.11892336010933 68.66785478740931 35
    endloop
  endfacet
  facet normal 0 0 1
    outer loop
      vertex 120.01393804699183 70.63022221624851 35
      vertex 119.8574561342597 69.12072930634022 35
      vertex 119.99807620942593 68.9 35
    endloop
  endfacet
  facet normal 0 0 1
    outer loop
      vertex 120.63022221624851 70.01393804699183 35
      vertex 120.33553390949965 70.33553390949965 35
      vertex 120.35442325621844 67.92094453573227 35
    endloop
  endfacet
  facet normal 0 0 1
    outer loop
      vertex 118.51010071486235 71.49846310168505 35
      vertex 118.17645713835955 70.29777747541667 35
      vertex 118.42606043219567 70.21907786428929 35
    endloop
  endfacet
  facet normal 0 0 1
    outer loop
      vertex 118.51010071486235 71.49846310168505 35
      vertex 118.42606043219567 70.21907786428929 35
      vertex 118.66785478740931 70.11892336010933 35
    endloop
  endfacet
  facet normal 0 0 1
    outer loop
      vertex 118.91309130936861 71.3315389379859 35
      vertex 118.66785478740931 70.11892336010933 35
      vertex 118.9 69.99807620942593 35
    endloop
  endfacet
  facet normal 0 0 1
    outer loop
      vertex 120.01393804699183 70.63022221624851 35
      vertex 119.69813332855702 69.32836283147336 35
      vertex 119.8574561342597 69.12072930634022 35
    endloop
  endfacet
  facet normal 0 0 1
    outer loop
      vertex 119.66788218170404 70.89576022326946 35
      vertex 119.5213203445077 69.5213203445077 35
      vertex 119.69813332855702 69.32836283147336 35
    endloop
  endfacet
  facet normal 0 0 1
    outer loop
      vertex 119.66788218170404 70.89576022326946 35
      vertex 119.32836283147336 69.69813332855702 35
      vertex 119.5213203445077 69.5213203445077 35
    endloop
  endfacet
  facet normal 0 0 1
    outer loop
      vertex 118.91309130936861 71.3315389379859 35
      vertex 118.9 69.99807620942593 35
      vertex 119.12072930634022 69.8574561342597 35
    endloop
  endfacet
  facet normal 0 0 1
    outer loop
      vertex 119.29999999701977 71.13012702018023 35
      vertex 119.12072930634022 69.8574561342597 35
      vertex 119.32836283147336 69.69813332855702 35
    endloop
  endfacet
  facet normal 0 0 1
    outer loop
      vertex 119.66788218170404 70.89576022326946 35
      vertex 119.69813332855702 69.32836283147336 35
      vertex 120.01393804699183 70.63022221624851 35
    endloop
  endfacet
  facet normal 0 0 1
    outer loop
      vertex 119.29999999701977 71.13012702018023 35
      vertex 119.32836283147336 69.69813332855702 35
      vertex 119.66788218170404 70.89576022326946 35
    endloop
  endfacet
  facet normal 0 0 1
    outer loop
      vertex 118.09409522265196 71.62962913513184 35
      vertex 117.92094453573227 70.35442325621844 35
      vertex 118.17645713835955 70.29777747541667 35
    endloop
  endfacet
  facet normal 0 0 1
    outer loop
      vertex 118.09409522265196 71.62962913513184 35
      vertex 118.17645713835955 70.29777747541667 35
      vertex 118.51010071486235 71.49846310168505 35
    endloop
  endfacet
  facet normal 0 0 1
    outer loop
      vertex 118.51010071486235 71.49846310168505 35
      vertex 118.66785478740931 70.11892336010933 35
      vertex 118.91309130936861 71.3315389379859 35
    endloop
  endfacet
  facet normal 0 0 1
    outer loop
      vertex 118.91309130936861 71.3315389379859 35
      vertex 119.12072930634022 69.8574561342597 35
      vertex 119.29999999701977 71.13012702018023 35
    endloop
  endfacet
  facet normal 0 0 1
    outer loop
      vertex 120.33553390949965 70.33553390949965 35
      vertex 120.01393804699183 70.63022221624851 35
      vertex 120.11892336010933 68.66785478740931 35
    endloop
  endfacet
  facet normal 0.2164396139381046 0.9762960071199329 0
    outer loop
      vertex 10.456480005284707 8.971555764792956 26.6
      vertex 10.635338826899446 8.931903718674363 0
      vertex 10.456480005284707 8.971555764792956 0
    endloop
  endfacet
  facet normal 0.13052619222005088 0.9914448613738105 0
    outer loop
      vertex 10.635338826899446 8.931903718674363 26.6
      vertex 10.816972940229919 8.907991134007334 0
      vertex 10.635338826899446 8.931903718674363 0
    endloop
  endfacet
  facet normal 0.04361938736533276 0.9990482215818578 0
    outer loop
      vertex 10.816972940229919 8.907991134007334 26.6
      vertex 11 8.9 0
      vertex 10.816972940229919 8.907991134007334 0
    endloop
  endfacet
  facet normal -0.04361938736533276 0.9990482215818578 0
    outer loop
      vertex 11 8.9 26.6
      vertex 11.183027059770081 8.907991134007334 0
      vertex 11 8.9 0
    endloop
  endfacet
  facet normal -0.13052619222005088 0.9914448613738105 0
    outer loop
      vertex 11.183027059770081 8.907991134007334 26.6
      vertex 11.364661173100554 8.931903718674363 0
      vertex 11.183027059770081 8.907991134007334 0
    endloop
  endfacet
  facet normal -0.2164396139381046 0.9762960071199329 0
    outer loop
      vertex 11.364661173100554 8.931903718674363 26.6
      vertex 11.543519994715293 8.971555764792956 0
      vertex 11.364661173100554 8.931903718674363 0
    endloop
  endfacet
  facet normal 0.7372773368101246 0.6755902076156595 0
    outer loop
      vertex 9.391306669450145 9.650146019658267 26.6
      vertex 9.51507575950825 9.51507575950825 0
      vertex 9.391306669450145 9.650146019658267 0
    endloop
  endfacet
  facet normal 0.7933533402912386 0.6087614290087161 0
    outer loop
      vertex 9.279780706993117 9.795489483662804 26.6
      vertex 9.391306669450145 9.650146019658267 0
      vertex 9.279780706993117 9.795489483662804 0
    endloop
  endfacet
  facet normal 0.843391445812882 0.5372996083468297 0
    outer loop
      vertex 9.181346652052678 9.95 26.6
      vertex 9.279780706993117 9.795489483662804 0
      vertex 9.181346652052678 9.95 0
    endloop
  endfacet
  facet normal 0.8870108331782266 0.46174861323502475 0
    outer loop
      vertex 9.096753647223036 10.112501650344532 26.6
      vertex 9.181346652052678 9.95 0
      vertex 9.096753647223036 10.112501650344532 0
    endloop
  endfacet
  facet normal 0.9537169507482264 0.3007057995042747 0
    outer loop
      vertex 8.971555764792956 10.456480005284707 26.6
      vertex 9.026645496349593 10.281757699016095 0
      vertex 8.971555764792956 10.456480005284707 0
    endloop
  endfacet
  facet normal 0.9762960071199329 0.2164396139381046 0
    outer loop
      vertex 8.931903718674363 10.635338826899446 26.6
      vertex 8.971555764792956 10.456480005284707 0
      vertex 8.931903718674363 10.635338826899446 0
    endloop
  endfacet
  facet normal 0.9238795325112855 0.3826834323650926 0
    outer loop
      vertex 9.026645496349593 10.281757699016095 26.6
      vertex 9.096753647223036 10.112501650344532 0
      vertex 9.026645496349593 10.281757699016095 0
    endloop
  endfacet
  facet normal 0.9914448613738105 0.13052619222005088 0
    outer loop
      vertex 8.907991134007334 10.816972940229919 26.6
      vertex 8.931903718674363 10.635338826899446 0
      vertex 8.907991134007334 10.816972940229919 0
    endloop
  endfacet
  facet normal 0.9990482215818578 0.04361938736533276 0
    outer loop
      vertex 8.9 11 26.6
      vertex 8.907991134007334 10.816972940229919 0
      vertex 8.9 11 0
    endloop
  endfacet
  facet normal 0.9990482215818578 -0.04361938736533276 0
    outer loop
      vertex 8.907991134007334 11.183027059770081 26.6
      vertex 8.9 11 0
      vertex 8.907991134007334 11.183027059770081 0
    endloop
  endfacet
  facet normal 0.5372996083468297 0.843391445812882 0
    outer loop
      vertex 9.795489483662804 9.279780706993117 26.6
      vertex 9.95 9.181346652052678 0
      vertex 9.795489483662804 9.279780706993117 0
    endloop
  endfacet
  facet normal 0.6087614290087161 0.7933533402912386 0
    outer loop
      vertex 9.650146019658267 9.391306669450145 26.6
      vertex 9.795489483662804 9.279780706993117 0
      vertex 9.650146019658267 9.391306669450145 0
    endloop
  endfacet
  facet normal 0.6755902076156595 0.7372773368101246 0
    outer loop
      vertex 9.51507575950825 9.51507575950825 26.6
      vertex 9.650146019658267 9.391306669450145 0
      vertex 9.51507575950825 9.51507575950825 0
    endloop
  endfacet
  facet normal 0.3826834323650926 0.9238795325112855 0
    outer loop
      vertex 10.112501650344532 9.096753647223036 26.6
      vertex 10.281757699016095 9.026645496349593 0
      vertex 10.112501650344532 9.096753647223036 0
    endloop
  endfacet
  facet normal 0.46174861323502475 0.8870108331782266 0
    outer loop
      vertex 9.95 9.181346652052678 26.6
      vertex 10.112501650344532 9.096753647223036 0
      vertex 9.95 9.181346652052678 0
    endloop
  endfacet
  facet normal 0.3007057995042747 0.9537169507482264 0
    outer loop
      vertex 10.281757699016095 9.026645496349593 26.6
      vertex 10.456480005284707 8.971555764792956 0
      vertex 10.281757699016095 9.026645496349593 0
    endloop
  endfacet
  facet normal 0.9914448613738105 -0.13052619222005088 0
    outer loop
      vertex 8.931903718674363 11.364661173100554 26.6
      vertex 8.907991134007334 11.183027059770081 0
      vertex 8.931903718674363 11.364661173100554 0
    endloop
  endfacet
  facet normal 0.9762960071199329 -0.2164396139381046 0
    outer loop
      vertex 8.971555764792956 11.543519994715293 26.6
      vertex 8.931903718674363 11.364661173100554 0
      vertex 8.971555764792956 11.543519994715293 0
    endloop
  endfacet
  facet normal 0.9537169507482264 -0.3007057995042747 0
    outer loop
      vertex 9.026645496349593 11.718242300983905 26.6
      vertex 8.971555764792956 11.543519994715293 0
      vertex 9.026645496349593 11.718242300983905 0
    endloop
  endfacet
  facet normal 0.9238795325112855 -0.3826834323650926 0
    outer loop
      vertex 9.096753647223036 11.887498349655468 26.6
      vertex 9.026645496349593 11.718242300983905 0
      vertex 9.096753647223036 11.887498349655468 0
    endloop
  endfacet
  facet normal 0.887010833178226 -0.46174861323502586 0
    outer loop
      vertex 9.136544896759249 11.963936628824385 26.6
      vertex 9.096753647223036 11.887498349655468 0
      vertex 9.136544896759249 11.963936628824385 0
    endloop
  endfacet
  facet normal -0.3007057995042747 0.9537169507482264 0
    outer loop
      vertex 11.543519994715293 8.971555764792956 26.6
      vertex 11.718242300983905 9.026645496349593 0
      vertex 11.543519994715293 8.971555764792956 0
    endloop
  endfacet
  facet normal -0.3826834323650926 0.9238795325112855 0
    outer loop
      vertex 11.718242300983905 9.026645496349593 26.6
      vertex 11.887498349655468 9.096753647223036 0
      vertex 11.718242300983905 9.026645496349593 0
    endloop
  endfacet
  facet normal -0.46174861323502586 0.887010833178226 0
    outer loop
      vertex 11.887498349655468 9.096753647223036 26.6
      vertex 11.963936628824385 9.136544896759249 0
      vertex 11.887498349655468 9.096753647223036 0
    endloop
  endfacet
  facet normal 0.2164396139381046 0.9762960071199329 0
    outer loop
      vertex 10.456480005284707 8.971555764792956 26.6
      vertex 10.635338826899446 8.931903718674363 26.6
      vertex 10.635338826899446 8.931903718674363 0
    endloop
  endfacet
  facet normal 0.13052619222005088 0.9914448613738105 0
    outer loop
      vertex 10.635338826899446 8.931903718674363 26.6
      vertex 10.816972940229919 8.907991134007334 26.6
      vertex 10.816972940229919 8.907991134007334 0
    endloop
  endfacet
  facet normal 0.04361938736533276 0.9990482215818578 0
    outer loop
      vertex 10.816972940229919 8.907991134007334 26.6
      vertex 11 8.9 26.6
      vertex 11 8.9 0
    endloop
  endfacet
  facet normal -0.04361938736533276 0.9990482215818578 0
    outer loop
      vertex 11 8.9 26.6
      vertex 11.183027059770081 8.907991134007334 26.6
      vertex 11.183027059770081 8.907991134007334 0
    endloop
  endfacet
  facet normal -0.13052619222005088 0.9914448613738105 0
    outer loop
      vertex 11.183027059770081 8.907991134007334 26.6
      vertex 11.364661173100554 8.931903718674363 26.6
      vertex 11.364661173100554 8.931903718674363 0
    endloop
  endfacet
  facet normal -0.2164396139381046 0.9762960071199329 0
    outer loop
      vertex 11.364661173100554 8.931903718674363 26.6
      vertex 11.543519994715293 8.971555764792956 26.6
      vertex 11.543519994715293 8.971555764792956 0
    endloop
  endfacet
  facet normal 0.7372773368101246 0.6755902076156595 0
    outer loop
      vertex 9.391306669450145 9.650146019658267 26.6
      vertex 9.51507575950825 9.51507575950825 26.6
      vertex 9.51507575950825 9.51507575950825 0
    endloop
  endfacet
  facet normal 0.7933533402912386 0.6087614290087161 0
    outer loop
      vertex 9.391306669450145 9.650146019658267 26.6
      vertex 9.391306669450145 9.650146019658267 0
      vertex 9.279780706993117 9.795489483662804 26.6
    endloop
  endfacet
  facet normal 0.843391445812882 0.5372996083468297 0
    outer loop
      vertex 9.279780706993117 9.795489483662804 26.6
      vertex 9.279780706993117 9.795489483662804 0
      vertex 9.181346652052678 9.95 26.6
    endloop
  endfacet
  facet normal 0.8870108331782266 0.46174861323502475 0
    outer loop
      vertex 9.181346652052678 9.95 26.6
      vertex 9.181346652052678 9.95 0
      vertex 9.096753647223036 10.112501650344532 26.6
    endloop
  endfacet
  facet normal 0.9537169507482264 0.3007057995042747 0
    outer loop
      vertex 9.026645496349593 10.281757699016095 26.6
      vertex 9.026645496349593 10.281757699016095 0
      vertex 8.971555764792956 10.456480005284707 26.6
    endloop
  endfacet
  facet normal 0.9762960071199329 0.2164396139381046 0
    outer loop
      vertex 8.971555764792956 10.456480005284707 26.6
      vertex 8.971555764792956 10.456480005284707 0
      vertex 8.931903718674363 10.635338826899446 26.6
    endloop
  endfacet
  facet normal 0.9238795325112855 0.3826834323650926 0
    outer loop
      vertex 9.096753647223036 10.112501650344532 26.6
      vertex 9.096753647223036 10.112501650344532 0
      vertex 9.026645496349593 10.281757699016095 26.6
    endloop
  endfacet
  facet normal 0.9914448613738105 0.13052619222005088 0
    outer loop
      vertex 8.907991134007334 10.816972940229919 26.6
      vertex 8.931903718674363 10.635338826899446 26.6
      vertex 8.931903718674363 10.635338826899446 0
    endloop
  endfacet
  facet normal 0.9990482215818578 0.04361938736533276 0
    outer loop
      vertex 8.907991134007334 10.816972940229919 26.6
      vertex 8.907991134007334 10.816972940229919 0
      vertex 8.9 11 26.6
    endloop
  endfacet
  facet normal 0.9990482215818578 -0.04361938736533276 0
    outer loop
      vertex 8.9 11 26.6
      vertex 8.9 11 0
      vertex 8.907991134007334 11.183027059770081 26.6
    endloop
  endfacet
  facet normal 0.5372996083468297 0.843391445812882 0
    outer loop
      vertex 9.795489483662804 9.279780706993117 26.6
      vertex 9.95 9.181346652052678 26.6
      vertex 9.95 9.181346652052678 0
    endloop
  endfacet
  facet normal 0.6087614290087161 0.7933533402912386 0
    outer loop
      vertex 9.795489483662804 9.279780706993117 26.6
      vertex 9.795489483662804 9.279780706993117 0
      vertex 9.650146019658267 9.391306669450145 26.6
    endloop
  endfacet
  facet normal 0.6755902076156595 0.7372773368101246 0
    outer loop
      vertex 9.51507575950825 9.51507575950825 26.6
      vertex 9.650146019658267 9.391306669450145 26.6
      vertex 9.650146019658267 9.391306669450145 0
    endloop
  endfacet
  facet normal 0.3826834323650926 0.9238795325112855 0
    outer loop
      vertex 10.112501650344532 9.096753647223036 26.6
      vertex 10.281757699016095 9.026645496349593 26.6
      vertex 10.281757699016095 9.026645496349593 0
    endloop
  endfacet
  facet normal 0.46174861323502475 0.8870108331782266 0
    outer loop
      vertex 9.95 9.181346652052678 26.6
      vertex 10.112501650344532 9.096753647223036 26.6
      vertex 10.112501650344532 9.096753647223036 0
    endloop
  endfacet
  facet normal 0.3007057995042747 0.9537169507482264 0
    outer loop
      vertex 10.281757699016095 9.026645496349593 26.6
      vertex 10.456480005284707 8.971555764792956 26.6
      vertex 10.456480005284707 8.971555764792956 0
    endloop
  endfacet
  facet normal 0.9914448613738105 -0.13052619222005088 0
    outer loop
      vertex 8.907991134007334 11.183027059770081 26.6
      vertex 8.907991134007334 11.183027059770081 0
      vertex 8.931903718674363 11.364661173100554 26.6
    endloop
  endfacet
  facet normal 0.9762960071199329 -0.2164396139381046 0
    outer loop
      vertex 8.931903718674363 11.364661173100554 26.6
      vertex 8.931903718674363 11.364661173100554 0
      vertex 8.971555764792956 11.543519994715293 26.6
    endloop
  endfacet
  facet normal 0.9537169507482264 -0.3007057995042747 0
    outer loop
      vertex 8.971555764792956 11.543519994715293 26.6
      vertex 8.971555764792956 11.543519994715293 0
      vertex 9.026645496349593 11.718242300983905 26.6
    endloop
  endfacet
  facet normal 0.9238795325112855 -0.3826834323650926 0
    outer loop
      vertex 9.026645496349593 11.718242300983905 26.6
      vertex 9.026645496349593 11.718242300983905 0
      vertex 9.096753647223036 11.887498349655468 26.6
    endloop
  endfacet
  facet normal 0.887010833178226 -0.46174861323502586 0
    outer loop
      vertex 9.096753647223036 11.887498349655468 26.6
      vertex 9.096753647223036 11.887498349655468 0
      vertex 9.136544896759249 11.963936628824385 26.6
    endloop
  endfacet
  facet normal -0.3007057995042747 0.9537169507482264 0
    outer loop
      vertex 11.543519994715293 8.971555764792956 26.6
      vertex 11.718242300983905 9.026645496349593 26.6
      vertex 11.718242300983905 9.026645496349593 0
    endloop
  endfacet
  facet normal -0.3826834323650926 0.9238795325112855 0
    outer loop
      vertex 11.718242300983905 9.026645496349593 26.6
      vertex 11.887498349655468 9.096753647223036 26.6
      vertex 11.887498349655468 9.096753647223036 0
    endloop
  endfacet
  facet normal -0.46174861323502586 0.887010833178226 0
    outer loop
      vertex 11.887498349655468 9.096753647223036 26.6
      vertex 11.963936628824385 9.136544896759249 26.6
      vertex 11.963936628824385 9.136544896759249 0
    endloop
  endfacet
  facet normal 0.8870108331782217 0.46174861323503397 0
    outer loop
      vertex 9.136544897340999 59.836063370058085 26.6
      vertex 9.136544897340999 59.836063370058085 0
      vertex 9.096753647223036 59.91250165034453 0
    endloop
  endfacet
  facet normal 0.9537169507482238 0.30070579950428306 0
    outer loop
      vertex 8.971555764792956 60.2564800052847 26.6
      vertex 9.026645496349593 60.081757699016094 0
      vertex 8.971555764792956 60.2564800052847 0
    endloop
  endfacet
  facet normal 0.9762960071199348 0.21643961393809638 0
    outer loop
      vertex 8.931903718674363 60.43533882689945 26.6
      vertex 8.971555764792956 60.2564800052847 0
      vertex 8.931903718674363 60.43533882689945 0
    endloop
  endfacet
  facet normal 0.9914448613738099 0.1305261922200546 0
    outer loop
      vertex 8.907991134007334 60.616972940229914 26.6
      vertex 8.931903718674363 60.43533882689945 0
      vertex 8.907991134007334 60.616972940229914 0
    endloop
  endfacet
  facet normal 0.9238795325112855 0.3826834323650926 0
    outer loop
      vertex 9.026645496349593 60.081757699016094 26.6
      vertex 9.096753647223036 59.91250165034453 0
      vertex 9.026645496349593 60.081757699016094 0
    endloop
  endfacet
  facet normal 0.9990482215818579 0.04361938736533235 0
    outer loop
      vertex 8.9 60.8 26.6
      vertex 8.907991134007334 60.616972940229914 0
      vertex 8.9 60.8 0
    endloop
  endfacet
  facet normal 0.9990482215818579 -0.04361938736533235 0
    outer loop
      vertex 8.907991134007334 60.98302705977008 26.6
      vertex 8.9 60.8 0
      vertex 8.907991134007334 60.98302705977008 0
    endloop
  endfacet
  facet normal 0.9914448613738099 -0.1305261922200546 0
    outer loop
      vertex 8.931903718674363 61.16466117310055 26.6
      vertex 8.907991134007334 60.98302705977008 0
      vertex 8.931903718674363 61.16466117310055 0
    endloop
  endfacet
  facet normal 0.9762960071199348 -0.21643961393809638 0
    outer loop
      vertex 8.971555764792956 61.343519994715294 26.6
      vertex 8.931903718674363 61.16466117310055 0
      vertex 8.971555764792956 61.343519994715294 0
    endloop
  endfacet
  facet normal 0.9537169507482238 -0.30070579950428306 0
    outer loop
      vertex 9.026645496349593 61.5182423009839 26.6
      vertex 8.971555764792956 61.343519994715294 0
      vertex 9.026645496349593 61.5182423009839 0
    endloop
  endfacet
  facet normal 0.9238795325112855 -0.3826834323650926 0
    outer loop
      vertex 9.096753647223036 61.68749834965546 26.6
      vertex 9.026645496349593 61.5182423009839 0
      vertex 9.096753647223036 61.68749834965546 0
    endloop
  endfacet
  facet normal 0.8870108331782245 -0.4617486132350287 0
    outer loop
      vertex 9.181346652052678 61.849999999999994 26.6
      vertex 9.096753647223036 61.68749834965546 0
      vertex 9.181346652052678 61.849999999999994 0
    endloop
  endfacet
  facet normal 0.8433914458128847 -0.5372996083468253 0
    outer loop
      vertex 9.279780706993117 62.00451051633719 26.6
      vertex 9.181346652052678 61.849999999999994 0
      vertex 9.279780706993117 62.00451051633719 0
    endloop
  endfacet
  facet normal 0.7933533402912457 -0.6087614290087067 0
    outer loop
      vertex 9.391306669450145 62.14985398034173 26.6
      vertex 9.279780706993117 62.00451051633719 0
      vertex 9.391306669450145 62.14985398034173 0
    endloop
  endfacet
  facet normal 0.7372773368101202 -0.6755902076156642 0
    outer loop
      vertex 9.51507575950825 62.28492424049175 26.6
      vertex 9.391306669450145 62.14985398034173 0
      vertex 9.51507575950825 62.28492424049175 0
    endloop
  endfacet
  facet normal 0.6755902076156595 -0.7372773368101246 0
    outer loop
      vertex 9.650146019658267 62.40869333054985 26.6
      vertex 9.51507575950825 62.28492424049175 0
      vertex 9.650146019658267 62.40869333054985 0
    endloop
  endfacet
  facet normal 0.6087614290087221 -0.7933533402912338 0
    outer loop
      vertex 9.795489483662804 62.52021929300688 26.6
      vertex 9.650146019658267 62.40869333054985 0
      vertex 9.795489483662804 62.52021929300688 0
    endloop
  endfacet
  facet normal 0.537299608346809 -0.8433914458128952 0
    outer loop
      vertex 9.95 62.618653347947316 26.6
      vertex 9.795489483662804 62.52021929300688 0
      vertex 9.95 62.618653347947316 0
    endloop
  endfacet
  facet normal 0.4617486132350551 -0.8870108331782106 0
    outer loop
      vertex 10.112501650344532 62.703246352776965 26.6
      vertex 9.95 62.618653347947316 0
      vertex 10.112501650344532 62.703246352776965 0
    endloop
  endfacet
  facet normal 0.38268343236506785 -0.923879532511296 0
    outer loop
      vertex 10.281757699016095 62.7733545036504 26.6
      vertex 10.112501650344532 62.703246352776965 0
      vertex 10.281757699016095 62.7733545036504 0
    endloop
  endfacet
  facet normal 0.30070579950430115 -0.953716950748218 0
    outer loop
      vertex 10.456480005284707 62.828444235207044 26.6
      vertex 10.281757699016095 62.7733545036504 0
      vertex 10.456480005284707 62.828444235207044 0
    endloop
  endfacet
  facet normal -0.30070579950430115 -0.953716950748218 0
    outer loop
      vertex 11.718242300983905 62.7733545036504 26.6
      vertex 11.543519994715293 62.828444235207044 0
      vertex 11.718242300983905 62.7733545036504 0
    endloop
  endfacet
  facet normal -0.38268343236506785 -0.923879532511296 0
    outer loop
      vertex 11.887498349655468 62.703246352776965 26.6
      vertex 11.718242300983905 62.7733545036504 0
      vertex 11.887498349655468 62.703246352776965 0
    endloop
  endfacet
  facet normal -0.46174861323507066 -0.8870108331782025 0
    outer loop
      vertex 11.963936623476217 62.66345510602483 26.6
      vertex 11.887498349655468 62.703246352776965 0
      vertex 11.963936623476217 62.66345510602483 0
    endloop
  endfacet
  facet normal 0.21643961393808608 -0.976296007119937 0
    outer loop
      vertex 10.635338826899446 62.868096281325634 26.6
      vertex 10.456480005284707 62.828444235207044 0
      vertex 10.635338826899446 62.868096281325634 0
    endloop
  endfacet
  facet normal 0.1305261922200604 -0.9914448613738093 0
    outer loop
      vertex 10.816972940229919 62.892008865992665 26.6
      vertex 10.635338826899446 62.868096281325634 0
      vertex 10.816972940229919 62.892008865992665 0
    endloop
  endfacet
  facet normal 0.04361938736533276 -0.9990482215818578 0
    outer loop
      vertex 11 62.9 26.6
      vertex 10.816972940229919 62.892008865992665 0
      vertex 11 62.9 0
    endloop
  endfacet
  facet normal -0.04361938736533276 -0.9990482215818578 0
    outer loop
      vertex 11.183027059770081 62.892008865992665 26.6
      vertex 11 62.9 0
      vertex 11.183027059770081 62.892008865992665 0
    endloop
  endfacet
  facet normal -0.1305261922200604 -0.9914448613738093 0
    outer loop
      vertex 11.364661173100554 62.868096281325634 26.6
      vertex 11.183027059770081 62.892008865992665 0
      vertex 11.364661173100554 62.868096281325634 0
    endloop
  endfacet
  facet normal -0.21643961393808608 -0.976296007119937 0
    outer loop
      vertex 11.543519994715293 62.828444235207044 26.6
      vertex 11.364661173100554 62.868096281325634 0
      vertex 11.543519994715293 62.828444235207044 0
    endloop
  endfacet
  facet normal 0.8870108331782217 0.46174861323503397 0
    outer loop
      vertex 9.136544897340999 59.836063370058085 26.6
      vertex 9.096753647223036 59.91250165034453 0
      vertex 9.096753647223036 59.91250165034453 26.6
    endloop
  endfacet
  facet normal 0.9238795325112855 0.3826834323650926 0
    outer loop
      vertex 9.096753647223036 59.91250165034453 26.6
      vertex 9.096753647223036 59.91250165034453 0
      vertex 9.026645496349593 60.081757699016094 26.6
    endloop
  endfacet
  facet normal 0.9537169507482238 0.30070579950428306 0
    outer loop
      vertex 9.026645496349593 60.081757699016094 26.6
      vertex 9.026645496349593 60.081757699016094 0
      vertex 8.971555764792956 60.2564800052847 26.6
    endloop
  endfacet
  facet normal 0.9762960071199348 0.21643961393809638 0
    outer loop
      vertex 8.971555764792956 60.2564800052847 26.6
      vertex 8.971555764792956 60.2564800052847 0
      vertex 8.931903718674363 60.43533882689945 26.6
    endloop
  endfacet
  facet normal 0.9914448613738099 0.1305261922200546 0
    outer loop
      vertex 8.907991134007334 60.616972940229914 26.6
      vertex 8.931903718674363 60.43533882689945 26.6
      vertex 8.931903718674363 60.43533882689945 0
    endloop
  endfacet
  facet normal 0.9990482215818579 0.04361938736533235 0
    outer loop
      vertex 8.907991134007334 60.616972940229914 26.6
      vertex 8.907991134007334 60.616972940229914 0
      vertex 8.9 60.8 26.6
    endloop
  endfacet
  facet normal 0.9990482215818579 -0.04361938736533235 0
    outer loop
      vertex 8.9 60.8 26.6
      vertex 8.9 60.8 0
      vertex 8.907991134007334 60.98302705977008 26.6
    endloop
  endfacet
  facet normal 0.9914448613738099 -0.1305261922200546 0
    outer loop
      vertex 8.907991134007334 60.98302705977008 26.6
      vertex 8.907991134007334 60.98302705977008 0
      vertex 8.931903718674363 61.16466117310055 26.6
    endloop
  endfacet
  facet normal 0.9762960071199348 -0.21643961393809638 0
    outer loop
      vertex 8.931903718674363 61.16466117310055 26.6
      vertex 8.931903718674363 61.16466117310055 0
      vertex 8.971555764792956 61.343519994715294 26.6
    endloop
  endfacet
  facet normal 0.9537169507482238 -0.30070579950428306 0
    outer loop
      vertex 8.971555764792956 61.343519994715294 26.6
      vertex 8.971555764792956 61.343519994715294 0
      vertex 9.026645496349593 61.5182423009839 26.6
    endloop
  endfacet
  facet normal 0.9238795325112855 -0.3826834323650926 0
    outer loop
      vertex 9.026645496349593 61.5182423009839 26.6
      vertex 9.026645496349593 61.5182423009839 0
      vertex 9.096753647223036 61.68749834965546 26.6
    endloop
  endfacet
  facet normal 0.8870108331782245 -0.4617486132350287 0
    outer loop
      vertex 9.096753647223036 61.68749834965546 26.6
      vertex 9.096753647223036 61.68749834965546 0
      vertex 9.181346652052678 61.849999999999994 26.6
    endloop
  endfacet
  facet normal 0.8433914458128847 -0.5372996083468253 0
    outer loop
      vertex 9.181346652052678 61.849999999999994 26.6
      vertex 9.181346652052678 61.849999999999994 0
      vertex 9.279780706993117 62.00451051633719 26.6
    endloop
  endfacet
  facet normal 0.7933533402912457 -0.6087614290087067 0
    outer loop
      vertex 9.279780706993117 62.00451051633719 26.6
      vertex 9.279780706993117 62.00451051633719 0
      vertex 9.391306669450145 62.14985398034173 26.6
    endloop
  endfacet
  facet normal 0.7372773368101202 -0.6755902076156642 0
    outer loop
      vertex 9.391306669450145 62.14985398034173 26.6
      vertex 9.391306669450145 62.14985398034173 0
      vertex 9.51507575950825 62.28492424049175 26.6
    endloop
  endfacet
  facet normal 0.6755902076156595 -0.7372773368101246 0
    outer loop
      vertex 9.51507575950825 62.28492424049175 26.6
      vertex 9.51507575950825 62.28492424049175 0
      vertex 9.650146019658267 62.40869333054985 26.6
    endloop
  endfacet
  facet normal 0.6087614290087221 -0.7933533402912338 0
    outer loop
      vertex 9.650146019658267 62.40869333054985 26.6
      vertex 9.650146019658267 62.40869333054985 0
      vertex 9.795489483662804 62.52021929300688 26.6
    endloop
  endfacet
  facet normal 0.537299608346809 -0.8433914458128952 0
    outer loop
      vertex 9.795489483662804 62.52021929300688 26.6
      vertex 9.795489483662804 62.52021929300688 0
      vertex 9.95 62.618653347947316 26.6
    endloop
  endfacet
  facet normal 0.4617486132350551 -0.8870108331782106 0
    outer loop
      vertex 9.95 62.618653347947316 26.6
      vertex 9.95 62.618653347947316 0
      vertex 10.112501650344532 62.703246352776965 26.6
    endloop
  endfacet
  facet normal 0.38268343236506785 -0.923879532511296 0
    outer loop
      vertex 10.112501650344532 62.703246352776965 26.6
      vertex 10.112501650344532 62.703246352776965 0
      vertex 10.281757699016095 62.7733545036504 26.6
    endloop
  endfacet
  facet normal 0.30070579950430115 -0.953716950748218 0
    outer loop
      vertex 10.281757699016095 62.7733545036504 26.6
      vertex 10.281757699016095 62.7733545036504 0
      vertex 10.456480005284707 62.828444235207044 26.6
    endloop
  endfacet
  facet normal -0.30070579950430115 -0.953716950748218 0
    outer loop
      vertex 11.543519994715293 62.828444235207044 26.6
      vertex 11.543519994715293 62.828444235207044 0
      vertex 11.718242300983905 62.7733545036504 26.6
    endloop
  endfacet
  facet normal -0.38268343236506785 -0.923879532511296 0
    outer loop
      vertex 11.887498349655468 62.703246352776965 26.6
      vertex 11.718242300983905 62.7733545036504 26.6
      vertex 11.718242300983905 62.7733545036504 0
    endloop
  endfacet
  facet normal -0.46174861323507066 -0.8870108331782025 0
    outer loop
      vertex 11.887498349655468 62.703246352776965 26.6
      vertex 11.887498349655468 62.703246352776965 0
      vertex 11.963936623476217 62.66345510602483 26.6
    endloop
  endfacet
  facet normal 0.21643961393808608 -0.976296007119937 0
    outer loop
      vertex 10.456480005284707 62.828444235207044 26.6
      vertex 10.456480005284707 62.828444235207044 0
      vertex 10.635338826899446 62.868096281325634 26.6
    endloop
  endfacet
  facet normal 0.1305261922200604 -0.9914448613738093 0
    outer loop
      vertex 10.635338826899446 62.868096281325634 26.6
      vertex 10.635338826899446 62.868096281325634 0
      vertex 10.816972940229919 62.892008865992665 26.6
    endloop
  endfacet
  facet normal 0.04361938736533276 -0.9990482215818578 0
    outer loop
      vertex 10.816972940229919 62.892008865992665 26.6
      vertex 10.816972940229919 62.892008865992665 0
      vertex 11 62.9 26.6
    endloop
  endfacet
  facet normal -0.04361938736533276 -0.9990482215818578 0
    outer loop
      vertex 11 62.9 26.6
      vertex 11 62.9 0
      vertex 11.183027059770081 62.892008865992665 26.6
    endloop
  endfacet
  facet normal -0.1305261922200604 -0.9914448613738093 0
    outer loop
      vertex 11.183027059770081 62.892008865992665 26.6
      vertex 11.183027059770081 62.892008865992665 0
      vertex 11.364661173100554 62.868096281325634 26.6
    endloop
  endfacet
  facet normal -0.21643961393808608 -0.976296007119937 0
    outer loop
      vertex 11.543519994715293 62.828444235207044 26.6
      vertex 11.364661173100554 62.868096281325634 26.6
      vertex 11.364661173100554 62.868096281325634 0
    endloop
  endfacet
  facet normal 0.2164396139381046 0.9762960071199329 0
    outer loop
      vertex 110.2564800052847 8.971555764792956 26.6
      vertex 110.43533882689944 8.931903718674363 0
      vertex 110.2564800052847 8.971555764792956 0
    endloop
  endfacet
  facet normal 0.1305261922200496 0.9914448613738108 0
    outer loop
      vertex 110.43533882689944 8.931903718674363 26.6
      vertex 110.61697294022991 8.907991134007334 0
      vertex 110.43533882689944 8.931903718674363 0
    endloop
  endfacet
  facet normal 0.04361938736533235 0.9990482215818579 0
    outer loop
      vertex 110.61697294022991 8.907991134007334 26.6
      vertex 110.8 8.9 0
      vertex 110.61697294022991 8.907991134007334 0
    endloop
  endfacet
  facet normal -0.04361938736533235 0.9990482215818579 0
    outer loop
      vertex 110.8 8.9 26.6
      vertex 110.98302705977008 8.907991134007334 0
      vertex 110.8 8.9 0
    endloop
  endfacet
  facet normal -0.1305261922200496 0.9914448613738108 0
    outer loop
      vertex 110.98302705977008 8.907991134007334 26.6
      vertex 111.16466117310055 8.931903718674363 0
      vertex 110.98302705977008 8.907991134007334 0
    endloop
  endfacet
  facet normal -0.2164396139381046 0.9762960071199329 0
    outer loop
      vertex 111.16466117310055 8.931903718674363 26.6
      vertex 111.3435199947153 8.971555764792956 0
      vertex 111.16466117310055 8.931903718674363 0
    endloop
  endfacet
  facet normal 0.4617486132350677 0.8870108331782041 0
    outer loop
      vertex 109.83606337005808 9.136544897340999 26.6
      vertex 109.91250165034452 9.096753647223036 0
      vertex 109.83606337005808 9.136544897340999 0
    endloop
  endfacet
  facet normal 0.382683432365079 0.9238795325112913 0
    outer loop
      vertex 109.91250165034452 9.096753647223036 26.6
      vertex 110.0817576990161 9.026645496349593 0
      vertex 109.91250165034452 9.096753647223036 0
    endloop
  endfacet
  facet normal 0.30070579950428306 0.9537169507482238 0
    outer loop
      vertex 110.0817576990161 9.026645496349593 26.6
      vertex 110.2564800052847 8.971555764792956 0
      vertex 110.0817576990161 9.026645496349593 0
    endloop
  endfacet
  facet normal -0.30070579950428306 0.9537169507482238 0
    outer loop
      vertex 111.3435199947153 8.971555764792956 26.6
      vertex 111.5182423009839 9.026645496349593 0
      vertex 111.3435199947153 8.971555764792956 0
    endloop
  endfacet
  facet normal -0.382683432365079 0.9238795325112913 0
    outer loop
      vertex 111.5182423009839 9.026645496349593 26.6
      vertex 111.68749834965547 9.096753647223036 0
      vertex 111.5182423009839 9.026645496349593 0
    endloop
  endfacet
  facet normal -0.4617486132350446 0.8870108331782163 0
    outer loop
      vertex 111.68749834965547 9.096753647223036 26.6
      vertex 111.85 9.181346652052678 0
      vertex 111.68749834965547 9.096753647223036 0
    endloop
  endfacet
  facet normal -0.5372996083468253 0.8433914458128847 0
    outer loop
      vertex 111.85 9.181346652052678 26.6
      vertex 112.00451051633719 9.279780706993117 0
      vertex 111.85 9.181346652052678 0
    endloop
  endfacet
  facet normal -0.6087614290087067 0.7933533402912457 0
    outer loop
      vertex 112.00451051633719 9.279780706993117 26.6
      vertex 112.14985398034173 9.391306669450145 0
      vertex 112.00451051633719 9.279780706993117 0
    endloop
  endfacet
  facet normal -0.6755902076156642 0.7372773368101202 0
    outer loop
      vertex 112.14985398034173 9.391306669450145 26.6
      vertex 112.28492424049175 9.51507575950825 0
      vertex 112.14985398034173 9.391306669450145 0
    endloop
  endfacet
  facet normal -0.7372773368101246 0.6755902076156595 0
    outer loop
      vertex 112.28492424049175 9.51507575950825 26.6
      vertex 112.40869333054985 9.650146019658267 0
      vertex 112.28492424049175 9.51507575950825 0
    endloop
  endfacet
  facet normal -0.7933533402912527 0.6087614290086978 0
    outer loop
      vertex 112.40869333054985 9.650146019658267 26.6
      vertex 112.52021929300687 9.795489483662804 0
      vertex 112.40869333054985 9.650146019658267 0
    endloop
  endfacet
  facet normal -0.8433914458128776 0.5372996083468367 0
    outer loop
      vertex 112.52021929300687 9.795489483662804 26.6
      vertex 112.61865334794732 9.95 0
      vertex 112.52021929300687 9.795489483662804 0
    endloop
  endfacet
  facet normal -0.8870108331782266 0.46174861323502475 0
    outer loop
      vertex 112.61865334794732 9.95 26.6
      vertex 112.70324635277696 10.112501650344532 0
      vertex 112.61865334794732 9.95 0
    endloop
  endfacet
  facet normal -0.9238795325112685 0.3826834323651341 0
    outer loop
      vertex 112.70324635277696 10.112501650344532 26.6
      vertex 112.77335450365041 10.281757699016095 0
      vertex 112.70324635277696 10.112501650344532 0
    endloop
  endfacet
  facet normal -0.9537169507482292 0.30070579950426585 0
    outer loop
      vertex 112.77335450365041 10.281757699016095 26.6
      vertex 112.82844423520704 10.456480005284707 0
      vertex 112.77335450365041 10.281757699016095 0
    endloop
  endfacet
  facet normal -0.976296007119937 0.21643961393808608 0
    outer loop
      vertex 112.82844423520704 10.456480005284707 26.6
      vertex 112.86809628132563 10.635338826899446 0
      vertex 112.82844423520704 10.456480005284707 0
    endloop
  endfacet
  facet normal -0.9914448613738093 0.1305261922200604 0
    outer loop
      vertex 112.86809628132563 10.635338826899446 26.6
      vertex 112.89200886599266 10.816972940229919 0
      vertex 112.86809628132563 10.635338826899446 0
    endloop
  endfacet
  facet normal -0.9990482215818596 0.04361938736529406 0
    outer loop
      vertex 112.89200886599266 10.816972940229919 26.6
      vertex 112.89999999999999 11 0
      vertex 112.89200886599266 10.816972940229919 0
    endloop
  endfacet
  facet normal -0.9990482215818596 -0.04361938736529406 0
    outer loop
      vertex 112.89999999999999 11 26.6
      vertex 112.89200886599266 11.183027059770081 0
      vertex 112.89999999999999 11 0
    endloop
  endfacet
  facet normal -0.9238795325112685 -0.3826834323651341 0
    outer loop
      vertex 112.77335450365041 11.718242300983905 26.6
      vertex 112.70324635277696 11.887498349655468 0
      vertex 112.77335450365041 11.718242300983905 0
    endloop
  endfacet
  facet normal -0.9914448613738093 -0.1305261922200604 0
    outer loop
      vertex 112.89200886599266 11.183027059770081 26.6
      vertex 112.86809628132563 11.364661173100554 0
      vertex 112.89200886599266 11.183027059770081 0
    endloop
  endfacet
  facet normal -0.976296007119937 -0.21643961393808608 0
    outer loop
      vertex 112.86809628132563 11.364661173100554 26.6
      vertex 112.82844423520704 11.543519994715293 0
      vertex 112.86809628132563 11.364661173100554 0
    endloop
  endfacet
  facet normal -0.9537169507482292 -0.30070579950426585 0
    outer loop
      vertex 112.82844423520704 11.543519994715293 26.6
      vertex 112.77335450365041 11.718242300983905 0
      vertex 112.82844423520704 11.543519994715293 0
    endloop
  endfacet
  facet normal -0.887010833178223 -0.4617486132350312 0
    outer loop
      vertex 112.66345510602483 11.963936623476211 26.6
      vertex 112.66345510602483 11.963936623476211 0
      vertex 112.70324635277696 11.887498349655468 0
    endloop
  endfacet
  facet normal 0.2164396139381046 0.9762960071199329 0
    outer loop
      vertex 110.43533882689944 8.931903718674363 26.6
      vertex 110.43533882689944 8.931903718674363 0
      vertex 110.2564800052847 8.971555764792956 26.6
    endloop
  endfacet
  facet normal 0.1305261922200496 0.9914448613738108 0
    outer loop
      vertex 110.43533882689944 8.931903718674363 26.6
      vertex 110.61697294022991 8.907991134007334 26.6
      vertex 110.61697294022991 8.907991134007334 0
    endloop
  endfacet
  facet normal 0.04361938736533235 0.9990482215818579 0
    outer loop
      vertex 110.61697294022991 8.907991134007334 26.6
      vertex 110.8 8.9 26.6
      vertex 110.8 8.9 0
    endloop
  endfacet
  facet normal -0.04361938736533235 0.9990482215818579 0
    outer loop
      vertex 110.8 8.9 26.6
      vertex 110.98302705977008 8.907991134007334 26.6
      vertex 110.98302705977008 8.907991134007334 0
    endloop
  endfacet
  facet normal -0.1305261922200496 0.9914448613738108 0
    outer loop
      vertex 110.98302705977008 8.907991134007334 26.6
      vertex 111.16466117310055 8.931903718674363 26.6
      vertex 111.16466117310055 8.931903718674363 0
    endloop
  endfacet
  facet normal -0.2164396139381046 0.9762960071199329 0
    outer loop
      vertex 111.16466117310055 8.931903718674363 26.6
      vertex 111.3435199947153 8.971555764792956 26.6
      vertex 111.3435199947153 8.971555764792956 0
    endloop
  endfacet
  facet normal 0.4617486132350677 0.8870108331782041 0
    outer loop
      vertex 109.83606337005808 9.136544897340999 26.6
      vertex 109.91250165034452 9.096753647223036 26.6
      vertex 109.91250165034452 9.096753647223036 0
    endloop
  endfacet
  facet normal 0.382683432365079 0.9238795325112913 0
    outer loop
      vertex 110.0817576990161 9.026645496349593 26.6
      vertex 110.0817576990161 9.026645496349593 0
      vertex 109.91250165034452 9.096753647223036 26.6
    endloop
  endfacet
  facet normal 0.30070579950428306 0.9537169507482238 0
    outer loop
      vertex 110.0817576990161 9.026645496349593 26.6
      vertex 110.2564800052847 8.971555764792956 26.6
      vertex 110.2564800052847 8.971555764792956 0
    endloop
  endfacet
  facet normal -0.30070579950428306 0.9537169507482238 0
    outer loop
      vertex 111.3435199947153 8.971555764792956 26.6
      vertex 111.5182423009839 9.026645496349593 26.6
      vertex 111.5182423009839 9.026645496349593 0
    endloop
  endfacet
  facet normal -0.382683432365079 0.9238795325112913 0
    outer loop
      vertex 111.5182423009839 9.026645496349593 26.6
      vertex 111.68749834965547 9.096753647223036 26.6
      vertex 111.68749834965547 9.096753647223036 0
    endloop
  endfacet
  facet normal -0.4617486132350446 0.8870108331782163 0
    outer loop
      vertex 111.68749834965547 9.096753647223036 26.6
      vertex 111.85 9.181346652052678 26.6
      vertex 111.85 9.181346652052678 0
    endloop
  endfacet
  facet normal -0.5372996083468253 0.8433914458128847 0
    outer loop
      vertex 111.85 9.181346652052678 26.6
      vertex 112.00451051633719 9.279780706993117 26.6
      vertex 112.00451051633719 9.279780706993117 0
    endloop
  endfacet
  facet normal -0.6087614290087067 0.7933533402912457 0
    outer loop
      vertex 112.00451051633719 9.279780706993117 26.6
      vertex 112.14985398034173 9.391306669450145 26.6
      vertex 112.14985398034173 9.391306669450145 0
    endloop
  endfacet
  facet normal -0.6755902076156642 0.7372773368101202 0
    outer loop
      vertex 112.14985398034173 9.391306669450145 26.6
      vertex 112.28492424049175 9.51507575950825 26.6
      vertex 112.28492424049175 9.51507575950825 0
    endloop
  endfacet
  facet normal -0.7372773368101246 0.6755902076156595 0
    outer loop
      vertex 112.28492424049175 9.51507575950825 26.6
      vertex 112.40869333054985 9.650146019658267 26.6
      vertex 112.40869333054985 9.650146019658267 0
    endloop
  endfacet
  facet normal -0.7933533402912527 0.6087614290086978 0
    outer loop
      vertex 112.40869333054985 9.650146019658267 26.6
      vertex 112.52021929300687 9.795489483662804 26.6
      vertex 112.52021929300687 9.795489483662804 0
    endloop
  endfacet
  facet normal -0.8433914458128776 0.5372996083468367 0
    outer loop
      vertex 112.52021929300687 9.795489483662804 26.6
      vertex 112.61865334794732 9.95 26.6
      vertex 112.61865334794732 9.95 0
    endloop
  endfacet
  facet normal -0.8870108331782266 0.46174861323502475 0
    outer loop
      vertex 112.61865334794732 9.95 26.6
      vertex 112.70324635277696 10.112501650344532 26.6
      vertex 112.70324635277696 10.112501650344532 0
    endloop
  endfacet
  facet normal -0.9238795325112685 0.3826834323651341 0
    outer loop
      vertex 112.70324635277696 10.112501650344532 26.6
      vertex 112.77335450365041 10.281757699016095 26.6
      vertex 112.77335450365041 10.281757699016095 0
    endloop
  endfacet
  facet normal -0.9537169507482292 0.30070579950426585 0
    outer loop
      vertex 112.77335450365041 10.281757699016095 26.6
      vertex 112.82844423520704 10.456480005284707 26.6
      vertex 112.82844423520704 10.456480005284707 0
    endloop
  endfacet
  facet normal -0.976296007119937 0.21643961393808608 0
    outer loop
      vertex 112.82844423520704 10.456480005284707 26.6
      vertex 112.86809628132563 10.635338826899446 26.6
      vertex 112.86809628132563 10.635338826899446 0
    endloop
  endfacet
  facet normal -0.9914448613738093 0.1305261922200604 0
    outer loop
      vertex 112.86809628132563 10.635338826899446 26.6
      vertex 112.89200886599266 10.816972940229919 26.6
      vertex 112.89200886599266 10.816972940229919 0
    endloop
  endfacet
  facet normal -0.9990482215818596 0.04361938736529406 0
    outer loop
      vertex 112.89200886599266 10.816972940229919 26.6
      vertex 112.89999999999999 11 26.6
      vertex 112.89999999999999 11 0
    endloop
  endfacet
  facet normal -0.9990482215818596 -0.04361938736529406 0
    outer loop
      vertex 112.89999999999999 11 26.6
      vertex 112.89200886599266 11.183027059770081 26.6
      vertex 112.89200886599266 11.183027059770081 0
    endloop
  endfacet
  facet normal -0.9914448613738093 -0.1305261922200604 0
    outer loop
      vertex 112.86809628132563 11.364661173100554 26.6
      vertex 112.86809628132563 11.364661173100554 0
      vertex 112.89200886599266 11.183027059770081 26.6
    endloop
  endfacet
  facet normal -0.976296007119937 -0.21643961393808608 0
    outer loop
      vertex 112.86809628132563 11.364661173100554 26.6
      vertex 112.82844423520704 11.543519994715293 26.6
      vertex 112.82844423520704 11.543519994715293 0
    endloop
  endfacet
  facet normal -0.9537169507482292 -0.30070579950426585 0
    outer loop
      vertex 112.82844423520704 11.543519994715293 26.6
      vertex 112.77335450365041 11.718242300983905 26.6
      vertex 112.77335450365041 11.718242300983905 0
    endloop
  endfacet
  facet normal -0.9238795325112685 -0.3826834323651341 0
    outer loop
      vertex 112.77335450365041 11.718242300983905 26.6
      vertex 112.70324635277696 11.887498349655468 26.6
      vertex 112.70324635277696 11.887498349655468 0
    endloop
  endfacet
  facet normal -0.887010833178223 -0.4617486132350312 0
    outer loop
      vertex 112.70324635277696 11.887498349655468 26.6
      vertex 112.66345510602483 11.963936623476211 26.6
      vertex 112.70324635277696 11.887498349655468 0
    endloop
  endfacet
  facet normal 0.46174861323505356 -0.8870108331782116 0
    outer loop
      vertex 109.91250165034452 62.703246352776965 26.6
      vertex 109.83606337540624 62.66345510544308 0
      vertex 109.91250165034452 62.703246352776965 0
    endloop
  endfacet
  facet normal 0.3826834323650542 -0.9238795325113016 0
    outer loop
      vertex 110.0817576990161 62.7733545036504 26.6
      vertex 109.91250165034452 62.703246352776965 0
      vertex 110.0817576990161 62.7733545036504 0
    endloop
  endfacet
  facet normal 0.30070579950430953 -0.9537169507482155 0
    outer loop
      vertex 110.2564800052847 62.828444235207044 26.6
      vertex 110.0817576990161 62.7733545036504 0
      vertex 110.2564800052847 62.828444235207044 0
    endloop
  endfacet
  facet normal -0.8870108331782277 0.46174861323502236 0
    outer loop
      vertex 112.66345510544308 59.836063375406255 26.6
      vertex 112.70324635277696 59.91250165034453 0
      vertex 112.66345510544308 59.836063375406255 0
    endloop
  endfacet
  facet normal -0.9238795325112685 0.3826834323651341 0
    outer loop
      vertex 112.70324635277696 59.91250165034453 26.6
      vertex 112.77335450365041 60.081757699016094 0
      vertex 112.70324635277696 59.91250165034453 0
    endloop
  endfacet
  facet normal -0.9537169507482266 0.30070579950427423 0
    outer loop
      vertex 112.77335450365041 60.081757699016094 26.6
      vertex 112.82844423520704 60.2564800052847 0
      vertex 112.77335450365041 60.081757699016094 0
    endloop
  endfacet
  facet normal -0.9762960071199389 0.2164396139380779 0
    outer loop
      vertex 112.82844423520704 60.2564800052847 26.6
      vertex 112.86809628132563 60.43533882689945 0
      vertex 112.82844423520704 60.2564800052847 0
    endloop
  endfacet
  facet normal -0.9914448613738088 0.13052619222006415 0
    outer loop
      vertex 112.86809628132563 60.43533882689945 26.6
      vertex 112.89200886599266 60.616972940229914 0
      vertex 112.86809628132563 60.43533882689945 0
    endloop
  endfacet
  facet normal -0.30070579950430953 -0.9537169507482155 0
    outer loop
      vertex 111.5182423009839 62.7733545036504 26.6
      vertex 111.3435199947153 62.828444235207044 0
      vertex 111.5182423009839 62.7733545036504 0
    endloop
  endfacet
  facet normal -0.461748613235075 -0.8870108331782003 0
    outer loop
      vertex 111.85 62.618653347947316 26.6
      vertex 111.68749834965547 62.703246352776965 0
      vertex 111.85 62.618653347947316 0
    endloop
  endfacet
  facet normal -0.3826834323650542 -0.9238795325113016 0
    outer loop
      vertex 111.68749834965547 62.703246352776965 26.6
      vertex 111.5182423009839 62.7733545036504 0
      vertex 111.68749834965547 62.703246352776965 0
    endloop
  endfacet
  facet normal -0.6755902076156642 -0.7372773368101202 0
    outer loop
      vertex 112.28492424049175 62.28492424049175 26.6
      vertex 112.14985398034173 62.40869333054985 0
      vertex 112.28492424049175 62.28492424049175 0
    endloop
  endfacet
  facet normal -0.6087614290087128 -0.7933533402912412 0
    outer loop
      vertex 112.14985398034173 62.40869333054985 26.6
      vertex 112.00451051633719 62.52021929300688 0
      vertex 112.14985398034173 62.40869333054985 0
    endloop
  endfacet
  facet normal -0.5372996083468047 -0.8433914458128979 0
    outer loop
      vertex 112.00451051633719 62.52021929300688 26.6
      vertex 111.85 62.618653347947316 0
      vertex 112.00451051633719 62.52021929300688 0
    endloop
  endfacet
  facet normal -0.9990482215818596 0.04361938736529364 0
    outer loop
      vertex 112.89200886599266 60.616972940229914 26.6
      vertex 112.89999999999999 60.8 0
      vertex 112.89200886599266 60.616972940229914 0
    endloop
  endfacet
  facet normal -0.9990482215818596 -0.04361938736529364 0
    outer loop
      vertex 112.89999999999999 60.8 26.6
      vertex 112.89200886599266 60.98302705977008 0
      vertex 112.89999999999999 60.8 0
    endloop
  endfacet
  facet normal -0.9914448613738088 -0.13052619222006415 0
    outer loop
      vertex 112.89200886599266 60.98302705977008 26.6
      vertex 112.86809628132563 61.16466117310055 0
      vertex 112.89200886599266 60.98302705977008 0
    endloop
  endfacet
  facet normal -0.9238795325112685 -0.3826834323651341 0
    outer loop
      vertex 112.77335450365041 61.5182423009839 26.6
      vertex 112.70324635277696 61.68749834965546 0
      vertex 112.77335450365041 61.5182423009839 0
    endloop
  endfacet
  facet normal -0.9762960071199389 -0.2164396139380779 0
    outer loop
      vertex 112.86809628132563 61.16466117310055 26.6
      vertex 112.82844423520704 61.343519994715294 0
      vertex 112.86809628132563 61.16466117310055 0
    endloop
  endfacet
  facet normal -0.9537169507482266 -0.30070579950427423 0
    outer loop
      vertex 112.82844423520704 61.343519994715294 26.6
      vertex 112.77335450365041 61.5182423009839 0
      vertex 112.82844423520704 61.343519994715294 0
    endloop
  endfacet
  facet normal -0.8870108331782245 -0.4617486132350287 0
    outer loop
      vertex 112.70324635277696 61.68749834965546 26.6
      vertex 112.61865334794732 61.849999999999994 0
      vertex 112.70324635277696 61.68749834965546 0
    endloop
  endfacet
  facet normal -0.8433914458128803 -0.5372996083468321 0
    outer loop
      vertex 112.61865334794732 61.849999999999994 26.6
      vertex 112.52021929300687 62.00451051633719 0
      vertex 112.61865334794732 61.849999999999994 0
    endloop
  endfacet
  facet normal -0.7933533402912599 -0.6087614290086885 0
    outer loop
      vertex 112.52021929300687 62.00451051633719 26.6
      vertex 112.40869333054985 62.14985398034173 0
      vertex 112.52021929300687 62.00451051633719 0
    endloop
  endfacet
  facet normal -0.7372773368101202 -0.6755902076156642 0
    outer loop
      vertex 112.40869333054985 62.14985398034173 26.6
      vertex 112.28492424049175 62.28492424049175 0
      vertex 112.40869333054985 62.14985398034173 0
    endloop
  endfacet
  facet normal 0.21643961393808608 -0.976296007119937 0
    outer loop
      vertex 110.43533882689944 62.868096281325634 26.6
      vertex 110.2564800052847 62.828444235207044 0
      vertex 110.43533882689944 62.868096281325634 0
    endloop
  endfacet
  facet normal 0.13052619222005912 -0.9914448613738095 0
    outer loop
      vertex 110.61697294022991 62.892008865992665 26.6
      vertex 110.43533882689944 62.868096281325634 0
      vertex 110.61697294022991 62.892008865992665 0
    endloop
  endfacet
  facet normal 0.04361938736533235 -0.9990482215818579 0
    outer loop
      vertex 110.8 62.9 26.6
      vertex 110.61697294022991 62.892008865992665 0
      vertex 110.8 62.9 0
    endloop
  endfacet
  facet normal -0.04361938736533235 -0.9990482215818579 0
    outer loop
      vertex 110.98302705977008 62.892008865992665 26.6
      vertex 110.8 62.9 0
      vertex 110.98302705977008 62.892008865992665 0
    endloop
  endfacet
  facet normal -0.13052619222005912 -0.9914448613738095 0
    outer loop
      vertex 111.16466117310055 62.868096281325634 26.6
      vertex 110.98302705977008 62.892008865992665 0
      vertex 111.16466117310055 62.868096281325634 0
    endloop
  endfacet
  facet normal -0.21643961393808608 -0.976296007119937 0
    outer loop
      vertex 111.3435199947153 62.828444235207044 26.6
      vertex 111.16466117310055 62.868096281325634 0
      vertex 111.3435199947153 62.828444235207044 0
    endloop
  endfacet
  facet normal 0.46174861323505356 -0.8870108331782116 0
    outer loop
      vertex 109.83606337540624 62.66345510544308 26.6
      vertex 109.83606337540624 62.66345510544308 0
      vertex 109.91250165034452 62.703246352776965 26.6
    endloop
  endfacet
  facet normal 0.3826834323650542 -0.9238795325113016 0
    outer loop
      vertex 109.91250165034452 62.703246352776965 26.6
      vertex 109.91250165034452 62.703246352776965 0
      vertex 110.0817576990161 62.7733545036504 26.6
    endloop
  endfacet
  facet normal 0.30070579950430953 -0.9537169507482155 0
    outer loop
      vertex 110.0817576990161 62.7733545036504 26.6
      vertex 110.0817576990161 62.7733545036504 0
      vertex 110.2564800052847 62.828444235207044 26.6
    endloop
  endfacet
  facet normal -0.8870108331782277 0.46174861323502236 0
    outer loop
      vertex 112.66345510544308 59.836063375406255 26.6
      vertex 112.70324635277696 59.91250165034453 26.6
      vertex 112.70324635277696 59.91250165034453 0
    endloop
  endfacet
  facet normal -0.9238795325112685 0.3826834323651341 0
    outer loop
      vertex 112.70324635277696 59.91250165034453 26.6
      vertex 112.77335450365041 60.081757699016094 26.6
      vertex 112.77335450365041 60.081757699016094 0
    endloop
  endfacet
  facet normal -0.9537169507482266 0.30070579950427423 0
    outer loop
      vertex 112.77335450365041 60.081757699016094 26.6
      vertex 112.82844423520704 60.2564800052847 26.6
      vertex 112.82844423520704 60.2564800052847 0
    endloop
  endfacet
  facet normal -0.9762960071199389 0.2164396139380779 0
    outer loop
      vertex 112.82844423520704 60.2564800052847 26.6
      vertex 112.86809628132563 60.43533882689945 26.6
      vertex 112.86809628132563 60.43533882689945 0
    endloop
  endfacet
  facet normal -0.9914448613738088 0.13052619222006415 0
    outer loop
      vertex 112.86809628132563 60.43533882689945 26.6
      vertex 112.89200886599266 60.616972940229914 26.6
      vertex 112.89200886599266 60.616972940229914 0
    endloop
  endfacet
  facet normal -0.30070579950430953 -0.9537169507482155 0
    outer loop
      vertex 111.3435199947153 62.828444235207044 26.6
      vertex 111.3435199947153 62.828444235207044 0
      vertex 111.5182423009839 62.7733545036504 26.6
    endloop
  endfacet
  facet normal -0.461748613235075 -0.8870108331782003 0
    outer loop
      vertex 111.68749834965547 62.703246352776965 26.6
      vertex 111.68749834965547 62.703246352776965 0
      vertex 111.85 62.618653347947316 26.6
    endloop
  endfacet
  facet normal -0.3826834323650542 -0.9238795325113016 0
    outer loop
      vertex 111.5182423009839 62.7733545036504 26.6
      vertex 111.5182423009839 62.7733545036504 0
      vertex 111.68749834965547 62.703246352776965 26.6
    endloop
  endfacet
  facet normal -0.6755902076156642 -0.7372773368101202 0
    outer loop
      vertex 112.14985398034173 62.40869333054985 26.6
      vertex 112.14985398034173 62.40869333054985 0
      vertex 112.28492424049175 62.28492424049175 26.6
    endloop
  endfacet
  facet normal -0.6087614290087128 -0.7933533402912412 0
    outer loop
      vertex 112.14985398034173 62.40869333054985 26.6
      vertex 112.00451051633719 62.52021929300688 26.6
      vertex 112.00451051633719 62.52021929300688 0
    endloop
  endfacet
  facet normal -0.5372996083468047 -0.8433914458128979 0
    outer loop
      vertex 111.85 62.618653347947316 26.6
      vertex 111.85 62.618653347947316 0
      vertex 112.00451051633719 62.52021929300688 26.6
    endloop
  endfacet
  facet normal -0.9990482215818596 0.04361938736529364 0
    outer loop
      vertex 112.89200886599266 60.616972940229914 26.6
      vertex 112.89999999999999 60.8 26.6
      vertex 112.89999999999999 60.8 0
    endloop
  endfacet
  facet normal -0.9990482215818596 -0.04361938736529364 0
    outer loop
      vertex 112.89999999999999 60.8 26.6
      vertex 112.89200886599266 60.98302705977008 26.6
      vertex 112.89200886599266 60.98302705977008 0
    endloop
  endfacet
  facet normal -0.9914448613738088 -0.13052619222006415 0
    outer loop
      vertex 112.86809628132563 61.16466117310055 26.6
      vertex 112.86809628132563 61.16466117310055 0
      vertex 112.89200886599266 60.98302705977008 26.6
    endloop
  endfacet
  facet normal -0.9238795325112685 -0.3826834323651341 0
    outer loop
      vertex 112.77335450365041 61.5182423009839 26.6
      vertex 112.70324635277696 61.68749834965546 26.6
      vertex 112.70324635277696 61.68749834965546 0
    endloop
  endfacet
  facet normal -0.9762960071199389 -0.2164396139380779 0
    outer loop
      vertex 112.86809628132563 61.16466117310055 26.6
      vertex 112.82844423520704 61.343519994715294 26.6
      vertex 112.82844423520704 61.343519994715294 0
    endloop
  endfacet
  facet normal -0.9537169507482266 -0.30070579950427423 0
    outer loop
      vertex 112.82844423520704 61.343519994715294 26.6
      vertex 112.77335450365041 61.5182423009839 26.6
      vertex 112.77335450365041 61.5182423009839 0
    endloop
  endfacet
  facet normal -0.8870108331782245 -0.4617486132350287 0
    outer loop
      vertex 112.70324635277696 61.68749834965546 26.6
      vertex 112.61865334794732 61.849999999999994 26.6
      vertex 112.61865334794732 61.849999999999994 0
    endloop
  endfacet
  facet normal -0.8433914458128803 -0.5372996083468321 0
    outer loop
      vertex 112.61865334794732 61.849999999999994 26.6
      vertex 112.52021929300687 62.00451051633719 26.6
      vertex 112.52021929300687 62.00451051633719 0
    endloop
  endfacet
  facet normal -0.7933533402912599 -0.6087614290086885 0
    outer loop
      vertex 112.52021929300687 62.00451051633719 26.6
      vertex 112.40869333054985 62.14985398034173 26.6
      vertex 112.40869333054985 62.14985398034173 0
    endloop
  endfacet
  facet normal -0.7372773368101202 -0.6755902076156642 0
    outer loop
      vertex 112.28492424049175 62.28492424049175 26.6
      vertex 112.28492424049175 62.28492424049175 0
      vertex 112.40869333054985 62.14985398034173 26.6
    endloop
  endfacet
  facet normal 0.21643961393808608 -0.976296007119937 0
    outer loop
      vertex 110.2564800052847 62.828444235207044 26.6
      vertex 110.2564800052847 62.828444235207044 0
      vertex 110.43533882689944 62.868096281325634 26.6
    endloop
  endfacet
  facet normal 0.13052619222005912 -0.9914448613738095 0
    outer loop
      vertex 110.43533882689944 62.868096281325634 26.6
      vertex 110.43533882689944 62.868096281325634 0
      vertex 110.61697294022991 62.892008865992665 26.6
    endloop
  endfacet
  facet normal 0.04361938736533235 -0.9990482215818579 0
    outer loop
      vertex 110.61697294022991 62.892008865992665 26.6
      vertex 110.61697294022991 62.892008865992665 0
      vertex 110.8 62.9 26.6
    endloop
  endfacet
  facet normal -0.04361938736533235 -0.9990482215818579 0
    outer loop
      vertex 110.8 62.9 26.6
      vertex 110.8 62.9 0
      vertex 110.98302705977008 62.892008865992665 26.6
    endloop
  endfacet
  facet normal -0.13052619222005912 -0.9914448613738095 0
    outer loop
      vertex 110.98302705977008 62.892008865992665 26.6
      vertex 110.98302705977008 62.892008865992665 0
      vertex 111.16466117310055 62.868096281325634 26.6
    endloop
  endfacet
  facet normal -0.21643961393808608 -0.976296007119937 0
    outer loop
      vertex 111.16466117310055 62.868096281325634 26.6
      vertex 111.16466117310055 62.868096281325634 0
      vertex 111.3435199947153 62.828444235207044 26.6
    endloop
  endfacet
  facet normal 0.5372996040205457 0.843391448569029 0
    outer loop
      vertex 4.679270693659783 3.942543865740299 26.6
      vertex 4.679270693659783 3.942543865740299 35
      vertex 4.9 3.8019237905740737 26.6
    endloop
  endfacet
  facet normal 0.7372773375807703 0.6755902067746474 0
    outer loop
      vertex 4.278679655492306 4.278679655492306 26.6
      vertex 4.101866671442986 4.47163716852665 26.6
      vertex 4.101866671442986 4.47163716852665 35
    endloop
  endfacet
  facet normal 0.6087614248213188 0.7933533435043416 0
    outer loop
      vertex 4.47163716852665 4.101866671442986 26.6
      vertex 4.47163716852665 4.101866671442986 35
      vertex 4.679270693659783 3.942543865740299 26.6
    endloop
  endfacet
  facet normal 0.6755902067746474 0.7372773375807703 0
    outer loop
      vertex 4.47163716852665 4.101866671442986 26.6
      vertex 4.278679655492306 4.278679655492306 26.6
      vertex 4.278679655492306 4.278679655492306 35
    endloop
  endfacet
  facet normal 0.4617486194440415 0.8870108299460169 0
    outer loop
      vertex 4.9 3.8019237905740737 26.6
      vertex 4.9 3.8019237905740737 35
      vertex 5.132145212590695 3.6810766398906707 26.6
    endloop
  endfacet
  facet normal 0.38268344197049287 0.9238795285325985 0
    outer loop
      vertex 5.373939567804337 3.580922135710716 26.6
      vertex 5.132145212590695 3.6810766398906707 26.6
      vertex 5.132145212590695 3.6810766398906707 35
    endloop
  endfacet
  facet normal 0.3007057817123236 0.9537169563580069 0
    outer loop
      vertex 5.373939567804337 3.580922135710716 26.6
      vertex 5.373939567804337 3.580922135710716 35
      vertex 5.623542861640454 3.5022225245833396 26.6
    endloop
  endfacet
  facet normal 0.21643961598231834 0.9762960066667415 0
    outer loop
      vertex 5.623542861640454 3.5022225245833396 26.6
      vertex 5.623542861640454 3.5022225245833396 35
      vertex 5.879055464267731 3.4455767437815665 26.6
    endloop
  endfacet
  facet normal 0.13052619829616907 0.9914448605738745 0
    outer loop
      vertex 5.879055464267731 3.4455767437815665 26.6
      vertex 5.879055464267731 3.4455767437815665 35
      vertex 6.138532774150372 3.4114159062504767 26.6
    endloop
  endfacet
  facet normal 0.04361938976874022 0.9990482214769228 0
    outer loop
      vertex 6.138532774150372 3.4114159062504767 26.6
      vertex 6.138532774150372 3.4114159062504767 35
      vertex 6.4 3.4 26.6
    endloop
  endfacet
  facet normal 0.8870108299460169 0.4617486194440415 0
    outer loop
      vertex 3.8019237905740737 4.9 26.6
      vertex 3.6810766398906707 5.132145212590695 26.6
      vertex 3.6810766398906707 5.132145212590695 35
    endloop
  endfacet
  facet normal 0.9238795285325985 0.38268344197049287 0
    outer loop
      vertex 3.6810766398906707 5.132145212590695 26.6
      vertex 3.580922135710716 5.373939567804337 26.6
      vertex 3.580922135710716 5.373939567804337 35
    endloop
  endfacet
  facet normal 0.9537169563580069 0.3007057817123236 0
    outer loop
      vertex 3.580922135710716 5.373939567804337 26.6
      vertex 3.5022225245833396 5.623542861640454 26.6
      vertex 3.5022225245833396 5.623542861640454 35
    endloop
  endfacet
  facet normal 0.9762960066667415 0.21643961598231834 0
    outer loop
      vertex 3.5022225245833396 5.623542861640454 26.6
      vertex 3.4455767437815665 5.879055464267731 26.6
      vertex 3.4455767437815665 5.879055464267731 35
    endloop
  endfacet
  facet normal 0.9914448605738745 0.13052619829616907 0
    outer loop
      vertex 3.4455767437815665 5.879055464267731 26.6
      vertex 3.4114159062504767 6.138532774150372 26.6
      vertex 3.4114159062504767 6.138532774150372 35
    endloop
  endfacet
  facet normal 0.9990482214769228 0.04361938976874022 0
    outer loop
      vertex 3.4114159062504767 6.138532774150372 26.6
      vertex 3.4 6.4 26.6
      vertex 3.4 6.4 35
    endloop
  endfacet
  facet normal 0.7933533435043416 0.6087614248213188 0
    outer loop
      vertex 4.101866671442986 4.47163716852665 26.6
      vertex 3.942543865740299 4.679270693659783 26.6
      vertex 3.942543865740299 4.679270693659783 35
    endloop
  endfacet
  facet normal 0.843391448569029 0.5372996040205457 0
    outer loop
      vertex 3.942543865740299 4.679270693659783 26.6
      vertex 3.8019237905740737 4.9 26.6
      vertex 3.8019237905740737 4.9 35
    endloop
  endfacet
  facet normal 0 1 0
    outer loop
      vertex 6.4 3.4 26.6
      vertex 6.4 3.4 35
      vertex 15.36 3.4 26.6
    endloop
  endfacet
  facet normal 0 0 1
    outer loop
      vertex 6.4 3.4 26.6
      vertex 15.36 3.4 26.6
      vertex 10.816972940229919 8.907991134007334 26.6
    endloop
  endfacet
  facet normal 0 0 1
    outer loop
      vertex 6.4 3.4 26.6
      vertex 9.51507575950825 9.51507575950825 26.6
      vertex 9.391306669450145 9.650146019658267 26.6
    endloop
  endfacet
  facet normal 0 0 1
    outer loop
      vertex 6.4 3.4 26.6
      vertex 9.650146019658267 9.391306669450145 26.6
      vertex 9.51507575950825 9.51507575950825 26.6
    endloop
  endfacet
  facet normal 0 0 1
    outer loop
      vertex 6.4 3.4 26.6
      vertex 9.279780706993117 9.795489483662804 26.6
      vertex 9.181346652052678 9.95 26.6
    endloop
  endfacet
  facet normal 0 0 1
    outer loop
      vertex 6.4 3.4 26.6
      vertex 9.181346652052678 9.95 26.6
      vertex 9.096753647223036 10.112501650344532 26.6
    endloop
  endfacet
  facet normal 0 0 1
    outer loop
      vertex 6.4 3.4 26.6
      vertex 9.391306669450145 9.650146019658267 26.6
      vertex 9.279780706993117 9.795489483662804 26.6
    endloop
  endfacet
  facet normal 0 0 1
    outer loop
      vertex 6.4 3.4 26.6
      vertex 9.95 9.181346652052678 26.6
      vertex 9.795489483662804 9.279780706993117 26.6
    endloop
  endfacet
  facet normal 0 0 1
    outer loop
      vertex 6.4 3.4 26.6
      vertex 10.112501650344532 9.096753647223036 26.6
      vertex 9.95 9.181346652052678 26.6
    endloop
  endfacet
  facet normal 0 0 1
    outer loop
      vertex 6.4 3.4 26.6
      vertex 10.281757699016095 9.026645496349593 26.6
      vertex 10.112501650344532 9.096753647223036 26.6
    endloop
  endfacet
  facet normal 0 0 1
    outer loop
      vertex 6.4 3.4 26.6
      vertex 10.456480005284707 8.971555764792956 26.6
      vertex 10.281757699016095 9.026645496349593 26.6
    endloop
  endfacet
  facet normal 0 0 1
    outer loop
      vertex 6.4 3.4 26.6
      vertex 10.635338826899446 8.931903718674363 26.6
      vertex 10.456480005284707 8.971555764792956 26.6
    endloop
  endfacet
  facet normal 0 0 1
    outer loop
      vertex 6.4 3.4 26.6
      vertex 10.816972940229919 8.907991134007334 26.6
      vertex 10.635338826899446 8.931903718674363 26.6
    endloop
  endfacet
  facet normal 0 0 1
    outer loop
      vertex 6.4 3.4 26.6
      vertex 9.795489483662804 9.279780706993117 26.6
      vertex 9.650146019658267 9.391306669450145 26.6
    endloop
  endfacet
  facet normal 0 0 1
    outer loop
      vertex 6.4 3.4 26.6
      vertex 8.931903718674363 10.635338826899446 26.6
      vertex 8.907991134007334 10.816972940229919 26.6
    endloop
  endfacet
  facet normal 0 0 1
    outer loop
      vertex 6.4 3.4 26.6
      vertex 8.907991134007334 10.816972940229919 26.6
      vertex 8.9 11 26.6
    endloop
  endfacet
  facet normal 0 0 1
    outer loop
      vertex 6.4 3.4 26.6
      vertex 9.096753647223036 10.112501650344532 26.6
      vertex 9.026645496349593 10.281757699016095 26.6
    endloop
  endfacet
  facet normal 0 0 1
    outer loop
      vertex 6.4 3.4 26.6
      vertex 9.026645496349593 10.281757699016095 26.6
      vertex 8.971555764792956 10.456480005284707 26.6
    endloop
  endfacet
  facet normal 0 0 1
    outer loop
      vertex 6.4 3.4 26.6
      vertex 8.971555764792956 10.456480005284707 26.6
      vertex 8.931903718674363 10.635338826899446 26.6
    endloop
  endfacet
  facet normal 0 0 1
    outer loop
      vertex 10.816972940229919 8.907991134007334 26.6
      vertex 15.36 3.4 26.6
      vertex 11 8.9 26.6
    endloop
  endfacet
  facet normal 0 0 1
    outer loop
      vertex 11 8.9 26.6
      vertex 15.36 3.4 26.6
      vertex 11.183027059770081 8.907991134007334 26.6
    endloop
  endfacet
  facet normal 0 0 1
    outer loop
      vertex 11.183027059770081 8.907991134007334 26.6
      vertex 15.36 3.4 26.6
      vertex 11.364661173100554 8.931903718674363 26.6
    endloop
  endfacet
  facet normal 0 0 1
    outer loop
      vertex 11.364661173100554 8.931903718674363 26.6
      vertex 15.36 3.4 26.6
      vertex 11.543519994715293 8.971555764792956 26.6
    endloop
  endfacet
  facet normal 0 0 1
    outer loop
      vertex 11.543519994715293 8.971555764792956 26.6
      vertex 15.36 3.4 26.6
      vertex 11.718242300983905 9.026645496349593 26.6
    endloop
  endfacet
  facet normal 0 0 1
    outer loop
      vertex 11.718242300983905 9.026645496349593 26.6
      vertex 15.36 3.4 26.6
      vertex 12.651377029716969 9.01522120833397 26.6
    endloop
  endfacet
  facet normal 0 0 1
    outer loop
      vertex 12.651377029716969 9.01522120833397 26.6
      vertex 15.36 3.4 26.6
      vertex 13 9 26.6
    endloop
  endfacet
  facet normal 0 0 1
    outer loop
      vertex 13 9 26.6
      vertex 15.36 3.4 26.6
      vertex 15.36 9 26.6
    endloop
  endfacet
  facet normal 0.7372773375807703 0.6755902067746474 0
    outer loop
      vertex 4.278679655492306 4.278679655492306 26.6
      vertex 4.101866671442986 4.47163716852665 35
      vertex 4.278679655492306 4.278679655492306 35
    endloop
  endfacet
  facet normal 0.6755902067746474 0.7372773375807703 0
    outer loop
      vertex 4.47163716852665 4.101866671442986 26.6
      vertex 4.278679655492306 4.278679655492306 35
      vertex 4.47163716852665 4.101866671442986 35
    endloop
  endfacet
  facet normal 0.6087614248213188 0.7933533435043416 0
    outer loop
      vertex 4.679270693659783 3.942543865740299 26.6
      vertex 4.47163716852665 4.101866671442986 35
      vertex 4.679270693659783 3.942543865740299 35
    endloop
  endfacet
  facet normal 0.5372996040205457 0.843391448569029 0
    outer loop
      vertex 4.9 3.8019237905740737 26.6
      vertex 4.679270693659783 3.942543865740299 35
      vertex 4.9 3.8019237905740737 35
    endloop
  endfacet
  facet normal 0.4617486194440415 0.8870108299460169 0
    outer loop
      vertex 5.132145212590695 3.6810766398906707 26.6
      vertex 4.9 3.8019237905740737 35
      vertex 5.132145212590695 3.6810766398906707 35
    endloop
  endfacet
  facet normal 0.38268344197049287 0.9238795285325985 0
    outer loop
      vertex 5.373939567804337 3.580922135710716 26.6
      vertex 5.132145212590695 3.6810766398906707 35
      vertex 5.373939567804337 3.580922135710716 35
    endloop
  endfacet
  facet normal 0.3007057817123236 0.9537169563580069 0
    outer loop
      vertex 5.623542861640454 3.5022225245833396 26.6
      vertex 5.373939567804337 3.580922135710716 35
      vertex 5.623542861640454 3.5022225245833396 35
    endloop
  endfacet
  facet normal 0.21643961598231834 0.9762960066667415 0
    outer loop
      vertex 5.879055464267731 3.4455767437815665 26.6
      vertex 5.623542861640454 3.5022225245833396 35
      vertex 5.879055464267731 3.4455767437815665 35
    endloop
  endfacet
  facet normal 0.13052619829616907 0.9914448605738745 0
    outer loop
      vertex 6.138532774150372 3.4114159062504767 26.6
      vertex 5.879055464267731 3.4455767437815665 35
      vertex 6.138532774150372 3.4114159062504767 35
    endloop
  endfacet
  facet normal 0.04361938976874022 0.9990482214769228 0
    outer loop
      vertex 6.4 3.4 26.6
      vertex 6.138532774150372 3.4114159062504767 35
      vertex 6.4 3.4 35
    endloop
  endfacet
  facet normal 0.8870108299460169 0.4617486194440415 0
    outer loop
      vertex 3.8019237905740737 4.9 26.6
      vertex 3.6810766398906707 5.132145212590695 35
      vertex 3.8019237905740737 4.9 35
    endloop
  endfacet
  facet normal 0.9238795285325985 0.38268344197049287 0
    outer loop
      vertex 3.6810766398906707 5.132145212590695 26.6
      vertex 3.580922135710716 5.373939567804337 35
      vertex 3.6810766398906707 5.132145212590695 35
    endloop
  endfacet
  facet normal 0.9537169563580069 0.3007057817123236 0
    outer loop
      vertex 3.580922135710716 5.373939567804337 26.6
      vertex 3.5022225245833396 5.623542861640454 35
      vertex 3.580922135710716 5.373939567804337 35
    endloop
  endfacet
  facet normal 0.9762960066667415 0.21643961598231834 0
    outer loop
      vertex 3.5022225245833396 5.623542861640454 26.6
      vertex 3.4455767437815665 5.879055464267731 35
      vertex 3.5022225245833396 5.623542861640454 35
    endloop
  endfacet
  facet normal 0.9914448605738745 0.13052619829616907 0
    outer loop
      vertex 3.4455767437815665 5.879055464267731 26.6
      vertex 3.4114159062504767 6.138532774150372 35
      vertex 3.4455767437815665 5.879055464267731 35
    endloop
  endfacet
  facet normal 0.9990482214769228 0.04361938976874022 0
    outer loop
      vertex 3.4114159062504767 6.138532774150372 26.6
      vertex 3.4 6.4 35
      vertex 3.4114159062504767 6.138532774150372 35
    endloop
  endfacet
  facet normal 0.843391448569029 0.5372996040205457 0
    outer loop
      vertex 3.942543865740299 4.679270693659783 26.6
      vertex 3.8019237905740737 4.9 35
      vertex 3.942543865740299 4.679270693659783 35
    endloop
  endfacet
  facet normal 0.7933533435043416 0.6087614248213188 0
    outer loop
      vertex 4.101866671442986 4.47163716852665 26.6
      vertex 3.942543865740299 4.679270693659783 35
      vertex 4.101866671442986 4.47163716852665 35
    endloop
  endfacet
  facet normal 0 1 0
    outer loop
      vertex 15.36 3.4 26.6
      vertex 6.4 3.4 35
      vertex 15.36 3.4 35
    endloop
  endfacet
  facet normal 0 0 1
    outer loop
      vertex 4.101866671442986 4.47163716852665 26.6
      vertex 9 26.9 26.6
      vertex 3.942543865740299 4.679270693659783 26.6
    endloop
  endfacet
  facet normal 0 0 1
    outer loop
      vertex 3.942543865740299 4.679270693659783 26.6
      vertex 9 26.9 26.6
      vertex 3.8019237905740737 4.9 26.6
    endloop
  endfacet
  facet normal 0 0 1
    outer loop
      vertex 3.8019237905740737 4.9 26.6
      vertex 9 26.9 26.6
      vertex 3.6810766398906707 5.132145212590695 26.6
    endloop
  endfacet
  facet normal 0 0 1
    outer loop
      vertex 3.6810766398906707 5.132145212590695 26.6
      vertex 9 26.9 26.6
      vertex 3.580922135710716 5.373939567804337 26.6
    endloop
  endfacet
  facet normal 0 0 1
    outer loop
      vertex 3.580922135710716 5.373939567804337 26.6
      vertex 9 26.9 26.6
      vertex 3.5022225245833396 5.623542861640454 26.6
    endloop
  endfacet
  facet normal 0 0 1
    outer loop
      vertex 3.5022225245833396 5.623542861640454 26.6
      vertex 9 26.9 26.6
      vertex 3.4455767437815665 5.879055464267731 26.6
    endloop
  endfacet
  facet normal 0 0 1
    outer loop
      vertex 3.4455767437815665 5.879055464267731 26.6
      vertex 9 26.9 26.6
      vertex 3.4114159062504767 6.138532774150372 26.6
    endloop
  endfacet
  facet normal 0 0 1
    outer loop
      vertex 3.4114159062504767 6.138532774150372 26.6
      vertex 9 26.9 26.6
      vertex 3.4 6.4 26.6
    endloop
  endfacet
  facet normal 0 0 1
    outer loop
      vertex 4.47163716852665 4.101866671442986 26.6
      vertex 9 26.9 26.6
      vertex 4.278679655492306 4.278679655492306 26.6
    endloop
  endfacet
  facet normal 0 0 1
    outer loop
      vertex 4.47163716852665 4.101866671442986 26.6
      vertex 4.679270693659783 3.942543865740299 26.6
      vertex 9 26.9 26.6
    endloop
  endfacet
  facet normal 0 0 1
    outer loop
      vertex 4.9 3.8019237905740737 26.6
      vertex 5.132145212590695 3.6810766398906707 26.6
      vertex 9 26.9 26.6
    endloop
  endfacet
  facet normal 0 0 1
    outer loop
      vertex 5.373939567804337 3.580922135710716 26.6
      vertex 9 26.9 26.6
      vertex 5.132145212590695 3.6810766398906707 26.6
    endloop
  endfacet
  facet normal 0 0 1
    outer loop
      vertex 4.679270693659783 3.942543865740299 26.6
      vertex 4.9 3.8019237905740737 26.6
      vertex 9 26.9 26.6
    endloop
  endfacet
  facet normal 0 0 1
    outer loop
      vertex 4.278679655492306 4.278679655492306 26.6
      vertex 9 26.9 26.6
      vertex 4.101866671442986 4.47163716852665 26.6
    endloop
  endfacet
  facet normal 0 0 1
    outer loop
      vertex 5.373939567804337 3.580922135710716 26.6
      vertex 5.623542861640454 3.5022225245833396 26.6
      vertex 9 26.9 26.6
    endloop
  endfacet
  facet normal 0 0 1
    outer loop
      vertex 5.623542861640454 3.5022225245833396 26.6
      vertex 5.879055464267731 3.4455767437815665 26.6
      vertex 9 26.9 26.6
    endloop
  endfacet
  facet normal 0 0 1
    outer loop
      vertex 5.879055464267731 3.4455767437815665 26.6
      vertex 6.138532774150372 3.4114159062504767 26.6
      vertex 9 26.9 26.6
    endloop
  endfacet
  facet normal 0 0 1
    outer loop
      vertex 6.138532774150372 3.4114159062504767 26.6
      vertex 6.4 3.4 26.6
      vertex 9 26.9 26.6
    endloop
  endfacet
  facet normal 0 0 1
    outer loop
      vertex 8.971555764792956 11.543519994715293 26.6
      vertex 9.026645496349593 11.718242300983905 26.6
      vertex 9.01522120833397 12.651377029716969 26.6
    endloop
  endfacet
  facet normal 0 0 1
    outer loop
      vertex 9.026645496349593 11.718242300983905 26.6
      vertex 9.060768984258175 12.305407285690308 26.6
      vertex 9.01522120833397 12.651377029716969 26.6
    endloop
  endfacet
  facet normal 0 0 1
    outer loop
      vertex 9.026645496349593 11.718242300983905 26.6
      vertex 9.096753647223036 11.887498349655468 26.6
      vertex 9.060768984258175 12.305407285690308 26.6
    endloop
  endfacet
  facet normal 0 0 1
    outer loop
      vertex 9.096753647223036 11.887498349655468 26.6
      vertex 9.136544896759249 11.963936628824385 26.6
      vertex 9.136296696960926 11.964723818004131 26.6
    endloop
  endfacet
  facet normal 0 0 1
    outer loop
      vertex 9.096753647223036 11.887498349655468 26.6
      vertex 9.136296696960926 11.964723818004131 26.6
      vertex 9.060768984258175 12.305407285690308 26.6
    endloop
  endfacet
  facet normal 0 0 1
    outer loop
      vertex 8.971555764792956 11.543519994715293 26.6
      vertex 9.01522120833397 12.651377029716969 26.6
      vertex 9 13 26.6
    endloop
  endfacet
  facet normal 0 0 1
    outer loop
      vertex 11.718242300983905 9.026645496349593 26.6
      vertex 12.305407285690308 9.060768984258175 26.6
      vertex 11.887498349655468 9.096753647223036 26.6
    endloop
  endfacet
  facet normal 0 0 1
    outer loop
      vertex 11.887498349655468 9.096753647223036 26.6
      vertex 12.305407285690308 9.060768984258175 26.6
      vertex 11.964723818004131 9.136296696960926 26.6
    endloop
  endfacet
  facet normal 0 0 1
    outer loop
      vertex 11.887498349655468 9.096753647223036 26.6
      vertex 11.964723818004131 9.136296696960926 26.6
      vertex 11.963936628824385 9.136544896759249 26.6
    endloop
  endfacet
  facet normal 0 0 1
    outer loop
      vertex 11.718242300983905 9.026645496349593 26.6
      vertex 12.651377029716969 9.01522120833397 26.6
      vertex 12.305407285690308 9.060768984258175 26.6
    endloop
  endfacet
  facet normal 0 0 1
    outer loop
      vertex 6.4 3.4 26.6
      vertex 8.9 11 26.6
      vertex 9 26.9 26.6
    endloop
  endfacet
  facet normal 0 0 1
    outer loop
      vertex 8.9 11 26.6
      vertex 8.907991134007334 11.183027059770081 26.6
      vertex 9 26.9 26.6
    endloop
  endfacet
  facet normal 0 0 1
    outer loop
      vertex 8.907991134007334 11.183027059770081 26.6
      vertex 8.931903718674363 11.364661173100554 26.6
      vertex 9 26.9 26.6
    endloop
  endfacet
  facet normal 0 0 1
    outer loop
      vertex 8.931903718674363 11.364661173100554 26.6
      vertex 8.971555764792956 11.543519994715293 26.6
      vertex 9 26.9 26.6
    endloop
  endfacet
  facet normal 0 0 1
    outer loop
      vertex 8.971555764792956 11.543519994715293 26.6
      vertex 9 13 26.6
      vertex 9 26.9 26.6
    endloop
  endfacet
  facet normal 1 0 0
    outer loop
      vertex 3.4 6.4 26.6
      vertex 3.4 26.9 35
      vertex 3.4 6.4 35
    endloop
  endfacet
  facet normal 0 0 1
    outer loop
      vertex 3.4 6.4 26.6
      vertex 9 26.9 26.6
      vertex 3.4 26.9 26.6
    endloop
  endfacet
  facet normal 1 0 0
    outer loop
      vertex 3.4 6.4 26.6
      vertex 3.4 26.9 26.6
      vertex 3.4 26.9 35
    endloop
  endfacet
  facet normal 0 1 0
    outer loop
      vertex 33.36 3.4 26.6
      vertex 33.36 3.4 35
      vertex 51.9 3.4 26.6
    endloop
  endfacet
  facet normal 0 0 1
    outer loop
      vertex 33.36 3.4 26.6
      vertex 51.9 3.4 26.6
      vertex 33.36 9 26.6
    endloop
  endfacet
  facet normal 0 0 1
    outer loop
      vertex 33.36 9 26.6
      vertex 51.9 3.4 26.6
      vertex 51.9 9 26.6
    endloop
  endfacet
  facet normal 0 1 0
    outer loop
      vertex 51.9 3.4 26.6
      vertex 33.36 3.4 35
      vertex 51.9 3.4 35
    endloop
  endfacet
  facet normal 0 0 1
    outer loop
      vertex 3.4 44.9 26.6
      vertex 9 44.9 26.6
      vertex 9 58.79999999701977 26.6
    endloop
  endfacet
  facet normal 1 0 0
    outer loop
      vertex 3.4 44.9 26.6
      vertex 3.4 67.4 35
      vertex 3.4 44.9 35
    endloop
  endfacet
  facet normal 0 0 1
    outer loop
      vertex 3.4 44.9 26.6
      vertex 9 58.79999999701977 26.6
      vertex 8.971555764792956 60.2564800052847 26.6
    endloop
  endfacet
  facet normal 0 0 1
    outer loop
      vertex 3.4 44.9 26.6
      vertex 8.971555764792956 60.2564800052847 26.6
      vertex 8.931903718674363 60.43533882689945 26.6
    endloop
  endfacet
  facet normal 0 0 1
    outer loop
      vertex 3.4 44.9 26.6
      vertex 8.931903718674363 60.43533882689945 26.6
      vertex 8.907991134007334 60.616972940229914 26.6
    endloop
  endfacet
  facet normal 0 0 1
    outer loop
      vertex 3.4 44.9 26.6
      vertex 8.907991134007334 60.616972940229914 26.6
      vertex 8.9 60.8 26.6
    endloop
  endfacet
  facet normal 0 0 1
    outer loop
      vertex 3.4 44.9 26.6
      vertex 3.4114159062504767 67.66146722584963 26.6
      vertex 3.4 67.4 26.6
    endloop
  endfacet
  facet normal 0 0 1
    outer loop
      vertex 3.4 44.9 26.6
      vertex 3.4455767437815665 67.92094453573227 26.6
      vertex 3.4114159062504767 67.66146722584963 26.6
    endloop
  endfacet
  facet normal 0 0 1
    outer loop
      vertex 3.4 44.9 26.6
      vertex 3.5022225245833396 68.17645713835955 26.6
      vertex 3.4455767437815665 67.92094453573227 26.6
    endloop
  endfacet
  facet normal 0 0 1
    outer loop
      vertex 3.4 44.9 26.6
      vertex 3.580922135710716 68.42606043219567 26.6
      vertex 3.5022225245833396 68.17645713835955 26.6
    endloop
  endfacet
  facet normal 0 0 1
    outer loop
      vertex 3.4 44.9 26.6
      vertex 3.6810766398906707 68.66785478740931 26.6
      vertex 3.580922135710716 68.42606043219567 26.6
    endloop
  endfacet
  facet normal 0 0 1
    outer loop
      vertex 3.4 44.9 26.6
      vertex 3.8019237905740737 68.9 26.6
      vertex 3.6810766398906707 68.66785478740931 26.6
    endloop
  endfacet
  facet normal 0 0 1
    outer loop
      vertex 3.4 44.9 26.6
      vertex 3.942543865740299 69.12072930634022 26.6
      vertex 3.8019237905740737 68.9 26.6
    endloop
  endfacet
  facet normal 0 0 1
    outer loop
      vertex 3.4 44.9 26.6
      vertex 8.9 60.8 26.6
      vertex 6.4 70.4 26.6
    endloop
  endfacet
  facet normal 0 0 1
    outer loop
      vertex 3.4 44.9 26.6
      vertex 4.101866671442986 69.32836283147336 26.6
      vertex 3.942543865740299 69.12072930634022 26.6
    endloop
  endfacet
  facet normal 0 0 1
    outer loop
      vertex 3.4 44.9 26.6
      vertex 4.278679655492306 69.5213203445077 26.6
      vertex 4.101866671442986 69.32836283147336 26.6
    endloop
  endfacet
  facet normal 0 0 1
    outer loop
      vertex 3.4 44.9 26.6
      vertex 4.47163716852665 69.69813332855702 26.6
      vertex 4.278679655492306 69.5213203445077 26.6
    endloop
  endfacet
  facet normal 0 0 1
    outer loop
      vertex 3.4 44.9 26.6
      vertex 4.679270693659783 69.8574561342597 26.6
      vertex 4.47163716852665 69.69813332855702 26.6
    endloop
  endfacet
  facet normal 0 0 1
    outer loop
      vertex 3.4 44.9 26.6
      vertex 4.9 69.99807620942593 26.6
      vertex 4.679270693659783 69.8574561342597 26.6
    endloop
  endfacet
  facet normal 0 0 1
    outer loop
      vertex 3.4 44.9 26.6
      vertex 5.132145212590695 70.11892336010933 26.6
      vertex 4.9 69.99807620942593 26.6
    endloop
  endfacet
  facet normal 0 0 1
    outer loop
      vertex 3.4 44.9 26.6
      vertex 5.373939567804337 70.21907786428929 26.6
      vertex 5.132145212590695 70.11892336010933 26.6
    endloop
  endfacet
  facet normal 0 0 1
    outer loop
      vertex 3.4 44.9 26.6
      vertex 5.623542861640454 70.29777747541667 26.6
      vertex 5.373939567804337 70.21907786428929 26.6
    endloop
  endfacet
  facet normal 0 0 1
    outer loop
      vertex 3.4 44.9 26.6
      vertex 5.879055464267731 70.35442325621844 26.6
      vertex 5.623542861640454 70.29777747541667 26.6
    endloop
  endfacet
  facet normal 0 0 1
    outer loop
      vertex 3.4 44.9 26.6
      vertex 6.138532774150372 70.38858409374953 26.6
      vertex 5.879055464267731 70.35442325621844 26.6
    endloop
  endfacet
  facet normal 0 0 1
    outer loop
      vertex 3.4 44.9 26.6
      vertex 6.4 70.4 26.6
      vertex 6.138532774150372 70.38858409374953 26.6
    endloop
  endfacet
  facet normal 1 0 0
    outer loop
      vertex 3.4 44.9 26.6
      vertex 3.4 67.4 26.6
      vertex 3.4 67.4 35
    endloop
  endfacet
  facet normal 0 0 1
    outer loop
      vertex 9 58.79999999701977 26.6
      vertex 9.01522120833397 59.1486229673028 26.6
      vertex 9.026645496349593 60.081757699016094 26.6
    endloop
  endfacet
  facet normal 0 0 1
    outer loop
      vertex 9.01522120833397 59.1486229673028 26.6
      vertex 9.060768984258175 59.49459271132946 26.6
      vertex 9.026645496349593 60.081757699016094 26.6
    endloop
  endfacet
  facet normal 0 0 1
    outer loop
      vertex 9 58.79999999701977 26.6
      vertex 9.026645496349593 60.081757699016094 26.6
      vertex 8.971555764792956 60.2564800052847 26.6
    endloop
  endfacet
  facet normal 0 0 1
    outer loop
      vertex 9.060768984258175 59.49459271132946 26.6
      vertex 9.136296696960926 59.835276179015636 26.6
      vertex 9.096753647223036 59.91250165034453 26.6
    endloop
  endfacet
  facet normal 0 0 1
    outer loop
      vertex 9.060768984258175 59.49459271132946 26.6
      vertex 9.096753647223036 59.91250165034453 26.6
      vertex 9.026645496349593 60.081757699016094 26.6
    endloop
  endfacet
  facet normal 0 0 1
    outer loop
      vertex 9.136544897340999 59.836063370058085 26.6
      vertex 9.096753647223036 59.91250165034453 26.6
      vertex 9.136296696960926 59.835276179015636 26.6
    endloop
  endfacet
  facet normal 0 0 1
    outer loop
      vertex 11.887498349655468 62.703246352776965 26.6
      vertex 11.963936623476217 62.66345510602483 26.6
      vertex 11.964723818004131 62.66370330750942 26.6
    endloop
  endfacet
  facet normal 0.9990482214769228 -0.04361938976874022 0
    outer loop
      vertex 3.4 67.4 26.6
      vertex 3.4114159062504767 67.66146722584963 26.6
      vertex 3.4114159062504767 67.66146722584963 35
    endloop
  endfacet
  facet normal 0.9914448605738745 -0.13052619829616907 0
    outer loop
      vertex 3.4114159062504767 67.66146722584963 26.6
      vertex 3.4455767437815665 67.92094453573227 26.6
      vertex 3.4455767437815665 67.92094453573227 35
    endloop
  endfacet
  facet normal 0.9762960066667415 -0.21643961598231834 0
    outer loop
      vertex 3.4455767437815665 67.92094453573227 26.6
      vertex 3.5022225245833396 68.17645713835955 26.6
      vertex 3.5022225245833396 68.17645713835955 35
    endloop
  endfacet
  facet normal 0.9537169563580069 -0.3007057817123236 0
    outer loop
      vertex 3.5022225245833396 68.17645713835955 26.6
      vertex 3.580922135710716 68.42606043219567 26.6
      vertex 3.580922135710716 68.42606043219567 35
    endloop
  endfacet
  facet normal 0.9238795285325985 -0.38268344197049287 0
    outer loop
      vertex 3.580922135710716 68.42606043219567 26.6
      vertex 3.6810766398906707 68.66785478740931 26.6
      vertex 3.6810766398906707 68.66785478740931 35
    endloop
  endfacet
  facet normal 0.8870108299460169 -0.4617486194440415 0
    outer loop
      vertex 3.6810766398906707 68.66785478740931 26.6
      vertex 3.8019237905740737 68.9 26.6
      vertex 3.8019237905740737 68.9 35
    endloop
  endfacet
  facet normal 0.843391448569029 -0.5372996040205457 0
    outer loop
      vertex 3.8019237905740737 68.9 26.6
      vertex 3.942543865740299 69.12072930634022 26.6
      vertex 3.942543865740299 69.12072930634022 35
    endloop
  endfacet
  facet normal 0.7933533435043416 -0.6087614248213188 0
    outer loop
      vertex 3.942543865740299 69.12072930634022 26.6
      vertex 4.101866671442986 69.32836283147336 26.6
      vertex 4.101866671442986 69.32836283147336 35
    endloop
  endfacet
  facet normal 0.7372773375807703 -0.6755902067746474 0
    outer loop
      vertex 4.101866671442986 69.32836283147336 26.6
      vertex 4.278679655492306 69.5213203445077 26.6
      vertex 4.278679655492306 69.5213203445077 35
    endloop
  endfacet
  facet normal 0.6755902067746474 -0.7372773375807703 0
    outer loop
      vertex 4.278679655492306 69.5213203445077 26.6
      vertex 4.47163716852665 69.69813332855702 26.6
      vertex 4.47163716852665 69.69813332855702 35
    endloop
  endfacet
  facet normal 0.6087614248213178 -0.7933533435043425 0
    outer loop
      vertex 4.47163716852665 69.69813332855702 26.6
      vertex 4.679270693659783 69.8574561342597 26.6
      vertex 4.679270693659783 69.8574561342597 35
    endloop
  endfacet
  facet normal 0.5372996040205457 -0.843391448569029 0
    outer loop
      vertex 4.679270693659783 69.8574561342597 26.6
      vertex 4.9 69.99807620942593 26.6
      vertex 4.9 69.99807620942593 35
    endloop
  endfacet
  facet normal 0.4617486194440415 -0.8870108299460169 0
    outer loop
      vertex 4.9 69.99807620942593 26.6
      vertex 5.132145212590695 70.11892336010933 26.6
      vertex 5.132145212590695 70.11892336010933 35
    endloop
  endfacet
  facet normal 0.38268344197049287 -0.9238795285325985 0
    outer loop
      vertex 5.132145212590695 70.11892336010933 26.6
      vertex 5.373939567804337 70.21907786428929 26.6
      vertex 5.373939567804337 70.21907786428929 35
    endloop
  endfacet
  facet normal 0.3007057817123236 -0.9537169563580069 0
    outer loop
      vertex 5.373939567804337 70.21907786428929 26.6
      vertex 5.623542861640454 70.29777747541667 26.6
      vertex 5.623542861640454 70.29777747541667 35
    endloop
  endfacet
  facet normal 0.21643961598231834 -0.9762960066667415 0
    outer loop
      vertex 5.623542861640454 70.29777747541667 26.6
      vertex 5.879055464267731 70.35442325621844 26.6
      vertex 5.879055464267731 70.35442325621844 35
    endloop
  endfacet
  facet normal 0.13052619829616907 -0.9914448605738745 0
    outer loop
      vertex 5.879055464267731 70.35442325621844 26.6
      vertex 6.138532774150372 70.38858409374953 26.6
      vertex 6.138532774150372 70.38858409374953 35
    endloop
  endfacet
  facet normal 0.04361938976874022 -0.9990482214769228 0
    outer loop
      vertex 6.138532774150372 70.38858409374953 26.6
      vertex 6.4 70.4 26.6
      vertex 6.4 70.4 35
    endloop
  endfacet
  facet normal 0 0 1
    outer loop
      vertex 8.9 60.8 26.6
      vertex 8.907991134007334 60.98302705977008 26.6
      vertex 6.4 70.4 26.6
    endloop
  endfacet
  facet normal 0 0 1
    outer loop
      vertex 8.907991134007334 60.98302705977008 26.6
      vertex 8.931903718674363 61.16466117310055 26.6
      vertex 6.4 70.4 26.6
    endloop
  endfacet
  facet normal 0 0 1
    outer loop
      vertex 8.931903718674363 61.16466117310055 26.6
      vertex 8.971555764792956 61.343519994715294 26.6
      vertex 6.4 70.4 26.6
    endloop
  endfacet
  facet normal 0 0 1
    outer loop
      vertex 8.971555764792956 61.343519994715294 26.6
      vertex 9.026645496349593 61.5182423009839 26.6
      vertex 6.4 70.4 26.6
    endloop
  endfacet
  facet normal 0 0 1
    outer loop
      vertex 9.026645496349593 61.5182423009839 26.6
      vertex 9.096753647223036 61.68749834965546 26.6
      vertex 6.4 70.4 26.6
    endloop
  endfacet
  facet normal 0 0 1
    outer loop
      vertex 9.096753647223036 61.68749834965546 26.6
      vertex 9.181346652052678 61.849999999999994 26.6
      vertex 6.4 70.4 26.6
    endloop
  endfacet
  facet normal 0 0 1
    outer loop
      vertex 9.181346652052678 61.849999999999994 26.6
      vertex 9.279780706993117 62.00451051633719 26.6
      vertex 6.4 70.4 26.6
    endloop
  endfacet
  facet normal 0 0 1
    outer loop
      vertex 9.279780706993117 62.00451051633719 26.6
      vertex 9.391306669450145 62.14985398034173 26.6
      vertex 6.4 70.4 26.6
    endloop
  endfacet
  facet normal 0 0 1
    outer loop
      vertex 9.391306669450145 62.14985398034173 26.6
      vertex 9.51507575950825 62.28492424049175 26.6
      vertex 6.4 70.4 26.6
    endloop
  endfacet
  facet normal 0 0 1
    outer loop
      vertex 9.51507575950825 62.28492424049175 26.6
      vertex 9.650146019658267 62.40869333054985 26.6
      vertex 6.4 70.4 26.6
    endloop
  endfacet
  facet normal 0 0 1
    outer loop
      vertex 9.650146019658267 62.40869333054985 26.6
      vertex 9.795489483662804 62.52021929300688 26.6
      vertex 6.4 70.4 26.6
    endloop
  endfacet
  facet normal 0 0 1
    outer loop
      vertex 9.795489483662804 62.52021929300688 26.6
      vertex 9.95 62.618653347947316 26.6
      vertex 6.4 70.4 26.6
    endloop
  endfacet
  facet normal 0 0 1
    outer loop
      vertex 9.95 62.618653347947316 26.6
      vertex 10.112501650344532 62.703246352776965 26.6
      vertex 6.4 70.4 26.6
    endloop
  endfacet
  facet normal 0 0 1
    outer loop
      vertex 10.112501650344532 62.703246352776965 26.6
      vertex 10.281757699016095 62.7733545036504 26.6
      vertex 6.4 70.4 26.6
    endloop
  endfacet
  facet normal 0 0 1
    outer loop
      vertex 10.281757699016095 62.7733545036504 26.6
      vertex 10.456480005284707 62.828444235207044 26.6
      vertex 6.4 70.4 26.6
    endloop
  endfacet
  facet normal 0 0 1
    outer loop
      vertex 10.456480005284707 62.828444235207044 26.6
      vertex 10.635338826899446 62.868096281325634 26.6
      vertex 6.4 70.4 26.6
    endloop
  endfacet
  facet normal 0 0 1
    outer loop
      vertex 10.635338826899446 62.868096281325634 26.6
      vertex 10.816972940229919 62.892008865992665 26.6
      vertex 6.4 70.4 26.6
    endloop
  endfacet
  facet normal 0 0 1
    outer loop
      vertex 10.816972940229919 62.892008865992665 26.6
      vertex 11 62.9 26.6
      vertex 6.4 70.4 26.6
    endloop
  endfacet
  facet normal 0 0 1
    outer loop
      vertex 11.543519994715293 62.828444235207044 26.6
      vertex 11.718242300983905 62.7733545036504 26.6
      vertex 6.4 70.4 26.6
    endloop
  endfacet
  facet normal 0 0 1
    outer loop
      vertex 11 62.9 26.6
      vertex 11.183027059770081 62.892008865992665 26.6
      vertex 6.4 70.4 26.6
    endloop
  endfacet
  facet normal 0 0 1
    outer loop
      vertex 11.183027059770081 62.892008865992665 26.6
      vertex 11.364661173100554 62.868096281325634 26.6
      vertex 6.4 70.4 26.6
    endloop
  endfacet
  facet normal 0 0 1
    outer loop
      vertex 11.543519994715293 62.828444235207044 26.6
      vertex 6.4 70.4 26.6
      vertex 11.364661173100554 62.868096281325634 26.6
    endloop
  endfacet
  facet normal 0 0 1
    outer loop
      vertex 11.887498349655468 62.703246352776965 26.6
      vertex 11.964723818004131 62.66370330750942 26.6
      vertex 6.4 70.4 26.6
    endloop
  endfacet
  facet normal 0 0 1
    outer loop
      vertex 11.887498349655468 62.703246352776965 26.6
      vertex 6.4 70.4 26.6
      vertex 11.718242300983905 62.7733545036504 26.6
    endloop
  endfacet
  facet normal 0 0 1
    outer loop
      vertex 11.964723818004131 62.66370330750942 26.6
      vertex 12.305407285690308 62.73923101276159 26.6
      vertex 6.4 70.4 26.6
    endloop
  endfacet
  facet normal 0 0 1
    outer loop
      vertex 12.305407285690308 62.73923101276159 26.6
      vertex 12.651377029716969 62.7847787886858 26.6
      vertex 6.4 70.4 26.6
    endloop
  endfacet
  facet normal 0 0 1
    outer loop
      vertex 12.651377029716969 62.7847787886858 26.6
      vertex 13 62.79999999701977 26.6
      vertex 6.4 70.4 26.6
    endloop
  endfacet
  facet normal 0 0 1
    outer loop
      vertex 13 62.79999999701977 26.6
      vertex 15.36 62.79999999701977 26.6
      vertex 6.4 70.4 26.6
    endloop
  endfacet
  facet normal 0 0 1
    outer loop
      vertex 6.4 70.4 26.6
      vertex 15.36 62.79999999701977 26.6
      vertex 15.36 70.4 26.6
    endloop
  endfacet
  facet normal 0 -1 0
    outer loop
      vertex 6.4 70.4 26.6
      vertex 15.36 70.4 26.6
      vertex 15.36 70.4 35
    endloop
  endfacet
  facet normal 0.9990482214769228 -0.04361938976874022 0
    outer loop
      vertex 3.4 67.4 26.6
      vertex 3.4114159062504767 67.66146722584963 35
      vertex 3.4 67.4 35
    endloop
  endfacet
  facet normal 0.9914448605738745 -0.13052619829616907 0
    outer loop
      vertex 3.4114159062504767 67.66146722584963 26.6
      vertex 3.4455767437815665 67.92094453573227 35
      vertex 3.4114159062504767 67.66146722584963 35
    endloop
  endfacet
  facet normal 0.9762960066667415 -0.21643961598231834 0
    outer loop
      vertex 3.4455767437815665 67.92094453573227 26.6
      vertex 3.5022225245833396 68.17645713835955 35
      vertex 3.4455767437815665 67.92094453573227 35
    endloop
  endfacet
  facet normal 0.9537169563580069 -0.3007057817123236 0
    outer loop
      vertex 3.5022225245833396 68.17645713835955 26.6
      vertex 3.580922135710716 68.42606043219567 35
      vertex 3.5022225245833396 68.17645713835955 35
    endloop
  endfacet
  facet normal 0.9238795285325985 -0.38268344197049287 0
    outer loop
      vertex 3.580922135710716 68.42606043219567 26.6
      vertex 3.6810766398906707 68.66785478740931 35
      vertex 3.580922135710716 68.42606043219567 35
    endloop
  endfacet
  facet normal 0.8870108299460169 -0.4617486194440415 0
    outer loop
      vertex 3.6810766398906707 68.66785478740931 26.6
      vertex 3.8019237905740737 68.9 35
      vertex 3.6810766398906707 68.66785478740931 35
    endloop
  endfacet
  facet normal 0.843391448569029 -0.5372996040205457 0
    outer loop
      vertex 3.8019237905740737 68.9 26.6
      vertex 3.942543865740299 69.12072930634022 35
      vertex 3.8019237905740737 68.9 35
    endloop
  endfacet
  facet normal 0.7933533435043416 -0.6087614248213188 0
    outer loop
      vertex 3.942543865740299 69.12072930634022 26.6
      vertex 4.101866671442986 69.32836283147336 35
      vertex 3.942543865740299 69.12072930634022 35
    endloop
  endfacet
  facet normal 0.7372773375807703 -0.6755902067746474 0
    outer loop
      vertex 4.101866671442986 69.32836283147336 26.6
      vertex 4.278679655492306 69.5213203445077 35
      vertex 4.101866671442986 69.32836283147336 35
    endloop
  endfacet
  facet normal 0.6755902067746474 -0.7372773375807703 0
    outer loop
      vertex 4.278679655492306 69.5213203445077 26.6
      vertex 4.47163716852665 69.69813332855702 35
      vertex 4.278679655492306 69.5213203445077 35
    endloop
  endfacet
  facet normal 0.6087614248213178 -0.7933533435043425 0
    outer loop
      vertex 4.47163716852665 69.69813332855702 26.6
      vertex 4.679270693659783 69.8574561342597 35
      vertex 4.47163716852665 69.69813332855702 35
    endloop
  endfacet
  facet normal 0.5372996040205457 -0.843391448569029 0
    outer loop
      vertex 4.679270693659783 69.8574561342597 26.6
      vertex 4.9 69.99807620942593 35
      vertex 4.679270693659783 69.8574561342597 35
    endloop
  endfacet
  facet normal 0.4617486194440415 -0.8870108299460169 0
    outer loop
      vertex 4.9 69.99807620942593 26.6
      vertex 5.132145212590695 70.11892336010933 35
      vertex 4.9 69.99807620942593 35
    endloop
  endfacet
  facet normal 0.38268344197049287 -0.9238795285325985 0
    outer loop
      vertex 5.132145212590695 70.11892336010933 26.6
      vertex 5.373939567804337 70.21907786428929 35
      vertex 5.132145212590695 70.11892336010933 35
    endloop
  endfacet
  facet normal 0.3007057817123236 -0.9537169563580069 0
    outer loop
      vertex 5.373939567804337 70.21907786428929 26.6
      vertex 5.623542861640454 70.29777747541667 35
      vertex 5.373939567804337 70.21907786428929 35
    endloop
  endfacet
  facet normal 0.21643961598231834 -0.9762960066667415 0
    outer loop
      vertex 5.623542861640454 70.29777747541667 26.6
      vertex 5.879055464267731 70.35442325621844 35
      vertex 5.623542861640454 70.29777747541667 35
    endloop
  endfacet
  facet normal 0.13052619829616907 -0.9914448605738745 0
    outer loop
      vertex 5.879055464267731 70.35442325621844 26.6
      vertex 6.138532774150372 70.38858409374953 35
      vertex 5.879055464267731 70.35442325621844 35
    endloop
  endfacet
  facet normal 0.04361938976874022 -0.9990482214769228 0
    outer loop
      vertex 6.138532774150372 70.38858409374953 26.6
      vertex 6.4 70.4 35
      vertex 6.138532774150372 70.38858409374953 35
    endloop
  endfacet
  facet normal 0 -1 0
    outer loop
      vertex 6.4 70.4 26.6
      vertex 15.36 70.4 35
      vertex 6.4 70.4 35
    endloop
  endfacet
  facet normal 0 0 1
    outer loop
      vertex 33.36 62.79999999701977 26.6
      vertex 51.9 62.79999999701977 26.6
      vertex 33.36 70.4 26.6
    endloop
  endfacet
  facet normal 0 -1 0
    outer loop
      vertex 33.36 70.4 26.6
      vertex 51.9 70.4 35
      vertex 33.36 70.4 35
    endloop
  endfacet
  facet normal 0 0 1
    outer loop
      vertex 33.36 70.4 26.6
      vertex 51.9 62.79999999701977 26.6
      vertex 51.9 70.4 26.6
    endloop
  endfacet
  facet normal 0 -1 0
    outer loop
      vertex 33.36 70.4 26.6
      vertex 51.9 70.4 26.6
      vertex 51.9 70.4 35
    endloop
  endfacet
  facet normal 0 1 0
    outer loop
      vertex 69.9 3.4 26.6
      vertex 69.9 3.4 35
      vertex 88.44 3.4 26.6
    endloop
  endfacet
  facet normal 0 0 1
    outer loop
      vertex 69.9 3.4 26.6
      vertex 88.44 3.4 26.6
      vertex 69.9 9 26.6
    endloop
  endfacet
  facet normal 0 0 1
    outer loop
      vertex 69.9 9 26.6
      vertex 88.44 3.4 26.6
      vertex 88.44 9 26.6
    endloop
  endfacet
  facet normal 0 1 0
    outer loop
      vertex 88.44 3.4 26.6
      vertex 69.9 3.4 35
      vertex 88.44 3.4 35
    endloop
  endfacet
  facet normal 0 1 0
    outer loop
      vertex 106.44 3.4 26.6
      vertex 106.44 3.4 35
      vertex 117.4 3.4 26.6
    endloop
  endfacet
  facet normal 0 0 1
    outer loop
      vertex 106.44 3.4 26.6
      vertex 117.4 3.4 26.6
      vertex 106.44 9 26.6
    endloop
  endfacet
  facet normal 0 0 1
    outer loop
      vertex 106.44 9 26.6
      vertex 117.4 3.4 26.6
      vertex 108.79999999701977 9 26.6
    endloop
  endfacet
  facet normal 0 0 1
    outer loop
      vertex 117.4 3.4 26.6
      vertex 109.1486229673028 9.01522120833397 26.6
      vertex 108.79999999701977 9 26.6
    endloop
  endfacet
  facet normal 0 0 1
    outer loop
      vertex 117.4 3.4 26.6
      vertex 109.49459271132946 9.060768984258175 26.6
      vertex 109.1486229673028 9.01522120833397 26.6
    endloop
  endfacet
  facet normal 0 0 1
    outer loop
      vertex 117.4 3.4 26.6
      vertex 109.83527617901564 9.136296696960926 26.6
      vertex 109.49459271132946 9.060768984258175 26.6
    endloop
  endfacet
  facet normal 0 0 1
    outer loop
      vertex 117.4 3.4 26.6
      vertex 109.91250165034452 9.096753647223036 26.6
      vertex 109.83527617901564 9.136296696960926 26.6
    endloop
  endfacet
  facet normal 0 0 1
    outer loop
      vertex 117.4 3.4 26.6
      vertex 110.0817576990161 9.026645496349593 26.6
      vertex 109.91250165034452 9.096753647223036 26.6
    endloop
  endfacet
  facet normal 0 0 1
    outer loop
      vertex 117.4 3.4 26.6
      vertex 110.2564800052847 8.971555764792956 26.6
      vertex 110.0817576990161 9.026645496349593 26.6
    endloop
  endfacet
  facet normal 0 0 1
    outer loop
      vertex 117.4 3.4 26.6
      vertex 110.43533882689944 8.931903718674363 26.6
      vertex 110.2564800052847 8.971555764792956 26.6
    endloop
  endfacet
  facet normal 0 0 1
    outer loop
      vertex 117.4 3.4 26.6
      vertex 110.61697294022991 8.907991134007334 26.6
      vertex 110.43533882689944 8.931903718674363 26.6
    endloop
  endfacet
  facet normal 0 0 1
    outer loop
      vertex 117.4 3.4 26.6
      vertex 110.8 8.9 26.6
      vertex 110.61697294022991 8.907991134007334 26.6
    endloop
  endfacet
  facet normal 0 0 1
    outer loop
      vertex 117.4 3.4 26.6
      vertex 110.98302705977008 8.907991134007334 26.6
      vertex 110.8 8.9 26.6
    endloop
  endfacet
  facet normal 0 0 1
    outer loop
      vertex 117.4 3.4 26.6
      vertex 111.16466117310055 8.931903718674363 26.6
      vertex 110.98302705977008 8.907991134007334 26.6
    endloop
  endfacet
  facet normal 0 0 1
    outer loop
      vertex 117.4 3.4 26.6
      vertex 111.3435199947153 8.971555764792956 26.6
      vertex 111.16466117310055 8.931903718674363 26.6
    endloop
  endfacet
  facet normal 0 0 1
    outer loop
      vertex 117.4 3.4 26.6
      vertex 111.5182423009839 9.026645496349593 26.6
      vertex 111.3435199947153 8.971555764792956 26.6
    endloop
  endfacet
  facet normal 0 0 1
    outer loop
      vertex 117.4 3.4 26.6
      vertex 111.68749834965547 9.096753647223036 26.6
      vertex 111.5182423009839 9.026645496349593 26.6
    endloop
  endfacet
  facet normal 0 0 1
    outer loop
      vertex 117.4 3.4 26.6
      vertex 111.85 9.181346652052678 26.6
      vertex 111.68749834965547 9.096753647223036 26.6
    endloop
  endfacet
  facet normal 0 0 1
    outer loop
      vertex 117.4 3.4 26.6
      vertex 112.00451051633719 9.279780706993117 26.6
      vertex 111.85 9.181346652052678 26.6
    endloop
  endfacet
  facet normal 0 0 1
    outer loop
      vertex 117.4 3.4 26.6
      vertex 112.14985398034173 9.391306669450145 26.6
      vertex 112.00451051633719 9.279780706993117 26.6
    endloop
  endfacet
  facet normal 0 0 1
    outer loop
      vertex 117.4 3.4 26.6
      vertex 112.28492424049175 9.51507575950825 26.6
      vertex 112.14985398034173 9.391306669450145 26.6
    endloop
  endfacet
  facet normal 0 0 1
    outer loop
      vertex 117.4 3.4 26.6
      vertex 112.40869333054985 9.650146019658267 26.6
      vertex 112.28492424049175 9.51507575950825 26.6
    endloop
  endfacet
  facet normal 0 0 1
    outer loop
      vertex 117.4 3.4 26.6
      vertex 112.52021929300687 9.795489483662804 26.6
      vertex 112.40869333054985 9.650146019658267 26.6
    endloop
  endfacet
  facet normal 0 0 1
    outer loop
      vertex 117.4 3.4 26.6
      vertex 112.61865334794732 9.95 26.6
      vertex 112.52021929300687 9.795489483662804 26.6
    endloop
  endfacet
  facet normal -0.04361938976874022 0.9990482214769228 0
    outer loop
      vertex 117.4 3.4 26.6
      vertex 117.4 3.4 35
      vertex 117.66146722584963 3.4114159062504767 26.6
    endloop
  endfacet
  facet normal -0.13052619829616907 0.9914448605738745 0
    outer loop
      vertex 117.66146722584963 3.4114159062504767 26.6
      vertex 117.66146722584963 3.4114159062504767 35
      vertex 117.92094453573227 3.4455767437815665 26.6
    endloop
  endfacet
  facet normal -0.21643961598231834 0.9762960066667415 0
    outer loop
      vertex 117.92094453573227 3.4455767437815665 26.6
      vertex 117.92094453573227 3.4455767437815665 35
      vertex 118.17645713835955 3.5022225245833396 26.6
    endloop
  endfacet
  facet normal -0.3007057817123236 0.9537169563580069 0
    outer loop
      vertex 118.17645713835955 3.5022225245833396 26.6
      vertex 118.17645713835955 3.5022225245833396 35
      vertex 118.42606043219567 3.580922135710716 26.6
    endloop
  endfacet
  facet normal -0.38268344197049287 0.9238795285325985 0
    outer loop
      vertex 118.42606043219567 3.580922135710716 26.6
      vertex 118.42606043219567 3.580922135710716 35
      vertex 118.66785478740931 3.6810766398906707 26.6
    endloop
  endfacet
  facet normal -0.4617486194440415 0.8870108299460169 0
    outer loop
      vertex 118.66785478740931 3.6810766398906707 26.6
      vertex 118.66785478740931 3.6810766398906707 35
      vertex 118.9 3.8019237905740737 26.6
    endloop
  endfacet
  facet normal -0.5372996040205457 0.843391448569029 0
    outer loop
      vertex 118.9 3.8019237905740737 26.6
      vertex 118.9 3.8019237905740737 35
      vertex 119.12072930634022 3.942543865740299 26.6
    endloop
  endfacet
  facet normal -0.6087614248213188 0.7933533435043416 0
    outer loop
      vertex 119.12072930634022 3.942543865740299 26.6
      vertex 119.12072930634022 3.942543865740299 35
      vertex 119.32836283147336 4.101866671442986 26.6
    endloop
  endfacet
  facet normal -0.6755902067746474 0.7372773375807703 0
    outer loop
      vertex 119.32836283147336 4.101866671442986 26.6
      vertex 119.32836283147336 4.101866671442986 35
      vertex 119.5213203445077 4.278679655492306 26.6
    endloop
  endfacet
  facet normal -0.7372773375807703 0.6755902067746474 0
    outer loop
      vertex 119.5213203445077 4.278679655492306 26.6
      vertex 119.5213203445077 4.278679655492306 35
      vertex 119.69813332855702 4.47163716852665 26.6
    endloop
  endfacet
  facet normal 0 0 1
    outer loop
      vertex 117.4 3.4 26.6
      vertex 112.70324635277696 10.112501650344532 26.6
      vertex 112.61865334794732 9.95 26.6
    endloop
  endfacet
  facet normal 0 0 1
    outer loop
      vertex 117.4 3.4 26.6
      vertex 112.77335450365041 10.281757699016095 26.6
      vertex 112.70324635277696 10.112501650344532 26.6
    endloop
  endfacet
  facet normal 0 0 1
    outer loop
      vertex 117.4 3.4 26.6
      vertex 112.82844423520704 10.456480005284707 26.6
      vertex 112.77335450365041 10.281757699016095 26.6
    endloop
  endfacet
  facet normal 0 0 1
    outer loop
      vertex 117.4 3.4 26.6
      vertex 112.86809628132563 10.635338826899446 26.6
      vertex 112.82844423520704 10.456480005284707 26.6
    endloop
  endfacet
  facet normal 0 0 1
    outer loop
      vertex 117.4 3.4 26.6
      vertex 112.89200886599266 10.816972940229919 26.6
      vertex 112.86809628132563 10.635338826899446 26.6
    endloop
  endfacet
  facet normal 0 0 1
    outer loop
      vertex 117.4 3.4 26.6
      vertex 112.89999999999999 11 26.6
      vertex 112.89200886599266 10.816972940229919 26.6
    endloop
  endfacet
  facet normal 0 0 1
    outer loop
      vertex 117.4 3.4 26.6
      vertex 112.89200886599266 11.183027059770081 26.6
      vertex 112.89999999999999 11 26.6
    endloop
  endfacet
  facet normal 0 0 1
    outer loop
      vertex 117.4 3.4 26.6
      vertex 112.86809628132563 11.364661173100554 26.6
      vertex 112.89200886599266 11.183027059770081 26.6
    endloop
  endfacet
  facet normal 0 0 1
    outer loop
      vertex 117.4 3.4 26.6
      vertex 112.82844423520704 11.543519994715293 26.6
      vertex 112.86809628132563 11.364661173100554 26.6
    endloop
  endfacet
  facet normal 0 0 1
    outer loop
      vertex 117.4 3.4 26.6
      vertex 112.77335450365041 11.718242300983905 26.6
      vertex 112.82844423520704 11.543519994715293 26.6
    endloop
  endfacet
  facet normal -0.7933533435043425 0.6087614248213178 0
    outer loop
      vertex 119.69813332855702 4.47163716852665 26.6
      vertex 119.69813332855702 4.47163716852665 35
      vertex 119.8574561342597 4.679270693659783 26.6
    endloop
  endfacet
  facet normal -0.843391448569029 0.5372996040205457 0
    outer loop
      vertex 119.8574561342597 4.679270693659783 26.6
      vertex 119.8574561342597 4.679270693659783 35
      vertex 119.99807620942593 4.9 26.6
    endloop
  endfacet
  facet normal -0.8870108299460169 0.4617486194440415 0
    outer loop
      vertex 119.99807620942593 4.9 26.6
      vertex 119.99807620942593 4.9 35
      vertex 120.11892336010933 5.132145212590695 26.6
    endloop
  endfacet
  facet normal -0.9238795285325985 0.38268344197049287 0
    outer loop
      vertex 120.11892336010933 5.132145212590695 26.6
      vertex 120.11892336010933 5.132145212590695 35
      vertex 120.21907786428929 5.373939567804337 26.6
    endloop
  endfacet
  facet normal -0.9537169563580069 0.3007057817123236 0
    outer loop
      vertex 120.21907786428929 5.373939567804337 26.6
      vertex 120.21907786428929 5.373939567804337 35
      vertex 120.29777747541667 5.623542861640454 26.6
    endloop
  endfacet
  facet normal -0.9762960066667415 0.21643961598231834 0
    outer loop
      vertex 120.29777747541667 5.623542861640454 26.6
      vertex 120.29777747541667 5.623542861640454 35
      vertex 120.35442325621844 5.879055464267731 26.6
    endloop
  endfacet
  facet normal -0.9914448605738745 0.13052619829616907 0
    outer loop
      vertex 120.35442325621844 5.879055464267731 26.6
      vertex 120.35442325621844 5.879055464267731 35
      vertex 120.38858409374953 6.138532774150372 26.6
    endloop
  endfacet
  facet normal -0.9990482214769228 0.04361938976874022 0
    outer loop
      vertex 120.38858409374953 6.138532774150372 26.6
      vertex 120.38858409374953 6.138532774150372 35
      vertex 120.4 6.4 26.6
    endloop
  endfacet
  facet normal 0 1 0
    outer loop
      vertex 117.4 3.4 26.6
      vertex 106.44 3.4 35
      vertex 117.4 3.4 35
    endloop
  endfacet
  facet normal -0.04361938976874022 0.9990482214769228 0
    outer loop
      vertex 117.66146722584963 3.4114159062504767 26.6
      vertex 117.4 3.4 35
      vertex 117.66146722584963 3.4114159062504767 35
    endloop
  endfacet
  facet normal -0.13052619829616907 0.9914448605738745 0
    outer loop
      vertex 117.92094453573227 3.4455767437815665 26.6
      vertex 117.66146722584963 3.4114159062504767 35
      vertex 117.92094453573227 3.4455767437815665 35
    endloop
  endfacet
  facet normal -0.21643961598231834 0.9762960066667415 0
    outer loop
      vertex 118.17645713835955 3.5022225245833396 26.6
      vertex 117.92094453573227 3.4455767437815665 35
      vertex 118.17645713835955 3.5022225245833396 35
    endloop
  endfacet
  facet normal -0.3007057817123236 0.9537169563580069 0
    outer loop
      vertex 118.42606043219567 3.580922135710716 26.6
      vertex 118.17645713835955 3.5022225245833396 35
      vertex 118.42606043219567 3.580922135710716 35
    endloop
  endfacet
  facet normal -0.38268344197049287 0.9238795285325985 0
    outer loop
      vertex 118.66785478740931 3.6810766398906707 26.6
      vertex 118.42606043219567 3.580922135710716 35
      vertex 118.66785478740931 3.6810766398906707 35
    endloop
  endfacet
  facet normal -0.4617486194440415 0.8870108299460169 0
    outer loop
      vertex 118.9 3.8019237905740737 26.6
      vertex 118.66785478740931 3.6810766398906707 35
      vertex 118.9 3.8019237905740737 35
    endloop
  endfacet
  facet normal -0.5372996040205457 0.843391448569029 0
    outer loop
      vertex 119.12072930634022 3.942543865740299 26.6
      vertex 118.9 3.8019237905740737 35
      vertex 119.12072930634022 3.942543865740299 35
    endloop
  endfacet
  facet normal -0.6087614248213188 0.7933533435043416 0
    outer loop
      vertex 119.32836283147336 4.101866671442986 26.6
      vertex 119.12072930634022 3.942543865740299 35
      vertex 119.32836283147336 4.101866671442986 35
    endloop
  endfacet
  facet normal -0.6755902067746474 0.7372773375807703 0
    outer loop
      vertex 119.5213203445077 4.278679655492306 26.6
      vertex 119.32836283147336 4.101866671442986 35
      vertex 119.5213203445077 4.278679655492306 35
    endloop
  endfacet
  facet normal -0.7372773375807703 0.6755902067746474 0
    outer loop
      vertex 119.69813332855702 4.47163716852665 26.6
      vertex 119.5213203445077 4.278679655492306 35
      vertex 119.69813332855702 4.47163716852665 35
    endloop
  endfacet
  facet normal -0.7933533435043425 0.6087614248213178 0
    outer loop
      vertex 119.8574561342597 4.679270693659783 26.6
      vertex 119.69813332855702 4.47163716852665 35
      vertex 119.8574561342597 4.679270693659783 35
    endloop
  endfacet
  facet normal -0.843391448569029 0.5372996040205457 0
    outer loop
      vertex 119.99807620942593 4.9 26.6
      vertex 119.8574561342597 4.679270693659783 35
      vertex 119.99807620942593 4.9 35
    endloop
  endfacet
  facet normal -0.8870108299460169 0.4617486194440415 0
    outer loop
      vertex 120.11892336010933 5.132145212590695 26.6
      vertex 119.99807620942593 4.9 35
      vertex 120.11892336010933 5.132145212590695 35
    endloop
  endfacet
  facet normal -0.9238795285325985 0.38268344197049287 0
    outer loop
      vertex 120.21907786428929 5.373939567804337 26.6
      vertex 120.11892336010933 5.132145212590695 35
      vertex 120.21907786428929 5.373939567804337 35
    endloop
  endfacet
  facet normal -0.9537169563580069 0.3007057817123236 0
    outer loop
      vertex 120.29777747541667 5.623542861640454 26.6
      vertex 120.21907786428929 5.373939567804337 35
      vertex 120.29777747541667 5.623542861640454 35
    endloop
  endfacet
  facet normal -0.9762960066667415 0.21643961598231834 0
    outer loop
      vertex 120.35442325621844 5.879055464267731 26.6
      vertex 120.29777747541667 5.623542861640454 35
      vertex 120.35442325621844 5.879055464267731 35
    endloop
  endfacet
  facet normal -0.9914448605738745 0.13052619829616907 0
    outer loop
      vertex 120.38858409374953 6.138532774150372 26.6
      vertex 120.35442325621844 5.879055464267731 35
      vertex 120.38858409374953 6.138532774150372 35
    endloop
  endfacet
  facet normal -0.9990482214769228 0.04361938976874022 0
    outer loop
      vertex 120.4 6.4 26.6
      vertex 120.38858409374953 6.138532774150372 35
      vertex 120.4 6.4 35
    endloop
  endfacet
  facet normal 0 0 1
    outer loop
      vertex 109.83606337005808 9.136544897340999 26.6
      vertex 109.83527617901564 9.136296696960926 26.6
      vertex 109.91250165034452 9.096753647223036 26.6
    endloop
  endfacet
  facet normal 0 0 1
    outer loop
      vertex 112.70324635277696 11.887498349655468 26.6
      vertex 112.66370330750942 11.964723818004131 26.6
      vertex 112.66345510602483 11.963936623476211 26.6
    endloop
  endfacet
  facet normal 0 0 1
    outer loop
      vertex 117.4 3.4 26.6
      vertex 112.70324635277696 11.887498349655468 26.6
      vertex 112.77335450365041 11.718242300983905 26.6
    endloop
  endfacet
  facet normal 0 0 1
    outer loop
      vertex 117.4 3.4 26.6
      vertex 112.66370330750942 11.964723818004131 26.6
      vertex 112.70324635277696 11.887498349655468 26.6
    endloop
  endfacet
  facet normal 0 0 1
    outer loop
      vertex 117.4 3.4 26.6
      vertex 112.73923101276159 12.305407285690308 26.6
      vertex 112.66370330750942 11.964723818004131 26.6
    endloop
  endfacet
  facet normal 0 0 1
    outer loop
      vertex 117.4 3.4 26.6
      vertex 112.7847787886858 12.651377029716969 26.6
      vertex 112.73923101276159 12.305407285690308 26.6
    endloop
  endfacet
  facet normal 0 0 1
    outer loop
      vertex 117.4 3.4 26.6
      vertex 112.79999999701977 13 26.6
      vertex 112.7847787886858 12.651377029716969 26.6
    endloop
  endfacet
  facet normal 0 0 1
    outer loop
      vertex 117.4 3.4 26.6
      vertex 117.66146722584963 3.4114159062504767 26.6
      vertex 120.4 26.9 26.6
    endloop
  endfacet
  facet normal 0 0 1
    outer loop
      vertex 117.66146722584963 3.4114159062504767 26.6
      vertex 117.92094453573227 3.4455767437815665 26.6
      vertex 120.4 26.9 26.6
    endloop
  endfacet
  facet normal 0 0 1
    outer loop
      vertex 117.92094453573227 3.4455767437815665 26.6
      vertex 118.17645713835955 3.5022225245833396 26.6
      vertex 120.4 26.9 26.6
    endloop
  endfacet
  facet normal 0 0 1
    outer loop
      vertex 118.17645713835955 3.5022225245833396 26.6
      vertex 118.42606043219567 3.580922135710716 26.6
      vertex 120.4 26.9 26.6
    endloop
  endfacet
  facet normal 0 0 1
    outer loop
      vertex 118.42606043219567 3.580922135710716 26.6
      vertex 118.66785478740931 3.6810766398906707 26.6
      vertex 120.4 26.9 26.6
    endloop
  endfacet
  facet normal 0 0 1
    outer loop
      vertex 118.66785478740931 3.6810766398906707 26.6
      vertex 118.9 3.8019237905740737 26.6
      vertex 120.4 26.9 26.6
    endloop
  endfacet
  facet normal 0 0 1
    outer loop
      vertex 118.9 3.8019237905740737 26.6
      vertex 119.12072930634022 3.942543865740299 26.6
      vertex 120.4 26.9 26.6
    endloop
  endfacet
  facet normal 0 0 1
    outer loop
      vertex 119.12072930634022 3.942543865740299 26.6
      vertex 119.32836283147336 4.101866671442986 26.6
      vertex 120.4 26.9 26.6
    endloop
  endfacet
  facet normal 0 0 1
    outer loop
      vertex 119.32836283147336 4.101866671442986 26.6
      vertex 119.5213203445077 4.278679655492306 26.6
      vertex 120.4 26.9 26.6
    endloop
  endfacet
  facet normal 0 0 1
    outer loop
      vertex 119.5213203445077 4.278679655492306 26.6
      vertex 119.69813332855702 4.47163716852665 26.6
      vertex 120.4 26.9 26.6
    endloop
  endfacet
  facet normal 0 0 1
    outer loop
      vertex 119.69813332855702 4.47163716852665 26.6
      vertex 119.8574561342597 4.679270693659783 26.6
      vertex 120.4 26.9 26.6
    endloop
  endfacet
  facet normal 0 0 1
    outer loop
      vertex 119.8574561342597 4.679270693659783 26.6
      vertex 119.99807620942593 4.9 26.6
      vertex 120.4 26.9 26.6
    endloop
  endfacet
  facet normal 0 0 1
    outer loop
      vertex 119.99807620942593 4.9 26.6
      vertex 120.11892336010933 5.132145212590695 26.6
      vertex 120.4 26.9 26.6
    endloop
  endfacet
  facet normal 0 0 1
    outer loop
      vertex 120.11892336010933 5.132145212590695 26.6
      vertex 120.21907786428929 5.373939567804337 26.6
      vertex 120.4 26.9 26.6
    endloop
  endfacet
  facet normal 0 0 1
    outer loop
      vertex 120.21907786428929 5.373939567804337 26.6
      vertex 120.29777747541667 5.623542861640454 26.6
      vertex 120.4 26.9 26.6
    endloop
  endfacet
  facet normal 0 0 1
    outer loop
      vertex 120.29777747541667 5.623542861640454 26.6
      vertex 120.35442325621844 5.879055464267731 26.6
      vertex 120.4 26.9 26.6
    endloop
  endfacet
  facet normal 0 0 1
    outer loop
      vertex 120.35442325621844 5.879055464267731 26.6
      vertex 120.38858409374953 6.138532774150372 26.6
      vertex 120.4 26.9 26.6
    endloop
  endfacet
  facet normal 0 0 1
    outer loop
      vertex 120.38858409374953 6.138532774150372 26.6
      vertex 120.4 6.4 26.6
      vertex 120.4 26.9 26.6
    endloop
  endfacet
  facet normal -1 0 0
    outer loop
      vertex 120.4 6.4 26.6
      vertex 120.4 6.4 35
      vertex 120.4 26.9 26.6
    endloop
  endfacet
  facet normal 0 0 1
    outer loop
      vertex 117.4 3.4 26.6
      vertex 120.4 26.9 26.6
      vertex 112.79999999701977 13 26.6
    endloop
  endfacet
  facet normal 0 0 1
    outer loop
      vertex 112.79999999701977 13 26.6
      vertex 120.4 26.9 26.6
      vertex 112.79999999701977 26.9 26.6
    endloop
  endfacet
  facet normal -1 0 0
    outer loop
      vertex 120.4 26.9 26.6
      vertex 120.4 6.4 35
      vertex 120.4 26.9 35
    endloop
  endfacet
  facet normal 0 0 1
    outer loop
      vertex 69.9 62.79999999701977 26.6
      vertex 88.44 62.79999999701977 26.6
      vertex 69.9 70.4 26.6
    endloop
  endfacet
  facet normal 0 -1 0
    outer loop
      vertex 69.9 70.4 26.6
      vertex 88.44 70.4 35
      vertex 69.9 70.4 35
    endloop
  endfacet
  facet normal 0 0 1
    outer loop
      vertex 69.9 70.4 26.6
      vertex 88.44 62.79999999701977 26.6
      vertex 88.44 70.4 26.6
    endloop
  endfacet
  facet normal 0 -1 0
    outer loop
      vertex 69.9 70.4 26.6
      vertex 88.44 70.4 26.6
      vertex 88.44 70.4 35
    endloop
  endfacet
  facet normal 0 0 1
    outer loop
      vertex 112.79999999701977 44.9 26.6
      vertex 120.4 44.9 26.6
      vertex 112.79999999701977 58.79999999701977 26.6
    endloop
  endfacet
  facet normal -1 0 0
    outer loop
      vertex 120.4 44.9 26.6
      vertex 120.4 44.9 35
      vertex 120.4 67.4 26.6
    endloop
  endfacet
  facet normal 0 0 1
    outer loop
      vertex 109.83606337540624 62.66345510544308 26.6
      vertex 109.91250165034452 62.703246352776965 26.6
      vertex 109.83527617901564 62.66370330750942 26.6
    endloop
  endfacet
  facet normal 0 0 1
    outer loop
      vertex 112.73923101276159 59.49459271132946 26.6
      vertex 112.70324635277696 59.91250165034453 26.6
      vertex 112.66370330750942 59.835276179015636 26.6
    endloop
  endfacet
  facet normal 0 0 1
    outer loop
      vertex 112.66345510544308 59.836063375406255 26.6
      vertex 112.66370330750942 59.835276179015636 26.6
      vertex 112.70324635277696 59.91250165034453 26.6
    endloop
  endfacet
  facet normal 0 0 1
    outer loop
      vertex 112.73923101276159 59.49459271132946 26.6
      vertex 112.77335450365041 60.081757699016094 26.6
      vertex 112.70324635277696 59.91250165034453 26.6
    endloop
  endfacet
  facet normal 0 0 1
    outer loop
      vertex 112.7847787886858 59.1486229673028 26.6
      vertex 112.77335450365041 60.081757699016094 26.6
      vertex 112.73923101276159 59.49459271132946 26.6
    endloop
  endfacet
  facet normal 0 0 1
    outer loop
      vertex 120.4 44.9 26.6
      vertex 112.7847787886858 59.1486229673028 26.6
      vertex 112.79999999701977 58.79999999701977 26.6
    endloop
  endfacet
  facet normal 0 0 1
    outer loop
      vertex 120.4 44.9 26.6
      vertex 112.77335450365041 60.081757699016094 26.6
      vertex 112.7847787886858 59.1486229673028 26.6
    endloop
  endfacet
  facet normal 0 0 1
    outer loop
      vertex 120.4 44.9 26.6
      vertex 112.82844423520704 60.2564800052847 26.6
      vertex 112.77335450365041 60.081757699016094 26.6
    endloop
  endfacet
  facet normal 0 0 1
    outer loop
      vertex 120.4 44.9 26.6
      vertex 112.86809628132563 60.43533882689945 26.6
      vertex 112.82844423520704 60.2564800052847 26.6
    endloop
  endfacet
  facet normal 0 0 1
    outer loop
      vertex 120.4 44.9 26.6
      vertex 112.89200886599266 60.616972940229914 26.6
      vertex 112.86809628132563 60.43533882689945 26.6
    endloop
  endfacet
  facet normal 0 0 1
    outer loop
      vertex 120.4 44.9 26.6
      vertex 112.89999999999999 60.8 26.6
      vertex 112.89200886599266 60.616972940229914 26.6
    endloop
  endfacet
  facet normal 0 0 1
    outer loop
      vertex 120.4 44.9 26.6
      vertex 112.89200886599266 60.98302705977008 26.6
      vertex 112.89999999999999 60.8 26.6
    endloop
  endfacet
  facet normal 0 0 1
    outer loop
      vertex 120.4 44.9 26.6
      vertex 117.4 70.4 26.6
      vertex 112.89200886599266 60.98302705977008 26.6
    endloop
  endfacet
  facet normal 0 0 1
    outer loop
      vertex 120.4 44.9 26.6
      vertex 120.4 67.4 26.6
      vertex 120.38858409374953 67.66146722584963 26.6
    endloop
  endfacet
  facet normal 0 0 1
    outer loop
      vertex 120.4 44.9 26.6
      vertex 120.35442325621844 67.92094453573227 26.6
      vertex 120.29777747541667 68.17645713835955 26.6
    endloop
  endfacet
  facet normal 0 0 1
    outer loop
      vertex 120.4 44.9 26.6
      vertex 120.29777747541667 68.17645713835955 26.6
      vertex 120.21907786428929 68.42606043219567 26.6
    endloop
  endfacet
  facet normal 0 0 1
    outer loop
      vertex 120.4 44.9 26.6
      vertex 120.38858409374953 67.66146722584963 26.6
      vertex 120.35442325621844 67.92094453573227 26.6
    endloop
  endfacet
  facet normal 0 0 1
    outer loop
      vertex 120.4 44.9 26.6
      vertex 118.9 69.99807620942593 26.6
      vertex 118.66785478740931 70.11892336010933 26.6
    endloop
  endfacet
  facet normal 0 0 1
    outer loop
      vertex 120.4 44.9 26.6
      vertex 119.69813332855702 69.32836283147336 26.6
      vertex 119.5213203445077 69.5213203445077 26.6
    endloop
  endfacet
  facet normal 0 0 1
    outer loop
      vertex 120.4 44.9 26.6
      vertex 119.5213203445077 69.5213203445077 26.6
      vertex 119.32836283147336 69.69813332855702 26.6
    endloop
  endfacet
  facet normal 0 0 1
    outer loop
      vertex 120.4 44.9 26.6
      vertex 119.32836283147336 69.69813332855702 26.6
      vertex 119.12072930634022 69.8574561342597 26.6
    endloop
  endfacet
  facet normal 0 0 1
    outer loop
      vertex 120.4 44.9 26.6
      vertex 119.12072930634022 69.8574561342597 26.6
      vertex 118.9 69.99807620942593 26.6
    endloop
  endfacet
  facet normal 0 0 1
    outer loop
      vertex 120.4 44.9 26.6
      vertex 117.66146722584963 70.38858409374953 26.6
      vertex 117.4 70.4 26.6
    endloop
  endfacet
  facet normal 0 0 1
    outer loop
      vertex 120.4 44.9 26.6
      vertex 117.92094453573227 70.35442325621844 26.6
      vertex 117.66146722584963 70.38858409374953 26.6
    endloop
  endfacet
  facet normal 0 0 1
    outer loop
      vertex 120.4 44.9 26.6
      vertex 118.17645713835955 70.29777747541667 26.6
      vertex 117.92094453573227 70.35442325621844 26.6
    endloop
  endfacet
  facet normal 0 0 1
    outer loop
      vertex 120.4 44.9 26.6
      vertex 118.42606043219567 70.21907786428929 26.6
      vertex 118.17645713835955 70.29777747541667 26.6
    endloop
  endfacet
  facet normal 0 0 1
    outer loop
      vertex 120.4 44.9 26.6
      vertex 118.66785478740931 70.11892336010933 26.6
      vertex 118.42606043219567 70.21907786428929 26.6
    endloop
  endfacet
  facet normal 0 0 1
    outer loop
      vertex 120.4 44.9 26.6
      vertex 120.21907786428929 68.42606043219567 26.6
      vertex 120.11892336010933 68.66785478740931 26.6
    endloop
  endfacet
  facet normal 0 0 1
    outer loop
      vertex 120.4 44.9 26.6
      vertex 120.11892336010933 68.66785478740931 26.6
      vertex 119.99807620942593 68.9 26.6
    endloop
  endfacet
  facet normal 0 0 1
    outer loop
      vertex 120.4 44.9 26.6
      vertex 119.99807620942593 68.9 26.6
      vertex 119.8574561342597 69.12072930634022 26.6
    endloop
  endfacet
  facet normal 0 0 1
    outer loop
      vertex 120.4 44.9 26.6
      vertex 119.8574561342597 69.12072930634022 26.6
      vertex 119.69813332855702 69.32836283147336 26.6
    endloop
  endfacet
  facet normal -1 0 0
    outer loop
      vertex 120.4 67.4 26.6
      vertex 120.4 44.9 35
      vertex 120.4 67.4 35
    endloop
  endfacet
  facet normal 0 0 1
    outer loop
      vertex 106.44 62.79999999701977 26.6
      vertex 108.79999999701977 62.79999999701977 26.6
      vertex 106.44 70.4 26.6
    endloop
  endfacet
  facet normal 0 0 1
    outer loop
      vertex 106.44 70.4 26.6
      vertex 108.79999999701977 62.79999999701977 26.6
      vertex 109.1486229673028 62.7847787886858 26.6
    endloop
  endfacet
  facet normal 0 0 1
    outer loop
      vertex 112.61865334794732 61.849999999999994 26.6
      vertex 117.4 70.4 26.6
      vertex 112.52021929300687 62.00451051633719 26.6
    endloop
  endfacet
  facet normal 0 0 1
    outer loop
      vertex 112.14985398034173 62.40869333054985 26.6
      vertex 112.28492424049175 62.28492424049175 26.6
      vertex 117.4 70.4 26.6
    endloop
  endfacet
  facet normal 0 0 1
    outer loop
      vertex 112.52021929300687 62.00451051633719 26.6
      vertex 117.4 70.4 26.6
      vertex 112.40869333054985 62.14985398034173 26.6
    endloop
  endfacet
  facet normal 0 0 1
    outer loop
      vertex 112.28492424049175 62.28492424049175 26.6
      vertex 112.40869333054985 62.14985398034173 26.6
      vertex 117.4 70.4 26.6
    endloop
  endfacet
  facet normal 0 0 1
    outer loop
      vertex 109.1486229673028 62.7847787886858 26.6
      vertex 109.49459271132946 62.73923101276159 26.6
      vertex 117.4 70.4 26.6
    endloop
  endfacet
  facet normal 0 0 1
    outer loop
      vertex 109.49459271132946 62.73923101276159 26.6
      vertex 109.83527617901564 62.66370330750942 26.6
      vertex 117.4 70.4 26.6
    endloop
  endfacet
  facet normal 0 0 1
    outer loop
      vertex 109.83527617901564 62.66370330750942 26.6
      vertex 109.91250165034452 62.703246352776965 26.6
      vertex 117.4 70.4 26.6
    endloop
  endfacet
  facet normal 0 0 1
    outer loop
      vertex 109.91250165034452 62.703246352776965 26.6
      vertex 110.0817576990161 62.7733545036504 26.6
      vertex 117.4 70.4 26.6
    endloop
  endfacet
  facet normal 0 0 1
    outer loop
      vertex 110.0817576990161 62.7733545036504 26.6
      vertex 110.2564800052847 62.828444235207044 26.6
      vertex 117.4 70.4 26.6
    endloop
  endfacet
  facet normal 0 0 1
    outer loop
      vertex 110.2564800052847 62.828444235207044 26.6
      vertex 110.43533882689944 62.868096281325634 26.6
      vertex 117.4 70.4 26.6
    endloop
  endfacet
  facet normal 0 0 1
    outer loop
      vertex 110.43533882689944 62.868096281325634 26.6
      vertex 110.61697294022991 62.892008865992665 26.6
      vertex 117.4 70.4 26.6
    endloop
  endfacet
  facet normal 0 0 1
    outer loop
      vertex 110.61697294022991 62.892008865992665 26.6
      vertex 110.8 62.9 26.6
      vertex 117.4 70.4 26.6
    endloop
  endfacet
  facet normal 0 0 1
    outer loop
      vertex 110.8 62.9 26.6
      vertex 110.98302705977008 62.892008865992665 26.6
      vertex 117.4 70.4 26.6
    endloop
  endfacet
  facet normal 0 0 1
    outer loop
      vertex 110.98302705977008 62.892008865992665 26.6
      vertex 111.16466117310055 62.868096281325634 26.6
      vertex 117.4 70.4 26.6
    endloop
  endfacet
  facet normal 0 0 1
    outer loop
      vertex 111.3435199947153 62.828444235207044 26.6
      vertex 111.5182423009839 62.7733545036504 26.6
      vertex 117.4 70.4 26.6
    endloop
  endfacet
  facet normal 0 0 1
    outer loop
      vertex 111.5182423009839 62.7733545036504 26.6
      vertex 111.68749834965547 62.703246352776965 26.6
      vertex 117.4 70.4 26.6
    endloop
  endfacet
  facet normal 0 0 1
    outer loop
      vertex 111.68749834965547 62.703246352776965 26.6
      vertex 111.85 62.618653347947316 26.6
      vertex 117.4 70.4 26.6
    endloop
  endfacet
  facet normal 0 0 1
    outer loop
      vertex 111.16466117310055 62.868096281325634 26.6
      vertex 111.3435199947153 62.828444235207044 26.6
      vertex 117.4 70.4 26.6
    endloop
  endfacet
  facet normal 0 0 1
    outer loop
      vertex 111.85 62.618653347947316 26.6
      vertex 112.00451051633719 62.52021929300688 26.6
      vertex 117.4 70.4 26.6
    endloop
  endfacet
  facet normal 0 0 1
    outer loop
      vertex 112.14985398034173 62.40869333054985 26.6
      vertex 117.4 70.4 26.6
      vertex 112.00451051633719 62.52021929300688 26.6
    endloop
  endfacet
  facet normal 0 0 1
    outer loop
      vertex 106.44 70.4 26.6
      vertex 109.1486229673028 62.7847787886858 26.6
      vertex 117.4 70.4 26.6
    endloop
  endfacet
  facet normal 0 -1 0
    outer loop
      vertex 106.44 70.4 26.6
      vertex 117.4 70.4 26.6
      vertex 117.4 70.4 35
    endloop
  endfacet
  facet normal 0 0 1
    outer loop
      vertex 112.86809628132563 61.16466117310055 26.6
      vertex 112.89200886599266 60.98302705977008 26.6
      vertex 117.4 70.4 26.6
    endloop
  endfacet
  facet normal 0 0 1
    outer loop
      vertex 112.86809628132563 61.16466117310055 26.6
      vertex 117.4 70.4 26.6
      vertex 112.82844423520704 61.343519994715294 26.6
    endloop
  endfacet
  facet normal 0 0 1
    outer loop
      vertex 112.82844423520704 61.343519994715294 26.6
      vertex 117.4 70.4 26.6
      vertex 112.77335450365041 61.5182423009839 26.6
    endloop
  endfacet
  facet normal 0 0 1
    outer loop
      vertex 112.77335450365041 61.5182423009839 26.6
      vertex 117.4 70.4 26.6
      vertex 112.70324635277696 61.68749834965546 26.6
    endloop
  endfacet
  facet normal 0 0 1
    outer loop
      vertex 112.70324635277696 61.68749834965546 26.6
      vertex 117.4 70.4 26.6
      vertex 112.61865334794732 61.849999999999994 26.6
    endloop
  endfacet
  facet normal -0.04361938976874022 -0.9990482214769228 0
    outer loop
      vertex 117.4 70.4 26.6
      vertex 117.66146722584963 70.38858409374953 26.6
      vertex 117.66146722584963 70.38858409374953 35
    endloop
  endfacet
  facet normal -0.13052619829616907 -0.9914448605738745 0
    outer loop
      vertex 117.66146722584963 70.38858409374953 26.6
      vertex 117.92094453573227 70.35442325621844 26.6
      vertex 117.92094453573227 70.35442325621844 35
    endloop
  endfacet
  facet normal -0.7933533435043425 -0.6087614248213178 0
    outer loop
      vertex 119.8574561342597 69.12072930634022 26.6
      vertex 119.8574561342597 69.12072930634022 35
      vertex 119.69813332855702 69.32836283147336 26.6
    endloop
  endfacet
  facet normal -0.7372773375807703 -0.6755902067746474 0
    outer loop
      vertex 119.69813332855702 69.32836283147336 26.6
      vertex 119.69813332855702 69.32836283147336 35
      vertex 119.5213203445077 69.5213203445077 26.6
    endloop
  endfacet
  facet normal -0.9990482214769228 -0.04361938976874022 0
    outer loop
      vertex 120.4 67.4 26.6
      vertex 120.4 67.4 35
      vertex 120.38858409374953 67.66146722584963 26.6
    endloop
  endfacet
  facet normal -0.9914448605738745 -0.13052619829616907 0
    outer loop
      vertex 120.35442325621844 67.92094453573227 26.6
      vertex 120.38858409374953 67.66146722584963 26.6
      vertex 120.38858409374953 67.66146722584963 35
    endloop
  endfacet
  facet normal -0.9762960066667415 -0.21643961598231834 0
    outer loop
      vertex 120.35442325621844 67.92094453573227 26.6
      vertex 120.35442325621844 67.92094453573227 35
      vertex 120.29777747541667 68.17645713835955 26.6
    endloop
  endfacet
  facet normal -0.9537169563580069 -0.3007057817123236 0
    outer loop
      vertex 120.29777747541667 68.17645713835955 26.6
      vertex 120.29777747541667 68.17645713835955 35
      vertex 120.21907786428929 68.42606043219567 26.6
    endloop
  endfacet
  facet normal -0.9238795285325985 -0.38268344197049287 0
    outer loop
      vertex 120.21907786428929 68.42606043219567 26.6
      vertex 120.21907786428929 68.42606043219567 35
      vertex 120.11892336010933 68.66785478740931 26.6
    endloop
  endfacet
  facet normal -0.8870108299460169 -0.4617486194440415 0
    outer loop
      vertex 120.11892336010933 68.66785478740931 26.6
      vertex 120.11892336010933 68.66785478740931 35
      vertex 119.99807620942593 68.9 26.6
    endloop
  endfacet
  facet normal -0.843391448569029 -0.5372996040205457 0
    outer loop
      vertex 119.8574561342597 69.12072930634022 26.6
      vertex 119.99807620942593 68.9 26.6
      vertex 119.99807620942593 68.9 35
    endloop
  endfacet
  facet normal -0.4617486194440415 -0.8870108299460169 0
    outer loop
      vertex 118.66785478740931 70.11892336010933 26.6
      vertex 118.9 69.99807620942593 26.6
      vertex 118.9 69.99807620942593 35
    endloop
  endfacet
  facet normal -0.21643961598231834 -0.9762960066667415 0
    outer loop
      vertex 117.92094453573227 70.35442325621844 26.6
      vertex 118.17645713835955 70.29777747541667 26.6
      vertex 118.17645713835955 70.29777747541667 35
    endloop
  endfacet
  facet normal -0.3007057817123236 -0.9537169563580069 0
    outer loop
      vertex 118.17645713835955 70.29777747541667 26.6
      vertex 118.42606043219567 70.21907786428929 26.6
      vertex 118.42606043219567 70.21907786428929 35
    endloop
  endfacet
  facet normal -0.38268344197049287 -0.9238795285325985 0
    outer loop
      vertex 118.42606043219567 70.21907786428929 26.6
      vertex 118.66785478740931 70.11892336010933 26.6
      vertex 118.66785478740931 70.11892336010933 35
    endloop
  endfacet
  facet normal -0.6087614248213178 -0.7933533435043425 0
    outer loop
      vertex 119.12072930634022 69.8574561342597 26.6
      vertex 119.32836283147336 69.69813332855702 26.6
      vertex 119.32836283147336 69.69813332855702 35
    endloop
  endfacet
  facet normal -0.5372996040205457 -0.843391448569029 0
    outer loop
      vertex 118.9 69.99807620942593 26.6
      vertex 119.12072930634022 69.8574561342597 26.6
      vertex 119.12072930634022 69.8574561342597 35
    endloop
  endfacet
  facet normal -0.6755902067746474 -0.7372773375807703 0
    outer loop
      vertex 119.32836283147336 69.69813332855702 26.6
      vertex 119.5213203445077 69.5213203445077 26.6
      vertex 119.5213203445077 69.5213203445077 35
    endloop
  endfacet
  facet normal 0 -1 0
    outer loop
      vertex 106.44 70.4 26.6
      vertex 117.4 70.4 35
      vertex 106.44 70.4 35
    endloop
  endfacet
  facet normal -0.04361938976874022 -0.9990482214769228 0
    outer loop
      vertex 117.4 70.4 26.6
      vertex 117.66146722584963 70.38858409374953 35
      vertex 117.4 70.4 35
    endloop
  endfacet
  facet normal -0.13052619829616907 -0.9914448605738745 0
    outer loop
      vertex 117.66146722584963 70.38858409374953 26.6
      vertex 117.92094453573227 70.35442325621844 35
      vertex 117.66146722584963 70.38858409374953 35
    endloop
  endfacet
  facet normal -0.7933533435043425 -0.6087614248213178 0
    outer loop
      vertex 119.69813332855702 69.32836283147336 26.6
      vertex 119.8574561342597 69.12072930634022 35
      vertex 119.69813332855702 69.32836283147336 35
    endloop
  endfacet
  facet normal -0.7372773375807703 -0.6755902067746474 0
    outer loop
      vertex 119.5213203445077 69.5213203445077 26.6
      vertex 119.69813332855702 69.32836283147336 35
      vertex 119.5213203445077 69.5213203445077 35
    endloop
  endfacet
  facet normal -0.9914448605738745 -0.13052619829616907 0
    outer loop
      vertex 120.35442325621844 67.92094453573227 26.6
      vertex 120.38858409374953 67.66146722584963 35
      vertex 120.35442325621844 67.92094453573227 35
    endloop
  endfacet
  facet normal -0.9990482214769228 -0.04361938976874022 0
    outer loop
      vertex 120.38858409374953 67.66146722584963 26.6
      vertex 120.4 67.4 35
      vertex 120.38858409374953 67.66146722584963 35
    endloop
  endfacet
  facet normal -0.9762960066667415 -0.21643961598231834 0
    outer loop
      vertex 120.29777747541667 68.17645713835955 26.6
      vertex 120.35442325621844 67.92094453573227 35
      vertex 120.29777747541667 68.17645713835955 35
    endloop
  endfacet
  facet normal -0.9537169563580069 -0.3007057817123236 0
    outer loop
      vertex 120.21907786428929 68.42606043219567 26.6
      vertex 120.29777747541667 68.17645713835955 35
      vertex 120.21907786428929 68.42606043219567 35
    endloop
  endfacet
  facet normal -0.9238795285325985 -0.38268344197049287 0
    outer loop
      vertex 120.11892336010933 68.66785478740931 26.6
      vertex 120.21907786428929 68.42606043219567 35
      vertex 120.11892336010933 68.66785478740931 35
    endloop
  endfacet
  facet normal -0.8870108299460169 -0.4617486194440415 0
    outer loop
      vertex 119.99807620942593 68.9 26.6
      vertex 120.11892336010933 68.66785478740931 35
      vertex 119.99807620942593 68.9 35
    endloop
  endfacet
  facet normal -0.843391448569029 -0.5372996040205457 0
    outer loop
      vertex 119.8574561342597 69.12072930634022 26.6
      vertex 119.99807620942593 68.9 35
      vertex 119.8574561342597 69.12072930634022 35
    endloop
  endfacet
  facet normal -0.4617486194440415 -0.8870108299460169 0
    outer loop
      vertex 118.66785478740931 70.11892336010933 26.6
      vertex 118.9 69.99807620942593 35
      vertex 118.66785478740931 70.11892336010933 35
    endloop
  endfacet
  facet normal -0.21643961598231834 -0.9762960066667415 0
    outer loop
      vertex 117.92094453573227 70.35442325621844 26.6
      vertex 118.17645713835955 70.29777747541667 35
      vertex 117.92094453573227 70.35442325621844 35
    endloop
  endfacet
  facet normal -0.3007057817123236 -0.9537169563580069 0
    outer loop
      vertex 118.17645713835955 70.29777747541667 26.6
      vertex 118.42606043219567 70.21907786428929 35
      vertex 118.17645713835955 70.29777747541667 35
    endloop
  endfacet
  facet normal -0.38268344197049287 -0.9238795285325985 0
    outer loop
      vertex 118.42606043219567 70.21907786428929 26.6
      vertex 118.66785478740931 70.11892336010933 35
      vertex 118.42606043219567 70.21907786428929 35
    endloop
  endfacet
  facet normal -0.6755902067746474 -0.7372773375807703 0
    outer loop
      vertex 119.32836283147336 69.69813332855702 26.6
      vertex 119.5213203445077 69.5213203445077 35
      vertex 119.32836283147336 69.69813332855702 35
    endloop
  endfacet
  facet normal -0.6087614248213178 -0.7933533435043425 0
    outer loop
      vertex 119.12072930634022 69.8574561342597 26.6
      vertex 119.32836283147336 69.69813332855702 35
      vertex 119.12072930634022 69.8574561342597 35
    endloop
  endfacet
  facet normal -0.5372996040205457 -0.843391448569029 0
    outer loop
      vertex 118.9 69.99807620942593 26.6
      vertex 119.12072930634022 69.8574561342597 35
      vertex 118.9 69.99807620942593 35
    endloop
  endfacet
  facet normal 0.953716949591152 0.3007058031740456 0
    outer loop
      vertex 9.136296696960926 11.964723818004131 26.6
      vertex 9.136544896759249 11.963936628824385 0
      vertex 9.136296696960926 11.964723818004131 0
    endloop
  endfacet
  facet normal 0.9762960033255454 0.21643963105347944 0
    outer loop
      vertex 9.060768984258175 12.305407285690308 26.6
      vertex 9.136296696960926 11.964723818004131 0
      vertex 9.060768984258175 12.305407285690308 0
    endloop
  endfacet
  facet normal 0.9914448632156584 0.13052617822982726 0
    outer loop
      vertex 9.01522120833397 12.651377029716969 26.6
      vertex 9.060768984258175 12.305407285690308 0
      vertex 9.01522120833397 12.651377029716969 0
    endloop
  endfacet
  facet normal 0.9990482214904641 0.043619389458594816 0
    outer loop
      vertex 9 13 26.6
      vertex 9.01522120833397 12.651377029716969 0
      vertex 9 13 0
    endloop
  endfacet
  facet normal 0.21643963105347944 0.9762960033255454 0
    outer loop
      vertex 11.964723818004131 9.136296696960926 26.6
      vertex 12.305407285690308 9.060768984258175 0
      vertex 11.964723818004131 9.136296696960926 0
    endloop
  endfacet
  facet normal 0.3007058031740456 0.953716949591152 0
    outer loop
      vertex 11.963936628824385 9.136544896759249 26.6
      vertex 11.964723818004131 9.136296696960926 0
      vertex 11.963936628824385 9.136544896759249 0
    endloop
  endfacet
  facet normal 0.13052617822982726 0.9914448632156584 0
    outer loop
      vertex 12.305407285690308 9.060768984258175 26.6
      vertex 12.651377029716969 9.01522120833397 0
      vertex 12.305407285690308 9.060768984258175 0
    endloop
  endfacet
  facet normal 0.043619389458594816 0.9990482214904641 0
    outer loop
      vertex 12.651377029716969 9.01522120833397 26.6
      vertex 13 9 0
      vertex 12.651377029716969 9.01522120833397 0
    endloop
  endfacet
  facet normal 0 1 0
    outer loop
      vertex 13 9 26.6
      vertex 15.36 9 22
      vertex 13 9 0
    endloop
  endfacet
  facet normal 1 0 0
    outer loop
      vertex 9 13 26.6
      vertex 9 13 0
      vertex 9 26.9 22
    endloop
  endfacet
  facet normal 1 0 0
    outer loop
      vertex 9 26.9 22
      vertex 9 13 0
      vertex 9 44.9 22
    endloop
  endfacet
  facet normal 0 1 0
    outer loop
      vertex 15.36 9 22
      vertex 108.79999999701977 9 0
      vertex 13 9 0
    endloop
  endfacet
  facet normal 0 1 0
    outer loop
      vertex 15.36 9 22
      vertex 33.36 9 22
      vertex 108.79999999701977 9 0
    endloop
  endfacet
  facet normal 0.953716949591152 0.3007058031740456 0
    outer loop
      vertex 9.136544896759249 11.963936628824385 26.6
      vertex 9.136544896759249 11.963936628824385 0
      vertex 9.136296696960926 11.964723818004131 26.6
    endloop
  endfacet
  facet normal 0.9762960033255454 0.21643963105347944 0
    outer loop
      vertex 9.136296696960926 11.964723818004131 26.6
      vertex 9.136296696960926 11.964723818004131 0
      vertex 9.060768984258175 12.305407285690308 26.6
    endloop
  endfacet
  facet normal 0.9990482214904641 0.043619389458594816 0
    outer loop
      vertex 9.01522120833397 12.651377029716969 26.6
      vertex 9.01522120833397 12.651377029716969 0
      vertex 9 13 26.6
    endloop
  endfacet
  facet normal 0.9914448632156584 0.13052617822982726 0
    outer loop
      vertex 9.060768984258175 12.305407285690308 26.6
      vertex 9.060768984258175 12.305407285690308 0
      vertex 9.01522120833397 12.651377029716969 26.6
    endloop
  endfacet
  facet normal 0.3007058031740456 0.953716949591152 0
    outer loop
      vertex 11.963936628824385 9.136544896759249 26.6
      vertex 11.964723818004131 9.136296696960926 26.6
      vertex 11.964723818004131 9.136296696960926 0
    endloop
  endfacet
  facet normal 0.21643963105347944 0.9762960033255454 0
    outer loop
      vertex 11.964723818004131 9.136296696960926 26.6
      vertex 12.305407285690308 9.060768984258175 26.6
      vertex 12.305407285690308 9.060768984258175 0
    endloop
  endfacet
  facet normal 0.13052617822982726 0.9914448632156584 0
    outer loop
      vertex 12.305407285690308 9.060768984258175 26.6
      vertex 12.651377029716969 9.01522120833397 26.6
      vertex 12.651377029716969 9.01522120833397 0
    endloop
  endfacet
  facet normal 0.043619389458594816 0.9990482214904641 0
    outer loop
      vertex 12.651377029716969 9.01522120833397 26.6
      vertex 13 9 26.6
      vertex 13 9 0
    endloop
  endfacet
  facet normal 0 1 0
    outer loop
      vertex 13 9 26.6
      vertex 15.36 9 26.6
      vertex 15.36 9 22
    endloop
  endfacet
  facet normal 1 0 0
    outer loop
      vertex 9 13 26.6
      vertex 9 26.9 22
      vertex 9 26.9 26.6
    endloop
  endfacet
  facet normal 0 1 0
    outer loop
      vertex 33.36 9 22
      vertex 33.36 9 26.6
      vertex 51.9 9 26.6
    endloop
  endfacet
  facet normal 0 1 0
    outer loop
      vertex 33.36 9 22
      vertex 51.9 9 26.6
      vertex 51.9 9 22
    endloop
  endfacet
  facet normal 1 0 0
    outer loop
      vertex 9 44.9 22
      vertex 9 13 0
      vertex 9 58.79999999701977 0
    endloop
  endfacet
  facet normal 0.9990482214904641 -0.043619389458594816 0
    outer loop
      vertex 9.01522120833397 59.1486229673028 26.6
      vertex 9 58.79999999701977 0
      vertex 9.01522120833397 59.1486229673028 0
    endloop
  endfacet
  facet normal 0.9914448632156584 -0.13052617822982726 0
    outer loop
      vertex 9.060768984258175 59.49459271132946 26.6
      vertex 9.01522120833397 59.1486229673028 0
      vertex 9.060768984258175 59.49459271132946 0
    endloop
  endfacet
  facet normal 0.9762960033255454 -0.21643963105347944 0
    outer loop
      vertex 9.136296696960926 59.835276179015636 26.6
      vertex 9.060768984258175 59.49459271132946 0
      vertex 9.136296696960926 59.835276179015636 0
    endloop
  endfacet
  facet normal 0.9537169515222923 -0.3007057970492516 0
    outer loop
      vertex 9.136544897340999 59.836063370058085 26.6
      vertex 9.136296696960926 59.835276179015636 0
      vertex 9.136544897340999 59.836063370058085 0
    endloop
  endfacet
  facet normal 0.30070580317569645 -0.9537169495906315 0
    outer loop
      vertex 11.964723818004131 62.66370330750942 26.6
      vertex 11.963936623476217 62.66345510602483 0
      vertex 11.964723818004131 62.66370330750942 0
    endloop
  endfacet
  facet normal 0.21643961070258058 -0.9762960078372313 0
    outer loop
      vertex 12.305407285690308 62.73923101276159 26.6
      vertex 11.964723818004131 62.66370330750942 0
      vertex 12.305407285690308 62.73923101276159 0
    endloop
  endfacet
  facet normal 0.13052617822982726 -0.9914448632156584 0
    outer loop
      vertex 12.651377029716969 62.7847787886858 26.6
      vertex 12.305407285690308 62.73923101276159 0
      vertex 12.651377029716969 62.7847787886858 0
    endloop
  endfacet
  facet normal 0.043619389458594816 -0.9990482214904641 0
    outer loop
      vertex 13 62.79999999701977 26.6
      vertex 12.651377029716969 62.7847787886858 0
      vertex 13 62.79999999701977 0
    endloop
  endfacet
  facet normal 1 0 0
    outer loop
      vertex 9 44.9 22
      vertex 9 58.79999999701977 0
      vertex 9 58.79999999701977 26.6
    endloop
  endfacet
  facet normal 0 -1 0
    outer loop
      vertex 13 62.79999999701977 26.6
      vertex 13 62.79999999701977 0
      vertex 15.36 62.79999999701977 22
    endloop
  endfacet
  facet normal 0 -1 0
    outer loop
      vertex 15.36 62.79999999701977 22
      vertex 13 62.79999999701977 0
      vertex 33.36 62.79999999701977 22
    endloop
  endfacet
  facet normal 0 -1 0
    outer loop
      vertex 33.36 62.79999999701977 22
      vertex 13 62.79999999701977 0
      vertex 51.9 62.79999999701977 22
    endloop
  endfacet
  facet normal 0 -1 0
    outer loop
      vertex 51.9 62.79999999701977 22
      vertex 13 62.79999999701977 0
      vertex 69.9 62.79999999701977 22
    endloop
  endfacet
  facet normal 0 -1 0
    outer loop
      vertex 69.9 62.79999999701977 22
      vertex 13 62.79999999701977 0
      vertex 88.44 62.79999999701977 22
    endloop
  endfacet
  facet normal 1 0 0
    outer loop
      vertex 9 44.9 22
      vertex 9 58.79999999701977 26.6
      vertex 9 44.9 26.6
    endloop
  endfacet
  facet normal 0.9990482214904641 -0.043619389458594816 0
    outer loop
      vertex 9 58.79999999701977 26.6
      vertex 9 58.79999999701977 0
      vertex 9.01522120833397 59.1486229673028 26.6
    endloop
  endfacet
  facet normal 0.9914448632156584 -0.13052617822982726 0
    outer loop
      vertex 9.01522120833397 59.1486229673028 26.6
      vertex 9.01522120833397 59.1486229673028 0
      vertex 9.060768984258175 59.49459271132946 26.6
    endloop
  endfacet
  facet normal 0.9762960033255454 -0.21643963105347944 0
    outer loop
      vertex 9.060768984258175 59.49459271132946 26.6
      vertex 9.060768984258175 59.49459271132946 0
      vertex 9.136296696960926 59.835276179015636 26.6
    endloop
  endfacet
  facet normal 0.9537169515222923 -0.3007057970492516 0
    outer loop
      vertex 9.136544897340999 59.836063370058085 26.6
      vertex 9.136296696960926 59.835276179015636 26.6
      vertex 9.136296696960926 59.835276179015636 0
    endloop
  endfacet
  facet normal 0.30070580317569645 -0.9537169495906315 0
    outer loop
      vertex 11.963936623476217 62.66345510602483 26.6
      vertex 11.963936623476217 62.66345510602483 0
      vertex 11.964723818004131 62.66370330750942 26.6
    endloop
  endfacet
  facet normal 0.21643961070258058 -0.9762960078372313 0
    outer loop
      vertex 11.964723818004131 62.66370330750942 26.6
      vertex 11.964723818004131 62.66370330750942 0
      vertex 12.305407285690308 62.73923101276159 26.6
    endloop
  endfacet
  facet normal 0.13052617822982726 -0.9914448632156584 0
    outer loop
      vertex 12.305407285690308 62.73923101276159 26.6
      vertex 12.305407285690308 62.73923101276159 0
      vertex 12.651377029716969 62.7847787886858 26.6
    endloop
  endfacet
  facet normal 0.043619389458594816 -0.9990482214904641 0
    outer loop
      vertex 12.651377029716969 62.7847787886858 26.6
      vertex 12.651377029716969 62.7847787886858 0
      vertex 13 62.79999999701977 26.6
    endloop
  endfacet
  facet normal 0 -1 0
    outer loop
      vertex 13 62.79999999701977 26.6
      vertex 15.36 62.79999999701977 22
      vertex 15.36 62.79999999701977 26.6
    endloop
  endfacet
  facet normal 0 -1 0
    outer loop
      vertex 33.36 62.79999999701977 22
      vertex 51.9 62.79999999701977 26.6
      vertex 33.36 62.79999999701977 26.6
    endloop
  endfacet
  facet normal 0 -1 0
    outer loop
      vertex 33.36 62.79999999701977 22
      vertex 51.9 62.79999999701977 22
      vertex 51.9 62.79999999701977 26.6
    endloop
  endfacet
  facet normal 0 1 0
    outer loop
      vertex 33.36 9 22
      vertex 51.9 9 22
      vertex 108.79999999701977 9 0
    endloop
  endfacet
  facet normal 0 1 0
    outer loop
      vertex 51.9 9 22
      vertex 69.9 9 22
      vertex 108.79999999701977 9 0
    endloop
  endfacet
  facet normal 0 1 0
    outer loop
      vertex 69.9 9 22
      vertex 88.44 9 22
      vertex 108.79999999701977 9 0
    endloop
  endfacet
  facet normal 0 1 0
    outer loop
      vertex 88.44 9 22
      vertex 106.44 9 22
      vertex 108.79999999701977 9 0
    endloop
  endfacet
  facet normal -0.043619389458594816 0.9990482214904641 0
    outer loop
      vertex 108.79999999701977 9 26.6
      vertex 109.1486229673028 9.01522120833397 0
      vertex 108.79999999701977 9 0
    endloop
  endfacet
  facet normal -0.13052617822982726 0.9914448632156584 0
    outer loop
      vertex 109.1486229673028 9.01522120833397 26.6
      vertex 109.49459271132946 9.060768984258175 0
      vertex 109.1486229673028 9.01522120833397 0
    endloop
  endfacet
  facet normal -0.21643963105347944 0.9762960033255454 0
    outer loop
      vertex 109.49459271132946 9.060768984258175 26.6
      vertex 109.83527617901564 9.136296696960926 0
      vertex 109.49459271132946 9.060768984258175 0
    endloop
  endfacet
  facet normal -0.3007057970492516 0.9537169515222923 0
    outer loop
      vertex 109.83527617901564 9.136296696960926 26.6
      vertex 109.83606337005808 9.136544897340999 0
      vertex 109.83527617901564 9.136296696960926 0
    endloop
  endfacet
  facet normal -0.9537169495912154 0.3007058031738449 0
    outer loop
      vertex 112.66345510602483 11.963936623476211 26.6
      vertex 112.66370330750942 11.964723818004131 0
      vertex 112.66345510602483 11.963936623476211 0
    endloop
  endfacet
  facet normal -0.9762960078372313 0.21643961070258058 0
    outer loop
      vertex 112.66370330750942 11.964723818004131 26.6
      vertex 112.73923101276159 12.305407285690308 0
      vertex 112.66370330750942 11.964723818004131 0
    endloop
  endfacet
  facet normal -0.9914448632156584 0.13052617822982726 0
    outer loop
      vertex 112.73923101276159 12.305407285690308 26.6
      vertex 112.7847787886858 12.651377029716969 0
      vertex 112.73923101276159 12.305407285690308 0
    endloop
  endfacet
  facet normal -0.9990482214904641 0.043619389458594816 0
    outer loop
      vertex 112.7847787886858 12.651377029716969 26.6
      vertex 112.79999999701977 13 0
      vertex 112.7847787886858 12.651377029716969 0
    endloop
  endfacet
  facet normal 0 1 0
    outer loop
      vertex 106.44 9 22
      vertex 108.79999999701977 9 26.6
      vertex 108.79999999701977 9 0
    endloop
  endfacet
  facet normal -1 0 0
    outer loop
      vertex 112.79999999701977 13 26.6
      vertex 112.79999999701977 26.9 22
      vertex 112.79999999701977 13 0
    endloop
  endfacet
  facet normal -1 0 0
    outer loop
      vertex 112.79999999701977 26.9 22
      vertex 112.79999999701977 58.79999999701977 0
      vertex 112.79999999701977 13 0
    endloop
  endfacet
  facet normal 0 1 0
    outer loop
      vertex 69.9 9 22
      vertex 69.9 9 26.6
      vertex 88.44 9 22
    endloop
  endfacet
  facet normal 0 1 0
    outer loop
      vertex 69.9 9 26.6
      vertex 88.44 9 26.6
      vertex 88.44 9 22
    endloop
  endfacet
  facet normal -0.043619389458594816 0.9990482214904641 0
    outer loop
      vertex 108.79999999701977 9 26.6
      vertex 109.1486229673028 9.01522120833397 26.6
      vertex 109.1486229673028 9.01522120833397 0
    endloop
  endfacet
  facet normal -0.13052617822982726 0.9914448632156584 0
    outer loop
      vertex 109.1486229673028 9.01522120833397 26.6
      vertex 109.49459271132946 9.060768984258175 26.6
      vertex 109.49459271132946 9.060768984258175 0
    endloop
  endfacet
  facet normal -0.21643963105347944 0.9762960033255454 0
    outer loop
      vertex 109.49459271132946 9.060768984258175 26.6
      vertex 109.83527617901564 9.136296696960926 26.6
      vertex 109.83527617901564 9.136296696960926 0
    endloop
  endfacet
  facet normal -0.3007057970492516 0.9537169515222923 0
    outer loop
      vertex 109.83606337005808 9.136544897340999 26.6
      vertex 109.83606337005808 9.136544897340999 0
      vertex 109.83527617901564 9.136296696960926 26.6
    endloop
  endfacet
  facet normal -0.9537169495912154 0.3007058031738449 0
    outer loop
      vertex 112.66345510602483 11.963936623476211 26.6
      vertex 112.66370330750942 11.964723818004131 26.6
      vertex 112.66370330750942 11.964723818004131 0
    endloop
  endfacet
  facet normal -0.9762960078372313 0.21643961070258058 0
    outer loop
      vertex 112.66370330750942 11.964723818004131 26.6
      vertex 112.73923101276159 12.305407285690308 26.6
      vertex 112.73923101276159 12.305407285690308 0
    endloop
  endfacet
  facet normal -0.9914448632156584 0.13052617822982726 0
    outer loop
      vertex 112.73923101276159 12.305407285690308 26.6
      vertex 112.7847787886858 12.651377029716969 26.6
      vertex 112.7847787886858 12.651377029716969 0
    endloop
  endfacet
  facet normal -0.9990482214904641 0.043619389458594816 0
    outer loop
      vertex 112.7847787886858 12.651377029716969 26.6
      vertex 112.79999999701977 13 26.6
      vertex 112.79999999701977 13 0
    endloop
  endfacet
  facet normal 0 1 0
    outer loop
      vertex 106.44 9 22
      vertex 106.44 9 26.6
      vertex 108.79999999701977 9 26.6
    endloop
  endfacet
  facet normal -1 0 0
    outer loop
      vertex 112.79999999701977 13 26.6
      vertex 112.79999999701977 26.9 26.6
      vertex 112.79999999701977 26.9 22
    endloop
  endfacet
  facet normal 0 -1 0
    outer loop
      vertex 106.44 62.79999999701977 22
      vertex 13 62.79999999701977 0
      vertex 108.79999999701977 62.79999999701977 0
    endloop
  endfacet
  facet normal 0 -1 0
    outer loop
      vertex 88.44 62.79999999701977 22
      vertex 13 62.79999999701977 0
      vertex 106.44 62.79999999701977 22
    endloop
  endfacet
  facet normal -1 0 0
    outer loop
      vertex 112.79999999701977 26.9 22
      vertex 112.79999999701977 44.9 22
      vertex 112.79999999701977 58.79999999701977 0
    endloop
  endfacet
  facet normal -0.043619389458594816 -0.9990482214904641 0
    outer loop
      vertex 109.1486229673028 62.7847787886858 26.6
      vertex 108.79999999701977 62.79999999701977 0
      vertex 109.1486229673028 62.7847787886858 0
    endloop
  endfacet
  facet normal -0.13052617822982726 -0.9914448632156584 0
    outer loop
      vertex 109.49459271132946 62.73923101276159 26.6
      vertex 109.1486229673028 62.7847787886858 0
      vertex 109.49459271132946 62.73923101276159 0
    endloop
  endfacet
  facet normal -0.30070579705526446 -0.9537169515203963 0
    outer loop
      vertex 109.83606337540624 62.66345510544308 26.6
      vertex 109.83527617901564 62.66370330750942 0
      vertex 109.83606337540624 62.66345510544308 0
    endloop
  endfacet
  facet normal -0.21643961070258058 -0.9762960078372313 0
    outer loop
      vertex 109.83527617901564 62.66370330750942 26.6
      vertex 109.49459271132946 62.73923101276159 0
      vertex 109.83527617901564 62.66370330750942 0
    endloop
  endfacet
  facet normal -0.9990482214904641 -0.043619389458594816 0
    outer loop
      vertex 112.79999999701977 58.79999999701977 26.6
      vertex 112.7847787886858 59.1486229673028 0
      vertex 112.79999999701977 58.79999999701977 0
    endloop
  endfacet
  facet normal -0.9914448632156584 -0.13052617822982726 0
    outer loop
      vertex 112.7847787886858 59.1486229673028 26.6
      vertex 112.73923101276159 59.49459271132946 0
      vertex 112.7847787886858 59.1486229673028 0
    endloop
  endfacet
  facet normal -0.9762960078372313 -0.21643961070258058 0
    outer loop
      vertex 112.73923101276159 59.49459271132946 26.6
      vertex 112.66370330750942 59.835276179015636 0
      vertex 112.73923101276159 59.49459271132946 0
    endloop
  endfacet
  facet normal -0.9537169515219531 -0.30070579705032685 0
    outer loop
      vertex 112.66370330750942 59.835276179015636 26.6
      vertex 112.66345510544308 59.836063375406255 0
      vertex 112.66370330750942 59.835276179015636 0
    endloop
  endfacet
  facet normal -1 0 0
    outer loop
      vertex 112.79999999701977 44.9 22
      vertex 112.79999999701977 58.79999999701977 26.6
      vertex 112.79999999701977 58.79999999701977 0
    endloop
  endfacet
  facet normal 0 -1 0
    outer loop
      vertex 106.44 62.79999999701977 22
      vertex 108.79999999701977 62.79999999701977 0
      vertex 108.79999999701977 62.79999999701977 26.6
    endloop
  endfacet
  facet normal 0 -1 0
    outer loop
      vertex 69.9 62.79999999701977 22
      vertex 88.44 62.79999999701977 26.6
      vertex 69.9 62.79999999701977 26.6
    endloop
  endfacet
  facet normal 0 -1 0
    outer loop
      vertex 69.9 62.79999999701977 22
      vertex 88.44 62.79999999701977 22
      vertex 88.44 62.79999999701977 26.6
    endloop
  endfacet
  facet normal -1 0 0
    outer loop
      vertex 112.79999999701977 44.9 22
      vertex 112.79999999701977 44.9 26.6
      vertex 112.79999999701977 58.79999999701977 26.6
    endloop
  endfacet
  facet normal -0.043619389458594816 -0.9990482214904641 0
    outer loop
      vertex 108.79999999701977 62.79999999701977 26.6
      vertex 108.79999999701977 62.79999999701977 0
      vertex 109.1486229673028 62.7847787886858 26.6
    endloop
  endfacet
  facet normal -0.13052617822982726 -0.9914448632156584 0
    outer loop
      vertex 109.1486229673028 62.7847787886858 26.6
      vertex 109.1486229673028 62.7847787886858 0
      vertex 109.49459271132946 62.73923101276159 26.6
    endloop
  endfacet
  facet normal -0.21643961070258058 -0.9762960078372313 0
    outer loop
      vertex 109.49459271132946 62.73923101276159 26.6
      vertex 109.49459271132946 62.73923101276159 0
      vertex 109.83527617901564 62.66370330750942 26.6
    endloop
  endfacet
  facet normal -0.30070579705526446 -0.9537169515203963 0
    outer loop
      vertex 109.83606337540624 62.66345510544308 26.6
      vertex 109.83527617901564 62.66370330750942 26.6
      vertex 109.83527617901564 62.66370330750942 0
    endloop
  endfacet
  facet normal -0.9914448632156584 -0.13052617822982726 0
    outer loop
      vertex 112.7847787886858 59.1486229673028 26.6
      vertex 112.73923101276159 59.49459271132946 26.6
      vertex 112.73923101276159 59.49459271132946 0
    endloop
  endfacet
  facet normal -0.9990482214904641 -0.043619389458594816 0
    outer loop
      vertex 112.79999999701977 58.79999999701977 26.6
      vertex 112.7847787886858 59.1486229673028 26.6
      vertex 112.7847787886858 59.1486229673028 0
    endloop
  endfacet
  facet normal -0.9762960078372313 -0.21643961070258058 0
    outer loop
      vertex 112.73923101276159 59.49459271132946 26.6
      vertex 112.66370330750942 59.835276179015636 26.6
      vertex 112.66370330750942 59.835276179015636 0
    endloop
  endfacet
  facet normal -0.9537169515219531 -0.30070579705032685 0
    outer loop
      vertex 112.66345510544308 59.836063375406255 26.6
      vertex 112.66345510544308 59.836063375406255 0
      vertex 112.66370330750942 59.835276179015636 26.6
    endloop
  endfacet
  facet normal 0 -1 0
    outer loop
      vertex 106.44 62.79999999701977 22
      vertex 108.79999999701977 62.79999999701977 26.6
      vertex 106.44 62.79999999701977 26.6
    endloop
  endfacet
  facet normal 0 1 0
    outer loop
      vertex 9 26.9 22
      vertex 0 26.9 22
      vertex 9 26.9 26.6
    endloop
  endfacet
  facet normal 0 1 0
    outer loop
      vertex 3.4 26.9 26.6
      vertex 9 26.9 26.6
      vertex 0 26.9 22
    endloop
  endfacet
  facet normal 0 0 1
    outer loop
      vertex 9 26.9 22
      vertex 0 44.9 22
      vertex 0 26.9 22
    endloop
  endfacet
  facet normal 0 1 0
    outer loop
      vertex 3.4 26.9 26.6
      vertex 0 26.9 22
      vertex 0 26.9 35
    endloop
  endfacet
  facet normal 0 1 0
    outer loop
      vertex 3.4 26.9 26.6
      vertex 0 26.9 35
      vertex 3.4 26.9 35
    endloop
  endfacet
  facet normal 0 0 1
    outer loop
      vertex 9 26.9 22
      vertex 9 44.9 22
      vertex 0 44.9 22
    endloop
  endfacet
  facet normal 0 -1 0
    outer loop
      vertex 9 44.9 22
      vertex 3.4 44.9 26.6
      vertex 0 44.9 22
    endloop
  endfacet
  facet normal 0 -1 0
    outer loop
      vertex 9 44.9 22
      vertex 9 44.9 26.6
      vertex 3.4 44.9 26.6
    endloop
  endfacet
  facet normal 0 -1 0
    outer loop
      vertex 3.4 44.9 26.6
      vertex 0 44.9 35
      vertex 0 44.9 22
    endloop
  endfacet
  facet normal 0 -1 0
    outer loop
      vertex 3.4 44.9 26.6
      vertex 3.4 44.9 35
      vertex 0 44.9 35
    endloop
  endfacet
  facet normal 0 1 0
    outer loop
      vertex 112.79999999701977 26.9 22
      vertex 120.4 26.9 26.6
      vertex 121.79999999701977 26.9 22
    endloop
  endfacet
  facet normal 0 1 0
    outer loop
      vertex 112.79999999701977 26.9 22
      vertex 112.79999999701977 26.9 26.6
      vertex 120.4 26.9 26.6
    endloop
  endfacet
  facet normal 0 0 1
    outer loop
      vertex 112.79999999701977 26.9 22
      vertex 121.79999999701977 26.9 22
      vertex 112.79999999701977 44.9 22
    endloop
  endfacet
  facet normal 0 1 0
    outer loop
      vertex 120.4 26.9 26.6
      vertex 121.79999999701977 26.9 35
      vertex 121.79999999701977 26.9 22
    endloop
  endfacet
  facet normal 0 1 0
    outer loop
      vertex 120.4 26.9 26.6
      vertex 120.4 26.9 35
      vertex 121.79999999701977 26.9 35
    endloop
  endfacet
  facet normal 0 0 1
    outer loop
      vertex 112.79999999701977 44.9 22
      vertex 121.79999999701977 26.9 22
      vertex 121.79999999701977 44.9 22
    endloop
  endfacet
  facet normal 0 -1 0
    outer loop
      vertex 112.79999999701977 44.9 22
      vertex 121.79999999701977 44.9 22
      vertex 120.4 44.9 26.6
    endloop
  endfacet
  facet normal 0 -1 0
    outer loop
      vertex 112.79999999701977 44.9 22
      vertex 120.4 44.9 26.6
      vertex 112.79999999701977 44.9 26.6
    endloop
  endfacet
  facet normal 0 -1 0
    outer loop
      vertex 120.4 44.9 26.6
      vertex 121.79999999701977 44.9 22
      vertex 121.79999999701977 44.9 35
    endloop
  endfacet
  facet normal 0 -1 0
    outer loop
      vertex 120.4 44.9 26.6
      vertex 121.79999999701977 44.9 35
      vertex 120.4 44.9 35
    endloop
  endfacet
  facet normal 1 0 0
    outer loop
      vertex 51.9 3.4 26.6
      vertex 51.9 0 22
      vertex 51.9 9 22
    endloop
  endfacet
  facet normal 1 0 0
    outer loop
      vertex 51.9 3.4 26.6
      vertex 51.9 9 22
      vertex 51.9 9 26.6
    endloop
  endfacet
  facet normal 0 0 1
    outer loop
      vertex 51.9 9 22
      vertex 51.9 0 22
      vertex 69.9 9 22
    endloop
  endfacet
  facet normal 1 0 0
    outer loop
      vertex 51.9 3.4 26.6
      vertex 51.9 0 35
      vertex 51.9 0 22
    endloop
  endfacet
  facet normal 1 0 0
    outer loop
      vertex 51.9 3.4 26.6
      vertex 51.9 3.4 35
      vertex 51.9 0 35
    endloop
  endfacet
  facet normal 1 0 0
    outer loop
      vertex 51.9 62.79999999701977 22
      vertex 51.9 71.79999999701977 22
      vertex 51.9 62.79999999701977 26.6
    endloop
  endfacet
  facet normal 1 0 0
    outer loop
      vertex 51.9 62.79999999701977 26.6
      vertex 51.9 71.79999999701977 22
      vertex 51.9 70.4 26.6
    endloop
  endfacet
  facet normal 0 0 1
    outer loop
      vertex 51.9 62.79999999701977 22
      vertex 69.9 71.79999999701977 22
      vertex 51.9 71.79999999701977 22
    endloop
  endfacet
  facet normal 1 0 0
    outer loop
      vertex 51.9 70.4 26.6
      vertex 51.9 71.79999999701977 22
      vertex 51.9 70.4 35
    endloop
  endfacet
  facet normal 1 0 0
    outer loop
      vertex 51.9 71.79999999701977 35
      vertex 51.9 70.4 35
      vertex 51.9 71.79999999701977 22
    endloop
  endfacet
  facet normal 0 0 1
    outer loop
      vertex 69.9 9 22
      vertex 51.9 0 22
      vertex 69.9 0 22
    endloop
  endfacet
  facet normal -1 0 0
    outer loop
      vertex 69.9 3.4 26.6
      vertex 69.9 9 26.6
      vertex 69.9 0 22
    endloop
  endfacet
  facet normal -1 0 0
    outer loop
      vertex 69.9 9 22
      vertex 69.9 0 22
      vertex 69.9 9 26.6
    endloop
  endfacet
  facet normal -1 0 0
    outer loop
      vertex 69.9 3.4 26.6
      vertex 69.9 0 22
      vertex 69.9 0 35
    endloop
  endfacet
  facet normal -1 0 0
    outer loop
      vertex 69.9 3.4 26.6
      vertex 69.9 0 35
      vertex 69.9 3.4 35
    endloop
  endfacet
  facet normal 0 0 1
    outer loop
      vertex 51.9 62.79999999701977 22
      vertex 69.9 62.79999999701977 22
      vertex 69.9 71.79999999701977 22
    endloop
  endfacet
  facet normal -1 0 0
    outer loop
      vertex 69.9 62.79999999701977 22
      vertex 69.9 62.79999999701977 26.6
      vertex 69.9 70.4 26.6
    endloop
  endfacet
  facet normal -1 0 0
    outer loop
      vertex 69.9 62.79999999701977 22
      vertex 69.9 70.4 26.6
      vertex 69.9 71.79999999701977 22
    endloop
  endfacet
  facet normal -1 0 0
    outer loop
      vertex 69.9 70.4 26.6
      vertex 69.9 71.79999999701977 35
      vertex 69.9 71.79999999701977 22
    endloop
  endfacet
  facet normal -1 0 0
    outer loop
      vertex 69.9 70.4 26.6
      vertex 69.9 70.4 35
      vertex 69.9 71.79999999701977 35
    endloop
  endfacet
  facet normal 1 0 0
    outer loop
      vertex 15.36 3.4 26.6
      vertex 15.36 0 22
      vertex 15.36 9 22
    endloop
  endfacet
  facet normal 0 0 1
    outer loop
      vertex 15.36 9 22
      vertex 15.36 0 22
      vertex 33.36 9 22
    endloop
  endfacet
  facet normal 1 0 0
    outer loop
      vertex 15.36 3.4 26.6
      vertex 15.36 9 22
      vertex 15.36 9 26.6
    endloop
  endfacet
  facet normal 0 0 1
    outer loop
      vertex 33.36 9 22
      vertex 15.36 0 22
      vertex 33.36 0 22
    endloop
  endfacet
  facet normal 1 0 0
    outer loop
      vertex 15.36 3.4 26.6
      vertex 15.36 0 35
      vertex 15.36 0 22
    endloop
  endfacet
  facet normal 1 0 0
    outer loop
      vertex 15.36 3.4 26.6
      vertex 15.36 3.4 35
      vertex 15.36 0 35
    endloop
  endfacet
  facet normal -1 0 0
    outer loop
      vertex 33.36 3.4 26.6
      vertex 33.36 9 26.6
      vertex 33.36 0 22
    endloop
  endfacet
  facet normal -1 0 0
    outer loop
      vertex 33.36 9 22
      vertex 33.36 0 22
      vertex 33.36 9 26.6
    endloop
  endfacet
  facet normal -1 0 0
    outer loop
      vertex 33.36 3.4 26.6
      vertex 33.36 0 22
      vertex 33.36 0 35
    endloop
  endfacet
  facet normal -1 0 0
    outer loop
      vertex 33.36 3.4 26.6
      vertex 33.36 0 35
      vertex 33.36 3.4 35
    endloop
  endfacet
  facet normal 1 0 0
    outer loop
      vertex 15.36 62.79999999701977 22
      vertex 15.36 71.79999999701977 22
      vertex 15.36 62.79999999701977 26.6
    endloop
  endfacet
  facet normal 0 0 1
    outer loop
      vertex 15.36 62.79999999701977 22
      vertex 33.36 71.79999999701977 22
      vertex 15.36 71.79999999701977 22
    endloop
  endfacet
  facet normal 1 0 0
    outer loop
      vertex 15.36 62.79999999701977 26.6
      vertex 15.36 71.79999999701977 22
      vertex 15.36 70.4 26.6
    endloop
  endfacet
  facet normal 0 0 1
    outer loop
      vertex 15.36 62.79999999701977 22
      vertex 33.36 62.79999999701977 22
      vertex 33.36 71.79999999701977 22
    endloop
  endfacet
  facet normal 1 0 0
    outer loop
      vertex 15.36 70.4 26.6
      vertex 15.36 71.79999999701977 22
      vertex 15.36 70.4 35
    endloop
  endfacet
  facet normal 1 0 0
    outer loop
      vertex 15.36 71.79999999701977 35
      vertex 15.36 70.4 35
      vertex 15.36 71.79999999701977 22
    endloop
  endfacet
  facet normal -1 0 0
    outer loop
      vertex 33.36 62.79999999701977 22
      vertex 33.36 62.79999999701977 26.6
      vertex 33.36 70.4 26.6
    endloop
  endfacet
  facet normal -1 0 0
    outer loop
      vertex 33.36 62.79999999701977 22
      vertex 33.36 70.4 26.6
      vertex 33.36 71.79999999701977 22
    endloop
  endfacet
  facet normal -1 0 0
    outer loop
      vertex 33.36 70.4 26.6
      vertex 33.36 71.79999999701977 35
      vertex 33.36 71.79999999701977 22
    endloop
  endfacet
  facet normal -1 0 0
    outer loop
      vertex 33.36 70.4 26.6
      vertex 33.36 70.4 35
      vertex 33.36 71.79999999701977 35
    endloop
  endfacet
  facet normal 1 0 0
    outer loop
      vertex 88.44 3.4 26.6
      vertex 88.44 0 22
      vertex 88.44 9 22
    endloop
  endfacet
  facet normal 1 0 0
    outer loop
      vertex 88.44 3.4 26.6
      vertex 88.44 9 22
      vertex 88.44 9 26.6
    endloop
  endfacet
  facet normal 1 0 0
    outer loop
      vertex 88.44 3.4 26.6
      vertex 88.44 0 35
      vertex 88.44 0 22
    endloop
  endfacet
  facet normal 1 0 0
    outer loop
      vertex 88.44 3.4 26.6
      vertex 88.44 3.4 35
      vertex 88.44 0 35
    endloop
  endfacet
  facet normal 0 0 1
    outer loop
      vertex 88.44 9 22
      vertex 88.44 0 22
      vertex 106.44 9 22
    endloop
  endfacet
  facet normal 0 0 1
    outer loop
      vertex 106.44 9 22
      vertex 88.44 0 22
      vertex 106.44 0 22
    endloop
  endfacet
  facet normal -1 0 0
    outer loop
      vertex 106.44 3.4 26.6
      vertex 106.44 9 26.6
      vertex 106.44 0 22
    endloop
  endfacet
  facet normal -1 0 0
    outer loop
      vertex 106.44 9 22
      vertex 106.44 0 22
      vertex 106.44 9 26.6
    endloop
  endfacet
  facet normal -1 0 0
    outer loop
      vertex 106.44 3.4 26.6
      vertex 106.44 0 22
      vertex 106.44 0 35
    endloop
  endfacet
  facet normal -1 0 0
    outer loop
      vertex 106.44 3.4 26.6
      vertex 106.44 0 35
      vertex 106.44 3.4 35
    endloop
  endfacet
  facet normal 1 0 0
    outer loop
      vertex 88.44 62.79999999701977 22
      vertex 88.44 71.79999999701977 22
      vertex 88.44 62.79999999701977 26.6
    endloop
  endfacet
  facet normal 1 0 0
    outer loop
      vertex 88.44 62.79999999701977 26.6
      vertex 88.44 71.79999999701977 22
      vertex 88.44 70.4 26.6
    endloop
  endfacet
  facet normal 1 0 0
    outer loop
      vertex 88.44 70.4 26.6
      vertex 88.44 71.79999999701977 22
      vertex 88.44 70.4 35
    endloop
  endfacet
  facet normal 1 0 0
    outer loop
      vertex 88.44 71.79999999701977 35
      vertex 88.44 70.4 35
      vertex 88.44 71.79999999701977 22
    endloop
  endfacet
  facet normal 0 0 1
    outer loop
      vertex 88.44 62.79999999701977 22
      vertex 106.44 71.79999999701977 22
      vertex 88.44 71.79999999701977 22
    endloop
  endfacet
  facet normal 0 0 1
    outer loop
      vertex 88.44 62.79999999701977 22
      vertex 106.44 62.79999999701977 22
      vertex 106.44 71.79999999701977 22
    endloop
  endfacet
  facet normal -1 0 0
    outer loop
      vertex 106.44 62.79999999701977 22
      vertex 106.44 62.79999999701977 26.6
      vertex 106.44 70.4 26.6
    endloop
  endfacet
  facet normal -1 0 0
    outer loop
      vertex 106.44 62.79999999701977 22
      vertex 106.44 70.4 26.6
      vertex 106.44 71.79999999701977 22
    endloop
  endfacet
  facet normal -1 0 0
    outer loop
      vertex 106.44 70.4 26.6
      vertex 106.44 71.79999999701977 35
      vertex 106.44 71.79999999701977 22
    endloop
  endfacet
  facet normal -1 0 0
    outer loop
      vertex 106.44 70.4 26.6
      vertex 106.44 70.4 35
      vertex 106.44 71.79999999701977 35
    endloop
  endfacet
endsolid OpenSCAD_Model
