solid OpenSCAD_Model
  facet normal 0.7518398074789785 0.6593458151000677 0
    outer loop
      vertex 7.333957985388406 3.7216009990816863 0
      vertex 7.333957985388406 3.7216009990816863 2
      vertex 7.51507575950825 3.51507575950825 0
    endloop
  endfacet
  facet normal 0.9469301294951057 0.3214394653031619 0
    outer loop
      vertex 7.059852981726298 4.196364792033312 0
      vertex 6.9715557647929565 4.456480005284707 0
      vertex 6.9715557647929565 4.456480005284707 2
    endloop
  endfacet
  facet normal 0.8968727415326883 0.4422886902190014 0
    outer loop
      vertex 7.181346652052679 3.95 0
      vertex 7.059852981726298 4.196364792033312 0
      vertex 7.059852981726298 4.196364792033312 2
    endloop
  endfacet
  facet normal 0.8314696123025458 0.5555702330196012 0
    outer loop
      vertex 7.333957985388406 3.7216009990816863 0
      vertex 7.181346652052679 3.95 0
      vertex 7.181346652052679 3.95 2
    endloop
  endfacet
  facet normal 0.9807852804032304 0.19509032201612836 0
    outer loop
      vertex 6.9715557647929565 4.456480005284707 0
      vertex 6.917965791114998 4.725894996337892 0
      vertex 6.917965791114998 4.725894996337892 2
    endloop
  endfacet
  facet normal 0.9978589232386036 0.06540312923014162 0
    outer loop
      vertex 6.917965791114998 4.725894996337892 0
      vertex 6.9 5 0
      vertex 6.9 5 2
    endloop
  endfacet
  facet normal 0.5555702330196012 0.8314696123025458 0
    outer loop
      vertex 7.721600999081686 3.3339579853884063 0
      vertex 7.721600999081686 3.3339579853884063 2
      vertex 7.95 3.181346652052679 0
    endloop
  endfacet
  facet normal 0.6593458151000677 0.7518398074789783 0
    outer loop
      vertex 7.721600999081686 3.3339579853884063 0
      vertex 7.51507575950825 3.51507575950825 0
      vertex 7.51507575950825 3.51507575950825 2
    endloop
  endfacet
  facet normal 0.44228869021900263 0.8968727415326876 0
    outer loop
      vertex 7.95 3.181346652052679 0
      vertex 7.95 3.181346652052679 2
      vertex 8.196364792033311 3.059852981726298 0
    endloop
  endfacet
  facet normal 0.3214394653031609 0.946930129495106 0
    outer loop
      vertex 8.196364792033311 3.059852981726298 0
      vertex 8.196364792033311 3.059852981726298 2
      vertex 8.456480005284707 2.9715557647929565 0
    endloop
  endfacet
  facet normal 0.19509032201612772 0.9807852804032305 0
    outer loop
      vertex 8.456480005284707 2.9715557647929565 0
      vertex 8.456480005284707 2.9715557647929565 2
      vertex 8.725894996337892 2.917965791114998 0
    endloop
  endfacet
  facet normal 0.06540312923014344 0.9978589232386036 0
    outer loop
      vertex 8.725894996337892 2.917965791114998 0
      vertex 8.725894996337892 2.917965791114998 2
      vertex 9 2.9 0
    endloop
  endfacet
  facet normal -0.06540312923014344 0.9978589232386036 0
    outer loop
      vertex 9 2.9 0
      vertex 9 2.9 2
      vertex 9.274105003662108 2.917965791114998 0
    endloop
  endfacet
  facet normal -0.19509032201612772 0.9807852804032305 0
    outer loop
      vertex 9.274105003662108 2.917965791114998 0
      vertex 9.274105003662108 2.917965791114998 2
      vertex 9.543519994715293 2.9715557647929565 0
    endloop
  endfacet
  facet normal -0.3214394653031609 0.946930129495106 0
    outer loop
      vertex 9.543519994715293 2.9715557647929565 0
      vertex 9.543519994715293 2.9715557647929565 2
      vertex 9.803635207966689 3.059852981726298 0
    endloop
  endfacet
  facet normal -0.4422886902190014 0.8968727415326883 0
    outer loop
      vertex 9.803635207966689 3.059852981726298 0
      vertex 9.803635207966689 3.059852981726298 2
      vertex 10.05 3.181346652052679 0
    endloop
  endfacet
  facet normal 0.9978589232386036 -0.06540312923014162 0
    outer loop
      vertex 6.9 5 0
      vertex 6.917965791114998 5.274105003662108 0
      vertex 6.917965791114998 5.274105003662108 2
    endloop
  endfacet
  facet normal 0.9807852804032304 -0.19509032201612836 0
    outer loop
      vertex 6.917965791114998 5.274105003662108 0
      vertex 6.9715557647929565 5.543519994715293 0
      vertex 6.9715557647929565 5.543519994715293 2
    endloop
  endfacet
  facet normal 0.9469301294951057 -0.3214394653031619 0
    outer loop
      vertex 6.9715557647929565 5.543519994715293 0
      vertex 7.059852981726298 5.803635207966688 0
      vertex 7.059852981726298 5.803635207966688 2
    endloop
  endfacet
  facet normal 0.8968727415326883 -0.4422886902190014 0
    outer loop
      vertex 7.059852981726298 5.803635207966688 0
      vertex 7.181346652052679 6.05 0
      vertex 7.181346652052679 6.05 2
    endloop
  endfacet
  facet normal 0.8314696123025458 -0.5555702330196012 0
    outer loop
      vertex 7.181346652052679 6.05 0
      vertex 7.333957985388406 6.278399000918314 0
      vertex 7.333957985388406 6.278399000918314 2
    endloop
  endfacet
  facet normal 0.751839807478979 -0.6593458151000668 0
    outer loop
      vertex 7.333957985388406 6.278399000918314 0
      vertex 7.51507575950825 6.48492424049175 0
      vertex 7.51507575950825 6.48492424049175 2
    endloop
  endfacet
  facet normal 0.6593458151000668 -0.751839807478979 0
    outer loop
      vertex 7.51507575950825 6.48492424049175 0
      vertex 7.721600999081686 6.666042014611594 0
      vertex 7.721600999081686 6.666042014611594 2
    endloop
  endfacet
  facet normal 0.5555702330196012 -0.8314696123025458 0
    outer loop
      vertex 7.721600999081686 6.666042014611594 0
      vertex 7.95 6.818653347947321 0
      vertex 7.95 6.818653347947321 2
    endloop
  endfacet
  facet normal 0.44228869021900263 -0.8968727415326876 0
    outer loop
      vertex 7.95 6.818653347947321 0
      vertex 8.196364792033311 6.940147018273702 0
      vertex 8.196364792033311 6.940147018273702 2
    endloop
  endfacet
  facet normal 0.3214394653031609 -0.946930129495106 0
    outer loop
      vertex 8.196364792033311 6.940147018273702 0
      vertex 8.456480005284707 7.0284442352070435 0
      vertex 8.456480005284707 7.0284442352070435 2
    endloop
  endfacet
  facet normal 0.19509032201612772 -0.9807852804032305 0
    outer loop
      vertex 8.456480005284707 7.0284442352070435 0
      vertex 8.725894996337892 7.082034208885002 0
      vertex 8.725894996337892 7.082034208885002 2
    endloop
  endfacet
  facet normal 0.06540312923014183 -0.9978589232386036 0
    outer loop
      vertex 8.725894996337892 7.082034208885002 0
      vertex 9 7.1 0
      vertex 9 7.1 2
    endloop
  endfacet
  facet normal -0.06540312923014183 -0.9978589232386036 0
    outer loop
      vertex 9 7.1 0
      vertex 9.274105003662108 7.082034208885002 0
      vertex 9.274105003662108 7.082034208885002 2
    endloop
  endfacet
  facet normal -0.4422886902190014 -0.8968727415326883 0
    outer loop
      vertex 9.803635207966689 6.940147018273702 0
      vertex 10.05 6.818653347947321 0
      vertex 10.05 6.818653347947321 2
    endloop
  endfacet
  facet normal -0.19509032201612772 -0.9807852804032305 0
    outer loop
      vertex 9.274105003662108 7.082034208885002 0
      vertex 9.543519994715293 7.0284442352070435 0
      vertex 9.543519994715293 7.0284442352070435 2
    endloop
  endfacet
  facet normal -0.3214394653031609 -0.946930129495106 0
    outer loop
      vertex 9.543519994715293 7.0284442352070435 0
      vertex 9.803635207966689 6.940147018273702 0
      vertex 9.803635207966689 6.940147018273702 2
    endloop
  endfacet
  facet normal -0.5555702330196043 0.8314696123025439 0
    outer loop
      vertex 10.05 3.181346652052679 0
      vertex 10.05 3.181346652052679 2
      vertex 10.278399000918313 3.3339579853884063 0
    endloop
  endfacet
  facet normal -0.6593458151000662 0.7518398074789797 0
    outer loop
      vertex 10.278399000918313 3.3339579853884063 0
      vertex 10.278399000918313 3.3339579853884063 2
      vertex 10.48492424049175 3.51507575950825 0
    endloop
  endfacet
  facet normal -0.7518398074789768 0.6593458151000695 0
    outer loop
      vertex 10.48492424049175 3.51507575950825 0
      vertex 10.48492424049175 3.51507575950825 2
      vertex 10.666042014611595 3.7216009990816863 0
    endloop
  endfacet
  facet normal -0.8314696123025458 0.5555702330196012 0
    outer loop
      vertex 10.666042014611595 3.7216009990816863 0
      vertex 10.666042014611595 3.7216009990816863 2
      vertex 10.818653347947322 3.95 0
    endloop
  endfacet
  facet normal -0.8968727415326895 0.4422886902189988 0
    outer loop
      vertex 10.818653347947322 3.95 0
      vertex 10.818653347947322 3.95 2
      vertex 10.940147018273702 4.196364792033312 0
    endloop
  endfacet
  facet normal -0.9469301294951057 0.3214394653031619 0
    outer loop
      vertex 10.940147018273702 4.196364792033312 0
      vertex 10.940147018273702 4.196364792033312 2
      vertex 11.028444235207044 4.456480005284707 0
    endloop
  endfacet
  facet normal -0.9807852804032304 0.19509032201612836 0
    outer loop
      vertex 11.028444235207044 4.456480005284707 0
      vertex 11.028444235207044 4.456480005284707 2
      vertex 11.082034208885002 4.725894996337892 0
    endloop
  endfacet
  facet normal -0.9978589232386036 0.06540312923014162 0
    outer loop
      vertex 11.082034208885002 4.725894996337892 0
      vertex 11.082034208885002 4.725894996337892 2
      vertex 11.1 5 0
    endloop
  endfacet
  facet normal -0.9978589232386036 -0.06540312923014162 0
    outer loop
      vertex 11.082034208885002 5.274105003662108 0
      vertex 11.1 5 0
      vertex 11.1 5 2
    endloop
  endfacet
  facet normal -0.9807852804032304 -0.19509032201612836 0
    outer loop
      vertex 11.082034208885002 5.274105003662108 0
      vertex 11.082034208885002 5.274105003662108 2
      vertex 11.028444235207044 5.543519994715293 0
    endloop
  endfacet
  facet normal -0.8968727415326895 -0.4422886902189988 0
    outer loop
      vertex 10.818653347947322 6.05 0
      vertex 10.940147018273702 5.803635207966688 0
      vertex 10.940147018273702 5.803635207966688 2
    endloop
  endfacet
  facet normal -0.8314696123025458 -0.5555702330196012 0
    outer loop
      vertex 10.818653347947322 6.05 0
      vertex 10.818653347947322 6.05 2
      vertex 10.666042014611595 6.278399000918314 0
    endloop
  endfacet
  facet normal -0.9469301294951057 -0.3214394653031619 0
    outer loop
      vertex 11.028444235207044 5.543519994715293 0
      vertex 11.028444235207044 5.543519994715293 2
      vertex 10.940147018273702 5.803635207966688 0
    endloop
  endfacet
  facet normal -0.5555702330196043 -0.8314696123025439 0
    outer loop
      vertex 10.05 6.818653347947321 0
      vertex 10.278399000918313 6.666042014611594 0
      vertex 10.278399000918313 6.666042014611594 2
    endloop
  endfacet
  facet normal -0.6593458151000654 -0.7518398074789806 0
    outer loop
      vertex 10.278399000918313 6.666042014611594 0
      vertex 10.48492424049175 6.48492424049175 0
      vertex 10.48492424049175 6.48492424049175 2
    endloop
  endfacet
  facet normal -0.7518398074789775 -0.6593458151000687 0
    outer loop
      vertex 10.48492424049175 6.48492424049175 0
      vertex 10.666042014611595 6.278399000918314 0
      vertex 10.666042014611595 6.278399000918314 2
    endloop
  endfacet
  facet normal 0.7518398074789785 0.6593458151000677 0
    outer loop
      vertex 7.51507575950825 3.51507575950825 0
      vertex 7.333957985388406 3.7216009990816863 2
      vertex 7.51507575950825 3.51507575950825 2
    endloop
  endfacet
  facet normal 0.8968727415326883 0.4422886902190014 0
    outer loop
      vertex 7.181346652052679 3.95 0
      vertex 7.059852981726298 4.196364792033312 2
      vertex 7.181346652052679 3.95 2
    endloop
  endfacet
  facet normal 0.9469301294951057 0.3214394653031619 0
    outer loop
      vertex 7.059852981726298 4.196364792033312 0
      vertex 6.9715557647929565 4.456480005284707 2
      vertex 7.059852981726298 4.196364792033312 2
    endloop
  endfacet
  facet normal 0.8314696123025458 0.5555702330196012 0
    outer loop
      vertex 7.333957985388406 3.7216009990816863 0
      vertex 7.181346652052679 3.95 2
      vertex 7.333957985388406 3.7216009990816863 2
    endloop
  endfacet
  facet normal 0.9807852804032304 0.19509032201612836 0
    outer loop
      vertex 6.9715557647929565 4.456480005284707 0
      vertex 6.917965791114998 4.725894996337892 2
      vertex 6.9715557647929565 4.456480005284707 2
    endloop
  endfacet
  facet normal 0.9978589232386036 0.06540312923014162 0
    outer loop
      vertex 6.917965791114998 4.725894996337892 0
      vertex 6.9 5 2
      vertex 6.917965791114998 4.725894996337892 2
    endloop
  endfacet
  facet normal 0.44228869021900263 0.8968727415326876 0
    outer loop
      vertex 8.196364792033311 3.059852981726298 0
      vertex 7.95 3.181346652052679 2
      vertex 8.196364792033311 3.059852981726298 2
    endloop
  endfacet
  facet normal 0.6593458151000677 0.7518398074789783 0
    outer loop
      vertex 7.721600999081686 3.3339579853884063 0
      vertex 7.51507575950825 3.51507575950825 2
      vertex 7.721600999081686 3.3339579853884063 2
    endloop
  endfacet
  facet normal 0.5555702330196012 0.8314696123025458 0
    outer loop
      vertex 7.95 3.181346652052679 0
      vertex 7.721600999081686 3.3339579853884063 2
      vertex 7.95 3.181346652052679 2
    endloop
  endfacet
  facet normal 0.3214394653031609 0.946930129495106 0
    outer loop
      vertex 8.456480005284707 2.9715557647929565 0
      vertex 8.196364792033311 3.059852981726298 2
      vertex 8.456480005284707 2.9715557647929565 2
    endloop
  endfacet
  facet normal 0.19509032201612772 0.9807852804032305 0
    outer loop
      vertex 8.725894996337892 2.917965791114998 0
      vertex 8.456480005284707 2.9715557647929565 2
      vertex 8.725894996337892 2.917965791114998 2
    endloop
  endfacet
  facet normal 0.06540312923014344 0.9978589232386036 0
    outer loop
      vertex 9 2.9 0
      vertex 8.725894996337892 2.917965791114998 2
      vertex 9 2.9 2
    endloop
  endfacet
  facet normal -0.06540312923014344 0.9978589232386036 0
    outer loop
      vertex 9.274105003662108 2.917965791114998 0
      vertex 9 2.9 2
      vertex 9.274105003662108 2.917965791114998 2
    endloop
  endfacet
  facet normal -0.19509032201612772 0.9807852804032305 0
    outer loop
      vertex 9.543519994715293 2.9715557647929565 0
      vertex 9.274105003662108 2.917965791114998 2
      vertex 9.543519994715293 2.9715557647929565 2
    endloop
  endfacet
  facet normal -0.3214394653031609 0.946930129495106 0
    outer loop
      vertex 9.803635207966689 3.059852981726298 0
      vertex 9.543519994715293 2.9715557647929565 2
      vertex 9.803635207966689 3.059852981726298 2
    endloop
  endfacet
  facet normal -0.4422886902190014 0.8968727415326883 0
    outer loop
      vertex 10.05 3.181346652052679 0
      vertex 9.803635207966689 3.059852981726298 2
      vertex 10.05 3.181346652052679 2
    endloop
  endfacet
  facet normal 0.9978589232386036 -0.06540312923014162 0
    outer loop
      vertex 6.9 5 0
      vertex 6.917965791114998 5.274105003662108 2
      vertex 6.9 5 2
    endloop
  endfacet
  facet normal 0.9807852804032304 -0.19509032201612836 0
    outer loop
      vertex 6.917965791114998 5.274105003662108 0
      vertex 6.9715557647929565 5.543519994715293 2
      vertex 6.917965791114998 5.274105003662108 2
    endloop
  endfacet
  facet normal 0.9469301294951057 -0.3214394653031619 0
    outer loop
      vertex 6.9715557647929565 5.543519994715293 0
      vertex 7.059852981726298 5.803635207966688 2
      vertex 6.9715557647929565 5.543519994715293 2
    endloop
  endfacet
  facet normal 0.8968727415326883 -0.4422886902190014 0
    outer loop
      vertex 7.059852981726298 5.803635207966688 0
      vertex 7.181346652052679 6.05 2
      vertex 7.059852981726298 5.803635207966688 2
    endloop
  endfacet
  facet normal 0.8314696123025458 -0.5555702330196012 0
    outer loop
      vertex 7.181346652052679 6.05 0
      vertex 7.333957985388406 6.278399000918314 2
      vertex 7.181346652052679 6.05 2
    endloop
  endfacet
  facet normal 0.751839807478979 -0.6593458151000668 0
    outer loop
      vertex 7.333957985388406 6.278399000918314 0
      vertex 7.51507575950825 6.48492424049175 2
      vertex 7.333957985388406 6.278399000918314 2
    endloop
  endfacet
  facet normal 0.6593458151000668 -0.751839807478979 0
    outer loop
      vertex 7.51507575950825 6.48492424049175 0
      vertex 7.721600999081686 6.666042014611594 2
      vertex 7.51507575950825 6.48492424049175 2
    endloop
  endfacet
  facet normal 0.5555702330196012 -0.8314696123025458 0
    outer loop
      vertex 7.721600999081686 6.666042014611594 0
      vertex 7.95 6.818653347947321 2
      vertex 7.721600999081686 6.666042014611594 2
    endloop
  endfacet
  facet normal 0.44228869021900263 -0.8968727415326876 0
    outer loop
      vertex 7.95 6.818653347947321 0
      vertex 8.196364792033311 6.940147018273702 2
      vertex 7.95 6.818653347947321 2
    endloop
  endfacet
  facet normal 0.3214394653031609 -0.946930129495106 0
    outer loop
      vertex 8.196364792033311 6.940147018273702 0
      vertex 8.456480005284707 7.0284442352070435 2
      vertex 8.196364792033311 6.940147018273702 2
    endloop
  endfacet
  facet normal 0.19509032201612772 -0.9807852804032305 0
    outer loop
      vertex 8.456480005284707 7.0284442352070435 0
      vertex 8.725894996337892 7.082034208885002 2
      vertex 8.456480005284707 7.0284442352070435 2
    endloop
  endfacet
  facet normal 0.06540312923014183 -0.9978589232386036 0
    outer loop
      vertex 8.725894996337892 7.082034208885002 0
      vertex 9 7.1 2
      vertex 8.725894996337892 7.082034208885002 2
    endloop
  endfacet
  facet normal -0.06540312923014183 -0.9978589232386036 0
    outer loop
      vertex 9 7.1 0
      vertex 9.274105003662108 7.082034208885002 2
      vertex 9 7.1 2
    endloop
  endfacet
  facet normal -0.19509032201612772 -0.9807852804032305 0
    outer loop
      vertex 9.274105003662108 7.082034208885002 0
      vertex 9.543519994715293 7.0284442352070435 2
      vertex 9.274105003662108 7.082034208885002 2
    endloop
  endfacet
  facet normal -0.3214394653031609 -0.946930129495106 0
    outer loop
      vertex 9.543519994715293 7.0284442352070435 0
      vertex 9.803635207966689 6.940147018273702 2
      vertex 9.543519994715293 7.0284442352070435 2
    endloop
  endfacet
  facet normal -0.4422886902190014 -0.8968727415326883 0
    outer loop
      vertex 9.803635207966689 6.940147018273702 0
      vertex 10.05 6.818653347947321 2
      vertex 9.803635207966689 6.940147018273702 2
    endloop
  endfacet
  facet normal -0.5555702330196043 0.8314696123025439 0
    outer loop
      vertex 10.278399000918313 3.3339579853884063 0
      vertex 10.05 3.181346652052679 2
      vertex 10.278399000918313 3.3339579853884063 2
    endloop
  endfacet
  facet normal -0.6593458151000662 0.7518398074789797 0
    outer loop
      vertex 10.48492424049175 3.51507575950825 0
      vertex 10.278399000918313 3.3339579853884063 2
      vertex 10.48492424049175 3.51507575950825 2
    endloop
  endfacet
  facet normal -0.7518398074789768 0.6593458151000695 0
    outer loop
      vertex 10.666042014611595 3.7216009990816863 0
      vertex 10.48492424049175 3.51507575950825 2
      vertex 10.666042014611595 3.7216009990816863 2
    endloop
  endfacet
  facet normal -0.8314696123025458 0.5555702330196012 0
    outer loop
      vertex 10.818653347947322 3.95 0
      vertex 10.666042014611595 3.7216009990816863 2
      vertex 10.818653347947322 3.95 2
    endloop
  endfacet
  facet normal -0.8968727415326895 0.4422886902189988 0
    outer loop
      vertex 10.940147018273702 4.196364792033312 0
      vertex 10.818653347947322 3.95 2
      vertex 10.940147018273702 4.196364792033312 2
    endloop
  endfacet
  facet normal -0.9469301294951057 0.3214394653031619 0
    outer loop
      vertex 11.028444235207044 4.456480005284707 0
      vertex 10.940147018273702 4.196364792033312 2
      vertex 11.028444235207044 4.456480005284707 2
    endloop
  endfacet
  facet normal -0.9807852804032304 0.19509032201612836 0
    outer loop
      vertex 11.082034208885002 4.725894996337892 0
      vertex 11.028444235207044 4.456480005284707 2
      vertex 11.082034208885002 4.725894996337892 2
    endloop
  endfacet
  facet normal -0.9978589232386036 0.06540312923014162 0
    outer loop
      vertex 11.1 5 0
      vertex 11.082034208885002 4.725894996337892 2
      vertex 11.1 5 2
    endloop
  endfacet
  facet normal -0.9978589232386036 -0.06540312923014162 0
    outer loop
      vertex 11.082034208885002 5.274105003662108 0
      vertex 11.1 5 2
      vertex 11.082034208885002 5.274105003662108 2
    endloop
  endfacet
  facet normal -0.9807852804032304 -0.19509032201612836 0
    outer loop
      vertex 11.028444235207044 5.543519994715293 0
      vertex 11.082034208885002 5.274105003662108 2
      vertex 11.028444235207044 5.543519994715293 2
    endloop
  endfacet
  facet normal -0.8314696123025458 -0.5555702330196012 0
    outer loop
      vertex 10.666042014611595 6.278399000918314 0
      vertex 10.818653347947322 6.05 2
      vertex 10.666042014611595 6.278399000918314 2
    endloop
  endfacet
  facet normal -0.8968727415326895 -0.4422886902189988 0
    outer loop
      vertex 10.818653347947322 6.05 0
      vertex 10.940147018273702 5.803635207966688 2
      vertex 10.818653347947322 6.05 2
    endloop
  endfacet
  facet normal -0.9469301294951057 -0.3214394653031619 0
    outer loop
      vertex 10.940147018273702 5.803635207966688 0
      vertex 11.028444235207044 5.543519994715293 2
      vertex 10.940147018273702 5.803635207966688 2
    endloop
  endfacet
  facet normal -0.5555702330196043 -0.8314696123025439 0
    outer loop
      vertex 10.05 6.818653347947321 0
      vertex 10.278399000918313 6.666042014611594 2
      vertex 10.05 6.818653347947321 2
    endloop
  endfacet
  facet normal -0.7518398074789775 -0.6593458151000687 0
    outer loop
      vertex 10.48492424049175 6.48492424049175 0
      vertex 10.666042014611595 6.278399000918314 2
      vertex 10.48492424049175 6.48492424049175 2
    endloop
  endfacet
  facet normal -0.6593458151000654 -0.7518398074789806 0
    outer loop
      vertex 10.278399000918313 6.666042014611594 0
      vertex 10.48492424049175 6.48492424049175 2
      vertex 10.278399000918313 6.666042014611594 2
    endloop
  endfacet
  facet normal 0.7518398074789806 0.6593458151000654 0
    outer loop
      vertex 7.333957985388406 33.72160099908169 0
      vertex 7.333957985388406 33.72160099908169 2
      vertex 7.51507575950825 33.51507575950825 0
    endloop
  endfacet
  facet normal 0.9469301294951032 0.3214394653031688 0
    outer loop
      vertex 7.059852981726298 34.196364792033314 0
      vertex 6.9715557647929565 34.4564800052847 0
      vertex 6.9715557647929565 34.4564800052847 2
    endloop
  endfacet
  facet normal 0.8968727415326883 0.4422886902190014 0
    outer loop
      vertex 7.181346652052679 33.95 0
      vertex 7.059852981726298 34.196364792033314 0
      vertex 7.059852981726298 34.196364792033314 2
    endloop
  endfacet
  facet normal 0.8314696123025479 0.5555702330195983 0
    outer loop
      vertex 7.333957985388406 33.72160099908169 0
      vertex 7.181346652052679 33.95 0
      vertex 7.181346652052679 33.95 2
    endloop
  endfacet
  facet normal 0.980785280403231 0.19509032201612525 0
    outer loop
      vertex 6.9715557647929565 34.4564800052847 0
      vertex 6.917965791114998 34.72589499633789 0
      vertex 6.917965791114998 34.72589499633789 2
    endloop
  endfacet
  facet normal 0.9978589232386036 0.06540312923014183 0
    outer loop
      vertex 6.917965791114998 34.72589499633789 0
      vertex 6.9 35 0
      vertex 6.9 35 2
    endloop
  endfacet
  facet normal 0.5555702330196012 0.8314696123025458 0
    outer loop
      vertex 7.721600999081686 33.33395798538841 0
      vertex 7.721600999081686 33.33395798538841 2
      vertex 7.95 33.18134665205268 0
    endloop
  endfacet
  facet normal 0.6593458151000614 0.7518398074789839 0
    outer loop
      vertex 7.721600999081686 33.33395798538841 0
      vertex 7.51507575950825 33.51507575950825 0
      vertex 7.51507575950825 33.51507575950825 2
    endloop
  endfacet
  facet normal 0.4422886902190209 0.8968727415326787 0
    outer loop
      vertex 7.95 33.18134665205268 0
      vertex 7.95 33.18134665205268 2
      vertex 8.196364792033311 33.059852981726294 0
    endloop
  endfacet
  facet normal 0.3214394653031609 0.946930129495106 0
    outer loop
      vertex 8.196364792033311 33.059852981726294 0
      vertex 8.196364792033311 33.059852981726294 2
      vertex 8.456480005284707 32.97155576479295 0
    endloop
  endfacet
  facet normal 0.19509032201612772 0.9807852804032305 0
    outer loop
      vertex 8.456480005284707 32.97155576479295 0
      vertex 8.456480005284707 32.97155576479295 2
      vertex 8.725894996337892 32.917965791114995 0
    endloop
  endfacet
  facet normal 0.06540312923013539 0.997858923238604 0
    outer loop
      vertex 8.725894996337892 32.917965791114995 0
      vertex 8.725894996337892 32.917965791114995 2
      vertex 9 32.9 0
    endloop
  endfacet
  facet normal -0.06540312923013539 0.997858923238604 0
    outer loop
      vertex 9 32.9 0
      vertex 9 32.9 2
      vertex 9.274105003662108 32.917965791114995 0
    endloop
  endfacet
  facet normal -0.19509032201612772 0.9807852804032305 0
    outer loop
      vertex 9.274105003662108 32.917965791114995 0
      vertex 9.274105003662108 32.917965791114995 2
      vertex 9.543519994715293 32.97155576479295 0
    endloop
  endfacet
  facet normal -0.3214394653031609 0.946930129495106 0
    outer loop
      vertex 9.543519994715293 32.97155576479295 0
      vertex 9.543519994715293 32.97155576479295 2
      vertex 9.803635207966689 33.059852981726294 0
    endloop
  endfacet
  facet normal -0.4422886902190197 0.8968727415326794 0
    outer loop
      vertex 9.803635207966689 33.059852981726294 0
      vertex 9.803635207966689 33.059852981726294 2
      vertex 10.05 33.18134665205268 0
    endloop
  endfacet
  facet normal 0.9978589232386036 -0.06540312923014183 0
    outer loop
      vertex 6.9 35 0
      vertex 6.917965791114998 35.27410500366211 0
      vertex 6.917965791114998 35.27410500366211 2
    endloop
  endfacet
  facet normal 0.980785280403231 -0.19509032201612525 0
    outer loop
      vertex 6.917965791114998 35.27410500366211 0
      vertex 6.9715557647929565 35.5435199947153 0
      vertex 6.9715557647929565 35.5435199947153 2
    endloop
  endfacet
  facet normal 0.9469301294951032 -0.3214394653031688 0
    outer loop
      vertex 6.9715557647929565 35.5435199947153 0
      vertex 7.059852981726298 35.803635207966686 0
      vertex 7.059852981726298 35.803635207966686 2
    endloop
  endfacet
  facet normal 0.8968727415326883 -0.4422886902190014 0
    outer loop
      vertex 7.059852981726298 35.803635207966686 0
      vertex 7.181346652052679 36.05 0
      vertex 7.181346652052679 36.05 2
    endloop
  endfacet
  facet normal 0.8314696123025479 -0.5555702330195983 0
    outer loop
      vertex 7.181346652052679 36.05 0
      vertex 7.333957985388406 36.27839900091831 0
      vertex 7.333957985388406 36.27839900091831 2
    endloop
  endfacet
  facet normal 0.7518398074789806 -0.6593458151000654 0
    outer loop
      vertex 7.333957985388406 36.27839900091831 0
      vertex 7.51507575950825 36.48492424049175 0
      vertex 7.51507575950825 36.48492424049175 2
    endloop
  endfacet
  facet normal 0.6593458151000614 -0.7518398074789839 0
    outer loop
      vertex 7.51507575950825 36.48492424049175 0
      vertex 7.721600999081686 36.66604201461159 0
      vertex 7.721600999081686 36.66604201461159 2
    endloop
  endfacet
  facet normal 0.5555702330196012 -0.8314696123025458 0
    outer loop
      vertex 7.721600999081686 36.66604201461159 0
      vertex 7.95 36.81865334794732 0
      vertex 7.95 36.81865334794732 2
    endloop
  endfacet
  facet normal 0.4422886902190209 -0.8968727415326787 0
    outer loop
      vertex 7.95 36.81865334794732 0
      vertex 8.196364792033311 36.940147018273706 0
      vertex 8.196364792033311 36.940147018273706 2
    endloop
  endfacet
  facet normal 0.3214394653031609 -0.946930129495106 0
    outer loop
      vertex 8.196364792033311 36.940147018273706 0
      vertex 8.456480005284707 37.02844423520705 0
      vertex 8.456480005284707 37.02844423520705 2
    endloop
  endfacet
  facet normal 0.19509032201612772 -0.9807852804032305 0
    outer loop
      vertex 8.456480005284707 37.02844423520705 0
      vertex 8.725894996337892 37.082034208885005 0
      vertex 8.725894996337892 37.082034208885005 2
    endloop
  endfacet
  facet normal 0.06540312923013539 -0.997858923238604 0
    outer loop
      vertex 8.725894996337892 37.082034208885005 0
      vertex 9 37.1 0
      vertex 9 37.1 2
    endloop
  endfacet
  facet normal -0.06540312923013539 -0.997858923238604 0
    outer loop
      vertex 9 37.1 0
      vertex 9.274105003662108 37.082034208885005 0
      vertex 9.274105003662108 37.082034208885005 2
    endloop
  endfacet
  facet normal -0.4422886902190197 -0.8968727415326794 0
    outer loop
      vertex 9.803635207966689 36.940147018273706 0
      vertex 10.05 36.81865334794732 0
      vertex 10.05 36.81865334794732 2
    endloop
  endfacet
  facet normal -0.19509032201612772 -0.9807852804032305 0
    outer loop
      vertex 9.274105003662108 37.082034208885005 0
      vertex 9.543519994715293 37.02844423520705 0
      vertex 9.543519994715293 37.02844423520705 2
    endloop
  endfacet
  facet normal -0.3214394653031609 -0.946930129495106 0
    outer loop
      vertex 9.543519994715293 37.02844423520705 0
      vertex 9.803635207966689 36.940147018273706 0
      vertex 9.803635207966689 36.940147018273706 2
    endloop
  endfacet
  facet normal -0.5555702330196043 0.8314696123025439 0
    outer loop
      vertex 10.05 33.18134665205268 0
      vertex 10.05 33.18134665205268 2
      vertex 10.278399000918313 33.33395798538841 0
    endloop
  endfacet
  facet normal -0.6593458151000597 0.7518398074789853 0
    outer loop
      vertex 10.278399000918313 33.33395798538841 0
      vertex 10.278399000918313 33.33395798538841 2
      vertex 10.48492424049175 33.51507575950825 0
    endloop
  endfacet
  facet normal -0.7518398074789789 0.6593458151000672 0
    outer loop
      vertex 10.48492424049175 33.51507575950825 0
      vertex 10.48492424049175 33.51507575950825 2
      vertex 10.666042014611595 33.72160099908169 0
    endloop
  endfacet
  facet normal -0.8314696123025479 0.5555702330195983 0
    outer loop
      vertex 10.666042014611595 33.72160099908169 0
      vertex 10.666042014611595 33.72160099908169 2
      vertex 10.818653347947322 33.95 0
    endloop
  endfacet
  facet normal -0.8968727415326895 0.4422886902189988 0
    outer loop
      vertex 10.818653347947322 33.95 0
      vertex 10.818653347947322 33.95 2
      vertex 10.940147018273702 34.196364792033314 0
    endloop
  endfacet
  facet normal -0.9469301294951032 0.3214394653031688 0
    outer loop
      vertex 10.940147018273702 34.196364792033314 0
      vertex 10.940147018273702 34.196364792033314 2
      vertex 11.028444235207044 34.4564800052847 0
    endloop
  endfacet
  facet normal -0.980785280403231 0.19509032201612525 0
    outer loop
      vertex 11.028444235207044 34.4564800052847 0
      vertex 11.028444235207044 34.4564800052847 2
      vertex 11.082034208885002 34.72589499633789 0
    endloop
  endfacet
  facet normal -0.9978589232386036 0.06540312923014183 0
    outer loop
      vertex 11.082034208885002 34.72589499633789 0
      vertex 11.082034208885002 34.72589499633789 2
      vertex 11.1 35 0
    endloop
  endfacet
  facet normal -0.9978589232386036 -0.06540312923014183 0
    outer loop
      vertex 11.082034208885002 35.27410500366211 0
      vertex 11.1 35 0
      vertex 11.1 35 2
    endloop
  endfacet
  facet normal -0.980785280403231 -0.19509032201612525 0
    outer loop
      vertex 11.082034208885002 35.27410500366211 0
      vertex 11.082034208885002 35.27410500366211 2
      vertex 11.028444235207044 35.5435199947153 0
    endloop
  endfacet
  facet normal -0.8968727415326895 -0.4422886902189988 0
    outer loop
      vertex 10.818653347947322 36.05 0
      vertex 10.940147018273702 35.803635207966686 0
      vertex 10.940147018273702 35.803635207966686 2
    endloop
  endfacet
  facet normal -0.8314696123025479 -0.5555702330195983 0
    outer loop
      vertex 10.818653347947322 36.05 0
      vertex 10.818653347947322 36.05 2
      vertex 10.666042014611595 36.27839900091831 0
    endloop
  endfacet
  facet normal -0.9469301294951032 -0.3214394653031688 0
    outer loop
      vertex 11.028444235207044 35.5435199947153 0
      vertex 11.028444235207044 35.5435199947153 2
      vertex 10.940147018273702 35.803635207966686 0
    endloop
  endfacet
  facet normal -0.5555702330196043 -0.8314696123025439 0
    outer loop
      vertex 10.05 36.81865334794732 0
      vertex 10.278399000918313 36.66604201461159 0
      vertex 10.278399000918313 36.66604201461159 2
    endloop
  endfacet
  facet normal -0.6593458151000597 -0.7518398074789853 0
    outer loop
      vertex 10.278399000918313 36.66604201461159 0
      vertex 10.48492424049175 36.48492424049175 0
      vertex 10.48492424049175 36.48492424049175 2
    endloop
  endfacet
  facet normal -0.7518398074789789 -0.6593458151000672 0
    outer loop
      vertex 10.48492424049175 36.48492424049175 0
      vertex 10.666042014611595 36.27839900091831 0
      vertex 10.666042014611595 36.27839900091831 2
    endloop
  endfacet
  facet normal 0.7518398074789806 0.6593458151000654 0
    outer loop
      vertex 7.51507575950825 33.51507575950825 0
      vertex 7.333957985388406 33.72160099908169 2
      vertex 7.51507575950825 33.51507575950825 2
    endloop
  endfacet
  facet normal 0.8968727415326883 0.4422886902190014 0
    outer loop
      vertex 7.181346652052679 33.95 0
      vertex 7.059852981726298 34.196364792033314 2
      vertex 7.181346652052679 33.95 2
    endloop
  endfacet
  facet normal 0.9469301294951032 0.3214394653031688 0
    outer loop
      vertex 7.059852981726298 34.196364792033314 0
      vertex 6.9715557647929565 34.4564800052847 2
      vertex 7.059852981726298 34.196364792033314 2
    endloop
  endfacet
  facet normal 0.8314696123025479 0.5555702330195983 0
    outer loop
      vertex 7.333957985388406 33.72160099908169 0
      vertex 7.181346652052679 33.95 2
      vertex 7.333957985388406 33.72160099908169 2
    endloop
  endfacet
  facet normal 0.980785280403231 0.19509032201612525 0
    outer loop
      vertex 6.9715557647929565 34.4564800052847 0
      vertex 6.917965791114998 34.72589499633789 2
      vertex 6.9715557647929565 34.4564800052847 2
    endloop
  endfacet
  facet normal 0.9978589232386036 0.06540312923014183 0
    outer loop
      vertex 6.917965791114998 34.72589499633789 0
      vertex 6.9 35 2
      vertex 6.917965791114998 34.72589499633789 2
    endloop
  endfacet
  facet normal 0.4422886902190209 0.8968727415326787 0
    outer loop
      vertex 8.196364792033311 33.059852981726294 0
      vertex 7.95 33.18134665205268 2
      vertex 8.196364792033311 33.059852981726294 2
    endloop
  endfacet
  facet normal 0.6593458151000614 0.7518398074789839 0
    outer loop
      vertex 7.721600999081686 33.33395798538841 0
      vertex 7.51507575950825 33.51507575950825 2
      vertex 7.721600999081686 33.33395798538841 2
    endloop
  endfacet
  facet normal 0.5555702330196012 0.8314696123025458 0
    outer loop
      vertex 7.95 33.18134665205268 0
      vertex 7.721600999081686 33.33395798538841 2
      vertex 7.95 33.18134665205268 2
    endloop
  endfacet
  facet normal 0.3214394653031609 0.946930129495106 0
    outer loop
      vertex 8.456480005284707 32.97155576479295 0
      vertex 8.196364792033311 33.059852981726294 2
      vertex 8.456480005284707 32.97155576479295 2
    endloop
  endfacet
  facet normal 0.19509032201612772 0.9807852804032305 0
    outer loop
      vertex 8.725894996337892 32.917965791114995 0
      vertex 8.456480005284707 32.97155576479295 2
      vertex 8.725894996337892 32.917965791114995 2
    endloop
  endfacet
  facet normal 0.06540312923013539 0.997858923238604 0
    outer loop
      vertex 9 32.9 0
      vertex 8.725894996337892 32.917965791114995 2
      vertex 9 32.9 2
    endloop
  endfacet
  facet normal -0.06540312923013539 0.997858923238604 0
    outer loop
      vertex 9.274105003662108 32.917965791114995 0
      vertex 9 32.9 2
      vertex 9.274105003662108 32.917965791114995 2
    endloop
  endfacet
  facet normal -0.19509032201612772 0.9807852804032305 0
    outer loop
      vertex 9.543519994715293 32.97155576479295 0
      vertex 9.274105003662108 32.917965791114995 2
      vertex 9.543519994715293 32.97155576479295 2
    endloop
  endfacet
  facet normal -0.3214394653031609 0.946930129495106 0
    outer loop
      vertex 9.803635207966689 33.059852981726294 0
      vertex 9.543519994715293 32.97155576479295 2
      vertex 9.803635207966689 33.059852981726294 2
    endloop
  endfacet
  facet normal -0.4422886902190197 0.8968727415326794 0
    outer loop
      vertex 10.05 33.18134665205268 0
      vertex 9.803635207966689 33.059852981726294 2
      vertex 10.05 33.18134665205268 2
    endloop
  endfacet
  facet normal 0.9978589232386036 -0.06540312923014183 0
    outer loop
      vertex 6.9 35 0
      vertex 6.917965791114998 35.27410500366211 2
      vertex 6.9 35 2
    endloop
  endfacet
  facet normal 0.980785280403231 -0.19509032201612525 0
    outer loop
      vertex 6.917965791114998 35.27410500366211 0
      vertex 6.9715557647929565 35.5435199947153 2
      vertex 6.917965791114998 35.27410500366211 2
    endloop
  endfacet
  facet normal 0.9469301294951032 -0.3214394653031688 0
    outer loop
      vertex 6.9715557647929565 35.5435199947153 0
      vertex 7.059852981726298 35.803635207966686 2
      vertex 6.9715557647929565 35.5435199947153 2
    endloop
  endfacet
  facet normal 0.8968727415326883 -0.4422886902190014 0
    outer loop
      vertex 7.059852981726298 35.803635207966686 0
      vertex 7.181346652052679 36.05 2
      vertex 7.059852981726298 35.803635207966686 2
    endloop
  endfacet
  facet normal 0.8314696123025479 -0.5555702330195983 0
    outer loop
      vertex 7.181346652052679 36.05 0
      vertex 7.333957985388406 36.27839900091831 2
      vertex 7.181346652052679 36.05 2
    endloop
  endfacet
  facet normal 0.7518398074789806 -0.6593458151000654 0
    outer loop
      vertex 7.333957985388406 36.27839900091831 0
      vertex 7.51507575950825 36.48492424049175 2
      vertex 7.333957985388406 36.27839900091831 2
    endloop
  endfacet
  facet normal 0.6593458151000614 -0.7518398074789839 0
    outer loop
      vertex 7.51507575950825 36.48492424049175 0
      vertex 7.721600999081686 36.66604201461159 2
      vertex 7.51507575950825 36.48492424049175 2
    endloop
  endfacet
  facet normal 0.5555702330196012 -0.8314696123025458 0
    outer loop
      vertex 7.721600999081686 36.66604201461159 0
      vertex 7.95 36.81865334794732 2
      vertex 7.721600999081686 36.66604201461159 2
    endloop
  endfacet
  facet normal 0.4422886902190209 -0.8968727415326787 0
    outer loop
      vertex 7.95 36.81865334794732 0
      vertex 8.196364792033311 36.940147018273706 2
      vertex 7.95 36.81865334794732 2
    endloop
  endfacet
  facet normal 0.3214394653031609 -0.946930129495106 0
    outer loop
      vertex 8.196364792033311 36.940147018273706 0
      vertex 8.456480005284707 37.02844423520705 2
      vertex 8.196364792033311 36.940147018273706 2
    endloop
  endfacet
  facet normal 0.19509032201612772 -0.9807852804032305 0
    outer loop
      vertex 8.456480005284707 37.02844423520705 0
      vertex 8.725894996337892 37.082034208885005 2
      vertex 8.456480005284707 37.02844423520705 2
    endloop
  endfacet
  facet normal 0.06540312923013539 -0.997858923238604 0
    outer loop
      vertex 8.725894996337892 37.082034208885005 0
      vertex 9 37.1 2
      vertex 8.725894996337892 37.082034208885005 2
    endloop
  endfacet
  facet normal -0.06540312923013539 -0.997858923238604 0
    outer loop
      vertex 9 37.1 0
      vertex 9.274105003662108 37.082034208885005 2
      vertex 9 37.1 2
    endloop
  endfacet
  facet normal -0.19509032201612772 -0.9807852804032305 0
    outer loop
      vertex 9.274105003662108 37.082034208885005 0
      vertex 9.543519994715293 37.02844423520705 2
      vertex 9.274105003662108 37.082034208885005 2
    endloop
  endfacet
  facet normal -0.3214394653031609 -0.946930129495106 0
    outer loop
      vertex 9.543519994715293 37.02844423520705 0
      vertex 9.803635207966689 36.940147018273706 2
      vertex 9.543519994715293 37.02844423520705 2
    endloop
  endfacet
  facet normal -0.4422886902190197 -0.8968727415326794 0
    outer loop
      vertex 9.803635207966689 36.940147018273706 0
      vertex 10.05 36.81865334794732 2
      vertex 9.803635207966689 36.940147018273706 2
    endloop
  endfacet
  facet normal -0.5555702330196043 0.8314696123025439 0
    outer loop
      vertex 10.278399000918313 33.33395798538841 0
      vertex 10.05 33.18134665205268 2
      vertex 10.278399000918313 33.33395798538841 2
    endloop
  endfacet
  facet normal -0.6593458151000597 0.7518398074789853 0
    outer loop
      vertex 10.48492424049175 33.51507575950825 0
      vertex 10.278399000918313 33.33395798538841 2
      vertex 10.48492424049175 33.51507575950825 2
    endloop
  endfacet
  facet normal -0.7518398074789789 0.6593458151000672 0
    outer loop
      vertex 10.666042014611595 33.72160099908169 0
      vertex 10.48492424049175 33.51507575950825 2
      vertex 10.666042014611595 33.72160099908169 2
    endloop
  endfacet
  facet normal -0.8314696123025479 0.5555702330195983 0
    outer loop
      vertex 10.818653347947322 33.95 0
      vertex 10.666042014611595 33.72160099908169 2
      vertex 10.818653347947322 33.95 2
    endloop
  endfacet
  facet normal -0.8968727415326895 0.4422886902189988 0
    outer loop
      vertex 10.940147018273702 34.196364792033314 0
      vertex 10.818653347947322 33.95 2
      vertex 10.940147018273702 34.196364792033314 2
    endloop
  endfacet
  facet normal -0.9469301294951032 0.3214394653031688 0
    outer loop
      vertex 11.028444235207044 34.4564800052847 0
      vertex 10.940147018273702 34.196364792033314 2
      vertex 11.028444235207044 34.4564800052847 2
    endloop
  endfacet
  facet normal -0.980785280403231 0.19509032201612525 0
    outer loop
      vertex 11.082034208885002 34.72589499633789 0
      vertex 11.028444235207044 34.4564800052847 2
      vertex 11.082034208885002 34.72589499633789 2
    endloop
  endfacet
  facet normal -0.9978589232386036 0.06540312923014183 0
    outer loop
      vertex 11.1 35 0
      vertex 11.082034208885002 34.72589499633789 2
      vertex 11.1 35 2
    endloop
  endfacet
  facet normal -0.9978589232386036 -0.06540312923014183 0
    outer loop
      vertex 11.082034208885002 35.27410500366211 0
      vertex 11.1 35 2
      vertex 11.082034208885002 35.27410500366211 2
    endloop
  endfacet
  facet normal -0.980785280403231 -0.19509032201612525 0
    outer loop
      vertex 11.028444235207044 35.5435199947153 0
      vertex 11.082034208885002 35.27410500366211 2
      vertex 11.028444235207044 35.5435199947153 2
    endloop
  endfacet
  facet normal -0.8314696123025479 -0.5555702330195983 0
    outer loop
      vertex 10.666042014611595 36.27839900091831 0
      vertex 10.818653347947322 36.05 2
      vertex 10.666042014611595 36.27839900091831 2
    endloop
  endfacet
  facet normal -0.8968727415326895 -0.4422886902189988 0
    outer loop
      vertex 10.818653347947322 36.05 0
      vertex 10.940147018273702 35.803635207966686 2
      vertex 10.818653347947322 36.05 2
    endloop
  endfacet
  facet normal -0.9469301294951032 -0.3214394653031688 0
    outer loop
      vertex 10.940147018273702 35.803635207966686 0
      vertex 11.028444235207044 35.5435199947153 2
      vertex 10.940147018273702 35.803635207966686 2
    endloop
  endfacet
  facet normal -0.5555702330196043 -0.8314696123025439 0
    outer loop
      vertex 10.05 36.81865334794732 0
      vertex 10.278399000918313 36.66604201461159 2
      vertex 10.05 36.81865334794732 2
    endloop
  endfacet
  facet normal -0.7518398074789789 -0.6593458151000672 0
    outer loop
      vertex 10.48492424049175 36.48492424049175 0
      vertex 10.666042014611595 36.27839900091831 2
      vertex 10.48492424049175 36.48492424049175 2
    endloop
  endfacet
  facet normal -0.6593458151000597 -0.7518398074789853 0
    outer loop
      vertex 10.278399000918313 36.66604201461159 0
      vertex 10.48492424049175 36.48492424049175 2
      vertex 10.278399000918313 36.66604201461159 2
    endloop
  endfacet
  facet normal 0.7518398074789832 0.6593458151000622 0
    outer loop
      vertex 32.33395798538841 3.7216009990816863 0
      vertex 32.33395798538841 3.7216009990816863 2
      vertex 32.51507575950825 3.51507575950825 0
    endloop
  endfacet
  facet normal 0.9469301294951095 0.32143946530315026 0
    outer loop
      vertex 32.059852981726294 4.196364792033312 0
      vertex 31.971555764792956 4.456480005284707 0
      vertex 31.971555764792956 4.456480005284707 2
    endloop
  endfacet
  facet normal 0.8968727415326794 0.4422886902190197 0
    outer loop
      vertex 32.18134665205268 3.95 0
      vertex 32.059852981726294 4.196364792033312 0
      vertex 32.059852981726294 4.196364792033312 2
    endloop
  endfacet
  facet normal 0.8314696123025458 0.5555702330196012 0
    outer loop
      vertex 32.33395798538841 3.7216009990816863 0
      vertex 32.18134665205268 3.95 0
      vertex 32.18134665205268 3.95 2
    endloop
  endfacet
  facet normal 0.9807852804032304 0.19509032201612836 0
    outer loop
      vertex 31.971555764792956 4.456480005284707 0
      vertex 31.917965791114998 4.725894996337892 0
      vertex 31.917965791114998 4.725894996337892 2
    endloop
  endfacet
  facet normal 0.9978589232386031 0.06540312923014806 0
    outer loop
      vertex 31.917965791114998 4.725894996337892 0
      vertex 31.9 5 0
      vertex 31.9 5 2
    endloop
  endfacet
  facet normal 0.5555702330195983 0.8314696123025479 0
    outer loop
      vertex 32.72160099908169 3.3339579853884063 0
      vertex 32.72160099908169 3.3339579853884063 2
      vertex 32.95 3.181346652052679 0
    endloop
  endfacet
  facet normal 0.6593458151000662 0.7518398074789797 0
    outer loop
      vertex 32.72160099908169 3.3339579853884063 0
      vertex 32.51507575950825 3.51507575950825 0
      vertex 32.51507575950825 3.51507575950825 2
    endloop
  endfacet
  facet normal 0.4422886902190014 0.8968727415326883 0
    outer loop
      vertex 32.95 3.181346652052679 0
      vertex 32.95 3.181346652052679 2
      vertex 33.196364792033314 3.059852981726298 0
    endloop
  endfacet
  facet normal 0.3214394653031688 0.9469301294951032 0
    outer loop
      vertex 33.196364792033314 3.059852981726298 0
      vertex 33.196364792033314 3.059852981726298 2
      vertex 33.4564800052847 2.9715557647929565 0
    endloop
  endfacet
  facet normal 0.19509032201612525 0.980785280403231 0
    outer loop
      vertex 33.4564800052847 2.9715557647929565 0
      vertex 33.4564800052847 2.9715557647929565 2
      vertex 33.72589499633789 2.917965791114998 0
    endloop
  endfacet
  facet normal 0.06540312923014344 0.9978589232386036 0
    outer loop
      vertex 33.72589499633789 2.917965791114998 0
      vertex 33.72589499633789 2.917965791114998 2
      vertex 34 2.9 0
    endloop
  endfacet
  facet normal -0.06540312923014344 0.9978589232386036 0
    outer loop
      vertex 34 2.9 0
      vertex 34 2.9 2
      vertex 34.27410500366211 2.917965791114998 0
    endloop
  endfacet
  facet normal -0.19509032201612525 0.980785280403231 0
    outer loop
      vertex 34.27410500366211 2.917965791114998 0
      vertex 34.27410500366211 2.917965791114998 2
      vertex 34.5435199947153 2.9715557647929565 0
    endloop
  endfacet
  facet normal -0.3214394653031688 0.9469301294951032 0
    outer loop
      vertex 34.5435199947153 2.9715557647929565 0
      vertex 34.5435199947153 2.9715557647929565 2
      vertex 34.803635207966686 3.059852981726298 0
    endloop
  endfacet
  facet normal -0.4422886902190014 0.8968727415326883 0
    outer loop
      vertex 34.803635207966686 3.059852981726298 0
      vertex 34.803635207966686 3.059852981726298 2
      vertex 35.05 3.181346652052679 0
    endloop
  endfacet
  facet normal 0.9978589232386031 -0.06540312923014806 0
    outer loop
      vertex 31.9 5 0
      vertex 31.917965791114998 5.274105003662108 0
      vertex 31.917965791114998 5.274105003662108 2
    endloop
  endfacet
  facet normal 0.9807852804032304 -0.19509032201612836 0
    outer loop
      vertex 31.917965791114998 5.274105003662108 0
      vertex 31.971555764792956 5.543519994715293 0
      vertex 31.971555764792956 5.543519994715293 2
    endloop
  endfacet
  facet normal 0.9469301294951095 -0.32143946530315026 0
    outer loop
      vertex 31.971555764792956 5.543519994715293 0
      vertex 32.059852981726294 5.803635207966688 0
      vertex 32.059852981726294 5.803635207966688 2
    endloop
  endfacet
  facet normal 0.8968727415326794 -0.4422886902190197 0
    outer loop
      vertex 32.059852981726294 5.803635207966688 0
      vertex 32.18134665205268 6.05 0
      vertex 32.18134665205268 6.05 2
    endloop
  endfacet
  facet normal 0.8314696123025458 -0.5555702330196012 0
    outer loop
      vertex 32.18134665205268 6.05 0
      vertex 32.33395798538841 6.278399000918314 0
      vertex 32.33395798538841 6.278399000918314 2
    endloop
  endfacet
  facet normal 0.7518398074789839 -0.6593458151000614 0
    outer loop
      vertex 32.33395798538841 6.278399000918314 0
      vertex 32.51507575950825 6.48492424049175 0
      vertex 32.51507575950825 6.48492424049175 2
    endloop
  endfacet
  facet normal 0.6593458151000654 -0.7518398074789806 0
    outer loop
      vertex 32.51507575950825 6.48492424049175 0
      vertex 32.72160099908169 6.666042014611594 0
      vertex 32.72160099908169 6.666042014611594 2
    endloop
  endfacet
  facet normal 0.5555702330195983 -0.8314696123025479 0
    outer loop
      vertex 32.72160099908169 6.666042014611594 0
      vertex 32.95 6.818653347947321 0
      vertex 32.95 6.818653347947321 2
    endloop
  endfacet
  facet normal 0.4422886902190014 -0.8968727415326883 0
    outer loop
      vertex 32.95 6.818653347947321 0
      vertex 33.196364792033314 6.940147018273702 0
      vertex 33.196364792033314 6.940147018273702 2
    endloop
  endfacet
  facet normal 0.3214394653031688 -0.9469301294951032 0
    outer loop
      vertex 33.196364792033314 6.940147018273702 0
      vertex 33.4564800052847 7.0284442352070435 0
      vertex 33.4564800052847 7.0284442352070435 2
    endloop
  endfacet
  facet normal 0.19509032201612525 -0.980785280403231 0
    outer loop
      vertex 33.4564800052847 7.0284442352070435 0
      vertex 33.72589499633789 7.082034208885002 0
      vertex 33.72589499633789 7.082034208885002 2
    endloop
  endfacet
  facet normal 0.06540312923014183 -0.9978589232386036 0
    outer loop
      vertex 33.72589499633789 7.082034208885002 0
      vertex 34 7.1 0
      vertex 34 7.1 2
    endloop
  endfacet
  facet normal -0.06540312923014183 -0.9978589232386036 0
    outer loop
      vertex 34 7.1 0
      vertex 34.27410500366211 7.082034208885002 0
      vertex 34.27410500366211 7.082034208885002 2
    endloop
  endfacet
  facet normal -0.4422886902190014 -0.8968727415326883 0
    outer loop
      vertex 34.803635207966686 6.940147018273702 0
      vertex 35.05 6.818653347947321 0
      vertex 35.05 6.818653347947321 2
    endloop
  endfacet
  facet normal -0.19509032201612525 -0.980785280403231 0
    outer loop
      vertex 34.27410500366211 7.082034208885002 0
      vertex 34.5435199947153 7.0284442352070435 0
      vertex 34.5435199947153 7.0284442352070435 2
    endloop
  endfacet
  facet normal -0.3214394653031688 -0.9469301294951032 0
    outer loop
      vertex 34.5435199947153 7.0284442352070435 0
      vertex 34.803635207966686 6.940147018273702 0
      vertex 34.803635207966686 6.940147018273702 2
    endloop
  endfacet
  facet normal -0.5555702330195983 0.8314696123025479 0
    outer loop
      vertex 35.05 3.181346652052679 0
      vertex 35.05 3.181346652052679 2
      vertex 35.27839900091831 3.3339579853884063 0
    endloop
  endfacet
  facet normal -0.6593458151000662 0.7518398074789797 0
    outer loop
      vertex 35.27839900091831 3.3339579853884063 0
      vertex 35.27839900091831 3.3339579853884063 2
      vertex 35.48492424049175 3.51507575950825 0
    endloop
  endfacet
  facet normal -0.7518398074789832 0.6593458151000622 0
    outer loop
      vertex 35.48492424049175 3.51507575950825 0
      vertex 35.48492424049175 3.51507575950825 2
      vertex 35.66604201461159 3.7216009990816863 0
    endloop
  endfacet
  facet normal -0.8314696123025458 0.5555702330196012 0
    outer loop
      vertex 35.66604201461159 3.7216009990816863 0
      vertex 35.66604201461159 3.7216009990816863 2
      vertex 35.81865334794732 3.95 0
    endloop
  endfacet
  facet normal -0.8968727415326794 0.4422886902190197 0
    outer loop
      vertex 35.81865334794732 3.95 0
      vertex 35.81865334794732 3.95 2
      vertex 35.940147018273706 4.196364792033312 0
    endloop
  endfacet
  facet normal -0.9469301294951057 0.3214394653031619 0
    outer loop
      vertex 35.940147018273706 4.196364792033312 0
      vertex 35.940147018273706 4.196364792033312 2
      vertex 36.02844423520705 4.456480005284707 0
    endloop
  endfacet
  facet normal -0.9807852804032304 0.19509032201612836 0
    outer loop
      vertex 36.02844423520705 4.456480005284707 0
      vertex 36.02844423520705 4.456480005284707 2
      vertex 36.082034208885005 4.725894996337892 0
    endloop
  endfacet
  facet normal -0.997858923238604 0.06540312923013518 0
    outer loop
      vertex 36.082034208885005 4.725894996337892 0
      vertex 36.082034208885005 4.725894996337892 2
      vertex 36.1 5 0
    endloop
  endfacet
  facet normal -0.997858923238604 -0.06540312923013518 0
    outer loop
      vertex 36.082034208885005 5.274105003662108 0
      vertex 36.1 5 0
      vertex 36.1 5 2
    endloop
  endfacet
  facet normal -0.9807852804032304 -0.19509032201612836 0
    outer loop
      vertex 36.082034208885005 5.274105003662108 0
      vertex 36.082034208885005 5.274105003662108 2
      vertex 36.02844423520705 5.543519994715293 0
    endloop
  endfacet
  facet normal -0.8968727415326794 -0.4422886902190197 0
    outer loop
      vertex 35.81865334794732 6.05 0
      vertex 35.940147018273706 5.803635207966688 0
      vertex 35.940147018273706 5.803635207966688 2
    endloop
  endfacet
  facet normal -0.8314696123025458 -0.5555702330196012 0
    outer loop
      vertex 35.81865334794732 6.05 0
      vertex 35.81865334794732 6.05 2
      vertex 35.66604201461159 6.278399000918314 0
    endloop
  endfacet
  facet normal -0.9469301294951057 -0.3214394653031619 0
    outer loop
      vertex 36.02844423520705 5.543519994715293 0
      vertex 36.02844423520705 5.543519994715293 2
      vertex 35.940147018273706 5.803635207966688 0
    endloop
  endfacet
  facet normal -0.5555702330195983 -0.8314696123025479 0
    outer loop
      vertex 35.05 6.818653347947321 0
      vertex 35.27839900091831 6.666042014611594 0
      vertex 35.27839900091831 6.666042014611594 2
    endloop
  endfacet
  facet normal -0.6593458151000654 -0.7518398074789806 0
    outer loop
      vertex 35.27839900091831 6.666042014611594 0
      vertex 35.48492424049175 6.48492424049175 0
      vertex 35.48492424049175 6.48492424049175 2
    endloop
  endfacet
  facet normal -0.7518398074789839 -0.6593458151000614 0
    outer loop
      vertex 35.48492424049175 6.48492424049175 0
      vertex 35.66604201461159 6.278399000918314 0
      vertex 35.66604201461159 6.278399000918314 2
    endloop
  endfacet
  facet normal 0.7518398074789832 0.6593458151000622 0
    outer loop
      vertex 32.51507575950825 3.51507575950825 0
      vertex 32.33395798538841 3.7216009990816863 2
      vertex 32.51507575950825 3.51507575950825 2
    endloop
  endfacet
  facet normal 0.8968727415326794 0.4422886902190197 0
    outer loop
      vertex 32.18134665205268 3.95 0
      vertex 32.059852981726294 4.196364792033312 2
      vertex 32.18134665205268 3.95 2
    endloop
  endfacet
  facet normal 0.9469301294951095 0.32143946530315026 0
    outer loop
      vertex 32.059852981726294 4.196364792033312 0
      vertex 31.971555764792956 4.456480005284707 2
      vertex 32.059852981726294 4.196364792033312 2
    endloop
  endfacet
  facet normal 0.8314696123025458 0.5555702330196012 0
    outer loop
      vertex 32.33395798538841 3.7216009990816863 0
      vertex 32.18134665205268 3.95 2
      vertex 32.33395798538841 3.7216009990816863 2
    endloop
  endfacet
  facet normal 0.9807852804032304 0.19509032201612836 0
    outer loop
      vertex 31.971555764792956 4.456480005284707 0
      vertex 31.917965791114998 4.725894996337892 2
      vertex 31.971555764792956 4.456480005284707 2
    endloop
  endfacet
  facet normal 0.9978589232386031 0.06540312923014806 0
    outer loop
      vertex 31.917965791114998 4.725894996337892 0
      vertex 31.9 5 2
      vertex 31.917965791114998 4.725894996337892 2
    endloop
  endfacet
  facet normal 0.4422886902190014 0.8968727415326883 0
    outer loop
      vertex 33.196364792033314 3.059852981726298 0
      vertex 32.95 3.181346652052679 2
      vertex 33.196364792033314 3.059852981726298 2
    endloop
  endfacet
  facet normal 0.6593458151000662 0.7518398074789797 0
    outer loop
      vertex 32.72160099908169 3.3339579853884063 0
      vertex 32.51507575950825 3.51507575950825 2
      vertex 32.72160099908169 3.3339579853884063 2
    endloop
  endfacet
  facet normal 0.5555702330195983 0.8314696123025479 0
    outer loop
      vertex 32.95 3.181346652052679 0
      vertex 32.72160099908169 3.3339579853884063 2
      vertex 32.95 3.181346652052679 2
    endloop
  endfacet
  facet normal 0.3214394653031688 0.9469301294951032 0
    outer loop
      vertex 33.4564800052847 2.9715557647929565 0
      vertex 33.196364792033314 3.059852981726298 2
      vertex 33.4564800052847 2.9715557647929565 2
    endloop
  endfacet
  facet normal 0.19509032201612525 0.980785280403231 0
    outer loop
      vertex 33.72589499633789 2.917965791114998 0
      vertex 33.4564800052847 2.9715557647929565 2
      vertex 33.72589499633789 2.917965791114998 2
    endloop
  endfacet
  facet normal 0.06540312923014344 0.9978589232386036 0
    outer loop
      vertex 34 2.9 0
      vertex 33.72589499633789 2.917965791114998 2
      vertex 34 2.9 2
    endloop
  endfacet
  facet normal -0.06540312923014344 0.9978589232386036 0
    outer loop
      vertex 34.27410500366211 2.917965791114998 0
      vertex 34 2.9 2
      vertex 34.27410500366211 2.917965791114998 2
    endloop
  endfacet
  facet normal -0.19509032201612525 0.980785280403231 0
    outer loop
      vertex 34.5435199947153 2.9715557647929565 0
      vertex 34.27410500366211 2.917965791114998 2
      vertex 34.5435199947153 2.9715557647929565 2
    endloop
  endfacet
  facet normal -0.3214394653031688 0.9469301294951032 0
    outer loop
      vertex 34.803635207966686 3.059852981726298 0
      vertex 34.5435199947153 2.9715557647929565 2
      vertex 34.803635207966686 3.059852981726298 2
    endloop
  endfacet
  facet normal -0.4422886902190014 0.8968727415326883 0
    outer loop
      vertex 35.05 3.181346652052679 0
      vertex 34.803635207966686 3.059852981726298 2
      vertex 35.05 3.181346652052679 2
    endloop
  endfacet
  facet normal 0.9978589232386031 -0.06540312923014806 0
    outer loop
      vertex 31.9 5 0
      vertex 31.917965791114998 5.274105003662108 2
      vertex 31.9 5 2
    endloop
  endfacet
  facet normal 0.9807852804032304 -0.19509032201612836 0
    outer loop
      vertex 31.917965791114998 5.274105003662108 0
      vertex 31.971555764792956 5.543519994715293 2
      vertex 31.917965791114998 5.274105003662108 2
    endloop
  endfacet
  facet normal 0.9469301294951095 -0.32143946530315026 0
    outer loop
      vertex 31.971555764792956 5.543519994715293 0
      vertex 32.059852981726294 5.803635207966688 2
      vertex 31.971555764792956 5.543519994715293 2
    endloop
  endfacet
  facet normal 0.8968727415326794 -0.4422886902190197 0
    outer loop
      vertex 32.059852981726294 5.803635207966688 0
      vertex 32.18134665205268 6.05 2
      vertex 32.059852981726294 5.803635207966688 2
    endloop
  endfacet
  facet normal 0.8314696123025458 -0.5555702330196012 0
    outer loop
      vertex 32.18134665205268 6.05 0
      vertex 32.33395798538841 6.278399000918314 2
      vertex 32.18134665205268 6.05 2
    endloop
  endfacet
  facet normal 0.7518398074789839 -0.6593458151000614 0
    outer loop
      vertex 32.33395798538841 6.278399000918314 0
      vertex 32.51507575950825 6.48492424049175 2
      vertex 32.33395798538841 6.278399000918314 2
    endloop
  endfacet
  facet normal 0.6593458151000654 -0.7518398074789806 0
    outer loop
      vertex 32.51507575950825 6.48492424049175 0
      vertex 32.72160099908169 6.666042014611594 2
      vertex 32.51507575950825 6.48492424049175 2
    endloop
  endfacet
  facet normal 0.5555702330195983 -0.8314696123025479 0
    outer loop
      vertex 32.72160099908169 6.666042014611594 0
      vertex 32.95 6.818653347947321 2
      vertex 32.72160099908169 6.666042014611594 2
    endloop
  endfacet
  facet normal 0.4422886902190014 -0.8968727415326883 0
    outer loop
      vertex 32.95 6.818653347947321 0
      vertex 33.196364792033314 6.940147018273702 2
      vertex 32.95 6.818653347947321 2
    endloop
  endfacet
  facet normal 0.3214394653031688 -0.9469301294951032 0
    outer loop
      vertex 33.196364792033314 6.940147018273702 0
      vertex 33.4564800052847 7.0284442352070435 2
      vertex 33.196364792033314 6.940147018273702 2
    endloop
  endfacet
  facet normal 0.19509032201612525 -0.980785280403231 0
    outer loop
      vertex 33.4564800052847 7.0284442352070435 0
      vertex 33.72589499633789 7.082034208885002 2
      vertex 33.4564800052847 7.0284442352070435 2
    endloop
  endfacet
  facet normal 0.06540312923014183 -0.9978589232386036 0
    outer loop
      vertex 33.72589499633789 7.082034208885002 0
      vertex 34 7.1 2
      vertex 33.72589499633789 7.082034208885002 2
    endloop
  endfacet
  facet normal -0.06540312923014183 -0.9978589232386036 0
    outer loop
      vertex 34 7.1 0
      vertex 34.27410500366211 7.082034208885002 2
      vertex 34 7.1 2
    endloop
  endfacet
  facet normal -0.19509032201612525 -0.980785280403231 0
    outer loop
      vertex 34.27410500366211 7.082034208885002 0
      vertex 34.5435199947153 7.0284442352070435 2
      vertex 34.27410500366211 7.082034208885002 2
    endloop
  endfacet
  facet normal -0.3214394653031688 -0.9469301294951032 0
    outer loop
      vertex 34.5435199947153 7.0284442352070435 0
      vertex 34.803635207966686 6.940147018273702 2
      vertex 34.5435199947153 7.0284442352070435 2
    endloop
  endfacet
  facet normal -0.4422886902190014 -0.8968727415326883 0
    outer loop
      vertex 34.803635207966686 6.940147018273702 0
      vertex 35.05 6.818653347947321 2
      vertex 34.803635207966686 6.940147018273702 2
    endloop
  endfacet
  facet normal -0.5555702330195983 0.8314696123025479 0
    outer loop
      vertex 35.27839900091831 3.3339579853884063 0
      vertex 35.05 3.181346652052679 2
      vertex 35.27839900091831 3.3339579853884063 2
    endloop
  endfacet
  facet normal -0.6593458151000662 0.7518398074789797 0
    outer loop
      vertex 35.48492424049175 3.51507575950825 0
      vertex 35.27839900091831 3.3339579853884063 2
      vertex 35.48492424049175 3.51507575950825 2
    endloop
  endfacet
  facet normal -0.7518398074789832 0.6593458151000622 0
    outer loop
      vertex 35.66604201461159 3.7216009990816863 0
      vertex 35.48492424049175 3.51507575950825 2
      vertex 35.66604201461159 3.7216009990816863 2
    endloop
  endfacet
  facet normal -0.8314696123025458 0.5555702330196012 0
    outer loop
      vertex 35.81865334794732 3.95 0
      vertex 35.66604201461159 3.7216009990816863 2
      vertex 35.81865334794732 3.95 2
    endloop
  endfacet
  facet normal -0.8968727415326794 0.4422886902190197 0
    outer loop
      vertex 35.940147018273706 4.196364792033312 0
      vertex 35.81865334794732 3.95 2
      vertex 35.940147018273706 4.196364792033312 2
    endloop
  endfacet
  facet normal -0.9469301294951057 0.3214394653031619 0
    outer loop
      vertex 36.02844423520705 4.456480005284707 0
      vertex 35.940147018273706 4.196364792033312 2
      vertex 36.02844423520705 4.456480005284707 2
    endloop
  endfacet
  facet normal -0.9807852804032304 0.19509032201612836 0
    outer loop
      vertex 36.082034208885005 4.725894996337892 0
      vertex 36.02844423520705 4.456480005284707 2
      vertex 36.082034208885005 4.725894996337892 2
    endloop
  endfacet
  facet normal -0.997858923238604 0.06540312923013518 0
    outer loop
      vertex 36.1 5 0
      vertex 36.082034208885005 4.725894996337892 2
      vertex 36.1 5 2
    endloop
  endfacet
  facet normal -0.997858923238604 -0.06540312923013518 0
    outer loop
      vertex 36.082034208885005 5.274105003662108 0
      vertex 36.1 5 2
      vertex 36.082034208885005 5.274105003662108 2
    endloop
  endfacet
  facet normal -0.9807852804032304 -0.19509032201612836 0
    outer loop
      vertex 36.02844423520705 5.543519994715293 0
      vertex 36.082034208885005 5.274105003662108 2
      vertex 36.02844423520705 5.543519994715293 2
    endloop
  endfacet
  facet normal -0.8314696123025458 -0.5555702330196012 0
    outer loop
      vertex 35.66604201461159 6.278399000918314 0
      vertex 35.81865334794732 6.05 2
      vertex 35.66604201461159 6.278399000918314 2
    endloop
  endfacet
  facet normal -0.8968727415326794 -0.4422886902190197 0
    outer loop
      vertex 35.81865334794732 6.05 0
      vertex 35.940147018273706 5.803635207966688 2
      vertex 35.81865334794732 6.05 2
    endloop
  endfacet
  facet normal -0.9469301294951057 -0.3214394653031619 0
    outer loop
      vertex 35.940147018273706 5.803635207966688 0
      vertex 36.02844423520705 5.543519994715293 2
      vertex 35.940147018273706 5.803635207966688 2
    endloop
  endfacet
  facet normal -0.5555702330195983 -0.8314696123025479 0
    outer loop
      vertex 35.05 6.818653347947321 0
      vertex 35.27839900091831 6.666042014611594 2
      vertex 35.05 6.818653347947321 2
    endloop
  endfacet
  facet normal -0.7518398074789839 -0.6593458151000614 0
    outer loop
      vertex 35.48492424049175 6.48492424049175 0
      vertex 35.66604201461159 6.278399000918314 2
      vertex 35.48492424049175 6.48492424049175 2
    endloop
  endfacet
  facet normal -0.6593458151000654 -0.7518398074789806 0
    outer loop
      vertex 35.27839900091831 6.666042014611594 0
      vertex 35.48492424049175 6.48492424049175 2
      vertex 35.27839900091831 6.666042014611594 2
    endloop
  endfacet
  facet normal 0.7518398074789853 0.6593458151000597 0
    outer loop
      vertex 32.33395798538841 33.72160099908169 0
      vertex 32.33395798538841 33.72160099908169 2
      vertex 32.51507575950825 33.51507575950825 0
    endloop
  endfacet
  facet normal 0.9469301294951071 0.32143946530315715 0
    outer loop
      vertex 32.059852981726294 34.196364792033314 0
      vertex 31.971555764792956 34.4564800052847 0
      vertex 31.971555764792956 34.4564800052847 2
    endloop
  endfacet
  facet normal 0.8968727415326794 0.4422886902190197 0
    outer loop
      vertex 32.18134665205268 33.95 0
      vertex 32.059852981726294 34.196364792033314 0
      vertex 32.059852981726294 34.196364792033314 2
    endloop
  endfacet
  facet normal 0.8314696123025479 0.5555702330195983 0
    outer loop
      vertex 32.33395798538841 33.72160099908169 0
      vertex 32.18134665205268 33.95 0
      vertex 32.18134665205268 33.95 2
    endloop
  endfacet
  facet normal 0.980785280403231 0.19509032201612525 0
    outer loop
      vertex 31.971555764792956 34.4564800052847 0
      vertex 31.917965791114998 34.72589499633789 0
      vertex 31.917965791114998 34.72589499633789 2
    endloop
  endfacet
  facet normal 0.9978589232386031 0.06540312923014827 0
    outer loop
      vertex 31.917965791114998 34.72589499633789 0
      vertex 31.9 35 0
      vertex 31.9 35 2
    endloop
  endfacet
  facet normal 0.5555702330195983 0.8314696123025479 0
    outer loop
      vertex 32.72160099908169 33.33395798538841 0
      vertex 32.72160099908169 33.33395798538841 2
      vertex 32.95 33.18134665205268 0
    endloop
  endfacet
  facet normal 0.6593458151000597 0.7518398074789853 0
    outer loop
      vertex 32.72160099908169 33.33395798538841 0
      vertex 32.51507575950825 33.51507575950825 0
      vertex 32.51507575950825 33.51507575950825 2
    endloop
  endfacet
  facet normal 0.4422886902190197 0.8968727415326794 0
    outer loop
      vertex 32.95 33.18134665205268 0
      vertex 32.95 33.18134665205268 2
      vertex 33.196364792033314 33.059852981726294 0
    endloop
  endfacet
  facet normal 0.3214394653031688 0.9469301294951032 0
    outer loop
      vertex 33.196364792033314 33.059852981726294 0
      vertex 33.196364792033314 33.059852981726294 2
      vertex 33.4564800052847 32.97155576479295 0
    endloop
  endfacet
  facet normal 0.19509032201612525 0.980785280403231 0
    outer loop
      vertex 33.4564800052847 32.97155576479295 0
      vertex 33.4564800052847 32.97155576479295 2
      vertex 33.72589499633789 32.917965791114995 0
    endloop
  endfacet
  facet normal 0.06540312923013539 0.997858923238604 0
    outer loop
      vertex 33.72589499633789 32.917965791114995 0
      vertex 33.72589499633789 32.917965791114995 2
      vertex 34 32.9 0
    endloop
  endfacet
  facet normal -0.06540312923013539 0.997858923238604 0
    outer loop
      vertex 34 32.9 0
      vertex 34 32.9 2
      vertex 34.27410500366211 32.917965791114995 0
    endloop
  endfacet
  facet normal -0.19509032201612525 0.980785280403231 0
    outer loop
      vertex 34.27410500366211 32.917965791114995 0
      vertex 34.27410500366211 32.917965791114995 2
      vertex 34.5435199947153 32.97155576479295 0
    endloop
  endfacet
  facet normal -0.3214394653031688 0.9469301294951032 0
    outer loop
      vertex 34.5435199947153 32.97155576479295 0
      vertex 34.5435199947153 32.97155576479295 2
      vertex 34.803635207966686 33.059852981726294 0
    endloop
  endfacet
  facet normal -0.4422886902190197 0.8968727415326794 0
    outer loop
      vertex 34.803635207966686 33.059852981726294 0
      vertex 34.803635207966686 33.059852981726294 2
      vertex 35.05 33.18134665205268 0
    endloop
  endfacet
  facet normal 0.9978589232386031 -0.06540312923014827 0
    outer loop
      vertex 31.9 35 0
      vertex 31.917965791114998 35.27410500366211 0
      vertex 31.917965791114998 35.27410500366211 2
    endloop
  endfacet
  facet normal 0.980785280403231 -0.19509032201612525 0
    outer loop
      vertex 31.917965791114998 35.27410500366211 0
      vertex 31.971555764792956 35.5435199947153 0
      vertex 31.971555764792956 35.5435199947153 2
    endloop
  endfacet
  facet normal 0.9469301294951071 -0.32143946530315715 0
    outer loop
      vertex 31.971555764792956 35.5435199947153 0
      vertex 32.059852981726294 35.803635207966686 0
      vertex 32.059852981726294 35.803635207966686 2
    endloop
  endfacet
  facet normal 0.8968727415326794 -0.4422886902190197 0
    outer loop
      vertex 32.059852981726294 35.803635207966686 0
      vertex 32.18134665205268 36.05 0
      vertex 32.18134665205268 36.05 2
    endloop
  endfacet
  facet normal 0.8314696123025479 -0.5555702330195983 0
    outer loop
      vertex 32.18134665205268 36.05 0
      vertex 32.33395798538841 36.27839900091831 0
      vertex 32.33395798538841 36.27839900091831 2
    endloop
  endfacet
  facet normal 0.7518398074789853 -0.6593458151000597 0
    outer loop
      vertex 32.33395798538841 36.27839900091831 0
      vertex 32.51507575950825 36.48492424049175 0
      vertex 32.51507575950825 36.48492424049175 2
    endloop
  endfacet
  facet normal 0.6593458151000597 -0.7518398074789853 0
    outer loop
      vertex 32.51507575950825 36.48492424049175 0
      vertex 32.72160099908169 36.66604201461159 0
      vertex 32.72160099908169 36.66604201461159 2
    endloop
  endfacet
  facet normal 0.5555702330195983 -0.8314696123025479 0
    outer loop
      vertex 32.72160099908169 36.66604201461159 0
      vertex 32.95 36.81865334794732 0
      vertex 32.95 36.81865334794732 2
    endloop
  endfacet
  facet normal 0.4422886902190197 -0.8968727415326794 0
    outer loop
      vertex 32.95 36.81865334794732 0
      vertex 33.196364792033314 36.940147018273706 0
      vertex 33.196364792033314 36.940147018273706 2
    endloop
  endfacet
  facet normal 0.3214394653031688 -0.9469301294951032 0
    outer loop
      vertex 33.196364792033314 36.940147018273706 0
      vertex 33.4564800052847 37.02844423520705 0
      vertex 33.4564800052847 37.02844423520705 2
    endloop
  endfacet
  facet normal 0.19509032201612525 -0.980785280403231 0
    outer loop
      vertex 33.4564800052847 37.02844423520705 0
      vertex 33.72589499633789 37.082034208885005 0
      vertex 33.72589499633789 37.082034208885005 2
    endloop
  endfacet
  facet normal 0.06540312923013539 -0.997858923238604 0
    outer loop
      vertex 33.72589499633789 37.082034208885005 0
      vertex 34 37.1 0
      vertex 34 37.1 2
    endloop
  endfacet
  facet normal -0.06540312923013539 -0.997858923238604 0
    outer loop
      vertex 34 37.1 0
      vertex 34.27410500366211 37.082034208885005 0
      vertex 34.27410500366211 37.082034208885005 2
    endloop
  endfacet
  facet normal -0.4422886902190197 -0.8968727415326794 0
    outer loop
      vertex 34.803635207966686 36.940147018273706 0
      vertex 35.05 36.81865334794732 0
      vertex 35.05 36.81865334794732 2
    endloop
  endfacet
  facet normal -0.19509032201612525 -0.980785280403231 0
    outer loop
      vertex 34.27410500366211 37.082034208885005 0
      vertex 34.5435199947153 37.02844423520705 0
      vertex 34.5435199947153 37.02844423520705 2
    endloop
  endfacet
  facet normal -0.3214394653031688 -0.9469301294951032 0
    outer loop
      vertex 34.5435199947153 37.02844423520705 0
      vertex 34.803635207966686 36.940147018273706 0
      vertex 34.803635207966686 36.940147018273706 2
    endloop
  endfacet
  facet normal -0.5555702330195983 0.8314696123025479 0
    outer loop
      vertex 35.05 33.18134665205268 0
      vertex 35.05 33.18134665205268 2
      vertex 35.27839900091831 33.33395798538841 0
    endloop
  endfacet
  facet normal -0.6593458151000597 0.7518398074789853 0
    outer loop
      vertex 35.27839900091831 33.33395798538841 0
      vertex 35.27839900091831 33.33395798538841 2
      vertex 35.48492424049175 33.51507575950825 0
    endloop
  endfacet
  facet normal -0.7518398074789853 0.6593458151000597 0
    outer loop
      vertex 35.48492424049175 33.51507575950825 0
      vertex 35.48492424049175 33.51507575950825 2
      vertex 35.66604201461159 33.72160099908169 0
    endloop
  endfacet
  facet normal -0.8314696123025479 0.5555702330195983 0
    outer loop
      vertex 35.66604201461159 33.72160099908169 0
      vertex 35.66604201461159 33.72160099908169 2
      vertex 35.81865334794732 33.95 0
    endloop
  endfacet
  facet normal -0.8968727415326794 0.4422886902190197 0
    outer loop
      vertex 35.81865334794732 33.95 0
      vertex 35.81865334794732 33.95 2
      vertex 35.940147018273706 34.196364792033314 0
    endloop
  endfacet
  facet normal -0.9469301294951032 0.3214394653031688 0
    outer loop
      vertex 35.940147018273706 34.196364792033314 0
      vertex 35.940147018273706 34.196364792033314 2
      vertex 36.02844423520705 34.4564800052847 0
    endloop
  endfacet
  facet normal -0.980785280403231 0.19509032201612525 0
    outer loop
      vertex 36.02844423520705 34.4564800052847 0
      vertex 36.02844423520705 34.4564800052847 2
      vertex 36.082034208885005 34.72589499633789 0
    endloop
  endfacet
  facet normal -0.997858923238604 0.06540312923013539 0
    outer loop
      vertex 36.082034208885005 34.72589499633789 0
      vertex 36.082034208885005 34.72589499633789 2
      vertex 36.1 35 0
    endloop
  endfacet
  facet normal -0.997858923238604 -0.06540312923013539 0
    outer loop
      vertex 36.082034208885005 35.27410500366211 0
      vertex 36.1 35 0
      vertex 36.1 35 2
    endloop
  endfacet
  facet normal -0.980785280403231 -0.19509032201612525 0
    outer loop
      vertex 36.082034208885005 35.27410500366211 0
      vertex 36.082034208885005 35.27410500366211 2
      vertex 36.02844423520705 35.5435199947153 0
    endloop
  endfacet
  facet normal -0.8968727415326794 -0.4422886902190197 0
    outer loop
      vertex 35.81865334794732 36.05 0
      vertex 35.940147018273706 35.803635207966686 0
      vertex 35.940147018273706 35.803635207966686 2
    endloop
  endfacet
  facet normal -0.8314696123025479 -0.5555702330195983 0
    outer loop
      vertex 35.81865334794732 36.05 0
      vertex 35.81865334794732 36.05 2
      vertex 35.66604201461159 36.27839900091831 0
    endloop
  endfacet
  facet normal -0.9469301294951032 -0.3214394653031688 0
    outer loop
      vertex 36.02844423520705 35.5435199947153 0
      vertex 36.02844423520705 35.5435199947153 2
      vertex 35.940147018273706 35.803635207966686 0
    endloop
  endfacet
  facet normal -0.5555702330195983 -0.8314696123025479 0
    outer loop
      vertex 35.05 36.81865334794732 0
      vertex 35.27839900091831 36.66604201461159 0
      vertex 35.27839900091831 36.66604201461159 2
    endloop
  endfacet
  facet normal -0.6593458151000597 -0.7518398074789853 0
    outer loop
      vertex 35.27839900091831 36.66604201461159 0
      vertex 35.48492424049175 36.48492424049175 0
      vertex 35.48492424049175 36.48492424049175 2
    endloop
  endfacet
  facet normal -0.7518398074789853 -0.6593458151000597 0
    outer loop
      vertex 35.48492424049175 36.48492424049175 0
      vertex 35.66604201461159 36.27839900091831 0
      vertex 35.66604201461159 36.27839900091831 2
    endloop
  endfacet
  facet normal 0.7518398074789853 0.6593458151000597 0
    outer loop
      vertex 32.51507575950825 33.51507575950825 0
      vertex 32.33395798538841 33.72160099908169 2
      vertex 32.51507575950825 33.51507575950825 2
    endloop
  endfacet
  facet normal 0.8968727415326794 0.4422886902190197 0
    outer loop
      vertex 32.18134665205268 33.95 0
      vertex 32.059852981726294 34.196364792033314 2
      vertex 32.18134665205268 33.95 2
    endloop
  endfacet
  facet normal 0.9469301294951071 0.32143946530315715 0
    outer loop
      vertex 32.059852981726294 34.196364792033314 0
      vertex 31.971555764792956 34.4564800052847 2
      vertex 32.059852981726294 34.196364792033314 2
    endloop
  endfacet
  facet normal 0.8314696123025479 0.5555702330195983 0
    outer loop
      vertex 32.33395798538841 33.72160099908169 0
      vertex 32.18134665205268 33.95 2
      vertex 32.33395798538841 33.72160099908169 2
    endloop
  endfacet
  facet normal 0.980785280403231 0.19509032201612525 0
    outer loop
      vertex 31.971555764792956 34.4564800052847 0
      vertex 31.917965791114998 34.72589499633789 2
      vertex 31.971555764792956 34.4564800052847 2
    endloop
  endfacet
  facet normal 0.9978589232386031 0.06540312923014827 0
    outer loop
      vertex 31.917965791114998 34.72589499633789 0
      vertex 31.9 35 2
      vertex 31.917965791114998 34.72589499633789 2
    endloop
  endfacet
  facet normal 0.4422886902190197 0.8968727415326794 0
    outer loop
      vertex 33.196364792033314 33.059852981726294 0
      vertex 32.95 33.18134665205268 2
      vertex 33.196364792033314 33.059852981726294 2
    endloop
  endfacet
  facet normal 0.6593458151000597 0.7518398074789853 0
    outer loop
      vertex 32.72160099908169 33.33395798538841 0
      vertex 32.51507575950825 33.51507575950825 2
      vertex 32.72160099908169 33.33395798538841 2
    endloop
  endfacet
  facet normal 0.5555702330195983 0.8314696123025479 0
    outer loop
      vertex 32.95 33.18134665205268 0
      vertex 32.72160099908169 33.33395798538841 2
      vertex 32.95 33.18134665205268 2
    endloop
  endfacet
  facet normal 0.3214394653031688 0.9469301294951032 0
    outer loop
      vertex 33.4564800052847 32.97155576479295 0
      vertex 33.196364792033314 33.059852981726294 2
      vertex 33.4564800052847 32.97155576479295 2
    endloop
  endfacet
  facet normal 0.19509032201612525 0.980785280403231 0
    outer loop
      vertex 33.72589499633789 32.917965791114995 0
      vertex 33.4564800052847 32.97155576479295 2
      vertex 33.72589499633789 32.917965791114995 2
    endloop
  endfacet
  facet normal 0.06540312923013539 0.997858923238604 0
    outer loop
      vertex 34 32.9 0
      vertex 33.72589499633789 32.917965791114995 2
      vertex 34 32.9 2
    endloop
  endfacet
  facet normal -0.06540312923013539 0.997858923238604 0
    outer loop
      vertex 34.27410500366211 32.917965791114995 0
      vertex 34 32.9 2
      vertex 34.27410500366211 32.917965791114995 2
    endloop
  endfacet
  facet normal -0.19509032201612525 0.980785280403231 0
    outer loop
      vertex 34.5435199947153 32.97155576479295 0
      vertex 34.27410500366211 32.917965791114995 2
      vertex 34.5435199947153 32.97155576479295 2
    endloop
  endfacet
  facet normal -0.3214394653031688 0.9469301294951032 0
    outer loop
      vertex 34.803635207966686 33.059852981726294 0
      vertex 34.5435199947153 32.97155576479295 2
      vertex 34.803635207966686 33.059852981726294 2
    endloop
  endfacet
  facet normal -0.4422886902190197 0.8968727415326794 0
    outer loop
      vertex 35.05 33.18134665205268 0
      vertex 34.803635207966686 33.059852981726294 2
      vertex 35.05 33.18134665205268 2
    endloop
  endfacet
  facet normal 0.9978589232386031 -0.06540312923014827 0
    outer loop
      vertex 31.9 35 0
      vertex 31.917965791114998 35.27410500366211 2
      vertex 31.9 35 2
    endloop
  endfacet
  facet normal 0.980785280403231 -0.19509032201612525 0
    outer loop
      vertex 31.917965791114998 35.27410500366211 0
      vertex 31.971555764792956 35.5435199947153 2
      vertex 31.917965791114998 35.27410500366211 2
    endloop
  endfacet
  facet normal 0.9469301294951071 -0.32143946530315715 0
    outer loop
      vertex 31.971555764792956 35.5435199947153 0
      vertex 32.059852981726294 35.803635207966686 2
      vertex 31.971555764792956 35.5435199947153 2
    endloop
  endfacet
  facet normal 0.8968727415326794 -0.4422886902190197 0
    outer loop
      vertex 32.059852981726294 35.803635207966686 0
      vertex 32.18134665205268 36.05 2
      vertex 32.059852981726294 35.803635207966686 2
    endloop
  endfacet
  facet normal 0.8314696123025479 -0.5555702330195983 0
    outer loop
      vertex 32.18134665205268 36.05 0
      vertex 32.33395798538841 36.27839900091831 2
      vertex 32.18134665205268 36.05 2
    endloop
  endfacet
  facet normal 0.7518398074789853 -0.6593458151000597 0
    outer loop
      vertex 32.33395798538841 36.27839900091831 0
      vertex 32.51507575950825 36.48492424049175 2
      vertex 32.33395798538841 36.27839900091831 2
    endloop
  endfacet
  facet normal 0.6593458151000597 -0.7518398074789853 0
    outer loop
      vertex 32.51507575950825 36.48492424049175 0
      vertex 32.72160099908169 36.66604201461159 2
      vertex 32.51507575950825 36.48492424049175 2
    endloop
  endfacet
  facet normal 0.5555702330195983 -0.8314696123025479 0
    outer loop
      vertex 32.72160099908169 36.66604201461159 0
      vertex 32.95 36.81865334794732 2
      vertex 32.72160099908169 36.66604201461159 2
    endloop
  endfacet
  facet normal 0.4422886902190197 -0.8968727415326794 0
    outer loop
      vertex 32.95 36.81865334794732 0
      vertex 33.196364792033314 36.940147018273706 2
      vertex 32.95 36.81865334794732 2
    endloop
  endfacet
  facet normal 0.3214394653031688 -0.9469301294951032 0
    outer loop
      vertex 33.196364792033314 36.940147018273706 0
      vertex 33.4564800052847 37.02844423520705 2
      vertex 33.196364792033314 36.940147018273706 2
    endloop
  endfacet
  facet normal 0.19509032201612525 -0.980785280403231 0
    outer loop
      vertex 33.4564800052847 37.02844423520705 0
      vertex 33.72589499633789 37.082034208885005 2
      vertex 33.4564800052847 37.02844423520705 2
    endloop
  endfacet
  facet normal 0.06540312923013539 -0.997858923238604 0
    outer loop
      vertex 33.72589499633789 37.082034208885005 0
      vertex 34 37.1 2
      vertex 33.72589499633789 37.082034208885005 2
    endloop
  endfacet
  facet normal -0.06540312923013539 -0.997858923238604 0
    outer loop
      vertex 34 37.1 0
      vertex 34.27410500366211 37.082034208885005 2
      vertex 34 37.1 2
    endloop
  endfacet
  facet normal -0.19509032201612525 -0.980785280403231 0
    outer loop
      vertex 34.27410500366211 37.082034208885005 0
      vertex 34.5435199947153 37.02844423520705 2
      vertex 34.27410500366211 37.082034208885005 2
    endloop
  endfacet
  facet normal -0.3214394653031688 -0.9469301294951032 0
    outer loop
      vertex 34.5435199947153 37.02844423520705 0
      vertex 34.803635207966686 36.940147018273706 2
      vertex 34.5435199947153 37.02844423520705 2
    endloop
  endfacet
  facet normal -0.4422886902190197 -0.8968727415326794 0
    outer loop
      vertex 34.803635207966686 36.940147018273706 0
      vertex 35.05 36.81865334794732 2
      vertex 34.803635207966686 36.940147018273706 2
    endloop
  endfacet
  facet normal -0.5555702330195983 0.8314696123025479 0
    outer loop
      vertex 35.27839900091831 33.33395798538841 0
      vertex 35.05 33.18134665205268 2
      vertex 35.27839900091831 33.33395798538841 2
    endloop
  endfacet
  facet normal -0.6593458151000597 0.7518398074789853 0
    outer loop
      vertex 35.48492424049175 33.51507575950825 0
      vertex 35.27839900091831 33.33395798538841 2
      vertex 35.48492424049175 33.51507575950825 2
    endloop
  endfacet
  facet normal -0.7518398074789853 0.6593458151000597 0
    outer loop
      vertex 35.66604201461159 33.72160099908169 0
      vertex 35.48492424049175 33.51507575950825 2
      vertex 35.66604201461159 33.72160099908169 2
    endloop
  endfacet
  facet normal -0.8314696123025479 0.5555702330195983 0
    outer loop
      vertex 35.81865334794732 33.95 0
      vertex 35.66604201461159 33.72160099908169 2
      vertex 35.81865334794732 33.95 2
    endloop
  endfacet
  facet normal -0.8968727415326794 0.4422886902190197 0
    outer loop
      vertex 35.940147018273706 34.196364792033314 0
      vertex 35.81865334794732 33.95 2
      vertex 35.940147018273706 34.196364792033314 2
    endloop
  endfacet
  facet normal -0.9469301294951032 0.3214394653031688 0
    outer loop
      vertex 36.02844423520705 34.4564800052847 0
      vertex 35.940147018273706 34.196364792033314 2
      vertex 36.02844423520705 34.4564800052847 2
    endloop
  endfacet
  facet normal -0.980785280403231 0.19509032201612525 0
    outer loop
      vertex 36.082034208885005 34.72589499633789 0
      vertex 36.02844423520705 34.4564800052847 2
      vertex 36.082034208885005 34.72589499633789 2
    endloop
  endfacet
  facet normal -0.997858923238604 0.06540312923013539 0
    outer loop
      vertex 36.1 35 0
      vertex 36.082034208885005 34.72589499633789 2
      vertex 36.1 35 2
    endloop
  endfacet
  facet normal -0.997858923238604 -0.06540312923013539 0
    outer loop
      vertex 36.082034208885005 35.27410500366211 0
      vertex 36.1 35 2
      vertex 36.082034208885005 35.27410500366211 2
    endloop
  endfacet
  facet normal -0.980785280403231 -0.19509032201612525 0
    outer loop
      vertex 36.02844423520705 35.5435199947153 0
      vertex 36.082034208885005 35.27410500366211 2
      vertex 36.02844423520705 35.5435199947153 2
    endloop
  endfacet
  facet normal -0.8314696123025479 -0.5555702330195983 0
    outer loop
      vertex 35.66604201461159 36.27839900091831 0
      vertex 35.81865334794732 36.05 2
      vertex 35.66604201461159 36.27839900091831 2
    endloop
  endfacet
  facet normal -0.8968727415326794 -0.4422886902190197 0
    outer loop
      vertex 35.81865334794732 36.05 0
      vertex 35.940147018273706 35.803635207966686 2
      vertex 35.81865334794732 36.05 2
    endloop
  endfacet
  facet normal -0.9469301294951032 -0.3214394653031688 0
    outer loop
      vertex 35.940147018273706 35.803635207966686 0
      vertex 36.02844423520705 35.5435199947153 2
      vertex 35.940147018273706 35.803635207966686 2
    endloop
  endfacet
  facet normal -0.5555702330195983 -0.8314696123025479 0
    outer loop
      vertex 35.05 36.81865334794732 0
      vertex 35.27839900091831 36.66604201461159 2
      vertex 35.05 36.81865334794732 2
    endloop
  endfacet
  facet normal -0.7518398074789853 -0.6593458151000597 0
    outer loop
      vertex 35.48492424049175 36.48492424049175 0
      vertex 35.66604201461159 36.27839900091831 2
      vertex 35.48492424049175 36.48492424049175 2
    endloop
  endfacet
  facet normal -0.6593458151000597 -0.7518398074789853 0
    outer loop
      vertex 35.27839900091831 36.66604201461159 0
      vertex 35.48492424049175 36.48492424049175 2
      vertex 35.27839900091831 36.66604201461159 2
    endloop
  endfacet
  facet normal 0 0 -1
    outer loop
      vertex 0 0 0
      vertex 7.333957985388406 3.7216009990816863 0
      vertex 7.51507575950825 3.51507575950825 0
    endloop
  endfacet
  facet normal 0 0 -1
    outer loop
      vertex 0 0 0
      vertex 6.9715557647929565 4.456480005284707 0
      vertex 7.059852981726298 4.196364792033312 0
    endloop
  endfacet
  facet normal 0 0 -1
    outer loop
      vertex 0 0 0
      vertex 6.917965791114998 4.725894996337892 0
      vertex 6.9715557647929565 4.456480005284707 0
    endloop
  endfacet
  facet normal 0 0 -1
    outer loop
      vertex 0 0 0
      vertex 7.181346652052679 3.95 0
      vertex 7.333957985388406 3.7216009990816863 0
    endloop
  endfacet
  facet normal 0 0 -1
    outer loop
      vertex 0 0 0
      vertex 7.059852981726298 4.196364792033312 0
      vertex 7.181346652052679 3.95 0
    endloop
  endfacet
  facet normal 0 0 -1
    outer loop
      vertex 0 0 0
      vertex 6.9 5 0
      vertex 6.917965791114998 4.725894996337892 0
    endloop
  endfacet
  facet normal 0 0 -1
    outer loop
      vertex 0 0 0
      vertex 3 16 0
      vertex 6.9 5 0
    endloop
  endfacet
  facet normal 0 0 -1
    outer loop
      vertex 0 0 0
      vertex 7.721600999081686 3.3339579853884063 0
      vertex 7.95 3.181346652052679 0
    endloop
  endfacet
  facet normal 0 0 -1
    outer loop
      vertex 0 0 0
      vertex 7.51507575950825 3.51507575950825 0
      vertex 7.721600999081686 3.3339579853884063 0
    endloop
  endfacet
  facet normal 0 0 -1
    outer loop
      vertex 0 0 0
      vertex 7.95 3.181346652052679 0
      vertex 8.196364792033311 3.059852981726298 0
    endloop
  endfacet
  facet normal 0 0 -1
    outer loop
      vertex 0 0 0
      vertex 8.196364792033311 3.059852981726298 0
      vertex 8.456480005284707 2.9715557647929565 0
    endloop
  endfacet
  facet normal 0 0 -1
    outer loop
      vertex 0 0 0
      vertex 8.456480005284707 2.9715557647929565 0
      vertex 8.725894996337892 2.917965791114998 0
    endloop
  endfacet
  facet normal 0 0 -1
    outer loop
      vertex 6.9 5 0
      vertex 3 16 0
      vertex 6.917965791114998 5.274105003662108 0
    endloop
  endfacet
  facet normal 0 0 -1
    outer loop
      vertex 6.917965791114998 5.274105003662108 0
      vertex 3 16 0
      vertex 6.9715557647929565 5.543519994715293 0
    endloop
  endfacet
  facet normal 0 0 -1
    outer loop
      vertex 6.9715557647929565 5.543519994715293 0
      vertex 3 16 0
      vertex 7.059852981726298 5.803635207966688 0
    endloop
  endfacet
  facet normal 0 0 -1
    outer loop
      vertex 7.059852981726298 5.803635207966688 0
      vertex 3 16 0
      vertex 7.181346652052679 6.05 0
    endloop
  endfacet
  facet normal 0 0 -1
    outer loop
      vertex 7.181346652052679 6.05 0
      vertex 3 16 0
      vertex 7.333957985388406 6.278399000918314 0
    endloop
  endfacet
  facet normal 0 0 -1
    outer loop
      vertex 7.333957985388406 6.278399000918314 0
      vertex 3 16 0
      vertex 7.51507575950825 6.48492424049175 0
    endloop
  endfacet
  facet normal 0 0 -1
    outer loop
      vertex 7.51507575950825 6.48492424049175 0
      vertex 3 16 0
      vertex 7.721600999081686 6.666042014611594 0
    endloop
  endfacet
  facet normal 0 0 -1
    outer loop
      vertex 7.721600999081686 6.666042014611594 0
      vertex 3 16 0
      vertex 7.95 6.818653347947321 0
    endloop
  endfacet
  facet normal 0 0 -1
    outer loop
      vertex 7.95 6.818653347947321 0
      vertex 3 16 0
      vertex 8.196364792033311 6.940147018273702 0
    endloop
  endfacet
  facet normal 0 0 -1
    outer loop
      vertex 8.196364792033311 6.940147018273702 0
      vertex 3 16 0
      vertex 8.456480005284707 7.0284442352070435 0
    endloop
  endfacet
  facet normal 0 0 -1
    outer loop
      vertex 0 0 0
      vertex 0 16 0
      vertex 3 16 0
    endloop
  endfacet
  facet normal 0 0 -1
    outer loop
      vertex 8.456480005284707 7.0284442352070435 0
      vertex 3 16 0
      vertex 8.725894996337892 7.082034208885002 0
    endloop
  endfacet
  facet normal 0 0 -1
    outer loop
      vertex 8.725894996337892 7.082034208885002 0
      vertex 3 16 0
      vertex 9 7.1 0
    endloop
  endfacet
  facet normal 0 0 -1
    outer loop
      vertex 9 7.1 0
      vertex 3 16 0
      vertex 9.274105003662108 7.082034208885002 0
    endloop
  endfacet
  facet normal 0 0 -1
    outer loop
      vertex 9.274105003662108 7.082034208885002 0
      vertex 3 16 0
      vertex 9.543519994715293 7.0284442352070435 0
    endloop
  endfacet
  facet normal -1 0 0
    outer loop
      vertex 0 0 0
      vertex 0 16 2
      vertex 0 16 0
    endloop
  endfacet
  facet normal 0 1 0
    outer loop
      vertex 0 16 0
      vertex 3 16 2
      vertex 3 16 0
    endloop
  endfacet
  facet normal 0 0 -1
    outer loop
      vertex 0 0 0
      vertex 8.725894996337892 2.917965791114998 0
      vertex 40 0 0
    endloop
  endfacet
  facet normal 0 0 -1
    outer loop
      vertex 8.725894996337892 2.917965791114998 0
      vertex 9 2.9 0
      vertex 40 0 0
    endloop
  endfacet
  facet normal 0 0 -1
    outer loop
      vertex 9 2.9 0
      vertex 9.274105003662108 2.917965791114998 0
      vertex 40 0 0
    endloop
  endfacet
  facet normal 0 0 -1
    outer loop
      vertex 9.274105003662108 2.917965791114998 0
      vertex 9.543519994715293 2.9715557647929565 0
      vertex 40 0 0
    endloop
  endfacet
  facet normal 0 0 -1
    outer loop
      vertex 9.543519994715293 2.9715557647929565 0
      vertex 9.803635207966689 3.059852981726298 0
      vertex 40 0 0
    endloop
  endfacet
  facet normal 0 0 -1
    outer loop
      vertex 9.803635207966689 3.059852981726298 0
      vertex 10.05 3.181346652052679 0
      vertex 40 0 0
    endloop
  endfacet
  facet normal 0 0 -1
    outer loop
      vertex 9.543519994715293 7.0284442352070435 0
      vertex 40 0 0
      vertex 9.803635207966689 6.940147018273702 0
    endloop
  endfacet
  facet normal 0 0 -1
    outer loop
      vertex 9.803635207966689 6.940147018273702 0
      vertex 40 0 0
      vertex 10.05 6.818653347947321 0
    endloop
  endfacet
  facet normal 0 0 -1
    outer loop
      vertex 9.543519994715293 7.0284442352070435 0
      vertex 3 16 0
      vertex 40 0 0
    endloop
  endfacet
  facet normal 0 -1 0
    outer loop
      vertex 0 0 0
      vertex 40 0 0
      vertex 0 0 2
    endloop
  endfacet
  facet normal -1 0 0
    outer loop
      vertex 0 0 0
      vertex 0 0 2
      vertex 0 16 2
    endloop
  endfacet
  facet normal 0 0 1
    outer loop
      vertex 0 0 2
      vertex 7.51507575950825 3.51507575950825 2
      vertex 7.333957985388406 3.7216009990816863 2
    endloop
  endfacet
  facet normal 0 0 1
    outer loop
      vertex 0 0 2
      vertex 7.059852981726298 4.196364792033312 2
      vertex 6.9715557647929565 4.456480005284707 2
    endloop
  endfacet
  facet normal 0 0 1
    outer loop
      vertex 0 0 2
      vertex 6.9715557647929565 4.456480005284707 2
      vertex 6.917965791114998 4.725894996337892 2
    endloop
  endfacet
  facet normal 0 0 1
    outer loop
      vertex 0 0 2
      vertex 7.333957985388406 3.7216009990816863 2
      vertex 7.181346652052679 3.95 2
    endloop
  endfacet
  facet normal 0 0 1
    outer loop
      vertex 0 0 2
      vertex 7.181346652052679 3.95 2
      vertex 7.059852981726298 4.196364792033312 2
    endloop
  endfacet
  facet normal 0 0 1
    outer loop
      vertex 0 0 2
      vertex 6.917965791114998 4.725894996337892 2
      vertex 6.9 5 2
    endloop
  endfacet
  facet normal 0 0 1
    outer loop
      vertex 0 0 2
      vertex 6.9 5 2
      vertex 6.917965791114998 5.274105003662108 2
    endloop
  endfacet
  facet normal 0 0 1
    outer loop
      vertex 0 0 2
      vertex 6.917965791114998 5.274105003662108 2
      vertex 6.9715557647929565 5.543519994715293 2
    endloop
  endfacet
  facet normal 0 0 1
    outer loop
      vertex 0 0 2
      vertex 6.9715557647929565 5.543519994715293 2
      vertex 7.059852981726298 5.803635207966688 2
    endloop
  endfacet
  facet normal 0 0 1
    outer loop
      vertex 0 0 2
      vertex 7.059852981726298 5.803635207966688 2
      vertex 7.181346652052679 6.05 2
    endloop
  endfacet
  facet normal 0 0 1
    outer loop
      vertex 0 0 2
      vertex 7.181346652052679 6.05 2
      vertex 7.333957985388406 6.278399000918314 2
    endloop
  endfacet
  facet normal 0 0 1
    outer loop
      vertex 0 0 2
      vertex 7.333957985388406 6.278399000918314 2
      vertex 3 16 2
    endloop
  endfacet
  facet normal 0 0 1
    outer loop
      vertex 0 0 2
      vertex 7.95 3.181346652052679 2
      vertex 7.721600999081686 3.3339579853884063 2
    endloop
  endfacet
  facet normal 0 0 1
    outer loop
      vertex 0 0 2
      vertex 7.721600999081686 3.3339579853884063 2
      vertex 7.51507575950825 3.51507575950825 2
    endloop
  endfacet
  facet normal 0 0 1
    outer loop
      vertex 0 0 2
      vertex 8.196364792033311 3.059852981726298 2
      vertex 7.95 3.181346652052679 2
    endloop
  endfacet
  facet normal 0 0 1
    outer loop
      vertex 0 0 2
      vertex 8.456480005284707 2.9715557647929565 2
      vertex 8.196364792033311 3.059852981726298 2
    endloop
  endfacet
  facet normal 0 0 1
    outer loop
      vertex 0 0 2
      vertex 8.725894996337892 2.917965791114998 2
      vertex 8.456480005284707 2.9715557647929565 2
    endloop
  endfacet
  facet normal 0 0 1
    outer loop
      vertex 7.333957985388406 6.278399000918314 2
      vertex 7.51507575950825 6.48492424049175 2
      vertex 3 16 2
    endloop
  endfacet
  facet normal 0 0 1
    outer loop
      vertex 7.51507575950825 6.48492424049175 2
      vertex 7.721600999081686 6.666042014611594 2
      vertex 3 16 2
    endloop
  endfacet
  facet normal 0 0 1
    outer loop
      vertex 7.721600999081686 6.666042014611594 2
      vertex 7.95 6.818653347947321 2
      vertex 3 16 2
    endloop
  endfacet
  facet normal 0 0 1
    outer loop
      vertex 7.95 6.818653347947321 2
      vertex 8.196364792033311 6.940147018273702 2
      vertex 3 16 2
    endloop
  endfacet
  facet normal 0 0 1
    outer loop
      vertex 8.196364792033311 6.940147018273702 2
      vertex 8.456480005284707 7.0284442352070435 2
      vertex 3 16 2
    endloop
  endfacet
  facet normal 0 0 1
    outer loop
      vertex 9.543519994715293 7.0284442352070435 2
      vertex 9.803635207966689 6.940147018273702 2
      vertex 3 16 2
    endloop
  endfacet
  facet normal 0 0 1
    outer loop
      vertex 9.803635207966689 6.940147018273702 2
      vertex 10.05 6.818653347947321 2
      vertex 3 16 2
    endloop
  endfacet
  facet normal 0 0 1
    outer loop
      vertex 3 16 2
      vertex 10.05 6.818653347947321 2
      vertex 10.278399000918313 6.666042014611594 2
    endloop
  endfacet
  facet normal 0 0 1
    outer loop
      vertex 3 16 2
      vertex 10.48492424049175 6.48492424049175 2
      vertex 10.666042014611595 6.278399000918314 2
    endloop
  endfacet
  facet normal 0 0 1
    outer loop
      vertex 3 16 2
      vertex 10.278399000918313 6.666042014611594 2
      vertex 10.48492424049175 6.48492424049175 2
    endloop
  endfacet
  facet normal 0 1 0
    outer loop
      vertex 0 16 0
      vertex 0 16 2
      vertex 3 16 2
    endloop
  endfacet
  facet normal -1 0 0
    outer loop
      vertex 3 16 0
      vertex 3 16 2
      vertex 3 24 2
    endloop
  endfacet
  facet normal 0 0 1
    outer loop
      vertex 0 0 2
      vertex 3 16 2
      vertex 0 16 2
    endloop
  endfacet
  facet normal 0 0 1
    outer loop
      vertex 8.456480005284707 7.0284442352070435 2
      vertex 8.725894996337892 7.082034208885002 2
      vertex 3 16 2
    endloop
  endfacet
  facet normal 0 0 1
    outer loop
      vertex 8.725894996337892 7.082034208885002 2
      vertex 9 7.1 2
      vertex 3 16 2
    endloop
  endfacet
  facet normal 0 0 1
    outer loop
      vertex 9 7.1 2
      vertex 9.274105003662108 7.082034208885002 2
      vertex 3 16 2
    endloop
  endfacet
  facet normal 0 0 1
    outer loop
      vertex 9.274105003662108 7.082034208885002 2
      vertex 9.543519994715293 7.0284442352070435 2
      vertex 3 16 2
    endloop
  endfacet
  facet normal 0 0 1
    outer loop
      vertex 3 16 2
      vertex 10.073760002851486 19.709215998649597 2
      vertex 10.073760002851486 20.154080003499985 2
    endloop
  endfacet
  facet normal 0 0 1
    outer loop
      vertex 3 16 2
      vertex 12.23292800039053 18.804320000112057 2
      vertex 10.073760002851486 19.709215998649597 2
    endloop
  endfacet
  facet normal 0 0 1
    outer loop
      vertex 0 0 2
      vertex 40 0 2
      vertex 8.725894996337892 2.917965791114998 2
    endloop
  endfacet
  facet normal 0 0 1
    outer loop
      vertex 8.725894996337892 2.917965791114998 2
      vertex 40 0 2
      vertex 9 2.9 2
    endloop
  endfacet
  facet normal 0 0 1
    outer loop
      vertex 9 2.9 2
      vertex 40 0 2
      vertex 9.274105003662108 2.917965791114998 2
    endloop
  endfacet
  facet normal 0 0 1
    outer loop
      vertex 9.274105003662108 2.917965791114998 2
      vertex 40 0 2
      vertex 9.543519994715293 2.9715557647929565 2
    endloop
  endfacet
  facet normal 0 0 1
    outer loop
      vertex 9.543519994715293 2.9715557647929565 2
      vertex 40 0 2
      vertex 9.803635207966689 3.059852981726298 2
    endloop
  endfacet
  facet normal 0 0 1
    outer loop
      vertex 9.803635207966689 3.059852981726298 2
      vertex 40 0 2
      vertex 10.05 3.181346652052679 2
    endloop
  endfacet
  facet normal 0 0 1
    outer loop
      vertex 3 16 2
      vertex 10.666042014611595 6.278399000918314 2
      vertex 40 0 2
    endloop
  endfacet
  facet normal 0 0 1
    outer loop
      vertex 12.23292800039053 19.136320002377033 2
      vertex 12.23292800039053 20.726943999528885 2
      vertex 10.371040001511574 19.93273600190878 2
    endloop
  endfacet
  facet normal 0 0 1
    outer loop
      vertex 12.23292800039053 19.136320002377033 2
      vertex 14.049471996724606 18.470144003629684 2
      vertex 14.049471996724606 21.52768000215292 2
    endloop
  endfacet
  facet normal 0 0 1
    outer loop
      vertex 14.418367996811867 18.470144003629684 2
      vertex 15.397023998200893 18.470144003629684 2
      vertex 14.59628800302744 20.5533439964056 2
    endloop
  endfacet
  facet normal 0 0 1
    outer loop
      vertex 14.418367996811867 18.470144003629684 2
      vertex 14.59628800302744 20.5533439964056 2
      vertex 14.418367996811867 20.509952001273632 2
    endloop
  endfacet
  facet normal 0 0 1
    outer loop
      vertex 3 16 2
      vertex 32.51507575950825 6.48492424049175 2
      vertex 12.23292800039053 18.804320000112057 2
    endloop
  endfacet
  facet normal 0 0 1
    outer loop
      vertex 32.51507575950825 6.48492424049175 2
      vertex 12.23292800039053 19.136320002377033 2
      vertex 12.23292800039053 18.804320000112057 2
    endloop
  endfacet
  facet normal 0 0 1
    outer loop
      vertex 32.51507575950825 6.48492424049175 2
      vertex 14.049471996724606 18.470144003629684 2
      vertex 12.23292800039053 19.136320002377033 2
    endloop
  endfacet
  facet normal 0 0 1
    outer loop
      vertex 15.54030106216669 18.941761307418346 2
      vertex 15.544575996696949 18.921503998339176 2
      vertex 15.550315104424953 18.948145635426044 2
    endloop
  endfacet
  facet normal 0 0 1
    outer loop
      vertex 15.54030106216669 18.941761307418346 2
      vertex 15.550315104424953 18.948145635426044 2
      vertex 15.534918531775475 18.965340085327625 2
    endloop
  endfacet
  facet normal 0 0 1
    outer loop
      vertex 15.534918531775475 18.965340085327625 2
      vertex 15.557603262364864 18.978461384773254 2
      vertex 15.5284284055233 18.992240324616432 2
    endloop
  endfacet
  facet normal 0 0 1
    outer loop
      vertex 15.5284284055233 18.992240324616432 2
      vertex 15.566440492868423 19.012451268732548 2
      vertex 15.520830690860748 19.02246204018593 2
    endloop
  endfacet
  facet normal 0 0 1
    outer loop
      vertex 15.520830690860748 19.02246204018593 2
      vertex 15.576826773583889 19.050115264952183 2
      vertex 15.512125387787819 19.056005224585533 2
    endloop
  endfacet
  facet normal 0 0 1
    outer loop
      vertex 15.534918531775475 18.965340085327625 2
      vertex 15.550315104424953 18.948145635426044 2
      vertex 15.557603262364864 18.978461384773254 2
    endloop
  endfacet
  facet normal 0 0 1
    outer loop
      vertex 15.5284284055233 18.992240324616432 2
      vertex 15.557603262364864 18.978461384773254 2
      vertex 15.566440492868423 19.012451268732548 2
    endloop
  endfacet
  facet normal 0 0 1
    outer loop
      vertex 15.520830690860748 19.02246204018593 2
      vertex 15.566440492868423 19.012451268732548 2
      vertex 15.576826773583889 19.050115264952183 2
    endloop
  endfacet
  facet normal 0 0 1
    outer loop
      vertex 15.512125387787819 19.056005224585533 2
      vertex 15.588762119412422 19.09145338833332 2
      vertex 15.502312488853931 19.092869877815247 2
    endloop
  endfacet
  facet normal 0 0 1
    outer loop
      vertex 15.491392001509666 19.13305599987507 2
      vertex 15.502312488853931 19.092869877815247 2
      vertex 15.602246530354023 19.13646563142538 2
    endloop
  endfacet
  facet normal 0 0 1
    outer loop
      vertex 15.491392001509666 19.13305599987507 2
      vertex 15.602246530354023 19.13646563142538 2
      vertex 15.479860246181488 19.174535185098648 2
    endloop
  endfacet
  facet normal 0 0 1
    outer loop
      vertex 15.479860246181488 19.174535185098648 2
      vertex 15.61727999895811 19.185152001678944 2
      vertex 15.468195267021656 19.215260736644268 2
    endloop
  endfacet
  facet normal 0 0 1
    outer loop
      vertex 15.512125387787819 19.056005224585533 2
      vertex 15.576826773583889 19.050115264952183 2
      vertex 15.588762119412422 19.09145338833332 2
    endloop
  endfacet
  facet normal 0 0 1
    outer loop
      vertex 15.502312488853931 19.092869877815247 2
      vertex 15.588762119412422 19.09145338833332 2
      vertex 15.602246530354023 19.13646563142538 2
    endloop
  endfacet
  facet normal 0 0 1
    outer loop
      vertex 15.479860246181488 19.174535185098648 2
      vertex 15.602246530354023 19.13646563142538 2
      vertex 15.61727999895811 19.185152001678944 2
    endloop
  endfacet
  facet normal 0 0 1
    outer loop
      vertex 15.468195267021656 19.215260736644268 2
      vertex 15.61727999895811 19.185152001678944 2
      vertex 15.632357880473137 19.233005061745644 2
    endloop
  endfacet
  facet normal 0 0 1
    outer loop
      vertex 15.468195267021656 19.215260736644268 2
      vertex 15.632357880473137 19.233005061745644 2
      vertex 15.45639706403017 19.25523265451193 2
    endloop
  endfacet
  facet normal 0 0 1
    outer loop
      vertex 15.45639706403017 19.25523265451193 2
      vertex 15.64597550779581 19.27549910545349 2
      vertex 15.44446562975645 19.29445093870163 2
    endloop
  endfacet
  facet normal 0 0 1
    outer loop
      vertex 15.432400979101658 19.33291558921337 2
      vertex 15.668830037117004 19.344410121440887 2
      vertex 15.420203104615211 19.370626613497734 2
    endloop
  endfacet
  facet normal 0 0 1
    outer loop
      vertex 15.44446562975645 19.29445093870163 2
      vertex 15.658132895827293 19.312634125351906 2
      vertex 15.432400979101658 19.33291558921337 2
    endloop
  endfacet
  facet normal 0 0 1
    outer loop
      vertex 15.45639706403017 19.25523265451193 2
      vertex 15.632357880473137 19.233005061745644 2
      vertex 15.64597550779581 19.27549910545349 2
    endloop
  endfacet
  facet normal 0 0 1
    outer loop
      vertex 15.44446562975645 19.29445093870163 2
      vertex 15.64597550779581 19.27549910545349 2
      vertex 15.658132895827293 19.312634125351906 2
    endloop
  endfacet
  facet normal 0 0 1
    outer loop
      vertex 15.432400979101658 19.33291558921337 2
      vertex 15.658132895827293 19.312634125351906 2
      vertex 15.668830037117004 19.344410121440887 2
    endloop
  endfacet
  facet normal 0 0 1
    outer loop
      vertex 15.420203104615211 19.370626613497734 2
      vertex 15.668830037117004 19.344410121440887 2
      vertex 15.678066939115524 19.370827101171017 2
    endloop
  endfacet
  facet normal 0 0 1
    outer loop
      vertex 15.420203104615211 19.370626613497734 2
      vertex 15.678066939115524 19.370827101171017 2
      vertex 15.407871998846531 19.407583996653557 2
    endloop
  endfacet
  facet normal 0 0 1
    outer loop
      vertex 15.407871998846531 19.407583996653557 2
      vertex 15.678066939115524 19.370827101171017 2
      vertex 15.685843594372272 19.391885064542294 2
    endloop
  endfacet
  facet normal 0 0 1
    outer loop
      vertex 15.407871998846531 19.407583996653557 2
      vertex 15.685843594372272 19.391885064542294 2
      vertex 15.692160002887249 19.407583996653557 2
    endloop
  endfacet
  facet normal 0 0 1
    outer loop
      vertex 15.687807999551296 18.470144003629684 2
      vertex 16.649120002985 18.470144003629684 2
      vertex 16.477696001529694 20.5533439964056 2
    endloop
  endfacet
  facet normal 0 0 1
    outer loop
      vertex 16.649120002985 18.470144003629684 2
      vertex 16.649120002985 20.509952001273632 2
      vertex 16.477696001529694 20.5533439964056 2
    endloop
  endfacet
  facet normal 0 0 1
    outer loop
      vertex 17.022367998957634 18.470144003629684 2
      vertex 17.729979425668716 19.27564211934805 2
      vertex 17.68954971432686 19.386248491704464 2
    endloop
  endfacet
  facet normal 0 0 1
    outer loop
      vertex 17.022367998957634 18.470144003629684 2
      vertex 17.68954971432686 19.386248491704464 2
      vertex 17.656470857560635 19.501771099865437 2
    endloop
  endfacet
  facet normal 0 0 1
    outer loop
      vertex 17.022367998957634 18.470144003629684 2
      vertex 17.656470857560635 19.501771099865437 2
      vertex 17.630742855370045 19.622209958732128 2
    endloop
  endfacet
  facet normal 0 0 1
    outer loop
      vertex 17.022367998957634 18.470144003629684 2
      vertex 17.630742855370045 19.622209958732128 2
      vertex 17.61236571520567 19.747565060853958 2
    endloop
  endfacet
  facet normal 0 0 1
    outer loop
      vertex 17.022367998957634 18.470144003629684 2
      vertex 17.61236571520567 19.747565060853958 2
      vertex 17.601339429616928 19.877836406230927 2
    endloop
  endfacet
  facet normal 0 0 1
    outer loop
      vertex 17.022367998957634 18.470144003629684 2
      vertex 17.601339429616928 19.877836406230927 2
      vertex 17.59766399860382 20.013024002313614 2
    endloop
  endfacet
  facet normal 0 0 1
    outer loop
      vertex 17.022367998957634 18.470144003629684 2
      vertex 17.59766399860382 20.013024002313614 2
      vertex 17.605856649577618 20.21604637056589 2
    endloop
  endfacet
  facet normal 0 0 1
    outer loop
      vertex 17.022367998957634 18.470144003629684 2
      vertex 18.036398366093636 18.812670037150383 2
      vertex 17.96184293925762 18.89156375825405 2
    endloop
  endfacet
  facet normal 0 0 1
    outer loop
      vertex 17.022367998957634 18.470144003629684 2
      vertex 18.117551021277905 18.74072750657797 2
      vertex 18.036398366093636 18.812670037150383 2
    endloop
  endfacet
  facet normal 0 0 1
    outer loop
      vertex 17.022367998957634 18.470144003629684 2
      vertex 18.205300897359848 18.675736166536808 2
      vertex 18.117551021277905 18.74072750657797 2
    endloop
  endfacet
  facet normal 0 0 1
    outer loop
      vertex 17.022367998957634 18.470144003629684 2
      vertex 18.299648001790047 18.61769600212574 2
      vertex 18.205300897359848 18.675736166536808 2
    endloop
  endfacet
  facet normal 0 0 1
    outer loop
      vertex 17.022367998957634 18.470144003629684 2
      vertex 18.39993730932474 18.567037388682365 2
      vertex 18.299648001790047 18.61769600212574 2
    endloop
  endfacet
  facet normal 0 0 1
    outer loop
      vertex 17.022367998957634 18.470144003629684 2
      vertex 18.505495510995388 18.52417241036892 2
      vertex 18.39993730932474 18.567037388682365 2
    endloop
  endfacet
  facet normal 0 0 1
    outer loop
      vertex 17.022367998957634 18.470144003629684 2
      vertex 17.8325237557292 19.070204734802246 2
      vertex 17.77775999903679 19.169951997697353 2
    endloop
  endfacet
  facet normal 0 0 1
    outer loop
      vertex 17.022367998957634 18.470144003629684 2
      vertex 17.96184293925762 18.89156375825405 2
      vertex 17.893884733319283 18.977408654987812 2
    endloop
  endfacet
  facet normal 0 0 1
    outer loop
      vertex 17.022367998957634 18.470144003629684 2
      vertex 17.893884733319283 18.977408654987812 2
      vertex 17.8325237557292 19.070204734802246 2
    endloop
  endfacet
  facet normal 0 0 1
    outer loop
      vertex 17.022367998957634 18.470144003629684 2
      vertex 17.77775999903679 19.169951997697353 2
      vertex 17.729979425668716 19.27564211934805 2
    endloop
  endfacet
  facet normal 0 0 1
    outer loop
      vertex 18.395674124360085 19.010995589196682 2
      vertex 20.202380411326885 19.848032653331757 2
      vertex 18.308320000767708 19.100511997938156 2
    endloop
  endfacet
  facet normal 0 0 1
    outer loop
      vertex 18.492195919156075 18.93525093793869 2
      vertex 20.202380411326885 19.848032653331757 2
      vertex 18.395674124360085 19.010995589196682 2
    endloop
  endfacet
  facet normal 0 0 1
    outer loop
      vertex 18.712742529809475 18.825076900422573 2
      vertex 20.202380411326885 19.848032653331757 2
      vertex 18.597885385155678 18.87327804416418 2
    endloop
  endfacet
  facet normal 0 0 1
    outer loop
      vertex 18.597885385155678 18.87327804416418 2
      vertex 20.202380411326885 19.848032653331757 2
      vertex 18.492195919156075 18.93525093793869 2
    endloop
  endfacet
  facet normal 0 0 1
    outer loop
      vertex 18.712742529809475 18.825076900422573 2
      vertex 18.836767345666885 18.790647506713867 2
      vertex 20.202380411326885 19.848032653331757 2
    endloop
  endfacet
  facet normal 0 0 1
    outer loop
      vertex 18.96995984017849 18.769989877939224 2
      vertex 20.202380411326885 19.848032653331757 2
      vertex 18.836767345666885 18.790647506713867 2
    endloop
  endfacet
  facet normal 0 0 1
    outer loop
      vertex 18.231461875140667 19.201773062348366 2
      vertex 20.202380411326885 19.848032653331757 2
      vertex 18.166428081691265 19.3127333894372 2
    endloop
  endfacet
  facet normal 0 0 1
    outer loop
      vertex 18.11321861296892 19.433392979204655 2
      vertex 18.166428081691265 19.3127333894372 2
      vertex 20.202380411326885 19.848032653331757 2
    endloop
  endfacet
  facet normal 0 0 1
    outer loop
      vertex 18.11321861296892 19.433392979204655 2
      vertex 20.202380411326885 19.848032653331757 2
      vertex 18.071833468973637 19.563751839101315 2
    endloop
  endfacet
  facet normal 0 0 1
    outer loop
      vertex 18.308320000767708 19.100511997938156 2
      vertex 20.202380411326885 19.848032653331757 2
      vertex 18.231461875140667 19.201773062348366 2
    endloop
  endfacet
  facet normal 0 0 1
    outer loop
      vertex 18.071833468973637 19.563751839101315 2
      vertex 20.202380411326885 19.848032653331757 2
      vertex 18.04227264970541 19.703809961676598 2
    endloop
  endfacet
  facet normal 0 0 1
    outer loop
      vertex 18.04227264970541 19.703809961676598 2
      vertex 20.202380411326885 19.848032653331757 2
      vertex 18.024536162614822 19.853567346930504 2
    endloop
  endfacet
  facet normal 0 0 1
    outer loop
      vertex 18.024536162614822 19.853567346930504 2
      vertex 20.208159998059273 20.013024002313614 2
      vertex 18.018624000251293 20.013024002313614 2
    endloop
  endfacet
  facet normal 0 0 1
    outer loop
      vertex 19.112319998443127 18.763103999197483 2
      vertex 19.258571103215218 18.769768491387367 2
      vertex 20.1561436727643 19.55113273113966 2
    endloop
  endfacet
  facet normal 0 0 1
    outer loop
      vertex 19.258571103215218 18.769768491387367 2
      vertex 19.394768983125687 18.78976196050644 2
      vertex 20.115686528384686 19.41922416538 2
    endloop
  endfacet
  facet normal 0 0 1
    outer loop
      vertex 19.394768983125687 18.78976196050644 2
      vertex 19.520913630723953 18.8230844065547 2
      vertex 20.063670203089714 19.298343181610107 2
    endloop
  endfacet
  facet normal 0 0 1
    outer loop
      vertex 18.96995984017849 18.769989877939224 2
      vertex 19.112319998443127 18.763103999197483 2
      vertex 20.18504163622856 19.694068901240826 2
    endloop
  endfacet
  facet normal 0 0 1
    outer loop
      vertex 19.520913630723953 18.8230844065547 2
      vertex 19.63700506091118 18.869735836982727 2
      vertex 19.924960002303123 19.08966399729252 2
    endloop
  endfacet
  facet normal 0 0 1
    outer loop
      vertex 19.63700506091118 18.869735836982727 2
      vertex 19.743043266236782 18.929716244339943 2
      vertex 19.839028246700764 19.003025636076927 2
    endloop
  endfacet
  facet normal 0 0 1
    outer loop
      vertex 19.63700506091118 18.869735836982727 2
      vertex 19.839028246700764 19.003025636076927 2
      vertex 19.924960002303123 19.08966399729252 2
    endloop
  endfacet
  facet normal 0 0 1
    outer loop
      vertex 19.520913630723953 18.8230844065547 2
      vertex 19.924960002303123 19.08966399729252 2
      vertex 20.000094696879387 19.18848979473114 2
    endloop
  endfacet
  facet normal 0 0 1
    outer loop
      vertex 19.258571103215218 18.769768491387367 2
      vertex 20.115686528384686 19.41922416538 2
      vertex 20.1561436727643 19.55113273113966 2
    endloop
  endfacet
  facet normal 0 0 1
    outer loop
      vertex 19.112319998443127 18.763103999197483 2
      vertex 20.1561436727643 19.55113273113966 2
      vertex 20.18504163622856 19.694068901240826 2
    endloop
  endfacet
  facet normal 0 0 1
    outer loop
      vertex 19.520913630723953 18.8230844065547 2
      vertex 20.000094696879387 19.18848979473114 2
      vertex 20.063670203089714 19.298343181610107 2
    endloop
  endfacet
  facet normal 0 0 1
    outer loop
      vertex 19.394768983125687 18.78976196050644 2
      vertex 20.063670203089714 19.298343181610107 2
      vertex 20.115686528384686 19.41922416538 2
    endloop
  endfacet
  facet normal 0 0 1
    outer loop
      vertex 18.024536162614822 19.853567346930504 2
      vertex 20.202380411326885 19.848032653331757 2
      vertex 20.208159998059273 20.013024002313614 2
    endloop
  endfacet
  facet normal 0 0 1
    outer loop
      vertex 18.96995984017849 18.769989877939224 2
      vertex 20.18504163622856 19.694068901240826 2
      vertex 20.202380411326885 19.848032653331757 2
    endloop
  endfacet
  facet normal 0 0 -1
    outer loop
      vertex 0 24 0
      vertex 0 40 0
      vertex 3 24 0
    endloop
  endfacet
  facet normal 0 0 -1
    outer loop
      vertex 3 24 0
      vertex 8.456480005284707 32.97155576479295 0
      vertex 8.725894996337892 32.917965791114995 0
    endloop
  endfacet
  facet normal 0 0 -1
    outer loop
      vertex 3 24 0
      vertex 8.725894996337892 32.917965791114995 0
      vertex 9 32.9 0
    endloop
  endfacet
  facet normal 0 0 -1
    outer loop
      vertex 3 24 0
      vertex 9 32.9 0
      vertex 9.274105003662108 32.917965791114995 0
    endloop
  endfacet
  facet normal 0 0 -1
    outer loop
      vertex 3 24 0
      vertex 9.274105003662108 32.917965791114995 0
      vertex 9.543519994715293 32.97155576479295 0
    endloop
  endfacet
  facet normal 0 -1 0
    outer loop
      vertex 0 24 0
      vertex 3 24 0
      vertex 0 24 2
    endloop
  endfacet
  facet normal -1 0 0
    outer loop
      vertex 3 16 0
      vertex 3 24 2
      vertex 3 24 0
    endloop
  endfacet
  facet normal 0 0 -1
    outer loop
      vertex 3 24 0
      vertex 0 40 0
      vertex 6.9 35 0
    endloop
  endfacet
  facet normal 0 0 -1
    outer loop
      vertex 0 40 0
      vertex 6.917965791114998 35.27410500366211 0
      vertex 6.9 35 0
    endloop
  endfacet
  facet normal 0 0 -1
    outer loop
      vertex 0 40 0
      vertex 6.9715557647929565 35.5435199947153 0
      vertex 6.917965791114998 35.27410500366211 0
    endloop
  endfacet
  facet normal 0 0 -1
    outer loop
      vertex 0 40 0
      vertex 7.059852981726298 35.803635207966686 0
      vertex 6.9715557647929565 35.5435199947153 0
    endloop
  endfacet
  facet normal 0 0 -1
    outer loop
      vertex 0 40 0
      vertex 7.181346652052679 36.05 0
      vertex 7.059852981726298 35.803635207966686 0
    endloop
  endfacet
  facet normal 0 0 -1
    outer loop
      vertex 0 40 0
      vertex 7.333957985388406 36.27839900091831 0
      vertex 7.181346652052679 36.05 0
    endloop
  endfacet
  facet normal 0 0 -1
    outer loop
      vertex 0 40 0
      vertex 7.51507575950825 36.48492424049175 0
      vertex 7.333957985388406 36.27839900091831 0
    endloop
  endfacet
  facet normal 0 0 -1
    outer loop
      vertex 3 24 0
      vertex 6.9 35 0
      vertex 6.917965791114998 34.72589499633789 0
    endloop
  endfacet
  facet normal 0 0 -1
    outer loop
      vertex 3 24 0
      vertex 7.181346652052679 33.95 0
      vertex 7.333957985388406 33.72160099908169 0
    endloop
  endfacet
  facet normal 0 0 -1
    outer loop
      vertex 3 24 0
      vertex 7.51507575950825 33.51507575950825 0
      vertex 7.721600999081686 33.33395798538841 0
    endloop
  endfacet
  facet normal 0 0 -1
    outer loop
      vertex 3 24 0
      vertex 7.721600999081686 33.33395798538841 0
      vertex 7.95 33.18134665205268 0
    endloop
  endfacet
  facet normal 0 0 -1
    outer loop
      vertex 3 24 0
      vertex 7.333957985388406 33.72160099908169 0
      vertex 7.51507575950825 33.51507575950825 0
    endloop
  endfacet
  facet normal 0 0 -1
    outer loop
      vertex 3 24 0
      vertex 7.059852981726298 34.196364792033314 0
      vertex 7.181346652052679 33.95 0
    endloop
  endfacet
  facet normal 0 0 -1
    outer loop
      vertex 3 24 0
      vertex 6.9715557647929565 34.4564800052847 0
      vertex 7.059852981726298 34.196364792033314 0
    endloop
  endfacet
  facet normal 0 0 -1
    outer loop
      vertex 3 24 0
      vertex 6.917965791114998 34.72589499633789 0
      vertex 6.9715557647929565 34.4564800052847 0
    endloop
  endfacet
  facet normal 0 0 -1
    outer loop
      vertex 3 24 0
      vertex 7.95 33.18134665205268 0
      vertex 8.196364792033311 33.059852981726294 0
    endloop
  endfacet
  facet normal 0 0 -1
    outer loop
      vertex 3 24 0
      vertex 8.196364792033311 33.059852981726294 0
      vertex 8.456480005284707 32.97155576479295 0
    endloop
  endfacet
  facet normal 0 0 -1
    outer loop
      vertex 0 40 0
      vertex 7.721600999081686 36.66604201461159 0
      vertex 7.51507575950825 36.48492424049175 0
    endloop
  endfacet
  facet normal 0 0 -1
    outer loop
      vertex 0 40 0
      vertex 7.95 36.81865334794732 0
      vertex 7.721600999081686 36.66604201461159 0
    endloop
  endfacet
  facet normal 0 0 -1
    outer loop
      vertex 0 40 0
      vertex 8.196364792033311 36.940147018273706 0
      vertex 7.95 36.81865334794732 0
    endloop
  endfacet
  facet normal 0 0 -1
    outer loop
      vertex 0 40 0
      vertex 8.456480005284707 37.02844423520705 0
      vertex 8.196364792033311 36.940147018273706 0
    endloop
  endfacet
  facet normal 0 0 -1
    outer loop
      vertex 0 40 0
      vertex 8.725894996337892 37.082034208885005 0
      vertex 8.456480005284707 37.02844423520705 0
    endloop
  endfacet
  facet normal -1 0 0
    outer loop
      vertex 0 24 0
      vertex 0 40 2
      vertex 0 40 0
    endloop
  endfacet
  facet normal 0 0 -1
    outer loop
      vertex 3 16 0
      vertex 3 24 0
      vertex 31.917965791114998 34.72589499633789 0
    endloop
  endfacet
  facet normal 0 0 -1
    outer loop
      vertex 3 24 0
      vertex 9.543519994715293 32.97155576479295 0
      vertex 40 40 0
    endloop
  endfacet
  facet normal 0 0 -1
    outer loop
      vertex 0 40 0
      vertex 40 40 0
      vertex 8.725894996337892 37.082034208885005 0
    endloop
  endfacet
  facet normal 0 0 -1
    outer loop
      vertex 9.543519994715293 32.97155576479295 0
      vertex 9.803635207966689 33.059852981726294 0
      vertex 40 40 0
    endloop
  endfacet
  facet normal 0 0 -1
    outer loop
      vertex 9.803635207966689 33.059852981726294 0
      vertex 10.05 33.18134665205268 0
      vertex 40 40 0
    endloop
  endfacet
  facet normal 0 0 -1
    outer loop
      vertex 8.725894996337892 37.082034208885005 0
      vertex 40 40 0
      vertex 9 37.1 0
    endloop
  endfacet
  facet normal 0 0 -1
    outer loop
      vertex 9 37.1 0
      vertex 40 40 0
      vertex 9.274105003662108 37.082034208885005 0
    endloop
  endfacet
  facet normal 0 0 -1
    outer loop
      vertex 9.274105003662108 37.082034208885005 0
      vertex 40 40 0
      vertex 9.543519994715293 37.02844423520705 0
    endloop
  endfacet
  facet normal 0 0 -1
    outer loop
      vertex 9.543519994715293 37.02844423520705 0
      vertex 40 40 0
      vertex 9.803635207966689 36.940147018273706 0
    endloop
  endfacet
  facet normal 0 0 -1
    outer loop
      vertex 9.803635207966689 36.940147018273706 0
      vertex 40 40 0
      vertex 10.05 36.81865334794732 0
    endloop
  endfacet
  facet normal 0 -1 0
    outer loop
      vertex 3 24 0
      vertex 3 24 2
      vertex 0 24 2
    endloop
  endfacet
  facet normal -1 0 0
    outer loop
      vertex 0 24 0
      vertex 0 24 2
      vertex 0 40 2
    endloop
  endfacet
  facet normal 0 0 1
    outer loop
      vertex 0 24 2
      vertex 3 24 2
      vertex 0 40 2
    endloop
  endfacet
  facet normal 0 0 1
    outer loop
      vertex 3 24 2
      vertex 8.725894996337892 32.917965791114995 2
      vertex 8.456480005284707 32.97155576479295 2
    endloop
  endfacet
  facet normal 0 0 1
    outer loop
      vertex 3 24 2
      vertex 9 32.9 2
      vertex 8.725894996337892 32.917965791114995 2
    endloop
  endfacet
  facet normal 0 0 1
    outer loop
      vertex 3 24 2
      vertex 9.274105003662108 32.917965791114995 2
      vertex 9 32.9 2
    endloop
  endfacet
  facet normal 0 0 1
    outer loop
      vertex 3 24 2
      vertex 9.543519994715293 32.97155576479295 2
      vertex 9.274105003662108 32.917965791114995 2
    endloop
  endfacet
  facet normal 0 0 1
    outer loop
      vertex 3 24 2
      vertex 7.333957985388406 33.72160099908169 2
      vertex 0 40 2
    endloop
  endfacet
  facet normal 0 0 1
    outer loop
      vertex 0 40 2
      vertex 7.059852981726298 34.196364792033314 2
      vertex 6.9715557647929565 34.4564800052847 2
    endloop
  endfacet
  facet normal 0 0 1
    outer loop
      vertex 0 40 2
      vertex 7.333957985388406 33.72160099908169 2
      vertex 7.181346652052679 33.95 2
    endloop
  endfacet
  facet normal 0 0 1
    outer loop
      vertex 0 40 2
      vertex 7.181346652052679 33.95 2
      vertex 7.059852981726298 34.196364792033314 2
    endloop
  endfacet
  facet normal 0 0 1
    outer loop
      vertex 0 40 2
      vertex 6.9715557647929565 34.4564800052847 2
      vertex 6.917965791114998 34.72589499633789 2
    endloop
  endfacet
  facet normal 0 0 1
    outer loop
      vertex 0 40 2
      vertex 6.917965791114998 34.72589499633789 2
      vertex 6.9 35 2
    endloop
  endfacet
  facet normal 0 0 1
    outer loop
      vertex 0 40 2
      vertex 6.9 35 2
      vertex 6.917965791114998 35.27410500366211 2
    endloop
  endfacet
  facet normal 0 0 1
    outer loop
      vertex 0 40 2
      vertex 6.917965791114998 35.27410500366211 2
      vertex 6.9715557647929565 35.5435199947153 2
    endloop
  endfacet
  facet normal 0 0 1
    outer loop
      vertex 0 40 2
      vertex 6.9715557647929565 35.5435199947153 2
      vertex 7.059852981726298 35.803635207966686 2
    endloop
  endfacet
  facet normal 0 0 1
    outer loop
      vertex 0 40 2
      vertex 7.059852981726298 35.803635207966686 2
      vertex 7.181346652052679 36.05 2
    endloop
  endfacet
  facet normal 0 0 1
    outer loop
      vertex 0 40 2
      vertex 7.181346652052679 36.05 2
      vertex 7.333957985388406 36.27839900091831 2
    endloop
  endfacet
  facet normal 0 0 1
    outer loop
      vertex 0 40 2
      vertex 7.333957985388406 36.27839900091831 2
      vertex 7.51507575950825 36.48492424049175 2
    endloop
  endfacet
  facet normal 0 0 1
    outer loop
      vertex 3 24 2
      vertex 7.721600999081686 33.33395798538841 2
      vertex 7.51507575950825 33.51507575950825 2
    endloop
  endfacet
  facet normal 0 0 1
    outer loop
      vertex 3 24 2
      vertex 7.95 33.18134665205268 2
      vertex 7.721600999081686 33.33395798538841 2
    endloop
  endfacet
  facet normal 0 0 1
    outer loop
      vertex 3 24 2
      vertex 7.51507575950825 33.51507575950825 2
      vertex 7.333957985388406 33.72160099908169 2
    endloop
  endfacet
  facet normal 0 0 1
    outer loop
      vertex 3 24 2
      vertex 8.196364792033311 33.059852981726294 2
      vertex 7.95 33.18134665205268 2
    endloop
  endfacet
  facet normal 0 0 1
    outer loop
      vertex 3 24 2
      vertex 8.456480005284707 32.97155576479295 2
      vertex 8.196364792033311 33.059852981726294 2
    endloop
  endfacet
  facet normal 0 0 1
    outer loop
      vertex 3 24 2
      vertex 9.803635207966689 33.059852981726294 2
      vertex 9.543519994715293 32.97155576479295 2
    endloop
  endfacet
  facet normal 0 0 1
    outer loop
      vertex 3 24 2
      vertex 10.05 33.18134665205268 2
      vertex 9.803635207966689 33.059852981726294 2
    endloop
  endfacet
  facet normal 0 0 1
    outer loop
      vertex 3 24 2
      vertex 10.278399000918313 33.33395798538841 2
      vertex 10.05 33.18134665205268 2
    endloop
  endfacet
  facet normal 0 0 1
    outer loop
      vertex 3 24 2
      vertex 10.48492424049175 33.51507575950825 2
      vertex 10.278399000918313 33.33395798538841 2
    endloop
  endfacet
  facet normal 0 0 1
    outer loop
      vertex 3 24 2
      vertex 10.666042014611595 33.72160099908169 2
      vertex 10.48492424049175 33.51507575950825 2
    endloop
  endfacet
  facet normal 0 0 1
    outer loop
      vertex 0 40 2
      vertex 7.51507575950825 36.48492424049175 2
      vertex 7.721600999081686 36.66604201461159 2
    endloop
  endfacet
  facet normal 0 0 1
    outer loop
      vertex 0 40 2
      vertex 7.721600999081686 36.66604201461159 2
      vertex 7.95 36.81865334794732 2
    endloop
  endfacet
  facet normal 0 0 1
    outer loop
      vertex 0 40 2
      vertex 7.95 36.81865334794732 2
      vertex 8.196364792033311 36.940147018273706 2
    endloop
  endfacet
  facet normal 0 0 1
    outer loop
      vertex 0 40 2
      vertex 8.196364792033311 36.940147018273706 2
      vertex 8.456480005284707 37.02844423520705 2
    endloop
  endfacet
  facet normal 0 0 1
    outer loop
      vertex 0 40 2
      vertex 8.456480005284707 37.02844423520705 2
      vertex 8.725894996337892 37.082034208885005 2
    endloop
  endfacet
  facet normal 0 0 1
    outer loop
      vertex 12.23292800039053 19.136320002377033 2
      vertex 14.049471996724606 21.52768000215292 2
      vertex 12.23292800039053 20.726943999528885 2
    endloop
  endfacet
  facet normal 0 0 1
    outer loop
      vertex 14.418367996811867 20.509952001273632 2
      vertex 14.59628800302744 20.5533439964056 2
      vertex 14.47478400170803 20.922239996492863 2
    endloop
  endfacet
  facet normal 0 0 1
    outer loop
      vertex 14.418367996811867 20.509952001273632 2
      vertex 14.47478400170803 20.922239996492863 2
      vertex 14.409663997590542 20.920064002275467 2
    endloop
  endfacet
  facet normal 0 0 1
    outer loop
      vertex 14.409663997590542 20.920064002275467 2
      vertex 14.47478400170803 20.922239996492863 2
      vertex 14.403168000280857 21.160959996283054 2
    endloop
  endfacet
  facet normal 0 0 1
    outer loop
      vertex 3 16 2
      vertex 31.9 35 2
      vertex 3 24 2
    endloop
  endfacet
  facet normal 0 0 1
    outer loop
      vertex 15.407871998846531 19.407583996653557 2
      vertex 16.490719996392727 21.52768000215292 2
      vertex 14.594112001359463 21.52768000215292 2
    endloop
  endfacet
  facet normal 0 0 1
    outer loop
      vertex 15.407871998846531 19.407583996653557 2
      vertex 15.692160002887249 19.407583996653557 2
      vertex 16.490719996392727 21.52768000215292 2
    endloop
  endfacet
  facet normal 0 0 1
    outer loop
      vertex 16.477696001529694 20.5533439964056 2
      vertex 16.649120002985 20.509952001273632 2
      vertex 16.502313144505024 20.619418121874332 2
    endloop
  endfacet
  facet normal 0 0 1
    outer loop
      vertex 16.502313144505024 20.619418121874332 2
      vertex 16.649120002985 20.509952001273632 2
      vertex 16.649518370628357 20.606142692267895 2
    endloop
  endfacet
  facet normal 0 0 1
    outer loop
      vertex 16.502313144505024 20.619418121874332 2
      vertex 16.649518370628357 20.606142692267895 2
      vertex 16.527817144989967 20.692401632666588 2
    endloop
  endfacet
  facet normal 0 0 1
    outer loop
      vertex 16.527817144989967 20.692401632666588 2
      vertex 16.649518370628357 20.606142692267895 2
      vertex 16.650713466107845 20.701270207762718 2
    endloop
  endfacet
  facet normal 0 0 1
    outer loop
      vertex 16.527817144989967 20.692401632666588 2
      vertex 16.650713466107845 20.701270207762718 2
      vertex 16.554208002984524 20.772294528782368 2
    endloop
  endfacet
  facet normal 0 0 1
    outer loop
      vertex 16.554208002984524 20.772294528782368 2
      vertex 16.650713466107845 20.701270207762718 2
      vertex 16.652705304324627 20.79533453285694 2
    endloop
  endfacet
  facet normal 0 0 1
    outer loop
      vertex 16.554208002984524 20.772294528782368 2
      vertex 16.652705304324627 20.79533453285694 2
      vertex 16.581485711038113 20.859096817672253 2
    endloop
  endfacet
  facet normal 0 0 1
    outer loop
      vertex 16.581485711038113 20.859096817672253 2
      vertex 16.652705304324627 20.79533453285694 2
      vertex 16.65549387782812 20.888335675001144 2
    endloop
  endfacet
  facet normal 0 0 1
    outer loop
      vertex 16.581485711038113 20.859096817672253 2
      vertex 16.65549387782812 20.888335675001144 2
      vertex 16.609650284051895 20.952808491885662 2
    endloop
  endfacet
  facet normal 0 0 1
    outer loop
      vertex 16.609650284051895 20.952808491885662 2
      vertex 16.659079186618328 20.980273634195328 2
      vertex 16.63870171457529 21.053429551422596 2
    endloop
  endfacet
  facet normal 0 0 1
    outer loop
      vertex 16.609650284051895 20.952808491885662 2
      vertex 16.65549387782812 20.888335675001144 2
      vertex 16.659079186618328 20.980273634195328 2
    endloop
  endfacet
  facet normal 0 0 1
    outer loop
      vertex 16.63870171457529 21.053429551422596 2
      vertex 16.659079186618328 20.980273634195328 2
      vertex 16.663461223244667 21.07114841043949 2
    endloop
  endfacet
  facet normal 0 0 1
    outer loop
      vertex 16.63870171457529 21.053429551422596 2
      vertex 16.663461223244667 21.07114841043949 2
      vertex 16.6686400026083 21.160959996283054 2
    endloop
  endfacet
  facet normal 0 0 1
    outer loop
      vertex 17.022367998957634 18.470144003629684 2
      vertex 17.605856649577618 20.21604637056589 2
      vertex 17.022367998957634 21.52768000215292 2
    endloop
  endfacet
  facet normal 0 0 1
    outer loop
      vertex 17.605856649577618 20.21604637056589 2
      vertex 17.63043460994959 20.406004898250103 2
      vertex 17.022367998957634 21.52768000215292 2
    endloop
  endfacet
  facet normal 0 0 1
    outer loop
      vertex 17.63043460994959 20.406004898250103 2
      vertex 17.671397879719734 20.58289959281683 2
      vertex 17.022367998957634 21.52768000215292 2
    endloop
  endfacet
  facet normal 0 0 1
    outer loop
      vertex 17.671397879719734 20.58289959281683 2
      vertex 17.728746451437473 20.74673044681549 2
      vertex 17.022367998957634 21.52768000215292 2
    endloop
  endfacet
  facet normal 0 0 1
    outer loop
      vertex 3 16 2
      vertex 10.073760002851486 20.154080003499985 2
      vertex 32.51507575950825 33.51507575950825 2
    endloop
  endfacet
  facet normal 0 0 1
    outer loop
      vertex 17.728746451437473 20.74673044681549 2
      vertex 17.802480325102806 20.897497467696667 2
      vertex 17.022367998957634 21.52768000215292 2
    endloop
  endfacet
  facet normal 0 0 1
    outer loop
      vertex 17.802480325102806 20.897497467696667 2
      vertex 17.892599508166313 21.035200655460358 2
      vertex 17.022367998957634 21.52768000215292 2
    endloop
  endfacet
  facet normal 0 0 1
    outer loop
      vertex 17.892599508166313 21.035200655460358 2
      vertex 17.999104000627995 21.159840002655983 2
      vertex 17.022367998957634 21.52768000215292 2
    endloop
  endfacet
  facet normal 0 0 1
    outer loop
      vertex 18.018624000251293 20.013024002313614 2
      vertex 19.39505109935999 21.20814824849367 2
      vertex 18.024469554424286 20.173294365406036 2
    endloop
  endfacet
  facet normal 0 0 1
    outer loop
      vertex 18.024469554424286 20.173294365406036 2
      vertex 19.260666772723198 21.228077061474323 2
      vertex 18.042006202042103 20.323024325072765 2
    endloop
  endfacet
  facet normal 0 0 1
    outer loop
      vertex 18.042006202042103 20.323024325072765 2
      vertex 19.11667200177908 21.23471999913454 2
      vertex 18.071233958005905 20.46221387386322 2
    endloop
  endfacet
  facet normal 0 0 1
    outer loop
      vertex 18.071233958005905 20.46221387386322 2
      vertex 18.971499755978584 21.22816587984562 2
      vertex 18.112152814865112 20.59086301922798 2
    endloop
  endfacet
  facet normal 0 0 1
    outer loop
      vertex 18.112152814865112 20.59086301922798 2
      vertex 18.836069874465466 21.208503507077694 2
      vertex 18.164762772619724 20.70897175371647 2
    endloop
  endfacet
  facet normal 0 0 1
    outer loop
      vertex 18.164762772619724 20.70897175371647 2
      vertex 18.836069874465466 21.208503507077694 2
      vertex 18.22906383872032 20.816540084779263 2
    endloop
  endfacet
  facet normal 0 0 1
    outer loop
      vertex 18.22906383872032 20.816540084779263 2
      vertex 18.710382364690304 21.175732895731926 2
      vertex 18.305055998265743 20.9135679975152 2
    endloop
  endfacet
  facet normal 0 0 1
    outer loop
      vertex 18.305055998265743 20.9135679975152 2
      vertex 18.5944372266531 21.129854038357735 2
      vertex 18.39177404344082 20.998771592974663 2
    endloop
  endfacet
  facet normal 0 0 1
    outer loop
      vertex 18.39177404344082 20.998771592974663 2
      vertex 18.5944372266531 21.129854038357735 2
      vertex 18.48823444545269 21.0708669424057 2
    endloop
  endfacet
  facet normal 0 0 1
    outer loop
      vertex 18.305055998265743 20.9135679975152 2
      vertex 18.710382364690304 21.175732895731926 2
      vertex 18.5944372266531 21.129854038357735 2
    endloop
  endfacet
  facet normal 0 0 1
    outer loop
      vertex 18.22906383872032 20.816540084779263 2
      vertex 18.836069874465466 21.208503507077694 2
      vertex 18.710382364690304 21.175732895731926 2
    endloop
  endfacet
  facet normal 0 0 1
    outer loop
      vertex 18.112152814865112 20.59086301922798 2
      vertex 18.971499755978584 21.22816587984562 2
      vertex 18.836069874465466 21.208503507077694 2
    endloop
  endfacet
  facet normal 0 0 1
    outer loop
      vertex 18.071233958005905 20.46221387386322 2
      vertex 19.11667200177908 21.23471999913454 2
      vertex 18.971499755978584 21.22816587984562 2
    endloop
  endfacet
  facet normal 0 0 1
    outer loop
      vertex 17.999104000627995 21.159840002655983 2
      vertex 18.120223343372345 21.269519671797752 2
      vertex 17.022367998957634 21.52768000215292 2
    endloop
  endfacet
  facet normal 0 0 1
    outer loop
      vertex 18.120223343372345 21.269519671797752 2
      vertex 18.2541870996356 21.36232554912567 2
      vertex 17.022367998957634 21.52768000215292 2
    endloop
  endfacet
  facet normal 0 0 1
    outer loop
      vertex 18.2541870996356 21.36232554912567 2
      vertex 18.400995261967182 21.43825763463974 2
      vertex 17.022367998957634 21.52768000215292 2
    endloop
  endfacet
  facet normal 0 0 1
    outer loop
      vertex 18.400995261967182 21.43825763463974 2
      vertex 18.56064783781767 21.497315920889378 2
      vertex 17.022367998957634 21.52768000215292 2
    endloop
  endfacet
  facet normal 0 0 1
    outer loop
      vertex 18.56064783781767 21.497315920889378 2
      vertex 18.73314481973648 21.539500407874584 2
      vertex 17.022367998957634 21.52768000215292 2
    endloop
  endfacet
  facet normal 0 0 1
    outer loop
      vertex 18.018624000251293 20.013024002313614 2
      vertex 20.062576323747635 20.703198693692684 2
      vertex 19.998519510030746 20.811211101710796 2
    endloop
  endfacet
  facet normal 0 0 1
    outer loop
      vertex 18.018624000251293 20.013024002313614 2
      vertex 19.998519510030746 20.811211101710796 2
      vertex 19.92281600087881 20.90921600162983 2
    endloop
  endfacet
  facet normal 0 0 1
    outer loop
      vertex 18.042006202042103 20.323024325072765 2
      vertex 19.260666772723198 21.228077061474323 2
      vertex 19.11667200177908 21.23471999913454 2
    endloop
  endfacet
  facet normal 0 0 1
    outer loop
      vertex 18.024469554424286 20.173294365406036 2
      vertex 19.39505109935999 21.20814824849367 2
      vertex 19.260666772723198 21.228077061474323 2
    endloop
  endfacet
  facet normal 0 0 1
    outer loop
      vertex 18.018624000251293 20.013024002313614 2
      vertex 19.63498840481043 21.128432981669903 2
      vertex 19.519824981689453 21.174933552742004 2
    endloop
  endfacet
  facet normal 0 0 1
    outer loop
      vertex 18.018624000251293 20.013024002313614 2
      vertex 19.519824981689453 21.174933552742004 2
      vertex 19.39505109935999 21.20814824849367 2
    endloop
  endfacet
  facet normal 0 0 1
    outer loop
      vertex 18.018624000251293 20.013024002313614 2
      vertex 19.740541391074657 21.068646527826786 2
      vertex 19.63498840481043 21.128432981669903 2
    endloop
  endfacet
  facet normal 0 0 1
    outer loop
      vertex 18.018624000251293 20.013024002313614 2
      vertex 19.836483918130398 20.995574206113815 2
      vertex 19.740541391074657 21.068646527826786 2
    endloop
  endfacet
  facet normal 0 0 1
    outer loop
      vertex 18.018624000251293 20.013024002313614 2
      vertex 19.92281600087881 20.90921600162983 2
      vertex 19.836483918130398 20.995574206113815 2
    endloop
  endfacet
  facet normal 0 0 1
    outer loop
      vertex 18.018624000251293 20.013024002313614 2
      vertex 20.208159998059273 20.013024002313614 2
      vertex 20.20233665406704 20.171073958277702 2
    endloop
  endfacet
  facet normal 0 0 1
    outer loop
      vertex 18.018624000251293 20.013024002313614 2
      vertex 20.18486661463976 20.31911640614271 2
      vertex 20.15574987977743 20.457151345908642 2
    endloop
  endfacet
  facet normal 0 0 1
    outer loop
      vertex 18.018624000251293 20.013024002313614 2
      vertex 20.20233665406704 20.171073958277702 2
      vertex 20.18486661463976 20.31911640614271 2
    endloop
  endfacet
  facet normal 0 0 1
    outer loop
      vertex 18.018624000251293 20.013024002313614 2
      vertex 20.15574987977743 20.457151345908642 2
      vertex 20.114986449480057 20.585178777575493 2
    endloop
  endfacet
  facet normal 0 0 1
    outer loop
      vertex 18.018624000251293 20.013024002313614 2
      vertex 20.114986449480057 20.585178777575493 2
      vertex 20.062576323747635 20.703198693692684 2
    endloop
  endfacet
  facet normal 0 0 1
    outer loop
      vertex 32.51507575950825 33.51507575950825 2
      vertex 10.073760002851486 20.154080003499985 2
      vertex 12.23292800039053 21.061120003461838 2
    endloop
  endfacet
  facet normal 0 0 1
    outer loop
      vertex 33.72589499633789 32.917965791114995 2
      vertex 12.23292800039053 21.061120003461838 2
      vertex 12.23292800039053 20.726943999528885 2
    endloop
  endfacet
  facet normal 0 1 0
    outer loop
      vertex 0 40 0
      vertex 0 40 2
      vertex 40 40 2
    endloop
  endfacet
  facet normal 0 0 1
    outer loop
      vertex 3 24 2
      vertex 40 40 2
      vertex 10.666042014611595 33.72160099908169 2
    endloop
  endfacet
  facet normal 0 0 1
    outer loop
      vertex 0 40 2
      vertex 8.725894996337892 37.082034208885005 2
      vertex 40 40 2
    endloop
  endfacet
  facet normal 0 0 1
    outer loop
      vertex 8.725894996337892 37.082034208885005 2
      vertex 9 37.1 2
      vertex 40 40 2
    endloop
  endfacet
  facet normal 0 0 1
    outer loop
      vertex 9 37.1 2
      vertex 9.274105003662108 37.082034208885005 2
      vertex 40 40 2
    endloop
  endfacet
  facet normal 0 0 1
    outer loop
      vertex 9.274105003662108 37.082034208885005 2
      vertex 9.543519994715293 37.02844423520705 2
      vertex 40 40 2
    endloop
  endfacet
  facet normal 0 0 1
    outer loop
      vertex 9.543519994715293 37.02844423520705 2
      vertex 9.803635207966689 36.940147018273706 2
      vertex 40 40 2
    endloop
  endfacet
  facet normal 0 0 1
    outer loop
      vertex 9.803635207966689 36.940147018273706 2
      vertex 10.05 36.81865334794732 2
      vertex 40 40 2
    endloop
  endfacet
  facet normal 0 0 -1
    outer loop
      vertex 10.05 3.181346652052679 0
      vertex 10.278399000918313 3.3339579853884063 0
      vertex 40 0 0
    endloop
  endfacet
  facet normal 0 0 -1
    outer loop
      vertex 10.278399000918313 3.3339579853884063 0
      vertex 10.48492424049175 3.51507575950825 0
      vertex 40 0 0
    endloop
  endfacet
  facet normal 0 0 -1
    outer loop
      vertex 10.48492424049175 3.51507575950825 0
      vertex 10.666042014611595 3.7216009990816863 0
      vertex 40 0 0
    endloop
  endfacet
  facet normal 0 0 -1
    outer loop
      vertex 10.666042014611595 3.7216009990816863 0
      vertex 10.818653347947322 3.95 0
      vertex 40 0 0
    endloop
  endfacet
  facet normal 0 0 -1
    outer loop
      vertex 10.818653347947322 3.95 0
      vertex 10.940147018273702 4.196364792033312 0
      vertex 40 0 0
    endloop
  endfacet
  facet normal 0 0 -1
    outer loop
      vertex 10.940147018273702 4.196364792033312 0
      vertex 11.028444235207044 4.456480005284707 0
      vertex 40 0 0
    endloop
  endfacet
  facet normal 0 0 -1
    outer loop
      vertex 11.028444235207044 4.456480005284707 0
      vertex 11.082034208885002 4.725894996337892 0
      vertex 40 0 0
    endloop
  endfacet
  facet normal 0 0 -1
    outer loop
      vertex 11.082034208885002 4.725894996337892 0
      vertex 11.1 5 0
      vertex 40 0 0
    endloop
  endfacet
  facet normal 0 0 -1
    outer loop
      vertex 11.082034208885002 5.274105003662108 0
      vertex 40 0 0
      vertex 11.1 5 0
    endloop
  endfacet
  facet normal 0 0 -1
    outer loop
      vertex 11.082034208885002 5.274105003662108 0
      vertex 11.028444235207044 5.543519994715293 0
      vertex 40 0 0
    endloop
  endfacet
  facet normal 0 0 -1
    outer loop
      vertex 10.818653347947322 6.05 0
      vertex 40 0 0
      vertex 10.940147018273702 5.803635207966688 0
    endloop
  endfacet
  facet normal 0 0 -1
    outer loop
      vertex 10.48492424049175 6.48492424049175 0
      vertex 40 0 0
      vertex 10.666042014611595 6.278399000918314 0
    endloop
  endfacet
  facet normal 0 0 -1
    outer loop
      vertex 10.818653347947322 6.05 0
      vertex 10.666042014611595 6.278399000918314 0
      vertex 40 0 0
    endloop
  endfacet
  facet normal 0 0 -1
    outer loop
      vertex 10.05 6.818653347947321 0
      vertex 40 0 0
      vertex 10.278399000918313 6.666042014611594 0
    endloop
  endfacet
  facet normal 0 0 -1
    outer loop
      vertex 10.278399000918313 6.666042014611594 0
      vertex 40 0 0
      vertex 10.48492424049175 6.48492424049175 0
    endloop
  endfacet
  facet normal 0 0 -1
    outer loop
      vertex 11.028444235207044 5.543519994715293 0
      vertex 10.940147018273702 5.803635207966688 0
      vertex 40 0 0
    endloop
  endfacet
  facet normal 0 0 -1
    outer loop
      vertex 3 16 0
      vertex 32.059852981726294 4.196364792033312 0
      vertex 32.18134665205268 3.95 0
    endloop
  endfacet
  facet normal 0 0 -1
    outer loop
      vertex 3 16 0
      vertex 31.917965791114998 4.725894996337892 0
      vertex 31.971555764792956 4.456480005284707 0
    endloop
  endfacet
  facet normal 0 0 -1
    outer loop
      vertex 3 16 0
      vertex 31.971555764792956 4.456480005284707 0
      vertex 32.059852981726294 4.196364792033312 0
    endloop
  endfacet
  facet normal 0 0 -1
    outer loop
      vertex 3 16 0
      vertex 31.9 5 0
      vertex 31.917965791114998 4.725894996337892 0
    endloop
  endfacet
  facet normal 0 0 -1
    outer loop
      vertex 3 16 0
      vertex 31.917965791114998 5.274105003662108 0
      vertex 31.9 5 0
    endloop
  endfacet
  facet normal 0 0 -1
    outer loop
      vertex 3 16 0
      vertex 31.971555764792956 5.543519994715293 0
      vertex 31.917965791114998 5.274105003662108 0
    endloop
  endfacet
  facet normal 0 0 -1
    outer loop
      vertex 3 16 0
      vertex 32.059852981726294 5.803635207966688 0
      vertex 31.971555764792956 5.543519994715293 0
    endloop
  endfacet
  facet normal 0 0 -1
    outer loop
      vertex 3 16 0
      vertex 32.18134665205268 6.05 0
      vertex 32.059852981726294 5.803635207966688 0
    endloop
  endfacet
  facet normal 0 0 -1
    outer loop
      vertex 3 16 0
      vertex 32.95 3.181346652052679 0
      vertex 33.196364792033314 3.059852981726298 0
    endloop
  endfacet
  facet normal 0 0 -1
    outer loop
      vertex 3 16 0
      vertex 32.33395798538841 3.7216009990816863 0
      vertex 32.51507575950825 3.51507575950825 0
    endloop
  endfacet
  facet normal 0 0 -1
    outer loop
      vertex 3 16 0
      vertex 32.51507575950825 3.51507575950825 0
      vertex 32.72160099908169 3.3339579853884063 0
    endloop
  endfacet
  facet normal 0 0 -1
    outer loop
      vertex 3 16 0
      vertex 32.18134665205268 3.95 0
      vertex 32.33395798538841 3.7216009990816863 0
    endloop
  endfacet
  facet normal 0 0 -1
    outer loop
      vertex 3 16 0
      vertex 32.72160099908169 3.3339579853884063 0
      vertex 32.95 3.181346652052679 0
    endloop
  endfacet
  facet normal 0 0 -1
    outer loop
      vertex 3 16 0
      vertex 33.196364792033314 3.059852981726298 0
      vertex 40 0 0
    endloop
  endfacet
  facet normal 0 0 -1
    outer loop
      vertex 3 16 0
      vertex 32.33395798538841 33.72160099908169 0
      vertex 32.18134665205268 6.05 0
    endloop
  endfacet
  facet normal 0 0 -1
    outer loop
      vertex 33.196364792033314 3.059852981726298 0
      vertex 33.4564800052847 2.9715557647929565 0
      vertex 40 0 0
    endloop
  endfacet
  facet normal 0 0 -1
    outer loop
      vertex 33.4564800052847 2.9715557647929565 0
      vertex 33.72589499633789 2.917965791114998 0
      vertex 40 0 0
    endloop
  endfacet
  facet normal 0 0 -1
    outer loop
      vertex 33.72589499633789 2.917965791114998 0
      vertex 34 2.9 0
      vertex 40 0 0
    endloop
  endfacet
  facet normal 0 0 -1
    outer loop
      vertex 34 2.9 0
      vertex 34.27410500366211 2.917965791114998 0
      vertex 40 0 0
    endloop
  endfacet
  facet normal 0 0 -1
    outer loop
      vertex 34.27410500366211 2.917965791114998 0
      vertex 34.5435199947153 2.9715557647929565 0
      vertex 40 0 0
    endloop
  endfacet
  facet normal 0 0 -1
    outer loop
      vertex 34.5435199947153 2.9715557647929565 0
      vertex 34.803635207966686 3.059852981726298 0
      vertex 40 0 0
    endloop
  endfacet
  facet normal 0 0 -1
    outer loop
      vertex 34.803635207966686 3.059852981726298 0
      vertex 35.05 3.181346652052679 0
      vertex 40 0 0
    endloop
  endfacet
  facet normal 0 0 -1
    outer loop
      vertex 35.05 3.181346652052679 0
      vertex 35.27839900091831 3.3339579853884063 0
      vertex 40 0 0
    endloop
  endfacet
  facet normal 0 0 -1
    outer loop
      vertex 35.27839900091831 3.3339579853884063 0
      vertex 35.48492424049175 3.51507575950825 0
      vertex 40 0 0
    endloop
  endfacet
  facet normal 0 0 -1
    outer loop
      vertex 35.48492424049175 3.51507575950825 0
      vertex 35.66604201461159 3.7216009990816863 0
      vertex 40 0 0
    endloop
  endfacet
  facet normal 0 0 -1
    outer loop
      vertex 35.66604201461159 3.7216009990816863 0
      vertex 35.81865334794732 3.95 0
      vertex 40 0 0
    endloop
  endfacet
  facet normal 0 0 -1
    outer loop
      vertex 35.81865334794732 3.95 0
      vertex 35.940147018273706 4.196364792033312 0
      vertex 40 0 0
    endloop
  endfacet
  facet normal 0 0 -1
    outer loop
      vertex 35.940147018273706 4.196364792033312 0
      vertex 36.02844423520705 4.456480005284707 0
      vertex 40 0 0
    endloop
  endfacet
  facet normal 0 0 -1
    outer loop
      vertex 36.02844423520705 4.456480005284707 0
      vertex 36.082034208885005 4.725894996337892 0
      vertex 40 0 0
    endloop
  endfacet
  facet normal 0 0 -1
    outer loop
      vertex 36.082034208885005 4.725894996337892 0
      vertex 36.1 5 0
      vertex 40 0 0
    endloop
  endfacet
  facet normal 0 0 -1
    outer loop
      vertex 40 0 0
      vertex 36.1 5 0
      vertex 36.082034208885005 5.274105003662108 0
    endloop
  endfacet
  facet normal 0 0 -1
    outer loop
      vertex 40 0 0
      vertex 36.082034208885005 5.274105003662108 0
      vertex 36.02844423520705 5.543519994715293 0
    endloop
  endfacet
  facet normal 0 0 -1
    outer loop
      vertex 40 0 0
      vertex 35.81865334794732 6.05 0
      vertex 35.66604201461159 6.278399000918314 0
    endloop
  endfacet
  facet normal 0 0 -1
    outer loop
      vertex 40 0 0
      vertex 36.02844423520705 5.543519994715293 0
      vertex 35.940147018273706 5.803635207966688 0
    endloop
  endfacet
  facet normal 0 0 -1
    outer loop
      vertex 40 0 0
      vertex 35.940147018273706 5.803635207966688 0
      vertex 35.81865334794732 6.05 0
    endloop
  endfacet
  facet normal 0 0 -1
    outer loop
      vertex 32.18134665205268 6.05 0
      vertex 32.33395798538841 33.72160099908169 0
      vertex 32.33395798538841 6.278399000918314 0
    endloop
  endfacet
  facet normal 0 0 -1
    outer loop
      vertex 32.33395798538841 6.278399000918314 0
      vertex 32.51507575950825 33.51507575950825 0
      vertex 32.51507575950825 6.48492424049175 0
    endloop
  endfacet
  facet normal 0 0 -1
    outer loop
      vertex 32.51507575950825 6.48492424049175 0
      vertex 32.72160099908169 33.33395798538841 0
      vertex 32.72160099908169 6.666042014611594 0
    endloop
  endfacet
  facet normal 0 0 -1
    outer loop
      vertex 32.72160099908169 6.666042014611594 0
      vertex 32.95 33.18134665205268 0
      vertex 32.95 6.818653347947321 0
    endloop
  endfacet
  facet normal 0 0 -1
    outer loop
      vertex 32.95 6.818653347947321 0
      vertex 33.196364792033314 33.059852981726294 0
      vertex 33.196364792033314 6.940147018273702 0
    endloop
  endfacet
  facet normal 0 0 -1
    outer loop
      vertex 33.196364792033314 6.940147018273702 0
      vertex 33.4564800052847 32.97155576479295 0
      vertex 33.4564800052847 7.0284442352070435 0
    endloop
  endfacet
  facet normal 0 0 -1
    outer loop
      vertex 33.4564800052847 7.0284442352070435 0
      vertex 33.72589499633789 32.917965791114995 0
      vertex 33.72589499633789 7.082034208885002 0
    endloop
  endfacet
  facet normal 0 0 -1
    outer loop
      vertex 33.72589499633789 7.082034208885002 0
      vertex 34 32.9 0
      vertex 34 7.1 0
    endloop
  endfacet
  facet normal 0 0 -1
    outer loop
      vertex 34 7.1 0
      vertex 34.27410500366211 32.917965791114995 0
      vertex 34.27410500366211 7.082034208885002 0
    endloop
  endfacet
  facet normal 0 0 -1
    outer loop
      vertex 34.27410500366211 7.082034208885002 0
      vertex 34.5435199947153 32.97155576479295 0
      vertex 34.5435199947153 7.0284442352070435 0
    endloop
  endfacet
  facet normal 0 0 -1
    outer loop
      vertex 34.5435199947153 7.0284442352070435 0
      vertex 34.803635207966686 33.059852981726294 0
      vertex 34.803635207966686 6.940147018273702 0
    endloop
  endfacet
  facet normal 0 0 -1
    outer loop
      vertex 34.803635207966686 6.940147018273702 0
      vertex 35.05 33.18134665205268 0
      vertex 35.05 6.818653347947321 0
    endloop
  endfacet
  facet normal 0 0 -1
    outer loop
      vertex 40 0 0
      vertex 35.66604201461159 6.278399000918314 0
      vertex 35.27839900091831 33.33395798538841 0
    endloop
  endfacet
  facet normal 0 0 -1
    outer loop
      vertex 35.05 6.818653347947321 0
      vertex 35.27839900091831 33.33395798538841 0
      vertex 35.27839900091831 6.666042014611594 0
    endloop
  endfacet
  facet normal 0 0 -1
    outer loop
      vertex 35.27839900091831 6.666042014611594 0
      vertex 35.27839900091831 33.33395798538841 0
      vertex 35.48492424049175 6.48492424049175 0
    endloop
  endfacet
  facet normal 0 0 -1
    outer loop
      vertex 35.48492424049175 6.48492424049175 0
      vertex 35.27839900091831 33.33395798538841 0
      vertex 35.66604201461159 6.278399000918314 0
    endloop
  endfacet
  facet normal 1 0 0
    outer loop
      vertex 40 0 0
      vertex 40 40 0
      vertex 40 0 2
    endloop
  endfacet
  facet normal 0 -1 0
    outer loop
      vertex 0 0 2
      vertex 40 0 0
      vertex 40 0 2
    endloop
  endfacet
  facet normal 0 0 1
    outer loop
      vertex 10.05 3.181346652052679 2
      vertex 40 0 2
      vertex 10.278399000918313 3.3339579853884063 2
    endloop
  endfacet
  facet normal 0 0 1
    outer loop
      vertex 10.278399000918313 3.3339579853884063 2
      vertex 40 0 2
      vertex 10.48492424049175 3.51507575950825 2
    endloop
  endfacet
  facet normal 0 0 1
    outer loop
      vertex 10.48492424049175 3.51507575950825 2
      vertex 40 0 2
      vertex 10.666042014611595 3.7216009990816863 2
    endloop
  endfacet
  facet normal 0 0 1
    outer loop
      vertex 10.666042014611595 3.7216009990816863 2
      vertex 40 0 2
      vertex 10.818653347947322 3.95 2
    endloop
  endfacet
  facet normal 0 0 1
    outer loop
      vertex 10.818653347947322 3.95 2
      vertex 40 0 2
      vertex 10.940147018273702 4.196364792033312 2
    endloop
  endfacet
  facet normal 0 0 1
    outer loop
      vertex 10.940147018273702 4.196364792033312 2
      vertex 40 0 2
      vertex 11.028444235207044 4.456480005284707 2
    endloop
  endfacet
  facet normal 0 0 1
    outer loop
      vertex 11.028444235207044 4.456480005284707 2
      vertex 40 0 2
      vertex 11.082034208885002 4.725894996337892 2
    endloop
  endfacet
  facet normal 0 0 1
    outer loop
      vertex 11.082034208885002 4.725894996337892 2
      vertex 40 0 2
      vertex 11.1 5 2
    endloop
  endfacet
  facet normal 0 0 1
    outer loop
      vertex 11.082034208885002 5.274105003662108 2
      vertex 11.1 5 2
      vertex 40 0 2
    endloop
  endfacet
  facet normal 0 0 1
    outer loop
      vertex 11.082034208885002 5.274105003662108 2
      vertex 40 0 2
      vertex 11.028444235207044 5.543519994715293 2
    endloop
  endfacet
  facet normal 0 0 1
    outer loop
      vertex 10.818653347947322 6.05 2
      vertex 10.940147018273702 5.803635207966688 2
      vertex 40 0 2
    endloop
  endfacet
  facet normal 0 0 1
    outer loop
      vertex 10.818653347947322 6.05 2
      vertex 40 0 2
      vertex 10.666042014611595 6.278399000918314 2
    endloop
  endfacet
  facet normal 0 0 1
    outer loop
      vertex 11.028444235207044 5.543519994715293 2
      vertex 40 0 2
      vertex 10.940147018273702 5.803635207966688 2
    endloop
  endfacet
  facet normal 0 0 1
    outer loop
      vertex 3 16 2
      vertex 32.18134665205268 3.95 2
      vertex 32.059852981726294 4.196364792033312 2
    endloop
  endfacet
  facet normal 0 0 1
    outer loop
      vertex 3 16 2
      vertex 31.971555764792956 4.456480005284707 2
      vertex 31.917965791114998 4.725894996337892 2
    endloop
  endfacet
  facet normal 0 0 1
    outer loop
      vertex 3 16 2
      vertex 32.059852981726294 4.196364792033312 2
      vertex 31.971555764792956 4.456480005284707 2
    endloop
  endfacet
  facet normal 0 0 1
    outer loop
      vertex 3 16 2
      vertex 31.917965791114998 4.725894996337892 2
      vertex 31.9 5 2
    endloop
  endfacet
  facet normal 0 0 1
    outer loop
      vertex 3 16 2
      vertex 31.9 5 2
      vertex 31.917965791114998 5.274105003662108 2
    endloop
  endfacet
  facet normal 0 0 1
    outer loop
      vertex 3 16 2
      vertex 31.917965791114998 5.274105003662108 2
      vertex 31.971555764792956 5.543519994715293 2
    endloop
  endfacet
  facet normal 0 0 1
    outer loop
      vertex 3 16 2
      vertex 31.971555764792956 5.543519994715293 2
      vertex 32.059852981726294 5.803635207966688 2
    endloop
  endfacet
  facet normal 0 0 1
    outer loop
      vertex 3 16 2
      vertex 32.059852981726294 5.803635207966688 2
      vertex 32.18134665205268 6.05 2
    endloop
  endfacet
  facet normal 0 0 1
    outer loop
      vertex 3 16 2
      vertex 33.196364792033314 3.059852981726298 2
      vertex 32.95 3.181346652052679 2
    endloop
  endfacet
  facet normal 0 0 1
    outer loop
      vertex 3 16 2
      vertex 32.51507575950825 3.51507575950825 2
      vertex 32.33395798538841 3.7216009990816863 2
    endloop
  endfacet
  facet normal 0 0 1
    outer loop
      vertex 3 16 2
      vertex 32.72160099908169 3.3339579853884063 2
      vertex 32.51507575950825 3.51507575950825 2
    endloop
  endfacet
  facet normal 0 0 1
    outer loop
      vertex 3 16 2
      vertex 32.33395798538841 3.7216009990816863 2
      vertex 32.18134665205268 3.95 2
    endloop
  endfacet
  facet normal 0 0 1
    outer loop
      vertex 3 16 2
      vertex 32.95 3.181346652052679 2
      vertex 32.72160099908169 3.3339579853884063 2
    endloop
  endfacet
  facet normal 0 0 1
    outer loop
      vertex 3 16 2
      vertex 32.18134665205268 6.05 2
      vertex 32.33395798538841 6.278399000918314 2
    endloop
  endfacet
  facet normal 0 0 1
    outer loop
      vertex 3 16 2
      vertex 32.33395798538841 6.278399000918314 2
      vertex 32.51507575950825 6.48492424049175 2
    endloop
  endfacet
  facet normal 0 0 1
    outer loop
      vertex 3 16 2
      vertex 40 0 2
      vertex 33.196364792033314 3.059852981726298 2
    endloop
  endfacet
  facet normal 0 0 1
    outer loop
      vertex 32.51507575950825 6.48492424049175 2
      vertex 14.418367996811867 18.470144003629684 2
      vertex 14.049471996724606 18.470144003629684 2
    endloop
  endfacet
  facet normal 0 0 1
    outer loop
      vertex 32.51507575950825 6.48492424049175 2
      vertex 15.397023998200893 18.470144003629684 2
      vertex 14.418367996811867 18.470144003629684 2
    endloop
  endfacet
  facet normal 0 0 1
    outer loop
      vertex 32.51507575950825 6.48492424049175 2
      vertex 15.687807999551296 18.470144003629684 2
      vertex 15.397023998200893 18.470144003629684 2
    endloop
  endfacet
  facet normal 0 0 1
    outer loop
      vertex 32.51507575950825 6.48492424049175 2
      vertex 16.649120002985 18.470144003629684 2
      vertex 15.687807999551296 18.470144003629684 2
    endloop
  endfacet
  facet normal 0 0 1
    outer loop
      vertex 32.51507575950825 6.48492424049175 2
      vertex 17.022367998957634 18.470144003629684 2
      vertex 16.649120002985 18.470144003629684 2
    endloop
  endfacet
  facet normal 0 0 1
    outer loop
      vertex 32.51507575950825 6.48492424049175 2
      vertex 18.505495510995388 18.52417241036892 2
      vertex 17.022367998957634 18.470144003629684 2
    endloop
  endfacet
  facet normal 0 0 1
    outer loop
      vertex 32.51507575950825 6.48492424049175 2
      vertex 18.616322614252567 18.48910105973482 2
      vertex 18.505495510995388 18.52417241036892 2
    endloop
  endfacet
  facet normal 0 0 1
    outer loop
      vertex 32.51507575950825 6.48492424049175 2
      vertex 18.7324186116457 18.461823344230652 2
      vertex 18.616322614252567 18.48910105973482 2
    endloop
  endfacet
  facet normal 0 0 1
    outer loop
      vertex 32.51507575950825 6.48492424049175 2
      vertex 18.853783510625362 18.44233926385641 2
      vertex 18.7324186116457 18.461823344230652 2
    endloop
  endfacet
  facet normal 0 0 1
    outer loop
      vertex 32.51507575950825 6.48492424049175 2
      vertex 18.98041730374098 18.4306488186121 2
      vertex 18.853783510625362 18.44233926385641 2
    endloop
  endfacet
  facet normal 0 0 1
    outer loop
      vertex 32.51507575950825 6.48492424049175 2
      vertex 19.112319998443127 18.426752001047134 2
      vertex 18.98041730374098 18.4306488186121 2
    endloop
  endfacet
  facet normal 0 0 1
    outer loop
      vertex 32.51507575950825 6.48492424049175 2
      vertex 19.243098124861717 18.430693224072456 2
      vertex 19.112319998443127 18.426752001047134 2
    endloop
  endfacet
  facet normal 0 0 1
    outer loop
      vertex 32.51507575950825 6.48492424049175 2
      vertex 19.368826776742935 18.442516900599003 2
      vertex 19.243098124861717 18.430693224072456 2
    endloop
  endfacet
  facet normal 0 0 1
    outer loop
      vertex 32.51507575950825 6.48492424049175 2
      vertex 19.48950596153736 18.462223023176193 2
      vertex 19.368826776742935 18.442516900599003 2
    endloop
  endfacet
  facet normal 0 0 1
    outer loop
      vertex 32.51507575950825 6.48492424049175 2
      vertex 19.605135671794415 18.489811591804028 2
      vertex 19.48950596153736 18.462223023176193 2
    endloop
  endfacet
  facet normal 0 0 1
    outer loop
      vertex 32.51507575950825 6.48492424049175 2
      vertex 19.715715914964676 18.525282613933086 2
      vertex 19.605135671794415 18.489811591804028 2
    endloop
  endfacet
  facet normal 0 0 1
    outer loop
      vertex 32.51507575950825 6.48492424049175 2
      vertex 19.821246691048145 18.56863608211279 2
      vertex 19.715715914964676 18.525282613933086 2
    endloop
  endfacet
  facet normal 0 0 1
    outer loop
      vertex 32.51507575950825 6.48492424049175 2
      vertex 21.99430400133133 18.470144003629684 2
      vertex 19.821246691048145 18.56863608211279 2
    endloop
  endfacet
  facet normal 0 0 1
    outer loop
      vertex 19.821246691048145 18.56863608211279 2
      vertex 21.99430400133133 18.470144003629684 2
      vertex 19.921728000044823 18.619871996343136 2
    endloop
  endfacet
  facet normal 0 0 1
    outer loop
      vertex 19.921728000044823 18.619871996343136 2
      vertex 21.99430400133133 18.470144003629684 2
      vertex 20.016429714858532 18.67845942825079 2
    endloop
  endfacet
  facet normal 0 0 1
    outer loop
      vertex 20.016429714858532 18.67845942825079 2
      vertex 21.99430400133133 18.470144003629684 2
      vertex 20.104621715843678 18.743867427110672 2
    endloop
  endfacet
  facet normal 0 0 1
    outer loop
      vertex 20.104621715843678 18.743867427110672 2
      vertex 21.99430400133133 18.470144003629684 2
      vertex 20.18630400300026 18.816096000373363 2
    endloop
  endfacet
  facet normal 0 0 1
    outer loop
      vertex 20.18630400300026 18.816096000373363 2
      vertex 21.99430400133133 18.470144003629684 2
      vertex 20.261476568877697 18.895145140588284 2
    endloop
  endfacet
  facet normal 0 0 1
    outer loop
      vertex 20.261476568877697 18.895145140588284 2
      vertex 21.99430400133133 18.470144003629684 2
      vertex 20.33013942837715 18.981014855206013 2
    endloop
  endfacet
  facet normal 0 0 1
    outer loop
      vertex 20.33013942837715 18.981014855206013 2
      vertex 21.99430400133133 18.470144003629684 2
      vertex 20.392292574048042 19.07370514422655 2
    endloop
  endfacet
  facet normal 0 0 1
    outer loop
      vertex 20.392292574048042 19.07370514422655 2
      vertex 21.99430400133133 18.470144003629684 2
      vertex 20.44793599843979 19.173216000199318 2
    endloop
  endfacet
  facet normal 0 0 1
    outer loop
      vertex 20.44793599843979 19.173216000199318 2
      vertex 21.99430400133133 18.470144003629684 2
      vertex 20.49659102410078 19.27857305854559 2
    endloop
  endfacet
  facet normal 0 0 1
    outer loop
      vertex 20.49659102410078 19.27857305854559 2
      vertex 21.99430400133133 18.470144003629684 2
      vertex 20.53776065260172 19.388801962137222 2
    endloop
  endfacet
  facet normal 0 0 1
    outer loop
      vertex 20.53776065260172 19.388801962137222 2
      vertex 21.99430400133133 18.470144003629684 2
      vertex 20.571444898843765 19.503902696073055 2
    endloop
  endfacet
  facet normal 0 0 1
    outer loop
      vertex 20.571444898843765 19.503902696073055 2
      vertex 21.99430400133133 18.470144003629684 2
      vertex 20.59764375537634 19.62387526780367 2
    endloop
  endfacet
  facet normal 0 0 1
    outer loop
      vertex 20.59764375537634 19.62387526780367 2
      vertex 21.99430400133133 18.470144003629684 2
      vertex 20.61635722219944 19.748719669878483 2
    endloop
  endfacet
  facet normal 0 0 1
    outer loop
      vertex 20.61635722219944 19.748719669878483 2
      vertex 21.99430400133133 18.470144003629684 2
      vertex 20.62758530676365 19.878435917198658 2
    endloop
  endfacet
  facet normal 0 0 1
    outer loop
      vertex 20.62758530676365 19.878435917198658 2
      vertex 21.99430400133133 18.470144003629684 2
      vertex 20.631328001618385 20.013024002313614 2
    endloop
  endfacet
  facet normal 0 0 1
    outer loop
      vertex 20.631328001618385 20.013024002313614 2
      vertex 21.99430400133133 18.470144003629684 2
      vertex 21.99430400133133 21.189152002334595 2
    endloop
  endfacet
  facet normal 0 0 1
    outer loop
      vertex 22.40659199655056 18.470144003629684 2
      vertex 24.1279823705554 18.812670037150383 2
      vertex 24.053426936268806 18.89156375825405 2
    endloop
  endfacet
  facet normal 0 0 1
    outer loop
      vertex 22.40659199655056 18.470144003629684 2
      vertex 24.20913501828909 18.74072750657797 2
      vertex 24.1279823705554 18.812670037150383 2
    endloop
  endfacet
  facet normal 0 0 1
    outer loop
      vertex 22.40659199655056 18.470144003629684 2
      vertex 24.39123199880123 18.61769600212574 2
      vertex 24.296884894371033 18.675736166536808 2
    endloop
  endfacet
  facet normal 0 0 1
    outer loop
      vertex 22.40659199655056 18.470144003629684 2
      vertex 24.296884894371033 18.675736166536808 2
      vertex 24.20913501828909 18.74072750657797 2
    endloop
  endfacet
  facet normal 0 0 1
    outer loop
      vertex 22.40659199655056 18.470144003629684 2
      vertex 23.924107752740383 19.070204734802246 2
      vertex 23.869344003498554 19.169951997697353 2
    endloop
  endfacet
  facet normal 0 0 1
    outer loop
      vertex 22.40659199655056 18.470144003629684 2
      vertex 23.82156343013048 19.27564211934805 2
      vertex 23.781133711338043 19.386248491704464 2
    endloop
  endfacet
  facet normal 0 0 1
    outer loop
      vertex 22.40659199655056 18.470144003629684 2
      vertex 23.869344003498554 19.169951997697353 2
      vertex 23.82156343013048 19.27564211934805 2
    endloop
  endfacet
  facet normal 0 0 1
    outer loop
      vertex 22.40659199655056 18.470144003629684 2
      vertex 23.72232685983181 19.622209958732128 2
      vertex 23.703949712216854 19.747565060853958 2
    endloop
  endfacet
  facet normal 0 0 1
    outer loop
      vertex 22.40659199655056 18.470144003629684 2
      vertex 23.703949712216854 19.747565060853958 2
      vertex 23.692923426628113 19.877836406230927 2
    endloop
  endfacet
  facet normal 0 0 1
    outer loop
      vertex 22.40659199655056 18.470144003629684 2
      vertex 23.781133711338043 19.386248491704464 2
      vertex 23.74805485457182 19.501771099865437 2
    endloop
  endfacet
  facet normal 0 0 1
    outer loop
      vertex 22.40659199655056 18.470144003629684 2
      vertex 23.74805485457182 19.501771099865437 2
      vertex 23.72232685983181 19.622209958732128 2
    endloop
  endfacet
  facet normal 0 0 1
    outer loop
      vertex 22.40659199655056 18.470144003629684 2
      vertex 24.053426936268806 18.89156375825405 2
      vertex 23.985468737781048 18.977408654987812 2
    endloop
  endfacet
  facet normal 0 0 1
    outer loop
      vertex 22.40659199655056 18.470144003629684 2
      vertex 23.985468737781048 18.977408654987812 2
      vertex 23.924107752740383 19.070204734802246 2
    endloop
  endfacet
  facet normal 0 0 1
    outer loop
      vertex 22.40659199655056 18.470144003629684 2
      vertex 23.692923426628113 19.877836406230927 2
      vertex 23.689248003065586 20.013024002313614 2
    endloop
  endfacet
  facet normal 0 0 1
    outer loop
      vertex 22.40659199655056 18.470144003629684 2
      vertex 23.689248003065586 20.013024002313614 2
      vertex 23.697440654039383 20.21604637056589 2
    endloop
  endfacet
  facet normal 0 0 1
    outer loop
      vertex 22.40659199655056 18.470144003629684 2
      vertex 23.697440654039383 20.21604637056589 2
      vertex 23.722018614411354 20.406004898250103 2
    endloop
  endfacet
  facet normal 0 0 1
    outer loop
      vertex 22.40659199655056 18.470144003629684 2
      vertex 23.722018614411354 20.406004898250103 2
      vertex 23.76298187673092 20.58289959281683 2
    endloop
  endfacet
  facet normal 0 0 1
    outer loop
      vertex 22.40659199655056 18.470144003629684 2
      vertex 24.491521306335926 18.567037388682365 2
      vertex 24.39123199880123 18.61769600212574 2
    endloop
  endfacet
  facet normal 0 0 1
    outer loop
      vertex 24.323045879602432 19.201773062348366 2
      vertex 26.29396440833807 19.848032653331757 2
      vertex 24.25801207870245 19.3127333894372 2
    endloop
  endfacet
  facet normal 0 0 1
    outer loop
      vertex 24.25801207870245 19.3127333894372 2
      vertex 26.29396440833807 19.848032653331757 2
      vertex 24.204802609980106 19.433392979204655 2
    endloop
  endfacet
  facet normal 0 0 1
    outer loop
      vertex 24.204802609980106 19.433392979204655 2
      vertex 26.29396440833807 19.848032653331757 2
      vertex 24.16341746598482 19.563751839101315 2
    endloop
  endfacet
  facet normal 0 0 1
    outer loop
      vertex 24.116120159626007 19.853567346930504 2
      vertex 26.299744002521038 20.013024002313614 2
      vertex 24.110207997262478 20.013024002313614 2
    endloop
  endfacet
  facet normal 0 0 1
    outer loop
      vertex 24.16341746598482 19.563751839101315 2
      vertex 26.29396440833807 19.848032653331757 2
      vertex 24.133856654167175 19.703809961676598 2
    endloop
  endfacet
  facet normal 0 0 1
    outer loop
      vertex 24.133856654167175 19.703809961676598 2
      vertex 26.29396440833807 19.848032653331757 2
      vertex 24.116120159626007 19.853567346930504 2
    endloop
  endfacet
  facet normal 0 0 1
    outer loop
      vertex 32.51507575950825 6.48492424049175 2
      vertex 22.40659199655056 18.470144003629684 2
      vertex 21.99430400133133 18.470144003629684 2
    endloop
  endfacet
  facet normal 0 0 1
    outer loop
      vertex 32.51507575950825 6.48492424049175 2
      vertex 24.491521306335926 18.567037388682365 2
      vertex 22.40659199655056 18.470144003629684 2
    endloop
  endfacet
  facet normal 0 0 1
    outer loop
      vertex 32.51507575950825 6.48492424049175 2
      vertex 24.597079508006573 18.52417241036892 2
      vertex 24.491521306335926 18.567037388682365 2
    endloop
  endfacet
  facet normal 0 0 1
    outer loop
      vertex 32.51507575950825 6.48492424049175 2
      vertex 24.707906611263752 18.48910105973482 2
      vertex 24.597079508006573 18.52417241036892 2
    endloop
  endfacet
  facet normal 0 0 1
    outer loop
      vertex 32.51507575950825 6.48492424049175 2
      vertex 24.824002608656883 18.461823344230652 2
      vertex 24.707906611263752 18.48910105973482 2
    endloop
  endfacet
  facet normal 0 0 1
    outer loop
      vertex 32.51507575950825 6.48492424049175 2
      vertex 24.945367507636547 18.44233926385641 2
      vertex 24.824002608656883 18.461823344230652 2
    endloop
  endfacet
  facet normal 0 0 1
    outer loop
      vertex 32.51507575950825 6.48492424049175 2
      vertex 25.072001308202744 18.4306488186121 2
      vertex 24.945367507636547 18.44233926385641 2
    endloop
  endfacet
  facet normal 0 0 1
    outer loop
      vertex 32.51507575950825 6.48492424049175 2
      vertex 25.203904002904892 18.426752001047134 2
      vertex 25.072001308202744 18.4306488186121 2
    endloop
  endfacet
  facet normal 0 0 1
    outer loop
      vertex 32.51507575950825 6.48492424049175 2
      vertex 25.334682121872902 18.430693224072456 2
      vertex 25.203904002904892 18.426752001047134 2
    endloop
  endfacet
  facet normal 0 0 1
    outer loop
      vertex 32.51507575950825 6.48492424049175 2
      vertex 25.46041077375412 18.442516900599003 2
      vertex 25.334682121872902 18.430693224072456 2
    endloop
  endfacet
  facet normal 0 0 1
    outer loop
      vertex 32.51507575950825 6.48492424049175 2
      vertex 25.581089958548546 18.462223023176193 2
      vertex 25.46041077375412 18.442516900599003 2
    endloop
  endfacet
  facet normal 0 0 1
    outer loop
      vertex 32.51507575950825 6.48492424049175 2
      vertex 25.69671967625618 18.489811591804028 2
      vertex 25.581089958548546 18.462223023176193 2
    endloop
  endfacet
  facet normal 0 0 1
    outer loop
      vertex 32.51507575950825 6.48492424049175 2
      vertex 25.80729991942644 18.525282613933086 2
      vertex 25.69671967625618 18.489811591804028 2
    endloop
  endfacet
  facet normal 0 0 1
    outer loop
      vertex 32.51507575950825 6.48492424049175 2
      vertex 25.91283069550991 18.56863608211279 2
      vertex 25.80729991942644 18.525282613933086 2
    endloop
  endfacet
  facet normal 0 0 1
    outer loop
      vertex 32.51507575950825 6.48492424049175 2
      vertex 26.013311997056007 18.619871996343136 2
      vertex 25.91283069550991 18.56863608211279 2
    endloop
  endfacet
  facet normal 0 0 1
    outer loop
      vertex 32.51507575950825 6.48492424049175 2
      vertex 26.108013711869717 18.67845942825079 2
      vertex 26.013311997056007 18.619871996343136 2
    endloop
  endfacet
  facet normal 0 0 1
    outer loop
      vertex 32.51507575950825 6.48492424049175 2
      vertex 26.196205712854862 18.743867427110672 2
      vertex 26.108013711869717 18.67845942825079 2
    endloop
  endfacet
  facet normal 0 0 1
    outer loop
      vertex 32.51507575950825 6.48492424049175 2
      vertex 27.30035199970007 18.470144003629684 2
      vertex 26.196205712854862 18.743867427110672 2
    endloop
  endfacet
  facet normal 0 0 1
    outer loop
      vertex 32.51507575950825 6.48492424049175 2
      vertex 27.714815996587276 18.470144003629684 2
      vertex 27.30035199970007 18.470144003629684 2
    endloop
  endfacet
  facet normal 0 0 1
    outer loop
      vertex 32.51507575950825 6.48492424049175 2
      vertex 29.461663998663425 18.470144003629684 2
      vertex 27.714815996587276 18.470144003629684 2
    endloop
  endfacet
  facet normal 0 0 1
    outer loop
      vertex 24.48725812137127 19.010995589196682 2
      vertex 26.29396440833807 19.848032653331757 2
      vertex 24.399903997778893 19.100511997938156 2
    endloop
  endfacet
  facet normal 0 0 1
    outer loop
      vertex 24.58377991616726 18.93525093793869 2
      vertex 26.29396440833807 19.848032653331757 2
      vertex 24.48725812137127 19.010995589196682 2
    endloop
  endfacet
  facet normal 0 0 1
    outer loop
      vertex 24.80432653427124 18.825076900422573 2
      vertex 26.29396440833807 19.848032653331757 2
      vertex 24.689469389617443 18.87327804416418 2
    endloop
  endfacet
  facet normal 0 0 1
    outer loop
      vertex 24.58377991616726 18.93525093793869 2
      vertex 24.689469389617443 18.87327804416418 2
      vertex 26.29396440833807 19.848032653331757 2
    endloop
  endfacet
  facet normal 0 0 1
    outer loop
      vertex 25.203904002904892 18.763103999197483 2
      vertex 25.350155100226402 18.769768491387367 2
      vertex 26.247727669775486 19.55113273113966 2
    endloop
  endfacet
  facet normal 0 0 1
    outer loop
      vertex 24.80432653427124 18.825076900422573 2
      vertex 24.92835135012865 18.790647506713867 2
      vertex 26.29396440833807 19.848032653331757 2
    endloop
  endfacet
  facet normal 0 0 1
    outer loop
      vertex 25.061543837189674 18.769989877939224 2
      vertex 26.29396440833807 19.848032653331757 2
      vertex 24.92835135012865 18.790647506713867 2
    endloop
  endfacet
  facet normal 0 0 1
    outer loop
      vertex 25.061543837189674 18.769989877939224 2
      vertex 25.203904002904892 18.763103999197483 2
      vertex 26.276625633239746 19.694068901240826 2
    endloop
  endfacet
  facet normal 0 0 1
    outer loop
      vertex 24.323045879602432 19.201773062348366 2
      vertex 24.399903997778893 19.100511997938156 2
      vertex 26.29396440833807 19.848032653331757 2
    endloop
  endfacet
  facet normal 0 0 1
    outer loop
      vertex 24.116120159626007 19.853567346930504 2
      vertex 26.29396440833807 19.848032653331757 2
      vertex 26.299744002521038 20.013024002313614 2
    endloop
  endfacet
  facet normal 0 0 1
    outer loop
      vertex 25.350155100226402 18.769768491387367 2
      vertex 25.48635298013687 18.78976196050644 2
      vertex 26.20727053284645 19.41922416538 2
    endloop
  endfacet
  facet normal 0 0 1
    outer loop
      vertex 25.48635298013687 18.78976196050644 2
      vertex 25.61249763518572 18.8230844065547 2
      vertex 26.15525420755148 19.298343181610107 2
    endloop
  endfacet
  facet normal 0 0 1
    outer loop
      vertex 25.61249763518572 18.8230844065547 2
      vertex 25.728589057922363 18.869735836982727 2
      vertex 26.016543999314308 19.08966399729252 2
    endloop
  endfacet
  facet normal 0 0 1
    outer loop
      vertex 25.728589057922363 18.869735836982727 2
      vertex 25.834627263247967 18.929716244339943 2
      vertex 25.93061224371195 19.003025636076927 2
    endloop
  endfacet
  facet normal 0 0 1
    outer loop
      vertex 25.728589057922363 18.869735836982727 2
      vertex 25.93061224371195 19.003025636076927 2
      vertex 26.016543999314308 19.08966399729252 2
    endloop
  endfacet
  facet normal 0 0 1
    outer loop
      vertex 25.61249763518572 18.8230844065547 2
      vertex 26.016543999314308 19.08966399729252 2
      vertex 26.09167869389057 19.18848979473114 2
    endloop
  endfacet
  facet normal 0 0 1
    outer loop
      vertex 25.350155100226402 18.769768491387367 2
      vertex 26.20727053284645 19.41922416538 2
      vertex 26.247727669775486 19.55113273113966 2
    endloop
  endfacet
  facet normal 0 0 1
    outer loop
      vertex 25.203904002904892 18.763103999197483 2
      vertex 26.247727669775486 19.55113273113966 2
      vertex 26.276625633239746 19.694068901240826 2
    endloop
  endfacet
  facet normal 0 0 1
    outer loop
      vertex 25.61249763518572 18.8230844065547 2
      vertex 26.09167869389057 19.18848979473114 2
      vertex 26.15525420755148 19.298343181610107 2
    endloop
  endfacet
  facet normal 0 0 1
    outer loop
      vertex 25.48635298013687 18.78976196050644 2
      vertex 26.15525420755148 19.298343181610107 2
      vertex 26.20727053284645 19.41922416538 2
    endloop
  endfacet
  facet normal 0 0 1
    outer loop
      vertex 25.061543837189674 18.769989877939224 2
      vertex 26.276625633239746 19.694068901240826 2
      vertex 26.29396440833807 19.848032653331757 2
    endloop
  endfacet
  facet normal 0 0 1
    outer loop
      vertex 26.196205712854862 18.743867427110672 2
      vertex 27.30035199970007 18.470144003629684 2
      vertex 26.277888000011444 18.816096000373363 2
    endloop
  endfacet
  facet normal 0 0 1
    outer loop
      vertex 26.277888000011444 18.816096000373363 2
      vertex 27.30035199970007 18.470144003629684 2
      vertex 26.353060573339462 18.895145140588284 2
    endloop
  endfacet
  facet normal 0 0 1
    outer loop
      vertex 26.353060573339462 18.895145140588284 2
      vertex 27.30035199970007 18.470144003629684 2
      vertex 26.421723425388336 18.981014855206013 2
    endloop
  endfacet
  facet normal 0 0 1
    outer loop
      vertex 26.421723425388336 18.981014855206013 2
      vertex 27.30035199970007 18.470144003629684 2
      vertex 26.483876571059227 19.07370514422655 2
    endloop
  endfacet
  facet normal 0 0 1
    outer loop
      vertex 26.483876571059227 19.07370514422655 2
      vertex 27.30035199970007 18.470144003629684 2
      vertex 26.539520002901554 19.173216000199318 2
    endloop
  endfacet
  facet normal 0 0 1
    outer loop
      vertex 26.539520002901554 19.173216000199318 2
      vertex 27.30035199970007 18.470144003629684 2
      vertex 26.588175021111965 19.27857305854559 2
    endloop
  endfacet
  facet normal 0 0 1
    outer loop
      vertex 26.588175021111965 19.27857305854559 2
      vertex 27.30035199970007 18.470144003629684 2
      vertex 26.629344649612904 19.388801962137222 2
    endloop
  endfacet
  facet normal 0 0 1
    outer loop
      vertex 26.629344649612904 19.388801962137222 2
      vertex 27.30035199970007 18.470144003629684 2
      vertex 26.66302889585495 19.503902696073055 2
    endloop
  endfacet
  facet normal 0 0 1
    outer loop
      vertex 26.66302889585495 19.503902696073055 2
      vertex 27.30035199970007 18.470144003629684 2
      vertex 26.689227752387524 19.62387526780367 2
    endloop
  endfacet
  facet normal 0 0 1
    outer loop
      vertex 26.689227752387524 19.62387526780367 2
      vertex 27.30035199970007 18.470144003629684 2
      vertex 26.707941226661205 19.748719669878483 2
    endloop
  endfacet
  facet normal 0 0 1
    outer loop
      vertex 26.707941226661205 19.748719669878483 2
      vertex 27.30035199970007 18.470144003629684 2
      vertex 26.719169303774834 19.878435917198658 2
    endloop
  endfacet
  facet normal 0 0 1
    outer loop
      vertex 26.719169303774834 19.878435917198658 2
      vertex 27.30035199970007 18.470144003629684 2
      vertex 26.72291199862957 20.013024002313614 2
    endloop
  endfacet
  facet normal 0 0 1
    outer loop
      vertex 27.714815996587276 18.470144003629684 2
      vertex 28.667424000799656 19.739583998918533 2
      vertex 27.714815996587276 19.739583998918533 2
    endloop
  endfacet
  facet normal 0 0 1
    outer loop
      vertex 27.714815996587276 18.470144003629684 2
      vertex 29.461663998663425 18.470144003629684 2
      vertex 28.667424000799656 19.739583998918533 2
    endloop
  endfacet
  facet normal 0 0 1
    outer loop
      vertex 29.939071998000145 18.470144003629684 2
      vertex 29.16780734807253 19.80818873643875 2
      vertex 29.07107199728489 19.787327997386456 2
    endloop
  endfacet
  facet normal 0 0 1
    outer loop
      vertex 29.939071998000145 18.470144003629684 2
      vertex 29.258388243615627 19.836046367883682 2
      vertex 29.16780734807253 19.80818873643875 2
    endloop
  endfacet
  facet normal 0 0 1
    outer loop
      vertex 29.939071998000145 18.470144003629684 2
      vertex 29.342814691364765 19.87090089917183 2
      vertex 29.258388243615627 19.836046367883682 2
    endloop
  endfacet
  facet normal 0 0 1
    outer loop
      vertex 29.939071998000145 18.470144003629684 2
      vertex 29.421086691319942 19.91275232285261 2
      vertex 29.342814691364765 19.87090089917183 2
    endloop
  endfacet
  facet normal 0 0 1
    outer loop
      vertex 29.939071998000145 18.470144003629684 2
      vertex 29.49320424348116 19.96160065382719 2
      vertex 29.421086691319942 19.91275232285261 2
    endloop
  endfacet
  facet normal 0 0 1
    outer loop
      vertex 29.939071998000145 18.470144003629684 2
      vertex 29.559167347848415 20.017445877194405 2
      vertex 29.49320424348116 19.96160065382719 2
    endloop
  endfacet
  facet normal 0 0 1
    outer loop
      vertex 29.939071998000145 18.470144003629684 2
      vertex 29.61897599697113 20.080288000404835 2
      vertex 29.559167347848415 20.017445877194405 2
    endloop
  endfacet
  facet normal 0 0 1
    outer loop
      vertex 29.939071998000145 18.470144003629684 2
      vertex 29.67165518552065 20.148842446506023 2
      vertex 29.61897599697113 20.080288000404835 2
    endloop
  endfacet
  facet normal 0 0 1
    outer loop
      vertex 29.939071998000145 18.470144003629684 2
      vertex 29.716229878365993 20.221824653446674 2
      vertex 29.67165518552065 20.148842446506023 2
    endloop
  endfacet
  facet normal 0 0 1
    outer loop
      vertex 29.939071998000145 18.470144003629684 2
      vertex 29.752700082957745 20.299234613776207 2
      vertex 29.716229878365993 20.221824653446674 2
    endloop
  endfacet
  facet normal 0 0 1
    outer loop
      vertex 29.939071998000145 18.470144003629684 2
      vertex 29.781065799295902 20.38107232749462 2
      vertex 29.752700082957745 20.299234613776207 2
    endloop
  endfacet
  facet normal 0 0 1
    outer loop
      vertex 33.196364792033314 3.059852981726298 2
      vertex 40 0 2
      vertex 33.4564800052847 2.9715557647929565 2
    endloop
  endfacet
  facet normal 0 0 1
    outer loop
      vertex 33.4564800052847 2.9715557647929565 2
      vertex 40 0 2
      vertex 33.72589499633789 2.917965791114998 2
    endloop
  endfacet
  facet normal 0 0 1
    outer loop
      vertex 33.72589499633789 2.917965791114998 2
      vertex 40 0 2
      vertex 34 2.9 2
    endloop
  endfacet
  facet normal 0 0 1
    outer loop
      vertex 34 2.9 2
      vertex 40 0 2
      vertex 34.27410500366211 2.917965791114998 2
    endloop
  endfacet
  facet normal 0 0 1
    outer loop
      vertex 34.27410500366211 2.917965791114998 2
      vertex 40 0 2
      vertex 34.5435199947153 2.9715557647929565 2
    endloop
  endfacet
  facet normal 0 0 1
    outer loop
      vertex 34.5435199947153 2.9715557647929565 2
      vertex 40 0 2
      vertex 34.803635207966686 3.059852981726298 2
    endloop
  endfacet
  facet normal 0 0 1
    outer loop
      vertex 34.803635207966686 3.059852981726298 2
      vertex 40 0 2
      vertex 35.05 3.181346652052679 2
    endloop
  endfacet
  facet normal 0 0 1
    outer loop
      vertex 35.05 3.181346652052679 2
      vertex 40 0 2
      vertex 35.27839900091831 3.3339579853884063 2
    endloop
  endfacet
  facet normal 0 0 1
    outer loop
      vertex 35.27839900091831 3.3339579853884063 2
      vertex 40 0 2
      vertex 35.48492424049175 3.51507575950825 2
    endloop
  endfacet
  facet normal 0 0 1
    outer loop
      vertex 35.48492424049175 3.51507575950825 2
      vertex 40 0 2
      vertex 35.66604201461159 3.7216009990816863 2
    endloop
  endfacet
  facet normal 0 0 1
    outer loop
      vertex 35.66604201461159 3.7216009990816863 2
      vertex 40 0 2
      vertex 35.81865334794732 3.95 2
    endloop
  endfacet
  facet normal 0 0 1
    outer loop
      vertex 35.81865334794732 3.95 2
      vertex 40 0 2
      vertex 35.940147018273706 4.196364792033312 2
    endloop
  endfacet
  facet normal 0 0 1
    outer loop
      vertex 35.940147018273706 4.196364792033312 2
      vertex 40 0 2
      vertex 36.02844423520705 4.456480005284707 2
    endloop
  endfacet
  facet normal 0 0 1
    outer loop
      vertex 36.02844423520705 4.456480005284707 2
      vertex 40 0 2
      vertex 36.082034208885005 4.725894996337892 2
    endloop
  endfacet
  facet normal 0 0 1
    outer loop
      vertex 36.082034208885005 4.725894996337892 2
      vertex 40 0 2
      vertex 36.1 5 2
    endloop
  endfacet
  facet normal 0 0 1
    outer loop
      vertex 32.51507575950825 6.48492424049175 2
      vertex 29.939071998000145 18.470144003629684 2
      vertex 29.461663998663425 18.470144003629684 2
    endloop
  endfacet
  facet normal 0 0 1
    outer loop
      vertex 32.51507575950825 6.48492424049175 2
      vertex 33.72589499633789 32.917965791114995 2
      vertex 29.939071998000145 18.470144003629684 2
    endloop
  endfacet
  facet normal 0 0 1
    outer loop
      vertex 36.082034208885005 5.274105003662108 2
      vertex 36.1 5 2
      vertex 40 40 2
    endloop
  endfacet
  facet normal 0 0 1
    outer loop
      vertex 35.81865334794732 6.05 2
      vertex 40 40 2
      vertex 35.66604201461159 6.278399000918314 2
    endloop
  endfacet
  facet normal 0 0 1
    outer loop
      vertex 36.02844423520705 5.543519994715293 2
      vertex 40 40 2
      vertex 35.940147018273706 5.803635207966688 2
    endloop
  endfacet
  facet normal 0 0 1
    outer loop
      vertex 36.082034208885005 5.274105003662108 2
      vertex 40 40 2
      vertex 36.02844423520705 5.543519994715293 2
    endloop
  endfacet
  facet normal 0 0 1
    outer loop
      vertex 35.81865334794732 6.05 2
      vertex 35.940147018273706 5.803635207966688 2
      vertex 40 40 2
    endloop
  endfacet
  facet normal 0 0 1
    outer loop
      vertex 32.51507575950825 6.48492424049175 2
      vertex 32.72160099908169 6.666042014611594 2
      vertex 40 40 2
    endloop
  endfacet
  facet normal 0 0 1
    outer loop
      vertex 32.72160099908169 6.666042014611594 2
      vertex 32.95 6.818653347947321 2
      vertex 40 40 2
    endloop
  endfacet
  facet normal 0 0 1
    outer loop
      vertex 32.95 6.818653347947321 2
      vertex 33.196364792033314 6.940147018273702 2
      vertex 40 40 2
    endloop
  endfacet
  facet normal 0 0 1
    outer loop
      vertex 33.196364792033314 6.940147018273702 2
      vertex 33.4564800052847 7.0284442352070435 2
      vertex 40 40 2
    endloop
  endfacet
  facet normal 0 0 1
    outer loop
      vertex 33.4564800052847 7.0284442352070435 2
      vertex 33.72589499633789 7.082034208885002 2
      vertex 40 40 2
    endloop
  endfacet
  facet normal 0 0 1
    outer loop
      vertex 33.72589499633789 7.082034208885002 2
      vertex 34 7.1 2
      vertex 40 40 2
    endloop
  endfacet
  facet normal 0 0 1
    outer loop
      vertex 34 7.1 2
      vertex 34.27410500366211 7.082034208885002 2
      vertex 40 40 2
    endloop
  endfacet
  facet normal 0 0 1
    outer loop
      vertex 34.27410500366211 7.082034208885002 2
      vertex 34.5435199947153 7.0284442352070435 2
      vertex 40 40 2
    endloop
  endfacet
  facet normal 0 0 1
    outer loop
      vertex 34.5435199947153 7.0284442352070435 2
      vertex 34.803635207966686 6.940147018273702 2
      vertex 40 40 2
    endloop
  endfacet
  facet normal 0 0 1
    outer loop
      vertex 34.803635207966686 6.940147018273702 2
      vertex 35.05 6.818653347947321 2
      vertex 40 40 2
    endloop
  endfacet
  facet normal 0 0 1
    outer loop
      vertex 35.05 6.818653347947321 2
      vertex 35.27839900091831 6.666042014611594 2
      vertex 40 40 2
    endloop
  endfacet
  facet normal 0 0 1
    outer loop
      vertex 35.27839900091831 6.666042014611594 2
      vertex 35.48492424049175 6.48492424049175 2
      vertex 40 40 2
    endloop
  endfacet
  facet normal 0 0 1
    outer loop
      vertex 35.48492424049175 6.48492424049175 2
      vertex 35.66604201461159 6.278399000918314 2
      vertex 40 40 2
    endloop
  endfacet
  facet normal 0 0 1
    outer loop
      vertex 40 0 2
      vertex 40 40 2
      vertex 36.1 5 2
    endloop
  endfacet
  facet normal 0 0 -1
    outer loop
      vertex 3 16 0
      vertex 32.059852981726294 34.196364792033314 0
      vertex 32.18134665205268 33.95 0
    endloop
  endfacet
  facet normal 0 0 -1
    outer loop
      vertex 3 16 0
      vertex 31.917965791114998 34.72589499633789 0
      vertex 31.971555764792956 34.4564800052847 0
    endloop
  endfacet
  facet normal 0 0 -1
    outer loop
      vertex 3 16 0
      vertex 31.971555764792956 34.4564800052847 0
      vertex 32.059852981726294 34.196364792033314 0
    endloop
  endfacet
  facet normal 0 0 -1
    outer loop
      vertex 3 16 0
      vertex 32.18134665205268 33.95 0
      vertex 32.33395798538841 33.72160099908169 0
    endloop
  endfacet
  facet normal 0 0 -1
    outer loop
      vertex 3 24 0
      vertex 31.9 35 0
      vertex 31.917965791114998 34.72589499633789 0
    endloop
  endfacet
  facet normal 0 0 -1
    outer loop
      vertex 3 24 0
      vertex 31.917965791114998 35.27410500366211 0
      vertex 31.9 35 0
    endloop
  endfacet
  facet normal 0 0 -1
    outer loop
      vertex 3 24 0
      vertex 31.971555764792956 35.5435199947153 0
      vertex 31.917965791114998 35.27410500366211 0
    endloop
  endfacet
  facet normal 0 0 -1
    outer loop
      vertex 3 24 0
      vertex 32.059852981726294 35.803635207966686 0
      vertex 31.971555764792956 35.5435199947153 0
    endloop
  endfacet
  facet normal 0 0 -1
    outer loop
      vertex 3 24 0
      vertex 32.18134665205268 36.05 0
      vertex 32.059852981726294 35.803635207966686 0
    endloop
  endfacet
  facet normal 0 0 -1
    outer loop
      vertex 3 24 0
      vertex 32.33395798538841 36.27839900091831 0
      vertex 32.18134665205268 36.05 0
    endloop
  endfacet
  facet normal 0 0 -1
    outer loop
      vertex 3 24 0
      vertex 32.51507575950825 36.48492424049175 0
      vertex 32.33395798538841 36.27839900091831 0
    endloop
  endfacet
  facet normal 0 0 -1
    outer loop
      vertex 3 24 0
      vertex 32.72160099908169 36.66604201461159 0
      vertex 32.51507575950825 36.48492424049175 0
    endloop
  endfacet
  facet normal 0 0 -1
    outer loop
      vertex 3 24 0
      vertex 32.95 36.81865334794732 0
      vertex 32.72160099908169 36.66604201461159 0
    endloop
  endfacet
  facet normal 0 0 -1
    outer loop
      vertex 3 24 0
      vertex 33.196364792033314 36.940147018273706 0
      vertex 32.95 36.81865334794732 0
    endloop
  endfacet
  facet normal 0 0 -1
    outer loop
      vertex 10.05 33.18134665205268 0
      vertex 10.278399000918313 33.33395798538841 0
      vertex 40 40 0
    endloop
  endfacet
  facet normal 0 0 -1
    outer loop
      vertex 10.278399000918313 33.33395798538841 0
      vertex 10.48492424049175 33.51507575950825 0
      vertex 40 40 0
    endloop
  endfacet
  facet normal 0 0 -1
    outer loop
      vertex 10.48492424049175 33.51507575950825 0
      vertex 10.666042014611595 33.72160099908169 0
      vertex 40 40 0
    endloop
  endfacet
  facet normal 0 0 -1
    outer loop
      vertex 10.666042014611595 33.72160099908169 0
      vertex 10.818653347947322 33.95 0
      vertex 40 40 0
    endloop
  endfacet
  facet normal 0 0 -1
    outer loop
      vertex 10.818653347947322 33.95 0
      vertex 10.940147018273702 34.196364792033314 0
      vertex 40 40 0
    endloop
  endfacet
  facet normal 0 0 -1
    outer loop
      vertex 10.940147018273702 34.196364792033314 0
      vertex 11.028444235207044 34.4564800052847 0
      vertex 40 40 0
    endloop
  endfacet
  facet normal 0 0 -1
    outer loop
      vertex 10.818653347947322 36.05 0
      vertex 40 40 0
      vertex 10.940147018273702 35.803635207966686 0
    endloop
  endfacet
  facet normal 0 0 -1
    outer loop
      vertex 10.818653347947322 36.05 0
      vertex 10.666042014611595 36.27839900091831 0
      vertex 40 40 0
    endloop
  endfacet
  facet normal 0 0 -1
    outer loop
      vertex 11.028444235207044 34.4564800052847 0
      vertex 11.082034208885002 34.72589499633789 0
      vertex 40 40 0
    endloop
  endfacet
  facet normal 0 0 -1
    outer loop
      vertex 11.082034208885002 34.72589499633789 0
      vertex 11.1 35 0
      vertex 40 40 0
    endloop
  endfacet
  facet normal 0 0 -1
    outer loop
      vertex 11.082034208885002 35.27410500366211 0
      vertex 40 40 0
      vertex 11.1 35 0
    endloop
  endfacet
  facet normal 0 0 -1
    outer loop
      vertex 11.082034208885002 35.27410500366211 0
      vertex 11.028444235207044 35.5435199947153 0
      vertex 40 40 0
    endloop
  endfacet
  facet normal 0 0 -1
    outer loop
      vertex 11.028444235207044 35.5435199947153 0
      vertex 10.940147018273702 35.803635207966686 0
      vertex 40 40 0
    endloop
  endfacet
  facet normal 0 0 -1
    outer loop
      vertex 10.278399000918313 36.66604201461159 0
      vertex 40 40 0
      vertex 10.48492424049175 36.48492424049175 0
    endloop
  endfacet
  facet normal 0 0 -1
    outer loop
      vertex 10.05 36.81865334794732 0
      vertex 40 40 0
      vertex 10.278399000918313 36.66604201461159 0
    endloop
  endfacet
  facet normal 0 0 -1
    outer loop
      vertex 10.48492424049175 36.48492424049175 0
      vertex 40 40 0
      vertex 10.666042014611595 36.27839900091831 0
    endloop
  endfacet
  facet normal 0 0 -1
    outer loop
      vertex 3 24 0
      vertex 40 40 0
      vertex 33.196364792033314 36.940147018273706 0
    endloop
  endfacet
  facet normal 0 1 0
    outer loop
      vertex 0 40 0
      vertex 40 40 2
      vertex 40 40 0
    endloop
  endfacet
  facet normal 0 0 -1
    outer loop
      vertex 32.33395798538841 6.278399000918314 0
      vertex 32.33395798538841 33.72160099908169 0
      vertex 32.51507575950825 33.51507575950825 0
    endloop
  endfacet
  facet normal 0 0 -1
    outer loop
      vertex 32.95 6.818653347947321 0
      vertex 32.95 33.18134665205268 0
      vertex 33.196364792033314 33.059852981726294 0
    endloop
  endfacet
  facet normal 0 0 -1
    outer loop
      vertex 32.51507575950825 6.48492424049175 0
      vertex 32.51507575950825 33.51507575950825 0
      vertex 32.72160099908169 33.33395798538841 0
    endloop
  endfacet
  facet normal 0 0 -1
    outer loop
      vertex 32.72160099908169 6.666042014611594 0
      vertex 32.72160099908169 33.33395798538841 0
      vertex 32.95 33.18134665205268 0
    endloop
  endfacet
  facet normal 0 0 -1
    outer loop
      vertex 33.196364792033314 6.940147018273702 0
      vertex 33.196364792033314 33.059852981726294 0
      vertex 33.4564800052847 32.97155576479295 0
    endloop
  endfacet
  facet normal 0 0 -1
    outer loop
      vertex 33.4564800052847 7.0284442352070435 0
      vertex 33.4564800052847 32.97155576479295 0
      vertex 33.72589499633789 32.917965791114995 0
    endloop
  endfacet
  facet normal 0 0 -1
    outer loop
      vertex 33.72589499633789 7.082034208885002 0
      vertex 33.72589499633789 32.917965791114995 0
      vertex 34 32.9 0
    endloop
  endfacet
  facet normal 0 0 -1
    outer loop
      vertex 34 7.1 0
      vertex 34 32.9 0
      vertex 34.27410500366211 32.917965791114995 0
    endloop
  endfacet
  facet normal 0 0 -1
    outer loop
      vertex 34.27410500366211 7.082034208885002 0
      vertex 34.27410500366211 32.917965791114995 0
      vertex 34.5435199947153 32.97155576479295 0
    endloop
  endfacet
  facet normal 0 0 -1
    outer loop
      vertex 34.5435199947153 7.0284442352070435 0
      vertex 34.5435199947153 32.97155576479295 0
      vertex 34.803635207966686 33.059852981726294 0
    endloop
  endfacet
  facet normal 0 0 -1
    outer loop
      vertex 34.803635207966686 6.940147018273702 0
      vertex 34.803635207966686 33.059852981726294 0
      vertex 35.05 33.18134665205268 0
    endloop
  endfacet
  facet normal 0 0 -1
    outer loop
      vertex 40 0 0
      vertex 35.27839900091831 33.33395798538841 0
      vertex 35.48492424049175 33.51507575950825 0
    endloop
  endfacet
  facet normal 0 0 -1
    outer loop
      vertex 40 0 0
      vertex 35.48492424049175 33.51507575950825 0
      vertex 35.66604201461159 33.72160099908169 0
    endloop
  endfacet
  facet normal 0 0 -1
    outer loop
      vertex 35.05 6.818653347947321 0
      vertex 35.05 33.18134665205268 0
      vertex 35.27839900091831 33.33395798538841 0
    endloop
  endfacet
  facet normal 0 0 -1
    outer loop
      vertex 40 0 0
      vertex 35.66604201461159 33.72160099908169 0
      vertex 35.81865334794732 33.95 0
    endloop
  endfacet
  facet normal 0 0 -1
    outer loop
      vertex 40 0 0
      vertex 35.81865334794732 33.95 0
      vertex 35.940147018273706 34.196364792033314 0
    endloop
  endfacet
  facet normal 0 0 -1
    outer loop
      vertex 40 0 0
      vertex 35.940147018273706 34.196364792033314 0
      vertex 36.02844423520705 34.4564800052847 0
    endloop
  endfacet
  facet normal 0 0 -1
    outer loop
      vertex 40 0 0
      vertex 36.02844423520705 34.4564800052847 0
      vertex 36.082034208885005 34.72589499633789 0
    endloop
  endfacet
  facet normal 0 0 -1
    outer loop
      vertex 40 0 0
      vertex 36.082034208885005 34.72589499633789 0
      vertex 36.1 35 0
    endloop
  endfacet
  facet normal 0 0 -1
    outer loop
      vertex 40 0 0
      vertex 36.1 35 0
      vertex 36.082034208885005 35.27410500366211 0
    endloop
  endfacet
  facet normal 0 0 -1
    outer loop
      vertex 40 0 0
      vertex 36.082034208885005 35.27410500366211 0
      vertex 40 40 0
    endloop
  endfacet
  facet normal 0 0 -1
    outer loop
      vertex 35.81865334794732 36.05 0
      vertex 35.66604201461159 36.27839900091831 0
      vertex 40 40 0
    endloop
  endfacet
  facet normal 0 0 -1
    outer loop
      vertex 36.02844423520705 35.5435199947153 0
      vertex 35.940147018273706 35.803635207966686 0
      vertex 40 40 0
    endloop
  endfacet
  facet normal 0 0 -1
    outer loop
      vertex 36.082034208885005 35.27410500366211 0
      vertex 36.02844423520705 35.5435199947153 0
      vertex 40 40 0
    endloop
  endfacet
  facet normal 0 0 -1
    outer loop
      vertex 35.81865334794732 36.05 0
      vertex 40 40 0
      vertex 35.940147018273706 35.803635207966686 0
    endloop
  endfacet
  facet normal 0 0 -1
    outer loop
      vertex 33.196364792033314 36.940147018273706 0
      vertex 40 40 0
      vertex 33.4564800052847 37.02844423520705 0
    endloop
  endfacet
  facet normal 0 0 -1
    outer loop
      vertex 33.4564800052847 37.02844423520705 0
      vertex 40 40 0
      vertex 33.72589499633789 37.082034208885005 0
    endloop
  endfacet
  facet normal 0 0 -1
    outer loop
      vertex 33.72589499633789 37.082034208885005 0
      vertex 40 40 0
      vertex 34 37.1 0
    endloop
  endfacet
  facet normal 0 0 -1
    outer loop
      vertex 34 37.1 0
      vertex 40 40 0
      vertex 34.27410500366211 37.082034208885005 0
    endloop
  endfacet
  facet normal 0 0 -1
    outer loop
      vertex 34.27410500366211 37.082034208885005 0
      vertex 40 40 0
      vertex 34.5435199947153 37.02844423520705 0
    endloop
  endfacet
  facet normal 0 0 -1
    outer loop
      vertex 34.5435199947153 37.02844423520705 0
      vertex 40 40 0
      vertex 34.803635207966686 36.940147018273706 0
    endloop
  endfacet
  facet normal 0 0 -1
    outer loop
      vertex 34.803635207966686 36.940147018273706 0
      vertex 40 40 0
      vertex 35.05 36.81865334794732 0
    endloop
  endfacet
  facet normal 0 0 -1
    outer loop
      vertex 35.05 36.81865334794732 0
      vertex 40 40 0
      vertex 35.27839900091831 36.66604201461159 0
    endloop
  endfacet
  facet normal 0 0 -1
    outer loop
      vertex 35.27839900091831 36.66604201461159 0
      vertex 40 40 0
      vertex 35.48492424049175 36.48492424049175 0
    endloop
  endfacet
  facet normal 0 0 -1
    outer loop
      vertex 35.48492424049175 36.48492424049175 0
      vertex 40 40 0
      vertex 35.66604201461159 36.27839900091831 0
    endloop
  endfacet
  facet normal 0 0 1
    outer loop
      vertex 20.450112000107765 20.848448000848293 2
      vertex 20.943999998271465 21.189152002334595 2
      vertex 20.395045220851898 20.946080654859543 2
    endloop
  endfacet
  facet normal 0 0 1
    outer loop
      vertex 20.395045220851898 20.946080654859543 2
      vertex 20.943999998271465 21.189152002334595 2
      vertex 20.333378612995148 21.036848329007626 2
    endloop
  endfacet
  facet normal 0 0 1
    outer loop
      vertex 20.333378612995148 21.036848329007626 2
      vertex 20.943999998271465 21.52768000215292 2
      vertex 20.265112161636353 21.12075102329254 2
    endloop
  endfacet
  facet normal 0 0 1
    outer loop
      vertex 20.631328001618385 20.013024002313614 2
      vertex 21.99430400133133 21.189152002334595 2
      vertex 20.627629712224007 20.148047670722008 2
    endloop
  endfacet
  facet normal 0 0 1
    outer loop
      vertex 20.616534858942032 20.277845554053783 2
      vertex 20.627629712224007 20.148047670722008 2
      vertex 21.99430400133133 21.189152002334595 2
    endloop
  endfacet
  facet normal 0 0 1
    outer loop
      vertex 20.616534858942032 20.277845554053783 2
      vertex 21.99430400133133 21.189152002334595 2
      vertex 20.5980434268713 20.4024176299572 2
    endloop
  endfacet
  facet normal 0 0 1
    outer loop
      vertex 20.5980434268713 20.4024176299572 2
      vertex 20.943999998271465 21.189152002334595 2
      vertex 20.57215543091297 20.521763920783997 2
    endloop
  endfacet
  facet normal 0 0 1
    outer loop
      vertex 20.538870856165886 20.635884411633015 2
      vertex 20.943999998271465 21.189152002334595 2
      vertex 20.498189717531204 20.744779102504253 2
    endloop
  endfacet
  facet normal 0 0 1
    outer loop
      vertex 20.57215543091297 20.521763920783997 2
      vertex 20.943999998271465 21.189152002334595 2
      vertex 20.538870856165886 20.635884411633015 2
    endloop
  endfacet
  facet normal 0 0 1
    outer loop
      vertex 20.498189717531204 20.744779102504253 2
      vertex 20.943999998271465 21.189152002334595 2
      vertex 20.450112000107765 20.848448000848293 2
    endloop
  endfacet
  facet normal 0 0 1
    outer loop
      vertex 20.5980434268713 20.4024176299572 2
      vertex 21.99430400133133 21.189152002334595 2
      vertex 20.943999998271465 21.189152002334595 2
    endloop
  endfacet
  facet normal 0 0 1
    outer loop
      vertex 19.825567349791527 21.43693583458662 2
      vertex 20.943999998271465 21.52768000215292 2
      vertex 19.720038533210754 21.4785867780447 2
    endloop
  endfacet
  facet normal 0 0 1
    outer loop
      vertex 19.92604800313711 21.387712001800537 2
      vertex 20.943999998271465 21.52768000215292 2
      vertex 19.825567349791527 21.43693583458662 2
    endloop
  endfacet
  facet normal 0 0 1
    outer loop
      vertex 19.92604800313711 21.387712001800537 2
      vertex 20.020713798701763 21.33126922696829 2
      vertex 20.943999998271465 21.52768000215292 2
    endloop
  endfacet
  facet normal 0 0 1
    outer loop
      vertex 20.10877975821495 21.267961472272873 2
      vertex 20.943999998271465 21.52768000215292 2
      vertex 20.020713798701763 21.33126922696829 2
    endloop
  endfacet
  facet normal 0 0 1
    outer loop
      vertex 20.265112161636353 21.12075102329254 2
      vertex 20.943999998271465 21.52768000215292 2
      vertex 20.190245874226093 21.19778873771429 2
    endloop
  endfacet
  facet normal 0 0 1
    outer loop
      vertex 20.190245874226093 21.19778873771429 2
      vertex 20.943999998271465 21.52768000215292 2
      vertex 20.10877975821495 21.267961472272873 2
    endloop
  endfacet
  facet normal 0 0 1
    outer loop
      vertex 20.333378612995148 21.036848329007626 2
      vertex 20.943999998271465 21.189152002334595 2
      vertex 20.943999998271465 21.52768000215292 2
    endloop
  endfacet
  facet normal 0 0 1
    outer loop
      vertex 22.40659199655056 18.470144003629684 2
      vertex 23.45686399936676 21.189152002334595 2
      vertex 22.40659199655056 21.189152002334595 2
    endloop
  endfacet
  facet normal 0 0 1
    outer loop
      vertex 22.40659199655056 18.470144003629684 2
      vertex 23.76298187673092 20.58289959281683 2
      vertex 23.45686399936676 21.189152002334595 2
    endloop
  endfacet
  facet normal 0 0 1
    outer loop
      vertex 23.76298187673092 20.58289959281683 2
      vertex 23.820330448448658 20.74673044681549 2
      vertex 23.45686399936676 21.189152002334595 2
    endloop
  endfacet
  facet normal 0 0 1
    outer loop
      vertex 23.820330448448658 20.74673044681549 2
      vertex 23.89406432956457 20.897497467696667 2
      vertex 23.45686399936676 21.189152002334595 2
    endloop
  endfacet
  facet normal 0 0 1
    outer loop
      vertex 23.45686399936676 21.189152002334595 2
      vertex 24.09068799763918 21.159840002655983 2
      vertex 23.45686399936676 21.52768000215292 2
    endloop
  endfacet
  facet normal 0 0 1
    outer loop
      vertex 23.89406432956457 20.897497467696667 2
      vertex 23.98418351262808 21.035200655460358 2
      vertex 23.45686399936676 21.189152002334595 2
    endloop
  endfacet
  facet normal 0 0 1
    outer loop
      vertex 23.98418351262808 21.035200655460358 2
      vertex 24.09068799763918 21.159840002655983 2
      vertex 23.45686399936676 21.189152002334595 2
    endloop
  endfacet
  facet normal 0 0 1
    outer loop
      vertex 24.110207997262478 20.013024002313614 2
      vertex 25.486635103821754 21.20814824849367 2
      vertex 24.11605355143547 20.173294365406036 2
    endloop
  endfacet
  facet normal 0 0 1
    outer loop
      vertex 24.11605355143547 20.173294365406036 2
      vertex 25.352250777184963 21.228077061474323 2
      vertex 24.133590206503868 20.323024325072765 2
    endloop
  endfacet
  facet normal 0 0 1
    outer loop
      vertex 24.133590206503868 20.323024325072765 2
      vertex 25.208255998790264 21.23471999913454 2
      vertex 24.16281796246767 20.46221387386322 2
    endloop
  endfacet
  facet normal 0 0 1
    outer loop
      vertex 24.16281796246767 20.46221387386322 2
      vertex 25.06308375298977 21.22816587984562 2
      vertex 24.203736819326878 20.59086301922798 2
    endloop
  endfacet
  facet normal 0 0 1
    outer loop
      vertex 24.203736819326878 20.59086301922798 2
      vertex 24.92765387892723 21.208503507077694 2
      vertex 24.25634677708149 20.70897175371647 2
    endloop
  endfacet
  facet normal 0 0 1
    outer loop
      vertex 24.25634677708149 20.70897175371647 2
      vertex 24.92765387892723 21.208503507077694 2
      vertex 24.320647835731506 20.816540084779263 2
    endloop
  endfacet
  facet normal 0 0 1
    outer loop
      vertex 24.320647835731506 20.816540084779263 2
      vertex 24.80196636915207 21.175732895731926 2
      vertex 24.39664000272751 20.9135679975152 2
    endloop
  endfacet
  facet normal 0 0 1
    outer loop
      vertex 24.39664000272751 20.9135679975152 2
      vertex 24.686021223664284 21.129854038357735 2
      vertex 24.483358040452003 20.998771592974663 2
    endloop
  endfacet
  facet normal 0 0 1
    outer loop
      vertex 24.483358040452003 20.998771592974663 2
      vertex 24.686021223664284 21.129854038357735 2
      vertex 24.579818449914455 21.0708669424057 2
    endloop
  endfacet
  facet normal 0 0 1
    outer loop
      vertex 24.39664000272751 20.9135679975152 2
      vertex 24.80196636915207 21.175732895731926 2
      vertex 24.686021223664284 21.129854038357735 2
    endloop
  endfacet
  facet normal 0 0 1
    outer loop
      vertex 24.320647835731506 20.816540084779263 2
      vertex 24.92765387892723 21.208503507077694 2
      vertex 24.80196636915207 21.175732895731926 2
    endloop
  endfacet
  facet normal 0 0 1
    outer loop
      vertex 24.133590206503868 20.323024325072765 2
      vertex 25.352250777184963 21.228077061474323 2
      vertex 25.208255998790264 21.23471999913454 2
    endloop
  endfacet
  facet normal 0 0 1
    outer loop
      vertex 24.11605355143547 20.173294365406036 2
      vertex 25.486635103821754 21.20814824849367 2
      vertex 25.352250777184963 21.228077061474323 2
    endloop
  endfacet
  facet normal 0 0 1
    outer loop
      vertex 24.203736819326878 20.59086301922798 2
      vertex 25.06308375298977 21.22816587984562 2
      vertex 24.92765387892723 21.208503507077694 2
    endloop
  endfacet
  facet normal 0 0 1
    outer loop
      vertex 24.16281796246767 20.46221387386322 2
      vertex 25.208255998790264 21.23471999913454 2
      vertex 25.06308375298977 21.22816587984562 2
    endloop
  endfacet
  facet normal 0 0 1
    outer loop
      vertex 23.45686399936676 21.52768000215292 2
      vertex 24.09068799763918 21.159840002655983 2
      vertex 24.21180734783411 21.269519671797752 2
    endloop
  endfacet
  facet normal 0 0 1
    outer loop
      vertex 23.45686399936676 21.52768000215292 2
      vertex 24.21180734783411 21.269519671797752 2
      vertex 24.345771104097366 21.36232554912567 2
    endloop
  endfacet
  facet normal 0 0 1
    outer loop
      vertex 23.45686399936676 21.52768000215292 2
      vertex 24.345771104097366 21.36232554912567 2
      vertex 24.492579266428947 21.43825763463974 2
    endloop
  endfacet
  facet normal 0 0 1
    outer loop
      vertex 23.45686399936676 21.52768000215292 2
      vertex 24.492579266428947 21.43825763463974 2
      vertex 24.652231834828854 21.497315920889378 2
    endloop
  endfacet
  facet normal 0 0 1
    outer loop
      vertex 23.45686399936676 21.52768000215292 2
      vertex 24.652231834828854 21.497315920889378 2
      vertex 24.824728816747665 21.539500407874584 2
    endloop
  endfacet
  facet normal 0 0 1
    outer loop
      vertex 33.72589499633789 32.917965791114995 2
      vertex 12.23292800039053 20.726943999528885 2
      vertex 14.049471996724606 21.52768000215292 2
    endloop
  endfacet
  facet normal 0 0 1
    outer loop
      vertex 33.72589499633789 32.917965791114995 2
      vertex 14.049471996724606 21.52768000215292 2
      vertex 14.594112001359463 21.52768000215292 2
    endloop
  endfacet
  facet normal 0 0 1
    outer loop
      vertex 33.72589499633789 32.917965791114995 2
      vertex 14.594112001359463 21.52768000215292 2
      vertex 16.490719996392727 21.52768000215292 2
    endloop
  endfacet
  facet normal 0 0 1
    outer loop
      vertex 33.72589499633789 32.917965791114995 2
      vertex 16.490719996392727 21.52768000215292 2
      vertex 17.022367998957634 21.52768000215292 2
    endloop
  endfacet
  facet normal 0 0 1
    outer loop
      vertex 3 16 2
      vertex 32.18134665205268 33.95 2
      vertex 32.059852981726294 34.196364792033314 2
    endloop
  endfacet
  facet normal 0 0 1
    outer loop
      vertex 3 16 2
      vertex 31.971555764792956 34.4564800052847 2
      vertex 31.917965791114998 34.72589499633789 2
    endloop
  endfacet
  facet normal 0 0 1
    outer loop
      vertex 3 16 2
      vertex 32.059852981726294 34.196364792033314 2
      vertex 31.971555764792956 34.4564800052847 2
    endloop
  endfacet
  facet normal 0 0 1
    outer loop
      vertex 3 16 2
      vertex 31.917965791114998 34.72589499633789 2
      vertex 31.9 35 2
    endloop
  endfacet
  facet normal 0 0 1
    outer loop
      vertex 33.72589499633789 32.917965791114995 2
      vertex 17.022367998957634 21.52768000215292 2
      vertex 18.73314481973648 21.539500407874584 2
    endloop
  endfacet
  facet normal 0 0 1
    outer loop
      vertex 33.72589499633789 32.917965791114995 2
      vertex 18.73314481973648 21.539500407874584 2
      vertex 18.918486207723618 21.56481110304594 2
    endloop
  endfacet
  facet normal 0 0 1
    outer loop
      vertex 33.72589499633789 32.917965791114995 2
      vertex 18.918486207723618 21.56481110304594 2
      vertex 19.11667200177908 21.573247998952866 2
    endloop
  endfacet
  facet normal 0 0 1
    outer loop
      vertex 33.72589499633789 32.917965791114995 2
      vertex 19.11667200177908 21.573247998952866 2
      vertex 19.24744163453579 21.569461554288864 2
    endloop
  endfacet
  facet normal 0 0 1
    outer loop
      vertex 33.72589499633789 32.917965791114995 2
      vertex 19.609461553394794 21.512664817273617 2
      vertex 19.720038533210754 21.4785867780447 2
    endloop
  endfacet
  facet normal 0 0 1
    outer loop
      vertex 33.72589499633789 32.917965791114995 2
      vertex 19.24744163453579 21.569461554288864 2
      vertex 19.373163104057312 21.5581022053957 2
    endloop
  endfacet
  facet normal 0 0 1
    outer loop
      vertex 33.72589499633789 32.917965791114995 2
      vertex 19.373163104057312 21.5581022053957 2
      vertex 19.493836410343647 21.53916995972395 2
    endloop
  endfacet
  facet normal 0 0 1
    outer loop
      vertex 33.72589499633789 32.917965791114995 2
      vertex 19.493836410343647 21.53916995972395 2
      vertex 19.609461553394794 21.512664817273617 2
    endloop
  endfacet
  facet normal 0 0 1
    outer loop
      vertex 33.72589499633789 32.917965791114995 2
      vertex 19.720038533210754 21.4785867780447 2
      vertex 20.943999998271465 21.52768000215292 2
    endloop
  endfacet
  facet normal 0 0 1
    outer loop
      vertex 3 16 2
      vertex 32.51507575950825 33.51507575950825 2
      vertex 32.33395798538841 33.72160099908169 2
    endloop
  endfacet
  facet normal 0 0 1
    outer loop
      vertex 3 16 2
      vertex 32.33395798538841 33.72160099908169 2
      vertex 32.18134665205268 33.95 2
    endloop
  endfacet
  facet normal 0 0 1
    outer loop
      vertex 24.110207997262478 20.013024002313614 2
      vertex 26.299744002521038 20.013024002313614 2
      vertex 26.293920651078224 20.171073958277702 2
    endloop
  endfacet
  facet normal 0 0 1
    outer loop
      vertex 24.110207997262478 20.013024002313614 2
      vertex 26.276450611650944 20.31911640614271 2
      vertex 26.247333876788616 20.457151345908642 2
    endloop
  endfacet
  facet normal 0 0 1
    outer loop
      vertex 24.110207997262478 20.013024002313614 2
      vertex 26.293920651078224 20.171073958277702 2
      vertex 26.276450611650944 20.31911640614271 2
    endloop
  endfacet
  facet normal 0 0 1
    outer loop
      vertex 24.110207997262478 20.013024002313614 2
      vertex 26.1541603282094 20.703198693692684 2
      vertex 26.09010350704193 20.811211101710796 2
    endloop
  endfacet
  facet normal 0 0 1
    outer loop
      vertex 24.110207997262478 20.013024002313614 2
      vertex 26.09010350704193 20.811211101710796 2
      vertex 26.014399997889996 20.90921600162983 2
    endloop
  endfacet
  facet normal 0 0 1
    outer loop
      vertex 24.110207997262478 20.013024002313614 2
      vertex 26.247333876788616 20.457151345908642 2
      vertex 26.20657044649124 20.585178777575493 2
    endloop
  endfacet
  facet normal 0 0 1
    outer loop
      vertex 24.110207997262478 20.013024002313614 2
      vertex 26.20657044649124 20.585178777575493 2
      vertex 26.1541603282094 20.703198693692684 2
    endloop
  endfacet
  facet normal 0 0 1
    outer loop
      vertex 24.110207997262478 20.013024002313614 2
      vertex 25.726572409272194 21.128432981669903 2
      vertex 25.611408978700638 21.174933552742004 2
    endloop
  endfacet
  facet normal 0 0 1
    outer loop
      vertex 24.110207997262478 20.013024002313614 2
      vertex 25.611408978700638 21.174933552742004 2
      vertex 25.486635103821754 21.20814824849367 2
    endloop
  endfacet
  facet normal 0 0 1
    outer loop
      vertex 24.110207997262478 20.013024002313614 2
      vertex 25.832125388085842 21.068646527826786 2
      vertex 25.726572409272194 21.128432981669903 2
    endloop
  endfacet
  facet normal 0 0 1
    outer loop
      vertex 24.110207997262478 20.013024002313614 2
      vertex 25.928067915141582 20.995574206113815 2
      vertex 25.832125388085842 21.068646527826786 2
    endloop
  endfacet
  facet normal 0 0 1
    outer loop
      vertex 24.110207997262478 20.013024002313614 2
      vertex 26.014399997889996 20.90921600162983 2
      vertex 25.928067915141582 20.995574206113815 2
    endloop
  endfacet
  facet normal 0 0 1
    outer loop
      vertex 26.663739427924156 20.521763920783997 2
      vertex 27.30035199970007 21.52768000215292 2
      vertex 26.63045486062765 20.635884411633015 2
    endloop
  endfacet
  facet normal 0 0 1
    outer loop
      vertex 26.424962610006332 21.036848329007626 2
      vertex 27.30035199970007 21.52768000215292 2
      vertex 26.356696166098118 21.12075102329254 2
    endloop
  endfacet
  facet normal 0 0 1
    outer loop
      vertex 26.63045486062765 20.635884411633015 2
      vertex 27.30035199970007 21.52768000215292 2
      vertex 26.58977371454239 20.744779102504253 2
    endloop
  endfacet
  facet normal 0 0 1
    outer loop
      vertex 26.58977371454239 20.744779102504253 2
      vertex 27.30035199970007 21.52768000215292 2
      vertex 26.54169599711895 20.848448000848293 2
    endloop
  endfacet
  facet normal 0 0 1
    outer loop
      vertex 26.486629225313663 20.946080654859543 2
      vertex 27.30035199970007 21.52768000215292 2
      vertex 26.424962610006332 21.036848329007626 2
    endloop
  endfacet
  facet normal 0 0 1
    outer loop
      vertex 26.54169599711895 20.848448000848293 2
      vertex 27.30035199970007 21.52768000215292 2
      vertex 26.486629225313663 20.946080654859543 2
    endloop
  endfacet
  facet normal 0 0 1
    outer loop
      vertex 26.72291199862957 20.013024002313614 2
      vertex 27.30035199970007 18.470144003629684 2
      vertex 27.30035199970007 21.52768000215292 2
    endloop
  endfacet
  facet normal 0 0 1
    outer loop
      vertex 26.72291199862957 20.013024002313614 2
      vertex 27.30035199970007 21.52768000215292 2
      vertex 26.719213716685772 20.148047670722008 2
    endloop
  endfacet
  facet normal 0 0 1
    outer loop
      vertex 26.719213716685772 20.148047670722008 2
      vertex 27.30035199970007 21.52768000215292 2
      vertex 26.708118855953217 20.277845554053783 2
    endloop
  endfacet
  facet normal 0 0 1
    outer loop
      vertex 26.708118855953217 20.277845554053783 2
      vertex 27.30035199970007 21.52768000215292 2
      vertex 26.689627431333065 20.4024176299572 2
    endloop
  endfacet
  facet normal 0 0 1
    outer loop
      vertex 26.689627431333065 20.4024176299572 2
      vertex 27.30035199970007 21.52768000215292 2
      vertex 26.663739427924156 20.521763920783997 2
    endloop
  endfacet
  facet normal 0 0 1
    outer loop
      vertex 25.81162253022194 21.4785867780447 2
      vertex 25.91715134680271 21.43693583458662 2
      vertex 27.30035199970007 21.52768000215292 2
    endloop
  endfacet
  facet normal 0 0 1
    outer loop
      vertex 26.112297795712948 21.33126922696829 2
      vertex 26.200363755226135 21.267961472272873 2
      vertex 27.30035199970007 21.52768000215292 2
    endloop
  endfacet
  facet normal 0 0 1
    outer loop
      vertex 26.017632000148296 21.387712001800537 2
      vertex 27.30035199970007 21.52768000215292 2
      vertex 25.91715134680271 21.43693583458662 2
    endloop
  endfacet
  facet normal 0 0 1
    outer loop
      vertex 26.112297795712948 21.33126922696829 2
      vertex 27.30035199970007 21.52768000215292 2
      vertex 26.017632000148296 21.387712001800537 2
    endloop
  endfacet
  facet normal 0 0 1
    outer loop
      vertex 26.28182987868786 21.19778873771429 2
      vertex 27.30035199970007 21.52768000215292 2
      vertex 26.200363755226135 21.267961472272873 2
    endloop
  endfacet
  facet normal 0 0 1
    outer loop
      vertex 26.356696166098118 21.12075102329254 2
      vertex 27.30035199970007 21.52768000215292 2
      vertex 26.28182987868786 21.19778873771429 2
    endloop
  endfacet
  facet normal 0 0 1
    outer loop
      vertex 27.714815996587276 20.06726399809122 2
      vertex 28.697824001312256 21.195679999887943 2
      vertex 27.714815996587276 21.195679999887943 2
    endloop
  endfacet
  facet normal 0 0 1
    outer loop
      vertex 27.714815996587276 20.06726399809122 2
      vertex 28.715167999267578 20.06726399809122 2
      vertex 28.697824001312256 21.195679999887943 2
    endloop
  endfacet
  facet normal 0 0 1
    outer loop
      vertex 28.715167999267578 20.06726399809122 2
      vertex 28.791904002428055 21.192823506891727 2
      vertex 28.697824001312256 21.195679999887943 2
    endloop
  endfacet
  facet normal 0 0 1
    outer loop
      vertex 28.715167999267578 20.06726399809122 2
      vertex 28.805756732821465 20.07038628309965 2
      vertex 28.791904002428055 21.192823506891727 2
    endloop
  endfacet
  facet normal 0 0 1
    outer loop
      vertex 28.805756732821465 20.07038628309965 2
      vertex 28.890277221798897 20.079753145575523 2
      vertex 28.87947428226471 21.18425404280424 2
    endloop
  endfacet
  facet normal 0 0 1
    outer loop
      vertex 28.890277221798897 20.079753145575523 2
      vertex 28.968729466199875 20.095364570617676 2
      vertex 28.87947428226471 21.18425404280424 2
    endloop
  endfacet
  facet normal 0 0 1
    outer loop
      vertex 28.968729466199875 20.095364570617676 2
      vertex 29.0411134660244 20.11722057312727 2
      vertex 28.87947428226471 21.18425404280424 2
    endloop
  endfacet
  facet normal 0 0 1
    outer loop
      vertex 29.0411134660244 20.11722057312727 2
      vertex 29.10742922127247 20.145321145653725 2
      vertex 28.87947428226471 21.18425404280424 2
    endloop
  endfacet
  facet normal 0 0 1
    outer loop
      vertex 29.10742922127247 20.145321145653725 2
      vertex 29.167676731944084 20.17966628819704 2
      vertex 28.87947428226471 21.18425404280424 2
    endloop
  endfacet
  facet normal 0 0 1
    outer loop
      vertex 29.167676731944084 20.17966628819704 2
      vertex 29.221855998039246 20.220256000757217 2
      vertex 28.87947428226471 21.18425404280424 2
    endloop
  endfacet
  facet normal 0 0 1
    outer loop
      vertex 29.221855998039246 20.220256000757217 2
      vertex 29.269356407225132 20.26646988093853 2
      vertex 28.87947428226471 21.18425404280424 2
    endloop
  endfacet
  facet normal 0 0 1
    outer loop
      vertex 29.269356407225132 20.26646988093853 2
      vertex 29.309549063444138 20.317687511444092 2
      vertex 28.87947428226471 21.18425404280424 2
    endloop
  endfacet
  facet normal 0 0 1
    outer loop
      vertex 28.805756732821465 20.07038628309965 2
      vertex 28.87947428226471 21.18425404280424 2
      vertex 28.791904002428055 21.192823506891727 2
    endloop
  endfacet
  facet normal 0 0 1
    outer loop
      vertex 29.309549063444138 20.317687511444092 2
      vertex 29.34243395924568 20.373908899724483 2
      vertex 28.87947428226471 21.18425404280424 2
    endloop
  endfacet
  facet normal 0 0 1
    outer loop
      vertex 29.34243395924568 20.373908899724483 2
      vertex 29.368011102080345 20.435134038329124 2
      vertex 28.87947428226471 21.18425404280424 2
    endloop
  endfacet
  facet normal 0 0 1
    outer loop
      vertex 29.368011102080345 20.435134038329124 2
      vertex 29.386280491948128 20.501362942159176 2
      vertex 28.87947428226471 21.18425404280424 2
    endloop
  endfacet
  facet normal 0 0 1
    outer loop
      vertex 29.386280491948128 20.501362942159176 2
      vertex 29.39724212139845 20.572595588862896 2
      vertex 28.96053485572338 21.169971592724323 2
    endloop
  endfacet
  facet normal 0 0 1
    outer loop
      vertex 29.39724212139845 20.572595588862896 2
      vertex 29.40089599788189 20.648832000792027 2
      vertex 29.03508571535349 21.149976164102554 2
    endloop
  endfacet
  facet normal 0 0 1
    outer loop
      vertex 29.40089599788189 20.648832000792027 2
      vertex 29.39719771593809 20.72250187397003 2
      vertex 29.103126853704453 21.124267756938934 2
    endloop
  endfacet
  facet normal 0 0 1
    outer loop
      vertex 29.39719771593809 20.72250187397003 2
      vertex 29.386102855205536 20.790990367531776 2
      vertex 29.164658285677433 21.092846363782883 2
    endloop
  endfacet
  facet normal 0 0 1
    outer loop
      vertex 29.386102855205536 20.790990367531776 2
      vertex 29.367611430585384 20.8542974665761 2
      vertex 29.21967999637127 21.05571199953556 2
    endloop
  endfacet
  facet normal 0 0 1
    outer loop
      vertex 29.367611430585384 20.8542974665761 2
      vertex 29.341723427176476 20.912423186004162 2
      vertex 29.26775771379471 21.013130448758602 2
    endloop
  endfacet
  facet normal 0 0 1
    outer loop
      vertex 29.386280491948128 20.501362942159176 2
      vertex 28.96053485572338 21.169971592724323 2
      vertex 28.87947428226471 21.18425404280424 2
    endloop
  endfacet
  facet normal 0 0 1
    outer loop
      vertex 29.39724212139845 20.572595588862896 2
      vertex 29.03508571535349 21.149976164102554 2
      vertex 28.96053485572338 21.169971592724323 2
    endloop
  endfacet
  facet normal 0 0 1
    outer loop
      vertex 29.40089599788189 20.648832000792027 2
      vertex 29.103126853704453 21.124267756938934 2
      vertex 29.03508571535349 21.149976164102554 2
    endloop
  endfacet
  facet normal 0 0 1
    outer loop
      vertex 29.39719771593809 20.72250187397003 2
      vertex 29.164658285677433 21.092846363782883 2
      vertex 29.103126853704453 21.124267756938934 2
    endloop
  endfacet
  facet normal 0 0 1
    outer loop
      vertex 29.386102855205536 20.790990367531776 2
      vertex 29.21967999637127 21.05571199953556 2
      vertex 29.164658285677433 21.092846363782883 2
    endloop
  endfacet
  facet normal 0 0 1
    outer loop
      vertex 29.367611430585384 20.8542974665761 2
      vertex 29.26775771379471 21.013130448758602 2
      vertex 29.21967999637127 21.05571199953556 2
    endloop
  endfacet
  facet normal 0 0 1
    outer loop
      vertex 29.30843885987997 20.965367510914803 2
      vertex 29.26775771379471 21.013130448758602 2
      vertex 29.341723427176476 20.912423186004162 2
    endloop
  endfacet
  facet normal 0 0 1
    outer loop
      vertex 33.72589499633789 32.917965791114995 2
      vertex 20.943999998271465 21.52768000215292 2
      vertex 23.45686399936676 21.52768000215292 2
    endloop
  endfacet
  facet normal 0 0 1
    outer loop
      vertex 33.72589499633789 32.917965791114995 2
      vertex 23.45686399936676 21.52768000215292 2
      vertex 24.824728816747665 21.539500407874584 2
    endloop
  endfacet
  facet normal 0 0 1
    outer loop
      vertex 32.72160099908169 33.33395798538841 2
      vertex 32.51507575950825 33.51507575950825 2
      vertex 12.23292800039053 21.061120003461838 2
    endloop
  endfacet
  facet normal 0 0 1
    outer loop
      vertex 32.72160099908169 33.33395798538841 2
      vertex 12.23292800039053 21.061120003461838 2
      vertex 32.95 33.18134665205268 2
    endloop
  endfacet
  facet normal 0 0 1
    outer loop
      vertex 32.95 33.18134665205268 2
      vertex 12.23292800039053 21.061120003461838 2
      vertex 33.196364792033314 33.059852981726294 2
    endloop
  endfacet
  facet normal 0 0 1
    outer loop
      vertex 33.196364792033314 33.059852981726294 2
      vertex 12.23292800039053 21.061120003461838 2
      vertex 33.4564800052847 32.97155576479295 2
    endloop
  endfacet
  facet normal 0 0 1
    outer loop
      vertex 33.4564800052847 32.97155576479295 2
      vertex 12.23292800039053 21.061120003461838 2
      vertex 33.72589499633789 32.917965791114995 2
    endloop
  endfacet
  facet normal 0 0 1
    outer loop
      vertex 33.72589499633789 32.917965791114995 2
      vertex 24.824728816747665 21.539500407874584 2
      vertex 25.010070204734802 21.56481110304594 2
    endloop
  endfacet
  facet normal 0 0 1
    outer loop
      vertex 33.72589499633789 32.917965791114995 2
      vertex 25.010070204734802 21.56481110304594 2
      vertex 25.208255998790264 21.573247998952866 2
    endloop
  endfacet
  facet normal 0 0 1
    outer loop
      vertex 33.72589499633789 32.917965791114995 2
      vertex 25.208255998790264 21.573247998952866 2
      vertex 25.339025631546974 21.569461554288864 2
    endloop
  endfacet
  facet normal 0 0 1
    outer loop
      vertex 33.72589499633789 32.917965791114995 2
      vertex 25.70104555040598 21.512664817273617 2
      vertex 25.81162253022194 21.4785867780447 2
    endloop
  endfacet
  facet normal 0 0 1
    outer loop
      vertex 33.72589499633789 32.917965791114995 2
      vertex 25.339025631546974 21.569461554288864 2
      vertex 25.464747101068497 21.5581022053957 2
    endloop
  endfacet
  facet normal 0 0 1
    outer loop
      vertex 33.72589499633789 32.917965791114995 2
      vertex 25.464747101068497 21.5581022053957 2
      vertex 25.58542040735483 21.53916995972395 2
    endloop
  endfacet
  facet normal 0 0 1
    outer loop
      vertex 33.72589499633789 32.917965791114995 2
      vertex 25.58542040735483 21.53916995972395 2
      vertex 25.70104555040598 21.512664817273617 2
    endloop
  endfacet
  facet normal 0 0 1
    outer loop
      vertex 33.72589499633789 32.917965791114995 2
      vertex 25.81162253022194 21.4785867780447 2
      vertex 27.30035199970007 21.52768000215292 2
    endloop
  endfacet
  facet normal 0 0 1
    outer loop
      vertex 33.72589499633789 32.917965791114995 2
      vertex 27.30035199970007 21.52768000215292 2
      vertex 28.73904000222683 21.52768000215292 2
    endloop
  endfacet
  facet normal 0 0 1
    outer loop
      vertex 3 24 2
      vertex 31.9 35 2
      vertex 31.917965791114998 35.27410500366211 2
    endloop
  endfacet
  facet normal 0 0 1
    outer loop
      vertex 3 24 2
      vertex 31.917965791114998 35.27410500366211 2
      vertex 31.971555764792956 35.5435199947153 2
    endloop
  endfacet
  facet normal 0 0 1
    outer loop
      vertex 3 24 2
      vertex 31.971555764792956 35.5435199947153 2
      vertex 32.059852981726294 35.803635207966686 2
    endloop
  endfacet
  facet normal 0 0 1
    outer loop
      vertex 3 24 2
      vertex 32.059852981726294 35.803635207966686 2
      vertex 32.18134665205268 36.05 2
    endloop
  endfacet
  facet normal 0 0 1
    outer loop
      vertex 3 24 2
      vertex 32.18134665205268 36.05 2
      vertex 32.33395798538841 36.27839900091831 2
    endloop
  endfacet
  facet normal 0 0 1
    outer loop
      vertex 3 24 2
      vertex 32.33395798538841 36.27839900091831 2
      vertex 32.51507575950825 36.48492424049175 2
    endloop
  endfacet
  facet normal 0 0 1
    outer loop
      vertex 3 24 2
      vertex 32.51507575950825 36.48492424049175 2
      vertex 32.72160099908169 36.66604201461159 2
    endloop
  endfacet
  facet normal 0 0 1
    outer loop
      vertex 3 24 2
      vertex 32.72160099908169 36.66604201461159 2
      vertex 32.95 36.81865334794732 2
    endloop
  endfacet
  facet normal 0 0 1
    outer loop
      vertex 3 24 2
      vertex 32.95 36.81865334794732 2
      vertex 33.196364792033314 36.940147018273706 2
    endloop
  endfacet
  facet normal 0 0 1
    outer loop
      vertex 10.666042014611595 33.72160099908169 2
      vertex 40 40 2
      vertex 10.818653347947322 33.95 2
    endloop
  endfacet
  facet normal 0 0 1
    outer loop
      vertex 10.818653347947322 33.95 2
      vertex 40 40 2
      vertex 10.940147018273702 34.196364792033314 2
    endloop
  endfacet
  facet normal 0 0 1
    outer loop
      vertex 10.940147018273702 34.196364792033314 2
      vertex 40 40 2
      vertex 11.028444235207044 34.4564800052847 2
    endloop
  endfacet
  facet normal 0 0 1
    outer loop
      vertex 10.818653347947322 36.05 2
      vertex 10.940147018273702 35.803635207966686 2
      vertex 40 40 2
    endloop
  endfacet
  facet normal 0 0 1
    outer loop
      vertex 10.818653347947322 36.05 2
      vertex 40 40 2
      vertex 10.666042014611595 36.27839900091831 2
    endloop
  endfacet
  facet normal 0 0 1
    outer loop
      vertex 11.028444235207044 34.4564800052847 2
      vertex 40 40 2
      vertex 11.082034208885002 34.72589499633789 2
    endloop
  endfacet
  facet normal 0 0 1
    outer loop
      vertex 11.082034208885002 34.72589499633789 2
      vertex 40 40 2
      vertex 11.1 35 2
    endloop
  endfacet
  facet normal 0 0 1
    outer loop
      vertex 11.082034208885002 35.27410500366211 2
      vertex 11.1 35 2
      vertex 40 40 2
    endloop
  endfacet
  facet normal 0 0 1
    outer loop
      vertex 11.082034208885002 35.27410500366211 2
      vertex 40 40 2
      vertex 11.028444235207044 35.5435199947153 2
    endloop
  endfacet
  facet normal 0 0 1
    outer loop
      vertex 11.028444235207044 35.5435199947153 2
      vertex 40 40 2
      vertex 10.940147018273702 35.803635207966686 2
    endloop
  endfacet
  facet normal 0 0 1
    outer loop
      vertex 10.278399000918313 36.66604201461159 2
      vertex 10.48492424049175 36.48492424049175 2
      vertex 40 40 2
    endloop
  endfacet
  facet normal 0 0 1
    outer loop
      vertex 10.05 36.81865334794732 2
      vertex 10.278399000918313 36.66604201461159 2
      vertex 40 40 2
    endloop
  endfacet
  facet normal 0 0 1
    outer loop
      vertex 10.48492424049175 36.48492424049175 2
      vertex 10.666042014611595 36.27839900091831 2
      vertex 40 40 2
    endloop
  endfacet
  facet normal 0 0 1
    outer loop
      vertex 3 24 2
      vertex 33.196364792033314 36.940147018273706 2
      vertex 40 40 2
    endloop
  endfacet
  facet normal 1 0 0
    outer loop
      vertex 40 0 2
      vertex 40 40 0
      vertex 40 40 2
    endloop
  endfacet
  facet normal 0 0 1
    outer loop
      vertex 33.72589499633789 32.917965791114995 2
      vertex 29.781065799295902 20.38107232749462 2
      vertex 29.939071998000145 18.470144003629684 2
    endloop
  endfacet
  facet normal 0 0 1
    outer loop
      vertex 33.72589499633789 32.917965791114995 2
      vertex 29.801327019929886 20.467337794601917 2
      vertex 29.781065799295902 20.38107232749462 2
    endloop
  endfacet
  facet normal 0 0 1
    outer loop
      vertex 33.72589499633789 32.917965791114995 2
      vertex 29.813483752310276 20.558031022548676 2
      vertex 29.801327019929886 20.467337794601917 2
    endloop
  endfacet
  facet normal 0 0 1
    outer loop
      vertex 33.72589499633789 32.917965791114995 2
      vertex 29.72577305883169 21.0652022883296 2
      vertex 29.765919350087643 20.9732845723629 2
    endloop
  endfacet
  facet normal 0 0 1
    outer loop
      vertex 33.72589499633789 32.917965791114995 2
      vertex 29.817535996437073 20.653151996433735 2
      vertex 29.813483752310276 20.558031022548676 2
    endloop
  endfacet
  facet normal 0 0 1
    outer loop
      vertex 33.72589499633789 32.917965791114995 2
      vertex 29.811800815165043 20.767259426414967 2
      vertex 29.817535996437073 20.653151996433735 2
    endloop
  endfacet
  facet normal 0 0 1
    outer loop
      vertex 33.72589499633789 32.917965791114995 2
      vertex 29.794595263898373 20.87397028505802 2
      vertex 29.811800815165043 20.767259426414967 2
    endloop
  endfacet
  facet normal 0 0 1
    outer loop
      vertex 33.72589499633789 32.917965791114995 2
      vertex 29.765919350087643 20.9732845723629 2
      vertex 29.794595263898373 20.87397028505802 2
    endloop
  endfacet
  facet normal 0 0 1
    outer loop
      vertex 32.51507575950825 6.48492424049175 2
      vertex 34 32.9 2
      vertex 33.72589499633789 32.917965791114995 2
    endloop
  endfacet
  facet normal 0 0 1
    outer loop
      vertex 32.51507575950825 6.48492424049175 2
      vertex 34.27410500366211 32.917965791114995 2
      vertex 34 32.9 2
    endloop
  endfacet
  facet normal 0 0 1
    outer loop
      vertex 32.51507575950825 6.48492424049175 2
      vertex 34.5435199947153 32.97155576479295 2
      vertex 34.27410500366211 32.917965791114995 2
    endloop
  endfacet
  facet normal 0 0 1
    outer loop
      vertex 32.51507575950825 6.48492424049175 2
      vertex 34.803635207966686 33.059852981726294 2
      vertex 34.5435199947153 32.97155576479295 2
    endloop
  endfacet
  facet normal 0 0 1
    outer loop
      vertex 32.51507575950825 6.48492424049175 2
      vertex 35.05 33.18134665205268 2
      vertex 34.803635207966686 33.059852981726294 2
    endloop
  endfacet
  facet normal 0 0 1
    outer loop
      vertex 32.51507575950825 6.48492424049175 2
      vertex 35.27839900091831 33.33395798538841 2
      vertex 35.05 33.18134665205268 2
    endloop
  endfacet
  facet normal 0 0 1
    outer loop
      vertex 32.51507575950825 6.48492424049175 2
      vertex 35.48492424049175 33.51507575950825 2
      vertex 35.27839900091831 33.33395798538841 2
    endloop
  endfacet
  facet normal 0 0 1
    outer loop
      vertex 32.51507575950825 6.48492424049175 2
      vertex 35.66604201461159 33.72160099908169 2
      vertex 35.48492424049175 33.51507575950825 2
    endloop
  endfacet
  facet normal 0 0 1
    outer loop
      vertex 32.51507575950825 6.48492424049175 2
      vertex 35.81865334794732 33.95 2
      vertex 35.66604201461159 33.72160099908169 2
    endloop
  endfacet
  facet normal 0 0 1
    outer loop
      vertex 32.51507575950825 6.48492424049175 2
      vertex 35.940147018273706 34.196364792033314 2
      vertex 35.81865334794732 33.95 2
    endloop
  endfacet
  facet normal 0 0 1
    outer loop
      vertex 33.72589499633789 32.917965791114995 2
      vertex 28.73904000222683 21.52768000215292 2
      vertex 28.881799839437008 21.52296359091997 2
    endloop
  endfacet
  facet normal 0 0 1
    outer loop
      vertex 33.72589499633789 32.917965791114995 2
      vertex 28.881799839437008 21.52296359091997 2
      vertex 29.014947921037674 21.508814364671707 2
    endloop
  endfacet
  facet normal 0 0 1
    outer loop
      vertex 33.72589499633789 32.917965791114995 2
      vertex 29.014947921037674 21.508814364671707 2
      vertex 29.138484247028828 21.485232323408127 2
    endloop
  endfacet
  facet normal 0 0 1
    outer loop
      vertex 33.72589499633789 32.917965791114995 2
      vertex 29.138484247028828 21.485232323408127 2
      vertex 29.25240881741047 21.45221746712923 2
    endloop
  endfacet
  facet normal 0 0 1
    outer loop
      vertex 33.72589499633789 32.917965791114995 2
      vertex 29.25240881741047 21.45221746712923 2
      vertex 29.356721632182598 21.409769795835018 2
    endloop
  endfacet
  facet normal 0 0 1
    outer loop
      vertex 33.72589499633789 32.917965791114995 2
      vertex 29.356721632182598 21.409769795835018 2
      vertex 29.451422691345215 21.35788930952549 2
    endloop
  endfacet
  facet normal 0 0 1
    outer loop
      vertex 33.72589499633789 32.917965791114995 2
      vertex 29.451422691345215 21.35788930952549 2
      vertex 29.5365120023489 21.296576000750065 2
    endloop
  endfacet
  facet normal 0 0 1
    outer loop
      vertex 33.72589499633789 32.917965791114995 2
      vertex 29.5365120023489 21.296576000750065 2
      vertex 29.61106938868761 21.226847998797894 2
    endloop
  endfacet
  facet normal 0 0 1
    outer loop
      vertex 33.72589499633789 32.917965791114995 2
      vertex 29.61106938868761 21.226847998797894 2
      vertex 29.67415640503168 21.149723425507545 2
    endloop
  endfacet
  facet normal 0 0 1
    outer loop
      vertex 33.72589499633789 32.917965791114995 2
      vertex 29.67415640503168 21.149723425507545 2
      vertex 29.72577305883169 21.0652022883296 2
    endloop
  endfacet
  facet normal 0 0 1
    outer loop
      vertex 32.51507575950825 6.48492424049175 2
      vertex 36.02844423520705 34.4564800052847 2
      vertex 35.940147018273706 34.196364792033314 2
    endloop
  endfacet
  facet normal 0 0 1
    outer loop
      vertex 32.51507575950825 6.48492424049175 2
      vertex 36.082034208885005 34.72589499633789 2
      vertex 36.02844423520705 34.4564800052847 2
    endloop
  endfacet
  facet normal 0 0 1
    outer loop
      vertex 32.51507575950825 6.48492424049175 2
      vertex 40 40 2
      vertex 36.082034208885005 34.72589499633789 2
    endloop
  endfacet
  facet normal 0 0 1
    outer loop
      vertex 36.082034208885005 34.72589499633789 2
      vertex 40 40 2
      vertex 36.1 35 2
    endloop
  endfacet
  facet normal 0 0 1
    outer loop
      vertex 36.082034208885005 35.27410500366211 2
      vertex 36.1 35 2
      vertex 40 40 2
    endloop
  endfacet
  facet normal 0 0 1
    outer loop
      vertex 35.81865334794732 36.05 2
      vertex 40 40 2
      vertex 35.66604201461159 36.27839900091831 2
    endloop
  endfacet
  facet normal 0 0 1
    outer loop
      vertex 36.02844423520705 35.5435199947153 2
      vertex 40 40 2
      vertex 35.940147018273706 35.803635207966686 2
    endloop
  endfacet
  facet normal 0 0 1
    outer loop
      vertex 36.082034208885005 35.27410500366211 2
      vertex 40 40 2
      vertex 36.02844423520705 35.5435199947153 2
    endloop
  endfacet
  facet normal 0 0 1
    outer loop
      vertex 35.81865334794732 36.05 2
      vertex 35.940147018273706 35.803635207966686 2
      vertex 40 40 2
    endloop
  endfacet
  facet normal 0 0 1
    outer loop
      vertex 33.196364792033314 36.940147018273706 2
      vertex 33.4564800052847 37.02844423520705 2
      vertex 40 40 2
    endloop
  endfacet
  facet normal 0 0 1
    outer loop
      vertex 33.4564800052847 37.02844423520705 2
      vertex 33.72589499633789 37.082034208885005 2
      vertex 40 40 2
    endloop
  endfacet
  facet normal 0 0 1
    outer loop
      vertex 33.72589499633789 37.082034208885005 2
      vertex 34 37.1 2
      vertex 40 40 2
    endloop
  endfacet
  facet normal 0 0 1
    outer loop
      vertex 34 37.1 2
      vertex 34.27410500366211 37.082034208885005 2
      vertex 40 40 2
    endloop
  endfacet
  facet normal 0 0 1
    outer loop
      vertex 34.27410500366211 37.082034208885005 2
      vertex 34.5435199947153 37.02844423520705 2
      vertex 40 40 2
    endloop
  endfacet
  facet normal 0 0 1
    outer loop
      vertex 34.5435199947153 37.02844423520705 2
      vertex 34.803635207966686 36.940147018273706 2
      vertex 40 40 2
    endloop
  endfacet
  facet normal 0 0 1
    outer loop
      vertex 34.803635207966686 36.940147018273706 2
      vertex 35.05 36.81865334794732 2
      vertex 40 40 2
    endloop
  endfacet
  facet normal 0 0 1
    outer loop
      vertex 35.05 36.81865334794732 2
      vertex 35.27839900091831 36.66604201461159 2
      vertex 40 40 2
    endloop
  endfacet
  facet normal 0 0 1
    outer loop
      vertex 35.27839900091831 36.66604201461159 2
      vertex 35.48492424049175 36.48492424049175 2
      vertex 40 40 2
    endloop
  endfacet
  facet normal 0 0 1
    outer loop
      vertex 35.48492424049175 36.48492424049175 2
      vertex 35.66604201461159 36.27839900091831 2
      vertex 40 40 2
    endloop
  endfacet
  facet normal -0.3865226768392012 -0.9222799034398714 0
    outer loop
      vertex 10.073760002851486 19.709215998649597 2.4
      vertex 10.073760002851486 19.709215998649597 2
      vertex 12.23292800039053 18.804320000112057 2
    endloop
  endfacet
  facet normal 0.3932784073907621 0.9194194332730768 0
    outer loop
      vertex 12.23292800039053 19.136320002377033 2.4
      vertex 12.23292800039053 19.136320002377033 2
      vertex 10.371040001511574 19.93273600190878 2
    endloop
  endfacet
  facet normal 1 0 0
    outer loop
      vertex 12.23292800039053 18.804320000112057 2.4
      vertex 12.23292800039053 18.804320000112057 2
      vertex 12.23292800039053 19.136320002377033 2
    endloop
  endfacet
  facet normal -1 0 0
    outer loop
      vertex 10.073760002851486 19.709215998649597 2.4
      vertex 10.073760002851486 20.154080003499985 2.4
      vertex 10.073760002851486 19.709215998649597 2
    endloop
  endfacet
  facet normal 0.3932784073907621 0.9194194332730768 0
    outer loop
      vertex 12.23292800039053 19.136320002377033 2.4
      vertex 10.371040001511574 19.93273600190878 2
      vertex 10.371040001511574 19.93273600190878 2.4
    endloop
  endfacet
  facet normal 0 0 1
    outer loop
      vertex 10.073760002851486 19.709215998649597 2.4
      vertex 10.371040001511574 19.93273600190878 2.4
      vertex 10.073760002851486 20.154080003499985 2.4
    endloop
  endfacet
  facet normal 0 0 1
    outer loop
      vertex 12.23292800039053 19.136320002377033 2.4
      vertex 10.371040001511574 19.93273600190878 2.4
      vertex 10.073760002851486 19.709215998649597 2.4
    endloop
  endfacet
  facet normal -0.3865226768392012 -0.9222799034398714 0
    outer loop
      vertex 12.23292800039053 18.804320000112057 2.4
      vertex 10.073760002851486 19.709215998649597 2.4
      vertex 12.23292800039053 18.804320000112057 2
    endloop
  endfacet
  facet normal 1 0 0
    outer loop
      vertex 12.23292800039053 18.804320000112057 2.4
      vertex 12.23292800039053 19.136320002377033 2
      vertex 12.23292800039053 19.136320002377033 2.4
    endloop
  endfacet
  facet normal 0 0 1
    outer loop
      vertex 12.23292800039053 18.804320000112057 2.4
      vertex 12.23292800039053 19.136320002377033 2.4
      vertex 10.073760002851486 19.709215998649597 2.4
    endloop
  endfacet
  facet normal 0 -1 0
    outer loop
      vertex 14.049471996724606 18.470144003629684 2.4
      vertex 14.049471996724606 18.470144003629684 2
      vertex 14.418367996811867 18.470144003629684 2
    endloop
  endfacet
  facet normal 1 0 0
    outer loop
      vertex 14.418367996811867 18.470144003629684 2.4
      vertex 14.418367996811867 18.470144003629684 2
      vertex 14.418367996811867 20.509952001273632 2
    endloop
  endfacet
  facet normal -0.9334198645615762 -0.3587859479436848 0
    outer loop
      vertex 14.59628800302744 20.5533439964056 2.4
      vertex 14.59628800302744 20.5533439964056 2
      vertex 15.397023998200893 18.470144003629684 2
    endloop
  endfacet
  facet normal 0 -1 0
    outer loop
      vertex 14.049471996724606 18.470144003629684 2.4
      vertex 14.418367996811867 18.470144003629684 2
      vertex 14.418367996811867 18.470144003629684 2.4
    endloop
  endfacet
  facet normal -1 0 0
    outer loop
      vertex 14.049471996724606 18.470144003629684 2.4
      vertex 14.049471996724606 21.52768000215292 2.4
      vertex 14.049471996724606 18.470144003629684 2
    endloop
  endfacet
  facet normal 1 0 0
    outer loop
      vertex 14.418367996811867 18.470144003629684 2.4
      vertex 14.418367996811867 20.509952001273632 2
      vertex 14.418367996811867 20.509952001273632 2.4
    endloop
  endfacet
  facet normal 0 0 1
    outer loop
      vertex 14.049471996724606 18.470144003629684 2.4
      vertex 14.418367996811867 18.470144003629684 2.4
      vertex 14.418367996811867 20.509952001273632 2.4
    endloop
  endfacet
  facet normal 0 -1 0
    outer loop
      vertex 15.397023998200893 18.470144003629684 2.4
      vertex 15.397023998200893 18.470144003629684 2
      vertex 15.687807999551296 18.470144003629684 2
    endloop
  endfacet
  facet normal 0.9784499832582232 0.20648397095654375 0
    outer loop
      vertex 15.544575996696949 18.921503998339176 2.4
      vertex 15.544575996696949 18.921503998339176 2
      vertex 15.54030106216669 18.941761307418346 2
    endloop
  endfacet
  facet normal 0.9749204827103964 0.22255348209301837 0
    outer loop
      vertex 15.54030106216669 18.941761307418346 2.4
      vertex 15.54030106216669 18.941761307418346 2
      vertex 15.534918531775475 18.965340085327625 2
    endloop
  endfacet
  facet normal 0.9721072189629432 0.23453689441137482 0
    outer loop
      vertex 15.534918531775475 18.965340085327625 2.4
      vertex 15.534918531775475 18.965340085327625 2
      vertex 15.5284284055233 18.992240324616432 2
    endloop
  endfacet
  facet normal 0.9698223745874271 0.2438125545364803 0
    outer loop
      vertex 15.5284284055233 18.992240324616432 2.4
      vertex 15.5284284055233 18.992240324616432 2
      vertex 15.520830690860748 19.02246204018593 2
    endloop
  endfacet
  facet normal 0.9679343245262756 0.2512033905102847 0
    outer loop
      vertex 15.520830690860748 19.02246204018593 2.4
      vertex 15.520830690860748 19.02246204018593 2
      vertex 15.512125387787819 19.056005224585533 2
    endloop
  endfacet
  facet normal -0.9775749153469278 0.21058795047306741 0
    outer loop
      vertex 15.550315104424953 18.948145635426044 2.4
      vertex 15.550315104424953 18.948145635426044 2
      vertex 15.544575996696949 18.921503998339176 2
    endloop
  endfacet
  facet normal -0.9722971399878746 0.2337483081679936 0
    outer loop
      vertex 15.557603262364864 18.978461384773254 2.4
      vertex 15.557603262364864 18.978461384773254 2
      vertex 15.550315104424953 18.948145635426044 2
    endloop
  endfacet
  facet normal -0.9678234729276174 0.2516301358150994 0
    outer loop
      vertex 15.566440492868423 19.012451268732548 2.4
      vertex 15.566440492868423 19.012451268732548 2
      vertex 15.557603262364864 18.978461384773254 2
    endloop
  endfacet
  facet normal -0.9640174634584913 0.265838917668306 0
    outer loop
      vertex 15.576826773583889 19.050115264952183 2.4
      vertex 15.576826773583889 19.050115264952183 2
      vertex 15.566440492868423 19.012451268732548 2
    endloop
  endfacet
  facet normal 0.9590938393912212 0.28308833822997115 0
    outer loop
      vertex 15.468195267021656 19.215260736644268 2.4
      vertex 15.468195267021656 19.215260736644268 2
      vertex 15.45639706403017 19.25523265451193 2
    endloop
  endfacet
  facet normal 0.9567048958123525 0.2910596886012831 0
    outer loop
      vertex 15.45639706403017 19.25523265451193 2.4
      vertex 15.45639706403017 19.25523265451193 2
      vertex 15.44446562975645 19.29445093870163 2
    endloop
  endfacet
  facet normal 0.9514648446573395 0.3077574521943945 0
    outer loop
      vertex 15.432400979101658 19.33291558921337 2.4
      vertex 15.432400979101658 19.33291558921337 2
      vertex 15.420203104615211 19.370626613497734 2
    endloop
  endfacet
  facet normal 0.9541655492243677 0.29927930879591524 0
    outer loop
      vertex 15.44446562975645 19.29445093870163 2.4
      vertex 15.44446562975645 19.29445093870163 2
      vertex 15.432400979101658 19.33291558921337 2
    endloop
  endfacet
  facet normal 0.9650033718169215 0.26223747326034935 0
    outer loop
      vertex 15.502312488853931 19.092869877815247 2.4
      vertex 15.502312488853931 19.092869877815247 2
      vertex 15.491392001509666 19.13305599987507 2
    endloop
  endfacet
  facet normal 0.9663501945858601 0.2572300554442855 0
    outer loop
      vertex 15.512125387787819 19.056005224585533 2.4
      vertex 15.512125387787819 19.056005224585533 2
      vertex 15.502312488853931 19.092869877815247 2
    endloop
  endfacet
  facet normal 0.9634594285233212 0.2678543066473178 0
    outer loop
      vertex 15.491392001509666 19.13305599987507 2.4
      vertex 15.491392001509666 19.13305599987507 2
      vertex 15.479860246181488 19.174535185098648 2
    endloop
  endfacet
  facet normal 0.9613422426729589 0.27535630091306385 0
    outer loop
      vertex 15.479860246181488 19.174535185098648 2.4
      vertex 15.479860246181488 19.174535185098648 2
      vertex 15.468195267021656 19.215260736644268 2
    endloop
  endfacet
  facet normal -0.960756179481077 0.2773942385647626 0
    outer loop
      vertex 15.588762119412422 19.09145338833332 2.4
      vertex 15.588762119412422 19.09145338833332 2
      vertex 15.576826773583889 19.050115264952183 2
    endloop
  endfacet
  facet normal -0.9579390357895022 0.2869717820808849 0
    outer loop
      vertex 15.602246530354023 19.13646563142538 2.4
      vertex 15.602246530354023 19.13646563142538 2
      vertex 15.588762119412422 19.09145338833332 2
    endloop
  endfacet
  facet normal -0.9554859120516221 0.2950367296979814 0
    outer loop
      vertex 15.61727999895811 19.185152001678944 2.4
      vertex 15.61727999895811 19.185152001678944 2
      vertex 15.602246530354023 19.13646563142538 2
    endloop
  endfacet
  facet normal 0.9485910249445744 0.3165044508290552 0
    outer loop
      vertex 15.420203104615211 19.370626613497734 2.4
      vertex 15.420203104615211 19.370626613497734 2
      vertex 15.407871998846531 19.407583996653557 2
    endloop
  endfacet
  facet normal -0.953774838947405 0.3005221399345673 0
    outer loop
      vertex 15.632357880473137 19.233005061745644 2.4
      vertex 15.632357880473137 19.233005061745644 2
      vertex 15.61727999895811 19.185152001678944 2
    endloop
  endfacet
  facet normal -0.9522969977816609 0.30517278387175234 0
    outer loop
      vertex 15.64597550779581 19.27549910545349 2.4
      vertex 15.64597550779581 19.27549910545349 2
      vertex 15.632357880473137 19.233005061745644 2
    endloop
  endfacet
  facet normal -0.9503660399729205 0.3111340387456654 0
    outer loop
      vertex 15.658132895827293 19.312634125351906 2.4
      vertex 15.658132895827293 19.312634125351906 2
      vertex 15.64597550779581 19.27549910545349 2
    endloop
  endfacet
  facet normal -0.9477383173308295 0.3190487139339823 0
    outer loop
      vertex 15.668830037117004 19.344410121440887 2.4
      vertex 15.668830037117004 19.344410121440887 2
      vertex 15.658132895827293 19.312634125351906 2
    endloop
  endfacet
  facet normal -0.9439590436127215 0.3300626061548869 0
    outer loop
      vertex 15.678066939115524 19.370827101171017 2.4
      vertex 15.678066939115524 19.370827101171017 2
      vertex 15.668830037117004 19.344410121440887 2
    endloop
  endfacet
  facet normal 0.9350408768189487 -0.35453992536476286 0
    outer loop
      vertex 15.687807999551296 18.470144003629684 2.4
      vertex 15.687807999551296 18.470144003629684 2
      vertex 16.477696001529694 20.5533439964056 2
    endloop
  endfacet
  facet normal -0.9380761028649516 0.34642924996845265 0
    outer loop
      vertex 15.685843594372272 19.391885064542294 2.4
      vertex 15.685843594372272 19.391885064542294 2
      vertex 15.678066939115524 19.370827101171017 2
    endloop
  endfacet
  facet normal -0.9277241758984003 0.3732664644106595 0
    outer loop
      vertex 15.692160002887249 19.407583996653557 2.4
      vertex 15.692160002887249 19.407583996653557 2
      vertex 15.685843594372272 19.391885064542294 2
    endloop
  endfacet
  facet normal 0 -1 0
    outer loop
      vertex 16.649120002985 18.470144003629684 2.4
      vertex 16.649120002985 18.470144003629684 2
      vertex 17.022367998957634 18.470144003629684 2
    endloop
  endfacet
  facet normal -1 0 0
    outer loop
      vertex 16.649120002985 20.509952001273632 2.4
      vertex 16.649120002985 20.509952001273632 2
      vertex 16.649120002985 18.470144003629684 2
    endloop
  endfacet
  facet normal 1 0 0
    outer loop
      vertex 17.022367998957634 18.470144003629684 2.4
      vertex 17.022367998957634 18.470144003629684 2
      vertex 17.022367998957634 21.52768000215292 2
    endloop
  endfacet
  facet normal 0 -1 0
    outer loop
      vertex 15.397023998200893 18.470144003629684 2.4
      vertex 15.687807999551296 18.470144003629684 2
      vertex 15.687807999551296 18.470144003629684 2.4
    endloop
  endfacet
  facet normal 0 0 1
    outer loop
      vertex 15.397023998200893 18.470144003629684 2.4
      vertex 15.687807999551296 18.470144003629684 2.4
      vertex 15.544575996696949 18.921503998339176 2.4
    endloop
  endfacet
  facet normal -0.9334198645615762 -0.3587859479436848 0
    outer loop
      vertex 15.397023998200893 18.470144003629684 2.4
      vertex 14.59628800302744 20.5533439964056 2.4
      vertex 15.397023998200893 18.470144003629684 2
    endloop
  endfacet
  facet normal -0.9775749153469278 0.21058795047306741 0
    outer loop
      vertex 15.544575996696949 18.921503998339176 2.4
      vertex 15.550315104424953 18.948145635426044 2.4
      vertex 15.544575996696949 18.921503998339176 2
    endloop
  endfacet
  facet normal 0.9784499832582232 0.20648397095654375 0
    outer loop
      vertex 15.544575996696949 18.921503998339176 2.4
      vertex 15.54030106216669 18.941761307418346 2
      vertex 15.54030106216669 18.941761307418346 2.4
    endloop
  endfacet
  facet normal 0.9749204827103964 0.22255348209301837 0
    outer loop
      vertex 15.54030106216669 18.941761307418346 2.4
      vertex 15.534918531775475 18.965340085327625 2
      vertex 15.534918531775475 18.965340085327625 2.4
    endloop
  endfacet
  facet normal 0.9721072189629432 0.23453689441137482 0
    outer loop
      vertex 15.534918531775475 18.965340085327625 2.4
      vertex 15.5284284055233 18.992240324616432 2
      vertex 15.5284284055233 18.992240324616432 2.4
    endloop
  endfacet
  facet normal 0.9698223745874271 0.2438125545364803 0
    outer loop
      vertex 15.5284284055233 18.992240324616432 2.4
      vertex 15.520830690860748 19.02246204018593 2
      vertex 15.520830690860748 19.02246204018593 2.4
    endloop
  endfacet
  facet normal 0.9679343245262756 0.2512033905102847 0
    outer loop
      vertex 15.520830690860748 19.02246204018593 2.4
      vertex 15.512125387787819 19.056005224585533 2
      vertex 15.512125387787819 19.056005224585533 2.4
    endloop
  endfacet
  facet normal -0.9722971399878746 0.2337483081679936 0
    outer loop
      vertex 15.550315104424953 18.948145635426044 2.4
      vertex 15.557603262364864 18.978461384773254 2.4
      vertex 15.550315104424953 18.948145635426044 2
    endloop
  endfacet
  facet normal -0.9678234729276174 0.2516301358150994 0
    outer loop
      vertex 15.557603262364864 18.978461384773254 2.4
      vertex 15.566440492868423 19.012451268732548 2.4
      vertex 15.557603262364864 18.978461384773254 2
    endloop
  endfacet
  facet normal -0.9640174634584913 0.265838917668306 0
    outer loop
      vertex 15.566440492868423 19.012451268732548 2.4
      vertex 15.576826773583889 19.050115264952183 2.4
      vertex 15.566440492868423 19.012451268732548 2
    endloop
  endfacet
  facet normal 0.9590938393912212 0.28308833822997115 0
    outer loop
      vertex 15.468195267021656 19.215260736644268 2.4
      vertex 15.45639706403017 19.25523265451193 2
      vertex 15.45639706403017 19.25523265451193 2.4
    endloop
  endfacet
  facet normal 0.9567048958123525 0.2910596886012831 0
    outer loop
      vertex 15.45639706403017 19.25523265451193 2.4
      vertex 15.44446562975645 19.29445093870163 2
      vertex 15.44446562975645 19.29445093870163 2.4
    endloop
  endfacet
  facet normal 0.9514648446573395 0.3077574521943945 0
    outer loop
      vertex 15.432400979101658 19.33291558921337 2.4
      vertex 15.420203104615211 19.370626613497734 2
      vertex 15.420203104615211 19.370626613497734 2.4
    endloop
  endfacet
  facet normal 0.9541655492243677 0.29927930879591524 0
    outer loop
      vertex 15.44446562975645 19.29445093870163 2.4
      vertex 15.432400979101658 19.33291558921337 2
      vertex 15.432400979101658 19.33291558921337 2.4
    endloop
  endfacet
  facet normal 0.9663501945858601 0.2572300554442855 0
    outer loop
      vertex 15.512125387787819 19.056005224585533 2.4
      vertex 15.502312488853931 19.092869877815247 2
      vertex 15.502312488853931 19.092869877815247 2.4
    endloop
  endfacet
  facet normal 0.9650033718169215 0.26223747326034935 0
    outer loop
      vertex 15.502312488853931 19.092869877815247 2.4
      vertex 15.491392001509666 19.13305599987507 2
      vertex 15.491392001509666 19.13305599987507 2.4
    endloop
  endfacet
  facet normal 0.9634594285233212 0.2678543066473178 0
    outer loop
      vertex 15.491392001509666 19.13305599987507 2.4
      vertex 15.479860246181488 19.174535185098648 2
      vertex 15.479860246181488 19.174535185098648 2.4
    endloop
  endfacet
  facet normal 0.9613422426729589 0.27535630091306385 0
    outer loop
      vertex 15.479860246181488 19.174535185098648 2.4
      vertex 15.468195267021656 19.215260736644268 2
      vertex 15.468195267021656 19.215260736644268 2.4
    endloop
  endfacet
  facet normal -0.960756179481077 0.2773942385647626 0
    outer loop
      vertex 15.576826773583889 19.050115264952183 2.4
      vertex 15.588762119412422 19.09145338833332 2.4
      vertex 15.576826773583889 19.050115264952183 2
    endloop
  endfacet
  facet normal -0.9579390357895022 0.2869717820808849 0
    outer loop
      vertex 15.588762119412422 19.09145338833332 2.4
      vertex 15.602246530354023 19.13646563142538 2.4
      vertex 15.588762119412422 19.09145338833332 2
    endloop
  endfacet
  facet normal -0.9554859120516221 0.2950367296979814 0
    outer loop
      vertex 15.602246530354023 19.13646563142538 2.4
      vertex 15.61727999895811 19.185152001678944 2.4
      vertex 15.602246530354023 19.13646563142538 2
    endloop
  endfacet
  facet normal -0.953774838947405 0.3005221399345673 0
    outer loop
      vertex 15.61727999895811 19.185152001678944 2.4
      vertex 15.632357880473137 19.233005061745644 2.4
      vertex 15.61727999895811 19.185152001678944 2
    endloop
  endfacet
  facet normal 0.9485910249445744 0.3165044508290552 0
    outer loop
      vertex 15.420203104615211 19.370626613497734 2.4
      vertex 15.407871998846531 19.407583996653557 2
      vertex 15.407871998846531 19.407583996653557 2.4
    endloop
  endfacet
  facet normal -0.9522969977816609 0.30517278387175234 0
    outer loop
      vertex 15.632357880473137 19.233005061745644 2.4
      vertex 15.64597550779581 19.27549910545349 2.4
      vertex 15.632357880473137 19.233005061745644 2
    endloop
  endfacet
  facet normal -0.9503660399729205 0.3111340387456654 0
    outer loop
      vertex 15.64597550779581 19.27549910545349 2.4
      vertex 15.658132895827293 19.312634125351906 2.4
      vertex 15.64597550779581 19.27549910545349 2
    endloop
  endfacet
  facet normal -0.9477383173308295 0.3190487139339823 0
    outer loop
      vertex 15.658132895827293 19.312634125351906 2.4
      vertex 15.668830037117004 19.344410121440887 2.4
      vertex 15.658132895827293 19.312634125351906 2
    endloop
  endfacet
  facet normal -0.9439590436127215 0.3300626061548869 0
    outer loop
      vertex 15.668830037117004 19.344410121440887 2.4
      vertex 15.678066939115524 19.370827101171017 2.4
      vertex 15.668830037117004 19.344410121440887 2
    endloop
  endfacet
  facet normal -0.9380761028649516 0.34642924996845265 0
    outer loop
      vertex 15.678066939115524 19.370827101171017 2.4
      vertex 15.685843594372272 19.391885064542294 2.4
      vertex 15.678066939115524 19.370827101171017 2
    endloop
  endfacet
  facet normal -0.9277241758984003 0.3732664644106595 0
    outer loop
      vertex 15.685843594372272 19.391885064542294 2.4
      vertex 15.692160002887249 19.407583996653557 2.4
      vertex 15.685843594372272 19.391885064542294 2
    endloop
  endfacet
  facet normal 0.9350408768189487 -0.35453992536476286 0
    outer loop
      vertex 15.687807999551296 18.470144003629684 2.4
      vertex 16.477696001529694 20.5533439964056 2
      vertex 16.477696001529694 20.5533439964056 2.4
    endloop
  endfacet
  facet normal 0 0 1
    outer loop
      vertex 15.397023998200893 18.470144003629684 2.4
      vertex 15.544575996696949 18.921503998339176 2.4
      vertex 14.59628800302744 20.5533439964056 2.4
    endloop
  endfacet
  facet normal 0 0 1
    outer loop
      vertex 15.687807999551296 18.470144003629684 2.4
      vertex 15.550315104424953 18.948145635426044 2.4
      vertex 15.544575996696949 18.921503998339176 2.4
    endloop
  endfacet
  facet normal 0 0 1
    outer loop
      vertex 15.687807999551296 18.470144003629684 2.4
      vertex 15.557603262364864 18.978461384773254 2.4
      vertex 15.550315104424953 18.948145635426044 2.4
    endloop
  endfacet
  facet normal 0 0 1
    outer loop
      vertex 15.687807999551296 18.470144003629684 2.4
      vertex 15.566440492868423 19.012451268732548 2.4
      vertex 15.557603262364864 18.978461384773254 2.4
    endloop
  endfacet
  facet normal 0 0 1
    outer loop
      vertex 15.687807999551296 18.470144003629684 2.4
      vertex 15.576826773583889 19.050115264952183 2.4
      vertex 15.566440492868423 19.012451268732548 2.4
    endloop
  endfacet
  facet normal 0 0 1
    outer loop
      vertex 15.687807999551296 18.470144003629684 2.4
      vertex 15.588762119412422 19.09145338833332 2.4
      vertex 15.576826773583889 19.050115264952183 2.4
    endloop
  endfacet
  facet normal 0 0 1
    outer loop
      vertex 15.544575996696949 18.921503998339176 2.4
      vertex 15.54030106216669 18.941761307418346 2.4
      vertex 14.59628800302744 20.5533439964056 2.4
    endloop
  endfacet
  facet normal 0 0 1
    outer loop
      vertex 15.54030106216669 18.941761307418346 2.4
      vertex 15.534918531775475 18.965340085327625 2.4
      vertex 14.59628800302744 20.5533439964056 2.4
    endloop
  endfacet
  facet normal 0 0 1
    outer loop
      vertex 15.534918531775475 18.965340085327625 2.4
      vertex 15.5284284055233 18.992240324616432 2.4
      vertex 14.59628800302744 20.5533439964056 2.4
    endloop
  endfacet
  facet normal 0 0 1
    outer loop
      vertex 15.5284284055233 18.992240324616432 2.4
      vertex 15.520830690860748 19.02246204018593 2.4
      vertex 14.59628800302744 20.5533439964056 2.4
    endloop
  endfacet
  facet normal 0 0 1
    outer loop
      vertex 15.520830690860748 19.02246204018593 2.4
      vertex 15.512125387787819 19.056005224585533 2.4
      vertex 14.59628800302744 20.5533439964056 2.4
    endloop
  endfacet
  facet normal 0 0 1
    outer loop
      vertex 15.512125387787819 19.056005224585533 2.4
      vertex 15.502312488853931 19.092869877815247 2.4
      vertex 14.59628800302744 20.5533439964056 2.4
    endloop
  endfacet
  facet normal 0 0 1
    outer loop
      vertex 15.502312488853931 19.092869877815247 2.4
      vertex 15.491392001509666 19.13305599987507 2.4
      vertex 14.59628800302744 20.5533439964056 2.4
    endloop
  endfacet
  facet normal 0 0 1
    outer loop
      vertex 15.491392001509666 19.13305599987507 2.4
      vertex 15.479860246181488 19.174535185098648 2.4
      vertex 14.59628800302744 20.5533439964056 2.4
    endloop
  endfacet
  facet normal 0 0 1
    outer loop
      vertex 15.479860246181488 19.174535185098648 2.4
      vertex 15.468195267021656 19.215260736644268 2.4
      vertex 14.59628800302744 20.5533439964056 2.4
    endloop
  endfacet
  facet normal 0 0 1
    outer loop
      vertex 15.468195267021656 19.215260736644268 2.4
      vertex 15.45639706403017 19.25523265451193 2.4
      vertex 14.59628800302744 20.5533439964056 2.4
    endloop
  endfacet
  facet normal 0 0 1
    outer loop
      vertex 15.432400979101658 19.33291558921337 2.4
      vertex 15.420203104615211 19.370626613497734 2.4
      vertex 14.59628800302744 20.5533439964056 2.4
    endloop
  endfacet
  facet normal 0 0 1
    outer loop
      vertex 15.420203104615211 19.370626613497734 2.4
      vertex 15.407871998846531 19.407583996653557 2.4
      vertex 14.59628800302744 20.5533439964056 2.4
    endloop
  endfacet
  facet normal 0 0 1
    outer loop
      vertex 15.45639706403017 19.25523265451193 2.4
      vertex 15.44446562975645 19.29445093870163 2.4
      vertex 14.59628800302744 20.5533439964056 2.4
    endloop
  endfacet
  facet normal 0 0 1
    outer loop
      vertex 15.44446562975645 19.29445093870163 2.4
      vertex 15.432400979101658 19.33291558921337 2.4
      vertex 14.59628800302744 20.5533439964056 2.4
    endloop
  endfacet
  facet normal 0 0 1
    outer loop
      vertex 15.687807999551296 18.470144003629684 2.4
      vertex 15.602246530354023 19.13646563142538 2.4
      vertex 15.588762119412422 19.09145338833332 2.4
    endloop
  endfacet
  facet normal 0 0 1
    outer loop
      vertex 15.687807999551296 18.470144003629684 2.4
      vertex 15.61727999895811 19.185152001678944 2.4
      vertex 15.602246530354023 19.13646563142538 2.4
    endloop
  endfacet
  facet normal 0 0 1
    outer loop
      vertex 15.687807999551296 18.470144003629684 2.4
      vertex 15.632357880473137 19.233005061745644 2.4
      vertex 15.61727999895811 19.185152001678944 2.4
    endloop
  endfacet
  facet normal 0 0 1
    outer loop
      vertex 15.687807999551296 18.470144003629684 2.4
      vertex 15.64597550779581 19.27549910545349 2.4
      vertex 15.632357880473137 19.233005061745644 2.4
    endloop
  endfacet
  facet normal 0 0 1
    outer loop
      vertex 15.687807999551296 18.470144003629684 2.4
      vertex 15.658132895827293 19.312634125351906 2.4
      vertex 15.64597550779581 19.27549910545349 2.4
    endloop
  endfacet
  facet normal 0 0 1
    outer loop
      vertex 15.687807999551296 18.470144003629684 2.4
      vertex 15.668830037117004 19.344410121440887 2.4
      vertex 15.658132895827293 19.312634125351906 2.4
    endloop
  endfacet
  facet normal 0 0 1
    outer loop
      vertex 15.687807999551296 18.470144003629684 2.4
      vertex 15.678066939115524 19.370827101171017 2.4
      vertex 15.668830037117004 19.344410121440887 2.4
    endloop
  endfacet
  facet normal 0 0 1
    outer loop
      vertex 15.687807999551296 18.470144003629684 2.4
      vertex 15.685843594372272 19.391885064542294 2.4
      vertex 15.678066939115524 19.370827101171017 2.4
    endloop
  endfacet
  facet normal 0 0 1
    outer loop
      vertex 15.687807999551296 18.470144003629684 2.4
      vertex 15.692160002887249 19.407583996653557 2.4
      vertex 15.685843594372272 19.391885064542294 2.4
    endloop
  endfacet
  facet normal 0 0 1
    outer loop
      vertex 15.687807999551296 18.470144003629684 2.4
      vertex 16.477696001529694 20.5533439964056 2.4
      vertex 15.692160002887249 19.407583996653557 2.4
    endloop
  endfacet
  facet normal 0 -1 0
    outer loop
      vertex 16.649120002985 18.470144003629684 2.4
      vertex 17.022367998957634 18.470144003629684 2
      vertex 17.022367998957634 18.470144003629684 2.4
    endloop
  endfacet
  facet normal -1 0 0
    outer loop
      vertex 16.649120002985 18.470144003629684 2.4
      vertex 16.649120002985 20.509952001273632 2.4
      vertex 16.649120002985 18.470144003629684 2
    endloop
  endfacet
  facet normal 0 0 1
    outer loop
      vertex 16.649120002985 18.470144003629684 2.4
      vertex 17.022367998957634 18.470144003629684 2.4
      vertex 16.649120002985 20.509952001273632 2.4
    endloop
  endfacet
  facet normal -0.5951768839688761 -0.8035947217279983 0
    outer loop
      vertex 18.117551021277905 18.74072750657797 2.4
      vertex 18.117551021277905 18.74072750657797 2
      vertex 18.205300897359848 18.675736166536808 2
    endloop
  endfacet
  facet normal -0.5239691304878006 -0.8517372542608773 0
    outer loop
      vertex 18.205300897359848 18.675736166536808 2.4
      vertex 18.205300897359848 18.675736166536808 2
      vertex 18.299648001790047 18.61769600212574 2
    endloop
  endfacet
  facet normal -0.3762411219100593 -0.9265217850562716 0
    outer loop
      vertex 18.39993730932474 18.567037388682365 2.4
      vertex 18.39993730932474 18.567037388682365 2
      vertex 18.505495510995388 18.52417241036892 2
    endloop
  endfacet
  facet normal -0.4508693073810454 -0.8925899773477945 0
    outer loop
      vertex 18.299648001790047 18.61769600212574 2.4
      vertex 18.299648001790047 18.61769600212574 2
      vertex 18.39993730932474 18.567037388682365 2
    endloop
  endfacet
  facet normal -0.30170484494428 -0.9534013774571274 0
    outer loop
      vertex 18.505495510995388 18.52417241036892 2.4
      vertex 18.505495510995388 18.52417241036892 2
      vertex 18.616322614252567 18.48910105973482 2
    endloop
  endfacet
  facet normal -0.22872953535366597 -0.9734900100447339 0
    outer loop
      vertex 18.616322614252567 18.48910105973482 2.4
      vertex 18.616322614252567 18.48910105973482 2
      vertex 18.7324186116457 18.461823344230652 2
    endloop
  endfacet
  facet normal -0.876576498650854 -0.4812625499797478 0
    outer loop
      vertex 17.77775999903679 19.169951997697353 2.4
      vertex 17.77775999903679 19.169951997697353 2
      vertex 17.8325237557292 19.070204734802246 2
    endloop
  endfacet
  facet normal -0.9392215458901476 -0.3433116481212391 0
    outer loop
      vertex 17.68954971432686 19.386248491704464 2.4
      vertex 17.68954971432686 19.386248491704464 2
      vertex 17.729979425668716 19.27564211934805 2
    endloop
  endfacet
  facet normal -0.9112102834510911 -0.41194152416694074 0
    outer loop
      vertex 17.729979425668716 19.27564211934805 2.4
      vertex 17.729979425668716 19.27564211934805 2
      vertex 17.77775999903679 19.169951997697353 2
    endloop
  endfacet
  facet normal -0.8341315181071872 -0.5515655994532283 0
    outer loop
      vertex 17.8325237557292 19.070204734802246 2.4
      vertex 17.8325237557292 19.070204734802246 2
      vertex 17.893884733319283 18.977408654987812 2
    endloop
  endfacet
  facet normal -0.7840562133614181 -0.6206898213192757 0
    outer loop
      vertex 17.893884733319283 18.977408654987812 2.4
      vertex 17.893884733319283 18.977408654987812 2
      vertex 17.96184293925762 18.89156375825405 2
    endloop
  endfacet
  facet normal -0.7268076016157212 -0.6868411098890362 0
    outer loop
      vertex 17.96184293925762 18.89156375825405 2.4
      vertex 17.96184293925762 18.89156375825405 2
      vertex 18.036398366093636 18.812670037150383 2
    endloop
  endfacet
  facet normal -0.6633682806214788 -0.7482930737787856 0
    outer loop
      vertex 18.036398366093636 18.812670037150383 2.4
      vertex 18.036398366093636 18.812670037150383 2
      vertex 18.117551021277905 18.74072750657797 2
    endloop
  endfacet
  facet normal -0.9779358404211261 -0.20890546191956177 0
    outer loop
      vertex 17.630742855370045 19.622209958732128 2.4
      vertex 17.630742855370045 19.622209958732128 2
      vertex 17.656470857560635 19.501771099865437 2
    endloop
  endfacet
  facet normal -0.9613646403328482 -0.2752780926948119 0
    outer loop
      vertex 17.656470857560635 19.501771099865437 2.4
      vertex 17.656470857560635 19.501771099865437 2
      vertex 17.68954971432686 19.386248491704464 2
    endloop
  endfacet
  facet normal -0.9894242897182843 -0.14505024962222057 0
    outer loop
      vertex 17.61236571520567 19.747565060853958 2.4
      vertex 17.61236571520567 19.747565060853958 2
      vertex 17.630742855370045 19.622209958732128 2
    endloop
  endfacet
  facet normal -0.9964370902878565 -0.08433934490301793 0
    outer loop
      vertex 17.601339429616928 19.877836406230927 2.4
      vertex 17.601339429616928 19.877836406230927 2
      vertex 17.61236571520567 19.747565060853958 2
    endloop
  endfacet
  facet normal -0.9996306210147983 -0.027177592416705566 0
    outer loop
      vertex 17.59766399860382 20.013024002313614 2.4
      vertex 17.59766399860382 20.013024002313614 2
      vertex 17.601339429616928 19.877836406230927 2
    endloop
  endfacet
  facet normal 0.9531213594362157 0.30258829155547334 0
    outer loop
      vertex 18.071833468973637 19.563751839101315 2.4
      vertex 18.11321861296892 19.433392979204655 2
      vertex 18.071833468973637 19.563751839101315 2
    endloop
  endfacet
  facet normal 0.9784441756720259 0.20651148901087776 0
    outer loop
      vertex 18.04227264970541 19.703809961676598 2.4
      vertex 18.071833468973637 19.563751839101315 2
      vertex 18.04227264970541 19.703809961676598 2
    endloop
  endfacet
  facet normal 0.9930595279150753 0.11761281400037893 0
    outer loop
      vertex 18.024536162614822 19.853567346930504 2.4
      vertex 18.04227264970541 19.703809961676598 2
      vertex 18.024536162614822 19.853567346930504 2
    endloop
  endfacet
  facet normal 0.9993133586993742 0.037051465895102415 0
    outer loop
      vertex 18.018624000251293 20.013024002313614 2.4
      vertex 18.024536162614822 19.853567346930504 2
      vertex 18.018624000251293 20.013024002313614 2
    endloop
  endfacet
  facet normal 0.6173482354663851 0.7866900000422916 0
    outer loop
      vertex 18.395674124360085 19.010995589196682 2.4
      vertex 18.492195919156075 18.93525093793869 2
      vertex 18.395674124360085 19.010995589196682 2
    endloop
  endfacet
  facet normal 0.7965420616414627 0.6045831159038171 0
    outer loop
      vertex 18.231461875140667 19.201773062348366 2.4
      vertex 18.308320000767708 19.100511997938156 2
      vertex 18.231461875140667 19.201773062348366 2
    endloop
  endfacet
  facet normal 0.8627383870685624 0.5056505467992053 0
    outer loop
      vertex 18.166428081691265 19.3127333894372 2.4
      vertex 18.231461875140667 19.201773062348366 2
      vertex 18.166428081691265 19.3127333894372 2
    endloop
  endfacet
  facet normal 0.7156978521915639 0.6984100402832009 0
    outer loop
      vertex 18.308320000767708 19.100511997938156 2.4
      vertex 18.395674124360085 19.010995589196682 2
      vertex 18.308320000767708 19.100511997938156 2
    endloop
  endfacet
  facet normal 0.5058227629171432 0.8626374281903536 0
    outer loop
      vertex 18.492195919156075 18.93525093793869 2.4
      vertex 18.597885385155678 18.87327804416418 2
      vertex 18.492195919156075 18.93525093793869 2
    endloop
  endfacet
  facet normal 0.3869672941105077 0.9220934406494776 0
    outer loop
      vertex 18.597885385155678 18.87327804416418 2.4
      vertex 18.712742529809475 18.825076900422573 2
      vertex 18.597885385155678 18.87327804416418 2
    endloop
  endfacet
  facet normal 0.9149813693598489 0.40349608885883353 0
    outer loop
      vertex 18.11321861296892 19.433392979204655 2.4
      vertex 18.166428081691265 19.3127333894372 2
      vertex 18.11321861296892 19.433392979204655 2
    endloop
  endfacet
  facet normal -0.029530239109130177 -0.9995638873919753 0
    outer loop
      vertex 18.98041730374098 18.4306488186121 2.4
      vertex 18.98041730374098 18.4306488186121 2
      vertex 19.112319998443127 18.426752001047134 2
    endloop
  endfacet
  facet normal -0.15851160856964794 -0.9873571136871718 0
    outer loop
      vertex 18.7324186116457 18.461823344230652 2.4
      vertex 18.7324186116457 18.461823344230652 2
      vertex 18.853783510625362 18.44233926385641 2
    endloop
  endfacet
  facet normal -0.09192606245953344 -0.9957658354456062 0
    outer loop
      vertex 18.853783510625362 18.44233926385641 2.4
      vertex 18.853783510625362 18.44233926385641 2
      vertex 18.98041730374098 18.4306488186121 2
    endloop
  endfacet
  facet normal 0.030123038152998403 -0.9995461983182332 0
    outer loop
      vertex 19.112319998443127 18.426752001047134 2.4
      vertex 19.112319998443127 18.426752001047134 2
      vertex 19.243098124861717 18.430693224072456 2
    endloop
  endfacet
  facet normal 0.09362812504868537 -0.9956072389250028 0
    outer loop
      vertex 19.243098124861717 18.430693224072456 2.4
      vertex 19.243098124861717 18.430693224072456 2
      vertex 19.368826776742935 18.442516900599003 2
    endloop
  endfacet
  facet normal 0.16115897079141378 -0.9869284604942002 0
    outer loop
      vertex 19.368826776742935 18.442516900599003 2.4
      vertex 19.368826776742935 18.442516900599003 2
      vertex 19.48950596153736 18.462223023176193 2
    endloop
  endfacet
  facet normal 0.23207972632767462 -0.9726967670490488 0
    outer loop
      vertex 19.48950596153736 18.462223023176193 2.4
      vertex 19.48950596153736 18.462223023176193 2
      vertex 19.605135671794415 18.489811591804028 2
    endloop
  endfacet
  facet normal 0.305442291660198 -0.952210589347423 0
    outer loop
      vertex 19.605135671794415 18.489811591804028 2.4
      vertex 19.605135671794415 18.489811591804028 2
      vertex 19.715715914964676 18.525282613933086 2
    endloop
  endfacet
  facet normal 0.3799973836165474 -0.9249875612377598 0
    outer loop
      vertex 19.715715914964676 18.525282613933086 2.4
      vertex 19.715715914964676 18.525282613933086 2
      vertex 19.821246691048145 18.56863608211279 2
    endloop
  endfacet
  facet normal 0.454258864373496 -0.890869734662763 0
    outer loop
      vertex 19.821246691048145 18.56863608211279 2.4
      vertex 19.821246691048145 18.56863608211279 2
      vertex 19.921728000044823 18.619871996343136 2
    endloop
  endfacet
  facet normal 0.5261115360168304 -0.8504155758627727 0
    outer loop
      vertex 19.921728000044823 18.619871996343136 2.4
      vertex 19.921728000044823 18.619871996343136 2
      vertex 20.016429714858532 18.67845942825079 2
    endloop
  endfacet
  facet normal 0.2674855871249775 0.9635618613666722 0
    outer loop
      vertex 18.712742529809475 18.825076900422573 2.4
      vertex 18.836767345666885 18.790647506713867 2
      vertex 18.712742529809475 18.825076900422573 2
    endloop
  endfacet
  facet normal 0.1532636347583119 0.9881853359874709 0
    outer loop
      vertex 18.836767345666885 18.790647506713867 2.4
      vertex 18.96995984017849 18.769989877939224 2
      vertex 18.836767345666885 18.790647506713867 2
    endloop
  endfacet
  facet normal 0.04831293971317821 0.9988322481058922 0
    outer loop
      vertex 18.96995984017849 18.769989877939224 2.4
      vertex 19.112319998443127 18.763103999197483 2
      vertex 18.96995984017849 18.769989877939224 2
    endloop
  endfacet
  facet normal -0.04552159443246985 0.998963354903635 0
    outer loop
      vertex 19.112319998443127 18.763103999197483 2.4
      vertex 19.258571103215218 18.769768491387367 2
      vertex 19.112319998443127 18.763103999197483 2
    endloop
  endfacet
  facet normal -0.1452406279135846 0.9893963614261312 0
    outer loop
      vertex 19.258571103215218 18.769768491387367 2.4
      vertex 19.394768983125687 18.78976196050644 2
      vertex 19.258571103215218 18.769768491387367 2
    endloop
  endfacet
  facet normal -0.2553998520192007 0.966835516304904 0
    outer loop
      vertex 19.394768983125687 18.78976196050644 2.4
      vertex 19.520913630723953 18.8230844065547 2
      vertex 19.394768983125687 18.78976196050644 2
    endloop
  endfacet
  facet normal -0.3728706328608975 0.9278833391919017 0
    outer loop
      vertex 19.520913630723953 18.8230844065547 2.4
      vertex 19.63700506091118 18.869735836982727 2
      vertex 19.520913630723953 18.8230844065547 2
    endloop
  endfacet
  facet normal -0.4923419611638027 0.8704018573494549 0
    outer loop
      vertex 19.63700506091118 18.869735836982727 2.4
      vertex 19.743043266236782 18.929716244339943 2
      vertex 19.63700506091118 18.869735836982727 2
    endloop
  endfacet
  facet normal -0.6069751587721707 0.7947208042032736 0
    outer loop
      vertex 19.743043266236782 18.929716244339943 2.4
      vertex 19.839028246700764 19.003025636076927 2
      vertex 19.743043266236782 18.929716244339943 2
    endloop
  endfacet
  facet normal -0.7099961488817488 0.7042055584650591 0
    outer loop
      vertex 19.839028246700764 19.003025636076927 2.4
      vertex 19.924960002303123 19.08966399729252 2
      vertex 19.839028246700764 19.003025636076927 2
    endloop
  endfacet
  facet normal -0.7960570643986589 0.6052215711795058 0
    outer loop
      vertex 19.924960002303123 19.08966399729252 2.4
      vertex 20.000094696879387 19.18848979473114 2
      vertex 19.924960002303123 19.08966399729252 2
    endloop
  endfacet
  facet normal -0.5951768839688761 -0.8035947217279983 0
    outer loop
      vertex 18.117551021277905 18.74072750657797 2.4
      vertex 18.205300897359848 18.675736166536808 2
      vertex 18.205300897359848 18.675736166536808 2.4
    endloop
  endfacet
  facet normal -0.5239691304878006 -0.8517372542608773 0
    outer loop
      vertex 18.299648001790047 18.61769600212574 2.4
      vertex 18.205300897359848 18.675736166536808 2.4
      vertex 18.299648001790047 18.61769600212574 2
    endloop
  endfacet
  facet normal -0.4508693073810454 -0.8925899773477945 0
    outer loop
      vertex 18.39993730932474 18.567037388682365 2.4
      vertex 18.299648001790047 18.61769600212574 2.4
      vertex 18.39993730932474 18.567037388682365 2
    endloop
  endfacet
  facet normal -0.3762411219100593 -0.9265217850562716 0
    outer loop
      vertex 18.505495510995388 18.52417241036892 2.4
      vertex 18.39993730932474 18.567037388682365 2.4
      vertex 18.505495510995388 18.52417241036892 2
    endloop
  endfacet
  facet normal -0.30170484494428 -0.9534013774571274 0
    outer loop
      vertex 18.505495510995388 18.52417241036892 2.4
      vertex 18.616322614252567 18.48910105973482 2
      vertex 18.616322614252567 18.48910105973482 2.4
    endloop
  endfacet
  facet normal -0.22872953535366597 -0.9734900100447339 0
    outer loop
      vertex 18.7324186116457 18.461823344230652 2.4
      vertex 18.616322614252567 18.48910105973482 2.4
      vertex 18.7324186116457 18.461823344230652 2
    endloop
  endfacet
  facet normal 0 0 1
    outer loop
      vertex 18.299648001790047 18.61769600212574 2.4
      vertex 18.492195919156075 18.93525093793869 2.4
      vertex 18.205300897359848 18.675736166536808 2.4
    endloop
  endfacet
  facet normal 0 0 1
    outer loop
      vertex 18.39993730932474 18.567037388682365 2.4
      vertex 18.492195919156075 18.93525093793869 2.4
      vertex 18.299648001790047 18.61769600212574 2.4
    endloop
  endfacet
  facet normal 0 0 1
    outer loop
      vertex 18.505495510995388 18.52417241036892 2.4
      vertex 18.597885385155678 18.87327804416418 2.4
      vertex 18.39993730932474 18.567037388682365 2.4
    endloop
  endfacet
  facet normal 0 0 1
    outer loop
      vertex 18.7324186116457 18.461823344230652 2.4
      vertex 18.712742529809475 18.825076900422573 2.4
      vertex 18.616322614252567 18.48910105973482 2.4
    endloop
  endfacet
  facet normal 0 0 1
    outer loop
      vertex 18.505495510995388 18.52417241036892 2.4
      vertex 18.616322614252567 18.48910105973482 2.4
      vertex 18.712742529809475 18.825076900422573 2.4
    endloop
  endfacet
  facet normal 0 0 1
    outer loop
      vertex 18.505495510995388 18.52417241036892 2.4
      vertex 18.712742529809475 18.825076900422573 2.4
      vertex 18.597885385155678 18.87327804416418 2.4
    endloop
  endfacet
  facet normal -0.9112102834510911 -0.41194152416694074 0
    outer loop
      vertex 17.77775999903679 19.169951997697353 2.4
      vertex 17.729979425668716 19.27564211934805 2.4
      vertex 17.77775999903679 19.169951997697353 2
    endloop
  endfacet
  facet normal -0.9392215458901476 -0.3433116481212391 0
    outer loop
      vertex 17.729979425668716 19.27564211934805 2.4
      vertex 17.68954971432686 19.386248491704464 2.4
      vertex 17.729979425668716 19.27564211934805 2
    endloop
  endfacet
  facet normal -0.8341315181071872 -0.5515655994532283 0
    outer loop
      vertex 17.893884733319283 18.977408654987812 2.4
      vertex 17.8325237557292 19.070204734802246 2.4
      vertex 17.893884733319283 18.977408654987812 2
    endloop
  endfacet
  facet normal -0.7840562133614181 -0.6206898213192757 0
    outer loop
      vertex 17.96184293925762 18.89156375825405 2.4
      vertex 17.893884733319283 18.977408654987812 2.4
      vertex 17.96184293925762 18.89156375825405 2
    endloop
  endfacet
  facet normal -0.7268076016157212 -0.6868411098890362 0
    outer loop
      vertex 18.036398366093636 18.812670037150383 2.4
      vertex 17.96184293925762 18.89156375825405 2.4
      vertex 18.036398366093636 18.812670037150383 2
    endloop
  endfacet
  facet normal -0.6633682806214788 -0.7482930737787856 0
    outer loop
      vertex 18.117551021277905 18.74072750657797 2.4
      vertex 18.036398366093636 18.812670037150383 2.4
      vertex 18.117551021277905 18.74072750657797 2
    endloop
  endfacet
  facet normal -0.876576498650854 -0.4812625499797478 0
    outer loop
      vertex 17.8325237557292 19.070204734802246 2.4
      vertex 17.77775999903679 19.169951997697353 2.4
      vertex 17.8325237557292 19.070204734802246 2
    endloop
  endfacet
  facet normal -0.9779358404211261 -0.20890546191956177 0
    outer loop
      vertex 17.656470857560635 19.501771099865437 2.4
      vertex 17.630742855370045 19.622209958732128 2.4
      vertex 17.656470857560635 19.501771099865437 2
    endloop
  endfacet
  facet normal -0.9894242897182843 -0.14505024962222057 0
    outer loop
      vertex 17.630742855370045 19.622209958732128 2.4
      vertex 17.61236571520567 19.747565060853958 2.4
      vertex 17.630742855370045 19.622209958732128 2
    endloop
  endfacet
  facet normal -0.9613646403328482 -0.2752780926948119 0
    outer loop
      vertex 17.68954971432686 19.386248491704464 2.4
      vertex 17.656470857560635 19.501771099865437 2.4
      vertex 17.68954971432686 19.386248491704464 2
    endloop
  endfacet
  facet normal -0.9964370902878565 -0.08433934490301793 0
    outer loop
      vertex 17.61236571520567 19.747565060853958 2.4
      vertex 17.601339429616928 19.877836406230927 2.4
      vertex 17.61236571520567 19.747565060853958 2
    endloop
  endfacet
  facet normal -0.9996306210147983 -0.027177592416705566 0
    outer loop
      vertex 17.601339429616928 19.877836406230927 2.4
      vertex 17.59766399860382 20.013024002313614 2.4
      vertex 17.601339429616928 19.877836406230927 2
    endloop
  endfacet
  facet normal 0.9531213594362157 0.30258829155547334 0
    outer loop
      vertex 18.11321861296892 19.433392979204655 2.4
      vertex 18.11321861296892 19.433392979204655 2
      vertex 18.071833468973637 19.563751839101315 2.4
    endloop
  endfacet
  facet normal 0.9784441756720259 0.20651148901087776 0
    outer loop
      vertex 18.071833468973637 19.563751839101315 2.4
      vertex 18.071833468973637 19.563751839101315 2
      vertex 18.04227264970541 19.703809961676598 2.4
    endloop
  endfacet
  facet normal 0.9930595279150753 0.11761281400037893 0
    outer loop
      vertex 18.04227264970541 19.703809961676598 2.4
      vertex 18.04227264970541 19.703809961676598 2
      vertex 18.024536162614822 19.853567346930504 2.4
    endloop
  endfacet
  facet normal 0.9993133586993742 0.037051465895102415 0
    outer loop
      vertex 18.024536162614822 19.853567346930504 2.4
      vertex 18.024536162614822 19.853567346930504 2
      vertex 18.018624000251293 20.013024002313614 2.4
    endloop
  endfacet
  facet normal 0.7156978521915639 0.6984100402832009 0
    outer loop
      vertex 18.395674124360085 19.010995589196682 2.4
      vertex 18.395674124360085 19.010995589196682 2
      vertex 18.308320000767708 19.100511997938156 2.4
    endloop
  endfacet
  facet normal 0.9149813693598489 0.40349608885883353 0
    outer loop
      vertex 18.166428081691265 19.3127333894372 2.4
      vertex 18.166428081691265 19.3127333894372 2
      vertex 18.11321861296892 19.433392979204655 2.4
    endloop
  endfacet
  facet normal 0.8627383870685624 0.5056505467992053 0
    outer loop
      vertex 18.231461875140667 19.201773062348366 2.4
      vertex 18.231461875140667 19.201773062348366 2
      vertex 18.166428081691265 19.3127333894372 2.4
    endloop
  endfacet
  facet normal 0.7965420616414627 0.6045831159038171 0
    outer loop
      vertex 18.308320000767708 19.100511997938156 2.4
      vertex 18.308320000767708 19.100511997938156 2
      vertex 18.231461875140667 19.201773062348366 2.4
    endloop
  endfacet
  facet normal 0.5058227629171432 0.8626374281903536 0
    outer loop
      vertex 18.597885385155678 18.87327804416418 2.4
      vertex 18.597885385155678 18.87327804416418 2
      vertex 18.492195919156075 18.93525093793869 2.4
    endloop
  endfacet
  facet normal 0.6173482354663851 0.7866900000422916 0
    outer loop
      vertex 18.395674124360085 19.010995589196682 2.4
      vertex 18.492195919156075 18.93525093793869 2.4
      vertex 18.492195919156075 18.93525093793869 2
    endloop
  endfacet
  facet normal 0.3869672941105077 0.9220934406494776 0
    outer loop
      vertex 18.712742529809475 18.825076900422573 2.4
      vertex 18.712742529809475 18.825076900422573 2
      vertex 18.597885385155678 18.87327804416418 2.4
    endloop
  endfacet
  facet normal 0 0 1
    outer loop
      vertex 17.96184293925762 18.89156375825405 2.4
      vertex 18.231461875140667 19.201773062348366 2.4
      vertex 17.893884733319283 18.977408654987812 2.4
    endloop
  endfacet
  facet normal 0 0 1
    outer loop
      vertex 18.036398366093636 18.812670037150383 2.4
      vertex 18.308320000767708 19.100511997938156 2.4
      vertex 17.96184293925762 18.89156375825405 2.4
    endloop
  endfacet
  facet normal 0 0 1
    outer loop
      vertex 17.8325237557292 19.070204734802246 2.4
      vertex 18.166428081691265 19.3127333894372 2.4
      vertex 17.77775999903679 19.169951997697353 2.4
    endloop
  endfacet
  facet normal 0 0 1
    outer loop
      vertex 17.77775999903679 19.169951997697353 2.4
      vertex 18.11321861296892 19.433392979204655 2.4
      vertex 17.729979425668716 19.27564211934805 2.4
    endloop
  endfacet
  facet normal 0 0 1
    outer loop
      vertex 17.729979425668716 19.27564211934805 2.4
      vertex 18.11321861296892 19.433392979204655 2.4
      vertex 17.68954971432686 19.386248491704464 2.4
    endloop
  endfacet
  facet normal 0 0 1
    outer loop
      vertex 17.893884733319283 18.977408654987812 2.4
      vertex 18.231461875140667 19.201773062348366 2.4
      vertex 17.8325237557292 19.070204734802246 2.4
    endloop
  endfacet
  facet normal 0 0 1
    outer loop
      vertex 17.8325237557292 19.070204734802246 2.4
      vertex 18.231461875140667 19.201773062348366 2.4
      vertex 18.166428081691265 19.3127333894372 2.4
    endloop
  endfacet
  facet normal 0 0 1
    outer loop
      vertex 17.77775999903679 19.169951997697353 2.4
      vertex 18.166428081691265 19.3127333894372 2.4
      vertex 18.11321861296892 19.433392979204655 2.4
    endloop
  endfacet
  facet normal 0 0 1
    outer loop
      vertex 17.68954971432686 19.386248491704464 2.4
      vertex 18.071833468973637 19.563751839101315 2.4
      vertex 17.656470857560635 19.501771099865437 2.4
    endloop
  endfacet
  facet normal 0 0 1
    outer loop
      vertex 17.656470857560635 19.501771099865437 2.4
      vertex 18.04227264970541 19.703809961676598 2.4
      vertex 17.630742855370045 19.622209958732128 2.4
    endloop
  endfacet
  facet normal 0 0 1
    outer loop
      vertex 17.630742855370045 19.622209958732128 2.4
      vertex 18.04227264970541 19.703809961676598 2.4
      vertex 17.61236571520567 19.747565060853958 2.4
    endloop
  endfacet
  facet normal 0 0 1
    outer loop
      vertex 17.61236571520567 19.747565060853958 2.4
      vertex 18.024536162614822 19.853567346930504 2.4
      vertex 17.601339429616928 19.877836406230927 2.4
    endloop
  endfacet
  facet normal 0 0 1
    outer loop
      vertex 17.601339429616928 19.877836406230927 2.4
      vertex 18.018624000251293 20.013024002313614 2.4
      vertex 17.59766399860382 20.013024002313614 2.4
    endloop
  endfacet
  facet normal 0 0 1
    outer loop
      vertex 17.68954971432686 19.386248491704464 2.4
      vertex 18.11321861296892 19.433392979204655 2.4
      vertex 18.071833468973637 19.563751839101315 2.4
    endloop
  endfacet
  facet normal 0 0 1
    outer loop
      vertex 17.656470857560635 19.501771099865437 2.4
      vertex 18.071833468973637 19.563751839101315 2.4
      vertex 18.04227264970541 19.703809961676598 2.4
    endloop
  endfacet
  facet normal 0 0 1
    outer loop
      vertex 18.04227264970541 19.703809961676598 2.4
      vertex 18.024536162614822 19.853567346930504 2.4
      vertex 17.61236571520567 19.747565060853958 2.4
    endloop
  endfacet
  facet normal 0 0 1
    outer loop
      vertex 17.601339429616928 19.877836406230927 2.4
      vertex 18.024536162614822 19.853567346930504 2.4
      vertex 18.018624000251293 20.013024002313614 2.4
    endloop
  endfacet
  facet normal 0 0 1
    outer loop
      vertex 18.117551021277905 18.74072750657797 2.4
      vertex 18.308320000767708 19.100511997938156 2.4
      vertex 18.036398366093636 18.812670037150383 2.4
    endloop
  endfacet
  facet normal 0 0 1
    outer loop
      vertex 18.117551021277905 18.74072750657797 2.4
      vertex 18.205300897359848 18.675736166536808 2.4
      vertex 18.395674124360085 19.010995589196682 2.4
    endloop
  endfacet
  facet normal 0 0 1
    outer loop
      vertex 18.117551021277905 18.74072750657797 2.4
      vertex 18.395674124360085 19.010995589196682 2.4
      vertex 18.308320000767708 19.100511997938156 2.4
    endloop
  endfacet
  facet normal 0 0 1
    outer loop
      vertex 18.205300897359848 18.675736166536808 2.4
      vertex 18.492195919156075 18.93525093793869 2.4
      vertex 18.395674124360085 19.010995589196682 2.4
    endloop
  endfacet
  facet normal 0 0 1
    outer loop
      vertex 17.96184293925762 18.89156375825405 2.4
      vertex 18.308320000767708 19.100511997938156 2.4
      vertex 18.231461875140667 19.201773062348366 2.4
    endloop
  endfacet
  facet normal 0 0 1
    outer loop
      vertex 18.39993730932474 18.567037388682365 2.4
      vertex 18.597885385155678 18.87327804416418 2.4
      vertex 18.492195919156075 18.93525093793869 2.4
    endloop
  endfacet
  facet normal -0.09192606245953344 -0.9957658354456062 0
    outer loop
      vertex 18.853783510625362 18.44233926385641 2.4
      vertex 18.98041730374098 18.4306488186121 2
      vertex 18.98041730374098 18.4306488186121 2.4
    endloop
  endfacet
  facet normal -0.15851160856964794 -0.9873571136871718 0
    outer loop
      vertex 18.7324186116457 18.461823344230652 2.4
      vertex 18.853783510625362 18.44233926385641 2
      vertex 18.853783510625362 18.44233926385641 2.4
    endloop
  endfacet
  facet normal -0.029530239109130177 -0.9995638873919753 0
    outer loop
      vertex 18.98041730374098 18.4306488186121 2.4
      vertex 19.112319998443127 18.426752001047134 2
      vertex 19.112319998443127 18.426752001047134 2.4
    endloop
  endfacet
  facet normal 0.030123038152998403 -0.9995461983182332 0
    outer loop
      vertex 19.112319998443127 18.426752001047134 2.4
      vertex 19.243098124861717 18.430693224072456 2
      vertex 19.243098124861717 18.430693224072456 2.4
    endloop
  endfacet
  facet normal 0.09362812504868537 -0.9956072389250028 0
    outer loop
      vertex 19.243098124861717 18.430693224072456 2.4
      vertex 19.368826776742935 18.442516900599003 2
      vertex 19.368826776742935 18.442516900599003 2.4
    endloop
  endfacet
  facet normal 0.16115897079141378 -0.9869284604942002 0
    outer loop
      vertex 19.368826776742935 18.442516900599003 2.4
      vertex 19.48950596153736 18.462223023176193 2
      vertex 19.48950596153736 18.462223023176193 2.4
    endloop
  endfacet
  facet normal 0.23207972632767462 -0.9726967670490488 0
    outer loop
      vertex 19.48950596153736 18.462223023176193 2.4
      vertex 19.605135671794415 18.489811591804028 2
      vertex 19.605135671794415 18.489811591804028 2.4
    endloop
  endfacet
  facet normal 0.305442291660198 -0.952210589347423 0
    outer loop
      vertex 19.605135671794415 18.489811591804028 2.4
      vertex 19.715715914964676 18.525282613933086 2
      vertex 19.715715914964676 18.525282613933086 2.4
    endloop
  endfacet
  facet normal 0.3799973836165474 -0.9249875612377598 0
    outer loop
      vertex 19.715715914964676 18.525282613933086 2.4
      vertex 19.821246691048145 18.56863608211279 2
      vertex 19.821246691048145 18.56863608211279 2.4
    endloop
  endfacet
  facet normal 0.454258864373496 -0.890869734662763 0
    outer loop
      vertex 19.821246691048145 18.56863608211279 2.4
      vertex 19.921728000044823 18.619871996343136 2
      vertex 19.921728000044823 18.619871996343136 2.4
    endloop
  endfacet
  facet normal 0.5261115360168304 -0.8504155758627727 0
    outer loop
      vertex 19.921728000044823 18.619871996343136 2.4
      vertex 20.016429714858532 18.67845942825079 2
      vertex 20.016429714858532 18.67845942825079 2.4
    endloop
  endfacet
  facet normal 0 0 1
    outer loop
      vertex 18.7324186116457 18.461823344230652 2.4
      vertex 18.853783510625362 18.44233926385641 2.4
      vertex 18.836767345666885 18.790647506713867 2.4
    endloop
  endfacet
  facet normal 0 0 1
    outer loop
      vertex 18.7324186116457 18.461823344230652 2.4
      vertex 18.836767345666885 18.790647506713867 2.4
      vertex 18.712742529809475 18.825076900422573 2.4
    endloop
  endfacet
  facet normal 0 0 1
    outer loop
      vertex 18.853783510625362 18.44233926385641 2.4
      vertex 18.96995984017849 18.769989877939224 2.4
      vertex 18.836767345666885 18.790647506713867 2.4
    endloop
  endfacet
  facet normal 0 0 1
    outer loop
      vertex 18.853783510625362 18.44233926385641 2.4
      vertex 18.98041730374098 18.4306488186121 2.4
      vertex 18.96995984017849 18.769989877939224 2.4
    endloop
  endfacet
  facet normal 0 0 1
    outer loop
      vertex 18.98041730374098 18.4306488186121 2.4
      vertex 19.112319998443127 18.763103999197483 2.4
      vertex 18.96995984017849 18.769989877939224 2.4
    endloop
  endfacet
  facet normal 0 0 1
    outer loop
      vertex 18.98041730374098 18.4306488186121 2.4
      vertex 19.112319998443127 18.426752001047134 2.4
      vertex 19.112319998443127 18.763103999197483 2.4
    endloop
  endfacet
  facet normal 0 0 1
    outer loop
      vertex 19.112319998443127 18.426752001047134 2.4
      vertex 19.243098124861717 18.430693224072456 2.4
      vertex 19.112319998443127 18.763103999197483 2.4
    endloop
  endfacet
  facet normal 0 0 1
    outer loop
      vertex 19.243098124861717 18.430693224072456 2.4
      vertex 19.258571103215218 18.769768491387367 2.4
      vertex 19.112319998443127 18.763103999197483 2.4
    endloop
  endfacet
  facet normal 0 0 1
    outer loop
      vertex 19.243098124861717 18.430693224072456 2.4
      vertex 19.368826776742935 18.442516900599003 2.4
      vertex 19.258571103215218 18.769768491387367 2.4
    endloop
  endfacet
  facet normal 0 0 1
    outer loop
      vertex 19.368826776742935 18.442516900599003 2.4
      vertex 19.394768983125687 18.78976196050644 2.4
      vertex 19.258571103215218 18.769768491387367 2.4
    endloop
  endfacet
  facet normal 0 0 1
    outer loop
      vertex 19.368826776742935 18.442516900599003 2.4
      vertex 19.48950596153736 18.462223023176193 2.4
      vertex 19.394768983125687 18.78976196050644 2.4
    endloop
  endfacet
  facet normal 0 0 1
    outer loop
      vertex 19.48950596153736 18.462223023176193 2.4
      vertex 19.520913630723953 18.8230844065547 2.4
      vertex 19.394768983125687 18.78976196050644 2.4
    endloop
  endfacet
  facet normal 0 0 1
    outer loop
      vertex 19.48950596153736 18.462223023176193 2.4
      vertex 19.605135671794415 18.489811591804028 2.4
      vertex 19.520913630723953 18.8230844065547 2.4
    endloop
  endfacet
  facet normal 0 0 1
    outer loop
      vertex 19.605135671794415 18.489811591804028 2.4
      vertex 19.715715914964676 18.525282613933086 2.4
      vertex 19.520913630723953 18.8230844065547 2.4
    endloop
  endfacet
  facet normal 0 0 1
    outer loop
      vertex 19.715715914964676 18.525282613933086 2.4
      vertex 19.63700506091118 18.869735836982727 2.4
      vertex 19.520913630723953 18.8230844065547 2.4
    endloop
  endfacet
  facet normal 0 0 1
    outer loop
      vertex 19.715715914964676 18.525282613933086 2.4
      vertex 19.821246691048145 18.56863608211279 2.4
      vertex 19.63700506091118 18.869735836982727 2.4
    endloop
  endfacet
  facet normal 0 0 1
    outer loop
      vertex 19.821246691048145 18.56863608211279 2.4
      vertex 19.921728000044823 18.619871996343136 2.4
      vertex 19.743043266236782 18.929716244339943 2.4
    endloop
  endfacet
  facet normal 0 0 1
    outer loop
      vertex 19.921728000044823 18.619871996343136 2.4
      vertex 20.016429714858532 18.67845942825079 2.4
      vertex 19.743043266236782 18.929716244339943 2.4
    endloop
  endfacet
  facet normal 0.2674855871249775 0.9635618613666722 0
    outer loop
      vertex 18.836767345666885 18.790647506713867 2.4
      vertex 18.836767345666885 18.790647506713867 2
      vertex 18.712742529809475 18.825076900422573 2.4
    endloop
  endfacet
  facet normal 0.1532636347583119 0.9881853359874709 0
    outer loop
      vertex 18.96995984017849 18.769989877939224 2.4
      vertex 18.96995984017849 18.769989877939224 2
      vertex 18.836767345666885 18.790647506713867 2.4
    endloop
  endfacet
  facet normal 0.04831293971317821 0.9988322481058922 0
    outer loop
      vertex 18.96995984017849 18.769989877939224 2.4
      vertex 19.112319998443127 18.763103999197483 2.4
      vertex 19.112319998443127 18.763103999197483 2
    endloop
  endfacet
  facet normal -0.04552159443246985 0.998963354903635 0
    outer loop
      vertex 19.112319998443127 18.763103999197483 2.4
      vertex 19.258571103215218 18.769768491387367 2.4
      vertex 19.258571103215218 18.769768491387367 2
    endloop
  endfacet
  facet normal -0.1452406279135846 0.9893963614261312 0
    outer loop
      vertex 19.258571103215218 18.769768491387367 2.4
      vertex 19.394768983125687 18.78976196050644 2.4
      vertex 19.394768983125687 18.78976196050644 2
    endloop
  endfacet
  facet normal -0.2553998520192007 0.966835516304904 0
    outer loop
      vertex 19.394768983125687 18.78976196050644 2.4
      vertex 19.520913630723953 18.8230844065547 2.4
      vertex 19.520913630723953 18.8230844065547 2
    endloop
  endfacet
  facet normal -0.3728706328608975 0.9278833391919017 0
    outer loop
      vertex 19.520913630723953 18.8230844065547 2.4
      vertex 19.63700506091118 18.869735836982727 2.4
      vertex 19.63700506091118 18.869735836982727 2
    endloop
  endfacet
  facet normal -0.4923419611638027 0.8704018573494549 0
    outer loop
      vertex 19.63700506091118 18.869735836982727 2.4
      vertex 19.743043266236782 18.929716244339943 2.4
      vertex 19.743043266236782 18.929716244339943 2
    endloop
  endfacet
  facet normal -0.6069751587721707 0.7947208042032736 0
    outer loop
      vertex 19.743043266236782 18.929716244339943 2.4
      vertex 19.839028246700764 19.003025636076927 2.4
      vertex 19.839028246700764 19.003025636076927 2
    endloop
  endfacet
  facet normal -0.7099961488817488 0.7042055584650591 0
    outer loop
      vertex 19.839028246700764 19.003025636076927 2.4
      vertex 19.924960002303123 19.08966399729252 2.4
      vertex 19.924960002303123 19.08966399729252 2
    endloop
  endfacet
  facet normal -0.7960570643986589 0.6052215711795058 0
    outer loop
      vertex 19.924960002303123 19.08966399729252 2.4
      vertex 20.000094696879387 19.18848979473114 2.4
      vertex 20.000094696879387 19.18848979473114 2
    endloop
  endfacet
  facet normal 0 0 1
    outer loop
      vertex 19.821246691048145 18.56863608211279 2.4
      vertex 19.743043266236782 18.929716244339943 2.4
      vertex 19.63700506091118 18.869735836982727 2.4
    endloop
  endfacet
  facet normal 0 0 1
    outer loop
      vertex 19.743043266236782 18.929716244339943 2.4
      vertex 20.016429714858532 18.67845942825079 2.4
      vertex 19.839028246700764 19.003025636076927 2.4
    endloop
  endfacet
  facet normal 0 0 1
    outer loop
      vertex 19.839028246700764 19.003025636076927 2.4
      vertex 20.016429714858532 18.67845942825079 2.4
      vertex 20.104621715843678 18.743867427110672 2.4
    endloop
  endfacet
  facet normal 0 0 1
    outer loop
      vertex 19.839028246700764 19.003025636076927 2.4
      vertex 20.104621715843678 18.743867427110672 2.4
      vertex 19.924960002303123 19.08966399729252 2.4
    endloop
  endfacet
  facet normal -1 0 0
    outer loop
      vertex 10.073760002851486 20.154080003499985 2.4
      vertex 10.073760002851486 20.154080003499985 2
      vertex 10.073760002851486 19.709215998649597 2
    endloop
  endfacet
  facet normal 0.3923561203164118 -0.9198133913192683 0
    outer loop
      vertex 10.371040001511574 19.93273600190878 2.4
      vertex 10.371040001511574 19.93273600190878 2
      vertex 12.23292800039053 20.726943999528885 2
    endloop
  endfacet
  facet normal -0.3873012441546399 0.9219532234751762 0
    outer loop
      vertex 12.23292800039053 21.061120003461838 2.4
      vertex 12.23292800039053 21.061120003461838 2
      vertex 10.073760002851486 20.154080003499985 2
    endloop
  endfacet
  facet normal 1 0 0
    outer loop
      vertex 12.23292800039053 20.726943999528885 2.4
      vertex 12.23292800039053 20.726943999528885 2
      vertex 12.23292800039053 21.061120003461838 2
    endloop
  endfacet
  facet normal -0.3873012441546399 0.9219532234751762 0
    outer loop
      vertex 10.073760002851486 20.154080003499985 2.4
      vertex 12.23292800039053 21.061120003461838 2.4
      vertex 10.073760002851486 20.154080003499985 2
    endloop
  endfacet
  facet normal 0 0 1
    outer loop
      vertex 10.371040001511574 19.93273600190878 2.4
      vertex 12.23292800039053 21.061120003461838 2.4
      vertex 10.073760002851486 20.154080003499985 2.4
    endloop
  endfacet
  facet normal 0.3923561203164118 -0.9198133913192683 0
    outer loop
      vertex 10.371040001511574 19.93273600190878 2.4
      vertex 12.23292800039053 20.726943999528885 2
      vertex 12.23292800039053 20.726943999528885 2.4
    endloop
  endfacet
  facet normal 1 0 0
    outer loop
      vertex 12.23292800039053 20.726943999528885 2.4
      vertex 12.23292800039053 21.061120003461838 2
      vertex 12.23292800039053 21.061120003461838 2.4
    endloop
  endfacet
  facet normal 0 0 1
    outer loop
      vertex 10.371040001511574 19.93273600190878 2.4
      vertex 12.23292800039053 20.726943999528885 2.4
      vertex 12.23292800039053 21.061120003461838 2.4
    endloop
  endfacet
  facet normal -1 0 0
    outer loop
      vertex 14.049471996724606 21.52768000215292 2.4
      vertex 14.049471996724606 21.52768000215292 2
      vertex 14.049471996724606 18.470144003629684 2
    endloop
  endfacet
  facet normal 0.9997748582439799 0.021218690422124226 0
    outer loop
      vertex 14.418367996811867 20.509952001273632 2.4
      vertex 14.418367996811867 20.509952001273632 2
      vertex 14.409663997590542 20.920064002275467 2
    endloop
  endfacet
  facet normal -0.9498060132133656 -0.3128394752324776 0
    outer loop
      vertex 14.47478400170803 20.922239996492863 2.4
      vertex 14.47478400170803 20.922239996492863 2
      vertex 14.59628800302744 20.5533439964056 2
    endloop
  endfacet
  facet normal 0.9996366160448668 0.026956184121041452 0
    outer loop
      vertex 14.409663997590542 20.920064002275467 2.4
      vertex 14.409663997590542 20.920064002275467 2
      vertex 14.403168000280857 21.160959996283054 2
    endloop
  endfacet
  facet normal -0.9578262835755949 -0.28734789105153397 0
    outer loop
      vertex 14.403168000280857 21.160959996283054 2.4
      vertex 14.403168000280857 21.160959996283054 2
      vertex 14.47478400170803 20.922239996492863 2
    endloop
  endfacet
  facet normal 0 1 0
    outer loop
      vertex 14.594112001359463 21.52768000215292 2.4
      vertex 14.594112001359463 21.52768000215292 2
      vertex 14.049471996724606 21.52768000215292 2
    endloop
  endfacet
  facet normal 0.9997748582439799 0.021218690422124226 0
    outer loop
      vertex 14.418367996811867 20.509952001273632 2.4
      vertex 14.409663997590542 20.920064002275467 2
      vertex 14.409663997590542 20.920064002275467 2.4
    endloop
  endfacet
  facet normal -0.9498060132133656 -0.3128394752324776 0
    outer loop
      vertex 14.59628800302744 20.5533439964056 2.4
      vertex 14.47478400170803 20.922239996492863 2.4
      vertex 14.59628800302744 20.5533439964056 2
    endloop
  endfacet
  facet normal -0.9578262835755949 -0.28734789105153397 0
    outer loop
      vertex 14.47478400170803 20.922239996492863 2.4
      vertex 14.403168000280857 21.160959996283054 2.4
      vertex 14.47478400170803 20.922239996492863 2
    endloop
  endfacet
  facet normal 0.9996366160448668 0.026956184121041452 0
    outer loop
      vertex 14.409663997590542 20.920064002275467 2.4
      vertex 14.403168000280857 21.160959996283054 2
      vertex 14.403168000280857 21.160959996283054 2.4
    endloop
  endfacet
  facet normal 0.9335905341962463 0.3583416169790601 0
    outer loop
      vertex 15.407871998846531 19.407583996653557 2.4
      vertex 14.594112001359463 21.52768000215292 2
      vertex 14.594112001359463 21.52768000215292 2.4
    endloop
  endfacet
  facet normal 0 0 1
    outer loop
      vertex 14.049471996724606 18.470144003629684 2.4
      vertex 14.418367996811867 20.509952001273632 2.4
      vertex 14.049471996724606 21.52768000215292 2.4
    endloop
  endfacet
  facet normal 0 0 1
    outer loop
      vertex 14.418367996811867 20.509952001273632 2.4
      vertex 14.409663997590542 20.920064002275467 2.4
      vertex 14.049471996724606 21.52768000215292 2.4
    endloop
  endfacet
  facet normal 0 0 1
    outer loop
      vertex 14.409663997590542 20.920064002275467 2.4
      vertex 14.403168000280857 21.160959996283054 2.4
      vertex 14.049471996724606 21.52768000215292 2.4
    endloop
  endfacet
  facet normal 0 0 1
    outer loop
      vertex 15.407871998846531 19.407583996653557 2.4
      vertex 14.47478400170803 20.922239996492863 2.4
      vertex 14.59628800302744 20.5533439964056 2.4
    endloop
  endfacet
  facet normal 0 0 1
    outer loop
      vertex 15.407871998846531 19.407583996653557 2.4
      vertex 14.594112001359463 21.52768000215292 2.4
      vertex 14.47478400170803 20.922239996492863 2.4
    endloop
  endfacet
  facet normal 0 0 1
    outer loop
      vertex 14.47478400170803 20.922239996492863 2.4
      vertex 14.594112001359463 21.52768000215292 2.4
      vertex 14.403168000280857 21.160959996283054 2.4
    endloop
  endfacet
  facet normal 0 1 0
    outer loop
      vertex 14.049471996724606 21.52768000215292 2.4
      vertex 14.594112001359463 21.52768000215292 2.4
      vertex 14.049471996724606 21.52768000215292 2
    endloop
  endfacet
  facet normal 0 0 1
    outer loop
      vertex 14.403168000280857 21.160959996283054 2.4
      vertex 14.594112001359463 21.52768000215292 2.4
      vertex 14.049471996724606 21.52768000215292 2.4
    endloop
  endfacet
  facet normal 0.9335905341962463 0.3583416169790601 0
    outer loop
      vertex 15.407871998846531 19.407583996653557 2.4
      vertex 15.407871998846531 19.407583996653557 2
      vertex 14.594112001359463 21.52768000215292 2
    endloop
  endfacet
  facet normal -0.9358167870442532 0.35248679561959606 0
    outer loop
      vertex 16.490719996392727 21.52768000215292 2.4
      vertex 16.490719996392727 21.52768000215292 2
      vertex 15.692160002887249 19.407583996653557 2
    endloop
  endfacet
  facet normal 0.937076118868109 -0.34912511718162237 0
    outer loop
      vertex 16.477696001529694 20.5533439964056 2.4
      vertex 16.477696001529694 20.5533439964056 2
      vertex 16.502313144505024 20.619418121874332 2
    endloop
  endfacet
  facet normal -0.9999914243619691 0.004141401033530064 0
    outer loop
      vertex 16.649518370628357 20.606142692267895 2.4
      vertex 16.649518370628357 20.606142692267895 2
      vertex 16.649120002985 20.509952001273632 2
    endloop
  endfacet
  facet normal 0.9440204870249025 -0.32988682919641693 0
    outer loop
      vertex 16.502313144505024 20.619418121874332 2.4
      vertex 16.502313144505024 20.619418121874332 2
      vertex 16.527817144989967 20.692401632666588 2
    endloop
  endfacet
  facet normal 0.9495359323159863 -0.31365827462512585 0
    outer loop
      vertex 16.527817144989967 20.692401632666588 2.4
      vertex 16.527817144989967 20.692401632666588 2
      vertex 16.554208002984524 20.772294528782368 2
    endloop
  endfacet
  facet normal -0.9999210937329187 0.01256209807172257 0
    outer loop
      vertex 16.650713466107845 20.701270207762718 2.4
      vertex 16.650713466107845 20.701270207762718 2
      vertex 16.649518370628357 20.606142692267895 2
    endloop
  endfacet
  facet normal -0.9997758791723713 0.021170531998791434 0
    outer loop
      vertex 16.652705304324627 20.79533453285694 2.4
      vertex 16.652705304324627 20.79533453285694 2
      vertex 16.650713466107845 20.701270207762718 2
    endloop
  endfacet
  facet normal 0.9540031829389009 -0.29979647586728936 0
    outer loop
      vertex 16.554208002984524 20.772294528782368 2.4
      vertex 16.554208002984524 20.772294528782368 2
      vertex 16.581485711038113 20.859096817672253 2
    endloop
  endfacet
  facet normal 0.9576825191031767 -0.2878266711133519 0
    outer loop
      vertex 16.581485711038113 20.859096817672253 2.4
      vertex 16.581485711038113 20.859096817672253 2
      vertex 16.609650284051895 20.952808491885662 2
    endloop
  endfacet
  facet normal -0.9995507739714813 0.02997082336227836 0
    outer loop
      vertex 16.65549387782812 20.888335675001144 2.4
      vertex 16.65549387782812 20.888335675001144 2
      vertex 16.652705304324627 20.79533453285694 2
    endloop
  endfacet
  facet normal 0.960757135091643 -0.2773909287819244 0
    outer loop
      vertex 16.609650284051895 20.952808491885662 2.4
      vertex 16.609650284051895 20.952808491885662 2
      vertex 16.63870171457529 21.053429551422596 2
    endloop
  endfacet
  facet normal -0.9992404813957865 0.03896742665248933 0
    outer loop
      vertex 16.659079186618328 20.980273634195328 2.4
      vertex 16.659079186618328 20.980273634195328 2
      vertex 16.65549387782812 20.888335675001144 2
    endloop
  endfacet
  facet normal -0.9988394102443252 0.04816463996303431 0
    outer loop
      vertex 16.663461223244667 21.07114841043949 2.4
      vertex 16.663461223244667 21.07114841043949 2
      vertex 16.659079186618328 20.980273634195328 2
    endloop
  endfacet
  facet normal 0.9633589742757255 -0.2682153736876805 0
    outer loop
      vertex 16.63870171457529 21.053429551422596 2.4
      vertex 16.63870171457529 21.053429551422596 2
      vertex 16.6686400026083 21.160959996283054 2
    endloop
  endfacet
  facet normal -0.9983416403552958 0.05756708376057789 0
    outer loop
      vertex 16.6686400026083 21.160959996283054 2.4
      vertex 16.6686400026083 21.160959996283054 2
      vertex 16.663461223244667 21.07114841043949 2
    endloop
  endfacet
  facet normal 0 1 0
    outer loop
      vertex 17.022367998957634 21.52768000215292 2.4
      vertex 17.022367998957634 21.52768000215292 2
      vertex 16.490719996392727 21.52768000215292 2
    endloop
  endfacet
  facet normal -0.9358167870442532 0.35248679561959606 0
    outer loop
      vertex 15.692160002887249 19.407583996653557 2.4
      vertex 16.490719996392727 21.52768000215292 2.4
      vertex 15.692160002887249 19.407583996653557 2
    endloop
  endfacet
  facet normal 0 0 1
    outer loop
      vertex 15.692160002887249 19.407583996653557 2.4
      vertex 16.477696001529694 20.5533439964056 2.4
      vertex 16.502313144505024 20.619418121874332 2.4
    endloop
  endfacet
  facet normal 0 0 1
    outer loop
      vertex 15.692160002887249 19.407583996653557 2.4
      vertex 16.502313144505024 20.619418121874332 2.4
      vertex 16.527817144989967 20.692401632666588 2.4
    endloop
  endfacet
  facet normal 0.937076118868109 -0.34912511718162237 0
    outer loop
      vertex 16.477696001529694 20.5533439964056 2.4
      vertex 16.502313144505024 20.619418121874332 2
      vertex 16.502313144505024 20.619418121874332 2.4
    endloop
  endfacet
  facet normal -0.9999914243619691 0.004141401033530064 0
    outer loop
      vertex 16.649120002985 20.509952001273632 2.4
      vertex 16.649518370628357 20.606142692267895 2.4
      vertex 16.649120002985 20.509952001273632 2
    endloop
  endfacet
  facet normal 0.9440204870249025 -0.32988682919641693 0
    outer loop
      vertex 16.502313144505024 20.619418121874332 2.4
      vertex 16.527817144989967 20.692401632666588 2
      vertex 16.527817144989967 20.692401632666588 2.4
    endloop
  endfacet
  facet normal 0.9495359323159863 -0.31365827462512585 0
    outer loop
      vertex 16.527817144989967 20.692401632666588 2.4
      vertex 16.554208002984524 20.772294528782368 2
      vertex 16.554208002984524 20.772294528782368 2.4
    endloop
  endfacet
  facet normal -0.9999210937329187 0.01256209807172257 0
    outer loop
      vertex 16.649518370628357 20.606142692267895 2.4
      vertex 16.650713466107845 20.701270207762718 2.4
      vertex 16.649518370628357 20.606142692267895 2
    endloop
  endfacet
  facet normal -0.9997758791723713 0.021170531998791434 0
    outer loop
      vertex 16.650713466107845 20.701270207762718 2.4
      vertex 16.652705304324627 20.79533453285694 2.4
      vertex 16.650713466107845 20.701270207762718 2
    endloop
  endfacet
  facet normal 0.9540031829389009 -0.29979647586728936 0
    outer loop
      vertex 16.554208002984524 20.772294528782368 2.4
      vertex 16.581485711038113 20.859096817672253 2
      vertex 16.581485711038113 20.859096817672253 2.4
    endloop
  endfacet
  facet normal 0.9576825191031767 -0.2878266711133519 0
    outer loop
      vertex 16.581485711038113 20.859096817672253 2.4
      vertex 16.609650284051895 20.952808491885662 2
      vertex 16.609650284051895 20.952808491885662 2.4
    endloop
  endfacet
  facet normal -0.9995507739714813 0.02997082336227836 0
    outer loop
      vertex 16.652705304324627 20.79533453285694 2.4
      vertex 16.65549387782812 20.888335675001144 2.4
      vertex 16.652705304324627 20.79533453285694 2
    endloop
  endfacet
  facet normal -0.9992404813957865 0.03896742665248933 0
    outer loop
      vertex 16.65549387782812 20.888335675001144 2.4
      vertex 16.659079186618328 20.980273634195328 2.4
      vertex 16.65549387782812 20.888335675001144 2
    endloop
  endfacet
  facet normal 0.960757135091643 -0.2773909287819244 0
    outer loop
      vertex 16.609650284051895 20.952808491885662 2.4
      vertex 16.63870171457529 21.053429551422596 2
      vertex 16.63870171457529 21.053429551422596 2.4
    endloop
  endfacet
  facet normal -0.9988394102443252 0.04816463996303431 0
    outer loop
      vertex 16.659079186618328 20.980273634195328 2.4
      vertex 16.663461223244667 21.07114841043949 2.4
      vertex 16.659079186618328 20.980273634195328 2
    endloop
  endfacet
  facet normal -0.9983416403552958 0.05756708376057789 0
    outer loop
      vertex 16.663461223244667 21.07114841043949 2.4
      vertex 16.6686400026083 21.160959996283054 2.4
      vertex 16.663461223244667 21.07114841043949 2
    endloop
  endfacet
  facet normal 0.9633589742757255 -0.2682153736876805 0
    outer loop
      vertex 16.63870171457529 21.053429551422596 2.4
      vertex 16.6686400026083 21.160959996283054 2
      vertex 16.6686400026083 21.160959996283054 2.4
    endloop
  endfacet
  facet normal 1 0 0
    outer loop
      vertex 17.022367998957634 18.470144003629684 2.4
      vertex 17.022367998957634 21.52768000215292 2
      vertex 17.022367998957634 21.52768000215292 2.4
    endloop
  endfacet
  facet normal 0 0 1
    outer loop
      vertex 15.692160002887249 19.407583996653557 2.4
      vertex 16.527817144989967 20.692401632666588 2.4
      vertex 16.554208002984524 20.772294528782368 2.4
    endloop
  endfacet
  facet normal 0 0 1
    outer loop
      vertex 15.692160002887249 19.407583996653557 2.4
      vertex 16.554208002984524 20.772294528782368 2.4
      vertex 16.581485711038113 20.859096817672253 2.4
    endloop
  endfacet
  facet normal 0 0 1
    outer loop
      vertex 15.692160002887249 19.407583996653557 2.4
      vertex 16.581485711038113 20.859096817672253 2.4
      vertex 16.609650284051895 20.952808491885662 2.4
    endloop
  endfacet
  facet normal 0 0 1
    outer loop
      vertex 15.692160002887249 19.407583996653557 2.4
      vertex 16.609650284051895 20.952808491885662 2.4
      vertex 16.63870171457529 21.053429551422596 2.4
    endloop
  endfacet
  facet normal 0 0 1
    outer loop
      vertex 15.692160002887249 19.407583996653557 2.4
      vertex 16.63870171457529 21.053429551422596 2.4
      vertex 16.490719996392727 21.52768000215292 2.4
    endloop
  endfacet
  facet normal 0 0 1
    outer loop
      vertex 16.649120002985 20.509952001273632 2.4
      vertex 17.022367998957634 21.52768000215292 2.4
      vertex 16.649518370628357 20.606142692267895 2.4
    endloop
  endfacet
  facet normal 0 0 1
    outer loop
      vertex 16.63870171457529 21.053429551422596 2.4
      vertex 16.6686400026083 21.160959996283054 2.4
      vertex 16.490719996392727 21.52768000215292 2.4
    endloop
  endfacet
  facet normal 0 0 1
    outer loop
      vertex 16.649518370628357 20.606142692267895 2.4
      vertex 17.022367998957634 21.52768000215292 2.4
      vertex 16.650713466107845 20.701270207762718 2.4
    endloop
  endfacet
  facet normal 0 0 1
    outer loop
      vertex 16.650713466107845 20.701270207762718 2.4
      vertex 17.022367998957634 21.52768000215292 2.4
      vertex 16.652705304324627 20.79533453285694 2.4
    endloop
  endfacet
  facet normal 0 0 1
    outer loop
      vertex 16.652705304324627 20.79533453285694 2.4
      vertex 17.022367998957634 21.52768000215292 2.4
      vertex 16.65549387782812 20.888335675001144 2.4
    endloop
  endfacet
  facet normal 0 0 1
    outer loop
      vertex 16.65549387782812 20.888335675001144 2.4
      vertex 17.022367998957634 21.52768000215292 2.4
      vertex 16.659079186618328 20.980273634195328 2.4
    endloop
  endfacet
  facet normal 0 0 1
    outer loop
      vertex 16.659079186618328 20.980273634195328 2.4
      vertex 17.022367998957634 21.52768000215292 2.4
      vertex 16.663461223244667 21.07114841043949 2.4
    endloop
  endfacet
  facet normal 0 0 1
    outer loop
      vertex 17.022367998957634 18.470144003629684 2.4
      vertex 17.022367998957634 21.52768000215292 2.4
      vertex 16.649120002985 20.509952001273632 2.4
    endloop
  endfacet
  facet normal 0 1 0
    outer loop
      vertex 16.490719996392727 21.52768000215292 2.4
      vertex 17.022367998957634 21.52768000215292 2.4
      vertex 16.490719996392727 21.52768000215292 2
    endloop
  endfacet
  facet normal 0 0 1
    outer loop
      vertex 16.663461223244667 21.07114841043949 2.4
      vertex 17.022367998957634 21.52768000215292 2.4
      vertex 16.6686400026083 21.160959996283054 2.4
    endloop
  endfacet
  facet normal 0 0 1
    outer loop
      vertex 16.6686400026083 21.160959996283054 2.4
      vertex 17.022367998957634 21.52768000215292 2.4
      vertex 16.490719996392727 21.52768000215292 2.4
    endloop
  endfacet
  facet normal -0.9991867929716888 0.04032062438692701 0
    outer loop
      vertex 17.605856649577618 20.21604637056589 2.4
      vertex 17.605856649577618 20.21604637056589 2
      vertex 17.59766399860382 20.013024002313614 2
    endloop
  endfacet
  facet normal -0.99173329022433 0.12831633201126363 0
    outer loop
      vertex 17.63043460994959 20.406004898250103 2.4
      vertex 17.63043460994959 20.406004898250103 2
      vertex 17.605856649577618 20.21604637056589 2
    endloop
  endfacet
  facet normal -0.974220271858565 0.22559889605187303 0
    outer loop
      vertex 17.671397879719734 20.58289959281683 2.4
      vertex 17.671397879719734 20.58289959281683 2
      vertex 17.63043460994959 20.406004898250103 2
    endloop
  endfacet
  facet normal 0.9993355200147607 -0.03644884685182517 0
    outer loop
      vertex 18.024469554424286 20.173294365406036 2.4
      vertex 18.018624000251293 20.013024002313614 2
      vertex 18.024469554424286 20.173294365406036 2
    endloop
  endfacet
  facet normal 0.9932110047481617 -0.11632669533321668 0
    outer loop
      vertex 18.042006202042103 20.323024325072765 2.4
      vertex 18.024469554424286 20.173294365406036 2
      vertex 18.042006202042103 20.323024325072765 2
    endloop
  endfacet
  facet normal 0.9786563945326668 -0.20550343413267108 0
    outer loop
      vertex 18.071233958005905 20.46221387386322 2.4
      vertex 18.042006202042103 20.323024325072765 2
      vertex 18.071233958005905 20.46221387386322 2
    endloop
  endfacet
  facet normal 0.9529577970650679 -0.30310301386309735 0
    outer loop
      vertex 18.112152814865112 20.59086301922798 2.4
      vertex 18.071233958005905 20.46221387386322 2
      vertex 18.112152814865112 20.59086301922798 2
    endloop
  endfacet
  facet normal -0.9438443929675312 0.33039031744854835 0
    outer loop
      vertex 17.728746451437473 20.74673044681549 2.4
      vertex 17.728746451437473 20.74673044681549 2
      vertex 17.671397879719734 20.58289959281683 2
    endloop
  endfacet
  facet normal -0.8983242777491299 0.43933300810035225 0
    outer loop
      vertex 17.802480325102806 20.897497467696667 2.4
      vertex 17.802480325102806 20.897497467696667 2
      vertex 17.728746451437473 20.74673044681549 2
    endloop
  endfacet
  facet normal -0.8367399741632995 0.5476004160308874 0
    outer loop
      vertex 17.892599508166313 21.035200655460358 2.4
      vertex 17.892599508166313 21.035200655460358 2
      vertex 17.802480325102806 20.897497467696667 2
    endloop
  endfacet
  facet normal -0.7602480010346052 0.6496329555394237 0
    outer loop
      vertex 17.999104000627995 21.159840002655983 2.4
      vertex 17.999104000627995 21.159840002655983 2
      vertex 17.892599508166313 21.035200655460358 2
    endloop
  endfacet
  facet normal -0.6712346451050967 0.7412449333456756 0
    outer loop
      vertex 18.120223343372345 21.269519671797752 2.4
      vertex 18.120223343372345 21.269519671797752 2
      vertex 17.999104000627995 21.159840002655983 2
    endloop
  endfacet
  facet normal 0.9134748597378127 -0.4068951715454279 0
    outer loop
      vertex 18.164762772619724 20.70897175371647 2.4
      vertex 18.112152814865112 20.59086301922798 2
      vertex 18.164762772619724 20.70897175371647 2
    endloop
  endfacet
  facet normal 0.8583364159089204 -0.5130873192007661 0
    outer loop
      vertex 18.22906383872032 20.816540084779263 2.4
      vertex 18.164762772619724 20.70897175371647 2
      vertex 18.22906383872032 20.816540084779263 2
    endloop
  endfacet
  facet normal 0.787279409776817 -0.6165964084727277 0
    outer loop
      vertex 18.305055998265743 20.9135679975152 2.4
      vertex 18.22906383872032 20.816540084779263 2
      vertex 18.305055998265743 20.9135679975152 2
    endloop
  endfacet
  facet normal 0.7008507188633653 -0.7133079768716345 0
    outer loop
      vertex 18.39177404344082 20.998771592974663 2.4
      vertex 18.305055998265743 20.9135679975152 2
      vertex 18.39177404344082 20.998771592974663 2
    endloop
  endfacet
  facet normal 0.5986708074620033 -0.8009951712044169 0
    outer loop
      vertex 18.48823444545269 21.0708669424057 2.4
      vertex 18.39177404344082 20.998771592974663 2
      vertex 18.48823444545269 21.0708669424057 2
    endloop
  endfacet
  facet normal 0.4855520418187787 -0.874207764027302 0
    outer loop
      vertex 18.5944372266531 21.129854038357735 2.4
      vertex 18.48823444545269 21.0708669424057 2
      vertex 18.5944372266531 21.129854038357735 2
    endloop
  endfacet
  facet normal 0.3679368685375444 -0.9298507733882818 0
    outer loop
      vertex 18.710382364690304 21.175732895731926 2.4
      vertex 18.5944372266531 21.129854038357735 2
      vertex 18.710382364690304 21.175732895731926 2
    endloop
  endfacet
  facet normal -0.5694660421811448 0.8220148580181155 0
    outer loop
      vertex 18.2541870996356 21.36232554912567 2.4
      vertex 18.2541870996356 21.36232554912567 2
      vertex 18.120223343372345 21.269519671797752 2
    endloop
  endfacet
  facet normal -0.4594077835614484 0.8882254716023165 0
    outer loop
      vertex 18.400995261967182 21.43825763463974 2.4
      vertex 18.400995261967182 21.43825763463974 2
      vertex 18.2541870996356 21.36232554912567 2
    endloop
  endfacet
  facet normal -0.3469408457737595 0.9378870132024372 0
    outer loop
      vertex 18.56064783781767 21.497315920889378 2.4
      vertex 18.56064783781767 21.497315920889378 2
      vertex 18.400995261967182 21.43825763463974 2
    endloop
  endfacet
  facet normal -0.2375517021086345 0.9713748961267686 0
    outer loop
      vertex 18.73314481973648 21.539500407874584 2.4
      vertex 18.73314481973648 21.539500407874584 2
      vertex 18.56064783781767 21.497315920889378 2
    endloop
  endfacet
  facet normal 0.2522962204302347 -0.9676500489105647 0
    outer loop
      vertex 18.836069874465466 21.208503507077694 2.4
      vertex 18.710382364690304 21.175732895731926 2
      vertex 18.836069874465466 21.208503507077694 2
    endloop
  endfacet
  facet normal 0.14367851428458658 -0.9896244158937135 0
    outer loop
      vertex 18.971499755978584 21.22816587984562 2.4
      vertex 18.836069874465466 21.208503507077694 2
      vertex 18.971499755978584 21.22816587984562 2
    endloop
  endfacet
  facet normal 0.04510125139647639 -0.9989824208275498 0
    outer loop
      vertex 19.11667200177908 21.23471999913454 2.4
      vertex 18.971499755978584 21.22816587984562 2
      vertex 19.11667200177908 21.23471999913454 2
    endloop
  endfacet
  facet normal -0.04608417302063351 -0.9989375601092414 0
    outer loop
      vertex 19.260666772723198 21.228077061474323 2.4
      vertex 19.11667200177908 21.23471999913454 2
      vertex 19.260666772723198 21.228077061474323 2
    endloop
  endfacet
  facet normal -0.14669288649055492 -0.989182084882793 0
    outer loop
      vertex 19.39505109935999 21.20814824849367 2.4
      vertex 19.260666772723198 21.228077061474323 2
      vertex 19.39505109935999 21.20814824849367 2
    endloop
  endfacet
  facet normal -0.2572407954716493 -0.9663473356641044 0
    outer loop
      vertex 19.519824981689453 21.174933552742004 2.4
      vertex 19.39505109935999 21.20814824849367 2
      vertex 19.519824981689453 21.174933552742004 2
    endloop
  endfacet
  facet normal -0.3744095060243444 -0.9272634586775252 0
    outer loop
      vertex 19.63498840481043 21.128432981669903 2.4
      vertex 19.519824981689453 21.174933552742004 2
      vertex 19.63498840481043 21.128432981669903 2
    endloop
  endfacet
  facet normal -0.7913926247409677 -0.6113081984609742 0
    outer loop
      vertex 19.998519510030746 20.811211101710796 2.4
      vertex 19.92281600087881 20.90921600162983 2
      vertex 19.998519510030746 20.811211101710796 2
    endloop
  endfacet
  facet normal -0.4928446817913929 -0.8701173022242119 0
    outer loop
      vertex 19.740541391074657 21.068646527826786 2.4
      vertex 19.63498840481043 21.128432981669903 2
      vertex 19.740541391074657 21.068646527826786 2
    endloop
  endfacet
  facet normal -0.6059028846591189 -0.795538619025977 0
    outer loop
      vertex 19.836483918130398 20.995574206113815 2.4
      vertex 19.740541391074657 21.068646527826786 2
      vertex 19.836483918130398 20.995574206113815 2
    endloop
  endfacet
  facet normal -0.7072137325354712 -0.706999813658566 0
    outer loop
      vertex 19.92281600087881 20.90921600162983 2.4
      vertex 19.836483918130398 20.995574206113815 2
      vertex 19.92281600087881 20.90921600162983 2
    endloop
  endfacet
  facet normal -0.13530670233059863 0.9908037627625454 0
    outer loop
      vertex 18.918486207723618 21.56481110304594 2.4
      vertex 18.918486207723618 21.56481110304594 2
      vertex 18.73314481973648 21.539500407874584 2
    endloop
  endfacet
  facet normal -0.04253211689963011 0.9990951000940982 0
    outer loop
      vertex 19.11667200177908 21.573247998952866 2.4
      vertex 19.11667200177908 21.573247998952866 2
      vertex 18.918486207723618 21.56481110304594 2
    endloop
  endfacet
  facet normal 0.08998672745768758 0.9959429646729053 0
    outer loop
      vertex 19.373163104057312 21.5581022053957 2.4
      vertex 19.373163104057312 21.5581022053957 2
      vertex 19.24744163453579 21.569461554288864 2
    endloop
  endfacet
  facet normal 0.02894294577987521 0.9995810651916048 0
    outer loop
      vertex 19.24744163453579 21.569461554288864 2.4
      vertex 19.24744163453579 21.569461554288864 2
      vertex 19.11667200177908 21.573247998952866 2
    endloop
  endfacet
  facet normal 0.15499253478722755 0.9879156412165111 0
    outer loop
      vertex 19.493836410343647 21.53916995972395 2.4
      vertex 19.493836410343647 21.53916995972395 2
      vertex 19.373163104057312 21.5581022053957 2
    endloop
  endfacet
  facet normal 0.2234379387137475 0.9747181580043287 0
    outer loop
      vertex 19.609461553394794 21.512664817273617 2.4
      vertex 19.609461553394794 21.512664817273617 2
      vertex 19.493836410343647 21.53916995972395 2
    endloop
  endfacet
  facet normal 0.2945149327885487 0.9556468774419538 0
    outer loop
      vertex 19.720038533210754 21.4785867780447 2.4
      vertex 19.720038533210754 21.4785867780447 2
      vertex 19.609461553394794 21.512664817273617 2
    endloop
  endfacet
  facet normal 0.3671271200529401 0.9301707787936763 0
    outer loop
      vertex 19.825567349791527 21.43693583458662 2.4
      vertex 19.825567349791527 21.43693583458662 2
      vertex 19.720038533210754 21.4785867780447 2
    endloop
  endfacet
  facet normal 0.43993101548489105 0.898031570499853 0
    outer loop
      vertex 19.92604800313711 21.387712001800537 2.4
      vertex 19.92604800313711 21.387712001800537 2
      vertex 19.825567349791527 21.43693583458662 2
    endloop
  endfacet
  facet normal 0.5121140556324182 0.8589174547206013 0
    outer loop
      vertex 20.020713798701763 21.33126922696829 2.4
      vertex 20.020713798701763 21.33126922696829 2
      vertex 19.92604800313711 21.387712001800537 2
    endloop
  endfacet
  facet normal -0.9991867929716888 0.04032062438692701 0
    outer loop
      vertex 17.59766399860382 20.013024002313614 2.4
      vertex 17.605856649577618 20.21604637056589 2.4
      vertex 17.59766399860382 20.013024002313614 2
    endloop
  endfacet
  facet normal -0.99173329022433 0.12831633201126363 0
    outer loop
      vertex 17.605856649577618 20.21604637056589 2.4
      vertex 17.63043460994959 20.406004898250103 2.4
      vertex 17.605856649577618 20.21604637056589 2
    endloop
  endfacet
  facet normal -0.974220271858565 0.22559889605187303 0
    outer loop
      vertex 17.63043460994959 20.406004898250103 2.4
      vertex 17.671397879719734 20.58289959281683 2.4
      vertex 17.63043460994959 20.406004898250103 2
    endloop
  endfacet
  facet normal 0.9993355200147607 -0.03644884685182517 0
    outer loop
      vertex 18.018624000251293 20.013024002313614 2.4
      vertex 18.018624000251293 20.013024002313614 2
      vertex 18.024469554424286 20.173294365406036 2.4
    endloop
  endfacet
  facet normal 0.9932110047481617 -0.11632669533321668 0
    outer loop
      vertex 18.024469554424286 20.173294365406036 2.4
      vertex 18.024469554424286 20.173294365406036 2
      vertex 18.042006202042103 20.323024325072765 2.4
    endloop
  endfacet
  facet normal 0.9786563945326668 -0.20550343413267108 0
    outer loop
      vertex 18.042006202042103 20.323024325072765 2.4
      vertex 18.042006202042103 20.323024325072765 2
      vertex 18.071233958005905 20.46221387386322 2.4
    endloop
  endfacet
  facet normal 0.9529577970650679 -0.30310301386309735 0
    outer loop
      vertex 18.071233958005905 20.46221387386322 2.4
      vertex 18.071233958005905 20.46221387386322 2
      vertex 18.112152814865112 20.59086301922798 2.4
    endloop
  endfacet
  facet normal -0.9438443929675312 0.33039031744854835 0
    outer loop
      vertex 17.671397879719734 20.58289959281683 2.4
      vertex 17.728746451437473 20.74673044681549 2.4
      vertex 17.671397879719734 20.58289959281683 2
    endloop
  endfacet
  facet normal -0.8983242777491299 0.43933300810035225 0
    outer loop
      vertex 17.728746451437473 20.74673044681549 2.4
      vertex 17.802480325102806 20.897497467696667 2.4
      vertex 17.728746451437473 20.74673044681549 2
    endloop
  endfacet
  facet normal -0.8367399741632995 0.5476004160308874 0
    outer loop
      vertex 17.802480325102806 20.897497467696667 2.4
      vertex 17.892599508166313 21.035200655460358 2.4
      vertex 17.802480325102806 20.897497467696667 2
    endloop
  endfacet
  facet normal -0.7602480010346052 0.6496329555394237 0
    outer loop
      vertex 17.892599508166313 21.035200655460358 2.4
      vertex 17.999104000627995 21.159840002655983 2.4
      vertex 17.892599508166313 21.035200655460358 2
    endloop
  endfacet
  facet normal -0.6712346451050967 0.7412449333456756 0
    outer loop
      vertex 17.999104000627995 21.159840002655983 2.4
      vertex 18.120223343372345 21.269519671797752 2.4
      vertex 17.999104000627995 21.159840002655983 2
    endloop
  endfacet
  facet normal 0.9134748597378127 -0.4068951715454279 0
    outer loop
      vertex 18.112152814865112 20.59086301922798 2.4
      vertex 18.112152814865112 20.59086301922798 2
      vertex 18.164762772619724 20.70897175371647 2.4
    endloop
  endfacet
  facet normal 0.8583364159089204 -0.5130873192007661 0
    outer loop
      vertex 18.164762772619724 20.70897175371647 2.4
      vertex 18.164762772619724 20.70897175371647 2
      vertex 18.22906383872032 20.816540084779263 2.4
    endloop
  endfacet
  facet normal 0.787279409776817 -0.6165964084727277 0
    outer loop
      vertex 18.22906383872032 20.816540084779263 2.4
      vertex 18.22906383872032 20.816540084779263 2
      vertex 18.305055998265743 20.9135679975152 2.4
    endloop
  endfacet
  facet normal 0.7008507188633653 -0.7133079768716345 0
    outer loop
      vertex 18.305055998265743 20.9135679975152 2.4
      vertex 18.305055998265743 20.9135679975152 2
      vertex 18.39177404344082 20.998771592974663 2.4
    endloop
  endfacet
  facet normal 0.5986708074620033 -0.8009951712044169 0
    outer loop
      vertex 18.39177404344082 20.998771592974663 2.4
      vertex 18.39177404344082 20.998771592974663 2
      vertex 18.48823444545269 21.0708669424057 2.4
    endloop
  endfacet
  facet normal 0.4855520418187787 -0.874207764027302 0
    outer loop
      vertex 18.48823444545269 21.0708669424057 2.4
      vertex 18.48823444545269 21.0708669424057 2
      vertex 18.5944372266531 21.129854038357735 2.4
    endloop
  endfacet
  facet normal 0.3679368685375444 -0.9298507733882818 0
    outer loop
      vertex 18.5944372266531 21.129854038357735 2.4
      vertex 18.5944372266531 21.129854038357735 2
      vertex 18.710382364690304 21.175732895731926 2.4
    endloop
  endfacet
  facet normal 0 0 1
    outer loop
      vertex 17.59766399860382 20.013024002313614 2.4
      vertex 18.024469554424286 20.173294365406036 2.4
      vertex 17.605856649577618 20.21604637056589 2.4
    endloop
  endfacet
  facet normal 0 0 1
    outer loop
      vertex 17.605856649577618 20.21604637056589 2.4
      vertex 18.042006202042103 20.323024325072765 2.4
      vertex 17.63043460994959 20.406004898250103 2.4
    endloop
  endfacet
  facet normal 0 0 1
    outer loop
      vertex 17.63043460994959 20.406004898250103 2.4
      vertex 18.071233958005905 20.46221387386322 2.4
      vertex 17.671397879719734 20.58289959281683 2.4
    endloop
  endfacet
  facet normal 0 0 1
    outer loop
      vertex 17.59766399860382 20.013024002313614 2.4
      vertex 18.018624000251293 20.013024002313614 2.4
      vertex 18.024469554424286 20.173294365406036 2.4
    endloop
  endfacet
  facet normal 0 0 1
    outer loop
      vertex 18.024469554424286 20.173294365406036 2.4
      vertex 18.042006202042103 20.323024325072765 2.4
      vertex 17.605856649577618 20.21604637056589 2.4
    endloop
  endfacet
  facet normal 0 0 1
    outer loop
      vertex 18.042006202042103 20.323024325072765 2.4
      vertex 18.071233958005905 20.46221387386322 2.4
      vertex 17.63043460994959 20.406004898250103 2.4
    endloop
  endfacet
  facet normal 0 0 1
    outer loop
      vertex 18.071233958005905 20.46221387386322 2.4
      vertex 18.112152814865112 20.59086301922798 2.4
      vertex 17.671397879719734 20.58289959281683 2.4
    endloop
  endfacet
  facet normal 0 0 1
    outer loop
      vertex 17.671397879719734 20.58289959281683 2.4
      vertex 18.112152814865112 20.59086301922798 2.4
      vertex 17.728746451437473 20.74673044681549 2.4
    endloop
  endfacet
  facet normal 0 0 1
    outer loop
      vertex 17.728746451437473 20.74673044681549 2.4
      vertex 18.164762772619724 20.70897175371647 2.4
      vertex 17.802480325102806 20.897497467696667 2.4
    endloop
  endfacet
  facet normal 0 0 1
    outer loop
      vertex 18.164762772619724 20.70897175371647 2.4
      vertex 17.892599508166313 21.035200655460358 2.4
      vertex 17.802480325102806 20.897497467696667 2.4
    endloop
  endfacet
  facet normal 0 0 1
    outer loop
      vertex 18.112152814865112 20.59086301922798 2.4
      vertex 18.164762772619724 20.70897175371647 2.4
      vertex 17.728746451437473 20.74673044681549 2.4
    endloop
  endfacet
  facet normal 0 0 1
    outer loop
      vertex 18.164762772619724 20.70897175371647 2.4
      vertex 18.22906383872032 20.816540084779263 2.4
      vertex 17.892599508166313 21.035200655460358 2.4
    endloop
  endfacet
  facet normal 0 0 1
    outer loop
      vertex 18.22906383872032 20.816540084779263 2.4
      vertex 17.999104000627995 21.159840002655983 2.4
      vertex 17.892599508166313 21.035200655460358 2.4
    endloop
  endfacet
  facet normal 0 0 1
    outer loop
      vertex 18.22906383872032 20.816540084779263 2.4
      vertex 18.305055998265743 20.9135679975152 2.4
      vertex 17.999104000627995 21.159840002655983 2.4
    endloop
  endfacet
  facet normal 0 0 1
    outer loop
      vertex 18.305055998265743 20.9135679975152 2.4
      vertex 18.39177404344082 20.998771592974663 2.4
      vertex 18.120223343372345 21.269519671797752 2.4
    endloop
  endfacet
  facet normal 0 0 1
    outer loop
      vertex 18.305055998265743 20.9135679975152 2.4
      vertex 18.120223343372345 21.269519671797752 2.4
      vertex 17.999104000627995 21.159840002655983 2.4
    endloop
  endfacet
  facet normal 0 0 1
    outer loop
      vertex 18.39177404344082 20.998771592974663 2.4
      vertex 18.2541870996356 21.36232554912567 2.4
      vertex 18.120223343372345 21.269519671797752 2.4
    endloop
  endfacet
  facet normal 0 0 1
    outer loop
      vertex 18.39177404344082 20.998771592974663 2.4
      vertex 18.48823444545269 21.0708669424057 2.4
      vertex 18.2541870996356 21.36232554912567 2.4
    endloop
  endfacet
  facet normal 0 0 1
    outer loop
      vertex 18.48823444545269 21.0708669424057 2.4
      vertex 18.5944372266531 21.129854038357735 2.4
      vertex 18.400995261967182 21.43825763463974 2.4
    endloop
  endfacet
  facet normal -0.5694660421811448 0.8220148580181155 0
    outer loop
      vertex 18.120223343372345 21.269519671797752 2.4
      vertex 18.2541870996356 21.36232554912567 2.4
      vertex 18.120223343372345 21.269519671797752 2
    endloop
  endfacet
  facet normal -0.4594077835614484 0.8882254716023165 0
    outer loop
      vertex 18.2541870996356 21.36232554912567 2.4
      vertex 18.400995261967182 21.43825763463974 2.4
      vertex 18.2541870996356 21.36232554912567 2
    endloop
  endfacet
  facet normal -0.3469408457737595 0.9378870132024372 0
    outer loop
      vertex 18.400995261967182 21.43825763463974 2.4
      vertex 18.56064783781767 21.497315920889378 2.4
      vertex 18.400995261967182 21.43825763463974 2
    endloop
  endfacet
  facet normal -0.2375517021086345 0.9713748961267686 0
    outer loop
      vertex 18.56064783781767 21.497315920889378 2.4
      vertex 18.73314481973648 21.539500407874584 2.4
      vertex 18.56064783781767 21.497315920889378 2
    endloop
  endfacet
  facet normal 0 0 1
    outer loop
      vertex 18.48823444545269 21.0708669424057 2.4
      vertex 18.400995261967182 21.43825763463974 2.4
      vertex 18.2541870996356 21.36232554912567 2.4
    endloop
  endfacet
  facet normal 0 0 1
    outer loop
      vertex 18.5944372266531 21.129854038357735 2.4
      vertex 18.56064783781767 21.497315920889378 2.4
      vertex 18.400995261967182 21.43825763463974 2.4
    endloop
  endfacet
  facet normal 0 0 1
    outer loop
      vertex 18.5944372266531 21.129854038357735 2.4
      vertex 18.710382364690304 21.175732895731926 2.4
      vertex 18.56064783781767 21.497315920889378 2.4
    endloop
  endfacet
  facet normal 0 0 1
    outer loop
      vertex 18.710382364690304 21.175732895731926 2.4
      vertex 18.73314481973648 21.539500407874584 2.4
      vertex 18.56064783781767 21.497315920889378 2.4
    endloop
  endfacet
  facet normal 0.2522962204302347 -0.9676500489105647 0
    outer loop
      vertex 18.710382364690304 21.175732895731926 2.4
      vertex 18.710382364690304 21.175732895731926 2
      vertex 18.836069874465466 21.208503507077694 2.4
    endloop
  endfacet
  facet normal 0.14367851428458658 -0.9896244158937135 0
    outer loop
      vertex 18.836069874465466 21.208503507077694 2.4
      vertex 18.836069874465466 21.208503507077694 2
      vertex 18.971499755978584 21.22816587984562 2.4
    endloop
  endfacet
  facet normal 0.04510125139647639 -0.9989824208275498 0
    outer loop
      vertex 18.971499755978584 21.22816587984562 2.4
      vertex 18.971499755978584 21.22816587984562 2
      vertex 19.11667200177908 21.23471999913454 2.4
    endloop
  endfacet
  facet normal -0.04608417302063351 -0.9989375601092414 0
    outer loop
      vertex 19.260666772723198 21.228077061474323 2.4
      vertex 19.11667200177908 21.23471999913454 2.4
      vertex 19.11667200177908 21.23471999913454 2
    endloop
  endfacet
  facet normal -0.14669288649055492 -0.989182084882793 0
    outer loop
      vertex 19.260666772723198 21.228077061474323 2.4
      vertex 19.260666772723198 21.228077061474323 2
      vertex 19.39505109935999 21.20814824849367 2.4
    endloop
  endfacet
  facet normal -0.2572407954716493 -0.9663473356641044 0
    outer loop
      vertex 19.519824981689453 21.174933552742004 2.4
      vertex 19.39505109935999 21.20814824849367 2.4
      vertex 19.39505109935999 21.20814824849367 2
    endloop
  endfacet
  facet normal -0.3744095060243444 -0.9272634586775252 0
    outer loop
      vertex 19.63498840481043 21.128432981669903 2.4
      vertex 19.519824981689453 21.174933552742004 2.4
      vertex 19.519824981689453 21.174933552742004 2
    endloop
  endfacet
  facet normal -0.4928446817913929 -0.8701173022242119 0
    outer loop
      vertex 19.740541391074657 21.068646527826786 2.4
      vertex 19.63498840481043 21.128432981669903 2.4
      vertex 19.63498840481043 21.128432981669903 2
    endloop
  endfacet
  facet normal -0.7913926247409677 -0.6113081984609742 0
    outer loop
      vertex 19.998519510030746 20.811211101710796 2.4
      vertex 19.92281600087881 20.90921600162983 2.4
      vertex 19.92281600087881 20.90921600162983 2
    endloop
  endfacet
  facet normal -0.6059028846591189 -0.795538619025977 0
    outer loop
      vertex 19.836483918130398 20.995574206113815 2.4
      vertex 19.740541391074657 21.068646527826786 2.4
      vertex 19.740541391074657 21.068646527826786 2
    endloop
  endfacet
  facet normal -0.7072137325354712 -0.706999813658566 0
    outer loop
      vertex 19.92281600087881 20.90921600162983 2.4
      vertex 19.836483918130398 20.995574206113815 2.4
      vertex 19.836483918130398 20.995574206113815 2
    endloop
  endfacet
  facet normal 0 0 1
    outer loop
      vertex 19.740541391074657 21.068646527826786 2.4
      vertex 19.825567349791527 21.43693583458662 2.4
      vertex 19.63498840481043 21.128432981669903 2.4
    endloop
  endfacet
  facet normal 0 0 1
    outer loop
      vertex 19.92281600087881 20.90921600162983 2.4
      vertex 20.10877975821495 21.267961472272873 2.4
      vertex 19.836483918130398 20.995574206113815 2.4
    endloop
  endfacet
  facet normal 0 0 1
    outer loop
      vertex 19.836483918130398 20.995574206113815 2.4
      vertex 20.020713798701763 21.33126922696829 2.4
      vertex 19.740541391074657 21.068646527826786 2.4
    endloop
  endfacet
  facet normal 0 0 1
    outer loop
      vertex 19.836483918130398 20.995574206113815 2.4
      vertex 20.10877975821495 21.267961472272873 2.4
      vertex 20.020713798701763 21.33126922696829 2.4
    endloop
  endfacet
  facet normal -0.13530670233059863 0.9908037627625454 0
    outer loop
      vertex 18.73314481973648 21.539500407874584 2.4
      vertex 18.918486207723618 21.56481110304594 2.4
      vertex 18.73314481973648 21.539500407874584 2
    endloop
  endfacet
  facet normal -0.04253211689963011 0.9990951000940982 0
    outer loop
      vertex 18.918486207723618 21.56481110304594 2.4
      vertex 19.11667200177908 21.573247998952866 2.4
      vertex 18.918486207723618 21.56481110304594 2
    endloop
  endfacet
  facet normal 0.02894294577987521 0.9995810651916048 0
    outer loop
      vertex 19.11667200177908 21.573247998952866 2.4
      vertex 19.24744163453579 21.569461554288864 2.4
      vertex 19.11667200177908 21.573247998952866 2
    endloop
  endfacet
  facet normal 0.08998672745768758 0.9959429646729053 0
    outer loop
      vertex 19.24744163453579 21.569461554288864 2.4
      vertex 19.373163104057312 21.5581022053957 2.4
      vertex 19.24744163453579 21.569461554288864 2
    endloop
  endfacet
  facet normal 0.15499253478722755 0.9879156412165111 0
    outer loop
      vertex 19.373163104057312 21.5581022053957 2.4
      vertex 19.493836410343647 21.53916995972395 2.4
      vertex 19.373163104057312 21.5581022053957 2
    endloop
  endfacet
  facet normal 0.2234379387137475 0.9747181580043287 0
    outer loop
      vertex 19.609461553394794 21.512664817273617 2.4
      vertex 19.493836410343647 21.53916995972395 2
      vertex 19.493836410343647 21.53916995972395 2.4
    endloop
  endfacet
  facet normal 0.2945149327885487 0.9556468774419538 0
    outer loop
      vertex 19.609461553394794 21.512664817273617 2.4
      vertex 19.720038533210754 21.4785867780447 2.4
      vertex 19.609461553394794 21.512664817273617 2
    endloop
  endfacet
  facet normal 0.3671271200529401 0.9301707787936763 0
    outer loop
      vertex 19.825567349791527 21.43693583458662 2.4
      vertex 19.720038533210754 21.4785867780447 2
      vertex 19.720038533210754 21.4785867780447 2.4
    endloop
  endfacet
  facet normal 0.5121140556324182 0.8589174547206013 0
    outer loop
      vertex 19.92604800313711 21.387712001800537 2.4
      vertex 20.020713798701763 21.33126922696829 2.4
      vertex 19.92604800313711 21.387712001800537 2
    endloop
  endfacet
  facet normal 0.43993101548489105 0.898031570499853 0
    outer loop
      vertex 19.92604800313711 21.387712001800537 2.4
      vertex 19.825567349791527 21.43693583458662 2
      vertex 19.825567349791527 21.43693583458662 2.4
    endloop
  endfacet
  facet normal 0 0 1
    outer loop
      vertex 18.710382364690304 21.175732895731926 2.4
      vertex 18.836069874465466 21.208503507077694 2.4
      vertex 18.73314481973648 21.539500407874584 2.4
    endloop
  endfacet
  facet normal 0 0 1
    outer loop
      vertex 18.73314481973648 21.539500407874584 2.4
      vertex 18.836069874465466 21.208503507077694 2.4
      vertex 18.918486207723618 21.56481110304594 2.4
    endloop
  endfacet
  facet normal 0 0 1
    outer loop
      vertex 18.836069874465466 21.208503507077694 2.4
      vertex 18.971499755978584 21.22816587984562 2.4
      vertex 18.918486207723618 21.56481110304594 2.4
    endloop
  endfacet
  facet normal 0 0 1
    outer loop
      vertex 18.971499755978584 21.22816587984562 2.4
      vertex 19.11667200177908 21.573247998952866 2.4
      vertex 18.918486207723618 21.56481110304594 2.4
    endloop
  endfacet
  facet normal 0 0 1
    outer loop
      vertex 18.971499755978584 21.22816587984562 2.4
      vertex 19.11667200177908 21.23471999913454 2.4
      vertex 19.11667200177908 21.573247998952866 2.4
    endloop
  endfacet
  facet normal 0 0 1
    outer loop
      vertex 19.260666772723198 21.228077061474323 2.4
      vertex 19.24744163453579 21.569461554288864 2.4
      vertex 19.11667200177908 21.23471999913454 2.4
    endloop
  endfacet
  facet normal 0 0 1
    outer loop
      vertex 19.11667200177908 21.23471999913454 2.4
      vertex 19.24744163453579 21.569461554288864 2.4
      vertex 19.11667200177908 21.573247998952866 2.4
    endloop
  endfacet
  facet normal 0 0 1
    outer loop
      vertex 19.260666772723198 21.228077061474323 2.4
      vertex 19.39505109935999 21.20814824849367 2.4
      vertex 19.373163104057312 21.5581022053957 2.4
    endloop
  endfacet
  facet normal 0 0 1
    outer loop
      vertex 19.260666772723198 21.228077061474323 2.4
      vertex 19.373163104057312 21.5581022053957 2.4
      vertex 19.24744163453579 21.569461554288864 2.4
    endloop
  endfacet
  facet normal 0 0 1
    outer loop
      vertex 19.519824981689453 21.174933552742004 2.4
      vertex 19.493836410343647 21.53916995972395 2.4
      vertex 19.39505109935999 21.20814824849367 2.4
    endloop
  endfacet
  facet normal 0 0 1
    outer loop
      vertex 19.39505109935999 21.20814824849367 2.4
      vertex 19.493836410343647 21.53916995972395 2.4
      vertex 19.373163104057312 21.5581022053957 2.4
    endloop
  endfacet
  facet normal 0 0 1
    outer loop
      vertex 19.63498840481043 21.128432981669903 2.4
      vertex 19.720038533210754 21.4785867780447 2.4
      vertex 19.519824981689453 21.174933552742004 2.4
    endloop
  endfacet
  facet normal 0 0 1
    outer loop
      vertex 19.519824981689453 21.174933552742004 2.4
      vertex 19.720038533210754 21.4785867780447 2.4
      vertex 19.609461553394794 21.512664817273617 2.4
    endloop
  endfacet
  facet normal 0 0 1
    outer loop
      vertex 19.519824981689453 21.174933552742004 2.4
      vertex 19.609461553394794 21.512664817273617 2.4
      vertex 19.493836410343647 21.53916995972395 2.4
    endloop
  endfacet
  facet normal 0 0 1
    outer loop
      vertex 19.63498840481043 21.128432981669903 2.4
      vertex 19.825567349791527 21.43693583458662 2.4
      vertex 19.720038533210754 21.4785867780447 2.4
    endloop
  endfacet
  facet normal 0 0 1
    outer loop
      vertex 19.740541391074657 21.068646527826786 2.4
      vertex 19.92604800313711 21.387712001800537 2.4
      vertex 19.825567349791527 21.43693583458662 2.4
    endloop
  endfacet
  facet normal 0 0 1
    outer loop
      vertex 19.740541391074657 21.068646527826786 2.4
      vertex 20.020713798701763 21.33126922696829 2.4
      vertex 19.92604800313711 21.387712001800537 2.4
    endloop
  endfacet
  facet normal 0.5957013794779268 -0.8032059925623657 0
    outer loop
      vertex 20.016429714858532 18.67845942825079 2.4
      vertex 20.016429714858532 18.67845942825079 2
      vertex 20.104621715843678 18.743867427110672 2
    endloop
  endfacet
  facet normal 0.6624255143743116 -0.7491277847643409 0
    outer loop
      vertex 20.104621715843678 18.743867427110672 2.4
      vertex 20.104621715843678 18.743867427110672 2
      vertex 20.18630400300026 18.816096000373363 2
    endloop
  endfacet
  facet normal 0.724651986119207 -0.6891150114556267 0
    outer loop
      vertex 20.18630400300026 18.816096000373363 2.4
      vertex 20.18630400300026 18.816096000373363 2
      vertex 20.261476568877697 18.895145140588284 2
    endloop
  endfacet
  facet normal 0.7810148114348506 -0.6245125013315463 0
    outer loop
      vertex 20.261476568877697 18.895145140588284 2.4
      vertex 20.261476568877697 18.895145140588284 2
      vertex 20.33013942837715 18.981014855206013 2
    endloop
  endfacet
  facet normal -0.8655076608329114 0.5008956867847256 0
    outer loop
      vertex 20.000094696879387 19.18848979473114 2.4
      vertex 20.063670203089714 19.298343181610107 2
      vertex 20.000094696879387 19.18848979473114 2
    endloop
  endfacet
  facet normal -0.9185657379834664 0.3952682443643679 0
    outer loop
      vertex 20.063670203089714 19.298343181610107 2.4
      vertex 20.115686528384686 19.41922416538 2
      vertex 20.063670203089714 19.298343181610107 2
    endloop
  endfacet
  facet normal 0.8305600394147787 -0.5569290986537884 0
    outer loop
      vertex 20.33013942837715 18.981014855206013 2.4
      vertex 20.33013942837715 18.981014855206013 2
      vertex 20.392292574048042 19.07370514422655 2
    endloop
  endfacet
  facet normal 0.872814903295095 -0.4880513749452757 0
    outer loop
      vertex 20.392292574048042 19.07370514422655 2.4
      vertex 20.392292574048042 19.07370514422655 2
      vertex 20.44793599843979 19.173216000199318 2
    endloop
  endfacet
  facet normal 0.9078652929977595 -0.419261982261798 0
    outer loop
      vertex 20.44793599843979 19.173216000199318 2.4
      vertex 20.44793599843979 19.173216000199318 2
      vertex 20.49659102410078 19.27857305854559 2
    endloop
  endfacet
  facet normal 0.9367927610181134 -0.34988472802347326 0
    outer loop
      vertex 20.49659102410078 19.27857305854559 2.4
      vertex 20.49659102410078 19.27857305854559 2
      vertex 20.53776065260172 19.388801962137222 2
    endloop
  endfacet
  facet normal -0.9560436753762446 0.2932243011298381 0
    outer loop
      vertex 20.115686528384686 19.41922416538 2.4
      vertex 20.1561436727643 19.55113273113966 2
      vertex 20.115686528384686 19.41922416538 2
    endloop
  endfacet
  facet normal -0.9801687674951305 0.19816454583773768 0
    outer loop
      vertex 20.1561436727643 19.55113273113966 2.4
      vertex 20.18504163622856 19.694068901240826 2
      vertex 20.1561436727643 19.55113273113966 2
    endloop
  endfacet
  facet normal -0.9937185085738807 0.11190855962660834 0
    outer loop
      vertex 20.18504163622856 19.694068901240826 2.4
      vertex 20.202380411326885 19.848032653331757 2
      vertex 20.18504163622856 19.694068901240826 2
    endloop
  endfacet
  facet normal -0.999387026401946 0.03500816275493371 0
    outer loop
      vertex 20.202380411326885 19.848032653331757 2.4
      vertex 20.208159998059273 20.013024002313614 2
      vertex 20.202380411326885 19.848032653331757 2
    endloop
  endfacet
  facet normal 0.9597458889677385 -0.2808697716193848 0
    outer loop
      vertex 20.53776065260172 19.388801962137222 2.4
      vertex 20.53776065260172 19.388801962137222 2
      vertex 20.571444898843765 19.503902696073055 2
    endloop
  endfacet
  facet normal 0.9769766986916766 -0.21334603397652604 0
    outer loop
      vertex 20.571444898843765 19.503902696073055 2.4
      vertex 20.571444898843765 19.503902696073055 2
      vertex 20.59764375537634 19.62387526780367 2
    endloop
  endfacet
  facet normal 0.9889516794012411 -0.14823824003766634 0
    outer loop
      vertex 20.59764375537634 19.62387526780367 2.4
      vertex 20.59764375537634 19.62387526780367 2
      vertex 20.61635722219944 19.748719669878483 2
    endloop
  endfacet
  facet normal 0.9962747064327405 -0.08623635731149816 0
    outer loop
      vertex 20.61635722219944 19.748719669878483 2.4
      vertex 20.61635722219944 19.748719669878483 2
      vertex 20.62758530676365 19.878435917198658 2
    endloop
  endfacet
  facet normal 0.9996135673428439 -0.027797769408957493 0
    outer loop
      vertex 20.62758530676365 19.878435917198658 2.4
      vertex 20.62758530676365 19.878435917198658 2
      vertex 20.631328001618385 20.013024002313614 2
    endloop
  endfacet
  facet normal 0 -1 0
    outer loop
      vertex 21.99430400133133 18.470144003629684 2.4
      vertex 21.99430400133133 18.470144003629684 2
      vertex 22.40659199655056 18.470144003629684 2
    endloop
  endfacet
  facet normal 1 0 0
    outer loop
      vertex 22.40659199655056 18.470144003629684 2.4
      vertex 22.40659199655056 18.470144003629684 2
      vertex 22.40659199655056 21.189152002334595 2
    endloop
  endfacet
  facet normal 0.5957013794779268 -0.8032059925623657 0
    outer loop
      vertex 20.016429714858532 18.67845942825079 2.4
      vertex 20.104621715843678 18.743867427110672 2
      vertex 20.104621715843678 18.743867427110672 2.4
    endloop
  endfacet
  facet normal 0.6624255143743116 -0.7491277847643409 0
    outer loop
      vertex 20.104621715843678 18.743867427110672 2.4
      vertex 20.18630400300026 18.816096000373363 2
      vertex 20.18630400300026 18.816096000373363 2.4
    endloop
  endfacet
  facet normal 0.724651986119207 -0.6891150114556267 0
    outer loop
      vertex 20.18630400300026 18.816096000373363 2.4
      vertex 20.261476568877697 18.895145140588284 2
      vertex 20.261476568877697 18.895145140588284 2.4
    endloop
  endfacet
  facet normal 0.7810148114348506 -0.6245125013315463 0
    outer loop
      vertex 20.261476568877697 18.895145140588284 2.4
      vertex 20.33013942837715 18.981014855206013 2
      vertex 20.33013942837715 18.981014855206013 2.4
    endloop
  endfacet
  facet normal -0.8655076608329114 0.5008956867847256 0
    outer loop
      vertex 20.000094696879387 19.18848979473114 2.4
      vertex 20.063670203089714 19.298343181610107 2.4
      vertex 20.063670203089714 19.298343181610107 2
    endloop
  endfacet
  facet normal 0.8305600394147787 -0.5569290986537884 0
    outer loop
      vertex 20.33013942837715 18.981014855206013 2.4
      vertex 20.392292574048042 19.07370514422655 2
      vertex 20.392292574048042 19.07370514422655 2.4
    endloop
  endfacet
  facet normal 0.872814903295095 -0.4880513749452757 0
    outer loop
      vertex 20.392292574048042 19.07370514422655 2.4
      vertex 20.44793599843979 19.173216000199318 2
      vertex 20.44793599843979 19.173216000199318 2.4
    endloop
  endfacet
  facet normal 0.9078652929977595 -0.419261982261798 0
    outer loop
      vertex 20.44793599843979 19.173216000199318 2.4
      vertex 20.49659102410078 19.27857305854559 2
      vertex 20.49659102410078 19.27857305854559 2.4
    endloop
  endfacet
  facet normal 0.9367927610181134 -0.34988472802347326 0
    outer loop
      vertex 20.49659102410078 19.27857305854559 2.4
      vertex 20.53776065260172 19.388801962137222 2
      vertex 20.53776065260172 19.388801962137222 2.4
    endloop
  endfacet
  facet normal -0.9185657379834664 0.3952682443643679 0
    outer loop
      vertex 20.063670203089714 19.298343181610107 2.4
      vertex 20.115686528384686 19.41922416538 2.4
      vertex 20.115686528384686 19.41922416538 2
    endloop
  endfacet
  facet normal -0.9560436753762446 0.2932243011298381 0
    outer loop
      vertex 20.115686528384686 19.41922416538 2.4
      vertex 20.1561436727643 19.55113273113966 2.4
      vertex 20.1561436727643 19.55113273113966 2
    endloop
  endfacet
  facet normal -0.9801687674951305 0.19816454583773768 0
    outer loop
      vertex 20.1561436727643 19.55113273113966 2.4
      vertex 20.18504163622856 19.694068901240826 2.4
      vertex 20.18504163622856 19.694068901240826 2
    endloop
  endfacet
  facet normal -0.9937185085738807 0.11190855962660834 0
    outer loop
      vertex 20.18504163622856 19.694068901240826 2.4
      vertex 20.202380411326885 19.848032653331757 2.4
      vertex 20.202380411326885 19.848032653331757 2
    endloop
  endfacet
  facet normal -0.999387026401946 0.03500816275493371 0
    outer loop
      vertex 20.202380411326885 19.848032653331757 2.4
      vertex 20.208159998059273 20.013024002313614 2.4
      vertex 20.208159998059273 20.013024002313614 2
    endloop
  endfacet
  facet normal 0.9597458889677385 -0.2808697716193848 0
    outer loop
      vertex 20.53776065260172 19.388801962137222 2.4
      vertex 20.571444898843765 19.503902696073055 2
      vertex 20.571444898843765 19.503902696073055 2.4
    endloop
  endfacet
  facet normal 0.9769766986916766 -0.21334603397652604 0
    outer loop
      vertex 20.571444898843765 19.503902696073055 2.4
      vertex 20.59764375537634 19.62387526780367 2
      vertex 20.59764375537634 19.62387526780367 2.4
    endloop
  endfacet
  facet normal 0.9889516794012411 -0.14823824003766634 0
    outer loop
      vertex 20.59764375537634 19.62387526780367 2.4
      vertex 20.61635722219944 19.748719669878483 2
      vertex 20.61635722219944 19.748719669878483 2.4
    endloop
  endfacet
  facet normal 0.9962747064327405 -0.08623635731149816 0
    outer loop
      vertex 20.61635722219944 19.748719669878483 2.4
      vertex 20.62758530676365 19.878435917198658 2
      vertex 20.62758530676365 19.878435917198658 2.4
    endloop
  endfacet
  facet normal 0.9996135673428439 -0.027797769408957493 0
    outer loop
      vertex 20.62758530676365 19.878435917198658 2.4
      vertex 20.631328001618385 20.013024002313614 2
      vertex 20.631328001618385 20.013024002313614 2.4
    endloop
  endfacet
  facet normal 0 0 1
    outer loop
      vertex 19.924960002303123 19.08966399729252 2.4
      vertex 20.104621715843678 18.743867427110672 2.4
      vertex 20.18630400300026 18.816096000373363 2.4
    endloop
  endfacet
  facet normal 0 0 1
    outer loop
      vertex 19.924960002303123 19.08966399729252 2.4
      vertex 20.261476568877697 18.895145140588284 2.4
      vertex 20.000094696879387 19.18848979473114 2.4
    endloop
  endfacet
  facet normal 0 0 1
    outer loop
      vertex 19.924960002303123 19.08966399729252 2.4
      vertex 20.18630400300026 18.816096000373363 2.4
      vertex 20.261476568877697 18.895145140588284 2.4
    endloop
  endfacet
  facet normal 0 0 1
    outer loop
      vertex 20.000094696879387 19.18848979473114 2.4
      vertex 20.261476568877697 18.895145140588284 2.4
      vertex 20.33013942837715 18.981014855206013 2.4
    endloop
  endfacet
  facet normal 0 0 1
    outer loop
      vertex 20.000094696879387 19.18848979473114 2.4
      vertex 20.392292574048042 19.07370514422655 2.4
      vertex 20.063670203089714 19.298343181610107 2.4
    endloop
  endfacet
  facet normal 0 0 1
    outer loop
      vertex 20.000094696879387 19.18848979473114 2.4
      vertex 20.33013942837715 18.981014855206013 2.4
      vertex 20.392292574048042 19.07370514422655 2.4
    endloop
  endfacet
  facet normal 0 0 1
    outer loop
      vertex 20.392292574048042 19.07370514422655 2.4
      vertex 20.44793599843979 19.173216000199318 2.4
      vertex 20.063670203089714 19.298343181610107 2.4
    endloop
  endfacet
  facet normal 0 0 1
    outer loop
      vertex 20.44793599843979 19.173216000199318 2.4
      vertex 20.115686528384686 19.41922416538 2.4
      vertex 20.063670203089714 19.298343181610107 2.4
    endloop
  endfacet
  facet normal 0 0 1
    outer loop
      vertex 20.44793599843979 19.173216000199318 2.4
      vertex 20.49659102410078 19.27857305854559 2.4
      vertex 20.115686528384686 19.41922416538 2.4
    endloop
  endfacet
  facet normal 0 0 1
    outer loop
      vertex 20.49659102410078 19.27857305854559 2.4
      vertex 20.53776065260172 19.388801962137222 2.4
      vertex 20.115686528384686 19.41922416538 2.4
    endloop
  endfacet
  facet normal 0 0 1
    outer loop
      vertex 20.53776065260172 19.388801962137222 2.4
      vertex 20.1561436727643 19.55113273113966 2.4
      vertex 20.115686528384686 19.41922416538 2.4
    endloop
  endfacet
  facet normal 0 0 1
    outer loop
      vertex 20.571444898843765 19.503902696073055 2.4
      vertex 20.18504163622856 19.694068901240826 2.4
      vertex 20.1561436727643 19.55113273113966 2.4
    endloop
  endfacet
  facet normal 0 0 1
    outer loop
      vertex 20.53776065260172 19.388801962137222 2.4
      vertex 20.571444898843765 19.503902696073055 2.4
      vertex 20.1561436727643 19.55113273113966 2.4
    endloop
  endfacet
  facet normal 0 0 1
    outer loop
      vertex 20.571444898843765 19.503902696073055 2.4
      vertex 20.59764375537634 19.62387526780367 2.4
      vertex 20.18504163622856 19.694068901240826 2.4
    endloop
  endfacet
  facet normal 0 0 1
    outer loop
      vertex 20.18504163622856 19.694068901240826 2.4
      vertex 20.61635722219944 19.748719669878483 2.4
      vertex 20.202380411326885 19.848032653331757 2.4
    endloop
  endfacet
  facet normal 0 0 1
    outer loop
      vertex 20.18504163622856 19.694068901240826 2.4
      vertex 20.59764375537634 19.62387526780367 2.4
      vertex 20.61635722219944 19.748719669878483 2.4
    endloop
  endfacet
  facet normal 0 0 1
    outer loop
      vertex 20.202380411326885 19.848032653331757 2.4
      vertex 20.62758530676365 19.878435917198658 2.4
      vertex 20.208159998059273 20.013024002313614 2.4
    endloop
  endfacet
  facet normal 0 0 1
    outer loop
      vertex 20.61635722219944 19.748719669878483 2.4
      vertex 20.62758530676365 19.878435917198658 2.4
      vertex 20.202380411326885 19.848032653331757 2.4
    endloop
  endfacet
  facet normal 0 0 1
    outer loop
      vertex 20.62758530676365 19.878435917198658 2.4
      vertex 20.631328001618385 20.013024002313614 2.4
      vertex 20.208159998059273 20.013024002313614 2.4
    endloop
  endfacet
  facet normal 0 -1 0
    outer loop
      vertex 21.99430400133133 18.470144003629684 2.4
      vertex 22.40659199655056 18.470144003629684 2
      vertex 22.40659199655056 18.470144003629684 2.4
    endloop
  endfacet
  facet normal -1 0 0
    outer loop
      vertex 21.99430400133133 18.470144003629684 2.4
      vertex 21.99430400133133 21.189152002334595 2.4
      vertex 21.99430400133133 18.470144003629684 2
    endloop
  endfacet
  facet normal 0 0 1
    outer loop
      vertex 21.99430400133133 18.470144003629684 2.4
      vertex 22.40659199655056 18.470144003629684 2.4
      vertex 21.99430400133133 21.189152002334595 2.4
    endloop
  endfacet
  facet normal -0.9779358527804285 -0.20890540406273883 0
    outer loop
      vertex 23.72232685983181 19.622209958732128 2.4
      vertex 23.72232685983181 19.622209958732128 2
      vertex 23.74805485457182 19.501771099865437 2
    endloop
  endfacet
  facet normal -0.9894242812784912 -0.1450503071921636 0
    outer loop
      vertex 23.703949712216854 19.747565060853958 2.4
      vertex 23.703949712216854 19.747565060853958 2
      vertex 23.72232685983181 19.622209958732128 2
    endloop
  endfacet
  facet normal -0.9964370902878565 -0.08433934490301793 0
    outer loop
      vertex 23.692923426628113 19.877836406230927 2.4
      vertex 23.692923426628113 19.877836406230927 2
      vertex 23.703949712216854 19.747565060853958 2
    endloop
  endfacet
  facet normal -0.9996306225115263 -0.027177537364854544 0
    outer loop
      vertex 23.689248003065586 20.013024002313614 2.4
      vertex 23.689248003065586 20.013024002313614 2
      vertex 23.692923426628113 19.877836406230927 2
    endloop
  endfacet
  facet normal -0.5951768839688761 -0.8035947217279983 0
    outer loop
      vertex 24.20913501828909 18.74072750657797 2.4
      vertex 24.20913501828909 18.74072750657797 2
      vertex 24.296884894371033 18.675736166536808 2
    endloop
  endfacet
  facet normal -0.5239691304878006 -0.8517372542608773 0
    outer loop
      vertex 24.296884894371033 18.675736166536808 2.4
      vertex 24.296884894371033 18.675736166536808 2
      vertex 24.39123199880123 18.61769600212574 2
    endloop
  endfacet
  facet normal -0.3762411219100593 -0.9265217850562716 0
    outer loop
      vertex 24.491521306335926 18.567037388682365 2.4
      vertex 24.491521306335926 18.567037388682365 2
      vertex 24.597079508006573 18.52417241036892 2
    endloop
  endfacet
  facet normal -0.4508693073810454 -0.8925899773477945 0
    outer loop
      vertex 24.39123199880123 18.61769600212574 2.4
      vertex 24.39123199880123 18.61769600212574 2
      vertex 24.491521306335926 18.567037388682365 2
    endloop
  endfacet
  facet normal -0.30170484494428 -0.9534013774571274 0
    outer loop
      vertex 24.597079508006573 18.52417241036892 2.4
      vertex 24.597079508006573 18.52417241036892 2
      vertex 24.707906611263752 18.48910105973482 2
    endloop
  endfacet
  facet normal -0.22872953535366597 -0.9734900100447339 0
    outer loop
      vertex 24.707906611263752 18.48910105973482 2.4
      vertex 24.707906611263752 18.48910105973482 2
      vertex 24.824002608656883 18.461823344230652 2
    endloop
  endfacet
  facet normal -0.15851160856964794 -0.9873571136871718 0
    outer loop
      vertex 24.824002608656883 18.461823344230652 2.4
      vertex 24.824002608656883 18.461823344230652 2
      vertex 24.945367507636547 18.44233926385641 2
    endloop
  endfacet
  facet normal -0.09192605709670902 -0.9957658359406857 0
    outer loop
      vertex 24.945367507636547 18.44233926385641 2.4
      vertex 24.945367507636547 18.44233926385641 2
      vertex 25.072001308202744 18.4306488186121 2
    endloop
  endfacet
  facet normal -0.8341314872947023 -0.5515656460508829 0
    outer loop
      vertex 23.924107752740383 19.070204734802246 2.4
      vertex 23.924107752740383 19.070204734802246 2
      vertex 23.985468737781048 18.977408654987812 2
    endloop
  endfacet
  facet normal -0.7840562464779358 -0.620689779486444 0
    outer loop
      vertex 23.985468737781048 18.977408654987812 2.4
      vertex 23.985468737781048 18.977408654987812 2
      vertex 24.053426936268806 18.89156375825405 2
    endloop
  endfacet
  facet normal -0.8765765262725814 -0.48126249966924955 0
    outer loop
      vertex 23.869344003498554 19.169951997697353 2.4
      vertex 23.869344003498554 19.169951997697353 2
      vertex 23.924107752740383 19.070204734802246 2
    endloop
  endfacet
  facet normal -0.9392215254899381 -0.34331170393150534 0
    outer loop
      vertex 23.781133711338043 19.386248491704464 2.4
      vertex 23.781133711338043 19.386248491704464 2
      vertex 23.82156343013048 19.27564211934805 2
    endloop
  endfacet
  facet normal -0.9112102834510911 -0.41194152416694074 0
    outer loop
      vertex 23.82156343013048 19.27564211934805 2.4
      vertex 23.82156343013048 19.27564211934805 2
      vertex 23.869344003498554 19.169951997697353 2
    endloop
  endfacet
  facet normal -0.7268075673513418 -0.6868411461472186 0
    outer loop
      vertex 24.053426936268806 18.89156375825405 2.4
      vertex 24.053426936268806 18.89156375825405 2
      vertex 24.1279823705554 18.812670037150383 2
    endloop
  endfacet
  facet normal -0.6633683147239262 -0.7482930435466695 0
    outer loop
      vertex 24.1279823705554 18.812670037150383 2.4
      vertex 24.1279823705554 18.812670037150383 2
      vertex 24.20913501828909 18.74072750657797 2
    endloop
  endfacet
  facet normal 0.7965420898656258 0.6045830787183026 0
    outer loop
      vertex 24.323045879602432 19.201773062348366 2.4
      vertex 24.399903997778893 19.100511997938156 2
      vertex 24.323045879602432 19.201773062348366 2
    endloop
  endfacet
  facet normal 0.8627383617970567 0.5056505899173173 0
    outer loop
      vertex 24.25801207870245 19.3127333894372 2.4
      vertex 24.323045879602432 19.201773062348366 2
      vertex 24.25801207870245 19.3127333894372 2
    endloop
  endfacet
  facet normal -0.9613646403328482 -0.2752780926948119 0
    outer loop
      vertex 23.74805485457182 19.501771099865437 2.4
      vertex 23.74805485457182 19.501771099865437 2
      vertex 23.781133711338043 19.386248491704464 2
    endloop
  endfacet
  facet normal 0.9531213594362157 0.30258829155547334 0
    outer loop
      vertex 24.16341746598482 19.563751839101315 2.4
      vertex 24.204802609980106 19.433392979204655 2
      vertex 24.16341746598482 19.563751839101315 2
    endloop
  endfacet
  facet normal 0.9784441861891764 0.20651143918098175 0
    outer loop
      vertex 24.133856654167175 19.703809961676598 2.4
      vertex 24.16341746598482 19.563751839101315 2
      vertex 24.133856654167175 19.703809961676598 2
    endloop
  endfacet
  facet normal 0.9149813693598489 0.40349608885883353 0
    outer loop
      vertex 24.204802609980106 19.433392979204655 2.4
      vertex 24.25801207870245 19.3127333894372 2
      vertex 24.204802609980106 19.433392979204655 2
    endloop
  endfacet
  facet normal 0.9930595221446588 0.11761286272267116 0
    outer loop
      vertex 24.116120159626007 19.853567346930504 2.4
      vertex 24.133856654167175 19.703809961676598 2
      vertex 24.116120159626007 19.853567346930504 2
    endloop
  endfacet
  facet normal 0.9993133586993742 0.037051465895102415 0
    outer loop
      vertex 24.110207997262478 20.013024002313614 2.4
      vertex 24.116120159626007 19.853567346930504 2
      vertex 24.110207997262478 20.013024002313614 2
    endloop
  endfacet
  facet normal 0.6173482354663851 0.7866900000422916 0
    outer loop
      vertex 24.48725812137127 19.010995589196682 2.4
      vertex 24.58377991616726 18.93525093793869 2
      vertex 24.48725812137127 19.010995589196682 2
    endloop
  endfacet
  facet normal 0.5058227363824935 0.8626374437494158 0
    outer loop
      vertex 24.58377991616726 18.93525093793869 2.4
      vertex 24.689469389617443 18.87327804416418 2
      vertex 24.58377991616726 18.93525093793869 2
    endloop
  endfacet
  facet normal 0.7156978521915639 0.6984100402832009 0
    outer loop
      vertex 24.399903997778893 19.100511997938156 2.4
      vertex 24.48725812137127 19.010995589196682 2
      vertex 24.399903997778893 19.100511997938156 2
    endloop
  endfacet
  facet normal 0.3869672941105077 0.9220934406494776 0
    outer loop
      vertex 24.689469389617443 18.87327804416418 2.4
      vertex 24.80432653427124 18.825076900422573 2
      vertex 24.689469389617443 18.87327804416418 2
    endloop
  endfacet
  facet normal 0.2674855871249775 0.9635618613666722 0
    outer loop
      vertex 24.80432653427124 18.825076900422573 2.4
      vertex 24.92835135012865 18.790647506713867 2
      vertex 24.80432653427124 18.825076900422573 2
    endloop
  endfacet
  facet normal 0.15326364313025598 0.9881853346890155 0
    outer loop
      vertex 24.92835135012865 18.790647506713867 2.4
      vertex 25.061543837189674 18.769989877939224 2
      vertex 24.92835135012865 18.790647506713867 2
    endloop
  endfacet
  facet normal -0.9779358527804285 -0.20890540406273883 0
    outer loop
      vertex 23.74805485457182 19.501771099865437 2.4
      vertex 23.72232685983181 19.622209958732128 2.4
      vertex 23.74805485457182 19.501771099865437 2
    endloop
  endfacet
  facet normal -0.9894242812784912 -0.1450503071921636 0
    outer loop
      vertex 23.72232685983181 19.622209958732128 2.4
      vertex 23.703949712216854 19.747565060853958 2.4
      vertex 23.72232685983181 19.622209958732128 2
    endloop
  endfacet
  facet normal -0.9964370902878565 -0.08433934490301793 0
    outer loop
      vertex 23.703949712216854 19.747565060853958 2.4
      vertex 23.692923426628113 19.877836406230927 2.4
      vertex 23.703949712216854 19.747565060853958 2
    endloop
  endfacet
  facet normal -0.9996306225115263 -0.027177537364854544 0
    outer loop
      vertex 23.692923426628113 19.877836406230927 2.4
      vertex 23.689248003065586 20.013024002313614 2.4
      vertex 23.692923426628113 19.877836406230927 2
    endloop
  endfacet
  facet normal -0.5951768839688761 -0.8035947217279983 0
    outer loop
      vertex 24.296884894371033 18.675736166536808 2.4
      vertex 24.20913501828909 18.74072750657797 2.4
      vertex 24.296884894371033 18.675736166536808 2
    endloop
  endfacet
  facet normal -0.5239691304878006 -0.8517372542608773 0
    outer loop
      vertex 24.39123199880123 18.61769600212574 2.4
      vertex 24.296884894371033 18.675736166536808 2.4
      vertex 24.39123199880123 18.61769600212574 2
    endloop
  endfacet
  facet normal -0.4508693073810454 -0.8925899773477945 0
    outer loop
      vertex 24.491521306335926 18.567037388682365 2.4
      vertex 24.39123199880123 18.61769600212574 2.4
      vertex 24.491521306335926 18.567037388682365 2
    endloop
  endfacet
  facet normal -0.3762411219100593 -0.9265217850562716 0
    outer loop
      vertex 24.597079508006573 18.52417241036892 2.4
      vertex 24.491521306335926 18.567037388682365 2.4
      vertex 24.597079508006573 18.52417241036892 2
    endloop
  endfacet
  facet normal -0.30170484494428 -0.9534013774571274 0
    outer loop
      vertex 24.597079508006573 18.52417241036892 2.4
      vertex 24.707906611263752 18.48910105973482 2
      vertex 24.707906611263752 18.48910105973482 2.4
    endloop
  endfacet
  facet normal -0.22872953535366597 -0.9734900100447339 0
    outer loop
      vertex 24.824002608656883 18.461823344230652 2.4
      vertex 24.707906611263752 18.48910105973482 2.4
      vertex 24.824002608656883 18.461823344230652 2
    endloop
  endfacet
  facet normal -0.15851160856964794 -0.9873571136871718 0
    outer loop
      vertex 24.945367507636547 18.44233926385641 2.4
      vertex 24.824002608656883 18.461823344230652 2.4
      vertex 24.945367507636547 18.44233926385641 2
    endloop
  endfacet
  facet normal 0 0 1
    outer loop
      vertex 24.39123199880123 18.61769600212574 2.4
      vertex 24.58377991616726 18.93525093793869 2.4
      vertex 24.296884894371033 18.675736166536808 2.4
    endloop
  endfacet
  facet normal 0 0 1
    outer loop
      vertex 24.491521306335926 18.567037388682365 2.4
      vertex 24.58377991616726 18.93525093793869 2.4
      vertex 24.39123199880123 18.61769600212574 2.4
    endloop
  endfacet
  facet normal 0 0 1
    outer loop
      vertex 24.597079508006573 18.52417241036892 2.4
      vertex 24.689469389617443 18.87327804416418 2.4
      vertex 24.491521306335926 18.567037388682365 2.4
    endloop
  endfacet
  facet normal 0 0 1
    outer loop
      vertex 24.824002608656883 18.461823344230652 2.4
      vertex 24.80432653427124 18.825076900422573 2.4
      vertex 24.707906611263752 18.48910105973482 2.4
    endloop
  endfacet
  facet normal 0 0 1
    outer loop
      vertex 24.597079508006573 18.52417241036892 2.4
      vertex 24.707906611263752 18.48910105973482 2.4
      vertex 24.80432653427124 18.825076900422573 2.4
    endloop
  endfacet
  facet normal 0 0 1
    outer loop
      vertex 24.597079508006573 18.52417241036892 2.4
      vertex 24.80432653427124 18.825076900422573 2.4
      vertex 24.689469389617443 18.87327804416418 2.4
    endloop
  endfacet
  facet normal 0 0 1
    outer loop
      vertex 24.945367507636547 18.44233926385641 2.4
      vertex 24.92835135012865 18.790647506713867 2.4
      vertex 24.824002608656883 18.461823344230652 2.4
    endloop
  endfacet
  facet normal 0 0 1
    outer loop
      vertex 24.824002608656883 18.461823344230652 2.4
      vertex 24.92835135012865 18.790647506713867 2.4
      vertex 24.80432653427124 18.825076900422573 2.4
    endloop
  endfacet
  facet normal 0 0 1
    outer loop
      vertex 24.945367507636547 18.44233926385641 2.4
      vertex 25.061543837189674 18.769989877939224 2.4
      vertex 24.92835135012865 18.790647506713867 2.4
    endloop
  endfacet
  facet normal -0.8341314872947023 -0.5515656460508829 0
    outer loop
      vertex 23.985468737781048 18.977408654987812 2.4
      vertex 23.924107752740383 19.070204734802246 2.4
      vertex 23.985468737781048 18.977408654987812 2
    endloop
  endfacet
  facet normal -0.7840562464779358 -0.620689779486444 0
    outer loop
      vertex 24.053426936268806 18.89156375825405 2.4
      vertex 23.985468737781048 18.977408654987812 2.4
      vertex 24.053426936268806 18.89156375825405 2
    endloop
  endfacet
  facet normal -0.8765765262725814 -0.48126249966924955 0
    outer loop
      vertex 23.924107752740383 19.070204734802246 2.4
      vertex 23.869344003498554 19.169951997697353 2.4
      vertex 23.924107752740383 19.070204734802246 2
    endloop
  endfacet
  facet normal -0.9112102834510911 -0.41194152416694074 0
    outer loop
      vertex 23.869344003498554 19.169951997697353 2.4
      vertex 23.82156343013048 19.27564211934805 2.4
      vertex 23.869344003498554 19.169951997697353 2
    endloop
  endfacet
  facet normal -0.9392215254899381 -0.34331170393150534 0
    outer loop
      vertex 23.82156343013048 19.27564211934805 2.4
      vertex 23.781133711338043 19.386248491704464 2.4
      vertex 23.82156343013048 19.27564211934805 2
    endloop
  endfacet
  facet normal -0.7268075673513418 -0.6868411461472186 0
    outer loop
      vertex 24.1279823705554 18.812670037150383 2.4
      vertex 24.053426936268806 18.89156375825405 2.4
      vertex 24.1279823705554 18.812670037150383 2
    endloop
  endfacet
  facet normal -0.6633683147239262 -0.7482930435466695 0
    outer loop
      vertex 24.20913501828909 18.74072750657797 2.4
      vertex 24.1279823705554 18.812670037150383 2.4
      vertex 24.20913501828909 18.74072750657797 2
    endloop
  endfacet
  facet normal 0.7965420898656258 0.6045830787183026 0
    outer loop
      vertex 24.323045879602432 19.201773062348366 2.4
      vertex 24.399903997778893 19.100511997938156 2.4
      vertex 24.399903997778893 19.100511997938156 2
    endloop
  endfacet
  facet normal 0.9149813693598489 0.40349608885883353 0
    outer loop
      vertex 24.25801207870245 19.3127333894372 2.4
      vertex 24.25801207870245 19.3127333894372 2
      vertex 24.204802609980106 19.433392979204655 2.4
    endloop
  endfacet
  facet normal 0.8627383617970567 0.5056505899173173 0
    outer loop
      vertex 24.323045879602432 19.201773062348366 2.4
      vertex 24.323045879602432 19.201773062348366 2
      vertex 24.25801207870245 19.3127333894372 2.4
    endloop
  endfacet
  facet normal -0.9613646403328482 -0.2752780926948119 0
    outer loop
      vertex 23.781133711338043 19.386248491704464 2.4
      vertex 23.74805485457182 19.501771099865437 2.4
      vertex 23.781133711338043 19.386248491704464 2
    endloop
  endfacet
  facet normal 0.9531213594362157 0.30258829155547334 0
    outer loop
      vertex 24.204802609980106 19.433392979204655 2.4
      vertex 24.204802609980106 19.433392979204655 2
      vertex 24.16341746598482 19.563751839101315 2.4
    endloop
  endfacet
  facet normal 0.9784441861891764 0.20651143918098175 0
    outer loop
      vertex 24.16341746598482 19.563751839101315 2.4
      vertex 24.16341746598482 19.563751839101315 2
      vertex 24.133856654167175 19.703809961676598 2.4
    endloop
  endfacet
  facet normal 0.9930595221446588 0.11761286272267116 0
    outer loop
      vertex 24.133856654167175 19.703809961676598 2.4
      vertex 24.133856654167175 19.703809961676598 2
      vertex 24.116120159626007 19.853567346930504 2.4
    endloop
  endfacet
  facet normal 0.9993133586993742 0.037051465895102415 0
    outer loop
      vertex 24.116120159626007 19.853567346930504 2.4
      vertex 24.116120159626007 19.853567346930504 2
      vertex 24.110207997262478 20.013024002313614 2.4
    endloop
  endfacet
  facet normal 0.7156978521915639 0.6984100402832009 0
    outer loop
      vertex 24.48725812137127 19.010995589196682 2.4
      vertex 24.48725812137127 19.010995589196682 2
      vertex 24.399903997778893 19.100511997938156 2.4
    endloop
  endfacet
  facet normal 0.5058227363824935 0.8626374437494158 0
    outer loop
      vertex 24.689469389617443 18.87327804416418 2.4
      vertex 24.689469389617443 18.87327804416418 2
      vertex 24.58377991616726 18.93525093793869 2.4
    endloop
  endfacet
  facet normal 0.6173482354663851 0.7866900000422916 0
    outer loop
      vertex 24.58377991616726 18.93525093793869 2.4
      vertex 24.58377991616726 18.93525093793869 2
      vertex 24.48725812137127 19.010995589196682 2.4
    endloop
  endfacet
  facet normal 0.3869672941105077 0.9220934406494776 0
    outer loop
      vertex 24.80432653427124 18.825076900422573 2.4
      vertex 24.80432653427124 18.825076900422573 2
      vertex 24.689469389617443 18.87327804416418 2.4
    endloop
  endfacet
  facet normal 0.2674855871249775 0.9635618613666722 0
    outer loop
      vertex 24.92835135012865 18.790647506713867 2.4
      vertex 24.92835135012865 18.790647506713867 2
      vertex 24.80432653427124 18.825076900422573 2.4
    endloop
  endfacet
  facet normal 0 0 1
    outer loop
      vertex 23.924107752740383 19.070204734802246 2.4
      vertex 24.25801207870245 19.3127333894372 2.4
      vertex 23.869344003498554 19.169951997697353 2.4
    endloop
  endfacet
  facet normal 0 0 1
    outer loop
      vertex 23.869344003498554 19.169951997697353 2.4
      vertex 24.204802609980106 19.433392979204655 2.4
      vertex 23.82156343013048 19.27564211934805 2.4
    endloop
  endfacet
  facet normal 0 0 1
    outer loop
      vertex 23.82156343013048 19.27564211934805 2.4
      vertex 24.204802609980106 19.433392979204655 2.4
      vertex 23.781133711338043 19.386248491704464 2.4
    endloop
  endfacet
  facet normal 0 0 1
    outer loop
      vertex 24.053426936268806 18.89156375825405 2.4
      vertex 24.323045879602432 19.201773062348366 2.4
      vertex 23.985468737781048 18.977408654987812 2.4
    endloop
  endfacet
  facet normal 0 0 1
    outer loop
      vertex 24.1279823705554 18.812670037150383 2.4
      vertex 24.399903997778893 19.100511997938156 2.4
      vertex 24.053426936268806 18.89156375825405 2.4
    endloop
  endfacet
  facet normal 0 0 1
    outer loop
      vertex 24.20913501828909 18.74072750657797 2.4
      vertex 24.399903997778893 19.100511997938156 2.4
      vertex 24.1279823705554 18.812670037150383 2.4
    endloop
  endfacet
  facet normal 0 0 1
    outer loop
      vertex 24.296884894371033 18.675736166536808 2.4
      vertex 24.48725812137127 19.010995589196682 2.4
      vertex 24.20913501828909 18.74072750657797 2.4
    endloop
  endfacet
  facet normal 0 0 1
    outer loop
      vertex 24.20913501828909 18.74072750657797 2.4
      vertex 24.48725812137127 19.010995589196682 2.4
      vertex 24.399903997778893 19.100511997938156 2.4
    endloop
  endfacet
  facet normal 0 0 1
    outer loop
      vertex 23.985468737781048 18.977408654987812 2.4
      vertex 24.323045879602432 19.201773062348366 2.4
      vertex 23.924107752740383 19.070204734802246 2.4
    endloop
  endfacet
  facet normal 0 0 1
    outer loop
      vertex 23.924107752740383 19.070204734802246 2.4
      vertex 24.323045879602432 19.201773062348366 2.4
      vertex 24.25801207870245 19.3127333894372 2.4
    endloop
  endfacet
  facet normal 0 0 1
    outer loop
      vertex 23.869344003498554 19.169951997697353 2.4
      vertex 24.25801207870245 19.3127333894372 2.4
      vertex 24.204802609980106 19.433392979204655 2.4
    endloop
  endfacet
  facet normal 0 0 1
    outer loop
      vertex 24.053426936268806 18.89156375825405 2.4
      vertex 24.399903997778893 19.100511997938156 2.4
      vertex 24.323045879602432 19.201773062348366 2.4
    endloop
  endfacet
  facet normal 0 0 1
    outer loop
      vertex 23.781133711338043 19.386248491704464 2.4
      vertex 24.16341746598482 19.563751839101315 2.4
      vertex 23.74805485457182 19.501771099865437 2.4
    endloop
  endfacet
  facet normal 0 0 1
    outer loop
      vertex 23.74805485457182 19.501771099865437 2.4
      vertex 24.133856654167175 19.703809961676598 2.4
      vertex 23.72232685983181 19.622209958732128 2.4
    endloop
  endfacet
  facet normal 0 0 1
    outer loop
      vertex 23.781133711338043 19.386248491704464 2.4
      vertex 24.204802609980106 19.433392979204655 2.4
      vertex 24.16341746598482 19.563751839101315 2.4
    endloop
  endfacet
  facet normal 0 0 1
    outer loop
      vertex 23.74805485457182 19.501771099865437 2.4
      vertex 24.16341746598482 19.563751839101315 2.4
      vertex 24.133856654167175 19.703809961676598 2.4
    endloop
  endfacet
  facet normal 0 0 1
    outer loop
      vertex 23.72232685983181 19.622209958732128 2.4
      vertex 24.133856654167175 19.703809961676598 2.4
      vertex 23.703949712216854 19.747565060853958 2.4
    endloop
  endfacet
  facet normal 0 0 1
    outer loop
      vertex 23.703949712216854 19.747565060853958 2.4
      vertex 24.116120159626007 19.853567346930504 2.4
      vertex 23.692923426628113 19.877836406230927 2.4
    endloop
  endfacet
  facet normal 0 0 1
    outer loop
      vertex 23.692923426628113 19.877836406230927 2.4
      vertex 24.110207997262478 20.013024002313614 2.4
      vertex 23.689248003065586 20.013024002313614 2.4
    endloop
  endfacet
  facet normal 0 0 1
    outer loop
      vertex 23.703949712216854 19.747565060853958 2.4
      vertex 24.133856654167175 19.703809961676598 2.4
      vertex 24.116120159626007 19.853567346930504 2.4
    endloop
  endfacet
  facet normal 0 0 1
    outer loop
      vertex 23.692923426628113 19.877836406230927 2.4
      vertex 24.116120159626007 19.853567346930504 2.4
      vertex 24.110207997262478 20.013024002313614 2.4
    endloop
  endfacet
  facet normal 0 0 1
    outer loop
      vertex 24.296884894371033 18.675736166536808 2.4
      vertex 24.58377991616726 18.93525093793869 2.4
      vertex 24.48725812137127 19.010995589196682 2.4
    endloop
  endfacet
  facet normal 0 0 1
    outer loop
      vertex 24.491521306335926 18.567037388682365 2.4
      vertex 24.689469389617443 18.87327804416418 2.4
      vertex 24.58377991616726 18.93525093793869 2.4
    endloop
  endfacet
  facet normal -0.029530239109130177 -0.9995638873919753 0
    outer loop
      vertex 25.072001308202744 18.4306488186121 2.4
      vertex 25.072001308202744 18.4306488186121 2
      vertex 25.203904002904892 18.426752001047134 2
    endloop
  endfacet
  facet normal 0.03012303986758548 -0.9995461982665612 0
    outer loop
      vertex 25.203904002904892 18.426752001047134 2.4
      vertex 25.203904002904892 18.426752001047134 2
      vertex 25.334682121872902 18.430693224072456 2
    endloop
  endfacet
  facet normal 0.09362812504868537 -0.9956072389250028 0
    outer loop
      vertex 25.334682121872902 18.430693224072456 2.4
      vertex 25.334682121872902 18.430693224072456 2
      vertex 25.46041077375412 18.442516900599003 2
    endloop
  endfacet
  facet normal 0.16115897079141378 -0.9869284604942002 0
    outer loop
      vertex 25.46041077375412 18.442516900599003 2.4
      vertex 25.46041077375412 18.442516900599003 2
      vertex 25.581089958548546 18.462223023176193 2
    endloop
  endfacet
  facet normal 0.23207971217909637 -0.9726967704248164 0
    outer loop
      vertex 25.581089958548546 18.462223023176193 2.4
      vertex 25.581089958548546 18.462223023176193 2
      vertex 25.69671967625618 18.489811591804028 2
    endloop
  endfacet
  facet normal 0.305442291660198 -0.952210589347423 0
    outer loop
      vertex 25.69671967625618 18.489811591804028 2.4
      vertex 25.69671967625618 18.489811591804028 2
      vertex 25.80729991942644 18.525282613933086 2
    endloop
  endfacet
  facet normal 0.3799973836165474 -0.9249875612377598 0
    outer loop
      vertex 25.80729991942644 18.525282613933086 2.4
      vertex 25.80729991942644 18.525282613933086 2
      vertex 25.91283069550991 18.56863608211279 2
    endloop
  endfacet
  facet normal 0.4542588911058176 -0.89086972103182 0
    outer loop
      vertex 25.91283069550991 18.56863608211279 2.4
      vertex 25.91283069550991 18.56863608211279 2
      vertex 26.013311997056007 18.619871996343136 2
    endloop
  endfacet
  facet normal 0.5261115360168304 -0.8504155758627727 0
    outer loop
      vertex 26.013311997056007 18.619871996343136 2.4
      vertex 26.013311997056007 18.619871996343136 2
      vertex 26.108013711869717 18.67845942825079 2
    endloop
  endfacet
  facet normal 0.5957013794779268 -0.8032059925623657 0
    outer loop
      vertex 26.108013711869717 18.67845942825079 2.4
      vertex 26.108013711869717 18.67845942825079 2
      vertex 26.196205712854862 18.743867427110672 2
    endloop
  endfacet
  facet normal 0.048312937190567666 0.9988322482279095 0
    outer loop
      vertex 25.061543837189674 18.769989877939224 2.4
      vertex 25.203904002904892 18.763103999197483 2
      vertex 25.061543837189674 18.769989877939224 2
    endloop
  endfacet
  facet normal -0.04552159674670542 0.9989633547981779 0
    outer loop
      vertex 25.203904002904892 18.763103999197483 2.4
      vertex 25.350155100226402 18.769768491387367 2
      vertex 25.203904002904892 18.763103999197483 2
    endloop
  endfacet
  facet normal -0.1452406279135846 0.9893963614261312 0
    outer loop
      vertex 25.350155100226402 18.769768491387367 2.4
      vertex 25.48635298013687 18.78976196050644 2
      vertex 25.350155100226402 18.769768491387367 2
    endloop
  endfacet
  facet normal -0.255399837918292 0.9668355200298084 0
    outer loop
      vertex 25.48635298013687 18.78976196050644 2.4
      vertex 25.61249763518572 18.8230844065547 2
      vertex 25.48635298013687 18.78976196050644 2
    endloop
  endfacet
  facet normal -0.3728706534641085 0.9278833309124853 0
    outer loop
      vertex 25.61249763518572 18.8230844065547 2.4
      vertex 25.728589057922363 18.869735836982727 2
      vertex 25.61249763518572 18.8230844065547 2
    endloop
  endfacet
  facet normal -0.4923419611638027 0.8704018573494549 0
    outer loop
      vertex 25.728589057922363 18.869735836982727 2.4
      vertex 25.834627263247967 18.929716244339943 2
      vertex 25.728589057922363 18.869735836982727 2
    endloop
  endfacet
  facet normal -0.6069751587721707 0.7947208042032736 0
    outer loop
      vertex 25.834627263247967 18.929716244339943 2.4
      vertex 25.93061224371195 19.003025636076927 2
      vertex 25.834627263247967 18.929716244339943 2
    endloop
  endfacet
  facet normal -0.7099961488817488 0.7042055584650591 0
    outer loop
      vertex 25.93061224371195 19.003025636076927 2.4
      vertex 26.016543999314308 19.08966399729252 2
      vertex 25.93061224371195 19.003025636076927 2
    endloop
  endfacet
  facet normal 0.6624255143743116 -0.7491277847643409 0
    outer loop
      vertex 26.196205712854862 18.743867427110672 2.4
      vertex 26.196205712854862 18.743867427110672 2
      vertex 26.277888000011444 18.816096000373363 2
    endloop
  endfacet
  facet normal -0.7960570643986589 0.6052215711795058 0
    outer loop
      vertex 26.016543999314308 19.08966399729252 2.4
      vertex 26.09167869389057 19.18848979473114 2
      vertex 26.016543999314308 19.08966399729252 2
    endloop
  endfacet
  facet normal -0.8655076353842 0.5008957307580597 0
    outer loop
      vertex 26.09167869389057 19.18848979473114 2.4
      vertex 26.15525420755148 19.298343181610107 2
      vertex 26.09167869389057 19.18848979473114 2
    endloop
  endfacet
  facet normal -0.9185657379834664 0.3952682443643679 0
    outer loop
      vertex 26.15525420755148 19.298343181610107 2.4
      vertex 26.20727053284645 19.41922416538 2
      vertex 26.15525420755148 19.298343181610107 2
    endloop
  endfacet
  facet normal -0.9560436905143844 0.29322425177265937 0
    outer loop
      vertex 26.20727053284645 19.41922416538 2.4
      vertex 26.247727669775486 19.55113273113966 2
      vertex 26.20727053284645 19.41922416538 2
    endloop
  endfacet
  facet normal 0 -1 0
    outer loop
      vertex 27.30035199970007 18.470144003629684 2.4
      vertex 27.30035199970007 18.470144003629684 2
      vertex 27.714815996587276 18.470144003629684 2
    endloop
  endfacet
  facet normal 0.7246519520121976 -0.689115047321499 0
    outer loop
      vertex 26.277888000011444 18.816096000373363 2.4
      vertex 26.277888000011444 18.816096000373363 2
      vertex 26.353060573339462 18.895145140588284 2
    endloop
  endfacet
  facet normal 0.7810148444877666 -0.6245124599955951 0
    outer loop
      vertex 26.353060573339462 18.895145140588284 2.4
      vertex 26.353060573339462 18.895145140588284 2
      vertex 26.421723425388336 18.981014855206013 2
    endloop
  endfacet
  facet normal 0.8305600394147787 -0.5569290986537884 0
    outer loop
      vertex 26.421723425388336 18.981014855206013 2.4
      vertex 26.421723425388336 18.981014855206013 2
      vertex 26.483876571059227 19.07370514422655 2
    endloop
  endfacet
  facet normal 0.8728148754576411 -0.48805142472885227 0
    outer loop
      vertex 26.483876571059227 19.07370514422655 2.4
      vertex 26.483876571059227 19.07370514422655 2
      vertex 26.539520002901554 19.173216000199318 2
    endloop
  endfacet
  facet normal 0.9078653174351471 -0.41926192934534334 0
    outer loop
      vertex 26.539520002901554 19.173216000199318 2.4
      vertex 26.539520002901554 19.173216000199318 2
      vertex 26.588175021111965 19.27857305854559 2
    endloop
  endfacet
  facet normal 0.9367927610181134 -0.34988472802347326 0
    outer loop
      vertex 26.588175021111965 19.27857305854559 2.4
      vertex 26.588175021111965 19.27857305854559 2
      vertex 26.629344649612904 19.388801962137222 2
    endloop
  endfacet
  facet normal -0.9801687674951305 0.19816454583773768 0
    outer loop
      vertex 26.247727669775486 19.55113273113966 2.4
      vertex 26.276625633239746 19.694068901240826 2
      vertex 26.247727669775486 19.55113273113966 2
    endloop
  endfacet
  facet normal -0.9937185085738807 0.11190855962660834 0
    outer loop
      vertex 26.276625633239746 19.694068901240826 2.4
      vertex 26.29396440833807 19.848032653331757 2
      vertex 26.276625633239746 19.694068901240826 2
    endloop
  endfacet
  facet normal -0.9993870248230049 0.03500820782934515 0
    outer loop
      vertex 26.29396440833807 19.848032653331757 2.4
      vertex 26.299744002521038 20.013024002313614 2
      vertex 26.29396440833807 19.848032653331757 2
    endloop
  endfacet
  facet normal 0.9597458889677385 -0.2808697716193848 0
    outer loop
      vertex 26.629344649612904 19.388801962137222 2.4
      vertex 26.629344649612904 19.388801962137222 2
      vertex 26.66302889585495 19.503902696073055 2
    endloop
  endfacet
  facet normal 0.9769766986916766 -0.21334603397652604 0
    outer loop
      vertex 26.66302889585495 19.503902696073055 2.4
      vertex 26.66302889585495 19.503902696073055 2
      vertex 26.689227752387524 19.62387526780367 2
    endloop
  endfacet
  facet normal 0.9889516707489421 -0.14823829776031547 0
    outer loop
      vertex 26.689227752387524 19.62387526780367 2.4
      vertex 26.689227752387524 19.62387526780367 2
      vertex 26.707941226661205 19.748719669878483 2
    endloop
  endfacet
  facet normal 0.9962747113491067 -0.08623630051349628 0
    outer loop
      vertex 26.707941226661205 19.748719669878483 2.4
      vertex 26.707941226661205 19.748719669878483 2
      vertex 26.719169303774834 19.878435917198658 2
    endloop
  endfacet
  facet normal 0.9996135673428439 -0.027797769408957493 0
    outer loop
      vertex 26.719169303774834 19.878435917198658 2.4
      vertex 26.719169303774834 19.878435917198658 2
      vertex 26.72291199862957 20.013024002313614 2
    endloop
  endfacet
  facet normal -0.09192605709670902 -0.9957658359406857 0
    outer loop
      vertex 24.945367507636547 18.44233926385641 2.4
      vertex 25.072001308202744 18.4306488186121 2
      vertex 25.072001308202744 18.4306488186121 2.4
    endloop
  endfacet
  facet normal -0.029530239109130177 -0.9995638873919753 0
    outer loop
      vertex 25.072001308202744 18.4306488186121 2.4
      vertex 25.203904002904892 18.426752001047134 2
      vertex 25.203904002904892 18.426752001047134 2.4
    endloop
  endfacet
  facet normal 0.03012303986758548 -0.9995461982665612 0
    outer loop
      vertex 25.203904002904892 18.426752001047134 2.4
      vertex 25.334682121872902 18.430693224072456 2
      vertex 25.334682121872902 18.430693224072456 2.4
    endloop
  endfacet
  facet normal 0.09362812504868537 -0.9956072389250028 0
    outer loop
      vertex 25.334682121872902 18.430693224072456 2.4
      vertex 25.46041077375412 18.442516900599003 2
      vertex 25.46041077375412 18.442516900599003 2.4
    endloop
  endfacet
  facet normal 0.16115897079141378 -0.9869284604942002 0
    outer loop
      vertex 25.46041077375412 18.442516900599003 2.4
      vertex 25.581089958548546 18.462223023176193 2
      vertex 25.581089958548546 18.462223023176193 2.4
    endloop
  endfacet
  facet normal 0.23207971217909637 -0.9726967704248164 0
    outer loop
      vertex 25.581089958548546 18.462223023176193 2.4
      vertex 25.69671967625618 18.489811591804028 2
      vertex 25.69671967625618 18.489811591804028 2.4
    endloop
  endfacet
  facet normal 0.305442291660198 -0.952210589347423 0
    outer loop
      vertex 25.69671967625618 18.489811591804028 2.4
      vertex 25.80729991942644 18.525282613933086 2
      vertex 25.80729991942644 18.525282613933086 2.4
    endloop
  endfacet
  facet normal 0.3799973836165474 -0.9249875612377598 0
    outer loop
      vertex 25.80729991942644 18.525282613933086 2.4
      vertex 25.91283069550991 18.56863608211279 2
      vertex 25.91283069550991 18.56863608211279 2.4
    endloop
  endfacet
  facet normal 0.4542588911058176 -0.89086972103182 0
    outer loop
      vertex 25.91283069550991 18.56863608211279 2.4
      vertex 26.013311997056007 18.619871996343136 2
      vertex 26.013311997056007 18.619871996343136 2.4
    endloop
  endfacet
  facet normal 0.5261115360168304 -0.8504155758627727 0
    outer loop
      vertex 26.013311997056007 18.619871996343136 2.4
      vertex 26.108013711869717 18.67845942825079 2
      vertex 26.108013711869717 18.67845942825079 2.4
    endloop
  endfacet
  facet normal 0.5957013794779268 -0.8032059925623657 0
    outer loop
      vertex 26.108013711869717 18.67845942825079 2.4
      vertex 26.196205712854862 18.743867427110672 2
      vertex 26.196205712854862 18.743867427110672 2.4
    endloop
  endfacet
  facet normal 0 0 1
    outer loop
      vertex 24.945367507636547 18.44233926385641 2.4
      vertex 25.072001308202744 18.4306488186121 2.4
      vertex 25.061543837189674 18.769989877939224 2.4
    endloop
  endfacet
  facet normal 0 0 1
    outer loop
      vertex 25.072001308202744 18.4306488186121 2.4
      vertex 25.203904002904892 18.763103999197483 2.4
      vertex 25.061543837189674 18.769989877939224 2.4
    endloop
  endfacet
  facet normal 0 0 1
    outer loop
      vertex 25.072001308202744 18.4306488186121 2.4
      vertex 25.203904002904892 18.426752001047134 2.4
      vertex 25.203904002904892 18.763103999197483 2.4
    endloop
  endfacet
  facet normal 0 0 1
    outer loop
      vertex 25.203904002904892 18.426752001047134 2.4
      vertex 25.334682121872902 18.430693224072456 2.4
      vertex 25.203904002904892 18.763103999197483 2.4
    endloop
  endfacet
  facet normal 0 0 1
    outer loop
      vertex 25.334682121872902 18.430693224072456 2.4
      vertex 25.350155100226402 18.769768491387367 2.4
      vertex 25.203904002904892 18.763103999197483 2.4
    endloop
  endfacet
  facet normal 0 0 1
    outer loop
      vertex 25.334682121872902 18.430693224072456 2.4
      vertex 25.46041077375412 18.442516900599003 2.4
      vertex 25.350155100226402 18.769768491387367 2.4
    endloop
  endfacet
  facet normal 0 0 1
    outer loop
      vertex 25.46041077375412 18.442516900599003 2.4
      vertex 25.48635298013687 18.78976196050644 2.4
      vertex 25.350155100226402 18.769768491387367 2.4
    endloop
  endfacet
  facet normal 0 0 1
    outer loop
      vertex 25.46041077375412 18.442516900599003 2.4
      vertex 25.581089958548546 18.462223023176193 2.4
      vertex 25.48635298013687 18.78976196050644 2.4
    endloop
  endfacet
  facet normal 0 0 1
    outer loop
      vertex 25.581089958548546 18.462223023176193 2.4
      vertex 25.61249763518572 18.8230844065547 2.4
      vertex 25.48635298013687 18.78976196050644 2.4
    endloop
  endfacet
  facet normal 0 0 1
    outer loop
      vertex 25.581089958548546 18.462223023176193 2.4
      vertex 25.69671967625618 18.489811591804028 2.4
      vertex 25.61249763518572 18.8230844065547 2.4
    endloop
  endfacet
  facet normal 0 0 1
    outer loop
      vertex 25.69671967625618 18.489811591804028 2.4
      vertex 25.80729991942644 18.525282613933086 2.4
      vertex 25.61249763518572 18.8230844065547 2.4
    endloop
  endfacet
  facet normal 0 0 1
    outer loop
      vertex 25.80729991942644 18.525282613933086 2.4
      vertex 25.728589057922363 18.869735836982727 2.4
      vertex 25.61249763518572 18.8230844065547 2.4
    endloop
  endfacet
  facet normal 0 0 1
    outer loop
      vertex 25.80729991942644 18.525282613933086 2.4
      vertex 25.91283069550991 18.56863608211279 2.4
      vertex 25.728589057922363 18.869735836982727 2.4
    endloop
  endfacet
  facet normal 0 0 1
    outer loop
      vertex 25.91283069550991 18.56863608211279 2.4
      vertex 26.013311997056007 18.619871996343136 2.4
      vertex 25.834627263247967 18.929716244339943 2.4
    endloop
  endfacet
  facet normal 0 0 1
    outer loop
      vertex 26.013311997056007 18.619871996343136 2.4
      vertex 26.108013711869717 18.67845942825079 2.4
      vertex 25.834627263247967 18.929716244339943 2.4
    endloop
  endfacet
  facet normal 0.15326364313025598 0.9881853346890155 0
    outer loop
      vertex 24.92835135012865 18.790647506713867 2.4
      vertex 25.061543837189674 18.769989877939224 2.4
      vertex 25.061543837189674 18.769989877939224 2
    endloop
  endfacet
  facet normal 0.048312937190567666 0.9988322482279095 0
    outer loop
      vertex 25.061543837189674 18.769989877939224 2.4
      vertex 25.203904002904892 18.763103999197483 2.4
      vertex 25.203904002904892 18.763103999197483 2
    endloop
  endfacet
  facet normal -0.04552159674670542 0.9989633547981779 0
    outer loop
      vertex 25.203904002904892 18.763103999197483 2.4
      vertex 25.350155100226402 18.769768491387367 2.4
      vertex 25.350155100226402 18.769768491387367 2
    endloop
  endfacet
  facet normal -0.1452406279135846 0.9893963614261312 0
    outer loop
      vertex 25.350155100226402 18.769768491387367 2.4
      vertex 25.48635298013687 18.78976196050644 2.4
      vertex 25.48635298013687 18.78976196050644 2
    endloop
  endfacet
  facet normal -0.255399837918292 0.9668355200298084 0
    outer loop
      vertex 25.48635298013687 18.78976196050644 2.4
      vertex 25.61249763518572 18.8230844065547 2.4
      vertex 25.61249763518572 18.8230844065547 2
    endloop
  endfacet
  facet normal -0.3728706534641085 0.9278833309124853 0
    outer loop
      vertex 25.61249763518572 18.8230844065547 2.4
      vertex 25.728589057922363 18.869735836982727 2.4
      vertex 25.728589057922363 18.869735836982727 2
    endloop
  endfacet
  facet normal -0.4923419611638027 0.8704018573494549 0
    outer loop
      vertex 25.728589057922363 18.869735836982727 2.4
      vertex 25.834627263247967 18.929716244339943 2.4
      vertex 25.834627263247967 18.929716244339943 2
    endloop
  endfacet
  facet normal -0.6069751587721707 0.7947208042032736 0
    outer loop
      vertex 25.834627263247967 18.929716244339943 2.4
      vertex 25.93061224371195 19.003025636076927 2.4
      vertex 25.93061224371195 19.003025636076927 2
    endloop
  endfacet
  facet normal -0.7099961488817488 0.7042055584650591 0
    outer loop
      vertex 25.93061224371195 19.003025636076927 2.4
      vertex 26.016543999314308 19.08966399729252 2.4
      vertex 26.016543999314308 19.08966399729252 2
    endloop
  endfacet
  facet normal -0.7960570643986589 0.6052215711795058 0
    outer loop
      vertex 26.016543999314308 19.08966399729252 2.4
      vertex 26.09167869389057 19.18848979473114 2.4
      vertex 26.09167869389057 19.18848979473114 2
    endloop
  endfacet
  facet normal -0.8655076353842 0.5008957307580597 0
    outer loop
      vertex 26.09167869389057 19.18848979473114 2.4
      vertex 26.15525420755148 19.298343181610107 2.4
      vertex 26.15525420755148 19.298343181610107 2
    endloop
  endfacet
  facet normal -0.9185657379834664 0.3952682443643679 0
    outer loop
      vertex 26.15525420755148 19.298343181610107 2.4
      vertex 26.20727053284645 19.41922416538 2.4
      vertex 26.20727053284645 19.41922416538 2
    endloop
  endfacet
  facet normal -0.9560436905143844 0.29322425177265937 0
    outer loop
      vertex 26.20727053284645 19.41922416538 2.4
      vertex 26.247727669775486 19.55113273113966 2.4
      vertex 26.247727669775486 19.55113273113966 2
    endloop
  endfacet
  facet normal 0 0 1
    outer loop
      vertex 25.91283069550991 18.56863608211279 2.4
      vertex 25.834627263247967 18.929716244339943 2.4
      vertex 25.728589057922363 18.869735836982727 2.4
    endloop
  endfacet
  facet normal 0 0 1
    outer loop
      vertex 26.108013711869717 18.67845942825079 2.4
      vertex 25.93061224371195 19.003025636076927 2.4
      vertex 25.834627263247967 18.929716244339943 2.4
    endloop
  endfacet
  facet normal 0 0 1
    outer loop
      vertex 26.108013711869717 18.67845942825079 2.4
      vertex 26.196205712854862 18.743867427110672 2.4
      vertex 25.93061224371195 19.003025636076927 2.4
    endloop
  endfacet
  facet normal 0 0 1
    outer loop
      vertex 26.196205712854862 18.743867427110672 2.4
      vertex 26.016543999314308 19.08966399729252 2.4
      vertex 25.93061224371195 19.003025636076927 2.4
    endloop
  endfacet
  facet normal 0 0 1
    outer loop
      vertex 26.196205712854862 18.743867427110672 2.4
      vertex 26.277888000011444 18.816096000373363 2.4
      vertex 26.016543999314308 19.08966399729252 2.4
    endloop
  endfacet
  facet normal 0 0 1
    outer loop
      vertex 26.016543999314308 19.08966399729252 2.4
      vertex 26.353060573339462 18.895145140588284 2.4
      vertex 26.09167869389057 19.18848979473114 2.4
    endloop
  endfacet
  facet normal 0 0 1
    outer loop
      vertex 26.277888000011444 18.816096000373363 2.4
      vertex 26.353060573339462 18.895145140588284 2.4
      vertex 26.016543999314308 19.08966399729252 2.4
    endloop
  endfacet
  facet normal 0 0 1
    outer loop
      vertex 26.09167869389057 19.18848979473114 2.4
      vertex 26.483876571059227 19.07370514422655 2.4
      vertex 26.15525420755148 19.298343181610107 2.4
    endloop
  endfacet
  facet normal 0.6624255143743116 -0.7491277847643409 0
    outer loop
      vertex 26.196205712854862 18.743867427110672 2.4
      vertex 26.277888000011444 18.816096000373363 2
      vertex 26.277888000011444 18.816096000373363 2.4
    endloop
  endfacet
  facet normal 0.7246519520121976 -0.689115047321499 0
    outer loop
      vertex 26.277888000011444 18.816096000373363 2.4
      vertex 26.353060573339462 18.895145140588284 2
      vertex 26.353060573339462 18.895145140588284 2.4
    endloop
  endfacet
  facet normal 0.7810148444877666 -0.6245124599955951 0
    outer loop
      vertex 26.353060573339462 18.895145140588284 2.4
      vertex 26.421723425388336 18.981014855206013 2
      vertex 26.421723425388336 18.981014855206013 2.4
    endloop
  endfacet
  facet normal 0.8305600394147787 -0.5569290986537884 0
    outer loop
      vertex 26.421723425388336 18.981014855206013 2.4
      vertex 26.483876571059227 19.07370514422655 2
      vertex 26.483876571059227 19.07370514422655 2.4
    endloop
  endfacet
  facet normal 0.8728148754576411 -0.48805142472885227 0
    outer loop
      vertex 26.483876571059227 19.07370514422655 2.4
      vertex 26.539520002901554 19.173216000199318 2
      vertex 26.539520002901554 19.173216000199318 2.4
    endloop
  endfacet
  facet normal 0.9078653174351471 -0.41926192934534334 0
    outer loop
      vertex 26.539520002901554 19.173216000199318 2.4
      vertex 26.588175021111965 19.27857305854559 2
      vertex 26.588175021111965 19.27857305854559 2.4
    endloop
  endfacet
  facet normal 0.9367927610181134 -0.34988472802347326 0
    outer loop
      vertex 26.588175021111965 19.27857305854559 2.4
      vertex 26.629344649612904 19.388801962137222 2
      vertex 26.629344649612904 19.388801962137222 2.4
    endloop
  endfacet
  facet normal -0.9801687674951305 0.19816454583773768 0
    outer loop
      vertex 26.247727669775486 19.55113273113966 2.4
      vertex 26.276625633239746 19.694068901240826 2.4
      vertex 26.276625633239746 19.694068901240826 2
    endloop
  endfacet
  facet normal -0.9937185085738807 0.11190855962660834 0
    outer loop
      vertex 26.276625633239746 19.694068901240826 2.4
      vertex 26.29396440833807 19.848032653331757 2.4
      vertex 26.29396440833807 19.848032653331757 2
    endloop
  endfacet
  facet normal -0.9993870248230049 0.03500820782934515 0
    outer loop
      vertex 26.29396440833807 19.848032653331757 2.4
      vertex 26.299744002521038 20.013024002313614 2.4
      vertex 26.299744002521038 20.013024002313614 2
    endloop
  endfacet
  facet normal 0.9597458889677385 -0.2808697716193848 0
    outer loop
      vertex 26.629344649612904 19.388801962137222 2.4
      vertex 26.66302889585495 19.503902696073055 2
      vertex 26.66302889585495 19.503902696073055 2.4
    endloop
  endfacet
  facet normal 0.9769766986916766 -0.21334603397652604 0
    outer loop
      vertex 26.66302889585495 19.503902696073055 2.4
      vertex 26.689227752387524 19.62387526780367 2
      vertex 26.689227752387524 19.62387526780367 2.4
    endloop
  endfacet
  facet normal 0.9889516707489421 -0.14823829776031547 0
    outer loop
      vertex 26.689227752387524 19.62387526780367 2.4
      vertex 26.707941226661205 19.748719669878483 2
      vertex 26.707941226661205 19.748719669878483 2.4
    endloop
  endfacet
  facet normal 0.9962747113491067 -0.08623630051349628 0
    outer loop
      vertex 26.707941226661205 19.748719669878483 2.4
      vertex 26.719169303774834 19.878435917198658 2
      vertex 26.719169303774834 19.878435917198658 2.4
    endloop
  endfacet
  facet normal 0.9996135673428439 -0.027797769408957493 0
    outer loop
      vertex 26.719169303774834 19.878435917198658 2.4
      vertex 26.72291199862957 20.013024002313614 2
      vertex 26.72291199862957 20.013024002313614 2.4
    endloop
  endfacet
  facet normal -1 0 0
    outer loop
      vertex 27.30035199970007 18.470144003629684 2.4
      vertex 27.30035199970007 21.52768000215292 2.4
      vertex 27.30035199970007 18.470144003629684 2
    endloop
  endfacet
  facet normal 0 0 1
    outer loop
      vertex 26.09167869389057 19.18848979473114 2.4
      vertex 26.353060573339462 18.895145140588284 2.4
      vertex 26.421723425388336 18.981014855206013 2.4
    endloop
  endfacet
  facet normal 0 0 1
    outer loop
      vertex 26.09167869389057 19.18848979473114 2.4
      vertex 26.421723425388336 18.981014855206013 2.4
      vertex 26.483876571059227 19.07370514422655 2.4
    endloop
  endfacet
  facet normal 0 0 1
    outer loop
      vertex 26.483876571059227 19.07370514422655 2.4
      vertex 26.539520002901554 19.173216000199318 2.4
      vertex 26.15525420755148 19.298343181610107 2.4
    endloop
  endfacet
  facet normal 0 0 1
    outer loop
      vertex 26.539520002901554 19.173216000199318 2.4
      vertex 26.20727053284645 19.41922416538 2.4
      vertex 26.15525420755148 19.298343181610107 2.4
    endloop
  endfacet
  facet normal 0 0 1
    outer loop
      vertex 26.539520002901554 19.173216000199318 2.4
      vertex 26.588175021111965 19.27857305854559 2.4
      vertex 26.20727053284645 19.41922416538 2.4
    endloop
  endfacet
  facet normal 0 0 1
    outer loop
      vertex 26.20727053284645 19.41922416538 2.4
      vertex 26.588175021111965 19.27857305854559 2.4
      vertex 26.629344649612904 19.388801962137222 2.4
    endloop
  endfacet
  facet normal 0 0 1
    outer loop
      vertex 26.20727053284645 19.41922416538 2.4
      vertex 26.629344649612904 19.388801962137222 2.4
      vertex 26.247727669775486 19.55113273113966 2.4
    endloop
  endfacet
  facet normal 0 0 1
    outer loop
      vertex 26.66302889585495 19.503902696073055 2.4
      vertex 26.276625633239746 19.694068901240826 2.4
      vertex 26.247727669775486 19.55113273113966 2.4
    endloop
  endfacet
  facet normal 0 0 1
    outer loop
      vertex 26.629344649612904 19.388801962137222 2.4
      vertex 26.66302889585495 19.503902696073055 2.4
      vertex 26.247727669775486 19.55113273113966 2.4
    endloop
  endfacet
  facet normal 0 0 1
    outer loop
      vertex 26.66302889585495 19.503902696073055 2.4
      vertex 26.689227752387524 19.62387526780367 2.4
      vertex 26.276625633239746 19.694068901240826 2.4
    endloop
  endfacet
  facet normal 0 0 1
    outer loop
      vertex 26.276625633239746 19.694068901240826 2.4
      vertex 26.707941226661205 19.748719669878483 2.4
      vertex 26.29396440833807 19.848032653331757 2.4
    endloop
  endfacet
  facet normal 0 0 1
    outer loop
      vertex 26.276625633239746 19.694068901240826 2.4
      vertex 26.689227752387524 19.62387526780367 2.4
      vertex 26.707941226661205 19.748719669878483 2.4
    endloop
  endfacet
  facet normal 0 0 1
    outer loop
      vertex 26.29396440833807 19.848032653331757 2.4
      vertex 26.719169303774834 19.878435917198658 2.4
      vertex 26.299744002521038 20.013024002313614 2.4
    endloop
  endfacet
  facet normal 0 0 1
    outer loop
      vertex 26.707941226661205 19.748719669878483 2.4
      vertex 26.719169303774834 19.878435917198658 2.4
      vertex 26.29396440833807 19.848032653331757 2.4
    endloop
  endfacet
  facet normal 0 0 1
    outer loop
      vertex 26.719169303774834 19.878435917198658 2.4
      vertex 26.72291199862957 20.013024002313614 2.4
      vertex 26.299744002521038 20.013024002313614 2.4
    endloop
  endfacet
  facet normal 0 0 1
    outer loop
      vertex 27.30035199970007 18.470144003629684 2.4
      vertex 27.714815996587276 19.739583998918533 2.4
      vertex 27.30035199970007 21.52768000215292 2.4
    endloop
  endfacet
  facet normal 1 0 0
    outer loop
      vertex 27.714815996587276 18.470144003629684 2.4
      vertex 27.714815996587276 18.470144003629684 2
      vertex 27.714815996587276 19.739583998918533 2
    endloop
  endfacet
  facet normal 0 -1 0
    outer loop
      vertex 27.714815996587276 19.739583998918533 2.4
      vertex 27.714815996587276 19.739583998918533 2
      vertex 28.667424000799656 19.739583998918533 2
    endloop
  endfacet
  facet normal 0 -1 0
    outer loop
      vertex 29.461663998663425 18.470144003629684 2.4
      vertex 29.461663998663425 18.470144003629684 2
      vertex 29.939071998000145 18.470144003629684 2
    endloop
  endfacet
  facet normal -0.8477460903773761 -0.5304022683302491 0
    outer loop
      vertex 28.667424000799656 19.739583998918533 2.4
      vertex 28.667424000799656 19.739583998918533 2
      vertex 29.461663998663425 18.470144003629684 2
    endloop
  endfacet
  facet normal 0.21080167787818502 -0.9775288500109559 0
    outer loop
      vertex 29.07107199728489 19.787327997386456 2.4
      vertex 29.07107199728489 19.787327997386456 2
      vertex 29.16780734807253 19.80818873643875 2
    endloop
  endfacet
  facet normal 0.2939565484519412 -0.9558187838822909 0
    outer loop
      vertex 29.16780734807253 19.80818873643875 2.4
      vertex 29.16780734807253 19.80818873643875 2
      vertex 29.258388243615627 19.836046367883682 2
    endloop
  endfacet
  facet normal 0.38159869893100457 -0.9243280981200153 0
    outer loop
      vertex 29.258388243615627 19.836046367883682 2.4
      vertex 29.258388243615627 19.836046367883682 2
      vertex 29.342814691364765 19.87090089917183 2
    endloop
  endfacet
  facet normal 0.4715208862560011 -0.8818548938597299 0
    outer loop
      vertex 29.342814691364765 19.87090089917183 2.4
      vertex 29.342814691364765 19.87090089917183 2
      vertex 29.421086691319942 19.91275232285261 2
    endloop
  endfacet
  facet normal 0.835000145513795 0.5502497223915168 0
    outer loop
      vertex 29.939071998000145 18.470144003629684 2.4
      vertex 29.939071998000145 18.470144003629684 2
      vertex 29.07107199728489 19.787327997386456 2
    endloop
  endfacet
  facet normal 0.5608049049615496 -0.8279479805948361 0
    outer loop
      vertex 29.421086691319942 19.91275232285261 2.4
      vertex 29.421086691319942 19.91275232285261 2
      vertex 29.49320424348116 19.96160065382719 2
    endloop
  endfacet
  facet normal 0.6461464472389533 -0.7632134489908302 0
    outer loop
      vertex 29.49320424348116 19.96160065382719 2.4
      vertex 29.49320424348116 19.96160065382719 2
      vertex 29.559167347848415 20.017445877194405 2
    endloop
  endfacet
  facet normal 0 -1 0
    outer loop
      vertex 27.30035199970007 18.470144003629684 2.4
      vertex 27.714815996587276 18.470144003629684 2
      vertex 27.714815996587276 18.470144003629684 2.4
    endloop
  endfacet
  facet normal 1 0 0
    outer loop
      vertex 27.714815996587276 18.470144003629684 2.4
      vertex 27.714815996587276 19.739583998918533 2
      vertex 27.714815996587276 19.739583998918533 2.4
    endloop
  endfacet
  facet normal 0 -1 0
    outer loop
      vertex 27.714815996587276 19.739583998918533 2.4
      vertex 28.667424000799656 19.739583998918533 2
      vertex 28.667424000799656 19.739583998918533 2.4
    endloop
  endfacet
  facet normal 0 0 1
    outer loop
      vertex 27.30035199970007 18.470144003629684 2.4
      vertex 27.714815996587276 18.470144003629684 2.4
      vertex 27.714815996587276 19.739583998918533 2.4
    endloop
  endfacet
  facet normal 0 0 1
    outer loop
      vertex 27.714815996587276 19.739583998918533 2.4
      vertex 28.667424000799656 19.739583998918533 2.4
      vertex 27.714815996587276 20.06726399809122 2.4
    endloop
  endfacet
  facet normal 0 0 1
    outer loop
      vertex 28.667424000799656 19.739583998918533 2.4
      vertex 28.715167999267578 20.06726399809122 2.4
      vertex 27.714815996587276 20.06726399809122 2.4
    endloop
  endfacet
  facet normal 0 0 1
    outer loop
      vertex 28.667424000799656 19.739583998918533 2.4
      vertex 28.805756732821465 20.07038628309965 2.4
      vertex 28.715167999267578 20.06726399809122 2.4
    endloop
  endfacet
  facet normal 0 -1 0
    outer loop
      vertex 29.461663998663425 18.470144003629684 2.4
      vertex 29.939071998000145 18.470144003629684 2
      vertex 29.939071998000145 18.470144003629684 2.4
    endloop
  endfacet
  facet normal -0.8477460903773761 -0.5304022683302491 0
    outer loop
      vertex 29.461663998663425 18.470144003629684 2.4
      vertex 28.667424000799656 19.739583998918533 2.4
      vertex 29.461663998663425 18.470144003629684 2
    endloop
  endfacet
  facet normal 0.835000145513795 0.5502497223915168 0
    outer loop
      vertex 29.939071998000145 18.470144003629684 2.4
      vertex 29.07107199728489 19.787327997386456 2
      vertex 29.07107199728489 19.787327997386456 2.4
    endloop
  endfacet
  facet normal 0.21080167787818502 -0.9775288500109559 0
    outer loop
      vertex 29.07107199728489 19.787327997386456 2.4
      vertex 29.16780734807253 19.80818873643875 2
      vertex 29.16780734807253 19.80818873643875 2.4
    endloop
  endfacet
  facet normal 0.2939565484519412 -0.9558187838822909 0
    outer loop
      vertex 29.16780734807253 19.80818873643875 2.4
      vertex 29.258388243615627 19.836046367883682 2
      vertex 29.258388243615627 19.836046367883682 2.4
    endloop
  endfacet
  facet normal 0.38159869893100457 -0.9243280981200153 0
    outer loop
      vertex 29.258388243615627 19.836046367883682 2.4
      vertex 29.342814691364765 19.87090089917183 2
      vertex 29.342814691364765 19.87090089917183 2.4
    endloop
  endfacet
  facet normal 0.4715208862560011 -0.8818548938597299 0
    outer loop
      vertex 29.342814691364765 19.87090089917183 2.4
      vertex 29.421086691319942 19.91275232285261 2
      vertex 29.421086691319942 19.91275232285261 2.4
    endloop
  endfacet
  facet normal 0.5608049049615496 -0.8279479805948361 0
    outer loop
      vertex 29.421086691319942 19.91275232285261 2.4
      vertex 29.49320424348116 19.96160065382719 2
      vertex 29.49320424348116 19.96160065382719 2.4
    endloop
  endfacet
  facet normal 0.6461464472389533 -0.7632134489908302 0
    outer loop
      vertex 29.49320424348116 19.96160065382719 2.4
      vertex 29.559167347848415 20.017445877194405 2
      vertex 29.559167347848415 20.017445877194405 2.4
    endloop
  endfacet
  facet normal 0 0 1
    outer loop
      vertex 29.461663998663425 18.470144003629684 2.4
      vertex 29.07107199728489 19.787327997386456 2.4
      vertex 28.667424000799656 19.739583998918533 2.4
    endloop
  endfacet
  facet normal 0 0 1
    outer loop
      vertex 28.667424000799656 19.739583998918533 2.4
      vertex 28.890277221798897 20.079753145575523 2.4
      vertex 28.805756732821465 20.07038628309965 2.4
    endloop
  endfacet
  facet normal 0 0 1
    outer loop
      vertex 28.667424000799656 19.739583998918533 2.4
      vertex 29.07107199728489 19.787327997386456 2.4
      vertex 28.890277221798897 20.079753145575523 2.4
    endloop
  endfacet
  facet normal 0 0 1
    outer loop
      vertex 29.07107199728489 19.787327997386456 2.4
      vertex 28.968729466199875 20.095364570617676 2.4
      vertex 28.890277221798897 20.079753145575523 2.4
    endloop
  endfacet
  facet normal 0 0 1
    outer loop
      vertex 29.07107199728489 19.787327997386456 2.4
      vertex 29.0411134660244 20.11722057312727 2.4
      vertex 28.968729466199875 20.095364570617676 2.4
    endloop
  endfacet
  facet normal 0 0 1
    outer loop
      vertex 29.07107199728489 19.787327997386456 2.4
      vertex 29.16780734807253 19.80818873643875 2.4
      vertex 29.0411134660244 20.11722057312727 2.4
    endloop
  endfacet
  facet normal 0 0 1
    outer loop
      vertex 29.16780734807253 19.80818873643875 2.4
      vertex 29.258388243615627 19.836046367883682 2.4
      vertex 29.10742922127247 20.145321145653725 2.4
    endloop
  endfacet
  facet normal 0 0 1
    outer loop
      vertex 29.258388243615627 19.836046367883682 2.4
      vertex 29.342814691364765 19.87090089917183 2.4
      vertex 29.167676731944084 20.17966628819704 2.4
    endloop
  endfacet
  facet normal 0 0 1
    outer loop
      vertex 29.342814691364765 19.87090089917183 2.4
      vertex 29.421086691319942 19.91275232285261 2.4
      vertex 29.167676731944084 20.17966628819704 2.4
    endloop
  endfacet
  facet normal 0 0 1
    outer loop
      vertex 29.461663998663425 18.470144003629684 2.4
      vertex 29.939071998000145 18.470144003629684 2.4
      vertex 29.07107199728489 19.787327997386456 2.4
    endloop
  endfacet
  facet normal -0.999321914857614 -0.03681997399933096 0
    outer loop
      vertex 20.208159998059273 20.013024002313614 2.4
      vertex 20.20233665406704 20.171073958277702 2
      vertex 20.208159998059273 20.013024002313614 2
    endloop
  endfacet
  facet normal -0.9931090661039148 -0.11719378320632136 0
    outer loop
      vertex 20.20233665406704 20.171073958277702 2.4
      vertex 20.18486661463976 20.31911640614271 2
      vertex 20.20233665406704 20.171073958277702 2
    endloop
  endfacet
  facet normal -0.9528667775246347 -0.30338903126154443 0
    outer loop
      vertex 20.15574987977743 20.457151345908642 2.4
      vertex 20.114986449480057 20.585178777575493 2
      vertex 20.15574987977743 20.457151345908642 2
    endloop
  endfacet
  facet normal -0.9139355787019001 -0.40585928347497846 0
    outer loop
      vertex 20.114986449480057 20.585178777575493 2.4
      vertex 20.062576323747635 20.703198693692684 2
      vertex 20.114986449480057 20.585178777575493 2
    endloop
  endfacet
  facet normal -0.978468617332226 -0.20639565134944585 0
    outer loop
      vertex 20.18486661463976 20.31911640614271 2.4
      vertex 20.15574987977743 20.457151345908642 2
      vertex 20.18486661463976 20.31911640614271 2
    endloop
  endfacet
  facet normal 0.9963666605675223 0.0851673511947139 0
    outer loop
      vertex 20.627629712224007 20.148047670722008 2.4
      vertex 20.627629712224007 20.148047670722008 2
      vertex 20.616534858942032 20.277845554053783 2
    endloop
  endfacet
  facet normal 0.9891616259148885 0.14683077953009024 0
    outer loop
      vertex 20.616534858942032 20.277845554053783 2.4
      vertex 20.616534858942032 20.277845554053783 2
      vertex 20.5980434268713 20.4024176299572 2
    endloop
  endfacet
  facet normal 0.9772728956076623 0.2119851115305398 0
    outer loop
      vertex 20.5980434268713 20.4024176299572 2.4
      vertex 20.5980434268713 20.4024176299572 2
      vertex 20.57215543091297 20.521763920783997 2
    endloop
  endfacet
  facet normal 0.9600012852903593 0.27999559325256895 0
    outer loop
      vertex 20.57215543091297 20.521763920783997 2.4
      vertex 20.57215543091297 20.521763920783997 2
      vertex 20.538870856165886 20.635884411633015 2
    endloop
  endfacet
  facet normal -0.8601187439890032 -0.5100938602245467 0
    outer loop
      vertex 20.062576323747635 20.703198693692684 2.4
      vertex 19.998519510030746 20.811211101710796 2
      vertex 20.062576323747635 20.703198693692684 2
    endloop
  endfacet
  facet normal 0.7756816613027103 0.6311243620069402 0
    outer loop
      vertex 20.333378612995148 21.036848329007626 2.4
      vertex 20.333378612995148 21.036848329007626 2
      vertex 20.265112161636353 21.12075102329254 2
    endloop
  endfacet
  facet normal 0.6526371830685775 0.7576705796560349 0
    outer loop
      vertex 20.190245874226093 21.19778873771429 2.4
      vertex 20.190245874226093 21.19778873771429 2
      vertex 20.10877975821495 21.267961472272873 2
    endloop
  endfacet
  facet normal 0.7171414168229159 0.696927677938838 0
    outer loop
      vertex 20.265112161636353 21.12075102329254 2.4
      vertex 20.265112161636353 21.12075102329254 2
      vertex 20.190245874226093 21.19778873771429 2
    endloop
  endfacet
  facet normal 0.8710092030630017 0.49126669760890057 0
    outer loop
      vertex 20.450112000107765 20.848448000848293 2.4
      vertex 20.450112000107765 20.848448000848293 2
      vertex 20.395045220851898 20.946080654859543 2
    endloop
  endfacet
  facet normal 0.9367650464773373 0.34995892287283104 0
    outer loop
      vertex 20.538870856165886 20.635884411633015 2.4
      vertex 20.538870856165886 20.635884411633015 2
      vertex 20.498189717531204 20.744779102504253 2
    endloop
  endfacet
  facet normal 0.9071902792888975 0.42072056898104265 0
    outer loop
      vertex 20.498189717531204 20.744779102504253 2.4
      vertex 20.498189717531204 20.744779102504253 2
      vertex 20.450112000107765 20.848448000848293 2
    endloop
  endfacet
  facet normal 0.8271612279112839 0.561964681310398 0
    outer loop
      vertex 20.395045220851898 20.946080654859543 2.4
      vertex 20.395045220851898 20.946080654859543 2
      vertex 20.333378612995148 21.036848329007626 2
    endloop
  endfacet
  facet normal 0.9996251066749462 0.027379665905601862 0
    outer loop
      vertex 20.631328001618385 20.013024002313614 2.4
      vertex 20.631328001618385 20.013024002313614 2
      vertex 20.627629712224007 20.148047670722008 2
    endloop
  endfacet
  facet normal 0.5836989456374363 0.8119701600808649 0
    outer loop
      vertex 20.10877975821495 21.267961472272873 2.4
      vertex 20.10877975821495 21.267961472272873 2
      vertex 20.020713798701763 21.33126922696829 2
    endloop
  endfacet
  facet normal -1 0 0
    outer loop
      vertex 20.943999998271465 21.52768000215292 2.4
      vertex 20.943999998271465 21.52768000215292 2
      vertex 20.943999998271465 21.189152002334595 2
    endloop
  endfacet
  facet normal 0 -1 0
    outer loop
      vertex 20.943999998271465 21.189152002334595 2.4
      vertex 20.943999998271465 21.189152002334595 2
      vertex 21.99430400133133 21.189152002334595 2
    endloop
  endfacet
  facet normal -1 0 0
    outer loop
      vertex 21.99430400133133 21.189152002334595 2.4
      vertex 21.99430400133133 21.189152002334595 2
      vertex 21.99430400133133 18.470144003629684 2
    endloop
  endfacet
  facet normal -0.999321914857614 -0.03681997399933096 0
    outer loop
      vertex 20.208159998059273 20.013024002313614 2.4
      vertex 20.20233665406704 20.171073958277702 2.4
      vertex 20.20233665406704 20.171073958277702 2
    endloop
  endfacet
  facet normal -0.9931090661039148 -0.11719378320632136 0
    outer loop
      vertex 20.20233665406704 20.171073958277702 2.4
      vertex 20.18486661463976 20.31911640614271 2.4
      vertex 20.18486661463976 20.31911640614271 2
    endloop
  endfacet
  facet normal -0.9528667775246347 -0.30338903126154443 0
    outer loop
      vertex 20.15574987977743 20.457151345908642 2.4
      vertex 20.114986449480057 20.585178777575493 2.4
      vertex 20.114986449480057 20.585178777575493 2
    endloop
  endfacet
  facet normal -0.978468617332226 -0.20639565134944585 0
    outer loop
      vertex 20.18486661463976 20.31911640614271 2.4
      vertex 20.15574987977743 20.457151345908642 2.4
      vertex 20.15574987977743 20.457151345908642 2
    endloop
  endfacet
  facet normal 0.9963666605675223 0.0851673511947139 0
    outer loop
      vertex 20.627629712224007 20.148047670722008 2.4
      vertex 20.616534858942032 20.277845554053783 2
      vertex 20.616534858942032 20.277845554053783 2.4
    endloop
  endfacet
  facet normal 0.9891616259148885 0.14683077953009024 0
    outer loop
      vertex 20.616534858942032 20.277845554053783 2.4
      vertex 20.5980434268713 20.4024176299572 2
      vertex 20.5980434268713 20.4024176299572 2.4
    endloop
  endfacet
  facet normal 0.9772728956076623 0.2119851115305398 0
    outer loop
      vertex 20.5980434268713 20.4024176299572 2.4
      vertex 20.57215543091297 20.521763920783997 2
      vertex 20.57215543091297 20.521763920783997 2.4
    endloop
  endfacet
  facet normal 0.9600012852903593 0.27999559325256895 0
    outer loop
      vertex 20.57215543091297 20.521763920783997 2.4
      vertex 20.538870856165886 20.635884411633015 2
      vertex 20.538870856165886 20.635884411633015 2.4
    endloop
  endfacet
  facet normal -0.8601187439890032 -0.5100938602245467 0
    outer loop
      vertex 19.998519510030746 20.811211101710796 2.4
      vertex 19.998519510030746 20.811211101710796 2
      vertex 20.062576323747635 20.703198693692684 2.4
    endloop
  endfacet
  facet normal -0.9139355787019001 -0.40585928347497846 0
    outer loop
      vertex 20.114986449480057 20.585178777575493 2.4
      vertex 20.062576323747635 20.703198693692684 2.4
      vertex 20.062576323747635 20.703198693692684 2
    endloop
  endfacet
  facet normal 0.6526371830685775 0.7576705796560349 0
    outer loop
      vertex 20.190245874226093 21.19778873771429 2.4
      vertex 20.10877975821495 21.267961472272873 2
      vertex 20.10877975821495 21.267961472272873 2.4
    endloop
  endfacet
  facet normal 0.7756816613027103 0.6311243620069402 0
    outer loop
      vertex 20.333378612995148 21.036848329007626 2.4
      vertex 20.265112161636353 21.12075102329254 2
      vertex 20.265112161636353 21.12075102329254 2.4
    endloop
  endfacet
  facet normal 0.7171414168229159 0.696927677938838 0
    outer loop
      vertex 20.265112161636353 21.12075102329254 2.4
      vertex 20.190245874226093 21.19778873771429 2
      vertex 20.190245874226093 21.19778873771429 2.4
    endloop
  endfacet
  facet normal 0.9071902792888975 0.42072056898104265 0
    outer loop
      vertex 20.498189717531204 20.744779102504253 2.4
      vertex 20.450112000107765 20.848448000848293 2
      vertex 20.450112000107765 20.848448000848293 2.4
    endloop
  endfacet
  facet normal 0.8710092030630017 0.49126669760890057 0
    outer loop
      vertex 20.450112000107765 20.848448000848293 2.4
      vertex 20.395045220851898 20.946080654859543 2
      vertex 20.395045220851898 20.946080654859543 2.4
    endloop
  endfacet
  facet normal 0.9367650464773373 0.34995892287283104 0
    outer loop
      vertex 20.538870856165886 20.635884411633015 2.4
      vertex 20.498189717531204 20.744779102504253 2
      vertex 20.498189717531204 20.744779102504253 2.4
    endloop
  endfacet
  facet normal 0.8271612279112839 0.561964681310398 0
    outer loop
      vertex 20.395045220851898 20.946080654859543 2.4
      vertex 20.333378612995148 21.036848329007626 2
      vertex 20.333378612995148 21.036848329007626 2.4
    endloop
  endfacet
  facet normal 0.9996251066749462 0.027379665905601862 0
    outer loop
      vertex 20.631328001618385 20.013024002313614 2.4
      vertex 20.627629712224007 20.148047670722008 2
      vertex 20.627629712224007 20.148047670722008 2.4
    endloop
  endfacet
  facet normal 0 0 1
    outer loop
      vertex 20.18486661463976 20.31911640614271 2.4
      vertex 20.57215543091297 20.521763920783997 2.4
      vertex 20.15574987977743 20.457151345908642 2.4
    endloop
  endfacet
  facet normal 0 0 1
    outer loop
      vertex 20.15574987977743 20.457151345908642 2.4
      vertex 20.538870856165886 20.635884411633015 2.4
      vertex 20.114986449480057 20.585178777575493 2.4
    endloop
  endfacet
  facet normal 0 0 1
    outer loop
      vertex 20.208159998059273 20.013024002313614 2.4
      vertex 20.627629712224007 20.148047670722008 2.4
      vertex 20.20233665406704 20.171073958277702 2.4
    endloop
  endfacet
  facet normal 0 0 1
    outer loop
      vertex 20.20233665406704 20.171073958277702 2.4
      vertex 20.616534858942032 20.277845554053783 2.4
      vertex 20.18486661463976 20.31911640614271 2.4
    endloop
  endfacet
  facet normal 0 0 1
    outer loop
      vertex 20.208159998059273 20.013024002313614 2.4
      vertex 20.631328001618385 20.013024002313614 2.4
      vertex 20.627629712224007 20.148047670722008 2.4
    endloop
  endfacet
  facet normal 0 0 1
    outer loop
      vertex 20.20233665406704 20.171073958277702 2.4
      vertex 20.627629712224007 20.148047670722008 2.4
      vertex 20.616534858942032 20.277845554053783 2.4
    endloop
  endfacet
  facet normal 0 0 1
    outer loop
      vertex 20.616534858942032 20.277845554053783 2.4
      vertex 20.5980434268713 20.4024176299572 2.4
      vertex 20.18486661463976 20.31911640614271 2.4
    endloop
  endfacet
  facet normal 0 0 1
    outer loop
      vertex 20.18486661463976 20.31911640614271 2.4
      vertex 20.5980434268713 20.4024176299572 2.4
      vertex 20.57215543091297 20.521763920783997 2.4
    endloop
  endfacet
  facet normal 0 0 1
    outer loop
      vertex 20.15574987977743 20.457151345908642 2.4
      vertex 20.57215543091297 20.521763920783997 2.4
      vertex 20.538870856165886 20.635884411633015 2.4
    endloop
  endfacet
  facet normal 0 0 1
    outer loop
      vertex 19.998519510030746 20.811211101710796 2.4
      vertex 20.062576323747635 20.703198693692684 2.4
      vertex 20.395045220851898 20.946080654859543 2.4
    endloop
  endfacet
  facet normal 0 0 1
    outer loop
      vertex 20.114986449480057 20.585178777575493 2.4
      vertex 20.450112000107765 20.848448000848293 2.4
      vertex 20.062576323747635 20.703198693692684 2.4
    endloop
  endfacet
  facet normal 0 0 1
    outer loop
      vertex 20.062576323747635 20.703198693692684 2.4
      vertex 20.450112000107765 20.848448000848293 2.4
      vertex 20.395045220851898 20.946080654859543 2.4
    endloop
  endfacet
  facet normal 0 0 1
    outer loop
      vertex 19.998519510030746 20.811211101710796 2.4
      vertex 20.395045220851898 20.946080654859543 2.4
      vertex 20.333378612995148 21.036848329007626 2.4
    endloop
  endfacet
  facet normal 0 0 1
    outer loop
      vertex 19.998519510030746 20.811211101710796 2.4
      vertex 20.265112161636353 21.12075102329254 2.4
      vertex 19.92281600087881 20.90921600162983 2.4
    endloop
  endfacet
  facet normal 0 0 1
    outer loop
      vertex 19.92281600087881 20.90921600162983 2.4
      vertex 20.265112161636353 21.12075102329254 2.4
      vertex 20.190245874226093 21.19778873771429 2.4
    endloop
  endfacet
  facet normal 0 0 1
    outer loop
      vertex 19.92281600087881 20.90921600162983 2.4
      vertex 20.190245874226093 21.19778873771429 2.4
      vertex 20.10877975821495 21.267961472272873 2.4
    endloop
  endfacet
  facet normal 0 0 1
    outer loop
      vertex 19.998519510030746 20.811211101710796 2.4
      vertex 20.333378612995148 21.036848329007626 2.4
      vertex 20.265112161636353 21.12075102329254 2.4
    endloop
  endfacet
  facet normal 0 0 1
    outer loop
      vertex 20.114986449480057 20.585178777575493 2.4
      vertex 20.538870856165886 20.635884411633015 2.4
      vertex 20.498189717531204 20.744779102504253 2.4
    endloop
  endfacet
  facet normal 0 0 1
    outer loop
      vertex 20.114986449480057 20.585178777575493 2.4
      vertex 20.498189717531204 20.744779102504253 2.4
      vertex 20.450112000107765 20.848448000848293 2.4
    endloop
  endfacet
  facet normal 0.5836989456374363 0.8119701600808649 0
    outer loop
      vertex 20.10877975821495 21.267961472272873 2.4
      vertex 20.020713798701763 21.33126922696829 2
      vertex 20.020713798701763 21.33126922696829 2.4
    endloop
  endfacet
  facet normal -1 0 0
    outer loop
      vertex 20.943999998271465 21.189152002334595 2.4
      vertex 20.943999998271465 21.52768000215292 2.4
      vertex 20.943999998271465 21.189152002334595 2
    endloop
  endfacet
  facet normal 0 -1 0
    outer loop
      vertex 20.943999998271465 21.189152002334595 2.4
      vertex 21.99430400133133 21.189152002334595 2
      vertex 21.99430400133133 21.189152002334595 2.4
    endloop
  endfacet
  facet normal 1 0 0
    outer loop
      vertex 22.40659199655056 18.470144003629684 2.4
      vertex 22.40659199655056 21.189152002334595 2
      vertex 22.40659199655056 21.189152002334595 2.4
    endloop
  endfacet
  facet normal 0 0 1
    outer loop
      vertex 22.40659199655056 18.470144003629684 2.4
      vertex 22.40659199655056 21.189152002334595 2.4
      vertex 21.99430400133133 21.189152002334595 2.4
    endloop
  endfacet
  facet normal 0 1 0
    outer loop
      vertex 20.943999998271465 21.52768000215292 2.4
      vertex 23.45686399936676 21.52768000215292 2.4
      vertex 20.943999998271465 21.52768000215292 2
    endloop
  endfacet
  facet normal 0 0 1
    outer loop
      vertex 20.943999998271465 21.189152002334595 2.4
      vertex 21.99430400133133 21.189152002334595 2.4
      vertex 20.943999998271465 21.52768000215292 2.4
    endloop
  endfacet
  facet normal 0 0 1
    outer loop
      vertex 20.943999998271465 21.52768000215292 2.4
      vertex 21.99430400133133 21.189152002334595 2.4
      vertex 22.40659199655056 21.189152002334595 2.4
    endloop
  endfacet
  facet normal 0 0 1
    outer loop
      vertex 20.943999998271465 21.52768000215292 2.4
      vertex 22.40659199655056 21.189152002334595 2.4
      vertex 23.45686399936676 21.52768000215292 2.4
    endloop
  endfacet
  facet normal 0 -1 0
    outer loop
      vertex 22.40659199655056 21.189152002334595 2.4
      vertex 22.40659199655056 21.189152002334595 2
      vertex 23.45686399936676 21.189152002334595 2
    endloop
  endfacet
  facet normal -0.9991867929716888 0.04032062438692701 0
    outer loop
      vertex 23.697440654039383 20.21604637056589 2.4
      vertex 23.697440654039383 20.21604637056589 2
      vertex 23.689248003065586 20.013024002313614 2
    endloop
  endfacet
  facet normal -0.99173329022433 0.12831633201126363 0
    outer loop
      vertex 23.722018614411354 20.406004898250103 2.4
      vertex 23.722018614411354 20.406004898250103 2
      vertex 23.697440654039383 20.21604637056589 2
    endloop
  endfacet
  facet normal -0.9742202808769043 0.22559885710731298 0
    outer loop
      vertex 23.76298187673092 20.58289959281683 2.4
      vertex 23.76298187673092 20.58289959281683 2
      vertex 23.722018614411354 20.406004898250103 2
    endloop
  endfacet
  facet normal 0 1 0
    outer loop
      vertex 23.45686399936676 21.52768000215292 2.4
      vertex 23.45686399936676 21.52768000215292 2
      vertex 20.943999998271465 21.52768000215292 2
    endloop
  endfacet
  facet normal 1 0 0
    outer loop
      vertex 23.45686399936676 21.189152002334595 2.4
      vertex 23.45686399936676 21.189152002334595 2
      vertex 23.45686399936676 21.52768000215292 2
    endloop
  endfacet
  facet normal 0.9993355200147607 -0.03644884685182517 0
    outer loop
      vertex 24.11605355143547 20.173294365406036 2.4
      vertex 24.110207997262478 20.013024002313614 2
      vertex 24.11605355143547 20.173294365406036 2
    endloop
  endfacet
  facet normal 0.9932109990380589 -0.11632674408673638 0
    outer loop
      vertex 24.133590206503868 20.323024325072765 2.4
      vertex 24.11605355143547 20.173294365406036 2
      vertex 24.133590206503868 20.323024325072765 2
    endloop
  endfacet
  facet normal 0.9786563945326668 -0.20550343413267108 0
    outer loop
      vertex 24.16281796246767 20.46221387386322 2.4
      vertex 24.133590206503868 20.323024325072765 2
      vertex 24.16281796246767 20.46221387386322 2
    endloop
  endfacet
  facet normal 0.9529577970650679 -0.30310301386309735 0
    outer loop
      vertex 24.203736819326878 20.59086301922798 2.4
      vertex 24.16281796246767 20.46221387386322 2
      vertex 24.203736819326878 20.59086301922798 2
    endloop
  endfacet
  facet normal -0.9438443929675312 0.33039031744854835 0
    outer loop
      vertex 23.820330448448658 20.74673044681549 2.4
      vertex 23.820330448448658 20.74673044681549 2
      vertex 23.76298187673092 20.58289959281683 2
    endloop
  endfacet
  facet normal -0.8983242602287353 0.4393330439251017 0
    outer loop
      vertex 23.89406432956457 20.897497467696667 2.4
      vertex 23.89406432956457 20.897497467696667 2
      vertex 23.820330448448658 20.74673044681549 2
    endloop
  endfacet
  facet normal -0.8367399741632995 0.5476004160308874 0
    outer loop
      vertex 23.98418351262808 21.035200655460358 2.4
      vertex 23.98418351262808 21.035200655460358 2
      vertex 23.89406432956457 20.897497467696667 2
    endloop
  endfacet
  facet normal -0.7602480234792934 0.6496329292730069 0
    outer loop
      vertex 24.09068799763918 21.159840002655983 2.4
      vertex 24.09068799763918 21.159840002655983 2
      vertex 23.98418351262808 21.035200655460358 2
    endloop
  endfacet
  facet normal 0.9134748597378127 -0.4068951715454279 0
    outer loop
      vertex 24.25634677708149 20.70897175371647 2.4
      vertex 24.203736819326878 20.59086301922798 2
      vertex 24.25634677708149 20.70897175371647 2
    endloop
  endfacet
  facet normal 0.8583364420914763 -0.5130872754003415 0
    outer loop
      vertex 24.320647835731506 20.816540084779263 2.4
      vertex 24.25634677708149 20.70897175371647 2
      vertex 24.320647835731506 20.816540084779263 2
    endloop
  endfacet
  facet normal 0.7872793804305946 -0.6165964459424161 0
    outer loop
      vertex 24.39664000272751 20.9135679975152 2.4
      vertex 24.320647835731506 20.816540084779263 2
      vertex 24.39664000272751 20.9135679975152 2
    endloop
  endfacet
  facet normal -0.6712346224182338 0.7412449538897725 0
    outer loop
      vertex 24.21180734783411 21.269519671797752 2.4
      vertex 24.21180734783411 21.269519671797752 2
      vertex 24.09068799763918 21.159840002655983 2
    endloop
  endfacet
  facet normal 0.7008507495013595 -0.7133079467687028 0
    outer loop
      vertex 24.483358040452003 20.998771592974663 2.4
      vertex 24.39664000272751 20.9135679975152 2
      vertex 24.483358040452003 20.998771592974663 2
    endloop
  endfacet
  facet normal 0.5986707777939595 -0.8009951933785717 0
    outer loop
      vertex 24.579818449914455 21.0708669424057 2.4
      vertex 24.483358040452003 20.998771592974663 2
      vertex 24.579818449914455 21.0708669424057 2
    endloop
  endfacet
  facet normal 0.4855520678514868 -0.8742077495682278 0
    outer loop
      vertex 24.686021223664284 21.129854038357735 2.4
      vertex 24.579818449914455 21.0708669424057 2
      vertex 24.686021223664284 21.129854038357735 2
    endloop
  endfacet
  facet normal 0.3679368480948859 -0.9298507814773298 0
    outer loop
      vertex 24.80196636915207 21.175732895731926 2.4
      vertex 24.686021223664284 21.129854038357735 2
      vertex 24.80196636915207 21.175732895731926 2
    endloop
  endfacet
  facet normal 0.2522962204302347 -0.9676500489105647 0
    outer loop
      vertex 24.92765387892723 21.208503507077694 2.4
      vertex 24.80196636915207 21.175732895731926 2
      vertex 24.92765387892723 21.208503507077694 2
    endloop
  endfacet
  facet normal -0.5694660421811448 0.8220148580181155 0
    outer loop
      vertex 24.345771104097366 21.36232554912567 2.4
      vertex 24.345771104097366 21.36232554912567 2
      vertex 24.21180734783411 21.269519671797752 2
    endloop
  endfacet
  facet normal -0.4594077835614484 0.8882254716023165 0
    outer loop
      vertex 24.492579266428947 21.43825763463974 2.4
      vertex 24.492579266428947 21.43825763463974 2
      vertex 24.345771104097366 21.36232554912567 2
    endloop
  endfacet
  facet normal -0.3469408600157497 0.9378870079340752 0
    outer loop
      vertex 24.652231834828854 21.497315920889378 2.4
      vertex 24.652231834828854 21.497315920889378 2
      vertex 24.492579266428947 21.43825763463974 2
    endloop
  endfacet
  facet normal -0.2375517021086345 0.9713748961267686 0
    outer loop
      vertex 24.824728816747665 21.539500407874584 2.4
      vertex 24.824728816747665 21.539500407874584 2
      vertex 24.652231834828854 21.497315920889378 2
    endloop
  endfacet
  facet normal -0.13530670233059863 0.9908037627625454 0
    outer loop
      vertex 25.010070204734802 21.56481110304594 2.4
      vertex 25.010070204734802 21.56481110304594 2
      vertex 24.824728816747665 21.539500407874584 2
    endloop
  endfacet
  facet normal 0 -1 0
    outer loop
      vertex 22.40659199655056 21.189152002334595 2.4
      vertex 23.45686399936676 21.189152002334595 2
      vertex 23.45686399936676 21.189152002334595 2.4
    endloop
  endfacet
  facet normal -0.9991867929716888 0.04032062438692701 0
    outer loop
      vertex 23.689248003065586 20.013024002313614 2.4
      vertex 23.697440654039383 20.21604637056589 2.4
      vertex 23.689248003065586 20.013024002313614 2
    endloop
  endfacet
  facet normal -0.99173329022433 0.12831633201126363 0
    outer loop
      vertex 23.697440654039383 20.21604637056589 2.4
      vertex 23.722018614411354 20.406004898250103 2.4
      vertex 23.697440654039383 20.21604637056589 2
    endloop
  endfacet
  facet normal -0.9742202808769043 0.22559885710731298 0
    outer loop
      vertex 23.722018614411354 20.406004898250103 2.4
      vertex 23.76298187673092 20.58289959281683 2.4
      vertex 23.722018614411354 20.406004898250103 2
    endloop
  endfacet
  facet normal 1 0 0
    outer loop
      vertex 23.45686399936676 21.189152002334595 2.4
      vertex 23.45686399936676 21.52768000215292 2
      vertex 23.45686399936676 21.52768000215292 2.4
    endloop
  endfacet
  facet normal 0 0 1
    outer loop
      vertex 22.40659199655056 21.189152002334595 2.4
      vertex 23.45686399936676 21.189152002334595 2.4
      vertex 23.45686399936676 21.52768000215292 2.4
    endloop
  endfacet
  facet normal 0.9993355200147607 -0.03644884685182517 0
    outer loop
      vertex 24.110207997262478 20.013024002313614 2.4
      vertex 24.110207997262478 20.013024002313614 2
      vertex 24.11605355143547 20.173294365406036 2.4
    endloop
  endfacet
  facet normal 0.9932109990380589 -0.11632674408673638 0
    outer loop
      vertex 24.11605355143547 20.173294365406036 2.4
      vertex 24.11605355143547 20.173294365406036 2
      vertex 24.133590206503868 20.323024325072765 2.4
    endloop
  endfacet
  facet normal 0.9786563945326668 -0.20550343413267108 0
    outer loop
      vertex 24.133590206503868 20.323024325072765 2.4
      vertex 24.133590206503868 20.323024325072765 2
      vertex 24.16281796246767 20.46221387386322 2.4
    endloop
  endfacet
  facet normal 0.9529577970650679 -0.30310301386309735 0
    outer loop
      vertex 24.16281796246767 20.46221387386322 2.4
      vertex 24.16281796246767 20.46221387386322 2
      vertex 24.203736819326878 20.59086301922798 2.4
    endloop
  endfacet
  facet normal -0.9438443929675312 0.33039031744854835 0
    outer loop
      vertex 23.76298187673092 20.58289959281683 2.4
      vertex 23.820330448448658 20.74673044681549 2.4
      vertex 23.76298187673092 20.58289959281683 2
    endloop
  endfacet
  facet normal -0.8983242602287353 0.4393330439251017 0
    outer loop
      vertex 23.820330448448658 20.74673044681549 2.4
      vertex 23.89406432956457 20.897497467696667 2.4
      vertex 23.820330448448658 20.74673044681549 2
    endloop
  endfacet
  facet normal -0.8367399741632995 0.5476004160308874 0
    outer loop
      vertex 23.89406432956457 20.897497467696667 2.4
      vertex 23.98418351262808 21.035200655460358 2.4
      vertex 23.89406432956457 20.897497467696667 2
    endloop
  endfacet
  facet normal -0.7602480234792934 0.6496329292730069 0
    outer loop
      vertex 23.98418351262808 21.035200655460358 2.4
      vertex 24.09068799763918 21.159840002655983 2.4
      vertex 23.98418351262808 21.035200655460358 2
    endloop
  endfacet
  facet normal 0.9134748597378127 -0.4068951715454279 0
    outer loop
      vertex 24.203736819326878 20.59086301922798 2.4
      vertex 24.203736819326878 20.59086301922798 2
      vertex 24.25634677708149 20.70897175371647 2.4
    endloop
  endfacet
  facet normal 0.8583364420914763 -0.5130872754003415 0
    outer loop
      vertex 24.25634677708149 20.70897175371647 2.4
      vertex 24.25634677708149 20.70897175371647 2
      vertex 24.320647835731506 20.816540084779263 2.4
    endloop
  endfacet
  facet normal 0.7872793804305946 -0.6165964459424161 0
    outer loop
      vertex 24.320647835731506 20.816540084779263 2.4
      vertex 24.320647835731506 20.816540084779263 2
      vertex 24.39664000272751 20.9135679975152 2.4
    endloop
  endfacet
  facet normal -0.6712346224182338 0.7412449538897725 0
    outer loop
      vertex 24.09068799763918 21.159840002655983 2.4
      vertex 24.21180734783411 21.269519671797752 2.4
      vertex 24.09068799763918 21.159840002655983 2
    endloop
  endfacet
  facet normal 0.7008507495013595 -0.7133079467687028 0
    outer loop
      vertex 24.39664000272751 20.9135679975152 2.4
      vertex 24.39664000272751 20.9135679975152 2
      vertex 24.483358040452003 20.998771592974663 2.4
    endloop
  endfacet
  facet normal 0.5986707777939595 -0.8009951933785717 0
    outer loop
      vertex 24.483358040452003 20.998771592974663 2.4
      vertex 24.483358040452003 20.998771592974663 2
      vertex 24.579818449914455 21.0708669424057 2.4
    endloop
  endfacet
  facet normal 0.4855520678514868 -0.8742077495682278 0
    outer loop
      vertex 24.579818449914455 21.0708669424057 2.4
      vertex 24.579818449914455 21.0708669424057 2
      vertex 24.686021223664284 21.129854038357735 2.4
    endloop
  endfacet
  facet normal 0.3679368480948859 -0.9298507814773298 0
    outer loop
      vertex 24.686021223664284 21.129854038357735 2.4
      vertex 24.686021223664284 21.129854038357735 2
      vertex 24.80196636915207 21.175732895731926 2.4
    endloop
  endfacet
  facet normal 0.2522962204302347 -0.9676500489105647 0
    outer loop
      vertex 24.80196636915207 21.175732895731926 2.4
      vertex 24.80196636915207 21.175732895731926 2
      vertex 24.92765387892723 21.208503507077694 2.4
    endloop
  endfacet
  facet normal 0.14367852202578632 -0.9896244147698082 0
    outer loop
      vertex 24.92765387892723 21.208503507077694 2.4
      vertex 24.92765387892723 21.208503507077694 2
      vertex 25.06308375298977 21.22816587984562 2.4
    endloop
  endfacet
  facet normal 0 0 1
    outer loop
      vertex 23.689248003065586 20.013024002313614 2.4
      vertex 24.11605355143547 20.173294365406036 2.4
      vertex 23.697440654039383 20.21604637056589 2.4
    endloop
  endfacet
  facet normal 0 0 1
    outer loop
      vertex 23.689248003065586 20.013024002313614 2.4
      vertex 24.110207997262478 20.013024002313614 2.4
      vertex 24.11605355143547 20.173294365406036 2.4
    endloop
  endfacet
  facet normal 0 0 1
    outer loop
      vertex 23.697440654039383 20.21604637056589 2.4
      vertex 24.11605355143547 20.173294365406036 2.4
      vertex 24.133590206503868 20.323024325072765 2.4
    endloop
  endfacet
  facet normal 0 0 1
    outer loop
      vertex 23.697440654039383 20.21604637056589 2.4
      vertex 24.133590206503868 20.323024325072765 2.4
      vertex 23.722018614411354 20.406004898250103 2.4
    endloop
  endfacet
  facet normal 0 0 1
    outer loop
      vertex 23.722018614411354 20.406004898250103 2.4
      vertex 24.16281796246767 20.46221387386322 2.4
      vertex 23.76298187673092 20.58289959281683 2.4
    endloop
  endfacet
  facet normal 0 0 1
    outer loop
      vertex 24.133590206503868 20.323024325072765 2.4
      vertex 24.16281796246767 20.46221387386322 2.4
      vertex 23.722018614411354 20.406004898250103 2.4
    endloop
  endfacet
  facet normal 0 0 1
    outer loop
      vertex 24.16281796246767 20.46221387386322 2.4
      vertex 24.203736819326878 20.59086301922798 2.4
      vertex 23.76298187673092 20.58289959281683 2.4
    endloop
  endfacet
  facet normal 0 0 1
    outer loop
      vertex 23.76298187673092 20.58289959281683 2.4
      vertex 24.203736819326878 20.59086301922798 2.4
      vertex 23.820330448448658 20.74673044681549 2.4
    endloop
  endfacet
  facet normal 0 0 1
    outer loop
      vertex 23.820330448448658 20.74673044681549 2.4
      vertex 24.25634677708149 20.70897175371647 2.4
      vertex 23.89406432956457 20.897497467696667 2.4
    endloop
  endfacet
  facet normal 0 0 1
    outer loop
      vertex 24.25634677708149 20.70897175371647 2.4
      vertex 23.98418351262808 21.035200655460358 2.4
      vertex 23.89406432956457 20.897497467696667 2.4
    endloop
  endfacet
  facet normal 0 0 1
    outer loop
      vertex 24.203736819326878 20.59086301922798 2.4
      vertex 24.25634677708149 20.70897175371647 2.4
      vertex 23.820330448448658 20.74673044681549 2.4
    endloop
  endfacet
  facet normal 0 0 1
    outer loop
      vertex 24.25634677708149 20.70897175371647 2.4
      vertex 24.320647835731506 20.816540084779263 2.4
      vertex 23.98418351262808 21.035200655460358 2.4
    endloop
  endfacet
  facet normal 0 0 1
    outer loop
      vertex 24.320647835731506 20.816540084779263 2.4
      vertex 24.09068799763918 21.159840002655983 2.4
      vertex 23.98418351262808 21.035200655460358 2.4
    endloop
  endfacet
  facet normal 0 0 1
    outer loop
      vertex 24.320647835731506 20.816540084779263 2.4
      vertex 24.39664000272751 20.9135679975152 2.4
      vertex 24.09068799763918 21.159840002655983 2.4
    endloop
  endfacet
  facet normal 0 0 1
    outer loop
      vertex 24.39664000272751 20.9135679975152 2.4
      vertex 24.483358040452003 20.998771592974663 2.4
      vertex 24.21180734783411 21.269519671797752 2.4
    endloop
  endfacet
  facet normal 0 0 1
    outer loop
      vertex 24.39664000272751 20.9135679975152 2.4
      vertex 24.21180734783411 21.269519671797752 2.4
      vertex 24.09068799763918 21.159840002655983 2.4
    endloop
  endfacet
  facet normal 0 0 1
    outer loop
      vertex 24.483358040452003 20.998771592974663 2.4
      vertex 24.345771104097366 21.36232554912567 2.4
      vertex 24.21180734783411 21.269519671797752 2.4
    endloop
  endfacet
  facet normal 0 0 1
    outer loop
      vertex 24.483358040452003 20.998771592974663 2.4
      vertex 24.579818449914455 21.0708669424057 2.4
      vertex 24.345771104097366 21.36232554912567 2.4
    endloop
  endfacet
  facet normal 0 0 1
    outer loop
      vertex 24.579818449914455 21.0708669424057 2.4
      vertex 24.686021223664284 21.129854038357735 2.4
      vertex 24.492579266428947 21.43825763463974 2.4
    endloop
  endfacet
  facet normal -0.5694660421811448 0.8220148580181155 0
    outer loop
      vertex 24.21180734783411 21.269519671797752 2.4
      vertex 24.345771104097366 21.36232554912567 2.4
      vertex 24.21180734783411 21.269519671797752 2
    endloop
  endfacet
  facet normal -0.4594077835614484 0.8882254716023165 0
    outer loop
      vertex 24.345771104097366 21.36232554912567 2.4
      vertex 24.492579266428947 21.43825763463974 2.4
      vertex 24.345771104097366 21.36232554912567 2
    endloop
  endfacet
  facet normal -0.3469408600157497 0.9378870079340752 0
    outer loop
      vertex 24.492579266428947 21.43825763463974 2.4
      vertex 24.652231834828854 21.497315920889378 2.4
      vertex 24.492579266428947 21.43825763463974 2
    endloop
  endfacet
  facet normal -0.2375517021086345 0.9713748961267686 0
    outer loop
      vertex 24.652231834828854 21.497315920889378 2.4
      vertex 24.824728816747665 21.539500407874584 2.4
      vertex 24.652231834828854 21.497315920889378 2
    endloop
  endfacet
  facet normal -0.13530670233059863 0.9908037627625454 0
    outer loop
      vertex 24.824728816747665 21.539500407874584 2.4
      vertex 25.010070204734802 21.56481110304594 2.4
      vertex 24.824728816747665 21.539500407874584 2
    endloop
  endfacet
  facet normal 0 0 1
    outer loop
      vertex 24.579818449914455 21.0708669424057 2.4
      vertex 24.492579266428947 21.43825763463974 2.4
      vertex 24.345771104097366 21.36232554912567 2.4
    endloop
  endfacet
  facet normal 0 0 1
    outer loop
      vertex 24.686021223664284 21.129854038357735 2.4
      vertex 24.652231834828854 21.497315920889378 2.4
      vertex 24.492579266428947 21.43825763463974 2.4
    endloop
  endfacet
  facet normal 0 0 1
    outer loop
      vertex 24.686021223664284 21.129854038357735 2.4
      vertex 24.80196636915207 21.175732895731926 2.4
      vertex 24.652231834828854 21.497315920889378 2.4
    endloop
  endfacet
  facet normal 0 0 1
    outer loop
      vertex 24.80196636915207 21.175732895731926 2.4
      vertex 24.824728816747665 21.539500407874584 2.4
      vertex 24.652231834828854 21.497315920889378 2.4
    endloop
  endfacet
  facet normal 0 0 1
    outer loop
      vertex 24.80196636915207 21.175732895731926 2.4
      vertex 24.92765387892723 21.208503507077694 2.4
      vertex 24.824728816747665 21.539500407874584 2.4
    endloop
  endfacet
  facet normal 0 0 1
    outer loop
      vertex 24.92765387892723 21.208503507077694 2.4
      vertex 25.010070204734802 21.56481110304594 2.4
      vertex 24.824728816747665 21.539500407874584 2.4
    endloop
  endfacet
  facet normal 0.14367852202578632 -0.9896244147698082 0
    outer loop
      vertex 25.06308375298977 21.22816587984562 2.4
      vertex 24.92765387892723 21.208503507077694 2
      vertex 25.06308375298977 21.22816587984562 2
    endloop
  endfacet
  facet normal 0.04510125139647639 -0.9989824208275498 0
    outer loop
      vertex 25.208255998790264 21.23471999913454 2.4
      vertex 25.06308375298977 21.22816587984562 2
      vertex 25.208255998790264 21.23471999913454 2
    endloop
  endfacet
  facet normal -0.046084170641209406 -0.9989375602190118 0
    outer loop
      vertex 25.352250777184963 21.228077061474323 2.4
      vertex 25.208255998790264 21.23471999913454 2
      vertex 25.352250777184963 21.228077061474323 2
    endloop
  endfacet
  facet normal -0.14669288649055492 -0.989182084882793 0
    outer loop
      vertex 25.486635103821754 21.20814824849367 2.4
      vertex 25.352250777184963 21.228077061474323 2
      vertex 25.486635103821754 21.20814824849367 2
    endloop
  endfacet
  facet normal -0.2572408098157327 -0.9663473318457221 0
    outer loop
      vertex 25.611408978700638 21.174933552742004 2.4
      vertex 25.486635103821754 21.20814824849367 2
      vertex 25.611408978700638 21.174933552742004 2
    endloop
  endfacet
  facet normal -0.9528667775246347 -0.30338903126154443 0
    outer loop
      vertex 26.247333876788616 20.457151345908642 2.4
      vertex 26.20657044649124 20.585178777575493 2
      vertex 26.247333876788616 20.457151345908642 2
    endloop
  endfacet
  facet normal -0.9139356001032641 -0.40585923528224244 0
    outer loop
      vertex 26.20657044649124 20.585178777575493 2.4
      vertex 26.1541603282094 20.703198693692684 2
      vertex 26.20657044649124 20.585178777575493 2
    endloop
  endfacet
  facet normal -0.3744094851972499 -0.9272634670870682 0
    outer loop
      vertex 25.726572409272194 21.128432981669903 2.4
      vertex 25.611408978700638 21.174933552742004 2
      vertex 25.726572409272194 21.128432981669903 2
    endloop
  endfacet
  facet normal -0.4928447081295448 -0.8701172873059724 0
    outer loop
      vertex 25.832125388085842 21.068646527826786 2.4
      vertex 25.726572409272194 21.128432981669903 2
      vertex 25.832125388085842 21.068646527826786 2
    endloop
  endfacet
  facet normal -0.6059028846591189 -0.795538619025977 0
    outer loop
      vertex 25.928067915141582 20.995574206113815 2.4
      vertex 25.832125388085842 21.068646527826786 2
      vertex 25.928067915141582 20.995574206113815 2
    endloop
  endfacet
  facet normal -0.7913926247409677 -0.6113081984609742 0
    outer loop
      vertex 26.09010350704193 20.811211101710796 2.4
      vertex 26.014399997889996 20.90921600162983 2
      vertex 26.09010350704193 20.811211101710796 2
    endloop
  endfacet
  facet normal -0.8601187179584503 -0.510093904117185 0
    outer loop
      vertex 26.1541603282094 20.703198693692684 2.4
      vertex 26.09010350704193 20.811211101710796 2
      vertex 26.1541603282094 20.703198693692684 2
    endloop
  endfacet
  facet normal -0.7072137325354712 -0.706999813658566 0
    outer loop
      vertex 26.014399997889996 20.90921600162983 2.4
      vertex 25.928067915141582 20.995574206113815 2
      vertex 26.014399997889996 20.90921600162983 2
    endloop
  endfacet
  facet normal -0.04253211689963011 0.9990951000940982 0
    outer loop
      vertex 25.208255998790264 21.573247998952866 2.4
      vertex 25.208255998790264 21.573247998952866 2
      vertex 25.010070204734802 21.56481110304594 2
    endloop
  endfacet
  facet normal 0.02894294577987521 0.9995810651916048 0
    outer loop
      vertex 25.339025631546974 21.569461554288864 2.4
      vertex 25.339025631546974 21.569461554288864 2
      vertex 25.208255998790264 21.573247998952866 2
    endloop
  endfacet
  facet normal 0.08998672745768758 0.9959429646729053 0
    outer loop
      vertex 25.464747101068497 21.5581022053957 2.4
      vertex 25.464747101068497 21.5581022053957 2
      vertex 25.339025631546974 21.569461554288864 2
    endloop
  endfacet
  facet normal 0.15499253478722755 0.9879156412165111 0
    outer loop
      vertex 25.58542040735483 21.53916995972395 2.4
      vertex 25.58542040735483 21.53916995972395 2
      vertex 25.464747101068497 21.5581022053957 2
    endloop
  endfacet
  facet normal 0.2234379387137475 0.9747181580043287 0
    outer loop
      vertex 25.70104555040598 21.512664817273617 2.4
      vertex 25.70104555040598 21.512664817273617 2
      vertex 25.58542040735483 21.53916995972395 2
    endloop
  endfacet
  facet normal 0.2945149327885487 0.9556468774419538 0
    outer loop
      vertex 25.81162253022194 21.4785867780447 2.4
      vertex 25.81162253022194 21.4785867780447 2
      vertex 25.70104555040598 21.512664817273617 2
    endloop
  endfacet
  facet normal 0.3671271200529401 0.9301707787936763 0
    outer loop
      vertex 25.91715134680271 21.43693583458662 2.4
      vertex 25.91715134680271 21.43693583458662 2
      vertex 25.81162253022194 21.4785867780447 2
    endloop
  endfacet
  facet normal 0.43993101548489105 0.898031570499853 0
    outer loop
      vertex 26.017632000148296 21.387712001800537 2.4
      vertex 26.017632000148296 21.387712001800537 2
      vertex 25.91715134680271 21.43693583458662 2
    endloop
  endfacet
  facet normal 0.5121140556324182 0.8589174547206013 0
    outer loop
      vertex 26.112297795712948 21.33126922696829 2.4
      vertex 26.112297795712948 21.33126922696829 2
      vertex 26.017632000148296 21.387712001800537 2
    endloop
  endfacet
  facet normal 0.5836989456374363 0.8119701600808649 0
    outer loop
      vertex 26.200363755226135 21.267961472272873 2.4
      vertex 26.200363755226135 21.267961472272873 2
      vertex 26.112297795712948 21.33126922696829 2
    endloop
  endfacet
  facet normal -0.9993219131242479 -0.036820021044168295 0
    outer loop
      vertex 26.299744002521038 20.013024002313614 2.4
      vertex 26.293920651078224 20.171073958277702 2
      vertex 26.299744002521038 20.013024002313614 2
    endloop
  endfacet
  facet normal -0.9931090661039148 -0.11719378320632136 0
    outer loop
      vertex 26.293920651078224 20.171073958277702 2.4
      vertex 26.276450611650944 20.31911640614271 2
      vertex 26.293920651078224 20.171073958277702 2
    endloop
  endfacet
  facet normal -0.978468617332226 -0.20639565134944585 0
    outer loop
      vertex 26.276450611650944 20.31911640614271 2.4
      vertex 26.247333876788616 20.457151345908642 2
      vertex 26.276450611650944 20.31911640614271 2
    endloop
  endfacet
  facet normal 0.9963666557142555 0.08516740797271057 0
    outer loop
      vertex 26.719213716685772 20.148047670722008 2.4
      vertex 26.719213716685772 20.148047670722008 2
      vertex 26.708118855953217 20.277845554053783 2
    endloop
  endfacet
  facet normal 0.9996251081846169 0.027379610787826407 0
    outer loop
      vertex 26.72291199862957 20.013024002313614 2.4
      vertex 26.72291199862957 20.013024002313614 2
      vertex 26.719213716685772 20.148047670722008 2
    endloop
  endfacet
  facet normal 0.9891616345074166 0.14683072164440214 0
    outer loop
      vertex 26.708118855953217 20.277845554053783 2.4
      vertex 26.708118855953217 20.277845554053783 2
      vertex 26.689627431333065 20.4024176299572 2
    endloop
  endfacet
  facet normal 0.9772728829684993 0.21198516979835635 0
    outer loop
      vertex 26.689627431333065 20.4024176299572 2.4
      vertex 26.689627431333065 20.4024176299572 2
      vertex 26.663739427924156 20.521763920783997 2
    endloop
  endfacet
  facet normal 0.9600013021373089 0.27999553549060635 0
    outer loop
      vertex 26.663739427924156 20.521763920783997 2.4
      vertex 26.663739427924156 20.521763920783997 2
      vertex 26.63045486062765 20.635884411633015 2
    endloop
  endfacet
  facet normal 0.8710092315048505 0.49126664718188406 0
    outer loop
      vertex 26.54169599711895 20.848448000848293 2.4
      vertex 26.54169599711895 20.848448000848293 2
      vertex 26.486629225313663 20.946080654859543 2
    endloop
  endfacet
  facet normal 0.7756816950233814 0.6311243205626401 0
    outer loop
      vertex 26.424962610006332 21.036848329007626 2.4
      vertex 26.424962610006332 21.036848329007626 2
      vertex 26.356696166098118 21.12075102329254 2
    endloop
  endfacet
  facet normal 0.6526371488039707 0.7576706091706501 0
    outer loop
      vertex 26.28182987868786 21.19778873771429 2.4
      vertex 26.28182987868786 21.19778873771429 2
      vertex 26.200363755226135 21.267961472272873 2
    endloop
  endfacet
  facet normal 0.7171414168229159 0.696927677938838 0
    outer loop
      vertex 26.356696166098118 21.12075102329254 2.4
      vertex 26.356696166098118 21.12075102329254 2
      vertex 26.28182987868786 21.19778873771429 2
    endloop
  endfacet
  facet normal 0.8271611963504644 0.5619647277650694 0
    outer loop
      vertex 26.486629225313663 20.946080654859543 2.4
      vertex 26.486629225313663 20.946080654859543 2
      vertex 26.424962610006332 21.036848329007626 2
    endloop
  endfacet
  facet normal 0.9367650254656049 0.34995897911673124 0
    outer loop
      vertex 26.63045486062765 20.635884411633015 2.4
      vertex 26.63045486062765 20.635884411633015 2
      vertex 26.58977371454239 20.744779102504253 2
    endloop
  endfacet
  facet normal 0.9071902792888975 0.42072056898104265 0
    outer loop
      vertex 26.58977371454239 20.744779102504253 2.4
      vertex 26.58977371454239 20.744779102504253 2
      vertex 26.54169599711895 20.848448000848293 2
    endloop
  endfacet
  facet normal -1 0 0
    outer loop
      vertex 27.30035199970007 21.52768000215292 2.4
      vertex 27.30035199970007 21.52768000215292 2
      vertex 27.30035199970007 18.470144003629684 2
    endloop
  endfacet
  facet normal 0.04510125139647639 -0.9989824208275498 0
    outer loop
      vertex 25.06308375298977 21.22816587984562 2.4
      vertex 25.06308375298977 21.22816587984562 2
      vertex 25.208255998790264 21.23471999913454 2.4
    endloop
  endfacet
  facet normal -0.046084170641209406 -0.9989375602190118 0
    outer loop
      vertex 25.208255998790264 21.23471999913454 2.4
      vertex 25.208255998790264 21.23471999913454 2
      vertex 25.352250777184963 21.228077061474323 2.4
    endloop
  endfacet
  facet normal -0.14669288649055492 -0.989182084882793 0
    outer loop
      vertex 25.352250777184963 21.228077061474323 2.4
      vertex 25.352250777184963 21.228077061474323 2
      vertex 25.486635103821754 21.20814824849367 2.4
    endloop
  endfacet
  facet normal -0.2572408098157327 -0.9663473318457221 0
    outer loop
      vertex 25.611408978700638 21.174933552742004 2.4
      vertex 25.486635103821754 21.20814824849367 2.4
      vertex 25.486635103821754 21.20814824849367 2
    endloop
  endfacet
  facet normal -0.9528667775246347 -0.30338903126154443 0
    outer loop
      vertex 26.20657044649124 20.585178777575493 2.4
      vertex 26.20657044649124 20.585178777575493 2
      vertex 26.247333876788616 20.457151345908642 2.4
    endloop
  endfacet
  facet normal -0.3744094851972499 -0.9272634670870682 0
    outer loop
      vertex 25.726572409272194 21.128432981669903 2.4
      vertex 25.611408978700638 21.174933552742004 2.4
      vertex 25.611408978700638 21.174933552742004 2
    endloop
  endfacet
  facet normal -0.4928447081295448 -0.8701172873059724 0
    outer loop
      vertex 25.832125388085842 21.068646527826786 2.4
      vertex 25.726572409272194 21.128432981669903 2.4
      vertex 25.726572409272194 21.128432981669903 2
    endloop
  endfacet
  facet normal -0.6059028846591189 -0.795538619025977 0
    outer loop
      vertex 25.832125388085842 21.068646527826786 2.4
      vertex 25.832125388085842 21.068646527826786 2
      vertex 25.928067915141582 20.995574206113815 2.4
    endloop
  endfacet
  facet normal -0.7913926247409677 -0.6113081984609742 0
    outer loop
      vertex 26.09010350704193 20.811211101710796 2.4
      vertex 26.014399997889996 20.90921600162983 2.4
      vertex 26.014399997889996 20.90921600162983 2
    endloop
  endfacet
  facet normal -0.9139356001032641 -0.40585923528224244 0
    outer loop
      vertex 26.20657044649124 20.585178777575493 2.4
      vertex 26.1541603282094 20.703198693692684 2.4
      vertex 26.1541603282094 20.703198693692684 2
    endloop
  endfacet
  facet normal -0.8601187179584503 -0.510093904117185 0
    outer loop
      vertex 26.1541603282094 20.703198693692684 2.4
      vertex 26.09010350704193 20.811211101710796 2.4
      vertex 26.09010350704193 20.811211101710796 2
    endloop
  endfacet
  facet normal -0.7072137325354712 -0.706999813658566 0
    outer loop
      vertex 26.014399997889996 20.90921600162983 2.4
      vertex 25.928067915141582 20.995574206113815 2.4
      vertex 25.928067915141582 20.995574206113815 2
    endloop
  endfacet
  facet normal 0.6526371488039707 0.7576706091706501 0
    outer loop
      vertex 26.200363755226135 21.267961472272873 2.4
      vertex 26.28182987868786 21.19778873771429 2.4
      vertex 26.200363755226135 21.267961472272873 2
    endloop
  endfacet
  facet normal 0 0 1
    outer loop
      vertex 25.832125388085842 21.068646527826786 2.4
      vertex 25.91715134680271 21.43693583458662 2.4
      vertex 25.726572409272194 21.128432981669903 2.4
    endloop
  endfacet
  facet normal 0 0 1
    outer loop
      vertex 26.1541603282094 20.703198693692684 2.4
      vertex 26.486629225313663 20.946080654859543 2.4
      vertex 26.09010350704193 20.811211101710796 2.4
    endloop
  endfacet
  facet normal 0 0 1
    outer loop
      vertex 26.014399997889996 20.90921600162983 2.4
      vertex 26.200363755226135 21.267961472272873 2.4
      vertex 25.928067915141582 20.995574206113815 2.4
    endloop
  endfacet
  facet normal 0 0 1
    outer loop
      vertex 25.832125388085842 21.068646527826786 2.4
      vertex 25.928067915141582 20.995574206113815 2.4
      vertex 26.112297795712948 21.33126922696829 2.4
    endloop
  endfacet
  facet normal 0 0 1
    outer loop
      vertex 25.928067915141582 20.995574206113815 2.4
      vertex 26.200363755226135 21.267961472272873 2.4
      vertex 26.112297795712948 21.33126922696829 2.4
    endloop
  endfacet
  facet normal 0 0 1
    outer loop
      vertex 26.09010350704193 20.811211101710796 2.4
      vertex 26.356696166098118 21.12075102329254 2.4
      vertex 26.014399997889996 20.90921600162983 2.4
    endloop
  endfacet
  facet normal 0 0 1
    outer loop
      vertex 26.014399997889996 20.90921600162983 2.4
      vertex 26.356696166098118 21.12075102329254 2.4
      vertex 26.28182987868786 21.19778873771429 2.4
    endloop
  endfacet
  facet normal 0 0 1
    outer loop
      vertex 26.014399997889996 20.90921600162983 2.4
      vertex 26.28182987868786 21.19778873771429 2.4
      vertex 26.200363755226135 21.267961472272873 2.4
    endloop
  endfacet
  facet normal -0.04253211689963011 0.9990951000940982 0
    outer loop
      vertex 25.010070204734802 21.56481110304594 2.4
      vertex 25.208255998790264 21.573247998952866 2.4
      vertex 25.010070204734802 21.56481110304594 2
    endloop
  endfacet
  facet normal 0.02894294577987521 0.9995810651916048 0
    outer loop
      vertex 25.208255998790264 21.573247998952866 2.4
      vertex 25.339025631546974 21.569461554288864 2.4
      vertex 25.208255998790264 21.573247998952866 2
    endloop
  endfacet
  facet normal 0.15499253478722755 0.9879156412165111 0
    outer loop
      vertex 25.58542040735483 21.53916995972395 2.4
      vertex 25.464747101068497 21.5581022053957 2
      vertex 25.464747101068497 21.5581022053957 2.4
    endloop
  endfacet
  facet normal 0.2234379387137475 0.9747181580043287 0
    outer loop
      vertex 25.58542040735483 21.53916995972395 2.4
      vertex 25.70104555040598 21.512664817273617 2.4
      vertex 25.58542040735483 21.53916995972395 2
    endloop
  endfacet
  facet normal 0.08998672745768758 0.9959429646729053 0
    outer loop
      vertex 25.339025631546974 21.569461554288864 2.4
      vertex 25.464747101068497 21.5581022053957 2.4
      vertex 25.339025631546974 21.569461554288864 2
    endloop
  endfacet
  facet normal 0.2945149327885487 0.9556468774419538 0
    outer loop
      vertex 25.70104555040598 21.512664817273617 2.4
      vertex 25.81162253022194 21.4785867780447 2.4
      vertex 25.70104555040598 21.512664817273617 2
    endloop
  endfacet
  facet normal 0.3671271200529401 0.9301707787936763 0
    outer loop
      vertex 25.91715134680271 21.43693583458662 2.4
      vertex 25.81162253022194 21.4785867780447 2
      vertex 25.81162253022194 21.4785867780447 2.4
    endloop
  endfacet
  facet normal 0.5121140556324182 0.8589174547206013 0
    outer loop
      vertex 26.112297795712948 21.33126922696829 2.4
      vertex 26.017632000148296 21.387712001800537 2
      vertex 26.017632000148296 21.387712001800537 2.4
    endloop
  endfacet
  facet normal 0.43993101548489105 0.898031570499853 0
    outer loop
      vertex 26.017632000148296 21.387712001800537 2.4
      vertex 25.91715134680271 21.43693583458662 2
      vertex 25.91715134680271 21.43693583458662 2.4
    endloop
  endfacet
  facet normal 0.5836989456374363 0.8119701600808649 0
    outer loop
      vertex 26.200363755226135 21.267961472272873 2.4
      vertex 26.112297795712948 21.33126922696829 2
      vertex 26.112297795712948 21.33126922696829 2.4
    endloop
  endfacet
  facet normal 0 0 1
    outer loop
      vertex 24.92765387892723 21.208503507077694 2.4
      vertex 25.06308375298977 21.22816587984562 2.4
      vertex 25.010070204734802 21.56481110304594 2.4
    endloop
  endfacet
  facet normal 0 0 1
    outer loop
      vertex 25.06308375298977 21.22816587984562 2.4
      vertex 25.208255998790264 21.573247998952866 2.4
      vertex 25.010070204734802 21.56481110304594 2.4
    endloop
  endfacet
  facet normal 0 0 1
    outer loop
      vertex 25.06308375298977 21.22816587984562 2.4
      vertex 25.208255998790264 21.23471999913454 2.4
      vertex 25.208255998790264 21.573247998952866 2.4
    endloop
  endfacet
  facet normal 0 0 1
    outer loop
      vertex 25.208255998790264 21.23471999913454 2.4
      vertex 25.352250777184963 21.228077061474323 2.4
      vertex 25.339025631546974 21.569461554288864 2.4
    endloop
  endfacet
  facet normal 0 0 1
    outer loop
      vertex 25.208255998790264 21.23471999913454 2.4
      vertex 25.339025631546974 21.569461554288864 2.4
      vertex 25.208255998790264 21.573247998952866 2.4
    endloop
  endfacet
  facet normal 0 0 1
    outer loop
      vertex 25.352250777184963 21.228077061474323 2.4
      vertex 25.486635103821754 21.20814824849367 2.4
      vertex 25.464747101068497 21.5581022053957 2.4
    endloop
  endfacet
  facet normal 0 0 1
    outer loop
      vertex 25.352250777184963 21.228077061474323 2.4
      vertex 25.464747101068497 21.5581022053957 2.4
      vertex 25.339025631546974 21.569461554288864 2.4
    endloop
  endfacet
  facet normal 0 0 1
    outer loop
      vertex 25.611408978700638 21.174933552742004 2.4
      vertex 25.58542040735483 21.53916995972395 2.4
      vertex 25.486635103821754 21.20814824849367 2.4
    endloop
  endfacet
  facet normal 0 0 1
    outer loop
      vertex 25.486635103821754 21.20814824849367 2.4
      vertex 25.58542040735483 21.53916995972395 2.4
      vertex 25.464747101068497 21.5581022053957 2.4
    endloop
  endfacet
  facet normal 0 0 1
    outer loop
      vertex 25.726572409272194 21.128432981669903 2.4
      vertex 25.81162253022194 21.4785867780447 2.4
      vertex 25.611408978700638 21.174933552742004 2.4
    endloop
  endfacet
  facet normal 0 0 1
    outer loop
      vertex 25.611408978700638 21.174933552742004 2.4
      vertex 25.81162253022194 21.4785867780447 2.4
      vertex 25.70104555040598 21.512664817273617 2.4
    endloop
  endfacet
  facet normal 0 0 1
    outer loop
      vertex 25.611408978700638 21.174933552742004 2.4
      vertex 25.70104555040598 21.512664817273617 2.4
      vertex 25.58542040735483 21.53916995972395 2.4
    endloop
  endfacet
  facet normal 0 0 1
    outer loop
      vertex 25.726572409272194 21.128432981669903 2.4
      vertex 25.91715134680271 21.43693583458662 2.4
      vertex 25.81162253022194 21.4785867780447 2.4
    endloop
  endfacet
  facet normal 0 0 1
    outer loop
      vertex 25.832125388085842 21.068646527826786 2.4
      vertex 26.017632000148296 21.387712001800537 2.4
      vertex 25.91715134680271 21.43693583458662 2.4
    endloop
  endfacet
  facet normal 0 0 1
    outer loop
      vertex 25.832125388085842 21.068646527826786 2.4
      vertex 26.112297795712948 21.33126922696829 2.4
      vertex 26.017632000148296 21.387712001800537 2.4
    endloop
  endfacet
  facet normal -0.9993219131242479 -0.036820021044168295 0
    outer loop
      vertex 26.299744002521038 20.013024002313614 2.4
      vertex 26.293920651078224 20.171073958277702 2.4
      vertex 26.293920651078224 20.171073958277702 2
    endloop
  endfacet
  facet normal -0.9931090661039148 -0.11719378320632136 0
    outer loop
      vertex 26.293920651078224 20.171073958277702 2.4
      vertex 26.276450611650944 20.31911640614271 2.4
      vertex 26.276450611650944 20.31911640614271 2
    endloop
  endfacet
  facet normal -0.978468617332226 -0.20639565134944585 0
    outer loop
      vertex 26.276450611650944 20.31911640614271 2.4
      vertex 26.247333876788616 20.457151345908642 2.4
      vertex 26.247333876788616 20.457151345908642 2
    endloop
  endfacet
  facet normal 0.9963666557142555 0.08516740797271057 0
    outer loop
      vertex 26.719213716685772 20.148047670722008 2.4
      vertex 26.708118855953217 20.277845554053783 2
      vertex 26.708118855953217 20.277845554053783 2.4
    endloop
  endfacet
  facet normal 0.9996251081846169 0.027379610787826407 0
    outer loop
      vertex 26.72291199862957 20.013024002313614 2.4
      vertex 26.719213716685772 20.148047670722008 2
      vertex 26.719213716685772 20.148047670722008 2.4
    endloop
  endfacet
  facet normal 0.9891616345074166 0.14683072164440214 0
    outer loop
      vertex 26.708118855953217 20.277845554053783 2.4
      vertex 26.689627431333065 20.4024176299572 2
      vertex 26.689627431333065 20.4024176299572 2.4
    endloop
  endfacet
  facet normal 0.9772728829684993 0.21198516979835635 0
    outer loop
      vertex 26.689627431333065 20.4024176299572 2.4
      vertex 26.663739427924156 20.521763920783997 2
      vertex 26.663739427924156 20.521763920783997 2.4
    endloop
  endfacet
  facet normal 0.9600013021373089 0.27999553549060635 0
    outer loop
      vertex 26.663739427924156 20.521763920783997 2.4
      vertex 26.63045486062765 20.635884411633015 2
      vertex 26.63045486062765 20.635884411633015 2.4
    endloop
  endfacet
  facet normal 0.9071902792888975 0.42072056898104265 0
    outer loop
      vertex 26.58977371454239 20.744779102504253 2.4
      vertex 26.54169599711895 20.848448000848293 2
      vertex 26.54169599711895 20.848448000848293 2.4
    endloop
  endfacet
  facet normal 0.8710092315048505 0.49126664718188406 0
    outer loop
      vertex 26.54169599711895 20.848448000848293 2.4
      vertex 26.486629225313663 20.946080654859543 2
      vertex 26.486629225313663 20.946080654859543 2.4
    endloop
  endfacet
  facet normal 0.7756816950233814 0.6311243205626401 0
    outer loop
      vertex 26.424962610006332 21.036848329007626 2.4
      vertex 26.356696166098118 21.12075102329254 2
      vertex 26.356696166098118 21.12075102329254 2.4
    endloop
  endfacet
  facet normal 0.7171414168229159 0.696927677938838 0
    outer loop
      vertex 26.356696166098118 21.12075102329254 2.4
      vertex 26.28182987868786 21.19778873771429 2
      vertex 26.28182987868786 21.19778873771429 2.4
    endloop
  endfacet
  facet normal 0.8271611963504644 0.5619647277650694 0
    outer loop
      vertex 26.486629225313663 20.946080654859543 2.4
      vertex 26.424962610006332 21.036848329007626 2
      vertex 26.424962610006332 21.036848329007626 2.4
    endloop
  endfacet
  facet normal 0.9367650254656049 0.34995897911673124 0
    outer loop
      vertex 26.63045486062765 20.635884411633015 2.4
      vertex 26.58977371454239 20.744779102504253 2
      vertex 26.58977371454239 20.744779102504253 2.4
    endloop
  endfacet
  facet normal 0 0 1
    outer loop
      vertex 26.299744002521038 20.013024002313614 2.4
      vertex 26.719213716685772 20.148047670722008 2.4
      vertex 26.293920651078224 20.171073958277702 2.4
    endloop
  endfacet
  facet normal 0 0 1
    outer loop
      vertex 26.293920651078224 20.171073958277702 2.4
      vertex 26.708118855953217 20.277845554053783 2.4
      vertex 26.276450611650944 20.31911640614271 2.4
    endloop
  endfacet
  facet normal 0 0 1
    outer loop
      vertex 26.276450611650944 20.31911640614271 2.4
      vertex 26.663739427924156 20.521763920783997 2.4
      vertex 26.247333876788616 20.457151345908642 2.4
    endloop
  endfacet
  facet normal 0 0 1
    outer loop
      vertex 26.20657044649124 20.585178777575493 2.4
      vertex 26.247333876788616 20.457151345908642 2.4
      vertex 26.63045486062765 20.635884411633015 2.4
    endloop
  endfacet
  facet normal 0 0 1
    outer loop
      vertex 26.708118855953217 20.277845554053783 2.4
      vertex 26.689627431333065 20.4024176299572 2.4
      vertex 26.276450611650944 20.31911640614271 2.4
    endloop
  endfacet
  facet normal 0 0 1
    outer loop
      vertex 26.276450611650944 20.31911640614271 2.4
      vertex 26.689627431333065 20.4024176299572 2.4
      vertex 26.663739427924156 20.521763920783997 2.4
    endloop
  endfacet
  facet normal 0 0 1
    outer loop
      vertex 26.247333876788616 20.457151345908642 2.4
      vertex 26.663739427924156 20.521763920783997 2.4
      vertex 26.63045486062765 20.635884411633015 2.4
    endloop
  endfacet
  facet normal 0 0 1
    outer loop
      vertex 26.299744002521038 20.013024002313614 2.4
      vertex 26.72291199862957 20.013024002313614 2.4
      vertex 26.719213716685772 20.148047670722008 2.4
    endloop
  endfacet
  facet normal 0 0 1
    outer loop
      vertex 26.293920651078224 20.171073958277702 2.4
      vertex 26.719213716685772 20.148047670722008 2.4
      vertex 26.708118855953217 20.277845554053783 2.4
    endloop
  endfacet
  facet normal 0 0 1
    outer loop
      vertex 26.20657044649124 20.585178777575493 2.4
      vertex 26.54169599711895 20.848448000848293 2.4
      vertex 26.1541603282094 20.703198693692684 2.4
    endloop
  endfacet
  facet normal 0 0 1
    outer loop
      vertex 26.1541603282094 20.703198693692684 2.4
      vertex 26.54169599711895 20.848448000848293 2.4
      vertex 26.486629225313663 20.946080654859543 2.4
    endloop
  endfacet
  facet normal 0 0 1
    outer loop
      vertex 26.09010350704193 20.811211101710796 2.4
      vertex 26.486629225313663 20.946080654859543 2.4
      vertex 26.424962610006332 21.036848329007626 2.4
    endloop
  endfacet
  facet normal 0 0 1
    outer loop
      vertex 26.20657044649124 20.585178777575493 2.4
      vertex 26.63045486062765 20.635884411633015 2.4
      vertex 26.58977371454239 20.744779102504253 2.4
    endloop
  endfacet
  facet normal 0 0 1
    outer loop
      vertex 26.20657044649124 20.585178777575493 2.4
      vertex 26.58977371454239 20.744779102504253 2.4
      vertex 26.54169599711895 20.848448000848293 2.4
    endloop
  endfacet
  facet normal 0 0 1
    outer loop
      vertex 26.09010350704193 20.811211101710796 2.4
      vertex 26.424962610006332 21.036848329007626 2.4
      vertex 26.356696166098118 21.12075102329254 2.4
    endloop
  endfacet
  facet normal 0 1 0
    outer loop
      vertex 27.714815996587276 20.06726399809122 2.4
      vertex 28.715167999267578 20.06726399809122 2
      vertex 27.714815996587276 20.06726399809122 2
    endloop
  endfacet
  facet normal 1 0 0
    outer loop
      vertex 27.714815996587276 21.195679999887943 2.4
      vertex 27.714815996587276 20.06726399809122 2
      vertex 27.714815996587276 21.195679999887943 2
    endloop
  endfacet
  facet normal -0.03444613898072327 0.9994065556665719 0
    outer loop
      vertex 28.715167999267578 20.06726399809122 2.4
      vertex 28.805756732821465 20.07038628309965 2
      vertex 28.715167999267578 20.06726399809122 2
    endloop
  endfacet
  facet normal 0 -1 0
    outer loop
      vertex 28.697824001312256 21.195679999887943 2.4
      vertex 27.714815996587276 21.195679999887943 2
      vertex 28.697824001312256 21.195679999887943 2
    endloop
  endfacet
  facet normal 0 1 0
    outer loop
      vertex 28.73904000222683 21.52768000215292 2.4
      vertex 28.73904000222683 21.52768000215292 2
      vertex 27.30035199970007 21.52768000215292 2
    endloop
  endfacet
  facet normal -0.11014921717399477 0.9939150617411712 0
    outer loop
      vertex 28.805756732821465 20.07038628309965 2.4
      vertex 28.890277221798897 20.079753145575523 2
      vertex 28.805756732821465 20.07038628309965 2
    endloop
  endfacet
  facet normal -0.19516612391127255 0.9807701994236213 0
    outer loop
      vertex 28.890277221798897 20.079753145575523 2.4
      vertex 28.968729466199875 20.095364570617676 2
      vertex 28.890277221798897 20.079753145575523 2
    endloop
  endfacet
  facet normal -0.28905585023261776 0.9573122350864939 0
    outer loop
      vertex 28.968729466199875 20.095364570617676 2.4
      vertex 29.0411134660244 20.11722057312727 2
      vertex 28.968729466199875 20.095364570617676 2
    endloop
  endfacet
  facet normal -0.39015699405627874 0.9207483478068091 0
    outer loop
      vertex 29.0411134660244 20.11722057312727 2.4
      vertex 29.10742922127247 20.145321145653725 2
      vertex 29.0411134660244 20.11722057312727 2
    endloop
  endfacet
  facet normal -0.49524724678965104 0.8687520731182576 0
    outer loop
      vertex 29.10742922127247 20.145321145653725 2.4
      vertex 29.167676731944084 20.17966628819704 2
      vertex 29.10742922127247 20.145321145653725 2
    endloop
  endfacet
  facet normal -0.5995769789245089 0.8003170911231117 0
    outer loop
      vertex 29.167676731944084 20.17966628819704 2.4
      vertex 29.221855998039246 20.220256000757217 2
      vertex 29.167676731944084 20.17966628819704 2
    endloop
  endfacet
  facet normal -0.697333766193344 0.7167465511089722 0
    outer loop
      vertex 29.221855998039246 20.220256000757217 2.4
      vertex 29.269356407225132 20.26646988093853 2
      vertex 29.221855998039246 20.220256000757217 2
    endloop
  endfacet
  facet normal -0.7866895552719905 0.6173488022390242 0
    outer loop
      vertex 29.269356407225132 20.26646988093853 2.4
      vertex 29.309549063444138 20.317687511444092 2
      vertex 29.269356407225132 20.26646988093853 2
    endloop
  endfacet
  facet normal -0.8631830025469298 0.5048911804676993 0
    outer loop
      vertex 29.309549063444138 20.317687511444092 2.4
      vertex 29.34243395924568 20.373908899724483 2
      vertex 29.309549063444138 20.317687511444092 2
    endloop
  endfacet
  facet normal -0.9227198082900335 0.3854713418520289 0
    outer loop
      vertex 29.34243395924568 20.373908899724483 2.4
      vertex 29.368011102080345 20.435134038329124 2
      vertex 29.34243395924568 20.373908899724483 2
    endloop
  endfacet
  facet normal -0.9639950531292987 0.26592017137148616 0
    outer loop
      vertex 29.368011102080345 20.435134038329124 2.4
      vertex 29.386280491948128 20.501362942159176 2
      vertex 29.368011102080345 20.435134038329124 2
    endloop
  endfacet
  facet normal -0.030348397196942396 -0.9995393813089991 0
    outer loop
      vertex 28.791904002428055 21.192823506891727 2.4
      vertex 28.697824001312256 21.195679999887943 2
      vertex 28.791904002428055 21.192823506891727 2
    endloop
  endfacet
  facet normal -0.09739291634492662 -0.9952460097110815 0
    outer loop
      vertex 28.87947428226471 21.18425404280424 2.4
      vertex 28.791904002428055 21.192823506891727 2
      vertex 28.87947428226471 21.18425404280424 2
    endloop
  endfacet
  facet normal -0.17352190891591782 -0.9848300092534629 0
    outer loop
      vertex 28.96053485572338 21.169971592724323 2.4
      vertex 28.87947428226471 21.18425404280424 2
      vertex 28.96053485572338 21.169971592724323 2
    endloop
  endfacet
  facet normal -0.25905579041199045 -0.9658623594767625 0
    outer loop
      vertex 29.03508571535349 21.149976164102554 2.4
      vertex 28.96053485572338 21.169971592724323 2
      vertex 29.03508571535349 21.149976164102554 2
    endloop
  endfacet
  facet normal -0.8465985261081518 -0.5322320317225421 0
    outer loop
      vertex 29.341723427176476 20.912423186004162 2.4
      vertex 29.30843885987997 20.965367510914803 2
      vertex 29.341723427176476 20.912423186004162 2
    endloop
  endfacet
  facet normal -0.9134942620986988 -0.4068516106798075 0
    outer loop
      vertex 29.367611430585384 20.8542974665761 2.4
      vertex 29.341723427176476 20.912423186004162 2
      vertex 29.367611430585384 20.8542974665761 2
    endloop
  endfacet
  facet normal -0.5594181011036712 -0.8288856303239686 0
    outer loop
      vertex 29.21967999637127 21.05571199953556 2.4
      vertex 29.164658285677433 21.092846363782883 2
      vertex 29.21967999637127 21.05571199953556 2
    endloop
  endfacet
  facet normal -0.353448418178053 -0.9354540158059252 0
    outer loop
      vertex 29.103126853704453 21.124267756938934 2.4
      vertex 29.03508571535349 21.149976164102554 2
      vertex 29.103126853704453 21.124267756938934 2
    endloop
  endfacet
  facet normal -0.45478964102884256 -0.8905988897437815 0
    outer loop
      vertex 29.164658285677433 21.092846363782883 2.4
      vertex 29.103126853704453 21.124267756938934 2
      vertex 29.164658285677433 21.092846363782883 2
    endloop
  endfacet
  facet normal -0.7612888711398265 -0.6484128736219297 0
    outer loop
      vertex 29.30843885987997 20.965367510914803 2.4
      vertex 29.26775771379471 21.013130448758602 2
      vertex 29.30843885987997 20.965367510914803 2
    endloop
  endfacet
  facet normal -0.6630215428699737 -0.7486003163840632 0
    outer loop
      vertex 29.26775771379471 21.013130448758602 2.4
      vertex 29.21967999637127 21.05571199953556 2
      vertex 29.26775771379471 21.013130448758602 2
    endloop
  endfacet
  facet normal 0.7243738629106681 -0.6894073590642015 0
    outer loop
      vertex 29.559167347848415 20.017445877194405 2.4
      vertex 29.559167347848415 20.017445877194405 2
      vertex 29.61897599697113 20.080288000404835 2
    endloop
  endfacet
  facet normal 0.7929313278688358 -0.6093110119505185 0
    outer loop
      vertex 29.61897599697113 20.080288000404835 2.4
      vertex 29.61897599697113 20.080288000404835 2
      vertex 29.67165518552065 20.148842446506023 2
    endloop
  endfacet
  facet normal 0.8534147134761478 -0.5212325074498182 0
    outer loop
      vertex 29.67165518552065 20.148842446506023 2.4
      vertex 29.67165518552065 20.148842446506023 2
      vertex 29.716229878365993 20.221824653446674 2
    endloop
  endfacet
  facet normal -0.9883659400335076 0.15209460405182285 0
    outer loop
      vertex 29.386280491948128 20.501362942159176 2.4
      vertex 29.39724212139845 20.572595588862896 2
      vertex 29.386280491948128 20.501362942159176 2
    endloop
  endfacet
  facet normal -0.9988534172569968 0.047873278914440175 0
    outer loop
      vertex 29.39724212139845 20.572595588862896 2.4
      vertex 29.40089599788189 20.648832000792027 2
      vertex 29.39724212139845 20.572595588862896 2
    endloop
  endfacet
  facet normal 0.9046295689906025 -0.42619871293549966 0
    outer loop
      vertex 29.716229878365993 20.221824653446674 2.4
      vertex 29.716229878365993 20.221824653446674 2
      vertex 29.752700082957745 20.299234613776207 2
    endloop
  endfacet
  facet normal 0.9448529586156352 -0.3274948649907058 0
    outer loop
      vertex 29.752700082957745 20.299234613776207 2.4
      vertex 29.752700082957745 20.299234613776207 2
      vertex 29.781065799295902 20.38107232749462 2
    endloop
  endfacet
  facet normal 0.9735090156487469 -0.22864863098345464 0
    outer loop
      vertex 29.781065799295902 20.38107232749462 2.4
      vertex 29.781065799295902 20.38107232749462 2
      vertex 29.801327019929886 20.467337794601917 2
    endloop
  endfacet
  facet normal 0.9911356007634426 -0.13285413391870657 0
    outer loop
      vertex 29.801327019929886 20.467337794601917 2.4
      vertex 29.801327019929886 20.467337794601917 2
      vertex 29.813483752310276 20.558031022548676 2
    endloop
  endfacet
  facet normal 0.9990938126598786 -0.04256234844023025 0
    outer loop
      vertex 29.813483752310276 20.558031022548676 2.4
      vertex 29.813483752310276 20.558031022548676 2
      vertex 29.817535996437073 20.653151996433735 2
    endloop
  endfacet
  facet normal -0.998742319616603 -0.05013760072886679 0
    outer loop
      vertex 29.40089599788189 20.648832000792027 2.4
      vertex 29.39719771593809 20.72250187397003 2
      vertex 29.40089599788189 20.648832000792027 2
    endloop
  endfacet
  facet normal -0.9871313846410984 -0.1599113174748672 0
    outer loop
      vertex 29.39719771593809 20.72250187397003 2.4
      vertex 29.386102855205536 20.790990367531776 2
      vertex 29.39719771593809 20.72250187397003 2
    endloop
  endfacet
  facet normal -0.9598904784707486 -0.2803752295428347 0
    outer loop
      vertex 29.386102855205536 20.790990367531776 2.4
      vertex 29.367611430585384 20.8542974665761 2
      vertex 29.386102855205536 20.790990367531776 2
    endloop
  endfacet
  facet normal 0.7740306181472639 0.6331481676278978 0
    outer loop
      vertex 29.67415640503168 21.149723425507545 2.4
      vertex 29.67415640503168 21.149723425507545 2
      vertex 29.61106938868761 21.226847998797894 2
    endloop
  endfacet
  facet normal 0.998739291815082 0.05019787828891046 0
    outer loop
      vertex 29.817535996437073 20.653151996433735 2.4
      vertex 29.817535996437073 20.653151996433735 2
      vertex 29.811800815165043 20.767259426414967 2
    endloop
  endfacet
  facet normal 0.987249667383424 0.15917944041652726 0
    outer loop
      vertex 29.811800815165043 20.767259426414967 2.4
      vertex 29.811800815165043 20.767259426414967 2
      vertex 29.794595263898373 20.87397028505802 2
    endloop
  endfacet
  facet normal 0.9607525559311085 0.27740678843864336 0
    outer loop
      vertex 29.794595263898373 20.87397028505802 2.4
      vertex 29.794595263898373 20.87397028505802 2
      vertex 29.765919350087643 20.9732845723629 2
    endloop
  endfacet
  facet normal 0.9164050479238312 0.4002521556965318 0
    outer loop
      vertex 29.765919350087643 20.9732845723629 2.4
      vertex 29.765919350087643 20.9732845723629 2
      vertex 29.72577305883169 21.0652022883296 2
    endloop
  endfacet
  facet normal 0.8534397249653425 0.5211915538946122 0
    outer loop
      vertex 29.72577305883169 21.0652022883296 2.4
      vertex 29.72577305883169 21.0652022883296 2
      vertex 29.67415640503168 21.149723425507545 2
    endloop
  endfacet
  facet normal 0.033019366810710625 0.9994547120382292 0
    outer loop
      vertex 28.881799839437008 21.52296359091997 2.4
      vertex 28.881799839437008 21.52296359091997 2
      vertex 28.73904000222683 21.52768000215292 2
    endloop
  endfacet
  facet normal 0.10567186051426056 0.9944010548543553 0
    outer loop
      vertex 29.014947921037674 21.508814364671707 2.4
      vertex 29.014947921037674 21.508814364671707 2
      vertex 28.881799839437008 21.52296359091997 2
    endloop
  endfacet
  facet normal 0.18750580510046344 0.9822634947169863 0
    outer loop
      vertex 29.138484247028828 21.485232323408127 2.4
      vertex 29.138484247028828 21.485232323408127 2
      vertex 29.014947921037674 21.508814364671707 2
    endloop
  endfacet
  facet normal 0.27834348534480124 0.9604816001184554 0
    outer loop
      vertex 29.25240881741047 21.45221746712923 2.4
      vertex 29.25240881741047 21.45221746712923 2
      vertex 29.138484247028828 21.485232323408127 2
    endloop
  endfacet
  facet normal 0.37691499807548706 0.9262478524810492 0
    outer loop
      vertex 29.356721632182598 21.409769795835018 2.4
      vertex 29.356721632182598 21.409769795835018 2
      vertex 29.25240881741047 21.45221746712923 2
    endloop
  endfacet
  facet normal 0.48045982899788636 0.8770167345719931 0
    outer loop
      vertex 29.451422691345215 21.35788930952549 2.4
      vertex 29.451422691345215 21.35788930952549 2
      vertex 29.356721632182598 21.409769795835018 2
    endloop
  endfacet
  facet normal 0.5846124112401887 0.8113127193776345 0
    outer loop
      vertex 29.5365120023489 21.296576000750065 2.4
      vertex 29.5365120023489 21.296576000750065 2
      vertex 29.451422691345215 21.35788930952549 2
    endloop
  endfacet
  facet normal 0.6830566590927462 0.7303653883290583 0
    outer loop
      vertex 29.61106938868761 21.226847998797894 2.4
      vertex 29.61106938868761 21.226847998797894 2
      vertex 29.5365120023489 21.296576000750065 2
    endloop
  endfacet
  facet normal 1 0 0
    outer loop
      vertex 27.714815996587276 20.06726399809122 2.4
      vertex 27.714815996587276 20.06726399809122 2
      vertex 27.714815996587276 21.195679999887943 2.4
    endloop
  endfacet
  facet normal 0 -1 0
    outer loop
      vertex 27.714815996587276 21.195679999887943 2.4
      vertex 27.714815996587276 21.195679999887943 2
      vertex 28.697824001312256 21.195679999887943 2.4
    endloop
  endfacet
  facet normal 0 1 0
    outer loop
      vertex 27.714815996587276 20.06726399809122 2.4
      vertex 28.715167999267578 20.06726399809122 2.4
      vertex 28.715167999267578 20.06726399809122 2
    endloop
  endfacet
  facet normal -0.030348397196942396 -0.9995393813089991 0
    outer loop
      vertex 28.697824001312256 21.195679999887943 2.4
      vertex 28.697824001312256 21.195679999887943 2
      vertex 28.791904002428055 21.192823506891727 2.4
    endloop
  endfacet
  facet normal 0 0 1
    outer loop
      vertex 27.714815996587276 19.739583998918533 2.4
      vertex 27.714815996587276 20.06726399809122 2.4
      vertex 27.30035199970007 21.52768000215292 2.4
    endloop
  endfacet
  facet normal 0 0 1
    outer loop
      vertex 27.714815996587276 20.06726399809122 2.4
      vertex 27.714815996587276 21.195679999887943 2.4
      vertex 27.30035199970007 21.52768000215292 2.4
    endloop
  endfacet
  facet normal 0 1 0
    outer loop
      vertex 27.30035199970007 21.52768000215292 2.4
      vertex 28.73904000222683 21.52768000215292 2.4
      vertex 27.30035199970007 21.52768000215292 2
    endloop
  endfacet
  facet normal 0 0 1
    outer loop
      vertex 27.30035199970007 21.52768000215292 2.4
      vertex 27.714815996587276 21.195679999887943 2.4
      vertex 28.73904000222683 21.52768000215292 2.4
    endloop
  endfacet
  facet normal 0 0 1
    outer loop
      vertex 27.714815996587276 21.195679999887943 2.4
      vertex 28.697824001312256 21.195679999887943 2.4
      vertex 28.73904000222683 21.52768000215292 2.4
    endloop
  endfacet
  facet normal 0 0 1
    outer loop
      vertex 28.697824001312256 21.195679999887943 2.4
      vertex 28.791904002428055 21.192823506891727 2.4
      vertex 28.73904000222683 21.52768000215292 2.4
    endloop
  endfacet
  facet normal -0.03444613898072327 0.9994065556665719 0
    outer loop
      vertex 28.715167999267578 20.06726399809122 2.4
      vertex 28.805756732821465 20.07038628309965 2.4
      vertex 28.805756732821465 20.07038628309965 2
    endloop
  endfacet
  facet normal -0.11014921717399477 0.9939150617411712 0
    outer loop
      vertex 28.805756732821465 20.07038628309965 2.4
      vertex 28.890277221798897 20.079753145575523 2.4
      vertex 28.890277221798897 20.079753145575523 2
    endloop
  endfacet
  facet normal -0.19516612391127255 0.9807701994236213 0
    outer loop
      vertex 28.890277221798897 20.079753145575523 2.4
      vertex 28.968729466199875 20.095364570617676 2.4
      vertex 28.968729466199875 20.095364570617676 2
    endloop
  endfacet
  facet normal -0.28905585023261776 0.9573122350864939 0
    outer loop
      vertex 28.968729466199875 20.095364570617676 2.4
      vertex 29.0411134660244 20.11722057312727 2.4
      vertex 29.0411134660244 20.11722057312727 2
    endloop
  endfacet
  facet normal -0.39015699405627874 0.9207483478068091 0
    outer loop
      vertex 29.0411134660244 20.11722057312727 2.4
      vertex 29.10742922127247 20.145321145653725 2.4
      vertex 29.10742922127247 20.145321145653725 2
    endloop
  endfacet
  facet normal -0.49524724678965104 0.8687520731182576 0
    outer loop
      vertex 29.10742922127247 20.145321145653725 2.4
      vertex 29.167676731944084 20.17966628819704 2.4
      vertex 29.167676731944084 20.17966628819704 2
    endloop
  endfacet
  facet normal -0.5995769789245089 0.8003170911231117 0
    outer loop
      vertex 29.167676731944084 20.17966628819704 2.4
      vertex 29.221855998039246 20.220256000757217 2.4
      vertex 29.221855998039246 20.220256000757217 2
    endloop
  endfacet
  facet normal -0.697333766193344 0.7167465511089722 0
    outer loop
      vertex 29.221855998039246 20.220256000757217 2.4
      vertex 29.269356407225132 20.26646988093853 2.4
      vertex 29.269356407225132 20.26646988093853 2
    endloop
  endfacet
  facet normal -0.7866895552719905 0.6173488022390242 0
    outer loop
      vertex 29.269356407225132 20.26646988093853 2.4
      vertex 29.309549063444138 20.317687511444092 2.4
      vertex 29.309549063444138 20.317687511444092 2
    endloop
  endfacet
  facet normal -0.8631830025469298 0.5048911804676993 0
    outer loop
      vertex 29.309549063444138 20.317687511444092 2.4
      vertex 29.34243395924568 20.373908899724483 2.4
      vertex 29.34243395924568 20.373908899724483 2
    endloop
  endfacet
  facet normal -0.9227198082900335 0.3854713418520289 0
    outer loop
      vertex 29.34243395924568 20.373908899724483 2.4
      vertex 29.368011102080345 20.435134038329124 2.4
      vertex 29.368011102080345 20.435134038329124 2
    endloop
  endfacet
  facet normal -0.09739291634492662 -0.9952460097110815 0
    outer loop
      vertex 28.791904002428055 21.192823506891727 2.4
      vertex 28.791904002428055 21.192823506891727 2
      vertex 28.87947428226471 21.18425404280424 2.4
    endloop
  endfacet
  facet normal -0.17352190891591782 -0.9848300092534629 0
    outer loop
      vertex 28.96053485572338 21.169971592724323 2.4
      vertex 28.87947428226471 21.18425404280424 2.4
      vertex 28.87947428226471 21.18425404280424 2
    endloop
  endfacet
  facet normal -0.25905579041199045 -0.9658623594767625 0
    outer loop
      vertex 28.96053485572338 21.169971592724323 2.4
      vertex 28.96053485572338 21.169971592724323 2
      vertex 29.03508571535349 21.149976164102554 2.4
    endloop
  endfacet
  facet normal -0.353448418178053 -0.9354540158059252 0
    outer loop
      vertex 29.103126853704453 21.124267756938934 2.4
      vertex 29.03508571535349 21.149976164102554 2.4
      vertex 29.03508571535349 21.149976164102554 2
    endloop
  endfacet
  facet normal -0.9598904784707486 -0.2803752295428347 0
    outer loop
      vertex 29.386102855205536 20.790990367531776 2.4
      vertex 29.367611430585384 20.8542974665761 2.4
      vertex 29.367611430585384 20.8542974665761 2
    endloop
  endfacet
  facet normal -0.9134942620986988 -0.4068516106798075 0
    outer loop
      vertex 29.367611430585384 20.8542974665761 2.4
      vertex 29.341723427176476 20.912423186004162 2.4
      vertex 29.341723427176476 20.912423186004162 2
    endloop
  endfacet
  facet normal -0.5594181011036712 -0.8288856303239686 0
    outer loop
      vertex 29.21967999637127 21.05571199953556 2.4
      vertex 29.164658285677433 21.092846363782883 2.4
      vertex 29.164658285677433 21.092846363782883 2
    endloop
  endfacet
  facet normal -0.45478964102884256 -0.8905988897437815 0
    outer loop
      vertex 29.103126853704453 21.124267756938934 2.4
      vertex 29.103126853704453 21.124267756938934 2
      vertex 29.164658285677433 21.092846363782883 2.4
    endloop
  endfacet
  facet normal -0.7612888711398265 -0.6484128736219297 0
    outer loop
      vertex 29.30843885987997 20.965367510914803 2.4
      vertex 29.26775771379471 21.013130448758602 2.4
      vertex 29.26775771379471 21.013130448758602 2
    endloop
  endfacet
  facet normal -0.6630215428699737 -0.7486003163840632 0
    outer loop
      vertex 29.26775771379471 21.013130448758602 2.4
      vertex 29.21967999637127 21.05571199953556 2.4
      vertex 29.21967999637127 21.05571199953556 2
    endloop
  endfacet
  facet normal -0.8465985261081518 -0.5322320317225421 0
    outer loop
      vertex 29.30843885987997 20.965367510914803 2.4
      vertex 29.30843885987997 20.965367510914803 2
      vertex 29.341723427176476 20.912423186004162 2.4
    endloop
  endfacet
  facet normal 0.7243738629106681 -0.6894073590642015 0
    outer loop
      vertex 29.559167347848415 20.017445877194405 2.4
      vertex 29.61897599697113 20.080288000404835 2
      vertex 29.61897599697113 20.080288000404835 2.4
    endloop
  endfacet
  facet normal 0.7929313278688358 -0.6093110119505185 0
    outer loop
      vertex 29.61897599697113 20.080288000404835 2.4
      vertex 29.67165518552065 20.148842446506023 2
      vertex 29.67165518552065 20.148842446506023 2.4
    endloop
  endfacet
  facet normal -0.9639950531292987 0.26592017137148616 0
    outer loop
      vertex 29.368011102080345 20.435134038329124 2.4
      vertex 29.386280491948128 20.501362942159176 2.4
      vertex 29.386280491948128 20.501362942159176 2
    endloop
  endfacet
  facet normal -0.9883659400335076 0.15209460405182285 0
    outer loop
      vertex 29.386280491948128 20.501362942159176 2.4
      vertex 29.39724212139845 20.572595588862896 2.4
      vertex 29.39724212139845 20.572595588862896 2
    endloop
  endfacet
  facet normal -0.9988534172569968 0.047873278914440175 0
    outer loop
      vertex 29.39724212139845 20.572595588862896 2.4
      vertex 29.40089599788189 20.648832000792027 2.4
      vertex 29.40089599788189 20.648832000792027 2
    endloop
  endfacet
  facet normal 0.8534147134761478 -0.5212325074498182 0
    outer loop
      vertex 29.67165518552065 20.148842446506023 2.4
      vertex 29.716229878365993 20.221824653446674 2
      vertex 29.716229878365993 20.221824653446674 2.4
    endloop
  endfacet
  facet normal 0.9046295689906025 -0.42619871293549966 0
    outer loop
      vertex 29.716229878365993 20.221824653446674 2.4
      vertex 29.752700082957745 20.299234613776207 2
      vertex 29.752700082957745 20.299234613776207 2.4
    endloop
  endfacet
  facet normal 0.9448529586156352 -0.3274948649907058 0
    outer loop
      vertex 29.752700082957745 20.299234613776207 2.4
      vertex 29.781065799295902 20.38107232749462 2
      vertex 29.781065799295902 20.38107232749462 2.4
    endloop
  endfacet
  facet normal 0.9735090156487469 -0.22864863098345464 0
    outer loop
      vertex 29.781065799295902 20.38107232749462 2.4
      vertex 29.801327019929886 20.467337794601917 2
      vertex 29.801327019929886 20.467337794601917 2.4
    endloop
  endfacet
  facet normal 0.9911356007634426 -0.13285413391870657 0
    outer loop
      vertex 29.801327019929886 20.467337794601917 2.4
      vertex 29.813483752310276 20.558031022548676 2
      vertex 29.813483752310276 20.558031022548676 2.4
    endloop
  endfacet
  facet normal 0.9990938126598786 -0.04256234844023025 0
    outer loop
      vertex 29.813483752310276 20.558031022548676 2.4
      vertex 29.817535996437073 20.653151996433735 2
      vertex 29.817535996437073 20.653151996433735 2.4
    endloop
  endfacet
  facet normal -0.998742319616603 -0.05013760072886679 0
    outer loop
      vertex 29.40089599788189 20.648832000792027 2.4
      vertex 29.39719771593809 20.72250187397003 2.4
      vertex 29.39719771593809 20.72250187397003 2
    endloop
  endfacet
  facet normal -0.9871313846410984 -0.1599113174748672 0
    outer loop
      vertex 29.39719771593809 20.72250187397003 2.4
      vertex 29.386102855205536 20.790990367531776 2.4
      vertex 29.386102855205536 20.790990367531776 2
    endloop
  endfacet
  facet normal 0.7740306181472639 0.6331481676278978 0
    outer loop
      vertex 29.67415640503168 21.149723425507545 2.4
      vertex 29.61106938868761 21.226847998797894 2
      vertex 29.61106938868761 21.226847998797894 2.4
    endloop
  endfacet
  facet normal 0.998739291815082 0.05019787828891046 0
    outer loop
      vertex 29.817535996437073 20.653151996433735 2.4
      vertex 29.811800815165043 20.767259426414967 2
      vertex 29.811800815165043 20.767259426414967 2.4
    endloop
  endfacet
  facet normal 0.987249667383424 0.15917944041652726 0
    outer loop
      vertex 29.811800815165043 20.767259426414967 2.4
      vertex 29.794595263898373 20.87397028505802 2
      vertex 29.794595263898373 20.87397028505802 2.4
    endloop
  endfacet
  facet normal 0.9164050479238312 0.4002521556965318 0
    outer loop
      vertex 29.765919350087643 20.9732845723629 2.4
      vertex 29.72577305883169 21.0652022883296 2
      vertex 29.72577305883169 21.0652022883296 2.4
    endloop
  endfacet
  facet normal 0.9607525559311085 0.27740678843864336 0
    outer loop
      vertex 29.794595263898373 20.87397028505802 2.4
      vertex 29.765919350087643 20.9732845723629 2
      vertex 29.765919350087643 20.9732845723629 2.4
    endloop
  endfacet
  facet normal 0.8534397249653425 0.5211915538946122 0
    outer loop
      vertex 29.72577305883169 21.0652022883296 2.4
      vertex 29.67415640503168 21.149723425507545 2
      vertex 29.67415640503168 21.149723425507545 2.4
    endloop
  endfacet
  facet normal 0 0 1
    outer loop
      vertex 29.16780734807253 19.80818873643875 2.4
      vertex 29.10742922127247 20.145321145653725 2.4
      vertex 29.0411134660244 20.11722057312727 2.4
    endloop
  endfacet
  facet normal 0 0 1
    outer loop
      vertex 29.258388243615627 19.836046367883682 2.4
      vertex 29.167676731944084 20.17966628819704 2.4
      vertex 29.10742922127247 20.145321145653725 2.4
    endloop
  endfacet
  facet normal 0 0 1
    outer loop
      vertex 29.421086691319942 19.91275232285261 2.4
      vertex 29.221855998039246 20.220256000757217 2.4
      vertex 29.167676731944084 20.17966628819704 2.4
    endloop
  endfacet
  facet normal 0 0 1
    outer loop
      vertex 29.49320424348116 19.96160065382719 2.4
      vertex 29.269356407225132 20.26646988093853 2.4
      vertex 29.221855998039246 20.220256000757217 2.4
    endloop
  endfacet
  facet normal 0 0 1
    outer loop
      vertex 29.103126853704453 21.124267756938934 2.4
      vertex 29.164658285677433 21.092846363782883 2.4
      vertex 29.25240881741047 21.45221746712923 2.4
    endloop
  endfacet
  facet normal 0 0 1
    outer loop
      vertex 29.21967999637127 21.05571199953556 2.4
      vertex 29.356721632182598 21.409769795835018 2.4
      vertex 29.164658285677433 21.092846363782883 2.4
    endloop
  endfacet
  facet normal 0 0 1
    outer loop
      vertex 29.26775771379471 21.013130448758602 2.4
      vertex 29.5365120023489 21.296576000750065 2.4
      vertex 29.21967999637127 21.05571199953556 2.4
    endloop
  endfacet
  facet normal 0 0 1
    outer loop
      vertex 29.421086691319942 19.91275232285261 2.4
      vertex 29.49320424348116 19.96160065382719 2.4
      vertex 29.221855998039246 20.220256000757217 2.4
    endloop
  endfacet
  facet normal 0 0 1
    outer loop
      vertex 29.49320424348116 19.96160065382719 2.4
      vertex 29.559167347848415 20.017445877194405 2.4
      vertex 29.269356407225132 20.26646988093853 2.4
    endloop
  endfacet
  facet normal 0 0 1
    outer loop
      vertex 29.559167347848415 20.017445877194405 2.4
      vertex 29.61897599697113 20.080288000404835 2.4
      vertex 29.309549063444138 20.317687511444092 2.4
    endloop
  endfacet
  facet normal 0 0 1
    outer loop
      vertex 29.559167347848415 20.017445877194405 2.4
      vertex 29.309549063444138 20.317687511444092 2.4
      vertex 29.269356407225132 20.26646988093853 2.4
    endloop
  endfacet
  facet normal 0 0 1
    outer loop
      vertex 29.67165518552065 20.148842446506023 2.4
      vertex 29.34243395924568 20.373908899724483 2.4
      vertex 29.309549063444138 20.317687511444092 2.4
    endloop
  endfacet
  facet normal 0 0 1
    outer loop
      vertex 29.61897599697113 20.080288000404835 2.4
      vertex 29.67165518552065 20.148842446506023 2.4
      vertex 29.309549063444138 20.317687511444092 2.4
    endloop
  endfacet
  facet normal 0 0 1
    outer loop
      vertex 29.67165518552065 20.148842446506023 2.4
      vertex 29.716229878365993 20.221824653446674 2.4
      vertex 29.34243395924568 20.373908899724483 2.4
    endloop
  endfacet
  facet normal 0 0 1
    outer loop
      vertex 29.716229878365993 20.221824653446674 2.4
      vertex 29.368011102080345 20.435134038329124 2.4
      vertex 29.34243395924568 20.373908899724483 2.4
    endloop
  endfacet
  facet normal 0 0 1
    outer loop
      vertex 29.781065799295902 20.38107232749462 2.4
      vertex 29.386280491948128 20.501362942159176 2.4
      vertex 29.368011102080345 20.435134038329124 2.4
    endloop
  endfacet
  facet normal 0 0 1
    outer loop
      vertex 29.801327019929886 20.467337794601917 2.4
      vertex 29.39724212139845 20.572595588862896 2.4
      vertex 29.386280491948128 20.501362942159176 2.4
    endloop
  endfacet
  facet normal 0 0 1
    outer loop
      vertex 29.716229878365993 20.221824653446674 2.4
      vertex 29.752700082957745 20.299234613776207 2.4
      vertex 29.368011102080345 20.435134038329124 2.4
    endloop
  endfacet
  facet normal 0 0 1
    outer loop
      vertex 29.752700082957745 20.299234613776207 2.4
      vertex 29.781065799295902 20.38107232749462 2.4
      vertex 29.368011102080345 20.435134038329124 2.4
    endloop
  endfacet
  facet normal 0 0 1
    outer loop
      vertex 29.781065799295902 20.38107232749462 2.4
      vertex 29.801327019929886 20.467337794601917 2.4
      vertex 29.386280491948128 20.501362942159176 2.4
    endloop
  endfacet
  facet normal 0 0 1
    outer loop
      vertex 29.39724212139845 20.572595588862896 2.4
      vertex 29.813483752310276 20.558031022548676 2.4
      vertex 29.40089599788189 20.648832000792027 2.4
    endloop
  endfacet
  facet normal 0 0 1
    outer loop
      vertex 29.801327019929886 20.467337794601917 2.4
      vertex 29.813483752310276 20.558031022548676 2.4
      vertex 29.39724212139845 20.572595588862896 2.4
    endloop
  endfacet
  facet normal 0 0 1
    outer loop
      vertex 29.813483752310276 20.558031022548676 2.4
      vertex 29.817535996437073 20.653151996433735 2.4
      vertex 29.40089599788189 20.648832000792027 2.4
    endloop
  endfacet
  facet normal 0 0 1
    outer loop
      vertex 29.39719771593809 20.72250187397003 2.4
      vertex 29.794595263898373 20.87397028505802 2.4
      vertex 29.386102855205536 20.790990367531776 2.4
    endloop
  endfacet
  facet normal 0 0 1
    outer loop
      vertex 29.386102855205536 20.790990367531776 2.4
      vertex 29.765919350087643 20.9732845723629 2.4
      vertex 29.367611430585384 20.8542974665761 2.4
    endloop
  endfacet
  facet normal 0 0 1
    outer loop
      vertex 29.40089599788189 20.648832000792027 2.4
      vertex 29.811800815165043 20.767259426414967 2.4
      vertex 29.39719771593809 20.72250187397003 2.4
    endloop
  endfacet
  facet normal 0 0 1
    outer loop
      vertex 29.40089599788189 20.648832000792027 2.4
      vertex 29.817535996437073 20.653151996433735 2.4
      vertex 29.811800815165043 20.767259426414967 2.4
    endloop
  endfacet
  facet normal 0 0 1
    outer loop
      vertex 29.39719771593809 20.72250187397003 2.4
      vertex 29.811800815165043 20.767259426414967 2.4
      vertex 29.794595263898373 20.87397028505802 2.4
    endloop
  endfacet
  facet normal 0 0 1
    outer loop
      vertex 29.386102855205536 20.790990367531776 2.4
      vertex 29.794595263898373 20.87397028505802 2.4
      vertex 29.765919350087643 20.9732845723629 2.4
    endloop
  endfacet
  facet normal 0 0 1
    outer loop
      vertex 29.30843885987997 20.965367510914803 2.4
      vertex 29.341723427176476 20.912423186004162 2.4
      vertex 29.67415640503168 21.149723425507545 2.4
    endloop
  endfacet
  facet normal 0 0 1
    outer loop
      vertex 29.30843885987997 20.965367510914803 2.4
      vertex 29.61106938868761 21.226847998797894 2.4
      vertex 29.26775771379471 21.013130448758602 2.4
    endloop
  endfacet
  facet normal 0 0 1
    outer loop
      vertex 29.367611430585384 20.8542974665761 2.4
      vertex 29.72577305883169 21.0652022883296 2.4
      vertex 29.341723427176476 20.912423186004162 2.4
    endloop
  endfacet
  facet normal 0 0 1
    outer loop
      vertex 29.21967999637127 21.05571199953556 2.4
      vertex 29.5365120023489 21.296576000750065 2.4
      vertex 29.451422691345215 21.35788930952549 2.4
    endloop
  endfacet
  facet normal 0 0 1
    outer loop
      vertex 29.30843885987997 20.965367510914803 2.4
      vertex 29.67415640503168 21.149723425507545 2.4
      vertex 29.61106938868761 21.226847998797894 2.4
    endloop
  endfacet
  facet normal 0 0 1
    outer loop
      vertex 29.26775771379471 21.013130448758602 2.4
      vertex 29.61106938868761 21.226847998797894 2.4
      vertex 29.5365120023489 21.296576000750065 2.4
    endloop
  endfacet
  facet normal 0 0 1
    outer loop
      vertex 29.341723427176476 20.912423186004162 2.4
      vertex 29.72577305883169 21.0652022883296 2.4
      vertex 29.67415640503168 21.149723425507545 2.4
    endloop
  endfacet
  facet normal 0 0 1
    outer loop
      vertex 29.367611430585384 20.8542974665761 2.4
      vertex 29.765919350087643 20.9732845723629 2.4
      vertex 29.72577305883169 21.0652022883296 2.4
    endloop
  endfacet
  facet normal 0.033019366810710625 0.9994547120382292 0
    outer loop
      vertex 28.881799839437008 21.52296359091997 2.4
      vertex 28.73904000222683 21.52768000215292 2
      vertex 28.73904000222683 21.52768000215292 2.4
    endloop
  endfacet
  facet normal 0.10567186051426056 0.9944010548543553 0
    outer loop
      vertex 28.881799839437008 21.52296359091997 2.4
      vertex 29.014947921037674 21.508814364671707 2.4
      vertex 28.881799839437008 21.52296359091997 2
    endloop
  endfacet
  facet normal 0.18750580510046344 0.9822634947169863 0
    outer loop
      vertex 29.138484247028828 21.485232323408127 2.4
      vertex 29.014947921037674 21.508814364671707 2
      vertex 29.014947921037674 21.508814364671707 2.4
    endloop
  endfacet
  facet normal 0.27834348534480124 0.9604816001184554 0
    outer loop
      vertex 29.25240881741047 21.45221746712923 2.4
      vertex 29.138484247028828 21.485232323408127 2
      vertex 29.138484247028828 21.485232323408127 2.4
    endloop
  endfacet
  facet normal 0.37691499807548706 0.9262478524810492 0
    outer loop
      vertex 29.25240881741047 21.45221746712923 2.4
      vertex 29.356721632182598 21.409769795835018 2.4
      vertex 29.25240881741047 21.45221746712923 2
    endloop
  endfacet
  facet normal 0.48045982899788636 0.8770167345719931 0
    outer loop
      vertex 29.451422691345215 21.35788930952549 2.4
      vertex 29.356721632182598 21.409769795835018 2
      vertex 29.356721632182598 21.409769795835018 2.4
    endloop
  endfacet
  facet normal 0.5846124112401887 0.8113127193776345 0
    outer loop
      vertex 29.5365120023489 21.296576000750065 2.4
      vertex 29.451422691345215 21.35788930952549 2
      vertex 29.451422691345215 21.35788930952549 2.4
    endloop
  endfacet
  facet normal 0.6830566590927462 0.7303653883290583 0
    outer loop
      vertex 29.61106938868761 21.226847998797894 2.4
      vertex 29.5365120023489 21.296576000750065 2
      vertex 29.5365120023489 21.296576000750065 2.4
    endloop
  endfacet
  facet normal 0 0 1
    outer loop
      vertex 28.791904002428055 21.192823506891727 2.4
      vertex 28.87947428226471 21.18425404280424 2.4
      vertex 28.881799839437008 21.52296359091997 2.4
    endloop
  endfacet
  facet normal 0 0 1
    outer loop
      vertex 28.791904002428055 21.192823506891727 2.4
      vertex 28.881799839437008 21.52296359091997 2.4
      vertex 28.73904000222683 21.52768000215292 2.4
    endloop
  endfacet
  facet normal 0 0 1
    outer loop
      vertex 28.96053485572338 21.169971592724323 2.4
      vertex 29.014947921037674 21.508814364671707 2.4
      vertex 28.87947428226471 21.18425404280424 2.4
    endloop
  endfacet
  facet normal 0 0 1
    outer loop
      vertex 28.87947428226471 21.18425404280424 2.4
      vertex 29.014947921037674 21.508814364671707 2.4
      vertex 28.881799839437008 21.52296359091997 2.4
    endloop
  endfacet
  facet normal 0 0 1
    outer loop
      vertex 28.96053485572338 21.169971592724323 2.4
      vertex 29.03508571535349 21.149976164102554 2.4
      vertex 29.138484247028828 21.485232323408127 2.4
    endloop
  endfacet
  facet normal 0 0 1
    outer loop
      vertex 28.96053485572338 21.169971592724323 2.4
      vertex 29.138484247028828 21.485232323408127 2.4
      vertex 29.014947921037674 21.508814364671707 2.4
    endloop
  endfacet
  facet normal 0 0 1
    outer loop
      vertex 29.103126853704453 21.124267756938934 2.4
      vertex 29.138484247028828 21.485232323408127 2.4
      vertex 29.03508571535349 21.149976164102554 2.4
    endloop
  endfacet
  facet normal 0 0 1
    outer loop
      vertex 29.103126853704453 21.124267756938934 2.4
      vertex 29.25240881741047 21.45221746712923 2.4
      vertex 29.138484247028828 21.485232323408127 2.4
    endloop
  endfacet
  facet normal 0 0 1
    outer loop
      vertex 29.164658285677433 21.092846363782883 2.4
      vertex 29.356721632182598 21.409769795835018 2.4
      vertex 29.25240881741047 21.45221746712923 2.4
    endloop
  endfacet
  facet normal 0 0 1
    outer loop
      vertex 29.21967999637127 21.05571199953556 2.4
      vertex 29.451422691345215 21.35788930952549 2.4
      vertex 29.356721632182598 21.409769795835018 2.4
    endloop
  endfacet
endsolid OpenSCAD_Model
