solid OpenSCAD_Model
  facet normal -0.9863939238321431 0 -0.16439898730536112
    outer loop
      vertex 380.98639392383217 -90 120.08163645700714
      vertex 380 -84 126
      vertex 380.98639392383217 -84 120.08163645700714
    endloop
  endfacet
  facet normal -0.9863939238321431 0 -0.16439898730536112
    outer loop
      vertex 380.98639392383217 -90 120.08163645700714
      vertex 380 -90 126
      vertex 380 -84 126
    endloop
  endfacet
  facet normal -0.16439898730535726 0 0.9863939238321436
    outer loop
      vertex 380 -90 126
      vertex 385.7336528478497 -84.38224352318998 126.95560880797495
      vertex 380 -84 126
    endloop
  endfacet
  facet normal 0 1 0
    outer loop
      vertex 386.904757466825 -84 121.06803038083928
      vertex 385.91836354299284 -84 126.98639392383214
      vertex 408.19161113964105 -84 129.68480810155714
    endloop
  endfacet
  facet normal 0.16439898730535746 -1.9066135393443243e-16 -0.9863939238321436
    outer loop
      vertex 380.98639392383217 -90 120.08163645700714
      vertex 386.904757466825 -84 121.06803038083928
      vertex 430 -90 128.25057080303512
    endloop
  endfacet
  facet normal 0 -1 0
    outer loop
      vertex 380.98639392383217 -90 120.08163645700714
      vertex 437.8309986596209 -90 135.63849977660348
      vertex 380 -90 126
    endloop
  endfacet
  facet normal 0 1 0
    outer loop
      vertex 386.904757466825 -84 121.06803038083928
      vertex 408.19161113964105 -84 129.68480810155714
      vertex 408.8492070888625 -84 125.73923240622857
    endloop
  endfacet
  facet normal -0.16439898730535735 0 0.9863939238321437
    outer loop
      vertex 380 -90 126
      vertex 438.02038126181714 -85.81419972927084 135.6700635436362
      vertex 385.7336528478497 -84.38224352318998 126.95560880797495
    endloop
  endfacet
  facet normal 0 1 0
    outer loop
      vertex 386.904757466825 -84 121.06803038083928
      vertex 408.8492070888625 -84 125.73923240622857
      vertex 412.79478278419106 -84 126.39682835545
    endloop
  endfacet
  facet normal -0.16439898730535726 0 0.9863939238321437
    outer loop
      vertex 385.7336528478497 -84.38224352318998 126.95560880797495
      vertex 438.02038126181714 -85.81419972927084 135.6700635436362
      vertex 385.91836354299284 -84 126.98639392383214
    endloop
  endfacet
  facet normal 0 1 0
    outer loop
      vertex 386.904757466825 -84 121.06803038083928
      vertex 412.79478278419106 -84 126.39682835545
      vertex 433.44541220885276 -84 128.82480617117724
    endloop
  endfacet
  facet normal 0 -1 0
    outer loop
      vertex 380.98639392383217 -90 120.08163645700714
      vertex 430 -90 128.25057080303512
      vertex 430 -90 130.83333333333334
    endloop
  endfacet
  facet normal 0 1 0
    outer loop
      vertex 385.91836354299284 -84 126.98639392383214
      vertex 438.26733254731323 -84 135.71122209121887
      vertex 408.19161113964105 -84 129.68480810155714
    endloop
  endfacet
  facet normal 0.1643989873053573 0 -0.9863939238321437
    outer loop
      vertex 386.904757466825 -84 121.06803038083928
      vertex 433.0090783211604 -90 128.75208385656185
      vertex 430 -90 128.25057080303512
    endloop
  endfacet
  facet normal 0.16439898730535776 2.0218961318066846e-15 -0.9863939238321437
    outer loop
      vertex 386.904757466825 -84 121.06803038083928
      vertex 433.1984609233566 -85.81419972927084 128.78364762359456
      vertex 433.0090783211604 -90 128.75208385656185
    endloop
  endfacet
  facet normal 0.16439898730535746 -5.312549377209769e-15 -0.9863939238321436
    outer loop
      vertex 386.904757466825 -84 121.06803038083928
      vertex 433.44541220885276 -84 128.82480617117724
      vertex 433.1984609233566 -85.81419972927084 128.78364762359456
    endloop
  endfacet
  facet normal 0 -1 0
    outer loop
      vertex 380.98639392383217 -90 120.08163645700714
      vertex 430 -90 130.83333333333334
      vertex 437.8309986596209 -90 135.63849977660348
    endloop
  endfacet
  facet normal -0.1643989873053573 0 0.9863939238321437
    outer loop
      vertex 380 -90 126
      vertex 437.8309986596209 -90 135.63849977660348
      vertex 438.02038126181714 -85.81419972927084 135.6700635436362
    endloop
  endfacet
  facet normal 0 1 0
    outer loop
      vertex 412.79478278419106 -84 126.39682835545
      vertex 412.13718683496967 -84 130.34240405077858
      vertex 433.44541220885276 -84 128.82480617117724
    endloop
  endfacet
  facet normal 0 1 0
    outer loop
      vertex 408.19161113964105 -84 129.68480810155714
      vertex 438.26733254731323 -84 135.71122209121887
      vertex 412.13718683496967 -84 130.34240405077858
    endloop
  endfacet
  facet normal -0.1643989873053573 0 0.9863939238321437
    outer loop
      vertex 385.91836354299284 -84 126.98639392383214
      vertex 438.02038126181714 -85.81419972927084 135.6700635436362
      vertex 438.26733254731323 -84 135.71122209121887
    endloop
  endfacet
  facet normal 0 1 0
    outer loop
      vertex 412.13718683496967 -84 130.34240405077858
      vertex 438.26733254731323 -84 135.71122209121887
      vertex 433.44541220885276 -84 128.82480617117724
    endloop
  endfacet
  facet normal 0 -1 0
    outer loop
      vertex 430 -90 130.83333333333334
      vertex 434.4663848936908 -90 130.83333333333334
      vertex 437.8309986596209 -90 135.63849977660348
    endloop
  endfacet
  facet normal 0 -1 0
    outer loop
      vertex 442.3141163992686 -90 136.38568606654476
      vertex 449.3310082344175 -90 131.47240550877137
      vertex 451.1262784765267 -90 134.05577135345894
    endloop
  endfacet
  facet normal 0 1 0
    outer loop
      vertex 442.3141163992686 -84 136.38568606654476
      vertex 451.9100949489337 -84 131.9022532945241
      vertex 449.3310082344175 -84 131.47240550877137
    endloop
  endfacet
  facet normal 0 1 0
    outer loop
      vertex 442.3141163992686 -84 136.38568606654476
      vertex 451.1262784765267 -84 134.05577135345894
      vertex 451.9100949489337 -84 131.9022532945241
    endloop
  endfacet
  facet normal 0.16439898730536082 0 -0.9863939238321431
    outer loop
      vertex 449.3310082344175 -90 131.47240550877137
      vertex 449.3310082344175 -84 131.47240550877137
      vertex 451.9100949489337 -90 131.9022532945241
    endloop
  endfacet
  facet normal 0 -1 0
    outer loop
      vertex 449.3310082344175 -90 131.47240550877137
      vertex 451.9100949489337 -90 131.9022532945241
      vertex 451.1262784765267 -90 134.05577135345894
    endloop
  endfacet
  facet normal 0.16439898730536082 0 -0.9863939238321431
    outer loop
      vertex 449.3310082344175 -84 131.47240550877137
      vertex 451.9100949489337 -84 131.9022532945241
      vertex 451.9100949489337 -90 131.9022532945241
    endloop
  endfacet
  facet normal 0 -1 0
    outer loop
      vertex 442.3141163992686 -90 136.38568606654476
      vertex 451.1262784765267 -90 134.05577135345894
      vertex 451.1262784765267 -90 135.09104753386904
    endloop
  endfacet
  facet normal 0 -1 0
    outer loop
      vertex 442.3141163992686 -90 136.38568606654476
      vertex 451.1262784765267 -90 135.09104753386904
      vertex 451.6439165667317 -90 135.9876230060371
    endloop
  endfacet
  facet normal 0 -1 0
    outer loop
      vertex 442.3141163992686 -90 136.38568606654476
      vertex 451.6439165667317 -90 135.9876230060371
      vertex 452.5404920388998 -90 136.50526109624212
    endloop
  endfacet
  facet normal 0 1 0
    outer loop
      vertex 442.3141163992686 -84 136.38568606654476
      vertex 451.1262784765267 -84 135.09104753386904
      vertex 451.1262784765267 -84 134.05577135345894
    endloop
  endfacet
  facet normal 0 1 0
    outer loop
      vertex 442.3141163992686 -84 136.38568606654476
      vertex 451.6439165667317 -84 135.9876230060371
      vertex 451.1262784765267 -84 135.09104753386904
    endloop
  endfacet
  facet normal -0.1643989873053578 0 0.9863939238321436
    outer loop
      vertex 442.3141163992686 -90 136.38568606654476
      vertex 460.57289068998693 -84 139.42881511499783
      vertex 442.3141163992686 -84 136.38568606654476
    endloop
  endfacet
  facet normal 0 1 0
    outer loop
      vertex 442.3141163992686 -84 136.38568606654476
      vertex 452.5404920388998 -84 136.50526109624212
      vertex 451.6439165667317 -84 135.9876230060371
    endloop
  endfacet
  facet normal 0 -1 0
    outer loop
      vertex 442.3141163992686 -90 136.38568606654476
      vertex 452.5404920388998 -90 136.50526109624212
      vertex 460.5728906899868 -90 139.4288151149978
    endloop
  endfacet
  facet normal 0 1 0
    outer loop
      vertex 442.3141163992686 -84 136.38568606654476
      vertex 460.57289068998693 -84 139.42881511499783
      vertex 452.5404920388998 -84 136.50526109624212
    endloop
  endfacet
  facet normal -0.1643989873053573 -1.535426258120991e-15 0.9863939238321437
    outer loop
      vertex 442.3141163992686 -90 136.38568606654476
      vertex 460.5728906899868 -90 139.4288151149978
      vertex 460.57289068998693 -84 139.42881511499783
    endloop
  endfacet
  facet normal -0.9863939238321431 0 -0.16439898730536112
    outer loop
      vertex 380.98639392383217 84 120.08163645700714
      vertex 380 90 126
      vertex 380.98639392383217 90 120.08163645700714
    endloop
  endfacet
  facet normal -0.9863939238321431 0 -0.16439898730536112
    outer loop
      vertex 380.98639392383217 84 120.08163645700714
      vertex 380 84 126
      vertex 380 90 126
    endloop
  endfacet
  facet normal 0 -1 0
    outer loop
      vertex 386.904757466825 84 121.06803038083928
      vertex 408.8492070888625 84 125.73923240622857
      vertex 385.91836354299284 84 126.98639392383214
    endloop
  endfacet
  facet normal 0.16439898730535746 0 -0.9863939238321436
    outer loop
      vertex 380.98639392383217 84 120.08163645700714
      vertex 380.98639392383217 90 120.08163645700714
      vertex 430 90 128.25057080303512
    endloop
  endfacet
  facet normal 0 1 0
    outer loop
      vertex 380.98639392383217 90 120.08163645700714
      vertex 380 90 126
      vertex 430 90 128.25057080303512
    endloop
  endfacet
  facet normal 0.1643989873053573 -5.222083870156778e-15 -0.9863939238321437
    outer loop
      vertex 380.98639392383217 84 120.08163645700714
      vertex 433.1984609233566 85.81419972927084 128.78364762359453
      vertex 386.904757466825 84 121.06803038083928
    endloop
  endfacet
  facet normal 0 -1 0
    outer loop
      vertex 385.91836354299284 84 126.98639392383214
      vertex 408.8492070888625 84 125.73923240622857
      vertex 408.19161113964105 84 129.68480810155714
    endloop
  endfacet
  facet normal 0 -1 0
    outer loop
      vertex 385.91836354299284 84 126.98639392383214
      vertex 408.19161113964105 84 129.68480810155714
      vertex 412.13718683496967 84 130.34240405077858
    endloop
  endfacet
  facet normal -0.16439898730535732 0 0.9863939238321439
    outer loop
      vertex 380 90 126
      vertex 385.91836354299284 89.60544243046714 126.98639392383214
      vertex 437.8309986596209 90 135.63849977660348
    endloop
  endfacet
  facet normal -0.16439898730535726 0 0.9863939238321437
    outer loop
      vertex 385.91836354299284 84 126.98639392383214
      vertex 437.8309986596209 90 135.63849977660348
      vertex 385.91836354299284 89.60544243046714 126.98639392383214
    endloop
  endfacet
  facet normal 0 -1 0
    outer loop
      vertex 386.904757466825 84 121.06803038083928
      vertex 433.44541220885276 84 128.82480617117724
      vertex 408.8492070888625 84 125.73923240622857
    endloop
  endfacet
  facet normal 0 1 0
    outer loop
      vertex 380 90 126
      vertex 430 90 130.83333333333334
      vertex 430 90 128.25057080303512
    endloop
  endfacet
  facet normal 0 -1 0
    outer loop
      vertex 385.91836354299284 84 126.98639392383214
      vertex 412.13718683496967 84 130.34240405077858
      vertex 438.26733254731323 84 135.71122209121887
    endloop
  endfacet
  facet normal 0.16439898730535696 4.248637601595518e-15 -0.9863939238321437
    outer loop
      vertex 380.98639392383217 84 120.08163645700714
      vertex 430 90 128.25057080303512
      vertex 433.1984609233566 85.81419972927084 128.78364762359453
    endloop
  endfacet
  facet normal 0.16439898730535746 -9.961030082268318e-15 -0.9863939238321436
    outer loop
      vertex 386.904757466825 84 121.06803038083928
      vertex 433.1984609233566 85.81419972927084 128.78364762359453
      vertex 433.44541220885276 84 128.82480617117724
    endloop
  endfacet
  facet normal 0 -1 0
    outer loop
      vertex 408.8492070888625 84 125.73923240622857
      vertex 433.44541220885276 84 128.82480617117724
      vertex 412.79478278419106 84 126.39682835545
    endloop
  endfacet
  facet normal 0 1 0
    outer loop
      vertex 380 90 126
      vertex 434.8357779662485 90 131.36088131361092
      vertex 430 90 130.83333333333334
    endloop
  endfacet
  facet normal 0 1 0
    outer loop
      vertex 380 90 126
      vertex 437.8309986596209 90 135.63849977660348
      vertex 434.8357779662485 90 131.36088131361092
    endloop
  endfacet
  facet normal -0.1643989873053573 0 0.9863939238321437
    outer loop
      vertex 385.91836354299284 84 126.98639392383214
      vertex 438.26733254731323 84 135.71122209121887
      vertex 438.02038126181714 85.81419972927084 135.6700635436362
    endloop
  endfacet
  facet normal -0.16439898730535726 0 0.9863939238321437
    outer loop
      vertex 385.91836354299284 84 126.98639392383214
      vertex 438.02038126181714 85.81419972927084 135.6700635436362
      vertex 437.8309986596209 90 135.63849977660348
    endloop
  endfacet
  facet normal 0 -1 0
    outer loop
      vertex 412.79478278419106 84 126.39682835545
      vertex 438.26733254731323 84 135.71122209121887
      vertex 412.13718683496967 84 130.34240405077858
    endloop
  endfacet
  facet normal 0 -1 0
    outer loop
      vertex 412.79478278419106 84 126.39682835545
      vertex 433.44541220885276 84 128.82480617117724
      vertex 438.26733254731323 84 135.71122209121887
    endloop
  endfacet
  facet normal 0.16439898730535726 4.469014292402852e-15 -0.9863939238321437
    outer loop
      vertex 430 90 128.25057080303512
      vertex 433.0090783211604 90 128.75208385656185
      vertex 433.1984609233566 85.81419972927084 128.78364762359453
    endloop
  endfacet
  facet normal 0 1 0
    outer loop
      vertex 430 90 130.83333333333334
      vertex 434.8357779662485 90 131.36088131361092
      vertex 434.4663848936908 90 130.83333333333334
    endloop
  endfacet
  facet normal 0 1 0
    outer loop
      vertex 442.3141163992686 90 136.38568606654476
      vertex 451.9100949489337 90 131.9022532945241
      vertex 449.3310082344175 90 131.47240550877137
    endloop
  endfacet
  facet normal 0 1 0
    outer loop
      vertex 442.3141163992686 90 136.38568606654476
      vertex 451.1262784765267 90 134.05577135345894
      vertex 451.9100949489337 90 131.9022532945241
    endloop
  endfacet
  facet normal 0.16439898730536082 0 -0.9863939238321431
    outer loop
      vertex 449.3310082344175 84 131.47240550877137
      vertex 449.3310082344175 90 131.47240550877137
      vertex 451.9100949489337 84 131.9022532945241
    endloop
  endfacet
  facet normal 0.16439898730536082 0 -0.9863939238321431
    outer loop
      vertex 449.3310082344175 90 131.47240550877137
      vertex 451.9100949489337 90 131.9022532945241
      vertex 451.9100949489337 84 131.9022532945241
    endloop
  endfacet
  facet normal 0 -1 0
    outer loop
      vertex 449.3310082344175 84 131.47240550877137
      vertex 451.9100949489337 84 131.9022532945241
      vertex 451.1262784765267 84 134.05577135345894
    endloop
  endfacet
  facet normal 0 -1 0
    outer loop
      vertex 449.3310082344175 84 131.47240550877137
      vertex 451.1262784765267 84 134.05577135345894
      vertex 451.1262784765267 84 135.09104753386904
    endloop
  endfacet
  facet normal 0 -1 0
    outer loop
      vertex 442.3141163992686 84 136.38568606654476
      vertex 449.3310082344175 84 131.47240550877137
      vertex 451.1262784765267 84 135.09104753386904
    endloop
  endfacet
  facet normal 0 -1 0
    outer loop
      vertex 442.3141163992686 84 136.38568606654476
      vertex 451.1262784765267 84 135.09104753386904
      vertex 451.6439165667317 84 135.9876230060371
    endloop
  endfacet
  facet normal 0 -1 0
    outer loop
      vertex 442.3141163992686 84 136.38568606654476
      vertex 451.6439165667317 84 135.9876230060371
      vertex 452.5404920388998 84 136.50526109624212
    endloop
  endfacet
  facet normal -0.1643989873053573 0 0.9863939238321437
    outer loop
      vertex 442.3141163992686 84 136.38568606654476
      vertex 460.5728906899868 90 139.4288151149978
      vertex 442.3141163992686 90 136.38568606654476
    endloop
  endfacet
  facet normal 0 1 0
    outer loop
      vertex 442.3141163992686 90 136.38568606654476
      vertex 451.1262784765267 90 135.09104753386904
      vertex 451.1262784765267 90 134.05577135345894
    endloop
  endfacet
  facet normal 0 1 0
    outer loop
      vertex 442.3141163992686 90 136.38568606654476
      vertex 451.6439165667317 90 135.9876230060371
      vertex 451.1262784765267 90 135.09104753386904
    endloop
  endfacet
  facet normal 0 1 0
    outer loop
      vertex 442.3141163992686 90 136.38568606654476
      vertex 452.5404920388998 90 136.50526109624212
      vertex 451.6439165667317 90 135.9876230060371
    endloop
  endfacet
  facet normal 0 -1 0
    outer loop
      vertex 442.3141163992686 84 136.38568606654476
      vertex 452.5404920388998 84 136.50526109624212
      vertex 460.57289068998693 84 139.42881511499783
    endloop
  endfacet
  facet normal 0 1 0
    outer loop
      vertex 442.3141163992686 90 136.38568606654476
      vertex 460.5728906899868 90 139.4288151149978
      vertex 452.5404920388998 90 136.50526109624212
    endloop
  endfacet
  facet normal -0.1643989873053578 1.5354262581209813e-15 0.9863939238321436
    outer loop
      vertex 442.3141163992686 84 136.38568606654476
      vertex 460.57289068998693 84 139.42881511499783
      vertex 460.5728906899868 90 139.4288151149978
    endloop
  endfacet
  facet normal 0.9863939238321431 -1.025634603701334e-15 0.16439898730536112
    outer loop
      vertex 386.904757466825 -84 121.06803038083928
      vertex 386.0827625302982 -56 126
      vertex 385.91836354299284 -84 126.98639392383214
    endloop
  endfacet
  facet normal 0.9863939238321431 -1.0636333084132083e-15 0.16439898730536134
    outer loop
      vertex 386.904757466825 -84 121.06803038083928
      vertex 386.74035847951967 -56 122.05442430467143
      vertex 386.0827625302982 -56 126
    endloop
  endfacet
  facet normal 0.9863939238321481 0 0.16439898730533195
    outer loop
      vertex 386.904757466825 -84 121.06803038083928
      vertex 386.74035847951967 -52 122.05442430467143
      vertex 386.74035847951967 -56 122.05442430467143
    endloop
  endfacet
  facet normal 0.9863939238321384 0 0.16439898730538957
    outer loop
      vertex 385.91836354299284 -84 126.98639392383214
      vertex 386.0827625302982 -56 126
      vertex 386.0827625302982 -52 126
    endloop
  endfacet
  facet normal 0.9863939238321481 0 0.16439898730533195
    outer loop
      vertex 386.904757466825 -84 121.06803038083928
      vertex 386.74035847951967 -20 122.05442430467143
      vertex 386.74035847951967 -52 122.05442430467143
    endloop
  endfacet
  facet normal 0.9863939238321384 0 0.16439898730538957
    outer loop
      vertex 385.91836354299284 -84 126.98639392383214
      vertex 386.0827625302982 -52 126
      vertex 386.0827625302982 -20 126
    endloop
  endfacet
  facet normal -0.9863939238321431 0 -0.16439898730536112
    outer loop
      vertex 380.98639392383217 -84 120.08163645700714
      vertex 380 -84 126
      vertex 380.98639392383217 84 120.08163645700714
    endloop
  endfacet
  facet normal -0.1643989873053573 0 0.9863939238321437
    outer loop
      vertex 380 -84 126
      vertex 385.7336528478497 -84.38224352318998 126.95560880797495
      vertex 380 84 126
    endloop
  endfacet
  facet normal 0.1643989873053573 0 -0.9863939238321437
    outer loop
      vertex 380.98639392383217 -90 120.08163645700714
      vertex 380.98639392383217 -84 120.08163645700714
      vertex 386.904757466825 84 121.06803038083928
    endloop
  endfacet
  facet normal 0.16439898730535732 0 -0.9863939238321437
    outer loop
      vertex 380.98639392383217 -90 120.08163645700714
      vertex 386.904757466825 84 121.06803038083928
      vertex 386.904757466825 -84 121.06803038083928
    endloop
  endfacet
  facet normal 0.9863939238321431 0 0.16439898730536132
    outer loop
      vertex 386.74035847951967 -52 122.05442430467143
      vertex 386.74035847951967 -20 122.05442430467143
      vertex 386.0827625302982 -52 126
    endloop
  endfacet
  facet normal 0.9863939238321384 0 0.16439898730538957
    outer loop
      vertex 385.91836354299284 -84 126.98639392383214
      vertex 386.0827625302982 -20 126
      vertex 386.0827625302982 -16 126
    endloop
  endfacet
  facet normal 0.9863939238321431 0 0.16439898730536132
    outer loop
      vertex 386.0827625302982 -52 126
      vertex 386.74035847951967 -20 122.05442430467143
      vertex 386.0827625302982 -20 126
    endloop
  endfacet
  facet normal 0.9863939238321384 0 0.16439898730538957
    outer loop
      vertex 385.91836354299284 -84 126.98639392383214
      vertex 386.0827625302982 -16 126
      vertex 386.0827625302982 16 126
    endloop
  endfacet
  facet normal -0.1643989873053573 0 0.9863939238321437
    outer loop
      vertex 385.7336528478497 -84.38224352318998 126.95560880797495
      vertex 385.91836354299284 -84 126.98639392383214
      vertex 385.91836354299284 84 126.98639392383214
    endloop
  endfacet
  facet normal 0.9863939238321384 0 0.16439898730538957
    outer loop
      vertex 385.91836354299284 -84 126.98639392383214
      vertex 386.0827625302982 16 126
      vertex 386.0827625302982 20 126
    endloop
  endfacet
  facet normal 0.9863939238321479 0 0.16439898730533192
    outer loop
      vertex 386.904757466825 -84 121.06803038083928
      vertex 386.904757466825 84 121.06803038083928
      vertex 386.74035847951967 -20 122.05442430467143
    endloop
  endfacet
  facet normal 0.9863939238321431 0 0.16439898730536132
    outer loop
      vertex 386.74035847951967 -16 122.05442430467143
      vertex 386.74035847951967 16 122.05442430467143
      vertex 386.0827625302982 -16 126
    endloop
  endfacet
  facet normal -0.9863939238321431 0 -0.16439898730536112
    outer loop
      vertex 380 -84 126
      vertex 380 84 126
      vertex 380.98639392383217 84 120.08163645700714
    endloop
  endfacet
  facet normal -0.16439898730535726 0 0.9863939238321436
    outer loop
      vertex 385.7336528478497 -84.38224352318998 126.95560880797495
      vertex 380 90 126
      vertex 380 84 126
    endloop
  endfacet
  facet normal 0.1643989873053573 0 -0.9863939238321437
    outer loop
      vertex 380.98639392383217 -84 120.08163645700714
      vertex 380.98639392383217 84 120.08163645700714
      vertex 386.904757466825 84 121.06803038083928
    endloop
  endfacet
  facet normal -0.1643989873053573 0 0.9863939238321437
    outer loop
      vertex 385.7336528478497 -84.38224352318998 126.95560880797495
      vertex 385.91836354299284 89.60544243046714 126.98639392383214
      vertex 380 90 126
    endloop
  endfacet
  facet normal 0.9863939238321431 0 0.16439898730536132
    outer loop
      vertex 386.0827625302982 -16 126
      vertex 386.74035847951967 16 122.05442430467143
      vertex 386.0827625302982 16 126
    endloop
  endfacet
  facet normal 0.9863939238321383 0 0.16439898730538954
    outer loop
      vertex 385.91836354299284 -84 126.98639392383214
      vertex 386.0827625302982 20 126
      vertex 385.91836354299284 84 126.98639392383214
    endloop
  endfacet
  facet normal 0.9863939238321481 0 0.16439898730533195
    outer loop
      vertex 386.74035847951967 -20 122.05442430467143
      vertex 386.904757466825 84 121.06803038083928
      vertex 386.74035847951967 -16 122.05442430467143
    endloop
  endfacet
  facet normal 0.9863939238321481 0 0.16439898730533195
    outer loop
      vertex 386.74035847951967 -16 122.05442430467143
      vertex 386.904757466825 84 121.06803038083928
      vertex 386.74035847951967 16 122.05442430467143
    endloop
  endfacet
  facet normal 0.9863939238321431 0 0.16439898730536132
    outer loop
      vertex 386.74035847951967 20 122.05442430467143
      vertex 386.74035847951967 52 122.05442430467143
      vertex 386.0827625302982 20 126
    endloop
  endfacet
  facet normal -0.16439898730535812 0 0.9863939238321436
    outer loop
      vertex 385.7336528478497 -84.38224352318998 126.95560880797495
      vertex 385.91836354299284 84 126.98639392383214
      vertex 385.91836354299284 89.60544243046714 126.98639392383214
    endloop
  endfacet
  facet normal 0.9863939238321481 0 0.16439898730533195
    outer loop
      vertex 386.74035847951967 16 122.05442430467143
      vertex 386.904757466825 84 121.06803038083928
      vertex 386.74035847951967 20 122.05442430467143
    endloop
  endfacet
  facet normal 0.9863939238321431 0 0.16439898730536132
    outer loop
      vertex 386.0827625302982 20 126
      vertex 386.74035847951967 52 122.05442430467143
      vertex 386.0827625302982 52 126
    endloop
  endfacet
  facet normal 0.9863939238321481 0 0.16439898730533195
    outer loop
      vertex 386.74035847951967 20 122.05442430467143
      vertex 386.904757466825 84 121.06803038083928
      vertex 386.74035847951967 52 122.05442430467143
    endloop
  endfacet
  facet normal 0.9863939238321384 0 0.16439898730538957
    outer loop
      vertex 386.0827625302982 20 126
      vertex 386.0827625302982 52 126
      vertex 385.91836354299284 84 126.98639392383214
    endloop
  endfacet
  facet normal 0.9863939238321481 0 0.16439898730533195
    outer loop
      vertex 386.74035847951967 52 122.05442430467143
      vertex 386.904757466825 84 121.06803038083928
      vertex 386.74035847951967 56 122.05442430467143
    endloop
  endfacet
  facet normal 0.9863939238321431 1.0636333084132083e-15 0.16439898730536134
    outer loop
      vertex 386.74035847951967 56 122.05442430467143
      vertex 386.904757466825 84 121.06803038083928
      vertex 386.0827625302982 56 126
    endloop
  endfacet
  facet normal 0.9863939238321384 0 0.16439898730538957
    outer loop
      vertex 386.0827625302982 52 126
      vertex 386.0827625302982 56 126
      vertex 385.91836354299284 84 126.98639392383214
    endloop
  endfacet
  facet normal 0.9863939238321431 1.0289388388936708e-15 0.16439898730536112
    outer loop
      vertex 386.0827625302982 56 126
      vertex 386.904757466825 84 121.06803038083928
      vertex 385.91836354299284 84 126.98639392383214
    endloop
  endfacet
  facet normal 0 -1 0
    outer loop
      vertex 386.74035847951967 -56 122.05442430467143
      vertex 408.19161113964105 -56 129.68480810155714
      vertex 386.0827625302982 -56 126
    endloop
  endfacet
  facet normal -0.1643989873053573 0 0.9863939238321436
    outer loop
      vertex 386.0827625302982 -56 126
      vertex 408.19161113964105 -52 129.68480810155714
      vertex 386.0827625302982 -52 126
    endloop
  endfacet
  facet normal 0 1 0
    outer loop
      vertex 386.74035847951967 -52 122.05442430467143
      vertex 386.0827625302982 -52 126
      vertex 408.8492070888625 -52 125.73923240622857
    endloop
  endfacet
  facet normal 0.1643989873053573 0 -0.9863939238321436
    outer loop
      vertex 386.74035847951967 -56 122.05442430467143
      vertex 386.74035847951967 -52 122.05442430467143
      vertex 408.8492070888625 -56 125.73923240622857
    endloop
  endfacet
  facet normal 0 1 0
    outer loop
      vertex 386.0827625302982 -52 126
      vertex 408.19161113964105 -52 129.68480810155714
      vertex 408.8492070888625 -52 125.73923240622857
    endloop
  endfacet
  facet normal 0.1643989873053573 0 -0.9863939238321436
    outer loop
      vertex 386.74035847951967 -52 122.05442430467143
      vertex 408.8492070888625 -53.131418774322015 125.73923240622857
      vertex 408.8492070888625 -56 125.73923240622857
    endloop
  endfacet
  facet normal 0 -1 0
    outer loop
      vertex 386.74035847951967 -56 122.05442430467143
      vertex 408.8492070888625 -56 125.73923240622857
      vertex 408.19161113964105 -56 129.68480810155714
    endloop
  endfacet
  facet normal 0.1643989873053573 0 -0.9863939238321437
    outer loop
      vertex 386.74035847951967 -52 122.05442430467143
      vertex 408.8492070888625 -52 125.73923240622857
      vertex 408.8492070888625 -53.131418774322015 125.73923240622857
    endloop
  endfacet
  facet normal -0.1643989873053573 0 0.9863939238321437
    outer loop
      vertex 386.0827625302982 -56 126
      vertex 408.9431493673227 -52 129.8100644728374
      vertex 408.19161113964105 -52 129.68480810155714
    endloop
  endfacet
  facet normal -0.16439898730536015 1.6457423659149182e-14 0.9863939238321433
    outer loop
      vertex 386.0827625302982 -56 126
      vertex 412.13718683496967 -52 130.34240405077858
      vertex 408.9431493673227 -52 129.8100644728374
    endloop
  endfacet
  facet normal 0.1643989873053587 0 -0.9863939238321434
    outer loop
      vertex 408.8492070888625 -56 125.73923240622857
      vertex 408.8492070888625 -53.131418774322015 125.73923240622857
      vertex 412.07369199022435 -53.29643156261245 126.27664655645555
    endloop
  endfacet
  facet normal -0.16439898730535693 -4.573071925396515e-15 0.9863939238321439
    outer loop
      vertex 386.0827625302982 -56 126
      vertex 438.19161113964105 -52 134.68480810155714
      vertex 412.13718683496967 -52 130.34240405077858
    endloop
  endfacet
  facet normal -0.1643989873053573 0 0.9863939238321436
    outer loop
      vertex 386.0827625302982 -56 126
      vertex 408.19161113964105 -56 129.68480810155714
      vertex 455.4346472847415 -52 137.55864745907388
    endloop
  endfacet
  facet normal 0.16439898730535765 9.32809626664245e-17 -0.9863939238321437
    outer loop
      vertex 412.79478278419106 -56 126.39682835545
      vertex 412.07369199022435 -53.29643156261245 126.27664655645555
      vertex 438.8492070888625 -56 130.73923240622858
    endloop
  endfacet
  facet normal 0.16439898730535693 -7.28973774565972e-15 -0.9863939238321439
    outer loop
      vertex 412.07369199022435 -53.29643156261245 126.27664655645555
      vertex 412.79478278419106 -53.333333333333336 126.39682835545
      vertex 438.8492070888625 -56 130.73923240622858
    endloop
  endfacet
  facet normal 0 -1 0
    outer loop
      vertex 412.79478278419106 -56 126.39682835545
      vertex 438.19161113964105 -56 134.68480810155714
      vertex 412.13718683496967 -56 130.34240405077858
    endloop
  endfacet
  facet normal 0.16439898730535765 0 -0.9863939238321437
    outer loop
      vertex 412.79478278419106 -53.333333333333336 126.39682835545
      vertex 412.79478278419106 -52 126.39682835545
      vertex 438.8492070888625 -52 130.73923240622858
    endloop
  endfacet
  facet normal 0 1 0
    outer loop
      vertex 412.79478278419106 -52 126.39682835545
      vertex 412.13718683496967 -52 130.34240405077858
      vertex 438.8492070888625 -52 130.73923240622858
    endloop
  endfacet
  facet normal -0.1643989873053573 0 0.9863939238321437
    outer loop
      vertex 386.0827625302982 -56 126
      vertex 438.9431493673227 -52 134.8100644728374
      vertex 438.19161113964105 -52 134.68480810155714
    endloop
  endfacet
  facet normal -0.16439898730536015 3.9497816781958036e-14 0.9863939238321433
    outer loop
      vertex 386.0827625302982 -56 126
      vertex 442.13718683496967 -52 135.34240405077858
      vertex 438.9431493673227 -52 134.8100644728374
    endloop
  endfacet
  facet normal -0.16439898730534344 -1.6786572132331996e-13 0.986393923832146
    outer loop
      vertex 408.19161113964105 -56 129.68480810155714
      vertex 408.8492070888625 -56 129.79440742642737
      vertex 455.4346472847415 -52 137.55864745907388
    endloop
  endfacet
  facet normal -0.16439898730536281 6.368239269249846e-14 0.9863939238321427
    outer loop
      vertex 408.8492070888625 -56 129.79440742642737
      vertex 412.13718683496967 -56 130.34240405077858
      vertex 455.4346472847415 -52 137.55864745907388
    endloop
  endfacet
  facet normal 0 -1 0
    outer loop
      vertex 412.79478278419106 -56 126.39682835545
      vertex 438.8492070888625 -56 130.73923240622858
      vertex 438.19161113964105 -56 134.68480810155714
    endloop
  endfacet
  facet normal 0.16439898730535762 0 -0.9863939238321437
    outer loop
      vertex 412.79478278419106 -53.333333333333336 126.39682835545
      vertex 438.8492070888625 -54.666666666666664 130.73923240622858
      vertex 438.8492070888625 -56 130.73923240622858
    endloop
  endfacet
  facet normal 0.16439898730535762 0 -0.9863939238321437
    outer loop
      vertex 412.79478278419106 -53.333333333333336 126.39682835545
      vertex 438.8492070888625 -52 130.73923240622858
      vertex 438.8492070888625 -54.666666666666664 130.73923240622858
    endloop
  endfacet
  facet normal -0.1643989873053566 -1.264978448763317e-14 0.9863939238321439
    outer loop
      vertex 386.0827625302982 -56 126
      vertex 455.4346472847415 -52 137.55864745907388
      vertex 442.13718683496967 -52 135.34240405077858
    endloop
  endfacet
  facet normal 0 1 0
    outer loop
      vertex 412.13718683496967 -52 130.34240405077858
      vertex 438.19161113964105 -52 134.68480810155714
      vertex 438.8492070888625 -52 130.73923240622858
    endloop
  endfacet
  facet normal -0.16439898730535693 -1.6140253854340642e-15 0.9863939238321439
    outer loop
      vertex 412.13718683496967 -56 130.34240405077858
      vertex 438.19161113964105 -56 134.68480810155714
      vertex 455.4346472847415 -52 137.55864745907388
    endloop
  endfacet
  facet normal 0.16439898730535726 0 -0.9863939238321436
    outer loop
      vertex 438.8492070888625 -56 130.73923240622858
      vertex 438.8492070888625 -54.666666666666664 130.73923240622858
      vertex 442.1097915485382 -54.83352684731763 131.28266314950787
    endloop
  endfacet
  facet normal 0.164398987305344 0 -0.986393923832146
    outer loop
      vertex 442.1097915485382 -54.83352684731763 131.28266314950787
      vertex 442.79478278419106 -54.868581225677985 131.39682835545
      vertex 442.79478278419106 -56 131.39682835545
    endloop
  endfacet
  facet normal 0.16439898730535332 0 -0.9863939238321444
    outer loop
      vertex 442.79478278419106 -56 131.39682835545
      vertex 442.79478278419106 -54.868581225677985 131.39682835545
      vertex 447.38190184257 -56 132.16134819851314
    endloop
  endfacet
  facet normal 0 -1 0
    outer loop
      vertex 442.79478278419106 -56 131.39682835545
      vertex 447.38190184257 -56 132.16134819851314
      vertex 447.69944103389804 -56 132.61484116167077
    endloop
  endfacet
  facet normal 0.1643989873053583 0 -0.9863939238321435
    outer loop
      vertex 442.79478278419106 -54.868581225677985 131.39682835545
      vertex 442.79478278419106 -52 131.39682835545
      vertex 451.56220763619655 -52 132.85806583078426
    endloop
  endfacet
  facet normal 0 -1 0
    outer loop
      vertex 442.79478278419106 -56 131.39682835545
      vertex 451.1262784765267 -56 135.09104753386904
      vertex 442.13718683496967 -56 135.34240405077858
    endloop
  endfacet
  facet normal 0 1 0
    outer loop
      vertex 442.79478278419106 -52 131.39682835545
      vertex 442.13718683496967 -52 135.34240405077858
      vertex 451.1262784765267 -52 134.05577135345894
    endloop
  endfacet
  facet normal 0.1643989873053581 1.9803499001893748e-14 -0.9863939238321435
    outer loop
      vertex 442.79478278419106 -54.868581225677985 131.39682835545
      vertex 448.1615262618926 -55.09285034670983 132.2912856017336
      vertex 447.38190184257 -56 132.16134819851314
    endloop
  endfacet
  facet normal 0 -1 0
    outer loop
      vertex 442.79478278419106 -56 131.39682835545
      vertex 447.69944103389804 -56 132.61484116167077
      vertex 451.1262784765267 -56 135.09104753386904
    endloop
  endfacet
  facet normal -0.16439898730538494 1.2248535519176684e-13 0.9863939238321391
    outer loop
      vertex 438.19161113964105 -56 134.68480810155714
      vertex 438.8492070888625 -56 134.7944074264274
      vertex 455.4346472847415 -52 137.55864745907388
    endloop
  endfacet
  facet normal -0.16439898730535452 -7.194245199570967e-15 0.9863939238321442
    outer loop
      vertex 438.8492070888625 -56 134.7944074264274
      vertex 442.13718683496967 -56 135.34240405077858
      vertex 455.4346472847415 -52 137.55864745907388
    endloop
  endfacet
  facet normal 0.1643989873053574 2.876376053009026e-15 -0.9863939238321437
    outer loop
      vertex 442.79478278419106 -54.868581225677985 131.39682835545
      vertex 451.56220763619655 -52 132.85806583078426
      vertex 448.1615262618926 -55.09285034670983 132.2912856017336
    endloop
  endfacet
  facet normal 0 1 0
    outer loop
      vertex 442.79478278419106 -52 131.39682835545
      vertex 451.1262784765267 -52 134.05577135345894
      vertex 451.56220763619655 -52 132.85806583078426
    endloop
  endfacet
  facet normal 0 -1 0
    outer loop
      vertex 447.69944103389804 -56 132.61484116167077
      vertex 448.1615262618926 -56 132.2912856017336
      vertex 451.1262784765267 -56 134.05577135345894
    endloop
  endfacet
  facet normal 0.16439898730535996 0 -0.9863939238321433
    outer loop
      vertex 448.1615262618926 -56 132.2912856017336
      vertex 448.1615262618926 -55.09285034670983 132.2912856017336
      vertex 451.56220763619655 -56 132.85806583078426
    endloop
  endfacet
  facet normal 0 -1 0
    outer loop
      vertex 448.1615262618926 -56 132.2912856017336
      vertex 451.56220763619655 -56 132.85806583078426
      vertex 451.1262784765267 -56 134.05577135345894
    endloop
  endfacet
  facet normal 0 -1 0
    outer loop
      vertex 447.69944103389804 -56 132.61484116167077
      vertex 451.1262784765267 -56 134.05577135345894
      vertex 451.1262784765267 -56 135.09104753386904
    endloop
  endfacet
  facet normal 0.16439898730535998 0 -0.9863939238321433
    outer loop
      vertex 448.1615262618926 -55.09285034670983 132.2912856017336
      vertex 451.56220763619655 -52 132.85806583078426
      vertex 451.56220763619655 -56 132.85806583078426
    endloop
  endfacet
  facet normal 0 -1 0
    outer loop
      vertex 442.13718683496967 -56 135.34240405077858
      vertex 451.1262784765267 -56 135.09104753386904
      vertex 451.6439165667317 -56 135.9876230060371
    endloop
  endfacet
  facet normal 0 -1 0
    outer loop
      vertex 442.13718683496967 -56 135.34240405077858
      vertex 451.6439165667317 -56 135.9876230060371
      vertex 452.5404920388998 -56 136.50526109624212
    endloop
  endfacet
  facet normal 0 1 0
    outer loop
      vertex 442.13718683496967 -52 135.34240405077858
      vertex 451.1262784765267 -52 135.09104753386904
      vertex 451.1262784765267 -52 134.05577135345894
    endloop
  endfacet
  facet normal 0 1 0
    outer loop
      vertex 442.13718683496967 -52 135.34240405077858
      vertex 451.6439165667317 -52 135.9876230060371
      vertex 451.1262784765267 -52 135.09104753386904
    endloop
  endfacet
  facet normal 0 1 0
    outer loop
      vertex 442.13718683496967 -52 135.34240405077858
      vertex 452.5404920388998 -52 136.50526109624212
      vertex 451.6439165667317 -52 135.9876230060371
    endloop
  endfacet
  facet normal 0 -1 0
    outer loop
      vertex 442.13718683496967 -56 135.34240405077858
      vertex 452.5404920388998 -56 136.50526109624212
      vertex 455.4346472847415 -56 137.55864745907388
    endloop
  endfacet
  facet normal 0 1 0
    outer loop
      vertex 442.13718683496967 -52 135.34240405077858
      vertex 455.4346472847415 -52 137.55864745907388
      vertex 452.5404920388998 -52 136.50526109624212
    endloop
  endfacet
  facet normal -0.1643989873053566 0 0.9863939238321439
    outer loop
      vertex 442.13718683496967 -56 135.34240405077858
      vertex 455.4346472847415 -56 137.55864745907388
      vertex 455.4346472847415 -52 137.55864745907388
    endloop
  endfacet
  facet normal 0 -1 0
    outer loop
      vertex 386.74035847951967 -20 122.05442430467143
      vertex 408.19161113964105 -20 129.68480810155714
      vertex 386.0827625302982 -20 126
    endloop
  endfacet
  facet normal 0 1 0
    outer loop
      vertex 386.74035847951967 -16 122.05442430467143
      vertex 386.0827625302982 -16 126
      vertex 408.8492070888625 -16 125.73923240622857
    endloop
  endfacet
  facet normal -0.1643989873053573 0 0.9863939238321436
    outer loop
      vertex 386.0827625302982 -20 126
      vertex 408.19161113964105 -16 129.68480810155714
      vertex 386.0827625302982 -16 126
    endloop
  endfacet
  facet normal 0.1643989873053573 0 -0.9863939238321436
    outer loop
      vertex 386.74035847951967 -20 122.05442430467143
      vertex 386.74035847951967 -16 122.05442430467143
      vertex 408.8492070888625 -20 125.73923240622857
    endloop
  endfacet
  facet normal 0 1 0
    outer loop
      vertex 386.0827625302982 -16 126
      vertex 408.19161113964105 -16 129.68480810155714
      vertex 408.8492070888625 -16 125.73923240622857
    endloop
  endfacet
  facet normal 0.1643989873053573 0 -0.9863939238321437
    outer loop
      vertex 386.74035847951967 -16 122.05442430467143
      vertex 408.8492070888625 -17.131418774322018 125.73923240622857
      vertex 408.8492070888625 -20 125.73923240622857
    endloop
  endfacet
  facet normal 0 -1 0
    outer loop
      vertex 386.74035847951967 -20 122.05442430467143
      vertex 408.8492070888625 -20 125.73923240622857
      vertex 408.19161113964105 -20 129.68480810155714
    endloop
  endfacet
  facet normal 0.1643989873053573 0 -0.9863939238321436
    outer loop
      vertex 386.74035847951967 -16 122.05442430467143
      vertex 408.8492070888625 -16 125.73923240622857
      vertex 408.8492070888625 -17.131418774322018 125.73923240622857
    endloop
  endfacet
  facet normal -0.16439898730536298 3.291484731829893e-14 0.9863939238321427
    outer loop
      vertex 386.0827625302982 -20 126
      vertex 409.7886298734645 -16 129.95097789052772
      vertex 408.19161113964105 -16 129.68480810155714
    endloop
  endfacet
  facet normal -0.1643989873053573 -2.9842794901923584e-15 0.9863939238321437
    outer loop
      vertex 386.0827625302982 -20 126
      vertex 412.13718683496967 -16 130.34240405077858
      vertex 409.7886298734645 -16 129.95097789052772
    endloop
  endfacet
  facet normal 0.1643989873053573 0 -0.9863939238321436
    outer loop
      vertex 408.8492070888625 -20 125.73923240622857
      vertex 408.8492070888625 -17.131418774322018 125.73923240622857
      vertex 411.2271941016547 -17.253112092635753 126.13556357502726
    endloop
  endfacet
  facet normal -0.16439898730535693 -4.573071925396515e-15 0.9863939238321439
    outer loop
      vertex 386.0827625302982 -20 126
      vertex 438.19161113964105 -16 134.68480810155714
      vertex 412.13718683496967 -16 130.34240405077858
    endloop
  endfacet
  facet normal -0.1643989873053573 0 0.9863939238321436
    outer loop
      vertex 386.0827625302982 -20 126
      vertex 408.19161113964105 -20 129.68480810155714
      vertex 455.4346472847415 -16 137.55864745907388
    endloop
  endfacet
  facet normal 0.16439898730535765 -1.5056821354400975e-15 -0.9863939238321437
    outer loop
      vertex 412.79478278419106 -20 126.39682835545
      vertex 411.2271941016547 -17.253112092635753 126.13556357502726
      vertex 438.8492070888625 -20 130.73923240622858
    endloop
  endfacet
  facet normal 0.16439898730536276 5.113751028579639e-14 -0.9863939238321427
    outer loop
      vertex 411.2271941016547 -17.253112092635753 126.13556357502726
      vertex 412.79478278419106 -17.333333333333332 126.39682835545
      vertex 438.8492070888625 -20 130.73923240622858
    endloop
  endfacet
  facet normal 0 -1 0
    outer loop
      vertex 412.79478278419106 -20 126.39682835545
      vertex 438.19161113964105 -20 134.68480810155714
      vertex 412.13718683496967 -20 130.34240405077858
    endloop
  endfacet
  facet normal 0.16439898730535762 0 -0.9863939238321437
    outer loop
      vertex 412.79478278419106 -17.333333333333332 126.39682835545
      vertex 412.79478278419106 -16 126.39682835545
      vertex 438.8492070888625 -16 130.73923240622858
    endloop
  endfacet
  facet normal 0 1 0
    outer loop
      vertex 412.79478278419106 -16 126.39682835545
      vertex 412.13718683496967 -16 130.34240405077858
      vertex 438.8492070888625 -16 130.73923240622858
    endloop
  endfacet
  facet normal -0.16439898730536298 7.899563356391743e-14 0.9863939238321427
    outer loop
      vertex 386.0827625302982 -20 126
      vertex 439.7886298734645 -16 134.95097789052772
      vertex 438.19161113964105 -16 134.68480810155714
    endloop
  endfacet
  facet normal -0.1643989873053573 0 0.9863939238321437
    outer loop
      vertex 386.0827625302982 -20 126
      vertex 442.13718683496967 -16 135.34240405077858
      vertex 439.7886298734645 -16 134.95097789052772
    endloop
  endfacet
  facet normal -0.1643989873053573 0 0.9863939238321437
    outer loop
      vertex 408.19161113964105 -20 129.68480810155714
      vertex 409.6946875950043 -20 129.93532084411768
      vertex 455.4346472847415 -16 137.55864745907388
    endloop
  endfacet
  facet normal -0.16439898730536098 4.375986752445551e-14 0.986393923832143
    outer loop
      vertex 409.6946875950043 -20 129.93532084411768
      vertex 412.13718683496967 -20 130.34240405077858
      vertex 455.4346472847415 -16 137.55864745907388
    endloop
  endfacet
  facet normal 0.1643989873053576 0 -0.9863939238321437
    outer loop
      vertex 412.79478278419106 -17.333333333333332 126.39682835545
      vertex 438.8492070888625 -18.666666666666668 130.73923240622858
      vertex 438.8492070888625 -20 130.73923240622858
    endloop
  endfacet
  facet normal 0 -1 0
    outer loop
      vertex 412.79478278419106 -20 126.39682835545
      vertex 438.8492070888625 -20 130.73923240622858
      vertex 438.19161113964105 -20 134.68480810155714
    endloop
  endfacet
  facet normal 0.16439898730535762 0 -0.9863939238321437
    outer loop
      vertex 412.79478278419106 -17.333333333333332 126.39682835545
      vertex 438.8492070888625 -16 130.73923240622858
      vertex 438.8492070888625 -18.666666666666668 130.73923240622858
    endloop
  endfacet
  facet normal -0.1643989873053566 -1.264978448763317e-14 0.9863939238321439
    outer loop
      vertex 386.0827625302982 -20 126
      vertex 455.4346472847415 -16 137.55864745907388
      vertex 442.13718683496967 -16 135.34240405077858
    endloop
  endfacet
  facet normal 0 1 0
    outer loop
      vertex 412.13718683496967 -16 130.34240405077858
      vertex 438.19161113964105 -16 134.68480810155714
      vertex 438.8492070888625 -16 130.73923240622858
    endloop
  endfacet
  facet normal -0.16439898730535693 -1.6140253854340642e-15 0.9863939238321439
    outer loop
      vertex 412.13718683496967 -20 130.34240405077858
      vertex 438.19161113964105 -20 134.68480810155714
      vertex 455.4346472847415 -16 137.55864745907388
    endloop
  endfacet
  facet normal 0.16439898730536107 0 -0.9863939238321432
    outer loop
      vertex 438.8492070888625 -20 130.73923240622858
      vertex 438.8492070888625 -18.666666666666668 130.73923240622858
      vertex 441.26329365996855 -18.790207377340938 131.1415801680796
    endloop
  endfacet
  facet normal 0.1643989873053454 0 -0.9863939238321456
    outer loop
      vertex 441.26329365996855 -18.790207377340938 131.1415801680796
      vertex 442.79478278419106 -18.868581225677982 131.39682835545
      vertex 442.79478278419106 -20 131.39682835545
    endloop
  endfacet
  facet normal 0.16439898730535835 0 -0.9863939238321435
    outer loop
      vertex 442.79478278419106 -20 131.39682835545
      vertex 442.79478278419106 -18.868581225677982 131.39682835545
      vertex 451.56220763619655 -20 132.85806583078426
    endloop
  endfacet
  facet normal 0.16439898730535835 0 -0.9863939238321436
    outer loop
      vertex 442.79478278419106 -18.868581225677982 131.39682835545
      vertex 442.79478278419106 -16 131.39682835545
      vertex 451.56220763619655 -20 132.85806583078426
    endloop
  endfacet
  facet normal 0 -1 0
    outer loop
      vertex 442.79478278419106 -20 131.39682835545
      vertex 451.1262784765267 -20 135.09104753386904
      vertex 442.13718683496967 -20 135.34240405077858
    endloop
  endfacet
  facet normal 0 1 0
    outer loop
      vertex 442.79478278419106 -16 131.39682835545
      vertex 442.13718683496967 -16 135.34240405077858
      vertex 451.1262784765267 -16 134.05577135345894
    endloop
  endfacet
  facet normal -0.1643989873053573 0 0.9863939238321437
    outer loop
      vertex 438.19161113964105 -20 134.68480810155714
      vertex 439.6946875950043 -20 134.93532084411768
      vertex 455.4346472847415 -16 137.55864745907388
    endloop
  endfacet
  facet normal -0.16439898730536098 1.5064872426451895e-14 0.986393923832143
    outer loop
      vertex 439.6946875950043 -20 134.93532084411768
      vertex 442.13718683496967 -20 135.34240405077858
      vertex 455.4346472847415 -16 137.55864745907388
    endloop
  endfacet
  facet normal 0 -1 0
    outer loop
      vertex 442.79478278419106 -20 131.39682835545
      vertex 451.56220763619655 -20 132.85806583078426
      vertex 451.1262784765267 -20 134.05577135345894
    endloop
  endfacet
  facet normal 0 -1 0
    outer loop
      vertex 442.79478278419106 -20 131.39682835545
      vertex 451.1262784765267 -20 134.05577135345894
      vertex 451.1262784765267 -20 135.09104753386904
    endloop
  endfacet
  facet normal 0.16439898730535835 0 -0.9863939238321437
    outer loop
      vertex 442.79478278419106 -16 131.39682835545
      vertex 451.56220763619655 -16 132.85806583078426
      vertex 451.56220763619655 -20 132.85806583078426
    endloop
  endfacet
  facet normal 0 1 0
    outer loop
      vertex 442.79478278419106 -16 131.39682835545
      vertex 451.1262784765267 -16 134.05577135345894
      vertex 451.56220763619655 -16 132.85806583078426
    endloop
  endfacet
  facet normal 0 -1 0
    outer loop
      vertex 442.13718683496967 -20 135.34240405077858
      vertex 451.1262784765267 -20 135.09104753386904
      vertex 451.6439165667317 -20 135.9876230060371
    endloop
  endfacet
  facet normal 0 -1 0
    outer loop
      vertex 442.13718683496967 -20 135.34240405077858
      vertex 451.6439165667317 -20 135.9876230060371
      vertex 452.5404920388998 -20 136.50526109624212
    endloop
  endfacet
  facet normal 0 1 0
    outer loop
      vertex 442.13718683496967 -16 135.34240405077858
      vertex 451.1262784765267 -16 135.09104753386904
      vertex 451.1262784765267 -16 134.05577135345894
    endloop
  endfacet
  facet normal 0 1 0
    outer loop
      vertex 442.13718683496967 -16 135.34240405077858
      vertex 451.6439165667317 -16 135.9876230060371
      vertex 451.1262784765267 -16 135.09104753386904
    endloop
  endfacet
  facet normal 0 1 0
    outer loop
      vertex 442.13718683496967 -16 135.34240405077858
      vertex 452.5404920388998 -16 136.50526109624212
      vertex 451.6439165667317 -16 135.9876230060371
    endloop
  endfacet
  facet normal 0 -1 0
    outer loop
      vertex 442.13718683496967 -20 135.34240405077858
      vertex 452.5404920388998 -20 136.50526109624212
      vertex 455.4346472847415 -20 137.55864745907388
    endloop
  endfacet
  facet normal 0 1 0
    outer loop
      vertex 442.13718683496967 -16 135.34240405077858
      vertex 455.4346472847415 -16 137.55864745907388
      vertex 452.5404920388998 -16 136.50526109624212
    endloop
  endfacet
  facet normal -0.1643989873053566 0 0.9863939238321439
    outer loop
      vertex 442.13718683496967 -20 135.34240405077858
      vertex 455.4346472847415 -20 137.55864745907388
      vertex 455.4346472847415 -16 137.55864745907388
    endloop
  endfacet
  facet normal 0 -1 0
    outer loop
      vertex 386.74035847951967 16 122.05442430467143
      vertex 408.19161113964105 16 129.68480810155714
      vertex 386.0827625302982 16 126
    endloop
  endfacet
  facet normal 0 1 0
    outer loop
      vertex 386.74035847951967 20 122.05442430467143
      vertex 386.0827625302982 20 126
      vertex 408.8492070888625 20 125.73923240622857
    endloop
  endfacet
  facet normal -0.1643989873053573 0 0.9863939238321436
    outer loop
      vertex 386.0827625302982 16 126
      vertex 408.19161113964105 20 129.68480810155714
      vertex 386.0827625302982 20 126
    endloop
  endfacet
  facet normal 0.1643989873053573 0 -0.9863939238321436
    outer loop
      vertex 386.74035847951967 16 122.05442430467143
      vertex 386.74035847951967 20 122.05442430467143
      vertex 408.8492070888625 16 125.73923240622857
    endloop
  endfacet
  facet normal 0 1 0
    outer loop
      vertex 386.0827625302982 20 126
      vertex 408.19161113964105 20 129.68480810155714
      vertex 408.8492070888625 20 125.73923240622857
    endloop
  endfacet
  facet normal 0 -1 0
    outer loop
      vertex 386.74035847951967 16 122.05442430467143
      vertex 408.8492070888625 16 125.73923240622857
      vertex 408.19161113964105 16 129.68480810155714
    endloop
  endfacet
  facet normal 0.1643989873053573 0 -0.9863939238321437
    outer loop
      vertex 386.74035847951967 20 122.05442430467143
      vertex 408.8492070888625 18.868581225677982 125.73923240622857
      vertex 408.8492070888625 16 125.73923240622857
    endloop
  endfacet
  facet normal 0.1643989873053573 0 -0.9863939238321436
    outer loop
      vertex 386.74035847951967 20 122.05442430467143
      vertex 408.8492070888625 20 125.73923240622857
      vertex 408.8492070888625 18.868581225677982 125.73923240622857
    endloop
  endfacet
  facet normal -0.16439898730536098 2.152124632350271e-14 0.986393923832143
    outer loop
      vertex 386.0827625302982 16 126
      vertex 410.6341103796064 20 130.09189130821804
      vertex 408.19161113964105 20 129.68480810155714
    endloop
  endfacet
  facet normal -0.1643989873053573 -2.3314683517128224e-15 0.9863939238321437
    outer loop
      vertex 386.0827625302982 16 126
      vertex 412.13718683496967 20 130.34240405077858
      vertex 410.6341103796064 20 130.09189130821804
    endloop
  endfacet
  facet normal 0.16439898730536326 0 -0.9863939238321429
    outer loop
      vertex 408.8492070888625 16 125.73923240622857
      vertex 408.8492070888625 18.868581225677982 125.73923240622857
      vertex 410.380696213085 18.790207377340938 125.994480593599
    endloop
  endfacet
  facet normal 0.16439898730535538 0 -0.9863939238321441
    outer loop
      vertex 410.380696213085 18.790207377340938 125.994480593599
      vertex 412.79478278419106 18.666666666666668 126.39682835545
      vertex 412.79478278419106 16 126.39682835545
    endloop
  endfacet
  facet normal -0.16439898730535693 -4.573071925396515e-15 0.9863939238321439
    outer loop
      vertex 386.0827625302982 16 126
      vertex 438.19161113964105 20 134.68480810155714
      vertex 412.13718683496967 20 130.34240405077858
    endloop
  endfacet
  facet normal -0.1643989873053573 0 0.9863939238321436
    outer loop
      vertex 386.0827625302982 16 126
      vertex 408.19161113964105 16 129.68480810155714
      vertex 455.4346472847415 20 137.55864745907388
    endloop
  endfacet
  facet normal 0.16439898730535762 0 -0.9863939238321437
    outer loop
      vertex 412.79478278419106 16 126.39682835545
      vertex 412.79478278419106 18.666666666666668 126.39682835545
      vertex 438.8492070888625 17.333333333333332 130.73923240622858
    endloop
  endfacet
  facet normal 0 -1 0
    outer loop
      vertex 412.79478278419106 16 126.39682835545
      vertex 438.19161113964105 16 134.68480810155714
      vertex 412.13718683496967 16 130.34240405077858
    endloop
  endfacet
  facet normal 0.16439898730535762 0 -0.9863939238321437
    outer loop
      vertex 412.79478278419106 18.666666666666668 126.39682835545
      vertex 412.79478278419106 20 126.39682835545
      vertex 438.8492070888625 20 130.73923240622858
    endloop
  endfacet
  facet normal 0 1 0
    outer loop
      vertex 412.79478278419106 20 126.39682835545
      vertex 412.13718683496967 20 130.34240405077858
      vertex 438.8492070888625 20 130.73923240622858
    endloop
  endfacet
  facet normal -0.16439898730536098 4.591199215680578e-14 0.986393923832143
    outer loop
      vertex 386.0827625302982 16 126
      vertex 440.6341103796064 20 135.09189130821804
      vertex 438.19161113964105 20 134.68480810155714
    endloop
  endfacet
  facet normal -0.1643989873053573 0 0.9863939238321437
    outer loop
      vertex 386.0827625302982 16 126
      vertex 442.13718683496967 20 135.34240405077858
      vertex 440.6341103796064 20 135.09189130821804
    endloop
  endfacet
  facet normal -0.16439898730536115 4.700240197053075e-14 0.9863939238321431
    outer loop
      vertex 408.19161113964105 16 129.68480810155714
      vertex 410.54016810114615 16 130.076234261808
      vertex 455.4346472847415 20 137.55864745907388
    endloop
  endfacet
  facet normal -0.1643989873053573 2.194323154553186e-15 0.9863939238321437
    outer loop
      vertex 410.54016810114615 16 130.076234261808
      vertex 412.13718683496967 16 130.34240405077858
      vertex 455.4346472847415 20 137.55864745907388
    endloop
  endfacet
  facet normal 0 -1 0
    outer loop
      vertex 412.79478278419106 16 126.39682835545
      vertex 438.8492070888625 16 130.73923240622858
      vertex 438.19161113964105 16 134.68480810155714
    endloop
  endfacet
  facet normal 0.16439898730535762 0 -0.9863939238321437
    outer loop
      vertex 412.79478278419106 18.666666666666668 126.39682835545
      vertex 438.8492070888625 20 130.73923240622858
      vertex 438.8492070888625 17.333333333333332 130.73923240622858
    endloop
  endfacet
  facet normal -0.1643989873053566 -1.264978448763317e-14 0.9863939238321439
    outer loop
      vertex 386.0827625302982 16 126
      vertex 455.4346472847415 20 137.55864745907388
      vertex 442.13718683496967 20 135.34240405077858
    endloop
  endfacet
  facet normal 0 1 0
    outer loop
      vertex 412.13718683496967 20 130.34240405077858
      vertex 438.19161113964105 20 134.68480810155714
      vertex 438.8492070888625 20 130.73923240622858
    endloop
  endfacet
  facet normal 0.16439898730535765 -1.5456162891597427e-14 -0.9863939238321436
    outer loop
      vertex 412.79478278419106 16 126.39682835545
      vertex 440.41679577139894 17.253112092635753 131.0004971866513
      vertex 438.8492070888625 16 130.73923240622858
    endloop
  endfacet
  facet normal 0.1643989873053516 1.2071805706810256e-13 -0.9863939238321447
    outer loop
      vertex 412.79478278419106 16 126.39682835545
      vertex 438.8492070888625 17.333333333333332 130.73923240622858
      vertex 440.41679577139894 17.253112092635753 131.0004971866513
    endloop
  endfacet
  facet normal -0.16439898730535693 -1.6140253854340642e-15 0.9863939238321439
    outer loop
      vertex 412.13718683496967 16 130.34240405077858
      vertex 438.19161113964105 16 134.68480810155714
      vertex 455.4346472847415 20 137.55864745907388
    endloop
  endfacet
  facet normal 0.16439898730536112 0 -0.9863939238321431
    outer loop
      vertex 440.41679577139894 17.253112092635753 131.0004971866513
      vertex 442.79478278419106 17.131418774322018 131.39682835545
      vertex 442.79478278419106 16 131.39682835545
    endloop
  endfacet
  facet normal 0.16439898730535835 0 -0.9863939238321435
    outer loop
      vertex 442.79478278419106 16 131.39682835545
      vertex 442.79478278419106 17.131418774322018 131.39682835545
      vertex 451.56220763619655 16 132.85806583078426
    endloop
  endfacet
  facet normal 0 -1 0
    outer loop
      vertex 442.79478278419106 16 131.39682835545
      vertex 451.1262784765267 16 135.09104753386904
      vertex 442.13718683496967 16 135.34240405077858
    endloop
  endfacet
  facet normal 0.16439898730535835 0 -0.9863939238321436
    outer loop
      vertex 442.79478278419106 17.131418774322018 131.39682835545
      vertex 442.79478278419106 20 131.39682835545
      vertex 451.56220763619655 16 132.85806583078426
    endloop
  endfacet
  facet normal 0 1 0
    outer loop
      vertex 442.79478278419106 20 131.39682835545
      vertex 442.13718683496967 20 135.34240405077858
      vertex 451.1262784765267 20 134.05577135345894
    endloop
  endfacet
  facet normal -0.16439898730536115 1.7159607068606464e-14 0.9863939238321431
    outer loop
      vertex 438.19161113964105 16 134.68480810155714
      vertex 440.54016810114615 16 135.076234261808
      vertex 455.4346472847415 20 137.55864745907388
    endloop
  endfacet
  facet normal -0.1643989873053573 2.33146835171276e-15 0.9863939238321437
    outer loop
      vertex 440.54016810114615 16 135.076234261808
      vertex 442.13718683496967 16 135.34240405077858
      vertex 455.4346472847415 20 137.55864745907388
    endloop
  endfacet
  facet normal 0 -1 0
    outer loop
      vertex 442.79478278419106 16 131.39682835545
      vertex 451.56220763619655 16 132.85806583078426
      vertex 451.1262784765267 16 134.05577135345894
    endloop
  endfacet
  facet normal 0 -1 0
    outer loop
      vertex 442.79478278419106 16 131.39682835545
      vertex 451.1262784765267 16 134.05577135345894
      vertex 451.1262784765267 16 135.09104753386904
    endloop
  endfacet
  facet normal 0.16439898730535835 0 -0.9863939238321437
    outer loop
      vertex 442.79478278419106 20 131.39682835545
      vertex 451.56220763619655 20 132.85806583078426
      vertex 451.56220763619655 16 132.85806583078426
    endloop
  endfacet
  facet normal 0 1 0
    outer loop
      vertex 442.79478278419106 20 131.39682835545
      vertex 451.1262784765267 20 134.05577135345894
      vertex 451.56220763619655 20 132.85806583078426
    endloop
  endfacet
  facet normal 0 -1 0
    outer loop
      vertex 442.13718683496967 16 135.34240405077858
      vertex 451.1262784765267 16 135.09104753386904
      vertex 451.6439165667317 16 135.9876230060371
    endloop
  endfacet
  facet normal 0 -1 0
    outer loop
      vertex 442.13718683496967 16 135.34240405077858
      vertex 451.6439165667317 16 135.9876230060371
      vertex 452.5404920388998 16 136.50526109624212
    endloop
  endfacet
  facet normal 0 1 0
    outer loop
      vertex 442.13718683496967 20 135.34240405077858
      vertex 451.1262784765267 20 135.09104753386904
      vertex 451.1262784765267 20 134.05577135345894
    endloop
  endfacet
  facet normal 0 1 0
    outer loop
      vertex 442.13718683496967 20 135.34240405077858
      vertex 451.6439165667317 20 135.9876230060371
      vertex 451.1262784765267 20 135.09104753386904
    endloop
  endfacet
  facet normal 0 1 0
    outer loop
      vertex 442.13718683496967 20 135.34240405077858
      vertex 452.5404920388998 20 136.50526109624212
      vertex 451.6439165667317 20 135.9876230060371
    endloop
  endfacet
  facet normal 0 -1 0
    outer loop
      vertex 442.13718683496967 16 135.34240405077858
      vertex 452.5404920388998 16 136.50526109624212
      vertex 455.4346472847415 16 137.55864745907388
    endloop
  endfacet
  facet normal 0 1 0
    outer loop
      vertex 442.13718683496967 20 135.34240405077858
      vertex 455.4346472847415 20 137.55864745907388
      vertex 452.5404920388998 20 136.50526109624212
    endloop
  endfacet
  facet normal -0.1643989873053566 0 0.9863939238321439
    outer loop
      vertex 442.13718683496967 16 135.34240405077858
      vertex 455.4346472847415 16 137.55864745907388
      vertex 455.4346472847415 20 137.55864745907388
    endloop
  endfacet
  facet normal 0 -1 0
    outer loop
      vertex 386.74035847951967 52 122.05442430467143
      vertex 408.19161113964105 52 129.68480810155714
      vertex 386.0827625302982 52 126
    endloop
  endfacet
  facet normal 0 1 0
    outer loop
      vertex 386.74035847951967 56 122.05442430467143
      vertex 386.0827625302982 56 126
      vertex 408.8492070888625 56 125.73923240622857
    endloop
  endfacet
  facet normal -0.1643989873053573 0 0.9863939238321436
    outer loop
      vertex 386.0827625302982 52 126
      vertex 408.19161113964105 56 129.68480810155714
      vertex 386.0827625302982 56 126
    endloop
  endfacet
  facet normal 0.1643989873053573 0 -0.9863939238321436
    outer loop
      vertex 386.74035847951967 52 122.05442430467143
      vertex 386.74035847951967 56 122.05442430467143
      vertex 408.8492070888625 52 125.73923240622857
    endloop
  endfacet
  facet normal 0 1 0
    outer loop
      vertex 386.0827625302982 56 126
      vertex 408.19161113964105 56 129.68480810155714
      vertex 408.8492070888625 56 125.73923240622857
    endloop
  endfacet
  facet normal 0 -1 0
    outer loop
      vertex 386.74035847951967 52 122.05442430467143
      vertex 408.8492070888625 52 125.73923240622857
      vertex 408.19161113964105 52 129.68480810155714
    endloop
  endfacet
  facet normal 0.1643989873053573 0 -0.9863939238321436
    outer loop
      vertex 386.74035847951967 56 122.05442430467143
      vertex 408.8492070888625 54.868581225677985 125.73923240622857
      vertex 408.8492070888625 52 125.73923240622857
    endloop
  endfacet
  facet normal 0.1643989873053573 0 -0.9863939238321437
    outer loop
      vertex 386.74035847951967 56 122.05442430467143
      vertex 408.8492070888625 56 125.73923240622857
      vertex 408.8492070888625 54.868581225677985 125.73923240622857
    endloop
  endfacet
  facet normal -0.16439898730535452 -1.4921397450962007e-14 0.9863939238321442
    outer loop
      vertex 386.0827625302982 52 126
      vertex 411.4795908857482 56 130.23280472590832
      vertex 408.19161113964105 56 129.68480810155714
    endloop
  endfacet
  facet normal -0.16439898730538494 1.8651746813702087e-13 0.9863939238321391
    outer loop
      vertex 386.0827625302982 52 126
      vertex 412.13718683496967 56 130.34240405077858
      vertex 411.4795908857482 56 130.23280472590832
    endloop
  endfacet
  facet normal 0.16439898730536395 0 -0.9863939238321426
    outer loop
      vertex 408.8492070888625 52 125.73923240622857
      vertex 408.8492070888625 54.868581225677985 125.73923240622857
      vertex 409.53419832451533 54.83352684731763 125.85339761217071
    endloop
  endfacet
  facet normal 0.16439898730535732 0 -0.9863939238321437
    outer loop
      vertex 409.53419832451533 54.83352684731763 125.85339761217071
      vertex 412.79478278419106 54.666666666666664 126.39682835545
      vertex 412.79478278419106 52 126.39682835545
    endloop
  endfacet
  facet normal -0.16439898730535693 -4.573071925396515e-15 0.9863939238321439
    outer loop
      vertex 386.0827625302982 52 126
      vertex 438.19161113964105 56 134.68480810155714
      vertex 412.13718683496967 56 130.34240405077858
    endloop
  endfacet
  facet normal -0.1643989873053573 0 0.9863939238321436
    outer loop
      vertex 386.0827625302982 52 126
      vertex 408.19161113964105 52 129.68480810155714
      vertex 455.4346472847415 56 137.55864745907388
    endloop
  endfacet
  facet normal 0 -1 0
    outer loop
      vertex 412.79478278419106 52 126.39682835545
      vertex 438.19161113964105 52 134.68480810155714
      vertex 412.13718683496967 52 130.34240405077858
    endloop
  endfacet
  facet normal 0.16439898730535762 0 -0.9863939238321437
    outer loop
      vertex 412.79478278419106 52 126.39682835545
      vertex 412.79478278419106 54.666666666666664 126.39682835545
      vertex 438.8492070888625 53.333333333333336 130.73923240622858
    endloop
  endfacet
  facet normal 0.16439898730535765 0 -0.9863939238321437
    outer loop
      vertex 412.79478278419106 54.666666666666664 126.39682835545
      vertex 412.79478278419106 56 126.39682835545
      vertex 438.8492070888625 56 130.73923240622858
    endloop
  endfacet
  facet normal 0 1 0
    outer loop
      vertex 412.79478278419106 56 126.39682835545
      vertex 412.13718683496967 56 130.34240405077858
      vertex 438.8492070888625 56 130.73923240622858
    endloop
  endfacet
  facet normal -0.16439898730536281 7.247535904752963e-14 0.9863939238321427
    outer loop
      vertex 386.0827625302982 52 126
      vertex 441.4795908857482 56 135.23280472590835
      vertex 438.19161113964105 56 134.68480810155714
    endloop
  endfacet
  facet normal -0.16439898730534344 -2.1316282072802534e-13 0.986393923832146
    outer loop
      vertex 386.0827625302982 52 126
      vertex 442.13718683496967 56 135.34240405077858
      vertex 441.4795908857482 56 135.23280472590835
    endloop
  endfacet
  facet normal -0.16439898730536015 3.456058968421328e-14 0.9863939238321433
    outer loop
      vertex 408.19161113964105 52 129.68480810155714
      vertex 411.38564860728803 52 130.2171476794983
      vertex 455.4346472847415 56 137.55864745907388
    endloop
  endfacet
  facet normal -0.1643989873053573 2.3314683517128224e-15 0.9863939238321437
    outer loop
      vertex 411.38564860728803 52 130.2171476794983
      vertex 412.13718683496967 52 130.34240405077858
      vertex 455.4346472847415 56 137.55864745907388
    endloop
  endfacet
  facet normal 0.16439898730535765 -7.469852317610785e-15 -0.9863939238321436
    outer loop
      vertex 412.79478278419106 52 126.39682835545
      vertex 439.57029788282927 53.29643156261245 130.85941420522303
      vertex 438.8492070888625 52 130.73923240622858
    endloop
  endfacet
  facet normal 0 -1 0
    outer loop
      vertex 412.79478278419106 52 126.39682835545
      vertex 438.8492070888625 52 130.73923240622858
      vertex 438.19161113964105 52 134.68480810155714
    endloop
  endfacet
  facet normal 0.16439898730535762 0 -0.9863939238321437
    outer loop
      vertex 412.79478278419106 54.666666666666664 126.39682835545
      vertex 438.8492070888625 56 130.73923240622858
      vertex 438.8492070888625 53.333333333333336 130.73923240622858
    endloop
  endfacet
  facet normal 0.1643989873053508 1.3121527942184645e-13 -0.9863939238321449
    outer loop
      vertex 412.79478278419106 52 126.39682835545
      vertex 438.8492070888625 53.333333333333336 130.73923240622858
      vertex 439.57029788282927 53.29643156261245 130.85941420522303
    endloop
  endfacet
  facet normal -0.1643989873053566 -1.264978448763317e-14 0.9863939238321439
    outer loop
      vertex 386.0827625302982 52 126
      vertex 455.4346472847415 56 137.55864745907388
      vertex 442.13718683496967 56 135.34240405077858
    endloop
  endfacet
  facet normal 0 1 0
    outer loop
      vertex 412.13718683496967 56 130.34240405077858
      vertex 438.19161113964105 56 134.68480810155714
      vertex 438.8492070888625 56 130.73923240622858
    endloop
  endfacet
  facet normal -0.16439898730535693 -1.6140253854340642e-15 0.9863939238321439
    outer loop
      vertex 412.13718683496967 52 130.34240405077858
      vertex 438.19161113964105 52 134.68480810155714
      vertex 455.4346472847415 56 137.55864745907388
    endloop
  endfacet
  facet normal 0.1643989873053573 0 -0.9863939238321437
    outer loop
      vertex 439.57029788282927 53.29643156261245 130.85941420522303
      vertex 442.79478278419106 53.131418774322015 131.39682835545
      vertex 442.79478278419106 52 131.39682835545
    endloop
  endfacet
  facet normal 0.16439898730535335 0 -0.9863939238321444
    outer loop
      vertex 442.79478278419106 53.131418774322015 131.39682835545
      vertex 442.79478278419106 56 131.39682835545
      vertex 447.38190184257 56 132.16134819851314
    endloop
  endfacet
  facet normal 0 1 0
    outer loop
      vertex 442.79478278419106 56 131.39682835545
      vertex 442.13718683496967 56 135.34240405077858
      vertex 447.38190184257 56 132.16134819851314
    endloop
  endfacet
  facet normal 0.16439898730535937 0 -0.9863939238321434
    outer loop
      vertex 442.79478278419106 52 131.39682835545
      vertex 442.79478278419106 53.131418774322015 131.39682835545
      vertex 451.5622076361965 52 132.85806583078426
    endloop
  endfacet
  facet normal 0 -1 0
    outer loop
      vertex 442.79478278419106 52 131.39682835545
      vertex 451.1262784765267 52 135.09104753386904
      vertex 442.13718683496967 52 135.34240405077858
    endloop
  endfacet
  facet normal 0 1 0
    outer loop
      vertex 447.38190184257 56 132.16134819851314
      vertex 442.13718683496967 56 135.34240405077858
      vertex 447.69944103389804 56 132.61484116167077
    endloop
  endfacet
  facet normal 0.16439898730536284 -1.5611227551215976e-14 -0.9863939238321429
    outer loop
      vertex 442.79478278419106 53.131418774322015 131.39682835545
      vertex 447.38190184257 56 132.16134819851314
      vertex 448.1615262618926 55.09285034670988 132.2912856017336
    endloop
  endfacet
  facet normal -0.16439898730536015 1.2617358138681039e-14 0.9863939238321433
    outer loop
      vertex 438.19161113964105 52 134.68480810155714
      vertex 441.38564860728803 52 135.2171476794983
      vertex 455.4346472847415 56 137.55864745907388
    endloop
  endfacet
  facet normal 0 1 0
    outer loop
      vertex 442.13718683496967 56 135.34240405077858
      vertex 451.1262784765267 56 135.09104753386904
      vertex 447.69944103389804 56 132.61484116167077
    endloop
  endfacet
  facet normal -0.1643989873053573 2.3314683517128224e-15 0.9863939238321437
    outer loop
      vertex 441.38564860728803 52 135.2171476794983
      vertex 442.13718683496967 52 135.34240405077858
      vertex 455.4346472847415 56 137.55864745907388
    endloop
  endfacet
  facet normal 0 -1 0
    outer loop
      vertex 442.79478278419106 52 131.39682835545
      vertex 451.5622076361965 52 132.85806583078426
      vertex 451.1262784765267 52 134.05577135345894
    endloop
  endfacet
  facet normal 0 -1 0
    outer loop
      vertex 442.79478278419106 52 131.39682835545
      vertex 451.1262784765267 52 134.05577135345894
      vertex 451.1262784765267 52 135.09104753386904
    endloop
  endfacet
  facet normal 0.16439898730535885 -4.2922264096869885e-15 -0.9863939238321435
    outer loop
      vertex 442.79478278419106 53.131418774322015 131.39682835545
      vertex 448.1615262618926 55.09285034670988 132.2912856017336
      vertex 451.5622076361965 52 132.85806583078426
    endloop
  endfacet
  facet normal 0.16439898730536265 0 -0.9863939238321429
    outer loop
      vertex 448.1615262618926 55.09285034670988 132.2912856017336
      vertex 448.1615262618926 56 132.2912856017336
      vertex 451.5622076361965 52 132.85806583078426
    endloop
  endfacet
  facet normal 0 1 0
    outer loop
      vertex 447.69944103389804 56 132.61484116167077
      vertex 451.1262784765267 56 134.05577135345894
      vertex 448.1615262618926 56 132.2912856017336
    endloop
  endfacet
  facet normal 0 1 0
    outer loop
      vertex 448.1615262618926 56 132.2912856017336
      vertex 451.1262784765267 56 134.05577135345894
      vertex 451.56220763619655 56 132.85806583078426
    endloop
  endfacet
  facet normal 0 1 0
    outer loop
      vertex 447.69944103389804 56 132.61484116167077
      vertex 451.1262784765267 56 135.09104753386904
      vertex 451.1262784765267 56 134.05577135345894
    endloop
  endfacet
  facet normal 0.16439898730535998 -2.3347085941398764e-15 -0.9863939238321433
    outer loop
      vertex 448.1615262618926 56 132.2912856017336
      vertex 451.56220763619655 56 132.85806583078426
      vertex 451.5622076361965 52 132.85806583078426
    endloop
  endfacet
  facet normal 0 -1 0
    outer loop
      vertex 442.13718683496967 52 135.34240405077858
      vertex 451.1262784765267 52 135.09104753386904
      vertex 451.6439165667317 52 135.9876230060371
    endloop
  endfacet
  facet normal 0 -1 0
    outer loop
      vertex 442.13718683496967 52 135.34240405077858
      vertex 451.6439165667317 52 135.9876230060371
      vertex 452.5404920388998 52 136.50526109624212
    endloop
  endfacet
  facet normal 0 1 0
    outer loop
      vertex 442.13718683496967 56 135.34240405077858
      vertex 451.6439165667317 56 135.9876230060371
      vertex 451.1262784765267 56 135.09104753386904
    endloop
  endfacet
  facet normal 0 1 0
    outer loop
      vertex 442.13718683496967 56 135.34240405077858
      vertex 452.5404920388998 56 136.50526109624212
      vertex 451.6439165667317 56 135.9876230060371
    endloop
  endfacet
  facet normal 0 -1 0
    outer loop
      vertex 442.13718683496967 52 135.34240405077858
      vertex 452.5404920388998 52 136.50526109624212
      vertex 455.4346472847415 52 137.55864745907388
    endloop
  endfacet
  facet normal 0 1 0
    outer loop
      vertex 442.13718683496967 56 135.34240405077858
      vertex 455.4346472847415 56 137.55864745907388
      vertex 452.5404920388998 56 136.50526109624212
    endloop
  endfacet
  facet normal -0.1643989873053566 0 0.9863939238321439
    outer loop
      vertex 442.13718683496967 52 135.34240405077858
      vertex 455.4346472847415 52 137.55864745907388
      vertex 455.4346472847415 56 137.55864745907388
    endloop
  endfacet
  facet normal 0.16439898730535846 0 -0.9863939238321435
    outer loop
      vertex 408.8492070888625 -84 125.73923240622857
      vertex 408.8492070888625 -56 125.73923240622857
      vertex 412.79478278419106 -84 126.39682835545
    endloop
  endfacet
  facet normal -0.9863939238321431 0 -0.16439898730536134
    outer loop
      vertex 408.8492070888625 -84 125.73923240622857
      vertex 408.19161113964105 -84 129.68480810155714
      vertex 408.19161113964105 -56 129.68480810155714
    endloop
  endfacet
  facet normal -0.1643989873053596 3.895693291765018e-16 0.9863939238321434
    outer loop
      vertex 408.19161113964105 -84 129.68480810155714
      vertex 412.13718683496967 -84 130.34240405077858
      vertex 408.8492070888625 -56 129.79440742642737
    endloop
  endfacet
  facet normal 0.9863939238321455 0 0.16439898730534694
    outer loop
      vertex 412.79478278419106 -84 126.39682835545
      vertex 412.79478278419106 -56 126.39682835545
      vertex 412.13718683496967 -84 130.34240405077858
    endloop
  endfacet
  facet normal -0.9863939238321431 0 -0.16439898730536134
    outer loop
      vertex 408.8492070888625 -84 125.73923240622857
      vertex 408.19161113964105 -56 129.68480810155714
      vertex 408.8492070888625 -56 125.73923240622857
    endloop
  endfacet
  facet normal 0.1643989873053587 0 -0.9863939238321436
    outer loop
      vertex 408.8492070888625 -53.131418774322015 125.73923240622857
      vertex 408.8492070888625 -52 125.73923240622857
      vertex 412.07369199022435 -53.29643156261245 126.27664655645555
    endloop
  endfacet
  facet normal 0.16439898730535868 3.3628254481459926e-17 -0.9863939238321435
    outer loop
      vertex 412.79478278419106 -84 126.39682835545
      vertex 408.8492070888625 -56 125.73923240622857
      vertex 412.07369199022435 -53.29643156261245 126.27664655645555
    endloop
  endfacet
  facet normal 0.1643989873053573 0 -0.9863939238321439
    outer loop
      vertex 412.79478278419106 -84 126.39682835545
      vertex 412.07369199022435 -53.29643156261245 126.27664655645555
      vertex 412.79478278419106 -56 126.39682835545
    endloop
  endfacet
  facet normal 0.242535186087853 0.001902540043928949 -0.970140744351412
    outer loop
      vertex 412.79478278419106 -84 126.39682835545
      vertex 411.2271941016547 -17.253112092635753 126.13556357502726
      vertex 412.07369199022435 -53.29643156261245 126.27664655645555
    endloop
  endfacet
  facet normal 0.16439898730535732 0 -0.9863939238321437
    outer loop
      vertex 412.07369199022435 -53.29643156261245 126.27664655645555
      vertex 412.79478278419106 -52 126.39682835545
      vertex 412.79478278419106 -53.333333333333336 126.39682835545
    endloop
  endfacet
  facet normal -0.16439898730534347 0 0.9863939238321461
    outer loop
      vertex 408.19161113964105 -84 129.68480810155714
      vertex 408.8492070888625 -56 129.79440742642737
      vertex 408.19161113964105 -56 129.68480810155714
    endloop
  endfacet
  facet normal -0.16439898730536281 0 0.9863939238321427
    outer loop
      vertex 412.13718683496967 -84 130.34240405077858
      vertex 412.13718683496967 -56 130.34240405077858
      vertex 408.8492070888625 -56 129.79440742642737
    endloop
  endfacet
  facet normal 0.9863939238321455 0 0.16439898730534694
    outer loop
      vertex 412.13718683496967 -84 130.34240405077858
      vertex 412.79478278419106 -56 126.39682835545
      vertex 412.13718683496967 -56 130.34240405077858
    endloop
  endfacet
  facet normal 0.1643989873053587 0 -0.9863939238321435
    outer loop
      vertex 408.8492070888625 -52 125.73923240622857
      vertex 408.8492070888625 -20 125.73923240622857
      vertex 412.07369199022435 -53.29643156261245 126.27664655645555
    endloop
  endfacet
  facet normal -0.9863939238321431 0 -0.16439898730536132
    outer loop
      vertex 408.8492070888625 -52 125.73923240622857
      vertex 408.19161113964105 -20 129.68480810155714
      vertex 408.8492070888625 -20 125.73923240622857
    endloop
  endfacet
  facet normal 0.16439898730535743 -1.2626048171325651e-16 -0.9863939238321437
    outer loop
      vertex 412.07369199022435 -53.29643156261245 126.27664655645555
      vertex 408.8492070888625 -20 125.73923240622857
      vertex 411.2271941016547 -17.253112092635753 126.13556357502726
    endloop
  endfacet
  facet normal 0.16439898730535726 0 -0.9863939238321437
    outer loop
      vertex 412.07369199022435 -53.29643156261245 126.27664655645555
      vertex 412.79478278419106 -20 126.39682835545
      vertex 412.79478278419106 -52 126.39682835545
    endloop
  endfacet
  facet normal 0.16439898730536007 -6.241108478775813e-17 -0.9863939238321432
    outer loop
      vertex 412.07369199022435 -53.29643156261245 126.27664655645555
      vertex 411.2271941016547 -17.253112092635753 126.13556357502726
      vertex 412.79478278419106 -20 126.39682835545
    endloop
  endfacet
  facet normal -0.16396662707840864 0 0.986465886487987
    outer loop
      vertex 412.79478278419106 -84 126.39682835545
      vertex 412.07369199022435 -53.29643156261245 126.27664655645555
      vertex 409.53419832451533 54.83352684731763 125.85339761217071
    endloop
  endfacet
  facet normal -0.27700840912441166 -0.010290959255059 -0.9608123840958614
    outer loop
      vertex 412.79478278419106 -84 126.39682835545
      vertex 410.380696213085 18.790207377340938 125.994480593599
      vertex 411.2271941016547 -17.253112092635753 126.13556357502726
    endloop
  endfacet
  facet normal -0.9863939238321431 0 -0.16439898730536132
    outer loop
      vertex 408.8492070888625 -52 125.73923240622857
      vertex 408.19161113964105 -52 129.68480810155714
      vertex 408.19161113964105 -20 129.68480810155714
    endloop
  endfacet
  facet normal -0.1643989873053573 0 0.9863939238321437
    outer loop
      vertex 408.19161113964105 -52 129.68480810155714
      vertex 408.9431493673227 -52 129.8100644728374
      vertex 408.19161113964105 -20 129.68480810155714
    endloop
  endfacet
  facet normal -0.16439898730536015 6.857259857978826e-17 0.9863939238321433
    outer loop
      vertex 408.9431493673227 -52 129.8100644728374
      vertex 412.13718683496967 -52 130.34240405077858
      vertex 409.6946875950043 -20 129.93532084411768
    endloop
  endfacet
  facet normal -0.1643989873053573 0 0.9863939238321437
    outer loop
      vertex 408.9431493673227 -52 129.8100644728374
      vertex 409.6946875950043 -20 129.93532084411768
      vertex 408.19161113964105 -20 129.68480810155714
    endloop
  endfacet
  facet normal 0.9863939238321455 0 0.16439898730534694
    outer loop
      vertex 412.79478278419106 -52 126.39682835545
      vertex 412.79478278419106 -20 126.39682835545
      vertex 412.13718683496967 -52 130.34240405077858
    endloop
  endfacet
  facet normal -0.16439898730536098 0 0.986393923832143
    outer loop
      vertex 412.13718683496967 -52 130.34240405077858
      vertex 412.13718683496967 -20 130.34240405077858
      vertex 409.6946875950043 -20 129.93532084411768
    endloop
  endfacet
  facet normal 0.9863939238321455 0 0.16439898730534694
    outer loop
      vertex 412.13718683496967 -52 130.34240405077858
      vertex 412.79478278419106 -20 126.39682835545
      vertex 412.13718683496967 -20 130.34240405077858
    endloop
  endfacet
  facet normal 0.1643989873053573 0 -0.9863939238321437
    outer loop
      vertex 408.8492070888625 -17.131418774322018 125.73923240622857
      vertex 408.8492070888625 -16 125.73923240622857
      vertex 411.2271941016547 -17.253112092635753 126.13556357502726
    endloop
  endfacet
  facet normal 0.1643989873053573 0 -0.9863939238321437
    outer loop
      vertex 408.8492070888625 -16 125.73923240622857
      vertex 408.8492070888625 16 125.73923240622857
      vertex 411.2271941016547 -17.253112092635753 126.13556357502726
    endloop
  endfacet
  facet normal 0.4753543161396346 0.00775998183996605 -0.8797602268852939
    outer loop
      vertex 412.79478278419106 -84 126.39682835545
      vertex 409.53419832451533 54.83352684731763 125.85339761217071
      vertex 410.380696213085 18.790207377340938 125.994480593599
    endloop
  endfacet
  facet normal 0.16439898730536018 0 -0.9863939238321431
    outer loop
      vertex 411.2271941016547 -17.253112092635753 126.13556357502726
      vertex 412.79478278419106 -16 126.39682835545
      vertex 412.79478278419106 -17.333333333333332 126.39682835545
    endloop
  endfacet
  facet normal 0.9997229079910233 0.02353948253407683 0
    outer loop
      vertex 412.07369199022435 -53.29643156261245 126.27664655645555
      vertex 411.2271941016547 -17.253112092635753 126.13556357502726
      vertex 409.53419832451533 54.83352684731763 125.85339761217071
    endloop
  endfacet
  facet normal 0.16439898730536018 0 -0.9863939238321433
    outer loop
      vertex 411.2271941016547 -17.253112092635753 126.13556357502726
      vertex 412.79478278419106 16 126.39682835545
      vertex 412.79478278419106 -16 126.39682835545
    endloop
  endfacet
  facet normal -0.9863939238321431 0 -0.16439898730536132
    outer loop
      vertex 408.8492070888625 -16 125.73923240622857
      vertex 408.19161113964105 -16 129.68480810155714
      vertex 408.19161113964105 16 129.68480810155714
    endloop
  endfacet
  facet normal -0.16439898730536298 0 0.9863939238321427
    outer loop
      vertex 408.19161113964105 -16 129.68480810155714
      vertex 409.7886298734645 -16 129.95097789052772
      vertex 408.19161113964105 16 129.68480810155714
    endloop
  endfacet
  facet normal -0.1643989873053573 0 0.9863939238321437
    outer loop
      vertex 409.7886298734645 -16 129.95097789052772
      vertex 412.13718683496967 -16 130.34240405077858
      vertex 410.54016810114615 16 130.076234261808
    endloop
  endfacet
  facet normal 0.9863939238321455 0 0.16439898730534694
    outer loop
      vertex 412.79478278419106 -16 126.39682835545
      vertex 412.79478278419106 16 126.39682835545
      vertex 412.13718683496967 -16 130.34240405077858
    endloop
  endfacet
  facet normal -0.9863939238321431 0 -0.16439898730536132
    outer loop
      vertex 408.8492070888625 -16 125.73923240622857
      vertex 408.19161113964105 16 129.68480810155714
      vertex 408.8492070888625 16 125.73923240622857
    endloop
  endfacet
  facet normal 0.16439898730536254 3.8620853229937397e-16 -0.9863939238321429
    outer loop
      vertex 411.2271941016547 -17.253112092635753 126.13556357502726
      vertex 408.8492070888625 16 125.73923240622857
      vertex 410.380696213085 18.790207377340938 125.994480593599
    endloop
  endfacet
  facet normal 0.16439898730536323 0 -0.9863939238321427
    outer loop
      vertex 408.8492070888625 18.868581225677982 125.73923240622857
      vertex 408.8492070888625 20 125.73923240622857
      vertex 410.380696213085 18.790207377340938 125.994480593599
    endloop
  endfacet
  facet normal -0.9997229079910233 -0.02353948253407683 0
    outer loop
      vertex 411.2271941016547 -17.253112092635753 126.13556357502726
      vertex 410.380696213085 18.790207377340938 125.994480593599
      vertex 409.53419832451533 54.83352684731763 125.85339761217071
    endloop
  endfacet
  facet normal 0.16439898730535565 2.1960616198678448e-16 -0.986393923832144
    outer loop
      vertex 411.2271941016547 -17.253112092635753 126.13556357502726
      vertex 410.380696213085 18.790207377340938 125.994480593599
      vertex 412.79478278419106 16 126.39682835545
    endloop
  endfacet
  facet normal 0.16439898730535538 0 -0.986393923832144
    outer loop
      vertex 410.380696213085 18.790207377340938 125.994480593599
      vertex 412.79478278419106 20 126.39682835545
      vertex 412.79478278419106 18.666666666666668 126.39682835545
    endloop
  endfacet
  facet normal -0.16439898730536115 9.325873406851339e-17 0.9863939238321431
    outer loop
      vertex 409.7886298734645 -16 129.95097789052772
      vertex 410.54016810114615 16 130.076234261808
      vertex 408.19161113964105 16 129.68480810155714
    endloop
  endfacet
  facet normal -0.1643989873053573 0 0.9863939238321437
    outer loop
      vertex 412.13718683496967 -16 130.34240405077858
      vertex 412.13718683496967 16 130.34240405077858
      vertex 410.54016810114615 16 130.076234261808
    endloop
  endfacet
  facet normal 0.9863939238321455 0 0.16439898730534694
    outer loop
      vertex 412.13718683496967 -16 130.34240405077858
      vertex 412.79478278419106 16 126.39682835545
      vertex 412.13718683496967 16 130.34240405077858
    endloop
  endfacet
  facet normal 0.16439898730536323 0 -0.9863939238321427
    outer loop
      vertex 408.8492070888625 20 125.73923240622857
      vertex 408.8492070888625 52 125.73923240622857
      vertex 410.380696213085 18.790207377340938 125.994480593599
    endloop
  endfacet
  facet normal -0.9863939238321431 0 -0.16439898730536132
    outer loop
      vertex 408.8492070888625 20 125.73923240622857
      vertex 408.19161113964105 52 129.68480810155714
      vertex 408.8492070888625 52 125.73923240622857
    endloop
  endfacet
  facet normal 0.1643989873053638 2.829976314262686e-17 -0.9863939238321426
    outer loop
      vertex 410.380696213085 18.790207377340938 125.994480593599
      vertex 408.8492070888625 52 125.73923240622857
      vertex 409.53419832451533 54.83352684731763 125.85339761217071
    endloop
  endfacet
  facet normal 0.1643989873053572 -1.3222410342269282e-16 -0.9863939238321436
    outer loop
      vertex 410.380696213085 18.790207377340938 125.994480593599
      vertex 409.53419832451533 54.83352684731763 125.85339761217071
      vertex 412.79478278419106 52 126.39682835545
    endloop
  endfacet
  facet normal 0.16439898730535538 0 -0.986393923832144
    outer loop
      vertex 410.380696213085 18.790207377340938 125.994480593599
      vertex 412.79478278419106 52 126.39682835545
      vertex 412.79478278419106 20 126.39682835545
    endloop
  endfacet
  facet normal -0.9863939238321431 0 -0.16439898730536132
    outer loop
      vertex 408.8492070888625 20 125.73923240622857
      vertex 408.19161113964105 20 129.68480810155714
      vertex 408.19161113964105 52 129.68480810155714
    endloop
  endfacet
  facet normal -0.16439898730536098 0 0.986393923832143
    outer loop
      vertex 408.19161113964105 20 129.68480810155714
      vertex 410.6341103796064 20 130.09189130821804
      vertex 408.19161113964105 52 129.68480810155714
    endloop
  endfacet
  facet normal -0.16439898730536015 6.910832200619285e-17 0.9863939238321433
    outer loop
      vertex 410.6341103796064 20 130.09189130821804
      vertex 411.38564860728803 52 130.2171476794983
      vertex 408.19161113964105 52 129.68480810155714
    endloop
  endfacet
  facet normal -0.1643989873053573 0 0.9863939238321437
    outer loop
      vertex 410.6341103796064 20 130.09189130821804
      vertex 412.13718683496967 20 130.34240405077858
      vertex 411.38564860728803 52 130.2171476794983
    endloop
  endfacet
  facet normal 0.9863939238321455 0 0.16439898730534694
    outer loop
      vertex 412.79478278419106 20 126.39682835545
      vertex 412.79478278419106 52 126.39682835545
      vertex 412.13718683496967 20 130.34240405077858
    endloop
  endfacet
  facet normal -0.1643989873053573 0 0.9863939238321437
    outer loop
      vertex 412.13718683496967 20 130.34240405077858
      vertex 412.13718683496967 52 130.34240405077858
      vertex 411.38564860728803 52 130.2171476794983
    endloop
  endfacet
  facet normal 0.9863939238321455 0 0.16439898730534694
    outer loop
      vertex 412.13718683496967 20 130.34240405077858
      vertex 412.79478278419106 52 126.39682835545
      vertex 412.13718683496967 52 130.34240405077858
    endloop
  endfacet
  facet normal 0.1643989873053639 0 -0.9863939238321426
    outer loop
      vertex 408.8492070888625 54.868581225677985 125.73923240622857
      vertex 408.8492070888625 56 125.73923240622857
      vertex 409.53419832451533 54.83352684731763 125.85339761217071
    endloop
  endfacet
  facet normal 0.1643989873053639 0 -0.9863939238321425
    outer loop
      vertex 408.8492070888625 56 125.73923240622857
      vertex 408.8492070888625 84 125.73923240622857
      vertex 409.53419832451533 54.83352684731763 125.85339761217071
    endloop
  endfacet
  facet normal 0.16439898730535726 0 -0.9863939238321436
    outer loop
      vertex 409.53419832451533 54.83352684731763 125.85339761217071
      vertex 412.79478278419106 56 126.39682835545
      vertex 412.79478278419106 54.666666666666664 126.39682835545
    endloop
  endfacet
  facet normal 0.1643989873053573 0 -0.9863939238321437
    outer loop
      vertex 409.53419832451533 54.83352684731763 125.85339761217071
      vertex 412.79478278419106 84 126.39682835545
      vertex 412.79478278419106 56 126.39682835545
    endloop
  endfacet
  facet normal -0.9863939238321431 0 -0.16439898730536134
    outer loop
      vertex 408.8492070888625 56 125.73923240622857
      vertex 408.19161113964105 56 129.68480810155714
      vertex 408.19161113964105 84 129.68480810155714
    endloop
  endfacet
  facet normal -0.16439898730535452 0 0.9863939238321441
    outer loop
      vertex 408.19161113964105 56 129.68480810155714
      vertex 411.4795908857482 56 130.23280472590832
      vertex 408.19161113964105 84 129.68480810155714
    endloop
  endfacet
  facet normal -0.16439898730538494 0 0.9863939238321391
    outer loop
      vertex 411.4795908857482 56 130.23280472590832
      vertex 412.13718683496967 56 130.34240405077858
      vertex 412.13718683496967 84 130.34240405077858
    endloop
  endfacet
  facet normal 0.9863939238321455 0 0.16439898730534694
    outer loop
      vertex 412.79478278419106 56 126.39682835545
      vertex 412.79478278419106 84 126.39682835545
      vertex 412.13718683496967 56 130.34240405077858
    endloop
  endfacet
  facet normal -0.9863939238321431 0 -0.16439898730536134
    outer loop
      vertex 408.8492070888625 56 125.73923240622857
      vertex 408.19161113964105 84 129.68480810155714
      vertex 408.8492070888625 84 125.73923240622857
    endloop
  endfacet
  facet normal 0.16439898730535846 -1.3227602083996305e-16 -0.9863939238321436
    outer loop
      vertex 409.53419832451533 54.83352684731763 125.85339761217071
      vertex 408.8492070888625 84 125.73923240622857
      vertex 412.79478278419106 84 126.39682835545
    endloop
  endfacet
  facet normal -0.1643989873053596 -6.116139341015309e-16 0.9863939238321434
    outer loop
      vertex 411.4795908857482 56 130.23280472590832
      vertex 412.13718683496967 84 130.34240405077858
      vertex 408.19161113964105 84 129.68480810155714
    endloop
  endfacet
  facet normal 0.9863939238321455 0 0.16439898730534694
    outer loop
      vertex 412.13718683496967 56 130.34240405077858
      vertex 412.79478278419106 84 126.39682835545
      vertex 412.13718683496967 84 130.34240405077858
    endloop
  endfacet
  facet normal -0.9863939238321365 1.2149308003397139e-14 -0.16439898730540015
    outer loop
      vertex 438.79106985392826 -69.42787422059766 131.08805581583385
      vertex 438.19161113964105 -56 134.68480810155714
      vertex 438.8492070888625 -68.76975078077861 130.73923240622858
    endloop
  endfacet
  facet normal -0.9863939238321454 -2.4698432284459523e-16 -0.16439898730534783
    outer loop
      vertex 438.5057293966216 -73.43558111343867 132.80009855967393
      vertex 438.28252076793837 -77.5142193909678 134.13935033177327
      vertex 438.19161113964105 -56 134.68480810155714
    endloop
  endfacet
  facet normal -0.9863939238321433 1.1125722287355162e-15 -0.1643989873053601
    outer loop
      vertex 438.5057293966216 -73.43558111343867 132.80009855967393
      vertex 438.19161113964105 -56 134.68480810155714
      vertex 438.79106985392826 -69.42787422059766 131.08805581583385
    endloop
  endfacet
  facet normal -0.986393923832143 0 -0.1643989873053619
    outer loop
      vertex 438.8492070888625 -68.76975078077861 130.73923240622858
      vertex 438.19161113964105 -56 134.68480810155714
      vertex 438.8492070888625 -56 130.73923240622858
    endloop
  endfacet
  facet normal 0.16439898730535726 0 -0.9863939238321436
    outer loop
      vertex 438.8492070888625 -68.76975078077861 130.73923240622858
      vertex 438.8492070888625 -56 130.73923240622858
      vertex 440.5457421630855 -65.50826032863425 131.0219882519324
    endloop
  endfacet
  facet normal 0.1643989873053573 0 -0.9863939238321437
    outer loop
      vertex 440.5457421630855 -65.50826032863425 131.0219882519324
      vertex 438.8492070888625 -56 130.73923240622858
      vertex 442.2948925181241 -62.715003542147834 131.3135133111055
    endloop
  endfacet
  facet normal 0.1643989873053573 0 -0.9863939238321437
    outer loop
      vertex 438.8492070888625 -54.666666666666664 130.73923240622858
      vertex 438.8492070888625 -52 130.73923240622858
      vertex 442.1097915485382 -54.83352684731763 131.28266314950787
    endloop
  endfacet
  facet normal 0.1643989873053573 0 -0.9863939238321439
    outer loop
      vertex 438.8492070888625 -56 130.73923240622858
      vertex 442.1097915485382 -54.83352684731763 131.28266314950787
      vertex 442.2948925181241 -62.715003542147834 131.3135133111055
    endloop
  endfacet
  facet normal 0.16439898730533908 0 -0.9863939238321469
    outer loop
      vertex 442.2948925181241 -62.715003542147834 131.3135133111055
      vertex 442.79478278419106 -56 131.39682835545
      vertex 442.79478278419106 -61.91671774918102 131.39682835545
    endloop
  endfacet
  facet normal 0.9863939238321461 2.503823243362367e-15 0.16439898730534325
    outer loop
      vertex 442.79478278419106 -61.91671774918102 131.39682835545
      vertex 442.13718683496967 -56 135.34240405077858
      vertex 442.41284064006294 -65.50826032863425 133.68848122021896
    endloop
  endfacet
  facet normal 0.16439898730534344 -3.33453509775496e-16 -0.986393923832146
    outer loop
      vertex 442.2948925181241 -62.715003542147834 131.3135133111055
      vertex 442.1097915485382 -54.83352684731763 131.28266314950787
      vertex 442.79478278419106 -56 131.39682835545
    endloop
  endfacet
  facet normal 0.164398987305344 0 -0.986393923832146
    outer loop
      vertex 442.1097915485382 -54.83352684731763 131.28266314950787
      vertex 442.79478278419106 -52 131.39682835545
      vertex 442.79478278419106 -54.868581225677985 131.39682835545
    endloop
  endfacet
  facet normal 0.9863939238321455 0 0.16439898730534694
    outer loop
      vertex 442.79478278419106 -61.91671774918102 131.39682835545
      vertex 442.79478278419106 -56 131.39682835545
      vertex 442.13718683496967 -56 135.34240405077858
    endloop
  endfacet
  facet normal -0.9863939238321437 0 -0.16439898730535726
    outer loop
      vertex 438.28252076793837 -77.5142193909678 134.13935033177327
      vertex 438.19161113964105 -79.86024582368347 134.68480810155714
      vertex 438.19161113964105 -56 134.68480810155714
    endloop
  endfacet
  facet normal -0.16439898730534033 0 0.9863939238321466
    outer loop
      vertex 438.19161113964105 -79.86024582368347 134.68480810155714
      vertex 438.72692637005895 -77.5142193909678 134.77402730662678
      vertex 438.19161113964105 -56 134.68480810155714
    endloop
  endfacet
  facet normal -0.16439898730538494 -1.1414999449021703e-15 0.9863939238321391
    outer loop
      vertex 438.72692637005895 -77.5142193909678 134.77402730662678
      vertex 438.8492070888625 -56 134.7944074264274
      vertex 438.19161113964105 -56 134.68480810155714
    endloop
  endfacet
  facet normal -0.1643989873053533 -1.3264695489613056e-15 0.9863939238321444
    outer loop
      vertex 438.72692637005895 -77.5142193909678 134.77402730662678
      vertex 440.0412753640296 -73.43558111343867 134.99308547228856
      vertex 438.8492070888625 -56 134.7944074264274
    endloop
  endfacet
  facet normal -0.1643989873053634 -2.0360975884671077e-15 0.9863939238321426
    outer loop
      vertex 440.0412753640296 -73.43558111343867 134.99308547228856
      vertex 441.7214834510226 -69.42787422059766 135.27312015345407
      vertex 438.8492070888625 -56 134.7944074264274
    endloop
  endfacet
  facet normal -0.16439898730535635 -4.935191475038485e-16 0.9863939238321439
    outer loop
      vertex 441.7214834510226 -69.42787422059766 135.27312015345407
      vertex 442.13718683496967 -68.6287085338591 135.34240405077858
      vertex 438.8492070888625 -56 134.7944074264274
    endloop
  endfacet
  facet normal -0.16439898730535452 0 0.9863939238321441
    outer loop
      vertex 438.8492070888625 -56 134.7944074264274
      vertex 442.13718683496967 -68.6287085338591 135.34240405077858
      vertex 442.13718683496967 -56 135.34240405077858
    endloop
  endfacet
  facet normal 0.9863939238321437 0 0.16439898730535732
    outer loop
      vertex 442.13718683496967 -68.6287085338591 135.34240405077858
      vertex 442.41284064006294 -65.50826032863425 133.68848122021896
      vertex 442.13718683496967 -56 135.34240405077858
    endloop
  endfacet
  facet normal -0.9863939238321431 0 -0.1643989873053619
    outer loop
      vertex 438.8492070888625 -52 130.73923240622858
      vertex 438.19161113964105 -52 134.68480810155714
      vertex 438.19161113964105 -20 134.68480810155714
    endloop
  endfacet
  facet normal -0.9863939238321431 0 -0.1643989873053619
    outer loop
      vertex 438.8492070888625 -52 130.73923240622858
      vertex 438.19161113964105 -20 134.68480810155714
      vertex 438.8492070888625 -20 130.73923240622858
    endloop
  endfacet
  facet normal 0.1643989873053573 0 -0.9863939238321437
    outer loop
      vertex 438.8492070888625 -52 130.73923240622858
      vertex 438.8492070888625 -20 130.73923240622858
      vertex 442.1097915485382 -54.83352684731763 131.28266314950787
    endloop
  endfacet
  facet normal 0.16439898730536084 3.4581688587473644e-16 -0.9863939238321431
    outer loop
      vertex 442.1097915485382 -54.83352684731763 131.28266314950787
      vertex 438.8492070888625 -20 130.73923240622858
      vertex 441.26329365996855 -18.790207377340938 131.1415801680796
    endloop
  endfacet
  facet normal -0.9863939238321431 0 -0.1643989873053619
    outer loop
      vertex 438.8492070888625 -16 130.73923240622858
      vertex 438.19161113964105 -16 134.68480810155714
      vertex 438.19161113964105 16 134.68480810155714
    endloop
  endfacet
  facet normal 0.16439898730536104 0 -0.9863939238321431
    outer loop
      vertex 438.8492070888625 -18.666666666666668 130.73923240622858
      vertex 438.8492070888625 -16 130.73923240622858
      vertex 441.26329365996855 -18.790207377340938 131.1415801680796
    endloop
  endfacet
  facet normal 0.16439898730536107 0 -0.9863939238321431
    outer loop
      vertex 438.8492070888625 -16 130.73923240622858
      vertex 438.8492070888625 16 130.73923240622858
      vertex 441.26329365996855 -18.790207377340938 131.1415801680796
    endloop
  endfacet
  facet normal 0.16439898730534402 0 -0.986393923832146
    outer loop
      vertex 442.1097915485382 -54.83352684731763 131.28266314950787
      vertex 442.79478278419106 -20 131.39682835545
      vertex 442.79478278419106 -52 131.39682835545
    endloop
  endfacet
  facet normal 0.9863939238321455 0 0.16439898730534694
    outer loop
      vertex 442.79478278419106 -52 131.39682835545
      vertex 442.79478278419106 -20 131.39682835545
      vertex 442.13718683496967 -52 135.34240405077858
    endloop
  endfacet
  facet normal 0.1643989873053454 -2.7794410229365455e-17 -0.9863939238321457
    outer loop
      vertex 442.1097915485382 -54.83352684731763 131.28266314950787
      vertex 441.26329365996855 -18.790207377340938 131.1415801680796
      vertex 442.79478278419106 -20 131.39682835545
    endloop
  endfacet
  facet normal 0.9863939238321455 0 0.16439898730534694
    outer loop
      vertex 442.13718683496967 -52 135.34240405077858
      vertex 442.79478278419106 -20 131.39682835545
      vertex 442.13718683496967 -20 135.34240405077858
    endloop
  endfacet
  facet normal 0.16439898730534544 0 -0.9863939238321457
    outer loop
      vertex 441.26329365996855 -18.790207377340938 131.1415801680796
      vertex 442.79478278419106 -16 131.39682835545
      vertex 442.79478278419106 -18.868581225677982 131.39682835545
    endloop
  endfacet
  facet normal 0.1643989873053454 0 -0.9863939238321457
    outer loop
      vertex 441.26329365996855 -18.790207377340938 131.1415801680796
      vertex 442.79478278419106 16 131.39682835545
      vertex 442.79478278419106 -16 131.39682835545
    endloop
  endfacet
  facet normal 0.9863939238321455 0 0.16439898730534694
    outer loop
      vertex 442.79478278419106 -16 131.39682835545
      vertex 442.79478278419106 16 131.39682835545
      vertex 442.13718683496967 -16 135.34240405077858
    endloop
  endfacet
  facet normal -0.1643989873053573 0 0.9863939238321437
    outer loop
      vertex 438.19161113964105 -52 134.68480810155714
      vertex 438.9431493673227 -52 134.8100644728374
      vertex 438.19161113964105 -20 134.68480810155714
    endloop
  endfacet
  facet normal -0.1643989873053573 0 0.9863939238321437
    outer loop
      vertex 438.9431493673227 -52 134.8100644728374
      vertex 439.6946875950043 -20 134.93532084411768
      vertex 438.19161113964105 -20 134.68480810155714
    endloop
  endfacet
  facet normal -0.16439898730536015 6.857259857978826e-17 0.9863939238321433
    outer loop
      vertex 438.9431493673227 -52 134.8100644728374
      vertex 442.13718683496967 -52 135.34240405077858
      vertex 439.6946875950043 -20 134.93532084411768
    endloop
  endfacet
  facet normal -0.16439898730536098 0 0.986393923832143
    outer loop
      vertex 442.13718683496967 -52 135.34240405077858
      vertex 442.13718683496967 -20 135.34240405077858
      vertex 439.6946875950043 -20 134.93532084411768
    endloop
  endfacet
  facet normal -0.16439898730536298 0 0.9863939238321427
    outer loop
      vertex 438.19161113964105 -16 134.68480810155714
      vertex 439.7886298734645 -16 134.95097789052772
      vertex 438.19161113964105 16 134.68480810155714
    endloop
  endfacet
  facet normal -0.1643989873053573 0 0.9863939238321437
    outer loop
      vertex 439.7886298734645 -16 134.95097789052772
      vertex 442.13718683496967 -16 135.34240405077858
      vertex 440.54016810114615 16 135.076234261808
    endloop
  endfacet
  facet normal -0.9863939238321431 0 -0.1643989873053619
    outer loop
      vertex 438.8492070888625 -16 130.73923240622858
      vertex 438.19161113964105 16 134.68480810155714
      vertex 438.8492070888625 16 130.73923240622858
    endloop
  endfacet
  facet normal 0.16439898730534647 -1.0378165239867293e-15 -0.9863939238321455
    outer loop
      vertex 441.26329365996855 -18.790207377340938 131.1415801680796
      vertex 438.8492070888625 16 130.73923240622858
      vertex 440.41679577139894 17.253112092635753 131.0004971866513
    endloop
  endfacet
  facet normal 0.16439898730536073 -6.940719051894604e-16 -0.9863939238321431
    outer loop
      vertex 441.26329365996855 -18.790207377340938 131.1415801680796
      vertex 440.41679577139894 17.253112092635753 131.0004971866513
      vertex 442.79478278419106 16 131.39682835545
    endloop
  endfacet
  facet normal 0.1643989873053457 0 -0.9863939238321456
    outer loop
      vertex 438.8492070888625 17.333333333333332 130.73923240622858
      vertex 438.8492070888625 20 130.73923240622858
      vertex 440.41679577139894 17.253112092635753 131.0004971866513
    endloop
  endfacet
  facet normal -0.9863939238321431 0 -0.1643989873053619
    outer loop
      vertex 438.8492070888625 20 130.73923240622858
      vertex 438.19161113964105 20 134.68480810155714
      vertex 438.19161113964105 52 134.68480810155714
    endloop
  endfacet
  facet normal -0.9863939238321431 0 -0.1643989873053619
    outer loop
      vertex 438.8492070888625 20 130.73923240622858
      vertex 438.19161113964105 52 134.68480810155714
      vertex 438.8492070888625 52 130.73923240622858
    endloop
  endfacet
  facet normal 0.1643989873053457 0 -0.9863939238321456
    outer loop
      vertex 438.8492070888625 20 130.73923240622858
      vertex 438.8492070888625 52 130.73923240622858
      vertex 440.41679577139894 17.253112092635753 131.0004971866513
    endloop
  endfacet
  facet normal 0.16439898730534472 -4.346035054046138e-17 -0.9863939238321459
    outer loop
      vertex 440.41679577139894 17.253112092635753 131.0004971866513
      vertex 438.8492070888625 52 130.73923240622858
      vertex 439.57029788282927 53.29643156261245 130.85941420522303
    endloop
  endfacet
  facet normal 0.1643989873053574 2.6207007548886447e-16 -0.9863939238321437
    outer loop
      vertex 440.41679577139894 17.253112092635753 131.0004971866513
      vertex 439.57029788282927 53.29643156261245 130.85941420522303
      vertex 442.79478278419106 52 131.39682835545
    endloop
  endfacet
  facet normal 0.9863939238321455 0 0.16439898730534694
    outer loop
      vertex 442.13718683496967 -16 135.34240405077858
      vertex 442.79478278419106 16 131.39682835545
      vertex 442.13718683496967 16 135.34240405077858
    endloop
  endfacet
  facet normal 0.16439898730536112 0 -0.9863939238321431
    outer loop
      vertex 440.41679577139894 17.253112092635753 131.0004971866513
      vertex 442.79478278419106 20 131.39682835545
      vertex 442.79478278419106 17.131418774322018 131.39682835545
    endloop
  endfacet
  facet normal 0.1643989873053611 0 -0.986393923832143
    outer loop
      vertex 440.41679577139894 17.253112092635753 131.0004971866513
      vertex 442.79478278419106 52 131.39682835545
      vertex 442.79478278419106 20 131.39682835545
    endloop
  endfacet
  facet normal 0.9863939238321455 0 0.16439898730534694
    outer loop
      vertex 442.79478278419106 20 131.39682835545
      vertex 442.79478278419106 52 131.39682835545
      vertex 442.13718683496967 20 135.34240405077858
    endloop
  endfacet
  facet normal 0.9863939238321455 0 0.16439898730534694
    outer loop
      vertex 442.13718683496967 20 135.34240405077858
      vertex 442.79478278419106 52 131.39682835545
      vertex 442.13718683496967 52 135.34240405077858
    endloop
  endfacet
  facet normal -0.16439898730536115 9.325873406851339e-17 0.9863939238321431
    outer loop
      vertex 439.7886298734645 -16 134.95097789052772
      vertex 440.54016810114615 16 135.076234261808
      vertex 438.19161113964105 16 134.68480810155714
    endloop
  endfacet
  facet normal -0.1643989873053573 0 0.9863939238321437
    outer loop
      vertex 442.13718683496967 -16 135.34240405077858
      vertex 442.13718683496967 16 135.34240405077858
      vertex 440.54016810114615 16 135.076234261808
    endloop
  endfacet
  facet normal -0.16439898730536098 0 0.986393923832143
    outer loop
      vertex 438.19161113964105 20 134.68480810155714
      vertex 440.6341103796064 20 135.09189130821804
      vertex 438.19161113964105 52 134.68480810155714
    endloop
  endfacet
  facet normal -0.1643989873053573 0 0.9863939238321437
    outer loop
      vertex 440.6341103796064 20 135.09189130821804
      vertex 442.13718683496967 20 135.34240405077858
      vertex 441.38564860728803 52 135.2171476794983
    endloop
  endfacet
  facet normal -0.16439898730536015 6.910832200619285e-17 0.9863939238321433
    outer loop
      vertex 440.6341103796064 20 135.09189130821804
      vertex 441.38564860728803 52 135.2171476794983
      vertex 438.19161113964105 52 134.68480810155714
    endloop
  endfacet
  facet normal -0.1643989873053573 0 0.9863939238321437
    outer loop
      vertex 442.13718683496967 20 135.34240405077858
      vertex 442.13718683496967 52 135.34240405077858
      vertex 441.38564860728803 52 135.2171476794983
    endloop
  endfacet
  facet normal -0.986393923832143 -1.3180872183277839e-15 -0.1643989873053619
    outer loop
      vertex 438.8492070888625 56 130.73923240622858
      vertex 438.19161113964105 56 134.68480810155714
      vertex 438.5057293966216 73.43558111343867 132.80009855967393
    endloop
  endfacet
  facet normal -0.9863939238321329 0 -0.16439898730542246
    outer loop
      vertex 438.8492070888625 56 130.73923240622858
      vertex 438.79106985392826 69.42787422059766 131.08805581583385
      vertex 438.8492070888625 68.76975078077861 130.73923240622858
    endloop
  endfacet
  facet normal -0.9863939238321434 -1.7016808813670844e-15 -0.16439898730535873
    outer loop
      vertex 438.8492070888625 56 130.73923240622858
      vertex 438.5057293966216 73.43558111343867 132.80009855967393
      vertex 438.79106985392826 69.42787422059766 131.08805581583385
    endloop
  endfacet
  facet normal -0.9863939238321454 2.4610223597729314e-16 -0.16439898730534785
    outer loop
      vertex 438.19161113964105 56 134.68480810155714
      vertex 438.28252076793837 77.5142193909678 134.13935033177327
      vertex 438.5057293966216 73.43558111343867 132.80009855967393
    endloop
  endfacet
  facet normal 0.1643989873053447 0 -0.9863939238321459
    outer loop
      vertex 438.8492070888625 53.333333333333336 130.73923240622858
      vertex 438.8492070888625 56 130.73923240622858
      vertex 439.57029788282927 53.29643156261245 130.85941420522303
    endloop
  endfacet
  facet normal 0.1643989873053433 -3.8280715008792444e-16 -0.9863939238321462
    outer loop
      vertex 438.8492070888625 56 130.73923240622858
      vertex 440.5457421630855 65.50826032863425 131.02198825193238
      vertex 439.57029788282927 53.29643156261245 130.85941420522303
    endloop
  endfacet
  facet normal 0.16439898730535732 0 -0.9863939238321437
    outer loop
      vertex 439.57029788282927 53.29643156261245 130.85941420522303
      vertex 442.79478278419106 56 131.39682835545
      vertex 442.79478278419106 53.131418774322015 131.39682835545
    endloop
  endfacet
  facet normal 0.16439898730535732 0 -0.9863939238321437
    outer loop
      vertex 439.57029788282927 53.29643156261245 130.85941420522303
      vertex 442.79478278419106 61.91671774918102 131.39682835545
      vertex 442.79478278419106 56 131.39682835545
    endloop
  endfacet
  facet normal 0.1643989873053412 0 -0.9863939238321464
    outer loop
      vertex 438.8492070888625 56 130.73923240622858
      vertex 438.8492070888625 68.76975078077861 130.73923240622858
      vertex 440.5457421630855 65.50826032863425 131.02198825193238
    endloop
  endfacet
  facet normal 0.16439898730536237 -1.944942035567842e-15 -0.9863939238321429
    outer loop
      vertex 439.57029788282927 53.29643156261245 130.85941420522303
      vertex 440.5457421630855 65.50826032863425 131.02198825193238
      vertex 442.79478278419106 61.91671774918102 131.39682835545
    endloop
  endfacet
  facet normal 0.9863939238321455 0 0.16439898730534694
    outer loop
      vertex 442.79478278419106 56 131.39682835545
      vertex 442.79478278419106 61.91671774918102 131.39682835545
      vertex 442.13718683496967 56 135.34240405077858
    endloop
  endfacet
  facet normal 0.9863939238321461 -2.5038232433623665e-15 0.16439898730534327
    outer loop
      vertex 442.13718683496967 56 135.34240405077858
      vertex 442.79478278419106 61.91671774918102 131.39682835545
      vertex 442.41284064006294 65.50826032863425 133.68848122021896
    endloop
  endfacet
  facet normal -0.16439898730536281 -7.276185281343082e-16 0.9863939238321427
    outer loop
      vertex 438.19161113964105 56 134.68480810155714
      vertex 441.4795908857482 56 135.23280472590835
      vertex 438.72692637005895 77.5142193909678 134.7740273066268
    endloop
  endfacet
  facet normal -0.16439898730535732 0 0.9863939238321439
    outer loop
      vertex 441.4795908857482 56 135.23280472590835
      vertex 440.0412753640296 73.43558111343867 134.99308547228858
      vertex 438.72692637005895 77.5142193909678 134.7740273066268
    endloop
  endfacet
  facet normal -0.16439898730535052 5.712690248139303e-16 0.9863939238321449
    outer loop
      vertex 441.4795908857482 56 135.23280472590835
      vertex 441.7214834510226 69.42787422059766 135.27312015345407
      vertex 440.0412753640296 73.43558111343867 134.99308547228858
    endloop
  endfacet
  facet normal -0.16439898730535604 6.725585117132959e-16 0.986393923832144
    outer loop
      vertex 441.4795908857482 56 135.23280472590835
      vertex 442.13718683496967 68.6287085338591 135.34240405077858
      vertex 441.7214834510226 69.42787422059766 135.27312015345407
    endloop
  endfacet
  facet normal -0.9863939238321437 0 -0.16439898730535726
    outer loop
      vertex 438.19161113964105 56 134.68480810155714
      vertex 438.19161113964105 79.86024582368347 134.68480810155714
      vertex 438.28252076793837 77.5142193909678 134.13935033177327
    endloop
  endfacet
  facet normal -0.16439898730539126 0 0.9863939238321381
    outer loop
      vertex 438.19161113964105 56 134.68480810155714
      vertex 438.72692637005895 77.5142193909678 134.7740273066268
      vertex 438.19161113964105 79.86024582368347 134.68480810155714
    endloop
  endfacet
  facet normal -0.16439898730534347 0 0.9863939238321461
    outer loop
      vertex 441.4795908857482 56 135.23280472590835
      vertex 442.13718683496967 56 135.34240405077858
      vertex 442.13718683496967 68.6287085338591 135.34240405077858
    endloop
  endfacet
  facet normal 0.9863939238321437 0 0.16439898730535732
    outer loop
      vertex 442.13718683496967 56 135.34240405077858
      vertex 442.41284064006294 65.50826032863425 133.68848122021896
      vertex 442.13718683496967 68.6287085338591 135.34240405077858
    endloop
  endfacet
  facet normal 0 -1 0
    outer loop
      vertex 430 -95 37.5
      vertex 449.2921085877065 -95 37.5
      vertex 430 -95 51.00847986107233
    endloop
  endfacet
  facet normal -1 0 0
    outer loop
      vertex 430 -95 37.5
      vertex 430 -90 51.008479861072345
      vertex 430 -90 37.5
    endloop
  endfacet
  facet normal -1 0 0
    outer loop
      vertex 430 -95 37.5
      vertex 430 -95 51.00847986107233
      vertex 430 -90 51.008479861072345
    endloop
  endfacet
  facet normal 0 0 -1
    outer loop
      vertex 430 -95 37.5
      vertex 430 -90 37.5
      vertex 449.2921085877065 -95 37.5
    endloop
  endfacet
  facet normal 0 1 0
    outer loop
      vertex 430 -90 37.5
      vertex 430 -90 51.008479861072345
      vertex 449.2921085877065 -90 37.5
    endloop
  endfacet
  facet normal 0 0 -1
    outer loop
      vertex 430 -90 37.5
      vertex 449.2921085877065 -90 37.5
      vertex 449.2921085877065 -95 37.5
    endloop
  endfacet
  facet normal -1 0 0
    outer loop
      vertex 430 -95 124.07596211427852
      vertex 430 -95 130.83333333333334
      vertex 430 -94.18580027072916 124.21577203126026
    endloop
  endfacet
  facet normal 0 -1 0
    outer loop
      vertex 430 -95 124.07596211427852
      vertex 434.7315622660635 -95 130.83333333333334
      vertex 430 -95 130.83333333333334
    endloop
  endfacet
  facet normal 0 0 1
    outer loop
      vertex 430 -95 130.83333333333334
      vertex 434.7315622660635 -95 130.83333333333334
      vertex 434.6336663082764 -94.18580027072916 130.83333333333334
    endloop
  endfacet
  facet normal -1 0 0
    outer loop
      vertex 430 -94.18580027072916 124.21577203126026
      vertex 430 -90 128.25057080303512
      vertex 430 -90 124.45467465006571
    endloop
  endfacet
  facet normal -1 0 0
    outer loop
      vertex 430 -94.18580027072916 124.21577203126026
      vertex 430 -90 130.83333333333334
      vertex 430 -90 128.25057080303512
    endloop
  endfacet
  facet normal -1 0 0
    outer loop
      vertex 430 -94.18580027072916 124.21577203126026
      vertex 430 -95 130.83333333333334
      vertex 430 -90 130.83333333333334
    endloop
  endfacet
  facet normal 0 1 0
    outer loop
      vertex 430 -90 124.45467465006571
      vertex 430 -90 128.25057080303512
      vertex 433.0090783211604 -90 128.75208385656185
    endloop
  endfacet
  facet normal 0 0 1
    outer loop
      vertex 430 -95 130.83333333333334
      vertex 434.4663848936908 -90 130.83333333333334
      vertex 430 -90 130.83333333333334
    endloop
  endfacet
  facet normal 0 0 1
    outer loop
      vertex 430 -95 130.83333333333334
      vertex 434.6336663082764 -94.18580027072916 130.83333333333334
      vertex 434.4663848936908 -90 130.83333333333334
    endloop
  endfacet
  facet normal 0 -1 0
    outer loop
      vertex 450.2436978879336 -95 130.83333333333334
      vertex 453.00215602277416 -95 128.90184015348208
      vertex 452.29914999762013 -95 130.83333333333334
    endloop
  endfacet
  facet normal 0 -1 0
    outer loop
      vertex 457.6841578805675 -95 125.62346715874334
      vertex 470 -95 116.99982166731606
      vertex 470 -95 130.10606710013874
    endloop
  endfacet
  facet normal 0 1 0
    outer loop
      vertex 450.24369788793365 -90 130.83333333333334
      vertex 452.29914999762013 -90 130.83333333333334
      vertex 453.00215602277416 -90 128.90184015348208
    endloop
  endfacet
  facet normal 0 0 1
    outer loop
      vertex 450.2436978879336 -95 130.83333333333334
      vertex 452.29914999762013 -90 130.83333333333334
      vertex 450.24369788793365 -90 130.83333333333334
    endloop
  endfacet
  facet normal 0 0 1
    outer loop
      vertex 450.2436978879336 -95 130.83333333333334
      vertex 452.29914999762013 -95 130.83333333333334
      vertex 452.29914999762013 -90 130.83333333333334
    endloop
  endfacet
  facet normal 0 1 0
    outer loop
      vertex 457.6841578805675 -90 125.62346715874334
      vertex 470 -90 130.10606710013874
      vertex 470 -90 116.99982166731607
    endloop
  endfacet
  facet normal 1 0 0
    outer loop
      vertex 470 -95 116.99982166731606
      vertex 470 -90 116.99982166731607
      vertex 470 -95 130.10606710013874
    endloop
  endfacet
  facet normal 1 0 0
    outer loop
      vertex 470 -90 116.99982166731607
      vertex 470 -90 130.10606710013874
      vertex 470 -95 130.10606710013874
    endloop
  endfacet
  facet normal -1 0 0
    outer loop
      vertex 430 90 37.5
      vertex 430 95 51.00847986107233
      vertex 430 95 37.5
    endloop
  endfacet
  facet normal -1 0 0
    outer loop
      vertex 430 90 37.5
      vertex 430 90 51.008479861072345
      vertex 430 95 51.00847986107233
    endloop
  endfacet
  facet normal 0 0 -1
    outer loop
      vertex 430 90 37.5
      vertex 430 95 37.5
      vertex 449.2921085877065 90 37.5
    endloop
  endfacet
  facet normal 0 -1 0
    outer loop
      vertex 430 90 37.5
      vertex 449.2921085877065 90 37.5
      vertex 430 90 51.008479861072345
    endloop
  endfacet
  facet normal 0 0 -1
    outer loop
      vertex 430 95 37.5
      vertex 449.2921085877065 95 37.5
      vertex 449.2921085877065 90 37.5
    endloop
  endfacet
  facet normal 0 1 0
    outer loop
      vertex 430 95 37.5
      vertex 430 95 51.00847986107233
      vertex 449.2921085877065 95 37.5
    endloop
  endfacet
  facet normal -1 0 0
    outer loop
      vertex 430 90 124.45467465006571
      vertex 430 95 130.83333333333334
      vertex 430 94.18580027072916 124.21577203126026
    endloop
  endfacet
  facet normal -1 0 0
    outer loop
      vertex 430 90 124.45467465006571
      vertex 430 90 128.25057080303512
      vertex 430 95 130.83333333333334
    endloop
  endfacet
  facet normal -1 0 0
    outer loop
      vertex 430 90 128.25057080303512
      vertex 430 90 130.83333333333334
      vertex 430 95 130.83333333333334
    endloop
  endfacet
  facet normal 0 -1 0
    outer loop
      vertex 430 90 124.45467465006571
      vertex 433.0090783211604 90 128.75208385656185
      vertex 430 90 128.25057080303512
    endloop
  endfacet
  facet normal 0 0 1
    outer loop
      vertex 430 90 130.83333333333334
      vertex 434.6336663082764 94.18580027072916 130.83333333333334
      vertex 430 95 130.83333333333334
    endloop
  endfacet
  facet normal 0 0 1
    outer loop
      vertex 430 90 130.83333333333334
      vertex 434.4663848936908 90 130.83333333333334
      vertex 434.6336663082764 94.18580027072916 130.83333333333334
    endloop
  endfacet
  facet normal -1 0 0
    outer loop
      vertex 430 94.18580027072916 124.21577203126026
      vertex 430 95 130.83333333333334
      vertex 430 95 124.07596211427852
    endloop
  endfacet
  facet normal 0 1 0
    outer loop
      vertex 430 95 124.07596211427852
      vertex 430 95 130.83333333333334
      vertex 434.7315622660635 95 130.83333333333334
    endloop
  endfacet
  facet normal 0 0 1
    outer loop
      vertex 430 95 130.83333333333334
      vertex 434.6336663082764 94.18580027072916 130.83333333333334
      vertex 434.7315622660635 95 130.83333333333334
    endloop
  endfacet
  facet normal 0 -1 0
    outer loop
      vertex 450.24369788793365 90 130.83333333333334
      vertex 453.00215602277416 90 128.90184015348208
      vertex 452.29914999762013 90 130.83333333333334
    endloop
  endfacet
  facet normal 0 0 1
    outer loop
      vertex 450.24369788793365 90 130.83333333333334
      vertex 452.29914999762013 95 130.83333333333334
      vertex 450.24369788793365 95 130.83333333333334
    endloop
  endfacet
  facet normal 0 0 1
    outer loop
      vertex 450.24369788793365 90 130.83333333333334
      vertex 452.29914999762013 90 130.83333333333334
      vertex 452.29914999762013 95 130.83333333333334
    endloop
  endfacet
  facet normal 0 -1 0
    outer loop
      vertex 457.6841578805675 90 125.62346715874334
      vertex 470 90 116.99982166731607
      vertex 470 90 130.10606710013874
    endloop
  endfacet
  facet normal 1 0 0
    outer loop
      vertex 470 90 116.99982166731607
      vertex 470 95 116.99982166731606
      vertex 470 90 130.10606710013874
    endloop
  endfacet
  facet normal 1 0 0
    outer loop
      vertex 470 95 116.99982166731606
      vertex 470 95 130.10606710013874
      vertex 470 90 130.10606710013874
    endloop
  endfacet
  facet normal 0 1 0
    outer loop
      vertex 450.24369788793365 95 130.83333333333334
      vertex 452.29914999762013 95 130.83333333333334
      vertex 453.00215602277416 95 128.90184015348208
    endloop
  endfacet
  facet normal 0 1 0
    outer loop
      vertex 457.6841578805675 95 125.62346715874334
      vertex 470 95 130.10606710013874
      vertex 470 95 116.99982166731606
    endloop
  endfacet
  facet normal 0.5735764363510454 -2.3281701382103173e-15 0.8191520442889922
    outer loop
      vertex 430 -95 51.00847986107233
      vertex 449.2921085877065 -95 37.5
      vertex 430 -90 51.008479861072345
    endloop
  endfacet
  facet normal 0.5735764363510458 0 0.8191520442889919
    outer loop
      vertex 430 -90 51.008479861072345
      vertex 449.2921085877065 -95 37.5
      vertex 449.2921085877065 -90 37.5
    endloop
  endfacet
  facet normal 0.8152076032987107 0.09801714032957237 -0.5708145090356279
    outer loop
      vertex 430 -95 124.07596211427852
      vertex 430 -94.18580027072916 124.21577203126026
      vertex 434.7315622660635 -95 130.83333333333334
    endloop
  endfacet
  facet normal 0.8152076032987102 0.09801714032959143 -0.5708145090356253
    outer loop
      vertex 430 -94.18580027072916 124.21577203126026
      vertex 434.6336663082764 -94.18580027072916 130.83333333333334
      vertex 434.7315622660635 -95 130.83333333333334
    endloop
  endfacet
  facet normal 0.8187134600257179 0.03271908282177365 -0.5732693363437636
    outer loop
      vertex 430 -94.18580027072916 124.21577203126026
      vertex 430 -90 124.45467465006571
      vertex 433.0090783211604 -90 128.75208385656185
    endloop
  endfacet
  facet normal 0.8187134600257212 0.03271908282176622 -0.5732693363437591
    outer loop
      vertex 430 -94.18580027072916 124.21577203126026
      vertex 433.0090783211604 -90 128.75208385656185
      vertex 434.4663848936908 -90 130.83333333333334
    endloop
  endfacet
  facet normal 0.81871346002572 0.032719082821770155 -0.5732693363437608
    outer loop
      vertex 430 -94.18580027072916 124.21577203126026
      vertex 434.4663848936908 -90 130.83333333333334
      vertex 434.6336663082764 -94.18580027072916 130.83333333333334
    endloop
  endfacet
  facet normal 0.8187134600257174 -0.0327190828217682 -0.5732693363437645
    outer loop
      vertex 433.0090783211604 -90 128.75208385656185
      vertex 433.1984609233566 -85.81419972927084 128.78364762359456
      vertex 438.02038126181714 -85.81419972927084 135.6700635436362
    endloop
  endfacet
  facet normal 0.818713460025721 -0.03271908282178156 -0.5732693363437589
    outer loop
      vertex 433.0090783211604 -90 128.75208385656185
      vertex 438.02038126181714 -85.81419972927084 135.6700635436362
      vertex 434.4663848936908 -90 130.83333333333334
    endloop
  endfacet
  facet normal 0.8152076032987086 -0.0980171403295794 -0.5708145090356296
    outer loop
      vertex 433.1984609233566 -85.81419972927084 128.78364762359456
      vertex 433.44541220885276 -84 128.82480617117724
      vertex 438.02038126181714 -85.81419972927084 135.6700635436362
    endloop
  endfacet
  facet normal 0.81871346002572 -0.03271908282177951 -0.5732693363437602
    outer loop
      vertex 434.4663848936908 -90 130.83333333333334
      vertex 438.02038126181714 -85.81419972927084 135.6700635436362
      vertex 437.8309986596209 -90 135.63849977660348
    endloop
  endfacet
  facet normal 0.8152076032987138 -0.09801714032955483 -0.5708145090356266
    outer loop
      vertex 433.44541220885276 -84 128.82480617117724
      vertex 438.26733254731323 -84 135.71122209121887
      vertex 438.02038126181714 -85.81419972927084 135.6700635436362
    endloop
  endfacet
  facet normal 0.7977533184610095 -0.22707626303437148 -0.5585928872182245
    outer loop
      vertex 438.5057293966216 -73.43558111343867 132.80009855967393
      vertex 440.0412753640296 -73.43558111343867 134.99308547228856
      vertex 438.28252076793837 -77.5142193909678 134.13935033177327
    endloop
  endfacet
  facet normal 0.7838796322776301 -0.290284677254459 -0.5488784275698597
    outer loop
      vertex 438.5057293966216 -73.43558111343867 132.80009855967393
      vertex 438.79106985392826 -69.42787422059766 131.08805581583385
      vertex 441.7214834510226 -69.42787422059766 135.27312015345407
    endloop
  endfacet
  facet normal 0.7666492531654517 -0.35225004792125825 -0.5368135862292667
    outer loop
      vertex 438.79106985392826 -69.42787422059766 131.08805581583385
      vertex 438.8492070888625 -68.76975078077861 130.73923240622858
      vertex 442.41284064006294 -65.50826032863425 133.68848122021896
    endloop
  endfacet
  facet normal 0.7666492531654462 -0.35225004792122594 -0.5368135862292956
    outer loop
      vertex 438.8492070888625 -68.76975078077861 130.73923240622858
      vertex 440.5457421630855 -65.50826032863425 131.0219882519324
      vertex 442.41284064006294 -65.50826032863425 133.68848122021896
    endloop
  endfacet
  facet normal 0.7666492531654481 -0.3522500479212181 -0.5368135862292984
    outer loop
      vertex 438.79106985392826 -69.42787422059766 131.08805581583385
      vertex 442.13718683496967 -68.6287085338591 135.34240405077858
      vertex 441.7214834510226 -69.42787422059766 135.27312015345407
    endloop
  endfacet
  facet normal 0.7666492531654446 -0.35225004792123443 -0.5368135862292925
    outer loop
      vertex 438.79106985392826 -69.42787422059766 131.08805581583385
      vertex 442.41284064006294 -65.50826032863425 133.68848122021896
      vertex 442.13718683496967 -68.6287085338591 135.34240405077858
    endloop
  endfacet
  facet normal 0.7461359642530676 -0.4127070298043976 -0.5224500266993745
    outer loop
      vertex 440.5457421630855 -65.50826032863425 131.0219882519324
      vertex 442.2948925181241 -62.715003542147834 131.3135133111055
      vertex 442.41284064006294 -65.50826032863425 133.68848122021896
    endloop
  endfacet
  facet normal -0.5735764363510436 0 -0.8191520442889935
    outer loop
      vertex 442.3141163992686 -90 136.38568606654476
      vertex 449.3310082344175 -84 131.47240550877137
      vertex 449.3310082344175 -90 131.47240550877137
    endloop
  endfacet
  facet normal 0.7461359642530746 -0.4127070298043922 -0.5224500266993685
    outer loop
      vertex 442.2948925181241 -62.715003542147834 131.3135133111055
      vertex 442.79478278419106 -61.91671774918102 131.39682835545
      vertex 442.41284064006294 -65.50826032863425 133.68848122021896
    endloop
  endfacet
  facet normal 0.8082109024614165 -0.16289547339459307 -0.5659153663667864
    outer loop
      vertex 438.28252076793837 -77.5142193909678 134.13935033177327
      vertex 438.72692637005895 -77.5142193909678 134.77402730662678
      vertex 438.19161113964105 -79.86024582368347 134.68480810155714
    endloop
  endfacet
  facet normal 0.7977533184610033 -0.22707626303436648 -0.5585928872182355
    outer loop
      vertex 438.28252076793837 -77.5142193909678 134.13935033177327
      vertex 440.0412753640296 -73.43558111343867 134.99308547228856
      vertex 438.72692637005895 -77.5142193909678 134.77402730662678
    endloop
  endfacet
  facet normal 0.7838796322776285 -0.2902846772544543 -0.5488784275698649
    outer loop
      vertex 438.5057293966216 -73.43558111343867 132.80009855967393
      vertex 441.7214834510226 -69.42787422059766 135.27312015345407
      vertex 440.0412753640296 -73.43558111343867 134.99308547228856
    endloop
  endfacet
  facet normal -0.5735764363510436 0 -0.8191520442889935
    outer loop
      vertex 442.3141163992686 -90 136.38568606654476
      vertex 442.3141163992686 -84 136.38568606654476
      vertex 449.3310082344175 -84 131.47240550877137
    endloop
  endfacet
  facet normal -0.5735764363510457 2.4575024186919974e-15 -0.819152044288992
    outer loop
      vertex 457.6841578805675 -90 125.62346715874334
      vertex 470 -90 116.99982166731607
      vertex 470 -95 116.99982166731606
    endloop
  endfacet
  facet normal -0.5735764363510456 6.520809124038415e-15 -0.8191520442889919
    outer loop
      vertex 450.2436978879336 -95 130.83333333333334
      vertex 450.24369788793365 -90 130.83333333333334
      vertex 453.00215602277416 -95 128.90184015348208
    endloop
  endfacet
  facet normal -0.5735764363510536 0 -0.8191520442889865
    outer loop
      vertex 450.24369788793365 -90 130.83333333333334
      vertex 453.00215602277416 -90 128.90184015348208
      vertex 453.00215602277416 -95 128.90184015348208
    endloop
  endfacet
  facet normal 0.6956257030121935 -0.5280678506503279 -0.4870823610215569
    outer loop
      vertex 447.38190184257 -56 132.16134819851314
      vertex 448.1615262618926 -55.09285034670983 132.2912856017336
      vertex 447.69944103389804 -56 132.61484116167077
    endloop
  endfacet
  facet normal -0.5735764363510705 0 -0.8191520442889746
    outer loop
      vertex 447.69944103389804 -56 132.61484116167077
      vertex 448.1615262618926 -55.09285034670983 132.2912856017336
      vertex 448.1615262618926 -56 132.2912856017336
    endloop
  endfacet
  facet normal -0.5735764363510463 0 -0.8191520442889916
    outer loop
      vertex 457.6841578805675 -95 125.62346715874334
      vertex 457.6841578805675 -90 125.62346715874334
      vertex 470 -95 116.99982166731606
    endloop
  endfacet
  facet normal 0.5735764363510458 2.3281701382103165e-15 0.8191520442889919
    outer loop
      vertex 430 90 51.008479861072345
      vertex 449.2921085877065 90 37.5
      vertex 430 95 51.00847986107233
    endloop
  endfacet
  facet normal 0.5735764363510454 0 0.8191520442889922
    outer loop
      vertex 430 95 51.00847986107233
      vertex 449.2921085877065 90 37.5
      vertex 449.2921085877065 95 37.5
    endloop
  endfacet
  facet normal 0.81871346002572 -0.032719082821773486 -0.5732693363437608
    outer loop
      vertex 430 90 124.45467465006571
      vertex 430 94.18580027072916 124.21577203126026
      vertex 434.6336663082764 94.18580027072916 130.83333333333334
    endloop
  endfacet
  facet normal 0.818713460025718 -0.03271908282176676 -0.5732693363437638
    outer loop
      vertex 430 90 124.45467465006571
      vertex 434.6336663082764 94.18580027072916 130.83333333333334
      vertex 433.0090783211604 90 128.75208385656185
    endloop
  endfacet
  facet normal 0.8187134600257211 0.03271908282177229 -0.573269336343759
    outer loop
      vertex 433.1984609233566 85.81419972927084 128.78364762359453
      vertex 433.0090783211604 90 128.75208385656185
      vertex 434.4663848936908 90 130.83333333333334
    endloop
  endfacet
  facet normal 0.8187134600257212 -0.032719082821770225 -0.5732693363437591
    outer loop
      vertex 433.0090783211604 90 128.75208385656185
      vertex 434.6336663082764 94.18580027072916 130.83333333333334
      vertex 434.4663848936908 90 130.83333333333334
    endloop
  endfacet
  facet normal 0.8187134600257147 0.0327190828217785 -0.5732693363437679
    outer loop
      vertex 433.1984609233566 85.81419972927084 128.78364762359453
      vertex 434.4663848936908 90 130.83333333333334
      vertex 434.8357779662485 90 131.36088131361092
    endloop
  endfacet
  facet normal 0.8152076032987124 0.09801714032957105 -0.5708145090356256
    outer loop
      vertex 433.1984609233566 85.81419972927084 128.78364762359453
      vertex 438.26733254731323 84 135.71122209121887
      vertex 433.44541220885276 84 128.82480617117724
    endloop
  endfacet
  facet normal 0.8187134600257211 0.03271908282177087 -0.5732693363437593
    outer loop
      vertex 433.1984609233566 85.81419972927084 128.78364762359453
      vertex 434.8357779662485 90 131.36088131361092
      vertex 437.8309986596209 90 135.63849977660348
    endloop
  endfacet
  facet normal 0.7666492531654381 0.3522500479212649 -0.5368135862292818
    outer loop
      vertex 438.8492070888625 68.76975078077861 130.73923240622858
      vertex 438.79106985392826 69.42787422059766 131.08805581583385
      vertex 442.13718683496967 68.6287085338591 135.34240405077858
    endloop
  endfacet
  facet normal 0.7666492531654477 0.35225004792123193 -0.5368135862292895
    outer loop
      vertex 438.8492070888625 68.76975078077861 130.73923240622858
      vertex 442.13718683496967 68.6287085338591 135.34240405077858
      vertex 440.5457421630855 65.50826032863425 131.02198825193238
    endloop
  endfacet
  facet normal 0.7666492531654481 0.3522500479212181 -0.5368135862292984
    outer loop
      vertex 438.79106985392826 69.42787422059766 131.08805581583385
      vertex 441.7214834510226 69.42787422059766 135.27312015345407
      vertex 442.13718683496967 68.6287085338591 135.34240405077858
    endloop
  endfacet
  facet normal 0.7666492531654466 0.35225004792123343 -0.5368135862292903
    outer loop
      vertex 440.5457421630855 65.50826032863425 131.02198825193238
      vertex 442.13718683496967 68.6287085338591 135.34240405077858
      vertex 442.41284064006294 65.50826032863425 133.68848122021896
    endloop
  endfacet
  facet normal 0.7977533184610143 0.22707626303436973 -0.5585928872182183
    outer loop
      vertex 438.5057293966216 73.43558111343867 132.80009855967393
      vertex 438.28252076793837 77.5142193909678 134.13935033177327
      vertex 438.72692637005895 77.5142193909678 134.7740273066268
    endloop
  endfacet
  facet normal 0.8152076032987118 0.09801714032955418 -0.5708145090356295
    outer loop
      vertex 433.1984609233566 85.81419972927084 128.78364762359453
      vertex 438.02038126181714 85.81419972927084 135.6700635436362
      vertex 438.26733254731323 84 135.71122209121887
    endloop
  endfacet
  facet normal 0.8187134600257183 0.032719082821779516 -0.5732693363437628
    outer loop
      vertex 433.1984609233566 85.81419972927084 128.78364762359453
      vertex 437.8309986596209 90 135.63849977660348
      vertex 438.02038126181714 85.81419972927084 135.6700635436362
    endloop
  endfacet
  facet normal 0.7838796322776306 0.29028467725445894 -0.5488784275698594
    outer loop
      vertex 438.79106985392826 69.42787422059766 131.08805581583385
      vertex 438.5057293966216 73.43558111343867 132.80009855967393
      vertex 440.0412753640296 73.43558111343867 134.99308547228858
    endloop
  endfacet
  facet normal 0.7838796322776302 0.2902846772544593 -0.5488784275698595
    outer loop
      vertex 438.79106985392826 69.42787422059766 131.08805581583385
      vertex 440.0412753640296 73.43558111343867 134.99308547228858
      vertex 441.7214834510226 69.42787422059766 135.27312015345407
    endloop
  endfacet
  facet normal 0.7461359642530716 0.412707029804394 -0.5224500266993717
    outer loop
      vertex 440.5457421630855 65.50826032863425 131.02198825193238
      vertex 442.41284064006294 65.50826032863425 133.68848122021896
      vertex 442.79478278419106 61.91671774918102 131.39682835545
    endloop
  endfacet
  facet normal -0.5735764363510436 0 -0.8191520442889935
    outer loop
      vertex 442.3141163992686 90 136.38568606654476
      vertex 449.3310082344175 90 131.47240550877137
      vertex 449.3310082344175 84 131.47240550877137
    endloop
  endfacet
  facet normal 0.8082109024614289 0.16289547339458965 -0.5659153663667698
    outer loop
      vertex 438.28252076793837 77.5142193909678 134.13935033177327
      vertex 438.19161113964105 79.86024582368347 134.68480810155714
      vertex 438.72692637005895 77.5142193909678 134.7740273066268
    endloop
  endfacet
  facet normal 0.797753318461013 0.22707626303437053 -0.5585928872182198
    outer loop
      vertex 438.5057293966216 73.43558111343867 132.80009855967393
      vertex 438.72692637005895 77.5142193909678 134.7740273066268
      vertex 440.0412753640296 73.43558111343867 134.99308547228858
    endloop
  endfacet
  facet normal -0.5735764363510436 0 -0.8191520442889935
    outer loop
      vertex 442.3141163992686 84 136.38568606654476
      vertex 442.3141163992686 90 136.38568606654476
      vertex 449.3310082344175 84 131.47240550877137
    endloop
  endfacet
  facet normal 0.8152076032987118 -0.09801714032957211 -0.5708145090356264
    outer loop
      vertex 430 94.18580027072916 124.21577203126026
      vertex 430 95 124.07596211427852
      vertex 434.6336663082764 94.18580027072916 130.83333333333334
    endloop
  endfacet
  facet normal 0.8152076032987091 -0.09801714032959158 -0.5708145090356269
    outer loop
      vertex 430 95 124.07596211427852
      vertex 434.7315622660635 95 130.83333333333334
      vertex 434.6336663082764 94.18580027072916 130.83333333333334
    endloop
  endfacet
  facet normal -0.5735764363510463 -2.457502418691996e-15 -0.8191520442889916
    outer loop
      vertex 457.6841578805675 95 125.62346715874334
      vertex 470 95 116.99982166731606
      vertex 470 90 116.99982166731607
    endloop
  endfacet
  facet normal 0.6956257030121828 0.5280678506503489 -0.48708236102154956
    outer loop
      vertex 447.38190184257 56 132.16134819851314
      vertex 447.69944103389804 56 132.61484116167077
      vertex 448.1615262618926 55.09285034670988 132.2912856017336
    endloop
  endfacet
  facet normal -0.5735764363510705 0 -0.8191520442889747
    outer loop
      vertex 447.69944103389804 56 132.61484116167077
      vertex 448.1615262618926 56 132.2912856017336
      vertex 448.1615262618926 55.09285034670988 132.2912856017336
    endloop
  endfacet
  facet normal -0.5735764363510536 0 -0.8191520442889865
    outer loop
      vertex 450.24369788793365 90 130.83333333333334
      vertex 450.24369788793365 95 130.83333333333334
      vertex 453.00215602277416 90 128.90184015348208
    endloop
  endfacet
  facet normal -0.5735764363510536 0 -0.8191520442889865
    outer loop
      vertex 450.24369788793365 95 130.83333333333334
      vertex 453.00215602277416 95 128.90184015348208
      vertex 453.00215602277416 90 128.90184015348208
    endloop
  endfacet
  facet normal -0.5735764363510457 0 -0.819152044288992
    outer loop
      vertex 457.6841578805675 90 125.62346715874334
      vertex 457.6841578805675 95 125.62346715874334
      vertex 470 90 116.99982166731607
    endloop
  endfacet
  facet normal 0.9396926207859099 0 0.34202014332566444
    outer loop
      vertex 453.00215602277416 -95 128.90184015348208
      vertex 453.00215602277416 -90 128.90184015348208
      vertex 452.29914999762013 -95 130.83333333333334
    endloop
  endfacet
  facet normal 0.9396926207859099 0 0.34202014332566444
    outer loop
      vertex 453.00215602277416 -90 128.90184015348208
      vertex 452.29914999762013 -90 130.83333333333334
      vertex 452.29914999762013 -95 130.83333333333334
    endloop
  endfacet
  facet normal 0.9396926207859089 0 0.3420201433256674
    outer loop
      vertex 451.9100949489337 -90 131.9022532945241
      vertex 451.9100949489337 -84 131.9022532945241
      vertex 451.1262784765267 -84 134.05577135345894
    endloop
  endfacet
  facet normal 0.9396926207859089 0 0.3420201433256674
    outer loop
      vertex 451.9100949489337 -90 131.9022532945241
      vertex 451.1262784765267 -84 134.05577135345894
      vertex 451.1262784765267 -90 134.05577135345894
    endloop
  endfacet
  facet normal 0.9396926207859019 0 0.3420201433256867
    outer loop
      vertex 451.56220763619655 -56 132.85806583078426
      vertex 451.56220763619655 -52 132.85806583078426
      vertex 451.1262784765267 -56 134.05577135345894
    endloop
  endfacet
  facet normal 0.9396926207859019 0 0.3420201433256867
    outer loop
      vertex 451.56220763619655 -52 132.85806583078426
      vertex 451.1262784765267 -52 134.05577135345894
      vertex 451.1262784765267 -56 134.05577135345894
    endloop
  endfacet
  facet normal 1 0 0
    outer loop
      vertex 451.1262784765267 -90 134.05577135345894
      vertex 451.1262784765267 -84 134.05577135345894
      vertex 451.1262784765267 -90 135.09104753386904
    endloop
  endfacet
  facet normal 1 0 0
    outer loop
      vertex 451.1262784765267 -90 135.09104753386904
      vertex 451.1262784765267 -84 134.05577135345894
      vertex 451.1262784765267 -84 135.09104753386904
    endloop
  endfacet
  facet normal 0.8660254037844451 0 -0.4999999999999888
    outer loop
      vertex 451.1262784765267 -90 135.09104753386904
      vertex 451.1262784765267 -84 135.09104753386904
      vertex 451.6439165667317 -90 135.9876230060371
    endloop
  endfacet
  facet normal 0.8660254037844451 0 -0.4999999999999888
    outer loop
      vertex 451.6439165667317 -90 135.9876230060371
      vertex 451.1262784765267 -84 135.09104753386904
      vertex 451.6439165667317 -84 135.9876230060371
    endloop
  endfacet
  facet normal 0.4999999999999769 0 -0.866025403784452
    outer loop
      vertex 451.6439165667317 -90 135.9876230060371
      vertex 451.6439165667317 -84 135.9876230060371
      vertex 452.5404920388998 -90 136.50526109624212
    endloop
  endfacet
  facet normal 0.4999999999999769 0 -0.866025403784452
    outer loop
      vertex 452.5404920388998 -90 136.50526109624212
      vertex 451.6439165667317 -84 135.9876230060371
      vertex 452.5404920388998 -84 136.50526109624212
    endloop
  endfacet
  facet normal 1 0 0
    outer loop
      vertex 451.1262784765267 -56 134.05577135345894
      vertex 451.1262784765267 -52 134.05577135345894
      vertex 451.1262784765267 -56 135.09104753386904
    endloop
  endfacet
  facet normal 1 0 0
    outer loop
      vertex 451.1262784765267 -56 135.09104753386904
      vertex 451.1262784765267 -52 134.05577135345894
      vertex 451.1262784765267 -52 135.09104753386904
    endloop
  endfacet
  facet normal 0.866025403784445 0 -0.49999999999998873
    outer loop
      vertex 451.1262784765267 -56 135.09104753386904
      vertex 451.1262784765267 -52 135.09104753386904
      vertex 451.6439165667317 -56 135.9876230060371
    endloop
  endfacet
  facet normal 0.866025403784445 0 -0.49999999999998873
    outer loop
      vertex 451.6439165667317 -56 135.9876230060371
      vertex 451.1262784765267 -52 135.09104753386904
      vertex 451.6439165667317 -52 135.9876230060371
    endloop
  endfacet
  facet normal 0.49999999999997696 0 -0.866025403784452
    outer loop
      vertex 451.6439165667317 -56 135.9876230060371
      vertex 451.6439165667317 -52 135.9876230060371
      vertex 452.5404920388998 -56 136.50526109624212
    endloop
  endfacet
  facet normal 0.49999999999997696 0 -0.866025403784452
    outer loop
      vertex 452.5404920388998 -56 136.50526109624212
      vertex 451.6439165667317 -52 135.9876230060371
      vertex 452.5404920388998 -52 136.50526109624212
    endloop
  endfacet
  facet normal 0.34202014332566977 0 -0.9396926207859081
    outer loop
      vertex 452.5404920388998 -90 136.50526109624212
      vertex 452.5404920388998 -84 136.50526109624212
      vertex 460.5728906899868 -90 139.4288151149978
    endloop
  endfacet
  facet normal 0.3420201433256684 -2.008850037823225e-15 -0.9396926207859084
    outer loop
      vertex 452.5404920388998 -84 136.50526109624212
      vertex 460.57289068998693 -84 139.42881511499783
      vertex 460.5728906899868 -90 139.4288151149978
    endloop
  endfacet
  facet normal 0.34202014332566616 0 -0.9396926207859093
    outer loop
      vertex 452.5404920388998 -56 136.50526109624212
      vertex 452.5404920388998 -52 136.50526109624212
      vertex 455.4346472847415 -52 137.55864745907388
    endloop
  endfacet
  facet normal 0.34202014332566616 0 -0.9396926207859093
    outer loop
      vertex 452.5404920388998 -56 136.50526109624212
      vertex 455.4346472847415 -52 137.55864745907388
      vertex 455.4346472847415 -56 137.55864745907388
    endloop
  endfacet
  facet normal 0.9396926207859019 0 0.3420201433256867
    outer loop
      vertex 451.56220763619655 -20 132.85806583078426
      vertex 451.1262784765267 -16 134.05577135345894
      vertex 451.1262784765267 -20 134.05577135345894
    endloop
  endfacet
  facet normal 0.9396926207859019 0 0.3420201433256867
    outer loop
      vertex 451.56220763619655 -20 132.85806583078426
      vertex 451.56220763619655 -16 132.85806583078426
      vertex 451.1262784765267 -16 134.05577135345894
    endloop
  endfacet
  facet normal 1 0 0
    outer loop
      vertex 451.1262784765267 -20 134.05577135345894
      vertex 451.1262784765267 -16 134.05577135345894
      vertex 451.1262784765267 -20 135.09104753386904
    endloop
  endfacet
  facet normal 0.866025403784445 0 -0.49999999999998873
    outer loop
      vertex 451.1262784765267 -20 135.09104753386904
      vertex 451.1262784765267 -16 135.09104753386904
      vertex 451.6439165667317 -20 135.9876230060371
    endloop
  endfacet
  facet normal 1 0 0
    outer loop
      vertex 451.1262784765267 -20 135.09104753386904
      vertex 451.1262784765267 -16 134.05577135345894
      vertex 451.1262784765267 -16 135.09104753386904
    endloop
  endfacet
  facet normal 0.866025403784445 0 -0.49999999999998873
    outer loop
      vertex 451.6439165667317 -20 135.9876230060371
      vertex 451.1262784765267 -16 135.09104753386904
      vertex 451.6439165667317 -16 135.9876230060371
    endloop
  endfacet
  facet normal 0.49999999999997696 0 -0.866025403784452
    outer loop
      vertex 451.6439165667317 -20 135.9876230060371
      vertex 451.6439165667317 -16 135.9876230060371
      vertex 452.5404920388998 -20 136.50526109624212
    endloop
  endfacet
  facet normal 0.49999999999997696 0 -0.866025403784452
    outer loop
      vertex 452.5404920388998 -20 136.50526109624212
      vertex 451.6439165667317 -16 135.9876230060371
      vertex 452.5404920388998 -16 136.50526109624212
    endloop
  endfacet
  facet normal 0.34202014332566616 0 -0.9396926207859093
    outer loop
      vertex 452.5404920388998 -20 136.50526109624212
      vertex 455.4346472847415 -16 137.55864745907388
      vertex 455.4346472847415 -20 137.55864745907388
    endloop
  endfacet
  facet normal 0.34202014332566616 0 -0.9396926207859093
    outer loop
      vertex 452.5404920388998 -20 136.50526109624212
      vertex 452.5404920388998 -16 136.50526109624212
      vertex 455.4346472847415 -16 137.55864745907388
    endloop
  endfacet
  facet normal -0.3420201433256688 0 0.9396926207859083
    outer loop
      vertex 457.6841578805675 -95 125.62346715874334
      vertex 470 -90 130.10606710013874
      vertex 457.6841578805675 -90 125.62346715874334
    endloop
  endfacet
  facet normal -0.3420201433256688 0 0.9396926207859083
    outer loop
      vertex 457.6841578805675 -95 125.62346715874334
      vertex 470 -95 130.10606710013874
      vertex 470 -90 130.10606710013874
    endloop
  endfacet
  facet normal 0.9396926207859019 0 0.3420201433256867
    outer loop
      vertex 451.56220763619655 16 132.85806583078426
      vertex 451.1262784765267 20 134.05577135345894
      vertex 451.1262784765267 16 134.05577135345894
    endloop
  endfacet
  facet normal 0.9396926207859019 0 0.3420201433256867
    outer loop
      vertex 451.56220763619655 16 132.85806583078426
      vertex 451.56220763619655 20 132.85806583078426
      vertex 451.1262784765267 20 134.05577135345894
    endloop
  endfacet
  facet normal 1 0 0
    outer loop
      vertex 451.1262784765267 16 134.05577135345894
      vertex 451.1262784765267 20 134.05577135345894
      vertex 451.1262784765267 16 135.09104753386904
    endloop
  endfacet
  facet normal 0.866025403784445 0 -0.49999999999998873
    outer loop
      vertex 451.1262784765267 16 135.09104753386904
      vertex 451.1262784765267 20 135.09104753386904
      vertex 451.6439165667317 16 135.9876230060371
    endloop
  endfacet
  facet normal 1 0 0
    outer loop
      vertex 451.1262784765267 16 135.09104753386904
      vertex 451.1262784765267 20 134.05577135345894
      vertex 451.1262784765267 20 135.09104753386904
    endloop
  endfacet
  facet normal 0.866025403784445 0 -0.49999999999998873
    outer loop
      vertex 451.6439165667317 16 135.9876230060371
      vertex 451.1262784765267 20 135.09104753386904
      vertex 451.6439165667317 20 135.9876230060371
    endloop
  endfacet
  facet normal 0.49999999999997696 0 -0.866025403784452
    outer loop
      vertex 451.6439165667317 16 135.9876230060371
      vertex 451.6439165667317 20 135.9876230060371
      vertex 452.5404920388998 16 136.50526109624212
    endloop
  endfacet
  facet normal 0.49999999999997696 0 -0.866025403784452
    outer loop
      vertex 452.5404920388998 16 136.50526109624212
      vertex 451.6439165667317 20 135.9876230060371
      vertex 452.5404920388998 20 136.50526109624212
    endloop
  endfacet
  facet normal 0.34202014332566616 0 -0.9396926207859093
    outer loop
      vertex 452.5404920388998 16 136.50526109624212
      vertex 455.4346472847415 20 137.55864745907388
      vertex 455.4346472847415 16 137.55864745907388
    endloop
  endfacet
  facet normal 0.34202014332566616 0 -0.9396926207859093
    outer loop
      vertex 452.5404920388998 16 136.50526109624212
      vertex 452.5404920388998 20 136.50526109624212
      vertex 455.4346472847415 20 137.55864745907388
    endloop
  endfacet
  facet normal 0.9396926207859019 -1.3353835310935862e-14 0.3420201433256867
    outer loop
      vertex 451.5622076361965 52 132.85806583078426
      vertex 451.56220763619655 56 132.85806583078426
      vertex 451.1262784765267 56 134.05577135345894
    endloop
  endfacet
  facet normal 0.9396926207859161 0 0.3420201433256473
    outer loop
      vertex 451.5622076361965 52 132.85806583078426
      vertex 451.1262784765267 56 134.05577135345894
      vertex 451.1262784765267 52 134.05577135345894
    endloop
  endfacet
  facet normal 0.9396926207859099 0 0.34202014332566444
    outer loop
      vertex 453.00215602277416 90 128.90184015348208
      vertex 453.00215602277416 95 128.90184015348208
      vertex 452.29914999762013 95 130.83333333333334
    endloop
  endfacet
  facet normal 0.9396926207859099 0 0.34202014332566444
    outer loop
      vertex 453.00215602277416 90 128.90184015348208
      vertex 452.29914999762013 95 130.83333333333334
      vertex 452.29914999762013 90 130.83333333333334
    endloop
  endfacet
  facet normal 0.9396926207859089 0 0.3420201433256674
    outer loop
      vertex 451.9100949489337 84 131.9022532945241
      vertex 451.9100949489337 90 131.9022532945241
      vertex 451.1262784765267 84 134.05577135345894
    endloop
  endfacet
  facet normal 0.9396926207859089 0 0.3420201433256674
    outer loop
      vertex 451.9100949489337 90 131.9022532945241
      vertex 451.1262784765267 90 134.05577135345894
      vertex 451.1262784765267 84 134.05577135345894
    endloop
  endfacet
  facet normal 1 0 0
    outer loop
      vertex 451.1262784765267 52 134.05577135345894
      vertex 451.1262784765267 56 134.05577135345894
      vertex 451.1262784765267 52 135.09104753386904
    endloop
  endfacet
  facet normal 1 0 0
    outer loop
      vertex 451.1262784765267 52 135.09104753386904
      vertex 451.1262784765267 56 134.05577135345894
      vertex 451.1262784765267 56 135.09104753386904
    endloop
  endfacet
  facet normal 0.866025403784445 0 -0.49999999999998873
    outer loop
      vertex 451.1262784765267 52 135.09104753386904
      vertex 451.1262784765267 56 135.09104753386904
      vertex 451.6439165667317 52 135.9876230060371
    endloop
  endfacet
  facet normal 0.866025403784445 0 -0.49999999999998873
    outer loop
      vertex 451.6439165667317 52 135.9876230060371
      vertex 451.1262784765267 56 135.09104753386904
      vertex 451.6439165667317 56 135.9876230060371
    endloop
  endfacet
  facet normal 0.49999999999997696 0 -0.866025403784452
    outer loop
      vertex 451.6439165667317 52 135.9876230060371
      vertex 451.6439165667317 56 135.9876230060371
      vertex 452.5404920388998 52 136.50526109624212
    endloop
  endfacet
  facet normal 0.49999999999997696 0 -0.866025403784452
    outer loop
      vertex 452.5404920388998 52 136.50526109624212
      vertex 451.6439165667317 56 135.9876230060371
      vertex 452.5404920388998 56 136.50526109624212
    endloop
  endfacet
  facet normal 1 0 0
    outer loop
      vertex 451.1262784765267 84 134.05577135345894
      vertex 451.1262784765267 90 134.05577135345894
      vertex 451.1262784765267 84 135.09104753386904
    endloop
  endfacet
  facet normal 1 0 0
    outer loop
      vertex 451.1262784765267 84 135.09104753386904
      vertex 451.1262784765267 90 134.05577135345894
      vertex 451.1262784765267 90 135.09104753386904
    endloop
  endfacet
  facet normal 0.8660254037844451 0 -0.4999999999999888
    outer loop
      vertex 451.1262784765267 84 135.09104753386904
      vertex 451.1262784765267 90 135.09104753386904
      vertex 451.6439165667317 84 135.9876230060371
    endloop
  endfacet
  facet normal 0.8660254037844451 0 -0.4999999999999888
    outer loop
      vertex 451.6439165667317 84 135.9876230060371
      vertex 451.1262784765267 90 135.09104753386904
      vertex 451.6439165667317 90 135.9876230060371
    endloop
  endfacet
  facet normal 0.4999999999999769 0 -0.866025403784452
    outer loop
      vertex 451.6439165667317 84 135.9876230060371
      vertex 451.6439165667317 90 135.9876230060371
      vertex 452.5404920388998 84 136.50526109624212
    endloop
  endfacet
  facet normal 0.4999999999999769 0 -0.866025403784452
    outer loop
      vertex 452.5404920388998 84 136.50526109624212
      vertex 451.6439165667317 90 135.9876230060371
      vertex 452.5404920388998 90 136.50526109624212
    endloop
  endfacet
  facet normal 0.34202014332566616 0 -0.9396926207859093
    outer loop
      vertex 452.5404920388998 52 136.50526109624212
      vertex 452.5404920388998 56 136.50526109624212
      vertex 455.4346472847415 56 137.55864745907388
    endloop
  endfacet
  facet normal 0.34202014332566616 0 -0.9396926207859093
    outer loop
      vertex 452.5404920388998 52 136.50526109624212
      vertex 455.4346472847415 56 137.55864745907388
      vertex 455.4346472847415 52 137.55864745907388
    endloop
  endfacet
  facet normal 0.3420201433256684 0 -0.9396926207859084
    outer loop
      vertex 452.5404920388998 84 136.50526109624212
      vertex 452.5404920388998 90 136.50526109624212
      vertex 460.57289068998693 84 139.42881511499783
    endloop
  endfacet
  facet normal 0.34202014332566977 2.0088500378232526e-15 -0.9396926207859081
    outer loop
      vertex 452.5404920388998 90 136.50526109624212
      vertex 460.5728906899868 90 139.4288151149978
      vertex 460.57289068998693 84 139.42881511499783
    endloop
  endfacet
  facet normal -0.3420201433256688 0 0.9396926207859083
    outer loop
      vertex 457.6841578805675 90 125.62346715874334
      vertex 470 95 130.10606710013874
      vertex 457.6841578805675 95 125.62346715874334
    endloop
  endfacet
  facet normal -0.3420201433256688 0 0.9396926207859083
    outer loop
      vertex 457.6841578805675 90 125.62346715874334
      vertex 470 90 130.10606710013874
      vertex 470 95 130.10606710013874
    endloop
  endfacet
  facet normal 0 0 -1
    outer loop
      vertex 426 -188 52
      vertex 426 -180 52
      vertex 434 -180 52
    endloop
  endfacet
  facet normal 0 0 -1
    outer loop
      vertex 426 -188 52
      vertex 434 -180 52
      vertex 434 -188 52
    endloop
  endfacet
  facet normal -1 0 0
    outer loop
      vertex 426 -188 52
      vertex 426 -180 142
      vertex 426 -180 52
    endloop
  endfacet
  facet normal 0 1 0
    outer loop
      vertex 426 -180 52
      vertex 434 -180 142
      vertex 434 -180 52
    endloop
  endfacet
  facet normal 0 -1 0
    outer loop
      vertex 426 -188 52
      vertex 434 -188 52
      vertex 434 -188 148
    endloop
  endfacet
  facet normal 1 0 0
    outer loop
      vertex 434 -188 52
      vertex 434 -180 52
      vertex 434 -188 148
    endloop
  endfacet
  facet normal -1 0 0
    outer loop
      vertex 426 -188 52
      vertex 426 -188 142
      vertex 426 -180 142
    endloop
  endfacet
  facet normal 0 1 0
    outer loop
      vertex 426 -180 52
      vertex 426 -180 142
      vertex 434 -180 142
    endloop
  endfacet
  facet normal 0 -1 0
    outer loop
      vertex 426 -188 52
      vertex 434 -188 148
      vertex 426 -188 142
    endloop
  endfacet
  facet normal 1 0 0
    outer loop
      vertex 434 -180 52
      vertex 434 -180 142
      vertex 434 -188 148
    endloop
  endfacet
  facet normal -1 0 0
    outer loop
      vertex 426 -188 142
      vertex 426 -180 148
      vertex 426 -180 142
    endloop
  endfacet
  facet normal -1 0 0
    outer loop
      vertex 426 -188 142
      vertex 426 -188 148
      vertex 426 -180 148
    endloop
  endfacet
  facet normal 0 0 1
    outer loop
      vertex 426 -188 148
      vertex 434 -188 148
      vertex 426 -180 148
    endloop
  endfacet
  facet normal 0 0 1
    outer loop
      vertex 426 -180 148
      vertex 434 -188 148
      vertex 434 -180 148
    endloop
  endfacet
  facet normal 1 0 0
    outer loop
      vertex 434 -180 142
      vertex 434 -180 148
      vertex 434 -188 148
    endloop
  endfacet
  facet normal 0 0 -1
    outer loop
      vertex 426 180 52
      vertex 426 188 52
      vertex 434 188 52
    endloop
  endfacet
  facet normal 0 0 -1
    outer loop
      vertex 426 180 52
      vertex 434 188 52
      vertex 434 180 52
    endloop
  endfacet
  facet normal -1 0 0
    outer loop
      vertex 426 180 52
      vertex 426 188 142
      vertex 426 188 52
    endloop
  endfacet
  facet normal 0 -1 0
    outer loop
      vertex 426 180 52
      vertex 434 180 52
      vertex 426 180 142
    endloop
  endfacet
  facet normal 0 1 0
    outer loop
      vertex 426 188 52
      vertex 434 188 142
      vertex 434 188 52
    endloop
  endfacet
  facet normal 1 0 0
    outer loop
      vertex 434 180 52
      vertex 434 188 52
      vertex 434 180 142
    endloop
  endfacet
  facet normal -1 0 0
    outer loop
      vertex 426 180 52
      vertex 426 180 142
      vertex 426 188 142
    endloop
  endfacet
  facet normal 0 1 0
    outer loop
      vertex 426 188 52
      vertex 426 188 142
      vertex 434 188 142
    endloop
  endfacet
  facet normal 0 -1 0
    outer loop
      vertex 426 180 142
      vertex 434 180 52
      vertex 434 180 142
    endloop
  endfacet
  facet normal 1 0 0
    outer loop
      vertex 434 188 52
      vertex 434 180 148
      vertex 434 180 142
    endloop
  endfacet
  facet normal 1 0 0
    outer loop
      vertex 434 188 52
      vertex 434 188 142
      vertex 434 180 148
    endloop
  endfacet
  facet normal -1 0 0
    outer loop
      vertex 426 180 142
      vertex 426 188 148
      vertex 426 188 142
    endloop
  endfacet
  facet normal -1 0 0
    outer loop
      vertex 426 180 142
      vertex 426 180 148
      vertex 426 188 148
    endloop
  endfacet
  facet normal 0 0 1
    outer loop
      vertex 426 180 148
      vertex 434 180 148
      vertex 426 188 148
    endloop
  endfacet
  facet normal 0 1 0
    outer loop
      vertex 426 188 148
      vertex 434 188 148
      vertex 434 188 142
    endloop
  endfacet
  facet normal 0 0 1
    outer loop
      vertex 426 188 148
      vertex 434 180 148
      vertex 434 188 148
    endloop
  endfacet
  facet normal 1 0 0
    outer loop
      vertex 434 188 142
      vertex 434 188 148
      vertex 434 180 148
    endloop
  endfacet
  facet normal -1 0 0
    outer loop
      vertex 426 -39 134.33333333333337
      vertex 426 -39 142
      vertex 426 -31 142
    endloop
  endfacet
  facet normal -1 0 0
    outer loop
      vertex 426 -39 134.33333333333337
      vertex 426 -31 142
      vertex 426 -31 134.33333333333337
    endloop
  endfacet
  facet normal 0 -1 0
    outer loop
      vertex 426 -39 134.33333333333337
      vertex 434 -39 142
      vertex 426 -39 142
    endloop
  endfacet
  facet normal 0 0 -1
    outer loop
      vertex 426 -39 134.33333333333337
      vertex 426 -31 134.33333333333337
      vertex 434 -31 134.33333333333337
    endloop
  endfacet
  facet normal 0 1 0
    outer loop
      vertex 426 -31 134.33333333333337
      vertex 426 -31 142
      vertex 434 -31 134.33333333333337
    endloop
  endfacet
  facet normal 0 0 -1
    outer loop
      vertex 426 -39 134.33333333333337
      vertex 434 -31 134.33333333333337
      vertex 434 -39 134.33333333333337
    endloop
  endfacet
  facet normal 0 -1 0
    outer loop
      vertex 426 -39 134.33333333333337
      vertex 434 -39 134.33333333333337
      vertex 434 -39 142
    endloop
  endfacet
  facet normal 0 1 0
    outer loop
      vertex 426 -31 142
      vertex 434 -31 142
      vertex 434 -31 134.33333333333337
    endloop
  endfacet
  facet normal 1 0 0
    outer loop
      vertex 434 -39 134.33333333333337
      vertex 434 -31 134.33333333333337
      vertex 434 -39 142
    endloop
  endfacet
  facet normal 1 0 0
    outer loop
      vertex 434 -31 134.33333333333337
      vertex 434 -31 142
      vertex 434 -39 142
    endloop
  endfacet
  facet normal -1 0 0
    outer loop
      vertex 426 31 134.33333333333337
      vertex 426 31 142
      vertex 426 39 142
    endloop
  endfacet
  facet normal -1 0 0
    outer loop
      vertex 426 31 134.33333333333337
      vertex 426 39 142
      vertex 426 39 134.33333333333337
    endloop
  endfacet
  facet normal 0 -1 0
    outer loop
      vertex 426 31 134.33333333333337
      vertex 434 31 142
      vertex 426 31 142
    endloop
  endfacet
  facet normal 0 0 -1
    outer loop
      vertex 426 31 134.33333333333337
      vertex 426 39 134.33333333333337
      vertex 434 39 134.33333333333337
    endloop
  endfacet
  facet normal 0 1 0
    outer loop
      vertex 426 39 134.33333333333337
      vertex 426 39 142
      vertex 434 39 134.33333333333337
    endloop
  endfacet
  facet normal 0 0 -1
    outer loop
      vertex 426 31 134.33333333333337
      vertex 434 39 134.33333333333337
      vertex 434 31 134.33333333333337
    endloop
  endfacet
  facet normal 0 -1 0
    outer loop
      vertex 426 31 134.33333333333337
      vertex 434 31 134.33333333333337
      vertex 434 31 142
    endloop
  endfacet
  facet normal 0 1 0
    outer loop
      vertex 426 39 142
      vertex 434 39 142
      vertex 434 39 134.33333333333337
    endloop
  endfacet
  facet normal 1 0 0
    outer loop
      vertex 434 31 134.33333333333337
      vertex 434 39 134.33333333333337
      vertex 434 31 142
    endloop
  endfacet
  facet normal 1 0 0
    outer loop
      vertex 434 39 134.33333333333337
      vertex 434 39 142
      vertex 434 31 142
    endloop
  endfacet
  facet normal 0 -1 0
    outer loop
      vertex 426 -188 142
      vertex 434 -188 148
      vertex 426 -188 148
    endloop
  endfacet
  facet normal 0 0 -1
    outer loop
      vertex 426 -180 142
      vertex 426 -39 142
      vertex 434 -180 142
    endloop
  endfacet
  facet normal 1 0 0
    outer loop
      vertex 434 -180 142
      vertex 434 -39 142
      vertex 434 -180 148
    endloop
  endfacet
  facet normal -1 0 0
    outer loop
      vertex 426 -180 142
      vertex 426 -180 148
      vertex 426 180 148
    endloop
  endfacet
  facet normal 0 0 -1
    outer loop
      vertex 426 -39 142
      vertex 434 -39 142
      vertex 434 -180 142
    endloop
  endfacet
  facet normal 1 0 0
    outer loop
      vertex 434 -180 148
      vertex 434 -39 142
      vertex 434 -31 142
    endloop
  endfacet
  facet normal 0 0 1
    outer loop
      vertex 426 -180 148
      vertex 434 -180 148
      vertex 434 180 148
    endloop
  endfacet
  facet normal 1 0 0
    outer loop
      vertex 434 -180 148
      vertex 434 -31 142
      vertex 434 31 142
    endloop
  endfacet
  facet normal 0 0 0
    outer loop
      vertex 426 -180 142
      vertex 426 180 142
      vertex 426 -39 142
    endloop
  endfacet
  facet normal 0 0 -1
    outer loop
      vertex 426 -31 142
      vertex 426 31 142
      vertex 434 -31 142
    endloop
  endfacet
  facet normal 1 0 0
    outer loop
      vertex 434 -180 148
      vertex 434 31 142
      vertex 434 39 142
    endloop
  endfacet
  facet normal 0 0 0
    outer loop
      vertex 426 -39 142
      vertex 426 180 142
      vertex 426 -31 142
    endloop
  endfacet
  facet normal 0 0 -1
    outer loop
      vertex 426 31 142
      vertex 434 31 142
      vertex 434 -31 142
    endloop
  endfacet
  facet normal 1 0 0
    outer loop
      vertex 434 -180 148
      vertex 434 39 142
      vertex 434 180 142
    endloop
  endfacet
  facet normal 0 0 0
    outer loop
      vertex 426 -31 142
      vertex 426 180 142
      vertex 426 31 142
    endloop
  endfacet
  facet normal -1 0 0
    outer loop
      vertex 426 -180 142
      vertex 426 180 148
      vertex 426 180 142
    endloop
  endfacet
  facet normal 0 0 1
    outer loop
      vertex 426 -180 148
      vertex 434 180 148
      vertex 426 180 148
    endloop
  endfacet
  facet normal 0 0 0
    outer loop
      vertex 426 31 142
      vertex 426 180 142
      vertex 426 39 142
    endloop
  endfacet
  facet normal 0 0 -1
    outer loop
      vertex 426 39 142
      vertex 426 180 142
      vertex 434 39 142
    endloop
  endfacet
  facet normal 1 0 0
    outer loop
      vertex 434 -180 148
      vertex 434 180 142
      vertex 434 180 148
    endloop
  endfacet
  facet normal 0 0 -1
    outer loop
      vertex 426 180 142
      vertex 434 180 142
      vertex 434 39 142
    endloop
  endfacet
  facet normal 0 1 0
    outer loop
      vertex 426 188 142
      vertex 426 188 148
      vertex 434 188 142
    endloop
  endfacet
endsolid OpenSCAD_Model
