solid OpenSCAD_Model
  facet normal 0.7883464276266143 0.6152315905806165 0
    outer loop
      vertex -4.81924518888387 -132.5741958269546 4
      vertex -4.638062720176422 -132.80635970498187 -4
      vertex -4.81924518888387 -132.5741958269546 -4
    endloop
  endfacet
  facet normal 0.757208846506495 0.6531728429537647 0
    outer loop
      vertex -4.638062720176422 -132.80635970498187 4
      vertex -4.445706752129754 -133.02935372908212 -4
      vertex -4.638062720176422 -132.80635970498187 -4
    endloop
  endfacet
  facet normal 0.7242470829514656 0.6895405447370683 0
    outer loop
      vertex -4.445706752129754 -133.02935372908212 4
      vertex -4.242640687119286 -133.2426406871193 -4
      vertex -4.445706752129754 -133.02935372908212 -4
    endloop
  endfacet
  facet normal 0.6895405447370511 0.724247082951482 0
    outer loop
      vertex -4.242640687119286 -133.2426406871193 4
      vertex -4.029353729082111 -133.44570675212975 -4
      vertex -4.242640687119286 -133.2426406871193 -4
    endloop
  endfacet
  facet normal 0.9142097557035298 0.40524131400499225 0
    outer loop
      vertex -5.54327719506772 -131.29610059419053 4
      vertex -5.42393575874066 -131.56533056058169 -4
      vertex -5.54327719506772 -131.29610059419053 -4
    endloop
  endfacet
  facet normal 0.8448535652497035 0.534997619887103 0
    outer loop
      vertex -5.146371660001632 -132.08461646515934 4
      vertex -4.988817673815271 -132.33342139811762 -4
      vertex -5.146371660001632 -132.08461646515934 -4
    endloop
  endfacet
  facet normal 0.8700869911087137 0.4928981922297802 0
    outer loop
      vertex -5.2915275860901305 -131.828380420956 4
      vertex -5.146371660001632 -132.08461646515934 -4
      vertex -5.2915275860901305 -131.828380420956 -4
    endloop
  endfacet
  facet normal 0.893224301195527 0.4496113296545835 0
    outer loop
      vertex -5.42393575874066 -131.56533056058169 4
      vertex -5.2915275860901305 -131.828380420956 -4
      vertex -5.42393575874066 -131.56533056058169 -4
    endloop
  endfacet
  facet normal 0.9329927988347307 0.35989503653500937 0
    outer loop
      vertex -5.649264391098125 -131.02133912035333 4
      vertex -5.54327719506772 -131.29610059419053 -4
      vertex -5.649264391098125 -131.02133912035333 -4
    endloop
  endfacet
  facet normal 0.9495281805930414 0.3136817403988772 0
    outer loop
      vertex -5.741642014393253 -130.74170806352677 4
      vertex -5.649264391098125 -131.02133912035333 -4
      vertex -5.741642014393253 -130.74170806352677 -4
    endloop
  endfacet
  facet normal 0.9637760657954374 0.26671275747490686 0
    outer loop
      vertex -5.820187519167264 -130.4578810794196 4
      vertex -5.741642014393253 -130.74170806352677 -4
      vertex -5.820187519167264 -130.4578810794196 -4
    endloop
  endfacet
  facet normal 0.9757021300385303 0.21910124015686214 0
    outer loop
      vertex -5.884711682419383 -130.17054193209677 4
      vertex -5.820187519167264 -130.4578810794196 -4
      vertex -5.884711682419383 -130.17054193209677 -4
    endloop
  endfacet
  facet normal 0.8175848131515674 0.5758081914178684 0
    outer loop
      vertex -4.988817673815271 -132.33342139811762 4
      vertex -4.81924518888387 -132.5741958269546 -4
      vertex -4.988817673815271 -132.33342139811762 -4
    endloop
  endfacet
  facet normal 0.9852776423889406 0.17096188876030527 0
    outer loop
      vertex -5.935059059788686 -129.88038284673218 4
      vertex -5.884711682419383 -130.17054193209677 -4
      vertex -5.935059059788686 -129.88038284673218 -4
    endloop
  endfacet
  facet normal 0.9924795345987104 0.12241067519921209 0
    outer loop
      vertex -5.971108360033181 -129.58810284197736 4
      vertex -5.935059059788686 -129.88038284673218 -4
      vertex -5.971108360033181 -129.58810284197736 -4
    endloop
  endfacet
  facet normal 0.9972904566786901 0.07356456359966751 0
    outer loop
      vertex -5.992772737231034 -129.2944060459645 4
      vertex -5.971108360033181 -129.58810284197736 -4
      vertex -5.992772737231034 -129.2944060459645 -4
    endloop
  endfacet
  facet normal 0.9996988186962041 0.024541228522913613 0
    outer loop
      vertex -6 -129 4
      vertex -5.992772737231034 -129.2944060459645 -4
      vertex -6 -129 -4
    endloop
  endfacet
  facet normal 0.9996988186962041 -0.024541228522913613 0
    outer loop
      vertex -5.992772737231034 -128.7055939540355 4
      vertex -6 -129 -4
      vertex -5.992772737231034 -128.7055939540355 -4
    endloop
  endfacet
  facet normal 0.9972904566786901 -0.07356456359966751 0
    outer loop
      vertex -5.971108360033181 -128.41189715802264 4
      vertex -5.992772737231034 -128.7055939540355 -4
      vertex -5.971108360033181 -128.41189715802264 -4
    endloop
  endfacet
  facet normal 0.9924795345987104 -0.12241067519921209 0
    outer loop
      vertex -5.935059059788686 -128.11961715326782 4
      vertex -5.971108360033181 -128.41189715802264 -4
      vertex -5.935059059788686 -128.11961715326782 -4
    endloop
  endfacet
  facet normal 0.9852776423889406 -0.17096188876030527 0
    outer loop
      vertex -5.884711682419383 -127.82945806790323 4
      vertex -5.935059059788686 -128.11961715326782 -4
      vertex -5.884711682419383 -127.82945806790323 -4
    endloop
  endfacet
  facet normal 0.975702130038528 -0.21910124015687246 0
    outer loop
      vertex -5.820187519167264 -127.54211892058042 4
      vertex -5.884711682419383 -127.82945806790323 -4
      vertex -5.820187519167264 -127.54211892058042 -4
    endloop
  endfacet
  facet normal 0.6152315905806275 0.7883464276266058 0
    outer loop
      vertex -3.806359704981873 -133.63806272017644 4
      vertex -3.5741958269546004 -133.81924518888388 -4
      vertex -3.806359704981873 -133.63806272017644 -4
    endloop
  endfacet
  facet normal 0.5349976198870553 0.8448535652497338 0
    outer loop
      vertex -3.333421398117613 -133.98881767381528 4
      vertex -3.0846164651593306 -134.14637166000162 -4
      vertex -3.333421398117613 -133.98881767381528 -4
    endloop
  endfacet
  facet normal 0.5758081914178247 0.817584813151598 0
    outer loop
      vertex -3.5741958269546004 -133.81924518888388 4
      vertex -3.333421398117613 -133.98881767381528 -4
      vertex -3.5741958269546004 -133.81924518888388 -4
    endloop
  endfacet
  facet normal 0.6531728429538085 0.7572088465064573 0
    outer loop
      vertex -4.029353729082111 -133.44570675212975 4
      vertex -3.806359704981873 -133.63806272017644 -4
      vertex -4.029353729082111 -133.44570675212975 -4
    endloop
  endfacet
  facet normal 0.44961132965464146 0.8932243011954979 0
    outer loop
      vertex -2.8283804209559857 -134.29152758609013 4
      vertex -2.5653305605816925 -134.42393575874067 -4
      vertex -2.8283804209559857 -134.29152758609013 -4
    endloop
  endfacet
  facet normal 0.4928981922298053 0.8700869911086995 0
    outer loop
      vertex -3.0846164651593306 -134.14637166000162 4
      vertex -2.8283804209559857 -134.29152758609013 -4
      vertex -3.0846164651593306 -134.14637166000162 -4
    endloop
  endfacet
  facet normal 0.40524131400499386 0.9142097557035288 0
    outer loop
      vertex -2.5653305605816925 -134.42393575874067 4
      vertex -2.2961005941905386 -134.54327719506773 -4
      vertex -2.5653305605816925 -134.42393575874067 -4
    endloop
  endfacet
  facet normal 0.3598950365349281 0.9329927988347619 0
    outer loop
      vertex -2.2961005941905386 -134.54327719506773 4
      vertex -2.0213391203533204 -134.64926439109811 -4
      vertex -2.2961005941905386 -134.54327719506773 -4
    endloop
  endfacet
  facet normal 0.12241067519918282 0.9924795345987141 0
    outer loop
      vertex -0.8803828467321705 -134.9350590597887 4
      vertex -0.5881028419773636 -134.97110836003318 -4
      vertex -0.8803828467321705 -134.9350590597887 -4
    endloop
  endfacet
  facet normal 0.0735645635996608 0.9972904566786907 0
    outer loop
      vertex -0.5881028419773636 -134.97110836003318 4
      vertex -0.2944060459645081 -134.99277273723104 -4
      vertex -0.5881028419773636 -134.97110836003318 -4
    endloop
  endfacet
  facet normal 0.024541228522907518 0.9996988186962044 0
    outer loop
      vertex -0.2944060459645081 -134.99277273723104 4
      vertex 0 -135 -4
      vertex -0.2944060459645081 -134.99277273723104 -4
    endloop
  endfacet
  facet normal 0.31368174039891245 0.9495281805930298 0
    outer loop
      vertex -2.0213391203533204 -134.64926439109811 4
      vertex -1.741708063526774 -134.74164201439325 -4
      vertex -2.0213391203533204 -134.64926439109811 -4
    endloop
  endfacet
  facet normal 0.2667127574749052 0.963776065795438 0
    outer loop
      vertex -1.741708063526774 -134.74164201439325 4
      vertex -1.4578810794195833 -134.82018751916726 -4
      vertex -1.741708063526774 -134.74164201439325 -4
    endloop
  endfacet
  facet normal 0.2191012401568619 0.9757021300385303 0
    outer loop
      vertex -1.4578810794195833 -134.82018751916726 4
      vertex -1.1705419320967696 -134.88471168241938 -4
      vertex -1.4578810794195833 -134.82018751916726 -4
    endloop
  endfacet
  facet normal 0.17096188876035728 0.9852776423889316 0
    outer loop
      vertex -1.1705419320967696 -134.88471168241938 4
      vertex -0.8803828467321705 -134.9350590597887 -4
      vertex -1.1705419320967696 -134.88471168241938 -4
    endloop
  endfacet
  facet normal 0.9637760657954411 -0.2667127574748945 0
    outer loop
      vertex -5.741642014393253 -127.25829193647323 4
      vertex -5.820187519167264 -127.54211892058042 -4
      vertex -5.741642014393253 -127.25829193647323 -4
    endloop
  endfacet
  facet normal 0.9495281805930367 -0.3136817403988916 0
    outer loop
      vertex -5.649264391098125 -126.97866087964668 4
      vertex -5.741642014393253 -127.25829193647323 -4
      vertex -5.649264391098125 -126.97866087964668 -4
    endloop
  endfacet
  facet normal 0.932992798834737 -0.35989503653499316 0
    outer loop
      vertex -5.54327719506772 -126.70389940580947 4
      vertex -5.649264391098125 -126.97866087964668 -4
      vertex -5.54327719506772 -126.70389940580947 -4
    endloop
  endfacet
  facet normal 0.9142097557035298 -0.40524131400499225 0
    outer loop
      vertex -5.42393575874066 -126.43466943941831 4
      vertex -5.54327719506772 -126.70389940580947 -4
      vertex -5.42393575874066 -126.43466943941831 -4
    endloop
  endfacet
  facet normal 0.8932243011955172 -0.44961132965460293 0
    outer loop
      vertex -5.2915275860901305 -126.17161957904402 4
      vertex -5.42393575874066 -126.43466943941831 -4
      vertex -5.2915275860901305 -126.17161957904402 -4
    endloop
  endfacet
  facet normal 0.8700869911087137 -0.4928981922297802 0
    outer loop
      vertex -5.146371660001632 -125.91538353484067 4
      vertex -5.2915275860901305 -126.17161957904402 -4
      vertex -5.146371660001632 -125.91538353484067 -4
    endloop
  endfacet
  facet normal 0.8448535652497035 -0.534997619887103 0
    outer loop
      vertex -4.988817673815271 -125.66657860188239 4
      vertex -5.146371660001632 -125.91538353484067 -4
      vertex -4.988817673815271 -125.66657860188239 -4
    endloop
  endfacet
  facet normal 0.8175848131515834 -0.5758081914178458 0
    outer loop
      vertex -4.81924518888387 -125.4258041730454 4
      vertex -4.988817673815271 -125.66657860188239 -4
      vertex -4.81924518888387 -125.4258041730454 -4
    endloop
  endfacet
  facet normal 0.7883464276266143 -0.6152315905806165 0
    outer loop
      vertex -4.638062720176422 -125.19364029501813 4
      vertex -4.81924518888387 -125.4258041730454 -4
      vertex -4.638062720176422 -125.19364029501813 -4
    endloop
  endfacet
  facet normal 0.757208846506495 -0.6531728429537647 0
    outer loop
      vertex -4.445706752129754 -124.97064627091788 4
      vertex -4.638062720176422 -125.19364029501813 -4
      vertex -4.445706752129754 -124.97064627091788 -4
    endloop
  endfacet
  facet normal 0.7242470829514656 -0.6895405447370683 0
    outer loop
      vertex -4.242640687119286 -124.75735931288071 4
      vertex -4.445706752129754 -124.97064627091788 -4
      vertex -4.242640687119286 -124.75735931288071 -4
    endloop
  endfacet
  facet normal 0.6895405447370511 -0.724247082951482 0
    outer loop
      vertex -4.029353729082111 -124.55429324787025 4
      vertex -4.242640687119286 -124.75735931288071 -4
      vertex -4.029353729082111 -124.55429324787025 -4
    endloop
  endfacet
  facet normal 0.6531728429537808 -0.7572088465064811 0
    outer loop
      vertex -3.806359704981873 -124.36193727982358 4
      vertex -4.029353729082111 -124.55429324787025 -4
      vertex -3.806359704981873 -124.36193727982358 -4
    endloop
  endfacet
  facet normal 0.6152315905806275 -0.7883464276266058 0
    outer loop
      vertex -3.5741958269546004 -124.18075481111613 4
      vertex -3.806359704981873 -124.36193727982358 -4
      vertex -3.5741958269546004 -124.18075481111613 -4
    endloop
  endfacet
  facet normal 0.575808191417857 -0.8175848131515754 0
    outer loop
      vertex -3.333421398117613 -124.01118232618472 4
      vertex -3.5741958269546004 -124.18075481111613 -4
      vertex -3.333421398117613 -124.01118232618472 -4
    endloop
  endfacet
  facet normal 0.5349976198870896 -0.8448535652497118 0
    outer loop
      vertex -3.0846164651593306 -123.85362833999837 4
      vertex -3.333421398117613 -124.01118232618472 -4
      vertex -3.0846164651593306 -123.85362833999837 -4
    endloop
  endfacet
  facet normal 0.4928981922297687 -0.8700869911087201 0
    outer loop
      vertex -2.8283804209559857 -123.70847241390987 4
      vertex -3.0846164651593306 -123.85362833999837 -4
      vertex -2.8283804209559857 -123.70847241390987 -4
    endloop
  endfacet
  facet normal 0.4496113296546029 -0.8932243011955171 0
    outer loop
      vertex -2.5653305605816925 -123.57606424125935 4
      vertex -2.8283804209559857 -123.70847241390987 -4
      vertex -2.5653305605816925 -123.57606424125935 -4
    endloop
  endfacet
  facet normal 0.40524131400499386 -0.9142097557035288 0
    outer loop
      vertex -2.2961005941905386 -123.45672280493228 4
      vertex -2.5653305605816925 -123.57606424125935 -4
      vertex -2.2961005941905386 -123.45672280493228 -4
    endloop
  endfacet
  facet normal 0.3598950365350121 -0.9329927988347296 0
    outer loop
      vertex -2.0213391203533204 -123.35073560890187 4
      vertex -2.2961005941905386 -123.45672280493228 -4
      vertex -2.0213391203533204 -123.35073560890187 -4
    endloop
  endfacet
  facet normal 0.3136817403988689 -0.9495281805930441 0
    outer loop
      vertex -1.741708063526774 -123.25835798560675 4
      vertex -2.0213391203533204 -123.35073560890187 -4
      vertex -1.741708063526774 -123.25835798560675 -4
    endloop
  endfacet
  facet normal 0.2667127574749052 -0.963776065795438 0
    outer loop
      vertex -1.4578810794195833 -123.17981248083274 4
      vertex -1.741708063526774 -123.25835798560675 -4
      vertex -1.4578810794195833 -123.17981248083274 -4
    endloop
  endfacet
  facet normal 0.2191012401568619 -0.9757021300385303 0
    outer loop
      vertex -1.1705419320967696 -123.11528831758062 4
      vertex -1.4578810794195833 -123.17981248083274 -4
      vertex -1.1705419320967696 -123.11528831758062 -4
    endloop
  endfacet
  facet normal 0.17096188876031046 -0.9852776423889397 0
    outer loop
      vertex -0.8803828467321705 -123.06494094021132 4
      vertex -1.1705419320967696 -123.11528831758062 -4
      vertex -0.8803828467321705 -123.06494094021132 -4
    endloop
  endfacet
  facet normal 0.12241067519923036 -0.9924795345987083 0
    outer loop
      vertex -0.5881028419773636 -123.02889163996682 4
      vertex -0.8803828467321705 -123.06494094021132 -4
      vertex -0.5881028419773636 -123.02889163996682 -4
    endloop
  endfacet
  facet normal 0.0735645635996608 -0.9972904566786907 0
    outer loop
      vertex -0.2944060459645081 -123.00722726276896 4
      vertex -0.5881028419773636 -123.02889163996682 -4
      vertex -0.2944060459645081 -123.00722726276896 -4
    endloop
  endfacet
  facet normal 0.024541228522907518 -0.9996988186962044 0
    outer loop
      vertex -0.2944060459645081 -123.00722726276896 -4
      vertex 0 -123 -4
      vertex 0 -123 4
    endloop
  endfacet
  facet normal 0.8175848131515674 0.5758081914178684 0
    outer loop
      vertex -4.988817673815271 -132.33342139811762 4
      vertex -4.81924518888387 -132.5741958269546 4
      vertex -4.81924518888387 -132.5741958269546 -4
    endloop
  endfacet
  facet normal 0.757208846506495 0.6531728429537647 0
    outer loop
      vertex -4.638062720176422 -132.80635970498187 4
      vertex -4.445706752129754 -133.02935372908212 4
      vertex -4.445706752129754 -133.02935372908212 -4
    endloop
  endfacet
  facet normal 0.7883464276266143 0.6152315905806165 0
    outer loop
      vertex -4.81924518888387 -132.5741958269546 4
      vertex -4.638062720176422 -132.80635970498187 4
      vertex -4.638062720176422 -132.80635970498187 -4
    endloop
  endfacet
  facet normal 0.7242470829514656 0.6895405447370683 0
    outer loop
      vertex -4.445706752129754 -133.02935372908212 4
      vertex -4.242640687119286 -133.2426406871193 4
      vertex -4.242640687119286 -133.2426406871193 -4
    endloop
  endfacet
  facet normal 0.6895405447370511 0.724247082951482 0
    outer loop
      vertex -4.029353729082111 -133.44570675212975 4
      vertex -4.029353729082111 -133.44570675212975 -4
      vertex -4.242640687119286 -133.2426406871193 4
    endloop
  endfacet
  facet normal 0.8448535652497035 0.534997619887103 0
    outer loop
      vertex -5.146371660001632 -132.08461646515934 4
      vertex -4.988817673815271 -132.33342139811762 4
      vertex -4.988817673815271 -132.33342139811762 -4
    endloop
  endfacet
  facet normal 0.8700869911087137 0.4928981922297802 0
    outer loop
      vertex -5.2915275860901305 -131.828380420956 4
      vertex -5.146371660001632 -132.08461646515934 4
      vertex -5.146371660001632 -132.08461646515934 -4
    endloop
  endfacet
  facet normal 0.893224301195527 0.4496113296545835 0
    outer loop
      vertex -5.42393575874066 -131.56533056058169 4
      vertex -5.2915275860901305 -131.828380420956 4
      vertex -5.2915275860901305 -131.828380420956 -4
    endloop
  endfacet
  facet normal 0.9142097557035298 0.40524131400499225 0
    outer loop
      vertex -5.54327719506772 -131.29610059419053 4
      vertex -5.42393575874066 -131.56533056058169 4
      vertex -5.42393575874066 -131.56533056058169 -4
    endloop
  endfacet
  facet normal 0.9637760657954374 0.26671275747490686 0
    outer loop
      vertex -5.820187519167264 -130.4578810794196 4
      vertex -5.741642014393253 -130.74170806352677 4
      vertex -5.741642014393253 -130.74170806352677 -4
    endloop
  endfacet
  facet normal 0.9329927988347307 0.35989503653500937 0
    outer loop
      vertex -5.649264391098125 -131.02133912035333 4
      vertex -5.54327719506772 -131.29610059419053 4
      vertex -5.54327719506772 -131.29610059419053 -4
    endloop
  endfacet
  facet normal 0.9495281805930414 0.3136817403988772 0
    outer loop
      vertex -5.741642014393253 -130.74170806352677 4
      vertex -5.649264391098125 -131.02133912035333 4
      vertex -5.649264391098125 -131.02133912035333 -4
    endloop
  endfacet
  facet normal 0.9757021300385303 0.21910124015686214 0
    outer loop
      vertex -5.884711682419383 -130.17054193209677 4
      vertex -5.820187519167264 -130.4578810794196 4
      vertex -5.820187519167264 -130.4578810794196 -4
    endloop
  endfacet
  facet normal 0.9852776423889406 0.17096188876030527 0
    outer loop
      vertex -5.935059059788686 -129.88038284673218 4
      vertex -5.884711682419383 -130.17054193209677 4
      vertex -5.884711682419383 -130.17054193209677 -4
    endloop
  endfacet
  facet normal 0.9924795345987104 0.12241067519921209 0
    outer loop
      vertex -5.971108360033181 -129.58810284197736 4
      vertex -5.935059059788686 -129.88038284673218 4
      vertex -5.935059059788686 -129.88038284673218 -4
    endloop
  endfacet
  facet normal 0.9972904566786901 0.07356456359966751 0
    outer loop
      vertex -5.992772737231034 -129.2944060459645 4
      vertex -5.971108360033181 -129.58810284197736 4
      vertex -5.971108360033181 -129.58810284197736 -4
    endloop
  endfacet
  facet normal 0.9996988186962041 0.024541228522913613 0
    outer loop
      vertex -6 -129 4
      vertex -5.992772737231034 -129.2944060459645 4
      vertex -5.992772737231034 -129.2944060459645 -4
    endloop
  endfacet
  facet normal 0.9996988186962041 -0.024541228522913613 0
    outer loop
      vertex -5.992772737231034 -128.7055939540355 4
      vertex -6 -129 4
      vertex -6 -129 -4
    endloop
  endfacet
  facet normal 0.9972904566786901 -0.07356456359966751 0
    outer loop
      vertex -5.971108360033181 -128.41189715802264 4
      vertex -5.992772737231034 -128.7055939540355 4
      vertex -5.992772737231034 -128.7055939540355 -4
    endloop
  endfacet
  facet normal 0.9924795345987104 -0.12241067519921209 0
    outer loop
      vertex -5.935059059788686 -128.11961715326782 4
      vertex -5.971108360033181 -128.41189715802264 4
      vertex -5.971108360033181 -128.41189715802264 -4
    endloop
  endfacet
  facet normal 0.9852776423889406 -0.17096188876030527 0
    outer loop
      vertex -5.884711682419383 -127.82945806790323 4
      vertex -5.935059059788686 -128.11961715326782 4
      vertex -5.935059059788686 -128.11961715326782 -4
    endloop
  endfacet
  facet normal 0.975702130038528 -0.21910124015687246 0
    outer loop
      vertex -5.820187519167264 -127.54211892058042 4
      vertex -5.884711682419383 -127.82945806790323 4
      vertex -5.884711682419383 -127.82945806790323 -4
    endloop
  endfacet
  facet normal 0.6152315905806275 0.7883464276266058 0
    outer loop
      vertex -3.5741958269546004 -133.81924518888388 4
      vertex -3.5741958269546004 -133.81924518888388 -4
      vertex -3.806359704981873 -133.63806272017644 4
    endloop
  endfacet
  facet normal 0.5758081914178247 0.817584813151598 0
    outer loop
      vertex -3.333421398117613 -133.98881767381528 4
      vertex -3.333421398117613 -133.98881767381528 -4
      vertex -3.5741958269546004 -133.81924518888388 4
    endloop
  endfacet
  facet normal 0.5349976198870553 0.8448535652497338 0
    outer loop
      vertex -3.0846164651593306 -134.14637166000162 4
      vertex -3.0846164651593306 -134.14637166000162 -4
      vertex -3.333421398117613 -133.98881767381528 4
    endloop
  endfacet
  facet normal 0.6531728429538085 0.7572088465064573 0
    outer loop
      vertex -3.806359704981873 -133.63806272017644 4
      vertex -3.806359704981873 -133.63806272017644 -4
      vertex -4.029353729082111 -133.44570675212975 4
    endloop
  endfacet
  facet normal 0.44961132965464146 0.8932243011954979 0
    outer loop
      vertex -2.5653305605816925 -134.42393575874067 4
      vertex -2.5653305605816925 -134.42393575874067 -4
      vertex -2.8283804209559857 -134.29152758609013 4
    endloop
  endfacet
  facet normal 0.4928981922298053 0.8700869911086995 0
    outer loop
      vertex -2.8283804209559857 -134.29152758609013 4
      vertex -2.8283804209559857 -134.29152758609013 -4
      vertex -3.0846164651593306 -134.14637166000162 4
    endloop
  endfacet
  facet normal 0.40524131400499386 0.9142097557035288 0
    outer loop
      vertex -2.2961005941905386 -134.54327719506773 4
      vertex -2.2961005941905386 -134.54327719506773 -4
      vertex -2.5653305605816925 -134.42393575874067 4
    endloop
  endfacet
  facet normal 0.3598950365349281 0.9329927988347619 0
    outer loop
      vertex -2.0213391203533204 -134.64926439109811 4
      vertex -2.0213391203533204 -134.64926439109811 -4
      vertex -2.2961005941905386 -134.54327719506773 4
    endloop
  endfacet
  facet normal 0.12241067519918282 0.9924795345987141 0
    outer loop
      vertex -0.5881028419773636 -134.97110836003318 4
      vertex -0.5881028419773636 -134.97110836003318 -4
      vertex -0.8803828467321705 -134.9350590597887 4
    endloop
  endfacet
  facet normal 0.0735645635996608 0.9972904566786907 0
    outer loop
      vertex -0.2944060459645081 -134.99277273723104 4
      vertex -0.2944060459645081 -134.99277273723104 -4
      vertex -0.5881028419773636 -134.97110836003318 4
    endloop
  endfacet
  facet normal 0.024541228522907518 0.9996988186962044 0
    outer loop
      vertex 0 -135 4
      vertex 0 -135 -4
      vertex -0.2944060459645081 -134.99277273723104 4
    endloop
  endfacet
  facet normal 0.31368174039891245 0.9495281805930298 0
    outer loop
      vertex -1.741708063526774 -134.74164201439325 4
      vertex -1.741708063526774 -134.74164201439325 -4
      vertex -2.0213391203533204 -134.64926439109811 4
    endloop
  endfacet
  facet normal 0.2667127574749052 0.963776065795438 0
    outer loop
      vertex -1.4578810794195833 -134.82018751916726 4
      vertex -1.4578810794195833 -134.82018751916726 -4
      vertex -1.741708063526774 -134.74164201439325 4
    endloop
  endfacet
  facet normal 0.2191012401568619 0.9757021300385303 0
    outer loop
      vertex -1.1705419320967696 -134.88471168241938 4
      vertex -1.1705419320967696 -134.88471168241938 -4
      vertex -1.4578810794195833 -134.82018751916726 4
    endloop
  endfacet
  facet normal 0.17096188876035728 0.9852776423889316 0
    outer loop
      vertex -0.8803828467321705 -134.9350590597887 4
      vertex -0.8803828467321705 -134.9350590597887 -4
      vertex -1.1705419320967696 -134.88471168241938 4
    endloop
  endfacet
  facet normal 0.9637760657954411 -0.2667127574748945 0
    outer loop
      vertex -5.741642014393253 -127.25829193647323 4
      vertex -5.820187519167264 -127.54211892058042 4
      vertex -5.820187519167264 -127.54211892058042 -4
    endloop
  endfacet
  facet normal 0.9495281805930367 -0.3136817403988916 0
    outer loop
      vertex -5.649264391098125 -126.97866087964668 4
      vertex -5.741642014393253 -127.25829193647323 4
      vertex -5.741642014393253 -127.25829193647323 -4
    endloop
  endfacet
  facet normal 0.932992798834737 -0.35989503653499316 0
    outer loop
      vertex -5.54327719506772 -126.70389940580947 4
      vertex -5.649264391098125 -126.97866087964668 4
      vertex -5.649264391098125 -126.97866087964668 -4
    endloop
  endfacet
  facet normal 0.9142097557035298 -0.40524131400499225 0
    outer loop
      vertex -5.42393575874066 -126.43466943941831 4
      vertex -5.54327719506772 -126.70389940580947 4
      vertex -5.54327719506772 -126.70389940580947 -4
    endloop
  endfacet
  facet normal 0.8932243011955172 -0.44961132965460293 0
    outer loop
      vertex -5.2915275860901305 -126.17161957904402 4
      vertex -5.42393575874066 -126.43466943941831 4
      vertex -5.42393575874066 -126.43466943941831 -4
    endloop
  endfacet
  facet normal 0.8700869911087137 -0.4928981922297802 0
    outer loop
      vertex -5.146371660001632 -125.91538353484067 4
      vertex -5.2915275860901305 -126.17161957904402 4
      vertex -5.2915275860901305 -126.17161957904402 -4
    endloop
  endfacet
  facet normal 0.8448535652497035 -0.534997619887103 0
    outer loop
      vertex -4.988817673815271 -125.66657860188239 4
      vertex -5.146371660001632 -125.91538353484067 4
      vertex -5.146371660001632 -125.91538353484067 -4
    endloop
  endfacet
  facet normal 0.8175848131515834 -0.5758081914178458 0
    outer loop
      vertex -4.81924518888387 -125.4258041730454 4
      vertex -4.988817673815271 -125.66657860188239 4
      vertex -4.988817673815271 -125.66657860188239 -4
    endloop
  endfacet
  facet normal 0.7883464276266143 -0.6152315905806165 0
    outer loop
      vertex -4.638062720176422 -125.19364029501813 4
      vertex -4.81924518888387 -125.4258041730454 4
      vertex -4.81924518888387 -125.4258041730454 -4
    endloop
  endfacet
  facet normal 0.757208846506495 -0.6531728429537647 0
    outer loop
      vertex -4.445706752129754 -124.97064627091788 4
      vertex -4.638062720176422 -125.19364029501813 4
      vertex -4.638062720176422 -125.19364029501813 -4
    endloop
  endfacet
  facet normal 0.7242470829514656 -0.6895405447370683 0
    outer loop
      vertex -4.242640687119286 -124.75735931288071 4
      vertex -4.445706752129754 -124.97064627091788 4
      vertex -4.445706752129754 -124.97064627091788 -4
    endloop
  endfacet
  facet normal 0.6895405447370511 -0.724247082951482 0
    outer loop
      vertex -4.242640687119286 -124.75735931288071 4
      vertex -4.242640687119286 -124.75735931288071 -4
      vertex -4.029353729082111 -124.55429324787025 4
    endloop
  endfacet
  facet normal 0.6531728429537808 -0.7572088465064811 0
    outer loop
      vertex -4.029353729082111 -124.55429324787025 4
      vertex -4.029353729082111 -124.55429324787025 -4
      vertex -3.806359704981873 -124.36193727982358 4
    endloop
  endfacet
  facet normal 0.6152315905806275 -0.7883464276266058 0
    outer loop
      vertex -3.806359704981873 -124.36193727982358 4
      vertex -3.806359704981873 -124.36193727982358 -4
      vertex -3.5741958269546004 -124.18075481111613 4
    endloop
  endfacet
  facet normal 0.575808191417857 -0.8175848131515754 0
    outer loop
      vertex -3.5741958269546004 -124.18075481111613 4
      vertex -3.5741958269546004 -124.18075481111613 -4
      vertex -3.333421398117613 -124.01118232618472 4
    endloop
  endfacet
  facet normal 0.5349976198870896 -0.8448535652497118 0
    outer loop
      vertex -3.333421398117613 -124.01118232618472 4
      vertex -3.333421398117613 -124.01118232618472 -4
      vertex -3.0846164651593306 -123.85362833999837 4
    endloop
  endfacet
  facet normal 0.4928981922297687 -0.8700869911087201 0
    outer loop
      vertex -3.0846164651593306 -123.85362833999837 4
      vertex -3.0846164651593306 -123.85362833999837 -4
      vertex -2.8283804209559857 -123.70847241390987 4
    endloop
  endfacet
  facet normal 0.4496113296546029 -0.8932243011955171 0
    outer loop
      vertex -2.8283804209559857 -123.70847241390987 4
      vertex -2.8283804209559857 -123.70847241390987 -4
      vertex -2.5653305605816925 -123.57606424125935 4
    endloop
  endfacet
  facet normal 0.40524131400499386 -0.9142097557035288 0
    outer loop
      vertex -2.5653305605816925 -123.57606424125935 4
      vertex -2.5653305605816925 -123.57606424125935 -4
      vertex -2.2961005941905386 -123.45672280493228 4
    endloop
  endfacet
  facet normal 0.3598950365350121 -0.9329927988347296 0
    outer loop
      vertex -2.2961005941905386 -123.45672280493228 4
      vertex -2.2961005941905386 -123.45672280493228 -4
      vertex -2.0213391203533204 -123.35073560890187 4
    endloop
  endfacet
  facet normal 0.3136817403988689 -0.9495281805930441 0
    outer loop
      vertex -2.0213391203533204 -123.35073560890187 4
      vertex -2.0213391203533204 -123.35073560890187 -4
      vertex -1.741708063526774 -123.25835798560675 4
    endloop
  endfacet
  facet normal 0.2667127574749052 -0.963776065795438 0
    outer loop
      vertex -1.741708063526774 -123.25835798560675 4
      vertex -1.741708063526774 -123.25835798560675 -4
      vertex -1.4578810794195833 -123.17981248083274 4
    endloop
  endfacet
  facet normal 0.2191012401568619 -0.9757021300385303 0
    outer loop
      vertex -1.4578810794195833 -123.17981248083274 4
      vertex -1.4578810794195833 -123.17981248083274 -4
      vertex -1.1705419320967696 -123.11528831758062 4
    endloop
  endfacet
  facet normal 0.17096188876031046 -0.9852776423889397 0
    outer loop
      vertex -1.1705419320967696 -123.11528831758062 4
      vertex -1.1705419320967696 -123.11528831758062 -4
      vertex -0.8803828467321705 -123.06494094021132 4
    endloop
  endfacet
  facet normal 0.12241067519923036 -0.9924795345987083 0
    outer loop
      vertex -0.8803828467321705 -123.06494094021132 4
      vertex -0.8803828467321705 -123.06494094021132 -4
      vertex -0.5881028419773636 -123.02889163996682 4
    endloop
  endfacet
  facet normal 0.0735645635996608 -0.9972904566786907 0
    outer loop
      vertex -0.5881028419773636 -123.02889163996682 4
      vertex -0.5881028419773636 -123.02889163996682 -4
      vertex -0.2944060459645081 -123.00722726276896 4
    endloop
  endfacet
  facet normal 0.024541228522907518 -0.9996988186962044 0
    outer loop
      vertex 0 -123 4
      vertex -0.2944060459645081 -123.00722726276896 4
      vertex -0.2944060459645081 -123.00722726276896 -4
    endloop
  endfacet
  facet normal -0.024541228522907518 0.9996988186962044 0
    outer loop
      vertex 0 -135 4
      vertex 0.2944060459645081 -134.99277273723104 -4
      vertex 0 -135 -4
    endloop
  endfacet
  facet normal -0.0735645635996608 0.9972904566786907 0
    outer loop
      vertex 0.2944060459645081 -134.99277273723104 4
      vertex 0.5881028419773636 -134.97110836003318 -4
      vertex 0.2944060459645081 -134.99277273723104 -4
    endloop
  endfacet
  facet normal -0.12241067519918282 0.9924795345987141 0
    outer loop
      vertex 0.5881028419773636 -134.97110836003318 4
      vertex 0.8803828467321705 -134.9350590597887 -4
      vertex 0.5881028419773636 -134.97110836003318 -4
    endloop
  endfacet
  facet normal -0.17096188876035728 0.9852776423889316 0
    outer loop
      vertex 0.8803828467321705 -134.9350590597887 4
      vertex 1.1705419320967696 -134.88471168241938 -4
      vertex 0.8803828467321705 -134.9350590597887 -4
    endloop
  endfacet
  facet normal -0.2191012401568619 0.9757021300385303 0
    outer loop
      vertex 1.1705419320967696 -134.88471168241938 4
      vertex 1.4578810794195833 -134.82018751916726 -4
      vertex 1.1705419320967696 -134.88471168241938 -4
    endloop
  endfacet
  facet normal -0.2667127574749052 0.963776065795438 0
    outer loop
      vertex 1.4578810794195833 -134.82018751916726 4
      vertex 1.741708063526774 -134.74164201439325 -4
      vertex 1.4578810794195833 -134.82018751916726 -4
    endloop
  endfacet
  facet normal -0.31368174039891245 0.9495281805930298 0
    outer loop
      vertex 1.741708063526774 -134.74164201439325 4
      vertex 2.0213391203533204 -134.64926439109811 -4
      vertex 1.741708063526774 -134.74164201439325 -4
    endloop
  endfacet
  facet normal -0.3598950365349281 0.9329927988347619 0
    outer loop
      vertex 2.0213391203533204 -134.64926439109811 4
      vertex 2.2961005941905386 -134.54327719506773 -4
      vertex 2.0213391203533204 -134.64926439109811 -4
    endloop
  endfacet
  facet normal -0.40524131400499386 0.9142097557035288 0
    outer loop
      vertex 2.2961005941905386 -134.54327719506773 4
      vertex 2.5653305605816925 -134.42393575874067 -4
      vertex 2.2961005941905386 -134.54327719506773 -4
    endloop
  endfacet
  facet normal -0.44961132965464146 0.8932243011954979 0
    outer loop
      vertex 2.5653305605816925 -134.42393575874067 4
      vertex 2.8283804209559857 -134.29152758609013 -4
      vertex 2.5653305605816925 -134.42393575874067 -4
    endloop
  endfacet
  facet normal -0.4928981922298053 0.8700869911086995 0
    outer loop
      vertex 2.8283804209559857 -134.29152758609013 4
      vertex 3.0846164651593306 -134.14637166000162 -4
      vertex 2.8283804209559857 -134.29152758609013 -4
    endloop
  endfacet
  facet normal -0.5349976198870553 0.8448535652497338 0
    outer loop
      vertex 3.0846164651593306 -134.14637166000162 4
      vertex 3.333421398117613 -133.98881767381528 -4
      vertex 3.0846164651593306 -134.14637166000162 -4
    endloop
  endfacet
  facet normal -0.5758081914178247 0.817584813151598 0
    outer loop
      vertex 3.333421398117613 -133.98881767381528 4
      vertex 3.5741958269546004 -133.81924518888388 -4
      vertex 3.333421398117613 -133.98881767381528 -4
    endloop
  endfacet
  facet normal -0.6152315905806275 0.7883464276266058 0
    outer loop
      vertex 3.5741958269546004 -133.81924518888388 4
      vertex 3.806359704981873 -133.63806272017644 -4
      vertex 3.5741958269546004 -133.81924518888388 -4
    endloop
  endfacet
  facet normal -0.6531728429538085 0.7572088465064573 0
    outer loop
      vertex 3.806359704981873 -133.63806272017644 4
      vertex 4.029353729082111 -133.44570675212975 -4
      vertex 3.806359704981873 -133.63806272017644 -4
    endloop
  endfacet
  facet normal -0.6895405447370511 0.724247082951482 0
    outer loop
      vertex 4.029353729082111 -133.44570675212975 4
      vertex 4.242640687119286 -133.2426406871193 -4
      vertex 4.029353729082111 -133.44570675212975 -4
    endloop
  endfacet
  facet normal -0.7242470829514656 0.6895405447370683 0
    outer loop
      vertex 4.242640687119286 -133.2426406871193 -4
      vertex 4.242640687119286 -133.2426406871193 4
      vertex 4.445706752129754 -133.02935372908212 -4
    endloop
  endfacet
  facet normal -0.757208846506495 0.6531728429537647 0
    outer loop
      vertex 4.445706752129754 -133.02935372908212 4
      vertex 4.638062720176422 -132.80635970498187 -4
      vertex 4.445706752129754 -133.02935372908212 -4
    endloop
  endfacet
  facet normal -0.7883464276266143 0.6152315905806165 0
    outer loop
      vertex 4.638062720176422 -132.80635970498187 4
      vertex 4.81924518888387 -132.5741958269546 -4
      vertex 4.638062720176422 -132.80635970498187 -4
    endloop
  endfacet
  facet normal -0.8175848131515674 0.5758081914178684 0
    outer loop
      vertex 4.81924518888387 -132.5741958269546 4
      vertex 4.988817673815271 -132.33342139811762 -4
      vertex 4.81924518888387 -132.5741958269546 -4
    endloop
  endfacet
  facet normal -0.8448535652497035 0.534997619887103 0
    outer loop
      vertex 4.988817673815271 -132.33342139811762 4
      vertex 5.146371660001632 -132.08461646515934 -4
      vertex 4.988817673815271 -132.33342139811762 -4
    endloop
  endfacet
  facet normal -0.8700869911087137 0.4928981922297802 0
    outer loop
      vertex 5.146371660001632 -132.08461646515934 4
      vertex 5.2915275860901305 -131.828380420956 -4
      vertex 5.146371660001632 -132.08461646515934 -4
    endloop
  endfacet
  facet normal -0.893224301195527 0.4496113296545835 0
    outer loop
      vertex 5.2915275860901305 -131.828380420956 4
      vertex 5.42393575874066 -131.56533056058169 -4
      vertex 5.2915275860901305 -131.828380420956 -4
    endloop
  endfacet
  facet normal -0.9142097557035298 0.40524131400499225 0
    outer loop
      vertex 5.42393575874066 -131.56533056058169 4
      vertex 5.54327719506772 -131.29610059419053 -4
      vertex 5.42393575874066 -131.56533056058169 -4
    endloop
  endfacet
  facet normal -0.9329927988347307 0.35989503653500937 0
    outer loop
      vertex 5.54327719506772 -131.29610059419053 4
      vertex 5.649264391098125 -131.02133912035333 -4
      vertex 5.54327719506772 -131.29610059419053 -4
    endloop
  endfacet
  facet normal -0.9495281805930414 0.3136817403988772 0
    outer loop
      vertex 5.649264391098125 -131.02133912035333 4
      vertex 5.741642014393253 -130.74170806352677 -4
      vertex 5.649264391098125 -131.02133912035333 -4
    endloop
  endfacet
  facet normal -0.9637760657954374 0.26671275747490686 0
    outer loop
      vertex 5.741642014393253 -130.74170806352677 4
      vertex 5.820187519167264 -130.4578810794196 -4
      vertex 5.741642014393253 -130.74170806352677 -4
    endloop
  endfacet
  facet normal -0.9757021300385303 0.21910124015686214 0
    outer loop
      vertex 5.820187519167264 -130.4578810794196 4
      vertex 5.884711682419383 -130.17054193209677 -4
      vertex 5.820187519167264 -130.4578810794196 -4
    endloop
  endfacet
  facet normal -0.9852776423889406 0.17096188876030527 0
    outer loop
      vertex 5.884711682419383 -130.17054193209677 4
      vertex 5.935059059788686 -129.88038284673218 -4
      vertex 5.884711682419383 -130.17054193209677 -4
    endloop
  endfacet
  facet normal -0.9924795345987104 0.12241067519921209 0
    outer loop
      vertex 5.935059059788686 -129.88038284673218 4
      vertex 5.971108360033181 -129.58810284197736 -4
      vertex 5.935059059788686 -129.88038284673218 -4
    endloop
  endfacet
  facet normal -0.9972904566786901 0.07356456359966751 0
    outer loop
      vertex 5.971108360033181 -129.58810284197736 4
      vertex 5.992772737231034 -129.2944060459645 -4
      vertex 5.971108360033181 -129.58810284197736 -4
    endloop
  endfacet
  facet normal -0.9996988186962041 0.024541228522913613 0
    outer loop
      vertex 5.992772737231034 -129.2944060459645 4
      vertex 6 -129 -4
      vertex 5.992772737231034 -129.2944060459645 -4
    endloop
  endfacet
  facet normal -0.9996988186962041 -0.024541228522913613 0
    outer loop
      vertex 6 -129 4
      vertex 5.992772737231034 -128.7055939540355 -4
      vertex 6 -129 -4
    endloop
  endfacet
  facet normal -0.9972904566786901 -0.07356456359966751 0
    outer loop
      vertex 5.992772737231034 -128.7055939540355 4
      vertex 5.971108360033181 -128.41189715802264 -4
      vertex 5.992772737231034 -128.7055939540355 -4
    endloop
  endfacet
  facet normal -0.9924795345987104 -0.12241067519921209 0
    outer loop
      vertex 5.971108360033181 -128.41189715802264 4
      vertex 5.935059059788686 -128.11961715326782 -4
      vertex 5.971108360033181 -128.41189715802264 -4
    endloop
  endfacet
  facet normal -0.9852776423889406 -0.17096188876030527 0
    outer loop
      vertex 5.935059059788686 -128.11961715326782 4
      vertex 5.884711682419383 -127.82945806790323 -4
      vertex 5.935059059788686 -128.11961715326782 -4
    endloop
  endfacet
  facet normal -0.975702130038528 -0.21910124015687246 0
    outer loop
      vertex 5.884711682419383 -127.82945806790323 4
      vertex 5.820187519167264 -127.54211892058042 -4
      vertex 5.884711682419383 -127.82945806790323 -4
    endloop
  endfacet
  facet normal -0.024541228522907518 -0.9996988186962044 0
    outer loop
      vertex 0.2944060459645081 -123.00722726276896 4
      vertex 0 -123 -4
      vertex 0.2944060459645081 -123.00722726276896 -4
    endloop
  endfacet
  facet normal -0.0735645635996608 -0.9972904566786907 0
    outer loop
      vertex 0.5881028419773636 -123.02889163996682 4
      vertex 0.2944060459645081 -123.00722726276896 -4
      vertex 0.5881028419773636 -123.02889163996682 -4
    endloop
  endfacet
  facet normal -0.12241067519923036 -0.9924795345987083 0
    outer loop
      vertex 0.8803828467321705 -123.06494094021132 4
      vertex 0.5881028419773636 -123.02889163996682 -4
      vertex 0.8803828467321705 -123.06494094021132 -4
    endloop
  endfacet
  facet normal -0.17096188876031046 -0.9852776423889397 0
    outer loop
      vertex 1.1705419320967696 -123.11528831758062 4
      vertex 0.8803828467321705 -123.06494094021132 -4
      vertex 1.1705419320967696 -123.11528831758062 -4
    endloop
  endfacet
  facet normal -0.2191012401568619 -0.9757021300385303 0
    outer loop
      vertex 1.4578810794195833 -123.17981248083274 4
      vertex 1.1705419320967696 -123.11528831758062 -4
      vertex 1.4578810794195833 -123.17981248083274 -4
    endloop
  endfacet
  facet normal -0.3136817403988689 -0.9495281805930441 0
    outer loop
      vertex 2.0213391203533204 -123.35073560890187 4
      vertex 1.741708063526774 -123.25835798560675 -4
      vertex 2.0213391203533204 -123.35073560890187 -4
    endloop
  endfacet
  facet normal -0.2667127574749052 -0.963776065795438 0
    outer loop
      vertex 1.741708063526774 -123.25835798560675 4
      vertex 1.4578810794195833 -123.17981248083274 -4
      vertex 1.741708063526774 -123.25835798560675 -4
    endloop
  endfacet
  facet normal -0.3598950365350121 -0.9329927988347296 0
    outer loop
      vertex 2.2961005941905386 -123.45672280493228 4
      vertex 2.0213391203533204 -123.35073560890187 -4
      vertex 2.2961005941905386 -123.45672280493228 -4
    endloop
  endfacet
  facet normal -0.40524131400499386 -0.9142097557035288 0
    outer loop
      vertex 2.5653305605816925 -123.57606424125935 4
      vertex 2.2961005941905386 -123.45672280493228 -4
      vertex 2.5653305605816925 -123.57606424125935 -4
    endloop
  endfacet
  facet normal -0.4496113296546029 -0.8932243011955171 0
    outer loop
      vertex 2.8283804209559857 -123.70847241390987 4
      vertex 2.5653305605816925 -123.57606424125935 -4
      vertex 2.8283804209559857 -123.70847241390987 -4
    endloop
  endfacet
  facet normal -0.4928981922297687 -0.8700869911087201 0
    outer loop
      vertex 3.0846164651593306 -123.85362833999837 4
      vertex 2.8283804209559857 -123.70847241390987 -4
      vertex 3.0846164651593306 -123.85362833999837 -4
    endloop
  endfacet
  facet normal -0.5349976198870896 -0.8448535652497118 0
    outer loop
      vertex 3.333421398117613 -124.01118232618472 4
      vertex 3.0846164651593306 -123.85362833999837 -4
      vertex 3.333421398117613 -124.01118232618472 -4
    endloop
  endfacet
  facet normal -0.575808191417857 -0.8175848131515754 0
    outer loop
      vertex 3.5741958269546004 -124.18075481111613 4
      vertex 3.333421398117613 -124.01118232618472 -4
      vertex 3.5741958269546004 -124.18075481111613 -4
    endloop
  endfacet
  facet normal -0.6152315905806275 -0.7883464276266058 0
    outer loop
      vertex 3.806359704981873 -124.36193727982358 4
      vertex 3.5741958269546004 -124.18075481111613 -4
      vertex 3.806359704981873 -124.36193727982358 -4
    endloop
  endfacet
  facet normal -0.6531728429537808 -0.7572088465064811 0
    outer loop
      vertex 4.029353729082111 -124.55429324787025 4
      vertex 3.806359704981873 -124.36193727982358 -4
      vertex 4.029353729082111 -124.55429324787025 -4
    endloop
  endfacet
  facet normal -0.757208846506495 -0.6531728429537647 0
    outer loop
      vertex 4.638062720176422 -125.19364029501813 4
      vertex 4.445706752129754 -124.97064627091788 -4
      vertex 4.638062720176422 -125.19364029501813 -4
    endloop
  endfacet
  facet normal -0.8175848131515834 -0.5758081914178458 0
    outer loop
      vertex 4.988817673815271 -125.66657860188239 4
      vertex 4.81924518888387 -125.4258041730454 -4
      vertex 4.988817673815271 -125.66657860188239 -4
    endloop
  endfacet
  facet normal -0.7883464276266143 -0.6152315905806165 0
    outer loop
      vertex 4.81924518888387 -125.4258041730454 4
      vertex 4.638062720176422 -125.19364029501813 -4
      vertex 4.81924518888387 -125.4258041730454 -4
    endloop
  endfacet
  facet normal -0.8932243011955172 -0.44961132965460293 0
    outer loop
      vertex 5.42393575874066 -126.43466943941831 4
      vertex 5.2915275860901305 -126.17161957904402 -4
      vertex 5.42393575874066 -126.43466943941831 -4
    endloop
  endfacet
  facet normal -0.9495281805930367 -0.3136817403988916 0
    outer loop
      vertex 5.741642014393253 -127.25829193647323 4
      vertex 5.649264391098125 -126.97866087964668 -4
      vertex 5.741642014393253 -127.25829193647323 -4
    endloop
  endfacet
  facet normal -0.9637760657954411 -0.2667127574748945 0
    outer loop
      vertex 5.820187519167264 -127.54211892058042 4
      vertex 5.741642014393253 -127.25829193647323 -4
      vertex 5.820187519167264 -127.54211892058042 -4
    endloop
  endfacet
  facet normal -0.932992798834737 -0.35989503653499316 0
    outer loop
      vertex 5.649264391098125 -126.97866087964668 4
      vertex 5.54327719506772 -126.70389940580947 -4
      vertex 5.649264391098125 -126.97866087964668 -4
    endloop
  endfacet
  facet normal -0.9142097557035298 -0.40524131400499225 0
    outer loop
      vertex 5.54327719506772 -126.70389940580947 4
      vertex 5.42393575874066 -126.43466943941831 -4
      vertex 5.54327719506772 -126.70389940580947 -4
    endloop
  endfacet
  facet normal -0.8700869911087137 -0.4928981922297802 0
    outer loop
      vertex 5.2915275860901305 -126.17161957904402 4
      vertex 5.146371660001632 -125.91538353484067 -4
      vertex 5.2915275860901305 -126.17161957904402 -4
    endloop
  endfacet
  facet normal -0.8448535652497035 -0.534997619887103 0
    outer loop
      vertex 5.146371660001632 -125.91538353484067 4
      vertex 4.988817673815271 -125.66657860188239 -4
      vertex 5.146371660001632 -125.91538353484067 -4
    endloop
  endfacet
  facet normal -0.6895405447370511 -0.724247082951482 0
    outer loop
      vertex 4.029353729082111 -124.55429324787025 -4
      vertex 4.242640687119286 -124.75735931288071 -4
      vertex 4.242640687119286 -124.75735931288071 4
    endloop
  endfacet
  facet normal -0.7242470829514656 -0.6895405447370683 0
    outer loop
      vertex 4.445706752129754 -124.97064627091788 4
      vertex 4.242640687119286 -124.75735931288071 -4
      vertex 4.445706752129754 -124.97064627091788 -4
    endloop
  endfacet
  facet normal -0.024541228522907518 0.9996988186962044 0
    outer loop
      vertex 0.2944060459645081 -134.99277273723104 4
      vertex 0.2944060459645081 -134.99277273723104 -4
      vertex 0 -135 4
    endloop
  endfacet
  facet normal -0.0735645635996608 0.9972904566786907 0
    outer loop
      vertex 0.5881028419773636 -134.97110836003318 4
      vertex 0.5881028419773636 -134.97110836003318 -4
      vertex 0.2944060459645081 -134.99277273723104 4
    endloop
  endfacet
  facet normal -0.12241067519918282 0.9924795345987141 0
    outer loop
      vertex 0.8803828467321705 -134.9350590597887 4
      vertex 0.8803828467321705 -134.9350590597887 -4
      vertex 0.5881028419773636 -134.97110836003318 4
    endloop
  endfacet
  facet normal -0.17096188876035728 0.9852776423889316 0
    outer loop
      vertex 1.1705419320967696 -134.88471168241938 4
      vertex 1.1705419320967696 -134.88471168241938 -4
      vertex 0.8803828467321705 -134.9350590597887 4
    endloop
  endfacet
  facet normal -0.2191012401568619 0.9757021300385303 0
    outer loop
      vertex 1.4578810794195833 -134.82018751916726 4
      vertex 1.4578810794195833 -134.82018751916726 -4
      vertex 1.1705419320967696 -134.88471168241938 4
    endloop
  endfacet
  facet normal -0.2667127574749052 0.963776065795438 0
    outer loop
      vertex 1.741708063526774 -134.74164201439325 4
      vertex 1.741708063526774 -134.74164201439325 -4
      vertex 1.4578810794195833 -134.82018751916726 4
    endloop
  endfacet
  facet normal -0.31368174039891245 0.9495281805930298 0
    outer loop
      vertex 2.0213391203533204 -134.64926439109811 4
      vertex 2.0213391203533204 -134.64926439109811 -4
      vertex 1.741708063526774 -134.74164201439325 4
    endloop
  endfacet
  facet normal -0.3598950365349281 0.9329927988347619 0
    outer loop
      vertex 2.2961005941905386 -134.54327719506773 4
      vertex 2.2961005941905386 -134.54327719506773 -4
      vertex 2.0213391203533204 -134.64926439109811 4
    endloop
  endfacet
  facet normal -0.40524131400499386 0.9142097557035288 0
    outer loop
      vertex 2.5653305605816925 -134.42393575874067 4
      vertex 2.5653305605816925 -134.42393575874067 -4
      vertex 2.2961005941905386 -134.54327719506773 4
    endloop
  endfacet
  facet normal -0.44961132965464146 0.8932243011954979 0
    outer loop
      vertex 2.8283804209559857 -134.29152758609013 4
      vertex 2.8283804209559857 -134.29152758609013 -4
      vertex 2.5653305605816925 -134.42393575874067 4
    endloop
  endfacet
  facet normal -0.4928981922298053 0.8700869911086995 0
    outer loop
      vertex 3.0846164651593306 -134.14637166000162 4
      vertex 3.0846164651593306 -134.14637166000162 -4
      vertex 2.8283804209559857 -134.29152758609013 4
    endloop
  endfacet
  facet normal -0.5349976198870553 0.8448535652497338 0
    outer loop
      vertex 3.333421398117613 -133.98881767381528 4
      vertex 3.333421398117613 -133.98881767381528 -4
      vertex 3.0846164651593306 -134.14637166000162 4
    endloop
  endfacet
  facet normal -0.5758081914178247 0.817584813151598 0
    outer loop
      vertex 3.5741958269546004 -133.81924518888388 4
      vertex 3.5741958269546004 -133.81924518888388 -4
      vertex 3.333421398117613 -133.98881767381528 4
    endloop
  endfacet
  facet normal -0.6152315905806275 0.7883464276266058 0
    outer loop
      vertex 3.806359704981873 -133.63806272017644 4
      vertex 3.806359704981873 -133.63806272017644 -4
      vertex 3.5741958269546004 -133.81924518888388 4
    endloop
  endfacet
  facet normal -0.6531728429538085 0.7572088465064573 0
    outer loop
      vertex 4.029353729082111 -133.44570675212975 4
      vertex 4.029353729082111 -133.44570675212975 -4
      vertex 3.806359704981873 -133.63806272017644 4
    endloop
  endfacet
  facet normal -0.6895405447370511 0.724247082951482 0
    outer loop
      vertex 4.242640687119286 -133.2426406871193 4
      vertex 4.242640687119286 -133.2426406871193 -4
      vertex 4.029353729082111 -133.44570675212975 4
    endloop
  endfacet
  facet normal -0.7242470829514656 0.6895405447370683 0
    outer loop
      vertex 4.242640687119286 -133.2426406871193 4
      vertex 4.445706752129754 -133.02935372908212 4
      vertex 4.445706752129754 -133.02935372908212 -4
    endloop
  endfacet
  facet normal -0.757208846506495 0.6531728429537647 0
    outer loop
      vertex 4.445706752129754 -133.02935372908212 4
      vertex 4.638062720176422 -132.80635970498187 4
      vertex 4.638062720176422 -132.80635970498187 -4
    endloop
  endfacet
  facet normal -0.7883464276266143 0.6152315905806165 0
    outer loop
      vertex 4.638062720176422 -132.80635970498187 4
      vertex 4.81924518888387 -132.5741958269546 4
      vertex 4.81924518888387 -132.5741958269546 -4
    endloop
  endfacet
  facet normal -0.8175848131515674 0.5758081914178684 0
    outer loop
      vertex 4.81924518888387 -132.5741958269546 4
      vertex 4.988817673815271 -132.33342139811762 4
      vertex 4.988817673815271 -132.33342139811762 -4
    endloop
  endfacet
  facet normal -0.8448535652497035 0.534997619887103 0
    outer loop
      vertex 4.988817673815271 -132.33342139811762 4
      vertex 5.146371660001632 -132.08461646515934 4
      vertex 5.146371660001632 -132.08461646515934 -4
    endloop
  endfacet
  facet normal -0.8700869911087137 0.4928981922297802 0
    outer loop
      vertex 5.146371660001632 -132.08461646515934 4
      vertex 5.2915275860901305 -131.828380420956 4
      vertex 5.2915275860901305 -131.828380420956 -4
    endloop
  endfacet
  facet normal -0.893224301195527 0.4496113296545835 0
    outer loop
      vertex 5.2915275860901305 -131.828380420956 4
      vertex 5.42393575874066 -131.56533056058169 4
      vertex 5.42393575874066 -131.56533056058169 -4
    endloop
  endfacet
  facet normal -0.9142097557035298 0.40524131400499225 0
    outer loop
      vertex 5.42393575874066 -131.56533056058169 4
      vertex 5.54327719506772 -131.29610059419053 4
      vertex 5.54327719506772 -131.29610059419053 -4
    endloop
  endfacet
  facet normal -0.9329927988347307 0.35989503653500937 0
    outer loop
      vertex 5.54327719506772 -131.29610059419053 4
      vertex 5.649264391098125 -131.02133912035333 4
      vertex 5.649264391098125 -131.02133912035333 -4
    endloop
  endfacet
  facet normal -0.9495281805930414 0.3136817403988772 0
    outer loop
      vertex 5.649264391098125 -131.02133912035333 4
      vertex 5.741642014393253 -130.74170806352677 4
      vertex 5.741642014393253 -130.74170806352677 -4
    endloop
  endfacet
  facet normal -0.9637760657954374 0.26671275747490686 0
    outer loop
      vertex 5.741642014393253 -130.74170806352677 4
      vertex 5.820187519167264 -130.4578810794196 4
      vertex 5.820187519167264 -130.4578810794196 -4
    endloop
  endfacet
  facet normal -0.9757021300385303 0.21910124015686214 0
    outer loop
      vertex 5.820187519167264 -130.4578810794196 4
      vertex 5.884711682419383 -130.17054193209677 4
      vertex 5.884711682419383 -130.17054193209677 -4
    endloop
  endfacet
  facet normal -0.9852776423889406 0.17096188876030527 0
    outer loop
      vertex 5.884711682419383 -130.17054193209677 4
      vertex 5.935059059788686 -129.88038284673218 4
      vertex 5.935059059788686 -129.88038284673218 -4
    endloop
  endfacet
  facet normal -0.9924795345987104 0.12241067519921209 0
    outer loop
      vertex 5.935059059788686 -129.88038284673218 4
      vertex 5.971108360033181 -129.58810284197736 4
      vertex 5.971108360033181 -129.58810284197736 -4
    endloop
  endfacet
  facet normal -0.9972904566786901 0.07356456359966751 0
    outer loop
      vertex 5.971108360033181 -129.58810284197736 4
      vertex 5.992772737231034 -129.2944060459645 4
      vertex 5.992772737231034 -129.2944060459645 -4
    endloop
  endfacet
  facet normal -0.9996988186962041 0.024541228522913613 0
    outer loop
      vertex 5.992772737231034 -129.2944060459645 4
      vertex 6 -129 4
      vertex 6 -129 -4
    endloop
  endfacet
  facet normal -0.9996988186962041 -0.024541228522913613 0
    outer loop
      vertex 6 -129 4
      vertex 5.992772737231034 -128.7055939540355 4
      vertex 5.992772737231034 -128.7055939540355 -4
    endloop
  endfacet
  facet normal -0.9972904566786901 -0.07356456359966751 0
    outer loop
      vertex 5.992772737231034 -128.7055939540355 4
      vertex 5.971108360033181 -128.41189715802264 4
      vertex 5.971108360033181 -128.41189715802264 -4
    endloop
  endfacet
  facet normal -0.9924795345987104 -0.12241067519921209 0
    outer loop
      vertex 5.971108360033181 -128.41189715802264 4
      vertex 5.935059059788686 -128.11961715326782 4
      vertex 5.935059059788686 -128.11961715326782 -4
    endloop
  endfacet
  facet normal -0.9852776423889406 -0.17096188876030527 0
    outer loop
      vertex 5.935059059788686 -128.11961715326782 4
      vertex 5.884711682419383 -127.82945806790323 4
      vertex 5.884711682419383 -127.82945806790323 -4
    endloop
  endfacet
  facet normal -0.975702130038528 -0.21910124015687246 0
    outer loop
      vertex 5.884711682419383 -127.82945806790323 4
      vertex 5.820187519167264 -127.54211892058042 4
      vertex 5.820187519167264 -127.54211892058042 -4
    endloop
  endfacet
  facet normal -0.024541228522907518 -0.9996988186962044 0
    outer loop
      vertex 0 -123 4
      vertex 0 -123 -4
      vertex 0.2944060459645081 -123.00722726276896 4
    endloop
  endfacet
  facet normal -0.0735645635996608 -0.9972904566786907 0
    outer loop
      vertex 0.2944060459645081 -123.00722726276896 4
      vertex 0.2944060459645081 -123.00722726276896 -4
      vertex 0.5881028419773636 -123.02889163996682 4
    endloop
  endfacet
  facet normal -0.12241067519923036 -0.9924795345987083 0
    outer loop
      vertex 0.5881028419773636 -123.02889163996682 4
      vertex 0.5881028419773636 -123.02889163996682 -4
      vertex 0.8803828467321705 -123.06494094021132 4
    endloop
  endfacet
  facet normal -0.17096188876031046 -0.9852776423889397 0
    outer loop
      vertex 0.8803828467321705 -123.06494094021132 4
      vertex 0.8803828467321705 -123.06494094021132 -4
      vertex 1.1705419320967696 -123.11528831758062 4
    endloop
  endfacet
  facet normal -0.2191012401568619 -0.9757021300385303 0
    outer loop
      vertex 1.1705419320967696 -123.11528831758062 4
      vertex 1.1705419320967696 -123.11528831758062 -4
      vertex 1.4578810794195833 -123.17981248083274 4
    endloop
  endfacet
  facet normal -0.3136817403988689 -0.9495281805930441 0
    outer loop
      vertex 1.741708063526774 -123.25835798560675 4
      vertex 1.741708063526774 -123.25835798560675 -4
      vertex 2.0213391203533204 -123.35073560890187 4
    endloop
  endfacet
  facet normal -0.2667127574749052 -0.963776065795438 0
    outer loop
      vertex 1.4578810794195833 -123.17981248083274 4
      vertex 1.4578810794195833 -123.17981248083274 -4
      vertex 1.741708063526774 -123.25835798560675 4
    endloop
  endfacet
  facet normal -0.3598950365350121 -0.9329927988347296 0
    outer loop
      vertex 2.0213391203533204 -123.35073560890187 4
      vertex 2.0213391203533204 -123.35073560890187 -4
      vertex 2.2961005941905386 -123.45672280493228 4
    endloop
  endfacet
  facet normal -0.40524131400499386 -0.9142097557035288 0
    outer loop
      vertex 2.2961005941905386 -123.45672280493228 4
      vertex 2.2961005941905386 -123.45672280493228 -4
      vertex 2.5653305605816925 -123.57606424125935 4
    endloop
  endfacet
  facet normal -0.4496113296546029 -0.8932243011955171 0
    outer loop
      vertex 2.5653305605816925 -123.57606424125935 4
      vertex 2.5653305605816925 -123.57606424125935 -4
      vertex 2.8283804209559857 -123.70847241390987 4
    endloop
  endfacet
  facet normal -0.4928981922297687 -0.8700869911087201 0
    outer loop
      vertex 2.8283804209559857 -123.70847241390987 4
      vertex 2.8283804209559857 -123.70847241390987 -4
      vertex 3.0846164651593306 -123.85362833999837 4
    endloop
  endfacet
  facet normal -0.5349976198870896 -0.8448535652497118 0
    outer loop
      vertex 3.0846164651593306 -123.85362833999837 4
      vertex 3.0846164651593306 -123.85362833999837 -4
      vertex 3.333421398117613 -124.01118232618472 4
    endloop
  endfacet
  facet normal -0.575808191417857 -0.8175848131515754 0
    outer loop
      vertex 3.333421398117613 -124.01118232618472 4
      vertex 3.333421398117613 -124.01118232618472 -4
      vertex 3.5741958269546004 -124.18075481111613 4
    endloop
  endfacet
  facet normal -0.6152315905806275 -0.7883464276266058 0
    outer loop
      vertex 3.5741958269546004 -124.18075481111613 4
      vertex 3.5741958269546004 -124.18075481111613 -4
      vertex 3.806359704981873 -124.36193727982358 4
    endloop
  endfacet
  facet normal -0.6531728429537808 -0.7572088465064811 0
    outer loop
      vertex 3.806359704981873 -124.36193727982358 4
      vertex 3.806359704981873 -124.36193727982358 -4
      vertex 4.029353729082111 -124.55429324787025 4
    endloop
  endfacet
  facet normal -0.7883464276266143 -0.6152315905806165 0
    outer loop
      vertex 4.81924518888387 -125.4258041730454 4
      vertex 4.638062720176422 -125.19364029501813 4
      vertex 4.638062720176422 -125.19364029501813 -4
    endloop
  endfacet
  facet normal -0.8175848131515834 -0.5758081914178458 0
    outer loop
      vertex 4.988817673815271 -125.66657860188239 4
      vertex 4.81924518888387 -125.4258041730454 4
      vertex 4.81924518888387 -125.4258041730454 -4
    endloop
  endfacet
  facet normal -0.9142097557035298 -0.40524131400499225 0
    outer loop
      vertex 5.54327719506772 -126.70389940580947 4
      vertex 5.42393575874066 -126.43466943941831 4
      vertex 5.42393575874066 -126.43466943941831 -4
    endloop
  endfacet
  facet normal -0.9495281805930367 -0.3136817403988916 0
    outer loop
      vertex 5.741642014393253 -127.25829193647323 4
      vertex 5.649264391098125 -126.97866087964668 4
      vertex 5.649264391098125 -126.97866087964668 -4
    endloop
  endfacet
  facet normal -0.9637760657954411 -0.2667127574748945 0
    outer loop
      vertex 5.820187519167264 -127.54211892058042 4
      vertex 5.741642014393253 -127.25829193647323 4
      vertex 5.741642014393253 -127.25829193647323 -4
    endloop
  endfacet
  facet normal -0.932992798834737 -0.35989503653499316 0
    outer loop
      vertex 5.649264391098125 -126.97866087964668 4
      vertex 5.54327719506772 -126.70389940580947 4
      vertex 5.54327719506772 -126.70389940580947 -4
    endloop
  endfacet
  facet normal -0.8448535652497035 -0.534997619887103 0
    outer loop
      vertex 5.146371660001632 -125.91538353484067 4
      vertex 4.988817673815271 -125.66657860188239 4
      vertex 4.988817673815271 -125.66657860188239 -4
    endloop
  endfacet
  facet normal -0.8700869911087137 -0.4928981922297802 0
    outer loop
      vertex 5.2915275860901305 -126.17161957904402 4
      vertex 5.146371660001632 -125.91538353484067 4
      vertex 5.146371660001632 -125.91538353484067 -4
    endloop
  endfacet
  facet normal -0.8932243011955172 -0.44961132965460293 0
    outer loop
      vertex 5.42393575874066 -126.43466943941831 4
      vertex 5.2915275860901305 -126.17161957904402 4
      vertex 5.2915275860901305 -126.17161957904402 -4
    endloop
  endfacet
  facet normal -0.6895405447370511 -0.724247082951482 0
    outer loop
      vertex 4.029353729082111 -124.55429324787025 4
      vertex 4.029353729082111 -124.55429324787025 -4
      vertex 4.242640687119286 -124.75735931288071 4
    endloop
  endfacet
  facet normal -0.7242470829514656 -0.6895405447370683 0
    outer loop
      vertex 4.445706752129754 -124.97064627091788 4
      vertex 4.242640687119286 -124.75735931288071 4
      vertex 4.242640687119286 -124.75735931288071 -4
    endloop
  endfacet
  facet normal -0.757208846506495 -0.6531728429537647 0
    outer loop
      vertex 4.638062720176422 -125.19364029501813 4
      vertex 4.445706752129754 -124.97064627091788 4
      vertex 4.445706752129754 -124.97064627091788 -4
    endloop
  endfacet
  facet normal 0.7242470829514656 0.6895405447370683 0
    outer loop
      vertex -4.242640687119286 124.75735931288071 -4
      vertex -4.445706752129754 124.97064627091788 -4
      vertex -4.445706752129754 124.97064627091788 4
    endloop
  endfacet
  facet normal 0.6895405447370511 0.724247082951482 0
    outer loop
      vertex -4.242640687119286 124.75735931288071 -4
      vertex -4.242640687119286 124.75735931288071 4
      vertex -4.029353729082111 124.55429324787025 -4
    endloop
  endfacet
  facet normal 0.8448535652497035 0.534997619887103 0
    outer loop
      vertex -4.988817673815271 125.66657860188239 -4
      vertex -5.146371660001632 125.91538353484067 -4
      vertex -5.146371660001632 125.91538353484067 4
    endloop
  endfacet
  facet normal 0.8700869911087137 0.4928981922297802 0
    outer loop
      vertex -5.146371660001632 125.91538353484067 -4
      vertex -5.2915275860901305 126.17161957904402 -4
      vertex -5.2915275860901305 126.17161957904402 4
    endloop
  endfacet
  facet normal 0.9142097557035298 0.40524131400499225 0
    outer loop
      vertex -5.42393575874066 126.43466943941831 -4
      vertex -5.54327719506772 126.70389940580947 -4
      vertex -5.54327719506772 126.70389940580947 4
    endloop
  endfacet
  facet normal 0.932992798834737 0.35989503653499316 0
    outer loop
      vertex -5.54327719506772 126.70389940580947 -4
      vertex -5.649264391098125 126.97866087964668 -4
      vertex -5.649264391098125 126.97866087964668 4
    endloop
  endfacet
  facet normal 0.9637760657954411 0.2667127574748945 0
    outer loop
      vertex -5.741642014393253 127.25829193647323 -4
      vertex -5.820187519167264 127.54211892058042 -4
      vertex -5.820187519167264 127.54211892058042 4
    endloop
  endfacet
  facet normal 0.9495281805930367 0.3136817403988916 0
    outer loop
      vertex -5.649264391098125 126.97866087964668 -4
      vertex -5.741642014393253 127.25829193647323 -4
      vertex -5.741642014393253 127.25829193647323 4
    endloop
  endfacet
  facet normal 0.8932243011955172 0.44961132965460293 0
    outer loop
      vertex -5.2915275860901305 126.17161957904402 -4
      vertex -5.42393575874066 126.43466943941831 -4
      vertex -5.42393575874066 126.43466943941831 4
    endloop
  endfacet
  facet normal 0.7883464276266143 0.6152315905806165 0
    outer loop
      vertex -4.638062720176422 125.19364029501813 -4
      vertex -4.81924518888387 125.4258041730454 -4
      vertex -4.81924518888387 125.4258041730454 4
    endloop
  endfacet
  facet normal 0.8175848131515834 0.5758081914178458 0
    outer loop
      vertex -4.81924518888387 125.4258041730454 -4
      vertex -4.988817673815271 125.66657860188239 -4
      vertex -4.988817673815271 125.66657860188239 4
    endloop
  endfacet
  facet normal 0.757208846506495 0.6531728429537647 0
    outer loop
      vertex -4.445706752129754 124.97064627091788 -4
      vertex -4.638062720176422 125.19364029501813 -4
      vertex -4.638062720176422 125.19364029501813 4
    endloop
  endfacet
  facet normal 0.6531728429537808 0.7572088465064811 0
    outer loop
      vertex -4.029353729082111 124.55429324787025 -4
      vertex -4.029353729082111 124.55429324787025 4
      vertex -3.806359704981873 124.36193727982358 -4
    endloop
  endfacet
  facet normal 0.6152315905806275 0.7883464276266058 0
    outer loop
      vertex -3.806359704981873 124.36193727982358 -4
      vertex -3.806359704981873 124.36193727982358 4
      vertex -3.5741958269546004 124.18075481111613 -4
    endloop
  endfacet
  facet normal 0.575808191417857 0.8175848131515754 0
    outer loop
      vertex -3.5741958269546004 124.18075481111613 -4
      vertex -3.5741958269546004 124.18075481111613 4
      vertex -3.333421398117613 124.01118232618472 -4
    endloop
  endfacet
  facet normal 0.5349976198870896 0.8448535652497118 0
    outer loop
      vertex -3.333421398117613 124.01118232618472 -4
      vertex -3.333421398117613 124.01118232618472 4
      vertex -3.0846164651593306 123.85362833999837 -4
    endloop
  endfacet
  facet normal 0.4928981922297687 0.8700869911087201 0
    outer loop
      vertex -3.0846164651593306 123.85362833999837 -4
      vertex -3.0846164651593306 123.85362833999837 4
      vertex -2.8283804209559857 123.70847241390987 -4
    endloop
  endfacet
  facet normal 0.4496113296546029 0.8932243011955171 0
    outer loop
      vertex -2.8283804209559857 123.70847241390987 -4
      vertex -2.8283804209559857 123.70847241390987 4
      vertex -2.5653305605816925 123.57606424125935 -4
    endloop
  endfacet
  facet normal 0.40524131400499386 0.9142097557035288 0
    outer loop
      vertex -2.5653305605816925 123.57606424125935 -4
      vertex -2.5653305605816925 123.57606424125935 4
      vertex -2.2961005941905386 123.45672280493228 -4
    endloop
  endfacet
  facet normal 0.3598950365350121 0.9329927988347296 0
    outer loop
      vertex -2.2961005941905386 123.45672280493228 -4
      vertex -2.2961005941905386 123.45672280493228 4
      vertex -2.0213391203533204 123.35073560890187 -4
    endloop
  endfacet
  facet normal 0.2667127574749052 0.963776065795438 0
    outer loop
      vertex -1.741708063526774 123.25835798560675 -4
      vertex -1.741708063526774 123.25835798560675 4
      vertex -1.4578810794195833 123.17981248083274 -4
    endloop
  endfacet
  facet normal 0.3136817403988689 0.9495281805930441 0
    outer loop
      vertex -2.0213391203533204 123.35073560890187 -4
      vertex -2.0213391203533204 123.35073560890187 4
      vertex -1.741708063526774 123.25835798560675 -4
    endloop
  endfacet
  facet normal 0.2191012401568619 0.9757021300385303 0
    outer loop
      vertex -1.4578810794195833 123.17981248083274 -4
      vertex -1.4578810794195833 123.17981248083274 4
      vertex -1.1705419320967696 123.11528831758062 -4
    endloop
  endfacet
  facet normal 0.17096188876031046 0.9852776423889397 0
    outer loop
      vertex -1.1705419320967696 123.11528831758062 -4
      vertex -1.1705419320967696 123.11528831758062 4
      vertex -0.8803828467321705 123.06494094021132 -4
    endloop
  endfacet
  facet normal 0.12241067519923036 0.9924795345987083 0
    outer loop
      vertex -0.8803828467321705 123.06494094021132 -4
      vertex -0.8803828467321705 123.06494094021132 4
      vertex -0.5881028419773636 123.02889163996682 -4
    endloop
  endfacet
  facet normal 0.0735645635996608 0.9972904566786907 0
    outer loop
      vertex -0.5881028419773636 123.02889163996682 -4
      vertex -0.5881028419773636 123.02889163996682 4
      vertex -0.2944060459645081 123.00722726276896 -4
    endloop
  endfacet
  facet normal 0.024541228522907518 0.9996988186962044 0
    outer loop
      vertex -0.2944060459645081 123.00722726276896 -4
      vertex -0.2944060459645081 123.00722726276896 4
      vertex 0 123 -4
    endloop
  endfacet
  facet normal 0.975702130038528 0.21910124015687246 0
    outer loop
      vertex -5.820187519167264 127.54211892058042 -4
      vertex -5.884711682419383 127.82945806790323 -4
      vertex -5.884711682419383 127.82945806790323 4
    endloop
  endfacet
  facet normal 0.9852776423889406 0.17096188876030527 0
    outer loop
      vertex -5.884711682419383 127.82945806790323 -4
      vertex -5.935059059788686 128.11961715326782 -4
      vertex -5.935059059788686 128.11961715326782 4
    endloop
  endfacet
  facet normal 0.9924795345987104 0.12241067519921209 0
    outer loop
      vertex -5.935059059788686 128.11961715326782 -4
      vertex -5.971108360033181 128.41189715802264 -4
      vertex -5.971108360033181 128.41189715802264 4
    endloop
  endfacet
  facet normal 0.9972904566786901 0.07356456359966751 0
    outer loop
      vertex -5.971108360033181 128.41189715802264 -4
      vertex -5.992772737231034 128.7055939540355 -4
      vertex -5.992772737231034 128.7055939540355 4
    endloop
  endfacet
  facet normal 0.9996988186962041 0.024541228522913613 0
    outer loop
      vertex -5.992772737231034 128.7055939540355 -4
      vertex -6 129 -4
      vertex -6 129 4
    endloop
  endfacet
  facet normal 0.9996988186962041 -0.024541228522913613 0
    outer loop
      vertex -6 129 -4
      vertex -5.992772737231034 129.2944060459645 -4
      vertex -5.992772737231034 129.2944060459645 4
    endloop
  endfacet
  facet normal 0.9972904566786901 -0.07356456359966751 0
    outer loop
      vertex -5.992772737231034 129.2944060459645 -4
      vertex -5.971108360033181 129.58810284197736 -4
      vertex -5.971108360033181 129.58810284197736 4
    endloop
  endfacet
  facet normal 0.9924795345987104 -0.12241067519921209 0
    outer loop
      vertex -5.971108360033181 129.58810284197736 -4
      vertex -5.935059059788686 129.88038284673218 -4
      vertex -5.935059059788686 129.88038284673218 4
    endloop
  endfacet
  facet normal 0.9852776423889406 -0.17096188876030527 0
    outer loop
      vertex -5.935059059788686 129.88038284673218 -4
      vertex -5.884711682419383 130.17054193209677 -4
      vertex -5.884711682419383 130.17054193209677 4
    endloop
  endfacet
  facet normal 0.9757021300385303 -0.21910124015686214 0
    outer loop
      vertex -5.884711682419383 130.17054193209677 -4
      vertex -5.820187519167264 130.4578810794196 -4
      vertex -5.820187519167264 130.4578810794196 4
    endloop
  endfacet
  facet normal 0.9637760657954374 -0.26671275747490686 0
    outer loop
      vertex -5.820187519167264 130.4578810794196 -4
      vertex -5.741642014393253 130.74170806352677 -4
      vertex -5.741642014393253 130.74170806352677 4
    endloop
  endfacet
  facet normal 0.9495281805930414 -0.3136817403988772 0
    outer loop
      vertex -5.741642014393253 130.74170806352677 -4
      vertex -5.649264391098125 131.02133912035333 -4
      vertex -5.649264391098125 131.02133912035333 4
    endloop
  endfacet
  facet normal 0.9329927988347307 -0.35989503653500937 0
    outer loop
      vertex -5.649264391098125 131.02133912035333 -4
      vertex -5.54327719506772 131.29610059419053 -4
      vertex -5.54327719506772 131.29610059419053 4
    endloop
  endfacet
  facet normal 0.9142097557035298 -0.40524131400499225 0
    outer loop
      vertex -5.54327719506772 131.29610059419053 -4
      vertex -5.42393575874066 131.56533056058169 -4
      vertex -5.42393575874066 131.56533056058169 4
    endloop
  endfacet
  facet normal 0.893224301195527 -0.4496113296545835 0
    outer loop
      vertex -5.42393575874066 131.56533056058169 -4
      vertex -5.2915275860901305 131.828380420956 -4
      vertex -5.2915275860901305 131.828380420956 4
    endloop
  endfacet
  facet normal 0.8700869911087137 -0.4928981922297802 0
    outer loop
      vertex -5.2915275860901305 131.828380420956 -4
      vertex -5.146371660001632 132.08461646515934 -4
      vertex -5.146371660001632 132.08461646515934 4
    endloop
  endfacet
  facet normal 0.8448535652497035 -0.534997619887103 0
    outer loop
      vertex -5.146371660001632 132.08461646515934 -4
      vertex -4.988817673815271 132.33342139811762 -4
      vertex -4.988817673815271 132.33342139811762 4
    endloop
  endfacet
  facet normal 0.8175848131515674 -0.5758081914178684 0
    outer loop
      vertex -4.988817673815271 132.33342139811762 -4
      vertex -4.81924518888387 132.5741958269546 -4
      vertex -4.81924518888387 132.5741958269546 4
    endloop
  endfacet
  facet normal 0.7883464276266143 -0.6152315905806165 0
    outer loop
      vertex -4.81924518888387 132.5741958269546 -4
      vertex -4.638062720176422 132.80635970498187 -4
      vertex -4.638062720176422 132.80635970498187 4
    endloop
  endfacet
  facet normal 0.757208846506495 -0.6531728429537647 0
    outer loop
      vertex -4.638062720176422 132.80635970498187 -4
      vertex -4.445706752129754 133.02935372908212 -4
      vertex -4.445706752129754 133.02935372908212 4
    endloop
  endfacet
  facet normal 0.7242470829514656 -0.6895405447370683 0
    outer loop
      vertex -4.445706752129754 133.02935372908212 -4
      vertex -4.242640687119286 133.2426406871193 -4
      vertex -4.242640687119286 133.2426406871193 4
    endloop
  endfacet
  facet normal 0.6895405447370511 -0.724247082951482 0
    outer loop
      vertex -4.029353729082111 133.44570675212975 -4
      vertex -4.029353729082111 133.44570675212975 4
      vertex -4.242640687119286 133.2426406871193 -4
    endloop
  endfacet
  facet normal 0.6531728429538085 -0.7572088465064573 0
    outer loop
      vertex -3.806359704981873 133.63806272017644 -4
      vertex -3.806359704981873 133.63806272017644 4
      vertex -4.029353729082111 133.44570675212975 -4
    endloop
  endfacet
  facet normal 0.6152315905806275 -0.7883464276266058 0
    outer loop
      vertex -3.5741958269546004 133.81924518888388 -4
      vertex -3.5741958269546004 133.81924518888388 4
      vertex -3.806359704981873 133.63806272017644 -4
    endloop
  endfacet
  facet normal 0.5758081914178247 -0.817584813151598 0
    outer loop
      vertex -3.333421398117613 133.98881767381528 -4
      vertex -3.333421398117613 133.98881767381528 4
      vertex -3.5741958269546004 133.81924518888388 -4
    endloop
  endfacet
  facet normal 0.5349976198870553 -0.8448535652497338 0
    outer loop
      vertex -3.0846164651593306 134.14637166000162 -4
      vertex -3.0846164651593306 134.14637166000162 4
      vertex -3.333421398117613 133.98881767381528 -4
    endloop
  endfacet
  facet normal 0.4928981922298053 -0.8700869911086995 0
    outer loop
      vertex -2.8283804209559857 134.29152758609013 -4
      vertex -2.8283804209559857 134.29152758609013 4
      vertex -3.0846164651593306 134.14637166000162 -4
    endloop
  endfacet
  facet normal 0.44961132965464146 -0.8932243011954979 0
    outer loop
      vertex -2.5653305605816925 134.42393575874067 -4
      vertex -2.5653305605816925 134.42393575874067 4
      vertex -2.8283804209559857 134.29152758609013 -4
    endloop
  endfacet
  facet normal 0.40524131400499386 -0.9142097557035288 0
    outer loop
      vertex -2.2961005941905386 134.54327719506773 -4
      vertex -2.2961005941905386 134.54327719506773 4
      vertex -2.5653305605816925 134.42393575874067 -4
    endloop
  endfacet
  facet normal 0.3598950365349281 -0.9329927988347619 0
    outer loop
      vertex -2.0213391203533204 134.64926439109811 -4
      vertex -2.0213391203533204 134.64926439109811 4
      vertex -2.2961005941905386 134.54327719506773 -4
    endloop
  endfacet
  facet normal 0.31368174039891245 -0.9495281805930298 0
    outer loop
      vertex -1.741708063526774 134.74164201439325 -4
      vertex -1.741708063526774 134.74164201439325 4
      vertex -2.0213391203533204 134.64926439109811 -4
    endloop
  endfacet
  facet normal 0.2667127574749052 -0.963776065795438 0
    outer loop
      vertex -1.4578810794195833 134.82018751916726 -4
      vertex -1.4578810794195833 134.82018751916726 4
      vertex -1.741708063526774 134.74164201439325 -4
    endloop
  endfacet
  facet normal 0.2191012401568619 -0.9757021300385303 0
    outer loop
      vertex -1.1705419320967696 134.88471168241938 -4
      vertex -1.1705419320967696 134.88471168241938 4
      vertex -1.4578810794195833 134.82018751916726 -4
    endloop
  endfacet
  facet normal 0.17096188876035728 -0.9852776423889316 0
    outer loop
      vertex -0.8803828467321705 134.9350590597887 -4
      vertex -0.8803828467321705 134.9350590597887 4
      vertex -1.1705419320967696 134.88471168241938 -4
    endloop
  endfacet
  facet normal 0.12241067519918282 -0.9924795345987141 0
    outer loop
      vertex -0.5881028419773636 134.97110836003318 -4
      vertex -0.5881028419773636 134.97110836003318 4
      vertex -0.8803828467321705 134.9350590597887 -4
    endloop
  endfacet
  facet normal 0.0735645635996608 -0.9972904566786907 0
    outer loop
      vertex -0.2944060459645081 134.99277273723104 -4
      vertex -0.2944060459645081 134.99277273723104 4
      vertex -0.5881028419773636 134.97110836003318 -4
    endloop
  endfacet
  facet normal 0.024541228522907518 -0.9996988186962044 0
    outer loop
      vertex -0.2944060459645081 134.99277273723104 -4
      vertex 0 135 -4
      vertex 0 135 4
    endloop
  endfacet
  facet normal 0.757208846506495 0.6531728429537647 0
    outer loop
      vertex -4.445706752129754 124.97064627091788 -4
      vertex -4.638062720176422 125.19364029501813 4
      vertex -4.445706752129754 124.97064627091788 4
    endloop
  endfacet
  facet normal 0.7242470829514656 0.6895405447370683 0
    outer loop
      vertex -4.242640687119286 124.75735931288071 -4
      vertex -4.445706752129754 124.97064627091788 4
      vertex -4.242640687119286 124.75735931288071 4
    endloop
  endfacet
  facet normal 0.6895405447370511 0.724247082951482 0
    outer loop
      vertex -4.029353729082111 124.55429324787025 -4
      vertex -4.242640687119286 124.75735931288071 4
      vertex -4.029353729082111 124.55429324787025 4
    endloop
  endfacet
  facet normal 0.8932243011955172 0.44961132965460293 0
    outer loop
      vertex -5.2915275860901305 126.17161957904402 -4
      vertex -5.42393575874066 126.43466943941831 4
      vertex -5.2915275860901305 126.17161957904402 4
    endloop
  endfacet
  facet normal 0.8700869911087137 0.4928981922297802 0
    outer loop
      vertex -5.146371660001632 125.91538353484067 -4
      vertex -5.2915275860901305 126.17161957904402 4
      vertex -5.146371660001632 125.91538353484067 4
    endloop
  endfacet
  facet normal 0.8448535652497035 0.534997619887103 0
    outer loop
      vertex -4.988817673815271 125.66657860188239 -4
      vertex -5.146371660001632 125.91538353484067 4
      vertex -4.988817673815271 125.66657860188239 4
    endloop
  endfacet
  facet normal 0.932992798834737 0.35989503653499316 0
    outer loop
      vertex -5.54327719506772 126.70389940580947 -4
      vertex -5.649264391098125 126.97866087964668 4
      vertex -5.54327719506772 126.70389940580947 4
    endloop
  endfacet
  facet normal 0.9637760657954411 0.2667127574748945 0
    outer loop
      vertex -5.741642014393253 127.25829193647323 -4
      vertex -5.820187519167264 127.54211892058042 4
      vertex -5.741642014393253 127.25829193647323 4
    endloop
  endfacet
  facet normal 0.9495281805930367 0.3136817403988916 0
    outer loop
      vertex -5.649264391098125 126.97866087964668 -4
      vertex -5.741642014393253 127.25829193647323 4
      vertex -5.649264391098125 126.97866087964668 4
    endloop
  endfacet
  facet normal 0.9142097557035298 0.40524131400499225 0
    outer loop
      vertex -5.42393575874066 126.43466943941831 -4
      vertex -5.54327719506772 126.70389940580947 4
      vertex -5.42393575874066 126.43466943941831 4
    endloop
  endfacet
  facet normal 0.8175848131515834 0.5758081914178458 0
    outer loop
      vertex -4.81924518888387 125.4258041730454 -4
      vertex -4.988817673815271 125.66657860188239 4
      vertex -4.81924518888387 125.4258041730454 4
    endloop
  endfacet
  facet normal 0.7883464276266143 0.6152315905806165 0
    outer loop
      vertex -4.638062720176422 125.19364029501813 -4
      vertex -4.81924518888387 125.4258041730454 4
      vertex -4.638062720176422 125.19364029501813 4
    endloop
  endfacet
  facet normal 0.6531728429537808 0.7572088465064811 0
    outer loop
      vertex -3.806359704981873 124.36193727982358 -4
      vertex -4.029353729082111 124.55429324787025 4
      vertex -3.806359704981873 124.36193727982358 4
    endloop
  endfacet
  facet normal 0.6152315905806275 0.7883464276266058 0
    outer loop
      vertex -3.5741958269546004 124.18075481111613 -4
      vertex -3.806359704981873 124.36193727982358 4
      vertex -3.5741958269546004 124.18075481111613 4
    endloop
  endfacet
  facet normal 0.575808191417857 0.8175848131515754 0
    outer loop
      vertex -3.333421398117613 124.01118232618472 -4
      vertex -3.5741958269546004 124.18075481111613 4
      vertex -3.333421398117613 124.01118232618472 4
    endloop
  endfacet
  facet normal 0.5349976198870896 0.8448535652497118 0
    outer loop
      vertex -3.0846164651593306 123.85362833999837 -4
      vertex -3.333421398117613 124.01118232618472 4
      vertex -3.0846164651593306 123.85362833999837 4
    endloop
  endfacet
  facet normal 0.4928981922297687 0.8700869911087201 0
    outer loop
      vertex -2.8283804209559857 123.70847241390987 -4
      vertex -3.0846164651593306 123.85362833999837 4
      vertex -2.8283804209559857 123.70847241390987 4
    endloop
  endfacet
  facet normal 0.4496113296546029 0.8932243011955171 0
    outer loop
      vertex -2.5653305605816925 123.57606424125935 -4
      vertex -2.8283804209559857 123.70847241390987 4
      vertex -2.5653305605816925 123.57606424125935 4
    endloop
  endfacet
  facet normal 0.40524131400499386 0.9142097557035288 0
    outer loop
      vertex -2.2961005941905386 123.45672280493228 -4
      vertex -2.5653305605816925 123.57606424125935 4
      vertex -2.2961005941905386 123.45672280493228 4
    endloop
  endfacet
  facet normal 0.3598950365350121 0.9329927988347296 0
    outer loop
      vertex -2.0213391203533204 123.35073560890187 -4
      vertex -2.2961005941905386 123.45672280493228 4
      vertex -2.0213391203533204 123.35073560890187 4
    endloop
  endfacet
  facet normal 0.2667127574749052 0.963776065795438 0
    outer loop
      vertex -1.4578810794195833 123.17981248083274 -4
      vertex -1.741708063526774 123.25835798560675 4
      vertex -1.4578810794195833 123.17981248083274 4
    endloop
  endfacet
  facet normal 0.3136817403988689 0.9495281805930441 0
    outer loop
      vertex -1.741708063526774 123.25835798560675 -4
      vertex -2.0213391203533204 123.35073560890187 4
      vertex -1.741708063526774 123.25835798560675 4
    endloop
  endfacet
  facet normal 0.2191012401568619 0.9757021300385303 0
    outer loop
      vertex -1.1705419320967696 123.11528831758062 -4
      vertex -1.4578810794195833 123.17981248083274 4
      vertex -1.1705419320967696 123.11528831758062 4
    endloop
  endfacet
  facet normal 0.17096188876031046 0.9852776423889397 0
    outer loop
      vertex -0.8803828467321705 123.06494094021132 -4
      vertex -1.1705419320967696 123.11528831758062 4
      vertex -0.8803828467321705 123.06494094021132 4
    endloop
  endfacet
  facet normal 0.12241067519923036 0.9924795345987083 0
    outer loop
      vertex -0.5881028419773636 123.02889163996682 -4
      vertex -0.8803828467321705 123.06494094021132 4
      vertex -0.5881028419773636 123.02889163996682 4
    endloop
  endfacet
  facet normal 0.0735645635996608 0.9972904566786907 0
    outer loop
      vertex -0.2944060459645081 123.00722726276896 -4
      vertex -0.5881028419773636 123.02889163996682 4
      vertex -0.2944060459645081 123.00722726276896 4
    endloop
  endfacet
  facet normal 0.024541228522907518 0.9996988186962044 0
    outer loop
      vertex 0 123 -4
      vertex -0.2944060459645081 123.00722726276896 4
      vertex 0 123 4
    endloop
  endfacet
  facet normal 0.975702130038528 0.21910124015687246 0
    outer loop
      vertex -5.820187519167264 127.54211892058042 -4
      vertex -5.884711682419383 127.82945806790323 4
      vertex -5.820187519167264 127.54211892058042 4
    endloop
  endfacet
  facet normal 0.9852776423889406 0.17096188876030527 0
    outer loop
      vertex -5.884711682419383 127.82945806790323 -4
      vertex -5.935059059788686 128.11961715326782 4
      vertex -5.884711682419383 127.82945806790323 4
    endloop
  endfacet
  facet normal 0.9924795345987104 0.12241067519921209 0
    outer loop
      vertex -5.935059059788686 128.11961715326782 -4
      vertex -5.971108360033181 128.41189715802264 4
      vertex -5.935059059788686 128.11961715326782 4
    endloop
  endfacet
  facet normal 0.9972904566786901 0.07356456359966751 0
    outer loop
      vertex -5.971108360033181 128.41189715802264 -4
      vertex -5.992772737231034 128.7055939540355 4
      vertex -5.971108360033181 128.41189715802264 4
    endloop
  endfacet
  facet normal 0.9996988186962041 0.024541228522913613 0
    outer loop
      vertex -5.992772737231034 128.7055939540355 -4
      vertex -6 129 4
      vertex -5.992772737231034 128.7055939540355 4
    endloop
  endfacet
  facet normal 0.9996988186962041 -0.024541228522913613 0
    outer loop
      vertex -6 129 -4
      vertex -5.992772737231034 129.2944060459645 4
      vertex -6 129 4
    endloop
  endfacet
  facet normal 0.9972904566786901 -0.07356456359966751 0
    outer loop
      vertex -5.992772737231034 129.2944060459645 -4
      vertex -5.971108360033181 129.58810284197736 4
      vertex -5.992772737231034 129.2944060459645 4
    endloop
  endfacet
  facet normal 0.9924795345987104 -0.12241067519921209 0
    outer loop
      vertex -5.971108360033181 129.58810284197736 -4
      vertex -5.935059059788686 129.88038284673218 4
      vertex -5.971108360033181 129.58810284197736 4
    endloop
  endfacet
  facet normal 0.9852776423889406 -0.17096188876030527 0
    outer loop
      vertex -5.935059059788686 129.88038284673218 -4
      vertex -5.884711682419383 130.17054193209677 4
      vertex -5.935059059788686 129.88038284673218 4
    endloop
  endfacet
  facet normal 0.9757021300385303 -0.21910124015686214 0
    outer loop
      vertex -5.884711682419383 130.17054193209677 -4
      vertex -5.820187519167264 130.4578810794196 4
      vertex -5.884711682419383 130.17054193209677 4
    endloop
  endfacet
  facet normal 0.9637760657954374 -0.26671275747490686 0
    outer loop
      vertex -5.820187519167264 130.4578810794196 -4
      vertex -5.741642014393253 130.74170806352677 4
      vertex -5.820187519167264 130.4578810794196 4
    endloop
  endfacet
  facet normal 0.9495281805930414 -0.3136817403988772 0
    outer loop
      vertex -5.741642014393253 130.74170806352677 -4
      vertex -5.649264391098125 131.02133912035333 4
      vertex -5.741642014393253 130.74170806352677 4
    endloop
  endfacet
  facet normal 0.9329927988347307 -0.35989503653500937 0
    outer loop
      vertex -5.649264391098125 131.02133912035333 -4
      vertex -5.54327719506772 131.29610059419053 4
      vertex -5.649264391098125 131.02133912035333 4
    endloop
  endfacet
  facet normal 0.9142097557035298 -0.40524131400499225 0
    outer loop
      vertex -5.54327719506772 131.29610059419053 -4
      vertex -5.42393575874066 131.56533056058169 4
      vertex -5.54327719506772 131.29610059419053 4
    endloop
  endfacet
  facet normal 0.893224301195527 -0.4496113296545835 0
    outer loop
      vertex -5.42393575874066 131.56533056058169 -4
      vertex -5.2915275860901305 131.828380420956 4
      vertex -5.42393575874066 131.56533056058169 4
    endloop
  endfacet
  facet normal 0.8700869911087137 -0.4928981922297802 0
    outer loop
      vertex -5.2915275860901305 131.828380420956 -4
      vertex -5.146371660001632 132.08461646515934 4
      vertex -5.2915275860901305 131.828380420956 4
    endloop
  endfacet
  facet normal 0.8448535652497035 -0.534997619887103 0
    outer loop
      vertex -5.146371660001632 132.08461646515934 -4
      vertex -4.988817673815271 132.33342139811762 4
      vertex -5.146371660001632 132.08461646515934 4
    endloop
  endfacet
  facet normal 0.8175848131515674 -0.5758081914178684 0
    outer loop
      vertex -4.988817673815271 132.33342139811762 -4
      vertex -4.81924518888387 132.5741958269546 4
      vertex -4.988817673815271 132.33342139811762 4
    endloop
  endfacet
  facet normal 0.7883464276266143 -0.6152315905806165 0
    outer loop
      vertex -4.81924518888387 132.5741958269546 -4
      vertex -4.638062720176422 132.80635970498187 4
      vertex -4.81924518888387 132.5741958269546 4
    endloop
  endfacet
  facet normal 0.757208846506495 -0.6531728429537647 0
    outer loop
      vertex -4.638062720176422 132.80635970498187 -4
      vertex -4.445706752129754 133.02935372908212 4
      vertex -4.638062720176422 132.80635970498187 4
    endloop
  endfacet
  facet normal 0.7242470829514656 -0.6895405447370683 0
    outer loop
      vertex -4.445706752129754 133.02935372908212 -4
      vertex -4.242640687119286 133.2426406871193 4
      vertex -4.445706752129754 133.02935372908212 4
    endloop
  endfacet
  facet normal 0.6895405447370511 -0.724247082951482 0
    outer loop
      vertex -4.242640687119286 133.2426406871193 -4
      vertex -4.029353729082111 133.44570675212975 4
      vertex -4.242640687119286 133.2426406871193 4
    endloop
  endfacet
  facet normal 0.6531728429538085 -0.7572088465064573 0
    outer loop
      vertex -4.029353729082111 133.44570675212975 -4
      vertex -3.806359704981873 133.63806272017644 4
      vertex -4.029353729082111 133.44570675212975 4
    endloop
  endfacet
  facet normal 0.6152315905806275 -0.7883464276266058 0
    outer loop
      vertex -3.806359704981873 133.63806272017644 -4
      vertex -3.5741958269546004 133.81924518888388 4
      vertex -3.806359704981873 133.63806272017644 4
    endloop
  endfacet
  facet normal 0.5758081914178247 -0.817584813151598 0
    outer loop
      vertex -3.5741958269546004 133.81924518888388 -4
      vertex -3.333421398117613 133.98881767381528 4
      vertex -3.5741958269546004 133.81924518888388 4
    endloop
  endfacet
  facet normal 0.5349976198870553 -0.8448535652497338 0
    outer loop
      vertex -3.333421398117613 133.98881767381528 -4
      vertex -3.0846164651593306 134.14637166000162 4
      vertex -3.333421398117613 133.98881767381528 4
    endloop
  endfacet
  facet normal 0.4928981922298053 -0.8700869911086995 0
    outer loop
      vertex -3.0846164651593306 134.14637166000162 -4
      vertex -2.8283804209559857 134.29152758609013 4
      vertex -3.0846164651593306 134.14637166000162 4
    endloop
  endfacet
  facet normal 0.44961132965464146 -0.8932243011954979 0
    outer loop
      vertex -2.8283804209559857 134.29152758609013 -4
      vertex -2.5653305605816925 134.42393575874067 4
      vertex -2.8283804209559857 134.29152758609013 4
    endloop
  endfacet
  facet normal 0.40524131400499386 -0.9142097557035288 0
    outer loop
      vertex -2.5653305605816925 134.42393575874067 -4
      vertex -2.2961005941905386 134.54327719506773 4
      vertex -2.5653305605816925 134.42393575874067 4
    endloop
  endfacet
  facet normal 0.3598950365349281 -0.9329927988347619 0
    outer loop
      vertex -2.2961005941905386 134.54327719506773 -4
      vertex -2.0213391203533204 134.64926439109811 4
      vertex -2.2961005941905386 134.54327719506773 4
    endloop
  endfacet
  facet normal 0.31368174039891245 -0.9495281805930298 0
    outer loop
      vertex -2.0213391203533204 134.64926439109811 -4
      vertex -1.741708063526774 134.74164201439325 4
      vertex -2.0213391203533204 134.64926439109811 4
    endloop
  endfacet
  facet normal 0.2667127574749052 -0.963776065795438 0
    outer loop
      vertex -1.741708063526774 134.74164201439325 -4
      vertex -1.4578810794195833 134.82018751916726 4
      vertex -1.741708063526774 134.74164201439325 4
    endloop
  endfacet
  facet normal 0.2191012401568619 -0.9757021300385303 0
    outer loop
      vertex -1.4578810794195833 134.82018751916726 -4
      vertex -1.1705419320967696 134.88471168241938 4
      vertex -1.4578810794195833 134.82018751916726 4
    endloop
  endfacet
  facet normal 0.17096188876035728 -0.9852776423889316 0
    outer loop
      vertex -1.1705419320967696 134.88471168241938 -4
      vertex -0.8803828467321705 134.9350590597887 4
      vertex -1.1705419320967696 134.88471168241938 4
    endloop
  endfacet
  facet normal 0.12241067519918282 -0.9924795345987141 0
    outer loop
      vertex -0.8803828467321705 134.9350590597887 -4
      vertex -0.5881028419773636 134.97110836003318 4
      vertex -0.8803828467321705 134.9350590597887 4
    endloop
  endfacet
  facet normal 0.0735645635996608 -0.9972904566786907 0
    outer loop
      vertex -0.5881028419773636 134.97110836003318 -4
      vertex -0.2944060459645081 134.99277273723104 4
      vertex -0.5881028419773636 134.97110836003318 4
    endloop
  endfacet
  facet normal 0.024541228522907518 -0.9996988186962044 0
    outer loop
      vertex 0 135 4
      vertex -0.2944060459645081 134.99277273723104 4
      vertex -0.2944060459645081 134.99277273723104 -4
    endloop
  endfacet
  facet normal -0.024541228522907518 0.9996988186962044 0
    outer loop
      vertex 0 123 -4
      vertex 0 123 4
      vertex 0.2944060459645081 123.00722726276896 -4
    endloop
  endfacet
  facet normal -0.0735645635996608 0.9972904566786907 0
    outer loop
      vertex 0.2944060459645081 123.00722726276896 -4
      vertex 0.2944060459645081 123.00722726276896 4
      vertex 0.5881028419773636 123.02889163996682 -4
    endloop
  endfacet
  facet normal -0.12241067519923036 0.9924795345987083 0
    outer loop
      vertex 0.5881028419773636 123.02889163996682 -4
      vertex 0.5881028419773636 123.02889163996682 4
      vertex 0.8803828467321705 123.06494094021132 -4
    endloop
  endfacet
  facet normal -0.17096188876031046 0.9852776423889397 0
    outer loop
      vertex 0.8803828467321705 123.06494094021132 -4
      vertex 0.8803828467321705 123.06494094021132 4
      vertex 1.1705419320967696 123.11528831758062 -4
    endloop
  endfacet
  facet normal -0.2191012401568619 0.9757021300385303 0
    outer loop
      vertex 1.1705419320967696 123.11528831758062 -4
      vertex 1.1705419320967696 123.11528831758062 4
      vertex 1.4578810794195833 123.17981248083274 -4
    endloop
  endfacet
  facet normal -0.2667127574749052 0.963776065795438 0
    outer loop
      vertex 1.4578810794195833 123.17981248083274 -4
      vertex 1.4578810794195833 123.17981248083274 4
      vertex 1.741708063526774 123.25835798560675 -4
    endloop
  endfacet
  facet normal -0.3136817403988689 0.9495281805930441 0
    outer loop
      vertex 1.741708063526774 123.25835798560675 -4
      vertex 1.741708063526774 123.25835798560675 4
      vertex 2.0213391203533204 123.35073560890187 -4
    endloop
  endfacet
  facet normal -0.3598950365350121 0.9329927988347296 0
    outer loop
      vertex 2.0213391203533204 123.35073560890187 -4
      vertex 2.0213391203533204 123.35073560890187 4
      vertex 2.2961005941905386 123.45672280493228 -4
    endloop
  endfacet
  facet normal -0.40524131400499386 0.9142097557035288 0
    outer loop
      vertex 2.2961005941905386 123.45672280493228 -4
      vertex 2.2961005941905386 123.45672280493228 4
      vertex 2.5653305605816925 123.57606424125935 -4
    endloop
  endfacet
  facet normal -0.4496113296546029 0.8932243011955171 0
    outer loop
      vertex 2.5653305605816925 123.57606424125935 -4
      vertex 2.5653305605816925 123.57606424125935 4
      vertex 2.8283804209559857 123.70847241390987 -4
    endloop
  endfacet
  facet normal -0.4928981922297687 0.8700869911087201 0
    outer loop
      vertex 2.8283804209559857 123.70847241390987 -4
      vertex 2.8283804209559857 123.70847241390987 4
      vertex 3.0846164651593306 123.85362833999837 -4
    endloop
  endfacet
  facet normal -0.5349976198870896 0.8448535652497118 0
    outer loop
      vertex 3.0846164651593306 123.85362833999837 -4
      vertex 3.0846164651593306 123.85362833999837 4
      vertex 3.333421398117613 124.01118232618472 -4
    endloop
  endfacet
  facet normal -0.575808191417857 0.8175848131515754 0
    outer loop
      vertex 3.333421398117613 124.01118232618472 -4
      vertex 3.333421398117613 124.01118232618472 4
      vertex 3.5741958269546004 124.18075481111613 -4
    endloop
  endfacet
  facet normal -0.6152315905806275 0.7883464276266058 0
    outer loop
      vertex 3.5741958269546004 124.18075481111613 -4
      vertex 3.5741958269546004 124.18075481111613 4
      vertex 3.806359704981873 124.36193727982358 -4
    endloop
  endfacet
  facet normal -0.6531728429537808 0.7572088465064811 0
    outer loop
      vertex 3.806359704981873 124.36193727982358 -4
      vertex 3.806359704981873 124.36193727982358 4
      vertex 4.029353729082111 124.55429324787025 -4
    endloop
  endfacet
  facet normal -0.6895405447370511 0.724247082951482 0
    outer loop
      vertex 4.029353729082111 124.55429324787025 -4
      vertex 4.029353729082111 124.55429324787025 4
      vertex 4.242640687119286 124.75735931288071 -4
    endloop
  endfacet
  facet normal -0.7242470829514656 0.6895405447370683 0
    outer loop
      vertex 4.242640687119286 124.75735931288071 -4
      vertex 4.242640687119286 124.75735931288071 4
      vertex 4.445706752129754 124.97064627091788 -4
    endloop
  endfacet
  facet normal -0.757208846506495 0.6531728429537647 0
    outer loop
      vertex 4.638062720176422 125.19364029501813 -4
      vertex 4.445706752129754 124.97064627091788 -4
      vertex 4.445706752129754 124.97064627091788 4
    endloop
  endfacet
  facet normal -0.7883464276266143 0.6152315905806165 0
    outer loop
      vertex 4.81924518888387 125.4258041730454 -4
      vertex 4.638062720176422 125.19364029501813 -4
      vertex 4.638062720176422 125.19364029501813 4
    endloop
  endfacet
  facet normal -0.8175848131515834 0.5758081914178458 0
    outer loop
      vertex 4.988817673815271 125.66657860188239 -4
      vertex 4.81924518888387 125.4258041730454 -4
      vertex 4.81924518888387 125.4258041730454 4
    endloop
  endfacet
  facet normal -0.8448535652497035 0.534997619887103 0
    outer loop
      vertex 5.146371660001632 125.91538353484067 -4
      vertex 4.988817673815271 125.66657860188239 -4
      vertex 4.988817673815271 125.66657860188239 4
    endloop
  endfacet
  facet normal -0.8700869911087137 0.4928981922297802 0
    outer loop
      vertex 5.2915275860901305 126.17161957904402 -4
      vertex 5.146371660001632 125.91538353484067 -4
      vertex 5.146371660001632 125.91538353484067 4
    endloop
  endfacet
  facet normal -0.8932243011955172 0.44961132965460293 0
    outer loop
      vertex 5.42393575874066 126.43466943941831 -4
      vertex 5.2915275860901305 126.17161957904402 -4
      vertex 5.2915275860901305 126.17161957904402 4
    endloop
  endfacet
  facet normal -0.9142097557035298 0.40524131400499225 0
    outer loop
      vertex 5.54327719506772 126.70389940580947 -4
      vertex 5.42393575874066 126.43466943941831 -4
      vertex 5.42393575874066 126.43466943941831 4
    endloop
  endfacet
  facet normal -0.932992798834737 0.35989503653499316 0
    outer loop
      vertex 5.649264391098125 126.97866087964668 -4
      vertex 5.54327719506772 126.70389940580947 -4
      vertex 5.54327719506772 126.70389940580947 4
    endloop
  endfacet
  facet normal -0.9495281805930367 0.3136817403988916 0
    outer loop
      vertex 5.741642014393253 127.25829193647323 -4
      vertex 5.649264391098125 126.97866087964668 -4
      vertex 5.649264391098125 126.97866087964668 4
    endloop
  endfacet
  facet normal -0.9637760657954411 0.2667127574748945 0
    outer loop
      vertex 5.820187519167264 127.54211892058042 -4
      vertex 5.741642014393253 127.25829193647323 -4
      vertex 5.741642014393253 127.25829193647323 4
    endloop
  endfacet
  facet normal -0.17096188876035728 -0.9852776423889316 0
    outer loop
      vertex 1.1705419320967696 134.88471168241938 -4
      vertex 1.1705419320967696 134.88471168241938 4
      vertex 0.8803828467321705 134.9350590597887 -4
    endloop
  endfacet
  facet normal -0.2191012401568619 -0.9757021300385303 0
    outer loop
      vertex 1.4578810794195833 134.82018751916726 -4
      vertex 1.4578810794195833 134.82018751916726 4
      vertex 1.1705419320967696 134.88471168241938 -4
    endloop
  endfacet
  facet normal -0.2667127574749052 -0.963776065795438 0
    outer loop
      vertex 1.741708063526774 134.74164201439325 -4
      vertex 1.741708063526774 134.74164201439325 4
      vertex 1.4578810794195833 134.82018751916726 -4
    endloop
  endfacet
  facet normal -0.31368174039891245 -0.9495281805930298 0
    outer loop
      vertex 2.0213391203533204 134.64926439109811 -4
      vertex 2.0213391203533204 134.64926439109811 4
      vertex 1.741708063526774 134.74164201439325 -4
    endloop
  endfacet
  facet normal -0.024541228522907518 -0.9996988186962044 0
    outer loop
      vertex 0.2944060459645081 134.99277273723104 -4
      vertex 0.2944060459645081 134.99277273723104 4
      vertex 0 135 -4
    endloop
  endfacet
  facet normal -0.0735645635996608 -0.9972904566786907 0
    outer loop
      vertex 0.5881028419773636 134.97110836003318 -4
      vertex 0.5881028419773636 134.97110836003318 4
      vertex 0.2944060459645081 134.99277273723104 -4
    endloop
  endfacet
  facet normal -0.12241067519918282 -0.9924795345987141 0
    outer loop
      vertex 0.8803828467321705 134.9350590597887 -4
      vertex 0.8803828467321705 134.9350590597887 4
      vertex 0.5881028419773636 134.97110836003318 -4
    endloop
  endfacet
  facet normal -0.3598950365349281 -0.9329927988347619 0
    outer loop
      vertex 2.2961005941905386 134.54327719506773 -4
      vertex 2.2961005941905386 134.54327719506773 4
      vertex 2.0213391203533204 134.64926439109811 -4
    endloop
  endfacet
  facet normal -0.40524131400499386 -0.9142097557035288 0
    outer loop
      vertex 2.5653305605816925 134.42393575874067 -4
      vertex 2.5653305605816925 134.42393575874067 4
      vertex 2.2961005941905386 134.54327719506773 -4
    endloop
  endfacet
  facet normal -0.4928981922298053 -0.8700869911086995 0
    outer loop
      vertex 3.0846164651593306 134.14637166000162 -4
      vertex 3.0846164651593306 134.14637166000162 4
      vertex 2.8283804209559857 134.29152758609013 -4
    endloop
  endfacet
  facet normal -0.44961132965464146 -0.8932243011954979 0
    outer loop
      vertex 2.8283804209559857 134.29152758609013 -4
      vertex 2.8283804209559857 134.29152758609013 4
      vertex 2.5653305605816925 134.42393575874067 -4
    endloop
  endfacet
  facet normal -0.6531728429538085 -0.7572088465064573 0
    outer loop
      vertex 4.029353729082111 133.44570675212975 -4
      vertex 4.029353729082111 133.44570675212975 4
      vertex 3.806359704981873 133.63806272017644 -4
    endloop
  endfacet
  facet normal -0.5758081914178247 -0.817584813151598 0
    outer loop
      vertex 3.5741958269546004 133.81924518888388 -4
      vertex 3.5741958269546004 133.81924518888388 4
      vertex 3.333421398117613 133.98881767381528 -4
    endloop
  endfacet
  facet normal -0.5349976198870553 -0.8448535652497338 0
    outer loop
      vertex 3.333421398117613 133.98881767381528 -4
      vertex 3.333421398117613 133.98881767381528 4
      vertex 3.0846164651593306 134.14637166000162 -4
    endloop
  endfacet
  facet normal -0.6152315905806275 -0.7883464276266058 0
    outer loop
      vertex 3.806359704981873 133.63806272017644 -4
      vertex 3.806359704981873 133.63806272017644 4
      vertex 3.5741958269546004 133.81924518888388 -4
    endloop
  endfacet
  facet normal -0.975702130038528 0.21910124015687246 0
    outer loop
      vertex 5.884711682419383 127.82945806790323 -4
      vertex 5.820187519167264 127.54211892058042 -4
      vertex 5.820187519167264 127.54211892058042 4
    endloop
  endfacet
  facet normal -0.9852776423889406 0.17096188876030527 0
    outer loop
      vertex 5.935059059788686 128.11961715326782 -4
      vertex 5.884711682419383 127.82945806790323 -4
      vertex 5.884711682419383 127.82945806790323 4
    endloop
  endfacet
  facet normal -0.9924795345987104 0.12241067519921209 0
    outer loop
      vertex 5.971108360033181 128.41189715802264 -4
      vertex 5.935059059788686 128.11961715326782 -4
      vertex 5.935059059788686 128.11961715326782 4
    endloop
  endfacet
  facet normal -0.9972904566786901 0.07356456359966751 0
    outer loop
      vertex 5.992772737231034 128.7055939540355 -4
      vertex 5.971108360033181 128.41189715802264 -4
      vertex 5.971108360033181 128.41189715802264 4
    endloop
  endfacet
  facet normal -0.9996988186962041 0.024541228522913613 0
    outer loop
      vertex 6 129 -4
      vertex 5.992772737231034 128.7055939540355 -4
      vertex 5.992772737231034 128.7055939540355 4
    endloop
  endfacet
  facet normal -0.9996988186962041 -0.024541228522913613 0
    outer loop
      vertex 5.992772737231034 129.2944060459645 -4
      vertex 6 129 -4
      vertex 6 129 4
    endloop
  endfacet
  facet normal -0.9972904566786901 -0.07356456359966751 0
    outer loop
      vertex 5.971108360033181 129.58810284197736 -4
      vertex 5.992772737231034 129.2944060459645 -4
      vertex 5.992772737231034 129.2944060459645 4
    endloop
  endfacet
  facet normal -0.9924795345987104 -0.12241067519921209 0
    outer loop
      vertex 5.935059059788686 129.88038284673218 -4
      vertex 5.971108360033181 129.58810284197736 -4
      vertex 5.971108360033181 129.58810284197736 4
    endloop
  endfacet
  facet normal -0.9852776423889406 -0.17096188876030527 0
    outer loop
      vertex 5.884711682419383 130.17054193209677 -4
      vertex 5.935059059788686 129.88038284673218 -4
      vertex 5.935059059788686 129.88038284673218 4
    endloop
  endfacet
  facet normal -0.8175848131515674 -0.5758081914178684 0
    outer loop
      vertex 4.81924518888387 132.5741958269546 -4
      vertex 4.988817673815271 132.33342139811762 -4
      vertex 4.988817673815271 132.33342139811762 4
    endloop
  endfacet
  facet normal -0.9757021300385303 -0.21910124015686214 0
    outer loop
      vertex 5.820187519167264 130.4578810794196 -4
      vertex 5.884711682419383 130.17054193209677 -4
      vertex 5.884711682419383 130.17054193209677 4
    endloop
  endfacet
  facet normal -0.9637760657954374 -0.26671275747490686 0
    outer loop
      vertex 5.741642014393253 130.74170806352677 -4
      vertex 5.820187519167264 130.4578810794196 -4
      vertex 5.820187519167264 130.4578810794196 4
    endloop
  endfacet
  facet normal -0.9495281805930414 -0.3136817403988772 0
    outer loop
      vertex 5.649264391098125 131.02133912035333 -4
      vertex 5.741642014393253 130.74170806352677 -4
      vertex 5.741642014393253 130.74170806352677 4
    endloop
  endfacet
  facet normal -0.9329927988347307 -0.35989503653500937 0
    outer loop
      vertex 5.54327719506772 131.29610059419053 -4
      vertex 5.649264391098125 131.02133912035333 -4
      vertex 5.649264391098125 131.02133912035333 4
    endloop
  endfacet
  facet normal -0.893224301195527 -0.4496113296545835 0
    outer loop
      vertex 5.2915275860901305 131.828380420956 -4
      vertex 5.42393575874066 131.56533056058169 -4
      vertex 5.42393575874066 131.56533056058169 4
    endloop
  endfacet
  facet normal -0.8700869911087137 -0.4928981922297802 0
    outer loop
      vertex 5.146371660001632 132.08461646515934 -4
      vertex 5.2915275860901305 131.828380420956 -4
      vertex 5.2915275860901305 131.828380420956 4
    endloop
  endfacet
  facet normal -0.8448535652497035 -0.534997619887103 0
    outer loop
      vertex 4.988817673815271 132.33342139811762 -4
      vertex 5.146371660001632 132.08461646515934 -4
      vertex 5.146371660001632 132.08461646515934 4
    endloop
  endfacet
  facet normal -0.9142097557035298 -0.40524131400499225 0
    outer loop
      vertex 5.42393575874066 131.56533056058169 -4
      vertex 5.54327719506772 131.29610059419053 -4
      vertex 5.54327719506772 131.29610059419053 4
    endloop
  endfacet
  facet normal -0.6895405447370511 -0.724247082951482 0
    outer loop
      vertex 4.029353729082111 133.44570675212975 -4
      vertex 4.242640687119286 133.2426406871193 -4
      vertex 4.242640687119286 133.2426406871193 4
    endloop
  endfacet
  facet normal -0.7242470829514656 -0.6895405447370683 0
    outer loop
      vertex 4.242640687119286 133.2426406871193 -4
      vertex 4.445706752129754 133.02935372908212 -4
      vertex 4.445706752129754 133.02935372908212 4
    endloop
  endfacet
  facet normal -0.757208846506495 -0.6531728429537647 0
    outer loop
      vertex 4.445706752129754 133.02935372908212 -4
      vertex 4.638062720176422 132.80635970498187 -4
      vertex 4.638062720176422 132.80635970498187 4
    endloop
  endfacet
  facet normal -0.7883464276266143 -0.6152315905806165 0
    outer loop
      vertex 4.638062720176422 132.80635970498187 -4
      vertex 4.81924518888387 132.5741958269546 -4
      vertex 4.81924518888387 132.5741958269546 4
    endloop
  endfacet
  facet normal -0.024541228522907518 0.9996988186962044 0
    outer loop
      vertex 0.2944060459645081 123.00722726276896 -4
      vertex 0 123 4
      vertex 0.2944060459645081 123.00722726276896 4
    endloop
  endfacet
  facet normal -0.0735645635996608 0.9972904566786907 0
    outer loop
      vertex 0.5881028419773636 123.02889163996682 -4
      vertex 0.2944060459645081 123.00722726276896 4
      vertex 0.5881028419773636 123.02889163996682 4
    endloop
  endfacet
  facet normal -0.12241067519923036 0.9924795345987083 0
    outer loop
      vertex 0.8803828467321705 123.06494094021132 -4
      vertex 0.5881028419773636 123.02889163996682 4
      vertex 0.8803828467321705 123.06494094021132 4
    endloop
  endfacet
  facet normal -0.17096188876031046 0.9852776423889397 0
    outer loop
      vertex 1.1705419320967696 123.11528831758062 -4
      vertex 0.8803828467321705 123.06494094021132 4
      vertex 1.1705419320967696 123.11528831758062 4
    endloop
  endfacet
  facet normal -0.2191012401568619 0.9757021300385303 0
    outer loop
      vertex 1.4578810794195833 123.17981248083274 -4
      vertex 1.1705419320967696 123.11528831758062 4
      vertex 1.4578810794195833 123.17981248083274 4
    endloop
  endfacet
  facet normal -0.2667127574749052 0.963776065795438 0
    outer loop
      vertex 1.741708063526774 123.25835798560675 -4
      vertex 1.4578810794195833 123.17981248083274 4
      vertex 1.741708063526774 123.25835798560675 4
    endloop
  endfacet
  facet normal -0.3136817403988689 0.9495281805930441 0
    outer loop
      vertex 2.0213391203533204 123.35073560890187 -4
      vertex 1.741708063526774 123.25835798560675 4
      vertex 2.0213391203533204 123.35073560890187 4
    endloop
  endfacet
  facet normal -0.3598950365350121 0.9329927988347296 0
    outer loop
      vertex 2.2961005941905386 123.45672280493228 -4
      vertex 2.0213391203533204 123.35073560890187 4
      vertex 2.2961005941905386 123.45672280493228 4
    endloop
  endfacet
  facet normal -0.40524131400499386 0.9142097557035288 0
    outer loop
      vertex 2.5653305605816925 123.57606424125935 -4
      vertex 2.2961005941905386 123.45672280493228 4
      vertex 2.5653305605816925 123.57606424125935 4
    endloop
  endfacet
  facet normal -0.4496113296546029 0.8932243011955171 0
    outer loop
      vertex 2.8283804209559857 123.70847241390987 -4
      vertex 2.5653305605816925 123.57606424125935 4
      vertex 2.8283804209559857 123.70847241390987 4
    endloop
  endfacet
  facet normal -0.4928981922297687 0.8700869911087201 0
    outer loop
      vertex 3.0846164651593306 123.85362833999837 -4
      vertex 2.8283804209559857 123.70847241390987 4
      vertex 3.0846164651593306 123.85362833999837 4
    endloop
  endfacet
  facet normal -0.5349976198870896 0.8448535652497118 0
    outer loop
      vertex 3.333421398117613 124.01118232618472 -4
      vertex 3.0846164651593306 123.85362833999837 4
      vertex 3.333421398117613 124.01118232618472 4
    endloop
  endfacet
  facet normal -0.575808191417857 0.8175848131515754 0
    outer loop
      vertex 3.5741958269546004 124.18075481111613 -4
      vertex 3.333421398117613 124.01118232618472 4
      vertex 3.5741958269546004 124.18075481111613 4
    endloop
  endfacet
  facet normal -0.6152315905806275 0.7883464276266058 0
    outer loop
      vertex 3.806359704981873 124.36193727982358 -4
      vertex 3.5741958269546004 124.18075481111613 4
      vertex 3.806359704981873 124.36193727982358 4
    endloop
  endfacet
  facet normal -0.6531728429537808 0.7572088465064811 0
    outer loop
      vertex 4.029353729082111 124.55429324787025 -4
      vertex 3.806359704981873 124.36193727982358 4
      vertex 4.029353729082111 124.55429324787025 4
    endloop
  endfacet
  facet normal -0.6895405447370511 0.724247082951482 0
    outer loop
      vertex 4.242640687119286 124.75735931288071 -4
      vertex 4.029353729082111 124.55429324787025 4
      vertex 4.242640687119286 124.75735931288071 4
    endloop
  endfacet
  facet normal -0.7242470829514656 0.6895405447370683 0
    outer loop
      vertex 4.445706752129754 124.97064627091788 -4
      vertex 4.242640687119286 124.75735931288071 4
      vertex 4.445706752129754 124.97064627091788 4
    endloop
  endfacet
  facet normal -0.757208846506495 0.6531728429537647 0
    outer loop
      vertex 4.638062720176422 125.19364029501813 -4
      vertex 4.445706752129754 124.97064627091788 4
      vertex 4.638062720176422 125.19364029501813 4
    endloop
  endfacet
  facet normal -0.7883464276266143 0.6152315905806165 0
    outer loop
      vertex 4.81924518888387 125.4258041730454 -4
      vertex 4.638062720176422 125.19364029501813 4
      vertex 4.81924518888387 125.4258041730454 4
    endloop
  endfacet
  facet normal -0.8175848131515834 0.5758081914178458 0
    outer loop
      vertex 4.988817673815271 125.66657860188239 -4
      vertex 4.81924518888387 125.4258041730454 4
      vertex 4.988817673815271 125.66657860188239 4
    endloop
  endfacet
  facet normal -0.8448535652497035 0.534997619887103 0
    outer loop
      vertex 5.146371660001632 125.91538353484067 -4
      vertex 4.988817673815271 125.66657860188239 4
      vertex 5.146371660001632 125.91538353484067 4
    endloop
  endfacet
  facet normal -0.8700869911087137 0.4928981922297802 0
    outer loop
      vertex 5.2915275860901305 126.17161957904402 -4
      vertex 5.146371660001632 125.91538353484067 4
      vertex 5.2915275860901305 126.17161957904402 4
    endloop
  endfacet
  facet normal -0.8932243011955172 0.44961132965460293 0
    outer loop
      vertex 5.42393575874066 126.43466943941831 -4
      vertex 5.2915275860901305 126.17161957904402 4
      vertex 5.42393575874066 126.43466943941831 4
    endloop
  endfacet
  facet normal -0.9142097557035298 0.40524131400499225 0
    outer loop
      vertex 5.54327719506772 126.70389940580947 -4
      vertex 5.42393575874066 126.43466943941831 4
      vertex 5.54327719506772 126.70389940580947 4
    endloop
  endfacet
  facet normal -0.932992798834737 0.35989503653499316 0
    outer loop
      vertex 5.649264391098125 126.97866087964668 -4
      vertex 5.54327719506772 126.70389940580947 4
      vertex 5.649264391098125 126.97866087964668 4
    endloop
  endfacet
  facet normal -0.9495281805930367 0.3136817403988916 0
    outer loop
      vertex 5.741642014393253 127.25829193647323 -4
      vertex 5.649264391098125 126.97866087964668 4
      vertex 5.741642014393253 127.25829193647323 4
    endloop
  endfacet
  facet normal -0.9637760657954411 0.2667127574748945 0
    outer loop
      vertex 5.820187519167264 127.54211892058042 -4
      vertex 5.741642014393253 127.25829193647323 4
      vertex 5.820187519167264 127.54211892058042 4
    endloop
  endfacet
  facet normal -0.17096188876035728 -0.9852776423889316 0
    outer loop
      vertex 0.8803828467321705 134.9350590597887 -4
      vertex 1.1705419320967696 134.88471168241938 4
      vertex 0.8803828467321705 134.9350590597887 4
    endloop
  endfacet
  facet normal -0.2191012401568619 -0.9757021300385303 0
    outer loop
      vertex 1.1705419320967696 134.88471168241938 -4
      vertex 1.4578810794195833 134.82018751916726 4
      vertex 1.1705419320967696 134.88471168241938 4
    endloop
  endfacet
  facet normal -0.2667127574749052 -0.963776065795438 0
    outer loop
      vertex 1.4578810794195833 134.82018751916726 -4
      vertex 1.741708063526774 134.74164201439325 4
      vertex 1.4578810794195833 134.82018751916726 4
    endloop
  endfacet
  facet normal -0.31368174039891245 -0.9495281805930298 0
    outer loop
      vertex 1.741708063526774 134.74164201439325 -4
      vertex 2.0213391203533204 134.64926439109811 4
      vertex 1.741708063526774 134.74164201439325 4
    endloop
  endfacet
  facet normal -0.024541228522907518 -0.9996988186962044 0
    outer loop
      vertex 0 135 -4
      vertex 0.2944060459645081 134.99277273723104 4
      vertex 0 135 4
    endloop
  endfacet
  facet normal -0.0735645635996608 -0.9972904566786907 0
    outer loop
      vertex 0.2944060459645081 134.99277273723104 -4
      vertex 0.5881028419773636 134.97110836003318 4
      vertex 0.2944060459645081 134.99277273723104 4
    endloop
  endfacet
  facet normal -0.12241067519918282 -0.9924795345987141 0
    outer loop
      vertex 0.5881028419773636 134.97110836003318 -4
      vertex 0.8803828467321705 134.9350590597887 4
      vertex 0.5881028419773636 134.97110836003318 4
    endloop
  endfacet
  facet normal -0.3598950365349281 -0.9329927988347619 0
    outer loop
      vertex 2.0213391203533204 134.64926439109811 -4
      vertex 2.2961005941905386 134.54327719506773 4
      vertex 2.0213391203533204 134.64926439109811 4
    endloop
  endfacet
  facet normal -0.40524131400499386 -0.9142097557035288 0
    outer loop
      vertex 2.2961005941905386 134.54327719506773 -4
      vertex 2.5653305605816925 134.42393575874067 4
      vertex 2.2961005941905386 134.54327719506773 4
    endloop
  endfacet
  facet normal -0.4928981922298053 -0.8700869911086995 0
    outer loop
      vertex 2.8283804209559857 134.29152758609013 -4
      vertex 3.0846164651593306 134.14637166000162 4
      vertex 2.8283804209559857 134.29152758609013 4
    endloop
  endfacet
  facet normal -0.44961132965464146 -0.8932243011954979 0
    outer loop
      vertex 2.5653305605816925 134.42393575874067 -4
      vertex 2.8283804209559857 134.29152758609013 4
      vertex 2.5653305605816925 134.42393575874067 4
    endloop
  endfacet
  facet normal -0.6531728429538085 -0.7572088465064573 0
    outer loop
      vertex 3.806359704981873 133.63806272017644 -4
      vertex 4.029353729082111 133.44570675212975 4
      vertex 3.806359704981873 133.63806272017644 4
    endloop
  endfacet
  facet normal -0.5349976198870553 -0.8448535652497338 0
    outer loop
      vertex 3.0846164651593306 134.14637166000162 -4
      vertex 3.333421398117613 133.98881767381528 4
      vertex 3.0846164651593306 134.14637166000162 4
    endloop
  endfacet
  facet normal -0.5758081914178247 -0.817584813151598 0
    outer loop
      vertex 3.333421398117613 133.98881767381528 -4
      vertex 3.5741958269546004 133.81924518888388 4
      vertex 3.333421398117613 133.98881767381528 4
    endloop
  endfacet
  facet normal -0.6152315905806275 -0.7883464276266058 0
    outer loop
      vertex 3.5741958269546004 133.81924518888388 -4
      vertex 3.806359704981873 133.63806272017644 4
      vertex 3.5741958269546004 133.81924518888388 4
    endloop
  endfacet
  facet normal -0.975702130038528 0.21910124015687246 0
    outer loop
      vertex 5.884711682419383 127.82945806790323 -4
      vertex 5.820187519167264 127.54211892058042 4
      vertex 5.884711682419383 127.82945806790323 4
    endloop
  endfacet
  facet normal -0.9852776423889406 0.17096188876030527 0
    outer loop
      vertex 5.935059059788686 128.11961715326782 -4
      vertex 5.884711682419383 127.82945806790323 4
      vertex 5.935059059788686 128.11961715326782 4
    endloop
  endfacet
  facet normal -0.9924795345987104 0.12241067519921209 0
    outer loop
      vertex 5.971108360033181 128.41189715802264 -4
      vertex 5.935059059788686 128.11961715326782 4
      vertex 5.971108360033181 128.41189715802264 4
    endloop
  endfacet
  facet normal -0.9972904566786901 0.07356456359966751 0
    outer loop
      vertex 5.992772737231034 128.7055939540355 -4
      vertex 5.971108360033181 128.41189715802264 4
      vertex 5.992772737231034 128.7055939540355 4
    endloop
  endfacet
  facet normal -0.9996988186962041 0.024541228522913613 0
    outer loop
      vertex 6 129 -4
      vertex 5.992772737231034 128.7055939540355 4
      vertex 6 129 4
    endloop
  endfacet
  facet normal -0.9996988186962041 -0.024541228522913613 0
    outer loop
      vertex 5.992772737231034 129.2944060459645 -4
      vertex 6 129 4
      vertex 5.992772737231034 129.2944060459645 4
    endloop
  endfacet
  facet normal -0.9972904566786901 -0.07356456359966751 0
    outer loop
      vertex 5.971108360033181 129.58810284197736 -4
      vertex 5.992772737231034 129.2944060459645 4
      vertex 5.971108360033181 129.58810284197736 4
    endloop
  endfacet
  facet normal -0.9924795345987104 -0.12241067519921209 0
    outer loop
      vertex 5.935059059788686 129.88038284673218 -4
      vertex 5.971108360033181 129.58810284197736 4
      vertex 5.935059059788686 129.88038284673218 4
    endloop
  endfacet
  facet normal -0.9852776423889406 -0.17096188876030527 0
    outer loop
      vertex 5.884711682419383 130.17054193209677 -4
      vertex 5.935059059788686 129.88038284673218 4
      vertex 5.884711682419383 130.17054193209677 4
    endloop
  endfacet
  facet normal -0.9757021300385303 -0.21910124015686214 0
    outer loop
      vertex 5.820187519167264 130.4578810794196 -4
      vertex 5.884711682419383 130.17054193209677 4
      vertex 5.820187519167264 130.4578810794196 4
    endloop
  endfacet
  facet normal -0.9495281805930414 -0.3136817403988772 0
    outer loop
      vertex 5.649264391098125 131.02133912035333 -4
      vertex 5.741642014393253 130.74170806352677 4
      vertex 5.649264391098125 131.02133912035333 4
    endloop
  endfacet
  facet normal -0.9329927988347307 -0.35989503653500937 0
    outer loop
      vertex 5.54327719506772 131.29610059419053 -4
      vertex 5.649264391098125 131.02133912035333 4
      vertex 5.54327719506772 131.29610059419053 4
    endloop
  endfacet
  facet normal -0.9637760657954374 -0.26671275747490686 0
    outer loop
      vertex 5.741642014393253 130.74170806352677 -4
      vertex 5.820187519167264 130.4578810794196 4
      vertex 5.741642014393253 130.74170806352677 4
    endloop
  endfacet
  facet normal -0.9142097557035298 -0.40524131400499225 0
    outer loop
      vertex 5.42393575874066 131.56533056058169 -4
      vertex 5.54327719506772 131.29610059419053 4
      vertex 5.42393575874066 131.56533056058169 4
    endloop
  endfacet
  facet normal -0.893224301195527 -0.4496113296545835 0
    outer loop
      vertex 5.2915275860901305 131.828380420956 -4
      vertex 5.42393575874066 131.56533056058169 4
      vertex 5.2915275860901305 131.828380420956 4
    endloop
  endfacet
  facet normal -0.8700869911087137 -0.4928981922297802 0
    outer loop
      vertex 5.146371660001632 132.08461646515934 -4
      vertex 5.2915275860901305 131.828380420956 4
      vertex 5.146371660001632 132.08461646515934 4
    endloop
  endfacet
  facet normal -0.8448535652497035 -0.534997619887103 0
    outer loop
      vertex 4.988817673815271 132.33342139811762 -4
      vertex 5.146371660001632 132.08461646515934 4
      vertex 4.988817673815271 132.33342139811762 4
    endloop
  endfacet
  facet normal -0.6895405447370511 -0.724247082951482 0
    outer loop
      vertex 4.029353729082111 133.44570675212975 -4
      vertex 4.242640687119286 133.2426406871193 4
      vertex 4.029353729082111 133.44570675212975 4
    endloop
  endfacet
  facet normal -0.7242470829514656 -0.6895405447370683 0
    outer loop
      vertex 4.242640687119286 133.2426406871193 -4
      vertex 4.445706752129754 133.02935372908212 4
      vertex 4.242640687119286 133.2426406871193 4
    endloop
  endfacet
  facet normal -0.7883464276266143 -0.6152315905806165 0
    outer loop
      vertex 4.638062720176422 132.80635970498187 -4
      vertex 4.81924518888387 132.5741958269546 4
      vertex 4.638062720176422 132.80635970498187 4
    endloop
  endfacet
  facet normal -0.757208846506495 -0.6531728429537647 0
    outer loop
      vertex 4.445706752129754 133.02935372908212 -4
      vertex 4.638062720176422 132.80635970498187 4
      vertex 4.445706752129754 133.02935372908212 4
    endloop
  endfacet
  facet normal -0.8175848131515674 -0.5758081914178684 0
    outer loop
      vertex 4.81924518888387 132.5741958269546 -4
      vertex 4.988817673815271 132.33342139811762 4
      vertex 4.81924518888387 132.5741958269546 4
    endloop
  endfacet
  facet normal 0 0 -1
    outer loop
      vertex -128 -157 -4
      vertex -5.146371660001632 -132.08461646515934 -4
      vertex -4.988817673815271 -132.33342139811762 -4
    endloop
  endfacet
  facet normal 0 0 -1
    outer loop
      vertex -128 -157 -4
      vertex -5.54327719506772 -131.29610059419053 -4
      vertex -5.42393575874066 -131.56533056058169 -4
    endloop
  endfacet
  facet normal 0 0 -1
    outer loop
      vertex -128 -157 -4
      vertex -5.2915275860901305 -131.828380420956 -4
      vertex -5.146371660001632 -132.08461646515934 -4
    endloop
  endfacet
  facet normal 0 0 -1
    outer loop
      vertex -128 -157 -4
      vertex -5.42393575874066 -131.56533056058169 -4
      vertex -5.2915275860901305 -131.828380420956 -4
    endloop
  endfacet
  facet normal 0 0 -1
    outer loop
      vertex -128 -157 -4
      vertex -5.820187519167264 -130.4578810794196 -4
      vertex -5.741642014393253 -130.74170806352677 -4
    endloop
  endfacet
  facet normal 0 0 -1
    outer loop
      vertex -128 -157 -4
      vertex -5.935059059788686 -129.88038284673218 -4
      vertex -5.884711682419383 -130.17054193209677 -4
    endloop
  endfacet
  facet normal 0 0 -1
    outer loop
      vertex -128 -157 -4
      vertex -5.884711682419383 -130.17054193209677 -4
      vertex -5.820187519167264 -130.4578810794196 -4
    endloop
  endfacet
  facet normal 0 0 -1
    outer loop
      vertex -128 -157 -4
      vertex -5.992772737231034 -129.2944060459645 -4
      vertex -5.971108360033181 -129.58810284197736 -4
    endloop
  endfacet
  facet normal 0 0 -1
    outer loop
      vertex -128 -157 -4
      vertex -5.971108360033181 -129.58810284197736 -4
      vertex -5.935059059788686 -129.88038284673218 -4
    endloop
  endfacet
  facet normal 0 0 -1
    outer loop
      vertex -128 -157 -4
      vertex -5.741642014393253 -130.74170806352677 -4
      vertex -5.649264391098125 -131.02133912035333 -4
    endloop
  endfacet
  facet normal 0 0 -1
    outer loop
      vertex -128 -157 -4
      vertex -5.649264391098125 -131.02133912035333 -4
      vertex -5.54327719506772 -131.29610059419053 -4
    endloop
  endfacet
  facet normal 0 0 -1
    outer loop
      vertex -128 -157 -4
      vertex -6 -129 -4
      vertex -5.992772737231034 -129.2944060459645 -4
    endloop
  endfacet
  facet normal 0 0 -1
    outer loop
      vertex -128 -157 -4
      vertex -5.992772737231034 -128.7055939540355 -4
      vertex -6 -129 -4
    endloop
  endfacet
  facet normal 0 0 -1
    outer loop
      vertex -128 -157 -4
      vertex -5.971108360033181 -128.41189715802264 -4
      vertex -5.992772737231034 -128.7055939540355 -4
    endloop
  endfacet
  facet normal 0 0 -1
    outer loop
      vertex -128 -157 -4
      vertex -5.935059059788686 -128.11961715326782 -4
      vertex -5.971108360033181 -128.41189715802264 -4
    endloop
  endfacet
  facet normal 0 0 -1
    outer loop
      vertex -128 -157 -4
      vertex -5.884711682419383 -127.82945806790323 -4
      vertex -5.935059059788686 -128.11961715326782 -4
    endloop
  endfacet
  facet normal 0 0 -1
    outer loop
      vertex -128 -157 -4
      vertex -5.820187519167264 -127.54211892058042 -4
      vertex -5.884711682419383 -127.82945806790323 -4
    endloop
  endfacet
  facet normal 0 0 -1
    outer loop
      vertex -128 -157 -4
      vertex -4.445706752129754 -133.02935372908212 -4
      vertex -4.242640687119286 -133.2426406871193 -4
    endloop
  endfacet
  facet normal 0 0 -1
    outer loop
      vertex -128 -157 -4
      vertex -4.242640687119286 -133.2426406871193 -4
      vertex -4.029353729082111 -133.44570675212975 -4
    endloop
  endfacet
  facet normal 0 0 -1
    outer loop
      vertex -128 -157 -4
      vertex -4.029353729082111 -133.44570675212975 -4
      vertex -3.806359704981873 -133.63806272017644 -4
    endloop
  endfacet
  facet normal 0 0 -1
    outer loop
      vertex -128 -157 -4
      vertex -3.806359704981873 -133.63806272017644 -4
      vertex -3.5741958269546004 -133.81924518888388 -4
    endloop
  endfacet
  facet normal 0 0 -1
    outer loop
      vertex -128 -157 -4
      vertex -4.81924518888387 -132.5741958269546 -4
      vertex -4.638062720176422 -132.80635970498187 -4
    endloop
  endfacet
  facet normal 0 0 -1
    outer loop
      vertex -128 -157 -4
      vertex -4.988817673815271 -132.33342139811762 -4
      vertex -4.81924518888387 -132.5741958269546 -4
    endloop
  endfacet
  facet normal 0 0 -1
    outer loop
      vertex -128 -157 -4
      vertex -4.638062720176422 -132.80635970498187 -4
      vertex -4.445706752129754 -133.02935372908212 -4
    endloop
  endfacet
  facet normal 0 0 -1
    outer loop
      vertex -128 -157 -4
      vertex -3.333421398117613 -133.98881767381528 -4
      vertex -3.0846164651593306 -134.14637166000162 -4
    endloop
  endfacet
  facet normal 0 0 -1
    outer loop
      vertex -128 -157 -4
      vertex -3.0846164651593306 -134.14637166000162 -4
      vertex -2.8283804209559857 -134.29152758609013 -4
    endloop
  endfacet
  facet normal 0 0 -1
    outer loop
      vertex -128 -157 -4
      vertex -3.5741958269546004 -133.81924518888388 -4
      vertex -3.333421398117613 -133.98881767381528 -4
    endloop
  endfacet
  facet normal 0 0 -1
    outer loop
      vertex -128 -157 -4
      vertex -2.5653305605816925 -134.42393575874067 -4
      vertex -2.2961005941905386 -134.54327719506773 -4
    endloop
  endfacet
  facet normal 0 0 -1
    outer loop
      vertex -128 -157 -4
      vertex -2.8283804209559857 -134.29152758609013 -4
      vertex -2.5653305605816925 -134.42393575874067 -4
    endloop
  endfacet
  facet normal 0 0 -1
    outer loop
      vertex -128 -157 -4
      vertex -2.2961005941905386 -134.54327719506773 -4
      vertex -2.0213391203533204 -134.64926439109811 -4
    endloop
  endfacet
  facet normal 0 0 -1
    outer loop
      vertex -128 -157 -4
      vertex -2.0213391203533204 -134.64926439109811 -4
      vertex -1.741708063526774 -134.74164201439325 -4
    endloop
  endfacet
  facet normal 0 0 -1
    outer loop
      vertex -128 -157 -4
      vertex -1.741708063526774 -134.74164201439325 -4
      vertex -1.4578810794195833 -134.82018751916726 -4
    endloop
  endfacet
  facet normal 0 0 -1
    outer loop
      vertex -128 -157 -4
      vertex -1.4578810794195833 -134.82018751916726 -4
      vertex -1.1705419320967696 -134.88471168241938 -4
    endloop
  endfacet
  facet normal 0 0 -1
    outer loop
      vertex -128 -157 -4
      vertex -1.1705419320967696 -134.88471168241938 -4
      vertex -0.8803828467321705 -134.9350590597887 -4
    endloop
  endfacet
  facet normal 0 0 -1
    outer loop
      vertex -128 -157 -4
      vertex -5.741642014393253 -127.25829193647323 -4
      vertex -5.820187519167264 -127.54211892058042 -4
    endloop
  endfacet
  facet normal 0 0 -1
    outer loop
      vertex -128 -157 -4
      vertex -5.649264391098125 -126.97866087964668 -4
      vertex -5.741642014393253 -127.25829193647323 -4
    endloop
  endfacet
  facet normal 0 0 -1
    outer loop
      vertex -128 -157 -4
      vertex -5.54327719506772 -126.70389940580947 -4
      vertex -5.649264391098125 -126.97866087964668 -4
    endloop
  endfacet
  facet normal 0 0 -1
    outer loop
      vertex -128 -157 -4
      vertex -5.42393575874066 -126.43466943941831 -4
      vertex -5.54327719506772 -126.70389940580947 -4
    endloop
  endfacet
  facet normal 0 0 -1
    outer loop
      vertex -128 -157 -4
      vertex -0.8803828467321705 -134.9350590597887 -4
      vertex 128 -157 -4
    endloop
  endfacet
  facet normal 0 0 -1
    outer loop
      vertex -128 -157 -4
      vertex 128 157 -4
      vertex -5.42393575874066 -126.43466943941831 -4
    endloop
  endfacet
  facet normal -1 0 0
    outer loop
      vertex -128 -157 -4
      vertex -128 -157 4
      vertex -128 157 4
    endloop
  endfacet
  facet normal 0 0 1
    outer loop
      vertex -128 -157 4
      vertex -3.0846164651593306 -123.85362833999837 4
      vertex -128 157 4
    endloop
  endfacet
  facet normal 0 -1 0
    outer loop
      vertex -128 -157 -4
      vertex 128 -157 4
      vertex -128 -157 4
    endloop
  endfacet
  facet normal 0 0 1
    outer loop
      vertex -128 -157 4
      vertex -4.988817673815271 -132.33342139811762 4
      vertex -5.146371660001632 -132.08461646515934 4
    endloop
  endfacet
  facet normal 0 0 1
    outer loop
      vertex -128 -157 4
      vertex -5.42393575874066 -131.56533056058169 4
      vertex -5.54327719506772 -131.29610059419053 4
    endloop
  endfacet
  facet normal 0 0 1
    outer loop
      vertex -128 -157 4
      vertex -5.146371660001632 -132.08461646515934 4
      vertex -5.2915275860901305 -131.828380420956 4
    endloop
  endfacet
  facet normal 0 0 1
    outer loop
      vertex -128 -157 4
      vertex -5.2915275860901305 -131.828380420956 4
      vertex -5.42393575874066 -131.56533056058169 4
    endloop
  endfacet
  facet normal 0 0 1
    outer loop
      vertex -128 -157 4
      vertex -5.741642014393253 -130.74170806352677 4
      vertex -5.820187519167264 -130.4578810794196 4
    endloop
  endfacet
  facet normal 0 0 1
    outer loop
      vertex -128 -157 4
      vertex -5.884711682419383 -130.17054193209677 4
      vertex -5.935059059788686 -129.88038284673218 4
    endloop
  endfacet
  facet normal 0 0 1
    outer loop
      vertex -128 -157 4
      vertex -5.820187519167264 -130.4578810794196 4
      vertex -5.884711682419383 -130.17054193209677 4
    endloop
  endfacet
  facet normal 0 0 1
    outer loop
      vertex -128 -157 4
      vertex -5.971108360033181 -129.58810284197736 4
      vertex -5.992772737231034 -129.2944060459645 4
    endloop
  endfacet
  facet normal 0 0 1
    outer loop
      vertex -128 -157 4
      vertex -5.935059059788686 -129.88038284673218 4
      vertex -5.971108360033181 -129.58810284197736 4
    endloop
  endfacet
  facet normal 0 0 1
    outer loop
      vertex -128 -157 4
      vertex -5.649264391098125 -131.02133912035333 4
      vertex -5.741642014393253 -130.74170806352677 4
    endloop
  endfacet
  facet normal 0 0 1
    outer loop
      vertex -128 -157 4
      vertex -5.54327719506772 -131.29610059419053 4
      vertex -5.649264391098125 -131.02133912035333 4
    endloop
  endfacet
  facet normal 0 0 1
    outer loop
      vertex -128 -157 4
      vertex -5.992772737231034 -129.2944060459645 4
      vertex -6 -129 4
    endloop
  endfacet
  facet normal 0 0 1
    outer loop
      vertex -128 -157 4
      vertex -5.992772737231034 -128.7055939540355 4
      vertex -5.971108360033181 -128.41189715802264 4
    endloop
  endfacet
  facet normal 0 0 1
    outer loop
      vertex -128 -157 4
      vertex -6 -129 4
      vertex -5.992772737231034 -128.7055939540355 4
    endloop
  endfacet
  facet normal 0 0 1
    outer loop
      vertex -128 -157 4
      vertex -5.971108360033181 -128.41189715802264 4
      vertex -5.935059059788686 -128.11961715326782 4
    endloop
  endfacet
  facet normal 0 0 1
    outer loop
      vertex -128 -157 4
      vertex -5.884711682419383 -127.82945806790323 4
      vertex -5.820187519167264 -127.54211892058042 4
    endloop
  endfacet
  facet normal 0 0 1
    outer loop
      vertex -128 -157 4
      vertex -5.935059059788686 -128.11961715326782 4
      vertex -5.884711682419383 -127.82945806790323 4
    endloop
  endfacet
  facet normal 0 0 1
    outer loop
      vertex -128 -157 4
      vertex -4.242640687119286 -133.2426406871193 4
      vertex -4.445706752129754 -133.02935372908212 4
    endloop
  endfacet
  facet normal 0 0 1
    outer loop
      vertex -128 -157 4
      vertex -4.029353729082111 -133.44570675212975 4
      vertex -4.242640687119286 -133.2426406871193 4
    endloop
  endfacet
  facet normal 0 0 1
    outer loop
      vertex -128 -157 4
      vertex -3.806359704981873 -133.63806272017644 4
      vertex -4.029353729082111 -133.44570675212975 4
    endloop
  endfacet
  facet normal 0 0 1
    outer loop
      vertex -128 -157 4
      vertex -3.5741958269546004 -133.81924518888388 4
      vertex -3.806359704981873 -133.63806272017644 4
    endloop
  endfacet
  facet normal 0 0 1
    outer loop
      vertex -128 -157 4
      vertex -4.638062720176422 -132.80635970498187 4
      vertex -4.81924518888387 -132.5741958269546 4
    endloop
  endfacet
  facet normal 0 0 1
    outer loop
      vertex -128 -157 4
      vertex -4.81924518888387 -132.5741958269546 4
      vertex -4.988817673815271 -132.33342139811762 4
    endloop
  endfacet
  facet normal 0 0 1
    outer loop
      vertex -128 -157 4
      vertex -4.445706752129754 -133.02935372908212 4
      vertex -4.638062720176422 -132.80635970498187 4
    endloop
  endfacet
  facet normal 0 0 1
    outer loop
      vertex -128 -157 4
      vertex -3.0846164651593306 -134.14637166000162 4
      vertex -3.333421398117613 -133.98881767381528 4
    endloop
  endfacet
  facet normal 0 0 1
    outer loop
      vertex -128 -157 4
      vertex -2.8283804209559857 -134.29152758609013 4
      vertex -3.0846164651593306 -134.14637166000162 4
    endloop
  endfacet
  facet normal 0 0 1
    outer loop
      vertex -128 -157 4
      vertex -3.333421398117613 -133.98881767381528 4
      vertex -3.5741958269546004 -133.81924518888388 4
    endloop
  endfacet
  facet normal 0 0 1
    outer loop
      vertex -128 -157 4
      vertex -2.2961005941905386 -134.54327719506773 4
      vertex -2.5653305605816925 -134.42393575874067 4
    endloop
  endfacet
  facet normal 0 0 1
    outer loop
      vertex -128 -157 4
      vertex -2.5653305605816925 -134.42393575874067 4
      vertex -2.8283804209559857 -134.29152758609013 4
    endloop
  endfacet
  facet normal 0 0 1
    outer loop
      vertex -128 -157 4
      vertex -2.0213391203533204 -134.64926439109811 4
      vertex -2.2961005941905386 -134.54327719506773 4
    endloop
  endfacet
  facet normal 0 0 1
    outer loop
      vertex -128 -157 4
      vertex -0.5881028419773636 -134.97110836003318 4
      vertex -0.8803828467321705 -134.9350590597887 4
    endloop
  endfacet
  facet normal 0 0 1
    outer loop
      vertex -128 -157 4
      vertex 0 -135 4
      vertex -0.2944060459645081 -134.99277273723104 4
    endloop
  endfacet
  facet normal 0 0 1
    outer loop
      vertex -128 -157 4
      vertex -0.2944060459645081 -134.99277273723104 4
      vertex -0.5881028419773636 -134.97110836003318 4
    endloop
  endfacet
  facet normal 0 0 1
    outer loop
      vertex -128 -157 4
      vertex 0.2944060459645081 -134.99277273723104 4
      vertex 0 -135 4
    endloop
  endfacet
  facet normal 0 0 1
    outer loop
      vertex -128 -157 4
      vertex 0.5881028419773636 -134.97110836003318 4
      vertex 0.2944060459645081 -134.99277273723104 4
    endloop
  endfacet
  facet normal 0 0 1
    outer loop
      vertex -128 -157 4
      vertex 0.8803828467321705 -134.9350590597887 4
      vertex 0.5881028419773636 -134.97110836003318 4
    endloop
  endfacet
  facet normal 0 0 1
    outer loop
      vertex -128 -157 4
      vertex -1.741708063526774 -134.74164201439325 4
      vertex -2.0213391203533204 -134.64926439109811 4
    endloop
  endfacet
  facet normal 0 0 1
    outer loop
      vertex -128 -157 4
      vertex -1.4578810794195833 -134.82018751916726 4
      vertex -1.741708063526774 -134.74164201439325 4
    endloop
  endfacet
  facet normal 0 0 1
    outer loop
      vertex -128 -157 4
      vertex -1.1705419320967696 -134.88471168241938 4
      vertex -1.4578810794195833 -134.82018751916726 4
    endloop
  endfacet
  facet normal 0 0 1
    outer loop
      vertex -128 -157 4
      vertex -0.8803828467321705 -134.9350590597887 4
      vertex -1.1705419320967696 -134.88471168241938 4
    endloop
  endfacet
  facet normal 0 0 1
    outer loop
      vertex -128 -157 4
      vertex -5.820187519167264 -127.54211892058042 4
      vertex -5.741642014393253 -127.25829193647323 4
    endloop
  endfacet
  facet normal 0 0 1
    outer loop
      vertex -128 -157 4
      vertex -5.741642014393253 -127.25829193647323 4
      vertex -5.649264391098125 -126.97866087964668 4
    endloop
  endfacet
  facet normal 0 0 1
    outer loop
      vertex -128 -157 4
      vertex -5.649264391098125 -126.97866087964668 4
      vertex -5.54327719506772 -126.70389940580947 4
    endloop
  endfacet
  facet normal 0 0 1
    outer loop
      vertex -128 -157 4
      vertex -5.54327719506772 -126.70389940580947 4
      vertex -5.42393575874066 -126.43466943941831 4
    endloop
  endfacet
  facet normal 0 0 1
    outer loop
      vertex -128 -157 4
      vertex -5.42393575874066 -126.43466943941831 4
      vertex -5.2915275860901305 -126.17161957904402 4
    endloop
  endfacet
  facet normal 0 0 1
    outer loop
      vertex -128 -157 4
      vertex -5.146371660001632 -125.91538353484067 4
      vertex -4.988817673815271 -125.66657860188239 4
    endloop
  endfacet
  facet normal 0 0 1
    outer loop
      vertex -128 -157 4
      vertex -5.2915275860901305 -126.17161957904402 4
      vertex -5.146371660001632 -125.91538353484067 4
    endloop
  endfacet
  facet normal 0 0 1
    outer loop
      vertex -128 -157 4
      vertex -4.81924518888387 -125.4258041730454 4
      vertex -4.638062720176422 -125.19364029501813 4
    endloop
  endfacet
  facet normal 0 0 1
    outer loop
      vertex -128 -157 4
      vertex -4.988817673815271 -125.66657860188239 4
      vertex -4.81924518888387 -125.4258041730454 4
    endloop
  endfacet
  facet normal 0 0 1
    outer loop
      vertex -128 -157 4
      vertex -4.445706752129754 -124.97064627091788 4
      vertex -4.242640687119286 -124.75735931288071 4
    endloop
  endfacet
  facet normal 0 0 1
    outer loop
      vertex -128 -157 4
      vertex -4.638062720176422 -125.19364029501813 4
      vertex -4.445706752129754 -124.97064627091788 4
    endloop
  endfacet
  facet normal 0 0 1
    outer loop
      vertex -128 -157 4
      vertex -4.029353729082111 -124.55429324787025 4
      vertex -3.806359704981873 -124.36193727982358 4
    endloop
  endfacet
  facet normal 0 0 1
    outer loop
      vertex -128 -157 4
      vertex -4.242640687119286 -124.75735931288071 4
      vertex -4.029353729082111 -124.55429324787025 4
    endloop
  endfacet
  facet normal 0 0 1
    outer loop
      vertex -128 -157 4
      vertex -3.806359704981873 -124.36193727982358 4
      vertex -3.5741958269546004 -124.18075481111613 4
    endloop
  endfacet
  facet normal 0 0 1
    outer loop
      vertex -128 -157 4
      vertex -3.333421398117613 -124.01118232618472 4
      vertex -3.0846164651593306 -123.85362833999837 4
    endloop
  endfacet
  facet normal 0 0 1
    outer loop
      vertex -128 -157 4
      vertex -3.5741958269546004 -124.18075481111613 4
      vertex -3.333421398117613 -124.01118232618472 4
    endloop
  endfacet
  facet normal 0 0 1
    outer loop
      vertex -128 157 4
      vertex -3.0846164651593306 -123.85362833999837 4
      vertex -2.8283804209559857 -123.70847241390987 4
    endloop
  endfacet
  facet normal 0 0 1
    outer loop
      vertex -128 157 4
      vertex -2.8283804209559857 -123.70847241390987 4
      vertex -2.5653305605816925 -123.57606424125935 4
    endloop
  endfacet
  facet normal 0 0 1
    outer loop
      vertex -128 157 4
      vertex -2.5653305605816925 -123.57606424125935 4
      vertex -2.2961005941905386 -123.45672280493228 4
    endloop
  endfacet
  facet normal 0 0 1
    outer loop
      vertex -128 157 4
      vertex -2.2961005941905386 -123.45672280493228 4
      vertex -2.0213391203533204 -123.35073560890187 4
    endloop
  endfacet
  facet normal 0 0 1
    outer loop
      vertex -128 157 4
      vertex -2.0213391203533204 -123.35073560890187 4
      vertex -1.741708063526774 -123.25835798560675 4
    endloop
  endfacet
  facet normal 0 0 1
    outer loop
      vertex -128 157 4
      vertex -1.4578810794195833 -123.17981248083274 4
      vertex -1.1705419320967696 -123.11528831758062 4
    endloop
  endfacet
  facet normal 0 0 1
    outer loop
      vertex -128 157 4
      vertex -1.741708063526774 -123.25835798560675 4
      vertex -1.4578810794195833 -123.17981248083274 4
    endloop
  endfacet
  facet normal 0 0 1
    outer loop
      vertex -128 157 4
      vertex -1.1705419320967696 -123.11528831758062 4
      vertex -0.8803828467321705 -123.06494094021132 4
    endloop
  endfacet
  facet normal 0 0 1
    outer loop
      vertex -128 157 4
      vertex -0.8803828467321705 -123.06494094021132 4
      vertex -0.5881028419773636 -123.02889163996682 4
    endloop
  endfacet
  facet normal 0 0 1
    outer loop
      vertex -128 157 4
      vertex -0.2944060459645081 -123.00722726276896 4
      vertex 0 -123 4
    endloop
  endfacet
  facet normal 0 0 1
    outer loop
      vertex -128 157 4
      vertex -0.5881028419773636 -123.02889163996682 4
      vertex -0.2944060459645081 -123.00722726276896 4
    endloop
  endfacet
  facet normal 0 0 1
    outer loop
      vertex -128 157 4
      vertex 0 -123 4
      vertex 0.2944060459645081 -123.00722726276896 4
    endloop
  endfacet
  facet normal 0 0 1
    outer loop
      vertex -128 157 4
      vertex 0.2944060459645081 -123.00722726276896 4
      vertex 0.5881028419773636 -123.02889163996682 4
    endloop
  endfacet
  facet normal 0 0 1
    outer loop
      vertex -128 157 4
      vertex 0.5881028419773636 -123.02889163996682 4
      vertex 0.8803828467321705 -123.06494094021132 4
    endloop
  endfacet
  facet normal 0 0 1
    outer loop
      vertex -128 157 4
      vertex 1.1705419320967696 -123.11528831758062 4
      vertex 1.4578810794195833 -123.17981248083274 4
    endloop
  endfacet
  facet normal 0 0 1
    outer loop
      vertex -128 157 4
      vertex 0.8803828467321705 -123.06494094021132 4
      vertex 1.1705419320967696 -123.11528831758062 4
    endloop
  endfacet
  facet normal 0 0 1
    outer loop
      vertex -128 157 4
      vertex 1.4578810794195833 -123.17981248083274 4
      vertex 1.741708063526774 -123.25835798560675 4
    endloop
  endfacet
  facet normal 0 0 1
    outer loop
      vertex -128 157 4
      vertex 1.741708063526774 -123.25835798560675 4
      vertex 2.0213391203533204 -123.35073560890187 4
    endloop
  endfacet
  facet normal 0 0 1
    outer loop
      vertex -128 157 4
      vertex 2.2961005941905386 -123.45672280493228 4
      vertex 2.5653305605816925 -123.57606424125935 4
    endloop
  endfacet
  facet normal 0 0 1
    outer loop
      vertex -128 157 4
      vertex 2.0213391203533204 -123.35073560890187 4
      vertex 2.2961005941905386 -123.45672280493228 4
    endloop
  endfacet
  facet normal 0 0 1
    outer loop
      vertex -128 157 4
      vertex 2.5653305605816925 -123.57606424125935 4
      vertex 2.8283804209559857 -123.70847241390987 4
    endloop
  endfacet
  facet normal 0 0 1
    outer loop
      vertex -128 157 4
      vertex 3.0846164651593306 -123.85362833999837 4
      vertex 3.333421398117613 -124.01118232618472 4
    endloop
  endfacet
  facet normal 0 0 1
    outer loop
      vertex -128 157 4
      vertex 2.8283804209559857 -123.70847241390987 4
      vertex 3.0846164651593306 -123.85362833999837 4
    endloop
  endfacet
  facet normal 0 0 1
    outer loop
      vertex -128 157 4
      vertex 3.333421398117613 -124.01118232618472 4
      vertex 3.5741958269546004 -124.18075481111613 4
    endloop
  endfacet
  facet normal 0 0 1
    outer loop
      vertex -128 157 4
      vertex 3.806359704981873 -124.36193727982358 4
      vertex 4.029353729082111 -124.55429324787025 4
    endloop
  endfacet
  facet normal 0 0 1
    outer loop
      vertex -128 157 4
      vertex 3.5741958269546004 -124.18075481111613 4
      vertex 3.806359704981873 -124.36193727982358 4
    endloop
  endfacet
  facet normal 0 0 1
    outer loop
      vertex -128 157 4
      vertex 4.242640687119286 -124.75735931288071 4
      vertex 4.445706752129754 -124.97064627091788 4
    endloop
  endfacet
  facet normal 0 0 1
    outer loop
      vertex -128 157 4
      vertex 4.029353729082111 -124.55429324787025 4
      vertex 4.242640687119286 -124.75735931288071 4
    endloop
  endfacet
  facet normal 0 0 1
    outer loop
      vertex -128 157 4
      vertex 4.638062720176422 -125.19364029501813 4
      vertex 4.81924518888387 -125.4258041730454 4
    endloop
  endfacet
  facet normal 0 0 1
    outer loop
      vertex -128 157 4
      vertex 4.445706752129754 -124.97064627091788 4
      vertex 4.638062720176422 -125.19364029501813 4
    endloop
  endfacet
  facet normal 0 0 1
    outer loop
      vertex -128 157 4
      vertex 4.988817673815271 -125.66657860188239 4
      vertex 5.146371660001632 -125.91538353484067 4
    endloop
  endfacet
  facet normal 0 0 1
    outer loop
      vertex -128 157 4
      vertex 4.81924518888387 -125.4258041730454 4
      vertex 4.988817673815271 -125.66657860188239 4
    endloop
  endfacet
  facet normal 0 0 1
    outer loop
      vertex -128 157 4
      vertex 5.2915275860901305 -126.17161957904402 4
      vertex 5.42393575874066 -126.43466943941831 4
    endloop
  endfacet
  facet normal 0 0 1
    outer loop
      vertex -128 157 4
      vertex 5.146371660001632 -125.91538353484067 4
      vertex 5.2915275860901305 -126.17161957904402 4
    endloop
  endfacet
  facet normal 0 0 -1
    outer loop
      vertex -128 -157 -4
      vertex -128 157 -4
      vertex -6 129 -4
    endloop
  endfacet
  facet normal -1 0 0
    outer loop
      vertex -128 -157 -4
      vertex -128 157 4
      vertex -128 157 -4
    endloop
  endfacet
  facet normal 0 0 -1
    outer loop
      vertex -128 -157 -4
      vertex -5.146371660001632 125.91538353484067 -4
      vertex -4.988817673815271 125.66657860188239 -4
    endloop
  endfacet
  facet normal 0 0 -1
    outer loop
      vertex -128 -157 -4
      vertex -5.42393575874066 126.43466943941831 -4
      vertex -5.2915275860901305 126.17161957904402 -4
    endloop
  endfacet
  facet normal 0 0 -1
    outer loop
      vertex -128 -157 -4
      vertex -5.2915275860901305 126.17161957904402 -4
      vertex -5.146371660001632 125.91538353484067 -4
    endloop
  endfacet
  facet normal 0 0 -1
    outer loop
      vertex -128 -157 -4
      vertex -5.884711682419383 127.82945806790323 -4
      vertex -5.820187519167264 127.54211892058042 -4
    endloop
  endfacet
  facet normal 0 0 -1
    outer loop
      vertex -128 -157 -4
      vertex -5.820187519167264 127.54211892058042 -4
      vertex -5.741642014393253 127.25829193647323 -4
    endloop
  endfacet
  facet normal 0 0 -1
    outer loop
      vertex -128 -157 -4
      vertex -5.935059059788686 128.11961715326782 -4
      vertex -5.884711682419383 127.82945806790323 -4
    endloop
  endfacet
  facet normal 0 0 -1
    outer loop
      vertex -128 -157 -4
      vertex -5.54327719506772 126.70389940580947 -4
      vertex -5.42393575874066 126.43466943941831 -4
    endloop
  endfacet
  facet normal 0 0 -1
    outer loop
      vertex -128 -157 -4
      vertex -5.741642014393253 127.25829193647323 -4
      vertex -5.649264391098125 126.97866087964668 -4
    endloop
  endfacet
  facet normal 0 0 -1
    outer loop
      vertex -128 -157 -4
      vertex -5.649264391098125 126.97866087964668 -4
      vertex -5.54327719506772 126.70389940580947 -4
    endloop
  endfacet
  facet normal 0 0 -1
    outer loop
      vertex -128 -157 -4
      vertex -5.992772737231034 128.7055939540355 -4
      vertex -5.971108360033181 128.41189715802264 -4
    endloop
  endfacet
  facet normal 0 0 -1
    outer loop
      vertex -128 -157 -4
      vertex -5.971108360033181 128.41189715802264 -4
      vertex -5.935059059788686 128.11961715326782 -4
    endloop
  endfacet
  facet normal 0 0 -1
    outer loop
      vertex -128 -157 -4
      vertex -6 129 -4
      vertex -5.992772737231034 128.7055939540355 -4
    endloop
  endfacet
  facet normal 0 0 -1
    outer loop
      vertex -128 -157 -4
      vertex -4.029353729082111 124.55429324787025 -4
      vertex -3.806359704981873 124.36193727982358 -4
    endloop
  endfacet
  facet normal 0 0 -1
    outer loop
      vertex -128 -157 -4
      vertex -3.806359704981873 124.36193727982358 -4
      vertex -3.5741958269546004 124.18075481111613 -4
    endloop
  endfacet
  facet normal 0 0 -1
    outer loop
      vertex -128 -157 -4
      vertex -4.81924518888387 125.4258041730454 -4
      vertex -4.638062720176422 125.19364029501813 -4
    endloop
  endfacet
  facet normal 0 0 -1
    outer loop
      vertex -128 -157 -4
      vertex -4.445706752129754 124.97064627091788 -4
      vertex -4.242640687119286 124.75735931288071 -4
    endloop
  endfacet
  facet normal 0 0 -1
    outer loop
      vertex -128 -157 -4
      vertex -4.638062720176422 125.19364029501813 -4
      vertex -4.445706752129754 124.97064627091788 -4
    endloop
  endfacet
  facet normal 0 0 -1
    outer loop
      vertex -128 -157 -4
      vertex -4.988817673815271 125.66657860188239 -4
      vertex -4.81924518888387 125.4258041730454 -4
    endloop
  endfacet
  facet normal 0 0 -1
    outer loop
      vertex -128 -157 -4
      vertex -4.242640687119286 124.75735931288071 -4
      vertex -4.029353729082111 124.55429324787025 -4
    endloop
  endfacet
  facet normal 0 0 -1
    outer loop
      vertex -128 -157 -4
      vertex -3.333421398117613 124.01118232618472 -4
      vertex -3.0846164651593306 123.85362833999837 -4
    endloop
  endfacet
  facet normal 0 0 -1
    outer loop
      vertex -128 -157 -4
      vertex -3.5741958269546004 124.18075481111613 -4
      vertex -3.333421398117613 124.01118232618472 -4
    endloop
  endfacet
  facet normal 0 0 -1
    outer loop
      vertex -128 -157 -4
      vertex -3.0846164651593306 123.85362833999837 -4
      vertex -2.8283804209559857 123.70847241390987 -4
    endloop
  endfacet
  facet normal 0 0 -1
    outer loop
      vertex -128 -157 -4
      vertex -2.5653305605816925 123.57606424125935 -4
      vertex -2.2961005941905386 123.45672280493228 -4
    endloop
  endfacet
  facet normal 0 0 -1
    outer loop
      vertex -128 -157 -4
      vertex -2.2961005941905386 123.45672280493228 -4
      vertex -2.0213391203533204 123.35073560890187 -4
    endloop
  endfacet
  facet normal 0 0 -1
    outer loop
      vertex -128 -157 -4
      vertex -2.8283804209559857 123.70847241390987 -4
      vertex -2.5653305605816925 123.57606424125935 -4
    endloop
  endfacet
  facet normal 0 0 -1
    outer loop
      vertex -128 -157 -4
      vertex -2.0213391203533204 123.35073560890187 -4
      vertex -1.741708063526774 123.25835798560675 -4
    endloop
  endfacet
  facet normal 0 0 -1
    outer loop
      vertex -128 -157 -4
      vertex -1.741708063526774 123.25835798560675 -4
      vertex -1.4578810794195833 123.17981248083274 -4
    endloop
  endfacet
  facet normal 0 0 -1
    outer loop
      vertex -128 -157 -4
      vertex -1.4578810794195833 123.17981248083274 -4
      vertex -1.1705419320967696 123.11528831758062 -4
    endloop
  endfacet
  facet normal 0 0 -1
    outer loop
      vertex -128 -157 -4
      vertex -1.1705419320967696 123.11528831758062 -4
      vertex -0.8803828467321705 123.06494094021132 -4
    endloop
  endfacet
  facet normal 0 0 -1
    outer loop
      vertex -128 -157 -4
      vertex -0.8803828467321705 123.06494094021132 -4
      vertex -0.5881028419773636 123.02889163996682 -4
    endloop
  endfacet
  facet normal 0 0 -1
    outer loop
      vertex -128 -157 -4
      vertex -0.5881028419773636 123.02889163996682 -4
      vertex -0.2944060459645081 123.00722726276896 -4
    endloop
  endfacet
  facet normal 0 0 -1
    outer loop
      vertex -128 -157 -4
      vertex -0.2944060459645081 123.00722726276896 -4
      vertex 0 123 -4
    endloop
  endfacet
  facet normal 0 0 -1
    outer loop
      vertex -128 -157 -4
      vertex 0 123 -4
      vertex 0.2944060459645081 123.00722726276896 -4
    endloop
  endfacet
  facet normal 0 0 -1
    outer loop
      vertex -128 -157 -4
      vertex 0.2944060459645081 123.00722726276896 -4
      vertex 0.5881028419773636 123.02889163996682 -4
    endloop
  endfacet
  facet normal 0 0 -1
    outer loop
      vertex -128 -157 -4
      vertex 0.5881028419773636 123.02889163996682 -4
      vertex 0.8803828467321705 123.06494094021132 -4
    endloop
  endfacet
  facet normal 0 0 -1
    outer loop
      vertex -128 -157 -4
      vertex 0.8803828467321705 123.06494094021132 -4
      vertex 1.1705419320967696 123.11528831758062 -4
    endloop
  endfacet
  facet normal 0 0 -1
    outer loop
      vertex -128 -157 -4
      vertex 1.1705419320967696 123.11528831758062 -4
      vertex 1.4578810794195833 123.17981248083274 -4
    endloop
  endfacet
  facet normal 0 0 -1
    outer loop
      vertex -128 157 -4
      vertex -5.992772737231034 129.2944060459645 -4
      vertex -6 129 -4
    endloop
  endfacet
  facet normal 0 0 -1
    outer loop
      vertex -128 157 -4
      vertex -5.971108360033181 129.58810284197736 -4
      vertex -5.992772737231034 129.2944060459645 -4
    endloop
  endfacet
  facet normal 0 0 -1
    outer loop
      vertex -128 157 -4
      vertex -5.935059059788686 129.88038284673218 -4
      vertex -5.971108360033181 129.58810284197736 -4
    endloop
  endfacet
  facet normal 0 0 -1
    outer loop
      vertex -128 157 -4
      vertex -5.884711682419383 130.17054193209677 -4
      vertex -5.935059059788686 129.88038284673218 -4
    endloop
  endfacet
  facet normal 0 0 -1
    outer loop
      vertex -128 157 -4
      vertex -5.820187519167264 130.4578810794196 -4
      vertex -5.884711682419383 130.17054193209677 -4
    endloop
  endfacet
  facet normal 0 0 -1
    outer loop
      vertex -128 157 -4
      vertex -5.741642014393253 130.74170806352677 -4
      vertex -5.820187519167264 130.4578810794196 -4
    endloop
  endfacet
  facet normal 0 0 -1
    outer loop
      vertex -128 157 -4
      vertex -5.649264391098125 131.02133912035333 -4
      vertex -5.741642014393253 130.74170806352677 -4
    endloop
  endfacet
  facet normal 0 0 -1
    outer loop
      vertex -128 157 -4
      vertex -5.54327719506772 131.29610059419053 -4
      vertex -5.649264391098125 131.02133912035333 -4
    endloop
  endfacet
  facet normal 0 0 -1
    outer loop
      vertex -128 157 -4
      vertex -5.42393575874066 131.56533056058169 -4
      vertex -5.54327719506772 131.29610059419053 -4
    endloop
  endfacet
  facet normal 0 0 -1
    outer loop
      vertex -128 157 -4
      vertex -5.2915275860901305 131.828380420956 -4
      vertex -5.42393575874066 131.56533056058169 -4
    endloop
  endfacet
  facet normal 0 0 -1
    outer loop
      vertex -128 157 -4
      vertex -5.146371660001632 132.08461646515934 -4
      vertex -5.2915275860901305 131.828380420956 -4
    endloop
  endfacet
  facet normal 0 0 -1
    outer loop
      vertex -128 157 -4
      vertex -4.988817673815271 132.33342139811762 -4
      vertex -5.146371660001632 132.08461646515934 -4
    endloop
  endfacet
  facet normal 0 0 -1
    outer loop
      vertex -128 157 -4
      vertex -4.81924518888387 132.5741958269546 -4
      vertex -4.988817673815271 132.33342139811762 -4
    endloop
  endfacet
  facet normal 0 0 -1
    outer loop
      vertex -128 157 -4
      vertex -4.638062720176422 132.80635970498187 -4
      vertex -4.81924518888387 132.5741958269546 -4
    endloop
  endfacet
  facet normal 0 0 -1
    outer loop
      vertex -128 157 -4
      vertex -4.445706752129754 133.02935372908212 -4
      vertex -4.638062720176422 132.80635970498187 -4
    endloop
  endfacet
  facet normal 0 0 -1
    outer loop
      vertex -128 157 -4
      vertex -4.242640687119286 133.2426406871193 -4
      vertex -4.445706752129754 133.02935372908212 -4
    endloop
  endfacet
  facet normal 0 0 -1
    outer loop
      vertex -128 157 -4
      vertex -4.029353729082111 133.44570675212975 -4
      vertex -4.242640687119286 133.2426406871193 -4
    endloop
  endfacet
  facet normal 0 0 -1
    outer loop
      vertex -128 157 -4
      vertex -3.806359704981873 133.63806272017644 -4
      vertex -4.029353729082111 133.44570675212975 -4
    endloop
  endfacet
  facet normal 0 0 -1
    outer loop
      vertex -128 157 -4
      vertex -3.5741958269546004 133.81924518888388 -4
      vertex -3.806359704981873 133.63806272017644 -4
    endloop
  endfacet
  facet normal 0 0 -1
    outer loop
      vertex -128 157 -4
      vertex -3.333421398117613 133.98881767381528 -4
      vertex -3.5741958269546004 133.81924518888388 -4
    endloop
  endfacet
  facet normal 0 0 -1
    outer loop
      vertex -128 157 -4
      vertex -3.0846164651593306 134.14637166000162 -4
      vertex -3.333421398117613 133.98881767381528 -4
    endloop
  endfacet
  facet normal 0 0 -1
    outer loop
      vertex -128 157 -4
      vertex -2.8283804209559857 134.29152758609013 -4
      vertex -3.0846164651593306 134.14637166000162 -4
    endloop
  endfacet
  facet normal 0 0 -1
    outer loop
      vertex -128 157 -4
      vertex -2.5653305605816925 134.42393575874067 -4
      vertex -2.8283804209559857 134.29152758609013 -4
    endloop
  endfacet
  facet normal 0 0 -1
    outer loop
      vertex -128 157 -4
      vertex -2.2961005941905386 134.54327719506773 -4
      vertex -2.5653305605816925 134.42393575874067 -4
    endloop
  endfacet
  facet normal 0 0 -1
    outer loop
      vertex -128 157 -4
      vertex -2.0213391203533204 134.64926439109811 -4
      vertex -2.2961005941905386 134.54327719506773 -4
    endloop
  endfacet
  facet normal 0 0 -1
    outer loop
      vertex -128 157 -4
      vertex -1.741708063526774 134.74164201439325 -4
      vertex -2.0213391203533204 134.64926439109811 -4
    endloop
  endfacet
  facet normal 0 0 -1
    outer loop
      vertex -128 157 -4
      vertex -1.4578810794195833 134.82018751916726 -4
      vertex -1.741708063526774 134.74164201439325 -4
    endloop
  endfacet
  facet normal 0 0 -1
    outer loop
      vertex -128 157 -4
      vertex -1.1705419320967696 134.88471168241938 -4
      vertex -1.4578810794195833 134.82018751916726 -4
    endloop
  endfacet
  facet normal 0 0 -1
    outer loop
      vertex -128 157 -4
      vertex -0.8803828467321705 134.9350590597887 -4
      vertex -1.1705419320967696 134.88471168241938 -4
    endloop
  endfacet
  facet normal 0 0 -1
    outer loop
      vertex -128 157 -4
      vertex -0.5881028419773636 134.97110836003318 -4
      vertex -0.8803828467321705 134.9350590597887 -4
    endloop
  endfacet
  facet normal 0 0 -1
    outer loop
      vertex -128 157 -4
      vertex 0 135 -4
      vertex -0.2944060459645081 134.99277273723104 -4
    endloop
  endfacet
  facet normal 0 0 -1
    outer loop
      vertex -128 157 -4
      vertex -0.2944060459645081 134.99277273723104 -4
      vertex -0.5881028419773636 134.97110836003318 -4
    endloop
  endfacet
  facet normal 0 0 -1
    outer loop
      vertex -128 157 -4
      vertex 0.2944060459645081 134.99277273723104 -4
      vertex 0 135 -4
    endloop
  endfacet
  facet normal 0 0 -1
    outer loop
      vertex -128 157 -4
      vertex 0.5881028419773636 134.97110836003318 -4
      vertex 0.2944060459645081 134.99277273723104 -4
    endloop
  endfacet
  facet normal 0 0 -1
    outer loop
      vertex -128 157 -4
      vertex 0.8803828467321705 134.9350590597887 -4
      vertex 0.5881028419773636 134.97110836003318 -4
    endloop
  endfacet
  facet normal 0 1 0
    outer loop
      vertex -128 157 -4
      vertex -128 157 4
      vertex 128 157 -4
    endloop
  endfacet
  facet normal 0 0 1
    outer loop
      vertex -128 157 4
      vertex 128 -157 4
      vertex -1.4578810794195833 123.17981248083274 4
    endloop
  endfacet
  facet normal 0 0 1
    outer loop
      vertex -128 157 4
      vertex -5.741642014393253 127.25829193647323 4
      vertex -5.820187519167264 127.54211892058042 4
    endloop
  endfacet
  facet normal 0 0 1
    outer loop
      vertex -128 157 4
      vertex -5.42393575874066 126.43466943941831 4
      vertex -5.54327719506772 126.70389940580947 4
    endloop
  endfacet
  facet normal 0 0 1
    outer loop
      vertex -128 157 4
      vertex -4.988817673815271 125.66657860188239 4
      vertex -5.146371660001632 125.91538353484067 4
    endloop
  endfacet
  facet normal 0 0 1
    outer loop
      vertex -128 157 4
      vertex -5.146371660001632 125.91538353484067 4
      vertex -5.2915275860901305 126.17161957904402 4
    endloop
  endfacet
  facet normal 0 0 1
    outer loop
      vertex -128 157 4
      vertex -5.2915275860901305 126.17161957904402 4
      vertex -5.42393575874066 126.43466943941831 4
    endloop
  endfacet
  facet normal 0 0 1
    outer loop
      vertex -128 157 4
      vertex -5.54327719506772 126.70389940580947 4
      vertex -5.649264391098125 126.97866087964668 4
    endloop
  endfacet
  facet normal 0 0 1
    outer loop
      vertex -128 157 4
      vertex -5.649264391098125 126.97866087964668 4
      vertex -5.741642014393253 127.25829193647323 4
    endloop
  endfacet
  facet normal 0 0 1
    outer loop
      vertex -128 157 4
      vertex -2.8283804209559857 123.70847241390987 4
      vertex -3.0846164651593306 123.85362833999837 4
    endloop
  endfacet
  facet normal 0 0 1
    outer loop
      vertex -128 157 4
      vertex -2.2961005941905386 123.45672280493228 4
      vertex -2.5653305605816925 123.57606424125935 4
    endloop
  endfacet
  facet normal 0 0 1
    outer loop
      vertex -128 157 4
      vertex -2.5653305605816925 123.57606424125935 4
      vertex -2.8283804209559857 123.70847241390987 4
    endloop
  endfacet
  facet normal 0 0 1
    outer loop
      vertex -128 157 4
      vertex -2.0213391203533204 123.35073560890187 4
      vertex -2.2961005941905386 123.45672280493228 4
    endloop
  endfacet
  facet normal 0 0 1
    outer loop
      vertex -128 157 4
      vertex -4.638062720176422 125.19364029501813 4
      vertex -4.81924518888387 125.4258041730454 4
    endloop
  endfacet
  facet normal 0 0 1
    outer loop
      vertex -128 157 4
      vertex -4.81924518888387 125.4258041730454 4
      vertex -4.988817673815271 125.66657860188239 4
    endloop
  endfacet
  facet normal 0 0 1
    outer loop
      vertex -128 157 4
      vertex -4.242640687119286 124.75735931288071 4
      vertex -4.445706752129754 124.97064627091788 4
    endloop
  endfacet
  facet normal 0 0 1
    outer loop
      vertex -128 157 4
      vertex -4.445706752129754 124.97064627091788 4
      vertex -4.638062720176422 125.19364029501813 4
    endloop
  endfacet
  facet normal 0 0 1
    outer loop
      vertex -128 157 4
      vertex -3.806359704981873 124.36193727982358 4
      vertex -4.029353729082111 124.55429324787025 4
    endloop
  endfacet
  facet normal 0 0 1
    outer loop
      vertex -128 157 4
      vertex -4.029353729082111 124.55429324787025 4
      vertex -4.242640687119286 124.75735931288071 4
    endloop
  endfacet
  facet normal 0 0 1
    outer loop
      vertex -128 157 4
      vertex -3.5741958269546004 124.18075481111613 4
      vertex -3.806359704981873 124.36193727982358 4
    endloop
  endfacet
  facet normal 0 0 1
    outer loop
      vertex -128 157 4
      vertex -3.0846164651593306 123.85362833999837 4
      vertex -3.333421398117613 124.01118232618472 4
    endloop
  endfacet
  facet normal 0 0 1
    outer loop
      vertex -128 157 4
      vertex -3.333421398117613 124.01118232618472 4
      vertex -3.5741958269546004 124.18075481111613 4
    endloop
  endfacet
  facet normal 0 0 1
    outer loop
      vertex -128 157 4
      vertex -1.741708063526774 123.25835798560675 4
      vertex -2.0213391203533204 123.35073560890187 4
    endloop
  endfacet
  facet normal 0 0 1
    outer loop
      vertex -128 157 4
      vertex -1.4578810794195833 123.17981248083274 4
      vertex -1.741708063526774 123.25835798560675 4
    endloop
  endfacet
  facet normal 0 0 1
    outer loop
      vertex -128 157 4
      vertex -5.820187519167264 127.54211892058042 4
      vertex -5.884711682419383 127.82945806790323 4
    endloop
  endfacet
  facet normal 0 0 1
    outer loop
      vertex -128 157 4
      vertex -5.884711682419383 127.82945806790323 4
      vertex -5.935059059788686 128.11961715326782 4
    endloop
  endfacet
  facet normal 0 0 1
    outer loop
      vertex -128 157 4
      vertex -5.935059059788686 128.11961715326782 4
      vertex -5.971108360033181 128.41189715802264 4
    endloop
  endfacet
  facet normal 0 0 1
    outer loop
      vertex -128 157 4
      vertex -5.971108360033181 128.41189715802264 4
      vertex -5.992772737231034 128.7055939540355 4
    endloop
  endfacet
  facet normal 0 0 1
    outer loop
      vertex -128 157 4
      vertex -5.992772737231034 128.7055939540355 4
      vertex -6 129 4
    endloop
  endfacet
  facet normal 0 0 1
    outer loop
      vertex -128 157 4
      vertex -6 129 4
      vertex -5.992772737231034 129.2944060459645 4
    endloop
  endfacet
  facet normal 0 0 1
    outer loop
      vertex -128 157 4
      vertex -5.992772737231034 129.2944060459645 4
      vertex -5.971108360033181 129.58810284197736 4
    endloop
  endfacet
  facet normal 0 0 1
    outer loop
      vertex -128 157 4
      vertex -5.971108360033181 129.58810284197736 4
      vertex -5.935059059788686 129.88038284673218 4
    endloop
  endfacet
  facet normal 0 0 1
    outer loop
      vertex -128 157 4
      vertex -5.935059059788686 129.88038284673218 4
      vertex -5.884711682419383 130.17054193209677 4
    endloop
  endfacet
  facet normal 0 0 1
    outer loop
      vertex -128 157 4
      vertex -5.884711682419383 130.17054193209677 4
      vertex -5.820187519167264 130.4578810794196 4
    endloop
  endfacet
  facet normal 0 0 1
    outer loop
      vertex -128 157 4
      vertex -5.820187519167264 130.4578810794196 4
      vertex -5.741642014393253 130.74170806352677 4
    endloop
  endfacet
  facet normal 0 0 1
    outer loop
      vertex -128 157 4
      vertex -5.741642014393253 130.74170806352677 4
      vertex -5.649264391098125 131.02133912035333 4
    endloop
  endfacet
  facet normal 0 0 1
    outer loop
      vertex -128 157 4
      vertex -5.649264391098125 131.02133912035333 4
      vertex -5.54327719506772 131.29610059419053 4
    endloop
  endfacet
  facet normal 0 0 1
    outer loop
      vertex -128 157 4
      vertex -5.54327719506772 131.29610059419053 4
      vertex -5.42393575874066 131.56533056058169 4
    endloop
  endfacet
  facet normal 0 0 1
    outer loop
      vertex -128 157 4
      vertex -5.42393575874066 131.56533056058169 4
      vertex -5.2915275860901305 131.828380420956 4
    endloop
  endfacet
  facet normal 0 0 1
    outer loop
      vertex -128 157 4
      vertex -5.2915275860901305 131.828380420956 4
      vertex -5.146371660001632 132.08461646515934 4
    endloop
  endfacet
  facet normal 0 0 1
    outer loop
      vertex -128 157 4
      vertex -5.146371660001632 132.08461646515934 4
      vertex -4.988817673815271 132.33342139811762 4
    endloop
  endfacet
  facet normal 0 0 1
    outer loop
      vertex -128 157 4
      vertex -4.988817673815271 132.33342139811762 4
      vertex -4.81924518888387 132.5741958269546 4
    endloop
  endfacet
  facet normal 0 0 1
    outer loop
      vertex -128 157 4
      vertex -4.81924518888387 132.5741958269546 4
      vertex -4.638062720176422 132.80635970498187 4
    endloop
  endfacet
  facet normal 0 0 1
    outer loop
      vertex -128 157 4
      vertex -4.638062720176422 132.80635970498187 4
      vertex -4.445706752129754 133.02935372908212 4
    endloop
  endfacet
  facet normal 0 0 1
    outer loop
      vertex -128 157 4
      vertex -4.445706752129754 133.02935372908212 4
      vertex -4.242640687119286 133.2426406871193 4
    endloop
  endfacet
  facet normal 0 0 1
    outer loop
      vertex -128 157 4
      vertex -4.242640687119286 133.2426406871193 4
      vertex -4.029353729082111 133.44570675212975 4
    endloop
  endfacet
  facet normal 0 0 1
    outer loop
      vertex -128 157 4
      vertex -4.029353729082111 133.44570675212975 4
      vertex -3.806359704981873 133.63806272017644 4
    endloop
  endfacet
  facet normal 0 0 1
    outer loop
      vertex -128 157 4
      vertex -3.806359704981873 133.63806272017644 4
      vertex -3.5741958269546004 133.81924518888388 4
    endloop
  endfacet
  facet normal 0 0 1
    outer loop
      vertex -128 157 4
      vertex -3.5741958269546004 133.81924518888388 4
      vertex -3.333421398117613 133.98881767381528 4
    endloop
  endfacet
  facet normal 0 0 1
    outer loop
      vertex -128 157 4
      vertex -3.333421398117613 133.98881767381528 4
      vertex -3.0846164651593306 134.14637166000162 4
    endloop
  endfacet
  facet normal 0 0 1
    outer loop
      vertex -128 157 4
      vertex -3.0846164651593306 134.14637166000162 4
      vertex -2.8283804209559857 134.29152758609013 4
    endloop
  endfacet
  facet normal 0 0 1
    outer loop
      vertex -128 157 4
      vertex -2.8283804209559857 134.29152758609013 4
      vertex -2.5653305605816925 134.42393575874067 4
    endloop
  endfacet
  facet normal 0 0 1
    outer loop
      vertex -128 157 4
      vertex -2.5653305605816925 134.42393575874067 4
      vertex -2.2961005941905386 134.54327719506773 4
    endloop
  endfacet
  facet normal 0 0 1
    outer loop
      vertex -128 157 4
      vertex -2.2961005941905386 134.54327719506773 4
      vertex -2.0213391203533204 134.64926439109811 4
    endloop
  endfacet
  facet normal 0 0 1
    outer loop
      vertex -128 157 4
      vertex -2.0213391203533204 134.64926439109811 4
      vertex -1.741708063526774 134.74164201439325 4
    endloop
  endfacet
  facet normal 0 0 1
    outer loop
      vertex -128 157 4
      vertex -1.741708063526774 134.74164201439325 4
      vertex -1.4578810794195833 134.82018751916726 4
    endloop
  endfacet
  facet normal 0 0 1
    outer loop
      vertex -128 157 4
      vertex -1.4578810794195833 134.82018751916726 4
      vertex -1.1705419320967696 134.88471168241938 4
    endloop
  endfacet
  facet normal 0 0 1
    outer loop
      vertex -128 157 4
      vertex -1.1705419320967696 134.88471168241938 4
      vertex -0.8803828467321705 134.9350590597887 4
    endloop
  endfacet
  facet normal 0 0 1
    outer loop
      vertex -128 157 4
      vertex -0.8803828467321705 134.9350590597887 4
      vertex 128 157 4
    endloop
  endfacet
  facet normal 0 0 -1
    outer loop
      vertex 128 -157 -4
      vertex -0.8803828467321705 -134.9350590597887 -4
      vertex -0.5881028419773636 -134.97110836003318 -4
    endloop
  endfacet
  facet normal 0 0 -1
    outer loop
      vertex 128 -157 -4
      vertex -0.5881028419773636 -134.97110836003318 -4
      vertex -0.2944060459645081 -134.99277273723104 -4
    endloop
  endfacet
  facet normal 0 0 -1
    outer loop
      vertex 128 -157 -4
      vertex -0.2944060459645081 -134.99277273723104 -4
      vertex 0 -135 -4
    endloop
  endfacet
  facet normal 0 0 -1
    outer loop
      vertex 128 -157 -4
      vertex 0 -135 -4
      vertex 0.2944060459645081 -134.99277273723104 -4
    endloop
  endfacet
  facet normal 0 0 -1
    outer loop
      vertex 128 -157 -4
      vertex 0.2944060459645081 -134.99277273723104 -4
      vertex 0.5881028419773636 -134.97110836003318 -4
    endloop
  endfacet
  facet normal 0 0 -1
    outer loop
      vertex 128 -157 -4
      vertex 0.5881028419773636 -134.97110836003318 -4
      vertex 0.8803828467321705 -134.9350590597887 -4
    endloop
  endfacet
  facet normal 0 0 -1
    outer loop
      vertex 128 -157 -4
      vertex 0.8803828467321705 -134.9350590597887 -4
      vertex 1.1705419320967696 -134.88471168241938 -4
    endloop
  endfacet
  facet normal 0 0 -1
    outer loop
      vertex 128 -157 -4
      vertex 1.4578810794195833 -134.82018751916726 -4
      vertex 1.741708063526774 -134.74164201439325 -4
    endloop
  endfacet
  facet normal 0 0 -1
    outer loop
      vertex 128 -157 -4
      vertex 1.1705419320967696 -134.88471168241938 -4
      vertex 1.4578810794195833 -134.82018751916726 -4
    endloop
  endfacet
  facet normal 0 0 -1
    outer loop
      vertex 128 -157 -4
      vertex 1.741708063526774 -134.74164201439325 -4
      vertex 2.0213391203533204 -134.64926439109811 -4
    endloop
  endfacet
  facet normal 0 0 -1
    outer loop
      vertex 128 -157 -4
      vertex 2.0213391203533204 -134.64926439109811 -4
      vertex 2.2961005941905386 -134.54327719506773 -4
    endloop
  endfacet
  facet normal 0 0 -1
    outer loop
      vertex 128 -157 -4
      vertex 2.2961005941905386 -134.54327719506773 -4
      vertex 2.5653305605816925 -134.42393575874067 -4
    endloop
  endfacet
  facet normal 0 0 -1
    outer loop
      vertex 128 -157 -4
      vertex 2.5653305605816925 -134.42393575874067 -4
      vertex 2.8283804209559857 -134.29152758609013 -4
    endloop
  endfacet
  facet normal 0 0 -1
    outer loop
      vertex 128 -157 -4
      vertex 2.8283804209559857 -134.29152758609013 -4
      vertex 3.0846164651593306 -134.14637166000162 -4
    endloop
  endfacet
  facet normal 0 0 -1
    outer loop
      vertex 128 -157 -4
      vertex 3.0846164651593306 -134.14637166000162 -4
      vertex 3.333421398117613 -133.98881767381528 -4
    endloop
  endfacet
  facet normal 0 0 -1
    outer loop
      vertex 128 -157 -4
      vertex 3.333421398117613 -133.98881767381528 -4
      vertex 3.5741958269546004 -133.81924518888388 -4
    endloop
  endfacet
  facet normal 0 0 -1
    outer loop
      vertex 128 -157 -4
      vertex 3.5741958269546004 -133.81924518888388 -4
      vertex 3.806359704981873 -133.63806272017644 -4
    endloop
  endfacet
  facet normal 0 0 -1
    outer loop
      vertex 128 -157 -4
      vertex 4.029353729082111 -133.44570675212975 -4
      vertex 4.242640687119286 -133.2426406871193 -4
    endloop
  endfacet
  facet normal 0 0 -1
    outer loop
      vertex 128 -157 -4
      vertex 3.806359704981873 -133.63806272017644 -4
      vertex 4.029353729082111 -133.44570675212975 -4
    endloop
  endfacet
  facet normal 0 0 -1
    outer loop
      vertex 128 -157 -4
      vertex 4.242640687119286 -133.2426406871193 -4
      vertex 4.445706752129754 -133.02935372908212 -4
    endloop
  endfacet
  facet normal 0 0 -1
    outer loop
      vertex 128 -157 -4
      vertex 4.445706752129754 -133.02935372908212 -4
      vertex 4.638062720176422 -132.80635970498187 -4
    endloop
  endfacet
  facet normal 0 0 -1
    outer loop
      vertex 128 -157 -4
      vertex 4.638062720176422 -132.80635970498187 -4
      vertex 4.81924518888387 -132.5741958269546 -4
    endloop
  endfacet
  facet normal 0 0 -1
    outer loop
      vertex 128 -157 -4
      vertex 4.81924518888387 -132.5741958269546 -4
      vertex 4.988817673815271 -132.33342139811762 -4
    endloop
  endfacet
  facet normal 0 0 -1
    outer loop
      vertex 128 -157 -4
      vertex 4.988817673815271 -132.33342139811762 -4
      vertex 5.146371660001632 -132.08461646515934 -4
    endloop
  endfacet
  facet normal 0 0 -1
    outer loop
      vertex 128 -157 -4
      vertex 5.146371660001632 -132.08461646515934 -4
      vertex 5.2915275860901305 -131.828380420956 -4
    endloop
  endfacet
  facet normal 0 0 -1
    outer loop
      vertex 128 -157 -4
      vertex 5.2915275860901305 -131.828380420956 -4
      vertex 5.42393575874066 -131.56533056058169 -4
    endloop
  endfacet
  facet normal 0 0 -1
    outer loop
      vertex 128 -157 -4
      vertex 5.42393575874066 -131.56533056058169 -4
      vertex 5.54327719506772 -131.29610059419053 -4
    endloop
  endfacet
  facet normal 0 0 -1
    outer loop
      vertex 128 -157 -4
      vertex 5.649264391098125 -131.02133912035333 -4
      vertex 5.741642014393253 -130.74170806352677 -4
    endloop
  endfacet
  facet normal 0 0 -1
    outer loop
      vertex 128 -157 -4
      vertex 5.54327719506772 -131.29610059419053 -4
      vertex 5.649264391098125 -131.02133912035333 -4
    endloop
  endfacet
  facet normal 0 0 -1
    outer loop
      vertex 128 -157 -4
      vertex 5.741642014393253 -130.74170806352677 -4
      vertex 5.820187519167264 -130.4578810794196 -4
    endloop
  endfacet
  facet normal 0 0 -1
    outer loop
      vertex 128 -157 -4
      vertex 5.884711682419383 -130.17054193209677 -4
      vertex 5.935059059788686 -129.88038284673218 -4
    endloop
  endfacet
  facet normal 0 0 -1
    outer loop
      vertex 128 -157 -4
      vertex 5.820187519167264 -130.4578810794196 -4
      vertex 5.884711682419383 -130.17054193209677 -4
    endloop
  endfacet
  facet normal 0 0 -1
    outer loop
      vertex 128 -157 -4
      vertex 5.971108360033181 -129.58810284197736 -4
      vertex 5.992772737231034 -129.2944060459645 -4
    endloop
  endfacet
  facet normal 0 0 -1
    outer loop
      vertex 128 -157 -4
      vertex 5.935059059788686 -129.88038284673218 -4
      vertex 5.971108360033181 -129.58810284197736 -4
    endloop
  endfacet
  facet normal 0 0 -1
    outer loop
      vertex 128 -157 -4
      vertex 5.992772737231034 -129.2944060459645 -4
      vertex 6 -129 -4
    endloop
  endfacet
  facet normal 0 0 -1
    outer loop
      vertex 128 -157 -4
      vertex 5.992772737231034 -128.7055939540355 -4
      vertex 5.971108360033181 -128.41189715802264 -4
    endloop
  endfacet
  facet normal 0 0 -1
    outer loop
      vertex 128 -157 -4
      vertex 6 -129 -4
      vertex 5.992772737231034 -128.7055939540355 -4
    endloop
  endfacet
  facet normal 0 0 -1
    outer loop
      vertex 128 -157 -4
      vertex 5.971108360033181 -128.41189715802264 -4
      vertex 5.935059059788686 -128.11961715326782 -4
    endloop
  endfacet
  facet normal 0 0 -1
    outer loop
      vertex 128 -157 -4
      vertex 5.884711682419383 -127.82945806790323 -4
      vertex 5.820187519167264 -127.54211892058042 -4
    endloop
  endfacet
  facet normal 0 0 -1
    outer loop
      vertex 128 -157 -4
      vertex 5.935059059788686 -128.11961715326782 -4
      vertex 5.884711682419383 -127.82945806790323 -4
    endloop
  endfacet
  facet normal 0 0 -1
    outer loop
      vertex 128 -157 -4
      vertex 3.333421398117613 -124.01118232618472 -4
      vertex 3.0846164651593306 -123.85362833999837 -4
    endloop
  endfacet
  facet normal 0 0 -1
    outer loop
      vertex 128 -157 -4
      vertex 3.5741958269546004 -124.18075481111613 -4
      vertex 3.333421398117613 -124.01118232618472 -4
    endloop
  endfacet
  facet normal 0 0 -1
    outer loop
      vertex 128 -157 -4
      vertex 3.806359704981873 -124.36193727982358 -4
      vertex 3.5741958269546004 -124.18075481111613 -4
    endloop
  endfacet
  facet normal 0 0 -1
    outer loop
      vertex 128 -157 -4
      vertex 4.029353729082111 -124.55429324787025 -4
      vertex 3.806359704981873 -124.36193727982358 -4
    endloop
  endfacet
  facet normal 0 0 -1
    outer loop
      vertex 128 -157 -4
      vertex 4.242640687119286 -124.75735931288071 -4
      vertex 4.029353729082111 -124.55429324787025 -4
    endloop
  endfacet
  facet normal 0 0 -1
    outer loop
      vertex 128 -157 -4
      vertex 4.445706752129754 -124.97064627091788 -4
      vertex 4.242640687119286 -124.75735931288071 -4
    endloop
  endfacet
  facet normal 0 0 -1
    outer loop
      vertex 128 -157 -4
      vertex 4.638062720176422 -125.19364029501813 -4
      vertex 4.445706752129754 -124.97064627091788 -4
    endloop
  endfacet
  facet normal 0 0 -1
    outer loop
      vertex 128 -157 -4
      vertex 4.81924518888387 -125.4258041730454 -4
      vertex 4.638062720176422 -125.19364029501813 -4
    endloop
  endfacet
  facet normal 0 0 -1
    outer loop
      vertex 128 -157 -4
      vertex 4.988817673815271 -125.66657860188239 -4
      vertex 4.81924518888387 -125.4258041730454 -4
    endloop
  endfacet
  facet normal 0 0 -1
    outer loop
      vertex 128 -157 -4
      vertex 5.741642014393253 -127.25829193647323 -4
      vertex 5.649264391098125 -126.97866087964668 -4
    endloop
  endfacet
  facet normal 0 0 -1
    outer loop
      vertex 128 -157 -4
      vertex 5.649264391098125 -126.97866087964668 -4
      vertex 5.54327719506772 -126.70389940580947 -4
    endloop
  endfacet
  facet normal 0 0 -1
    outer loop
      vertex 128 -157 -4
      vertex 5.42393575874066 -126.43466943941831 -4
      vertex 5.2915275860901305 -126.17161957904402 -4
    endloop
  endfacet
  facet normal 0 0 -1
    outer loop
      vertex 128 -157 -4
      vertex 5.146371660001632 -125.91538353484067 -4
      vertex 4.988817673815271 -125.66657860188239 -4
    endloop
  endfacet
  facet normal 0 0 -1
    outer loop
      vertex 128 -157 -4
      vertex 5.2915275860901305 -126.17161957904402 -4
      vertex 5.146371660001632 -125.91538353484067 -4
    endloop
  endfacet
  facet normal 0 0 -1
    outer loop
      vertex 128 -157 -4
      vertex 5.54327719506772 -126.70389940580947 -4
      vertex 5.42393575874066 -126.43466943941831 -4
    endloop
  endfacet
  facet normal 0 0 -1
    outer loop
      vertex 128 -157 -4
      vertex 5.820187519167264 -127.54211892058042 -4
      vertex 5.741642014393253 -127.25829193647323 -4
    endloop
  endfacet
  facet normal 0 -1 0
    outer loop
      vertex -128 -157 -4
      vertex 128 -157 -4
      vertex 128 -157 4
    endloop
  endfacet
  facet normal 0 0 -1
    outer loop
      vertex 128 157 -4
      vertex -5.2915275860901305 -126.17161957904402 -4
      vertex -5.42393575874066 -126.43466943941831 -4
    endloop
  endfacet
  facet normal 0 0 -1
    outer loop
      vertex 128 157 -4
      vertex -5.146371660001632 -125.91538353484067 -4
      vertex -5.2915275860901305 -126.17161957904402 -4
    endloop
  endfacet
  facet normal 0 0 -1
    outer loop
      vertex 128 157 -4
      vertex -4.988817673815271 -125.66657860188239 -4
      vertex -5.146371660001632 -125.91538353484067 -4
    endloop
  endfacet
  facet normal 0 0 -1
    outer loop
      vertex 128 157 -4
      vertex -4.81924518888387 -125.4258041730454 -4
      vertex -4.988817673815271 -125.66657860188239 -4
    endloop
  endfacet
  facet normal 0 0 -1
    outer loop
      vertex 128 157 -4
      vertex -4.638062720176422 -125.19364029501813 -4
      vertex -4.81924518888387 -125.4258041730454 -4
    endloop
  endfacet
  facet normal 0 0 -1
    outer loop
      vertex 128 157 -4
      vertex -4.445706752129754 -124.97064627091788 -4
      vertex -4.638062720176422 -125.19364029501813 -4
    endloop
  endfacet
  facet normal 0 0 -1
    outer loop
      vertex 128 157 -4
      vertex -4.242640687119286 -124.75735931288071 -4
      vertex -4.445706752129754 -124.97064627091788 -4
    endloop
  endfacet
  facet normal 0 0 -1
    outer loop
      vertex 128 157 -4
      vertex -4.029353729082111 -124.55429324787025 -4
      vertex -4.242640687119286 -124.75735931288071 -4
    endloop
  endfacet
  facet normal 0 0 -1
    outer loop
      vertex 128 157 -4
      vertex -3.806359704981873 -124.36193727982358 -4
      vertex -4.029353729082111 -124.55429324787025 -4
    endloop
  endfacet
  facet normal 0 0 -1
    outer loop
      vertex 128 157 -4
      vertex -3.5741958269546004 -124.18075481111613 -4
      vertex -3.806359704981873 -124.36193727982358 -4
    endloop
  endfacet
  facet normal 0 0 -1
    outer loop
      vertex 128 157 -4
      vertex -3.333421398117613 -124.01118232618472 -4
      vertex -3.5741958269546004 -124.18075481111613 -4
    endloop
  endfacet
  facet normal 0 0 -1
    outer loop
      vertex 128 157 -4
      vertex -3.0846164651593306 -123.85362833999837 -4
      vertex -3.333421398117613 -124.01118232618472 -4
    endloop
  endfacet
  facet normal 0 0 -1
    outer loop
      vertex 128 157 -4
      vertex -2.8283804209559857 -123.70847241390987 -4
      vertex -3.0846164651593306 -123.85362833999837 -4
    endloop
  endfacet
  facet normal 0 0 -1
    outer loop
      vertex 128 157 -4
      vertex -2.5653305605816925 -123.57606424125935 -4
      vertex -2.8283804209559857 -123.70847241390987 -4
    endloop
  endfacet
  facet normal 0 0 -1
    outer loop
      vertex 128 157 -4
      vertex -2.2961005941905386 -123.45672280493228 -4
      vertex -2.5653305605816925 -123.57606424125935 -4
    endloop
  endfacet
  facet normal 0 0 -1
    outer loop
      vertex 128 157 -4
      vertex -2.0213391203533204 -123.35073560890187 -4
      vertex -2.2961005941905386 -123.45672280493228 -4
    endloop
  endfacet
  facet normal 0 0 -1
    outer loop
      vertex 128 157 -4
      vertex -1.741708063526774 -123.25835798560675 -4
      vertex -2.0213391203533204 -123.35073560890187 -4
    endloop
  endfacet
  facet normal 0 0 -1
    outer loop
      vertex 128 157 -4
      vertex -1.4578810794195833 -123.17981248083274 -4
      vertex -1.741708063526774 -123.25835798560675 -4
    endloop
  endfacet
  facet normal 0 0 -1
    outer loop
      vertex 128 157 -4
      vertex -1.1705419320967696 -123.11528831758062 -4
      vertex -1.4578810794195833 -123.17981248083274 -4
    endloop
  endfacet
  facet normal 0 0 -1
    outer loop
      vertex 128 157 -4
      vertex -0.8803828467321705 -123.06494094021132 -4
      vertex -1.1705419320967696 -123.11528831758062 -4
    endloop
  endfacet
  facet normal 0 0 -1
    outer loop
      vertex 128 157 -4
      vertex -0.5881028419773636 -123.02889163996682 -4
      vertex -0.8803828467321705 -123.06494094021132 -4
    endloop
  endfacet
  facet normal 0 0 -1
    outer loop
      vertex 128 157 -4
      vertex -0.2944060459645081 -123.00722726276896 -4
      vertex -0.5881028419773636 -123.02889163996682 -4
    endloop
  endfacet
  facet normal 0 0 -1
    outer loop
      vertex 128 157 -4
      vertex 0 -123 -4
      vertex -0.2944060459645081 -123.00722726276896 -4
    endloop
  endfacet
  facet normal 0 0 -1
    outer loop
      vertex 128 157 -4
      vertex 0.2944060459645081 -123.00722726276896 -4
      vertex 0 -123 -4
    endloop
  endfacet
  facet normal 0 0 -1
    outer loop
      vertex 128 157 -4
      vertex 0.5881028419773636 -123.02889163996682 -4
      vertex 0.2944060459645081 -123.00722726276896 -4
    endloop
  endfacet
  facet normal 0 0 -1
    outer loop
      vertex 128 157 -4
      vertex 0.8803828467321705 -123.06494094021132 -4
      vertex 0.5881028419773636 -123.02889163996682 -4
    endloop
  endfacet
  facet normal 0 0 -1
    outer loop
      vertex 128 157 -4
      vertex 1.1705419320967696 -123.11528831758062 -4
      vertex 0.8803828467321705 -123.06494094021132 -4
    endloop
  endfacet
  facet normal 0 0 -1
    outer loop
      vertex 128 157 -4
      vertex 1.4578810794195833 -123.17981248083274 -4
      vertex 1.1705419320967696 -123.11528831758062 -4
    endloop
  endfacet
  facet normal 0 0 -1
    outer loop
      vertex 128 157 -4
      vertex 1.741708063526774 -123.25835798560675 -4
      vertex 1.4578810794195833 -123.17981248083274 -4
    endloop
  endfacet
  facet normal 0 0 -1
    outer loop
      vertex 128 157 -4
      vertex 2.0213391203533204 -123.35073560890187 -4
      vertex 1.741708063526774 -123.25835798560675 -4
    endloop
  endfacet
  facet normal 0 0 -1
    outer loop
      vertex 128 157 -4
      vertex 2.8283804209559857 -123.70847241390987 -4
      vertex 2.5653305605816925 -123.57606424125935 -4
    endloop
  endfacet
  facet normal 0 0 -1
    outer loop
      vertex 128 157 -4
      vertex 2.2961005941905386 -123.45672280493228 -4
      vertex 2.0213391203533204 -123.35073560890187 -4
    endloop
  endfacet
  facet normal 0 0 -1
    outer loop
      vertex 128 157 -4
      vertex 2.5653305605816925 -123.57606424125935 -4
      vertex 2.2961005941905386 -123.45672280493228 -4
    endloop
  endfacet
  facet normal 0 0 -1
    outer loop
      vertex 128 157 -4
      vertex 3.0846164651593306 -123.85362833999837 -4
      vertex 2.8283804209559857 -123.70847241390987 -4
    endloop
  endfacet
  facet normal 0 0 -1
    outer loop
      vertex 128 -157 -4
      vertex 3.0846164651593306 -123.85362833999837 -4
      vertex 128 157 -4
    endloop
  endfacet
  facet normal 1 0 0
    outer loop
      vertex 128 -157 -4
      vertex 128 157 -4
      vertex 128 -157 4
    endloop
  endfacet
  facet normal 0 0 1
    outer loop
      vertex -128 -157 4
      vertex 128 -157 4
      vertex 0.8803828467321705 -134.9350590597887 4
    endloop
  endfacet
  facet normal 0 0 1
    outer loop
      vertex 128 -157 4
      vertex 1.1705419320967696 -134.88471168241938 4
      vertex 0.8803828467321705 -134.9350590597887 4
    endloop
  endfacet
  facet normal 0 0 1
    outer loop
      vertex 128 -157 4
      vertex 1.741708063526774 -134.74164201439325 4
      vertex 1.4578810794195833 -134.82018751916726 4
    endloop
  endfacet
  facet normal 0 0 1
    outer loop
      vertex 128 -157 4
      vertex 1.4578810794195833 -134.82018751916726 4
      vertex 1.1705419320967696 -134.88471168241938 4
    endloop
  endfacet
  facet normal 0 0 1
    outer loop
      vertex 128 -157 4
      vertex 2.0213391203533204 -134.64926439109811 4
      vertex 1.741708063526774 -134.74164201439325 4
    endloop
  endfacet
  facet normal 0 0 1
    outer loop
      vertex 128 -157 4
      vertex 2.2961005941905386 -134.54327719506773 4
      vertex 2.0213391203533204 -134.64926439109811 4
    endloop
  endfacet
  facet normal 0 0 1
    outer loop
      vertex 128 -157 4
      vertex 2.5653305605816925 -134.42393575874067 4
      vertex 2.2961005941905386 -134.54327719506773 4
    endloop
  endfacet
  facet normal 0 0 1
    outer loop
      vertex 128 -157 4
      vertex 2.8283804209559857 -134.29152758609013 4
      vertex 2.5653305605816925 -134.42393575874067 4
    endloop
  endfacet
  facet normal 0 0 1
    outer loop
      vertex 128 -157 4
      vertex 3.0846164651593306 -134.14637166000162 4
      vertex 2.8283804209559857 -134.29152758609013 4
    endloop
  endfacet
  facet normal 0 0 1
    outer loop
      vertex 128 -157 4
      vertex 3.333421398117613 -133.98881767381528 4
      vertex 3.0846164651593306 -134.14637166000162 4
    endloop
  endfacet
  facet normal 0 0 1
    outer loop
      vertex 128 -157 4
      vertex 3.5741958269546004 -133.81924518888388 4
      vertex 3.333421398117613 -133.98881767381528 4
    endloop
  endfacet
  facet normal 0 0 1
    outer loop
      vertex 128 -157 4
      vertex 3.806359704981873 -133.63806272017644 4
      vertex 3.5741958269546004 -133.81924518888388 4
    endloop
  endfacet
  facet normal 0 0 1
    outer loop
      vertex 128 -157 4
      vertex 4.242640687119286 -133.2426406871193 4
      vertex 4.029353729082111 -133.44570675212975 4
    endloop
  endfacet
  facet normal 0 0 1
    outer loop
      vertex 128 -157 4
      vertex 4.029353729082111 -133.44570675212975 4
      vertex 3.806359704981873 -133.63806272017644 4
    endloop
  endfacet
  facet normal 0 0 1
    outer loop
      vertex 128 -157 4
      vertex 4.445706752129754 -133.02935372908212 4
      vertex 4.242640687119286 -133.2426406871193 4
    endloop
  endfacet
  facet normal 0 0 1
    outer loop
      vertex 128 -157 4
      vertex 4.638062720176422 -132.80635970498187 4
      vertex 4.445706752129754 -133.02935372908212 4
    endloop
  endfacet
  facet normal 0 0 1
    outer loop
      vertex 128 -157 4
      vertex 4.81924518888387 -132.5741958269546 4
      vertex 4.638062720176422 -132.80635970498187 4
    endloop
  endfacet
  facet normal 0 0 1
    outer loop
      vertex 128 -157 4
      vertex 4.988817673815271 -132.33342139811762 4
      vertex 4.81924518888387 -132.5741958269546 4
    endloop
  endfacet
  facet normal 0 0 1
    outer loop
      vertex 128 -157 4
      vertex 5.146371660001632 -132.08461646515934 4
      vertex 4.988817673815271 -132.33342139811762 4
    endloop
  endfacet
  facet normal 0 0 1
    outer loop
      vertex 128 -157 4
      vertex 5.2915275860901305 -131.828380420956 4
      vertex 5.146371660001632 -132.08461646515934 4
    endloop
  endfacet
  facet normal 0 0 1
    outer loop
      vertex 128 -157 4
      vertex 5.42393575874066 -131.56533056058169 4
      vertex 5.2915275860901305 -131.828380420956 4
    endloop
  endfacet
  facet normal 0 0 1
    outer loop
      vertex 128 -157 4
      vertex 5.54327719506772 -131.29610059419053 4
      vertex 5.42393575874066 -131.56533056058169 4
    endloop
  endfacet
  facet normal 0 0 1
    outer loop
      vertex 128 -157 4
      vertex 5.741642014393253 -130.74170806352677 4
      vertex 5.649264391098125 -131.02133912035333 4
    endloop
  endfacet
  facet normal 0 0 1
    outer loop
      vertex 128 -157 4
      vertex 5.649264391098125 -131.02133912035333 4
      vertex 5.54327719506772 -131.29610059419053 4
    endloop
  endfacet
  facet normal 0 0 1
    outer loop
      vertex 128 -157 4
      vertex 5.820187519167264 -130.4578810794196 4
      vertex 5.741642014393253 -130.74170806352677 4
    endloop
  endfacet
  facet normal 0 0 1
    outer loop
      vertex 128 -157 4
      vertex 5.935059059788686 -129.88038284673218 4
      vertex 5.884711682419383 -130.17054193209677 4
    endloop
  endfacet
  facet normal 0 0 1
    outer loop
      vertex 128 -157 4
      vertex 5.884711682419383 -130.17054193209677 4
      vertex 5.820187519167264 -130.4578810794196 4
    endloop
  endfacet
  facet normal 0 0 1
    outer loop
      vertex 128 -157 4
      vertex 5.992772737231034 -129.2944060459645 4
      vertex 5.971108360033181 -129.58810284197736 4
    endloop
  endfacet
  facet normal 0 0 1
    outer loop
      vertex 128 -157 4
      vertex 5.971108360033181 -129.58810284197736 4
      vertex 5.935059059788686 -129.88038284673218 4
    endloop
  endfacet
  facet normal 0 0 1
    outer loop
      vertex 128 -157 4
      vertex 6 -129 4
      vertex 5.992772737231034 -129.2944060459645 4
    endloop
  endfacet
  facet normal 0 0 1
    outer loop
      vertex 128 -157 4
      vertex 5.992772737231034 -128.7055939540355 4
      vertex 6 -129 4
    endloop
  endfacet
  facet normal 0 0 1
    outer loop
      vertex 128 -157 4
      vertex 5.971108360033181 -128.41189715802264 4
      vertex 5.992772737231034 -128.7055939540355 4
    endloop
  endfacet
  facet normal 0 0 1
    outer loop
      vertex 128 -157 4
      vertex 5.935059059788686 -128.11961715326782 4
      vertex 5.971108360033181 -128.41189715802264 4
    endloop
  endfacet
  facet normal 0 0 1
    outer loop
      vertex 128 -157 4
      vertex 5.884711682419383 -127.82945806790323 4
      vertex 5.935059059788686 -128.11961715326782 4
    endloop
  endfacet
  facet normal 0 0 1
    outer loop
      vertex 128 -157 4
      vertex 5.820187519167264 -127.54211892058042 4
      vertex 5.884711682419383 -127.82945806790323 4
    endloop
  endfacet
  facet normal 0 0 1
    outer loop
      vertex 128 -157 4
      vertex 5.649264391098125 -126.97866087964668 4
      vertex 5.741642014393253 -127.25829193647323 4
    endloop
  endfacet
  facet normal 0 0 1
    outer loop
      vertex 128 -157 4
      vertex 5.54327719506772 -126.70389940580947 4
      vertex 5.649264391098125 -126.97866087964668 4
    endloop
  endfacet
  facet normal 0 0 1
    outer loop
      vertex 128 -157 4
      vertex 5.42393575874066 -126.43466943941831 4
      vertex 5.54327719506772 -126.70389940580947 4
    endloop
  endfacet
  facet normal 0 0 1
    outer loop
      vertex 128 -157 4
      vertex 5.741642014393253 -127.25829193647323 4
      vertex 5.820187519167264 -127.54211892058042 4
    endloop
  endfacet
  facet normal 0 0 1
    outer loop
      vertex -128 157 4
      vertex 5.42393575874066 -126.43466943941831 4
      vertex 128 -157 4
    endloop
  endfacet
  facet normal 0 0 -1
    outer loop
      vertex -128 -157 -4
      vertex 1.4578810794195833 123.17981248083274 -4
      vertex 128 157 -4
    endloop
  endfacet
  facet normal 0 0 -1
    outer loop
      vertex -128 157 -4
      vertex 128 157 -4
      vertex 0.8803828467321705 134.9350590597887 -4
    endloop
  endfacet
  facet normal 0 0 -1
    outer loop
      vertex 128 157 -4
      vertex 1.4578810794195833 123.17981248083274 -4
      vertex 1.741708063526774 123.25835798560675 -4
    endloop
  endfacet
  facet normal 0 0 -1
    outer loop
      vertex 128 157 -4
      vertex 1.741708063526774 123.25835798560675 -4
      vertex 2.0213391203533204 123.35073560890187 -4
    endloop
  endfacet
  facet normal 0 0 -1
    outer loop
      vertex 128 157 -4
      vertex 2.0213391203533204 123.35073560890187 -4
      vertex 2.2961005941905386 123.45672280493228 -4
    endloop
  endfacet
  facet normal 0 0 -1
    outer loop
      vertex 128 157 -4
      vertex 2.2961005941905386 123.45672280493228 -4
      vertex 2.5653305605816925 123.57606424125935 -4
    endloop
  endfacet
  facet normal 0 0 -1
    outer loop
      vertex 128 157 -4
      vertex 2.5653305605816925 123.57606424125935 -4
      vertex 2.8283804209559857 123.70847241390987 -4
    endloop
  endfacet
  facet normal 0 0 -1
    outer loop
      vertex 128 157 -4
      vertex 2.8283804209559857 123.70847241390987 -4
      vertex 3.0846164651593306 123.85362833999837 -4
    endloop
  endfacet
  facet normal 0 0 -1
    outer loop
      vertex 128 157 -4
      vertex 3.0846164651593306 123.85362833999837 -4
      vertex 3.333421398117613 124.01118232618472 -4
    endloop
  endfacet
  facet normal 0 0 -1
    outer loop
      vertex 128 157 -4
      vertex 3.333421398117613 124.01118232618472 -4
      vertex 3.5741958269546004 124.18075481111613 -4
    endloop
  endfacet
  facet normal 0 0 -1
    outer loop
      vertex 128 157 -4
      vertex 3.5741958269546004 124.18075481111613 -4
      vertex 3.806359704981873 124.36193727982358 -4
    endloop
  endfacet
  facet normal 0 0 -1
    outer loop
      vertex 128 157 -4
      vertex 3.806359704981873 124.36193727982358 -4
      vertex 4.029353729082111 124.55429324787025 -4
    endloop
  endfacet
  facet normal 0 0 -1
    outer loop
      vertex 128 157 -4
      vertex 4.029353729082111 124.55429324787025 -4
      vertex 4.242640687119286 124.75735931288071 -4
    endloop
  endfacet
  facet normal 0 0 -1
    outer loop
      vertex 128 157 -4
      vertex 4.242640687119286 124.75735931288071 -4
      vertex 4.445706752129754 124.97064627091788 -4
    endloop
  endfacet
  facet normal 0 0 -1
    outer loop
      vertex 128 157 -4
      vertex 4.445706752129754 124.97064627091788 -4
      vertex 4.638062720176422 125.19364029501813 -4
    endloop
  endfacet
  facet normal 0 0 -1
    outer loop
      vertex 128 157 -4
      vertex 4.638062720176422 125.19364029501813 -4
      vertex 4.81924518888387 125.4258041730454 -4
    endloop
  endfacet
  facet normal 0 0 -1
    outer loop
      vertex 128 157 -4
      vertex 4.81924518888387 125.4258041730454 -4
      vertex 4.988817673815271 125.66657860188239 -4
    endloop
  endfacet
  facet normal 0 0 -1
    outer loop
      vertex 128 157 -4
      vertex 4.988817673815271 125.66657860188239 -4
      vertex 5.146371660001632 125.91538353484067 -4
    endloop
  endfacet
  facet normal 0 0 -1
    outer loop
      vertex 128 157 -4
      vertex 5.146371660001632 125.91538353484067 -4
      vertex 5.2915275860901305 126.17161957904402 -4
    endloop
  endfacet
  facet normal 0 0 -1
    outer loop
      vertex 128 157 -4
      vertex 5.2915275860901305 126.17161957904402 -4
      vertex 5.42393575874066 126.43466943941831 -4
    endloop
  endfacet
  facet normal 0 0 -1
    outer loop
      vertex 128 157 -4
      vertex 5.42393575874066 126.43466943941831 -4
      vertex 5.54327719506772 126.70389940580947 -4
    endloop
  endfacet
  facet normal 0 0 -1
    outer loop
      vertex 128 157 -4
      vertex 5.54327719506772 126.70389940580947 -4
      vertex 5.649264391098125 126.97866087964668 -4
    endloop
  endfacet
  facet normal 0 0 -1
    outer loop
      vertex 128 157 -4
      vertex 5.649264391098125 126.97866087964668 -4
      vertex 5.741642014393253 127.25829193647323 -4
    endloop
  endfacet
  facet normal 0 0 -1
    outer loop
      vertex 128 157 -4
      vertex 5.741642014393253 127.25829193647323 -4
      vertex 5.820187519167264 127.54211892058042 -4
    endloop
  endfacet
  facet normal 0 0 -1
    outer loop
      vertex 128 157 -4
      vertex 1.1705419320967696 134.88471168241938 -4
      vertex 0.8803828467321705 134.9350590597887 -4
    endloop
  endfacet
  facet normal 0 0 -1
    outer loop
      vertex 128 157 -4
      vertex 1.741708063526774 134.74164201439325 -4
      vertex 1.4578810794195833 134.82018751916726 -4
    endloop
  endfacet
  facet normal 0 0 -1
    outer loop
      vertex 128 157 -4
      vertex 1.4578810794195833 134.82018751916726 -4
      vertex 1.1705419320967696 134.88471168241938 -4
    endloop
  endfacet
  facet normal 0 0 -1
    outer loop
      vertex 128 157 -4
      vertex 2.0213391203533204 134.64926439109811 -4
      vertex 1.741708063526774 134.74164201439325 -4
    endloop
  endfacet
  facet normal 0 0 -1
    outer loop
      vertex 128 157 -4
      vertex 2.2961005941905386 134.54327719506773 -4
      vertex 2.0213391203533204 134.64926439109811 -4
    endloop
  endfacet
  facet normal 0 0 -1
    outer loop
      vertex 128 157 -4
      vertex 2.8283804209559857 134.29152758609013 -4
      vertex 2.5653305605816925 134.42393575874067 -4
    endloop
  endfacet
  facet normal 0 0 -1
    outer loop
      vertex 128 157 -4
      vertex 2.5653305605816925 134.42393575874067 -4
      vertex 2.2961005941905386 134.54327719506773 -4
    endloop
  endfacet
  facet normal 0 0 -1
    outer loop
      vertex 128 157 -4
      vertex 3.5741958269546004 133.81924518888388 -4
      vertex 3.333421398117613 133.98881767381528 -4
    endloop
  endfacet
  facet normal 0 0 -1
    outer loop
      vertex 128 157 -4
      vertex 3.0846164651593306 134.14637166000162 -4
      vertex 2.8283804209559857 134.29152758609013 -4
    endloop
  endfacet
  facet normal 0 0 -1
    outer loop
      vertex 128 157 -4
      vertex 3.333421398117613 133.98881767381528 -4
      vertex 3.0846164651593306 134.14637166000162 -4
    endloop
  endfacet
  facet normal 0 0 -1
    outer loop
      vertex 128 157 -4
      vertex 4.638062720176422 132.80635970498187 -4
      vertex 4.445706752129754 133.02935372908212 -4
    endloop
  endfacet
  facet normal 0 0 -1
    outer loop
      vertex 128 157 -4
      vertex 4.988817673815271 132.33342139811762 -4
      vertex 4.81924518888387 132.5741958269546 -4
    endloop
  endfacet
  facet normal 0 0 -1
    outer loop
      vertex 128 157 -4
      vertex 4.81924518888387 132.5741958269546 -4
      vertex 4.638062720176422 132.80635970498187 -4
    endloop
  endfacet
  facet normal 0 0 -1
    outer loop
      vertex 128 157 -4
      vertex 3.806359704981873 133.63806272017644 -4
      vertex 3.5741958269546004 133.81924518888388 -4
    endloop
  endfacet
  facet normal 0 0 -1
    outer loop
      vertex 128 157 -4
      vertex 4.242640687119286 133.2426406871193 -4
      vertex 4.029353729082111 133.44570675212975 -4
    endloop
  endfacet
  facet normal 0 0 -1
    outer loop
      vertex 128 157 -4
      vertex 4.029353729082111 133.44570675212975 -4
      vertex 3.806359704981873 133.63806272017644 -4
    endloop
  endfacet
  facet normal 0 0 -1
    outer loop
      vertex 128 157 -4
      vertex 4.445706752129754 133.02935372908212 -4
      vertex 4.242640687119286 133.2426406871193 -4
    endloop
  endfacet
  facet normal 0 0 -1
    outer loop
      vertex 128 157 -4
      vertex 5.820187519167264 127.54211892058042 -4
      vertex 5.884711682419383 127.82945806790323 -4
    endloop
  endfacet
  facet normal 0 0 -1
    outer loop
      vertex 128 157 -4
      vertex 5.884711682419383 127.82945806790323 -4
      vertex 5.935059059788686 128.11961715326782 -4
    endloop
  endfacet
  facet normal 0 0 -1
    outer loop
      vertex 128 157 -4
      vertex 5.935059059788686 128.11961715326782 -4
      vertex 5.971108360033181 128.41189715802264 -4
    endloop
  endfacet
  facet normal 0 0 -1
    outer loop
      vertex 128 157 -4
      vertex 5.971108360033181 128.41189715802264 -4
      vertex 5.992772737231034 128.7055939540355 -4
    endloop
  endfacet
  facet normal 0 0 -1
    outer loop
      vertex 128 157 -4
      vertex 5.992772737231034 128.7055939540355 -4
      vertex 6 129 -4
    endloop
  endfacet
  facet normal 0 0 -1
    outer loop
      vertex 128 157 -4
      vertex 6 129 -4
      vertex 5.992772737231034 129.2944060459645 -4
    endloop
  endfacet
  facet normal 0 0 -1
    outer loop
      vertex 128 157 -4
      vertex 5.741642014393253 130.74170806352677 -4
      vertex 5.649264391098125 131.02133912035333 -4
    endloop
  endfacet
  facet normal 0 0 -1
    outer loop
      vertex 128 157 -4
      vertex 5.649264391098125 131.02133912035333 -4
      vertex 5.54327719506772 131.29610059419053 -4
    endloop
  endfacet
  facet normal 0 0 -1
    outer loop
      vertex 128 157 -4
      vertex 5.992772737231034 129.2944060459645 -4
      vertex 5.971108360033181 129.58810284197736 -4
    endloop
  endfacet
  facet normal 0 0 -1
    outer loop
      vertex 128 157 -4
      vertex 5.971108360033181 129.58810284197736 -4
      vertex 5.935059059788686 129.88038284673218 -4
    endloop
  endfacet
  facet normal 0 0 -1
    outer loop
      vertex 128 157 -4
      vertex 5.935059059788686 129.88038284673218 -4
      vertex 5.884711682419383 130.17054193209677 -4
    endloop
  endfacet
  facet normal 0 0 -1
    outer loop
      vertex 128 157 -4
      vertex 5.884711682419383 130.17054193209677 -4
      vertex 5.820187519167264 130.4578810794196 -4
    endloop
  endfacet
  facet normal 0 0 -1
    outer loop
      vertex 128 157 -4
      vertex 5.820187519167264 130.4578810794196 -4
      vertex 5.741642014393253 130.74170806352677 -4
    endloop
  endfacet
  facet normal 0 0 -1
    outer loop
      vertex 128 157 -4
      vertex 5.42393575874066 131.56533056058169 -4
      vertex 5.2915275860901305 131.828380420956 -4
    endloop
  endfacet
  facet normal 0 0 -1
    outer loop
      vertex 128 157 -4
      vertex 5.2915275860901305 131.828380420956 -4
      vertex 5.146371660001632 132.08461646515934 -4
    endloop
  endfacet
  facet normal 0 0 -1
    outer loop
      vertex 128 157 -4
      vertex 5.54327719506772 131.29610059419053 -4
      vertex 5.42393575874066 131.56533056058169 -4
    endloop
  endfacet
  facet normal 0 0 -1
    outer loop
      vertex 128 157 -4
      vertex 5.146371660001632 132.08461646515934 -4
      vertex 4.988817673815271 132.33342139811762 -4
    endloop
  endfacet
  facet normal 0 0 1
    outer loop
      vertex 128 -157 4
      vertex -0.8803828467321705 123.06494094021132 4
      vertex -1.1705419320967696 123.11528831758062 4
    endloop
  endfacet
  facet normal 0 0 1
    outer loop
      vertex 128 -157 4
      vertex -1.1705419320967696 123.11528831758062 4
      vertex -1.4578810794195833 123.17981248083274 4
    endloop
  endfacet
  facet normal 0 0 1
    outer loop
      vertex 128 -157 4
      vertex -0.5881028419773636 123.02889163996682 4
      vertex -0.8803828467321705 123.06494094021132 4
    endloop
  endfacet
  facet normal 0 0 1
    outer loop
      vertex 128 -157 4
      vertex -0.2944060459645081 123.00722726276896 4
      vertex -0.5881028419773636 123.02889163996682 4
    endloop
  endfacet
  facet normal 0 0 1
    outer loop
      vertex 128 -157 4
      vertex 0 123 4
      vertex -0.2944060459645081 123.00722726276896 4
    endloop
  endfacet
  facet normal 0 0 1
    outer loop
      vertex 128 -157 4
      vertex 0.5881028419773636 123.02889163996682 4
      vertex 0.2944060459645081 123.00722726276896 4
    endloop
  endfacet
  facet normal 0 0 1
    outer loop
      vertex 128 -157 4
      vertex 0.2944060459645081 123.00722726276896 4
      vertex 0 123 4
    endloop
  endfacet
  facet normal 0 0 1
    outer loop
      vertex 128 -157 4
      vertex 0.8803828467321705 123.06494094021132 4
      vertex 0.5881028419773636 123.02889163996682 4
    endloop
  endfacet
  facet normal 0 0 1
    outer loop
      vertex 128 -157 4
      vertex 1.1705419320967696 123.11528831758062 4
      vertex 0.8803828467321705 123.06494094021132 4
    endloop
  endfacet
  facet normal 0 0 1
    outer loop
      vertex 128 -157 4
      vertex 1.741708063526774 123.25835798560675 4
      vertex 1.4578810794195833 123.17981248083274 4
    endloop
  endfacet
  facet normal 0 0 1
    outer loop
      vertex 128 -157 4
      vertex 1.4578810794195833 123.17981248083274 4
      vertex 1.1705419320967696 123.11528831758062 4
    endloop
  endfacet
  facet normal 0 0 1
    outer loop
      vertex 128 -157 4
      vertex 2.0213391203533204 123.35073560890187 4
      vertex 1.741708063526774 123.25835798560675 4
    endloop
  endfacet
  facet normal 0 0 1
    outer loop
      vertex 128 -157 4
      vertex 2.2961005941905386 123.45672280493228 4
      vertex 2.0213391203533204 123.35073560890187 4
    endloop
  endfacet
  facet normal 0 0 1
    outer loop
      vertex 128 -157 4
      vertex 2.5653305605816925 123.57606424125935 4
      vertex 2.2961005941905386 123.45672280493228 4
    endloop
  endfacet
  facet normal 0 0 1
    outer loop
      vertex 128 -157 4
      vertex 2.8283804209559857 123.70847241390987 4
      vertex 2.5653305605816925 123.57606424125935 4
    endloop
  endfacet
  facet normal 0 0 1
    outer loop
      vertex 128 -157 4
      vertex 3.0846164651593306 123.85362833999837 4
      vertex 2.8283804209559857 123.70847241390987 4
    endloop
  endfacet
  facet normal 0 0 1
    outer loop
      vertex 128 -157 4
      vertex 3.333421398117613 124.01118232618472 4
      vertex 3.0846164651593306 123.85362833999837 4
    endloop
  endfacet
  facet normal 0 0 1
    outer loop
      vertex 128 -157 4
      vertex 3.5741958269546004 124.18075481111613 4
      vertex 3.333421398117613 124.01118232618472 4
    endloop
  endfacet
  facet normal 0 0 1
    outer loop
      vertex 128 -157 4
      vertex 3.806359704981873 124.36193727982358 4
      vertex 3.5741958269546004 124.18075481111613 4
    endloop
  endfacet
  facet normal 0 0 1
    outer loop
      vertex 128 -157 4
      vertex 4.029353729082111 124.55429324787025 4
      vertex 3.806359704981873 124.36193727982358 4
    endloop
  endfacet
  facet normal 0 0 1
    outer loop
      vertex 128 -157 4
      vertex 4.242640687119286 124.75735931288071 4
      vertex 4.029353729082111 124.55429324787025 4
    endloop
  endfacet
  facet normal 0 0 1
    outer loop
      vertex 128 -157 4
      vertex 4.445706752129754 124.97064627091788 4
      vertex 4.242640687119286 124.75735931288071 4
    endloop
  endfacet
  facet normal 0 0 1
    outer loop
      vertex 128 -157 4
      vertex 4.638062720176422 125.19364029501813 4
      vertex 4.445706752129754 124.97064627091788 4
    endloop
  endfacet
  facet normal 0 0 1
    outer loop
      vertex 128 -157 4
      vertex 4.81924518888387 125.4258041730454 4
      vertex 4.638062720176422 125.19364029501813 4
    endloop
  endfacet
  facet normal 0 0 1
    outer loop
      vertex 128 -157 4
      vertex 4.988817673815271 125.66657860188239 4
      vertex 4.81924518888387 125.4258041730454 4
    endloop
  endfacet
  facet normal 0 0 1
    outer loop
      vertex 128 -157 4
      vertex 5.146371660001632 125.91538353484067 4
      vertex 4.988817673815271 125.66657860188239 4
    endloop
  endfacet
  facet normal 0 0 1
    outer loop
      vertex 128 -157 4
      vertex 5.42393575874066 126.43466943941831 4
      vertex 5.2915275860901305 126.17161957904402 4
    endloop
  endfacet
  facet normal 0 0 1
    outer loop
      vertex 128 -157 4
      vertex 5.2915275860901305 126.17161957904402 4
      vertex 5.146371660001632 125.91538353484067 4
    endloop
  endfacet
  facet normal 0 0 1
    outer loop
      vertex 128 -157 4
      vertex 5.54327719506772 126.70389940580947 4
      vertex 5.42393575874066 126.43466943941831 4
    endloop
  endfacet
  facet normal 0 0 1
    outer loop
      vertex 128 -157 4
      vertex 5.741642014393253 127.25829193647323 4
      vertex 5.649264391098125 126.97866087964668 4
    endloop
  endfacet
  facet normal 0 0 1
    outer loop
      vertex 128 -157 4
      vertex 5.649264391098125 126.97866087964668 4
      vertex 5.54327719506772 126.70389940580947 4
    endloop
  endfacet
  facet normal 0 0 1
    outer loop
      vertex 128 -157 4
      vertex 5.884711682419383 127.82945806790323 4
      vertex 5.820187519167264 127.54211892058042 4
    endloop
  endfacet
  facet normal 0 0 1
    outer loop
      vertex 128 -157 4
      vertex 5.820187519167264 127.54211892058042 4
      vertex 5.741642014393253 127.25829193647323 4
    endloop
  endfacet
  facet normal 0 0 1
    outer loop
      vertex 128 -157 4
      vertex 5.935059059788686 128.11961715326782 4
      vertex 5.884711682419383 127.82945806790323 4
    endloop
  endfacet
  facet normal 0 0 1
    outer loop
      vertex 128 -157 4
      vertex 5.992772737231034 128.7055939540355 4
      vertex 5.971108360033181 128.41189715802264 4
    endloop
  endfacet
  facet normal 0 0 1
    outer loop
      vertex 128 -157 4
      vertex 5.971108360033181 128.41189715802264 4
      vertex 5.935059059788686 128.11961715326782 4
    endloop
  endfacet
  facet normal 0 0 1
    outer loop
      vertex 128 -157 4
      vertex 6 129 4
      vertex 5.992772737231034 128.7055939540355 4
    endloop
  endfacet
  facet normal 0 1 0
    outer loop
      vertex -128 157 4
      vertex 128 157 4
      vertex 128 157 -4
    endloop
  endfacet
  facet normal 0 0 1
    outer loop
      vertex 128 157 4
      vertex 0.8803828467321705 134.9350590597887 4
      vertex 1.1705419320967696 134.88471168241938 4
    endloop
  endfacet
  facet normal 0 0 1
    outer loop
      vertex 128 157 4
      vertex 1.4578810794195833 134.82018751916726 4
      vertex 1.741708063526774 134.74164201439325 4
    endloop
  endfacet
  facet normal 0 0 1
    outer loop
      vertex 128 157 4
      vertex 1.1705419320967696 134.88471168241938 4
      vertex 1.4578810794195833 134.82018751916726 4
    endloop
  endfacet
  facet normal 0 0 1
    outer loop
      vertex 128 157 4
      vertex 1.741708063526774 134.74164201439325 4
      vertex 2.0213391203533204 134.64926439109811 4
    endloop
  endfacet
  facet normal 0 0 1
    outer loop
      vertex 128 157 4
      vertex -0.8803828467321705 134.9350590597887 4
      vertex -0.5881028419773636 134.97110836003318 4
    endloop
  endfacet
  facet normal 0 0 1
    outer loop
      vertex 128 157 4
      vertex -0.5881028419773636 134.97110836003318 4
      vertex -0.2944060459645081 134.99277273723104 4
    endloop
  endfacet
  facet normal 0 0 1
    outer loop
      vertex 128 157 4
      vertex -0.2944060459645081 134.99277273723104 4
      vertex 0 135 4
    endloop
  endfacet
  facet normal 0 0 1
    outer loop
      vertex 128 157 4
      vertex 0 135 4
      vertex 0.2944060459645081 134.99277273723104 4
    endloop
  endfacet
  facet normal 0 0 1
    outer loop
      vertex 128 157 4
      vertex 0.2944060459645081 134.99277273723104 4
      vertex 0.5881028419773636 134.97110836003318 4
    endloop
  endfacet
  facet normal 0 0 1
    outer loop
      vertex 128 157 4
      vertex 0.5881028419773636 134.97110836003318 4
      vertex 0.8803828467321705 134.9350590597887 4
    endloop
  endfacet
  facet normal 0 0 1
    outer loop
      vertex 128 157 4
      vertex 2.0213391203533204 134.64926439109811 4
      vertex 2.2961005941905386 134.54327719506773 4
    endloop
  endfacet
  facet normal 0 0 1
    outer loop
      vertex 128 157 4
      vertex 2.5653305605816925 134.42393575874067 4
      vertex 2.8283804209559857 134.29152758609013 4
    endloop
  endfacet
  facet normal 0 0 1
    outer loop
      vertex 128 157 4
      vertex 2.2961005941905386 134.54327719506773 4
      vertex 2.5653305605816925 134.42393575874067 4
    endloop
  endfacet
  facet normal 0 0 1
    outer loop
      vertex 128 157 4
      vertex 3.333421398117613 133.98881767381528 4
      vertex 3.5741958269546004 133.81924518888388 4
    endloop
  endfacet
  facet normal 0 0 1
    outer loop
      vertex 128 157 4
      vertex 2.8283804209559857 134.29152758609013 4
      vertex 3.0846164651593306 134.14637166000162 4
    endloop
  endfacet
  facet normal 0 0 1
    outer loop
      vertex 128 157 4
      vertex 3.0846164651593306 134.14637166000162 4
      vertex 3.333421398117613 133.98881767381528 4
    endloop
  endfacet
  facet normal 0 0 1
    outer loop
      vertex 128 157 4
      vertex 4.445706752129754 133.02935372908212 4
      vertex 4.638062720176422 132.80635970498187 4
    endloop
  endfacet
  facet normal 0 0 1
    outer loop
      vertex 128 157 4
      vertex 4.81924518888387 132.5741958269546 4
      vertex 4.988817673815271 132.33342139811762 4
    endloop
  endfacet
  facet normal 0 0 1
    outer loop
      vertex 128 157 4
      vertex 4.638062720176422 132.80635970498187 4
      vertex 4.81924518888387 132.5741958269546 4
    endloop
  endfacet
  facet normal 0 0 1
    outer loop
      vertex 128 157 4
      vertex 3.5741958269546004 133.81924518888388 4
      vertex 3.806359704981873 133.63806272017644 4
    endloop
  endfacet
  facet normal 0 0 1
    outer loop
      vertex 128 157 4
      vertex 4.029353729082111 133.44570675212975 4
      vertex 4.242640687119286 133.2426406871193 4
    endloop
  endfacet
  facet normal 0 0 1
    outer loop
      vertex 128 157 4
      vertex 3.806359704981873 133.63806272017644 4
      vertex 4.029353729082111 133.44570675212975 4
    endloop
  endfacet
  facet normal 0 0 1
    outer loop
      vertex 128 157 4
      vertex 4.242640687119286 133.2426406871193 4
      vertex 4.445706752129754 133.02935372908212 4
    endloop
  endfacet
  facet normal 0 0 1
    outer loop
      vertex 128 157 4
      vertex 5.992772737231034 129.2944060459645 4
      vertex 6 129 4
    endloop
  endfacet
  facet normal 0 0 1
    outer loop
      vertex 128 157 4
      vertex 5.649264391098125 131.02133912035333 4
      vertex 5.741642014393253 130.74170806352677 4
    endloop
  endfacet
  facet normal 0 0 1
    outer loop
      vertex 128 157 4
      vertex 5.54327719506772 131.29610059419053 4
      vertex 5.649264391098125 131.02133912035333 4
    endloop
  endfacet
  facet normal 0 0 1
    outer loop
      vertex 128 157 4
      vertex 5.971108360033181 129.58810284197736 4
      vertex 5.992772737231034 129.2944060459645 4
    endloop
  endfacet
  facet normal 0 0 1
    outer loop
      vertex 128 157 4
      vertex 5.935059059788686 129.88038284673218 4
      vertex 5.971108360033181 129.58810284197736 4
    endloop
  endfacet
  facet normal 0 0 1
    outer loop
      vertex 128 157 4
      vertex 5.884711682419383 130.17054193209677 4
      vertex 5.935059059788686 129.88038284673218 4
    endloop
  endfacet
  facet normal 0 0 1
    outer loop
      vertex 128 157 4
      vertex 5.820187519167264 130.4578810794196 4
      vertex 5.884711682419383 130.17054193209677 4
    endloop
  endfacet
  facet normal 0 0 1
    outer loop
      vertex 128 157 4
      vertex 5.741642014393253 130.74170806352677 4
      vertex 5.820187519167264 130.4578810794196 4
    endloop
  endfacet
  facet normal 0 0 1
    outer loop
      vertex 128 157 4
      vertex 5.2915275860901305 131.828380420956 4
      vertex 5.42393575874066 131.56533056058169 4
    endloop
  endfacet
  facet normal 0 0 1
    outer loop
      vertex 128 157 4
      vertex 5.146371660001632 132.08461646515934 4
      vertex 5.2915275860901305 131.828380420956 4
    endloop
  endfacet
  facet normal 0 0 1
    outer loop
      vertex 128 157 4
      vertex 5.42393575874066 131.56533056058169 4
      vertex 5.54327719506772 131.29610059419053 4
    endloop
  endfacet
  facet normal 0 0 1
    outer loop
      vertex 128 157 4
      vertex 4.988817673815271 132.33342139811762 4
      vertex 5.146371660001632 132.08461646515934 4
    endloop
  endfacet
  facet normal 1 0 0
    outer loop
      vertex 128 -157 4
      vertex 128 157 -4
      vertex 128 157 4
    endloop
  endfacet
  facet normal 0 0 1
    outer loop
      vertex 128 -157 4
      vertex 128 157 4
      vertex 6 129 4
    endloop
  endfacet
endsolid OpenSCAD_Model
