solid OpenSCAD_Model
  facet normal 0.773010453362742 0.6343932841636394 0
    outer loop
      vertex -4.760120041747411 -132.6525685740523 4
      vertex -4.511038844873864 -132.9560748906004 -4
      vertex -4.760120041747411 -132.6525685740523 -4
    endloop
  endfacet
  facet normal 0.6835923020228649 0.7298640726978417 0
    outer loop
      vertex -3.956074890600413 -133.51103884487387 -4
      vertex -4.242640687119286 -133.2426406871193 -4
      vertex -4.242640687119286 -133.2426406871193 4
    endloop
  endfacet
  facet normal 0.7298640726978529 0.6835923020228527 0
    outer loop
      vertex -4.511038844873864 -132.9560748906004 4
      vertex -4.242640687119286 -133.2426406871193 -4
      vertex -4.511038844873864 -132.9560748906004 -4
    endloop
  endfacet
  facet normal 0.8492021815265847 0.5280678506503589 0
    outer loop
      vertex -5.196152422706632 -132 4
      vertex -4.988817673815271 -132.33342139811762 -4
      vertex -5.196152422706632 -132 -4
    endloop
  endfacet
  facet normal 0.8819212643483547 0.4713967368259983 0
    outer loop
      vertex -5.3812364491961295 -131.653732141314 4
      vertex -5.196152422706632 -132 -4
      vertex -5.3812364491961295 -131.653732141314 -4
    endloop
  endfacet
  facet normal 0.9108638249211787 0.4127070298043885 0
    outer loop
      vertex -5.54327719506772 -131.29610059419053 4
      vertex -5.3812364491961295 -131.653732141314 -4
      vertex -5.54327719506772 -131.29610059419053 -4
    endloop
  endfacet
  facet normal 0.9569403357322077 0.29028467725446644 0
    outer loop
      vertex -5.79555495773441 -130.55291427061513 4
      vertex -5.681580776970634 -130.92863679181897 -4
      vertex -5.79555495773441 -130.55291427061513 -4
    endloop
  endfacet
  facet normal 0.9359059267573224 0.35225004792124204 0
    outer loop
      vertex -5.681580776970634 -130.92863679181897 4
      vertex -5.54327719506772 -131.29610059419053 -4
      vertex -5.681580776970634 -130.92863679181897 -4
    endloop
  endfacet
  facet normal 0.9738769792773352 0.2270762630343661 0
    outer loop
      vertex -5.884711682419383 -130.17054193209677 4
      vertex -5.79555495773441 -130.55291427061513 -4
      vertex -5.884711682419383 -130.17054193209677 -4
    endloop
  endfacet
  facet normal 0.8128466845915968 0.5824776968678279 0
    outer loop
      vertex -4.988817673815271 -132.33342139811762 4
      vertex -4.760120041747411 -132.6525685740523 -4
      vertex -4.988817673815271 -132.33342139811762 -4
    endloop
  endfacet
  facet normal 0.9866433320848793 0.16289547339458615 0
    outer loop
      vertex -5.948669168242862 -129.7831571533203 4
      vertex -5.884711682419383 -130.17054193209677 -4
      vertex -5.948669168242862 -129.7831571533203 -4
    endloop
  endfacet
  facet normal 0.9951847266721967 0.09801714032956228 0
    outer loop
      vertex -5.98715353943162 -129.39241877538086 4
      vertex -5.948669168242862 -129.7831571533203 -4
      vertex -5.98715353943162 -129.39241877538086 -4
    endloop
  endfacet
  facet normal 0.9994645874763656 0.032719082821777476 0
    outer loop
      vertex -6 -129 4
      vertex -5.98715353943162 -129.39241877538086 -4
      vertex -6 -129 -4
    endloop
  endfacet
  facet normal 0.9994645874763656 -0.032719082821777476 0
    outer loop
      vertex -5.98715353943162 -128.60758122461914 4
      vertex -6 -129 -4
      vertex -5.98715353943162 -128.60758122461914 -4
    endloop
  endfacet
  facet normal 0.9951847266721967 -0.09801714032956228 0
    outer loop
      vertex -5.948669168242862 -128.2168428466797 4
      vertex -5.98715353943162 -128.60758122461914 -4
      vertex -5.948669168242862 -128.2168428466797 -4
    endloop
  endfacet
  facet normal 0.9866433320848793 -0.16289547339458615 0
    outer loop
      vertex -5.884711682419383 -127.82945806790323 4
      vertex -5.948669168242862 -128.2168428466797 -4
      vertex -5.884711682419383 -127.82945806790323 -4
    endloop
  endfacet
  facet normal 0.9738769792773334 -0.22707626303437412 0
    outer loop
      vertex -5.79555495773441 -127.44708572938488 4
      vertex -5.884711682419383 -127.82945806790323 -4
      vertex -5.79555495773441 -127.44708572938488 -4
    endloop
  endfacet
  facet normal 0.5824776968678304 0.8128466845915949 0
    outer loop
      vertex -3.652568574052324 -133.7601200417474 4
      vertex -3.333421398117613 -133.98881767381528 -4
      vertex -3.652568574052324 -133.7601200417474 -4
    endloop
  endfacet
  facet normal 0.5280678506503592 0.8492021815265843 0
    outer loop
      vertex -3.333421398117613 -133.98881767381528 4
      vertex -3 -134.19615242270663 -4
      vertex -3.333421398117613 -133.98881767381528 -4
    endloop
  endfacet
  facet normal 0.634393284163625 0.7730104533627538 0
    outer loop
      vertex -3.956074890600413 -133.51103884487387 4
      vertex -3.652568574052324 -133.7601200417474 -4
      vertex -3.956074890600413 -133.51103884487387 -4
    endloop
  endfacet
  facet normal 0.41270702980439966 0.9108638249211736 0
    outer loop
      vertex -2.653732141314008 -134.38123644919614 4
      vertex -2.2961005941905386 -134.54327719506773 -4
      vertex -2.653732141314008 -134.38123644919614 -4
    endloop
  endfacet
  facet normal 0.47139673682601274 0.881921264348347 0
    outer loop
      vertex -3 -134.19615242270663 4
      vertex -2.653732141314008 -134.38123644919614 -4
      vertex -3 -134.19615242270663 -4
    endloop
  endfacet
  facet normal 0.3522500479212109 0.9359059267573343 0
    outer loop
      vertex -2.2961005941905386 -134.54327719506773 4
      vertex -1.9286367918189695 -134.68158077697063 -4
      vertex -2.2961005941905386 -134.54327719506773 -4
    endloop
  endfacet
  facet normal 0.09801714032956008 0.995184726672197 0
    outer loop
      vertex -0.7831571533203094 -134.94866916824287 4
      vertex -0.39241877538085834 -134.98715353943163 -4
      vertex -0.7831571533203094 -134.94866916824287 -4
    endloop
  endfacet
  facet normal 0.03271908282175058 0.9994645874763665 0
    outer loop
      vertex -0.39241877538085834 -134.98715353943163 4
      vertex 0 -135 -4
      vertex -0.39241877538085834 -134.98715353943163 -4
    endloop
  endfacet
  facet normal 0.29028467725443013 0.9569403357322186 0
    outer loop
      vertex -1.9286367918189695 -134.68158077697063 4
      vertex -1.5529142706151244 -134.7955549577344 -4
      vertex -1.9286367918189695 -134.68158077697063 -4
    endloop
  endfacet
  facet normal 0.22707626303439785 0.9738769792773279 0
    outer loop
      vertex -1.5529142706151244 -134.7955549577344 4
      vertex -1.1705419320967696 -134.88471168241938 -4
      vertex -1.5529142706151244 -134.7955549577344 -4
    endloop
  endfacet
  facet normal 0.16289547339462324 0.9866433320848733 0
    outer loop
      vertex -1.1705419320967696 -134.88471168241938 4
      vertex -0.7831571533203094 -134.94866916824287 -4
      vertex -1.1705419320967696 -134.88471168241938 -4
    endloop
  endfacet
  facet normal 0.9569403357322107 -0.2902846772544564 0
    outer loop
      vertex -5.681580776970634 -127.07136320818103 4
      vertex -5.79555495773441 -127.44708572938488 -4
      vertex -5.681580776970634 -127.07136320818103 -4
    endloop
  endfacet
  facet normal 0.9359059267573224 -0.35225004792124204 0
    outer loop
      vertex -5.54327719506772 -126.70389940580947 4
      vertex -5.681580776970634 -127.07136320818103 -4
      vertex -5.54327719506772 -126.70389940580947 -4
    endloop
  endfacet
  facet normal 0.9108638249211787 -0.4127070298043885 0
    outer loop
      vertex -5.3812364491961295 -126.34626785868599 4
      vertex -5.54327719506772 -126.70389940580947 -4
      vertex -5.3812364491961295 -126.34626785868599 -4
    endloop
  endfacet
  facet normal 0.8819212643483547 -0.4713967368259983 0
    outer loop
      vertex -5.196152422706632 -126 4
      vertex -5.3812364491961295 -126.34626785868599 -4
      vertex -5.196152422706632 -126 -4
    endloop
  endfacet
  facet normal 0.8492021815265746 -0.5280678506503751 0
    outer loop
      vertex -4.988817673815271 -125.66657860188239 4
      vertex -5.196152422706632 -126 -4
      vertex -4.988817673815271 -125.66657860188239 -4
    endloop
  endfacet
  facet normal 0.8128466845916215 -0.5824776968677936 0
    outer loop
      vertex -4.760120041747411 -125.34743142594768 4
      vertex -4.988817673815271 -125.66657860188239 -4
      vertex -4.760120041747411 -125.34743142594768 -4
    endloop
  endfacet
  facet normal 0.773010453362742 -0.6343932841636394 0
    outer loop
      vertex -4.511038844873864 -125.04392510939958 4
      vertex -4.760120041747411 -125.34743142594768 -4
      vertex -4.511038844873864 -125.04392510939958 -4
    endloop
  endfacet
  facet normal 0.7298640726978362 -0.6835923020228708 0
    outer loop
      vertex -4.242640687119286 -124.75735931288071 4
      vertex -4.511038844873864 -125.04392510939958 -4
      vertex -4.242640687119286 -124.75735931288071 -4
    endloop
  endfacet
  facet normal 0.6835923020228649 -0.7298640726978417 0
    outer loop
      vertex -3.956074890600413 -124.48896115512613 4
      vertex -4.242640687119286 -124.75735931288071 -4
      vertex -3.956074890600413 -124.48896115512613 -4
    endloop
  endfacet
  facet normal 0.6343932841636466 -0.7730104533627361 0
    outer loop
      vertex -3.652568574052324 -124.23987995825259 4
      vertex -3.956074890600413 -124.48896115512613 -4
      vertex -3.652568574052324 -124.23987995825259 -4
    endloop
  endfacet
  facet normal 0.5824776968678066 -0.8128466845916121 0
    outer loop
      vertex -3.333421398117613 -124.01118232618472 4
      vertex -3.652568574052324 -124.23987995825259 -4
      vertex -3.333421398117613 -124.01118232618472 -4
    endloop
  endfacet
  facet normal 0.5280678506503592 -0.8492021815265843 0
    outer loop
      vertex -3 -123.80384757729337 4
      vertex -3.333421398117613 -124.01118232618472 -4
      vertex -3 -123.80384757729337 -4
    endloop
  endfacet
  facet normal 0.47139673682598454 -0.8819212643483619 0
    outer loop
      vertex -2.653732141314008 -123.61876355080388 4
      vertex -3 -123.80384757729337 -4
      vertex -2.653732141314008 -123.61876355080388 -4
    endloop
  endfacet
  facet normal 0.41270702980439966 -0.9108638249211736 0
    outer loop
      vertex -2.2961005941905386 -123.45672280493228 4
      vertex -2.653732141314008 -123.61876355080388 -4
      vertex -2.2961005941905386 -123.45672280493228 -4
    endloop
  endfacet
  facet normal 0.35225004792124254 -0.9359059267573222 0
    outer loop
      vertex -1.9286367918189695 -123.31841922302937 4
      vertex -2.2961005941905386 -123.45672280493228 -4
      vertex -1.9286367918189695 -123.31841922302937 -4
    endloop
  endfacet
  facet normal 0.29028467725446333 -0.9569403357322086 0
    outer loop
      vertex -1.5529142706151244 -123.20444504226559 4
      vertex -1.9286367918189695 -123.31841922302937 -4
      vertex -1.5529142706151244 -123.20444504226559 -4
    endloop
  endfacet
  facet normal 0.2270762630343635 -0.9738769792773359 0
    outer loop
      vertex -1.1705419320967696 -123.11528831758062 4
      vertex -1.5529142706151244 -123.20444504226559 -4
      vertex -1.1705419320967696 -123.11528831758062 -4
    endloop
  endfacet
  facet normal 0.162895473394588 -0.9866433320848791 0
    outer loop
      vertex -0.7831571533203094 -123.05133083175714 4
      vertex -1.1705419320967696 -123.11528831758062 -4
      vertex -0.7831571533203094 -123.05133083175714 -4
    endloop
  endfacet
  facet normal 0.09801714032956008 -0.995184726672197 0
    outer loop
      vertex -0.39241877538085834 -123.01284646056838 4
      vertex -0.7831571533203094 -123.05133083175714 -4
      vertex -0.39241877538085834 -123.01284646056838 -4
    endloop
  endfacet
  facet normal 0.03271908282178674 -0.9994645874763654 0
    outer loop
      vertex 0 -123 4
      vertex -0.39241877538085834 -123.01284646056838 -4
      vertex 0 -123 -4
    endloop
  endfacet
  facet normal 0.8128466845915968 0.5824776968678279 0
    outer loop
      vertex -4.988817673815271 -132.33342139811762 4
      vertex -4.760120041747411 -132.6525685740523 4
      vertex -4.760120041747411 -132.6525685740523 -4
    endloop
  endfacet
  facet normal 0.773010453362742 0.6343932841636394 0
    outer loop
      vertex -4.760120041747411 -132.6525685740523 4
      vertex -4.511038844873864 -132.9560748906004 4
      vertex -4.511038844873864 -132.9560748906004 -4
    endloop
  endfacet
  facet normal 0.7298640726978529 0.6835923020228527 0
    outer loop
      vertex -4.511038844873864 -132.9560748906004 4
      vertex -4.242640687119286 -133.2426406871193 4
      vertex -4.242640687119286 -133.2426406871193 -4
    endloop
  endfacet
  facet normal 0.6835923020228649 0.7298640726978417 0
    outer loop
      vertex -3.956074890600413 -133.51103884487387 4
      vertex -3.956074890600413 -133.51103884487387 -4
      vertex -4.242640687119286 -133.2426406871193 4
    endloop
  endfacet
  facet normal 0.8819212643483547 0.4713967368259983 0
    outer loop
      vertex -5.3812364491961295 -131.653732141314 4
      vertex -5.196152422706632 -132 4
      vertex -5.196152422706632 -132 -4
    endloop
  endfacet
  facet normal 0.8492021815265847 0.5280678506503589 0
    outer loop
      vertex -5.196152422706632 -132 4
      vertex -4.988817673815271 -132.33342139811762 4
      vertex -4.988817673815271 -132.33342139811762 -4
    endloop
  endfacet
  facet normal 0.9108638249211787 0.4127070298043885 0
    outer loop
      vertex -5.54327719506772 -131.29610059419053 4
      vertex -5.3812364491961295 -131.653732141314 4
      vertex -5.3812364491961295 -131.653732141314 -4
    endloop
  endfacet
  facet normal 0.9359059267573224 0.35225004792124204 0
    outer loop
      vertex -5.681580776970634 -130.92863679181897 4
      vertex -5.54327719506772 -131.29610059419053 4
      vertex -5.54327719506772 -131.29610059419053 -4
    endloop
  endfacet
  facet normal 0.9569403357322077 0.29028467725446644 0
    outer loop
      vertex -5.79555495773441 -130.55291427061513 4
      vertex -5.681580776970634 -130.92863679181897 4
      vertex -5.681580776970634 -130.92863679181897 -4
    endloop
  endfacet
  facet normal 0.9738769792773352 0.2270762630343661 0
    outer loop
      vertex -5.884711682419383 -130.17054193209677 4
      vertex -5.79555495773441 -130.55291427061513 4
      vertex -5.79555495773441 -130.55291427061513 -4
    endloop
  endfacet
  facet normal 0.9866433320848793 0.16289547339458615 0
    outer loop
      vertex -5.948669168242862 -129.7831571533203 4
      vertex -5.884711682419383 -130.17054193209677 4
      vertex -5.884711682419383 -130.17054193209677 -4
    endloop
  endfacet
  facet normal 0.9951847266721967 0.09801714032956228 0
    outer loop
      vertex -5.98715353943162 -129.39241877538086 4
      vertex -5.948669168242862 -129.7831571533203 4
      vertex -5.948669168242862 -129.7831571533203 -4
    endloop
  endfacet
  facet normal 0.9994645874763656 0.032719082821777476 0
    outer loop
      vertex -6 -129 4
      vertex -5.98715353943162 -129.39241877538086 4
      vertex -5.98715353943162 -129.39241877538086 -4
    endloop
  endfacet
  facet normal 0.9994645874763656 -0.032719082821777476 0
    outer loop
      vertex -5.98715353943162 -128.60758122461914 4
      vertex -6 -129 4
      vertex -6 -129 -4
    endloop
  endfacet
  facet normal 0.9951847266721967 -0.09801714032956228 0
    outer loop
      vertex -5.948669168242862 -128.2168428466797 4
      vertex -5.98715353943162 -128.60758122461914 4
      vertex -5.98715353943162 -128.60758122461914 -4
    endloop
  endfacet
  facet normal 0.9866433320848793 -0.16289547339458615 0
    outer loop
      vertex -5.884711682419383 -127.82945806790323 4
      vertex -5.948669168242862 -128.2168428466797 4
      vertex -5.948669168242862 -128.2168428466797 -4
    endloop
  endfacet
  facet normal 0.9738769792773334 -0.22707626303437412 0
    outer loop
      vertex -5.79555495773441 -127.44708572938488 4
      vertex -5.884711682419383 -127.82945806790323 4
      vertex -5.884711682419383 -127.82945806790323 -4
    endloop
  endfacet
  facet normal 0.5824776968678304 0.8128466845915949 0
    outer loop
      vertex -3.333421398117613 -133.98881767381528 4
      vertex -3.333421398117613 -133.98881767381528 -4
      vertex -3.652568574052324 -133.7601200417474 4
    endloop
  endfacet
  facet normal 0.5280678506503592 0.8492021815265843 0
    outer loop
      vertex -3 -134.19615242270663 4
      vertex -3 -134.19615242270663 -4
      vertex -3.333421398117613 -133.98881767381528 4
    endloop
  endfacet
  facet normal 0.634393284163625 0.7730104533627538 0
    outer loop
      vertex -3.652568574052324 -133.7601200417474 4
      vertex -3.652568574052324 -133.7601200417474 -4
      vertex -3.956074890600413 -133.51103884487387 4
    endloop
  endfacet
  facet normal 0.47139673682601274 0.881921264348347 0
    outer loop
      vertex -2.653732141314008 -134.38123644919614 4
      vertex -2.653732141314008 -134.38123644919614 -4
      vertex -3 -134.19615242270663 4
    endloop
  endfacet
  facet normal 0.41270702980439966 0.9108638249211736 0
    outer loop
      vertex -2.2961005941905386 -134.54327719506773 4
      vertex -2.2961005941905386 -134.54327719506773 -4
      vertex -2.653732141314008 -134.38123644919614 4
    endloop
  endfacet
  facet normal 0.3522500479212109 0.9359059267573343 0
    outer loop
      vertex -1.9286367918189695 -134.68158077697063 4
      vertex -1.9286367918189695 -134.68158077697063 -4
      vertex -2.2961005941905386 -134.54327719506773 4
    endloop
  endfacet
  facet normal 0.16289547339462324 0.9866433320848733 0
    outer loop
      vertex -0.7831571533203094 -134.94866916824287 4
      vertex -0.7831571533203094 -134.94866916824287 -4
      vertex -1.1705419320967696 -134.88471168241938 4
    endloop
  endfacet
  facet normal 0.09801714032956008 0.995184726672197 0
    outer loop
      vertex -0.39241877538085834 -134.98715353943163 4
      vertex -0.39241877538085834 -134.98715353943163 -4
      vertex -0.7831571533203094 -134.94866916824287 4
    endloop
  endfacet
  facet normal 0.03271908282175058 0.9994645874763665 0
    outer loop
      vertex 0 -135 4
      vertex 0 -135 -4
      vertex -0.39241877538085834 -134.98715353943163 4
    endloop
  endfacet
  facet normal 0.29028467725443013 0.9569403357322186 0
    outer loop
      vertex -1.5529142706151244 -134.7955549577344 4
      vertex -1.5529142706151244 -134.7955549577344 -4
      vertex -1.9286367918189695 -134.68158077697063 4
    endloop
  endfacet
  facet normal 0.22707626303439785 0.9738769792773279 0
    outer loop
      vertex -1.1705419320967696 -134.88471168241938 4
      vertex -1.1705419320967696 -134.88471168241938 -4
      vertex -1.5529142706151244 -134.7955549577344 4
    endloop
  endfacet
  facet normal 0.9569403357322107 -0.2902846772544564 0
    outer loop
      vertex -5.681580776970634 -127.07136320818103 4
      vertex -5.79555495773441 -127.44708572938488 4
      vertex -5.79555495773441 -127.44708572938488 -4
    endloop
  endfacet
  facet normal 0.9359059267573224 -0.35225004792124204 0
    outer loop
      vertex -5.54327719506772 -126.70389940580947 4
      vertex -5.681580776970634 -127.07136320818103 4
      vertex -5.681580776970634 -127.07136320818103 -4
    endloop
  endfacet
  facet normal 0.9108638249211787 -0.4127070298043885 0
    outer loop
      vertex -5.3812364491961295 -126.34626785868599 4
      vertex -5.54327719506772 -126.70389940580947 4
      vertex -5.54327719506772 -126.70389940580947 -4
    endloop
  endfacet
  facet normal 0.8819212643483547 -0.4713967368259983 0
    outer loop
      vertex -5.196152422706632 -126 4
      vertex -5.3812364491961295 -126.34626785868599 4
      vertex -5.3812364491961295 -126.34626785868599 -4
    endloop
  endfacet
  facet normal 0.8492021815265746 -0.5280678506503751 0
    outer loop
      vertex -4.988817673815271 -125.66657860188239 4
      vertex -5.196152422706632 -126 4
      vertex -5.196152422706632 -126 -4
    endloop
  endfacet
  facet normal 0.8128466845916215 -0.5824776968677936 0
    outer loop
      vertex -4.760120041747411 -125.34743142594768 4
      vertex -4.988817673815271 -125.66657860188239 4
      vertex -4.988817673815271 -125.66657860188239 -4
    endloop
  endfacet
  facet normal 0.773010453362742 -0.6343932841636394 0
    outer loop
      vertex -4.511038844873864 -125.04392510939958 4
      vertex -4.760120041747411 -125.34743142594768 4
      vertex -4.760120041747411 -125.34743142594768 -4
    endloop
  endfacet
  facet normal 0.7298640726978362 -0.6835923020228708 0
    outer loop
      vertex -4.242640687119286 -124.75735931288071 4
      vertex -4.511038844873864 -125.04392510939958 4
      vertex -4.511038844873864 -125.04392510939958 -4
    endloop
  endfacet
  facet normal 0.6835923020228649 -0.7298640726978417 0
    outer loop
      vertex -4.242640687119286 -124.75735931288071 4
      vertex -4.242640687119286 -124.75735931288071 -4
      vertex -3.956074890600413 -124.48896115512613 4
    endloop
  endfacet
  facet normal 0.6343932841636466 -0.7730104533627361 0
    outer loop
      vertex -3.956074890600413 -124.48896115512613 4
      vertex -3.956074890600413 -124.48896115512613 -4
      vertex -3.652568574052324 -124.23987995825259 4
    endloop
  endfacet
  facet normal 0.5824776968678066 -0.8128466845916121 0
    outer loop
      vertex -3.652568574052324 -124.23987995825259 4
      vertex -3.652568574052324 -124.23987995825259 -4
      vertex -3.333421398117613 -124.01118232618472 4
    endloop
  endfacet
  facet normal 0.5280678506503592 -0.8492021815265843 0
    outer loop
      vertex -3.333421398117613 -124.01118232618472 4
      vertex -3.333421398117613 -124.01118232618472 -4
      vertex -3 -123.80384757729337 4
    endloop
  endfacet
  facet normal 0.47139673682598454 -0.8819212643483619 0
    outer loop
      vertex -3 -123.80384757729337 4
      vertex -3 -123.80384757729337 -4
      vertex -2.653732141314008 -123.61876355080388 4
    endloop
  endfacet
  facet normal 0.41270702980439966 -0.9108638249211736 0
    outer loop
      vertex -2.653732141314008 -123.61876355080388 4
      vertex -2.653732141314008 -123.61876355080388 -4
      vertex -2.2961005941905386 -123.45672280493228 4
    endloop
  endfacet
  facet normal 0.35225004792124254 -0.9359059267573222 0
    outer loop
      vertex -2.2961005941905386 -123.45672280493228 4
      vertex -2.2961005941905386 -123.45672280493228 -4
      vertex -1.9286367918189695 -123.31841922302937 4
    endloop
  endfacet
  facet normal 0.29028467725446333 -0.9569403357322086 0
    outer loop
      vertex -1.9286367918189695 -123.31841922302937 4
      vertex -1.9286367918189695 -123.31841922302937 -4
      vertex -1.5529142706151244 -123.20444504226559 4
    endloop
  endfacet
  facet normal 0.2270762630343635 -0.9738769792773359 0
    outer loop
      vertex -1.5529142706151244 -123.20444504226559 4
      vertex -1.5529142706151244 -123.20444504226559 -4
      vertex -1.1705419320967696 -123.11528831758062 4
    endloop
  endfacet
  facet normal 0.162895473394588 -0.9866433320848791 0
    outer loop
      vertex -1.1705419320967696 -123.11528831758062 4
      vertex -1.1705419320967696 -123.11528831758062 -4
      vertex -0.7831571533203094 -123.05133083175714 4
    endloop
  endfacet
  facet normal 0.09801714032956008 -0.995184726672197 0
    outer loop
      vertex -0.7831571533203094 -123.05133083175714 4
      vertex -0.7831571533203094 -123.05133083175714 -4
      vertex -0.39241877538085834 -123.01284646056838 4
    endloop
  endfacet
  facet normal 0.03271908282178674 -0.9994645874763654 0
    outer loop
      vertex -0.39241877538085834 -123.01284646056838 4
      vertex -0.39241877538085834 -123.01284646056838 -4
      vertex 0 -123 4
    endloop
  endfacet
  facet normal -0.03271908282175058 0.9994645874763665 0
    outer loop
      vertex 0 -135 4
      vertex 0.39241877538085834 -134.98715353943163 -4
      vertex 0 -135 -4
    endloop
  endfacet
  facet normal -0.09801714032956008 0.995184726672197 0
    outer loop
      vertex 0.39241877538085834 -134.98715353943163 4
      vertex 0.7831571533203094 -134.94866916824287 -4
      vertex 0.39241877538085834 -134.98715353943163 -4
    endloop
  endfacet
  facet normal -0.16289547339462324 0.9866433320848733 0
    outer loop
      vertex 0.7831571533203094 -134.94866916824287 4
      vertex 1.1705419320967696 -134.88471168241938 -4
      vertex 0.7831571533203094 -134.94866916824287 -4
    endloop
  endfacet
  facet normal -0.22707626303439785 0.9738769792773279 0
    outer loop
      vertex 1.1705419320967696 -134.88471168241938 4
      vertex 1.5529142706151244 -134.7955549577344 -4
      vertex 1.1705419320967696 -134.88471168241938 -4
    endloop
  endfacet
  facet normal -0.29028467725443013 0.9569403357322186 0
    outer loop
      vertex 1.5529142706151244 -134.7955549577344 4
      vertex 1.9286367918189695 -134.68158077697063 -4
      vertex 1.5529142706151244 -134.7955549577344 -4
    endloop
  endfacet
  facet normal -0.3522500479212109 0.9359059267573343 0
    outer loop
      vertex 1.9286367918189695 -134.68158077697063 4
      vertex 2.2961005941905386 -134.54327719506773 -4
      vertex 1.9286367918189695 -134.68158077697063 -4
    endloop
  endfacet
  facet normal -0.41270702980439966 0.9108638249211736 0
    outer loop
      vertex 2.2961005941905386 -134.54327719506773 4
      vertex 2.653732141314008 -134.38123644919614 -4
      vertex 2.2961005941905386 -134.54327719506773 -4
    endloop
  endfacet
  facet normal -0.47139673682601274 0.881921264348347 0
    outer loop
      vertex 2.653732141314008 -134.38123644919614 4
      vertex 3 -134.19615242270663 -4
      vertex 2.653732141314008 -134.38123644919614 -4
    endloop
  endfacet
  facet normal -0.5280678506503592 0.8492021815265843 0
    outer loop
      vertex 3 -134.19615242270663 4
      vertex 3.333421398117613 -133.98881767381528 -4
      vertex 3 -134.19615242270663 -4
    endloop
  endfacet
  facet normal -0.5824776968678304 0.8128466845915949 0
    outer loop
      vertex 3.333421398117613 -133.98881767381528 4
      vertex 3.652568574052324 -133.7601200417474 -4
      vertex 3.333421398117613 -133.98881767381528 -4
    endloop
  endfacet
  facet normal -0.634393284163625 0.7730104533627538 0
    outer loop
      vertex 3.652568574052324 -133.7601200417474 4
      vertex 3.956074890600413 -133.51103884487387 -4
      vertex 3.652568574052324 -133.7601200417474 -4
    endloop
  endfacet
  facet normal -0.6835923020228649 0.7298640726978417 0
    outer loop
      vertex 3.956074890600413 -133.51103884487387 4
      vertex 4.242640687119286 -133.2426406871193 -4
      vertex 3.956074890600413 -133.51103884487387 -4
    endloop
  endfacet
  facet normal -0.7298640726978529 0.6835923020228527 0
    outer loop
      vertex 4.242640687119286 -133.2426406871193 -4
      vertex 4.242640687119286 -133.2426406871193 4
      vertex 4.511038844873864 -132.9560748906004 -4
    endloop
  endfacet
  facet normal -0.773010453362742 0.6343932841636394 0
    outer loop
      vertex 4.511038844873864 -132.9560748906004 4
      vertex 4.760120041747411 -132.6525685740523 -4
      vertex 4.511038844873864 -132.9560748906004 -4
    endloop
  endfacet
  facet normal -0.8128466845915968 0.5824776968678279 0
    outer loop
      vertex 4.760120041747411 -132.6525685740523 4
      vertex 4.988817673815271 -132.33342139811762 -4
      vertex 4.760120041747411 -132.6525685740523 -4
    endloop
  endfacet
  facet normal -0.8492021815265847 0.5280678506503589 0
    outer loop
      vertex 4.988817673815271 -132.33342139811762 4
      vertex 5.196152422706632 -132 -4
      vertex 4.988817673815271 -132.33342139811762 -4
    endloop
  endfacet
  facet normal -0.8819212643483547 0.4713967368259983 0
    outer loop
      vertex 5.196152422706632 -132 4
      vertex 5.3812364491961295 -131.653732141314 -4
      vertex 5.196152422706632 -132 -4
    endloop
  endfacet
  facet normal -0.9108638249211787 0.4127070298043885 0
    outer loop
      vertex 5.3812364491961295 -131.653732141314 4
      vertex 5.54327719506772 -131.29610059419053 -4
      vertex 5.3812364491961295 -131.653732141314 -4
    endloop
  endfacet
  facet normal -0.9359059267573224 0.35225004792124204 0
    outer loop
      vertex 5.54327719506772 -131.29610059419053 4
      vertex 5.681580776970634 -130.92863679181897 -4
      vertex 5.54327719506772 -131.29610059419053 -4
    endloop
  endfacet
  facet normal -0.9569403357322077 0.29028467725446644 0
    outer loop
      vertex 5.681580776970634 -130.92863679181897 4
      vertex 5.79555495773441 -130.55291427061513 -4
      vertex 5.681580776970634 -130.92863679181897 -4
    endloop
  endfacet
  facet normal -0.9738769792773352 0.2270762630343661 0
    outer loop
      vertex 5.79555495773441 -130.55291427061513 4
      vertex 5.884711682419383 -130.17054193209677 -4
      vertex 5.79555495773441 -130.55291427061513 -4
    endloop
  endfacet
  facet normal -0.9866433320848793 0.16289547339458615 0
    outer loop
      vertex 5.884711682419383 -130.17054193209677 4
      vertex 5.948669168242862 -129.7831571533203 -4
      vertex 5.884711682419383 -130.17054193209677 -4
    endloop
  endfacet
  facet normal -0.9951847266721967 0.09801714032956228 0
    outer loop
      vertex 5.948669168242862 -129.7831571533203 4
      vertex 5.98715353943162 -129.39241877538086 -4
      vertex 5.948669168242862 -129.7831571533203 -4
    endloop
  endfacet
  facet normal -0.9994645874763656 0.032719082821777476 0
    outer loop
      vertex 5.98715353943162 -129.39241877538086 4
      vertex 6 -129 -4
      vertex 5.98715353943162 -129.39241877538086 -4
    endloop
  endfacet
  facet normal -0.9994645874763656 -0.032719082821777476 0
    outer loop
      vertex 6 -129 4
      vertex 5.98715353943162 -128.60758122461914 -4
      vertex 6 -129 -4
    endloop
  endfacet
  facet normal -0.9951847266721967 -0.09801714032956228 0
    outer loop
      vertex 5.98715353943162 -128.60758122461914 4
      vertex 5.948669168242862 -128.2168428466797 -4
      vertex 5.98715353943162 -128.60758122461914 -4
    endloop
  endfacet
  facet normal -0.9866433320848793 -0.16289547339458615 0
    outer loop
      vertex 5.948669168242862 -128.2168428466797 4
      vertex 5.884711682419383 -127.82945806790323 -4
      vertex 5.948669168242862 -128.2168428466797 -4
    endloop
  endfacet
  facet normal -0.9738769792773334 -0.22707626303437412 0
    outer loop
      vertex 5.884711682419383 -127.82945806790323 4
      vertex 5.79555495773441 -127.44708572938488 -4
      vertex 5.884711682419383 -127.82945806790323 -4
    endloop
  endfacet
  facet normal -0.03271908282178674 -0.9994645874763654 0
    outer loop
      vertex 0.39241877538085834 -123.01284646056838 4
      vertex 0 -123 -4
      vertex 0.39241877538085834 -123.01284646056838 -4
    endloop
  endfacet
  facet normal -0.09801714032956008 -0.995184726672197 0
    outer loop
      vertex 0.7831571533203094 -123.05133083175714 4
      vertex 0.39241877538085834 -123.01284646056838 -4
      vertex 0.7831571533203094 -123.05133083175714 -4
    endloop
  endfacet
  facet normal -0.162895473394588 -0.9866433320848791 0
    outer loop
      vertex 1.1705419320967696 -123.11528831758062 4
      vertex 0.7831571533203094 -123.05133083175714 -4
      vertex 1.1705419320967696 -123.11528831758062 -4
    endloop
  endfacet
  facet normal -0.2270762630343635 -0.9738769792773359 0
    outer loop
      vertex 1.5529142706151244 -123.20444504226559 4
      vertex 1.1705419320967696 -123.11528831758062 -4
      vertex 1.5529142706151244 -123.20444504226559 -4
    endloop
  endfacet
  facet normal -0.29028467725446333 -0.9569403357322086 0
    outer loop
      vertex 1.9286367918189695 -123.31841922302937 4
      vertex 1.5529142706151244 -123.20444504226559 -4
      vertex 1.9286367918189695 -123.31841922302937 -4
    endloop
  endfacet
  facet normal -0.35225004792124254 -0.9359059267573222 0
    outer loop
      vertex 2.2961005941905386 -123.45672280493228 4
      vertex 1.9286367918189695 -123.31841922302937 -4
      vertex 2.2961005941905386 -123.45672280493228 -4
    endloop
  endfacet
  facet normal -0.41270702980439966 -0.9108638249211736 0
    outer loop
      vertex 2.653732141314008 -123.61876355080388 4
      vertex 2.2961005941905386 -123.45672280493228 -4
      vertex 2.653732141314008 -123.61876355080388 -4
    endloop
  endfacet
  facet normal -0.47139673682598454 -0.8819212643483619 0
    outer loop
      vertex 3 -123.80384757729337 4
      vertex 2.653732141314008 -123.61876355080388 -4
      vertex 3 -123.80384757729337 -4
    endloop
  endfacet
  facet normal -0.5280678506503592 -0.8492021815265843 0
    outer loop
      vertex 3.333421398117613 -124.01118232618472 4
      vertex 3 -123.80384757729337 -4
      vertex 3.333421398117613 -124.01118232618472 -4
    endloop
  endfacet
  facet normal -0.5824776968678066 -0.8128466845916121 0
    outer loop
      vertex 3.652568574052324 -124.23987995825259 4
      vertex 3.333421398117613 -124.01118232618472 -4
      vertex 3.652568574052324 -124.23987995825259 -4
    endloop
  endfacet
  facet normal -0.6343932841636466 -0.7730104533627361 0
    outer loop
      vertex 3.956074890600413 -124.48896115512613 4
      vertex 3.652568574052324 -124.23987995825259 -4
      vertex 3.956074890600413 -124.48896115512613 -4
    endloop
  endfacet
  facet normal -0.773010453362742 -0.6343932841636394 0
    outer loop
      vertex 4.760120041747411 -125.34743142594768 4
      vertex 4.511038844873864 -125.04392510939958 -4
      vertex 4.760120041747411 -125.34743142594768 -4
    endloop
  endfacet
  facet normal -0.8128466845916215 -0.5824776968677936 0
    outer loop
      vertex 4.988817673815271 -125.66657860188239 4
      vertex 4.760120041747411 -125.34743142594768 -4
      vertex 4.988817673815271 -125.66657860188239 -4
    endloop
  endfacet
  facet normal -0.9108638249211787 -0.4127070298043885 0
    outer loop
      vertex 5.54327719506772 -126.70389940580947 4
      vertex 5.3812364491961295 -126.34626785868599 -4
      vertex 5.54327719506772 -126.70389940580947 -4
    endloop
  endfacet
  facet normal -0.9569403357322107 -0.2902846772544564 0
    outer loop
      vertex 5.79555495773441 -127.44708572938488 4
      vertex 5.681580776970634 -127.07136320818103 -4
      vertex 5.79555495773441 -127.44708572938488 -4
    endloop
  endfacet
  facet normal -0.9359059267573224 -0.35225004792124204 0
    outer loop
      vertex 5.681580776970634 -127.07136320818103 4
      vertex 5.54327719506772 -126.70389940580947 -4
      vertex 5.681580776970634 -127.07136320818103 -4
    endloop
  endfacet
  facet normal -0.8492021815265746 -0.5280678506503751 0
    outer loop
      vertex 5.196152422706632 -126 4
      vertex 4.988817673815271 -125.66657860188239 -4
      vertex 5.196152422706632 -126 -4
    endloop
  endfacet
  facet normal -0.8819212643483547 -0.4713967368259983 0
    outer loop
      vertex 5.3812364491961295 -126.34626785868599 4
      vertex 5.196152422706632 -126 -4
      vertex 5.3812364491961295 -126.34626785868599 -4
    endloop
  endfacet
  facet normal -0.6835923020228649 -0.7298640726978417 0
    outer loop
      vertex 3.956074890600413 -124.48896115512613 -4
      vertex 4.242640687119286 -124.75735931288071 -4
      vertex 4.242640687119286 -124.75735931288071 4
    endloop
  endfacet
  facet normal -0.7298640726978362 -0.6835923020228708 0
    outer loop
      vertex 4.511038844873864 -125.04392510939958 4
      vertex 4.242640687119286 -124.75735931288071 -4
      vertex 4.511038844873864 -125.04392510939958 -4
    endloop
  endfacet
  facet normal -0.03271908282175058 0.9994645874763665 0
    outer loop
      vertex 0.39241877538085834 -134.98715353943163 4
      vertex 0.39241877538085834 -134.98715353943163 -4
      vertex 0 -135 4
    endloop
  endfacet
  facet normal -0.09801714032956008 0.995184726672197 0
    outer loop
      vertex 0.7831571533203094 -134.94866916824287 4
      vertex 0.7831571533203094 -134.94866916824287 -4
      vertex 0.39241877538085834 -134.98715353943163 4
    endloop
  endfacet
  facet normal -0.16289547339462324 0.9866433320848733 0
    outer loop
      vertex 1.1705419320967696 -134.88471168241938 4
      vertex 1.1705419320967696 -134.88471168241938 -4
      vertex 0.7831571533203094 -134.94866916824287 4
    endloop
  endfacet
  facet normal -0.22707626303439785 0.9738769792773279 0
    outer loop
      vertex 1.5529142706151244 -134.7955549577344 4
      vertex 1.5529142706151244 -134.7955549577344 -4
      vertex 1.1705419320967696 -134.88471168241938 4
    endloop
  endfacet
  facet normal -0.29028467725443013 0.9569403357322186 0
    outer loop
      vertex 1.9286367918189695 -134.68158077697063 4
      vertex 1.9286367918189695 -134.68158077697063 -4
      vertex 1.5529142706151244 -134.7955549577344 4
    endloop
  endfacet
  facet normal -0.3522500479212109 0.9359059267573343 0
    outer loop
      vertex 2.2961005941905386 -134.54327719506773 4
      vertex 2.2961005941905386 -134.54327719506773 -4
      vertex 1.9286367918189695 -134.68158077697063 4
    endloop
  endfacet
  facet normal -0.41270702980439966 0.9108638249211736 0
    outer loop
      vertex 2.653732141314008 -134.38123644919614 4
      vertex 2.653732141314008 -134.38123644919614 -4
      vertex 2.2961005941905386 -134.54327719506773 4
    endloop
  endfacet
  facet normal -0.47139673682601274 0.881921264348347 0
    outer loop
      vertex 3 -134.19615242270663 4
      vertex 3 -134.19615242270663 -4
      vertex 2.653732141314008 -134.38123644919614 4
    endloop
  endfacet
  facet normal -0.5280678506503592 0.8492021815265843 0
    outer loop
      vertex 3.333421398117613 -133.98881767381528 4
      vertex 3.333421398117613 -133.98881767381528 -4
      vertex 3 -134.19615242270663 4
    endloop
  endfacet
  facet normal -0.5824776968678304 0.8128466845915949 0
    outer loop
      vertex 3.652568574052324 -133.7601200417474 4
      vertex 3.652568574052324 -133.7601200417474 -4
      vertex 3.333421398117613 -133.98881767381528 4
    endloop
  endfacet
  facet normal -0.634393284163625 0.7730104533627538 0
    outer loop
      vertex 3.956074890600413 -133.51103884487387 4
      vertex 3.956074890600413 -133.51103884487387 -4
      vertex 3.652568574052324 -133.7601200417474 4
    endloop
  endfacet
  facet normal -0.6835923020228649 0.7298640726978417 0
    outer loop
      vertex 4.242640687119286 -133.2426406871193 4
      vertex 4.242640687119286 -133.2426406871193 -4
      vertex 3.956074890600413 -133.51103884487387 4
    endloop
  endfacet
  facet normal -0.7298640726978529 0.6835923020228527 0
    outer loop
      vertex 4.242640687119286 -133.2426406871193 4
      vertex 4.511038844873864 -132.9560748906004 4
      vertex 4.511038844873864 -132.9560748906004 -4
    endloop
  endfacet
  facet normal -0.773010453362742 0.6343932841636394 0
    outer loop
      vertex 4.511038844873864 -132.9560748906004 4
      vertex 4.760120041747411 -132.6525685740523 4
      vertex 4.760120041747411 -132.6525685740523 -4
    endloop
  endfacet
  facet normal -0.8128466845915968 0.5824776968678279 0
    outer loop
      vertex 4.760120041747411 -132.6525685740523 4
      vertex 4.988817673815271 -132.33342139811762 4
      vertex 4.988817673815271 -132.33342139811762 -4
    endloop
  endfacet
  facet normal -0.8492021815265847 0.5280678506503589 0
    outer loop
      vertex 4.988817673815271 -132.33342139811762 4
      vertex 5.196152422706632 -132 4
      vertex 5.196152422706632 -132 -4
    endloop
  endfacet
  facet normal -0.8819212643483547 0.4713967368259983 0
    outer loop
      vertex 5.196152422706632 -132 4
      vertex 5.3812364491961295 -131.653732141314 4
      vertex 5.3812364491961295 -131.653732141314 -4
    endloop
  endfacet
  facet normal -0.9108638249211787 0.4127070298043885 0
    outer loop
      vertex 5.3812364491961295 -131.653732141314 4
      vertex 5.54327719506772 -131.29610059419053 4
      vertex 5.54327719506772 -131.29610059419053 -4
    endloop
  endfacet
  facet normal -0.9359059267573224 0.35225004792124204 0
    outer loop
      vertex 5.54327719506772 -131.29610059419053 4
      vertex 5.681580776970634 -130.92863679181897 4
      vertex 5.681580776970634 -130.92863679181897 -4
    endloop
  endfacet
  facet normal -0.9569403357322077 0.29028467725446644 0
    outer loop
      vertex 5.681580776970634 -130.92863679181897 4
      vertex 5.79555495773441 -130.55291427061513 4
      vertex 5.79555495773441 -130.55291427061513 -4
    endloop
  endfacet
  facet normal -0.9738769792773352 0.2270762630343661 0
    outer loop
      vertex 5.79555495773441 -130.55291427061513 4
      vertex 5.884711682419383 -130.17054193209677 4
      vertex 5.884711682419383 -130.17054193209677 -4
    endloop
  endfacet
  facet normal -0.9866433320848793 0.16289547339458615 0
    outer loop
      vertex 5.884711682419383 -130.17054193209677 4
      vertex 5.948669168242862 -129.7831571533203 4
      vertex 5.948669168242862 -129.7831571533203 -4
    endloop
  endfacet
  facet normal -0.9951847266721967 0.09801714032956228 0
    outer loop
      vertex 5.948669168242862 -129.7831571533203 4
      vertex 5.98715353943162 -129.39241877538086 4
      vertex 5.98715353943162 -129.39241877538086 -4
    endloop
  endfacet
  facet normal -0.9994645874763656 0.032719082821777476 0
    outer loop
      vertex 5.98715353943162 -129.39241877538086 4
      vertex 6 -129 4
      vertex 6 -129 -4
    endloop
  endfacet
  facet normal -0.9994645874763656 -0.032719082821777476 0
    outer loop
      vertex 6 -129 4
      vertex 5.98715353943162 -128.60758122461914 4
      vertex 5.98715353943162 -128.60758122461914 -4
    endloop
  endfacet
  facet normal -0.9951847266721967 -0.09801714032956228 0
    outer loop
      vertex 5.98715353943162 -128.60758122461914 4
      vertex 5.948669168242862 -128.2168428466797 4
      vertex 5.948669168242862 -128.2168428466797 -4
    endloop
  endfacet
  facet normal -0.9866433320848793 -0.16289547339458615 0
    outer loop
      vertex 5.948669168242862 -128.2168428466797 4
      vertex 5.884711682419383 -127.82945806790323 4
      vertex 5.884711682419383 -127.82945806790323 -4
    endloop
  endfacet
  facet normal -0.9738769792773334 -0.22707626303437412 0
    outer loop
      vertex 5.884711682419383 -127.82945806790323 4
      vertex 5.79555495773441 -127.44708572938488 4
      vertex 5.79555495773441 -127.44708572938488 -4
    endloop
  endfacet
  facet normal -0.03271908282178674 -0.9994645874763654 0
    outer loop
      vertex 0 -123 4
      vertex 0 -123 -4
      vertex 0.39241877538085834 -123.01284646056838 4
    endloop
  endfacet
  facet normal -0.09801714032956008 -0.995184726672197 0
    outer loop
      vertex 0.39241877538085834 -123.01284646056838 4
      vertex 0.39241877538085834 -123.01284646056838 -4
      vertex 0.7831571533203094 -123.05133083175714 4
    endloop
  endfacet
  facet normal -0.162895473394588 -0.9866433320848791 0
    outer loop
      vertex 0.7831571533203094 -123.05133083175714 4
      vertex 0.7831571533203094 -123.05133083175714 -4
      vertex 1.1705419320967696 -123.11528831758062 4
    endloop
  endfacet
  facet normal -0.2270762630343635 -0.9738769792773359 0
    outer loop
      vertex 1.1705419320967696 -123.11528831758062 4
      vertex 1.1705419320967696 -123.11528831758062 -4
      vertex 1.5529142706151244 -123.20444504226559 4
    endloop
  endfacet
  facet normal -0.29028467725446333 -0.9569403357322086 0
    outer loop
      vertex 1.5529142706151244 -123.20444504226559 4
      vertex 1.5529142706151244 -123.20444504226559 -4
      vertex 1.9286367918189695 -123.31841922302937 4
    endloop
  endfacet
  facet normal -0.35225004792124254 -0.9359059267573222 0
    outer loop
      vertex 1.9286367918189695 -123.31841922302937 4
      vertex 1.9286367918189695 -123.31841922302937 -4
      vertex 2.2961005941905386 -123.45672280493228 4
    endloop
  endfacet
  facet normal -0.41270702980439966 -0.9108638249211736 0
    outer loop
      vertex 2.2961005941905386 -123.45672280493228 4
      vertex 2.2961005941905386 -123.45672280493228 -4
      vertex 2.653732141314008 -123.61876355080388 4
    endloop
  endfacet
  facet normal -0.47139673682598454 -0.8819212643483619 0
    outer loop
      vertex 2.653732141314008 -123.61876355080388 4
      vertex 2.653732141314008 -123.61876355080388 -4
      vertex 3 -123.80384757729337 4
    endloop
  endfacet
  facet normal -0.5824776968678066 -0.8128466845916121 0
    outer loop
      vertex 3.333421398117613 -124.01118232618472 4
      vertex 3.333421398117613 -124.01118232618472 -4
      vertex 3.652568574052324 -124.23987995825259 4
    endloop
  endfacet
  facet normal -0.6343932841636466 -0.7730104533627361 0
    outer loop
      vertex 3.652568574052324 -124.23987995825259 4
      vertex 3.652568574052324 -124.23987995825259 -4
      vertex 3.956074890600413 -124.48896115512613 4
    endloop
  endfacet
  facet normal -0.5280678506503592 -0.8492021815265843 0
    outer loop
      vertex 3 -123.80384757729337 4
      vertex 3 -123.80384757729337 -4
      vertex 3.333421398117613 -124.01118232618472 4
    endloop
  endfacet
  facet normal -0.773010453362742 -0.6343932841636394 0
    outer loop
      vertex 4.760120041747411 -125.34743142594768 4
      vertex 4.511038844873864 -125.04392510939958 4
      vertex 4.511038844873864 -125.04392510939958 -4
    endloop
  endfacet
  facet normal -0.8128466845916215 -0.5824776968677936 0
    outer loop
      vertex 4.988817673815271 -125.66657860188239 4
      vertex 4.760120041747411 -125.34743142594768 4
      vertex 4.760120041747411 -125.34743142594768 -4
    endloop
  endfacet
  facet normal -0.9108638249211787 -0.4127070298043885 0
    outer loop
      vertex 5.54327719506772 -126.70389940580947 4
      vertex 5.3812364491961295 -126.34626785868599 4
      vertex 5.3812364491961295 -126.34626785868599 -4
    endloop
  endfacet
  facet normal -0.9569403357322107 -0.2902846772544564 0
    outer loop
      vertex 5.79555495773441 -127.44708572938488 4
      vertex 5.681580776970634 -127.07136320818103 4
      vertex 5.681580776970634 -127.07136320818103 -4
    endloop
  endfacet
  facet normal -0.9359059267573224 -0.35225004792124204 0
    outer loop
      vertex 5.681580776970634 -127.07136320818103 4
      vertex 5.54327719506772 -126.70389940580947 4
      vertex 5.54327719506772 -126.70389940580947 -4
    endloop
  endfacet
  facet normal -0.8492021815265746 -0.5280678506503751 0
    outer loop
      vertex 5.196152422706632 -126 4
      vertex 4.988817673815271 -125.66657860188239 4
      vertex 4.988817673815271 -125.66657860188239 -4
    endloop
  endfacet
  facet normal -0.8819212643483547 -0.4713967368259983 0
    outer loop
      vertex 5.3812364491961295 -126.34626785868599 4
      vertex 5.196152422706632 -126 4
      vertex 5.196152422706632 -126 -4
    endloop
  endfacet
  facet normal -0.6835923020228649 -0.7298640726978417 0
    outer loop
      vertex 3.956074890600413 -124.48896115512613 4
      vertex 3.956074890600413 -124.48896115512613 -4
      vertex 4.242640687119286 -124.75735931288071 4
    endloop
  endfacet
  facet normal -0.7298640726978362 -0.6835923020228708 0
    outer loop
      vertex 4.511038844873864 -125.04392510939958 4
      vertex 4.242640687119286 -124.75735931288071 4
      vertex 4.242640687119286 -124.75735931288071 -4
    endloop
  endfacet
  facet normal 0.7298640726978362 0.6835923020228708 0
    outer loop
      vertex -4.242640687119286 124.75735931288071 -4
      vertex -4.511038844873864 125.04392510939958 -4
      vertex -4.511038844873864 125.04392510939958 4
    endloop
  endfacet
  facet normal 0.6835923020228649 0.7298640726978417 0
    outer loop
      vertex -3.956074890600413 124.48896115512613 -4
      vertex -4.242640687119286 124.75735931288071 -4
      vertex -4.242640687119286 124.75735931288071 4
    endloop
  endfacet
  facet normal 0.8819212643483547 0.4713967368259983 0
    outer loop
      vertex -5.196152422706632 126 -4
      vertex -5.3812364491961295 126.34626785868599 -4
      vertex -5.3812364491961295 126.34626785868599 4
    endloop
  endfacet
  facet normal 0.8492021815265746 0.5280678506503751 0
    outer loop
      vertex -4.988817673815271 125.66657860188239 -4
      vertex -5.196152422706632 126 -4
      vertex -5.196152422706632 126 4
    endloop
  endfacet
  facet normal 0.9359059267573224 0.35225004792124204 0
    outer loop
      vertex -5.54327719506772 126.70389940580947 -4
      vertex -5.681580776970634 127.07136320818103 -4
      vertex -5.681580776970634 127.07136320818103 4
    endloop
  endfacet
  facet normal 0.9569403357322107 0.2902846772544564 0
    outer loop
      vertex -5.681580776970634 127.07136320818103 -4
      vertex -5.79555495773441 127.44708572938488 -4
      vertex -5.79555495773441 127.44708572938488 4
    endloop
  endfacet
  facet normal 0.9108638249211787 0.4127070298043885 0
    outer loop
      vertex -5.3812364491961295 126.34626785868599 -4
      vertex -5.54327719506772 126.70389940580947 -4
      vertex -5.54327719506772 126.70389940580947 4
    endloop
  endfacet
  facet normal 0.8128466845916215 0.5824776968677936 0
    outer loop
      vertex -4.760120041747411 125.34743142594768 -4
      vertex -4.988817673815271 125.66657860188239 -4
      vertex -4.988817673815271 125.66657860188239 4
    endloop
  endfacet
  facet normal 0.773010453362742 0.6343932841636394 0
    outer loop
      vertex -4.511038844873864 125.04392510939958 -4
      vertex -4.760120041747411 125.34743142594768 -4
      vertex -4.760120041747411 125.34743142594768 4
    endloop
  endfacet
  facet normal 0.6343932841636466 0.7730104533627361 0
    outer loop
      vertex -3.956074890600413 124.48896115512613 -4
      vertex -3.956074890600413 124.48896115512613 4
      vertex -3.652568574052324 124.23987995825259 -4
    endloop
  endfacet
  facet normal 0.5824776968678066 0.8128466845916121 0
    outer loop
      vertex -3.652568574052324 124.23987995825259 -4
      vertex -3.652568574052324 124.23987995825259 4
      vertex -3.333421398117613 124.01118232618472 -4
    endloop
  endfacet
  facet normal 0.5280678506503592 0.8492021815265843 0
    outer loop
      vertex -3.333421398117613 124.01118232618472 -4
      vertex -3.333421398117613 124.01118232618472 4
      vertex -3 123.80384757729337 -4
    endloop
  endfacet
  facet normal 0.47139673682598454 0.8819212643483619 0
    outer loop
      vertex -3 123.80384757729337 -4
      vertex -3 123.80384757729337 4
      vertex -2.653732141314008 123.61876355080388 -4
    endloop
  endfacet
  facet normal 0.41270702980439966 0.9108638249211736 0
    outer loop
      vertex -2.653732141314008 123.61876355080388 -4
      vertex -2.653732141314008 123.61876355080388 4
      vertex -2.2961005941905386 123.45672280493228 -4
    endloop
  endfacet
  facet normal 0.35225004792124254 0.9359059267573222 0
    outer loop
      vertex -2.2961005941905386 123.45672280493228 -4
      vertex -2.2961005941905386 123.45672280493228 4
      vertex -1.9286367918189695 123.31841922302937 -4
    endloop
  endfacet
  facet normal 0.29028467725446333 0.9569403357322086 0
    outer loop
      vertex -1.9286367918189695 123.31841922302937 -4
      vertex -1.9286367918189695 123.31841922302937 4
      vertex -1.5529142706151244 123.20444504226559 -4
    endloop
  endfacet
  facet normal 0.2270762630343635 0.9738769792773359 0
    outer loop
      vertex -1.5529142706151244 123.20444504226559 -4
      vertex -1.5529142706151244 123.20444504226559 4
      vertex -1.1705419320967696 123.11528831758062 -4
    endloop
  endfacet
  facet normal 0.162895473394588 0.9866433320848791 0
    outer loop
      vertex -1.1705419320967696 123.11528831758062 -4
      vertex -1.1705419320967696 123.11528831758062 4
      vertex -0.7831571533203094 123.05133083175714 -4
    endloop
  endfacet
  facet normal 0.09801714032956008 0.995184726672197 0
    outer loop
      vertex -0.7831571533203094 123.05133083175714 -4
      vertex -0.7831571533203094 123.05133083175714 4
      vertex -0.39241877538085834 123.01284646056838 -4
    endloop
  endfacet
  facet normal 0.03271908282178674 0.9994645874763654 0
    outer loop
      vertex -0.39241877538085834 123.01284646056838 -4
      vertex -0.39241877538085834 123.01284646056838 4
      vertex 0 123 -4
    endloop
  endfacet
  facet normal 0.9738769792773334 0.22707626303437412 0
    outer loop
      vertex -5.79555495773441 127.44708572938488 -4
      vertex -5.884711682419383 127.82945806790323 -4
      vertex -5.884711682419383 127.82945806790323 4
    endloop
  endfacet
  facet normal 0.9866433320848793 0.16289547339458615 0
    outer loop
      vertex -5.884711682419383 127.82945806790323 -4
      vertex -5.948669168242862 128.2168428466797 -4
      vertex -5.948669168242862 128.2168428466797 4
    endloop
  endfacet
  facet normal 0.9951847266721967 0.09801714032956228 0
    outer loop
      vertex -5.948669168242862 128.2168428466797 -4
      vertex -5.98715353943162 128.60758122461914 -4
      vertex -5.98715353943162 128.60758122461914 4
    endloop
  endfacet
  facet normal 0.9994645874763656 0.032719082821777476 0
    outer loop
      vertex -5.98715353943162 128.60758122461914 -4
      vertex -6 129 -4
      vertex -6 129 4
    endloop
  endfacet
  facet normal 0.9994645874763656 -0.032719082821777476 0
    outer loop
      vertex -6 129 -4
      vertex -5.98715353943162 129.39241877538086 -4
      vertex -5.98715353943162 129.39241877538086 4
    endloop
  endfacet
  facet normal 0.9951847266721967 -0.09801714032956228 0
    outer loop
      vertex -5.98715353943162 129.39241877538086 -4
      vertex -5.948669168242862 129.7831571533203 -4
      vertex -5.948669168242862 129.7831571533203 4
    endloop
  endfacet
  facet normal 0.9866433320848793 -0.16289547339458615 0
    outer loop
      vertex -5.948669168242862 129.7831571533203 -4
      vertex -5.884711682419383 130.17054193209677 -4
      vertex -5.884711682419383 130.17054193209677 4
    endloop
  endfacet
  facet normal 0.9738769792773352 -0.2270762630343661 0
    outer loop
      vertex -5.884711682419383 130.17054193209677 -4
      vertex -5.79555495773441 130.55291427061513 -4
      vertex -5.79555495773441 130.55291427061513 4
    endloop
  endfacet
  facet normal 0.9569403357322077 -0.29028467725446644 0
    outer loop
      vertex -5.79555495773441 130.55291427061513 -4
      vertex -5.681580776970634 130.92863679181897 -4
      vertex -5.681580776970634 130.92863679181897 4
    endloop
  endfacet
  facet normal 0.9359059267573224 -0.35225004792124204 0
    outer loop
      vertex -5.681580776970634 130.92863679181897 -4
      vertex -5.54327719506772 131.29610059419053 -4
      vertex -5.54327719506772 131.29610059419053 4
    endloop
  endfacet
  facet normal 0.9108638249211787 -0.4127070298043885 0
    outer loop
      vertex -5.54327719506772 131.29610059419053 -4
      vertex -5.3812364491961295 131.653732141314 -4
      vertex -5.3812364491961295 131.653732141314 4
    endloop
  endfacet
  facet normal 0.8819212643483547 -0.4713967368259983 0
    outer loop
      vertex -5.3812364491961295 131.653732141314 -4
      vertex -5.196152422706632 132 -4
      vertex -5.196152422706632 132 4
    endloop
  endfacet
  facet normal 0.8492021815265847 -0.5280678506503589 0
    outer loop
      vertex -5.196152422706632 132 -4
      vertex -4.988817673815271 132.33342139811762 -4
      vertex -4.988817673815271 132.33342139811762 4
    endloop
  endfacet
  facet normal 0.8128466845915968 -0.5824776968678279 0
    outer loop
      vertex -4.988817673815271 132.33342139811762 -4
      vertex -4.760120041747411 132.6525685740523 -4
      vertex -4.760120041747411 132.6525685740523 4
    endloop
  endfacet
  facet normal 0.773010453362742 -0.6343932841636394 0
    outer loop
      vertex -4.760120041747411 132.6525685740523 -4
      vertex -4.511038844873864 132.9560748906004 -4
      vertex -4.511038844873864 132.9560748906004 4
    endloop
  endfacet
  facet normal 0.7298640726978529 -0.6835923020228527 0
    outer loop
      vertex -4.511038844873864 132.9560748906004 -4
      vertex -4.242640687119286 133.2426406871193 -4
      vertex -4.242640687119286 133.2426406871193 4
    endloop
  endfacet
  facet normal 0.6835923020228649 -0.7298640726978417 0
    outer loop
      vertex -3.956074890600413 133.51103884487387 -4
      vertex -3.956074890600413 133.51103884487387 4
      vertex -4.242640687119286 133.2426406871193 -4
    endloop
  endfacet
  facet normal 0.634393284163625 -0.7730104533627538 0
    outer loop
      vertex -3.652568574052324 133.7601200417474 -4
      vertex -3.652568574052324 133.7601200417474 4
      vertex -3.956074890600413 133.51103884487387 -4
    endloop
  endfacet
  facet normal 0.5824776968678304 -0.8128466845915949 0
    outer loop
      vertex -3.333421398117613 133.98881767381528 -4
      vertex -3.333421398117613 133.98881767381528 4
      vertex -3.652568574052324 133.7601200417474 -4
    endloop
  endfacet
  facet normal 0.5280678506503592 -0.8492021815265843 0
    outer loop
      vertex -3 134.19615242270663 -4
      vertex -3 134.19615242270663 4
      vertex -3.333421398117613 133.98881767381528 -4
    endloop
  endfacet
  facet normal 0.47139673682601274 -0.881921264348347 0
    outer loop
      vertex -2.653732141314008 134.38123644919614 -4
      vertex -2.653732141314008 134.38123644919614 4
      vertex -3 134.19615242270663 -4
    endloop
  endfacet
  facet normal 0.41270702980439966 -0.9108638249211736 0
    outer loop
      vertex -2.2961005941905386 134.54327719506773 -4
      vertex -2.2961005941905386 134.54327719506773 4
      vertex -2.653732141314008 134.38123644919614 -4
    endloop
  endfacet
  facet normal 0.3522500479212109 -0.9359059267573343 0
    outer loop
      vertex -1.9286367918189695 134.68158077697063 -4
      vertex -1.9286367918189695 134.68158077697063 4
      vertex -2.2961005941905386 134.54327719506773 -4
    endloop
  endfacet
  facet normal 0.29028467725443013 -0.9569403357322186 0
    outer loop
      vertex -1.5529142706151244 134.7955549577344 -4
      vertex -1.5529142706151244 134.7955549577344 4
      vertex -1.9286367918189695 134.68158077697063 -4
    endloop
  endfacet
  facet normal 0.22707626303439785 -0.9738769792773279 0
    outer loop
      vertex -1.1705419320967696 134.88471168241938 -4
      vertex -1.1705419320967696 134.88471168241938 4
      vertex -1.5529142706151244 134.7955549577344 -4
    endloop
  endfacet
  facet normal 0.16289547339462324 -0.9866433320848733 0
    outer loop
      vertex -0.7831571533203094 134.94866916824287 -4
      vertex -0.7831571533203094 134.94866916824287 4
      vertex -1.1705419320967696 134.88471168241938 -4
    endloop
  endfacet
  facet normal 0.09801714032956008 -0.995184726672197 0
    outer loop
      vertex -0.39241877538085834 134.98715353943163 -4
      vertex -0.39241877538085834 134.98715353943163 4
      vertex -0.7831571533203094 134.94866916824287 -4
    endloop
  endfacet
  facet normal 0.03271908282175058 -0.9994645874763665 0
    outer loop
      vertex 0 135 -4
      vertex 0 135 4
      vertex -0.39241877538085834 134.98715353943163 -4
    endloop
  endfacet
  facet normal 0.7298640726978362 0.6835923020228708 0
    outer loop
      vertex -4.242640687119286 124.75735931288071 -4
      vertex -4.511038844873864 125.04392510939958 4
      vertex -4.242640687119286 124.75735931288071 4
    endloop
  endfacet
  facet normal 0.6835923020228649 0.7298640726978417 0
    outer loop
      vertex -3.956074890600413 124.48896115512613 -4
      vertex -4.242640687119286 124.75735931288071 4
      vertex -3.956074890600413 124.48896115512613 4
    endloop
  endfacet
  facet normal 0.8819212643483547 0.4713967368259983 0
    outer loop
      vertex -5.196152422706632 126 -4
      vertex -5.3812364491961295 126.34626785868599 4
      vertex -5.196152422706632 126 4
    endloop
  endfacet
  facet normal 0.8492021815265746 0.5280678506503751 0
    outer loop
      vertex -4.988817673815271 125.66657860188239 -4
      vertex -5.196152422706632 126 4
      vertex -4.988817673815271 125.66657860188239 4
    endloop
  endfacet
  facet normal 0.9359059267573224 0.35225004792124204 0
    outer loop
      vertex -5.54327719506772 126.70389940580947 -4
      vertex -5.681580776970634 127.07136320818103 4
      vertex -5.54327719506772 126.70389940580947 4
    endloop
  endfacet
  facet normal 0.9569403357322107 0.2902846772544564 0
    outer loop
      vertex -5.681580776970634 127.07136320818103 -4
      vertex -5.79555495773441 127.44708572938488 4
      vertex -5.681580776970634 127.07136320818103 4
    endloop
  endfacet
  facet normal 0.9108638249211787 0.4127070298043885 0
    outer loop
      vertex -5.3812364491961295 126.34626785868599 -4
      vertex -5.54327719506772 126.70389940580947 4
      vertex -5.3812364491961295 126.34626785868599 4
    endloop
  endfacet
  facet normal 0.8128466845916215 0.5824776968677936 0
    outer loop
      vertex -4.760120041747411 125.34743142594768 -4
      vertex -4.988817673815271 125.66657860188239 4
      vertex -4.760120041747411 125.34743142594768 4
    endloop
  endfacet
  facet normal 0.773010453362742 0.6343932841636394 0
    outer loop
      vertex -4.511038844873864 125.04392510939958 -4
      vertex -4.760120041747411 125.34743142594768 4
      vertex -4.511038844873864 125.04392510939958 4
    endloop
  endfacet
  facet normal 0.5280678506503592 0.8492021815265843 0
    outer loop
      vertex -3 123.80384757729337 -4
      vertex -3.333421398117613 124.01118232618472 4
      vertex -3 123.80384757729337 4
    endloop
  endfacet
  facet normal 0.6343932841636466 0.7730104533627361 0
    outer loop
      vertex -3.652568574052324 124.23987995825259 -4
      vertex -3.956074890600413 124.48896115512613 4
      vertex -3.652568574052324 124.23987995825259 4
    endloop
  endfacet
  facet normal 0.5824776968678066 0.8128466845916121 0
    outer loop
      vertex -3.333421398117613 124.01118232618472 -4
      vertex -3.652568574052324 124.23987995825259 4
      vertex -3.333421398117613 124.01118232618472 4
    endloop
  endfacet
  facet normal 0.47139673682598454 0.8819212643483619 0
    outer loop
      vertex -2.653732141314008 123.61876355080388 -4
      vertex -3 123.80384757729337 4
      vertex -2.653732141314008 123.61876355080388 4
    endloop
  endfacet
  facet normal 0.41270702980439966 0.9108638249211736 0
    outer loop
      vertex -2.2961005941905386 123.45672280493228 -4
      vertex -2.653732141314008 123.61876355080388 4
      vertex -2.2961005941905386 123.45672280493228 4
    endloop
  endfacet
  facet normal 0.35225004792124254 0.9359059267573222 0
    outer loop
      vertex -1.9286367918189695 123.31841922302937 -4
      vertex -2.2961005941905386 123.45672280493228 4
      vertex -1.9286367918189695 123.31841922302937 4
    endloop
  endfacet
  facet normal 0.29028467725446333 0.9569403357322086 0
    outer loop
      vertex -1.5529142706151244 123.20444504226559 -4
      vertex -1.9286367918189695 123.31841922302937 4
      vertex -1.5529142706151244 123.20444504226559 4
    endloop
  endfacet
  facet normal 0.2270762630343635 0.9738769792773359 0
    outer loop
      vertex -1.1705419320967696 123.11528831758062 -4
      vertex -1.5529142706151244 123.20444504226559 4
      vertex -1.1705419320967696 123.11528831758062 4
    endloop
  endfacet
  facet normal 0.162895473394588 0.9866433320848791 0
    outer loop
      vertex -0.7831571533203094 123.05133083175714 -4
      vertex -1.1705419320967696 123.11528831758062 4
      vertex -0.7831571533203094 123.05133083175714 4
    endloop
  endfacet
  facet normal 0.09801714032956008 0.995184726672197 0
    outer loop
      vertex -0.39241877538085834 123.01284646056838 -4
      vertex -0.7831571533203094 123.05133083175714 4
      vertex -0.39241877538085834 123.01284646056838 4
    endloop
  endfacet
  facet normal 0.03271908282178674 0.9994645874763654 0
    outer loop
      vertex 0 123 -4
      vertex -0.39241877538085834 123.01284646056838 4
      vertex 0 123 4
    endloop
  endfacet
  facet normal 0.9738769792773334 0.22707626303437412 0
    outer loop
      vertex -5.79555495773441 127.44708572938488 -4
      vertex -5.884711682419383 127.82945806790323 4
      vertex -5.79555495773441 127.44708572938488 4
    endloop
  endfacet
  facet normal 0.9866433320848793 0.16289547339458615 0
    outer loop
      vertex -5.884711682419383 127.82945806790323 -4
      vertex -5.948669168242862 128.2168428466797 4
      vertex -5.884711682419383 127.82945806790323 4
    endloop
  endfacet
  facet normal 0.9951847266721967 0.09801714032956228 0
    outer loop
      vertex -5.948669168242862 128.2168428466797 -4
      vertex -5.98715353943162 128.60758122461914 4
      vertex -5.948669168242862 128.2168428466797 4
    endloop
  endfacet
  facet normal 0.9994645874763656 0.032719082821777476 0
    outer loop
      vertex -5.98715353943162 128.60758122461914 -4
      vertex -6 129 4
      vertex -5.98715353943162 128.60758122461914 4
    endloop
  endfacet
  facet normal 0.9994645874763656 -0.032719082821777476 0
    outer loop
      vertex -6 129 -4
      vertex -5.98715353943162 129.39241877538086 4
      vertex -6 129 4
    endloop
  endfacet
  facet normal 0.9951847266721967 -0.09801714032956228 0
    outer loop
      vertex -5.98715353943162 129.39241877538086 -4
      vertex -5.948669168242862 129.7831571533203 4
      vertex -5.98715353943162 129.39241877538086 4
    endloop
  endfacet
  facet normal 0.9866433320848793 -0.16289547339458615 0
    outer loop
      vertex -5.948669168242862 129.7831571533203 -4
      vertex -5.884711682419383 130.17054193209677 4
      vertex -5.948669168242862 129.7831571533203 4
    endloop
  endfacet
  facet normal 0.9738769792773352 -0.2270762630343661 0
    outer loop
      vertex -5.884711682419383 130.17054193209677 -4
      vertex -5.79555495773441 130.55291427061513 4
      vertex -5.884711682419383 130.17054193209677 4
    endloop
  endfacet
  facet normal 0.9569403357322077 -0.29028467725446644 0
    outer loop
      vertex -5.79555495773441 130.55291427061513 -4
      vertex -5.681580776970634 130.92863679181897 4
      vertex -5.79555495773441 130.55291427061513 4
    endloop
  endfacet
  facet normal 0.9359059267573224 -0.35225004792124204 0
    outer loop
      vertex -5.681580776970634 130.92863679181897 -4
      vertex -5.54327719506772 131.29610059419053 4
      vertex -5.681580776970634 130.92863679181897 4
    endloop
  endfacet
  facet normal 0.9108638249211787 -0.4127070298043885 0
    outer loop
      vertex -5.54327719506772 131.29610059419053 -4
      vertex -5.3812364491961295 131.653732141314 4
      vertex -5.54327719506772 131.29610059419053 4
    endloop
  endfacet
  facet normal 0.8819212643483547 -0.4713967368259983 0
    outer loop
      vertex -5.3812364491961295 131.653732141314 -4
      vertex -5.196152422706632 132 4
      vertex -5.3812364491961295 131.653732141314 4
    endloop
  endfacet
  facet normal 0.8492021815265847 -0.5280678506503589 0
    outer loop
      vertex -5.196152422706632 132 -4
      vertex -4.988817673815271 132.33342139811762 4
      vertex -5.196152422706632 132 4
    endloop
  endfacet
  facet normal 0.8128466845915968 -0.5824776968678279 0
    outer loop
      vertex -4.988817673815271 132.33342139811762 -4
      vertex -4.760120041747411 132.6525685740523 4
      vertex -4.988817673815271 132.33342139811762 4
    endloop
  endfacet
  facet normal 0.773010453362742 -0.6343932841636394 0
    outer loop
      vertex -4.760120041747411 132.6525685740523 -4
      vertex -4.511038844873864 132.9560748906004 4
      vertex -4.760120041747411 132.6525685740523 4
    endloop
  endfacet
  facet normal 0.7298640726978529 -0.6835923020228527 0
    outer loop
      vertex -4.511038844873864 132.9560748906004 -4
      vertex -4.242640687119286 133.2426406871193 4
      vertex -4.511038844873864 132.9560748906004 4
    endloop
  endfacet
  facet normal 0.6835923020228649 -0.7298640726978417 0
    outer loop
      vertex -4.242640687119286 133.2426406871193 -4
      vertex -3.956074890600413 133.51103884487387 4
      vertex -4.242640687119286 133.2426406871193 4
    endloop
  endfacet
  facet normal 0.634393284163625 -0.7730104533627538 0
    outer loop
      vertex -3.956074890600413 133.51103884487387 -4
      vertex -3.652568574052324 133.7601200417474 4
      vertex -3.956074890600413 133.51103884487387 4
    endloop
  endfacet
  facet normal 0.5824776968678304 -0.8128466845915949 0
    outer loop
      vertex -3.652568574052324 133.7601200417474 -4
      vertex -3.333421398117613 133.98881767381528 4
      vertex -3.652568574052324 133.7601200417474 4
    endloop
  endfacet
  facet normal 0.5280678506503592 -0.8492021815265843 0
    outer loop
      vertex -3.333421398117613 133.98881767381528 -4
      vertex -3 134.19615242270663 4
      vertex -3.333421398117613 133.98881767381528 4
    endloop
  endfacet
  facet normal 0.47139673682601274 -0.881921264348347 0
    outer loop
      vertex -3 134.19615242270663 -4
      vertex -2.653732141314008 134.38123644919614 4
      vertex -3 134.19615242270663 4
    endloop
  endfacet
  facet normal 0.41270702980439966 -0.9108638249211736 0
    outer loop
      vertex -2.653732141314008 134.38123644919614 -4
      vertex -2.2961005941905386 134.54327719506773 4
      vertex -2.653732141314008 134.38123644919614 4
    endloop
  endfacet
  facet normal 0.3522500479212109 -0.9359059267573343 0
    outer loop
      vertex -2.2961005941905386 134.54327719506773 -4
      vertex -1.9286367918189695 134.68158077697063 4
      vertex -2.2961005941905386 134.54327719506773 4
    endloop
  endfacet
  facet normal 0.29028467725443013 -0.9569403357322186 0
    outer loop
      vertex -1.9286367918189695 134.68158077697063 -4
      vertex -1.5529142706151244 134.7955549577344 4
      vertex -1.9286367918189695 134.68158077697063 4
    endloop
  endfacet
  facet normal 0.22707626303439785 -0.9738769792773279 0
    outer loop
      vertex -1.5529142706151244 134.7955549577344 -4
      vertex -1.1705419320967696 134.88471168241938 4
      vertex -1.5529142706151244 134.7955549577344 4
    endloop
  endfacet
  facet normal 0.16289547339462324 -0.9866433320848733 0
    outer loop
      vertex -1.1705419320967696 134.88471168241938 -4
      vertex -0.7831571533203094 134.94866916824287 4
      vertex -1.1705419320967696 134.88471168241938 4
    endloop
  endfacet
  facet normal 0.09801714032956008 -0.995184726672197 0
    outer loop
      vertex -0.7831571533203094 134.94866916824287 -4
      vertex -0.39241877538085834 134.98715353943163 4
      vertex -0.7831571533203094 134.94866916824287 4
    endloop
  endfacet
  facet normal 0.03271908282175058 -0.9994645874763665 0
    outer loop
      vertex -0.39241877538085834 134.98715353943163 -4
      vertex 0 135 4
      vertex -0.39241877538085834 134.98715353943163 4
    endloop
  endfacet
  facet normal -0.03271908282178674 0.9994645874763654 0
    outer loop
      vertex 0 123 -4
      vertex 0 123 4
      vertex 0.39241877538085834 123.01284646056838 -4
    endloop
  endfacet
  facet normal -0.09801714032956008 0.995184726672197 0
    outer loop
      vertex 0.39241877538085834 123.01284646056838 -4
      vertex 0.39241877538085834 123.01284646056838 4
      vertex 0.7831571533203094 123.05133083175714 -4
    endloop
  endfacet
  facet normal -0.162895473394588 0.9866433320848791 0
    outer loop
      vertex 0.7831571533203094 123.05133083175714 -4
      vertex 0.7831571533203094 123.05133083175714 4
      vertex 1.1705419320967696 123.11528831758062 -4
    endloop
  endfacet
  facet normal -0.2270762630343635 0.9738769792773359 0
    outer loop
      vertex 1.1705419320967696 123.11528831758062 -4
      vertex 1.1705419320967696 123.11528831758062 4
      vertex 1.5529142706151244 123.20444504226559 -4
    endloop
  endfacet
  facet normal -0.29028467725446333 0.9569403357322086 0
    outer loop
      vertex 1.5529142706151244 123.20444504226559 -4
      vertex 1.5529142706151244 123.20444504226559 4
      vertex 1.9286367918189695 123.31841922302937 -4
    endloop
  endfacet
  facet normal -0.35225004792124254 0.9359059267573222 0
    outer loop
      vertex 1.9286367918189695 123.31841922302937 -4
      vertex 1.9286367918189695 123.31841922302937 4
      vertex 2.2961005941905386 123.45672280493228 -4
    endloop
  endfacet
  facet normal -0.41270702980439966 0.9108638249211736 0
    outer loop
      vertex 2.2961005941905386 123.45672280493228 -4
      vertex 2.2961005941905386 123.45672280493228 4
      vertex 2.653732141314008 123.61876355080388 -4
    endloop
  endfacet
  facet normal -0.47139673682598454 0.8819212643483619 0
    outer loop
      vertex 2.653732141314008 123.61876355080388 -4
      vertex 2.653732141314008 123.61876355080388 4
      vertex 3 123.80384757729337 -4
    endloop
  endfacet
  facet normal -0.5280678506503592 0.8492021815265843 0
    outer loop
      vertex 3 123.80384757729337 -4
      vertex 3 123.80384757729337 4
      vertex 3.333421398117613 124.01118232618472 -4
    endloop
  endfacet
  facet normal -0.5824776968678066 0.8128466845916121 0
    outer loop
      vertex 3.333421398117613 124.01118232618472 -4
      vertex 3.333421398117613 124.01118232618472 4
      vertex 3.652568574052324 124.23987995825259 -4
    endloop
  endfacet
  facet normal -0.6343932841636466 0.7730104533627361 0
    outer loop
      vertex 3.652568574052324 124.23987995825259 -4
      vertex 3.652568574052324 124.23987995825259 4
      vertex 3.956074890600413 124.48896115512613 -4
    endloop
  endfacet
  facet normal -0.6835923020228649 0.7298640726978417 0
    outer loop
      vertex 3.956074890600413 124.48896115512613 -4
      vertex 3.956074890600413 124.48896115512613 4
      vertex 4.242640687119286 124.75735931288071 -4
    endloop
  endfacet
  facet normal -0.7298640726978362 0.6835923020228708 0
    outer loop
      vertex 4.242640687119286 124.75735931288071 -4
      vertex 4.242640687119286 124.75735931288071 4
      vertex 4.511038844873864 125.04392510939958 -4
    endloop
  endfacet
  facet normal -0.773010453362742 0.6343932841636394 0
    outer loop
      vertex 4.760120041747411 125.34743142594768 -4
      vertex 4.511038844873864 125.04392510939958 -4
      vertex 4.511038844873864 125.04392510939958 4
    endloop
  endfacet
  facet normal -0.8128466845916215 0.5824776968677936 0
    outer loop
      vertex 4.988817673815271 125.66657860188239 -4
      vertex 4.760120041747411 125.34743142594768 -4
      vertex 4.760120041747411 125.34743142594768 4
    endloop
  endfacet
  facet normal -0.8492021815265746 0.5280678506503751 0
    outer loop
      vertex 5.196152422706632 126 -4
      vertex 4.988817673815271 125.66657860188239 -4
      vertex 4.988817673815271 125.66657860188239 4
    endloop
  endfacet
  facet normal -0.8819212643483547 0.4713967368259983 0
    outer loop
      vertex 5.3812364491961295 126.34626785868599 -4
      vertex 5.196152422706632 126 -4
      vertex 5.196152422706632 126 4
    endloop
  endfacet
  facet normal -0.9108638249211787 0.4127070298043885 0
    outer loop
      vertex 5.54327719506772 126.70389940580947 -4
      vertex 5.3812364491961295 126.34626785868599 -4
      vertex 5.3812364491961295 126.34626785868599 4
    endloop
  endfacet
  facet normal -0.9359059267573224 0.35225004792124204 0
    outer loop
      vertex 5.681580776970634 127.07136320818103 -4
      vertex 5.54327719506772 126.70389940580947 -4
      vertex 5.54327719506772 126.70389940580947 4
    endloop
  endfacet
  facet normal -0.9569403357322107 0.2902846772544564 0
    outer loop
      vertex 5.79555495773441 127.44708572938488 -4
      vertex 5.681580776970634 127.07136320818103 -4
      vertex 5.681580776970634 127.07136320818103 4
    endloop
  endfacet
  facet normal -0.16289547339462324 -0.9866433320848733 0
    outer loop
      vertex 1.1705419320967696 134.88471168241938 -4
      vertex 1.1705419320967696 134.88471168241938 4
      vertex 0.7831571533203094 134.94866916824287 -4
    endloop
  endfacet
  facet normal -0.22707626303439785 -0.9738769792773279 0
    outer loop
      vertex 1.5529142706151244 134.7955549577344 -4
      vertex 1.5529142706151244 134.7955549577344 4
      vertex 1.1705419320967696 134.88471168241938 -4
    endloop
  endfacet
  facet normal -0.29028467725443013 -0.9569403357322186 0
    outer loop
      vertex 1.9286367918189695 134.68158077697063 -4
      vertex 1.9286367918189695 134.68158077697063 4
      vertex 1.5529142706151244 134.7955549577344 -4
    endloop
  endfacet
  facet normal -0.03271908282175058 -0.9994645874763665 0
    outer loop
      vertex 0.39241877538085834 134.98715353943163 -4
      vertex 0.39241877538085834 134.98715353943163 4
      vertex 0 135 -4
    endloop
  endfacet
  facet normal -0.09801714032956008 -0.995184726672197 0
    outer loop
      vertex 0.7831571533203094 134.94866916824287 -4
      vertex 0.7831571533203094 134.94866916824287 4
      vertex 0.39241877538085834 134.98715353943163 -4
    endloop
  endfacet
  facet normal -0.3522500479212109 -0.9359059267573343 0
    outer loop
      vertex 2.2961005941905386 134.54327719506773 -4
      vertex 2.2961005941905386 134.54327719506773 4
      vertex 1.9286367918189695 134.68158077697063 -4
    endloop
  endfacet
  facet normal -0.47139673682601274 -0.881921264348347 0
    outer loop
      vertex 3 134.19615242270663 -4
      vertex 3 134.19615242270663 4
      vertex 2.653732141314008 134.38123644919614 -4
    endloop
  endfacet
  facet normal -0.41270702980439966 -0.9108638249211736 0
    outer loop
      vertex 2.653732141314008 134.38123644919614 -4
      vertex 2.653732141314008 134.38123644919614 4
      vertex 2.2961005941905386 134.54327719506773 -4
    endloop
  endfacet
  facet normal -0.634393284163625 -0.7730104533627538 0
    outer loop
      vertex 3.956074890600413 133.51103884487387 -4
      vertex 3.956074890600413 133.51103884487387 4
      vertex 3.652568574052324 133.7601200417474 -4
    endloop
  endfacet
  facet normal -0.5280678506503592 -0.8492021815265843 0
    outer loop
      vertex 3.333421398117613 133.98881767381528 -4
      vertex 3.333421398117613 133.98881767381528 4
      vertex 3 134.19615242270663 -4
    endloop
  endfacet
  facet normal -0.5824776968678304 -0.8128466845915949 0
    outer loop
      vertex 3.652568574052324 133.7601200417474 -4
      vertex 3.652568574052324 133.7601200417474 4
      vertex 3.333421398117613 133.98881767381528 -4
    endloop
  endfacet
  facet normal -0.9738769792773334 0.22707626303437412 0
    outer loop
      vertex 5.884711682419383 127.82945806790323 -4
      vertex 5.79555495773441 127.44708572938488 -4
      vertex 5.79555495773441 127.44708572938488 4
    endloop
  endfacet
  facet normal -0.9866433320848793 0.16289547339458615 0
    outer loop
      vertex 5.948669168242862 128.2168428466797 -4
      vertex 5.884711682419383 127.82945806790323 -4
      vertex 5.884711682419383 127.82945806790323 4
    endloop
  endfacet
  facet normal -0.9951847266721967 0.09801714032956228 0
    outer loop
      vertex 5.98715353943162 128.60758122461914 -4
      vertex 5.948669168242862 128.2168428466797 -4
      vertex 5.948669168242862 128.2168428466797 4
    endloop
  endfacet
  facet normal -0.9994645874763656 0.032719082821777476 0
    outer loop
      vertex 6 129 -4
      vertex 5.98715353943162 128.60758122461914 -4
      vertex 5.98715353943162 128.60758122461914 4
    endloop
  endfacet
  facet normal -0.9994645874763656 -0.032719082821777476 0
    outer loop
      vertex 5.98715353943162 129.39241877538086 -4
      vertex 6 129 -4
      vertex 6 129 4
    endloop
  endfacet
  facet normal -0.9951847266721967 -0.09801714032956228 0
    outer loop
      vertex 5.948669168242862 129.7831571533203 -4
      vertex 5.98715353943162 129.39241877538086 -4
      vertex 5.98715353943162 129.39241877538086 4
    endloop
  endfacet
  facet normal -0.9866433320848793 -0.16289547339458615 0
    outer loop
      vertex 5.884711682419383 130.17054193209677 -4
      vertex 5.948669168242862 129.7831571533203 -4
      vertex 5.948669168242862 129.7831571533203 4
    endloop
  endfacet
  facet normal -0.8128466845915968 -0.5824776968678279 0
    outer loop
      vertex 4.760120041747411 132.6525685740523 -4
      vertex 4.988817673815271 132.33342139811762 -4
      vertex 4.988817673815271 132.33342139811762 4
    endloop
  endfacet
  facet normal -0.9738769792773352 -0.2270762630343661 0
    outer loop
      vertex 5.79555495773441 130.55291427061513 -4
      vertex 5.884711682419383 130.17054193209677 -4
      vertex 5.884711682419383 130.17054193209677 4
    endloop
  endfacet
  facet normal -0.9359059267573224 -0.35225004792124204 0
    outer loop
      vertex 5.54327719506772 131.29610059419053 -4
      vertex 5.681580776970634 130.92863679181897 -4
      vertex 5.681580776970634 130.92863679181897 4
    endloop
  endfacet
  facet normal -0.9569403357322077 -0.29028467725446644 0
    outer loop
      vertex 5.681580776970634 130.92863679181897 -4
      vertex 5.79555495773441 130.55291427061513 -4
      vertex 5.79555495773441 130.55291427061513 4
    endloop
  endfacet
  facet normal -0.9108638249211787 -0.4127070298043885 0
    outer loop
      vertex 5.3812364491961295 131.653732141314 -4
      vertex 5.54327719506772 131.29610059419053 -4
      vertex 5.54327719506772 131.29610059419053 4
    endloop
  endfacet
  facet normal -0.8819212643483547 -0.4713967368259983 0
    outer loop
      vertex 5.196152422706632 132 -4
      vertex 5.3812364491961295 131.653732141314 -4
      vertex 5.3812364491961295 131.653732141314 4
    endloop
  endfacet
  facet normal -0.8492021815265847 -0.5280678506503589 0
    outer loop
      vertex 4.988817673815271 132.33342139811762 -4
      vertex 5.196152422706632 132 -4
      vertex 5.196152422706632 132 4
    endloop
  endfacet
  facet normal -0.7298640726978529 -0.6835923020228527 0
    outer loop
      vertex 4.242640687119286 133.2426406871193 -4
      vertex 4.511038844873864 132.9560748906004 -4
      vertex 4.511038844873864 132.9560748906004 4
    endloop
  endfacet
  facet normal -0.6835923020228649 -0.7298640726978417 0
    outer loop
      vertex 3.956074890600413 133.51103884487387 -4
      vertex 4.242640687119286 133.2426406871193 -4
      vertex 4.242640687119286 133.2426406871193 4
    endloop
  endfacet
  facet normal -0.773010453362742 -0.6343932841636394 0
    outer loop
      vertex 4.511038844873864 132.9560748906004 -4
      vertex 4.760120041747411 132.6525685740523 -4
      vertex 4.760120041747411 132.6525685740523 4
    endloop
  endfacet
  facet normal -0.03271908282178674 0.9994645874763654 0
    outer loop
      vertex 0.39241877538085834 123.01284646056838 -4
      vertex 0 123 4
      vertex 0.39241877538085834 123.01284646056838 4
    endloop
  endfacet
  facet normal -0.09801714032956008 0.995184726672197 0
    outer loop
      vertex 0.7831571533203094 123.05133083175714 -4
      vertex 0.39241877538085834 123.01284646056838 4
      vertex 0.7831571533203094 123.05133083175714 4
    endloop
  endfacet
  facet normal -0.162895473394588 0.9866433320848791 0
    outer loop
      vertex 1.1705419320967696 123.11528831758062 -4
      vertex 0.7831571533203094 123.05133083175714 4
      vertex 1.1705419320967696 123.11528831758062 4
    endloop
  endfacet
  facet normal -0.2270762630343635 0.9738769792773359 0
    outer loop
      vertex 1.5529142706151244 123.20444504226559 -4
      vertex 1.1705419320967696 123.11528831758062 4
      vertex 1.5529142706151244 123.20444504226559 4
    endloop
  endfacet
  facet normal -0.29028467725446333 0.9569403357322086 0
    outer loop
      vertex 1.9286367918189695 123.31841922302937 -4
      vertex 1.5529142706151244 123.20444504226559 4
      vertex 1.9286367918189695 123.31841922302937 4
    endloop
  endfacet
  facet normal -0.35225004792124254 0.9359059267573222 0
    outer loop
      vertex 2.2961005941905386 123.45672280493228 -4
      vertex 1.9286367918189695 123.31841922302937 4
      vertex 2.2961005941905386 123.45672280493228 4
    endloop
  endfacet
  facet normal -0.41270702980439966 0.9108638249211736 0
    outer loop
      vertex 2.653732141314008 123.61876355080388 -4
      vertex 2.2961005941905386 123.45672280493228 4
      vertex 2.653732141314008 123.61876355080388 4
    endloop
  endfacet
  facet normal -0.47139673682598454 0.8819212643483619 0
    outer loop
      vertex 3 123.80384757729337 -4
      vertex 2.653732141314008 123.61876355080388 4
      vertex 3 123.80384757729337 4
    endloop
  endfacet
  facet normal -0.5280678506503592 0.8492021815265843 0
    outer loop
      vertex 3.333421398117613 124.01118232618472 -4
      vertex 3 123.80384757729337 4
      vertex 3.333421398117613 124.01118232618472 4
    endloop
  endfacet
  facet normal -0.5824776968678066 0.8128466845916121 0
    outer loop
      vertex 3.652568574052324 124.23987995825259 -4
      vertex 3.333421398117613 124.01118232618472 4
      vertex 3.652568574052324 124.23987995825259 4
    endloop
  endfacet
  facet normal -0.6343932841636466 0.7730104533627361 0
    outer loop
      vertex 3.956074890600413 124.48896115512613 -4
      vertex 3.652568574052324 124.23987995825259 4
      vertex 3.956074890600413 124.48896115512613 4
    endloop
  endfacet
  facet normal -0.6835923020228649 0.7298640726978417 0
    outer loop
      vertex 4.242640687119286 124.75735931288071 -4
      vertex 3.956074890600413 124.48896115512613 4
      vertex 4.242640687119286 124.75735931288071 4
    endloop
  endfacet
  facet normal -0.7298640726978362 0.6835923020228708 0
    outer loop
      vertex 4.511038844873864 125.04392510939958 -4
      vertex 4.242640687119286 124.75735931288071 4
      vertex 4.511038844873864 125.04392510939958 4
    endloop
  endfacet
  facet normal -0.773010453362742 0.6343932841636394 0
    outer loop
      vertex 4.760120041747411 125.34743142594768 -4
      vertex 4.511038844873864 125.04392510939958 4
      vertex 4.760120041747411 125.34743142594768 4
    endloop
  endfacet
  facet normal -0.8128466845916215 0.5824776968677936 0
    outer loop
      vertex 4.988817673815271 125.66657860188239 -4
      vertex 4.760120041747411 125.34743142594768 4
      vertex 4.988817673815271 125.66657860188239 4
    endloop
  endfacet
  facet normal -0.8492021815265746 0.5280678506503751 0
    outer loop
      vertex 5.196152422706632 126 -4
      vertex 4.988817673815271 125.66657860188239 4
      vertex 5.196152422706632 126 4
    endloop
  endfacet
  facet normal -0.8819212643483547 0.4713967368259983 0
    outer loop
      vertex 5.3812364491961295 126.34626785868599 -4
      vertex 5.196152422706632 126 4
      vertex 5.3812364491961295 126.34626785868599 4
    endloop
  endfacet
  facet normal -0.9108638249211787 0.4127070298043885 0
    outer loop
      vertex 5.54327719506772 126.70389940580947 -4
      vertex 5.3812364491961295 126.34626785868599 4
      vertex 5.54327719506772 126.70389940580947 4
    endloop
  endfacet
  facet normal -0.9359059267573224 0.35225004792124204 0
    outer loop
      vertex 5.681580776970634 127.07136320818103 -4
      vertex 5.54327719506772 126.70389940580947 4
      vertex 5.681580776970634 127.07136320818103 4
    endloop
  endfacet
  facet normal -0.9569403357322107 0.2902846772544564 0
    outer loop
      vertex 5.79555495773441 127.44708572938488 -4
      vertex 5.681580776970634 127.07136320818103 4
      vertex 5.79555495773441 127.44708572938488 4
    endloop
  endfacet
  facet normal -0.22707626303439785 -0.9738769792773279 0
    outer loop
      vertex 1.1705419320967696 134.88471168241938 -4
      vertex 1.5529142706151244 134.7955549577344 4
      vertex 1.1705419320967696 134.88471168241938 4
    endloop
  endfacet
  facet normal -0.29028467725443013 -0.9569403357322186 0
    outer loop
      vertex 1.5529142706151244 134.7955549577344 -4
      vertex 1.9286367918189695 134.68158077697063 4
      vertex 1.5529142706151244 134.7955549577344 4
    endloop
  endfacet
  facet normal -0.03271908282175058 -0.9994645874763665 0
    outer loop
      vertex 0 135 -4
      vertex 0.39241877538085834 134.98715353943163 4
      vertex 0 135 4
    endloop
  endfacet
  facet normal -0.09801714032956008 -0.995184726672197 0
    outer loop
      vertex 0.39241877538085834 134.98715353943163 -4
      vertex 0.7831571533203094 134.94866916824287 4
      vertex 0.39241877538085834 134.98715353943163 4
    endloop
  endfacet
  facet normal -0.16289547339462324 -0.9866433320848733 0
    outer loop
      vertex 0.7831571533203094 134.94866916824287 -4
      vertex 1.1705419320967696 134.88471168241938 4
      vertex 0.7831571533203094 134.94866916824287 4
    endloop
  endfacet
  facet normal -0.3522500479212109 -0.9359059267573343 0
    outer loop
      vertex 1.9286367918189695 134.68158077697063 -4
      vertex 2.2961005941905386 134.54327719506773 4
      vertex 1.9286367918189695 134.68158077697063 4
    endloop
  endfacet
  facet normal -0.41270702980439966 -0.9108638249211736 0
    outer loop
      vertex 2.2961005941905386 134.54327719506773 -4
      vertex 2.653732141314008 134.38123644919614 4
      vertex 2.2961005941905386 134.54327719506773 4
    endloop
  endfacet
  facet normal -0.47139673682601274 -0.881921264348347 0
    outer loop
      vertex 2.653732141314008 134.38123644919614 -4
      vertex 3 134.19615242270663 4
      vertex 2.653732141314008 134.38123644919614 4
    endloop
  endfacet
  facet normal -0.634393284163625 -0.7730104533627538 0
    outer loop
      vertex 3.652568574052324 133.7601200417474 -4
      vertex 3.956074890600413 133.51103884487387 4
      vertex 3.652568574052324 133.7601200417474 4
    endloop
  endfacet
  facet normal -0.5280678506503592 -0.8492021815265843 0
    outer loop
      vertex 3 134.19615242270663 -4
      vertex 3.333421398117613 133.98881767381528 4
      vertex 3 134.19615242270663 4
    endloop
  endfacet
  facet normal -0.5824776968678304 -0.8128466845915949 0
    outer loop
      vertex 3.333421398117613 133.98881767381528 -4
      vertex 3.652568574052324 133.7601200417474 4
      vertex 3.333421398117613 133.98881767381528 4
    endloop
  endfacet
  facet normal -0.9738769792773334 0.22707626303437412 0
    outer loop
      vertex 5.884711682419383 127.82945806790323 -4
      vertex 5.79555495773441 127.44708572938488 4
      vertex 5.884711682419383 127.82945806790323 4
    endloop
  endfacet
  facet normal -0.9866433320848793 0.16289547339458615 0
    outer loop
      vertex 5.948669168242862 128.2168428466797 -4
      vertex 5.884711682419383 127.82945806790323 4
      vertex 5.948669168242862 128.2168428466797 4
    endloop
  endfacet
  facet normal -0.9951847266721967 0.09801714032956228 0
    outer loop
      vertex 5.98715353943162 128.60758122461914 -4
      vertex 5.948669168242862 128.2168428466797 4
      vertex 5.98715353943162 128.60758122461914 4
    endloop
  endfacet
  facet normal -0.9994645874763656 0.032719082821777476 0
    outer loop
      vertex 6 129 -4
      vertex 5.98715353943162 128.60758122461914 4
      vertex 6 129 4
    endloop
  endfacet
  facet normal -0.9994645874763656 -0.032719082821777476 0
    outer loop
      vertex 5.98715353943162 129.39241877538086 -4
      vertex 6 129 4
      vertex 5.98715353943162 129.39241877538086 4
    endloop
  endfacet
  facet normal -0.9951847266721967 -0.09801714032956228 0
    outer loop
      vertex 5.948669168242862 129.7831571533203 -4
      vertex 5.98715353943162 129.39241877538086 4
      vertex 5.948669168242862 129.7831571533203 4
    endloop
  endfacet
  facet normal -0.9866433320848793 -0.16289547339458615 0
    outer loop
      vertex 5.884711682419383 130.17054193209677 -4
      vertex 5.948669168242862 129.7831571533203 4
      vertex 5.884711682419383 130.17054193209677 4
    endloop
  endfacet
  facet normal -0.9738769792773352 -0.2270762630343661 0
    outer loop
      vertex 5.79555495773441 130.55291427061513 -4
      vertex 5.884711682419383 130.17054193209677 4
      vertex 5.79555495773441 130.55291427061513 4
    endloop
  endfacet
  facet normal -0.9569403357322077 -0.29028467725446644 0
    outer loop
      vertex 5.681580776970634 130.92863679181897 -4
      vertex 5.79555495773441 130.55291427061513 4
      vertex 5.681580776970634 130.92863679181897 4
    endloop
  endfacet
  facet normal -0.9359059267573224 -0.35225004792124204 0
    outer loop
      vertex 5.54327719506772 131.29610059419053 -4
      vertex 5.681580776970634 130.92863679181897 4
      vertex 5.54327719506772 131.29610059419053 4
    endloop
  endfacet
  facet normal -0.9108638249211787 -0.4127070298043885 0
    outer loop
      vertex 5.3812364491961295 131.653732141314 -4
      vertex 5.54327719506772 131.29610059419053 4
      vertex 5.3812364491961295 131.653732141314 4
    endloop
  endfacet
  facet normal -0.8492021815265847 -0.5280678506503589 0
    outer loop
      vertex 4.988817673815271 132.33342139811762 -4
      vertex 5.196152422706632 132 4
      vertex 4.988817673815271 132.33342139811762 4
    endloop
  endfacet
  facet normal -0.8819212643483547 -0.4713967368259983 0
    outer loop
      vertex 5.196152422706632 132 -4
      vertex 5.3812364491961295 131.653732141314 4
      vertex 5.196152422706632 132 4
    endloop
  endfacet
  facet normal -0.6835923020228649 -0.7298640726978417 0
    outer loop
      vertex 3.956074890600413 133.51103884487387 -4
      vertex 4.242640687119286 133.2426406871193 4
      vertex 3.956074890600413 133.51103884487387 4
    endloop
  endfacet
  facet normal -0.7298640726978529 -0.6835923020228527 0
    outer loop
      vertex 4.242640687119286 133.2426406871193 -4
      vertex 4.511038844873864 132.9560748906004 4
      vertex 4.242640687119286 133.2426406871193 4
    endloop
  endfacet
  facet normal -0.773010453362742 -0.6343932841636394 0
    outer loop
      vertex 4.511038844873864 132.9560748906004 -4
      vertex 4.760120041747411 132.6525685740523 4
      vertex 4.511038844873864 132.9560748906004 4
    endloop
  endfacet
  facet normal -0.8128466845915968 -0.5824776968678279 0
    outer loop
      vertex 4.760120041747411 132.6525685740523 -4
      vertex 4.988817673815271 132.33342139811762 4
      vertex 4.760120041747411 132.6525685740523 4
    endloop
  endfacet
  facet normal 0 0 -1
    outer loop
      vertex -128 -157 -4
      vertex -5.196152422706632 -132 -4
      vertex -4.988817673815271 -132.33342139811762 -4
    endloop
  endfacet
  facet normal 0 0 -1
    outer loop
      vertex -128 -157 -4
      vertex -5.54327719506772 -131.29610059419053 -4
      vertex -5.3812364491961295 -131.653732141314 -4
    endloop
  endfacet
  facet normal 0 0 -1
    outer loop
      vertex -128 -157 -4
      vertex -5.3812364491961295 -131.653732141314 -4
      vertex -5.196152422706632 -132 -4
    endloop
  endfacet
  facet normal 0 0 -1
    outer loop
      vertex -128 -157 -4
      vertex -5.884711682419383 -130.17054193209677 -4
      vertex -5.79555495773441 -130.55291427061513 -4
    endloop
  endfacet
  facet normal 0 0 -1
    outer loop
      vertex -128 -157 -4
      vertex -5.948669168242862 -129.7831571533203 -4
      vertex -5.884711682419383 -130.17054193209677 -4
    endloop
  endfacet
  facet normal 0 0 -1
    outer loop
      vertex -128 -157 -4
      vertex -5.98715353943162 -129.39241877538086 -4
      vertex -5.948669168242862 -129.7831571533203 -4
    endloop
  endfacet
  facet normal 0 0 -1
    outer loop
      vertex -128 -157 -4
      vertex -5.681580776970634 -130.92863679181897 -4
      vertex -5.54327719506772 -131.29610059419053 -4
    endloop
  endfacet
  facet normal 0 0 -1
    outer loop
      vertex -128 -157 -4
      vertex -5.79555495773441 -130.55291427061513 -4
      vertex -5.681580776970634 -130.92863679181897 -4
    endloop
  endfacet
  facet normal 0 0 -1
    outer loop
      vertex -128 -157 -4
      vertex -6 -129 -4
      vertex -5.98715353943162 -129.39241877538086 -4
    endloop
  endfacet
  facet normal 0 0 -1
    outer loop
      vertex -128 -157 -4
      vertex -5.98715353943162 -128.60758122461914 -4
      vertex -6 -129 -4
    endloop
  endfacet
  facet normal 0 0 -1
    outer loop
      vertex -128 -157 -4
      vertex -5.948669168242862 -128.2168428466797 -4
      vertex -5.98715353943162 -128.60758122461914 -4
    endloop
  endfacet
  facet normal 0 0 -1
    outer loop
      vertex -128 -157 -4
      vertex -5.884711682419383 -127.82945806790323 -4
      vertex -5.948669168242862 -128.2168428466797 -4
    endloop
  endfacet
  facet normal 0 0 -1
    outer loop
      vertex -128 -157 -4
      vertex -5.79555495773441 -127.44708572938488 -4
      vertex -5.884711682419383 -127.82945806790323 -4
    endloop
  endfacet
  facet normal 0 0 -1
    outer loop
      vertex -128 -157 -4
      vertex -4.511038844873864 -132.9560748906004 -4
      vertex -4.242640687119286 -133.2426406871193 -4
    endloop
  endfacet
  facet normal 0 0 -1
    outer loop
      vertex -128 -157 -4
      vertex -4.242640687119286 -133.2426406871193 -4
      vertex -3.956074890600413 -133.51103884487387 -4
    endloop
  endfacet
  facet normal 0 0 -1
    outer loop
      vertex -128 -157 -4
      vertex -3.956074890600413 -133.51103884487387 -4
      vertex -3.652568574052324 -133.7601200417474 -4
    endloop
  endfacet
  facet normal 0 0 -1
    outer loop
      vertex -128 -157 -4
      vertex -4.760120041747411 -132.6525685740523 -4
      vertex -4.511038844873864 -132.9560748906004 -4
    endloop
  endfacet
  facet normal 0 0 -1
    outer loop
      vertex -128 -157 -4
      vertex -4.988817673815271 -132.33342139811762 -4
      vertex -4.760120041747411 -132.6525685740523 -4
    endloop
  endfacet
  facet normal 0 0 -1
    outer loop
      vertex -128 -157 -4
      vertex -3.333421398117613 -133.98881767381528 -4
      vertex -3 -134.19615242270663 -4
    endloop
  endfacet
  facet normal 0 0 -1
    outer loop
      vertex -128 -157 -4
      vertex -3 -134.19615242270663 -4
      vertex -2.653732141314008 -134.38123644919614 -4
    endloop
  endfacet
  facet normal 0 0 -1
    outer loop
      vertex -128 -157 -4
      vertex -3.652568574052324 -133.7601200417474 -4
      vertex -3.333421398117613 -133.98881767381528 -4
    endloop
  endfacet
  facet normal 0 0 -1
    outer loop
      vertex -128 -157 -4
      vertex -2.653732141314008 -134.38123644919614 -4
      vertex -2.2961005941905386 -134.54327719506773 -4
    endloop
  endfacet
  facet normal 0 0 -1
    outer loop
      vertex -128 -157 -4
      vertex -2.2961005941905386 -134.54327719506773 -4
      vertex -1.9286367918189695 -134.68158077697063 -4
    endloop
  endfacet
  facet normal 0 0 -1
    outer loop
      vertex -128 -157 -4
      vertex -1.9286367918189695 -134.68158077697063 -4
      vertex -1.5529142706151244 -134.7955549577344 -4
    endloop
  endfacet
  facet normal 0 0 -1
    outer loop
      vertex -128 -157 -4
      vertex -1.5529142706151244 -134.7955549577344 -4
      vertex -1.1705419320967696 -134.88471168241938 -4
    endloop
  endfacet
  facet normal 0 0 -1
    outer loop
      vertex -128 -157 -4
      vertex -5.681580776970634 -127.07136320818103 -4
      vertex -5.79555495773441 -127.44708572938488 -4
    endloop
  endfacet
  facet normal 0 0 -1
    outer loop
      vertex -128 -157 -4
      vertex -5.54327719506772 -126.70389940580947 -4
      vertex -5.681580776970634 -127.07136320818103 -4
    endloop
  endfacet
  facet normal 0 0 -1
    outer loop
      vertex -128 -157 -4
      vertex -5.3812364491961295 -126.34626785868599 -4
      vertex -5.54327719506772 -126.70389940580947 -4
    endloop
  endfacet
  facet normal 0 0 -1
    outer loop
      vertex -128 -157 -4
      vertex -5.196152422706632 -126 -4
      vertex -5.3812364491961295 -126.34626785868599 -4
    endloop
  endfacet
  facet normal 0 0 -1
    outer loop
      vertex -128 -157 -4
      vertex -4.988817673815271 -125.66657860188239 -4
      vertex -5.196152422706632 -126 -4
    endloop
  endfacet
  facet normal 0 0 -1
    outer loop
      vertex -128 -157 -4
      vertex -4.760120041747411 -125.34743142594768 -4
      vertex -4.988817673815271 -125.66657860188239 -4
    endloop
  endfacet
  facet normal 0 0 -1
    outer loop
      vertex -128 -157 -4
      vertex -4.511038844873864 -125.04392510939958 -4
      vertex -4.760120041747411 -125.34743142594768 -4
    endloop
  endfacet
  facet normal 0 0 -1
    outer loop
      vertex -128 -157 -4
      vertex -1.1705419320967696 -134.88471168241938 -4
      vertex 128 -157 -4
    endloop
  endfacet
  facet normal 0 0 -1
    outer loop
      vertex -128 -157 -4
      vertex 100 22.44994432064365 -4
      vertex -4.511038844873864 -125.04392510939958 -4
    endloop
  endfacet
  facet normal -1 0 0
    outer loop
      vertex -128 -157 -4
      vertex -128 -157 4
      vertex -128 157 4
    endloop
  endfacet
  facet normal 0 0 1
    outer loop
      vertex -128 -157 4
      vertex -3 -123.80384757729337 4
      vertex -128 157 4
    endloop
  endfacet
  facet normal 0 -1 0
    outer loop
      vertex -128 -157 -4
      vertex 128 -157 4
      vertex -128 -157 4
    endloop
  endfacet
  facet normal 0 0 1
    outer loop
      vertex -128 -157 4
      vertex -4.988817673815271 -132.33342139811762 4
      vertex -5.196152422706632 -132 4
    endloop
  endfacet
  facet normal 0 0 1
    outer loop
      vertex -128 -157 4
      vertex -5.3812364491961295 -131.653732141314 4
      vertex -5.54327719506772 -131.29610059419053 4
    endloop
  endfacet
  facet normal 0 0 1
    outer loop
      vertex -128 -157 4
      vertex -5.196152422706632 -132 4
      vertex -5.3812364491961295 -131.653732141314 4
    endloop
  endfacet
  facet normal 0 0 1
    outer loop
      vertex -128 -157 4
      vertex -5.79555495773441 -130.55291427061513 4
      vertex -5.884711682419383 -130.17054193209677 4
    endloop
  endfacet
  facet normal 0 0 1
    outer loop
      vertex -128 -157 4
      vertex -5.884711682419383 -130.17054193209677 4
      vertex -5.948669168242862 -129.7831571533203 4
    endloop
  endfacet
  facet normal 0 0 1
    outer loop
      vertex -128 -157 4
      vertex -5.948669168242862 -129.7831571533203 4
      vertex -5.98715353943162 -129.39241877538086 4
    endloop
  endfacet
  facet normal 0 0 1
    outer loop
      vertex -128 -157 4
      vertex -5.54327719506772 -131.29610059419053 4
      vertex -5.681580776970634 -130.92863679181897 4
    endloop
  endfacet
  facet normal 0 0 1
    outer loop
      vertex -128 -157 4
      vertex -5.681580776970634 -130.92863679181897 4
      vertex -5.79555495773441 -130.55291427061513 4
    endloop
  endfacet
  facet normal 0 0 1
    outer loop
      vertex -128 -157 4
      vertex -5.98715353943162 -129.39241877538086 4
      vertex -6 -129 4
    endloop
  endfacet
  facet normal 0 0 1
    outer loop
      vertex -128 -157 4
      vertex -6 -129 4
      vertex -5.98715353943162 -128.60758122461914 4
    endloop
  endfacet
  facet normal 0 0 1
    outer loop
      vertex -128 -157 4
      vertex -5.948669168242862 -128.2168428466797 4
      vertex -5.884711682419383 -127.82945806790323 4
    endloop
  endfacet
  facet normal 0 0 1
    outer loop
      vertex -128 -157 4
      vertex -5.98715353943162 -128.60758122461914 4
      vertex -5.948669168242862 -128.2168428466797 4
    endloop
  endfacet
  facet normal 0 0 1
    outer loop
      vertex -128 -157 4
      vertex -5.884711682419383 -127.82945806790323 4
      vertex -5.79555495773441 -127.44708572938488 4
    endloop
  endfacet
  facet normal 0 0 1
    outer loop
      vertex -128 -157 4
      vertex -4.242640687119286 -133.2426406871193 4
      vertex -4.511038844873864 -132.9560748906004 4
    endloop
  endfacet
  facet normal 0 0 1
    outer loop
      vertex -128 -157 4
      vertex -3.956074890600413 -133.51103884487387 4
      vertex -4.242640687119286 -133.2426406871193 4
    endloop
  endfacet
  facet normal 0 0 1
    outer loop
      vertex -128 -157 4
      vertex -3.652568574052324 -133.7601200417474 4
      vertex -3.956074890600413 -133.51103884487387 4
    endloop
  endfacet
  facet normal 0 0 1
    outer loop
      vertex -128 -157 4
      vertex -4.511038844873864 -132.9560748906004 4
      vertex -4.760120041747411 -132.6525685740523 4
    endloop
  endfacet
  facet normal 0 0 1
    outer loop
      vertex -128 -157 4
      vertex -4.760120041747411 -132.6525685740523 4
      vertex -4.988817673815271 -132.33342139811762 4
    endloop
  endfacet
  facet normal 0 0 1
    outer loop
      vertex -128 -157 4
      vertex -3 -134.19615242270663 4
      vertex -3.333421398117613 -133.98881767381528 4
    endloop
  endfacet
  facet normal 0 0 1
    outer loop
      vertex -128 -157 4
      vertex -2.653732141314008 -134.38123644919614 4
      vertex -3 -134.19615242270663 4
    endloop
  endfacet
  facet normal 0 0 1
    outer loop
      vertex -128 -157 4
      vertex -3.333421398117613 -133.98881767381528 4
      vertex -3.652568574052324 -133.7601200417474 4
    endloop
  endfacet
  facet normal 0 0 1
    outer loop
      vertex -128 -157 4
      vertex -2.2961005941905386 -134.54327719506773 4
      vertex -2.653732141314008 -134.38123644919614 4
    endloop
  endfacet
  facet normal 0 0 1
    outer loop
      vertex -128 -157 4
      vertex -1.9286367918189695 -134.68158077697063 4
      vertex -2.2961005941905386 -134.54327719506773 4
    endloop
  endfacet
  facet normal 0 0 1
    outer loop
      vertex -128 -157 4
      vertex -0.39241877538085834 -134.98715353943163 4
      vertex -0.7831571533203094 -134.94866916824287 4
    endloop
  endfacet
  facet normal 0 0 1
    outer loop
      vertex -128 -157 4
      vertex 0 -135 4
      vertex -0.39241877538085834 -134.98715353943163 4
    endloop
  endfacet
  facet normal 0 0 1
    outer loop
      vertex -128 -157 4
      vertex 0.39241877538085834 -134.98715353943163 4
      vertex 0 -135 4
    endloop
  endfacet
  facet normal 0 0 1
    outer loop
      vertex -128 -157 4
      vertex 0.7831571533203094 -134.94866916824287 4
      vertex 0.39241877538085834 -134.98715353943163 4
    endloop
  endfacet
  facet normal 0 0 1
    outer loop
      vertex -128 -157 4
      vertex -1.5529142706151244 -134.7955549577344 4
      vertex -1.9286367918189695 -134.68158077697063 4
    endloop
  endfacet
  facet normal 0 0 1
    outer loop
      vertex -128 -157 4
      vertex -1.1705419320967696 -134.88471168241938 4
      vertex -1.5529142706151244 -134.7955549577344 4
    endloop
  endfacet
  facet normal 0 0 1
    outer loop
      vertex -128 -157 4
      vertex -0.7831571533203094 -134.94866916824287 4
      vertex -1.1705419320967696 -134.88471168241938 4
    endloop
  endfacet
  facet normal 0 0 1
    outer loop
      vertex -128 -157 4
      vertex 1.1705419320967696 -134.88471168241938 4
      vertex 0.7831571533203094 -134.94866916824287 4
    endloop
  endfacet
  facet normal 0 0 1
    outer loop
      vertex -128 -157 4
      vertex -5.79555495773441 -127.44708572938488 4
      vertex -5.681580776970634 -127.07136320818103 4
    endloop
  endfacet
  facet normal 0 0 1
    outer loop
      vertex -128 -157 4
      vertex -5.681580776970634 -127.07136320818103 4
      vertex -5.54327719506772 -126.70389940580947 4
    endloop
  endfacet
  facet normal 0 0 1
    outer loop
      vertex -128 -157 4
      vertex -5.54327719506772 -126.70389940580947 4
      vertex -5.3812364491961295 -126.34626785868599 4
    endloop
  endfacet
  facet normal 0 0 1
    outer loop
      vertex -128 -157 4
      vertex -5.196152422706632 -126 4
      vertex -4.988817673815271 -125.66657860188239 4
    endloop
  endfacet
  facet normal 0 0 1
    outer loop
      vertex -128 -157 4
      vertex -5.3812364491961295 -126.34626785868599 4
      vertex -5.196152422706632 -126 4
    endloop
  endfacet
  facet normal 0 0 1
    outer loop
      vertex -128 -157 4
      vertex -4.988817673815271 -125.66657860188239 4
      vertex -4.760120041747411 -125.34743142594768 4
    endloop
  endfacet
  facet normal 0 0 1
    outer loop
      vertex -128 -157 4
      vertex -4.760120041747411 -125.34743142594768 4
      vertex -4.511038844873864 -125.04392510939958 4
    endloop
  endfacet
  facet normal 0 0 1
    outer loop
      vertex -128 -157 4
      vertex -4.511038844873864 -125.04392510939958 4
      vertex -4.242640687119286 -124.75735931288071 4
    endloop
  endfacet
  facet normal 0 0 1
    outer loop
      vertex -128 -157 4
      vertex -4.242640687119286 -124.75735931288071 4
      vertex -3.956074890600413 -124.48896115512613 4
    endloop
  endfacet
  facet normal 0 0 1
    outer loop
      vertex -128 -157 4
      vertex -3.956074890600413 -124.48896115512613 4
      vertex -3.652568574052324 -124.23987995825259 4
    endloop
  endfacet
  facet normal 0 0 1
    outer loop
      vertex -128 -157 4
      vertex -3.333421398117613 -124.01118232618472 4
      vertex -3 -123.80384757729337 4
    endloop
  endfacet
  facet normal 0 0 1
    outer loop
      vertex -128 -157 4
      vertex -3.652568574052324 -124.23987995825259 4
      vertex -3.333421398117613 -124.01118232618472 4
    endloop
  endfacet
  facet normal 0 0 1
    outer loop
      vertex -128 157 4
      vertex -3 -123.80384757729337 4
      vertex -2.653732141314008 -123.61876355080388 4
    endloop
  endfacet
  facet normal 0 0 1
    outer loop
      vertex -128 157 4
      vertex -2.653732141314008 -123.61876355080388 4
      vertex -2.2961005941905386 -123.45672280493228 4
    endloop
  endfacet
  facet normal 0 0 1
    outer loop
      vertex -128 157 4
      vertex -2.2961005941905386 -123.45672280493228 4
      vertex -1.9286367918189695 -123.31841922302937 4
    endloop
  endfacet
  facet normal 0 0 1
    outer loop
      vertex -128 157 4
      vertex -1.9286367918189695 -123.31841922302937 4
      vertex -1.5529142706151244 -123.20444504226559 4
    endloop
  endfacet
  facet normal 0 0 1
    outer loop
      vertex -128 157 4
      vertex -1.5529142706151244 -123.20444504226559 4
      vertex -1.1705419320967696 -123.11528831758062 4
    endloop
  endfacet
  facet normal 0 0 1
    outer loop
      vertex -128 157 4
      vertex -1.1705419320967696 -123.11528831758062 4
      vertex -0.7831571533203094 -123.05133083175714 4
    endloop
  endfacet
  facet normal 0 0 1
    outer loop
      vertex -128 157 4
      vertex -0.7831571533203094 -123.05133083175714 4
      vertex -0.39241877538085834 -123.01284646056838 4
    endloop
  endfacet
  facet normal 0 0 1
    outer loop
      vertex -128 157 4
      vertex -0.39241877538085834 -123.01284646056838 4
      vertex 0 -123 4
    endloop
  endfacet
  facet normal 0 0 1
    outer loop
      vertex -128 157 4
      vertex 0 -123 4
      vertex 0.39241877538085834 -123.01284646056838 4
    endloop
  endfacet
  facet normal 0 0 1
    outer loop
      vertex -128 157 4
      vertex 0.39241877538085834 -123.01284646056838 4
      vertex 0.7831571533203094 -123.05133083175714 4
    endloop
  endfacet
  facet normal 0 0 1
    outer loop
      vertex -128 157 4
      vertex 0.7831571533203094 -123.05133083175714 4
      vertex 1.1705419320967696 -123.11528831758062 4
    endloop
  endfacet
  facet normal 0 0 1
    outer loop
      vertex -128 157 4
      vertex 1.1705419320967696 -123.11528831758062 4
      vertex 1.5529142706151244 -123.20444504226559 4
    endloop
  endfacet
  facet normal 0 0 1
    outer loop
      vertex -128 157 4
      vertex 1.5529142706151244 -123.20444504226559 4
      vertex 1.9286367918189695 -123.31841922302937 4
    endloop
  endfacet
  facet normal 0 0 1
    outer loop
      vertex -128 157 4
      vertex 1.9286367918189695 -123.31841922302937 4
      vertex 2.2961005941905386 -123.45672280493228 4
    endloop
  endfacet
  facet normal 0 0 1
    outer loop
      vertex -128 157 4
      vertex 2.2961005941905386 -123.45672280493228 4
      vertex 2.653732141314008 -123.61876355080388 4
    endloop
  endfacet
  facet normal 0 0 1
    outer loop
      vertex -128 157 4
      vertex 2.653732141314008 -123.61876355080388 4
      vertex 3 -123.80384757729337 4
    endloop
  endfacet
  facet normal 0 0 1
    outer loop
      vertex -128 157 4
      vertex 3 -123.80384757729337 4
      vertex 3.333421398117613 -124.01118232618472 4
    endloop
  endfacet
  facet normal 0 0 1
    outer loop
      vertex -128 157 4
      vertex 3.333421398117613 -124.01118232618472 4
      vertex 3.652568574052324 -124.23987995825259 4
    endloop
  endfacet
  facet normal 0 0 1
    outer loop
      vertex -128 157 4
      vertex 3.652568574052324 -124.23987995825259 4
      vertex 3.956074890600413 -124.48896115512613 4
    endloop
  endfacet
  facet normal 0 0 1
    outer loop
      vertex -128 157 4
      vertex 3.956074890600413 -124.48896115512613 4
      vertex 4.242640687119286 -124.75735931288071 4
    endloop
  endfacet
  facet normal 0 0 1
    outer loop
      vertex -128 157 4
      vertex 4.511038844873864 -125.04392510939958 4
      vertex 4.760120041747411 -125.34743142594768 4
    endloop
  endfacet
  facet normal 0 0 1
    outer loop
      vertex -128 157 4
      vertex 4.242640687119286 -124.75735931288071 4
      vertex 4.511038844873864 -125.04392510939958 4
    endloop
  endfacet
  facet normal 0 0 1
    outer loop
      vertex -128 157 4
      vertex 4.988817673815271 -125.66657860188239 4
      vertex 5.196152422706632 -126 4
    endloop
  endfacet
  facet normal 0 0 1
    outer loop
      vertex -128 157 4
      vertex 4.760120041747411 -125.34743142594768 4
      vertex 4.988817673815271 -125.66657860188239 4
    endloop
  endfacet
  facet normal 0 0 1
    outer loop
      vertex -128 157 4
      vertex 5.196152422706632 -126 4
      vertex 5.3812364491961295 -126.34626785868599 4
    endloop
  endfacet
  facet normal 0 0 -1
    outer loop
      vertex -128 -157 -4
      vertex -128 157 -4
      vertex -6 129 -4
    endloop
  endfacet
  facet normal -1 0 0
    outer loop
      vertex -128 -157 -4
      vertex -128 157 4
      vertex -128 157 -4
    endloop
  endfacet
  facet normal 0 0 -1
    outer loop
      vertex -128 -157 -4
      vertex -5.196152422706632 126 -4
      vertex -4.988817673815271 125.66657860188239 -4
    endloop
  endfacet
  facet normal 0 0 -1
    outer loop
      vertex -128 -157 -4
      vertex -5.3812364491961295 126.34626785868599 -4
      vertex -5.196152422706632 126 -4
    endloop
  endfacet
  facet normal 0 0 -1
    outer loop
      vertex -128 -157 -4
      vertex -5.884711682419383 127.82945806790323 -4
      vertex -5.79555495773441 127.44708572938488 -4
    endloop
  endfacet
  facet normal 0 0 -1
    outer loop
      vertex -128 -157 -4
      vertex -5.948669168242862 128.2168428466797 -4
      vertex -5.884711682419383 127.82945806790323 -4
    endloop
  endfacet
  facet normal 0 0 -1
    outer loop
      vertex -128 -157 -4
      vertex -5.54327719506772 126.70389940580947 -4
      vertex -5.3812364491961295 126.34626785868599 -4
    endloop
  endfacet
  facet normal 0 0 -1
    outer loop
      vertex -128 -157 -4
      vertex -5.681580776970634 127.07136320818103 -4
      vertex -5.54327719506772 126.70389940580947 -4
    endloop
  endfacet
  facet normal 0 0 -1
    outer loop
      vertex -128 -157 -4
      vertex -5.79555495773441 127.44708572938488 -4
      vertex -5.681580776970634 127.07136320818103 -4
    endloop
  endfacet
  facet normal 0 0 -1
    outer loop
      vertex -128 -157 -4
      vertex -5.98715353943162 128.60758122461914 -4
      vertex -5.948669168242862 128.2168428466797 -4
    endloop
  endfacet
  facet normal 0 0 -1
    outer loop
      vertex -128 -157 -4
      vertex -6 129 -4
      vertex -5.98715353943162 128.60758122461914 -4
    endloop
  endfacet
  facet normal 0 0 -1
    outer loop
      vertex -128 -157 -4
      vertex -3.956074890600413 124.48896115512613 -4
      vertex -3.652568574052324 124.23987995825259 -4
    endloop
  endfacet
  facet normal 0 0 -1
    outer loop
      vertex -128 -157 -4
      vertex -4.760120041747411 125.34743142594768 -4
      vertex -4.511038844873864 125.04392510939958 -4
    endloop
  endfacet
  facet normal 0 0 -1
    outer loop
      vertex -128 -157 -4
      vertex -4.511038844873864 125.04392510939958 -4
      vertex -4.242640687119286 124.75735931288071 -4
    endloop
  endfacet
  facet normal 0 0 -1
    outer loop
      vertex -128 -157 -4
      vertex -4.988817673815271 125.66657860188239 -4
      vertex -4.760120041747411 125.34743142594768 -4
    endloop
  endfacet
  facet normal 0 0 -1
    outer loop
      vertex -128 -157 -4
      vertex -4.242640687119286 124.75735931288071 -4
      vertex -3.956074890600413 124.48896115512613 -4
    endloop
  endfacet
  facet normal 0 0 -1
    outer loop
      vertex -128 -157 -4
      vertex -3.333421398117613 124.01118232618472 -4
      vertex -3 123.80384757729337 -4
    endloop
  endfacet
  facet normal 0 0 -1
    outer loop
      vertex -128 -157 -4
      vertex -3.652568574052324 124.23987995825259 -4
      vertex -3.333421398117613 124.01118232618472 -4
    endloop
  endfacet
  facet normal 0 0 -1
    outer loop
      vertex -128 -157 -4
      vertex -3 123.80384757729337 -4
      vertex -2.653732141314008 123.61876355080388 -4
    endloop
  endfacet
  facet normal 0 0 -1
    outer loop
      vertex -128 -157 -4
      vertex -2.653732141314008 123.61876355080388 -4
      vertex -2.2961005941905386 123.45672280493228 -4
    endloop
  endfacet
  facet normal 0 0 -1
    outer loop
      vertex -128 -157 -4
      vertex -2.2961005941905386 123.45672280493228 -4
      vertex -1.9286367918189695 123.31841922302937 -4
    endloop
  endfacet
  facet normal 0 0 -1
    outer loop
      vertex -128 -157 -4
      vertex -1.9286367918189695 123.31841922302937 -4
      vertex -1.5529142706151244 123.20444504226559 -4
    endloop
  endfacet
  facet normal 0 0 -1
    outer loop
      vertex -128 -157 -4
      vertex -1.5529142706151244 123.20444504226559 -4
      vertex -1.1705419320967696 123.11528831758062 -4
    endloop
  endfacet
  facet normal 0 0 -1
    outer loop
      vertex -128 -157 -4
      vertex -1.1705419320967696 123.11528831758062 -4
      vertex -0.7831571533203094 123.05133083175714 -4
    endloop
  endfacet
  facet normal 0 0 -1
    outer loop
      vertex -128 -157 -4
      vertex -0.7831571533203094 123.05133083175714 -4
      vertex -0.39241877538085834 123.01284646056838 -4
    endloop
  endfacet
  facet normal 0 0 -1
    outer loop
      vertex -128 -157 -4
      vertex -0.39241877538085834 123.01284646056838 -4
      vertex 0 123 -4
    endloop
  endfacet
  facet normal 0 0 -1
    outer loop
      vertex -128 -157 -4
      vertex 0 123 -4
      vertex 0.39241877538085834 123.01284646056838 -4
    endloop
  endfacet
  facet normal 0 0 -1
    outer loop
      vertex -128 -157 -4
      vertex 0.39241877538085834 123.01284646056838 -4
      vertex 0.7831571533203094 123.05133083175714 -4
    endloop
  endfacet
  facet normal 0 0 -1
    outer loop
      vertex -128 -157 -4
      vertex 0.7831571533203094 123.05133083175714 -4
      vertex 1.1705419320967696 123.11528831758062 -4
    endloop
  endfacet
  facet normal 0 0 -1
    outer loop
      vertex -128 -157 -4
      vertex 1.1705419320967696 123.11528831758062 -4
      vertex 1.5529142706151244 123.20444504226559 -4
    endloop
  endfacet
  facet normal 0 0 -1
    outer loop
      vertex -128 157 -4
      vertex -5.98715353943162 129.39241877538086 -4
      vertex -6 129 -4
    endloop
  endfacet
  facet normal 0 0 -1
    outer loop
      vertex -128 157 -4
      vertex -5.948669168242862 129.7831571533203 -4
      vertex -5.98715353943162 129.39241877538086 -4
    endloop
  endfacet
  facet normal 0 0 -1
    outer loop
      vertex -128 157 -4
      vertex -5.884711682419383 130.17054193209677 -4
      vertex -5.948669168242862 129.7831571533203 -4
    endloop
  endfacet
  facet normal 0 0 -1
    outer loop
      vertex -128 157 -4
      vertex -5.79555495773441 130.55291427061513 -4
      vertex -5.884711682419383 130.17054193209677 -4
    endloop
  endfacet
  facet normal 0 0 -1
    outer loop
      vertex -128 157 -4
      vertex -5.681580776970634 130.92863679181897 -4
      vertex -5.79555495773441 130.55291427061513 -4
    endloop
  endfacet
  facet normal 0 0 -1
    outer loop
      vertex -128 157 -4
      vertex -5.54327719506772 131.29610059419053 -4
      vertex -5.681580776970634 130.92863679181897 -4
    endloop
  endfacet
  facet normal 0 0 -1
    outer loop
      vertex -128 157 -4
      vertex -5.3812364491961295 131.653732141314 -4
      vertex -5.54327719506772 131.29610059419053 -4
    endloop
  endfacet
  facet normal 0 0 -1
    outer loop
      vertex -128 157 -4
      vertex -5.196152422706632 132 -4
      vertex -5.3812364491961295 131.653732141314 -4
    endloop
  endfacet
  facet normal 0 0 -1
    outer loop
      vertex -128 157 -4
      vertex -4.988817673815271 132.33342139811762 -4
      vertex -5.196152422706632 132 -4
    endloop
  endfacet
  facet normal 0 0 -1
    outer loop
      vertex -128 157 -4
      vertex -4.760120041747411 132.6525685740523 -4
      vertex -4.988817673815271 132.33342139811762 -4
    endloop
  endfacet
  facet normal 0 0 -1
    outer loop
      vertex -128 157 -4
      vertex -4.511038844873864 132.9560748906004 -4
      vertex -4.760120041747411 132.6525685740523 -4
    endloop
  endfacet
  facet normal 0 0 -1
    outer loop
      vertex -128 157 -4
      vertex -4.242640687119286 133.2426406871193 -4
      vertex -4.511038844873864 132.9560748906004 -4
    endloop
  endfacet
  facet normal 0 0 -1
    outer loop
      vertex -128 157 -4
      vertex -3.956074890600413 133.51103884487387 -4
      vertex -4.242640687119286 133.2426406871193 -4
    endloop
  endfacet
  facet normal 0 0 -1
    outer loop
      vertex -128 157 -4
      vertex -3.652568574052324 133.7601200417474 -4
      vertex -3.956074890600413 133.51103884487387 -4
    endloop
  endfacet
  facet normal 0 0 -1
    outer loop
      vertex -128 157 -4
      vertex -3.333421398117613 133.98881767381528 -4
      vertex -3.652568574052324 133.7601200417474 -4
    endloop
  endfacet
  facet normal 0 0 -1
    outer loop
      vertex -128 157 -4
      vertex -3 134.19615242270663 -4
      vertex -3.333421398117613 133.98881767381528 -4
    endloop
  endfacet
  facet normal 0 0 -1
    outer loop
      vertex -128 157 -4
      vertex -2.653732141314008 134.38123644919614 -4
      vertex -3 134.19615242270663 -4
    endloop
  endfacet
  facet normal 0 0 -1
    outer loop
      vertex -128 157 -4
      vertex -2.2961005941905386 134.54327719506773 -4
      vertex -2.653732141314008 134.38123644919614 -4
    endloop
  endfacet
  facet normal 0 0 -1
    outer loop
      vertex -128 157 -4
      vertex -1.9286367918189695 134.68158077697063 -4
      vertex -2.2961005941905386 134.54327719506773 -4
    endloop
  endfacet
  facet normal 0 0 -1
    outer loop
      vertex -128 157 -4
      vertex -1.5529142706151244 134.7955549577344 -4
      vertex -1.9286367918189695 134.68158077697063 -4
    endloop
  endfacet
  facet normal 0 0 -1
    outer loop
      vertex -128 157 -4
      vertex -1.1705419320967696 134.88471168241938 -4
      vertex -1.5529142706151244 134.7955549577344 -4
    endloop
  endfacet
  facet normal 0 0 -1
    outer loop
      vertex -128 157 -4
      vertex -0.7831571533203094 134.94866916824287 -4
      vertex -1.1705419320967696 134.88471168241938 -4
    endloop
  endfacet
  facet normal 0 0 -1
    outer loop
      vertex -128 157 -4
      vertex 1.1705419320967696 134.88471168241938 -4
      vertex 0.7831571533203094 134.94866916824287 -4
    endloop
  endfacet
  facet normal 0 0 -1
    outer loop
      vertex -128 157 -4
      vertex -0.39241877538085834 134.98715353943163 -4
      vertex -0.7831571533203094 134.94866916824287 -4
    endloop
  endfacet
  facet normal 0 0 -1
    outer loop
      vertex -128 157 -4
      vertex 0 135 -4
      vertex -0.39241877538085834 134.98715353943163 -4
    endloop
  endfacet
  facet normal 0 0 -1
    outer loop
      vertex -128 157 -4
      vertex 0.39241877538085834 134.98715353943163 -4
      vertex 0 135 -4
    endloop
  endfacet
  facet normal 0 0 -1
    outer loop
      vertex -128 157 -4
      vertex 0.7831571533203094 134.94866916824287 -4
      vertex 0.39241877538085834 134.98715353943163 -4
    endloop
  endfacet
  facet normal 0 1 0
    outer loop
      vertex -128 157 -4
      vertex -128 157 4
      vertex 128 157 -4
    endloop
  endfacet
  facet normal 0 0 1
    outer loop
      vertex -128 157 4
      vertex -5.3812364491961295 126.34626785868599 4
      vertex -5.54327719506772 126.70389940580947 4
    endloop
  endfacet
  facet normal 0 0 1
    outer loop
      vertex -128 157 4
      vertex -4.988817673815271 125.66657860188239 4
      vertex -5.196152422706632 126 4
    endloop
  endfacet
  facet normal 0 0 1
    outer loop
      vertex -128 157 4
      vertex -5.196152422706632 126 4
      vertex -5.3812364491961295 126.34626785868599 4
    endloop
  endfacet
  facet normal 0 0 1
    outer loop
      vertex -128 157 4
      vertex -5.54327719506772 126.70389940580947 4
      vertex -5.681580776970634 127.07136320818103 4
    endloop
  endfacet
  facet normal 0 0 1
    outer loop
      vertex -128 157 4
      vertex -5.681580776970634 127.07136320818103 4
      vertex -5.79555495773441 127.44708572938488 4
    endloop
  endfacet
  facet normal 0 0 1
    outer loop
      vertex -128 157 4
      vertex -2.653732141314008 123.61876355080388 4
      vertex -3 123.80384757729337 4
    endloop
  endfacet
  facet normal 0 0 1
    outer loop
      vertex -128 157 4
      vertex -2.2961005941905386 123.45672280493228 4
      vertex -2.653732141314008 123.61876355080388 4
    endloop
  endfacet
  facet normal 0 0 1
    outer loop
      vertex -128 157 4
      vertex -4.511038844873864 125.04392510939958 4
      vertex -4.760120041747411 125.34743142594768 4
    endloop
  endfacet
  facet normal 0 0 1
    outer loop
      vertex -128 157 4
      vertex -4.760120041747411 125.34743142594768 4
      vertex -4.988817673815271 125.66657860188239 4
    endloop
  endfacet
  facet normal 0 0 1
    outer loop
      vertex -128 157 4
      vertex -4.242640687119286 124.75735931288071 4
      vertex -4.511038844873864 125.04392510939958 4
    endloop
  endfacet
  facet normal 0 0 1
    outer loop
      vertex -128 157 4
      vertex -3.956074890600413 124.48896115512613 4
      vertex -4.242640687119286 124.75735931288071 4
    endloop
  endfacet
  facet normal 0 0 1
    outer loop
      vertex -128 157 4
      vertex -3.652568574052324 124.23987995825259 4
      vertex -3.956074890600413 124.48896115512613 4
    endloop
  endfacet
  facet normal 0 0 1
    outer loop
      vertex -128 157 4
      vertex -3 123.80384757729337 4
      vertex -3.333421398117613 124.01118232618472 4
    endloop
  endfacet
  facet normal 0 0 1
    outer loop
      vertex -128 157 4
      vertex -3.333421398117613 124.01118232618472 4
      vertex -3.652568574052324 124.23987995825259 4
    endloop
  endfacet
  facet normal 0 0 1
    outer loop
      vertex -128 157 4
      vertex -5.79555495773441 127.44708572938488 4
      vertex -5.884711682419383 127.82945806790323 4
    endloop
  endfacet
  facet normal 0 0 1
    outer loop
      vertex -128 157 4
      vertex -5.884711682419383 127.82945806790323 4
      vertex -5.948669168242862 128.2168428466797 4
    endloop
  endfacet
  facet normal 0 0 1
    outer loop
      vertex -128 157 4
      vertex -5.948669168242862 128.2168428466797 4
      vertex -5.98715353943162 128.60758122461914 4
    endloop
  endfacet
  facet normal 0 0 1
    outer loop
      vertex -128 157 4
      vertex -5.98715353943162 128.60758122461914 4
      vertex -6 129 4
    endloop
  endfacet
  facet normal 0 0 1
    outer loop
      vertex -128 157 4
      vertex -6 129 4
      vertex -5.98715353943162 129.39241877538086 4
    endloop
  endfacet
  facet normal 0 0 1
    outer loop
      vertex -128 157 4
      vertex -5.98715353943162 129.39241877538086 4
      vertex -5.948669168242862 129.7831571533203 4
    endloop
  endfacet
  facet normal 0 0 1
    outer loop
      vertex -128 157 4
      vertex -5.948669168242862 129.7831571533203 4
      vertex -5.884711682419383 130.17054193209677 4
    endloop
  endfacet
  facet normal 0 0 1
    outer loop
      vertex -128 157 4
      vertex -5.884711682419383 130.17054193209677 4
      vertex -5.79555495773441 130.55291427061513 4
    endloop
  endfacet
  facet normal 0 0 1
    outer loop
      vertex -128 157 4
      vertex -5.79555495773441 130.55291427061513 4
      vertex -5.681580776970634 130.92863679181897 4
    endloop
  endfacet
  facet normal 0 0 1
    outer loop
      vertex -128 157 4
      vertex -5.681580776970634 130.92863679181897 4
      vertex -5.54327719506772 131.29610059419053 4
    endloop
  endfacet
  facet normal 0 0 1
    outer loop
      vertex -128 157 4
      vertex -5.54327719506772 131.29610059419053 4
      vertex -5.3812364491961295 131.653732141314 4
    endloop
  endfacet
  facet normal 0 0 1
    outer loop
      vertex -128 157 4
      vertex -5.3812364491961295 131.653732141314 4
      vertex -5.196152422706632 132 4
    endloop
  endfacet
  facet normal 0 0 1
    outer loop
      vertex -128 157 4
      vertex -5.196152422706632 132 4
      vertex -4.988817673815271 132.33342139811762 4
    endloop
  endfacet
  facet normal 0 0 1
    outer loop
      vertex -128 157 4
      vertex -4.988817673815271 132.33342139811762 4
      vertex -4.760120041747411 132.6525685740523 4
    endloop
  endfacet
  facet normal 0 0 1
    outer loop
      vertex -128 157 4
      vertex -4.760120041747411 132.6525685740523 4
      vertex -4.511038844873864 132.9560748906004 4
    endloop
  endfacet
  facet normal 0 0 1
    outer loop
      vertex -128 157 4
      vertex -4.511038844873864 132.9560748906004 4
      vertex -4.242640687119286 133.2426406871193 4
    endloop
  endfacet
  facet normal 0 0 1
    outer loop
      vertex -128 157 4
      vertex -4.242640687119286 133.2426406871193 4
      vertex -3.956074890600413 133.51103884487387 4
    endloop
  endfacet
  facet normal 0 0 1
    outer loop
      vertex -128 157 4
      vertex -3.956074890600413 133.51103884487387 4
      vertex -3.652568574052324 133.7601200417474 4
    endloop
  endfacet
  facet normal 0 0 1
    outer loop
      vertex -128 157 4
      vertex -3.652568574052324 133.7601200417474 4
      vertex -3.333421398117613 133.98881767381528 4
    endloop
  endfacet
  facet normal 0 0 1
    outer loop
      vertex -128 157 4
      vertex -3.333421398117613 133.98881767381528 4
      vertex -3 134.19615242270663 4
    endloop
  endfacet
  facet normal 0 0 1
    outer loop
      vertex -128 157 4
      vertex -3 134.19615242270663 4
      vertex -2.653732141314008 134.38123644919614 4
    endloop
  endfacet
  facet normal 0 0 1
    outer loop
      vertex -128 157 4
      vertex -2.653732141314008 134.38123644919614 4
      vertex -2.2961005941905386 134.54327719506773 4
    endloop
  endfacet
  facet normal 0 0 1
    outer loop
      vertex -128 157 4
      vertex -2.2961005941905386 134.54327719506773 4
      vertex -1.9286367918189695 134.68158077697063 4
    endloop
  endfacet
  facet normal 0 0 1
    outer loop
      vertex -128 157 4
      vertex -1.9286367918189695 134.68158077697063 4
      vertex -1.5529142706151244 134.7955549577344 4
    endloop
  endfacet
  facet normal 0 0 1
    outer loop
      vertex -128 157 4
      vertex -1.5529142706151244 134.7955549577344 4
      vertex -1.1705419320967696 134.88471168241938 4
    endloop
  endfacet
  facet normal 0 0 1
    outer loop
      vertex -128 157 4
      vertex 100 -22.44994432064365 4
      vertex -2.2961005941905386 123.45672280493228 4
    endloop
  endfacet
  facet normal 0 0 1
    outer loop
      vertex -128 157 4
      vertex -1.1705419320967696 134.88471168241938 4
      vertex 128 157 4
    endloop
  endfacet
  facet normal 0 0 -1
    outer loop
      vertex -3.956074890600413 -124.48896115512613 -4
      vertex -4.242640687119286 -124.75735931288071 -4
      vertex 100 -22.44994432064365 -4
    endloop
  endfacet
  facet normal 0 0 -1
    outer loop
      vertex -3.652568574052324 -124.23987995825259 -4
      vertex -3.956074890600413 -124.48896115512613 -4
      vertex 100 -22.44994432064365 -4
    endloop
  endfacet
  facet normal 0 0 -1
    outer loop
      vertex -3.333421398117613 -124.01118232618472 -4
      vertex -3.652568574052324 -124.23987995825259 -4
      vertex 100 -22.44994432064365 -4
    endloop
  endfacet
  facet normal 0 0 -1
    outer loop
      vertex -3 -123.80384757729337 -4
      vertex -3.333421398117613 -124.01118232618472 -4
      vertex 100 -22.44994432064365 -4
    endloop
  endfacet
  facet normal 0 0 -1
    outer loop
      vertex -2.653732141314008 -123.61876355080388 -4
      vertex -3 -123.80384757729337 -4
      vertex 100 -22.44994432064365 -4
    endloop
  endfacet
  facet normal 0 0 -1
    outer loop
      vertex -2.2961005941905386 -123.45672280493228 -4
      vertex -2.653732141314008 -123.61876355080388 -4
      vertex 100 -22.44994432064365 -4
    endloop
  endfacet
  facet normal 0 0 -1
    outer loop
      vertex -1.9286367918189695 -123.31841922302937 -4
      vertex -2.2961005941905386 -123.45672280493228 -4
      vertex 100 -22.44994432064365 -4
    endloop
  endfacet
  facet normal 0 0 -1
    outer loop
      vertex 128 -157 -4
      vertex -0.7831571533203094 -134.94866916824287 -4
      vertex -0.39241877538085834 -134.98715353943163 -4
    endloop
  endfacet
  facet normal 0 0 -1
    outer loop
      vertex 128 -157 -4
      vertex -0.39241877538085834 -134.98715353943163 -4
      vertex 0 -135 -4
    endloop
  endfacet
  facet normal 0 0 -1
    outer loop
      vertex 128 -157 -4
      vertex 0 -135 -4
      vertex 0.39241877538085834 -134.98715353943163 -4
    endloop
  endfacet
  facet normal 0 0 -1
    outer loop
      vertex 128 -157 -4
      vertex 0.39241877538085834 -134.98715353943163 -4
      vertex 0.7831571533203094 -134.94866916824287 -4
    endloop
  endfacet
  facet normal 0 0 -1
    outer loop
      vertex 128 -157 -4
      vertex -1.1705419320967696 -134.88471168241938 -4
      vertex -0.7831571533203094 -134.94866916824287 -4
    endloop
  endfacet
  facet normal 0 0 -1
    outer loop
      vertex 128 -157 -4
      vertex 0.7831571533203094 -134.94866916824287 -4
      vertex 1.1705419320967696 -134.88471168241938 -4
    endloop
  endfacet
  facet normal 0 0 -1
    outer loop
      vertex 128 -157 -4
      vertex 1.1705419320967696 -134.88471168241938 -4
      vertex 1.5529142706151244 -134.7955549577344 -4
    endloop
  endfacet
  facet normal 0 0 -1
    outer loop
      vertex 128 -157 -4
      vertex 1.5529142706151244 -134.7955549577344 -4
      vertex 1.9286367918189695 -134.68158077697063 -4
    endloop
  endfacet
  facet normal 0 0 -1
    outer loop
      vertex 128 -157 -4
      vertex 1.9286367918189695 -134.68158077697063 -4
      vertex 2.2961005941905386 -134.54327719506773 -4
    endloop
  endfacet
  facet normal 0 0 -1
    outer loop
      vertex 128 -157 -4
      vertex 2.2961005941905386 -134.54327719506773 -4
      vertex 2.653732141314008 -134.38123644919614 -4
    endloop
  endfacet
  facet normal 0 0 -1
    outer loop
      vertex 128 -157 -4
      vertex 2.653732141314008 -134.38123644919614 -4
      vertex 3 -134.19615242270663 -4
    endloop
  endfacet
  facet normal 0 0 -1
    outer loop
      vertex 128 -157 -4
      vertex 3 -134.19615242270663 -4
      vertex 3.333421398117613 -133.98881767381528 -4
    endloop
  endfacet
  facet normal 0 0 -1
    outer loop
      vertex 128 -157 -4
      vertex 3.333421398117613 -133.98881767381528 -4
      vertex 3.652568574052324 -133.7601200417474 -4
    endloop
  endfacet
  facet normal 0 0 -1
    outer loop
      vertex 128 -157 -4
      vertex 3.652568574052324 -133.7601200417474 -4
      vertex 3.956074890600413 -133.51103884487387 -4
    endloop
  endfacet
  facet normal 0 0 -1
    outer loop
      vertex 128 -157 -4
      vertex 3.956074890600413 -133.51103884487387 -4
      vertex 4.242640687119286 -133.2426406871193 -4
    endloop
  endfacet
  facet normal 0 0 -1
    outer loop
      vertex 128 -157 -4
      vertex 4.242640687119286 -133.2426406871193 -4
      vertex 4.511038844873864 -132.9560748906004 -4
    endloop
  endfacet
  facet normal 0 0 -1
    outer loop
      vertex 128 -157 -4
      vertex 4.511038844873864 -132.9560748906004 -4
      vertex 4.760120041747411 -132.6525685740523 -4
    endloop
  endfacet
  facet normal 0 0 -1
    outer loop
      vertex 128 -157 -4
      vertex 4.760120041747411 -132.6525685740523 -4
      vertex 4.988817673815271 -132.33342139811762 -4
    endloop
  endfacet
  facet normal 0 0 -1
    outer loop
      vertex 128 -157 -4
      vertex 4.988817673815271 -132.33342139811762 -4
      vertex 5.196152422706632 -132 -4
    endloop
  endfacet
  facet normal 0 0 -1
    outer loop
      vertex 128 -157 -4
      vertex 5.196152422706632 -132 -4
      vertex 5.3812364491961295 -131.653732141314 -4
    endloop
  endfacet
  facet normal 0 0 -1
    outer loop
      vertex 128 -157 -4
      vertex 5.3812364491961295 -131.653732141314 -4
      vertex 5.54327719506772 -131.29610059419053 -4
    endloop
  endfacet
  facet normal 0 0 -1
    outer loop
      vertex 128 -157 -4
      vertex 5.54327719506772 -131.29610059419053 -4
      vertex 5.681580776970634 -130.92863679181897 -4
    endloop
  endfacet
  facet normal 0 0 -1
    outer loop
      vertex 128 -157 -4
      vertex 5.681580776970634 -130.92863679181897 -4
      vertex 5.79555495773441 -130.55291427061513 -4
    endloop
  endfacet
  facet normal 0 0 -1
    outer loop
      vertex 128 -157 -4
      vertex 5.79555495773441 -130.55291427061513 -4
      vertex 5.884711682419383 -130.17054193209677 -4
    endloop
  endfacet
  facet normal 0 0 -1
    outer loop
      vertex 128 -157 -4
      vertex 5.884711682419383 -130.17054193209677 -4
      vertex 5.948669168242862 -129.7831571533203 -4
    endloop
  endfacet
  facet normal 0 0 -1
    outer loop
      vertex 128 -157 -4
      vertex 5.948669168242862 -129.7831571533203 -4
      vertex 5.98715353943162 -129.39241877538086 -4
    endloop
  endfacet
  facet normal 0 0 -1
    outer loop
      vertex 128 -157 -4
      vertex 5.98715353943162 -129.39241877538086 -4
      vertex 6 -129 -4
    endloop
  endfacet
  facet normal 0 0 -1
    outer loop
      vertex 128 -157 -4
      vertex 6 -129 -4
      vertex 5.98715353943162 -128.60758122461914 -4
    endloop
  endfacet
  facet normal 0 0 -1
    outer loop
      vertex 128 -157 -4
      vertex 5.948669168242862 -128.2168428466797 -4
      vertex 5.884711682419383 -127.82945806790323 -4
    endloop
  endfacet
  facet normal 0 0 -1
    outer loop
      vertex 128 -157 -4
      vertex 5.98715353943162 -128.60758122461914 -4
      vertex 5.948669168242862 -128.2168428466797 -4
    endloop
  endfacet
  facet normal 0 0 -1
    outer loop
      vertex 128 -157 -4
      vertex 5.884711682419383 -127.82945806790323 -4
      vertex 5.79555495773441 -127.44708572938488 -4
    endloop
  endfacet
  facet normal 0 0 -1
    outer loop
      vertex 128 -157 -4
      vertex 4.988817673815271 -125.66657860188239 -4
      vertex 4.760120041747411 -125.34743142594768 -4
    endloop
  endfacet
  facet normal 0 0 -1
    outer loop
      vertex 128 -157 -4
      vertex 4.760120041747411 -125.34743142594768 -4
      vertex 4.511038844873864 -125.04392510939958 -4
    endloop
  endfacet
  facet normal 0 0 -1
    outer loop
      vertex 128 -157 -4
      vertex 5.79555495773441 -127.44708572938488 -4
      vertex 5.681580776970634 -127.07136320818103 -4
    endloop
  endfacet
  facet normal 0 0 -1
    outer loop
      vertex 128 -157 -4
      vertex 5.681580776970634 -127.07136320818103 -4
      vertex 5.54327719506772 -126.70389940580947 -4
    endloop
  endfacet
  facet normal 0 0 -1
    outer loop
      vertex 128 -157 -4
      vertex 5.196152422706632 -126 -4
      vertex 4.988817673815271 -125.66657860188239 -4
    endloop
  endfacet
  facet normal 0 0 -1
    outer loop
      vertex 128 -157 -4
      vertex 5.3812364491961295 -126.34626785868599 -4
      vertex 5.196152422706632 -126 -4
    endloop
  endfacet
  facet normal 0 0 -1
    outer loop
      vertex 128 -157 -4
      vertex 5.54327719506772 -126.70389940580947 -4
      vertex 5.3812364491961295 -126.34626785868599 -4
    endloop
  endfacet
  facet normal 0 0 -1
    outer loop
      vertex -1.5529142706151244 -123.20444504226559 -4
      vertex -1.9286367918189695 -123.31841922302937 -4
      vertex 100 -22.44994432064365 -4
    endloop
  endfacet
  facet normal 0 0 -1
    outer loop
      vertex -1.1705419320967696 -123.11528831758062 -4
      vertex -1.5529142706151244 -123.20444504226559 -4
      vertex 100 -22.44994432064365 -4
    endloop
  endfacet
  facet normal 0 0 -1
    outer loop
      vertex -0.7831571533203094 -123.05133083175714 -4
      vertex -1.1705419320967696 -123.11528831758062 -4
      vertex 100 -22.44994432064365 -4
    endloop
  endfacet
  facet normal 0 0 -1
    outer loop
      vertex -0.39241877538085834 -123.01284646056838 -4
      vertex -0.7831571533203094 -123.05133083175714 -4
      vertex 100 -22.44994432064365 -4
    endloop
  endfacet
  facet normal 0 0 -1
    outer loop
      vertex 0 -123 -4
      vertex -0.39241877538085834 -123.01284646056838 -4
      vertex 100 -22.44994432064365 -4
    endloop
  endfacet
  facet normal 0 0 -1
    outer loop
      vertex 0.39241877538085834 -123.01284646056838 -4
      vertex 0 -123 -4
      vertex 100 -22.44994432064365 -4
    endloop
  endfacet
  facet normal 0 0 -1
    outer loop
      vertex 0.7831571533203094 -123.05133083175714 -4
      vertex 0.39241877538085834 -123.01284646056838 -4
      vertex 100 -22.44994432064365 -4
    endloop
  endfacet
  facet normal 0 0 -1
    outer loop
      vertex 1.1705419320967696 -123.11528831758062 -4
      vertex 0.7831571533203094 -123.05133083175714 -4
      vertex 100 -22.44994432064365 -4
    endloop
  endfacet
  facet normal 0 0 -1
    outer loop
      vertex 1.5529142706151244 -123.20444504226559 -4
      vertex 1.1705419320967696 -123.11528831758062 -4
      vertex 100 -22.44994432064365 -4
    endloop
  endfacet
  facet normal 0 0 -1
    outer loop
      vertex 1.9286367918189695 -123.31841922302937 -4
      vertex 1.5529142706151244 -123.20444504226559 -4
      vertex 100 -22.44994432064365 -4
    endloop
  endfacet
  facet normal 0 0 -1
    outer loop
      vertex 2.2961005941905386 -123.45672280493228 -4
      vertex 1.9286367918189695 -123.31841922302937 -4
      vertex 100 -22.44994432064365 -4
    endloop
  endfacet
  facet normal 0 0 -1
    outer loop
      vertex 2.653732141314008 -123.61876355080388 -4
      vertex 2.2961005941905386 -123.45672280493228 -4
      vertex 100 -22.44994432064365 -4
    endloop
  endfacet
  facet normal 0 0 -1
    outer loop
      vertex 3 -123.80384757729337 -4
      vertex 2.653732141314008 -123.61876355080388 -4
      vertex 100 -22.44994432064365 -4
    endloop
  endfacet
  facet normal 0 0 -1
    outer loop
      vertex 3.333421398117613 -124.01118232618472 -4
      vertex 3 -123.80384757729337 -4
      vertex 100 -22.44994432064365 -4
    endloop
  endfacet
  facet normal 0 0 -1
    outer loop
      vertex 3.652568574052324 -124.23987995825259 -4
      vertex 3.333421398117613 -124.01118232618472 -4
      vertex 100 -22.44994432064365 -4
    endloop
  endfacet
  facet normal 0 0 -1
    outer loop
      vertex 3.956074890600413 -124.48896115512613 -4
      vertex 3.652568574052324 -124.23987995825259 -4
      vertex 100 -22.44994432064365 -4
    endloop
  endfacet
  facet normal 0 0 -1
    outer loop
      vertex 3.956074890600413 -124.48896115512613 -4
      vertex 100 -22.44994432064365 -4
      vertex 4.242640687119286 -124.75735931288071 -4
    endloop
  endfacet
  facet normal 0 0 -1
    outer loop
      vertex 4.242640687119286 -124.75735931288071 -4
      vertex 100 -22.44994432064365 -4
      vertex 4.511038844873864 -125.04392510939958 -4
    endloop
  endfacet
  facet normal 0 -1 0
    outer loop
      vertex -128 -157 -4
      vertex 128 -157 -4
      vertex 128 -157 4
    endloop
  endfacet
  facet normal 0 0 -1
    outer loop
      vertex -4.511038844873864 -125.04392510939958 -4
      vertex 100 22.44994432064365 -4
      vertex -4.242640687119286 -124.75735931288071 -4
    endloop
  endfacet
  facet normal 0 0 -1
    outer loop
      vertex 128 -157 -4
      vertex 4.511038844873864 -125.04392510939958 -4
      vertex 100 -22.44994432064365 -4
    endloop
  endfacet
  facet normal 0 0 -1
    outer loop
      vertex -4.242640687119286 -124.75735931288071 -4
      vertex 100 22.44994432064365 -4
      vertex 100 -22.44994432064365 -4
    endloop
  endfacet
  facet normal 0 0 -1
    outer loop
      vertex 128 -157 -4
      vertex 100 -22.44994432064365 -4
      vertex 128 -22.44994432064365 -4
    endloop
  endfacet
  facet normal 1 0 0
    outer loop
      vertex 128 -157 -4
      vertex 128 -22.44994432064365 -4
      vertex 128 -22.44994432064365 4
    endloop
  endfacet
  facet normal 0 0 1
    outer loop
      vertex -128 -157 4
      vertex 128 -157 4
      vertex 1.1705419320967696 -134.88471168241938 4
    endloop
  endfacet
  facet normal 0 0 1
    outer loop
      vertex 128 -157 4
      vertex 1.5529142706151244 -134.7955549577344 4
      vertex 1.1705419320967696 -134.88471168241938 4
    endloop
  endfacet
  facet normal 0 0 1
    outer loop
      vertex 128 -157 4
      vertex 1.9286367918189695 -134.68158077697063 4
      vertex 1.5529142706151244 -134.7955549577344 4
    endloop
  endfacet
  facet normal 0 0 1
    outer loop
      vertex 128 -157 4
      vertex 2.2961005941905386 -134.54327719506773 4
      vertex 1.9286367918189695 -134.68158077697063 4
    endloop
  endfacet
  facet normal 0 0 1
    outer loop
      vertex 128 -157 4
      vertex 2.653732141314008 -134.38123644919614 4
      vertex 2.2961005941905386 -134.54327719506773 4
    endloop
  endfacet
  facet normal 0 0 1
    outer loop
      vertex 128 -157 4
      vertex 3 -134.19615242270663 4
      vertex 2.653732141314008 -134.38123644919614 4
    endloop
  endfacet
  facet normal 0 0 1
    outer loop
      vertex 128 -157 4
      vertex 3.333421398117613 -133.98881767381528 4
      vertex 3 -134.19615242270663 4
    endloop
  endfacet
  facet normal 0 0 1
    outer loop
      vertex 128 -157 4
      vertex 3.652568574052324 -133.7601200417474 4
      vertex 3.333421398117613 -133.98881767381528 4
    endloop
  endfacet
  facet normal 0 0 1
    outer loop
      vertex 128 -157 4
      vertex 3.956074890600413 -133.51103884487387 4
      vertex 3.652568574052324 -133.7601200417474 4
    endloop
  endfacet
  facet normal 0 0 1
    outer loop
      vertex 128 -157 4
      vertex 4.242640687119286 -133.2426406871193 4
      vertex 3.956074890600413 -133.51103884487387 4
    endloop
  endfacet
  facet normal 0 0 1
    outer loop
      vertex 128 -157 4
      vertex 4.511038844873864 -132.9560748906004 4
      vertex 4.242640687119286 -133.2426406871193 4
    endloop
  endfacet
  facet normal 0 0 1
    outer loop
      vertex 128 -157 4
      vertex 4.760120041747411 -132.6525685740523 4
      vertex 4.511038844873864 -132.9560748906004 4
    endloop
  endfacet
  facet normal 0 0 1
    outer loop
      vertex 128 -157 4
      vertex 4.988817673815271 -132.33342139811762 4
      vertex 4.760120041747411 -132.6525685740523 4
    endloop
  endfacet
  facet normal 0 0 1
    outer loop
      vertex 128 -157 4
      vertex 5.196152422706632 -132 4
      vertex 4.988817673815271 -132.33342139811762 4
    endloop
  endfacet
  facet normal 0 0 1
    outer loop
      vertex 128 -157 4
      vertex 5.3812364491961295 -131.653732141314 4
      vertex 5.196152422706632 -132 4
    endloop
  endfacet
  facet normal 0 0 1
    outer loop
      vertex 128 -157 4
      vertex 5.54327719506772 -131.29610059419053 4
      vertex 5.3812364491961295 -131.653732141314 4
    endloop
  endfacet
  facet normal 0 0 1
    outer loop
      vertex 128 -157 4
      vertex 5.681580776970634 -130.92863679181897 4
      vertex 5.54327719506772 -131.29610059419053 4
    endloop
  endfacet
  facet normal 0 0 1
    outer loop
      vertex 128 -157 4
      vertex 5.79555495773441 -130.55291427061513 4
      vertex 5.681580776970634 -130.92863679181897 4
    endloop
  endfacet
  facet normal 0 0 1
    outer loop
      vertex 128 -157 4
      vertex 5.884711682419383 -130.17054193209677 4
      vertex 5.79555495773441 -130.55291427061513 4
    endloop
  endfacet
  facet normal 0 0 1
    outer loop
      vertex 128 -157 4
      vertex 5.948669168242862 -129.7831571533203 4
      vertex 5.884711682419383 -130.17054193209677 4
    endloop
  endfacet
  facet normal 0 0 1
    outer loop
      vertex 128 -157 4
      vertex 5.98715353943162 -129.39241877538086 4
      vertex 5.948669168242862 -129.7831571533203 4
    endloop
  endfacet
  facet normal 0 0 1
    outer loop
      vertex 128 -157 4
      vertex 6 -129 4
      vertex 5.98715353943162 -129.39241877538086 4
    endloop
  endfacet
  facet normal 0 0 1
    outer loop
      vertex 128 -157 4
      vertex 5.98715353943162 -128.60758122461914 4
      vertex 6 -129 4
    endloop
  endfacet
  facet normal 0 0 1
    outer loop
      vertex 128 -157 4
      vertex 5.948669168242862 -128.2168428466797 4
      vertex 5.98715353943162 -128.60758122461914 4
    endloop
  endfacet
  facet normal 0 0 1
    outer loop
      vertex 128 -157 4
      vertex 5.884711682419383 -127.82945806790323 4
      vertex 5.948669168242862 -128.2168428466797 4
    endloop
  endfacet
  facet normal 0 0 1
    outer loop
      vertex 128 -157 4
      vertex 5.79555495773441 -127.44708572938488 4
      vertex 5.884711682419383 -127.82945806790323 4
    endloop
  endfacet
  facet normal 0 0 1
    outer loop
      vertex 128 -157 4
      vertex 5.681580776970634 -127.07136320818103 4
      vertex 5.79555495773441 -127.44708572938488 4
    endloop
  endfacet
  facet normal 0 0 1
    outer loop
      vertex 128 -157 4
      vertex 5.54327719506772 -126.70389940580947 4
      vertex 5.681580776970634 -127.07136320818103 4
    endloop
  endfacet
  facet normal 0 0 1
    outer loop
      vertex 128 -157 4
      vertex 5.3812364491961295 -126.34626785868599 4
      vertex 5.54327719506772 -126.70389940580947 4
    endloop
  endfacet
  facet normal 0 0 1
    outer loop
      vertex -128 157 4
      vertex 5.3812364491961295 -126.34626785868599 4
      vertex 128 -157 4
    endloop
  endfacet
  facet normal 0 0 1
    outer loop
      vertex -128 157 4
      vertex 128 -157 4
      vertex 100 -22.44994432064365 4
    endloop
  endfacet
  facet normal 1 0 0
    outer loop
      vertex 128 -157 -4
      vertex 128 -22.44994432064365 4
      vertex 128 -157 4
    endloop
  endfacet
  facet normal 0 0 1
    outer loop
      vertex 128 -157 4
      vertex 128 -22.44994432064365 4
      vertex 100 -22.44994432064365 4
    endloop
  endfacet
  facet normal 0 0 -1
    outer loop
      vertex -128 -157 -4
      vertex 1.5529142706151244 123.20444504226559 -4
      vertex 128 157 -4
    endloop
  endfacet
  facet normal 0 0 -1
    outer loop
      vertex -128 -157 -4
      vertex 128 157 -4
      vertex 100 22.44994432064365 -4
    endloop
  endfacet
  facet normal 0 0 -1
    outer loop
      vertex -128 157 -4
      vertex 128 157 -4
      vertex 1.1705419320967696 134.88471168241938 -4
    endloop
  endfacet
  facet normal 0 0 -1
    outer loop
      vertex 128 157 -4
      vertex 1.5529142706151244 123.20444504226559 -4
      vertex 1.9286367918189695 123.31841922302937 -4
    endloop
  endfacet
  facet normal 0 0 -1
    outer loop
      vertex 128 157 -4
      vertex 1.9286367918189695 123.31841922302937 -4
      vertex 2.2961005941905386 123.45672280493228 -4
    endloop
  endfacet
  facet normal 0 0 -1
    outer loop
      vertex 128 157 -4
      vertex 2.2961005941905386 123.45672280493228 -4
      vertex 2.653732141314008 123.61876355080388 -4
    endloop
  endfacet
  facet normal 0 0 -1
    outer loop
      vertex 128 157 -4
      vertex 2.653732141314008 123.61876355080388 -4
      vertex 3 123.80384757729337 -4
    endloop
  endfacet
  facet normal 0 0 -1
    outer loop
      vertex 128 157 -4
      vertex 3 123.80384757729337 -4
      vertex 3.333421398117613 124.01118232618472 -4
    endloop
  endfacet
  facet normal 0 0 -1
    outer loop
      vertex 128 157 -4
      vertex 3.333421398117613 124.01118232618472 -4
      vertex 3.652568574052324 124.23987995825259 -4
    endloop
  endfacet
  facet normal 0 0 -1
    outer loop
      vertex 128 157 -4
      vertex 3.652568574052324 124.23987995825259 -4
      vertex 3.956074890600413 124.48896115512613 -4
    endloop
  endfacet
  facet normal 0 0 -1
    outer loop
      vertex 128 157 -4
      vertex 3.956074890600413 124.48896115512613 -4
      vertex 4.242640687119286 124.75735931288071 -4
    endloop
  endfacet
  facet normal 0 0 -1
    outer loop
      vertex 128 157 -4
      vertex 4.242640687119286 124.75735931288071 -4
      vertex 4.511038844873864 125.04392510939958 -4
    endloop
  endfacet
  facet normal 0 0 -1
    outer loop
      vertex 128 157 -4
      vertex 4.511038844873864 125.04392510939958 -4
      vertex 4.760120041747411 125.34743142594768 -4
    endloop
  endfacet
  facet normal 0 0 -1
    outer loop
      vertex 128 157 -4
      vertex 4.760120041747411 125.34743142594768 -4
      vertex 4.988817673815271 125.66657860188239 -4
    endloop
  endfacet
  facet normal 0 0 -1
    outer loop
      vertex 128 157 -4
      vertex 4.988817673815271 125.66657860188239 -4
      vertex 5.196152422706632 126 -4
    endloop
  endfacet
  facet normal 0 0 -1
    outer loop
      vertex 128 157 -4
      vertex 5.196152422706632 126 -4
      vertex 5.3812364491961295 126.34626785868599 -4
    endloop
  endfacet
  facet normal 0 0 -1
    outer loop
      vertex 128 157 -4
      vertex 5.3812364491961295 126.34626785868599 -4
      vertex 5.54327719506772 126.70389940580947 -4
    endloop
  endfacet
  facet normal 0 0 -1
    outer loop
      vertex 128 157 -4
      vertex 5.54327719506772 126.70389940580947 -4
      vertex 5.681580776970634 127.07136320818103 -4
    endloop
  endfacet
  facet normal 0 0 -1
    outer loop
      vertex 128 157 -4
      vertex 5.681580776970634 127.07136320818103 -4
      vertex 5.79555495773441 127.44708572938488 -4
    endloop
  endfacet
  facet normal 0 0 -1
    outer loop
      vertex 128 157 -4
      vertex 1.5529142706151244 134.7955549577344 -4
      vertex 1.1705419320967696 134.88471168241938 -4
    endloop
  endfacet
  facet normal 0 0 -1
    outer loop
      vertex 128 157 -4
      vertex 1.9286367918189695 134.68158077697063 -4
      vertex 1.5529142706151244 134.7955549577344 -4
    endloop
  endfacet
  facet normal 0 0 -1
    outer loop
      vertex 128 157 -4
      vertex 2.2961005941905386 134.54327719506773 -4
      vertex 1.9286367918189695 134.68158077697063 -4
    endloop
  endfacet
  facet normal 0 0 -1
    outer loop
      vertex 128 157 -4
      vertex 2.653732141314008 134.38123644919614 -4
      vertex 2.2961005941905386 134.54327719506773 -4
    endloop
  endfacet
  facet normal 0 0 -1
    outer loop
      vertex 128 157 -4
      vertex 3.652568574052324 133.7601200417474 -4
      vertex 3.333421398117613 133.98881767381528 -4
    endloop
  endfacet
  facet normal 0 0 -1
    outer loop
      vertex 128 157 -4
      vertex 3 134.19615242270663 -4
      vertex 2.653732141314008 134.38123644919614 -4
    endloop
  endfacet
  facet normal 0 0 -1
    outer loop
      vertex 128 157 -4
      vertex 3.333421398117613 133.98881767381528 -4
      vertex 3 134.19615242270663 -4
    endloop
  endfacet
  facet normal 0 0 -1
    outer loop
      vertex 128 157 -4
      vertex 4.988817673815271 132.33342139811762 -4
      vertex 4.760120041747411 132.6525685740523 -4
    endloop
  endfacet
  facet normal 0 0 -1
    outer loop
      vertex 128 157 -4
      vertex 4.760120041747411 132.6525685740523 -4
      vertex 4.511038844873864 132.9560748906004 -4
    endloop
  endfacet
  facet normal 0 0 -1
    outer loop
      vertex 128 157 -4
      vertex 3.956074890600413 133.51103884487387 -4
      vertex 3.652568574052324 133.7601200417474 -4
    endloop
  endfacet
  facet normal 0 0 -1
    outer loop
      vertex 128 157 -4
      vertex 4.242640687119286 133.2426406871193 -4
      vertex 3.956074890600413 133.51103884487387 -4
    endloop
  endfacet
  facet normal 0 0 -1
    outer loop
      vertex 128 157 -4
      vertex 4.511038844873864 132.9560748906004 -4
      vertex 4.242640687119286 133.2426406871193 -4
    endloop
  endfacet
  facet normal 0 0 -1
    outer loop
      vertex 128 157 -4
      vertex 5.79555495773441 127.44708572938488 -4
      vertex 5.884711682419383 127.82945806790323 -4
    endloop
  endfacet
  facet normal 0 0 -1
    outer loop
      vertex 128 157 -4
      vertex 5.884711682419383 127.82945806790323 -4
      vertex 5.948669168242862 128.2168428466797 -4
    endloop
  endfacet
  facet normal 0 0 -1
    outer loop
      vertex 128 157 -4
      vertex 5.948669168242862 128.2168428466797 -4
      vertex 5.98715353943162 128.60758122461914 -4
    endloop
  endfacet
  facet normal 0 0 -1
    outer loop
      vertex 128 157 -4
      vertex 5.98715353943162 128.60758122461914 -4
      vertex 6 129 -4
    endloop
  endfacet
  facet normal 0 0 -1
    outer loop
      vertex 128 157 -4
      vertex 6 129 -4
      vertex 5.98715353943162 129.39241877538086 -4
    endloop
  endfacet
  facet normal 0 0 -1
    outer loop
      vertex 128 157 -4
      vertex 5.79555495773441 130.55291427061513 -4
      vertex 5.681580776970634 130.92863679181897 -4
    endloop
  endfacet
  facet normal 0 0 -1
    outer loop
      vertex 128 157 -4
      vertex 5.681580776970634 130.92863679181897 -4
      vertex 5.54327719506772 131.29610059419053 -4
    endloop
  endfacet
  facet normal 0 0 -1
    outer loop
      vertex 128 157 -4
      vertex 5.98715353943162 129.39241877538086 -4
      vertex 5.948669168242862 129.7831571533203 -4
    endloop
  endfacet
  facet normal 0 0 -1
    outer loop
      vertex 128 157 -4
      vertex 5.948669168242862 129.7831571533203 -4
      vertex 5.884711682419383 130.17054193209677 -4
    endloop
  endfacet
  facet normal 0 0 -1
    outer loop
      vertex 128 157 -4
      vertex 5.884711682419383 130.17054193209677 -4
      vertex 5.79555495773441 130.55291427061513 -4
    endloop
  endfacet
  facet normal 0 0 -1
    outer loop
      vertex 128 157 -4
      vertex 5.3812364491961295 131.653732141314 -4
      vertex 5.196152422706632 132 -4
    endloop
  endfacet
  facet normal 0 0 -1
    outer loop
      vertex 128 157 -4
      vertex 5.54327719506772 131.29610059419053 -4
      vertex 5.3812364491961295 131.653732141314 -4
    endloop
  endfacet
  facet normal 0 0 -1
    outer loop
      vertex 128 157 -4
      vertex 5.196152422706632 132 -4
      vertex 4.988817673815271 132.33342139811762 -4
    endloop
  endfacet
  facet normal 0 0 -1
    outer loop
      vertex 128 157 -4
      vertex 128 22.44994432064365 -4
      vertex 100 22.44994432064365 -4
    endloop
  endfacet
  facet normal 1 0 0
    outer loop
      vertex 128 157 -4
      vertex 128 157 4
      vertex 128 22.44994432064365 -4
    endloop
  endfacet
  facet normal 0 0 1
    outer loop
      vertex 100 -22.44994432064365 4
      vertex -1.9286367918189695 123.31841922302937 4
      vertex -2.2961005941905386 123.45672280493228 4
    endloop
  endfacet
  facet normal 0 0 1
    outer loop
      vertex 100 -22.44994432064365 4
      vertex -1.5529142706151244 123.20444504226559 4
      vertex -1.9286367918189695 123.31841922302937 4
    endloop
  endfacet
  facet normal 0 0 1
    outer loop
      vertex 100 -22.44994432064365 4
      vertex -1.1705419320967696 123.11528831758062 4
      vertex -1.5529142706151244 123.20444504226559 4
    endloop
  endfacet
  facet normal 0 0 1
    outer loop
      vertex 100 -22.44994432064365 4
      vertex -0.7831571533203094 123.05133083175714 4
      vertex -1.1705419320967696 123.11528831758062 4
    endloop
  endfacet
  facet normal 0 0 1
    outer loop
      vertex 100 -22.44994432064365 4
      vertex -0.39241877538085834 123.01284646056838 4
      vertex -0.7831571533203094 123.05133083175714 4
    endloop
  endfacet
  facet normal 0 1 0
    outer loop
      vertex -128 157 4
      vertex 128 157 4
      vertex 128 157 -4
    endloop
  endfacet
  facet normal 0 0 1
    outer loop
      vertex 0 123 4
      vertex -0.39241877538085834 123.01284646056838 4
      vertex 100 22.44994432064365 4
    endloop
  endfacet
  facet normal 0 0 1
    outer loop
      vertex 0.39241877538085834 123.01284646056838 4
      vertex 0 123 4
      vertex 100 22.44994432064365 4
    endloop
  endfacet
  facet normal 0 0 1
    outer loop
      vertex 0.7831571533203094 123.05133083175714 4
      vertex 0.39241877538085834 123.01284646056838 4
      vertex 100 22.44994432064365 4
    endloop
  endfacet
  facet normal 0 0 1
    outer loop
      vertex 1.1705419320967696 123.11528831758062 4
      vertex 0.7831571533203094 123.05133083175714 4
      vertex 100 22.44994432064365 4
    endloop
  endfacet
  facet normal 0 0 1
    outer loop
      vertex 1.5529142706151244 123.20444504226559 4
      vertex 1.1705419320967696 123.11528831758062 4
      vertex 100 22.44994432064365 4
    endloop
  endfacet
  facet normal 0 0 1
    outer loop
      vertex 1.9286367918189695 123.31841922302937 4
      vertex 1.5529142706151244 123.20444504226559 4
      vertex 100 22.44994432064365 4
    endloop
  endfacet
  facet normal 0 0 1
    outer loop
      vertex 2.2961005941905386 123.45672280493228 4
      vertex 1.9286367918189695 123.31841922302937 4
      vertex 100 22.44994432064365 4
    endloop
  endfacet
  facet normal 0 0 1
    outer loop
      vertex 2.653732141314008 123.61876355080388 4
      vertex 2.2961005941905386 123.45672280493228 4
      vertex 100 22.44994432064365 4
    endloop
  endfacet
  facet normal 0 0 1
    outer loop
      vertex 3 123.80384757729337 4
      vertex 2.653732141314008 123.61876355080388 4
      vertex 100 22.44994432064365 4
    endloop
  endfacet
  facet normal 0 0 1
    outer loop
      vertex 3.333421398117613 124.01118232618472 4
      vertex 3 123.80384757729337 4
      vertex 100 22.44994432064365 4
    endloop
  endfacet
  facet normal 0 0 1
    outer loop
      vertex 3.652568574052324 124.23987995825259 4
      vertex 3.333421398117613 124.01118232618472 4
      vertex 100 22.44994432064365 4
    endloop
  endfacet
  facet normal 0 0 1
    outer loop
      vertex 3.956074890600413 124.48896115512613 4
      vertex 3.652568574052324 124.23987995825259 4
      vertex 100 22.44994432064365 4
    endloop
  endfacet
  facet normal 0 0 1
    outer loop
      vertex 4.242640687119286 124.75735931288071 4
      vertex 3.956074890600413 124.48896115512613 4
      vertex 100 22.44994432064365 4
    endloop
  endfacet
  facet normal 0 0 1
    outer loop
      vertex 4.242640687119286 124.75735931288071 4
      vertex 100 22.44994432064365 4
      vertex 4.511038844873864 125.04392510939958 4
    endloop
  endfacet
  facet normal 0 0 1
    outer loop
      vertex 4.511038844873864 125.04392510939958 4
      vertex 100 22.44994432064365 4
      vertex 4.760120041747411 125.34743142594768 4
    endloop
  endfacet
  facet normal 0 0 1
    outer loop
      vertex 4.988817673815271 125.66657860188239 4
      vertex 100 22.44994432064365 4
      vertex 5.196152422706632 126 4
    endloop
  endfacet
  facet normal 0 0 1
    outer loop
      vertex 4.760120041747411 125.34743142594768 4
      vertex 100 22.44994432064365 4
      vertex 4.988817673815271 125.66657860188239 4
    endloop
  endfacet
  facet normal 0 0 1
    outer loop
      vertex 5.196152422706632 126 4
      vertex 100 22.44994432064365 4
      vertex 5.3812364491961295 126.34626785868599 4
    endloop
  endfacet
  facet normal 0 0 1
    outer loop
      vertex 5.3812364491961295 126.34626785868599 4
      vertex 100 22.44994432064365 4
      vertex 5.54327719506772 126.70389940580947 4
    endloop
  endfacet
  facet normal 0 0 1
    outer loop
      vertex 5.54327719506772 126.70389940580947 4
      vertex 100 22.44994432064365 4
      vertex 5.681580776970634 127.07136320818103 4
    endloop
  endfacet
  facet normal 0 0 1
    outer loop
      vertex 5.79555495773441 127.44708572938488 4
      vertex 100 22.44994432064365 4
      vertex 5.884711682419383 127.82945806790323 4
    endloop
  endfacet
  facet normal 0 0 1
    outer loop
      vertex 5.681580776970634 127.07136320818103 4
      vertex 100 22.44994432064365 4
      vertex 5.79555495773441 127.44708572938488 4
    endloop
  endfacet
  facet normal 0 0 1
    outer loop
      vertex 5.884711682419383 127.82945806790323 4
      vertex 100 22.44994432064365 4
      vertex 5.948669168242862 128.2168428466797 4
    endloop
  endfacet
  facet normal 0 0 1
    outer loop
      vertex 5.948669168242862 128.2168428466797 4
      vertex 100 22.44994432064365 4
      vertex 5.98715353943162 128.60758122461914 4
    endloop
  endfacet
  facet normal 0 0 1
    outer loop
      vertex 5.98715353943162 128.60758122461914 4
      vertex 100 22.44994432064365 4
      vertex 6 129 4
    endloop
  endfacet
  facet normal 0 0 1
    outer loop
      vertex 128 157 4
      vertex -1.1705419320967696 134.88471168241938 4
      vertex -0.7831571533203094 134.94866916824287 4
    endloop
  endfacet
  facet normal 0 0 1
    outer loop
      vertex 128 157 4
      vertex 0.7831571533203094 134.94866916824287 4
      vertex 1.1705419320967696 134.88471168241938 4
    endloop
  endfacet
  facet normal 0 0 1
    outer loop
      vertex 128 157 4
      vertex 1.1705419320967696 134.88471168241938 4
      vertex 1.5529142706151244 134.7955549577344 4
    endloop
  endfacet
  facet normal 0 0 1
    outer loop
      vertex 128 157 4
      vertex 1.5529142706151244 134.7955549577344 4
      vertex 1.9286367918189695 134.68158077697063 4
    endloop
  endfacet
  facet normal 0 0 1
    outer loop
      vertex 128 157 4
      vertex -0.7831571533203094 134.94866916824287 4
      vertex -0.39241877538085834 134.98715353943163 4
    endloop
  endfacet
  facet normal 0 0 1
    outer loop
      vertex 128 157 4
      vertex -0.39241877538085834 134.98715353943163 4
      vertex 0 135 4
    endloop
  endfacet
  facet normal 0 0 1
    outer loop
      vertex 128 157 4
      vertex 0 135 4
      vertex 0.39241877538085834 134.98715353943163 4
    endloop
  endfacet
  facet normal 0 0 1
    outer loop
      vertex 128 157 4
      vertex 0.39241877538085834 134.98715353943163 4
      vertex 0.7831571533203094 134.94866916824287 4
    endloop
  endfacet
  facet normal 0 0 1
    outer loop
      vertex 128 157 4
      vertex 1.9286367918189695 134.68158077697063 4
      vertex 2.2961005941905386 134.54327719506773 4
    endloop
  endfacet
  facet normal 0 0 1
    outer loop
      vertex 128 157 4
      vertex 2.2961005941905386 134.54327719506773 4
      vertex 2.653732141314008 134.38123644919614 4
    endloop
  endfacet
  facet normal 0 0 1
    outer loop
      vertex 128 157 4
      vertex 3.333421398117613 133.98881767381528 4
      vertex 3.652568574052324 133.7601200417474 4
    endloop
  endfacet
  facet normal 0 0 1
    outer loop
      vertex 128 157 4
      vertex 2.653732141314008 134.38123644919614 4
      vertex 3 134.19615242270663 4
    endloop
  endfacet
  facet normal 0 0 1
    outer loop
      vertex 128 157 4
      vertex 3 134.19615242270663 4
      vertex 3.333421398117613 133.98881767381528 4
    endloop
  endfacet
  facet normal 0 0 1
    outer loop
      vertex 128 157 4
      vertex 4.760120041747411 132.6525685740523 4
      vertex 4.988817673815271 132.33342139811762 4
    endloop
  endfacet
  facet normal 0 0 1
    outer loop
      vertex 128 157 4
      vertex 4.511038844873864 132.9560748906004 4
      vertex 4.760120041747411 132.6525685740523 4
    endloop
  endfacet
  facet normal 0 0 1
    outer loop
      vertex 128 157 4
      vertex 3.652568574052324 133.7601200417474 4
      vertex 3.956074890600413 133.51103884487387 4
    endloop
  endfacet
  facet normal 0 0 1
    outer loop
      vertex 128 157 4
      vertex 3.956074890600413 133.51103884487387 4
      vertex 4.242640687119286 133.2426406871193 4
    endloop
  endfacet
  facet normal 0 0 1
    outer loop
      vertex 128 157 4
      vertex 4.242640687119286 133.2426406871193 4
      vertex 4.511038844873864 132.9560748906004 4
    endloop
  endfacet
  facet normal 0 0 1
    outer loop
      vertex 128 157 4
      vertex 5.98715353943162 129.39241877538086 4
      vertex 6 129 4
    endloop
  endfacet
  facet normal 0 0 1
    outer loop
      vertex 128 157 4
      vertex 5.681580776970634 130.92863679181897 4
      vertex 5.79555495773441 130.55291427061513 4
    endloop
  endfacet
  facet normal 0 0 1
    outer loop
      vertex 128 157 4
      vertex 5.54327719506772 131.29610059419053 4
      vertex 5.681580776970634 130.92863679181897 4
    endloop
  endfacet
  facet normal 0 0 1
    outer loop
      vertex 128 157 4
      vertex 5.948669168242862 129.7831571533203 4
      vertex 5.98715353943162 129.39241877538086 4
    endloop
  endfacet
  facet normal 0 0 1
    outer loop
      vertex 128 157 4
      vertex 5.884711682419383 130.17054193209677 4
      vertex 5.948669168242862 129.7831571533203 4
    endloop
  endfacet
  facet normal 0 0 1
    outer loop
      vertex 128 157 4
      vertex 5.79555495773441 130.55291427061513 4
      vertex 5.884711682419383 130.17054193209677 4
    endloop
  endfacet
  facet normal 0 0 1
    outer loop
      vertex 128 157 4
      vertex 5.196152422706632 132 4
      vertex 5.3812364491961295 131.653732141314 4
    endloop
  endfacet
  facet normal 0 0 1
    outer loop
      vertex 128 157 4
      vertex 5.3812364491961295 131.653732141314 4
      vertex 5.54327719506772 131.29610059419053 4
    endloop
  endfacet
  facet normal 0 0 1
    outer loop
      vertex 128 157 4
      vertex 4.988817673815271 132.33342139811762 4
      vertex 5.196152422706632 132 4
    endloop
  endfacet
  facet normal 1 0 0
    outer loop
      vertex 128 157 4
      vertex 128 22.44994432064365 4
      vertex 128 22.44994432064365 -4
    endloop
  endfacet
  facet normal 0 0 1
    outer loop
      vertex 100 -22.44994432064365 4
      vertex 100 22.44994432064365 4
      vertex -0.39241877538085834 123.01284646056838 4
    endloop
  endfacet
  facet normal 0 0 1
    outer loop
      vertex 128 157 4
      vertex 100 22.44994432064365 4
      vertex 128 22.44994432064365 4
    endloop
  endfacet
  facet normal 0 0 1
    outer loop
      vertex 128 157 4
      vertex 6 129 4
      vertex 100 22.44994432064365 4
    endloop
  endfacet
  facet normal 0 1 0
    outer loop
      vertex 128 -22.44994432064365 -4
      vertex 100 -22.44994432064365 -4
      vertex 100 -22.44994432064365 4
    endloop
  endfacet
  facet normal 1 0 0
    outer loop
      vertex 100 -22.44994432064365 4
      vertex 100 -22.44994432064365 -4
      vertex 100 22.44994432064365 4
    endloop
  endfacet
  facet normal 0 1 0
    outer loop
      vertex 128 -22.44994432064365 -4
      vertex 100 -22.44994432064365 4
      vertex 128 -22.44994432064365 4
    endloop
  endfacet
  facet normal 1 0 0
    outer loop
      vertex 100 -22.44994432064365 -4
      vertex 100 22.44994432064365 -4
      vertex 100 22.44994432064365 4
    endloop
  endfacet
  facet normal 0 -1 0
    outer loop
      vertex 128 22.44994432064365 4
      vertex 100 22.44994432064365 -4
      vertex 128 22.44994432064365 -4
    endloop
  endfacet
  facet normal 0 -1 0
    outer loop
      vertex 128 22.44994432064365 4
      vertex 100 22.44994432064365 4
      vertex 100 22.44994432064365 -4
    endloop
  endfacet
endsolid OpenSCAD_Model
