solid OpenSCAD_Model
  facet normal 0 0 -1
    outer loop
      vertex 99.16300000000001 0 138
      vertex 92.90227352006616 5.572615110631801 138
      vertex 93.03380662768075 5.749966975705888 138
    endloop
  endfacet
  facet normal 0 0 -1
    outer loop
      vertex 99.16300000000001 0 138
      vertex 93.03380662768075 5.749966975705888 138
      vertex 93.14732284478379 5.939357342141506 138
    endloop
  endfacet
  facet normal 0 0 -1
    outer loop
      vertex 99.16300000000001 0 138
      vertex 93.14732284478379 5.939357342141506 138
      vertex 93.24172894815041 6.13896227717855 138
    endloop
  endfacet
  facet normal 0 0 -1
    outer loop
      vertex 99.16300000000001 0 138
      vertex 92.75399025766973 5.409009742330269 138
      vertex 92.90227352006616 5.572615110631801 138
    endloop
  endfacet
  facet normal 0 0 -1
    outer loop
      vertex 99.16300000000001 0 138
      vertex 92.41303302429412 5.129193372319278 138
      vertex 92.59038488936824 5.260726479933837 138
    endloop
  endfacet
  facet normal 0 0 -1
    outer loop
      vertex 99.16300000000001 0 138
      vertex 92.59038488936824 5.260726479933837 138
      vertex 92.75399025766973 5.409009742330269 138
    endloop
  endfacet
  facet normal 0 0 -1
    outer loop
      vertex 99.16300000000001 0 138
      vertex 92.22364265785853 5.015677155216196 138
      vertex 92.41303302429412 5.129193372319278 138
    endloop
  endfacet
  facet normal 0 0 -1
    outer loop
      vertex 99.16300000000001 0 138
      vertex 91.81614052382253 4.846884244602535 138
      vertex 92.02403772282145 4.921271051849601 138
    endloop
  endfacet
  facet normal 0 0 -1
    outer loop
      vertex 99.16300000000001 0 138
      vertex 92.02403772282145 4.921271051849601 138
      vertex 92.22364265785853 5.015677155216196 138
    endloop
  endfacet
  facet normal 0 0 -1
    outer loop
      vertex 99.16300000000001 0 138
      vertex 91.60195322453632 4.793233119092733 138
      vertex 91.81614052382253 4.846884244602535 138
    endloop
  endfacet
  facet normal 0 0 -1
    outer loop
      vertex 99.16300000000001 0 138
      vertex 91.3835385657415 4.760834364987559 138
      vertex 91.60195322453632 4.793233119092733 138
    endloop
  endfacet
  facet normal 0 0 -1
    outer loop
      vertex 99.16300000000001 0 138
      vertex 93.24172894815041 6.13896227717855 138
      vertex 93.3161157553975 6.346859476177457 138
    endloop
  endfacet
  facet normal 0 0 -1
    outer loop
      vertex 99.16300000000001 0 138
      vertex 93.3161157553975 6.346859476177457 138
      vertex 93.36976688090726 6.5610467754637085 138
    endloop
  endfacet
  facet normal 0 0 -1
    outer loop
      vertex 99.16300000000001 0 138
      vertex 93.36976688090726 6.5610467754637085 138
      vertex 93.40216563501247 6.779461434258494 138
    endloop
  endfacet
  facet normal 0 0 -1
    outer loop
      vertex 99.16300000000001 0 138
      vertex 93.40216563501247 6.779461434258494 138
      vertex 93.41300000000001 7 138
    endloop
  endfacet
  facet normal 0 0 -1
    outer loop
      vertex 99.16300000000001 0 138
      vertex 93.41300000000001 7 138
      vertex 93.40216563501247 7.220538565741506 138
    endloop
  endfacet
  facet normal 0 0 -1
    outer loop
      vertex 99.16300000000001 0 138
      vertex 93.40216563501247 7.220538565741506 138
      vertex 93.36976688090726 7.4389532245362915 138
    endloop
  endfacet
  facet normal 0 0 -1
    outer loop
      vertex 99.16300000000001 0 138
      vertex 93.36976688090726 7.4389532245362915 138
      vertex 93.3161157553975 7.653140523822543 138
    endloop
  endfacet
  facet normal 0 0 -1
    outer loop
      vertex 99.16300000000001 0 138
      vertex 93.3161157553975 7.653140523822543 138
      vertex 93.24172894815041 7.86103772282145 138
    endloop
  endfacet
  facet normal 0 0 -1
    outer loop
      vertex 99.16300000000001 0 138
      vertex 93.24172894815041 7.86103772282145 138
      vertex 93.14732284478379 8.060642657858494 138
    endloop
  endfacet
  facet normal 0 0 -1
    outer loop
      vertex 99.16300000000001 0 138
      vertex 93.14732284478379 8.060642657858494 138
      vertex 93.03380662768075 8.250033024294112 138
    endloop
  endfacet
  facet normal -0.6715589548471254 0.7409511253548622 0
    outer loop
      vertex 92.59038488936824 5.260726479933837 138
      vertex 92.75399025766973 5.409009742330269 146
      vertex 92.75399025766973 5.409009742330269 138
    endloop
  endfacet
  facet normal -0.5956993044923643 0.8032075314806961 0
    outer loop
      vertex 92.59038488936824 5.260726479933837 146
      vertex 92.59038488936824 5.260726479933837 138
      vertex 92.41303302429412 5.129193372319278 138
    endloop
  endfacet
  facet normal -0.7409511253549493 0.6715589548470293 0
    outer loop
      vertex 92.90227352006616 5.572615110631801 146
      vertex 92.75399025766973 5.409009742330269 138
      vertex 92.75399025766973 5.409009742330269 146
    endloop
  endfacet
  facet normal -0.6715589548471254 0.7409511253548622 0
    outer loop
      vertex 92.59038488936824 5.260726479933837 146
      vertex 92.75399025766973 5.409009742330269 146
      vertex 92.59038488936824 5.260726479933837 138
    endloop
  endfacet
  facet normal 0 0 1
    outer loop
      vertex 99.16300000000001 0 146
      vertex 93.03380662768075 5.749966975705888 146
      vertex 92.90227352006616 5.572615110631801 146
    endloop
  endfacet
  facet normal 0 0 1
    outer loop
      vertex 99.16300000000001 0 146
      vertex 93.14732284478379 5.939357342141506 146
      vertex 93.03380662768075 5.749966975705888 146
    endloop
  endfacet
  facet normal 0 0 1
    outer loop
      vertex 99.16300000000001 0 146
      vertex 93.24172894815041 6.13896227717855 146
      vertex 93.14732284478379 5.939357342141506 146
    endloop
  endfacet
  facet normal 0 0 1
    outer loop
      vertex 99.16300000000001 0 146
      vertex 92.90227352006616 5.572615110631801 146
      vertex 92.75399025766973 5.409009742330269 146
    endloop
  endfacet
  facet normal 0 0 1
    outer loop
      vertex 99.16300000000001 0 146
      vertex 92.75399025766973 5.409009742330269 146
      vertex 92.59038488936824 5.260726479933837 146
    endloop
  endfacet
  facet normal 0 0 1
    outer loop
      vertex 99.16300000000001 0 146
      vertex 92.59038488936824 5.260726479933837 146
      vertex 92.41303302429412 5.129193372319278 146
    endloop
  endfacet
  facet normal 0 0 1
    outer loop
      vertex 99.16300000000001 0 146
      vertex 92.41303302429412 5.129193372319278 146
      vertex 92.22364265785853 5.015677155216196 146
    endloop
  endfacet
  facet normal 0 0 1
    outer loop
      vertex 99.16300000000001 0 146
      vertex 92.02403772282145 4.921271051849601 146
      vertex 91.81614052382253 4.846884244602535 146
    endloop
  endfacet
  facet normal 0 0 1
    outer loop
      vertex 99.16300000000001 0 146
      vertex 92.22364265785853 5.015677155216196 146
      vertex 92.02403772282145 4.921271051849601 146
    endloop
  endfacet
  facet normal 0 0 1
    outer loop
      vertex 99.16300000000001 0 146
      vertex 91.81614052382253 4.846884244602535 146
      vertex 91.60195322453632 4.793233119092733 146
    endloop
  endfacet
  facet normal 0 0 1
    outer loop
      vertex 99.16300000000001 0 146
      vertex 91.60195322453632 4.793233119092733 146
      vertex 91.3835385657415 4.760834364987559 146
    endloop
  endfacet
  facet normal 0 0 1
    outer loop
      vertex 99.16300000000001 0 146
      vertex 93.3161157553975 6.346859476177457 146
      vertex 93.24172894815041 6.13896227717855 146
    endloop
  endfacet
  facet normal 0 0 1
    outer loop
      vertex 99.16300000000001 0 146
      vertex 93.40216563501247 6.779461434258494 146
      vertex 93.36976688090726 6.5610467754637085 146
    endloop
  endfacet
  facet normal 0 0 1
    outer loop
      vertex 99.16300000000001 0 146
      vertex 93.36976688090726 6.5610467754637085 146
      vertex 93.3161157553975 6.346859476177457 146
    endloop
  endfacet
  facet normal 0 0 1
    outer loop
      vertex 99.16300000000001 0 146
      vertex 93.41300000000001 7 146
      vertex 93.40216563501247 6.779461434258494 146
    endloop
  endfacet
  facet normal 0 0 1
    outer loop
      vertex 99.16300000000001 0 146
      vertex 93.40216563501247 7.220538565741506 146
      vertex 93.41300000000001 7 146
    endloop
  endfacet
  facet normal 0 0 1
    outer loop
      vertex 99.16300000000001 0 146
      vertex 93.36976688090726 7.4389532245362915 146
      vertex 93.40216563501247 7.220538565741506 146
    endloop
  endfacet
  facet normal 0 0 1
    outer loop
      vertex 99.16300000000001 0 146
      vertex 93.3161157553975 7.653140523822543 146
      vertex 93.36976688090726 7.4389532245362915 146
    endloop
  endfacet
  facet normal 0 0 1
    outer loop
      vertex 99.16300000000001 0 146
      vertex 93.24172894815041 7.86103772282145 146
      vertex 93.3161157553975 7.653140523822543 146
    endloop
  endfacet
  facet normal 0 0 1
    outer loop
      vertex 99.16300000000001 0 146
      vertex 93.14732284478379 8.060642657858494 146
      vertex 93.24172894815041 7.86103772282145 146
    endloop
  endfacet
  facet normal 0 0 1
    outer loop
      vertex 99.16300000000001 0 146
      vertex 93.03380662768075 8.250033024294112 146
      vertex 93.14732284478379 8.060642657858494 146
    endloop
  endfacet
  facet normal 0 0 1
    outer loop
      vertex 99.16300000000001 0 146
      vertex 91.3835385657415 4.760834364987559 146
      vertex 91.16300000000001 4.75 146
    endloop
  endfacet
  facet normal 0 0 -1
    outer loop
      vertex 99.16300000000001 0 138
      vertex 93.03380662768075 8.250033024294112 138
      vertex 92.90227352006616 8.427384889368199 138
    endloop
  endfacet
  facet normal -0.9415440651829899 0.3368898533923061 0
    outer loop
      vertex 93.3161157553975 6.346859476177457 146
      vertex 93.3161157553975 6.346859476177457 138
      vertex 93.24172894815041 6.13896227717855 138
    endloop
  endfacet
  facet normal -0.9700312531945858 0.2429801799030969 0
    outer loop
      vertex 93.36976688090726 6.5610467754637085 146
      vertex 93.36976688090726 6.5610467754637085 138
      vertex 93.3161157553975 6.346859476177457 138
    endloop
  endfacet
  facet normal -0.9891765099647637 0.14673047445547852 0
    outer loop
      vertex 93.40216563501247 6.779461434258494 146
      vertex 93.40216563501247 6.779461434258494 138
      vertex 93.36976688090726 6.5610467754637085 138
    endloop
  endfacet
  facet normal -0.8032075314805889 0.595699304492509 0
    outer loop
      vertex 93.03380662768075 5.749966975705888 146
      vertex 93.03380662768075 5.749966975705888 138
      vertex 92.90227352006616 5.572615110631801 138
    endloop
  endfacet
  facet normal -0.8577286100003442 0.5141027441931014 0
    outer loop
      vertex 93.14732284478379 5.939357342141506 146
      vertex 93.14732284478379 5.939357342141506 138
      vertex 93.03380662768075 5.749966975705888 138
    endloop
  endfacet
  facet normal -0.9039892931233978 0.42755509343037823 0
    outer loop
      vertex 93.24172894815041 6.13896227717855 146
      vertex 93.24172894815041 6.13896227717855 138
      vertex 93.14732284478379 5.939357342141506 138
    endloop
  endfacet
  facet normal -0.7409511253549493 0.6715589548470293 0
    outer loop
      vertex 92.90227352006616 5.572615110631801 146
      vertex 92.90227352006616 5.572615110631801 138
      vertex 92.75399025766973 5.409009742330269 138
    endloop
  endfacet
  facet normal -0.998795456205175 0.04906767432736526 0
    outer loop
      vertex 93.41300000000001 7 146
      vertex 93.41300000000001 7 138
      vertex 93.40216563501247 6.779461434258494 138
    endloop
  endfacet
  facet normal -0.998795456205175 -0.04906767432736526 0
    outer loop
      vertex 93.40216563501247 7.220538565741506 146
      vertex 93.40216563501247 7.220538565741506 138
      vertex 93.41300000000001 7 138
    endloop
  endfacet
  facet normal -0.9891765099647637 -0.14673047445547852 0
    outer loop
      vertex 93.36976688090726 7.4389532245362915 146
      vertex 93.36976688090726 7.4389532245362915 138
      vertex 93.40216563501247 7.220538565741506 138
    endloop
  endfacet
  facet normal -0.9700312531945858 -0.2429801799030969 0
    outer loop
      vertex 93.3161157553975 7.653140523822543 146
      vertex 93.3161157553975 7.653140523822543 138
      vertex 93.36976688090726 7.4389532245362915 138
    endloop
  endfacet
  facet normal -0.9415440651829899 -0.3368898533923061 0
    outer loop
      vertex 93.24172894815041 7.86103772282145 146
      vertex 93.24172894815041 7.86103772282145 138
      vertex 93.3161157553975 7.653140523822543 138
    endloop
  endfacet
  facet normal -0.9039892931233978 -0.42755509343037823 0
    outer loop
      vertex 93.14732284478379 8.060642657858494 146
      vertex 93.14732284478379 8.060642657858494 138
      vertex 93.24172894815041 7.86103772282145 138
    endloop
  endfacet
  facet normal -0.8577286100003442 -0.5141027441931014 0
    outer loop
      vertex 93.03380662768075 8.250033024294112 146
      vertex 93.03380662768075 8.250033024294112 138
      vertex 93.14732284478379 8.060642657858494 138
    endloop
  endfacet
  facet normal -0.8032075314805889 -0.595699304492509 0
    outer loop
      vertex 92.90227352006616 8.427384889368199 146
      vertex 92.90227352006616 8.427384889368199 138
      vertex 93.03380662768075 8.250033024294112 138
    endloop
  endfacet
  facet normal -0.7409511253549493 -0.6715589548470293 0
    outer loop
      vertex 92.75399025766973 8.59099025766973 146
      vertex 92.75399025766973 8.59099025766973 138
      vertex 92.90227352006616 8.427384889368199 138
    endloop
  endfacet
  facet normal -0.6715589548471254 -0.7409511253548622 0
    outer loop
      vertex 92.59038488936824 8.739273520066163 146
      vertex 92.59038488936824 8.739273520066163 138
      vertex 92.75399025766973 8.59099025766973 138
    endloop
  endfacet
  facet normal -0.9415440651829899 0.3368898533923061 0
    outer loop
      vertex 93.3161157553975 6.346859476177457 146
      vertex 93.24172894815041 6.13896227717855 138
      vertex 93.24172894815041 6.13896227717855 146
    endloop
  endfacet
  facet normal -0.9700312531945858 0.2429801799030969 0
    outer loop
      vertex 93.36976688090726 6.5610467754637085 146
      vertex 93.3161157553975 6.346859476177457 138
      vertex 93.3161157553975 6.346859476177457 146
    endloop
  endfacet
  facet normal -0.998795456205175 0.04906767432736526 0
    outer loop
      vertex 93.41300000000001 7 146
      vertex 93.40216563501247 6.779461434258494 138
      vertex 93.40216563501247 6.779461434258494 146
    endloop
  endfacet
  facet normal -0.9891765099647637 0.14673047445547852 0
    outer loop
      vertex 93.40216563501247 6.779461434258494 146
      vertex 93.36976688090726 6.5610467754637085 138
      vertex 93.36976688090726 6.5610467754637085 146
    endloop
  endfacet
  facet normal -0.8577286100003442 0.5141027441931014 0
    outer loop
      vertex 93.14732284478379 5.939357342141506 146
      vertex 93.03380662768075 5.749966975705888 138
      vertex 93.03380662768075 5.749966975705888 146
    endloop
  endfacet
  facet normal -0.8032075314805889 0.595699304492509 0
    outer loop
      vertex 93.03380662768075 5.749966975705888 146
      vertex 92.90227352006616 5.572615110631801 138
      vertex 92.90227352006616 5.572615110631801 146
    endloop
  endfacet
  facet normal -0.9039892931233978 0.42755509343037823 0
    outer loop
      vertex 93.24172894815041 6.13896227717855 146
      vertex 93.14732284478379 5.939357342141506 138
      vertex 93.14732284478379 5.939357342141506 146
    endloop
  endfacet
  facet normal -0.998795456205175 -0.04906767432736526 0
    outer loop
      vertex 93.40216563501247 7.220538565741506 146
      vertex 93.41300000000001 7 138
      vertex 93.41300000000001 7 146
    endloop
  endfacet
  facet normal -0.9891765099647637 -0.14673047445547852 0
    outer loop
      vertex 93.36976688090726 7.4389532245362915 146
      vertex 93.40216563501247 7.220538565741506 138
      vertex 93.40216563501247 7.220538565741506 146
    endloop
  endfacet
  facet normal -0.9700312531945858 -0.2429801799030969 0
    outer loop
      vertex 93.3161157553975 7.653140523822543 146
      vertex 93.36976688090726 7.4389532245362915 138
      vertex 93.36976688090726 7.4389532245362915 146
    endloop
  endfacet
  facet normal -0.9415440651829899 -0.3368898533923061 0
    outer loop
      vertex 93.24172894815041 7.86103772282145 146
      vertex 93.3161157553975 7.653140523822543 138
      vertex 93.3161157553975 7.653140523822543 146
    endloop
  endfacet
  facet normal -0.9039892931233978 -0.42755509343037823 0
    outer loop
      vertex 93.14732284478379 8.060642657858494 146
      vertex 93.24172894815041 7.86103772282145 138
      vertex 93.24172894815041 7.86103772282145 146
    endloop
  endfacet
  facet normal -0.8577286100003442 -0.5141027441931014 0
    outer loop
      vertex 93.03380662768075 8.250033024294112 146
      vertex 93.14732284478379 8.060642657858494 138
      vertex 93.14732284478379 8.060642657858494 146
    endloop
  endfacet
  facet normal 0 0 1
    outer loop
      vertex 99.16300000000001 0 146
      vertex 92.90227352006616 8.427384889368199 146
      vertex 93.03380662768075 8.250033024294112 146
    endloop
  endfacet
  facet normal -0.8032075314805889 -0.595699304492509 0
    outer loop
      vertex 92.90227352006616 8.427384889368199 146
      vertex 93.03380662768075 8.250033024294112 138
      vertex 93.03380662768075 8.250033024294112 146
    endloop
  endfacet
  facet normal -0.7409511253549493 -0.6715589548470293 0
    outer loop
      vertex 92.75399025766973 8.59099025766973 146
      vertex 92.90227352006616 8.427384889368199 138
      vertex 92.90227352006616 8.427384889368199 146
    endloop
  endfacet
  facet normal -0.6715589548471254 -0.7409511253548622 0
    outer loop
      vertex 92.75399025766973 8.59099025766973 146
      vertex 92.59038488936824 8.739273520066163 146
      vertex 92.75399025766973 8.59099025766973 138
    endloop
  endfacet
  facet normal -0.5956993044923643 -0.8032075314806961 0
    outer loop
      vertex 92.59038488936824 8.739273520066163 146
      vertex 92.41303302429412 8.870806627680722 146
      vertex 92.59038488936824 8.739273520066163 138
    endloop
  endfacet
  facet normal 1 0 0
    outer loop
      vertex 99.16300000000001 0 138
      vertex 99.16300000000001 42 146
      vertex 99.16300000000001 0 146
    endloop
  endfacet
  facet normal 0 0 1
    outer loop
      vertex 99.16300000000001 0 146
      vertex 92.75399025766973 33.40900974233027 146
      vertex 92.90227352006616 8.427384889368199 146
    endloop
  endfacet
  facet normal 0 0 -1
    outer loop
      vertex 99.16300000000001 0 138
      vertex 92.02403772282145 32.9212710518496 138
      vertex 92.22364265785853 33.015677155216196 138
    endloop
  endfacet
  facet normal 0 0 -1
    outer loop
      vertex 99.16300000000001 0 138
      vertex 91.81614052382253 32.846884244602535 138
      vertex 92.02403772282145 32.9212710518496 138
    endloop
  endfacet
  facet normal 0 0 -1
    outer loop
      vertex 99.16300000000001 0 138
      vertex 91.60195322453632 32.79323311909273 138
      vertex 91.81614052382253 32.846884244602535 138
    endloop
  endfacet
  facet normal 0 0 -1
    outer loop
      vertex 99.16300000000001 0 138
      vertex 91.3835385657415 32.76083436498756 138
      vertex 91.60195322453632 32.79323311909273 138
    endloop
  endfacet
  facet normal 0 0 -1
    outer loop
      vertex 99.16300000000001 0 138
      vertex 91.16300000000001 32.75 138
      vertex 91.3835385657415 32.76083436498756 138
    endloop
  endfacet
  facet normal 0 0 -1
    outer loop
      vertex 99.16300000000001 0 138
      vertex 90.94246143425852 32.76083436498756 138
      vertex 91.16300000000001 32.75 138
    endloop
  endfacet
  facet normal 0 0 -1
    outer loop
      vertex 99.16300000000001 0 138
      vertex 90.7240467754637 32.79323311909273 138
      vertex 90.94246143425852 32.76083436498756 138
    endloop
  endfacet
  facet normal 0 0 -1
    outer loop
      vertex 99.16300000000001 0 138
      vertex 90.5098594761775 32.846884244602535 138
      vertex 90.7240467754637 32.79323311909273 138
    endloop
  endfacet
  facet normal 0 0 -1
    outer loop
      vertex 99.16300000000001 0 138
      vertex 90.30196227717857 32.9212710518496 138
      vertex 90.5098594761775 32.846884244602535 138
    endloop
  endfacet
  facet normal 0 0 -1
    outer loop
      vertex 99.16300000000001 0 138
      vertex 90.10235734214149 33.015677155216196 138
      vertex 90.30196227717857 32.9212710518496 138
    endloop
  endfacet
  facet normal 0 0 1
    outer loop
      vertex 92.75399025766973 8.59099025766973 146
      vertex 92.90227352006616 8.427384889368199 146
      vertex 92.75399025766973 33.40900974233027 146
    endloop
  endfacet
  facet normal 0 0 1
    outer loop
      vertex 92.75399025766973 8.59099025766973 146
      vertex 92.75399025766973 33.40900974233027 146
      vertex 92.59038488936824 8.739273520066163 146
    endloop
  endfacet
  facet normal 0 0 1
    outer loop
      vertex 92.59038488936824 8.739273520066163 146
      vertex 92.59038488936824 33.26072647993384 146
      vertex 92.41303302429412 8.870806627680722 146
    endloop
  endfacet
  facet normal 0 0 -1
    outer loop
      vertex 99.16300000000001 0 138
      vertex 98.16300000000001 42 138
      vertex 99.16300000000001 42 138
    endloop
  endfacet
  facet normal 1 0 0
    outer loop
      vertex 99.16300000000001 0 138
      vertex 99.16300000000001 42 138
      vertex 99.16300000000001 42 146
    endloop
  endfacet
  facet normal 0 0 -1
    outer loop
      vertex 99.16300000000001 0 138
      vertex 93.41300000000001 35 138
      vertex 98.16300000000001 42 138
    endloop
  endfacet
  facet normal 0 0 -1
    outer loop
      vertex 99.16300000000001 0 138
      vertex 92.90227352006616 33.5726151106318 138
      vertex 93.03380662768075 33.74996697570589 138
    endloop
  endfacet
  facet normal 0 0 -1
    outer loop
      vertex 99.16300000000001 0 138
      vertex 93.03380662768075 33.74996697570589 138
      vertex 93.14732284478379 33.939357342141506 138
    endloop
  endfacet
  facet normal 0 0 -1
    outer loop
      vertex 99.16300000000001 0 138
      vertex 92.75399025766973 33.40900974233027 138
      vertex 92.90227352006616 33.5726151106318 138
    endloop
  endfacet
  facet normal 0 0 -1
    outer loop
      vertex 99.16300000000001 0 138
      vertex 92.41303302429412 33.12919337231928 138
      vertex 92.59038488936824 33.26072647993384 138
    endloop
  endfacet
  facet normal 0 0 -1
    outer loop
      vertex 99.16300000000001 0 138
      vertex 92.59038488936824 33.26072647993384 138
      vertex 92.75399025766973 33.40900974233027 138
    endloop
  endfacet
  facet normal 0 0 -1
    outer loop
      vertex 99.16300000000001 0 138
      vertex 93.24172894815041 34.13896227717855 138
      vertex 93.3161157553975 34.34685947617746 138
    endloop
  endfacet
  facet normal 0 0 -1
    outer loop
      vertex 99.16300000000001 0 138
      vertex 93.3161157553975 34.34685947617746 138
      vertex 93.36976688090726 34.56104677546371 138
    endloop
  endfacet
  facet normal 0 0 -1
    outer loop
      vertex 99.16300000000001 0 138
      vertex 93.14732284478379 33.939357342141506 138
      vertex 93.24172894815041 34.13896227717855 138
    endloop
  endfacet
  facet normal 0 0 -1
    outer loop
      vertex 99.16300000000001 0 138
      vertex 93.36976688090726 34.56104677546371 138
      vertex 93.40216563501247 34.779461434258494 138
    endloop
  endfacet
  facet normal 0 0 -1
    outer loop
      vertex 99.16300000000001 0 138
      vertex 93.40216563501247 34.779461434258494 138
      vertex 93.41300000000001 35 138
    endloop
  endfacet
  facet normal 0 0 -1
    outer loop
      vertex 99.16300000000001 0 138
      vertex 92.22364265785853 33.015677155216196 138
      vertex 92.41303302429412 33.12919337231928 138
    endloop
  endfacet
  facet normal 0 0 -1
    outer loop
      vertex 99.16300000000001 0 138
      vertex 89.9129669757059 33.12919337231928 138
      vertex 90.10235734214149 33.015677155216196 138
    endloop
  endfacet
  facet normal 0 0 -1
    outer loop
      vertex 99.16300000000001 0 138
      vertex 89.73561511063178 33.26072647993384 138
      vertex 89.9129669757059 33.12919337231928 138
    endloop
  endfacet
  facet normal 0 0 -1
    outer loop
      vertex 99.16300000000001 0 138
      vertex 89.5720097423303 33.40900974233027 138
      vertex 89.73561511063178 33.26072647993384 138
    endloop
  endfacet
  facet normal 0 0 -1
    outer loop
      vertex 99.16300000000001 0 138
      vertex 89.42372647993386 33.5726151106318 138
      vertex 89.5720097423303 33.40900974233027 138
    endloop
  endfacet
  facet normal 0 0 -1
    outer loop
      vertex 99.16300000000001 0 138
      vertex 89.29219337231928 33.74996697570589 138
      vertex 89.42372647993386 33.5726151106318 138
    endloop
  endfacet
  facet normal 0 0 1
    outer loop
      vertex 99.16300000000001 0 146
      vertex 99.16300000000001 42 146
      vertex 93.40216563501247 35.220538565741506 146
    endloop
  endfacet
  facet normal 0 0 1
    outer loop
      vertex 99.16300000000001 0 146
      vertex 93.03380662768075 33.74996697570589 146
      vertex 92.90227352006616 33.5726151106318 146
    endloop
  endfacet
  facet normal 0 0 1
    outer loop
      vertex 99.16300000000001 0 146
      vertex 93.14732284478379 33.939357342141506 146
      vertex 93.03380662768075 33.74996697570589 146
    endloop
  endfacet
  facet normal 0 0 1
    outer loop
      vertex 99.16300000000001 0 146
      vertex 92.90227352006616 33.5726151106318 146
      vertex 92.75399025766973 33.40900974233027 146
    endloop
  endfacet
  facet normal 0 0 1
    outer loop
      vertex 99.16300000000001 0 146
      vertex 93.3161157553975 34.34685947617746 146
      vertex 93.24172894815041 34.13896227717855 146
    endloop
  endfacet
  facet normal 0 0 1
    outer loop
      vertex 99.16300000000001 0 146
      vertex 93.36976688090726 34.56104677546371 146
      vertex 93.3161157553975 34.34685947617746 146
    endloop
  endfacet
  facet normal 0 0 1
    outer loop
      vertex 99.16300000000001 0 146
      vertex 93.24172894815041 34.13896227717855 146
      vertex 93.14732284478379 33.939357342141506 146
    endloop
  endfacet
  facet normal 0 0 1
    outer loop
      vertex 99.16300000000001 0 146
      vertex 93.40216563501247 34.779461434258494 146
      vertex 93.36976688090726 34.56104677546371 146
    endloop
  endfacet
  facet normal 0 0 1
    outer loop
      vertex 99.16300000000001 0 146
      vertex 93.41300000000001 35 146
      vertex 93.40216563501247 34.779461434258494 146
    endloop
  endfacet
  facet normal 0 0 1
    outer loop
      vertex 99.16300000000001 0 146
      vertex 93.40216563501247 35.220538565741506 146
      vertex 93.41300000000001 35 146
    endloop
  endfacet
  facet normal 0 0 1
    outer loop
      vertex 92.59038488936824 8.739273520066163 146
      vertex 92.75399025766973 33.40900974233027 146
      vertex 92.59038488936824 33.26072647993384 146
    endloop
  endfacet
  facet normal 0 1 0
    outer loop
      vertex 99.16300000000001 42 138
      vertex 98.16300000000001 42 138
      vertex 99.16300000000001 42 146
    endloop
  endfacet
  facet normal 0 1 0
    outer loop
      vertex 99.16300000000001 42 146
      vertex 98.16300000000001 42 138
      vertex 98.16300000000001 42 146
    endloop
  endfacet
  facet normal -0.9415440651829899 0.3368898533923061 0
    outer loop
      vertex 93.24172894815041 34.13896227717855 138
      vertex 93.3161157553975 34.34685947617746 146
      vertex 93.3161157553975 34.34685947617746 138
    endloop
  endfacet
  facet normal -0.5956993044923643 0.8032075314806961 0
    outer loop
      vertex 92.59038488936824 33.26072647993384 138
      vertex 92.41303302429412 33.12919337231928 138
      vertex 92.59038488936824 33.26072647993384 146
    endloop
  endfacet
  facet normal -0.6715589548471254 0.7409511253548622 0
    outer loop
      vertex 92.59038488936824 33.26072647993384 138
      vertex 92.75399025766973 33.40900974233027 146
      vertex 92.75399025766973 33.40900974233027 138
    endloop
  endfacet
  facet normal -0.7409511253549493 0.6715589548470293 0
    outer loop
      vertex 92.75399025766973 33.40900974233027 138
      vertex 92.90227352006616 33.5726151106318 146
      vertex 92.90227352006616 33.5726151106318 138
    endloop
  endfacet
  facet normal -0.8577286100003442 0.5141027441931014 0
    outer loop
      vertex 93.03380662768075 33.74996697570589 138
      vertex 93.14732284478379 33.939357342141506 146
      vertex 93.14732284478379 33.939357342141506 138
    endloop
  endfacet
  facet normal -0.8032075314805889 0.595699304492509 0
    outer loop
      vertex 92.90227352006616 33.5726151106318 138
      vertex 93.03380662768075 33.74996697570589 146
      vertex 93.03380662768075 33.74996697570589 138
    endloop
  endfacet
  facet normal -0.9039892931233978 0.42755509343037823 0
    outer loop
      vertex 93.14732284478379 33.939357342141506 138
      vertex 93.24172894815041 34.13896227717855 146
      vertex 93.24172894815041 34.13896227717855 138
    endloop
  endfacet
  facet normal -0.9700312531945858 0.2429801799030969 0
    outer loop
      vertex 93.3161157553975 34.34685947617746 138
      vertex 93.36976688090726 34.56104677546371 146
      vertex 93.36976688090726 34.56104677546371 138
    endloop
  endfacet
  facet normal -0.9891765099647637 0.14673047445547852 0
    outer loop
      vertex 93.36976688090726 34.56104677546371 138
      vertex 93.40216563501247 34.779461434258494 146
      vertex 93.40216563501247 34.779461434258494 138
    endloop
  endfacet
  facet normal -0.998795456205175 0.04906767432736526 0
    outer loop
      vertex 93.40216563501247 34.779461434258494 138
      vertex 93.41300000000001 35 146
      vertex 93.41300000000001 35 138
    endloop
  endfacet
  facet normal -0.998795456205175 -0.04906767432736526 0
    outer loop
      vertex 93.41300000000001 35 138
      vertex 93.40216563501247 35.220538565741506 146
      vertex 93.40216563501247 35.220538565741506 138
    endloop
  endfacet
  facet normal -0.9891765099647637 -0.14673047445547852 0
    outer loop
      vertex 93.40216563501247 35.220538565741506 138
      vertex 93.36976688090726 35.43895322453629 146
      vertex 93.36976688090726 35.43895322453629 138
    endloop
  endfacet
  facet normal -0.9700312531945858 -0.2429801799030969 0
    outer loop
      vertex 93.36976688090726 35.43895322453629 138
      vertex 93.3161157553975 35.65314052382254 146
      vertex 93.3161157553975 35.65314052382254 138
    endloop
  endfacet
  facet normal 0 0 -1
    outer loop
      vertex 98.16300000000001 42 138
      vertex 93.41300000000001 35 138
      vertex 93.40216563501247 35.220538565741506 138
    endloop
  endfacet
  facet normal 0 0 -1
    outer loop
      vertex 98.16300000000001 42 138
      vertex 93.40216563501247 35.220538565741506 138
      vertex 93.36976688090726 35.43895322453629 138
    endloop
  endfacet
  facet normal 0 0 -1
    outer loop
      vertex 98.16300000000001 42 138
      vertex 93.36976688090726 35.43895322453629 138
      vertex 93.3161157553975 35.65314052382254 138
    endloop
  endfacet
  facet normal 0 0 -1
    outer loop
      vertex 98.16300000000001 42 138
      vertex 93.3161157553975 35.65314052382254 138
      vertex 93.24172894815041 35.86103772282145 138
    endloop
  endfacet
  facet normal 0 0 -1
    outer loop
      vertex 98.16300000000001 42 138
      vertex 93.24172894815041 35.86103772282145 138
      vertex 93.14732284478379 36.060642657858494 138
    endloop
  endfacet
  facet normal 0 0 -1
    outer loop
      vertex 98.16300000000001 42 138
      vertex 93.14732284478379 36.060642657858494 138
      vertex 93.03380662768075 36.25003302429411 138
    endloop
  endfacet
  facet normal 0 0 -1
    outer loop
      vertex 98.16300000000001 42 138
      vertex 93.03380662768075 36.25003302429411 138
      vertex 92.90227352006616 36.4273848893682 138
    endloop
  endfacet
  facet normal 0 0 -1
    outer loop
      vertex 98.16300000000001 42 138
      vertex 92.90227352006616 36.4273848893682 138
      vertex 92.75399025766973 36.59099025766973 138
    endloop
  endfacet
  facet normal 0 0 -1
    outer loop
      vertex 98.16300000000001 42 138
      vertex 92.75399025766973 36.59099025766973 138
      vertex 92.59038488936824 36.73927352006616 138
    endloop
  endfacet
  facet normal -0.9415440651829899 -0.3368898533923061 0
    outer loop
      vertex 93.3161157553975 35.65314052382254 138
      vertex 93.24172894815041 35.86103772282145 146
      vertex 93.24172894815041 35.86103772282145 138
    endloop
  endfacet
  facet normal -0.9039892931233978 -0.42755509343037823 0
    outer loop
      vertex 93.24172894815041 35.86103772282145 138
      vertex 93.14732284478379 36.060642657858494 146
      vertex 93.14732284478379 36.060642657858494 138
    endloop
  endfacet
  facet normal -0.8577286100003442 -0.5141027441931014 0
    outer loop
      vertex 93.14732284478379 36.060642657858494 138
      vertex 93.03380662768075 36.25003302429411 146
      vertex 93.03380662768075 36.25003302429411 138
    endloop
  endfacet
  facet normal -0.8032075314805889 -0.595699304492509 0
    outer loop
      vertex 93.03380662768075 36.25003302429411 138
      vertex 92.90227352006616 36.4273848893682 146
      vertex 92.90227352006616 36.4273848893682 138
    endloop
  endfacet
  facet normal -0.7409511253549493 -0.6715589548470293 0
    outer loop
      vertex 92.90227352006616 36.4273848893682 138
      vertex 92.75399025766973 36.59099025766973 146
      vertex 92.75399025766973 36.59099025766973 138
    endloop
  endfacet
  facet normal -0.6715589548471254 -0.7409511253548622 0
    outer loop
      vertex 92.59038488936824 36.73927352006616 138
      vertex 92.75399025766973 36.59099025766973 138
      vertex 92.59038488936824 36.73927352006616 146
    endloop
  endfacet
  facet normal -0.9415440651829899 0.3368898533923061 0
    outer loop
      vertex 93.24172894815041 34.13896227717855 138
      vertex 93.24172894815041 34.13896227717855 146
      vertex 93.3161157553975 34.34685947617746 146
    endloop
  endfacet
  facet normal -0.8032075314805889 0.595699304492509 0
    outer loop
      vertex 92.90227352006616 33.5726151106318 138
      vertex 92.90227352006616 33.5726151106318 146
      vertex 93.03380662768075 33.74996697570589 146
    endloop
  endfacet
  facet normal -0.6715589548471254 0.7409511253548622 0
    outer loop
      vertex 92.59038488936824 33.26072647993384 138
      vertex 92.59038488936824 33.26072647993384 146
      vertex 92.75399025766973 33.40900974233027 146
    endloop
  endfacet
  facet normal -0.7409511253549493 0.6715589548470293 0
    outer loop
      vertex 92.75399025766973 33.40900974233027 138
      vertex 92.75399025766973 33.40900974233027 146
      vertex 92.90227352006616 33.5726151106318 146
    endloop
  endfacet
  facet normal -0.8577286100003442 0.5141027441931014 0
    outer loop
      vertex 93.03380662768075 33.74996697570589 138
      vertex 93.03380662768075 33.74996697570589 146
      vertex 93.14732284478379 33.939357342141506 146
    endloop
  endfacet
  facet normal -0.9039892931233978 0.42755509343037823 0
    outer loop
      vertex 93.14732284478379 33.939357342141506 138
      vertex 93.14732284478379 33.939357342141506 146
      vertex 93.24172894815041 34.13896227717855 146
    endloop
  endfacet
  facet normal -0.9700312531945858 0.2429801799030969 0
    outer loop
      vertex 93.3161157553975 34.34685947617746 138
      vertex 93.3161157553975 34.34685947617746 146
      vertex 93.36976688090726 34.56104677546371 146
    endloop
  endfacet
  facet normal -0.9891765099647637 0.14673047445547852 0
    outer loop
      vertex 93.36976688090726 34.56104677546371 138
      vertex 93.36976688090726 34.56104677546371 146
      vertex 93.40216563501247 34.779461434258494 146
    endloop
  endfacet
  facet normal -0.998795456205175 0.04906767432736526 0
    outer loop
      vertex 93.40216563501247 34.779461434258494 138
      vertex 93.40216563501247 34.779461434258494 146
      vertex 93.41300000000001 35 146
    endloop
  endfacet
  facet normal -0.998795456205175 -0.04906767432736526 0
    outer loop
      vertex 93.41300000000001 35 138
      vertex 93.41300000000001 35 146
      vertex 93.40216563501247 35.220538565741506 146
    endloop
  endfacet
  facet normal -0.9891765099647637 -0.14673047445547852 0
    outer loop
      vertex 93.40216563501247 35.220538565741506 138
      vertex 93.40216563501247 35.220538565741506 146
      vertex 93.36976688090726 35.43895322453629 146
    endloop
  endfacet
  facet normal -0.9700312531945858 -0.2429801799030969 0
    outer loop
      vertex 93.36976688090726 35.43895322453629 138
      vertex 93.36976688090726 35.43895322453629 146
      vertex 93.3161157553975 35.65314052382254 146
    endloop
  endfacet
  facet normal -0.9415440651829899 -0.3368898533923061 0
    outer loop
      vertex 93.3161157553975 35.65314052382254 138
      vertex 93.3161157553975 35.65314052382254 146
      vertex 93.24172894815041 35.86103772282145 146
    endloop
  endfacet
  facet normal -0.9039892931233978 -0.42755509343037823 0
    outer loop
      vertex 93.24172894815041 35.86103772282145 138
      vertex 93.24172894815041 35.86103772282145 146
      vertex 93.14732284478379 36.060642657858494 146
    endloop
  endfacet
  facet normal -0.8577286100003442 -0.5141027441931014 0
    outer loop
      vertex 93.14732284478379 36.060642657858494 138
      vertex 93.14732284478379 36.060642657858494 146
      vertex 93.03380662768075 36.25003302429411 146
    endloop
  endfacet
  facet normal -0.8032075314805889 -0.595699304492509 0
    outer loop
      vertex 93.03380662768075 36.25003302429411 138
      vertex 93.03380662768075 36.25003302429411 146
      vertex 92.90227352006616 36.4273848893682 146
    endloop
  endfacet
  facet normal -0.7409511253549493 -0.6715589548470293 0
    outer loop
      vertex 92.90227352006616 36.4273848893682 138
      vertex 92.90227352006616 36.4273848893682 146
      vertex 92.75399025766973 36.59099025766973 146
    endloop
  endfacet
  facet normal -0.6715589548471254 -0.7409511253548622 0
    outer loop
      vertex 92.59038488936824 36.73927352006616 146
      vertex 92.75399025766973 36.59099025766973 138
      vertex 92.75399025766973 36.59099025766973 146
    endloop
  endfacet
  facet normal -0.5956993044923643 -0.8032075314806961 0
    outer loop
      vertex 92.59038488936824 36.73927352006616 138
      vertex 92.59038488936824 36.73927352006616 146
      vertex 92.41303302429412 36.87080662768072 146
    endloop
  endfacet
  facet normal 0 0 1
    outer loop
      vertex 99.16300000000001 42 146
      vertex 93.36976688090726 35.43895322453629 146
      vertex 93.40216563501247 35.220538565741506 146
    endloop
  endfacet
  facet normal 0 0 1
    outer loop
      vertex 99.16300000000001 42 146
      vertex 93.3161157553975 35.65314052382254 146
      vertex 93.36976688090726 35.43895322453629 146
    endloop
  endfacet
  facet normal 0 0 1
    outer loop
      vertex 99.16300000000001 42 146
      vertex 93.24172894815041 35.86103772282145 146
      vertex 93.3161157553975 35.65314052382254 146
    endloop
  endfacet
  facet normal 0 0 1
    outer loop
      vertex 99.16300000000001 42 146
      vertex 93.14732284478379 36.060642657858494 146
      vertex 93.24172894815041 35.86103772282145 146
    endloop
  endfacet
  facet normal 0 0 1
    outer loop
      vertex 99.16300000000001 42 146
      vertex 93.03380662768075 36.25003302429411 146
      vertex 93.14732284478379 36.060642657858494 146
    endloop
  endfacet
  facet normal 0 0 1
    outer loop
      vertex 99.16300000000001 42 146
      vertex 92.90227352006616 36.4273848893682 146
      vertex 93.03380662768075 36.25003302429411 146
    endloop
  endfacet
  facet normal 0 0 1
    outer loop
      vertex 99.16300000000001 42 146
      vertex 92.75399025766973 36.59099025766973 146
      vertex 92.90227352006616 36.4273848893682 146
    endloop
  endfacet
  facet normal 0 0 1
    outer loop
      vertex 99.16300000000001 42 146
      vertex 92.59038488936824 36.73927352006616 146
      vertex 92.75399025766973 36.59099025766973 146
    endloop
  endfacet
  facet normal 0 0 -1
    outer loop
      vertex 98.16300000000001 42 138
      vertex 92.59038488936824 36.73927352006616 138
      vertex 92.41303302429412 36.87080662768072 138
    endloop
  endfacet
  facet normal 0 0 -1
    outer loop
      vertex 98.16300000000001 42 138
      vertex 92.41303302429412 36.87080662768072 138
      vertex 92.22364265785853 36.984322844783804 138
    endloop
  endfacet
  facet normal 0 0 -1
    outer loop
      vertex 98.16300000000001 42 138
      vertex 92.22364265785853 36.984322844783804 138
      vertex 92.02403772282145 37.0787289481504 138
    endloop
  endfacet
  facet normal 0 0 1
    outer loop
      vertex 99.16300000000001 42 146
      vertex 98.16300000000001 42 146
      vertex 92.59038488936824 36.73927352006616 146
    endloop
  endfacet
  facet normal 0 0 1
    outer loop
      vertex 98.16300000000001 42 146
      vertex 92.41303302429412 36.87080662768072 146
      vertex 92.59038488936824 36.73927352006616 146
    endloop
  endfacet
  facet normal 0 0 1
    outer loop
      vertex 98.16300000000001 42 146
      vertex 92.22364265785853 36.984322844783804 146
      vertex 92.41303302429412 36.87080662768072 146
    endloop
  endfacet
  facet normal 0 0 1
    outer loop
      vertex 98.16300000000001 42 146
      vertex 92.02403772282145 37.0787289481504 146
      vertex 92.22364265785853 36.984322844783804 146
    endloop
  endfacet
  facet normal 0 0 1
    outer loop
      vertex 98.16300000000001 42 146
      vertex 91.81614052382253 37.153115755397465 146
      vertex 92.02403772282145 37.0787289481504 146
    endloop
  endfacet
  facet normal 0 0 1
    outer loop
      vertex 98.16300000000001 42 146
      vertex 91.60195322453632 37.20676688090727 146
      vertex 91.81614052382253 37.153115755397465 146
    endloop
  endfacet
  facet normal 0 0 1
    outer loop
      vertex 98.16300000000001 42 146
      vertex 91.3835385657415 37.23916563501244 146
      vertex 91.60195322453632 37.20676688090727 146
    endloop
  endfacet
  facet normal 0 0 1
    outer loop
      vertex 98.16300000000001 42 146
      vertex 90.94246143425852 37.23916563501244 146
      vertex 91.16300000000001 37.25 146
    endloop
  endfacet
  facet normal 0 0 1
    outer loop
      vertex 98.16300000000001 42 146
      vertex 91.16300000000001 37.25 146
      vertex 91.3835385657415 37.23916563501244 146
    endloop
  endfacet
  facet normal 0 0 1
    outer loop
      vertex 98.16300000000001 42 146
      vertex 90.7240467754637 37.20676688090727 146
      vertex 90.94246143425852 37.23916563501244 146
    endloop
  endfacet
  facet normal 0 0 1
    outer loop
      vertex 98.16300000000001 42 146
      vertex 90.5098594761775 37.153115755397465 146
      vertex 90.7240467754637 37.20676688090727 146
    endloop
  endfacet
  facet normal 0 0 1
    outer loop
      vertex 98.16300000000001 42 146
      vertex 90.30196227717857 37.0787289481504 146
      vertex 90.5098594761775 37.153115755397465 146
    endloop
  endfacet
  facet normal 1 0 0
    outer loop
      vertex 98.16300000000001 46 124
      vertex 98.16300000000001 128 49
      vertex 98.16300000000001 56 136
    endloop
  endfacet
  facet normal 1 0 0
    outer loop
      vertex 98.16300000000001 46 124
      vertex 98.16300000000001 56 136
      vertex 98.16300000000001 46 136
    endloop
  endfacet
  facet normal 0 -1 0
    outer loop
      vertex 98.16300000000001 46 124
      vertex 98.16300000000001 46 136
      vertex 84.16300000000001 46 136
    endloop
  endfacet
  facet normal 0 0 1
    outer loop
      vertex 98.16300000000001 46 136
      vertex 98.16300000000001 56 136
      vertex 84.16300000000001 46 136
    endloop
  endfacet
  facet normal 1 0 0
    outer loop
      vertex 98.16300000000001 42 138
      vertex 98.16300000000001 132 138
      vertex 98.16300000000001 42 146
    endloop
  endfacet
  facet normal 0 0 1
    outer loop
      vertex 98.16300000000001 42 146
      vertex 98.16300000000001 132 146
      vertex 84.16300000000001 42 146
    endloop
  endfacet
  facet normal 0 0 -1
    outer loop
      vertex 185 106 0
      vertex 171.944543648263 117.055456351737 0
      vertex 172.12577874674753 117.25541846854998 0
    endloop
  endfacet
  facet normal 0 0 -1
    outer loop
      vertex 185 106 0
      vertex 172.54066871440602 117.947620560996 0
      vertex 172.63158592326357 118.20171713755022 0
    endloop
  endfacet
  facet normal 0 0 -1
    outer loop
      vertex 185 106 0
      vertex 172.28654143383199 117.4721818591961 0
      vertex 172.425283476958 117.7036589737285 0
    endloop
  endfacet
  facet normal 0 0 -1
    outer loop
      vertex 185 106 0
      vertex 172.12577874674753 117.25541846854998 0
      vertex 172.28654143383199 117.4721818591961 0
    endloop
  endfacet
  facet normal 0 0 -1
    outer loop
      vertex 185 106 0
      vertex 172.425283476958 117.7036589737285 0
      vertex 172.54066871440602 117.947620560996 0
    endloop
  endfacet
  facet normal 0 0 -1
    outer loop
      vertex 185 106 0
      vertex 172.63158592326357 118.20171713755022 0
      vertex 172.69715952110886 118.46350161445565 0
    endloop
  endfacet
  facet normal 0 0 -1
    outer loop
      vertex 185 106 0
      vertex 172.69715952110886 118.46350161445565 0
      vertex 172.73675799834854 118.7304528640937 0
    endloop
  endfacet
  facet normal 0 0 -1
    outer loop
      vertex 185 106 0
      vertex 172.73675799834854 118.7304528640937 0
      vertex 172.75 119 0
    endloop
  endfacet
  facet normal 0 0 -1
    outer loop
      vertex 185 106 0
      vertex 171.74458153145002 116.87422125325247 0
      vertex 171.944543648263 117.055456351737 0
    endloop
  endfacet
  facet normal 0 0 -1
    outer loop
      vertex 185 106 0
      vertex 171.5278181408039 116.71345856616801 0
      vertex 171.74458153145002 116.87422125325247 0
    endloop
  endfacet
  facet normal 0 0 -1
    outer loop
      vertex 185 106 0
      vertex 171.05237943900397 116.45933128559398 0
      vertex 171.29634102627148 116.57471652304201 0
    endloop
  endfacet
  facet normal 0 0 -1
    outer loop
      vertex 185 106 0
      vertex 170.79828286244975 116.36841407673643 0
      vertex 171.05237943900397 116.45933128559398 0
    endloop
  endfacet
  facet normal 0 0 -1
    outer loop
      vertex 185 106 0
      vertex 171.29634102627148 116.57471652304201 0
      vertex 171.5278181408039 116.71345856616801 0
    endloop
  endfacet
  facet normal 0 0 -1
    outer loop
      vertex 185 106 0
      vertex 170.53649838554435 116.30284047889111 0
      vertex 170.79828286244975 116.36841407673643 0
    endloop
  endfacet
  facet normal 0 0 -1
    outer loop
      vertex 185 106 0
      vertex 170.2695471359063 116.26324200165146 0
      vertex 170.53649838554435 116.30284047889111 0
    endloop
  endfacet
  facet normal 0 0 -1
    outer loop
      vertex 185 106 0
      vertex 170 116.25 0
      vertex 170.2695471359063 116.26324200165146 0
    endloop
  endfacet
  facet normal 0 0 -1
    outer loop
      vertex 185 106 0
      vertex 169.7304528640937 116.26324200165146 0
      vertex 170 116.25 0
    endloop
  endfacet
  facet normal 0 0 -1
    outer loop
      vertex 185 106 0
      vertex 169.46350161445565 116.30284047889111 0
      vertex 169.7304528640937 116.26324200165146 0
    endloop
  endfacet
  facet normal 0 0 1
    outer loop
      vertex 185 106 10
      vertex 172.12577874674753 117.25541846854998 10
      vertex 171.944543648263 117.055456351737 10
    endloop
  endfacet
  facet normal 0 0 1
    outer loop
      vertex 185 106 10
      vertex 172.63158592326357 118.20171713755022 10
      vertex 172.54066871440602 117.947620560996 10
    endloop
  endfacet
  facet normal 0 0 1
    outer loop
      vertex 185 106 10
      vertex 172.425283476958 117.7036589737285 10
      vertex 172.28654143383199 117.4721818591961 10
    endloop
  endfacet
  facet normal 0 0 1
    outer loop
      vertex 185 106 10
      vertex 172.28654143383199 117.4721818591961 10
      vertex 172.12577874674753 117.25541846854998 10
    endloop
  endfacet
  facet normal 0 0 1
    outer loop
      vertex 185 106 10
      vertex 172.54066871440602 117.947620560996 10
      vertex 172.425283476958 117.7036589737285 10
    endloop
  endfacet
  facet normal 0 0 1
    outer loop
      vertex 185 106 10
      vertex 172.69715952110886 118.46350161445565 10
      vertex 172.63158592326357 118.20171713755022 10
    endloop
  endfacet
  facet normal 0 0 1
    outer loop
      vertex 185 106 10
      vertex 172.73675799834854 118.7304528640937 10
      vertex 172.69715952110886 118.46350161445565 10
    endloop
  endfacet
  facet normal 0 0 1
    outer loop
      vertex 185 106 10
      vertex 172.75 119 10
      vertex 172.73675799834854 118.7304528640937 10
    endloop
  endfacet
  facet normal 0 0 1
    outer loop
      vertex 185 106 10
      vertex 171.944543648263 117.055456351737 10
      vertex 171.74458153145002 116.87422125325247 10
    endloop
  endfacet
  facet normal 0 0 1
    outer loop
      vertex 185 106 10
      vertex 171.74458153145002 116.87422125325247 10
      vertex 171.5278181408039 116.71345856616801 10
    endloop
  endfacet
  facet normal 0 0 1
    outer loop
      vertex 185 106 10
      vertex 171.05237943900397 116.45933128559398 10
      vertex 170.79828286244975 116.36841407673643 10
    endloop
  endfacet
  facet normal 0 0 1
    outer loop
      vertex 185 106 10
      vertex 171.29634102627148 116.57471652304201 10
      vertex 171.05237943900397 116.45933128559398 10
    endloop
  endfacet
  facet normal 0 0 1
    outer loop
      vertex 185 106 10
      vertex 171.5278181408039 116.71345856616801 10
      vertex 171.29634102627148 116.57471652304201 10
    endloop
  endfacet
  facet normal 0 0 1
    outer loop
      vertex 185 106 10
      vertex 170.79828286244975 116.36841407673643 10
      vertex 170.53649838554435 116.30284047889111 10
    endloop
  endfacet
  facet normal 0 0 1
    outer loop
      vertex 185 106 10
      vertex 170.53649838554435 116.30284047889111 10
      vertex 170.2695471359063 116.26324200165146 10
    endloop
  endfacet
  facet normal 0 0 1
    outer loop
      vertex 185 106 10
      vertex 170.2695471359063 116.26324200165146 10
      vertex 170 116.25 10
    endloop
  endfacet
  facet normal 0 0 1
    outer loop
      vertex 185 106 10
      vertex 170 116.25 10
      vertex 169.7304528640937 116.26324200165146 10
    endloop
  endfacet
  facet normal 0 0 1
    outer loop
      vertex 185 106 10
      vertex 169.7304528640937 116.26324200165146 10
      vertex 169.46350161445565 116.30284047889111 10
    endloop
  endfacet
  facet normal 0 0 1
    outer loop
      vertex 185 106 10
      vertex 169.46350161445565 116.30284047889111 10
      vertex 169.20171713755025 116.36841407673643 10
    endloop
  endfacet
  facet normal 0 0 1
    outer loop
      vertex 185 106 10
      vertex 169.20171713755025 116.36841407673643 10
      vertex 168.94762056099603 116.45933128559398 10
    endloop
  endfacet
  facet normal 0 0 1
    outer loop
      vertex 185 106 10
      vertex 168.94762056099603 116.45933128559398 10
      vertex 168.70365897372852 116.57471652304201 10
    endloop
  endfacet
  facet normal 0 0 1
    outer loop
      vertex 185 106 10
      vertex 168.70365897372852 116.57471652304201 10
      vertex 168.4721818591961 116.71345856616801 10
    endloop
  endfacet
  facet normal 1 0 0
    outer loop
      vertex 185 106 0
      vertex 185 176 10
      vertex 185 106 10
    endloop
  endfacet
  facet normal -0.7409511253549138 0.6715589548470682 0
    outer loop
      vertex 171.944543648263 117.055456351737 0
      vertex 172.12577874674753 117.25541846854998 10
      vertex 172.12577874674753 117.25541846854998 0
    endloop
  endfacet
  facet normal -0.8032075314806767 0.5956993044923903 0
    outer loop
      vertex 172.12577874674753 117.25541846854998 0
      vertex 172.28654143383199 117.4721818591961 10
      vertex 172.28654143383199 117.4721818591961 0
    endloop
  endfacet
  facet normal -0.8577286100002162 0.5141027441933149 0
    outer loop
      vertex 172.28654143383199 117.4721818591961 0
      vertex 172.425283476958 117.7036589737285 10
      vertex 172.425283476958 117.7036589737285 0
    endloop
  endfacet
  facet normal -0.9039892931234846 0.4275550934301948 0
    outer loop
      vertex 172.425283476958 117.7036589737285 0
      vertex 172.54066871440602 117.947620560996 10
      vertex 172.54066871440602 117.947620560996 0
    endloop
  endfacet
  facet normal -0.9415440651830042 0.3368898533922665 0
    outer loop
      vertex 172.54066871440602 117.947620560996 0
      vertex 172.63158592326357 118.20171713755022 10
      vertex 172.63158592326357 118.20171713755022 0
    endloop
  endfacet
  facet normal -0.5956993044923903 0.8032075314806767 0
    outer loop
      vertex 171.74458153145002 116.87422125325247 0
      vertex 171.5278181408039 116.71345856616801 0
      vertex 171.74458153145002 116.87422125325247 10
    endloop
  endfacet
  facet normal -0.5141027441932684 0.857728610000244 0
    outer loop
      vertex 171.5278181408039 116.71345856616801 0
      vertex 171.29634102627148 116.57471652304201 0
      vertex 171.5278181408039 116.71345856616801 10
    endloop
  endfacet
  facet normal -0.3368898533922665 0.9415440651830042 0
    outer loop
      vertex 171.05237943900397 116.45933128559398 0
      vertex 170.79828286244975 116.36841407673643 0
      vertex 171.05237943900397 116.45933128559398 10
    endloop
  endfacet
  facet normal -0.4275550934301948 0.9039892931234846 0
    outer loop
      vertex 171.29634102627148 116.57471652304201 0
      vertex 171.05237943900397 116.45933128559398 0
      vertex 171.29634102627148 116.57471652304201 10
    endloop
  endfacet
  facet normal -0.2429801799032965 0.9700312531945359 0
    outer loop
      vertex 170.79828286244975 116.36841407673643 0
      vertex 170.53649838554435 116.30284047889111 0
      vertex 170.79828286244975 116.36841407673643 10
    endloop
  endfacet
  facet normal -0.6715589548470682 0.7409511253549138 0
    outer loop
      vertex 171.74458153145002 116.87422125325247 0
      vertex 171.944543648263 117.055456351737 10
      vertex 171.944543648263 117.055456351737 0
    endloop
  endfacet
  facet normal -0.9891765099647692 0.1467304744554412 0
    outer loop
      vertex 172.69715952110886 118.46350161445565 0
      vertex 172.73675799834854 118.7304528640937 10
      vertex 172.73675799834854 118.7304528640937 0
    endloop
  endfacet
  facet normal -0.9987954562051716 0.04906767432743386 0
    outer loop
      vertex 172.73675799834854 118.7304528640937 0
      vertex 172.75 119 10
      vertex 172.75 119 0
    endloop
  endfacet
  facet normal -0.9987954562051716 -0.04906767432743386 0
    outer loop
      vertex 172.75 119 0
      vertex 172.73675799834854 119.2695471359063 10
      vertex 172.73675799834854 119.2695471359063 0
    endloop
  endfacet
  facet normal -0.970031253194567 0.24298017990317258 0
    outer loop
      vertex 172.63158592326357 118.20171713755022 0
      vertex 172.69715952110886 118.46350161445565 10
      vertex 172.69715952110886 118.46350161445565 0
    endloop
  endfacet
  facet normal -0.9891765099647692 -0.1467304744554412 0
    outer loop
      vertex 172.73675799834854 119.2695471359063 0
      vertex 172.69715952110886 119.53649838554435 10
      vertex 172.69715952110886 119.53649838554435 0
    endloop
  endfacet
  facet normal -0.970031253194567 -0.24298017990317258 0
    outer loop
      vertex 172.69715952110886 119.53649838554435 0
      vertex 172.63158592326357 119.79828286244978 10
      vertex 172.63158592326357 119.79828286244978 0
    endloop
  endfacet
  facet normal -0.9415440651830042 -0.3368898533922665 0
    outer loop
      vertex 172.63158592326357 119.79828286244978 0
      vertex 172.54066871440602 120.052379439004 10
      vertex 172.54066871440602 120.052379439004 0
    endloop
  endfacet
  facet normal -0.9039892931234846 -0.4275550934301948 0
    outer loop
      vertex 172.54066871440602 120.052379439004 0
      vertex 172.425283476958 120.2963410262715 10
      vertex 172.425283476958 120.2963410262715 0
    endloop
  endfacet
  facet normal -0.8577286100002162 -0.5141027441933149 0
    outer loop
      vertex 172.425283476958 120.2963410262715 0
      vertex 172.28654143383199 120.5278181408039 10
      vertex 172.28654143383199 120.5278181408039 0
    endloop
  endfacet
  facet normal -0.8032075314806767 -0.5956993044923903 0
    outer loop
      vertex 172.28654143383199 120.5278181408039 0
      vertex 172.12577874674753 120.74458153145002 10
      vertex 172.12577874674753 120.74458153145002 0
    endloop
  endfacet
  facet normal -0.7409511253549138 -0.6715589548470682 0
    outer loop
      vertex 172.12577874674753 120.74458153145002 0
      vertex 171.944543648263 120.944543648263 10
      vertex 171.944543648263 120.944543648263 0
    endloop
  endfacet
  facet normal -0.14673047445533816 0.9891765099647846 0
    outer loop
      vertex 170.53649838554435 116.30284047889111 0
      vertex 170.2695471359063 116.26324200165146 0
      vertex 170.53649838554435 116.30284047889111 10
    endloop
  endfacet
  facet normal -0.04906767432743386 0.9987954562051716 0
    outer loop
      vertex 170.2695471359063 116.26324200165146 0
      vertex 170 116.25 0
      vertex 170.2695471359063 116.26324200165146 10
    endloop
  endfacet
  facet normal 0.04906767432743386 0.9987954562051716 0
    outer loop
      vertex 170 116.25 0
      vertex 169.7304528640937 116.26324200165146 0
      vertex 170 116.25 10
    endloop
  endfacet
  facet normal 0.14673047445533816 0.9891765099647846 0
    outer loop
      vertex 169.7304528640937 116.26324200165146 0
      vertex 169.46350161445565 116.30284047889111 0
      vertex 169.7304528640937 116.26324200165146 10
    endloop
  endfacet
  facet normal 0.2429801799032965 0.9700312531945359 0
    outer loop
      vertex 169.46350161445565 116.30284047889111 0
      vertex 169.20171713755025 116.36841407673643 0
      vertex 169.46350161445565 116.30284047889111 10
    endloop
  endfacet
  facet normal 0.3368898533922665 0.9415440651830042 0
    outer loop
      vertex 169.20171713755025 116.36841407673643 0
      vertex 168.94762056099603 116.45933128559398 0
      vertex 169.20171713755025 116.36841407673643 10
    endloop
  endfacet
  facet normal 0.4275550934301948 0.9039892931234846 0
    outer loop
      vertex 168.94762056099603 116.45933128559398 0
      vertex 168.70365897372852 116.57471652304201 0
      vertex 168.94762056099603 116.45933128559398 10
    endloop
  endfacet
  facet normal 0.5141027441932684 0.857728610000244 0
    outer loop
      vertex 168.70365897372852 116.57471652304201 0
      vertex 168.4721818591961 116.71345856616801 0
      vertex 168.70365897372852 116.57471652304201 10
    endloop
  endfacet
  facet normal 0.5956993044923903 0.8032075314806767 0
    outer loop
      vertex 168.4721818591961 116.71345856616801 0
      vertex 168.25541846854998 116.87422125325247 0
      vertex 168.4721818591961 116.71345856616801 10
    endloop
  endfacet
  facet normal 0.6715589548470682 0.7409511253549138 0
    outer loop
      vertex 168.25541846854998 116.87422125325247 0
      vertex 168.055456351737 117.055456351737 0
      vertex 168.25541846854998 116.87422125325247 10
    endloop
  endfacet
  facet normal 0.7409511253549138 0.6715589548470682 0
    outer loop
      vertex 168.055456351737 117.055456351737 0
      vertex 167.87422125325247 117.25541846854998 0
      vertex 168.055456351737 117.055456351737 10
    endloop
  endfacet
  facet normal 0.8032075314806767 0.5956993044923903 0
    outer loop
      vertex 167.87422125325247 117.25541846854998 0
      vertex 167.71345856616801 117.4721818591961 0
      vertex 167.87422125325247 117.25541846854998 10
    endloop
  endfacet
  facet normal 0.8577286100002162 0.5141027441933149 0
    outer loop
      vertex 167.574716523042 117.7036589737285 0
      vertex 167.71345856616801 117.4721818591961 10
      vertex 167.71345856616801 117.4721818591961 0
    endloop
  endfacet
  facet normal 0.8032075314806767 -0.5956993044923903 0
    outer loop
      vertex 167.71345856616801 120.5278181408039 0
      vertex 167.87422125325247 120.74458153145002 0
      vertex 167.71345856616801 120.5278181408039 10
    endloop
  endfacet
  facet normal 0.7409511253549138 -0.6715589548470682 0
    outer loop
      vertex 168.055456351737 120.944543648263 0
      vertex 167.87422125325247 120.74458153145002 10
      vertex 167.87422125325247 120.74458153145002 0
    endloop
  endfacet
  facet normal 0.9039892931234846 0.4275550934301948 0
    outer loop
      vertex 167.45933128559398 117.947620560996 0
      vertex 167.574716523042 117.7036589737285 10
      vertex 167.574716523042 117.7036589737285 0
    endloop
  endfacet
  facet normal 0.9415440651830042 0.3368898533922665 0
    outer loop
      vertex 167.36841407673643 118.20171713755022 0
      vertex 167.45933128559398 117.947620560996 10
      vertex 167.45933128559398 117.947620560996 0
    endloop
  endfacet
  facet normal 0.970031253194567 0.24298017990317258 0
    outer loop
      vertex 167.30284047889114 118.46350161445565 0
      vertex 167.36841407673643 118.20171713755022 10
      vertex 167.36841407673643 118.20171713755022 0
    endloop
  endfacet
  facet normal 0.9891765099647692 0.1467304744554412 0
    outer loop
      vertex 167.26324200165146 118.7304528640937 0
      vertex 167.30284047889114 118.46350161445565 10
      vertex 167.30284047889114 118.46350161445565 0
    endloop
  endfacet
  facet normal 0.9987954562051716 0.04906767432743386 0
    outer loop
      vertex 167.25 119 0
      vertex 167.26324200165146 118.7304528640937 10
      vertex 167.26324200165146 118.7304528640937 0
    endloop
  endfacet
  facet normal 0.970031253194567 -0.24298017990317258 0
    outer loop
      vertex 167.36841407673643 119.79828286244978 0
      vertex 167.30284047889114 119.53649838554435 10
      vertex 167.30284047889114 119.53649838554435 0
    endloop
  endfacet
  facet normal 0.9987954562051716 -0.04906767432743386 0
    outer loop
      vertex 167.26324200165146 119.2695471359063 0
      vertex 167.25 119 10
      vertex 167.25 119 0
    endloop
  endfacet
  facet normal 0.9891765099647692 -0.1467304744554412 0
    outer loop
      vertex 167.30284047889114 119.53649838554435 0
      vertex 167.26324200165146 119.2695471359063 10
      vertex 167.26324200165146 119.2695471359063 0
    endloop
  endfacet
  facet normal 0.9415440651830042 -0.3368898533922665 0
    outer loop
      vertex 167.45933128559398 120.052379439004 0
      vertex 167.36841407673643 119.79828286244978 10
      vertex 167.36841407673643 119.79828286244978 0
    endloop
  endfacet
  facet normal 0.9039892931234846 -0.4275550934301948 0
    outer loop
      vertex 167.574716523042 120.2963410262715 0
      vertex 167.45933128559398 120.052379439004 10
      vertex 167.45933128559398 120.052379439004 0
    endloop
  endfacet
  facet normal 0.8577286100002162 -0.5141027441933149 0
    outer loop
      vertex 167.71345856616801 120.5278181408039 0
      vertex 167.574716523042 120.2963410262715 10
      vertex 167.574716523042 120.2963410262715 0
    endloop
  endfacet
  facet normal -0.7409511253549138 0.6715589548470682 0
    outer loop
      vertex 171.944543648263 117.055456351737 0
      vertex 171.944543648263 117.055456351737 10
      vertex 172.12577874674753 117.25541846854998 10
    endloop
  endfacet
  facet normal -0.8032075314806767 0.5956993044923903 0
    outer loop
      vertex 172.12577874674753 117.25541846854998 0
      vertex 172.12577874674753 117.25541846854998 10
      vertex 172.28654143383199 117.4721818591961 10
    endloop
  endfacet
  facet normal -0.8577286100002162 0.5141027441933149 0
    outer loop
      vertex 172.28654143383199 117.4721818591961 0
      vertex 172.28654143383199 117.4721818591961 10
      vertex 172.425283476958 117.7036589737285 10
    endloop
  endfacet
  facet normal -0.9039892931234846 0.4275550934301948 0
    outer loop
      vertex 172.425283476958 117.7036589737285 0
      vertex 172.425283476958 117.7036589737285 10
      vertex 172.54066871440602 117.947620560996 10
    endloop
  endfacet
  facet normal -0.9415440651830042 0.3368898533922665 0
    outer loop
      vertex 172.54066871440602 117.947620560996 0
      vertex 172.54066871440602 117.947620560996 10
      vertex 172.63158592326357 118.20171713755022 10
    endloop
  endfacet
  facet normal -0.5956993044923903 0.8032075314806767 0
    outer loop
      vertex 171.5278181408039 116.71345856616801 0
      vertex 171.5278181408039 116.71345856616801 10
      vertex 171.74458153145002 116.87422125325247 10
    endloop
  endfacet
  facet normal -0.5141027441932684 0.857728610000244 0
    outer loop
      vertex 171.29634102627148 116.57471652304201 0
      vertex 171.29634102627148 116.57471652304201 10
      vertex 171.5278181408039 116.71345856616801 10
    endloop
  endfacet
  facet normal -0.4275550934301948 0.9039892931234846 0
    outer loop
      vertex 171.05237943900397 116.45933128559398 0
      vertex 171.05237943900397 116.45933128559398 10
      vertex 171.29634102627148 116.57471652304201 10
    endloop
  endfacet
  facet normal -0.3368898533922665 0.9415440651830042 0
    outer loop
      vertex 170.79828286244975 116.36841407673643 0
      vertex 170.79828286244975 116.36841407673643 10
      vertex 171.05237943900397 116.45933128559398 10
    endloop
  endfacet
  facet normal -0.2429801799032965 0.9700312531945359 0
    outer loop
      vertex 170.53649838554435 116.30284047889111 0
      vertex 170.53649838554435 116.30284047889111 10
      vertex 170.79828286244975 116.36841407673643 10
    endloop
  endfacet
  facet normal -0.6715589548470682 0.7409511253549138 0
    outer loop
      vertex 171.74458153145002 116.87422125325247 0
      vertex 171.74458153145002 116.87422125325247 10
      vertex 171.944543648263 117.055456351737 10
    endloop
  endfacet
  facet normal -0.9987954562051716 0.04906767432743386 0
    outer loop
      vertex 172.73675799834854 118.7304528640937 0
      vertex 172.73675799834854 118.7304528640937 10
      vertex 172.75 119 10
    endloop
  endfacet
  facet normal -0.9987954562051716 -0.04906767432743386 0
    outer loop
      vertex 172.75 119 0
      vertex 172.75 119 10
      vertex 172.73675799834854 119.2695471359063 10
    endloop
  endfacet
  facet normal -0.9891765099647692 -0.1467304744554412 0
    outer loop
      vertex 172.73675799834854 119.2695471359063 0
      vertex 172.73675799834854 119.2695471359063 10
      vertex 172.69715952110886 119.53649838554435 10
    endloop
  endfacet
  facet normal -0.970031253194567 0.24298017990317258 0
    outer loop
      vertex 172.63158592326357 118.20171713755022 0
      vertex 172.63158592326357 118.20171713755022 10
      vertex 172.69715952110886 118.46350161445565 10
    endloop
  endfacet
  facet normal -0.9891765099647692 0.1467304744554412 0
    outer loop
      vertex 172.69715952110886 118.46350161445565 0
      vertex 172.69715952110886 118.46350161445565 10
      vertex 172.73675799834854 118.7304528640937 10
    endloop
  endfacet
  facet normal -0.970031253194567 -0.24298017990317258 0
    outer loop
      vertex 172.69715952110886 119.53649838554435 0
      vertex 172.69715952110886 119.53649838554435 10
      vertex 172.63158592326357 119.79828286244978 10
    endloop
  endfacet
  facet normal -0.9415440651830042 -0.3368898533922665 0
    outer loop
      vertex 172.63158592326357 119.79828286244978 0
      vertex 172.63158592326357 119.79828286244978 10
      vertex 172.54066871440602 120.052379439004 10
    endloop
  endfacet
  facet normal -0.9039892931234846 -0.4275550934301948 0
    outer loop
      vertex 172.54066871440602 120.052379439004 0
      vertex 172.54066871440602 120.052379439004 10
      vertex 172.425283476958 120.2963410262715 10
    endloop
  endfacet
  facet normal -0.8577286100002162 -0.5141027441933149 0
    outer loop
      vertex 172.425283476958 120.2963410262715 0
      vertex 172.425283476958 120.2963410262715 10
      vertex 172.28654143383199 120.5278181408039 10
    endloop
  endfacet
  facet normal -0.8032075314806767 -0.5956993044923903 0
    outer loop
      vertex 172.28654143383199 120.5278181408039 0
      vertex 172.28654143383199 120.5278181408039 10
      vertex 172.12577874674753 120.74458153145002 10
    endloop
  endfacet
  facet normal -0.7409511253549138 -0.6715589548470682 0
    outer loop
      vertex 172.12577874674753 120.74458153145002 0
      vertex 172.12577874674753 120.74458153145002 10
      vertex 171.944543648263 120.944543648263 10
    endloop
  endfacet
  facet normal -0.14673047445533816 0.9891765099647846 0
    outer loop
      vertex 170.2695471359063 116.26324200165146 0
      vertex 170.2695471359063 116.26324200165146 10
      vertex 170.53649838554435 116.30284047889111 10
    endloop
  endfacet
  facet normal -0.04906767432743386 0.9987954562051716 0
    outer loop
      vertex 170 116.25 0
      vertex 170 116.25 10
      vertex 170.2695471359063 116.26324200165146 10
    endloop
  endfacet
  facet normal 0.04906767432743386 0.9987954562051716 0
    outer loop
      vertex 169.7304528640937 116.26324200165146 0
      vertex 169.7304528640937 116.26324200165146 10
      vertex 170 116.25 10
    endloop
  endfacet
  facet normal 0.14673047445533816 0.9891765099647846 0
    outer loop
      vertex 169.46350161445565 116.30284047889111 0
      vertex 169.46350161445565 116.30284047889111 10
      vertex 169.7304528640937 116.26324200165146 10
    endloop
  endfacet
  facet normal 0.2429801799032965 0.9700312531945359 0
    outer loop
      vertex 169.20171713755025 116.36841407673643 0
      vertex 169.20171713755025 116.36841407673643 10
      vertex 169.46350161445565 116.30284047889111 10
    endloop
  endfacet
  facet normal 0.3368898533922665 0.9415440651830042 0
    outer loop
      vertex 168.94762056099603 116.45933128559398 0
      vertex 168.94762056099603 116.45933128559398 10
      vertex 169.20171713755025 116.36841407673643 10
    endloop
  endfacet
  facet normal 0.4275550934301948 0.9039892931234846 0
    outer loop
      vertex 168.70365897372852 116.57471652304201 0
      vertex 168.70365897372852 116.57471652304201 10
      vertex 168.94762056099603 116.45933128559398 10
    endloop
  endfacet
  facet normal 0.5141027441932684 0.857728610000244 0
    outer loop
      vertex 168.4721818591961 116.71345856616801 0
      vertex 168.4721818591961 116.71345856616801 10
      vertex 168.70365897372852 116.57471652304201 10
    endloop
  endfacet
  facet normal 0.5956993044923903 0.8032075314806767 0
    outer loop
      vertex 168.25541846854998 116.87422125325247 0
      vertex 168.25541846854998 116.87422125325247 10
      vertex 168.4721818591961 116.71345856616801 10
    endloop
  endfacet
  facet normal 0.6715589548470682 0.7409511253549138 0
    outer loop
      vertex 168.055456351737 117.055456351737 0
      vertex 168.055456351737 117.055456351737 10
      vertex 168.25541846854998 116.87422125325247 10
    endloop
  endfacet
  facet normal 0.7409511253549138 0.6715589548470682 0
    outer loop
      vertex 167.87422125325247 117.25541846854998 0
      vertex 167.87422125325247 117.25541846854998 10
      vertex 168.055456351737 117.055456351737 10
    endloop
  endfacet
  facet normal 0.8032075314806767 0.5956993044923903 0
    outer loop
      vertex 167.71345856616801 117.4721818591961 0
      vertex 167.71345856616801 117.4721818591961 10
      vertex 167.87422125325247 117.25541846854998 10
    endloop
  endfacet
  facet normal 0.8577286100002162 -0.5141027441933149 0
    outer loop
      vertex 167.71345856616801 120.5278181408039 0
      vertex 167.71345856616801 120.5278181408039 10
      vertex 167.574716523042 120.2963410262715 10
    endloop
  endfacet
  facet normal 0.7409511253549138 -0.6715589548470682 0
    outer loop
      vertex 168.055456351737 120.944543648263 0
      vertex 168.055456351737 120.944543648263 10
      vertex 167.87422125325247 120.74458153145002 10
    endloop
  endfacet
  facet normal 0.8032075314806767 -0.5956993044923903 0
    outer loop
      vertex 167.87422125325247 120.74458153145002 0
      vertex 167.87422125325247 120.74458153145002 10
      vertex 167.71345856616801 120.5278181408039 10
    endloop
  endfacet
  facet normal 0.8577286100002162 0.5141027441933149 0
    outer loop
      vertex 167.574716523042 117.7036589737285 0
      vertex 167.574716523042 117.7036589737285 10
      vertex 167.71345856616801 117.4721818591961 10
    endloop
  endfacet
  facet normal 0.9039892931234846 0.4275550934301948 0
    outer loop
      vertex 167.45933128559398 117.947620560996 0
      vertex 167.45933128559398 117.947620560996 10
      vertex 167.574716523042 117.7036589737285 10
    endloop
  endfacet
  facet normal 0.9415440651830042 0.3368898533922665 0
    outer loop
      vertex 167.36841407673643 118.20171713755022 0
      vertex 167.36841407673643 118.20171713755022 10
      vertex 167.45933128559398 117.947620560996 10
    endloop
  endfacet
  facet normal 0.970031253194567 0.24298017990317258 0
    outer loop
      vertex 167.30284047889114 118.46350161445565 0
      vertex 167.30284047889114 118.46350161445565 10
      vertex 167.36841407673643 118.20171713755022 10
    endloop
  endfacet
  facet normal 0.9891765099647692 0.1467304744554412 0
    outer loop
      vertex 167.26324200165146 118.7304528640937 0
      vertex 167.26324200165146 118.7304528640937 10
      vertex 167.30284047889114 118.46350161445565 10
    endloop
  endfacet
  facet normal 0.9987954562051716 0.04906767432743386 0
    outer loop
      vertex 167.25 119 0
      vertex 167.25 119 10
      vertex 167.26324200165146 118.7304528640937 10
    endloop
  endfacet
  facet normal 0.9987954562051716 -0.04906767432743386 0
    outer loop
      vertex 167.26324200165146 119.2695471359063 0
      vertex 167.26324200165146 119.2695471359063 10
      vertex 167.25 119 10
    endloop
  endfacet
  facet normal 0.9891765099647692 -0.1467304744554412 0
    outer loop
      vertex 167.30284047889114 119.53649838554435 0
      vertex 167.30284047889114 119.53649838554435 10
      vertex 167.26324200165146 119.2695471359063 10
    endloop
  endfacet
  facet normal 0.970031253194567 -0.24298017990317258 0
    outer loop
      vertex 167.36841407673643 119.79828286244978 0
      vertex 167.36841407673643 119.79828286244978 10
      vertex 167.30284047889114 119.53649838554435 10
    endloop
  endfacet
  facet normal 0.9415440651830042 -0.3368898533922665 0
    outer loop
      vertex 167.45933128559398 120.052379439004 0
      vertex 167.45933128559398 120.052379439004 10
      vertex 167.36841407673643 119.79828286244978 10
    endloop
  endfacet
  facet normal 0.9039892931234846 -0.4275550934301948 0
    outer loop
      vertex 167.574716523042 120.2963410262715 0
      vertex 167.574716523042 120.2963410262715 10
      vertex 167.45933128559398 120.052379439004 10
    endloop
  endfacet
  facet normal -0.6715589548470682 -0.7409511253549138 0
    outer loop
      vertex 171.74458153145002 121.12577874674753 0
      vertex 171.944543648263 120.944543648263 0
      vertex 171.74458153145002 121.12577874674753 10
    endloop
  endfacet
  facet normal -0.5956993044923903 -0.8032075314806767 0
    outer loop
      vertex 171.5278181408039 121.28654143383199 0
      vertex 171.74458153145002 121.12577874674753 0
      vertex 171.5278181408039 121.28654143383199 10
    endloop
  endfacet
  facet normal -0.5141027441932684 -0.857728610000244 0
    outer loop
      vertex 171.29634102627148 121.42528347695799 0
      vertex 171.5278181408039 121.28654143383199 0
      vertex 171.29634102627148 121.42528347695799 10
    endloop
  endfacet
  facet normal -0.4275550934301948 -0.9039892931234846 0
    outer loop
      vertex 171.05237943900397 121.54066871440602 0
      vertex 171.29634102627148 121.42528347695799 0
      vertex 171.05237943900397 121.54066871440602 10
    endloop
  endfacet
  facet normal -0.3368898533922665 -0.9415440651830042 0
    outer loop
      vertex 170.79828286244975 121.63158592326357 0
      vertex 171.05237943900397 121.54066871440602 0
      vertex 170.79828286244975 121.63158592326357 10
    endloop
  endfacet
  facet normal -0.2429801799032965 -0.9700312531945359 0
    outer loop
      vertex 170.53649838554435 121.69715952110889 0
      vertex 170.79828286244975 121.63158592326357 0
      vertex 170.53649838554435 121.69715952110889 10
    endloop
  endfacet
  facet normal -0.14673047445533816 -0.9891765099647846 0
    outer loop
      vertex 170.2695471359063 121.73675799834854 0
      vertex 170.53649838554435 121.69715952110889 0
      vertex 170.2695471359063 121.73675799834854 10
    endloop
  endfacet
  facet normal -0.04906767432743386 -0.9987954562051716 0
    outer loop
      vertex 170 121.75 0
      vertex 170.2695471359063 121.73675799834854 0
      vertex 170 121.75 10
    endloop
  endfacet
  facet normal 0.2429801799032965 -0.9700312531945359 0
    outer loop
      vertex 169.20171713755025 121.63158592326357 0
      vertex 169.46350161445565 121.69715952110889 0
      vertex 169.20171713755025 121.63158592326357 10
    endloop
  endfacet
  facet normal 0.04906767432743386 -0.9987954562051716 0
    outer loop
      vertex 169.7304528640937 121.73675799834854 0
      vertex 170 121.75 0
      vertex 169.7304528640937 121.73675799834854 10
    endloop
  endfacet
  facet normal 0.14673047445533816 -0.9891765099647846 0
    outer loop
      vertex 169.46350161445565 121.69715952110889 0
      vertex 169.7304528640937 121.73675799834854 0
      vertex 169.46350161445565 121.69715952110889 10
    endloop
  endfacet
  facet normal 0.3368898533922665 -0.9415440651830042 0
    outer loop
      vertex 168.94762056099603 121.54066871440602 0
      vertex 169.20171713755025 121.63158592326357 0
      vertex 168.94762056099603 121.54066871440602 10
    endloop
  endfacet
  facet normal 0.4275550934301948 -0.9039892931234846 0
    outer loop
      vertex 168.70365897372852 121.42528347695799 0
      vertex 168.94762056099603 121.54066871440602 0
      vertex 168.70365897372852 121.42528347695799 10
    endloop
  endfacet
  facet normal 0.5141027441932684 -0.857728610000244 0
    outer loop
      vertex 168.4721818591961 121.28654143383199 0
      vertex 168.70365897372852 121.42528347695799 0
      vertex 168.4721818591961 121.28654143383199 10
    endloop
  endfacet
  facet normal 0.5956993044923903 -0.8032075314806767 0
    outer loop
      vertex 168.25541846854998 121.12577874674753 0
      vertex 168.4721818591961 121.28654143383199 0
      vertex 168.25541846854998 121.12577874674753 10
    endloop
  endfacet
  facet normal 0.6715589548470682 -0.7409511253549138 0
    outer loop
      vertex 168.25541846854998 121.12577874674753 0
      vertex 168.055456351737 120.944543648263 10
      vertex 168.055456351737 120.944543648263 0
    endloop
  endfacet
  facet normal -0.6715589548470682 -0.7409511253549138 0
    outer loop
      vertex 171.944543648263 120.944543648263 0
      vertex 171.944543648263 120.944543648263 10
      vertex 171.74458153145002 121.12577874674753 10
    endloop
  endfacet
  facet normal -0.5956993044923903 -0.8032075314806767 0
    outer loop
      vertex 171.74458153145002 121.12577874674753 0
      vertex 171.74458153145002 121.12577874674753 10
      vertex 171.5278181408039 121.28654143383199 10
    endloop
  endfacet
  facet normal -0.5141027441932684 -0.857728610000244 0
    outer loop
      vertex 171.5278181408039 121.28654143383199 0
      vertex 171.5278181408039 121.28654143383199 10
      vertex 171.29634102627148 121.42528347695799 10
    endloop
  endfacet
  facet normal -0.4275550934301948 -0.9039892931234846 0
    outer loop
      vertex 171.29634102627148 121.42528347695799 0
      vertex 171.29634102627148 121.42528347695799 10
      vertex 171.05237943900397 121.54066871440602 10
    endloop
  endfacet
  facet normal -0.3368898533922665 -0.9415440651830042 0
    outer loop
      vertex 171.05237943900397 121.54066871440602 0
      vertex 171.05237943900397 121.54066871440602 10
      vertex 170.79828286244975 121.63158592326357 10
    endloop
  endfacet
  facet normal -0.2429801799032965 -0.9700312531945359 0
    outer loop
      vertex 170.79828286244975 121.63158592326357 0
      vertex 170.79828286244975 121.63158592326357 10
      vertex 170.53649838554435 121.69715952110889 10
    endloop
  endfacet
  facet normal -0.14673047445533816 -0.9891765099647846 0
    outer loop
      vertex 170.53649838554435 121.69715952110889 0
      vertex 170.53649838554435 121.69715952110889 10
      vertex 170.2695471359063 121.73675799834854 10
    endloop
  endfacet
  facet normal -0.04906767432743386 -0.9987954562051716 0
    outer loop
      vertex 170.2695471359063 121.73675799834854 0
      vertex 170.2695471359063 121.73675799834854 10
      vertex 170 121.75 10
    endloop
  endfacet
  facet normal 0.04906767432743386 -0.9987954562051716 0
    outer loop
      vertex 170 121.75 0
      vertex 170 121.75 10
      vertex 169.7304528640937 121.73675799834854 10
    endloop
  endfacet
  facet normal 0.2429801799032965 -0.9700312531945359 0
    outer loop
      vertex 169.46350161445565 121.69715952110889 0
      vertex 169.46350161445565 121.69715952110889 10
      vertex 169.20171713755025 121.63158592326357 10
    endloop
  endfacet
  facet normal 0.3368898533922665 -0.9415440651830042 0
    outer loop
      vertex 169.20171713755025 121.63158592326357 0
      vertex 169.20171713755025 121.63158592326357 10
      vertex 168.94762056099603 121.54066871440602 10
    endloop
  endfacet
  facet normal 0.14673047445533816 -0.9891765099647846 0
    outer loop
      vertex 169.7304528640937 121.73675799834854 0
      vertex 169.7304528640937 121.73675799834854 10
      vertex 169.46350161445565 121.69715952110889 10
    endloop
  endfacet
  facet normal 0.4275550934301948 -0.9039892931234846 0
    outer loop
      vertex 168.94762056099603 121.54066871440602 0
      vertex 168.94762056099603 121.54066871440602 10
      vertex 168.70365897372852 121.42528347695799 10
    endloop
  endfacet
  facet normal 0.5956993044923903 -0.8032075314806767 0
    outer loop
      vertex 168.4721818591961 121.28654143383199 0
      vertex 168.4721818591961 121.28654143383199 10
      vertex 168.25541846854998 121.12577874674753 10
    endloop
  endfacet
  facet normal 0.5141027441932684 -0.857728610000244 0
    outer loop
      vertex 168.70365897372852 121.42528347695799 0
      vertex 168.70365897372852 121.42528347695799 10
      vertex 168.4721818591961 121.28654143383199 10
    endloop
  endfacet
  facet normal 0.6715589548470682 -0.7409511253549138 0
    outer loop
      vertex 168.25541846854998 121.12577874674753 0
      vertex 168.25541846854998 121.12577874674753 10
      vertex 168.055456351737 120.944543648263 10
    endloop
  endfacet
  facet normal 0 -1 0
    outer loop
      vertex 185 106 0
      vertex 185 106 10
      vertex 60 106 10
    endloop
  endfacet
  facet normal 0 0 -1
    outer loop
      vertex 185 106 0
      vertex 119 128 0
      vertex 169.46350161445565 116.30284047889111 0
    endloop
  endfacet
  facet normal 0 0 -1
    outer loop
      vertex 119 128 0
      vertex 169.20171713755025 116.36841407673643 0
      vertex 169.46350161445565 116.30284047889111 0
    endloop
  endfacet
  facet normal 0 0 -1
    outer loop
      vertex 119 128 0
      vertex 168.94762056099603 116.45933128559398 0
      vertex 169.20171713755025 116.36841407673643 0
    endloop
  endfacet
  facet normal 0 0 -1
    outer loop
      vertex 119 128 0
      vertex 168.70365897372852 116.57471652304201 0
      vertex 168.94762056099603 116.45933128559398 0
    endloop
  endfacet
  facet normal 0 0 -1
    outer loop
      vertex 119 128 0
      vertex 168.4721818591961 116.71345856616801 0
      vertex 168.70365897372852 116.57471652304201 0
    endloop
  endfacet
  facet normal 0 0 -1
    outer loop
      vertex 119 128 0
      vertex 168.055456351737 117.055456351737 0
      vertex 168.25541846854998 116.87422125325247 0
    endloop
  endfacet
  facet normal 0 0 -1
    outer loop
      vertex 119 128 0
      vertex 168.25541846854998 116.87422125325247 0
      vertex 168.4721818591961 116.71345856616801 0
    endloop
  endfacet
  facet normal 0 0 -1
    outer loop
      vertex 119 128 0
      vertex 167.87422125325247 117.25541846854998 0
      vertex 168.055456351737 117.055456351737 0
    endloop
  endfacet
  facet normal 0 0 -1
    outer loop
      vertex 119 128 0
      vertex 167.71345856616801 117.4721818591961 0
      vertex 167.87422125325247 117.25541846854998 0
    endloop
  endfacet
  facet normal 0 0 1
    outer loop
      vertex 185 106 10
      vertex 168.4721818591961 116.71345856616801 10
      vertex 120 140 10
    endloop
  endfacet
  facet normal 0 0 -1
    outer loop
      vertex 119 128 0
      vertex 169.20171713755025 121.63158592326357 0
      vertex 168.94762056099603 121.54066871440602 0
    endloop
  endfacet
  facet normal 0 0 -1
    outer loop
      vertex 119 128 0
      vertex 168.94762056099603 121.54066871440602 0
      vertex 168.70365897372852 121.42528347695799 0
    endloop
  endfacet
  facet normal 0 0 -1
    outer loop
      vertex 119 128 0
      vertex 168.25541846854998 121.12577874674753 0
      vertex 168.055456351737 120.944543648263 0
    endloop
  endfacet
  facet normal 0 0 -1
    outer loop
      vertex 119 128 0
      vertex 168.70365897372852 121.42528347695799 0
      vertex 168.4721818591961 121.28654143383199 0
    endloop
  endfacet
  facet normal 0 0 -1
    outer loop
      vertex 119 128 0
      vertex 168.4721818591961 121.28654143383199 0
      vertex 168.25541846854998 121.12577874674753 0
    endloop
  endfacet
  facet normal 0 0 -1
    outer loop
      vertex 119 128 0
      vertex 167.574716523042 117.7036589737285 0
      vertex 167.71345856616801 117.4721818591961 0
    endloop
  endfacet
  facet normal 0 0 -1
    outer loop
      vertex 119 128 0
      vertex 167.45933128559398 117.947620560996 0
      vertex 167.574716523042 117.7036589737285 0
    endloop
  endfacet
  facet normal 0 0 -1
    outer loop
      vertex 119 128 0
      vertex 167.36841407673643 118.20171713755022 0
      vertex 167.45933128559398 117.947620560996 0
    endloop
  endfacet
  facet normal 0 0 -1
    outer loop
      vertex 119 128 0
      vertex 167.30284047889114 118.46350161445565 0
      vertex 167.36841407673643 118.20171713755022 0
    endloop
  endfacet
  facet normal 0 0 -1
    outer loop
      vertex 119 128 0
      vertex 167.26324200165146 118.7304528640937 0
      vertex 167.30284047889114 118.46350161445565 0
    endloop
  endfacet
  facet normal 0 0 -1
    outer loop
      vertex 119 128 0
      vertex 167.25 119 0
      vertex 167.26324200165146 118.7304528640937 0
    endloop
  endfacet
  facet normal 0 0 -1
    outer loop
      vertex 119 128 0
      vertex 167.26324200165146 119.2695471359063 0
      vertex 167.25 119 0
    endloop
  endfacet
  facet normal 0 0 -1
    outer loop
      vertex 119 128 0
      vertex 167.30284047889114 119.53649838554435 0
      vertex 167.26324200165146 119.2695471359063 0
    endloop
  endfacet
  facet normal 0 0 -1
    outer loop
      vertex 119 128 0
      vertex 167.71345856616801 120.5278181408039 0
      vertex 167.574716523042 120.2963410262715 0
    endloop
  endfacet
  facet normal 0 0 -1
    outer loop
      vertex 119 128 0
      vertex 167.36841407673643 119.79828286244978 0
      vertex 167.30284047889114 119.53649838554435 0
    endloop
  endfacet
  facet normal 0 0 -1
    outer loop
      vertex 119 128 0
      vertex 167.45933128559398 120.052379439004 0
      vertex 167.36841407673643 119.79828286244978 0
    endloop
  endfacet
  facet normal 0 0 -1
    outer loop
      vertex 119 128 0
      vertex 167.574716523042 120.2963410262715 0
      vertex 167.45933128559398 120.052379439004 0
    endloop
  endfacet
  facet normal 0 0 -1
    outer loop
      vertex 119 128 0
      vertex 168.055456351737 120.944543648263 0
      vertex 167.87422125325247 120.74458153145002 0
    endloop
  endfacet
  facet normal 0 0 -1
    outer loop
      vertex 119 128 0
      vertex 167.87422125325247 120.74458153145002 0
      vertex 167.71345856616801 120.5278181408039 0
    endloop
  endfacet
  facet normal 0 0 -1
    outer loop
      vertex 119 128 0
      vertex 169.7304528640937 121.73675799834854 0
      vertex 169.46350161445565 121.69715952110889 0
    endloop
  endfacet
  facet normal 0 0 -1
    outer loop
      vertex 119 128 0
      vertex 169.46350161445565 121.69715952110889 0
      vertex 169.20171713755025 121.63158592326357 0
    endloop
  endfacet
  facet normal 0 0 1
    outer loop
      vertex 120 140 10
      vertex 168.4721818591961 116.71345856616801 10
      vertex 168.25541846854998 116.87422125325247 10
    endloop
  endfacet
  facet normal 0 0 1
    outer loop
      vertex 120 140 10
      vertex 168.055456351737 117.055456351737 10
      vertex 167.87422125325247 117.25541846854998 10
    endloop
  endfacet
  facet normal 0 0 1
    outer loop
      vertex 120 140 10
      vertex 168.25541846854998 116.87422125325247 10
      vertex 168.055456351737 117.055456351737 10
    endloop
  endfacet
  facet normal 0 0 1
    outer loop
      vertex 120 140 10
      vertex 167.87422125325247 117.25541846854998 10
      vertex 167.71345856616801 117.4721818591961 10
    endloop
  endfacet
  facet normal 0 0 1
    outer loop
      vertex 120 140 10
      vertex 167.71345856616801 117.4721818591961 10
      vertex 167.574716523042 117.7036589737285 10
    endloop
  endfacet
  facet normal 0 0 1
    outer loop
      vertex 120 140 10
      vertex 167.574716523042 117.7036589737285 10
      vertex 167.45933128559398 117.947620560996 10
    endloop
  endfacet
  facet normal 0 0 1
    outer loop
      vertex 120 140 10
      vertex 167.45933128559398 117.947620560996 10
      vertex 167.36841407673643 118.20171713755022 10
    endloop
  endfacet
  facet normal 0 0 1
    outer loop
      vertex 120 140 10
      vertex 167.36841407673643 118.20171713755022 10
      vertex 167.30284047889114 118.46350161445565 10
    endloop
  endfacet
  facet normal 0 0 1
    outer loop
      vertex 120 140 10
      vertex 167.30284047889114 118.46350161445565 10
      vertex 167.26324200165146 118.7304528640937 10
    endloop
  endfacet
  facet normal 0 0 1
    outer loop
      vertex 120 140 10
      vertex 167.26324200165146 118.7304528640937 10
      vertex 167.25 119 10
    endloop
  endfacet
  facet normal 0 0 1
    outer loop
      vertex 120 140 10
      vertex 167.25 119 10
      vertex 167.26324200165146 119.2695471359063 10
    endloop
  endfacet
  facet normal 0 0 1
    outer loop
      vertex 120 140 10
      vertex 167.26324200165146 119.2695471359063 10
      vertex 167.30284047889114 119.53649838554435 10
    endloop
  endfacet
  facet normal 0 0 1
    outer loop
      vertex 120 140 10
      vertex 167.30284047889114 119.53649838554435 10
      vertex 167.36841407673643 119.79828286244978 10
    endloop
  endfacet
  facet normal 0 0 1
    outer loop
      vertex 120 140 10
      vertex 167.36841407673643 119.79828286244978 10
      vertex 167.45933128559398 120.052379439004 10
    endloop
  endfacet
  facet normal 0 0 1
    outer loop
      vertex 120 140 10
      vertex 167.45933128559398 120.052379439004 10
      vertex 167.574716523042 120.2963410262715 10
    endloop
  endfacet
  facet normal 0 0 1
    outer loop
      vertex 185 106 10
      vertex 120 140 10
      vertex 120 132 10
    endloop
  endfacet
  facet normal 0 0 1
    outer loop
      vertex 185 106 10
      vertex 119 132 10
      vertex 119 128 10
    endloop
  endfacet
  facet normal 0 0 1
    outer loop
      vertex 185 106 10
      vertex 120 132 10
      vertex 119 132 10
    endloop
  endfacet
  facet normal 0 0 -1
    outer loop
      vertex 185 106 0
      vertex 172.75 119 0
      vertex 185 176 0
    endloop
  endfacet
  facet normal 0 0 1
    outer loop
      vertex 185 106 10
      vertex 185 176 10
      vertex 172.75 119 10
    endloop
  endfacet
  facet normal 0 0 1
    outer loop
      vertex 185 176 10
      vertex 172.73675799834854 119.2695471359063 10
      vertex 172.75 119 10
    endloop
  endfacet
  facet normal 0 0 1
    outer loop
      vertex 185 176 10
      vertex 172.69715952110886 119.53649838554435 10
      vertex 172.73675799834854 119.2695471359063 10
    endloop
  endfacet
  facet normal 1 0 0
    outer loop
      vertex 185 106 0
      vertex 185 176 0
      vertex 185 176 10
    endloop
  endfacet
  facet normal 0 0 -1
    outer loop
      vertex 185 176 0
      vertex 172.75 119 0
      vertex 172.75 163 0
    endloop
  endfacet
  facet normal 0 0 1
    outer loop
      vertex 185 176 10
      vertex 172.69715952110886 162.46350161445565 10
      vertex 172.69715952110886 119.53649838554435 10
    endloop
  endfacet
  facet normal 0 0 -1
    outer loop
      vertex 172.75 119 0
      vertex 172.73675799834854 119.2695471359063 0
      vertex 172.73675799834854 162.7304528640937 0
    endloop
  endfacet
  facet normal 0 0 -1
    outer loop
      vertex 172.73675799834854 119.2695471359063 0
      vertex 172.69715952110886 119.53649838554435 0
      vertex 172.69715952110886 162.46350161445565 0
    endloop
  endfacet
  facet normal 0 0 -1
    outer loop
      vertex 172.69715952110886 119.53649838554435 0
      vertex 172.63158592326357 119.79828286244978 0
      vertex 172.63158592326357 162.20171713755022 0
    endloop
  endfacet
  facet normal 0 0 -1
    outer loop
      vertex 172.63158592326357 119.79828286244978 0
      vertex 172.54066871440602 120.052379439004 0
      vertex 172.54066871440602 161.947620560996 0
    endloop
  endfacet
  facet normal 0 0 -1
    outer loop
      vertex 172.54066871440602 120.052379439004 0
      vertex 172.425283476958 120.2963410262715 0
      vertex 172.425283476958 161.7036589737285 0
    endloop
  endfacet
  facet normal 0 0 -1
    outer loop
      vertex 172.425283476958 120.2963410262715 0
      vertex 172.28654143383199 120.5278181408039 0
      vertex 172.28654143383199 161.4721818591961 0
    endloop
  endfacet
  facet normal 0 0 -1
    outer loop
      vertex 172.28654143383199 120.5278181408039 0
      vertex 172.12577874674753 120.74458153145002 0
      vertex 172.12577874674753 161.25541846854998 0
    endloop
  endfacet
  facet normal 0 0 -1
    outer loop
      vertex 172.12577874674753 120.74458153145002 0
      vertex 171.944543648263 120.944543648263 0
      vertex 171.944543648263 161.055456351737 0
    endloop
  endfacet
  facet normal 0 0 -1
    outer loop
      vertex 171.74458153145002 121.12577874674753 0
      vertex 171.74458153145002 160.87422125325247 0
      vertex 171.944543648263 120.944543648263 0
    endloop
  endfacet
  facet normal 0 0 -1
    outer loop
      vertex 171.5278181408039 121.28654143383199 0
      vertex 171.5278181408039 160.71345856616801 0
      vertex 171.74458153145002 121.12577874674753 0
    endloop
  endfacet
  facet normal 0 0 -1
    outer loop
      vertex 171.29634102627148 121.42528347695799 0
      vertex 171.29634102627148 160.574716523042 0
      vertex 171.5278181408039 121.28654143383199 0
    endloop
  endfacet
  facet normal 0 0 -1
    outer loop
      vertex 171.05237943900397 121.54066871440602 0
      vertex 171.05237943900397 160.45933128559398 0
      vertex 171.29634102627148 121.42528347695799 0
    endloop
  endfacet
  facet normal 0 0 -1
    outer loop
      vertex 170.79828286244975 121.63158592326357 0
      vertex 170.79828286244975 160.36841407673643 0
      vertex 171.05237943900397 121.54066871440602 0
    endloop
  endfacet
  facet normal 0 0 -1
    outer loop
      vertex 170.53649838554435 121.69715952110889 0
      vertex 170.53649838554435 160.3028404788911 0
      vertex 170.79828286244975 121.63158592326357 0
    endloop
  endfacet
  facet normal 0 0 -1
    outer loop
      vertex 170.2695471359063 121.73675799834854 0
      vertex 170.2695471359063 160.26324200165146 0
      vertex 170.53649838554435 121.69715952110889 0
    endloop
  endfacet
  facet normal 0 0 -1
    outer loop
      vertex 170 121.75 0
      vertex 170 160.25 0
      vertex 170.2695471359063 121.73675799834854 0
    endloop
  endfacet
  facet normal 0 0 -1
    outer loop
      vertex 169.7304528640937 121.73675799834854 0
      vertex 169.7304528640937 160.26324200165146 0
      vertex 170 121.75 0
    endloop
  endfacet
  facet normal 0 0 1
    outer loop
      vertex 172.54066871440602 120.052379439004 10
      vertex 172.63158592326357 119.79828286244978 10
      vertex 172.63158592326357 162.20171713755022 10
    endloop
  endfacet
  facet normal 0 0 1
    outer loop
      vertex 172.63158592326357 119.79828286244978 10
      vertex 172.69715952110886 119.53649838554435 10
      vertex 172.69715952110886 162.46350161445565 10
    endloop
  endfacet
  facet normal 0 0 1
    outer loop
      vertex 172.28654143383199 120.5278181408039 10
      vertex 172.425283476958 120.2963410262715 10
      vertex 172.425283476958 161.7036589737285 10
    endloop
  endfacet
  facet normal 0 0 1
    outer loop
      vertex 172.425283476958 120.2963410262715 10
      vertex 172.54066871440602 120.052379439004 10
      vertex 172.54066871440602 161.947620560996 10
    endloop
  endfacet
  facet normal 0 0 1
    outer loop
      vertex 172.12577874674753 120.74458153145002 10
      vertex 172.28654143383199 120.5278181408039 10
      vertex 172.28654143383199 161.4721818591961 10
    endloop
  endfacet
  facet normal 0 0 1
    outer loop
      vertex 171.944543648263 120.944543648263 10
      vertex 172.12577874674753 120.74458153145002 10
      vertex 172.12577874674753 161.25541846854998 10
    endloop
  endfacet
  facet normal 0 0 1
    outer loop
      vertex 171.944543648263 120.944543648263 10
      vertex 171.944543648263 161.055456351737 10
      vertex 171.74458153145002 121.12577874674753 10
    endloop
  endfacet
  facet normal 0 0 1
    outer loop
      vertex 171.74458153145002 121.12577874674753 10
      vertex 171.74458153145002 160.87422125325247 10
      vertex 171.5278181408039 121.28654143383199 10
    endloop
  endfacet
  facet normal 0 0 1
    outer loop
      vertex 171.5278181408039 121.28654143383199 10
      vertex 171.5278181408039 160.71345856616801 10
      vertex 171.29634102627148 121.42528347695799 10
    endloop
  endfacet
  facet normal 0 0 1
    outer loop
      vertex 171.29634102627148 121.42528347695799 10
      vertex 171.29634102627148 160.574716523042 10
      vertex 171.05237943900397 121.54066871440602 10
    endloop
  endfacet
  facet normal 0 0 1
    outer loop
      vertex 171.05237943900397 121.54066871440602 10
      vertex 171.05237943900397 160.45933128559398 10
      vertex 170.79828286244975 121.63158592326357 10
    endloop
  endfacet
  facet normal 0 0 1
    outer loop
      vertex 170.79828286244975 121.63158592326357 10
      vertex 170.79828286244975 160.36841407673643 10
      vertex 170.53649838554435 121.69715952110889 10
    endloop
  endfacet
  facet normal 0 0 1
    outer loop
      vertex 170.53649838554435 121.69715952110889 10
      vertex 170.53649838554435 160.3028404788911 10
      vertex 170.2695471359063 121.73675799834854 10
    endloop
  endfacet
  facet normal 0 0 1
    outer loop
      vertex 170.2695471359063 121.73675799834854 10
      vertex 170.2695471359063 160.26324200165146 10
      vertex 170 121.75 10
    endloop
  endfacet
  facet normal 0 0 1
    outer loop
      vertex 170 121.75 10
      vertex 170 160.25 10
      vertex 169.7304528640937 121.73675799834854 10
    endloop
  endfacet
  facet normal 0 0 1
    outer loop
      vertex 169.7304528640937 121.73675799834854 10
      vertex 169.7304528640937 160.26324200165146 10
      vertex 169.46350161445565 121.69715952110889 10
    endloop
  endfacet
  facet normal 0 0 1
    outer loop
      vertex 169.46350161445565 121.69715952110889 10
      vertex 169.46350161445565 160.3028404788911 10
      vertex 169.20171713755025 121.63158592326357 10
    endloop
  endfacet
  facet normal 0 0 1
    outer loop
      vertex 169.20171713755025 121.63158592326357 10
      vertex 169.20171713755025 160.36841407673643 10
      vertex 168.94762056099603 121.54066871440602 10
    endloop
  endfacet
  facet normal 0 0 1
    outer loop
      vertex 168.94762056099603 121.54066871440602 10
      vertex 168.94762056099603 160.45933128559398 10
      vertex 168.70365897372852 121.42528347695799 10
    endloop
  endfacet
  facet normal 0 0 1
    outer loop
      vertex 168.4721818591961 121.28654143383199 10
      vertex 168.4721818591961 160.71345856616801 10
      vertex 168.25541846854998 121.12577874674753 10
    endloop
  endfacet
  facet normal 0 0 1
    outer loop
      vertex 168.70365897372852 121.42528347695799 10
      vertex 168.70365897372852 160.574716523042 10
      vertex 168.4721818591961 121.28654143383199 10
    endloop
  endfacet
  facet normal 0 0 1
    outer loop
      vertex 168.25541846854998 121.12577874674753 10
      vertex 168.25541846854998 160.87422125325247 10
      vertex 168.055456351737 120.944543648263 10
    endloop
  endfacet
  facet normal 0 0 1
    outer loop
      vertex 167.87422125325247 120.74458153145002 10
      vertex 168.055456351737 120.944543648263 10
      vertex 168.055456351737 161.055456351737 10
    endloop
  endfacet
  facet normal 0 0 1
    outer loop
      vertex 167.574716523042 120.2963410262715 10
      vertex 167.71345856616801 120.5278181408039 10
      vertex 167.71345856616801 161.4721818591961 10
    endloop
  endfacet
  facet normal 0 0 1
    outer loop
      vertex 167.71345856616801 120.5278181408039 10
      vertex 167.87422125325247 120.74458153145002 10
      vertex 167.87422125325247 161.25541846854998 10
    endloop
  endfacet
  facet normal 0 0 -1
    outer loop
      vertex 172.73675799834854 119.2695471359063 0
      vertex 172.69715952110886 162.46350161445565 0
      vertex 172.73675799834854 162.7304528640937 0
    endloop
  endfacet
  facet normal 0 0 -1
    outer loop
      vertex 172.75 119 0
      vertex 172.73675799834854 162.7304528640937 0
      vertex 172.75 163 0
    endloop
  endfacet
  facet normal 0 0 -1
    outer loop
      vertex 172.28654143383199 120.5278181408039 0
      vertex 172.12577874674753 161.25541846854998 0
      vertex 172.28654143383199 161.4721818591961 0
    endloop
  endfacet
  facet normal 0 0 -1
    outer loop
      vertex 172.12577874674753 120.74458153145002 0
      vertex 171.944543648263 161.055456351737 0
      vertex 172.12577874674753 161.25541846854998 0
    endloop
  endfacet
  facet normal 0 0 -1
    outer loop
      vertex 172.63158592326357 119.79828286244978 0
      vertex 172.54066871440602 161.947620560996 0
      vertex 172.63158592326357 162.20171713755022 0
    endloop
  endfacet
  facet normal 0 0 -1
    outer loop
      vertex 172.69715952110886 119.53649838554435 0
      vertex 172.63158592326357 162.20171713755022 0
      vertex 172.69715952110886 162.46350161445565 0
    endloop
  endfacet
  facet normal 0 0 -1
    outer loop
      vertex 172.54066871440602 120.052379439004 0
      vertex 172.425283476958 161.7036589737285 0
      vertex 172.54066871440602 161.947620560996 0
    endloop
  endfacet
  facet normal 0 0 -1
    outer loop
      vertex 172.425283476958 120.2963410262715 0
      vertex 172.28654143383199 161.4721818591961 0
      vertex 172.425283476958 161.7036589737285 0
    endloop
  endfacet
  facet normal 0 0 -1
    outer loop
      vertex 171.944543648263 120.944543648263 0
      vertex 171.74458153145002 160.87422125325247 0
      vertex 171.944543648263 161.055456351737 0
    endloop
  endfacet
  facet normal 0 0 -1
    outer loop
      vertex 171.74458153145002 121.12577874674753 0
      vertex 171.5278181408039 160.71345856616801 0
      vertex 171.74458153145002 160.87422125325247 0
    endloop
  endfacet
  facet normal 0 0 -1
    outer loop
      vertex 171.5278181408039 121.28654143383199 0
      vertex 171.29634102627148 160.574716523042 0
      vertex 171.5278181408039 160.71345856616801 0
    endloop
  endfacet
  facet normal 0 0 -1
    outer loop
      vertex 171.05237943900397 121.54066871440602 0
      vertex 170.79828286244975 160.36841407673643 0
      vertex 171.05237943900397 160.45933128559398 0
    endloop
  endfacet
  facet normal 0 0 -1
    outer loop
      vertex 171.29634102627148 121.42528347695799 0
      vertex 171.05237943900397 160.45933128559398 0
      vertex 171.29634102627148 160.574716523042 0
    endloop
  endfacet
  facet normal 0 0 -1
    outer loop
      vertex 170.79828286244975 121.63158592326357 0
      vertex 170.53649838554435 160.3028404788911 0
      vertex 170.79828286244975 160.36841407673643 0
    endloop
  endfacet
  facet normal 0 0 -1
    outer loop
      vertex 170.53649838554435 121.69715952110889 0
      vertex 170.2695471359063 160.26324200165146 0
      vertex 170.53649838554435 160.3028404788911 0
    endloop
  endfacet
  facet normal 0 0 -1
    outer loop
      vertex 170.2695471359063 121.73675799834854 0
      vertex 170 160.25 0
      vertex 170.2695471359063 160.26324200165146 0
    endloop
  endfacet
  facet normal 0 0 -1
    outer loop
      vertex 170 121.75 0
      vertex 169.7304528640937 160.26324200165146 0
      vertex 170 160.25 0
    endloop
  endfacet
  facet normal 0 0 -1
    outer loop
      vertex 169.7304528640937 121.73675799834854 0
      vertex 169.46350161445565 160.3028404788911 0
      vertex 169.7304528640937 160.26324200165146 0
    endloop
  endfacet
  facet normal 0 0 1
    outer loop
      vertex 171.944543648263 120.944543648263 10
      vertex 172.12577874674753 161.25541846854998 10
      vertex 171.944543648263 161.055456351737 10
    endloop
  endfacet
  facet normal 0 0 1
    outer loop
      vertex 172.54066871440602 120.052379439004 10
      vertex 172.63158592326357 162.20171713755022 10
      vertex 172.54066871440602 161.947620560996 10
    endloop
  endfacet
  facet normal 0 0 1
    outer loop
      vertex 172.63158592326357 119.79828286244978 10
      vertex 172.69715952110886 162.46350161445565 10
      vertex 172.63158592326357 162.20171713755022 10
    endloop
  endfacet
  facet normal 0 0 1
    outer loop
      vertex 172.425283476958 120.2963410262715 10
      vertex 172.54066871440602 161.947620560996 10
      vertex 172.425283476958 161.7036589737285 10
    endloop
  endfacet
  facet normal 0 0 1
    outer loop
      vertex 172.12577874674753 120.74458153145002 10
      vertex 172.28654143383199 161.4721818591961 10
      vertex 172.12577874674753 161.25541846854998 10
    endloop
  endfacet
  facet normal 0 0 1
    outer loop
      vertex 172.28654143383199 120.5278181408039 10
      vertex 172.425283476958 161.7036589737285 10
      vertex 172.28654143383199 161.4721818591961 10
    endloop
  endfacet
  facet normal 0 0 1
    outer loop
      vertex 171.74458153145002 121.12577874674753 10
      vertex 171.944543648263 161.055456351737 10
      vertex 171.74458153145002 160.87422125325247 10
    endloop
  endfacet
  facet normal 0 0 1
    outer loop
      vertex 171.5278181408039 121.28654143383199 10
      vertex 171.74458153145002 160.87422125325247 10
      vertex 171.5278181408039 160.71345856616801 10
    endloop
  endfacet
  facet normal 0 0 1
    outer loop
      vertex 171.29634102627148 121.42528347695799 10
      vertex 171.5278181408039 160.71345856616801 10
      vertex 171.29634102627148 160.574716523042 10
    endloop
  endfacet
  facet normal 0 0 1
    outer loop
      vertex 171.05237943900397 121.54066871440602 10
      vertex 171.29634102627148 160.574716523042 10
      vertex 171.05237943900397 160.45933128559398 10
    endloop
  endfacet
  facet normal 0 0 1
    outer loop
      vertex 170.53649838554435 121.69715952110889 10
      vertex 170.79828286244975 160.36841407673643 10
      vertex 170.53649838554435 160.3028404788911 10
    endloop
  endfacet
  facet normal 0 0 1
    outer loop
      vertex 170.79828286244975 121.63158592326357 10
      vertex 171.05237943900397 160.45933128559398 10
      vertex 170.79828286244975 160.36841407673643 10
    endloop
  endfacet
  facet normal 0 0 1
    outer loop
      vertex 170.2695471359063 121.73675799834854 10
      vertex 170.53649838554435 160.3028404788911 10
      vertex 170.2695471359063 160.26324200165146 10
    endloop
  endfacet
  facet normal 0 0 1
    outer loop
      vertex 170 121.75 10
      vertex 170.2695471359063 160.26324200165146 10
      vertex 170 160.25 10
    endloop
  endfacet
  facet normal 0 0 1
    outer loop
      vertex 169.7304528640937 121.73675799834854 10
      vertex 170 160.25 10
      vertex 169.7304528640937 160.26324200165146 10
    endloop
  endfacet
  facet normal 0 0 1
    outer loop
      vertex 169.46350161445565 121.69715952110889 10
      vertex 169.7304528640937 160.26324200165146 10
      vertex 169.46350161445565 160.3028404788911 10
    endloop
  endfacet
  facet normal 0 0 1
    outer loop
      vertex 169.20171713755025 121.63158592326357 10
      vertex 169.46350161445565 160.3028404788911 10
      vertex 169.20171713755025 160.36841407673643 10
    endloop
  endfacet
  facet normal 0 0 1
    outer loop
      vertex 168.94762056099603 121.54066871440602 10
      vertex 169.20171713755025 160.36841407673643 10
      vertex 168.94762056099603 160.45933128559398 10
    endloop
  endfacet
  facet normal 0 0 1
    outer loop
      vertex 168.70365897372852 121.42528347695799 10
      vertex 168.94762056099603 160.45933128559398 10
      vertex 168.70365897372852 160.574716523042 10
    endloop
  endfacet
  facet normal 0 0 1
    outer loop
      vertex 168.4721818591961 121.28654143383199 10
      vertex 168.70365897372852 160.574716523042 10
      vertex 168.4721818591961 160.71345856616801 10
    endloop
  endfacet
  facet normal 0 0 1
    outer loop
      vertex 168.25541846854998 121.12577874674753 10
      vertex 168.4721818591961 160.71345856616801 10
      vertex 168.25541846854998 160.87422125325247 10
    endloop
  endfacet
  facet normal 0 0 1
    outer loop
      vertex 168.055456351737 120.944543648263 10
      vertex 168.25541846854998 160.87422125325247 10
      vertex 168.055456351737 161.055456351737 10
    endloop
  endfacet
  facet normal 0 0 1
    outer loop
      vertex 167.87422125325247 120.74458153145002 10
      vertex 168.055456351737 161.055456351737 10
      vertex 167.87422125325247 161.25541846854998 10
    endloop
  endfacet
  facet normal 0 0 1
    outer loop
      vertex 167.71345856616801 120.5278181408039 10
      vertex 167.87422125325247 161.25541846854998 10
      vertex 167.71345856616801 161.4721818591961 10
    endloop
  endfacet
  facet normal 0 0 -1
    outer loop
      vertex 185 176 0
      vertex 172.75 163 0
      vertex 172.73675799834854 163.2695471359063 0
    endloop
  endfacet
  facet normal 0 0 -1
    outer loop
      vertex 185 176 0
      vertex 172.73675799834854 163.2695471359063 0
      vertex 172.69715952110886 163.53649838554435 0
    endloop
  endfacet
  facet normal 0 0 -1
    outer loop
      vertex 185 176 0
      vertex 172.69715952110886 163.53649838554435 0
      vertex 172.63158592326357 163.79828286244978 0
    endloop
  endfacet
  facet normal 0 0 -1
    outer loop
      vertex 185 176 0
      vertex 172.63158592326357 163.79828286244978 0
      vertex 172.54066871440602 164.052379439004 0
    endloop
  endfacet
  facet normal 0 0 -1
    outer loop
      vertex 185 176 0
      vertex 172.54066871440602 164.052379439004 0
      vertex 172.425283476958 164.2963410262715 0
    endloop
  endfacet
  facet normal 0 0 -1
    outer loop
      vertex 185 176 0
      vertex 172.425283476958 164.2963410262715 0
      vertex 172.28654143383199 164.5278181408039 0
    endloop
  endfacet
  facet normal 0 0 -1
    outer loop
      vertex 185 176 0
      vertex 172.28654143383199 164.5278181408039 0
      vertex 172.12577874674753 164.74458153145002 0
    endloop
  endfacet
  facet normal 0 0 -1
    outer loop
      vertex 185 176 0
      vertex 172.12577874674753 164.74458153145002 0
      vertex 171.944543648263 164.944543648263 0
    endloop
  endfacet
  facet normal 0 0 -1
    outer loop
      vertex 185 176 0
      vertex 171.944543648263 164.944543648263 0
      vertex 171.74458153145002 165.12577874674753 0
    endloop
  endfacet
  facet normal 0 0 -1
    outer loop
      vertex 185 176 0
      vertex 171.74458153145002 165.12577874674753 0
      vertex 171.5278181408039 165.28654143383199 0
    endloop
  endfacet
  facet normal 0 0 -1
    outer loop
      vertex 185 176 0
      vertex 171.5278181408039 165.28654143383199 0
      vertex 171.29634102627148 165.425283476958 0
    endloop
  endfacet
  facet normal 0 0 -1
    outer loop
      vertex 185 176 0
      vertex 171.05237943900397 165.54066871440602 0
      vertex 170.79828286244975 165.63158592326357 0
    endloop
  endfacet
  facet normal 0 0 -1
    outer loop
      vertex 185 176 0
      vertex 171.29634102627148 165.425283476958 0
      vertex 171.05237943900397 165.54066871440602 0
    endloop
  endfacet
  facet normal 0 0 -1
    outer loop
      vertex 185 176 0
      vertex 170.79828286244975 165.63158592326357 0
      vertex 170.53649838554435 165.6971595211089 0
    endloop
  endfacet
  facet normal 0 0 -1
    outer loop
      vertex 185 176 0
      vertex 170.53649838554435 165.6971595211089 0
      vertex 170.2695471359063 165.73675799834854 0
    endloop
  endfacet
  facet normal 0 0 -1
    outer loop
      vertex 185 176 0
      vertex 170.2695471359063 165.73675799834854 0
      vertex 170 165.75 0
    endloop
  endfacet
  facet normal 0 0 -1
    outer loop
      vertex 185 176 0
      vertex 170 165.75 0
      vertex 169.7304528640937 165.73675799834854 0
    endloop
  endfacet
  facet normal 0 0 -1
    outer loop
      vertex 185 176 0
      vertex 169.46350161445565 165.6971595211089 0
      vertex 169.20171713755025 165.63158592326357 0
    endloop
  endfacet
  facet normal 0 0 -1
    outer loop
      vertex 185 176 0
      vertex 169.20171713755025 165.63158592326357 0
      vertex 168.94762056099603 165.54066871440602 0
    endloop
  endfacet
  facet normal 0 0 -1
    outer loop
      vertex 185 176 0
      vertex 169.7304528640937 165.73675799834854 0
      vertex 169.46350161445565 165.6971595211089 0
    endloop
  endfacet
  facet normal 0 0 1
    outer loop
      vertex 185 176 10
      vertex 172.73675799834854 162.7304528640937 10
      vertex 172.69715952110886 162.46350161445565 10
    endloop
  endfacet
  facet normal 0 0 1
    outer loop
      vertex 185 176 10
      vertex 172.75 163 10
      vertex 172.73675799834854 162.7304528640937 10
    endloop
  endfacet
  facet normal 0 0 1
    outer loop
      vertex 185 176 10
      vertex 172.73675799834854 163.2695471359063 10
      vertex 172.75 163 10
    endloop
  endfacet
  facet normal 0 0 1
    outer loop
      vertex 185 176 10
      vertex 172.69715952110886 163.53649838554435 10
      vertex 172.73675799834854 163.2695471359063 10
    endloop
  endfacet
  facet normal 0 0 1
    outer loop
      vertex 185 176 10
      vertex 172.63158592326357 163.79828286244978 10
      vertex 172.69715952110886 163.53649838554435 10
    endloop
  endfacet
  facet normal 0 0 1
    outer loop
      vertex 185 176 10
      vertex 172.54066871440602 164.052379439004 10
      vertex 172.63158592326357 163.79828286244978 10
    endloop
  endfacet
  facet normal 0 0 1
    outer loop
      vertex 185 176 10
      vertex 172.425283476958 164.2963410262715 10
      vertex 172.54066871440602 164.052379439004 10
    endloop
  endfacet
  facet normal 0 0 1
    outer loop
      vertex 185 176 10
      vertex 172.28654143383199 164.5278181408039 10
      vertex 172.425283476958 164.2963410262715 10
    endloop
  endfacet
  facet normal 0 0 1
    outer loop
      vertex 185 176 10
      vertex 172.12577874674753 164.74458153145002 10
      vertex 172.28654143383199 164.5278181408039 10
    endloop
  endfacet
  facet normal 0 0 1
    outer loop
      vertex 185 176 10
      vertex 171.944543648263 164.944543648263 10
      vertex 172.12577874674753 164.74458153145002 10
    endloop
  endfacet
  facet normal 0 0 1
    outer loop
      vertex 185 176 10
      vertex 171.74458153145002 165.12577874674753 10
      vertex 171.944543648263 164.944543648263 10
    endloop
  endfacet
  facet normal 0 0 1
    outer loop
      vertex 185 176 10
      vertex 171.5278181408039 165.28654143383199 10
      vertex 171.74458153145002 165.12577874674753 10
    endloop
  endfacet
  facet normal 0 0 1
    outer loop
      vertex 185 176 10
      vertex 171.29634102627148 165.425283476958 10
      vertex 171.5278181408039 165.28654143383199 10
    endloop
  endfacet
  facet normal 0 0 1
    outer loop
      vertex 185 176 10
      vertex 171.05237943900397 165.54066871440602 10
      vertex 171.29634102627148 165.425283476958 10
    endloop
  endfacet
  facet normal 0 0 1
    outer loop
      vertex 185 176 10
      vertex 170.79828286244975 165.63158592326357 10
      vertex 171.05237943900397 165.54066871440602 10
    endloop
  endfacet
  facet normal 0 0 1
    outer loop
      vertex 185 176 10
      vertex 170.53649838554435 165.6971595211089 10
      vertex 170.79828286244975 165.63158592326357 10
    endloop
  endfacet
  facet normal 0 0 1
    outer loop
      vertex 185 176 10
      vertex 170.2695471359063 165.73675799834854 10
      vertex 170.53649838554435 165.6971595211089 10
    endloop
  endfacet
  facet normal 0 0 1
    outer loop
      vertex 185 176 10
      vertex 170 165.75 10
      vertex 170.2695471359063 165.73675799834854 10
    endloop
  endfacet
  facet normal 0 0 1
    outer loop
      vertex 185 176 10
      vertex 169.7304528640937 165.73675799834854 10
      vertex 170 165.75 10
    endloop
  endfacet
  facet normal 0 0 1
    outer loop
      vertex 185 176 10
      vertex 169.20171713755025 165.63158592326357 10
      vertex 169.46350161445565 165.6971595211089 10
    endloop
  endfacet
  facet normal 0 0 1
    outer loop
      vertex 185 176 10
      vertex 168.94762056099603 165.54066871440602 10
      vertex 169.20171713755025 165.63158592326357 10
    endloop
  endfacet
  facet normal 0 0 1
    outer loop
      vertex 185 176 10
      vertex 168.70365897372852 165.425283476958 10
      vertex 168.94762056099603 165.54066871440602 10
    endloop
  endfacet
  facet normal 0 0 1
    outer loop
      vertex 185 176 10
      vertex 168.4721818591961 165.28654143383199 10
      vertex 168.70365897372852 165.425283476958 10
    endloop
  endfacet
  facet normal 0 0 1
    outer loop
      vertex 185 176 10
      vertex 169.46350161445565 165.6971595211089 10
      vertex 169.7304528640937 165.73675799834854 10
    endloop
  endfacet
  facet normal -0.7409511253549138 0.6715589548470682 0
    outer loop
      vertex 171.944543648263 161.055456351737 0
      vertex 172.12577874674753 161.25541846854998 10
      vertex 172.12577874674753 161.25541846854998 0
    endloop
  endfacet
  facet normal -0.8032075314806767 0.5956993044923903 0
    outer loop
      vertex 172.12577874674753 161.25541846854998 0
      vertex 172.28654143383199 161.4721818591961 10
      vertex 172.28654143383199 161.4721818591961 0
    endloop
  endfacet
  facet normal -0.8577286100002162 0.5141027441933149 0
    outer loop
      vertex 172.28654143383199 161.4721818591961 0
      vertex 172.425283476958 161.7036589737285 10
      vertex 172.425283476958 161.7036589737285 0
    endloop
  endfacet
  facet normal -0.9039892931234846 0.4275550934301948 0
    outer loop
      vertex 172.425283476958 161.7036589737285 0
      vertex 172.54066871440602 161.947620560996 10
      vertex 172.54066871440602 161.947620560996 0
    endloop
  endfacet
  facet normal -0.9415440651830042 0.3368898533922665 0
    outer loop
      vertex 172.54066871440602 161.947620560996 0
      vertex 172.63158592326357 162.20171713755022 10
      vertex 172.63158592326357 162.20171713755022 0
    endloop
  endfacet
  facet normal -0.5956993044923903 0.8032075314806767 0
    outer loop
      vertex 171.74458153145002 160.87422125325247 0
      vertex 171.5278181408039 160.71345856616801 0
      vertex 171.74458153145002 160.87422125325247 10
    endloop
  endfacet
  facet normal -0.5141027441932684 0.857728610000244 0
    outer loop
      vertex 171.29634102627148 160.574716523042 0
      vertex 171.5278181408039 160.71345856616801 10
      vertex 171.5278181408039 160.71345856616801 0
    endloop
  endfacet
  facet normal -0.3368898533922665 0.9415440651830042 0
    outer loop
      vertex 171.05237943900397 160.45933128559398 0
      vertex 170.79828286244975 160.36841407673643 0
      vertex 171.05237943900397 160.45933128559398 10
    endloop
  endfacet
  facet normal -0.4275550934301948 0.9039892931234846 0
    outer loop
      vertex 171.29634102627148 160.574716523042 0
      vertex 171.05237943900397 160.45933128559398 0
      vertex 171.29634102627148 160.574716523042 10
    endloop
  endfacet
  facet normal -0.2429801799032965 0.9700312531945359 0
    outer loop
      vertex 170.79828286244975 160.36841407673643 0
      vertex 170.53649838554435 160.3028404788911 0
      vertex 170.79828286244975 160.36841407673643 10
    endloop
  endfacet
  facet normal -0.6715589548470682 0.7409511253549138 0
    outer loop
      vertex 171.74458153145002 160.87422125325247 0
      vertex 171.944543648263 161.055456351737 10
      vertex 171.944543648263 161.055456351737 0
    endloop
  endfacet
  facet normal -0.9891765099647692 0.1467304744554412 0
    outer loop
      vertex 172.69715952110886 162.46350161445565 0
      vertex 172.73675799834854 162.7304528640937 10
      vertex 172.73675799834854 162.7304528640937 0
    endloop
  endfacet
  facet normal -0.9987954562051716 0.04906767432743386 0
    outer loop
      vertex 172.73675799834854 162.7304528640937 0
      vertex 172.75 163 10
      vertex 172.75 163 0
    endloop
  endfacet
  facet normal -0.9987954562051716 -0.04906767432743386 0
    outer loop
      vertex 172.75 163 0
      vertex 172.73675799834854 163.2695471359063 10
      vertex 172.73675799834854 163.2695471359063 0
    endloop
  endfacet
  facet normal -0.970031253194567 0.24298017990317258 0
    outer loop
      vertex 172.63158592326357 162.20171713755022 0
      vertex 172.69715952110886 162.46350161445565 10
      vertex 172.69715952110886 162.46350161445565 0
    endloop
  endfacet
  facet normal -0.9891765099647692 -0.1467304744554412 0
    outer loop
      vertex 172.73675799834854 163.2695471359063 0
      vertex 172.69715952110886 163.53649838554435 10
      vertex 172.69715952110886 163.53649838554435 0
    endloop
  endfacet
  facet normal -0.970031253194567 -0.24298017990317258 0
    outer loop
      vertex 172.69715952110886 163.53649838554435 0
      vertex 172.63158592326357 163.79828286244978 10
      vertex 172.63158592326357 163.79828286244978 0
    endloop
  endfacet
  facet normal -0.9415440651830042 -0.3368898533922665 0
    outer loop
      vertex 172.63158592326357 163.79828286244978 0
      vertex 172.54066871440602 164.052379439004 10
      vertex 172.54066871440602 164.052379439004 0
    endloop
  endfacet
  facet normal -0.9039892931234846 -0.4275550934301948 0
    outer loop
      vertex 172.54066871440602 164.052379439004 0
      vertex 172.425283476958 164.2963410262715 10
      vertex 172.425283476958 164.2963410262715 0
    endloop
  endfacet
  facet normal -0.8577286100002162 -0.5141027441933149 0
    outer loop
      vertex 172.425283476958 164.2963410262715 0
      vertex 172.28654143383199 164.5278181408039 10
      vertex 172.28654143383199 164.5278181408039 0
    endloop
  endfacet
  facet normal -0.8032075314806767 -0.5956993044923903 0
    outer loop
      vertex 172.28654143383199 164.5278181408039 0
      vertex 172.12577874674753 164.74458153145002 10
      vertex 172.12577874674753 164.74458153145002 0
    endloop
  endfacet
  facet normal -0.7409511253549138 -0.6715589548470682 0
    outer loop
      vertex 172.12577874674753 164.74458153145002 0
      vertex 171.944543648263 164.944543648263 10
      vertex 171.944543648263 164.944543648263 0
    endloop
  endfacet
  facet normal -0.14673047445533816 0.9891765099647846 0
    outer loop
      vertex 170.53649838554435 160.3028404788911 0
      vertex 170.2695471359063 160.26324200165146 0
      vertex 170.53649838554435 160.3028404788911 10
    endloop
  endfacet
  facet normal -0.04906767432743386 0.9987954562051716 0
    outer loop
      vertex 170.2695471359063 160.26324200165146 0
      vertex 170 160.25 0
      vertex 170.2695471359063 160.26324200165146 10
    endloop
  endfacet
  facet normal 0.04906767432743386 0.9987954562051716 0
    outer loop
      vertex 170 160.25 0
      vertex 169.7304528640937 160.26324200165146 0
      vertex 170 160.25 10
    endloop
  endfacet
  facet normal 0.14673047445533816 0.9891765099647846 0
    outer loop
      vertex 169.7304528640937 160.26324200165146 0
      vertex 169.46350161445565 160.3028404788911 0
      vertex 169.7304528640937 160.26324200165146 10
    endloop
  endfacet
  facet normal 0.2429801799032965 0.9700312531945359 0
    outer loop
      vertex 169.46350161445565 160.3028404788911 0
      vertex 169.20171713755025 160.36841407673643 0
      vertex 169.46350161445565 160.3028404788911 10
    endloop
  endfacet
  facet normal 0.3368898533922665 0.9415440651830042 0
    outer loop
      vertex 169.20171713755025 160.36841407673643 0
      vertex 168.94762056099603 160.45933128559398 0
      vertex 169.20171713755025 160.36841407673643 10
    endloop
  endfacet
  facet normal 0.4275550934301948 0.9039892931234846 0
    outer loop
      vertex 168.94762056099603 160.45933128559398 0
      vertex 168.70365897372852 160.574716523042 0
      vertex 168.94762056099603 160.45933128559398 10
    endloop
  endfacet
  facet normal 0.5141027441932684 0.857728610000244 0
    outer loop
      vertex 168.70365897372852 160.574716523042 0
      vertex 168.4721818591961 160.71345856616801 0
      vertex 168.70365897372852 160.574716523042 10
    endloop
  endfacet
  facet normal 0.5956993044923903 0.8032075314806767 0
    outer loop
      vertex 168.4721818591961 160.71345856616801 0
      vertex 168.25541846854998 160.87422125325247 0
      vertex 168.4721818591961 160.71345856616801 10
    endloop
  endfacet
  facet normal 0.6715589548470682 0.7409511253549138 0
    outer loop
      vertex 168.25541846854998 160.87422125325247 0
      vertex 168.055456351737 161.055456351737 0
      vertex 168.25541846854998 160.87422125325247 10
    endloop
  endfacet
  facet normal 0.7409511253549138 0.6715589548470682 0
    outer loop
      vertex 168.055456351737 161.055456351737 0
      vertex 167.87422125325247 161.25541846854998 0
      vertex 168.055456351737 161.055456351737 10
    endloop
  endfacet
  facet normal 0.8032075314806767 0.5956993044923903 0
    outer loop
      vertex 167.87422125325247 161.25541846854998 0
      vertex 167.71345856616801 161.4721818591961 0
      vertex 167.87422125325247 161.25541846854998 10
    endloop
  endfacet
  facet normal 0.8577286100002162 0.5141027441933149 0
    outer loop
      vertex 167.574716523042 161.7036589737285 0
      vertex 167.71345856616801 161.4721818591961 10
      vertex 167.71345856616801 161.4721818591961 0
    endloop
  endfacet
  facet normal 0.8032075314806767 -0.5956993044923903 0
    outer loop
      vertex 167.71345856616801 164.5278181408039 10
      vertex 167.71345856616801 164.5278181408039 0
      vertex 167.87422125325247 164.74458153145002 0
    endloop
  endfacet
  facet normal 0.7409511253549138 -0.6715589548470682 0
    outer loop
      vertex 167.87422125325247 164.74458153145002 10
      vertex 167.87422125325247 164.74458153145002 0
      vertex 168.055456351737 164.944543648263 0
    endloop
  endfacet
  facet normal 0.9039892931234846 0.4275550934301948 0
    outer loop
      vertex 167.45933128559398 161.947620560996 0
      vertex 167.574716523042 161.7036589737285 10
      vertex 167.574716523042 161.7036589737285 0
    endloop
  endfacet
  facet normal 0.9415440651830042 0.3368898533922665 0
    outer loop
      vertex 167.36841407673643 162.20171713755022 0
      vertex 167.45933128559398 161.947620560996 10
      vertex 167.45933128559398 161.947620560996 0
    endloop
  endfacet
  facet normal 0.970031253194567 0.24298017990317258 0
    outer loop
      vertex 167.30284047889114 162.46350161445565 0
      vertex 167.36841407673643 162.20171713755022 10
      vertex 167.36841407673643 162.20171713755022 0
    endloop
  endfacet
  facet normal 0.9891765099647692 0.1467304744554412 0
    outer loop
      vertex 167.26324200165146 162.7304528640937 0
      vertex 167.30284047889114 162.46350161445565 10
      vertex 167.30284047889114 162.46350161445565 0
    endloop
  endfacet
  facet normal 0.9987954562051716 0.04906767432743386 0
    outer loop
      vertex 167.25 163 0
      vertex 167.26324200165146 162.7304528640937 10
      vertex 167.26324200165146 162.7304528640937 0
    endloop
  endfacet
  facet normal 0.970031253194567 -0.24298017990317258 0
    outer loop
      vertex 167.30284047889114 163.53649838554435 10
      vertex 167.30284047889114 163.53649838554435 0
      vertex 167.36841407673643 163.79828286244978 0
    endloop
  endfacet
  facet normal 0.9987954562051716 -0.04906767432743386 0
    outer loop
      vertex 167.26324200165146 163.2695471359063 0
      vertex 167.25 163 10
      vertex 167.25 163 0
    endloop
  endfacet
  facet normal 0.9891765099647692 -0.1467304744554412 0
    outer loop
      vertex 167.26324200165146 163.2695471359063 10
      vertex 167.26324200165146 163.2695471359063 0
      vertex 167.30284047889114 163.53649838554435 0
    endloop
  endfacet
  facet normal 0.9415440651830042 -0.3368898533922665 0
    outer loop
      vertex 167.36841407673643 163.79828286244978 10
      vertex 167.36841407673643 163.79828286244978 0
      vertex 167.45933128559398 164.052379439004 0
    endloop
  endfacet
  facet normal 0.9039892931234846 -0.4275550934301948 0
    outer loop
      vertex 167.45933128559398 164.052379439004 10
      vertex 167.45933128559398 164.052379439004 0
      vertex 167.574716523042 164.2963410262715 0
    endloop
  endfacet
  facet normal 0.8577286100002162 -0.5141027441933149 0
    outer loop
      vertex 167.574716523042 164.2963410262715 10
      vertex 167.574716523042 164.2963410262715 0
      vertex 167.71345856616801 164.5278181408039 0
    endloop
  endfacet
  facet normal -0.7409511253549138 0.6715589548470682 0
    outer loop
      vertex 171.944543648263 161.055456351737 0
      vertex 171.944543648263 161.055456351737 10
      vertex 172.12577874674753 161.25541846854998 10
    endloop
  endfacet
  facet normal -0.8032075314806767 0.5956993044923903 0
    outer loop
      vertex 172.12577874674753 161.25541846854998 0
      vertex 172.12577874674753 161.25541846854998 10
      vertex 172.28654143383199 161.4721818591961 10
    endloop
  endfacet
  facet normal -0.8577286100002162 0.5141027441933149 0
    outer loop
      vertex 172.28654143383199 161.4721818591961 0
      vertex 172.28654143383199 161.4721818591961 10
      vertex 172.425283476958 161.7036589737285 10
    endloop
  endfacet
  facet normal -0.9039892931234846 0.4275550934301948 0
    outer loop
      vertex 172.425283476958 161.7036589737285 0
      vertex 172.425283476958 161.7036589737285 10
      vertex 172.54066871440602 161.947620560996 10
    endloop
  endfacet
  facet normal -0.9415440651830042 0.3368898533922665 0
    outer loop
      vertex 172.54066871440602 161.947620560996 0
      vertex 172.54066871440602 161.947620560996 10
      vertex 172.63158592326357 162.20171713755022 10
    endloop
  endfacet
  facet normal -0.5956993044923903 0.8032075314806767 0
    outer loop
      vertex 171.5278181408039 160.71345856616801 0
      vertex 171.5278181408039 160.71345856616801 10
      vertex 171.74458153145002 160.87422125325247 10
    endloop
  endfacet
  facet normal -0.5141027441932684 0.857728610000244 0
    outer loop
      vertex 171.29634102627148 160.574716523042 0
      vertex 171.29634102627148 160.574716523042 10
      vertex 171.5278181408039 160.71345856616801 10
    endloop
  endfacet
  facet normal -0.4275550934301948 0.9039892931234846 0
    outer loop
      vertex 171.05237943900397 160.45933128559398 0
      vertex 171.05237943900397 160.45933128559398 10
      vertex 171.29634102627148 160.574716523042 10
    endloop
  endfacet
  facet normal -0.3368898533922665 0.9415440651830042 0
    outer loop
      vertex 170.79828286244975 160.36841407673643 0
      vertex 170.79828286244975 160.36841407673643 10
      vertex 171.05237943900397 160.45933128559398 10
    endloop
  endfacet
  facet normal -0.2429801799032965 0.9700312531945359 0
    outer loop
      vertex 170.53649838554435 160.3028404788911 0
      vertex 170.53649838554435 160.3028404788911 10
      vertex 170.79828286244975 160.36841407673643 10
    endloop
  endfacet
  facet normal -0.6715589548470682 0.7409511253549138 0
    outer loop
      vertex 171.74458153145002 160.87422125325247 0
      vertex 171.74458153145002 160.87422125325247 10
      vertex 171.944543648263 161.055456351737 10
    endloop
  endfacet
  facet normal -0.9987954562051716 0.04906767432743386 0
    outer loop
      vertex 172.73675799834854 162.7304528640937 0
      vertex 172.73675799834854 162.7304528640937 10
      vertex 172.75 163 10
    endloop
  endfacet
  facet normal -0.9987954562051716 -0.04906767432743386 0
    outer loop
      vertex 172.75 163 0
      vertex 172.75 163 10
      vertex 172.73675799834854 163.2695471359063 10
    endloop
  endfacet
  facet normal -0.9891765099647692 -0.1467304744554412 0
    outer loop
      vertex 172.73675799834854 163.2695471359063 0
      vertex 172.73675799834854 163.2695471359063 10
      vertex 172.69715952110886 163.53649838554435 10
    endloop
  endfacet
  facet normal -0.970031253194567 0.24298017990317258 0
    outer loop
      vertex 172.63158592326357 162.20171713755022 0
      vertex 172.63158592326357 162.20171713755022 10
      vertex 172.69715952110886 162.46350161445565 10
    endloop
  endfacet
  facet normal -0.9891765099647692 0.1467304744554412 0
    outer loop
      vertex 172.69715952110886 162.46350161445565 0
      vertex 172.69715952110886 162.46350161445565 10
      vertex 172.73675799834854 162.7304528640937 10
    endloop
  endfacet
  facet normal -0.970031253194567 -0.24298017990317258 0
    outer loop
      vertex 172.69715952110886 163.53649838554435 0
      vertex 172.69715952110886 163.53649838554435 10
      vertex 172.63158592326357 163.79828286244978 10
    endloop
  endfacet
  facet normal -0.9415440651830042 -0.3368898533922665 0
    outer loop
      vertex 172.63158592326357 163.79828286244978 0
      vertex 172.63158592326357 163.79828286244978 10
      vertex 172.54066871440602 164.052379439004 10
    endloop
  endfacet
  facet normal -0.9039892931234846 -0.4275550934301948 0
    outer loop
      vertex 172.54066871440602 164.052379439004 0
      vertex 172.54066871440602 164.052379439004 10
      vertex 172.425283476958 164.2963410262715 10
    endloop
  endfacet
  facet normal -0.8577286100002162 -0.5141027441933149 0
    outer loop
      vertex 172.425283476958 164.2963410262715 0
      vertex 172.425283476958 164.2963410262715 10
      vertex 172.28654143383199 164.5278181408039 10
    endloop
  endfacet
  facet normal -0.8032075314806767 -0.5956993044923903 0
    outer loop
      vertex 172.28654143383199 164.5278181408039 0
      vertex 172.28654143383199 164.5278181408039 10
      vertex 172.12577874674753 164.74458153145002 10
    endloop
  endfacet
  facet normal -0.7409511253549138 -0.6715589548470682 0
    outer loop
      vertex 172.12577874674753 164.74458153145002 0
      vertex 172.12577874674753 164.74458153145002 10
      vertex 171.944543648263 164.944543648263 10
    endloop
  endfacet
  facet normal -0.14673047445533816 0.9891765099647846 0
    outer loop
      vertex 170.2695471359063 160.26324200165146 0
      vertex 170.2695471359063 160.26324200165146 10
      vertex 170.53649838554435 160.3028404788911 10
    endloop
  endfacet
  facet normal -0.04906767432743386 0.9987954562051716 0
    outer loop
      vertex 170 160.25 0
      vertex 170 160.25 10
      vertex 170.2695471359063 160.26324200165146 10
    endloop
  endfacet
  facet normal 0.04906767432743386 0.9987954562051716 0
    outer loop
      vertex 169.7304528640937 160.26324200165146 0
      vertex 169.7304528640937 160.26324200165146 10
      vertex 170 160.25 10
    endloop
  endfacet
  facet normal 0.14673047445533816 0.9891765099647846 0
    outer loop
      vertex 169.46350161445565 160.3028404788911 0
      vertex 169.46350161445565 160.3028404788911 10
      vertex 169.7304528640937 160.26324200165146 10
    endloop
  endfacet
  facet normal 0.2429801799032965 0.9700312531945359 0
    outer loop
      vertex 169.20171713755025 160.36841407673643 0
      vertex 169.20171713755025 160.36841407673643 10
      vertex 169.46350161445565 160.3028404788911 10
    endloop
  endfacet
  facet normal 0.3368898533922665 0.9415440651830042 0
    outer loop
      vertex 168.94762056099603 160.45933128559398 0
      vertex 168.94762056099603 160.45933128559398 10
      vertex 169.20171713755025 160.36841407673643 10
    endloop
  endfacet
  facet normal 0.4275550934301948 0.9039892931234846 0
    outer loop
      vertex 168.70365897372852 160.574716523042 0
      vertex 168.70365897372852 160.574716523042 10
      vertex 168.94762056099603 160.45933128559398 10
    endloop
  endfacet
  facet normal 0.5141027441932684 0.857728610000244 0
    outer loop
      vertex 168.4721818591961 160.71345856616801 0
      vertex 168.4721818591961 160.71345856616801 10
      vertex 168.70365897372852 160.574716523042 10
    endloop
  endfacet
  facet normal 0.5956993044923903 0.8032075314806767 0
    outer loop
      vertex 168.25541846854998 160.87422125325247 0
      vertex 168.25541846854998 160.87422125325247 10
      vertex 168.4721818591961 160.71345856616801 10
    endloop
  endfacet
  facet normal 0.6715589548470682 0.7409511253549138 0
    outer loop
      vertex 168.055456351737 161.055456351737 0
      vertex 168.055456351737 161.055456351737 10
      vertex 168.25541846854998 160.87422125325247 10
    endloop
  endfacet
  facet normal 0.7409511253549138 0.6715589548470682 0
    outer loop
      vertex 167.87422125325247 161.25541846854998 0
      vertex 167.87422125325247 161.25541846854998 10
      vertex 168.055456351737 161.055456351737 10
    endloop
  endfacet
  facet normal 0.8032075314806767 0.5956993044923903 0
    outer loop
      vertex 167.71345856616801 161.4721818591961 0
      vertex 167.71345856616801 161.4721818591961 10
      vertex 167.87422125325247 161.25541846854998 10
    endloop
  endfacet
  facet normal 0.8577286100002162 -0.5141027441933149 0
    outer loop
      vertex 167.574716523042 164.2963410262715 10
      vertex 167.71345856616801 164.5278181408039 0
      vertex 167.71345856616801 164.5278181408039 10
    endloop
  endfacet
  facet normal 0.7409511253549138 -0.6715589548470682 0
    outer loop
      vertex 167.87422125325247 164.74458153145002 10
      vertex 168.055456351737 164.944543648263 0
      vertex 168.055456351737 164.944543648263 10
    endloop
  endfacet
  facet normal 0.8032075314806767 -0.5956993044923903 0
    outer loop
      vertex 167.71345856616801 164.5278181408039 10
      vertex 167.87422125325247 164.74458153145002 0
      vertex 167.87422125325247 164.74458153145002 10
    endloop
  endfacet
  facet normal 0.8577286100002162 0.5141027441933149 0
    outer loop
      vertex 167.574716523042 161.7036589737285 0
      vertex 167.574716523042 161.7036589737285 10
      vertex 167.71345856616801 161.4721818591961 10
    endloop
  endfacet
  facet normal 0.9039892931234846 0.4275550934301948 0
    outer loop
      vertex 167.45933128559398 161.947620560996 0
      vertex 167.45933128559398 161.947620560996 10
      vertex 167.574716523042 161.7036589737285 10
    endloop
  endfacet
  facet normal 0.9415440651830042 0.3368898533922665 0
    outer loop
      vertex 167.36841407673643 162.20171713755022 0
      vertex 167.36841407673643 162.20171713755022 10
      vertex 167.45933128559398 161.947620560996 10
    endloop
  endfacet
  facet normal 0.970031253194567 0.24298017990317258 0
    outer loop
      vertex 167.30284047889114 162.46350161445565 0
      vertex 167.30284047889114 162.46350161445565 10
      vertex 167.36841407673643 162.20171713755022 10
    endloop
  endfacet
  facet normal 0.9891765099647692 0.1467304744554412 0
    outer loop
      vertex 167.26324200165146 162.7304528640937 0
      vertex 167.26324200165146 162.7304528640937 10
      vertex 167.30284047889114 162.46350161445565 10
    endloop
  endfacet
  facet normal 0.9987954562051716 0.04906767432743386 0
    outer loop
      vertex 167.25 163 0
      vertex 167.25 163 10
      vertex 167.26324200165146 162.7304528640937 10
    endloop
  endfacet
  facet normal 0.9987954562051716 -0.04906767432743386 0
    outer loop
      vertex 167.25 163 10
      vertex 167.26324200165146 163.2695471359063 0
      vertex 167.26324200165146 163.2695471359063 10
    endloop
  endfacet
  facet normal 0.9891765099647692 -0.1467304744554412 0
    outer loop
      vertex 167.26324200165146 163.2695471359063 10
      vertex 167.30284047889114 163.53649838554435 0
      vertex 167.30284047889114 163.53649838554435 10
    endloop
  endfacet
  facet normal 0.970031253194567 -0.24298017990317258 0
    outer loop
      vertex 167.30284047889114 163.53649838554435 10
      vertex 167.36841407673643 163.79828286244978 0
      vertex 167.36841407673643 163.79828286244978 10
    endloop
  endfacet
  facet normal 0.9415440651830042 -0.3368898533922665 0
    outer loop
      vertex 167.36841407673643 163.79828286244978 10
      vertex 167.45933128559398 164.052379439004 0
      vertex 167.45933128559398 164.052379439004 10
    endloop
  endfacet
  facet normal 0.9039892931234846 -0.4275550934301948 0
    outer loop
      vertex 167.45933128559398 164.052379439004 10
      vertex 167.574716523042 164.2963410262715 0
      vertex 167.574716523042 164.2963410262715 10
    endloop
  endfacet
  facet normal -0.6715589548470682 -0.7409511253549138 0
    outer loop
      vertex 171.74458153145002 165.12577874674753 0
      vertex 171.944543648263 164.944543648263 0
      vertex 171.74458153145002 165.12577874674753 10
    endloop
  endfacet
  facet normal -0.5956993044923903 -0.8032075314806767 0
    outer loop
      vertex 171.5278181408039 165.28654143383199 0
      vertex 171.74458153145002 165.12577874674753 0
      vertex 171.5278181408039 165.28654143383199 10
    endloop
  endfacet
  facet normal -0.5141027441932684 -0.857728610000244 0
    outer loop
      vertex 171.29634102627148 165.425283476958 0
      vertex 171.5278181408039 165.28654143383199 0
      vertex 171.29634102627148 165.425283476958 10
    endloop
  endfacet
  facet normal -0.4275550934301948 -0.9039892931234846 0
    outer loop
      vertex 171.05237943900397 165.54066871440602 0
      vertex 171.29634102627148 165.425283476958 0
      vertex 171.05237943900397 165.54066871440602 10
    endloop
  endfacet
  facet normal -0.3368898533922665 -0.9415440651830042 0
    outer loop
      vertex 170.79828286244975 165.63158592326357 0
      vertex 171.05237943900397 165.54066871440602 0
      vertex 170.79828286244975 165.63158592326357 10
    endloop
  endfacet
  facet normal -0.2429801799032965 -0.9700312531945359 0
    outer loop
      vertex 170.53649838554435 165.6971595211089 10
      vertex 170.53649838554435 165.6971595211089 0
      vertex 170.79828286244975 165.63158592326357 0
    endloop
  endfacet
  facet normal -0.14673047445533816 -0.9891765099647846 0
    outer loop
      vertex 170.2695471359063 165.73675799834854 10
      vertex 170.2695471359063 165.73675799834854 0
      vertex 170.53649838554435 165.6971595211089 0
    endloop
  endfacet
  facet normal -0.04906767432743386 -0.9987954562051716 0
    outer loop
      vertex 170 165.75 10
      vertex 170 165.75 0
      vertex 170.2695471359063 165.73675799834854 0
    endloop
  endfacet
  facet normal 0.2429801799032965 -0.9700312531945359 0
    outer loop
      vertex 169.20171713755025 165.63158592326357 10
      vertex 169.20171713755025 165.63158592326357 0
      vertex 169.46350161445565 165.6971595211089 0
    endloop
  endfacet
  facet normal 0.04906767432743386 -0.9987954562051716 0
    outer loop
      vertex 169.7304528640937 165.73675799834854 10
      vertex 169.7304528640937 165.73675799834854 0
      vertex 170 165.75 0
    endloop
  endfacet
  facet normal 0.14673047445533816 -0.9891765099647846 0
    outer loop
      vertex 169.46350161445565 165.6971595211089 10
      vertex 169.46350161445565 165.6971595211089 0
      vertex 169.7304528640937 165.73675799834854 0
    endloop
  endfacet
  facet normal 0.3368898533922665 -0.9415440651830042 0
    outer loop
      vertex 168.94762056099603 165.54066871440602 10
      vertex 168.94762056099603 165.54066871440602 0
      vertex 169.20171713755025 165.63158592326357 0
    endloop
  endfacet
  facet normal 0.4275550934301948 -0.9039892931234846 0
    outer loop
      vertex 168.70365897372852 165.425283476958 10
      vertex 168.70365897372852 165.425283476958 0
      vertex 168.94762056099603 165.54066871440602 0
    endloop
  endfacet
  facet normal 0.5141027441932684 -0.857728610000244 0
    outer loop
      vertex 168.4721818591961 165.28654143383199 10
      vertex 168.4721818591961 165.28654143383199 0
      vertex 168.70365897372852 165.425283476958 0
    endloop
  endfacet
  facet normal 0.5956993044923903 -0.8032075314806767 0
    outer loop
      vertex 168.25541846854998 165.12577874674753 10
      vertex 168.25541846854998 165.12577874674753 0
      vertex 168.4721818591961 165.28654143383199 0
    endloop
  endfacet
  facet normal 0.6715589548470682 -0.7409511253549138 0
    outer loop
      vertex 168.25541846854998 165.12577874674753 0
      vertex 168.055456351737 164.944543648263 10
      vertex 168.055456351737 164.944543648263 0
    endloop
  endfacet
  facet normal -0.6715589548470682 -0.7409511253549138 0
    outer loop
      vertex 171.944543648263 164.944543648263 0
      vertex 171.944543648263 164.944543648263 10
      vertex 171.74458153145002 165.12577874674753 10
    endloop
  endfacet
  facet normal -0.5956993044923903 -0.8032075314806767 0
    outer loop
      vertex 171.74458153145002 165.12577874674753 0
      vertex 171.74458153145002 165.12577874674753 10
      vertex 171.5278181408039 165.28654143383199 10
    endloop
  endfacet
  facet normal -0.5141027441932684 -0.857728610000244 0
    outer loop
      vertex 171.5278181408039 165.28654143383199 0
      vertex 171.5278181408039 165.28654143383199 10
      vertex 171.29634102627148 165.425283476958 10
    endloop
  endfacet
  facet normal -0.4275550934301948 -0.9039892931234846 0
    outer loop
      vertex 171.29634102627148 165.425283476958 0
      vertex 171.29634102627148 165.425283476958 10
      vertex 171.05237943900397 165.54066871440602 10
    endloop
  endfacet
  facet normal -0.3368898533922665 -0.9415440651830042 0
    outer loop
      vertex 171.05237943900397 165.54066871440602 0
      vertex 171.05237943900397 165.54066871440602 10
      vertex 170.79828286244975 165.63158592326357 10
    endloop
  endfacet
  facet normal -0.2429801799032965 -0.9700312531945359 0
    outer loop
      vertex 170.79828286244975 165.63158592326357 0
      vertex 170.79828286244975 165.63158592326357 10
      vertex 170.53649838554435 165.6971595211089 10
    endloop
  endfacet
  facet normal -0.14673047445533816 -0.9891765099647846 0
    outer loop
      vertex 170.53649838554435 165.6971595211089 10
      vertex 170.2695471359063 165.73675799834854 10
      vertex 170.53649838554435 165.6971595211089 0
    endloop
  endfacet
  facet normal -0.04906767432743386 -0.9987954562051716 0
    outer loop
      vertex 170.2695471359063 165.73675799834854 10
      vertex 170 165.75 10
      vertex 170.2695471359063 165.73675799834854 0
    endloop
  endfacet
  facet normal 0.04906767432743386 -0.9987954562051716 0
    outer loop
      vertex 170 165.75 10
      vertex 169.7304528640937 165.73675799834854 10
      vertex 170 165.75 0
    endloop
  endfacet
  facet normal 0.2429801799032965 -0.9700312531945359 0
    outer loop
      vertex 169.46350161445565 165.6971595211089 10
      vertex 169.20171713755025 165.63158592326357 10
      vertex 169.46350161445565 165.6971595211089 0
    endloop
  endfacet
  facet normal 0.3368898533922665 -0.9415440651830042 0
    outer loop
      vertex 169.20171713755025 165.63158592326357 10
      vertex 168.94762056099603 165.54066871440602 10
      vertex 169.20171713755025 165.63158592326357 0
    endloop
  endfacet
  facet normal 0.14673047445533816 -0.9891765099647846 0
    outer loop
      vertex 169.7304528640937 165.73675799834854 10
      vertex 169.46350161445565 165.6971595211089 10
      vertex 169.7304528640937 165.73675799834854 0
    endloop
  endfacet
  facet normal 0.4275550934301948 -0.9039892931234846 0
    outer loop
      vertex 168.94762056099603 165.54066871440602 10
      vertex 168.70365897372852 165.425283476958 10
      vertex 168.94762056099603 165.54066871440602 0
    endloop
  endfacet
  facet normal 0.5956993044923903 -0.8032075314806767 0
    outer loop
      vertex 168.4721818591961 165.28654143383199 10
      vertex 168.25541846854998 165.12577874674753 10
      vertex 168.4721818591961 165.28654143383199 0
    endloop
  endfacet
  facet normal 0.5141027441932684 -0.857728610000244 0
    outer loop
      vertex 168.70365897372852 165.425283476958 10
      vertex 168.4721818591961 165.28654143383199 10
      vertex 168.70365897372852 165.425283476958 0
    endloop
  endfacet
  facet normal 0.6715589548470682 -0.7409511253549138 0
    outer loop
      vertex 168.25541846854998 165.12577874674753 10
      vertex 168.055456351737 164.944543648263 10
      vertex 168.25541846854998 165.12577874674753 0
    endloop
  endfacet
  facet normal 0 0 -1
    outer loop
      vertex 119 128 0
      vertex 169.46350161445565 160.3028404788911 0
      vertex 169.7304528640937 121.73675799834854 0
    endloop
  endfacet
  facet normal 0 0 1
    outer loop
      vertex 120 140 10
      vertex 167.574716523042 120.2963410262715 10
      vertex 167.71345856616801 161.4721818591961 10
    endloop
  endfacet
  facet normal 0 0 -1
    outer loop
      vertex 119 128 0
      vertex 169.20171713755025 160.36841407673643 0
      vertex 169.46350161445565 160.3028404788911 0
    endloop
  endfacet
  facet normal 0 0 -1
    outer loop
      vertex 119 128 0
      vertex 168.94762056099603 160.45933128559398 0
      vertex 169.20171713755025 160.36841407673643 0
    endloop
  endfacet
  facet normal 0 0 -1
    outer loop
      vertex 119 128 0
      vertex 168.70365897372852 160.574716523042 0
      vertex 168.94762056099603 160.45933128559398 0
    endloop
  endfacet
  facet normal 0 0 -1
    outer loop
      vertex 119 128 0
      vertex 168.4721818591961 160.71345856616801 0
      vertex 168.70365897372852 160.574716523042 0
    endloop
  endfacet
  facet normal 0 0 -1
    outer loop
      vertex 119 128 0
      vertex 168.25541846854998 160.87422125325247 0
      vertex 168.4721818591961 160.71345856616801 0
    endloop
  endfacet
  facet normal 0 0 -1
    outer loop
      vertex 119 128 0
      vertex 168.055456351737 161.055456351737 0
      vertex 168.25541846854998 160.87422125325247 0
    endloop
  endfacet
  facet normal 0 0 -1
    outer loop
      vertex 119 128 0
      vertex 167.87422125325247 161.25541846854998 0
      vertex 168.055456351737 161.055456351737 0
    endloop
  endfacet
  facet normal 0 0 -1
    outer loop
      vertex 119 128 0
      vertex 167.71345856616801 161.4721818591961 0
      vertex 167.87422125325247 161.25541846854998 0
    endloop
  endfacet
  facet normal 0 0 -1
    outer loop
      vertex 119 128 0
      vertex 167.574716523042 161.7036589737285 0
      vertex 167.71345856616801 161.4721818591961 0
    endloop
  endfacet
  facet normal 0 0 -1
    outer loop
      vertex 119 128 0
      vertex 167.45933128559398 161.947620560996 0
      vertex 167.574716523042 161.7036589737285 0
    endloop
  endfacet
  facet normal 0 0 -1
    outer loop
      vertex 119 128 0
      vertex 167.36841407673643 162.20171713755022 0
      vertex 167.45933128559398 161.947620560996 0
    endloop
  endfacet
  facet normal 0 0 -1
    outer loop
      vertex 119 128 0
      vertex 167.30284047889114 162.46350161445565 0
      vertex 167.36841407673643 162.20171713755022 0
    endloop
  endfacet
  facet normal 0 0 -1
    outer loop
      vertex 119 128 0
      vertex 167.26324200165146 162.7304528640937 0
      vertex 167.30284047889114 162.46350161445565 0
    endloop
  endfacet
  facet normal 0 0 -1
    outer loop
      vertex 119 128 0
      vertex 167.25 163 0
      vertex 167.26324200165146 162.7304528640937 0
    endloop
  endfacet
  facet normal 0 0 -1
    outer loop
      vertex 119 128 0
      vertex 167.26324200165146 163.2695471359063 0
      vertex 167.25 163 0
    endloop
  endfacet
  facet normal 0 0 1
    outer loop
      vertex 185 176 10
      vertex 119 140 10
      vertex 120 140 10
    endloop
  endfacet
  facet normal 0 0 1
    outer loop
      vertex 185 176 10
      vertex 119 144 10
      vertex 119 140 10
    endloop
  endfacet
  facet normal 0 0 -1
    outer loop
      vertex 185 176 0
      vertex 168.94762056099603 165.54066871440602 0
      vertex 119 144 0
    endloop
  endfacet
  facet normal 0 0 -1
    outer loop
      vertex 119 144 0
      vertex 168.25541846854998 165.12577874674753 0
      vertex 168.055456351737 164.944543648263 0
    endloop
  endfacet
  facet normal 0 0 -1
    outer loop
      vertex 119 144 0
      vertex 168.94762056099603 165.54066871440602 0
      vertex 168.70365897372852 165.425283476958 0
    endloop
  endfacet
  facet normal 0 0 -1
    outer loop
      vertex 119 144 0
      vertex 168.70365897372852 165.425283476958 0
      vertex 168.4721818591961 165.28654143383199 0
    endloop
  endfacet
  facet normal 0 0 -1
    outer loop
      vertex 119 144 0
      vertex 168.4721818591961 165.28654143383199 0
      vertex 168.25541846854998 165.12577874674753 0
    endloop
  endfacet
  facet normal 0 0 -1
    outer loop
      vertex 119 144 0
      vertex 167.30284047889114 163.53649838554435 0
      vertex 167.26324200165146 163.2695471359063 0
    endloop
  endfacet
  facet normal 0 0 -1
    outer loop
      vertex 119 144 0
      vertex 167.36841407673643 163.79828286244978 0
      vertex 167.30284047889114 163.53649838554435 0
    endloop
  endfacet
  facet normal 0 0 -1
    outer loop
      vertex 119 144 0
      vertex 167.45933128559398 164.052379439004 0
      vertex 167.36841407673643 163.79828286244978 0
    endloop
  endfacet
  facet normal 0 0 -1
    outer loop
      vertex 119 144 0
      vertex 167.71345856616801 164.5278181408039 0
      vertex 167.574716523042 164.2963410262715 0
    endloop
  endfacet
  facet normal 0 0 -1
    outer loop
      vertex 119 144 0
      vertex 167.87422125325247 164.74458153145002 0
      vertex 167.71345856616801 164.5278181408039 0
    endloop
  endfacet
  facet normal 0 0 -1
    outer loop
      vertex 119 144 0
      vertex 168.055456351737 164.944543648263 0
      vertex 167.87422125325247 164.74458153145002 0
    endloop
  endfacet
  facet normal 0 0 -1
    outer loop
      vertex 119 144 0
      vertex 167.574716523042 164.2963410262715 0
      vertex 167.45933128559398 164.052379439004 0
    endloop
  endfacet
  facet normal 0 0 1
    outer loop
      vertex 185 176 10
      vertex 120 140 10
      vertex 168.4721818591961 165.28654143383199 10
    endloop
  endfacet
  facet normal 0 0 1
    outer loop
      vertex 120 140 10
      vertex 167.71345856616801 161.4721818591961 10
      vertex 167.574716523042 161.7036589737285 10
    endloop
  endfacet
  facet normal 0 0 1
    outer loop
      vertex 120 140 10
      vertex 167.574716523042 164.2963410262715 10
      vertex 167.71345856616801 164.5278181408039 10
    endloop
  endfacet
  facet normal 0 0 1
    outer loop
      vertex 120 140 10
      vertex 167.87422125325247 164.74458153145002 10
      vertex 168.055456351737 164.944543648263 10
    endloop
  endfacet
  facet normal 0 0 1
    outer loop
      vertex 120 140 10
      vertex 168.055456351737 164.944543648263 10
      vertex 168.25541846854998 165.12577874674753 10
    endloop
  endfacet
  facet normal 0 0 1
    outer loop
      vertex 120 140 10
      vertex 167.71345856616801 164.5278181408039 10
      vertex 167.87422125325247 164.74458153145002 10
    endloop
  endfacet
  facet normal 0 0 1
    outer loop
      vertex 120 140 10
      vertex 167.574716523042 161.7036589737285 10
      vertex 167.45933128559398 161.947620560996 10
    endloop
  endfacet
  facet normal 0 0 1
    outer loop
      vertex 120 140 10
      vertex 167.45933128559398 161.947620560996 10
      vertex 167.36841407673643 162.20171713755022 10
    endloop
  endfacet
  facet normal 0 0 1
    outer loop
      vertex 120 140 10
      vertex 167.36841407673643 162.20171713755022 10
      vertex 167.30284047889114 162.46350161445565 10
    endloop
  endfacet
  facet normal 0 0 1
    outer loop
      vertex 120 140 10
      vertex 167.30284047889114 162.46350161445565 10
      vertex 167.26324200165146 162.7304528640937 10
    endloop
  endfacet
  facet normal 0 0 1
    outer loop
      vertex 120 140 10
      vertex 167.26324200165146 162.7304528640937 10
      vertex 167.25 163 10
    endloop
  endfacet
  facet normal 0 0 1
    outer loop
      vertex 120 140 10
      vertex 167.25 163 10
      vertex 167.26324200165146 163.2695471359063 10
    endloop
  endfacet
  facet normal 0 0 1
    outer loop
      vertex 120 140 10
      vertex 167.26324200165146 163.2695471359063 10
      vertex 167.30284047889114 163.53649838554435 10
    endloop
  endfacet
  facet normal 0 0 1
    outer loop
      vertex 120 140 10
      vertex 167.36841407673643 163.79828286244978 10
      vertex 167.45933128559398 164.052379439004 10
    endloop
  endfacet
  facet normal 0 0 1
    outer loop
      vertex 120 140 10
      vertex 167.30284047889114 163.53649838554435 10
      vertex 167.36841407673643 163.79828286244978 10
    endloop
  endfacet
  facet normal 0 0 1
    outer loop
      vertex 120 140 10
      vertex 167.45933128559398 164.052379439004 10
      vertex 167.574716523042 164.2963410262715 10
    endloop
  endfacet
  facet normal 0 0 1
    outer loop
      vertex 120 140 10
      vertex 168.25541846854998 165.12577874674753 10
      vertex 168.4721818591961 165.28654143383199 10
    endloop
  endfacet
  facet normal 0 1 0
    outer loop
      vertex 185 176 0
      vertex 60 176 0
      vertex 185 176 10
    endloop
  endfacet
  facet normal 0 0 -1
    outer loop
      vertex 185 106 0
      vertex 97 128 0
      vertex 119 128 0
    endloop
  endfacet
  facet normal 0 0 1
    outer loop
      vertex 185 106 10
      vertex 119 128 10
      vertex 60 106 10
    endloop
  endfacet
  facet normal 1 0 0
    outer loop
      vertex 119 128 10
      vertex 119 132 10
      vertex 119 128 49
    endloop
  endfacet
  facet normal 0 -1 0
    outer loop
      vertex 185 106 0
      vertex 60 106 10
      vertex 60 106 0
    endloop
  endfacet
  facet normal 0 0 -1
    outer loop
      vertex 185 106 0
      vertex 60 106 0
      vertex 97 128 0
    endloop
  endfacet
  facet normal 0 -1 0
    outer loop
      vertex 119 128 -2
      vertex 119 128 0
      vertex 97 128 0
    endloop
  endfacet
  facet normal 0 -1 0
    outer loop
      vertex 119 128 -2
      vertex 97 128 0
      vertex 97 128 -2
    endloop
  endfacet
  facet normal 0 -1 0
    outer loop
      vertex 119 128 10
      vertex 98.16300000000001 128 44.89411764705882
      vertex 97 128 10
    endloop
  endfacet
  facet normal -1 0 0
    outer loop
      vertex 97 128 10
      vertex 97 132 35.45238095238095
      vertex 97 132 10
    endloop
  endfacet
  facet normal -1 0 0
    outer loop
      vertex 97 128 10
      vertex 97 131 42
      vertex 97 132 35.45238095238095
    endloop
  endfacet
  facet normal -1 0 0
    outer loop
      vertex 97 128 10
      vertex 97 128 44.89411764705882
      vertex 97 131 42
    endloop
  endfacet
  facet normal 0 -1 0
    outer loop
      vertex 97 128 10
      vertex 98.16300000000001 128 44.89411764705882
      vertex 97 128 44.89411764705882
    endloop
  endfacet
  facet normal 1 0 0
    outer loop
      vertex 119 128 49
      vertex 119 132 10
      vertex 119 132 49
    endloop
  endfacet
  facet normal 0 -0.6942922464071118 -0.7196931822512744
    outer loop
      vertex 98.16300000000001 46 124
      vertex 97 128 44.89411764705882
      vertex 98.16300000000001 128 44.89411764705882
    endloop
  endfacet
  facet normal 0 -0.694292246407112 -0.7196931822512745
    outer loop
      vertex 98.16300000000001 46 124
      vertex 84.16300000000001 131 42
      vertex 97 128 44.89411764705882
    endloop
  endfacet
  facet normal 0 -1 0
    outer loop
      vertex 119 128 10
      vertex 119 128 49
      vertex 98.16300000000001 128 44.89411764705882
    endloop
  endfacet
  facet normal 0 0 1
    outer loop
      vertex 119 128 49
      vertex 119 132 49
      vertex 98.16300000000001 128 49
    endloop
  endfacet
  facet normal 0 -1 0
    outer loop
      vertex 119 128 49
      vertex 98.16300000000001 128 49
      vertex 98.16300000000001 128 44.89411764705882
    endloop
  endfacet
  facet normal 0 0 1
    outer loop
      vertex 98.16300000000001 128 49
      vertex 119 132 49
      vertex 106 132 49
    endloop
  endfacet
  facet normal 0 -0.6942922464071114 -0.7196931822512749
    outer loop
      vertex 97 131 42
      vertex 97 128 44.89411764705882
      vertex 84.16300000000001 131 42
    endloop
  endfacet
  facet normal 0 0 -1
    outer loop
      vertex 119 128 0
      vertex 119 144 0
      vertex 167.26324200165146 163.2695471359063 0
    endloop
  endfacet
  facet normal 1 0 0
    outer loop
      vertex 119 128 -2
      vertex 119 144 -2
      vertex 119 128 0
    endloop
  endfacet
  facet normal 1 0 0
    outer loop
      vertex 119 128 0
      vertex 119 144 -2
      vertex 119 144 0
    endloop
  endfacet
  facet normal 0 -1 0
    outer loop
      vertex 120 132 10
      vertex 119 132 49
      vertex 119 132 10
    endloop
  endfacet
  facet normal 0 1 0
    outer loop
      vertex 120 140 10
      vertex 119 140 10
      vertex 119 140 49
    endloop
  endfacet
  facet normal 1 0 0
    outer loop
      vertex 119 140 10
      vertex 119 144 10
      vertex 119 140 49
    endloop
  endfacet
  facet normal 0 0 1
    outer loop
      vertex 185 176 10
      vertex 97 144 10
      vertex 119 144 10
    endloop
  endfacet
  facet normal 0 0 1
    outer loop
      vertex 185 176 10
      vertex 77.63158592326357 162.20171713755022 10
      vertex 97 144 10
    endloop
  endfacet
  facet normal 0 0 -1
    outer loop
      vertex 185 176 0
      vertex 119 144 0
      vertex 60 176 0
    endloop
  endfacet
  facet normal 0 0 -1
    outer loop
      vertex 119 128 -2
      vertex 97 128 -2
      vertex 119 144 -2
    endloop
  endfacet
  facet normal 0 0 -1
    outer loop
      vertex 97 128 -2
      vertex 97 144 -2
      vertex 119 144 -2
    endloop
  endfacet
  facet normal 0 1 0
    outer loop
      vertex 119 144 -2
      vertex 97 144 -2
      vertex 119 144 0
    endloop
  endfacet
  facet normal 0 1 0
    outer loop
      vertex 119 144 0
      vertex 97 144 -2
      vertex 97 144 0
    endloop
  endfacet
  facet normal -1 0 0
    outer loop
      vertex 97 128 -2
      vertex 97 128 0
      vertex 97 144 0
    endloop
  endfacet
  facet normal 0 0 -1
    outer loop
      vertex 97 128 0
      vertex 88 130 0
      vertex 97 144 0
    endloop
  endfacet
  facet normal -1 0 0
    outer loop
      vertex 97 128 -2
      vertex 97 144 0
      vertex 97 144 -2
    endloop
  endfacet
  facet normal 0 -1 0
    outer loop
      vertex 97 132 10
      vertex 93.15254237288138 132 12
      vertex 94.57627118644069 132 10
    endloop
  endfacet
  facet normal 0 0 1
    outer loop
      vertex 97 140 10
      vertex 97 144 10
      vertex 94.57627118644069 140 10
    endloop
  endfacet
  facet normal 0 0 1
    outer loop
      vertex 94.57627118644069 140 10
      vertex 97 144 10
      vertex 88 140 10
    endloop
  endfacet
  facet normal 0 0 -1
    outer loop
      vertex 119 144 0
      vertex 97 144 0
      vertex 77.75 163 0
    endloop
  endfacet
  facet normal 0 1 0
    outer loop
      vertex 119 144 10
      vertex 97 144 10
      vertex 119 144 49
    endloop
  endfacet
  facet normal 0 -1 0
    outer loop
      vertex 97 132 10
      vertex 97 132 35.45238095238095
      vertex 93.15254237288138 132 12
    endloop
  endfacet
  facet normal 0 1 0
    outer loop
      vertex 97 140 10
      vertex 94.57627118644069 140 10
      vertex 97 140 35.45238095238095
    endloop
  endfacet
  facet normal -1 0 0
    outer loop
      vertex 97 140 10
      vertex 97 144 49
      vertex 97 144 10
    endloop
  endfacet
  facet normal -1 0 0
    outer loop
      vertex 97 140 10
      vertex 97 140 35.45238095238095
      vertex 97 144 49
    endloop
  endfacet
  facet normal 0 0 1
    outer loop
      vertex 185 176 10
      vertex 77.73675799834854 162.7304528640937 10
      vertex 77.69715952110886 162.46350161445565 10
    endloop
  endfacet
  facet normal 0 0 1
    outer loop
      vertex 185 176 10
      vertex 77.75 163 10
      vertex 77.73675799834854 162.7304528640937 10
    endloop
  endfacet
  facet normal 0 0 1
    outer loop
      vertex 185 176 10
      vertex 77.73675799834854 163.2695471359063 10
      vertex 77.75 163 10
    endloop
  endfacet
  facet normal 0 0 1
    outer loop
      vertex 185 176 10
      vertex 77.69715952110886 163.53649838554435 10
      vertex 77.73675799834854 163.2695471359063 10
    endloop
  endfacet
  facet normal 0 0 1
    outer loop
      vertex 185 176 10
      vertex 77.69715952110886 162.46350161445565 10
      vertex 77.63158592326357 162.20171713755022 10
    endloop
  endfacet
  facet normal 0 0 1
    outer loop
      vertex 185 176 10
      vertex 77.63158592326357 163.79828286244978 10
      vertex 77.69715952110886 163.53649838554435 10
    endloop
  endfacet
  facet normal 0 0 1
    outer loop
      vertex 185 176 10
      vertex 77.54066871440602 164.052379439004 10
      vertex 77.63158592326357 163.79828286244978 10
    endloop
  endfacet
  facet normal 0 0 1
    outer loop
      vertex 185 176 10
      vertex 77.42528347695799 164.2963410262715 10
      vertex 77.54066871440602 164.052379439004 10
    endloop
  endfacet
  facet normal 0 0 1
    outer loop
      vertex 185 176 10
      vertex 77.28654143383199 164.5278181408039 10
      vertex 77.42528347695799 164.2963410262715 10
    endloop
  endfacet
  facet normal 0 0 1
    outer loop
      vertex 185 176 10
      vertex 77.12577874674753 164.74458153145002 10
      vertex 77.28654143383199 164.5278181408039 10
    endloop
  endfacet
  facet normal 0 0 1
    outer loop
      vertex 185 176 10
      vertex 76.944543648263 164.944543648263 10
      vertex 77.12577874674753 164.74458153145002 10
    endloop
  endfacet
  facet normal 0 0 1
    outer loop
      vertex 185 176 10
      vertex 76.74458153145002 165.12577874674753 10
      vertex 76.944543648263 164.944543648263 10
    endloop
  endfacet
  facet normal 0 0 1
    outer loop
      vertex 185 176 10
      vertex 76.5278181408039 165.28654143383199 10
      vertex 76.74458153145002 165.12577874674753 10
    endloop
  endfacet
  facet normal 0 0 1
    outer loop
      vertex 185 176 10
      vertex 76.29634102627148 165.425283476958 10
      vertex 76.5278181408039 165.28654143383199 10
    endloop
  endfacet
  facet normal 0 0 1
    outer loop
      vertex 185 176 10
      vertex 76.05237943900397 165.54066871440602 10
      vertex 76.29634102627148 165.425283476958 10
    endloop
  endfacet
  facet normal 0 0 1
    outer loop
      vertex 185 176 10
      vertex 75.79828286244975 165.63158592326357 10
      vertex 76.05237943900397 165.54066871440602 10
    endloop
  endfacet
  facet normal 0 0 1
    outer loop
      vertex 185 176 10
      vertex 75.53649838554435 165.6971595211089 10
      vertex 75.79828286244975 165.63158592326357 10
    endloop
  endfacet
  facet normal 0 0 1
    outer loop
      vertex 185 176 10
      vertex 75.2695471359063 165.73675799834854 10
      vertex 75.53649838554435 165.6971595211089 10
    endloop
  endfacet
  facet normal 0 0 1
    outer loop
      vertex 185 176 10
      vertex 75 165.75 10
      vertex 75.2695471359063 165.73675799834854 10
    endloop
  endfacet
  facet normal 0 0 1
    outer loop
      vertex 185 176 10
      vertex 74.7304528640937 165.73675799834854 10
      vertex 75 165.75 10
    endloop
  endfacet
  facet normal 0 0 1
    outer loop
      vertex 185 176 10
      vertex 60 176 10
      vertex 74.7304528640937 165.73675799834854 10
    endloop
  endfacet
  facet normal 0 1 0
    outer loop
      vertex 185 176 10
      vertex 60 176 0
      vertex 60 176 10
    endloop
  endfacet
  facet normal 1 0 0
    outer loop
      vertex 119 144 10
      vertex 119 144 49
      vertex 119 140 49
    endloop
  endfacet
  facet normal 1 0 0
    outer loop
      vertex 120 132 10
      vertex 120 140 10
      vertex 120 132 146
    endloop
  endfacet
  facet normal 0 -1 0
    outer loop
      vertex 120 132 10
      vertex 120 132 146
      vertex 119 132 49
    endloop
  endfacet
  facet normal 0 1 0
    outer loop
      vertex 120 140 10
      vertex 119 140 49
      vertex 120 140 146
    endloop
  endfacet
  facet normal 0 0 1
    outer loop
      vertex 119 140 49
      vertex 119 144 49
      vertex 106 140 49
    endloop
  endfacet
  facet normal 0 0 1
    outer loop
      vertex 119 144 49
      vertex 97 144 49
      vertex 106 140 49
    endloop
  endfacet
  facet normal 0 1 0
    outer loop
      vertex 97 144 10
      vertex 97 144 49
      vertex 119 144 49
    endloop
  endfacet
  facet normal 0.8146653883328838 0 0.5799312933895117
    outer loop
      vertex 97 132 35.45238095238095
      vertex 97 140 35.45238095238095
      vertex 92.33898305084745 132 42
    endloop
  endfacet
  facet normal -1 0 0
    outer loop
      vertex 97 131 42
      vertex 97 141 42
      vertex 97 132 35.45238095238095
    endloop
  endfacet
  facet normal 0 0 -1
    outer loop
      vertex 97 131 42
      vertex 92.33898305084745 132 42
      vertex 97 141 42
    endloop
  endfacet
  facet normal 0.8146653883328838 0 0.5799312933895117
    outer loop
      vertex 97 140 35.45238095238095
      vertex 92.33898305084745 140 42
      vertex 92.33898305084745 132 42
    endloop
  endfacet
  facet normal -1 0 0
    outer loop
      vertex 97 132 35.45238095238095
      vertex 97 141 42
      vertex 97 140 35.45238095238095
    endloop
  endfacet
  facet normal -1 0 0
    outer loop
      vertex 97 140 35.45238095238095
      vertex 97 141 42
      vertex 97 144 49
    endloop
  endfacet
  facet normal 0 0 -1
    outer loop
      vertex 97 141 42
      vertex 92.33898305084745 132 42
      vertex 92.33898305084745 140 42
    endloop
  endfacet
  facet normal 0 0 1
    outer loop
      vertex 98.16300000000001 128 49
      vertex 106 132 49
      vertex 98.16300000000001 141 49
    endloop
  endfacet
  facet normal 0 0 1
    outer loop
      vertex 106 132 49
      vertex 106 140 49
      vertex 97 144 49
    endloop
  endfacet
  facet normal 0 0 1
    outer loop
      vertex 106 132 49
      vertex 97 144 49
      vertex 98.16300000000001 141 49
    endloop
  endfacet
  facet normal 1 0 0
    outer loop
      vertex 98.16300000000001 128 49
      vertex 98.16300000000001 141 49
      vertex 98.16300000000001 141 54
    endloop
  endfacet
  facet normal -1 0 0
    outer loop
      vertex 97 141 42
      vertex 97 141 49
      vertex 97 144 49
    endloop
  endfacet
  facet normal 0 1 0
    outer loop
      vertex 97 141 42
      vertex 84.16300000000001 141 42
      vertex 97 141 49
    endloop
  endfacet
  facet normal 0 0 1
    outer loop
      vertex 98.16300000000001 141 49
      vertex 97 144 49
      vertex 97 141 49
    endloop
  endfacet
  facet normal 0 1 0
    outer loop
      vertex 98.16300000000001 141 49
      vertex 97 141 49
      vertex 98.16300000000001 141 54
    endloop
  endfacet
  facet normal 0 1 0
    outer loop
      vertex 97 141 49
      vertex 84.16300000000001 141 54
      vertex 98.16300000000001 141 54
    endloop
  endfacet
  facet normal 0 -1 0
    outer loop
      vertex 119 132 49
      vertex 106.79365079365078 132 96
      vertex 106 132 49
    endloop
  endfacet
  facet normal -1 0 0
    outer loop
      vertex 106 132 49
      vertex 106 140 96
      vertex 106 140 49
    endloop
  endfacet
  facet normal 1 0 0
    outer loop
      vertex 98.16300000000001 46 124
      vertex 98.16300000000001 128 44.89411764705882
      vertex 98.16300000000001 128 49
    endloop
  endfacet
  facet normal 1 0 0
    outer loop
      vertex 98.16300000000001 56 136
      vertex 98.16300000000001 128 49
      vertex 98.16300000000001 141 54
    endloop
  endfacet
  facet normal 0 0.6942922464071118 0.7196931822512745
    outer loop
      vertex 98.16300000000001 56 136
      vertex 98.16300000000001 141 54
      vertex 84.16300000000001 141 54
    endloop
  endfacet
  facet normal 0 0 -1
    outer loop
      vertex 98.16300000000001 42 138
      vertex 84.16300000000001 132 138
      vertex 98.16300000000001 132 138
    endloop
  endfacet
  facet normal 1 0 0
    outer loop
      vertex 98.16300000000001 42 146
      vertex 98.16300000000001 132 138
      vertex 98.16300000000001 132 146
    endloop
  endfacet
  facet normal 1 0 0
    outer loop
      vertex 120 140 10
      vertex 120 140 146
      vertex 120 132 146
    endloop
  endfacet
  facet normal 0 -1 0
    outer loop
      vertex 106 132 49
      vertex 106.79365079365078 132 96
      vertex 106 132 96
    endloop
  endfacet
  facet normal -1 0 0
    outer loop
      vertex 106 132 49
      vertex 106 132 96
      vertex 106 140 96
    endloop
  endfacet
  facet normal 0 -1 0
    outer loop
      vertex 119 132 49
      vertex 106.60317460317458 132 108
      vertex 106.79365079365078 132 96
    endloop
  endfacet
  facet normal 0 1 0
    outer loop
      vertex 119 140 49
      vertex 106 140 49
      vertex 120 140 146
    endloop
  endfacet
  facet normal 0 -1 0
    outer loop
      vertex 119 132 49
      vertex 106.1904761904762 132 134
      vertex 106.60317460317458 132 108
    endloop
  endfacet
  facet normal 0 1 0
    outer loop
      vertex 106 140 49
      vertex 106 140 96
      vertex 120 140 146
    endloop
  endfacet
  facet normal 0 -1 0
    outer loop
      vertex 106.79365079365078 132 96
      vertex 106.60317460317458 132 108
      vertex 106 132 108
    endloop
  endfacet
  facet normal 0 -1 0
    outer loop
      vertex 119 132 49
      vertex 106 132 146
      vertex 106.1904761904762 132 134
    endloop
  endfacet
  facet normal 0 -1 0
    outer loop
      vertex 119 132 49
      vertex 120 132 146
      vertex 106 132 146
    endloop
  endfacet
  facet normal 0 1 0
    outer loop
      vertex 106 140 96
      vertex 106 140 108
      vertex 120 140 146
    endloop
  endfacet
  facet normal 0 -1 0
    outer loop
      vertex 106.60317460317458 132 108
      vertex 106.1904761904762 132 134
      vertex 106 132 108
    endloop
  endfacet
  facet normal -1 0 0
    outer loop
      vertex 106 132 108
      vertex 106 140 134
      vertex 106 140 108
    endloop
  endfacet
  facet normal 0 -1 0
    outer loop
      vertex 106 132 108
      vertex 106.1904761904762 132 134
      vertex 106 132 134
    endloop
  endfacet
  facet normal -1 0 0
    outer loop
      vertex 106 132 108
      vertex 106 132 134
      vertex 106 140 134
    endloop
  endfacet
  facet normal 0 1 0
    outer loop
      vertex 106 140 108
      vertex 106 140 134
      vertex 120 140 146
    endloop
  endfacet
  facet normal 0 0 1
    outer loop
      vertex 120 132 146
      vertex 120 140 146
      vertex 106 132 146
    endloop
  endfacet
  facet normal 0 0 1
    outer loop
      vertex 120 140 146
      vertex 106 139.06666666666666 146
      vertex 106 132 146
    endloop
  endfacet
  facet normal 0 1 0
    outer loop
      vertex 120 140 146
      vertex 106 140 134
      vertex 106 140 146
    endloop
  endfacet
  facet normal 0 0 1
    outer loop
      vertex 120 140 146
      vertex 106 140 146
      vertex 106 139.06666666666666 146
    endloop
  endfacet
  facet normal 0 -1 0
    outer loop
      vertex 106.1904761904762 132 134
      vertex 98.16300000000001 132 138
      vertex 84.16300000000001 132 138
    endloop
  endfacet
  facet normal 0 -1 0
    outer loop
      vertex 106.1904761904762 132 134
      vertex 106 132 146
      vertex 98.16300000000001 132 138
    endloop
  endfacet
  facet normal 0 0 1
    outer loop
      vertex 106 132 146
      vertex 106 139.06666666666666 146
      vertex 98.16300000000001 132 146
    endloop
  endfacet
  facet normal 0 -1 0
    outer loop
      vertex 106 132 146
      vertex 98.16300000000001 132 146
      vertex 98.16300000000001 132 138
    endloop
  endfacet
  facet normal -0.5141027441933003 0.8577286100002249 0
    outer loop
      vertex 92.41303302429412 5.129193372319278 146
      vertex 92.41303302429412 5.129193372319278 138
      vertex 92.22364265785853 5.015677155216196 138
    endloop
  endfacet
  facet normal -0.42755509343019843 0.903989293123483 0
    outer loop
      vertex 92.22364265785853 5.015677155216196 146
      vertex 92.22364265785853 5.015677155216196 138
      vertex 92.02403772282145 4.921271051849601 138
    endloop
  endfacet
  facet normal -0.33688985339217165 0.9415440651830381 0
    outer loop
      vertex 92.02403772282145 4.921271051849601 146
      vertex 92.02403772282145 4.921271051849601 138
      vertex 91.81614052382253 4.846884244602535 138
    endloop
  endfacet
  facet normal -0.14673047445533385 0.9891765099647851 0
    outer loop
      vertex 91.60195322453632 4.793233119092733 146
      vertex 91.60195322453632 4.793233119092733 138
      vertex 91.3835385657415 4.760834364987559 138
    endloop
  endfacet
  facet normal -0.049067674327432614 0.9987954562051716 0
    outer loop
      vertex 91.3835385657415 4.760834364987559 146
      vertex 91.3835385657415 4.760834364987559 138
      vertex 91.16300000000001 4.75 138
    endloop
  endfacet
  facet normal 0.049067674327432614 0.9987954562051716 0
    outer loop
      vertex 91.16300000000001 4.75 146
      vertex 91.16300000000001 4.75 138
      vertex 90.94246143425852 4.760834364987559 138
    endloop
  endfacet
  facet normal -0.24298017990332407 0.970031253194529 0
    outer loop
      vertex 91.81614052382253 4.846884244602535 146
      vertex 91.81614052382253 4.846884244602535 138
      vertex 91.60195322453632 4.793233119092733 138
    endloop
  endfacet
  facet normal 0.14673047445533385 0.9891765099647851 0
    outer loop
      vertex 90.94246143425852 4.760834364987559 146
      vertex 90.94246143425852 4.760834364987559 138
      vertex 90.7240467754637 4.793233119092733 138
    endloop
  endfacet
  facet normal 0.24298017990332407 0.970031253194529 0
    outer loop
      vertex 90.7240467754637 4.793233119092733 146
      vertex 90.7240467754637 4.793233119092733 138
      vertex 90.5098594761775 4.846884244602535 138
    endloop
  endfacet
  facet normal 0.33688985339217165 0.9415440651830381 0
    outer loop
      vertex 90.5098594761775 4.846884244602535 146
      vertex 90.5098594761775 4.846884244602535 138
      vertex 90.30196227717857 4.921271051849601 138
    endloop
  endfacet
  facet normal 0.42755509343019843 0.903989293123483 0
    outer loop
      vertex 90.30196227717857 4.921271051849601 146
      vertex 90.30196227717857 4.921271051849601 138
      vertex 90.10235734214149 5.015677155216196 138
    endloop
  endfacet
  facet normal 0.5141027441933003 0.8577286100002249 0
    outer loop
      vertex 90.10235734214149 5.015677155216196 146
      vertex 90.10235734214149 5.015677155216196 138
      vertex 89.9129669757059 5.129193372319278 138
    endloop
  endfacet
  facet normal 0.5956993044923643 0.8032075314806961 0
    outer loop
      vertex 89.9129669757059 5.129193372319278 146
      vertex 89.9129669757059 5.129193372319278 138
      vertex 89.73561511063178 5.260726479933837 138
    endloop
  endfacet
  facet normal 0.6715589548471254 0.7409511253548622 0
    outer loop
      vertex 89.73561511063178 5.260726479933837 146
      vertex 89.73561511063178 5.260726479933837 138
      vertex 89.5720097423303 5.409009742330269 138
    endloop
  endfacet
  facet normal 0.7409511253549493 0.6715589548470293 0
    outer loop
      vertex 89.5720097423303 5.409009742330269 138
      vertex 89.42372647993386 5.572615110631801 138
      vertex 89.5720097423303 5.409009742330269 146
    endloop
  endfacet
  facet normal -0.5141027441933003 0.8577286100002249 0
    outer loop
      vertex 92.22364265785853 5.015677155216196 146
      vertex 92.41303302429412 5.129193372319278 146
      vertex 92.22364265785853 5.015677155216196 138
    endloop
  endfacet
  facet normal -0.5956993044923643 0.8032075314806961 0
    outer loop
      vertex 92.41303302429412 5.129193372319278 146
      vertex 92.59038488936824 5.260726479933837 146
      vertex 92.41303302429412 5.129193372319278 138
    endloop
  endfacet
  facet normal -0.42755509343019843 0.903989293123483 0
    outer loop
      vertex 92.02403772282145 4.921271051849601 146
      vertex 92.22364265785853 5.015677155216196 146
      vertex 92.02403772282145 4.921271051849601 138
    endloop
  endfacet
  facet normal -0.33688985339217165 0.9415440651830381 0
    outer loop
      vertex 91.81614052382253 4.846884244602535 146
      vertex 92.02403772282145 4.921271051849601 146
      vertex 91.81614052382253 4.846884244602535 138
    endloop
  endfacet
  facet normal -0.24298017990332407 0.970031253194529 0
    outer loop
      vertex 91.60195322453632 4.793233119092733 146
      vertex 91.81614052382253 4.846884244602535 146
      vertex 91.60195322453632 4.793233119092733 138
    endloop
  endfacet
  facet normal -0.14673047445533385 0.9891765099647851 0
    outer loop
      vertex 91.3835385657415 4.760834364987559 146
      vertex 91.60195322453632 4.793233119092733 146
      vertex 91.3835385657415 4.760834364987559 138
    endloop
  endfacet
  facet normal -0.049067674327432614 0.9987954562051716 0
    outer loop
      vertex 91.16300000000001 4.75 146
      vertex 91.3835385657415 4.760834364987559 146
      vertex 91.16300000000001 4.75 138
    endloop
  endfacet
  facet normal 0.049067674327432614 0.9987954562051716 0
    outer loop
      vertex 90.94246143425852 4.760834364987559 146
      vertex 91.16300000000001 4.75 146
      vertex 90.94246143425852 4.760834364987559 138
    endloop
  endfacet
  facet normal 0.14673047445533385 0.9891765099647851 0
    outer loop
      vertex 90.7240467754637 4.793233119092733 146
      vertex 90.94246143425852 4.760834364987559 146
      vertex 90.7240467754637 4.793233119092733 138
    endloop
  endfacet
  facet normal 0.24298017990332407 0.970031253194529 0
    outer loop
      vertex 90.5098594761775 4.846884244602535 146
      vertex 90.7240467754637 4.793233119092733 146
      vertex 90.5098594761775 4.846884244602535 138
    endloop
  endfacet
  facet normal 0.33688985339217165 0.9415440651830381 0
    outer loop
      vertex 90.30196227717857 4.921271051849601 146
      vertex 90.5098594761775 4.846884244602535 146
      vertex 90.30196227717857 4.921271051849601 138
    endloop
  endfacet
  facet normal 0.42755509343019843 0.903989293123483 0
    outer loop
      vertex 90.10235734214149 5.015677155216196 146
      vertex 90.30196227717857 4.921271051849601 146
      vertex 90.10235734214149 5.015677155216196 138
    endloop
  endfacet
  facet normal 0.5141027441933003 0.8577286100002249 0
    outer loop
      vertex 89.9129669757059 5.129193372319278 146
      vertex 90.10235734214149 5.015677155216196 146
      vertex 89.9129669757059 5.129193372319278 138
    endloop
  endfacet
  facet normal 0.5956993044923643 0.8032075314806961 0
    outer loop
      vertex 89.73561511063178 5.260726479933837 146
      vertex 89.9129669757059 5.129193372319278 146
      vertex 89.73561511063178 5.260726479933837 138
    endloop
  endfacet
  facet normal 0.6715589548471254 0.7409511253548622 0
    outer loop
      vertex 89.5720097423303 5.409009742330269 146
      vertex 89.73561511063178 5.260726479933837 146
      vertex 89.5720097423303 5.409009742330269 138
    endloop
  endfacet
  facet normal -0.5956993044923643 -0.8032075314806961 0
    outer loop
      vertex 92.41303302429412 8.870806627680722 146
      vertex 92.41303302429412 8.870806627680722 138
      vertex 92.59038488936824 8.739273520066163 138
    endloop
  endfacet
  facet normal -0.5141027441933003 -0.8577286100002249 0
    outer loop
      vertex 92.22364265785853 8.984322844783804 146
      vertex 92.22364265785853 8.984322844783804 138
      vertex 92.41303302429412 8.870806627680722 138
    endloop
  endfacet
  facet normal -0.42755509343019843 -0.903989293123483 0
    outer loop
      vertex 92.02403772282145 9.078728948150399 146
      vertex 92.02403772282145 9.078728948150399 138
      vertex 92.22364265785853 8.984322844783804 138
    endloop
  endfacet
  facet normal -0.33688985339217165 -0.9415440651830381 0
    outer loop
      vertex 91.81614052382253 9.153115755397465 146
      vertex 91.81614052382253 9.153115755397465 138
      vertex 92.02403772282145 9.078728948150399 138
    endloop
  endfacet
  facet normal -0.24298017990332407 -0.970031253194529 0
    outer loop
      vertex 91.60195322453632 9.206766880907267 146
      vertex 91.60195322453632 9.206766880907267 138
      vertex 91.81614052382253 9.153115755397465 138
    endloop
  endfacet
  facet normal -0.14673047445533385 -0.9891765099647851 0
    outer loop
      vertex 91.3835385657415 9.23916563501244 146
      vertex 91.3835385657415 9.23916563501244 138
      vertex 91.60195322453632 9.206766880907267 138
    endloop
  endfacet
  facet normal -0.049067674327432614 -0.9987954562051716 0
    outer loop
      vertex 91.16300000000001 9.25 146
      vertex 91.16300000000001 9.25 138
      vertex 91.3835385657415 9.23916563501244 138
    endloop
  endfacet
  facet normal 0.049067674327432614 -0.9987954562051716 0
    outer loop
      vertex 90.94246143425852 9.23916563501244 146
      vertex 90.94246143425852 9.23916563501244 138
      vertex 91.16300000000001 9.25 138
    endloop
  endfacet
  facet normal 0.14673047445533385 -0.9891765099647851 0
    outer loop
      vertex 90.7240467754637 9.206766880907267 146
      vertex 90.7240467754637 9.206766880907267 138
      vertex 90.94246143425852 9.23916563501244 138
    endloop
  endfacet
  facet normal 0.24298017990332407 -0.970031253194529 0
    outer loop
      vertex 90.5098594761775 9.153115755397465 146
      vertex 90.5098594761775 9.153115755397465 138
      vertex 90.7240467754637 9.206766880907267 138
    endloop
  endfacet
  facet normal 0.33688985339217165 -0.9415440651830381 0
    outer loop
      vertex 90.30196227717857 9.078728948150399 146
      vertex 90.30196227717857 9.078728948150399 138
      vertex 90.5098594761775 9.153115755397465 138
    endloop
  endfacet
  facet normal 0.5141027441933003 -0.8577286100002249 0
    outer loop
      vertex 89.9129669757059 8.870806627680722 146
      vertex 89.9129669757059 8.870806627680722 138
      vertex 90.10235734214149 8.984322844783804 138
    endloop
  endfacet
  facet normal 0.5956993044923643 -0.8032075314806961 0
    outer loop
      vertex 89.73561511063178 8.739273520066163 146
      vertex 89.73561511063178 8.739273520066163 138
      vertex 89.9129669757059 8.870806627680722 138
    endloop
  endfacet
  facet normal 0.6715589548471254 -0.7409511253548622 0
    outer loop
      vertex 89.73561511063178 8.739273520066163 138
      vertex 89.5720097423303 8.59099025766973 146
      vertex 89.5720097423303 8.59099025766973 138
    endloop
  endfacet
  facet normal 0.42755509343019843 -0.903989293123483 0
    outer loop
      vertex 90.30196227717857 9.078728948150399 138
      vertex 90.10235734214149 8.984322844783804 146
      vertex 90.10235734214149 8.984322844783804 138
    endloop
  endfacet
  facet normal 0.8032075314805889 0.595699304492509 0
    outer loop
      vertex 89.42372647993386 5.572615110631801 146
      vertex 89.42372647993386 5.572615110631801 138
      vertex 89.29219337231928 5.749966975705888 138
    endloop
  endfacet
  facet normal 0.8577286100003442 0.5141027441931014 0
    outer loop
      vertex 89.29219337231928 5.749966975705888 146
      vertex 89.29219337231928 5.749966975705888 138
      vertex 89.17867715521623 5.939357342141506 138
    endloop
  endfacet
  facet normal 0.9039892931233978 0.42755509343037823 0
    outer loop
      vertex 89.17867715521623 5.939357342141506 146
      vertex 89.17867715521623 5.939357342141506 138
      vertex 89.08427105184961 6.13896227717855 138
    endloop
  endfacet
  facet normal 0.9415440651829899 0.3368898533923061 0
    outer loop
      vertex 89.08427105184961 6.13896227717855 146
      vertex 89.08427105184961 6.13896227717855 138
      vertex 89.00988424460252 6.346859476177457 138
    endloop
  endfacet
  facet normal 0.9700312531945858 0.2429801799030969 0
    outer loop
      vertex 89.00988424460252 6.346859476177457 146
      vertex 89.00988424460252 6.346859476177457 138
      vertex 88.95623311909276 6.5610467754637085 138
    endloop
  endfacet
  facet normal 0.9891765099647637 0.14673047445547852 0
    outer loop
      vertex 88.95623311909276 6.5610467754637085 146
      vertex 88.95623311909276 6.5610467754637085 138
      vertex 88.92383436498756 6.779461434258494 138
    endloop
  endfacet
  facet normal 0.998795456205175 0.04906767432736526 0
    outer loop
      vertex 88.92383436498756 6.779461434258494 146
      vertex 88.92383436498756 6.779461434258494 138
      vertex 88.91300000000001 7 138
    endloop
  endfacet
  facet normal 0.998795456205175 -0.04906767432736526 0
    outer loop
      vertex 88.91300000000001 7 146
      vertex 88.91300000000001 7 138
      vertex 88.92383436498756 7.220538565741506 138
    endloop
  endfacet
  facet normal 0.9891765099647637 -0.14673047445547852 0
    outer loop
      vertex 88.92383436498756 7.220538565741506 146
      vertex 88.92383436498756 7.220538565741506 138
      vertex 88.95623311909276 7.4389532245362915 138
    endloop
  endfacet
  facet normal 0.9700312531945858 -0.2429801799030969 0
    outer loop
      vertex 88.95623311909276 7.4389532245362915 146
      vertex 88.95623311909276 7.4389532245362915 138
      vertex 89.00988424460252 7.653140523822543 138
    endloop
  endfacet
  facet normal 0.9415440651829899 -0.3368898533923061 0
    outer loop
      vertex 89.00988424460252 7.653140523822543 146
      vertex 89.00988424460252 7.653140523822543 138
      vertex 89.08427105184961 7.86103772282145 138
    endloop
  endfacet
  facet normal 0.9039892931233978 -0.42755509343037823 0
    outer loop
      vertex 89.08427105184961 7.86103772282145 146
      vertex 89.08427105184961 7.86103772282145 138
      vertex 89.17867715521623 8.060642657858494 138
    endloop
  endfacet
  facet normal 0.8577286100003442 -0.5141027441931014 0
    outer loop
      vertex 89.17867715521623 8.060642657858494 146
      vertex 89.17867715521623 8.060642657858494 138
      vertex 89.29219337231928 8.250033024294112 138
    endloop
  endfacet
  facet normal 0.7409511253549493 -0.6715589548470293 0
    outer loop
      vertex 89.42372647993386 8.427384889368199 146
      vertex 89.42372647993386 8.427384889368199 138
      vertex 89.5720097423303 8.59099025766973 138
    endloop
  endfacet
  facet normal 0.8032075314805889 -0.595699304492509 0
    outer loop
      vertex 89.42372647993386 8.427384889368199 138
      vertex 89.29219337231928 8.250033024294112 146
      vertex 89.29219337231928 8.250033024294112 138
    endloop
  endfacet
  facet normal -0.5141027441933003 -0.8577286100002249 0
    outer loop
      vertex 92.41303302429412 8.870806627680722 146
      vertex 92.22364265785853 8.984322844783804 146
      vertex 92.41303302429412 8.870806627680722 138
    endloop
  endfacet
  facet normal -0.42755509343019843 -0.903989293123483 0
    outer loop
      vertex 92.22364265785853 8.984322844783804 146
      vertex 92.02403772282145 9.078728948150399 146
      vertex 92.22364265785853 8.984322844783804 138
    endloop
  endfacet
  facet normal -0.33688985339217165 -0.9415440651830381 0
    outer loop
      vertex 92.02403772282145 9.078728948150399 146
      vertex 91.81614052382253 9.153115755397465 146
      vertex 92.02403772282145 9.078728948150399 138
    endloop
  endfacet
  facet normal -0.24298017990332407 -0.970031253194529 0
    outer loop
      vertex 91.81614052382253 9.153115755397465 146
      vertex 91.60195322453632 9.206766880907267 146
      vertex 91.81614052382253 9.153115755397465 138
    endloop
  endfacet
  facet normal -0.14673047445533385 -0.9891765099647851 0
    outer loop
      vertex 91.60195322453632 9.206766880907267 146
      vertex 91.3835385657415 9.23916563501244 146
      vertex 91.60195322453632 9.206766880907267 138
    endloop
  endfacet
  facet normal -0.049067674327432614 -0.9987954562051716 0
    outer loop
      vertex 91.3835385657415 9.23916563501244 146
      vertex 91.16300000000001 9.25 146
      vertex 91.3835385657415 9.23916563501244 138
    endloop
  endfacet
  facet normal 0.049067674327432614 -0.9987954562051716 0
    outer loop
      vertex 91.16300000000001 9.25 146
      vertex 90.94246143425852 9.23916563501244 146
      vertex 91.16300000000001 9.25 138
    endloop
  endfacet
  facet normal 0.14673047445533385 -0.9891765099647851 0
    outer loop
      vertex 90.94246143425852 9.23916563501244 146
      vertex 90.7240467754637 9.206766880907267 146
      vertex 90.94246143425852 9.23916563501244 138
    endloop
  endfacet
  facet normal 0.24298017990332407 -0.970031253194529 0
    outer loop
      vertex 90.7240467754637 9.206766880907267 146
      vertex 90.5098594761775 9.153115755397465 146
      vertex 90.7240467754637 9.206766880907267 138
    endloop
  endfacet
  facet normal 0.33688985339217165 -0.9415440651830381 0
    outer loop
      vertex 90.5098594761775 9.153115755397465 146
      vertex 90.30196227717857 9.078728948150399 146
      vertex 90.5098594761775 9.153115755397465 138
    endloop
  endfacet
  facet normal 0.5956993044923643 -0.8032075314806961 0
    outer loop
      vertex 89.9129669757059 8.870806627680722 146
      vertex 89.73561511063178 8.739273520066163 146
      vertex 89.9129669757059 8.870806627680722 138
    endloop
  endfacet
  facet normal 0.6715589548471254 -0.7409511253548622 0
    outer loop
      vertex 89.73561511063178 8.739273520066163 146
      vertex 89.5720097423303 8.59099025766973 146
      vertex 89.73561511063178 8.739273520066163 138
    endloop
  endfacet
  facet normal 0.42755509343019843 -0.903989293123483 0
    outer loop
      vertex 90.30196227717857 9.078728948150399 146
      vertex 90.10235734214149 8.984322844783804 146
      vertex 90.30196227717857 9.078728948150399 138
    endloop
  endfacet
  facet normal 0.5141027441933003 -0.8577286100002249 0
    outer loop
      vertex 90.10235734214149 8.984322844783804 146
      vertex 89.9129669757059 8.870806627680722 146
      vertex 90.10235734214149 8.984322844783804 138
    endloop
  endfacet
  facet normal 0.7409511253549493 0.6715589548470293 0
    outer loop
      vertex 89.5720097423303 5.409009742330269 146
      vertex 89.42372647993386 5.572615110631801 138
      vertex 89.42372647993386 5.572615110631801 146
    endloop
  endfacet
  facet normal 0.8032075314805889 0.595699304492509 0
    outer loop
      vertex 89.42372647993386 5.572615110631801 146
      vertex 89.29219337231928 5.749966975705888 138
      vertex 89.29219337231928 5.749966975705888 146
    endloop
  endfacet
  facet normal 0.8577286100003442 0.5141027441931014 0
    outer loop
      vertex 89.29219337231928 5.749966975705888 146
      vertex 89.17867715521623 5.939357342141506 138
      vertex 89.17867715521623 5.939357342141506 146
    endloop
  endfacet
  facet normal 0.9039892931233978 0.42755509343037823 0
    outer loop
      vertex 89.17867715521623 5.939357342141506 146
      vertex 89.08427105184961 6.13896227717855 138
      vertex 89.08427105184961 6.13896227717855 146
    endloop
  endfacet
  facet normal 0.9415440651829899 0.3368898533923061 0
    outer loop
      vertex 89.08427105184961 6.13896227717855 146
      vertex 89.00988424460252 6.346859476177457 138
      vertex 89.00988424460252 6.346859476177457 146
    endloop
  endfacet
  facet normal 0.9700312531945858 0.2429801799030969 0
    outer loop
      vertex 89.00988424460252 6.346859476177457 146
      vertex 88.95623311909276 6.5610467754637085 138
      vertex 88.95623311909276 6.5610467754637085 146
    endloop
  endfacet
  facet normal 0.9891765099647637 0.14673047445547852 0
    outer loop
      vertex 88.95623311909276 6.5610467754637085 146
      vertex 88.92383436498756 6.779461434258494 138
      vertex 88.92383436498756 6.779461434258494 146
    endloop
  endfacet
  facet normal 0.998795456205175 0.04906767432736526 0
    outer loop
      vertex 88.92383436498756 6.779461434258494 146
      vertex 88.91300000000001 7 138
      vertex 88.91300000000001 7 146
    endloop
  endfacet
  facet normal 0.998795456205175 -0.04906767432736526 0
    outer loop
      vertex 88.91300000000001 7 146
      vertex 88.92383436498756 7.220538565741506 138
      vertex 88.92383436498756 7.220538565741506 146
    endloop
  endfacet
  facet normal 0.9891765099647637 -0.14673047445547852 0
    outer loop
      vertex 88.92383436498756 7.220538565741506 146
      vertex 88.95623311909276 7.4389532245362915 138
      vertex 88.95623311909276 7.4389532245362915 146
    endloop
  endfacet
  facet normal 0.8577286100003442 -0.5141027441931014 0
    outer loop
      vertex 89.17867715521623 8.060642657858494 146
      vertex 89.29219337231928 8.250033024294112 138
      vertex 89.29219337231928 8.250033024294112 146
    endloop
  endfacet
  facet normal 0.9700312531945858 -0.2429801799030969 0
    outer loop
      vertex 88.95623311909276 7.4389532245362915 146
      vertex 89.00988424460252 7.653140523822543 138
      vertex 89.00988424460252 7.653140523822543 146
    endloop
  endfacet
  facet normal 0.9415440651829899 -0.3368898533923061 0
    outer loop
      vertex 89.00988424460252 7.653140523822543 146
      vertex 89.08427105184961 7.86103772282145 138
      vertex 89.08427105184961 7.86103772282145 146
    endloop
  endfacet
  facet normal 0.9039892931233978 -0.42755509343037823 0
    outer loop
      vertex 89.08427105184961 7.86103772282145 146
      vertex 89.17867715521623 8.060642657858494 138
      vertex 89.17867715521623 8.060642657858494 146
    endloop
  endfacet
  facet normal 0.7409511253549493 -0.6715589548470293 0
    outer loop
      vertex 89.42372647993386 8.427384889368199 146
      vertex 89.5720097423303 8.59099025766973 138
      vertex 89.5720097423303 8.59099025766973 146
    endloop
  endfacet
  facet normal 0.8032075314805889 -0.595699304492509 0
    outer loop
      vertex 89.29219337231928 8.250033024294112 146
      vertex 89.42372647993386 8.427384889368199 138
      vertex 89.42372647993386 8.427384889368199 146
    endloop
  endfacet
  facet normal 0 -1 0
    outer loop
      vertex 99.16300000000001 0 138
      vertex 99.16300000000001 0 146
      vertex 49.16300000000001 0 146
    endloop
  endfacet
  facet normal 0 0 1
    outer loop
      vertex 99.16300000000001 0 146
      vertex 91.16300000000001 4.75 146
      vertex 58.59038488936824 5.260726479933837 146
    endloop
  endfacet
  facet normal 0 0 1
    outer loop
      vertex 89.08427105184961 7.86103772282145 146
      vertex 89.17867715521623 8.060642657858494 146
      vertex 90.10235734214149 33.015677155216196 146
    endloop
  endfacet
  facet normal 0 0 1
    outer loop
      vertex 89.17867715521623 8.060642657858494 146
      vertex 89.29219337231928 8.250033024294112 146
      vertex 90.10235734214149 33.015677155216196 146
    endloop
  endfacet
  facet normal 0 0 1
    outer loop
      vertex 89.00988424460252 7.653140523822543 146
      vertex 89.08427105184961 7.86103772282145 146
      vertex 90.10235734214149 33.015677155216196 146
    endloop
  endfacet
  facet normal 0 0 -1
    outer loop
      vertex 99.16300000000001 0 138
      vertex 92.90227352006616 8.427384889368199 138
      vertex 84.16300000000001 42 138
    endloop
  endfacet
  facet normal 0 0 -1
    outer loop
      vertex 84.16300000000001 42 138
      vertex 92.90227352006616 8.427384889368199 138
      vertex 92.75399025766973 8.59099025766973 138
    endloop
  endfacet
  facet normal 0 0 -1
    outer loop
      vertex 84.16300000000001 42 138
      vertex 92.75399025766973 8.59099025766973 138
      vertex 92.59038488936824 8.739273520066163 138
    endloop
  endfacet
  facet normal 0 0 -1
    outer loop
      vertex 84.16300000000001 42 138
      vertex 92.59038488936824 8.739273520066163 138
      vertex 92.41303302429412 8.870806627680722 138
    endloop
  endfacet
  facet normal 0 0 -1
    outer loop
      vertex 84.16300000000001 42 138
      vertex 92.22364265785853 8.984322844783804 138
      vertex 92.02403772282145 9.078728948150399 138
    endloop
  endfacet
  facet normal 0 0 -1
    outer loop
      vertex 84.16300000000001 42 138
      vertex 92.41303302429412 8.870806627680722 138
      vertex 92.22364265785853 8.984322844783804 138
    endloop
  endfacet
  facet normal 0 0 -1
    outer loop
      vertex 84.16300000000001 42 138
      vertex 92.02403772282145 9.078728948150399 138
      vertex 91.81614052382253 9.153115755397465 138
    endloop
  endfacet
  facet normal 0 0 -1
    outer loop
      vertex 84.16300000000001 42 138
      vertex 91.81614052382253 9.153115755397465 138
      vertex 91.60195322453632 9.206766880907267 138
    endloop
  endfacet
  facet normal 0 0 -1
    outer loop
      vertex 84.16300000000001 42 138
      vertex 91.3835385657415 9.23916563501244 138
      vertex 91.16300000000001 9.25 138
    endloop
  endfacet
  facet normal 0 0 -1
    outer loop
      vertex 84.16300000000001 42 138
      vertex 91.60195322453632 9.206766880907267 138
      vertex 91.3835385657415 9.23916563501244 138
    endloop
  endfacet
  facet normal 0 0 -1
    outer loop
      vertex 84.16300000000001 42 138
      vertex 91.16300000000001 9.25 138
      vertex 90.94246143425852 9.23916563501244 138
    endloop
  endfacet
  facet normal 0 0 -1
    outer loop
      vertex 84.16300000000001 42 138
      vertex 90.94246143425852 9.23916563501244 138
      vertex 90.7240467754637 9.206766880907267 138
    endloop
  endfacet
  facet normal 0 0 -1
    outer loop
      vertex 84.16300000000001 42 138
      vertex 90.7240467754637 9.206766880907267 138
      vertex 90.5098594761775 9.153115755397465 138
    endloop
  endfacet
  facet normal 0 0 -1
    outer loop
      vertex 84.16300000000001 42 138
      vertex 90.30196227717857 9.078728948150399 138
      vertex 90.10235734214149 8.984322844783804 138
    endloop
  endfacet
  facet normal 0 0 -1
    outer loop
      vertex 84.16300000000001 42 138
      vertex 90.5098594761775 9.153115755397465 138
      vertex 90.30196227717857 9.078728948150399 138
    endloop
  endfacet
  facet normal 0 0 -1
    outer loop
      vertex 84.16300000000001 42 138
      vertex 89.73561511063178 8.739273520066163 138
      vertex 89.5720097423303 8.59099025766973 138
    endloop
  endfacet
  facet normal 0 0 -1
    outer loop
      vertex 84.16300000000001 42 138
      vertex 89.9129669757059 8.870806627680722 138
      vertex 89.73561511063178 8.739273520066163 138
    endloop
  endfacet
  facet normal 0 0 -1
    outer loop
      vertex 84.16300000000001 42 138
      vertex 90.10235734214149 8.984322844783804 138
      vertex 89.9129669757059 8.870806627680722 138
    endloop
  endfacet
  facet normal 0 0 1
    outer loop
      vertex 92.41303302429412 8.870806627680722 146
      vertex 92.41303302429412 33.12919337231928 146
      vertex 92.22364265785853 8.984322844783804 146
    endloop
  endfacet
  facet normal 0 0 1
    outer loop
      vertex 92.22364265785853 8.984322844783804 146
      vertex 92.22364265785853 33.015677155216196 146
      vertex 92.02403772282145 9.078728948150399 146
    endloop
  endfacet
  facet normal 0 0 1
    outer loop
      vertex 92.02403772282145 9.078728948150399 146
      vertex 92.02403772282145 32.9212710518496 146
      vertex 91.81614052382253 9.153115755397465 146
    endloop
  endfacet
  facet normal 0 0 1
    outer loop
      vertex 91.81614052382253 9.153115755397465 146
      vertex 91.81614052382253 32.846884244602535 146
      vertex 91.60195322453632 9.206766880907267 146
    endloop
  endfacet
  facet normal 0 0 1
    outer loop
      vertex 91.60195322453632 9.206766880907267 146
      vertex 91.60195322453632 32.79323311909273 146
      vertex 91.3835385657415 9.23916563501244 146
    endloop
  endfacet
  facet normal 0 0 1
    outer loop
      vertex 91.3835385657415 9.23916563501244 146
      vertex 91.3835385657415 32.76083436498756 146
      vertex 91.16300000000001 9.25 146
    endloop
  endfacet
  facet normal 0 0 1
    outer loop
      vertex 91.16300000000001 9.25 146
      vertex 91.16300000000001 32.75 146
      vertex 90.94246143425852 9.23916563501244 146
    endloop
  endfacet
  facet normal 0 0 1
    outer loop
      vertex 90.94246143425852 9.23916563501244 146
      vertex 90.94246143425852 32.76083436498756 146
      vertex 90.7240467754637 9.206766880907267 146
    endloop
  endfacet
  facet normal 0 0 1
    outer loop
      vertex 90.7240467754637 9.206766880907267 146
      vertex 90.7240467754637 32.79323311909273 146
      vertex 90.5098594761775 9.153115755397465 146
    endloop
  endfacet
  facet normal 0 0 1
    outer loop
      vertex 90.5098594761775 9.153115755397465 146
      vertex 90.5098594761775 32.846884244602535 146
      vertex 90.30196227717857 9.078728948150399 146
    endloop
  endfacet
  facet normal 0 0 1
    outer loop
      vertex 90.30196227717857 9.078728948150399 146
      vertex 90.30196227717857 32.9212710518496 146
      vertex 90.10235734214149 8.984322844783804 146
    endloop
  endfacet
  facet normal 0 0 1
    outer loop
      vertex 90.10235734214149 8.984322844783804 146
      vertex 90.10235734214149 33.015677155216196 146
      vertex 89.9129669757059 8.870806627680722 146
    endloop
  endfacet
  facet normal 0 0 1
    outer loop
      vertex 89.73561511063178 8.739273520066163 146
      vertex 90.10235734214149 33.015677155216196 146
      vertex 89.5720097423303 8.59099025766973 146
    endloop
  endfacet
  facet normal 0 0 1
    outer loop
      vertex 89.42372647993386 8.427384889368199 146
      vertex 89.5720097423303 8.59099025766973 146
      vertex 90.10235734214149 33.015677155216196 146
    endloop
  endfacet
  facet normal 0 0 1
    outer loop
      vertex 89.9129669757059 8.870806627680722 146
      vertex 90.10235734214149 33.015677155216196 146
      vertex 89.73561511063178 8.739273520066163 146
    endloop
  endfacet
  facet normal 0 0 1
    outer loop
      vertex 89.29219337231928 8.250033024294112 146
      vertex 89.42372647993386 8.427384889368199 146
      vertex 90.10235734214149 33.015677155216196 146
    endloop
  endfacet
  facet normal 0 0 -1
    outer loop
      vertex 64.16300000000001 29.400000000000006 138
      vertex 89.42372647993386 8.427384889368199 138
      vertex 89.29219337231928 8.250033024294112 138
    endloop
  endfacet
  facet normal 0 0 -1
    outer loop
      vertex 64.16300000000001 29.400000000000006 138
      vertex 89.5720097423303 8.59099025766973 138
      vertex 89.42372647993386 8.427384889368199 138
    endloop
  endfacet
  facet normal 0 0 -1
    outer loop
      vertex 99.16300000000001 0 138
      vertex 49.16300000000001 0 138
      vertex 91.3835385657415 4.760834364987559 138
    endloop
  endfacet
  facet normal 0 0 -1
    outer loop
      vertex 89.73561511063178 5.260726479933837 138
      vertex 58.59038488936824 5.260726479933837 138
      vertex 89.5720097423303 5.409009742330269 138
    endloop
  endfacet
  facet normal 0 0 -1
    outer loop
      vertex 89.5720097423303 5.409009742330269 138
      vertex 58.75399025766973 5.409009742330269 138
      vertex 89.42372647993386 5.572615110631801 138
    endloop
  endfacet
  facet normal 0 0 -1
    outer loop
      vertex 49.16300000000001 0 138
      vertex 91.16300000000001 4.75 138
      vertex 91.3835385657415 4.760834364987559 138
    endloop
  endfacet
  facet normal 0 0 -1
    outer loop
      vertex 49.16300000000001 0 138
      vertex 90.94246143425852 4.760834364987559 138
      vertex 91.16300000000001 4.75 138
    endloop
  endfacet
  facet normal 0 0 -1
    outer loop
      vertex 49.16300000000001 0 138
      vertex 90.7240467754637 4.793233119092733 138
      vertex 90.94246143425852 4.760834364987559 138
    endloop
  endfacet
  facet normal 0 0 -1
    outer loop
      vertex 49.16300000000001 0 138
      vertex 90.5098594761775 4.846884244602535 138
      vertex 90.7240467754637 4.793233119092733 138
    endloop
  endfacet
  facet normal 0 0 -1
    outer loop
      vertex 49.16300000000001 0 138
      vertex 90.30196227717857 4.921271051849601 138
      vertex 90.5098594761775 4.846884244602535 138
    endloop
  endfacet
  facet normal 0 0 -1
    outer loop
      vertex 49.16300000000001 0 138
      vertex 90.10235734214149 5.015677155216196 138
      vertex 90.30196227717857 4.921271051849601 138
    endloop
  endfacet
  facet normal 0 0 -1
    outer loop
      vertex 49.16300000000001 0 138
      vertex 89.9129669757059 5.129193372319278 138
      vertex 90.10235734214149 5.015677155216196 138
    endloop
  endfacet
  facet normal 0 0 -1
    outer loop
      vertex 49.16300000000001 0 138
      vertex 89.73561511063178 5.260726479933837 138
      vertex 89.9129669757059 5.129193372319278 138
    endloop
  endfacet
  facet normal 0 0 1
    outer loop
      vertex 90.94246143425852 4.760834364987559 146
      vertex 58.59038488936824 5.260726479933837 146
      vertex 91.16300000000001 4.75 146
    endloop
  endfacet
  facet normal 0 0 1
    outer loop
      vertex 90.7240467754637 4.793233119092733 146
      vertex 58.59038488936824 5.260726479933837 146
      vertex 90.94246143425852 4.760834364987559 146
    endloop
  endfacet
  facet normal 0 0 1
    outer loop
      vertex 90.5098594761775 4.846884244602535 146
      vertex 58.59038488936824 5.260726479933837 146
      vertex 90.7240467754637 4.793233119092733 146
    endloop
  endfacet
  facet normal 0 0 1
    outer loop
      vertex 90.30196227717857 4.921271051849601 146
      vertex 58.59038488936824 5.260726479933837 146
      vertex 90.5098594761775 4.846884244602535 146
    endloop
  endfacet
  facet normal 0 0 1
    outer loop
      vertex 90.10235734214149 5.015677155216196 146
      vertex 58.59038488936824 5.260726479933837 146
      vertex 90.30196227717857 4.921271051849601 146
    endloop
  endfacet
  facet normal 0 0 1
    outer loop
      vertex 89.9129669757059 5.129193372319278 146
      vertex 58.59038488936824 5.260726479933837 146
      vertex 90.10235734214149 5.015677155216196 146
    endloop
  endfacet
  facet normal 0 0 1
    outer loop
      vertex 89.73561511063178 5.260726479933837 146
      vertex 58.59038488936824 5.260726479933837 146
      vertex 89.9129669757059 5.129193372319278 146
    endloop
  endfacet
  facet normal 0 0 1
    outer loop
      vertex 89.5720097423303 5.409009742330269 146
      vertex 58.75399025766973 5.409009742330269 146
      vertex 89.73561511063178 5.260726479933837 146
    endloop
  endfacet
  facet normal 0 0 -1
    outer loop
      vertex 89.29219337231928 5.749966975705888 138
      vertex 89.42372647993386 5.572615110631801 138
      vertex 58.90227352006616 5.572615110631801 138
    endloop
  endfacet
  facet normal 0 0 -1
    outer loop
      vertex 89.17867715521623 5.939357342141506 138
      vertex 89.29219337231928 5.749966975705888 138
      vertex 59.03380662768075 5.749966975705888 138
    endloop
  endfacet
  facet normal 0 0 -1
    outer loop
      vertex 89.08427105184961 6.13896227717855 138
      vertex 89.17867715521623 5.939357342141506 138
      vertex 59.14732284478379 5.939357342141506 138
    endloop
  endfacet
  facet normal 0 0 -1
    outer loop
      vertex 89.00988424460252 6.346859476177457 138
      vertex 89.08427105184961 6.13896227717855 138
      vertex 59.24172894815041 6.13896227717855 138
    endloop
  endfacet
  facet normal 0 0 -1
    outer loop
      vertex 88.95623311909276 6.5610467754637085 138
      vertex 89.00988424460252 6.346859476177457 138
      vertex 59.316115755397504 6.346859476177457 138
    endloop
  endfacet
  facet normal 0 0 -1
    outer loop
      vertex 88.92383436498756 6.779461434258494 138
      vertex 88.95623311909276 6.5610467754637085 138
      vertex 59.369766880907264 6.5610467754637085 138
    endloop
  endfacet
  facet normal 0 0 -1
    outer loop
      vertex 88.91300000000001 7 138
      vertex 88.92383436498756 6.779461434258494 138
      vertex 59.402165635012466 6.779461434258494 138
    endloop
  endfacet
  facet normal 0 0 -1
    outer loop
      vertex 88.92383436498756 7.220538565741506 138
      vertex 88.91300000000001 7 138
      vertex 59.41300000000001 7 138
    endloop
  endfacet
  facet normal 0 0 -1
    outer loop
      vertex 88.95623311909276 7.4389532245362915 138
      vertex 88.92383436498756 7.220538565741506 138
      vertex 59.402165635012466 7.220538565741506 138
    endloop
  endfacet
  facet normal 0 0 -1
    outer loop
      vertex 89.00988424460252 7.653140523822543 138
      vertex 88.95623311909276 7.4389532245362915 138
      vertex 59.369766880907264 7.4389532245362915 138
    endloop
  endfacet
  facet normal 0 0 -1
    outer loop
      vertex 89.08427105184961 7.86103772282145 138
      vertex 89.00988424460252 7.653140523822543 138
      vertex 59.316115755397504 7.653140523822543 138
    endloop
  endfacet
  facet normal 0 0 1
    outer loop
      vertex 89.5720097423303 5.409009742330269 146
      vertex 89.42372647993386 5.572615110631801 146
      vertex 58.90227352006616 5.572615110631801 146
    endloop
  endfacet
  facet normal 0 0 1
    outer loop
      vertex 89.42372647993386 5.572615110631801 146
      vertex 89.29219337231928 5.749966975705888 146
      vertex 59.03380662768075 5.749966975705888 146
    endloop
  endfacet
  facet normal 0 0 1
    outer loop
      vertex 89.29219337231928 5.749966975705888 146
      vertex 89.17867715521623 5.939357342141506 146
      vertex 59.14732284478379 5.939357342141506 146
    endloop
  endfacet
  facet normal 0 0 1
    outer loop
      vertex 89.17867715521623 5.939357342141506 146
      vertex 89.08427105184961 6.13896227717855 146
      vertex 59.24172894815041 6.13896227717855 146
    endloop
  endfacet
  facet normal 0 0 1
    outer loop
      vertex 89.08427105184961 6.13896227717855 146
      vertex 89.00988424460252 6.346859476177457 146
      vertex 59.316115755397504 6.346859476177457 146
    endloop
  endfacet
  facet normal 0 0 1
    outer loop
      vertex 89.00988424460252 6.346859476177457 146
      vertex 88.95623311909276 6.5610467754637085 146
      vertex 59.369766880907264 6.5610467754637085 146
    endloop
  endfacet
  facet normal 0 0 1
    outer loop
      vertex 88.95623311909276 6.5610467754637085 146
      vertex 88.92383436498756 6.779461434258494 146
      vertex 59.402165635012466 6.779461434258494 146
    endloop
  endfacet
  facet normal 0 0 1
    outer loop
      vertex 88.92383436498756 6.779461434258494 146
      vertex 88.91300000000001 7 146
      vertex 59.41300000000001 7 146
    endloop
  endfacet
  facet normal 0 0 1
    outer loop
      vertex 88.91300000000001 7 146
      vertex 88.92383436498756 7.220538565741506 146
      vertex 59.402165635012466 7.220538565741506 146
    endloop
  endfacet
  facet normal 0 0 1
    outer loop
      vertex 88.92383436498756 7.220538565741506 146
      vertex 88.95623311909276 7.4389532245362915 146
      vertex 59.369766880907264 7.4389532245362915 146
    endloop
  endfacet
  facet normal 0 0 1
    outer loop
      vertex 88.95623311909276 7.4389532245362915 146
      vertex 89.00988424460252 7.653140523822543 146
      vertex 59.316115755397504 7.653140523822543 146
    endloop
  endfacet
  facet normal 0 0 1
    outer loop
      vertex 99.16300000000001 0 146
      vertex 58.41303302429412 5.129193372319278 146
      vertex 58.223642657858534 5.015677155216196 146
    endloop
  endfacet
  facet normal 0 0 1
    outer loop
      vertex 99.16300000000001 0 146
      vertex 58.223642657858534 5.015677155216196 146
      vertex 58.02403772282145 4.921271051849601 146
    endloop
  endfacet
  facet normal 0 0 1
    outer loop
      vertex 99.16300000000001 0 146
      vertex 58.02403772282145 4.921271051849601 146
      vertex 57.816140523822526 4.846884244602535 146
    endloop
  endfacet
  facet normal 0 0 1
    outer loop
      vertex 99.16300000000001 0 146
      vertex 58.59038488936824 5.260726479933837 146
      vertex 58.41303302429412 5.129193372319278 146
    endloop
  endfacet
  facet normal 0 0 1
    outer loop
      vertex 99.16300000000001 0 146
      vertex 57.60195322453632 4.793233119092733 146
      vertex 57.3835385657415 4.760834364987559 146
    endloop
  endfacet
  facet normal 0 0 1
    outer loop
      vertex 99.16300000000001 0 146
      vertex 57.816140523822526 4.846884244602535 146
      vertex 57.60195322453632 4.793233119092733 146
    endloop
  endfacet
  facet normal 0 0 1
    outer loop
      vertex 99.16300000000001 0 146
      vertex 57.3835385657415 4.760834364987559 146
      vertex 57.16300000000001 4.75 146
    endloop
  endfacet
  facet normal 0 0 1
    outer loop
      vertex 99.16300000000001 0 146
      vertex 57.16300000000001 4.75 146
      vertex 56.94246143425852 4.760834364987559 146
    endloop
  endfacet
  facet normal 0 0 -1
    outer loop
      vertex 64.16300000000001 29.400000000000006 138
      vertex 89.17867715521623 8.060642657858494 138
      vertex 89.08427105184961 7.86103772282145 138
    endloop
  endfacet
  facet normal 0 0 -1
    outer loop
      vertex 64.16300000000001 29.400000000000006 138
      vertex 89.29219337231928 8.250033024294112 138
      vertex 89.17867715521623 8.060642657858494 138
    endloop
  endfacet
  facet normal 0 0 1
    outer loop
      vertex 89.00988424460252 7.653140523822543 146
      vertex 90.10235734214149 33.015677155216196 146
      vertex 59.316115755397504 7.653140523822543 146
    endloop
  endfacet
  facet normal 0 0 -1
    outer loop
      vertex 64.16300000000001 29.400000000000006 138
      vertex 89.08427105184961 7.86103772282145 138
      vertex 59.24172894815041 7.86103772282145 138
    endloop
  endfacet
  facet normal 0 0 1
    outer loop
      vertex 90.10235734214149 33.015677155216196 146
      vertex 59.24172894815041 7.86103772282145 146
      vertex 59.316115755397504 7.653140523822543 146
    endloop
  endfacet
  facet normal 0 0 1
    outer loop
      vertex 89.9129669757059 33.12919337231928 146
      vertex 59.14732284478379 8.060642657858494 146
      vertex 59.24172894815041 7.86103772282145 146
    endloop
  endfacet
  facet normal 0 0 -1
    outer loop
      vertex 99.16300000000001 0 138
      vertex 84.16300000000001 42 138
      vertex 89.29219337231928 33.74996697570589 138
    endloop
  endfacet
  facet normal 0 0 1
    outer loop
      vertex 92.41303302429412 8.870806627680722 146
      vertex 92.59038488936824 33.26072647993384 146
      vertex 92.41303302429412 33.12919337231928 146
    endloop
  endfacet
  facet normal 0 0 1
    outer loop
      vertex 92.22364265785853 8.984322844783804 146
      vertex 92.41303302429412 33.12919337231928 146
      vertex 92.22364265785853 33.015677155216196 146
    endloop
  endfacet
  facet normal 0 0 1
    outer loop
      vertex 92.02403772282145 9.078728948150399 146
      vertex 92.22364265785853 33.015677155216196 146
      vertex 92.02403772282145 32.9212710518496 146
    endloop
  endfacet
  facet normal 0 0 1
    outer loop
      vertex 91.81614052382253 9.153115755397465 146
      vertex 92.02403772282145 32.9212710518496 146
      vertex 91.81614052382253 32.846884244602535 146
    endloop
  endfacet
  facet normal 0 0 1
    outer loop
      vertex 91.60195322453632 9.206766880907267 146
      vertex 91.81614052382253 32.846884244602535 146
      vertex 91.60195322453632 32.79323311909273 146
    endloop
  endfacet
  facet normal 0 0 1
    outer loop
      vertex 91.3835385657415 9.23916563501244 146
      vertex 91.60195322453632 32.79323311909273 146
      vertex 91.3835385657415 32.76083436498756 146
    endloop
  endfacet
  facet normal 0 0 1
    outer loop
      vertex 91.16300000000001 9.25 146
      vertex 91.3835385657415 32.76083436498756 146
      vertex 91.16300000000001 32.75 146
    endloop
  endfacet
  facet normal 0 0 1
    outer loop
      vertex 90.94246143425852 9.23916563501244 146
      vertex 91.16300000000001 32.75 146
      vertex 90.94246143425852 32.76083436498756 146
    endloop
  endfacet
  facet normal 0 0 1
    outer loop
      vertex 90.7240467754637 9.206766880907267 146
      vertex 90.94246143425852 32.76083436498756 146
      vertex 90.7240467754637 32.79323311909273 146
    endloop
  endfacet
  facet normal 0 0 1
    outer loop
      vertex 90.5098594761775 9.153115755397465 146
      vertex 90.7240467754637 32.79323311909273 146
      vertex 90.5098594761775 32.846884244602535 146
    endloop
  endfacet
  facet normal 0 0 1
    outer loop
      vertex 90.30196227717857 9.078728948150399 146
      vertex 90.5098594761775 32.846884244602535 146
      vertex 90.30196227717857 32.9212710518496 146
    endloop
  endfacet
  facet normal 0 0 1
    outer loop
      vertex 90.10235734214149 8.984322844783804 146
      vertex 90.30196227717857 32.9212710518496 146
      vertex 90.10235734214149 33.015677155216196 146
    endloop
  endfacet
  facet normal -0.42755509343019843 0.903989293123483 0
    outer loop
      vertex 92.22364265785853 33.015677155216196 138
      vertex 92.02403772282145 32.9212710518496 138
      vertex 92.22364265785853 33.015677155216196 146
    endloop
  endfacet
  facet normal -0.33688985339217165 0.9415440651830381 0
    outer loop
      vertex 92.02403772282145 32.9212710518496 138
      vertex 91.81614052382253 32.846884244602535 138
      vertex 92.02403772282145 32.9212710518496 146
    endloop
  endfacet
  facet normal -0.24298017990332407 0.970031253194529 0
    outer loop
      vertex 91.81614052382253 32.846884244602535 138
      vertex 91.60195322453632 32.79323311909273 138
      vertex 91.81614052382253 32.846884244602535 146
    endloop
  endfacet
  facet normal -0.14673047445533385 0.9891765099647851 0
    outer loop
      vertex 91.60195322453632 32.79323311909273 138
      vertex 91.3835385657415 32.76083436498756 138
      vertex 91.60195322453632 32.79323311909273 146
    endloop
  endfacet
  facet normal -0.049067674327432614 0.9987954562051716 0
    outer loop
      vertex 91.3835385657415 32.76083436498756 138
      vertex 91.16300000000001 32.75 138
      vertex 91.3835385657415 32.76083436498756 146
    endloop
  endfacet
  facet normal 0.049067674327432614 0.9987954562051716 0
    outer loop
      vertex 91.16300000000001 32.75 138
      vertex 90.94246143425852 32.76083436498756 138
      vertex 91.16300000000001 32.75 146
    endloop
  endfacet
  facet normal 0.14673047445533385 0.9891765099647851 0
    outer loop
      vertex 90.94246143425852 32.76083436498756 138
      vertex 90.7240467754637 32.79323311909273 138
      vertex 90.94246143425852 32.76083436498756 146
    endloop
  endfacet
  facet normal 0.24298017990332407 0.970031253194529 0
    outer loop
      vertex 90.7240467754637 32.79323311909273 138
      vertex 90.5098594761775 32.846884244602535 138
      vertex 90.7240467754637 32.79323311909273 146
    endloop
  endfacet
  facet normal 0.33688985339217165 0.9415440651830381 0
    outer loop
      vertex 90.5098594761775 32.846884244602535 138
      vertex 90.30196227717857 32.9212710518496 138
      vertex 90.5098594761775 32.846884244602535 146
    endloop
  endfacet
  facet normal 0.42755509343019843 0.903989293123483 0
    outer loop
      vertex 90.30196227717857 32.9212710518496 138
      vertex 90.10235734214149 33.015677155216196 138
      vertex 90.30196227717857 32.9212710518496 146
    endloop
  endfacet
  facet normal -0.42755509343019843 0.903989293123483 0
    outer loop
      vertex 92.02403772282145 32.9212710518496 138
      vertex 92.02403772282145 32.9212710518496 146
      vertex 92.22364265785853 33.015677155216196 146
    endloop
  endfacet
  facet normal -0.33688985339217165 0.9415440651830381 0
    outer loop
      vertex 91.81614052382253 32.846884244602535 138
      vertex 91.81614052382253 32.846884244602535 146
      vertex 92.02403772282145 32.9212710518496 146
    endloop
  endfacet
  facet normal -0.24298017990332407 0.970031253194529 0
    outer loop
      vertex 91.60195322453632 32.79323311909273 138
      vertex 91.60195322453632 32.79323311909273 146
      vertex 91.81614052382253 32.846884244602535 146
    endloop
  endfacet
  facet normal -0.14673047445533385 0.9891765099647851 0
    outer loop
      vertex 91.3835385657415 32.76083436498756 138
      vertex 91.3835385657415 32.76083436498756 146
      vertex 91.60195322453632 32.79323311909273 146
    endloop
  endfacet
  facet normal -0.049067674327432614 0.9987954562051716 0
    outer loop
      vertex 91.16300000000001 32.75 138
      vertex 91.16300000000001 32.75 146
      vertex 91.3835385657415 32.76083436498756 146
    endloop
  endfacet
  facet normal 0.049067674327432614 0.9987954562051716 0
    outer loop
      vertex 90.94246143425852 32.76083436498756 138
      vertex 90.94246143425852 32.76083436498756 146
      vertex 91.16300000000001 32.75 146
    endloop
  endfacet
  facet normal 0.14673047445533385 0.9891765099647851 0
    outer loop
      vertex 90.7240467754637 32.79323311909273 138
      vertex 90.7240467754637 32.79323311909273 146
      vertex 90.94246143425852 32.76083436498756 146
    endloop
  endfacet
  facet normal 0.24298017990332407 0.970031253194529 0
    outer loop
      vertex 90.5098594761775 32.846884244602535 138
      vertex 90.5098594761775 32.846884244602535 146
      vertex 90.7240467754637 32.79323311909273 146
    endloop
  endfacet
  facet normal 0.33688985339217165 0.9415440651830381 0
    outer loop
      vertex 90.30196227717857 32.9212710518496 138
      vertex 90.30196227717857 32.9212710518496 146
      vertex 90.5098594761775 32.846884244602535 146
    endloop
  endfacet
  facet normal 0.42755509343019843 0.903989293123483 0
    outer loop
      vertex 90.10235734214149 33.015677155216196 138
      vertex 90.10235734214149 33.015677155216196 146
      vertex 90.30196227717857 32.9212710518496 146
    endloop
  endfacet
  facet normal -0.5141027441933003 0.8577286100002249 0
    outer loop
      vertex 92.41303302429412 33.12919337231928 138
      vertex 92.22364265785853 33.015677155216196 138
      vertex 92.41303302429412 33.12919337231928 146
    endloop
  endfacet
  facet normal 0.5141027441933003 0.8577286100002249 0
    outer loop
      vertex 90.10235734214149 33.015677155216196 138
      vertex 89.9129669757059 33.12919337231928 138
      vertex 90.10235734214149 33.015677155216196 146
    endloop
  endfacet
  facet normal 0.5956993044923643 0.8032075314806961 0
    outer loop
      vertex 89.9129669757059 33.12919337231928 138
      vertex 89.73561511063178 33.26072647993384 138
      vertex 89.9129669757059 33.12919337231928 146
    endloop
  endfacet
  facet normal 0.6715589548471254 0.7409511253548622 0
    outer loop
      vertex 89.73561511063178 33.26072647993384 138
      vertex 89.5720097423303 33.40900974233027 138
      vertex 89.73561511063178 33.26072647993384 146
    endloop
  endfacet
  facet normal -0.5956993044923643 -0.8032075314806961 0
    outer loop
      vertex 92.41303302429412 36.87080662768072 138
      vertex 92.59038488936824 36.73927352006616 138
      vertex 92.41303302429412 36.87080662768072 146
    endloop
  endfacet
  facet normal -0.5141027441933003 -0.8577286100002249 0
    outer loop
      vertex 92.22364265785853 36.984322844783804 138
      vertex 92.41303302429412 36.87080662768072 138
      vertex 92.22364265785853 36.984322844783804 146
    endloop
  endfacet
  facet normal -0.42755509343019843 -0.903989293123483 0
    outer loop
      vertex 92.02403772282145 37.0787289481504 138
      vertex 92.22364265785853 36.984322844783804 138
      vertex 92.02403772282145 37.0787289481504 146
    endloop
  endfacet
  facet normal -0.33688985339217165 -0.9415440651830381 0
    outer loop
      vertex 91.81614052382253 37.153115755397465 138
      vertex 92.02403772282145 37.0787289481504 138
      vertex 91.81614052382253 37.153115755397465 146
    endloop
  endfacet
  facet normal -0.24298017990332407 -0.970031253194529 0
    outer loop
      vertex 91.60195322453632 37.20676688090727 138
      vertex 91.81614052382253 37.153115755397465 138
      vertex 91.60195322453632 37.20676688090727 146
    endloop
  endfacet
  facet normal -0.14673047445533385 -0.9891765099647851 0
    outer loop
      vertex 91.3835385657415 37.23916563501244 138
      vertex 91.60195322453632 37.20676688090727 138
      vertex 91.3835385657415 37.23916563501244 146
    endloop
  endfacet
  facet normal -0.049067674327432614 -0.9987954562051716 0
    outer loop
      vertex 91.16300000000001 37.25 138
      vertex 91.3835385657415 37.23916563501244 138
      vertex 91.16300000000001 37.25 146
    endloop
  endfacet
  facet normal 0.33688985339217165 -0.9415440651830381 0
    outer loop
      vertex 90.30196227717857 37.0787289481504 138
      vertex 90.5098594761775 37.153115755397465 138
      vertex 90.30196227717857 37.0787289481504 146
    endloop
  endfacet
  facet normal 0.42755509343019843 -0.903989293123483 0
    outer loop
      vertex 90.30196227717857 37.0787289481504 138
      vertex 90.10235734214149 36.984322844783804 146
      vertex 90.10235734214149 36.984322844783804 138
    endloop
  endfacet
  facet normal 0.5141027441933003 -0.8577286100002249 0
    outer loop
      vertex 89.9129669757059 36.87080662768072 138
      vertex 90.10235734214149 36.984322844783804 138
      vertex 89.9129669757059 36.87080662768072 146
    endloop
  endfacet
  facet normal 0.6715589548471254 -0.7409511253548622 0
    outer loop
      vertex 89.73561511063178 36.73927352006616 138
      vertex 89.5720097423303 36.59099025766973 146
      vertex 89.5720097423303 36.59099025766973 138
    endloop
  endfacet
  facet normal 0.5956993044923643 -0.8032075314806961 0
    outer loop
      vertex 89.73561511063178 36.73927352006616 138
      vertex 89.9129669757059 36.87080662768072 138
      vertex 89.73561511063178 36.73927352006616 146
    endloop
  endfacet
  facet normal 0.049067674327432614 -0.9987954562051716 0
    outer loop
      vertex 90.94246143425852 37.23916563501244 138
      vertex 91.16300000000001 37.25 138
      vertex 90.94246143425852 37.23916563501244 146
    endloop
  endfacet
  facet normal 0.14673047445533385 -0.9891765099647851 0
    outer loop
      vertex 90.7240467754637 37.20676688090727 138
      vertex 90.94246143425852 37.23916563501244 138
      vertex 90.7240467754637 37.20676688090727 146
    endloop
  endfacet
  facet normal 0.24298017990332407 -0.970031253194529 0
    outer loop
      vertex 90.5098594761775 37.153115755397465 138
      vertex 90.7240467754637 37.20676688090727 138
      vertex 90.5098594761775 37.153115755397465 146
    endloop
  endfacet
  facet normal 0.7409511253549493 0.6715589548470293 0
    outer loop
      vertex 89.5720097423303 33.40900974233027 138
      vertex 89.42372647993386 33.5726151106318 138
      vertex 89.5720097423303 33.40900974233027 146
    endloop
  endfacet
  facet normal 0.8032075314805889 0.595699304492509 0
    outer loop
      vertex 89.29219337231928 33.74996697570589 138
      vertex 89.42372647993386 33.5726151106318 146
      vertex 89.42372647993386 33.5726151106318 138
    endloop
  endfacet
  facet normal 0.8577286100003442 0.5141027441931014 0
    outer loop
      vertex 89.17867715521623 33.939357342141506 138
      vertex 89.29219337231928 33.74996697570589 146
      vertex 89.29219337231928 33.74996697570589 138
    endloop
  endfacet
  facet normal 0.9039892931233978 0.42755509343037823 0
    outer loop
      vertex 89.08427105184961 34.13896227717855 138
      vertex 89.17867715521623 33.939357342141506 146
      vertex 89.17867715521623 33.939357342141506 138
    endloop
  endfacet
  facet normal 0.9415440651829899 0.3368898533923061 0
    outer loop
      vertex 89.00988424460252 34.34685947617746 138
      vertex 89.08427105184961 34.13896227717855 146
      vertex 89.08427105184961 34.13896227717855 138
    endloop
  endfacet
  facet normal 0.9700312531945858 0.2429801799030969 0
    outer loop
      vertex 88.95623311909276 34.56104677546371 138
      vertex 89.00988424460252 34.34685947617746 146
      vertex 89.00988424460252 34.34685947617746 138
    endloop
  endfacet
  facet normal 0.9891765099647637 0.14673047445547852 0
    outer loop
      vertex 88.92383436498756 34.779461434258494 138
      vertex 88.95623311909276 34.56104677546371 146
      vertex 88.95623311909276 34.56104677546371 138
    endloop
  endfacet
  facet normal 0.998795456205175 0.04906767432736526 0
    outer loop
      vertex 88.92383436498756 34.779461434258494 138
      vertex 88.91300000000001 35 138
      vertex 88.92383436498756 34.779461434258494 146
    endloop
  endfacet
  facet normal 0.998795456205175 -0.04906767432736526 0
    outer loop
      vertex 88.91300000000001 35 138
      vertex 88.92383436498756 35.220538565741506 138
      vertex 88.91300000000001 35 146
    endloop
  endfacet
  facet normal 0.9891765099647637 -0.14673047445547852 0
    outer loop
      vertex 88.95623311909276 35.43895322453629 138
      vertex 88.92383436498756 35.220538565741506 146
      vertex 88.92383436498756 35.220538565741506 138
    endloop
  endfacet
  facet normal 0.9700312531945858 -0.2429801799030969 0
    outer loop
      vertex 89.00988424460252 35.65314052382254 138
      vertex 88.95623311909276 35.43895322453629 146
      vertex 88.95623311909276 35.43895322453629 138
    endloop
  endfacet
  facet normal 0.9415440651829899 -0.3368898533923061 0
    outer loop
      vertex 89.08427105184961 35.86103772282145 138
      vertex 89.00988424460252 35.65314052382254 146
      vertex 89.00988424460252 35.65314052382254 138
    endloop
  endfacet
  facet normal 0 0 -1
    outer loop
      vertex 84.16300000000001 42 138
      vertex 89.17867715521623 33.939357342141506 138
      vertex 89.29219337231928 33.74996697570589 138
    endloop
  endfacet
  facet normal 0 0 -1
    outer loop
      vertex 84.16300000000001 42 138
      vertex 89.08427105184961 34.13896227717855 138
      vertex 89.17867715521623 33.939357342141506 138
    endloop
  endfacet
  facet normal 0 0 -1
    outer loop
      vertex 84.16300000000001 42 138
      vertex 89.00988424460252 34.34685947617746 138
      vertex 89.08427105184961 34.13896227717855 138
    endloop
  endfacet
  facet normal 0 0 -1
    outer loop
      vertex 84.16300000000001 42 138
      vertex 88.92383436498756 34.779461434258494 138
      vertex 88.95623311909276 34.56104677546371 138
    endloop
  endfacet
  facet normal 0 0 -1
    outer loop
      vertex 84.16300000000001 42 138
      vertex 88.95623311909276 34.56104677546371 138
      vertex 89.00988424460252 34.34685947617746 138
    endloop
  endfacet
  facet normal 0 0 -1
    outer loop
      vertex 84.16300000000001 42 138
      vertex 89.73561511063178 36.73927352006616 138
      vertex 89.5720097423303 36.59099025766973 138
    endloop
  endfacet
  facet normal 0 0 -1
    outer loop
      vertex 84.16300000000001 42 138
      vertex 89.17867715521623 36.060642657858494 138
      vertex 89.08427105184961 35.86103772282145 138
    endloop
  endfacet
  facet normal 0 0 -1
    outer loop
      vertex 84.16300000000001 42 138
      vertex 89.29219337231928 36.25003302429411 138
      vertex 89.17867715521623 36.060642657858494 138
    endloop
  endfacet
  facet normal 0 0 -1
    outer loop
      vertex 84.16300000000001 42 138
      vertex 89.42372647993386 36.4273848893682 138
      vertex 89.29219337231928 36.25003302429411 138
    endloop
  endfacet
  facet normal 0 0 -1
    outer loop
      vertex 84.16300000000001 42 138
      vertex 89.5720097423303 36.59099025766973 138
      vertex 89.42372647993386 36.4273848893682 138
    endloop
  endfacet
  facet normal 0 0 -1
    outer loop
      vertex 84.16300000000001 42 138
      vertex 88.91300000000001 35 138
      vertex 88.92383436498756 34.779461434258494 138
    endloop
  endfacet
  facet normal 0 0 -1
    outer loop
      vertex 84.16300000000001 42 138
      vertex 88.92383436498756 35.220538565741506 138
      vertex 88.91300000000001 35 138
    endloop
  endfacet
  facet normal 0 0 -1
    outer loop
      vertex 84.16300000000001 42 138
      vertex 88.95623311909276 35.43895322453629 138
      vertex 88.92383436498756 35.220538565741506 138
    endloop
  endfacet
  facet normal 0 0 -1
    outer loop
      vertex 84.16300000000001 42 138
      vertex 89.00988424460252 35.65314052382254 138
      vertex 88.95623311909276 35.43895322453629 138
    endloop
  endfacet
  facet normal 0 0 -1
    outer loop
      vertex 84.16300000000001 42 138
      vertex 89.08427105184961 35.86103772282145 138
      vertex 89.00988424460252 35.65314052382254 138
    endloop
  endfacet
  facet normal 0.8032075314805889 -0.595699304492509 0
    outer loop
      vertex 89.42372647993386 36.4273848893682 138
      vertex 89.29219337231928 36.25003302429411 146
      vertex 89.29219337231928 36.25003302429411 138
    endloop
  endfacet
  facet normal 0.9039892931233978 -0.42755509343037823 0
    outer loop
      vertex 89.17867715521623 36.060642657858494 138
      vertex 89.08427105184961 35.86103772282145 146
      vertex 89.08427105184961 35.86103772282145 138
    endloop
  endfacet
  facet normal 0.8577286100003442 -0.5141027441931014 0
    outer loop
      vertex 89.29219337231928 36.25003302429411 138
      vertex 89.17867715521623 36.060642657858494 146
      vertex 89.17867715521623 36.060642657858494 138
    endloop
  endfacet
  facet normal 0.7409511253549493 -0.6715589548470293 0
    outer loop
      vertex 89.5720097423303 36.59099025766973 138
      vertex 89.42372647993386 36.4273848893682 146
      vertex 89.42372647993386 36.4273848893682 138
    endloop
  endfacet
  facet normal -0.5956993044923643 0.8032075314806961 0
    outer loop
      vertex 92.41303302429412 33.12919337231928 138
      vertex 92.41303302429412 33.12919337231928 146
      vertex 92.59038488936824 33.26072647993384 146
    endloop
  endfacet
  facet normal -0.5141027441933003 0.8577286100002249 0
    outer loop
      vertex 92.22364265785853 33.015677155216196 138
      vertex 92.22364265785853 33.015677155216196 146
      vertex 92.41303302429412 33.12919337231928 146
    endloop
  endfacet
  facet normal 0.5141027441933003 0.8577286100002249 0
    outer loop
      vertex 89.9129669757059 33.12919337231928 138
      vertex 89.9129669757059 33.12919337231928 146
      vertex 90.10235734214149 33.015677155216196 146
    endloop
  endfacet
  facet normal 0.5956993044923643 0.8032075314806961 0
    outer loop
      vertex 89.73561511063178 33.26072647993384 138
      vertex 89.73561511063178 33.26072647993384 146
      vertex 89.9129669757059 33.12919337231928 146
    endloop
  endfacet
  facet normal 0.6715589548471254 0.7409511253548622 0
    outer loop
      vertex 89.5720097423303 33.40900974233027 138
      vertex 89.5720097423303 33.40900974233027 146
      vertex 89.73561511063178 33.26072647993384 146
    endloop
  endfacet
  facet normal -0.5141027441933003 -0.8577286100002249 0
    outer loop
      vertex 92.41303302429412 36.87080662768072 138
      vertex 92.41303302429412 36.87080662768072 146
      vertex 92.22364265785853 36.984322844783804 146
    endloop
  endfacet
  facet normal -0.42755509343019843 -0.903989293123483 0
    outer loop
      vertex 92.22364265785853 36.984322844783804 138
      vertex 92.22364265785853 36.984322844783804 146
      vertex 92.02403772282145 37.0787289481504 146
    endloop
  endfacet
  facet normal -0.33688985339217165 -0.9415440651830381 0
    outer loop
      vertex 92.02403772282145 37.0787289481504 138
      vertex 92.02403772282145 37.0787289481504 146
      vertex 91.81614052382253 37.153115755397465 146
    endloop
  endfacet
  facet normal -0.24298017990332407 -0.970031253194529 0
    outer loop
      vertex 91.81614052382253 37.153115755397465 138
      vertex 91.81614052382253 37.153115755397465 146
      vertex 91.60195322453632 37.20676688090727 146
    endloop
  endfacet
  facet normal -0.14673047445533385 -0.9891765099647851 0
    outer loop
      vertex 91.60195322453632 37.20676688090727 138
      vertex 91.60195322453632 37.20676688090727 146
      vertex 91.3835385657415 37.23916563501244 146
    endloop
  endfacet
  facet normal -0.049067674327432614 -0.9987954562051716 0
    outer loop
      vertex 91.3835385657415 37.23916563501244 138
      vertex 91.3835385657415 37.23916563501244 146
      vertex 91.16300000000001 37.25 146
    endloop
  endfacet
  facet normal 0.049067674327432614 -0.9987954562051716 0
    outer loop
      vertex 91.16300000000001 37.25 138
      vertex 91.16300000000001 37.25 146
      vertex 90.94246143425852 37.23916563501244 146
    endloop
  endfacet
  facet normal 0.42755509343019843 -0.903989293123483 0
    outer loop
      vertex 90.30196227717857 37.0787289481504 138
      vertex 90.30196227717857 37.0787289481504 146
      vertex 90.10235734214149 36.984322844783804 146
    endloop
  endfacet
  facet normal 0.5141027441933003 -0.8577286100002249 0
    outer loop
      vertex 90.10235734214149 36.984322844783804 138
      vertex 90.10235734214149 36.984322844783804 146
      vertex 89.9129669757059 36.87080662768072 146
    endloop
  endfacet
  facet normal 0.6715589548471254 -0.7409511253548622 0
    outer loop
      vertex 89.73561511063178 36.73927352006616 138
      vertex 89.73561511063178 36.73927352006616 146
      vertex 89.5720097423303 36.59099025766973 146
    endloop
  endfacet
  facet normal 0.5956993044923643 -0.8032075314806961 0
    outer loop
      vertex 89.9129669757059 36.87080662768072 138
      vertex 89.9129669757059 36.87080662768072 146
      vertex 89.73561511063178 36.73927352006616 146
    endloop
  endfacet
  facet normal 0.14673047445533385 -0.9891765099647851 0
    outer loop
      vertex 90.94246143425852 37.23916563501244 138
      vertex 90.94246143425852 37.23916563501244 146
      vertex 90.7240467754637 37.20676688090727 146
    endloop
  endfacet
  facet normal 0.24298017990332407 -0.970031253194529 0
    outer loop
      vertex 90.7240467754637 37.20676688090727 138
      vertex 90.7240467754637 37.20676688090727 146
      vertex 90.5098594761775 37.153115755397465 146
    endloop
  endfacet
  facet normal 0.33688985339217165 -0.9415440651830381 0
    outer loop
      vertex 90.5098594761775 37.153115755397465 138
      vertex 90.5098594761775 37.153115755397465 146
      vertex 90.30196227717857 37.0787289481504 146
    endloop
  endfacet
  facet normal 0.7409511253549493 0.6715589548470293 0
    outer loop
      vertex 89.42372647993386 33.5726151106318 138
      vertex 89.42372647993386 33.5726151106318 146
      vertex 89.5720097423303 33.40900974233027 146
    endloop
  endfacet
  facet normal 0.8032075314805889 0.595699304492509 0
    outer loop
      vertex 89.42372647993386 33.5726151106318 146
      vertex 89.29219337231928 33.74996697570589 138
      vertex 89.29219337231928 33.74996697570589 146
    endloop
  endfacet
  facet normal 0.8577286100003442 0.5141027441931014 0
    outer loop
      vertex 89.17867715521623 33.939357342141506 138
      vertex 89.17867715521623 33.939357342141506 146
      vertex 89.29219337231928 33.74996697570589 146
    endloop
  endfacet
  facet normal 0.9039892931233978 0.42755509343037823 0
    outer loop
      vertex 89.08427105184961 34.13896227717855 138
      vertex 89.08427105184961 34.13896227717855 146
      vertex 89.17867715521623 33.939357342141506 146
    endloop
  endfacet
  facet normal 0.9415440651829899 0.3368898533923061 0
    outer loop
      vertex 89.08427105184961 34.13896227717855 146
      vertex 89.00988424460252 34.34685947617746 138
      vertex 89.00988424460252 34.34685947617746 146
    endloop
  endfacet
  facet normal 0.9700312531945858 0.2429801799030969 0
    outer loop
      vertex 88.95623311909276 34.56104677546371 138
      vertex 88.95623311909276 34.56104677546371 146
      vertex 89.00988424460252 34.34685947617746 146
    endloop
  endfacet
  facet normal 0.9891765099647637 0.14673047445547852 0
    outer loop
      vertex 88.92383436498756 34.779461434258494 138
      vertex 88.92383436498756 34.779461434258494 146
      vertex 88.95623311909276 34.56104677546371 146
    endloop
  endfacet
  facet normal 0.998795456205175 0.04906767432736526 0
    outer loop
      vertex 88.91300000000001 35 138
      vertex 88.91300000000001 35 146
      vertex 88.92383436498756 34.779461434258494 146
    endloop
  endfacet
  facet normal 0.998795456205175 -0.04906767432736526 0
    outer loop
      vertex 88.92383436498756 35.220538565741506 138
      vertex 88.92383436498756 35.220538565741506 146
      vertex 88.91300000000001 35 146
    endloop
  endfacet
  facet normal 0.9891765099647637 -0.14673047445547852 0
    outer loop
      vertex 88.95623311909276 35.43895322453629 138
      vertex 88.95623311909276 35.43895322453629 146
      vertex 88.92383436498756 35.220538565741506 146
    endloop
  endfacet
  facet normal 0.9700312531945858 -0.2429801799030969 0
    outer loop
      vertex 89.00988424460252 35.65314052382254 138
      vertex 89.00988424460252 35.65314052382254 146
      vertex 88.95623311909276 35.43895322453629 146
    endloop
  endfacet
  facet normal 0.8577286100003442 -0.5141027441931014 0
    outer loop
      vertex 89.29219337231928 36.25003302429411 138
      vertex 89.29219337231928 36.25003302429411 146
      vertex 89.17867715521623 36.060642657858494 146
    endloop
  endfacet
  facet normal 0.8032075314805889 -0.595699304492509 0
    outer loop
      vertex 89.42372647993386 36.4273848893682 138
      vertex 89.42372647993386 36.4273848893682 146
      vertex 89.29219337231928 36.25003302429411 146
    endloop
  endfacet
  facet normal 0.9039892931233978 -0.42755509343037823 0
    outer loop
      vertex 89.17867715521623 36.060642657858494 138
      vertex 89.17867715521623 36.060642657858494 146
      vertex 89.08427105184961 35.86103772282145 146
    endloop
  endfacet
  facet normal 0.9415440651829899 -0.3368898533923061 0
    outer loop
      vertex 89.08427105184961 35.86103772282145 138
      vertex 89.08427105184961 35.86103772282145 146
      vertex 89.00988424460252 35.65314052382254 146
    endloop
  endfacet
  facet normal 0.7409511253549493 -0.6715589548470293 0
    outer loop
      vertex 89.5720097423303 36.59099025766973 138
      vertex 89.5720097423303 36.59099025766973 146
      vertex 89.42372647993386 36.4273848893682 146
    endloop
  endfacet
  facet normal 0 0 1
    outer loop
      vertex 84.16300000000001 42 146
      vertex 88.95623311909276 34.56104677546371 146
      vertex 88.92383436498756 34.779461434258494 146
    endloop
  endfacet
  facet normal 0 0 1
    outer loop
      vertex 84.16300000000001 42 146
      vertex 89.5720097423303 36.59099025766973 146
      vertex 89.73561511063178 36.73927352006616 146
    endloop
  endfacet
  facet normal 0 0 1
    outer loop
      vertex 84.16300000000001 42 146
      vertex 89.08427105184961 35.86103772282145 146
      vertex 89.17867715521623 36.060642657858494 146
    endloop
  endfacet
  facet normal 0 0 1
    outer loop
      vertex 84.16300000000001 42 146
      vertex 89.17867715521623 36.060642657858494 146
      vertex 89.29219337231928 36.25003302429411 146
    endloop
  endfacet
  facet normal 0 0 1
    outer loop
      vertex 84.16300000000001 42 146
      vertex 89.29219337231928 36.25003302429411 146
      vertex 89.42372647993386 36.4273848893682 146
    endloop
  endfacet
  facet normal 0 0 1
    outer loop
      vertex 84.16300000000001 42 146
      vertex 89.42372647993386 36.4273848893682 146
      vertex 89.5720097423303 36.59099025766973 146
    endloop
  endfacet
  facet normal 0 0 1
    outer loop
      vertex 84.16300000000001 42 146
      vertex 88.92383436498756 34.779461434258494 146
      vertex 88.91300000000001 35 146
    endloop
  endfacet
  facet normal 0 0 1
    outer loop
      vertex 84.16300000000001 42 146
      vertex 88.91300000000001 35 146
      vertex 88.92383436498756 35.220538565741506 146
    endloop
  endfacet
  facet normal 0 0 1
    outer loop
      vertex 84.16300000000001 42 146
      vertex 88.92383436498756 35.220538565741506 146
      vertex 88.95623311909276 35.43895322453629 146
    endloop
  endfacet
  facet normal 0 0 1
    outer loop
      vertex 84.16300000000001 42 146
      vertex 88.95623311909276 35.43895322453629 146
      vertex 89.00988424460252 35.65314052382254 146
    endloop
  endfacet
  facet normal 0 0 1
    outer loop
      vertex 84.16300000000001 42 146
      vertex 89.00988424460252 35.65314052382254 146
      vertex 89.08427105184961 35.86103772282145 146
    endloop
  endfacet
  facet normal 0 0 -1
    outer loop
      vertex 98.16300000000001 42 138
      vertex 92.02403772282145 37.0787289481504 138
      vertex 84.16300000000001 42 138
    endloop
  endfacet
  facet normal 0 0 -1
    outer loop
      vertex 84.16300000000001 42 138
      vertex 92.02403772282145 37.0787289481504 138
      vertex 91.81614052382253 37.153115755397465 138
    endloop
  endfacet
  facet normal 0 0 -1
    outer loop
      vertex 84.16300000000001 42 138
      vertex 91.81614052382253 37.153115755397465 138
      vertex 91.60195322453632 37.20676688090727 138
    endloop
  endfacet
  facet normal 0 0 -1
    outer loop
      vertex 84.16300000000001 42 138
      vertex 91.60195322453632 37.20676688090727 138
      vertex 91.3835385657415 37.23916563501244 138
    endloop
  endfacet
  facet normal 0 0 -1
    outer loop
      vertex 84.16300000000001 42 138
      vertex 91.3835385657415 37.23916563501244 138
      vertex 91.16300000000001 37.25 138
    endloop
  endfacet
  facet normal 0 0 -1
    outer loop
      vertex 84.16300000000001 42 138
      vertex 91.16300000000001 37.25 138
      vertex 90.94246143425852 37.23916563501244 138
    endloop
  endfacet
  facet normal 0 0 -1
    outer loop
      vertex 84.16300000000001 42 138
      vertex 90.94246143425852 37.23916563501244 138
      vertex 90.7240467754637 37.20676688090727 138
    endloop
  endfacet
  facet normal 0 0 -1
    outer loop
      vertex 84.16300000000001 42 138
      vertex 90.7240467754637 37.20676688090727 138
      vertex 90.5098594761775 37.153115755397465 138
    endloop
  endfacet
  facet normal 0 0 -1
    outer loop
      vertex 84.16300000000001 42 138
      vertex 90.5098594761775 37.153115755397465 138
      vertex 90.30196227717857 37.0787289481504 138
    endloop
  endfacet
  facet normal 0 0 -1
    outer loop
      vertex 84.16300000000001 42 138
      vertex 90.30196227717857 37.0787289481504 138
      vertex 90.10235734214149 36.984322844783804 138
    endloop
  endfacet
  facet normal 0 0 -1
    outer loop
      vertex 84.16300000000001 42 138
      vertex 90.10235734214149 36.984322844783804 138
      vertex 89.9129669757059 36.87080662768072 138
    endloop
  endfacet
  facet normal 0 0 -1
    outer loop
      vertex 84.16300000000001 42 138
      vertex 89.9129669757059 36.87080662768072 138
      vertex 89.73561511063178 36.73927352006616 138
    endloop
  endfacet
  facet normal 0 0 1
    outer loop
      vertex 98.16300000000001 42 146
      vertex 84.16300000000001 42 146
      vertex 90.30196227717857 37.0787289481504 146
    endloop
  endfacet
  facet normal 0 0 1
    outer loop
      vertex 84.16300000000001 42 146
      vertex 90.10235734214149 36.984322844783804 146
      vertex 90.30196227717857 37.0787289481504 146
    endloop
  endfacet
  facet normal 0 0 1
    outer loop
      vertex 84.16300000000001 42 146
      vertex 89.9129669757059 36.87080662768072 146
      vertex 90.10235734214149 36.984322844783804 146
    endloop
  endfacet
  facet normal 0 0 1
    outer loop
      vertex 84.16300000000001 42 146
      vertex 89.73561511063178 36.73927352006616 146
      vertex 89.9129669757059 36.87080662768072 146
    endloop
  endfacet
  facet normal 0 0 -1
    outer loop
      vertex 84.16300000000001 42 138
      vertex 89.5720097423303 8.59099025766973 138
      vertex 64.16300000000001 29.400000000000006 138
    endloop
  endfacet
  facet normal 0 0 1
    outer loop
      vertex 89.9129669757059 33.12919337231928 146
      vertex 59.24172894815041 7.86103772282145 146
      vertex 90.10235734214149 33.015677155216196 146
    endloop
  endfacet
  facet normal 0 0 1
    outer loop
      vertex 89.73561511063178 33.26072647993384 146
      vertex 59.14732284478379 8.060642657858494 146
      vertex 89.9129669757059 33.12919337231928 146
    endloop
  endfacet
  facet normal 0 0 1
    outer loop
      vertex 89.5720097423303 33.40900974233027 146
      vertex 59.03380662768075 8.250033024294112 146
      vertex 89.73561511063178 33.26072647993384 146
    endloop
  endfacet
  facet normal 0 0 1
    outer loop
      vertex 58.90227352006616 8.427384889368199 146
      vertex 89.5720097423303 33.40900974233027 146
      vertex 89.42372647993386 33.5726151106318 146
    endloop
  endfacet
  facet normal 0 0 1
    outer loop
      vertex 89.42372647993386 33.5726151106318 146
      vertex 89.29219337231928 33.74996697570589 146
      vertex 58.90227352006616 8.427384889368199 146
    endloop
  endfacet
  facet normal 0 0 1
    outer loop
      vertex 58.90227352006616 8.427384889368199 146
      vertex 89.29219337231928 33.74996697570589 146
      vertex 89.17867715521623 33.939357342141506 146
    endloop
  endfacet
  facet normal 0 0 1
    outer loop
      vertex 58.90227352006616 8.427384889368199 146
      vertex 89.17867715521623 33.939357342141506 146
      vertex 89.08427105184961 34.13896227717855 146
    endloop
  endfacet
  facet normal 0 0 1
    outer loop
      vertex 89.08427105184961 34.13896227717855 146
      vertex 89.00988424460252 34.34685947617746 146
      vertex 58.75399025766973 8.59099025766973 146
    endloop
  endfacet
  facet normal 0 0 1
    outer loop
      vertex 89.00988424460252 34.34685947617746 146
      vertex 88.95623311909276 34.56104677546371 146
      vertex 58.75399025766973 8.59099025766973 146
    endloop
  endfacet
  facet normal 0 0 1
    outer loop
      vertex 84.16300000000001 42 146
      vertex 58.75399025766973 8.59099025766973 146
      vertex 88.95623311909276 34.56104677546371 146
    endloop
  endfacet
  facet normal 0 1 0
    outer loop
      vertex 84.16300000000001 42 138
      vertex 64.16300000000001 42 138
      vertex 84.16300000000001 42 146
    endloop
  endfacet
  facet normal 0 0 -1
    outer loop
      vertex 84.16300000000001 42 138
      vertex 64.16300000000001 29.400000000000006 138
      vertex 64.16300000000001 42 138
    endloop
  endfacet
  facet normal 0 1 0
    outer loop
      vertex 84.16300000000001 42 146
      vertex 64.16300000000001 42 138
      vertex 64.16300000000001 42 146
    endloop
  endfacet
  facet normal 0 0 -1
    outer loop
      vertex 89.73561511063178 5.260726479933837 138
      vertex 58.223642657858534 5.015677155216196 138
      vertex 58.41303302429412 5.129193372319278 138
    endloop
  endfacet
  facet normal 0 0 -1
    outer loop
      vertex 89.73561511063178 5.260726479933837 138
      vertex 58.41303302429412 5.129193372319278 138
      vertex 58.59038488936824 5.260726479933837 138
    endloop
  endfacet
  facet normal 0 0 -1
    outer loop
      vertex 89.5720097423303 5.409009742330269 138
      vertex 58.59038488936824 5.260726479933837 138
      vertex 58.75399025766973 5.409009742330269 138
    endloop
  endfacet
  facet normal 0 -1 0
    outer loop
      vertex 99.16300000000001 0 138
      vertex 49.16300000000001 0 146
      vertex 49.16300000000001 0 138
    endloop
  endfacet
  facet normal 0 0 -1
    outer loop
      vertex 49.16300000000001 0 138
      vertex 58.223642657858534 5.015677155216196 138
      vertex 89.73561511063178 5.260726479933837 138
    endloop
  endfacet
  facet normal 0 0 1
    outer loop
      vertex 99.16300000000001 0 146
      vertex 56.94246143425852 4.760834364987559 146
      vertex 49.16300000000001 0 146
    endloop
  endfacet
  facet normal 0 0 1
    outer loop
      vertex 89.73561511063178 5.260726479933837 146
      vertex 58.75399025766973 5.409009742330269 146
      vertex 58.59038488936824 5.260726479933837 146
    endloop
  endfacet
  facet normal 0 0 1
    outer loop
      vertex 89.5720097423303 5.409009742330269 146
      vertex 58.90227352006616 5.572615110631801 146
      vertex 58.75399025766973 5.409009742330269 146
    endloop
  endfacet
  facet normal 0 0 -1
    outer loop
      vertex 89.42372647993386 5.572615110631801 138
      vertex 58.75399025766973 5.409009742330269 138
      vertex 58.90227352006616 5.572615110631801 138
    endloop
  endfacet
  facet normal 0 0 -1
    outer loop
      vertex 89.29219337231928 5.749966975705888 138
      vertex 58.90227352006616 5.572615110631801 138
      vertex 59.03380662768075 5.749966975705888 138
    endloop
  endfacet
  facet normal 0 0 -1
    outer loop
      vertex 89.17867715521623 5.939357342141506 138
      vertex 59.03380662768075 5.749966975705888 138
      vertex 59.14732284478379 5.939357342141506 138
    endloop
  endfacet
  facet normal 0 0 -1
    outer loop
      vertex 89.08427105184961 6.13896227717855 138
      vertex 59.14732284478379 5.939357342141506 138
      vertex 59.24172894815041 6.13896227717855 138
    endloop
  endfacet
  facet normal 0 0 -1
    outer loop
      vertex 88.95623311909276 6.5610467754637085 138
      vertex 59.316115755397504 6.346859476177457 138
      vertex 59.369766880907264 6.5610467754637085 138
    endloop
  endfacet
  facet normal 0 0 -1
    outer loop
      vertex 89.00988424460252 6.346859476177457 138
      vertex 59.24172894815041 6.13896227717855 138
      vertex 59.316115755397504 6.346859476177457 138
    endloop
  endfacet
  facet normal 0 0 -1
    outer loop
      vertex 88.92383436498756 6.779461434258494 138
      vertex 59.369766880907264 6.5610467754637085 138
      vertex 59.402165635012466 6.779461434258494 138
    endloop
  endfacet
  facet normal 0 0 -1
    outer loop
      vertex 88.91300000000001 7 138
      vertex 59.402165635012466 6.779461434258494 138
      vertex 59.41300000000001 7 138
    endloop
  endfacet
  facet normal 0 0 -1
    outer loop
      vertex 88.92383436498756 7.220538565741506 138
      vertex 59.41300000000001 7 138
      vertex 59.402165635012466 7.220538565741506 138
    endloop
  endfacet
  facet normal 0 0 -1
    outer loop
      vertex 88.95623311909276 7.4389532245362915 138
      vertex 59.402165635012466 7.220538565741506 138
      vertex 59.369766880907264 7.4389532245362915 138
    endloop
  endfacet
  facet normal 0 0 -1
    outer loop
      vertex 89.00988424460252 7.653140523822543 138
      vertex 59.369766880907264 7.4389532245362915 138
      vertex 59.316115755397504 7.653140523822543 138
    endloop
  endfacet
  facet normal 0 0 -1
    outer loop
      vertex 89.08427105184961 7.86103772282145 138
      vertex 59.316115755397504 7.653140523822543 138
      vertex 59.24172894815041 7.86103772282145 138
    endloop
  endfacet
  facet normal 0 0 1
    outer loop
      vertex 89.42372647993386 5.572615110631801 146
      vertex 59.03380662768075 5.749966975705888 146
      vertex 58.90227352006616 5.572615110631801 146
    endloop
  endfacet
  facet normal 0 0 1
    outer loop
      vertex 89.29219337231928 5.749966975705888 146
      vertex 59.14732284478379 5.939357342141506 146
      vertex 59.03380662768075 5.749966975705888 146
    endloop
  endfacet
  facet normal 0 0 1
    outer loop
      vertex 89.17867715521623 5.939357342141506 146
      vertex 59.24172894815041 6.13896227717855 146
      vertex 59.14732284478379 5.939357342141506 146
    endloop
  endfacet
  facet normal 0 0 1
    outer loop
      vertex 89.08427105184961 6.13896227717855 146
      vertex 59.316115755397504 6.346859476177457 146
      vertex 59.24172894815041 6.13896227717855 146
    endloop
  endfacet
  facet normal 0 0 1
    outer loop
      vertex 89.00988424460252 6.346859476177457 146
      vertex 59.369766880907264 6.5610467754637085 146
      vertex 59.316115755397504 6.346859476177457 146
    endloop
  endfacet
  facet normal 0 0 1
    outer loop
      vertex 88.95623311909276 6.5610467754637085 146
      vertex 59.402165635012466 6.779461434258494 146
      vertex 59.369766880907264 6.5610467754637085 146
    endloop
  endfacet
  facet normal 0 0 1
    outer loop
      vertex 88.92383436498756 6.779461434258494 146
      vertex 59.41300000000001 7 146
      vertex 59.402165635012466 6.779461434258494 146
    endloop
  endfacet
  facet normal 0 0 1
    outer loop
      vertex 88.91300000000001 7 146
      vertex 59.402165635012466 7.220538565741506 146
      vertex 59.41300000000001 7 146
    endloop
  endfacet
  facet normal 0 0 1
    outer loop
      vertex 88.92383436498756 7.220538565741506 146
      vertex 59.369766880907264 7.4389532245362915 146
      vertex 59.402165635012466 7.220538565741506 146
    endloop
  endfacet
  facet normal 0 0 1
    outer loop
      vertex 88.95623311909276 7.4389532245362915 146
      vertex 59.316115755397504 7.653140523822543 146
      vertex 59.369766880907264 7.4389532245362915 146
    endloop
  endfacet
  facet normal -0.6715589548471254 0.7409511253548622 0
    outer loop
      vertex 58.59038488936824 5.260726479933837 138
      vertex 58.75399025766973 5.409009742330269 146
      vertex 58.75399025766973 5.409009742330269 138
    endloop
  endfacet
  facet normal -0.5141027441933003 0.8577286100002249 0
    outer loop
      vertex 58.41303302429412 5.129193372319278 146
      vertex 58.41303302429412 5.129193372319278 138
      vertex 58.223642657858534 5.015677155216196 138
    endloop
  endfacet
  facet normal -0.5956993044923643 0.8032075314806961 0
    outer loop
      vertex 58.59038488936824 5.260726479933837 146
      vertex 58.59038488936824 5.260726479933837 138
      vertex 58.41303302429412 5.129193372319278 138
    endloop
  endfacet
  facet normal -0.42755509343019843 0.903989293123483 0
    outer loop
      vertex 58.223642657858534 5.015677155216196 146
      vertex 58.223642657858534 5.015677155216196 138
      vertex 58.02403772282145 4.921271051849601 138
    endloop
  endfacet
  facet normal -0.33688985339217165 0.9415440651830381 0
    outer loop
      vertex 58.02403772282145 4.921271051849601 146
      vertex 58.02403772282145 4.921271051849601 138
      vertex 57.816140523822526 4.846884244602535 138
    endloop
  endfacet
  facet normal -0.7409511253549493 0.6715589548470293 0
    outer loop
      vertex 58.90227352006616 5.572615110631801 146
      vertex 58.75399025766973 5.409009742330269 138
      vertex 58.75399025766973 5.409009742330269 146
    endloop
  endfacet
  facet normal -0.6715589548471254 0.7409511253548622 0
    outer loop
      vertex 58.59038488936824 5.260726479933837 146
      vertex 58.75399025766973 5.409009742330269 146
      vertex 58.59038488936824 5.260726479933837 138
    endloop
  endfacet
  facet normal -0.5141027441933003 0.8577286100002249 0
    outer loop
      vertex 58.223642657858534 5.015677155216196 146
      vertex 58.41303302429412 5.129193372319278 146
      vertex 58.223642657858534 5.015677155216196 138
    endloop
  endfacet
  facet normal -0.5956993044923643 0.8032075314806961 0
    outer loop
      vertex 58.41303302429412 5.129193372319278 146
      vertex 58.59038488936824 5.260726479933837 146
      vertex 58.41303302429412 5.129193372319278 138
    endloop
  endfacet
  facet normal -0.42755509343019843 0.903989293123483 0
    outer loop
      vertex 58.02403772282145 4.921271051849601 146
      vertex 58.223642657858534 5.015677155216196 146
      vertex 58.02403772282145 4.921271051849601 138
    endloop
  endfacet
  facet normal -0.33688985339217165 0.9415440651830381 0
    outer loop
      vertex 57.816140523822526 4.846884244602535 146
      vertex 58.02403772282145 4.921271051849601 146
      vertex 57.816140523822526 4.846884244602535 138
    endloop
  endfacet
  facet normal -0.9415440651829899 0.3368898533923061 0
    outer loop
      vertex 59.316115755397504 6.346859476177457 146
      vertex 59.316115755397504 6.346859476177457 138
      vertex 59.24172894815041 6.13896227717855 138
    endloop
  endfacet
  facet normal -0.9700312531945858 0.2429801799030969 0
    outer loop
      vertex 59.369766880907264 6.5610467754637085 146
      vertex 59.369766880907264 6.5610467754637085 138
      vertex 59.316115755397504 6.346859476177457 138
    endloop
  endfacet
  facet normal -0.9891765099647637 0.14673047445547852 0
    outer loop
      vertex 59.402165635012466 6.779461434258494 146
      vertex 59.402165635012466 6.779461434258494 138
      vertex 59.369766880907264 6.5610467754637085 138
    endloop
  endfacet
  facet normal -0.998795456205175 0.04906767432736526 0
    outer loop
      vertex 59.41300000000001 7 146
      vertex 59.41300000000001 7 138
      vertex 59.402165635012466 6.779461434258494 138
    endloop
  endfacet
  facet normal -0.998795456205175 -0.04906767432736526 0
    outer loop
      vertex 59.402165635012466 7.220538565741506 146
      vertex 59.402165635012466 7.220538565741506 138
      vertex 59.41300000000001 7 138
    endloop
  endfacet
  facet normal -0.9891765099647637 -0.14673047445547852 0
    outer loop
      vertex 59.369766880907264 7.4389532245362915 146
      vertex 59.369766880907264 7.4389532245362915 138
      vertex 59.402165635012466 7.220538565741506 138
    endloop
  endfacet
  facet normal -0.9700312531945858 -0.2429801799030969 0
    outer loop
      vertex 59.316115755397504 7.653140523822543 146
      vertex 59.316115755397504 7.653140523822543 138
      vertex 59.369766880907264 7.4389532245362915 138
    endloop
  endfacet
  facet normal -0.9415440651829899 -0.3368898533923061 0
    outer loop
      vertex 59.24172894815041 7.86103772282145 146
      vertex 59.24172894815041 7.86103772282145 138
      vertex 59.316115755397504 7.653140523822543 138
    endloop
  endfacet
  facet normal -0.8032075314805889 0.595699304492509 0
    outer loop
      vertex 59.03380662768075 5.749966975705888 146
      vertex 59.03380662768075 5.749966975705888 138
      vertex 58.90227352006616 5.572615110631801 138
    endloop
  endfacet
  facet normal -0.8577286100003442 0.5141027441931014 0
    outer loop
      vertex 59.14732284478379 5.939357342141506 146
      vertex 59.14732284478379 5.939357342141506 138
      vertex 59.03380662768075 5.749966975705888 138
    endloop
  endfacet
  facet normal -0.9039892931233978 0.42755509343037823 0
    outer loop
      vertex 59.24172894815041 6.13896227717855 146
      vertex 59.24172894815041 6.13896227717855 138
      vertex 59.14732284478379 5.939357342141506 138
    endloop
  endfacet
  facet normal -0.7409511253549493 0.6715589548470293 0
    outer loop
      vertex 58.90227352006616 5.572615110631801 146
      vertex 58.90227352006616 5.572615110631801 138
      vertex 58.75399025766973 5.409009742330269 138
    endloop
  endfacet
  facet normal -0.9039892931233978 -0.42755509343037823 0
    outer loop
      vertex 59.14732284478379 8.060642657858494 146
      vertex 59.14732284478379 8.060642657858494 138
      vertex 59.24172894815041 7.86103772282145 138
    endloop
  endfacet
  facet normal -0.8577286100003442 -0.5141027441931014 0
    outer loop
      vertex 59.03380662768075 8.250033024294112 146
      vertex 59.03380662768075 8.250033024294112 138
      vertex 59.14732284478379 8.060642657858494 138
    endloop
  endfacet
  facet normal -0.8032075314805889 -0.595699304492509 0
    outer loop
      vertex 59.03380662768075 8.250033024294112 138
      vertex 58.90227352006616 8.427384889368199 146
      vertex 58.90227352006616 8.427384889368199 138
    endloop
  endfacet
  facet normal -0.7409511253549493 -0.6715589548470293 0
    outer loop
      vertex 58.90227352006616 8.427384889368199 138
      vertex 58.75399025766973 8.59099025766973 146
      vertex 58.75399025766973 8.59099025766973 138
    endloop
  endfacet
  facet normal -0.6715589548471254 -0.7409511253548622 0
    outer loop
      vertex 58.59038488936824 8.739273520066163 138
      vertex 58.75399025766973 8.59099025766973 138
      vertex 58.59038488936824 8.739273520066163 146
    endloop
  endfacet
  facet normal -0.5956993044923643 -0.8032075314806961 0
    outer loop
      vertex 58.41303302429412 8.870806627680722 138
      vertex 58.59038488936824 8.739273520066163 138
      vertex 58.41303302429412 8.870806627680722 146
    endloop
  endfacet
  facet normal -0.5141027441933003 -0.8577286100002249 0
    outer loop
      vertex 58.223642657858534 8.984322844783804 138
      vertex 58.41303302429412 8.870806627680722 138
      vertex 58.223642657858534 8.984322844783804 146
    endloop
  endfacet
  facet normal -0.42755509343019843 -0.903989293123483 0
    outer loop
      vertex 58.02403772282145 9.078728948150399 138
      vertex 58.223642657858534 8.984322844783804 138
      vertex 58.02403772282145 9.078728948150399 146
    endloop
  endfacet
  facet normal -0.33688985339217165 -0.9415440651830381 0
    outer loop
      vertex 57.816140523822526 9.153115755397465 138
      vertex 58.02403772282145 9.078728948150399 138
      vertex 57.816140523822526 9.153115755397465 146
    endloop
  endfacet
  facet normal -0.9415440651829899 0.3368898533923061 0
    outer loop
      vertex 59.316115755397504 6.346859476177457 146
      vertex 59.24172894815041 6.13896227717855 138
      vertex 59.24172894815041 6.13896227717855 146
    endloop
  endfacet
  facet normal -0.9700312531945858 0.2429801799030969 0
    outer loop
      vertex 59.369766880907264 6.5610467754637085 146
      vertex 59.316115755397504 6.346859476177457 138
      vertex 59.316115755397504 6.346859476177457 146
    endloop
  endfacet
  facet normal -0.9891765099647637 0.14673047445547852 0
    outer loop
      vertex 59.402165635012466 6.779461434258494 146
      vertex 59.369766880907264 6.5610467754637085 138
      vertex 59.369766880907264 6.5610467754637085 146
    endloop
  endfacet
  facet normal -0.998795456205175 0.04906767432736526 0
    outer loop
      vertex 59.41300000000001 7 146
      vertex 59.402165635012466 6.779461434258494 138
      vertex 59.402165635012466 6.779461434258494 146
    endloop
  endfacet
  facet normal -0.998795456205175 -0.04906767432736526 0
    outer loop
      vertex 59.402165635012466 7.220538565741506 146
      vertex 59.41300000000001 7 138
      vertex 59.41300000000001 7 146
    endloop
  endfacet
  facet normal -0.9891765099647637 -0.14673047445547852 0
    outer loop
      vertex 59.369766880907264 7.4389532245362915 146
      vertex 59.402165635012466 7.220538565741506 138
      vertex 59.402165635012466 7.220538565741506 146
    endloop
  endfacet
  facet normal -0.9700312531945858 -0.2429801799030969 0
    outer loop
      vertex 59.316115755397504 7.653140523822543 146
      vertex 59.369766880907264 7.4389532245362915 138
      vertex 59.369766880907264 7.4389532245362915 146
    endloop
  endfacet
  facet normal -0.9415440651829899 -0.3368898533923061 0
    outer loop
      vertex 59.24172894815041 7.86103772282145 146
      vertex 59.316115755397504 7.653140523822543 138
      vertex 59.316115755397504 7.653140523822543 146
    endloop
  endfacet
  facet normal -0.8032075314805889 0.595699304492509 0
    outer loop
      vertex 59.03380662768075 5.749966975705888 146
      vertex 58.90227352006616 5.572615110631801 138
      vertex 58.90227352006616 5.572615110631801 146
    endloop
  endfacet
  facet normal -0.8577286100003442 0.5141027441931014 0
    outer loop
      vertex 59.14732284478379 5.939357342141506 146
      vertex 59.03380662768075 5.749966975705888 138
      vertex 59.03380662768075 5.749966975705888 146
    endloop
  endfacet
  facet normal -0.9039892931233978 0.42755509343037823 0
    outer loop
      vertex 59.24172894815041 6.13896227717855 146
      vertex 59.14732284478379 5.939357342141506 138
      vertex 59.14732284478379 5.939357342141506 146
    endloop
  endfacet
  facet normal -0.9039892931233978 -0.42755509343037823 0
    outer loop
      vertex 59.14732284478379 8.060642657858494 146
      vertex 59.24172894815041 7.86103772282145 138
      vertex 59.24172894815041 7.86103772282145 146
    endloop
  endfacet
  facet normal -0.8577286100003442 -0.5141027441931014 0
    outer loop
      vertex 59.03380662768075 8.250033024294112 146
      vertex 59.14732284478379 8.060642657858494 138
      vertex 59.14732284478379 8.060642657858494 146
    endloop
  endfacet
  facet normal -0.8032075314805889 -0.595699304492509 0
    outer loop
      vertex 58.90227352006616 8.427384889368199 146
      vertex 59.03380662768075 8.250033024294112 138
      vertex 59.03380662768075 8.250033024294112 146
    endloop
  endfacet
  facet normal -0.7409511253549493 -0.6715589548470293 0
    outer loop
      vertex 58.90227352006616 8.427384889368199 138
      vertex 58.90227352006616 8.427384889368199 146
      vertex 58.75399025766973 8.59099025766973 146
    endloop
  endfacet
  facet normal -0.6715589548471254 -0.7409511253548622 0
    outer loop
      vertex 58.75399025766973 8.59099025766973 138
      vertex 58.75399025766973 8.59099025766973 146
      vertex 58.59038488936824 8.739273520066163 146
    endloop
  endfacet
  facet normal -0.5956993044923643 -0.8032075314806961 0
    outer loop
      vertex 58.59038488936824 8.739273520066163 138
      vertex 58.59038488936824 8.739273520066163 146
      vertex 58.41303302429412 8.870806627680722 146
    endloop
  endfacet
  facet normal -0.5141027441933003 -0.8577286100002249 0
    outer loop
      vertex 58.41303302429412 8.870806627680722 138
      vertex 58.41303302429412 8.870806627680722 146
      vertex 58.223642657858534 8.984322844783804 146
    endloop
  endfacet
  facet normal -0.42755509343019843 -0.903989293123483 0
    outer loop
      vertex 58.223642657858534 8.984322844783804 138
      vertex 58.223642657858534 8.984322844783804 146
      vertex 58.02403772282145 9.078728948150399 146
    endloop
  endfacet
  facet normal -0.33688985339217165 -0.9415440651830381 0
    outer loop
      vertex 58.02403772282145 9.078728948150399 138
      vertex 58.02403772282145 9.078728948150399 146
      vertex 57.816140523822526 9.153115755397465 146
    endloop
  endfacet
  facet normal 0 0 1
    outer loop
      vertex 89.73561511063178 33.26072647993384 146
      vertex 59.03380662768075 8.250033024294112 146
      vertex 59.14732284478379 8.060642657858494 146
    endloop
  endfacet
  facet normal 0 0 1
    outer loop
      vertex 58.90227352006616 8.427384889368199 146
      vertex 59.03380662768075 8.250033024294112 146
      vertex 89.5720097423303 33.40900974233027 146
    endloop
  endfacet
  facet normal 0 0 1
    outer loop
      vertex 89.08427105184961 34.13896227717855 146
      vertex 58.75399025766973 8.59099025766973 146
      vertex 58.90227352006616 8.427384889368199 146
    endloop
  endfacet
  facet normal 0 0 1
    outer loop
      vertex 84.16300000000001 42 146
      vertex 58.41303302429412 8.870806627680722 146
      vertex 58.59038488936824 8.739273520066163 146
    endloop
  endfacet
  facet normal 0 0 1
    outer loop
      vertex 84.16300000000001 42 146
      vertex 58.59038488936824 8.739273520066163 146
      vertex 58.75399025766973 8.59099025766973 146
    endloop
  endfacet
  facet normal 0 0 1
    outer loop
      vertex 84.16300000000001 42 146
      vertex 58.223642657858534 8.984322844783804 146
      vertex 58.41303302429412 8.870806627680722 146
    endloop
  endfacet
  facet normal 0 0 1
    outer loop
      vertex 84.16300000000001 42 146
      vertex 57.816140523822526 9.153115755397465 146
      vertex 58.02403772282145 9.078728948150399 146
    endloop
  endfacet
  facet normal 0 0 1
    outer loop
      vertex 84.16300000000001 42 146
      vertex 58.02403772282145 9.078728948150399 146
      vertex 58.223642657858534 8.984322844783804 146
    endloop
  endfacet
  facet normal 0 0 1
    outer loop
      vertex 84.16300000000001 42 146
      vertex 57.60195322453632 9.206766880907267 146
      vertex 57.816140523822526 9.153115755397465 146
    endloop
  endfacet
  facet normal 0 0 1
    outer loop
      vertex 84.16300000000001 42 146
      vertex 57.3835385657415 9.23916563501244 146
      vertex 57.60195322453632 9.206766880907267 146
    endloop
  endfacet
  facet normal 0 0 1
    outer loop
      vertex 84.16300000000001 42 146
      vertex 57.16300000000001 9.25 146
      vertex 57.3835385657415 9.23916563501244 146
    endloop
  endfacet
  facet normal 0 0 1
    outer loop
      vertex 84.16300000000001 42 146
      vertex 56.724046775463705 9.206766880907267 146
      vertex 56.94246143425852 9.23916563501244 146
    endloop
  endfacet
  facet normal 0 0 1
    outer loop
      vertex 84.16300000000001 42 146
      vertex 56.94246143425852 9.23916563501244 146
      vertex 57.16300000000001 9.25 146
    endloop
  endfacet
  facet normal 0 0 -1
    outer loop
      vertex 64.16300000000001 29.400000000000006 138
      vertex 59.24172894815041 7.86103772282145 138
      vertex 59.14732284478379 8.060642657858494 138
    endloop
  endfacet
  facet normal 0 0 -1
    outer loop
      vertex 64.16300000000001 29.400000000000006 138
      vertex 59.14732284478379 8.060642657858494 138
      vertex 59.03380662768075 8.250033024294112 138
    endloop
  endfacet
  facet normal 0 0 -1
    outer loop
      vertex 64.16300000000001 29.400000000000006 138
      vertex 59.03380662768075 8.250033024294112 138
      vertex 58.90227352006616 8.427384889368199 138
    endloop
  endfacet
  facet normal 0 0 -1
    outer loop
      vertex 64.16300000000001 29.400000000000006 138
      vertex 58.90227352006616 8.427384889368199 138
      vertex 58.75399025766973 8.59099025766973 138
    endloop
  endfacet
  facet normal 0 0 -1
    outer loop
      vertex 64.16300000000001 29.400000000000006 138
      vertex 58.75399025766973 8.59099025766973 138
      vertex 58.59038488936824 8.739273520066163 138
    endloop
  endfacet
  facet normal 0 0 -1
    outer loop
      vertex 64.16300000000001 29.400000000000006 138
      vertex 58.59038488936824 8.739273520066163 138
      vertex 58.41303302429412 8.870806627680722 138
    endloop
  endfacet
  facet normal 0 0 -1
    outer loop
      vertex 64.16300000000001 29.400000000000006 138
      vertex 58.41303302429412 8.870806627680722 138
      vertex 58.223642657858534 8.984322844783804 138
    endloop
  endfacet
  facet normal 0 0 -1
    outer loop
      vertex 64.16300000000001 29.400000000000006 138
      vertex 58.223642657858534 8.984322844783804 138
      vertex 58.02403772282145 9.078728948150399 138
    endloop
  endfacet
  facet normal 0 0 -1
    outer loop
      vertex 64.16300000000001 29.400000000000006 138
      vertex 58.02403772282145 9.078728948150399 138
      vertex 57.816140523822526 9.153115755397465 138
    endloop
  endfacet
  facet normal 0 0 -1
    outer loop
      vertex 64.16300000000001 29.400000000000006 138
      vertex 57.816140523822526 9.153115755397465 138
      vertex 57.60195322453632 9.206766880907267 138
    endloop
  endfacet
  facet normal 0 0 -1
    outer loop
      vertex 64.16300000000001 29.400000000000006 138
      vertex 57.60195322453632 9.206766880907267 138
      vertex 57.3835385657415 9.23916563501244 138
    endloop
  endfacet
  facet normal 0 0 -1
    outer loop
      vertex 64.16300000000001 29.400000000000006 138
      vertex 57.3835385657415 9.23916563501244 138
      vertex 57.16300000000001 9.25 138
    endloop
  endfacet
  facet normal 0 0 -1
    outer loop
      vertex 64.16300000000001 29.400000000000006 138
      vertex 57.16300000000001 9.25 138
      vertex 56.94246143425852 9.23916563501244 138
    endloop
  endfacet
  facet normal 0 0 -1
    outer loop
      vertex 64.16300000000001 29.400000000000006 138
      vertex 56.94246143425852 9.23916563501244 138
      vertex 56.724046775463705 9.206766880907267 138
    endloop
  endfacet
  facet normal 0 0 -1
    outer loop
      vertex 64.16300000000001 29.400000000000006 138
      vertex 56.10235734214149 8.984322844783804 138
      vertex 55.9129669757059 8.870806627680722 138
    endloop
  endfacet
  facet normal 0 0 -1
    outer loop
      vertex 64.16300000000001 29.400000000000006 138
      vertex 55.9129669757059 8.870806627680722 138
      vertex 55.735615110631784 8.739273520066163 138
    endloop
  endfacet
  facet normal 0 0 -1
    outer loop
      vertex 64.16300000000001 29.400000000000006 138
      vertex 56.724046775463705 9.206766880907267 138
      vertex 56.509859476177496 9.153115755397465 138
    endloop
  endfacet
  facet normal 0 0 -1
    outer loop
      vertex 64.16300000000001 29.400000000000006 138
      vertex 56.509859476177496 9.153115755397465 138
      vertex 56.301962277178575 9.078728948150399 138
    endloop
  endfacet
  facet normal 0 0 -1
    outer loop
      vertex 64.16300000000001 29.400000000000006 138
      vertex 56.301962277178575 9.078728948150399 138
      vertex 56.10235734214149 8.984322844783804 138
    endloop
  endfacet
  facet normal 0 0 -1
    outer loop
      vertex 64.16300000000001 29.400000000000006 138
      vertex 55.735615110631784 8.739273520066163 138
      vertex 55.572009742330295 8.59099025766973 138
    endloop
  endfacet
  facet normal 0 0 -1
    outer loop
      vertex 64.16300000000001 29.400000000000006 138
      vertex 55.572009742330295 8.59099025766973 138
      vertex 55.42372647993386 8.427384889368199 138
    endloop
  endfacet
  facet normal 0 0 1
    outer loop
      vertex 64.16300000000001 42 146
      vertex 55.735615110631784 8.739273520066163 146
      vertex 55.9129669757059 8.870806627680722 146
    endloop
  endfacet
  facet normal 0 0 1
    outer loop
      vertex 64.16300000000001 42 146
      vertex 56.509859476177496 9.153115755397465 146
      vertex 56.724046775463705 9.206766880907267 146
    endloop
  endfacet
  facet normal 0 0 1
    outer loop
      vertex 64.16300000000001 42 146
      vertex 56.301962277178575 9.078728948150399 146
      vertex 56.509859476177496 9.153115755397465 146
    endloop
  endfacet
  facet normal 0 0 1
    outer loop
      vertex 64.16300000000001 42 146
      vertex 56.10235734214149 8.984322844783804 146
      vertex 56.301962277178575 9.078728948150399 146
    endloop
  endfacet
  facet normal 0 0 1
    outer loop
      vertex 64.16300000000001 42 146
      vertex 55.9129669757059 8.870806627680722 146
      vertex 56.10235734214149 8.984322844783804 146
    endloop
  endfacet
  facet normal 0 0 1
    outer loop
      vertex 64.16300000000001 42 146
      vertex 55.42372647993386 8.427384889368199 146
      vertex 55.572009742330295 8.59099025766973 146
    endloop
  endfacet
  facet normal 0 0 1
    outer loop
      vertex 64.16300000000001 42 146
      vertex 55.572009742330295 8.59099025766973 146
      vertex 55.735615110631784 8.739273520066163 146
    endloop
  endfacet
  facet normal 0 0 -1
    outer loop
      vertex 49.16300000000001 0 138
      vertex 58.02403772282145 4.921271051849601 138
      vertex 58.223642657858534 5.015677155216196 138
    endloop
  endfacet
  facet normal 0 0 -1
    outer loop
      vertex 49.16300000000001 0 138
      vertex 57.816140523822526 4.846884244602535 138
      vertex 58.02403772282145 4.921271051849601 138
    endloop
  endfacet
  facet normal -0.14673047445533385 0.9891765099647851 0
    outer loop
      vertex 57.60195322453632 4.793233119092733 146
      vertex 57.60195322453632 4.793233119092733 138
      vertex 57.3835385657415 4.760834364987559 138
    endloop
  endfacet
  facet normal -0.049067674327432614 0.9987954562051716 0
    outer loop
      vertex 57.3835385657415 4.760834364987559 146
      vertex 57.3835385657415 4.760834364987559 138
      vertex 57.16300000000001 4.75 138
    endloop
  endfacet
  facet normal -0.24298017990332407 0.970031253194529 0
    outer loop
      vertex 57.816140523822526 4.846884244602535 146
      vertex 57.816140523822526 4.846884244602535 138
      vertex 57.60195322453632 4.793233119092733 138
    endloop
  endfacet
  facet normal 0.049067674327432614 0.9987954562051716 0
    outer loop
      vertex 57.16300000000001 4.75 146
      vertex 57.16300000000001 4.75 138
      vertex 56.94246143425852 4.760834364987559 138
    endloop
  endfacet
  facet normal 0.14673047445533385 0.9891765099647851 0
    outer loop
      vertex 56.94246143425852 4.760834364987559 146
      vertex 56.94246143425852 4.760834364987559 138
      vertex 56.724046775463705 4.793233119092733 138
    endloop
  endfacet
  facet normal 0.24298017990332407 0.970031253194529 0
    outer loop
      vertex 56.724046775463705 4.793233119092733 146
      vertex 56.724046775463705 4.793233119092733 138
      vertex 56.509859476177496 4.846884244602535 138
    endloop
  endfacet
  facet normal 0.33688985339217165 0.9415440651830381 0
    outer loop
      vertex 56.509859476177496 4.846884244602535 146
      vertex 56.509859476177496 4.846884244602535 138
      vertex 56.301962277178575 4.921271051849601 138
    endloop
  endfacet
  facet normal 0.42755509343019843 0.903989293123483 0
    outer loop
      vertex 56.301962277178575 4.921271051849601 146
      vertex 56.301962277178575 4.921271051849601 138
      vertex 56.10235734214149 5.015677155216196 138
    endloop
  endfacet
  facet normal 0.5141027441933003 0.8577286100002249 0
    outer loop
      vertex 56.10235734214149 5.015677155216196 146
      vertex 56.10235734214149 5.015677155216196 138
      vertex 55.9129669757059 5.129193372319278 138
    endloop
  endfacet
  facet normal 0.5956993044923643 0.8032075314806961 0
    outer loop
      vertex 55.9129669757059 5.129193372319278 146
      vertex 55.9129669757059 5.129193372319278 138
      vertex 55.735615110631784 5.260726479933837 138
    endloop
  endfacet
  facet normal 0.6715589548471254 0.7409511253548622 0
    outer loop
      vertex 55.735615110631784 5.260726479933837 146
      vertex 55.735615110631784 5.260726479933837 138
      vertex 55.572009742330295 5.409009742330269 138
    endloop
  endfacet
  facet normal 0.7409511253549493 0.6715589548470293 0
    outer loop
      vertex 55.572009742330295 5.409009742330269 138
      vertex 55.42372647993386 5.572615110631801 138
      vertex 55.572009742330295 5.409009742330269 146
    endloop
  endfacet
  facet normal 0 0 -1
    outer loop
      vertex 49.16300000000001 0 138
      vertex 57.60195322453632 4.793233119092733 138
      vertex 57.816140523822526 4.846884244602535 138
    endloop
  endfacet
  facet normal 0 0 -1
    outer loop
      vertex 49.16300000000001 0 138
      vertex 57.3835385657415 4.760834364987559 138
      vertex 57.60195322453632 4.793233119092733 138
    endloop
  endfacet
  facet normal 0 0 -1
    outer loop
      vertex 49.16300000000001 0 138
      vertex 57.16300000000001 4.75 138
      vertex 57.3835385657415 4.760834364987559 138
    endloop
  endfacet
  facet normal 0 0 -1
    outer loop
      vertex 49.16300000000001 0 138
      vertex 56.94246143425852 4.760834364987559 138
      vertex 57.16300000000001 4.75 138
    endloop
  endfacet
  facet normal 0 0 -1
    outer loop
      vertex 49.16300000000001 0 138
      vertex 56.724046775463705 4.793233119092733 138
      vertex 56.94246143425852 4.760834364987559 138
    endloop
  endfacet
  facet normal 0 0 -1
    outer loop
      vertex 49.16300000000001 0 138
      vertex 56.509859476177496 4.846884244602535 138
      vertex 56.724046775463705 4.793233119092733 138
    endloop
  endfacet
  facet normal 0 0 -1
    outer loop
      vertex 49.16300000000001 0 138
      vertex 56.301962277178575 4.921271051849601 138
      vertex 56.509859476177496 4.846884244602535 138
    endloop
  endfacet
  facet normal 0 0 -1
    outer loop
      vertex 49.16300000000001 0 138
      vertex 56.10235734214149 5.015677155216196 138
      vertex 56.301962277178575 4.921271051849601 138
    endloop
  endfacet
  facet normal 0 0 -1
    outer loop
      vertex 49.16300000000001 0 138
      vertex 55.9129669757059 5.129193372319278 138
      vertex 56.10235734214149 5.015677155216196 138
    endloop
  endfacet
  facet normal 0 0 -1
    outer loop
      vertex 49.16300000000001 0 138
      vertex 55.735615110631784 5.260726479933837 138
      vertex 55.9129669757059 5.129193372319278 138
    endloop
  endfacet
  facet normal 0 0 -1
    outer loop
      vertex 49.16300000000001 0 138
      vertex 55.572009742330295 5.409009742330269 138
      vertex 55.735615110631784 5.260726479933837 138
    endloop
  endfacet
  facet normal 0 0 -1
    outer loop
      vertex 49.16300000000001 0 138
      vertex 55.42372647993386 5.572615110631801 138
      vertex 55.572009742330295 5.409009742330269 138
    endloop
  endfacet
  facet normal 0 0 -1
    outer loop
      vertex 49.16300000000001 0 138
      vertex 55.292193372319275 5.749966975705888 138
      vertex 55.42372647993386 5.572615110631801 138
    endloop
  endfacet
  facet normal 0 0 -1
    outer loop
      vertex 49.16300000000001 0 138
      vertex 55.178677155216235 5.939357342141506 138
      vertex 55.292193372319275 5.749966975705888 138
    endloop
  endfacet
  facet normal 0 0 -1
    outer loop
      vertex 49.16300000000001 0 138
      vertex 55.08427105184961 6.13896227717855 138
      vertex 55.178677155216235 5.939357342141506 138
    endloop
  endfacet
  facet normal 0 0 -1
    outer loop
      vertex 49.16300000000001 0 138
      vertex 55.00988424460252 6.346859476177457 138
      vertex 55.08427105184961 6.13896227717855 138
    endloop
  endfacet
  facet normal 0 0 -1
    outer loop
      vertex 49.16300000000001 0 138
      vertex 54.95623311909276 6.5610467754637085 138
      vertex 55.00988424460252 6.346859476177457 138
    endloop
  endfacet
  facet normal 0 0 -1
    outer loop
      vertex 49.16300000000001 0 138
      vertex 54.923834364987556 6.779461434258494 138
      vertex 54.95623311909276 6.5610467754637085 138
    endloop
  endfacet
  facet normal 0 0 -1
    outer loop
      vertex 49.16300000000001 0 138
      vertex 54.91300000000001 7 138
      vertex 54.923834364987556 6.779461434258494 138
    endloop
  endfacet
  facet normal 0 0 -1
    outer loop
      vertex 49.16300000000001 0 138
      vertex 54.923834364987556 7.220538565741506 138
      vertex 54.91300000000001 7 138
    endloop
  endfacet
  facet normal 0 0 -1
    outer loop
      vertex 49.16300000000001 0 138
      vertex 55.178677155216235 8.060642657858494 138
      vertex 55.08427105184961 7.86103772282145 138
    endloop
  endfacet
  facet normal 0 0 -1
    outer loop
      vertex 49.16300000000001 0 138
      vertex 55.292193372319275 8.250033024294112 138
      vertex 55.178677155216235 8.060642657858494 138
    endloop
  endfacet
  facet normal 0 0 -1
    outer loop
      vertex 49.16300000000001 0 138
      vertex 54.95623311909276 7.4389532245362915 138
      vertex 54.923834364987556 7.220538565741506 138
    endloop
  endfacet
  facet normal 0 0 -1
    outer loop
      vertex 49.16300000000001 0 138
      vertex 55.00988424460252 7.653140523822543 138
      vertex 54.95623311909276 7.4389532245362915 138
    endloop
  endfacet
  facet normal 0 0 -1
    outer loop
      vertex 49.16300000000001 0 138
      vertex 55.08427105184961 7.86103772282145 138
      vertex 55.00988424460252 7.653140523822543 138
    endloop
  endfacet
  facet normal -0.24298017990332407 0.970031253194529 0
    outer loop
      vertex 57.60195322453632 4.793233119092733 146
      vertex 57.816140523822526 4.846884244602535 146
      vertex 57.60195322453632 4.793233119092733 138
    endloop
  endfacet
  facet normal -0.14673047445533385 0.9891765099647851 0
    outer loop
      vertex 57.3835385657415 4.760834364987559 146
      vertex 57.60195322453632 4.793233119092733 146
      vertex 57.3835385657415 4.760834364987559 138
    endloop
  endfacet
  facet normal -0.049067674327432614 0.9987954562051716 0
    outer loop
      vertex 57.16300000000001 4.75 146
      vertex 57.3835385657415 4.760834364987559 146
      vertex 57.16300000000001 4.75 138
    endloop
  endfacet
  facet normal 0.049067674327432614 0.9987954562051716 0
    outer loop
      vertex 56.94246143425852 4.760834364987559 146
      vertex 57.16300000000001 4.75 146
      vertex 56.94246143425852 4.760834364987559 138
    endloop
  endfacet
  facet normal 0.14673047445533385 0.9891765099647851 0
    outer loop
      vertex 56.724046775463705 4.793233119092733 146
      vertex 56.94246143425852 4.760834364987559 146
      vertex 56.724046775463705 4.793233119092733 138
    endloop
  endfacet
  facet normal 0.24298017990332407 0.970031253194529 0
    outer loop
      vertex 56.509859476177496 4.846884244602535 146
      vertex 56.724046775463705 4.793233119092733 146
      vertex 56.509859476177496 4.846884244602535 138
    endloop
  endfacet
  facet normal 0.33688985339217165 0.9415440651830381 0
    outer loop
      vertex 56.301962277178575 4.921271051849601 146
      vertex 56.509859476177496 4.846884244602535 146
      vertex 56.301962277178575 4.921271051849601 138
    endloop
  endfacet
  facet normal 0.42755509343019843 0.903989293123483 0
    outer loop
      vertex 56.10235734214149 5.015677155216196 146
      vertex 56.301962277178575 4.921271051849601 146
      vertex 56.10235734214149 5.015677155216196 138
    endloop
  endfacet
  facet normal 0.5141027441933003 0.8577286100002249 0
    outer loop
      vertex 55.9129669757059 5.129193372319278 146
      vertex 56.10235734214149 5.015677155216196 146
      vertex 55.9129669757059 5.129193372319278 138
    endloop
  endfacet
  facet normal 0.5956993044923643 0.8032075314806961 0
    outer loop
      vertex 55.735615110631784 5.260726479933837 146
      vertex 55.9129669757059 5.129193372319278 146
      vertex 55.735615110631784 5.260726479933837 138
    endloop
  endfacet
  facet normal 0.6715589548471254 0.7409511253548622 0
    outer loop
      vertex 55.735615110631784 5.260726479933837 146
      vertex 55.572009742330295 5.409009742330269 138
      vertex 55.572009742330295 5.409009742330269 146
    endloop
  endfacet
  facet normal 0 0 1
    outer loop
      vertex 49.16300000000001 0 146
      vertex 56.94246143425852 4.760834364987559 146
      vertex 56.724046775463705 4.793233119092733 146
    endloop
  endfacet
  facet normal 0 0 1
    outer loop
      vertex 49.16300000000001 0 146
      vertex 56.724046775463705 4.793233119092733 146
      vertex 56.509859476177496 4.846884244602535 146
    endloop
  endfacet
  facet normal 0 0 1
    outer loop
      vertex 49.16300000000001 0 146
      vertex 56.509859476177496 4.846884244602535 146
      vertex 56.301962277178575 4.921271051849601 146
    endloop
  endfacet
  facet normal 0 0 1
    outer loop
      vertex 49.16300000000001 0 146
      vertex 56.301962277178575 4.921271051849601 146
      vertex 56.10235734214149 5.015677155216196 146
    endloop
  endfacet
  facet normal 0 0 1
    outer loop
      vertex 49.16300000000001 0 146
      vertex 56.10235734214149 5.015677155216196 146
      vertex 55.9129669757059 5.129193372319278 146
    endloop
  endfacet
  facet normal 0 0 1
    outer loop
      vertex 49.16300000000001 0 146
      vertex 55.9129669757059 5.129193372319278 146
      vertex 55.735615110631784 5.260726479933837 146
    endloop
  endfacet
  facet normal 0 0 1
    outer loop
      vertex 49.16300000000001 0 146
      vertex 55.735615110631784 5.260726479933837 146
      vertex 55.572009742330295 5.409009742330269 146
    endloop
  endfacet
  facet normal 0 0 1
    outer loop
      vertex 49.16300000000001 0 146
      vertex 55.572009742330295 5.409009742330269 146
      vertex 55.42372647993386 5.572615110631801 146
    endloop
  endfacet
  facet normal 0 0 1
    outer loop
      vertex 49.16300000000001 0 146
      vertex 55.42372647993386 5.572615110631801 146
      vertex 55.292193372319275 5.749966975705888 146
    endloop
  endfacet
  facet normal 0 0 1
    outer loop
      vertex 49.16300000000001 0 146
      vertex 55.292193372319275 5.749966975705888 146
      vertex 55.178677155216235 5.939357342141506 146
    endloop
  endfacet
  facet normal 0 0 1
    outer loop
      vertex 49.16300000000001 0 146
      vertex 55.178677155216235 5.939357342141506 146
      vertex 55.08427105184961 6.13896227717855 146
    endloop
  endfacet
  facet normal 0 0 1
    outer loop
      vertex 49.16300000000001 0 146
      vertex 55.08427105184961 6.13896227717855 146
      vertex 55.00988424460252 6.346859476177457 146
    endloop
  endfacet
  facet normal 0 0 1
    outer loop
      vertex 49.16300000000001 0 146
      vertex 54.95623311909276 6.5610467754637085 146
      vertex 54.923834364987556 6.779461434258494 146
    endloop
  endfacet
  facet normal 0 0 1
    outer loop
      vertex 49.16300000000001 0 146
      vertex 55.00988424460252 6.346859476177457 146
      vertex 54.95623311909276 6.5610467754637085 146
    endloop
  endfacet
  facet normal 0 0 1
    outer loop
      vertex 49.16300000000001 0 146
      vertex 54.923834364987556 6.779461434258494 146
      vertex 54.91300000000001 7 146
    endloop
  endfacet
  facet normal 0 0 1
    outer loop
      vertex 49.16300000000001 0 146
      vertex 54.91300000000001 7 146
      vertex 54.923834364987556 7.220538565741506 146
    endloop
  endfacet
  facet normal 0 0 1
    outer loop
      vertex 49.16300000000001 0 146
      vertex 55.08427105184961 7.86103772282145 146
      vertex 55.178677155216235 8.060642657858494 146
    endloop
  endfacet
  facet normal 0 0 1
    outer loop
      vertex 49.16300000000001 0 146
      vertex 55.178677155216235 8.060642657858494 146
      vertex 55.292193372319275 8.250033024294112 146
    endloop
  endfacet
  facet normal 0 0 1
    outer loop
      vertex 49.16300000000001 0 146
      vertex 54.923834364987556 7.220538565741506 146
      vertex 54.95623311909276 7.4389532245362915 146
    endloop
  endfacet
  facet normal 0 0 1
    outer loop
      vertex 49.16300000000001 0 146
      vertex 54.95623311909276 7.4389532245362915 146
      vertex 55.00988424460252 7.653140523822543 146
    endloop
  endfacet
  facet normal 0 0 1
    outer loop
      vertex 49.16300000000001 0 146
      vertex 55.00988424460252 7.653140523822543 146
      vertex 55.08427105184961 7.86103772282145 146
    endloop
  endfacet
  facet normal 0.8032075314805889 0.595699304492509 0
    outer loop
      vertex 55.292193372319275 5.749966975705888 138
      vertex 55.42372647993386 5.572615110631801 146
      vertex 55.42372647993386 5.572615110631801 138
    endloop
  endfacet
  facet normal 0.8577286100003442 0.5141027441931014 0
    outer loop
      vertex 55.178677155216235 5.939357342141506 138
      vertex 55.292193372319275 5.749966975705888 146
      vertex 55.292193372319275 5.749966975705888 138
    endloop
  endfacet
  facet normal 0.9039892931233978 0.42755509343037823 0
    outer loop
      vertex 55.08427105184961 6.13896227717855 138
      vertex 55.178677155216235 5.939357342141506 146
      vertex 55.178677155216235 5.939357342141506 138
    endloop
  endfacet
  facet normal 0.9415440651829899 0.3368898533923061 0
    outer loop
      vertex 55.00988424460252 6.346859476177457 138
      vertex 55.08427105184961 6.13896227717855 146
      vertex 55.08427105184961 6.13896227717855 138
    endloop
  endfacet
  facet normal 0.9700312531945858 0.2429801799030969 0
    outer loop
      vertex 54.95623311909276 6.5610467754637085 138
      vertex 55.00988424460252 6.346859476177457 146
      vertex 55.00988424460252 6.346859476177457 138
    endloop
  endfacet
  facet normal 0.9891765099647637 0.14673047445547852 0
    outer loop
      vertex 54.923834364987556 6.779461434258494 138
      vertex 54.95623311909276 6.5610467754637085 146
      vertex 54.95623311909276 6.5610467754637085 138
    endloop
  endfacet
  facet normal 0.9891765099647637 -0.14673047445547852 0
    outer loop
      vertex 54.95623311909276 7.4389532245362915 138
      vertex 54.923834364987556 7.220538565741506 146
      vertex 54.923834364987556 7.220538565741506 138
    endloop
  endfacet
  facet normal 0.9700312531945858 -0.2429801799030969 0
    outer loop
      vertex 55.00988424460252 7.653140523822543 138
      vertex 54.95623311909276 7.4389532245362915 146
      vertex 54.95623311909276 7.4389532245362915 138
    endloop
  endfacet
  facet normal 0.9415440651829899 -0.3368898533923061 0
    outer loop
      vertex 55.08427105184961 7.86103772282145 138
      vertex 55.00988424460252 7.653140523822543 146
      vertex 55.00988424460252 7.653140523822543 138
    endloop
  endfacet
  facet normal 0.9039892931233978 -0.42755509343037823 0
    outer loop
      vertex 55.178677155216235 8.060642657858494 138
      vertex 55.08427105184961 7.86103772282145 146
      vertex 55.08427105184961 7.86103772282145 138
    endloop
  endfacet
  facet normal 0.8577286100003442 -0.5141027441931014 0
    outer loop
      vertex 55.292193372319275 8.250033024294112 138
      vertex 55.178677155216235 8.060642657858494 146
      vertex 55.178677155216235 8.060642657858494 138
    endloop
  endfacet
  facet normal -0.24298017990332407 -0.970031253194529 0
    outer loop
      vertex 57.60195322453632 9.206766880907267 138
      vertex 57.816140523822526 9.153115755397465 138
      vertex 57.60195322453632 9.206766880907267 146
    endloop
  endfacet
  facet normal -0.14673047445533385 -0.9891765099647851 0
    outer loop
      vertex 57.3835385657415 9.23916563501244 138
      vertex 57.60195322453632 9.206766880907267 138
      vertex 57.3835385657415 9.23916563501244 146
    endloop
  endfacet
  facet normal -0.049067674327432614 -0.9987954562051716 0
    outer loop
      vertex 57.16300000000001 9.25 138
      vertex 57.3835385657415 9.23916563501244 138
      vertex 57.16300000000001 9.25 146
    endloop
  endfacet
  facet normal 0.049067674327432614 -0.9987954562051716 0
    outer loop
      vertex 56.94246143425852 9.23916563501244 138
      vertex 57.16300000000001 9.25 138
      vertex 56.94246143425852 9.23916563501244 146
    endloop
  endfacet
  facet normal 0.14673047445533385 -0.9891765099647851 0
    outer loop
      vertex 56.724046775463705 9.206766880907267 138
      vertex 56.94246143425852 9.23916563501244 138
      vertex 56.724046775463705 9.206766880907267 146
    endloop
  endfacet
  facet normal 0.24298017990332407 -0.970031253194529 0
    outer loop
      vertex 56.509859476177496 9.153115755397465 138
      vertex 56.724046775463705 9.206766880907267 138
      vertex 56.509859476177496 9.153115755397465 146
    endloop
  endfacet
  facet normal 0.33688985339217165 -0.9415440651830381 0
    outer loop
      vertex 56.301962277178575 9.078728948150399 138
      vertex 56.509859476177496 9.153115755397465 138
      vertex 56.301962277178575 9.078728948150399 146
    endloop
  endfacet
  facet normal 0.5141027441933003 -0.8577286100002249 0
    outer loop
      vertex 55.9129669757059 8.870806627680722 138
      vertex 56.10235734214149 8.984322844783804 138
      vertex 55.9129669757059 8.870806627680722 146
    endloop
  endfacet
  facet normal 0.5956993044923643 -0.8032075314806961 0
    outer loop
      vertex 55.735615110631784 8.739273520066163 138
      vertex 55.9129669757059 8.870806627680722 138
      vertex 55.735615110631784 8.739273520066163 146
    endloop
  endfacet
  facet normal 0.42755509343019843 -0.903989293123483 0
    outer loop
      vertex 56.301962277178575 9.078728948150399 138
      vertex 56.10235734214149 8.984322844783804 146
      vertex 56.10235734214149 8.984322844783804 138
    endloop
  endfacet
  facet normal 0.7409511253549493 -0.6715589548470293 0
    outer loop
      vertex 55.572009742330295 8.59099025766973 138
      vertex 55.42372647993386 8.427384889368199 146
      vertex 55.42372647993386 8.427384889368199 138
    endloop
  endfacet
  facet normal 0.8032075314805889 -0.595699304492509 0
    outer loop
      vertex 55.42372647993386 8.427384889368199 138
      vertex 55.292193372319275 8.250033024294112 146
      vertex 55.292193372319275 8.250033024294112 138
    endloop
  endfacet
  facet normal 0.6715589548471254 -0.7409511253548622 0
    outer loop
      vertex 55.572009742330295 8.59099025766973 138
      vertex 55.735615110631784 8.739273520066163 138
      vertex 55.572009742330295 8.59099025766973 146
    endloop
  endfacet
  facet normal 0 0 -1
    outer loop
      vertex 49.16300000000001 0 138
      vertex 55.42372647993386 8.427384889368199 138
      vertex 55.292193372319275 8.250033024294112 138
    endloop
  endfacet
  facet normal 0.998795456205175 0.04906767432736526 0
    outer loop
      vertex 54.91300000000001 7 138
      vertex 54.923834364987556 6.779461434258494 146
      vertex 54.923834364987556 6.779461434258494 138
    endloop
  endfacet
  facet normal 0.998795456205175 -0.04906767432736526 0
    outer loop
      vertex 54.923834364987556 7.220538565741506 138
      vertex 54.91300000000001 7 146
      vertex 54.91300000000001 7 138
    endloop
  endfacet
  facet normal 0.7409511253549493 0.6715589548470293 0
    outer loop
      vertex 55.572009742330295 5.409009742330269 146
      vertex 55.42372647993386 5.572615110631801 138
      vertex 55.42372647993386 5.572615110631801 146
    endloop
  endfacet
  facet normal 0.8032075314805889 0.595699304492509 0
    outer loop
      vertex 55.292193372319275 5.749966975705888 138
      vertex 55.292193372319275 5.749966975705888 146
      vertex 55.42372647993386 5.572615110631801 146
    endloop
  endfacet
  facet normal 0.8577286100003442 0.5141027441931014 0
    outer loop
      vertex 55.178677155216235 5.939357342141506 138
      vertex 55.178677155216235 5.939357342141506 146
      vertex 55.292193372319275 5.749966975705888 146
    endloop
  endfacet
  facet normal 0.9039892931233978 0.42755509343037823 0
    outer loop
      vertex 55.08427105184961 6.13896227717855 138
      vertex 55.08427105184961 6.13896227717855 146
      vertex 55.178677155216235 5.939357342141506 146
    endloop
  endfacet
  facet normal 0.9415440651829899 0.3368898533923061 0
    outer loop
      vertex 55.00988424460252 6.346859476177457 138
      vertex 55.00988424460252 6.346859476177457 146
      vertex 55.08427105184961 6.13896227717855 146
    endloop
  endfacet
  facet normal 0.9700312531945858 0.2429801799030969 0
    outer loop
      vertex 54.95623311909276 6.5610467754637085 138
      vertex 54.95623311909276 6.5610467754637085 146
      vertex 55.00988424460252 6.346859476177457 146
    endloop
  endfacet
  facet normal 0.9891765099647637 0.14673047445547852 0
    outer loop
      vertex 54.923834364987556 6.779461434258494 138
      vertex 54.923834364987556 6.779461434258494 146
      vertex 54.95623311909276 6.5610467754637085 146
    endloop
  endfacet
  facet normal 0.9891765099647637 -0.14673047445547852 0
    outer loop
      vertex 54.95623311909276 7.4389532245362915 138
      vertex 54.95623311909276 7.4389532245362915 146
      vertex 54.923834364987556 7.220538565741506 146
    endloop
  endfacet
  facet normal 0.9700312531945858 -0.2429801799030969 0
    outer loop
      vertex 55.00988424460252 7.653140523822543 138
      vertex 55.00988424460252 7.653140523822543 146
      vertex 54.95623311909276 7.4389532245362915 146
    endloop
  endfacet
  facet normal 0.9415440651829899 -0.3368898533923061 0
    outer loop
      vertex 55.08427105184961 7.86103772282145 138
      vertex 55.08427105184961 7.86103772282145 146
      vertex 55.00988424460252 7.653140523822543 146
    endloop
  endfacet
  facet normal 0.9039892931233978 -0.42755509343037823 0
    outer loop
      vertex 55.178677155216235 8.060642657858494 138
      vertex 55.178677155216235 8.060642657858494 146
      vertex 55.08427105184961 7.86103772282145 146
    endloop
  endfacet
  facet normal 0.8577286100003442 -0.5141027441931014 0
    outer loop
      vertex 55.292193372319275 8.250033024294112 138
      vertex 55.292193372319275 8.250033024294112 146
      vertex 55.178677155216235 8.060642657858494 146
    endloop
  endfacet
  facet normal -0.24298017990332407 -0.970031253194529 0
    outer loop
      vertex 57.816140523822526 9.153115755397465 138
      vertex 57.816140523822526 9.153115755397465 146
      vertex 57.60195322453632 9.206766880907267 146
    endloop
  endfacet
  facet normal -0.14673047445533385 -0.9891765099647851 0
    outer loop
      vertex 57.60195322453632 9.206766880907267 138
      vertex 57.60195322453632 9.206766880907267 146
      vertex 57.3835385657415 9.23916563501244 146
    endloop
  endfacet
  facet normal -0.049067674327432614 -0.9987954562051716 0
    outer loop
      vertex 57.3835385657415 9.23916563501244 138
      vertex 57.3835385657415 9.23916563501244 146
      vertex 57.16300000000001 9.25 146
    endloop
  endfacet
  facet normal 0.049067674327432614 -0.9987954562051716 0
    outer loop
      vertex 57.16300000000001 9.25 138
      vertex 57.16300000000001 9.25 146
      vertex 56.94246143425852 9.23916563501244 146
    endloop
  endfacet
  facet normal 0.14673047445533385 -0.9891765099647851 0
    outer loop
      vertex 56.94246143425852 9.23916563501244 138
      vertex 56.94246143425852 9.23916563501244 146
      vertex 56.724046775463705 9.206766880907267 146
    endloop
  endfacet
  facet normal 0.24298017990332407 -0.970031253194529 0
    outer loop
      vertex 56.724046775463705 9.206766880907267 138
      vertex 56.724046775463705 9.206766880907267 146
      vertex 56.509859476177496 9.153115755397465 146
    endloop
  endfacet
  facet normal 0.33688985339217165 -0.9415440651830381 0
    outer loop
      vertex 56.509859476177496 9.153115755397465 138
      vertex 56.509859476177496 9.153115755397465 146
      vertex 56.301962277178575 9.078728948150399 146
    endloop
  endfacet
  facet normal 0.5956993044923643 -0.8032075314806961 0
    outer loop
      vertex 55.9129669757059 8.870806627680722 138
      vertex 55.9129669757059 8.870806627680722 146
      vertex 55.735615110631784 8.739273520066163 146
    endloop
  endfacet
  facet normal 0.6715589548471254 -0.7409511253548622 0
    outer loop
      vertex 55.735615110631784 8.739273520066163 138
      vertex 55.735615110631784 8.739273520066163 146
      vertex 55.572009742330295 8.59099025766973 146
    endloop
  endfacet
  facet normal 0.42755509343019843 -0.903989293123483 0
    outer loop
      vertex 56.10235734214149 8.984322844783804 146
      vertex 56.301962277178575 9.078728948150399 138
      vertex 56.301962277178575 9.078728948150399 146
    endloop
  endfacet
  facet normal 0.5141027441933003 -0.8577286100002249 0
    outer loop
      vertex 56.10235734214149 8.984322844783804 138
      vertex 56.10235734214149 8.984322844783804 146
      vertex 55.9129669757059 8.870806627680722 146
    endloop
  endfacet
  facet normal 0.7409511253549493 -0.6715589548470293 0
    outer loop
      vertex 55.572009742330295 8.59099025766973 138
      vertex 55.572009742330295 8.59099025766973 146
      vertex 55.42372647993386 8.427384889368199 146
    endloop
  endfacet
  facet normal 0.8032075314805889 -0.595699304492509 0
    outer loop
      vertex 55.42372647993386 8.427384889368199 138
      vertex 55.42372647993386 8.427384889368199 146
      vertex 55.292193372319275 8.250033024294112 146
    endloop
  endfacet
  facet normal 0.998795456205175 0.04906767432736526 0
    outer loop
      vertex 54.923834364987556 6.779461434258494 146
      vertex 54.91300000000001 7 138
      vertex 54.91300000000001 7 146
    endloop
  endfacet
  facet normal 0.998795456205175 -0.04906767432736526 0
    outer loop
      vertex 54.923834364987556 7.220538565741506 138
      vertex 54.923834364987556 7.220538565741506 146
      vertex 54.91300000000001 7 146
    endloop
  endfacet
  facet normal 0 0 1
    outer loop
      vertex 49.16300000000001 0 146
      vertex 55.292193372319275 8.250033024294112 146
      vertex 55.42372647993386 8.427384889368199 146
    endloop
  endfacet
  facet normal 0 0 -1
    outer loop
      vertex 49.16300000000001 0 138
      vertex 64.16300000000001 29.400000000000006 138
      vertex 55.42372647993386 8.427384889368199 138
    endloop
  endfacet
  facet normal 0 0 -1
    outer loop
      vertex 49.16300000000001 0 138
      vertex 58.75399025766973 33.40900974233027 138
      vertex 64.16300000000001 29.400000000000006 138
    endloop
  endfacet
  facet normal 0 0 -1
    outer loop
      vertex 49.16300000000001 0 138
      vertex 58.02403772282145 32.9212710518496 138
      vertex 58.223642657858534 33.015677155216196 138
    endloop
  endfacet
  facet normal 0 0 -1
    outer loop
      vertex 49.16300000000001 0 138
      vertex 57.816140523822526 32.846884244602535 138
      vertex 58.02403772282145 32.9212710518496 138
    endloop
  endfacet
  facet normal 0 0 -1
    outer loop
      vertex 49.16300000000001 0 138
      vertex 57.60195322453632 32.79323311909273 138
      vertex 57.816140523822526 32.846884244602535 138
    endloop
  endfacet
  facet normal 0 0 -1
    outer loop
      vertex 49.16300000000001 0 138
      vertex 57.3835385657415 32.76083436498756 138
      vertex 57.60195322453632 32.79323311909273 138
    endloop
  endfacet
  facet normal 0 0 -1
    outer loop
      vertex 49.16300000000001 0 138
      vertex 57.16300000000001 32.75 138
      vertex 57.3835385657415 32.76083436498756 138
    endloop
  endfacet
  facet normal 0 0 -1
    outer loop
      vertex 49.16300000000001 0 138
      vertex 56.94246143425852 32.76083436498756 138
      vertex 57.16300000000001 32.75 138
    endloop
  endfacet
  facet normal 0 0 -1
    outer loop
      vertex 49.16300000000001 0 138
      vertex 56.724046775463705 32.79323311909273 138
      vertex 56.94246143425852 32.76083436498756 138
    endloop
  endfacet
  facet normal 0 0 -1
    outer loop
      vertex 49.16300000000001 0 138
      vertex 56.509859476177496 32.846884244602535 138
      vertex 56.724046775463705 32.79323311909273 138
    endloop
  endfacet
  facet normal 0 0 -1
    outer loop
      vertex 49.16300000000001 0 138
      vertex 56.301962277178575 32.9212710518496 138
      vertex 56.509859476177496 32.846884244602535 138
    endloop
  endfacet
  facet normal 0 0 -1
    outer loop
      vertex 49.16300000000001 0 138
      vertex 56.10235734214149 33.015677155216196 138
      vertex 56.301962277178575 32.9212710518496 138
    endloop
  endfacet
  facet normal 0 0 1
    outer loop
      vertex 49.16300000000001 0 146
      vertex 55.42372647993386 8.427384889368199 146
      vertex 64.16300000000001 42 146
    endloop
  endfacet
  facet normal 0 0 1
    outer loop
      vertex 49.16300000000001 0 146
      vertex 58.223642657858534 33.015677155216196 146
      vertex 58.02403772282145 32.9212710518496 146
    endloop
  endfacet
  facet normal 0 0 1
    outer loop
      vertex 49.16300000000001 0 146
      vertex 58.02403772282145 32.9212710518496 146
      vertex 57.816140523822526 32.846884244602535 146
    endloop
  endfacet
  facet normal 0 0 1
    outer loop
      vertex 49.16300000000001 0 146
      vertex 57.816140523822526 32.846884244602535 146
      vertex 57.60195322453632 32.79323311909273 146
    endloop
  endfacet
  facet normal 0 0 1
    outer loop
      vertex 49.16300000000001 0 146
      vertex 57.3835385657415 32.76083436498756 146
      vertex 57.16300000000001 32.75 146
    endloop
  endfacet
  facet normal 0 0 1
    outer loop
      vertex 49.16300000000001 0 146
      vertex 57.60195322453632 32.79323311909273 146
      vertex 57.3835385657415 32.76083436498756 146
    endloop
  endfacet
  facet normal 0 0 1
    outer loop
      vertex 49.16300000000001 0 146
      vertex 57.16300000000001 32.75 146
      vertex 56.94246143425852 32.76083436498756 146
    endloop
  endfacet
  facet normal 0 0 1
    outer loop
      vertex 49.16300000000001 0 146
      vertex 56.94246143425852 32.76083436498756 146
      vertex 56.724046775463705 32.79323311909273 146
    endloop
  endfacet
  facet normal 0 0 1
    outer loop
      vertex 49.16300000000001 0 146
      vertex 56.724046775463705 32.79323311909273 146
      vertex 56.509859476177496 32.846884244602535 146
    endloop
  endfacet
  facet normal 0 0 1
    outer loop
      vertex 49.16300000000001 0 146
      vertex 56.301962277178575 32.9212710518496 146
      vertex 56.10235734214149 33.015677155216196 146
    endloop
  endfacet
  facet normal 0 0 1
    outer loop
      vertex 49.16300000000001 0 146
      vertex 56.509859476177496 32.846884244602535 146
      vertex 56.301962277178575 32.9212710518496 146
    endloop
  endfacet
  facet normal -1 0 0
    outer loop
      vertex 49.16300000000001 0 138
      vertex 49.16300000000001 0 146
      vertex 49.16300000000001 42 138
    endloop
  endfacet
  facet normal 0 0 1
    outer loop
      vertex 84.16300000000001 42 146
      vertex 64.16300000000001 42 146
      vertex 56.724046775463705 9.206766880907267 146
    endloop
  endfacet
  facet normal 0 0 -1
    outer loop
      vertex 64.16300000000001 29.400000000000006 138
      vertex 59.01486785726979 33.72443099989337 138
      vertex 59.03380662768075 33.74996697570589 138
    endloop
  endfacet
  facet normal 0 0 -1
    outer loop
      vertex 64.16300000000001 29.400000000000006 138
      vertex 59.24172894815041 34.13896227717855 138
      vertex 59.316115755397504 34.34685947617746 138
    endloop
  endfacet
  facet normal 0 0 -1
    outer loop
      vertex 64.16300000000001 29.400000000000006 138
      vertex 59.03380662768075 33.74996697570589 138
      vertex 59.14732284478379 33.939357342141506 138
    endloop
  endfacet
  facet normal 0 0 -1
    outer loop
      vertex 64.16300000000001 29.400000000000006 138
      vertex 59.14732284478379 33.939357342141506 138
      vertex 59.24172894815041 34.13896227717855 138
    endloop
  endfacet
  facet normal 0 0 -1
    outer loop
      vertex 64.16300000000001 29.400000000000006 138
      vertex 58.75399025766973 33.40900974233027 138
      vertex 58.90227352006616 33.5726151106318 138
    endloop
  endfacet
  facet normal 0 0 -1
    outer loop
      vertex 64.16300000000001 29.400000000000006 138
      vertex 58.90227352006616 33.5726151106318 138
      vertex 59.01486785726979 33.72443099989337 138
    endloop
  endfacet
  facet normal -0.42755509343019843 0.903989293123483 0
    outer loop
      vertex 58.223642657858534 33.015677155216196 138
      vertex 58.02403772282145 32.9212710518496 138
      vertex 58.223642657858534 33.015677155216196 146
    endloop
  endfacet
  facet normal -0.33688985339217165 0.9415440651830381 0
    outer loop
      vertex 58.02403772282145 32.9212710518496 138
      vertex 57.816140523822526 32.846884244602535 138
      vertex 58.02403772282145 32.9212710518496 146
    endloop
  endfacet
  facet normal -0.42755509343019843 0.903989293123483 0
    outer loop
      vertex 58.02403772282145 32.9212710518496 138
      vertex 58.02403772282145 32.9212710518496 146
      vertex 58.223642657858534 33.015677155216196 146
    endloop
  endfacet
  facet normal -0.33688985339217165 0.9415440651830381 0
    outer loop
      vertex 57.816140523822526 32.846884244602535 138
      vertex 57.816140523822526 32.846884244602535 146
      vertex 58.02403772282145 32.9212710518496 146
    endloop
  endfacet
  facet normal 0 0 -1
    outer loop
      vertex 64.16300000000001 29.400000000000006 138
      vertex 59.316115755397504 34.34685947617746 138
      vertex 64.16300000000001 42 138
    endloop
  endfacet
  facet normal 0 0 -1
    outer loop
      vertex 64.16300000000001 42 138
      vertex 59.316115755397504 34.34685947617746 138
      vertex 59.369766880907264 34.56104677546371 138
    endloop
  endfacet
  facet normal 0 0 -1
    outer loop
      vertex 64.16300000000001 42 138
      vertex 59.369766880907264 34.56104677546371 138
      vertex 59.402165635012466 34.779461434258494 138
    endloop
  endfacet
  facet normal 0 0 -1
    outer loop
      vertex 64.16300000000001 42 138
      vertex 59.402165635012466 34.779461434258494 138
      vertex 59.41300000000001 35 138
    endloop
  endfacet
  facet normal 0 0 -1
    outer loop
      vertex 64.16300000000001 42 138
      vertex 59.41300000000001 35 138
      vertex 59.402165635012466 35.220538565741506 138
    endloop
  endfacet
  facet normal 0 0 -1
    outer loop
      vertex 64.16300000000001 42 138
      vertex 59.402165635012466 35.220538565741506 138
      vertex 59.369766880907264 35.43895322453629 138
    endloop
  endfacet
  facet normal 0 0 -1
    outer loop
      vertex 64.16300000000001 42 138
      vertex 59.369766880907264 35.43895322453629 138
      vertex 59.316115755397504 35.65314052382254 138
    endloop
  endfacet
  facet normal 0 0 -1
    outer loop
      vertex 64.16300000000001 42 138
      vertex 59.316115755397504 35.65314052382254 138
      vertex 59.24172894815041 35.86103772282145 138
    endloop
  endfacet
  facet normal 0 0 -1
    outer loop
      vertex 64.16300000000001 42 138
      vertex 59.24172894815041 35.86103772282145 138
      vertex 59.14732284478379 36.060642657858494 138
    endloop
  endfacet
  facet normal 0 0 -1
    outer loop
      vertex 64.16300000000001 42 138
      vertex 59.14732284478379 36.060642657858494 138
      vertex 59.03380662768075 36.25003302429411 138
    endloop
  endfacet
  facet normal -0.9415440651829899 0.3368898533923061 0
    outer loop
      vertex 59.24172894815041 34.13896227717855 138
      vertex 59.316115755397504 34.34685947617746 146
      vertex 59.316115755397504 34.34685947617746 138
    endloop
  endfacet
  facet normal -0.9700312531945858 0.2429801799030969 0
    outer loop
      vertex 59.316115755397504 34.34685947617746 138
      vertex 59.369766880907264 34.56104677546371 146
      vertex 59.369766880907264 34.56104677546371 138
    endloop
  endfacet
  facet normal -0.9891765099647637 0.14673047445547852 0
    outer loop
      vertex 59.369766880907264 34.56104677546371 138
      vertex 59.402165635012466 34.779461434258494 146
      vertex 59.402165635012466 34.779461434258494 138
    endloop
  endfacet
  facet normal -0.998795456205175 0.04906767432736526 0
    outer loop
      vertex 59.402165635012466 34.779461434258494 138
      vertex 59.41300000000001 35 146
      vertex 59.41300000000001 35 138
    endloop
  endfacet
  facet normal -0.998795456205175 -0.04906767432736526 0
    outer loop
      vertex 59.41300000000001 35 138
      vertex 59.402165635012466 35.220538565741506 146
      vertex 59.402165635012466 35.220538565741506 138
    endloop
  endfacet
  facet normal -0.9891765099647637 -0.14673047445547852 0
    outer loop
      vertex 59.402165635012466 35.220538565741506 138
      vertex 59.369766880907264 35.43895322453629 146
      vertex 59.369766880907264 35.43895322453629 138
    endloop
  endfacet
  facet normal -0.9700312531945858 -0.2429801799030969 0
    outer loop
      vertex 59.369766880907264 35.43895322453629 138
      vertex 59.316115755397504 35.65314052382254 146
      vertex 59.316115755397504 35.65314052382254 138
    endloop
  endfacet
  facet normal -0.803207531480611 0.5956993044924791 1.0259111784031749e-15
    outer loop
      vertex 59.01486785726979 33.72443099989337 138
      vertex 58.90227352006616 33.5726151106318 138
      vertex 59.03380662768075 33.74996697570589 146
    endloop
  endfacet
  facet normal -0.7409511253549493 0.6715589548470293 0
    outer loop
      vertex 58.75399025766973 33.40900974233027 138
      vertex 58.90227352006616 33.5726151106318 146
      vertex 58.90227352006616 33.5726151106318 138
    endloop
  endfacet
  facet normal -0.6715589548471254 0.7409511253548622 0
    outer loop
      vertex 58.59038488936824 33.26072647993384 138
      vertex 58.75399025766973 33.40900974233027 146
      vertex 58.75399025766973 33.40900974233027 138
    endloop
  endfacet
  facet normal -0.8577286100003442 0.5141027441931014 0
    outer loop
      vertex 59.03380662768075 33.74996697570589 138
      vertex 59.14732284478379 33.939357342141506 146
      vertex 59.14732284478379 33.939357342141506 138
    endloop
  endfacet
  facet normal -0.8032075314804571 0.5956993044926864 0
    outer loop
      vertex 59.01486785726979 33.72443099989337 138
      vertex 59.03380662768075 33.74996697570589 146
      vertex 59.03380662768075 33.74996697570589 138
    endloop
  endfacet
  facet normal -0.9039892931233978 0.42755509343037823 0
    outer loop
      vertex 59.14732284478379 33.939357342141506 138
      vertex 59.24172894815041 34.13896227717855 146
      vertex 59.24172894815041 34.13896227717855 138
    endloop
  endfacet
  facet normal -0.5956993044923643 0.8032075314806961 0
    outer loop
      vertex 58.59038488936824 33.26072647993384 138
      vertex 58.41303302429412 33.12919337231928 138
      vertex 58.59038488936824 33.26072647993384 146
    endloop
  endfacet
  facet normal -0.5141027441933003 0.8577286100002249 0
    outer loop
      vertex 58.41303302429412 33.12919337231928 138
      vertex 58.223642657858534 33.015677155216196 138
      vertex 58.41303302429412 33.12919337231928 146
    endloop
  endfacet
  facet normal 0 0 -1
    outer loop
      vertex 64.16300000000001 42 138
      vertex 59.03380662768075 36.25003302429411 138
      vertex 58.90227352006616 36.4273848893682 138
    endloop
  endfacet
  facet normal 0 0 -1
    outer loop
      vertex 64.16300000000001 42 138
      vertex 58.90227352006616 36.4273848893682 138
      vertex 58.75399025766973 36.59099025766973 138
    endloop
  endfacet
  facet normal 0 0 -1
    outer loop
      vertex 64.16300000000001 42 138
      vertex 58.75399025766973 36.59099025766973 138
      vertex 58.59038488936824 36.73927352006616 138
    endloop
  endfacet
  facet normal -0.9415440651829899 -0.3368898533923061 0
    outer loop
      vertex 59.316115755397504 35.65314052382254 138
      vertex 59.24172894815041 35.86103772282145 146
      vertex 59.24172894815041 35.86103772282145 138
    endloop
  endfacet
  facet normal -0.9039892931233978 -0.42755509343037823 0
    outer loop
      vertex 59.24172894815041 35.86103772282145 138
      vertex 59.14732284478379 36.060642657858494 146
      vertex 59.14732284478379 36.060642657858494 138
    endloop
  endfacet
  facet normal -0.8577286100003442 -0.5141027441931014 0
    outer loop
      vertex 59.14732284478379 36.060642657858494 138
      vertex 59.03380662768075 36.25003302429411 146
      vertex 59.03380662768075 36.25003302429411 138
    endloop
  endfacet
  facet normal -0.8032075314805889 -0.595699304492509 0
    outer loop
      vertex 59.03380662768075 36.25003302429411 138
      vertex 58.90227352006616 36.4273848893682 146
      vertex 58.90227352006616 36.4273848893682 138
    endloop
  endfacet
  facet normal -0.7409511253549493 -0.6715589548470293 0
    outer loop
      vertex 58.90227352006616 36.4273848893682 138
      vertex 58.75399025766973 36.59099025766973 146
      vertex 58.75399025766973 36.59099025766973 138
    endloop
  endfacet
  facet normal -0.6715589548471254 -0.7409511253548622 0
    outer loop
      vertex 58.59038488936824 36.73927352006616 138
      vertex 58.75399025766973 36.59099025766973 138
      vertex 58.59038488936824 36.73927352006616 146
    endloop
  endfacet
  facet normal -0.5956993044923643 -0.8032075314806961 0
    outer loop
      vertex 58.41303302429412 36.87080662768072 138
      vertex 58.59038488936824 36.73927352006616 138
      vertex 58.41303302429412 36.87080662768072 146
    endloop
  endfacet
  facet normal -0.5141027441933003 -0.8577286100002249 0
    outer loop
      vertex 58.223642657858534 36.984322844783804 138
      vertex 58.41303302429412 36.87080662768072 138
      vertex 58.223642657858534 36.984322844783804 146
    endloop
  endfacet
  facet normal -0.42755509343019843 -0.903989293123483 0
    outer loop
      vertex 58.02403772282145 37.0787289481504 138
      vertex 58.223642657858534 36.984322844783804 138
      vertex 58.02403772282145 37.0787289481504 146
    endloop
  endfacet
  facet normal -0.33688985339217165 -0.9415440651830381 0
    outer loop
      vertex 57.816140523822526 37.153115755397465 138
      vertex 58.02403772282145 37.0787289481504 138
      vertex 57.816140523822526 37.153115755397465 146
    endloop
  endfacet
  facet normal 0 0 1
    outer loop
      vertex 64.16300000000001 42 146
      vertex 59.14732284478379 33.939357342141506 146
      vertex 59.03380662768075 33.74996697570589 146
    endloop
  endfacet
  facet normal 0 0 1
    outer loop
      vertex 64.16300000000001 42 146
      vertex 59.24172894815041 34.13896227717855 146
      vertex 59.14732284478379 33.939357342141506 146
    endloop
  endfacet
  facet normal 0 0 1
    outer loop
      vertex 64.16300000000001 42 146
      vertex 59.316115755397504 34.34685947617746 146
      vertex 59.24172894815041 34.13896227717855 146
    endloop
  endfacet
  facet normal 0 0 1
    outer loop
      vertex 64.16300000000001 42 146
      vertex 59.402165635012466 34.779461434258494 146
      vertex 59.369766880907264 34.56104677546371 146
    endloop
  endfacet
  facet normal 0 0 1
    outer loop
      vertex 64.16300000000001 42 146
      vertex 59.369766880907264 34.56104677546371 146
      vertex 59.316115755397504 34.34685947617746 146
    endloop
  endfacet
  facet normal 0 0 1
    outer loop
      vertex 64.16300000000001 42 146
      vertex 59.41300000000001 35 146
      vertex 59.402165635012466 34.779461434258494 146
    endloop
  endfacet
  facet normal 0 0 1
    outer loop
      vertex 64.16300000000001 42 146
      vertex 59.402165635012466 35.220538565741506 146
      vertex 59.41300000000001 35 146
    endloop
  endfacet
  facet normal 0 0 1
    outer loop
      vertex 64.16300000000001 42 146
      vertex 59.369766880907264 35.43895322453629 146
      vertex 59.402165635012466 35.220538565741506 146
    endloop
  endfacet
  facet normal 0 0 1
    outer loop
      vertex 64.16300000000001 42 146
      vertex 59.316115755397504 35.65314052382254 146
      vertex 59.369766880907264 35.43895322453629 146
    endloop
  endfacet
  facet normal 0 0 1
    outer loop
      vertex 64.16300000000001 42 146
      vertex 59.24172894815041 35.86103772282145 146
      vertex 59.316115755397504 35.65314052382254 146
    endloop
  endfacet
  facet normal 0 0 1
    outer loop
      vertex 64.16300000000001 42 146
      vertex 59.14732284478379 36.060642657858494 146
      vertex 59.24172894815041 35.86103772282145 146
    endloop
  endfacet
  facet normal 0 0 1
    outer loop
      vertex 64.16300000000001 42 146
      vertex 59.03380662768075 36.25003302429411 146
      vertex 59.14732284478379 36.060642657858494 146
    endloop
  endfacet
  facet normal -0.9415440651829899 0.3368898533923061 0
    outer loop
      vertex 59.24172894815041 34.13896227717855 138
      vertex 59.24172894815041 34.13896227717855 146
      vertex 59.316115755397504 34.34685947617746 146
    endloop
  endfacet
  facet normal -0.9700312531945858 0.2429801799030969 0
    outer loop
      vertex 59.316115755397504 34.34685947617746 138
      vertex 59.316115755397504 34.34685947617746 146
      vertex 59.369766880907264 34.56104677546371 146
    endloop
  endfacet
  facet normal -0.9891765099647637 0.14673047445547852 0
    outer loop
      vertex 59.369766880907264 34.56104677546371 138
      vertex 59.369766880907264 34.56104677546371 146
      vertex 59.402165635012466 34.779461434258494 146
    endloop
  endfacet
  facet normal -0.998795456205175 0.04906767432736526 0
    outer loop
      vertex 59.402165635012466 34.779461434258494 138
      vertex 59.402165635012466 34.779461434258494 146
      vertex 59.41300000000001 35 146
    endloop
  endfacet
  facet normal -0.998795456205175 -0.04906767432736526 0
    outer loop
      vertex 59.41300000000001 35 138
      vertex 59.41300000000001 35 146
      vertex 59.402165635012466 35.220538565741506 146
    endloop
  endfacet
  facet normal -0.9891765099647637 -0.14673047445547852 0
    outer loop
      vertex 59.402165635012466 35.220538565741506 138
      vertex 59.402165635012466 35.220538565741506 146
      vertex 59.369766880907264 35.43895322453629 146
    endloop
  endfacet
  facet normal -0.9700312531945858 -0.2429801799030969 0
    outer loop
      vertex 59.369766880907264 35.43895322453629 138
      vertex 59.369766880907264 35.43895322453629 146
      vertex 59.316115755397504 35.65314052382254 146
    endloop
  endfacet
  facet normal -0.9415440651829899 -0.3368898533923061 0
    outer loop
      vertex 59.316115755397504 35.65314052382254 138
      vertex 59.316115755397504 35.65314052382254 146
      vertex 59.24172894815041 35.86103772282145 146
    endloop
  endfacet
  facet normal -0.8032075314805889 0.595699304492509 0
    outer loop
      vertex 58.90227352006616 33.5726151106318 138
      vertex 58.90227352006616 33.5726151106318 146
      vertex 59.03380662768075 33.74996697570589 146
    endloop
  endfacet
  facet normal -0.6715589548471254 0.7409511253548622 0
    outer loop
      vertex 58.59038488936824 33.26072647993384 138
      vertex 58.59038488936824 33.26072647993384 146
      vertex 58.75399025766973 33.40900974233027 146
    endloop
  endfacet
  facet normal -0.7409511253549493 0.6715589548470293 0
    outer loop
      vertex 58.75399025766973 33.40900974233027 138
      vertex 58.75399025766973 33.40900974233027 146
      vertex 58.90227352006616 33.5726151106318 146
    endloop
  endfacet
  facet normal -0.9039892931233978 0.42755509343037823 0
    outer loop
      vertex 59.14732284478379 33.939357342141506 138
      vertex 59.14732284478379 33.939357342141506 146
      vertex 59.24172894815041 34.13896227717855 146
    endloop
  endfacet
  facet normal -0.8577286100003442 0.5141027441931014 0
    outer loop
      vertex 59.03380662768075 33.74996697570589 138
      vertex 59.03380662768075 33.74996697570589 146
      vertex 59.14732284478379 33.939357342141506 146
    endloop
  endfacet
  facet normal -0.5956993044923643 0.8032075314806961 0
    outer loop
      vertex 58.41303302429412 33.12919337231928 138
      vertex 58.41303302429412 33.12919337231928 146
      vertex 58.59038488936824 33.26072647993384 146
    endloop
  endfacet
  facet normal -0.5141027441933003 0.8577286100002249 0
    outer loop
      vertex 58.223642657858534 33.015677155216196 138
      vertex 58.223642657858534 33.015677155216196 146
      vertex 58.41303302429412 33.12919337231928 146
    endloop
  endfacet
  facet normal -0.9039892931233978 -0.42755509343037823 0
    outer loop
      vertex 59.24172894815041 35.86103772282145 138
      vertex 59.24172894815041 35.86103772282145 146
      vertex 59.14732284478379 36.060642657858494 146
    endloop
  endfacet
  facet normal -0.8577286100003442 -0.5141027441931014 0
    outer loop
      vertex 59.14732284478379 36.060642657858494 138
      vertex 59.14732284478379 36.060642657858494 146
      vertex 59.03380662768075 36.25003302429411 146
    endloop
  endfacet
  facet normal -0.8032075314805889 -0.595699304492509 0
    outer loop
      vertex 59.03380662768075 36.25003302429411 138
      vertex 59.03380662768075 36.25003302429411 146
      vertex 58.90227352006616 36.4273848893682 146
    endloop
  endfacet
  facet normal -0.7409511253549493 -0.6715589548470293 0
    outer loop
      vertex 58.90227352006616 36.4273848893682 138
      vertex 58.90227352006616 36.4273848893682 146
      vertex 58.75399025766973 36.59099025766973 146
    endloop
  endfacet
  facet normal -0.6715589548471254 -0.7409511253548622 0
    outer loop
      vertex 58.75399025766973 36.59099025766973 138
      vertex 58.75399025766973 36.59099025766973 146
      vertex 58.59038488936824 36.73927352006616 146
    endloop
  endfacet
  facet normal -0.5956993044923643 -0.8032075314806961 0
    outer loop
      vertex 58.59038488936824 36.73927352006616 138
      vertex 58.59038488936824 36.73927352006616 146
      vertex 58.41303302429412 36.87080662768072 146
    endloop
  endfacet
  facet normal -0.5141027441933003 -0.8577286100002249 0
    outer loop
      vertex 58.41303302429412 36.87080662768072 138
      vertex 58.41303302429412 36.87080662768072 146
      vertex 58.223642657858534 36.984322844783804 146
    endloop
  endfacet
  facet normal -0.42755509343019843 -0.903989293123483 0
    outer loop
      vertex 58.223642657858534 36.984322844783804 138
      vertex 58.223642657858534 36.984322844783804 146
      vertex 58.02403772282145 37.0787289481504 146
    endloop
  endfacet
  facet normal -0.33688985339217165 -0.9415440651830381 0
    outer loop
      vertex 58.02403772282145 37.0787289481504 138
      vertex 58.02403772282145 37.0787289481504 146
      vertex 57.816140523822526 37.153115755397465 146
    endloop
  endfacet
  facet normal 0 0 1
    outer loop
      vertex 64.16300000000001 42 146
      vertex 58.90227352006616 36.4273848893682 146
      vertex 59.03380662768075 36.25003302429411 146
    endloop
  endfacet
  facet normal 0 0 1
    outer loop
      vertex 64.16300000000001 42 146
      vertex 58.75399025766973 36.59099025766973 146
      vertex 58.90227352006616 36.4273848893682 146
    endloop
  endfacet
  facet normal 0 0 1
    outer loop
      vertex 64.16300000000001 42 146
      vertex 58.59038488936824 36.73927352006616 146
      vertex 58.75399025766973 36.59099025766973 146
    endloop
  endfacet
  facet normal 0 0 -1
    outer loop
      vertex 64.16300000000001 42 138
      vertex 58.59038488936824 36.73927352006616 138
      vertex 58.41303302429412 36.87080662768072 138
    endloop
  endfacet
  facet normal 0 0 -1
    outer loop
      vertex 64.16300000000001 42 138
      vertex 58.41303302429412 36.87080662768072 138
      vertex 58.223642657858534 36.984322844783804 138
    endloop
  endfacet
  facet normal 0 0 -1
    outer loop
      vertex 64.16300000000001 42 138
      vertex 58.223642657858534 36.984322844783804 138
      vertex 58.02403772282145 37.0787289481504 138
    endloop
  endfacet
  facet normal 0 0 -1
    outer loop
      vertex 64.16300000000001 42 138
      vertex 58.02403772282145 37.0787289481504 138
      vertex 57.816140523822526 37.153115755397465 138
    endloop
  endfacet
  facet normal 0 0 -1
    outer loop
      vertex 64.16300000000001 42 138
      vertex 57.816140523822526 37.153115755397465 138
      vertex 57.60195322453632 37.20676688090727 138
    endloop
  endfacet
  facet normal 0 0 -1
    outer loop
      vertex 64.16300000000001 42 138
      vertex 57.60195322453632 37.20676688090727 138
      vertex 57.3835385657415 37.23916563501244 138
    endloop
  endfacet
  facet normal 0 0 -1
    outer loop
      vertex 64.16300000000001 42 138
      vertex 57.3835385657415 37.23916563501244 138
      vertex 57.16300000000001 37.25 138
    endloop
  endfacet
  facet normal 0 0 -1
    outer loop
      vertex 64.16300000000001 42 138
      vertex 56.94246143425852 37.23916563501244 138
      vertex 56.724046775463705 37.20676688090727 138
    endloop
  endfacet
  facet normal 0 0 -1
    outer loop
      vertex 64.16300000000001 42 138
      vertex 57.16300000000001 37.25 138
      vertex 56.94246143425852 37.23916563501244 138
    endloop
  endfacet
  facet normal 0 0 -1
    outer loop
      vertex 64.16300000000001 42 138
      vertex 56.724046775463705 37.20676688090727 138
      vertex 56.509859476177496 37.153115755397465 138
    endloop
  endfacet
  facet normal 0 0 -1
    outer loop
      vertex 64.16300000000001 42 138
      vertex 56.509859476177496 37.153115755397465 138
      vertex 56.301962277178575 37.0787289481504 138
    endloop
  endfacet
  facet normal 0 0 1
    outer loop
      vertex 64.16300000000001 42 146
      vertex 58.41303302429412 36.87080662768072 146
      vertex 58.59038488936824 36.73927352006616 146
    endloop
  endfacet
  facet normal 0 0 1
    outer loop
      vertex 64.16300000000001 42 146
      vertex 58.223642657858534 36.984322844783804 146
      vertex 58.41303302429412 36.87080662768072 146
    endloop
  endfacet
  facet normal 0 0 1
    outer loop
      vertex 64.16300000000001 42 146
      vertex 57.816140523822526 37.153115755397465 146
      vertex 58.02403772282145 37.0787289481504 146
    endloop
  endfacet
  facet normal 0 0 1
    outer loop
      vertex 64.16300000000001 42 146
      vertex 58.02403772282145 37.0787289481504 146
      vertex 58.223642657858534 36.984322844783804 146
    endloop
  endfacet
  facet normal 0 0 1
    outer loop
      vertex 64.16300000000001 42 146
      vertex 57.60195322453632 37.20676688090727 146
      vertex 57.816140523822526 37.153115755397465 146
    endloop
  endfacet
  facet normal 0 0 1
    outer loop
      vertex 64.16300000000001 42 146
      vertex 57.3835385657415 37.23916563501244 146
      vertex 57.60195322453632 37.20676688090727 146
    endloop
  endfacet
  facet normal 0 0 1
    outer loop
      vertex 64.16300000000001 42 146
      vertex 57.16300000000001 37.25 146
      vertex 57.3835385657415 37.23916563501244 146
    endloop
  endfacet
  facet normal 0 0 1
    outer loop
      vertex 64.16300000000001 42 146
      vertex 56.724046775463705 37.20676688090727 146
      vertex 56.94246143425852 37.23916563501244 146
    endloop
  endfacet
  facet normal 0 0 1
    outer loop
      vertex 64.16300000000001 42 146
      vertex 56.94246143425852 37.23916563501244 146
      vertex 57.16300000000001 37.25 146
    endloop
  endfacet
  facet normal 0 0 1
    outer loop
      vertex 64.16300000000001 42 146
      vertex 56.509859476177496 37.153115755397465 146
      vertex 56.724046775463705 37.20676688090727 146
    endloop
  endfacet
  facet normal 0 0 1
    outer loop
      vertex 64.16300000000001 42 146
      vertex 56.301962277178575 37.0787289481504 146
      vertex 56.509859476177496 37.153115755397465 146
    endloop
  endfacet
  facet normal 0 0 -1
    outer loop
      vertex 49.16300000000001 0 138
      vertex 58.59038488936824 33.26072647993384 138
      vertex 58.75399025766973 33.40900974233027 138
    endloop
  endfacet
  facet normal 0 0 -1
    outer loop
      vertex 49.16300000000001 0 138
      vertex 58.41303302429412 33.12919337231928 138
      vertex 58.59038488936824 33.26072647993384 138
    endloop
  endfacet
  facet normal 0 0 -1
    outer loop
      vertex 49.16300000000001 0 138
      vertex 58.223642657858534 33.015677155216196 138
      vertex 58.41303302429412 33.12919337231928 138
    endloop
  endfacet
  facet normal 0 0 -1
    outer loop
      vertex 49.16300000000001 0 138
      vertex 55.9129669757059 33.12919337231928 138
      vertex 56.10235734214149 33.015677155216196 138
    endloop
  endfacet
  facet normal 0 0 -1
    outer loop
      vertex 49.16300000000001 0 138
      vertex 55.735615110631784 33.26072647993384 138
      vertex 55.9129669757059 33.12919337231928 138
    endloop
  endfacet
  facet normal 0 0 -1
    outer loop
      vertex 49.16300000000001 0 138
      vertex 55.572009742330295 33.40900974233027 138
      vertex 55.735615110631784 33.26072647993384 138
    endloop
  endfacet
  facet normal 0 0 -1
    outer loop
      vertex 49.16300000000001 0 138
      vertex 55.42372647993386 33.5726151106318 138
      vertex 55.572009742330295 33.40900974233027 138
    endloop
  endfacet
  facet normal 0 0 -1
    outer loop
      vertex 49.16300000000001 0 138
      vertex 55.292193372319275 33.74996697570589 138
      vertex 55.42372647993386 33.5726151106318 138
    endloop
  endfacet
  facet normal 0 0 -1
    outer loop
      vertex 49.16300000000001 0 138
      vertex 55.178677155216235 33.939357342141506 138
      vertex 55.292193372319275 33.74996697570589 138
    endloop
  endfacet
  facet normal 0 0 -1
    outer loop
      vertex 49.16300000000001 0 138
      vertex 55.08427105184961 34.13896227717855 138
      vertex 55.178677155216235 33.939357342141506 138
    endloop
  endfacet
  facet normal 0 0 -1
    outer loop
      vertex 49.16300000000001 0 138
      vertex 55.00988424460252 34.34685947617746 138
      vertex 55.08427105184961 34.13896227717855 138
    endloop
  endfacet
  facet normal 0 0 -1
    outer loop
      vertex 49.16300000000001 0 138
      vertex 54.95623311909276 34.56104677546371 138
      vertex 55.00988424460252 34.34685947617746 138
    endloop
  endfacet
  facet normal 0 0 -1
    outer loop
      vertex 49.16300000000001 0 138
      vertex 54.923834364987556 34.779461434258494 138
      vertex 54.95623311909276 34.56104677546371 138
    endloop
  endfacet
  facet normal 0 0 -1
    outer loop
      vertex 49.16300000000001 0 138
      vertex 54.91300000000001 35 138
      vertex 54.923834364987556 34.779461434258494 138
    endloop
  endfacet
  facet normal 0 0 -1
    outer loop
      vertex 49.16300000000001 0 138
      vertex 54.923834364987556 35.220538565741506 138
      vertex 54.91300000000001 35 138
    endloop
  endfacet
  facet normal 0 0 -1
    outer loop
      vertex 49.16300000000001 0 138
      vertex 54.95623311909276 35.43895322453629 138
      vertex 54.923834364987556 35.220538565741506 138
    endloop
  endfacet
  facet normal 0 0 1
    outer loop
      vertex 49.16300000000001 0 146
      vertex 59.03380662768075 33.74996697570589 146
      vertex 58.90227352006616 33.5726151106318 146
    endloop
  endfacet
  facet normal 0 0 1
    outer loop
      vertex 49.16300000000001 0 146
      vertex 58.75399025766973 33.40900974233027 146
      vertex 58.59038488936824 33.26072647993384 146
    endloop
  endfacet
  facet normal 0 0 1
    outer loop
      vertex 49.16300000000001 0 146
      vertex 58.90227352006616 33.5726151106318 146
      vertex 58.75399025766973 33.40900974233027 146
    endloop
  endfacet
  facet normal 0 0 1
    outer loop
      vertex 49.16300000000001 0 146
      vertex 58.59038488936824 33.26072647993384 146
      vertex 58.41303302429412 33.12919337231928 146
    endloop
  endfacet
  facet normal 0 0 1
    outer loop
      vertex 49.16300000000001 0 146
      vertex 58.41303302429412 33.12919337231928 146
      vertex 58.223642657858534 33.015677155216196 146
    endloop
  endfacet
  facet normal 0 0 1
    outer loop
      vertex 49.16300000000001 0 146
      vertex 64.16300000000001 42 146
      vertex 59.03380662768075 33.74996697570589 146
    endloop
  endfacet
  facet normal 0 0 1
    outer loop
      vertex 49.16300000000001 0 146
      vertex 56.10235734214149 33.015677155216196 146
      vertex 55.9129669757059 33.12919337231928 146
    endloop
  endfacet
  facet normal 0 0 1
    outer loop
      vertex 49.16300000000001 0 146
      vertex 55.9129669757059 33.12919337231928 146
      vertex 55.735615110631784 33.26072647993384 146
    endloop
  endfacet
  facet normal 0 0 1
    outer loop
      vertex 49.16300000000001 0 146
      vertex 55.735615110631784 33.26072647993384 146
      vertex 55.572009742330295 33.40900974233027 146
    endloop
  endfacet
  facet normal 0 0 1
    outer loop
      vertex 49.16300000000001 0 146
      vertex 55.572009742330295 33.40900974233027 146
      vertex 55.42372647993386 33.5726151106318 146
    endloop
  endfacet
  facet normal 0 0 1
    outer loop
      vertex 49.16300000000001 0 146
      vertex 55.42372647993386 33.5726151106318 146
      vertex 55.292193372319275 33.74996697570589 146
    endloop
  endfacet
  facet normal 0 0 1
    outer loop
      vertex 49.16300000000001 0 146
      vertex 55.292193372319275 33.74996697570589 146
      vertex 55.178677155216235 33.939357342141506 146
    endloop
  endfacet
  facet normal 0 0 1
    outer loop
      vertex 49.16300000000001 0 146
      vertex 55.178677155216235 33.939357342141506 146
      vertex 55.08427105184961 34.13896227717855 146
    endloop
  endfacet
  facet normal 0 0 1
    outer loop
      vertex 49.16300000000001 0 146
      vertex 55.08427105184961 34.13896227717855 146
      vertex 55.00988424460252 34.34685947617746 146
    endloop
  endfacet
  facet normal 0 0 1
    outer loop
      vertex 49.16300000000001 0 146
      vertex 55.00988424460252 34.34685947617746 146
      vertex 54.95623311909276 34.56104677546371 146
    endloop
  endfacet
  facet normal 0 0 1
    outer loop
      vertex 49.16300000000001 0 146
      vertex 54.95623311909276 34.56104677546371 146
      vertex 54.923834364987556 34.779461434258494 146
    endloop
  endfacet
  facet normal 0 0 1
    outer loop
      vertex 49.16300000000001 0 146
      vertex 54.923834364987556 34.779461434258494 146
      vertex 54.91300000000001 35 146
    endloop
  endfacet
  facet normal -0.24298017990332407 0.970031253194529 0
    outer loop
      vertex 57.816140523822526 32.846884244602535 138
      vertex 57.60195322453632 32.79323311909273 138
      vertex 57.816140523822526 32.846884244602535 146
    endloop
  endfacet
  facet normal -0.14673047445533385 0.9891765099647851 0
    outer loop
      vertex 57.60195322453632 32.79323311909273 138
      vertex 57.3835385657415 32.76083436498756 138
      vertex 57.60195322453632 32.79323311909273 146
    endloop
  endfacet
  facet normal -0.049067674327432614 0.9987954562051716 0
    outer loop
      vertex 57.3835385657415 32.76083436498756 138
      vertex 57.16300000000001 32.75 138
      vertex 57.3835385657415 32.76083436498756 146
    endloop
  endfacet
  facet normal 0.049067674327432614 0.9987954562051716 0
    outer loop
      vertex 57.16300000000001 32.75 138
      vertex 56.94246143425852 32.76083436498756 138
      vertex 57.16300000000001 32.75 146
    endloop
  endfacet
  facet normal 0.14673047445533385 0.9891765099647851 0
    outer loop
      vertex 56.94246143425852 32.76083436498756 138
      vertex 56.724046775463705 32.79323311909273 138
      vertex 56.94246143425852 32.76083436498756 146
    endloop
  endfacet
  facet normal 0.24298017990332407 0.970031253194529 0
    outer loop
      vertex 56.724046775463705 32.79323311909273 138
      vertex 56.509859476177496 32.846884244602535 138
      vertex 56.724046775463705 32.79323311909273 146
    endloop
  endfacet
  facet normal 0.33688985339217165 0.9415440651830381 0
    outer loop
      vertex 56.509859476177496 32.846884244602535 138
      vertex 56.301962277178575 32.9212710518496 138
      vertex 56.509859476177496 32.846884244602535 146
    endloop
  endfacet
  facet normal 0.42755509343019843 0.903989293123483 0
    outer loop
      vertex 56.301962277178575 32.9212710518496 138
      vertex 56.10235734214149 33.015677155216196 138
      vertex 56.301962277178575 32.9212710518496 146
    endloop
  endfacet
  facet normal -0.24298017990332407 0.970031253194529 0
    outer loop
      vertex 57.60195322453632 32.79323311909273 138
      vertex 57.60195322453632 32.79323311909273 146
      vertex 57.816140523822526 32.846884244602535 146
    endloop
  endfacet
  facet normal -0.14673047445533385 0.9891765099647851 0
    outer loop
      vertex 57.3835385657415 32.76083436498756 138
      vertex 57.3835385657415 32.76083436498756 146
      vertex 57.60195322453632 32.79323311909273 146
    endloop
  endfacet
  facet normal -0.049067674327432614 0.9987954562051716 0
    outer loop
      vertex 57.16300000000001 32.75 138
      vertex 57.16300000000001 32.75 146
      vertex 57.3835385657415 32.76083436498756 146
    endloop
  endfacet
  facet normal 0.049067674327432614 0.9987954562051716 0
    outer loop
      vertex 56.94246143425852 32.76083436498756 138
      vertex 56.94246143425852 32.76083436498756 146
      vertex 57.16300000000001 32.75 146
    endloop
  endfacet
  facet normal 0.14673047445533385 0.9891765099647851 0
    outer loop
      vertex 56.724046775463705 32.79323311909273 138
      vertex 56.724046775463705 32.79323311909273 146
      vertex 56.94246143425852 32.76083436498756 146
    endloop
  endfacet
  facet normal 0.24298017990332407 0.970031253194529 0
    outer loop
      vertex 56.509859476177496 32.846884244602535 138
      vertex 56.509859476177496 32.846884244602535 146
      vertex 56.724046775463705 32.79323311909273 146
    endloop
  endfacet
  facet normal 0.33688985339217165 0.9415440651830381 0
    outer loop
      vertex 56.301962277178575 32.9212710518496 138
      vertex 56.301962277178575 32.9212710518496 146
      vertex 56.509859476177496 32.846884244602535 146
    endloop
  endfacet
  facet normal 0.42755509343019843 0.903989293123483 0
    outer loop
      vertex 56.10235734214149 33.015677155216196 138
      vertex 56.10235734214149 33.015677155216196 146
      vertex 56.301962277178575 32.9212710518496 146
    endloop
  endfacet
  facet normal 0 0 -1
    outer loop
      vertex 49.16300000000001 0 138
      vertex 50.16300000000001 41.16 138
      vertex 54.95623311909276 35.43895322453629 138
    endloop
  endfacet
  facet normal 0 0 1
    outer loop
      vertex 49.16300000000001 0 146
      vertex 54.91300000000001 35 146
      vertex 50.16300000000001 42 146
    endloop
  endfacet
  facet normal 0 0 -1
    outer loop
      vertex 49.16300000000001 0 138
      vertex 49.16300000000001 42 138
      vertex 50.16300000000001 41.16 138
    endloop
  endfacet
  facet normal -1 0 0
    outer loop
      vertex 49.16300000000001 0 146
      vertex 49.16300000000001 42 146
      vertex 49.16300000000001 42 138
    endloop
  endfacet
  facet normal 0 0 1
    outer loop
      vertex 49.16300000000001 0 146
      vertex 50.16300000000001 42 146
      vertex 49.16300000000001 42 146
    endloop
  endfacet
  facet normal 0.5141027441933003 0.8577286100002249 0
    outer loop
      vertex 56.10235734214149 33.015677155216196 138
      vertex 55.9129669757059 33.12919337231928 138
      vertex 56.10235734214149 33.015677155216196 146
    endloop
  endfacet
  facet normal 0.5956993044923643 0.8032075314806961 0
    outer loop
      vertex 55.9129669757059 33.12919337231928 138
      vertex 55.735615110631784 33.26072647993384 138
      vertex 55.9129669757059 33.12919337231928 146
    endloop
  endfacet
  facet normal 0.6715589548471254 0.7409511253548622 0
    outer loop
      vertex 55.735615110631784 33.26072647993384 138
      vertex 55.572009742330295 33.40900974233027 138
      vertex 55.735615110631784 33.26072647993384 146
    endloop
  endfacet
  facet normal 0.7409511253549493 0.6715589548470293 0
    outer loop
      vertex 55.572009742330295 33.40900974233027 138
      vertex 55.42372647993386 33.5726151106318 138
      vertex 55.572009742330295 33.40900974233027 146
    endloop
  endfacet
  facet normal 0.8032075314805889 0.595699304492509 0
    outer loop
      vertex 55.292193372319275 33.74996697570589 138
      vertex 55.42372647993386 33.5726151106318 146
      vertex 55.42372647993386 33.5726151106318 138
    endloop
  endfacet
  facet normal 0.8577286100003442 0.5141027441931014 0
    outer loop
      vertex 55.178677155216235 33.939357342141506 138
      vertex 55.292193372319275 33.74996697570589 146
      vertex 55.292193372319275 33.74996697570589 138
    endloop
  endfacet
  facet normal 0.9039892931233978 0.42755509343037823 0
    outer loop
      vertex 55.08427105184961 34.13896227717855 138
      vertex 55.178677155216235 33.939357342141506 146
      vertex 55.178677155216235 33.939357342141506 138
    endloop
  endfacet
  facet normal 0.9415440651829899 0.3368898533923061 0
    outer loop
      vertex 55.00988424460252 34.34685947617746 138
      vertex 55.08427105184961 34.13896227717855 146
      vertex 55.08427105184961 34.13896227717855 138
    endloop
  endfacet
  facet normal 0.9700312531945858 0.2429801799030969 0
    outer loop
      vertex 54.95623311909276 34.56104677546371 138
      vertex 55.00988424460252 34.34685947617746 146
      vertex 55.00988424460252 34.34685947617746 138
    endloop
  endfacet
  facet normal 0.9891765099647637 0.14673047445547852 0
    outer loop
      vertex 54.923834364987556 34.779461434258494 138
      vertex 54.95623311909276 34.56104677546371 146
      vertex 54.95623311909276 34.56104677546371 138
    endloop
  endfacet
  facet normal 0.9891765099647637 -0.14673047445547852 0
    outer loop
      vertex 54.95623311909276 35.43895322453629 138
      vertex 54.923834364987556 35.220538565741506 146
      vertex 54.923834364987556 35.220538565741506 138
    endloop
  endfacet
  facet normal 0.9700312531945858 -0.2429801799030969 0
    outer loop
      vertex 55.00988424460252 35.65314052382254 138
      vertex 54.95623311909276 35.43895322453629 146
      vertex 54.95623311909276 35.43895322453629 138
    endloop
  endfacet
  facet normal 0.9415440651829899 -0.3368898533923061 0
    outer loop
      vertex 55.08427105184961 35.86103772282145 138
      vertex 55.00988424460252 35.65314052382254 146
      vertex 55.00988424460252 35.65314052382254 138
    endloop
  endfacet
  facet normal 0.33688985339217165 -0.9415440651830381 0
    outer loop
      vertex 56.301962277178575 37.0787289481504 138
      vertex 56.509859476177496 37.153115755397465 138
      vertex 56.301962277178575 37.0787289481504 146
    endloop
  endfacet
  facet normal -0.24298017990332407 -0.970031253194529 0
    outer loop
      vertex 57.60195322453632 37.20676688090727 138
      vertex 57.816140523822526 37.153115755397465 138
      vertex 57.60195322453632 37.20676688090727 146
    endloop
  endfacet
  facet normal -0.14673047445533385 -0.9891765099647851 0
    outer loop
      vertex 57.3835385657415 37.23916563501244 138
      vertex 57.60195322453632 37.20676688090727 138
      vertex 57.3835385657415 37.23916563501244 146
    endloop
  endfacet
  facet normal -0.049067674327432614 -0.9987954562051716 0
    outer loop
      vertex 57.16300000000001 37.25 138
      vertex 57.3835385657415 37.23916563501244 138
      vertex 57.16300000000001 37.25 146
    endloop
  endfacet
  facet normal 0.049067674327432614 -0.9987954562051716 0
    outer loop
      vertex 56.94246143425852 37.23916563501244 138
      vertex 57.16300000000001 37.25 138
      vertex 56.94246143425852 37.23916563501244 146
    endloop
  endfacet
  facet normal 0.14673047445533385 -0.9891765099647851 0
    outer loop
      vertex 56.724046775463705 37.20676688090727 138
      vertex 56.94246143425852 37.23916563501244 138
      vertex 56.724046775463705 37.20676688090727 146
    endloop
  endfacet
  facet normal 0.24298017990332407 -0.970031253194529 0
    outer loop
      vertex 56.509859476177496 37.153115755397465 138
      vertex 56.724046775463705 37.20676688090727 138
      vertex 56.509859476177496 37.153115755397465 146
    endloop
  endfacet
  facet normal 0.42755509343019843 -0.903989293123483 0
    outer loop
      vertex 56.301962277178575 37.0787289481504 138
      vertex 56.10235734214149 36.984322844783804 146
      vertex 56.10235734214149 36.984322844783804 138
    endloop
  endfacet
  facet normal 0.5141027441933003 -0.8577286100002249 0
    outer loop
      vertex 55.9129669757059 36.87080662768072 138
      vertex 56.10235734214149 36.984322844783804 138
      vertex 55.9129669757059 36.87080662768072 146
    endloop
  endfacet
  facet normal 0.5956993044923643 -0.8032075314806961 0
    outer loop
      vertex 55.735615110631784 36.73927352006616 138
      vertex 55.9129669757059 36.87080662768072 138
      vertex 55.735615110631784 36.73927352006616 146
    endloop
  endfacet
  facet normal 0.8032075314805889 -0.595699304492509 0
    outer loop
      vertex 55.42372647993386 36.4273848893682 138
      vertex 55.292193372319275 36.25003302429411 146
      vertex 55.292193372319275 36.25003302429411 138
    endloop
  endfacet
  facet normal 0.9039892931233978 -0.42755509343037823 0
    outer loop
      vertex 55.178677155216235 36.060642657858494 138
      vertex 55.08427105184961 35.86103772282145 146
      vertex 55.08427105184961 35.86103772282145 138
    endloop
  endfacet
  facet normal 0.8577286100003442 -0.5141027441931014 0
    outer loop
      vertex 55.292193372319275 36.25003302429411 138
      vertex 55.178677155216235 36.060642657858494 146
      vertex 55.178677155216235 36.060642657858494 138
    endloop
  endfacet
  facet normal 0.7409511253549493 -0.6715589548470293 0
    outer loop
      vertex 55.572009742330295 36.59099025766973 138
      vertex 55.42372647993386 36.4273848893682 146
      vertex 55.42372647993386 36.4273848893682 138
    endloop
  endfacet
  facet normal 0.6715589548474007 -0.7409511253546125 0
    outer loop
      vertex 55.586578185091355 36.60419432452325 138
      vertex 55.572009742330295 36.59099025766973 146
      vertex 55.572009742330295 36.59099025766973 138
    endloop
  endfacet
  facet normal 0.6715589548470984 -0.7409511253548866 -1.0028491864326689e-15
    outer loop
      vertex 55.586578185091355 36.60419432452325 138
      vertex 55.735615110631784 36.73927352006616 138
      vertex 55.572009742330295 36.59099025766973 146
    endloop
  endfacet
  facet normal 0.998795456205175 0.04906767432736526 0
    outer loop
      vertex 54.923834364987556 34.779461434258494 138
      vertex 54.91300000000001 35 138
      vertex 54.923834364987556 34.779461434258494 146
    endloop
  endfacet
  facet normal 0.998795456205175 -0.04906767432736526 0
    outer loop
      vertex 54.91300000000001 35 138
      vertex 54.923834364987556 35.220538565741506 138
      vertex 54.91300000000001 35 146
    endloop
  endfacet
  facet normal 0 0 -1
    outer loop
      vertex 50.16300000000001 41.16 138
      vertex 56.10235734214149 36.984322844783804 138
      vertex 55.9129669757059 36.87080662768072 138
    endloop
  endfacet
  facet normal 0 0 -1
    outer loop
      vertex 50.16300000000001 41.16 138
      vertex 56.301962277178575 37.0787289481504 138
      vertex 56.10235734214149 36.984322844783804 138
    endloop
  endfacet
  facet normal 0 0 -1
    outer loop
      vertex 50.16300000000001 41.16 138
      vertex 55.9129669757059 36.87080662768072 138
      vertex 55.735615110631784 36.73927352006616 138
    endloop
  endfacet
  facet normal 0 0 -1
    outer loop
      vertex 50.16300000000001 41.16 138
      vertex 55.586578185091355 36.60419432452325 138
      vertex 55.572009742330295 36.59099025766973 138
    endloop
  endfacet
  facet normal 0 0 -1
    outer loop
      vertex 50.16300000000001 41.16 138
      vertex 55.572009742330295 36.59099025766973 138
      vertex 55.42372647993386 36.4273848893682 138
    endloop
  endfacet
  facet normal 0 0 -1
    outer loop
      vertex 50.16300000000001 41.16 138
      vertex 55.42372647993386 36.4273848893682 138
      vertex 55.292193372319275 36.25003302429411 138
    endloop
  endfacet
  facet normal 0 0 -1
    outer loop
      vertex 50.16300000000001 41.16 138
      vertex 55.292193372319275 36.25003302429411 138
      vertex 55.178677155216235 36.060642657858494 138
    endloop
  endfacet
  facet normal 0 0 -1
    outer loop
      vertex 50.16300000000001 41.16 138
      vertex 55.735615110631784 36.73927352006616 138
      vertex 55.586578185091355 36.60419432452325 138
    endloop
  endfacet
  facet normal 0 0 -1
    outer loop
      vertex 50.16300000000001 41.16 138
      vertex 55.00988424460252 35.65314052382254 138
      vertex 54.95623311909276 35.43895322453629 138
    endloop
  endfacet
  facet normal 0 0 -1
    outer loop
      vertex 50.16300000000001 41.16 138
      vertex 55.08427105184961 35.86103772282145 138
      vertex 55.00988424460252 35.65314052382254 138
    endloop
  endfacet
  facet normal 0 0 -1
    outer loop
      vertex 50.16300000000001 41.16 138
      vertex 55.178677155216235 36.060642657858494 138
      vertex 55.08427105184961 35.86103772282145 138
    endloop
  endfacet
  facet normal 0.5141027441933003 0.8577286100002249 0
    outer loop
      vertex 55.9129669757059 33.12919337231928 138
      vertex 55.9129669757059 33.12919337231928 146
      vertex 56.10235734214149 33.015677155216196 146
    endloop
  endfacet
  facet normal 0.5956993044923643 0.8032075314806961 0
    outer loop
      vertex 55.735615110631784 33.26072647993384 138
      vertex 55.735615110631784 33.26072647993384 146
      vertex 55.9129669757059 33.12919337231928 146
    endloop
  endfacet
  facet normal 0.6715589548471254 0.7409511253548622 0
    outer loop
      vertex 55.572009742330295 33.40900974233027 138
      vertex 55.572009742330295 33.40900974233027 146
      vertex 55.735615110631784 33.26072647993384 146
    endloop
  endfacet
  facet normal 0.7409511253549493 0.6715589548470293 0
    outer loop
      vertex 55.42372647993386 33.5726151106318 138
      vertex 55.42372647993386 33.5726151106318 146
      vertex 55.572009742330295 33.40900974233027 146
    endloop
  endfacet
  facet normal 0.8032075314805889 0.595699304492509 0
    outer loop
      vertex 55.292193372319275 33.74996697570589 138
      vertex 55.292193372319275 33.74996697570589 146
      vertex 55.42372647993386 33.5726151106318 146
    endloop
  endfacet
  facet normal 0.8577286100003442 0.5141027441931014 0
    outer loop
      vertex 55.178677155216235 33.939357342141506 138
      vertex 55.178677155216235 33.939357342141506 146
      vertex 55.292193372319275 33.74996697570589 146
    endloop
  endfacet
  facet normal 0.9039892931233978 0.42755509343037823 0
    outer loop
      vertex 55.08427105184961 34.13896227717855 138
      vertex 55.08427105184961 34.13896227717855 146
      vertex 55.178677155216235 33.939357342141506 146
    endloop
  endfacet
  facet normal 0.9415440651829899 0.3368898533923061 0
    outer loop
      vertex 55.00988424460252 34.34685947617746 138
      vertex 55.00988424460252 34.34685947617746 146
      vertex 55.08427105184961 34.13896227717855 146
    endloop
  endfacet
  facet normal 0.9700312531945858 0.2429801799030969 0
    outer loop
      vertex 54.95623311909276 34.56104677546371 138
      vertex 54.95623311909276 34.56104677546371 146
      vertex 55.00988424460252 34.34685947617746 146
    endloop
  endfacet
  facet normal 0.9891765099647637 0.14673047445547852 0
    outer loop
      vertex 54.923834364987556 34.779461434258494 138
      vertex 54.923834364987556 34.779461434258494 146
      vertex 54.95623311909276 34.56104677546371 146
    endloop
  endfacet
  facet normal 0.9891765099647637 -0.14673047445547852 0
    outer loop
      vertex 54.95623311909276 35.43895322453629 138
      vertex 54.95623311909276 35.43895322453629 146
      vertex 54.923834364987556 35.220538565741506 146
    endloop
  endfacet
  facet normal 0.9700312531945858 -0.2429801799030969 0
    outer loop
      vertex 55.00988424460252 35.65314052382254 138
      vertex 55.00988424460252 35.65314052382254 146
      vertex 54.95623311909276 35.43895322453629 146
    endloop
  endfacet
  facet normal -0.24298017990332407 -0.970031253194529 0
    outer loop
      vertex 57.816140523822526 37.153115755397465 138
      vertex 57.816140523822526 37.153115755397465 146
      vertex 57.60195322453632 37.20676688090727 146
    endloop
  endfacet
  facet normal -0.14673047445533385 -0.9891765099647851 0
    outer loop
      vertex 57.60195322453632 37.20676688090727 138
      vertex 57.60195322453632 37.20676688090727 146
      vertex 57.3835385657415 37.23916563501244 146
    endloop
  endfacet
  facet normal -0.049067674327432614 -0.9987954562051716 0
    outer loop
      vertex 57.3835385657415 37.23916563501244 138
      vertex 57.3835385657415 37.23916563501244 146
      vertex 57.16300000000001 37.25 146
    endloop
  endfacet
  facet normal 0.049067674327432614 -0.9987954562051716 0
    outer loop
      vertex 57.16300000000001 37.25 138
      vertex 57.16300000000001 37.25 146
      vertex 56.94246143425852 37.23916563501244 146
    endloop
  endfacet
  facet normal 0.14673047445533385 -0.9891765099647851 0
    outer loop
      vertex 56.94246143425852 37.23916563501244 138
      vertex 56.94246143425852 37.23916563501244 146
      vertex 56.724046775463705 37.20676688090727 146
    endloop
  endfacet
  facet normal 0.24298017990332407 -0.970031253194529 0
    outer loop
      vertex 56.724046775463705 37.20676688090727 138
      vertex 56.724046775463705 37.20676688090727 146
      vertex 56.509859476177496 37.153115755397465 146
    endloop
  endfacet
  facet normal 0.33688985339217165 -0.9415440651830381 0
    outer loop
      vertex 56.509859476177496 37.153115755397465 138
      vertex 56.509859476177496 37.153115755397465 146
      vertex 56.301962277178575 37.0787289481504 146
    endloop
  endfacet
  facet normal 0.42755509343019843 -0.903989293123483 0
    outer loop
      vertex 56.10235734214149 36.984322844783804 146
      vertex 56.301962277178575 37.0787289481504 138
      vertex 56.301962277178575 37.0787289481504 146
    endloop
  endfacet
  facet normal 0.5141027441933003 -0.8577286100002249 0
    outer loop
      vertex 56.10235734214149 36.984322844783804 138
      vertex 56.10235734214149 36.984322844783804 146
      vertex 55.9129669757059 36.87080662768072 146
    endloop
  endfacet
  facet normal 0.6715589548471254 -0.7409511253548622 0
    outer loop
      vertex 55.735615110631784 36.73927352006616 138
      vertex 55.735615110631784 36.73927352006616 146
      vertex 55.572009742330295 36.59099025766973 146
    endloop
  endfacet
  facet normal 0.5956993044923643 -0.8032075314806961 0
    outer loop
      vertex 55.9129669757059 36.87080662768072 138
      vertex 55.9129669757059 36.87080662768072 146
      vertex 55.735615110631784 36.73927352006616 146
    endloop
  endfacet
  facet normal 0.8032075314805889 -0.595699304492509 0
    outer loop
      vertex 55.42372647993386 36.4273848893682 138
      vertex 55.42372647993386 36.4273848893682 146
      vertex 55.292193372319275 36.25003302429411 146
    endloop
  endfacet
  facet normal 0.9039892931233978 -0.42755509343037823 0
    outer loop
      vertex 55.178677155216235 36.060642657858494 138
      vertex 55.178677155216235 36.060642657858494 146
      vertex 55.08427105184961 35.86103772282145 146
    endloop
  endfacet
  facet normal 0.9415440651829899 -0.3368898533923061 0
    outer loop
      vertex 55.08427105184961 35.86103772282145 138
      vertex 55.08427105184961 35.86103772282145 146
      vertex 55.00988424460252 35.65314052382254 146
    endloop
  endfacet
  facet normal 0.8577286100003442 -0.5141027441931014 0
    outer loop
      vertex 55.292193372319275 36.25003302429411 138
      vertex 55.292193372319275 36.25003302429411 146
      vertex 55.178677155216235 36.060642657858494 146
    endloop
  endfacet
  facet normal 0.7409511253549493 -0.6715589548470293 0
    outer loop
      vertex 55.572009742330295 36.59099025766973 138
      vertex 55.572009742330295 36.59099025766973 146
      vertex 55.42372647993386 36.4273848893682 146
    endloop
  endfacet
  facet normal 0.998795456205175 0.04906767432736526 0
    outer loop
      vertex 54.91300000000001 35 138
      vertex 54.91300000000001 35 146
      vertex 54.923834364987556 34.779461434258494 146
    endloop
  endfacet
  facet normal 0.998795456205175 -0.04906767432736526 0
    outer loop
      vertex 54.923834364987556 35.220538565741506 138
      vertex 54.923834364987556 35.220538565741506 146
      vertex 54.91300000000001 35 146
    endloop
  endfacet
  facet normal 0 0 1
    outer loop
      vertex 50.16300000000001 42 146
      vertex 55.178677155216235 36.060642657858494 146
      vertex 55.292193372319275 36.25003302429411 146
    endloop
  endfacet
  facet normal 0 0 1
    outer loop
      vertex 50.16300000000001 42 146
      vertex 55.42372647993386 36.4273848893682 146
      vertex 55.572009742330295 36.59099025766973 146
    endloop
  endfacet
  facet normal 0 0 1
    outer loop
      vertex 50.16300000000001 42 146
      vertex 55.572009742330295 36.59099025766973 146
      vertex 55.735615110631784 36.73927352006616 146
    endloop
  endfacet
  facet normal 0 0 1
    outer loop
      vertex 50.16300000000001 42 146
      vertex 55.292193372319275 36.25003302429411 146
      vertex 55.42372647993386 36.4273848893682 146
    endloop
  endfacet
  facet normal 0 0 1
    outer loop
      vertex 50.16300000000001 42 146
      vertex 54.91300000000001 35 146
      vertex 54.923834364987556 35.220538565741506 146
    endloop
  endfacet
  facet normal 0 0 1
    outer loop
      vertex 50.16300000000001 42 146
      vertex 54.923834364987556 35.220538565741506 146
      vertex 54.95623311909276 35.43895322453629 146
    endloop
  endfacet
  facet normal 0 0 1
    outer loop
      vertex 50.16300000000001 42 146
      vertex 54.95623311909276 35.43895322453629 146
      vertex 55.00988424460252 35.65314052382254 146
    endloop
  endfacet
  facet normal 0 0 1
    outer loop
      vertex 50.16300000000001 42 146
      vertex 55.00988424460252 35.65314052382254 146
      vertex 55.08427105184961 35.86103772282145 146
    endloop
  endfacet
  facet normal 0 0 1
    outer loop
      vertex 50.16300000000001 42 146
      vertex 55.08427105184961 35.86103772282145 146
      vertex 55.178677155216235 36.060642657858494 146
    endloop
  endfacet
  facet normal 0 0 -1
    outer loop
      vertex 64.16300000000001 42 138
      vertex 56.301962277178575 37.0787289481504 138
      vertex 50.16300000000001 41.16 138
    endloop
  endfacet
  facet normal 0 0 -1
    outer loop
      vertex 64.16300000000001 42 138
      vertex 50.16300000000001 41.16 138
      vertex 50.16300000000001 42 138
    endloop
  endfacet
  facet normal 0 0 1
    outer loop
      vertex 64.16300000000001 42 146
      vertex 50.16300000000001 42 146
      vertex 56.301962277178575 37.0787289481504 146
    endloop
  endfacet
  facet normal 0 0 1
    outer loop
      vertex 50.16300000000001 42 146
      vertex 55.9129669757059 36.87080662768072 146
      vertex 56.10235734214149 36.984322844783804 146
    endloop
  endfacet
  facet normal 0 0 1
    outer loop
      vertex 50.16300000000001 42 146
      vertex 56.10235734214149 36.984322844783804 146
      vertex 56.301962277178575 37.0787289481504 146
    endloop
  endfacet
  facet normal 0 0 1
    outer loop
      vertex 50.16300000000001 42 146
      vertex 55.735615110631784 36.73927352006616 146
      vertex 55.9129669757059 36.87080662768072 146
    endloop
  endfacet
  facet normal 0 0 -1
    outer loop
      vertex 50.16300000000001 41.16 138
      vertex 49.16300000000001 42 138
      vertex 50.16300000000001 42 138
    endloop
  endfacet
  facet normal 0 1 0
    outer loop
      vertex 50.16300000000001 42 138
      vertex 49.16300000000001 42 138
      vertex 50.16300000000001 42 146
    endloop
  endfacet
  facet normal 0 1 0
    outer loop
      vertex 49.16300000000001 42 138
      vertex 49.16300000000001 42 146
      vertex 50.16300000000001 42 146
    endloop
  endfacet
  facet normal 0 -0.6942922464071118 -0.7196931822512745
    outer loop
      vertex 98.16300000000001 46 124
      vertex 84.16300000000001 46 124
      vertex 84.16300000000001 131 42
    endloop
  endfacet
  facet normal -1 0 0
    outer loop
      vertex 84.16300000000001 46 124
      vertex 84.16300000000001 46 136
      vertex 84.16300000000001 131 42
    endloop
  endfacet
  facet normal 0 0.6942922464071118 0.7196931822512745
    outer loop
      vertex 98.16300000000001 56 136
      vertex 84.16300000000001 141 54
      vertex 84.16300000000001 56 136
    endloop
  endfacet
  facet normal -1 0 0
    outer loop
      vertex 84.16300000000001 46 136
      vertex 84.16300000000001 56 136
      vertex 84.16300000000001 141 54
    endloop
  endfacet
  facet normal 1 0 0
    outer loop
      vertex 64.16300000000001 46 124
      vertex 64.16300000000001 130 42.964705882352945
      vertex 64.16300000000001 56 136
    endloop
  endfacet
  facet normal 0 -0.6942922464071118 -0.7196931822512744
    outer loop
      vertex 64.16300000000001 46 124
      vertex 50.16300000000001 46 124
      vertex 50.16300000000001 130 42.964705882352945
    endloop
  endfacet
  facet normal -1 0 0
    outer loop
      vertex 50.16300000000001 46 124
      vertex 50.16300000000001 46 136
      vertex 50.16300000000001 130 64.61176470588235
    endloop
  endfacet
  facet normal 0 -1 0
    outer loop
      vertex 98.16300000000001 46 124
      vertex 84.16300000000001 46 136
      vertex 84.16300000000001 46 124
    endloop
  endfacet
  facet normal 0 0 1
    outer loop
      vertex 98.16300000000001 56 136
      vertex 84.16300000000001 56 136
      vertex 84.16300000000001 46 136
    endloop
  endfacet
  facet normal 0 0 -1
    outer loop
      vertex 98.16300000000001 42 138
      vertex 84.16300000000001 42 138
      vertex 84.16300000000001 132 138
    endloop
  endfacet
  facet normal -1 0 0
    outer loop
      vertex 84.16300000000001 42 138
      vertex 84.16300000000001 42 146
      vertex 84.16300000000001 132 146
    endloop
  endfacet
  facet normal 1 0 0
    outer loop
      vertex 64.16300000000001 46 124
      vertex 64.16300000000001 56 136
      vertex 64.16300000000001 46 136
    endloop
  endfacet
  facet normal 0 -1 0
    outer loop
      vertex 64.16300000000001 46 124
      vertex 64.16300000000001 46 136
      vertex 50.16300000000001 46 136
    endloop
  endfacet
  facet normal 0 0 1
    outer loop
      vertex 64.16300000000001 46 136
      vertex 64.16300000000001 56 136
      vertex 50.16300000000001 46 136
    endloop
  endfacet
  facet normal 0 -1 0
    outer loop
      vertex 64.16300000000001 46 124
      vertex 50.16300000000001 46 136
      vertex 50.16300000000001 46 124
    endloop
  endfacet
  facet normal 0 0 1
    outer loop
      vertex 64.16300000000001 56 136
      vertex 50.16300000000001 56 136
      vertex 50.16300000000001 46 136
    endloop
  endfacet
  facet normal 0 0.694292246407112 0.7196931822512745
    outer loop
      vertex 64.16300000000001 56 136
      vertex 61.98431372549021 130 64.61176470588235
      vertex 50.16300000000001 56 136
    endloop
  endfacet
  facet normal -1 0 0
    outer loop
      vertex 50.16300000000001 46 136
      vertex 50.16300000000001 56 136
      vertex 50.16300000000001 130 64.61176470588235
    endloop
  endfacet
  facet normal 1 0 0
    outer loop
      vertex 64.16300000000001 42 138
      vertex 64.16300000000001 132 138
      vertex 64.16300000000001 42 146
    endloop
  endfacet
  facet normal 0 0 -1
    outer loop
      vertex 64.16300000000001 42 138
      vertex 50.16300000000001 42 138
      vertex 50.16300000000001 132 138
    endloop
  endfacet
  facet normal 0 0 1
    outer loop
      vertex 64.16300000000001 42 146
      vertex 50.16300000000001 132 146
      vertex 50.16300000000001 42 146
    endloop
  endfacet
  facet normal -1 0 0
    outer loop
      vertex 50.16300000000001 42 138
      vertex 50.16300000000001 42 146
      vertex 50.16300000000001 132 146
    endloop
  endfacet
  facet normal 0 -1 0
    outer loop
      vertex 46 41 98
      vertex 46 41 106
      vertex 34 41 106
    endloop
  endfacet
  facet normal 0 -1 0
    outer loop
      vertex 46 41 98
      vertex 34 41 106
      vertex 34 41 98
    endloop
  endfacet
  facet normal 0 -1 0
    outer loop
      vertex 26 41 98
      vertex 26 41 106
      vertex 14 41 106
    endloop
  endfacet
  facet normal 0 -1 0
    outer loop
      vertex 26 41 98
      vertex 14 41 106
      vertex 14 41 98
    endloop
  endfacet
  facet normal 0 0 -1
    outer loop
      vertex 46 41 98
      vertex 42.12577874674753 61.255418468549976 98
      vertex 42.286541433831985 61.4721818591961 98
    endloop
  endfacet
  facet normal 0 0 -1
    outer loop
      vertex 46 41 98
      vertex 42.286541433831985 61.4721818591961 98
      vertex 42.425283476957986 61.703658973728494 98
    endloop
  endfacet
  facet normal 0 0 -1
    outer loop
      vertex 46 41 98
      vertex 42.425283476957986 61.703658973728494 98
      vertex 42.540668714406024 61.947620560996 98
    endloop
  endfacet
  facet normal 0 0 -1
    outer loop
      vertex 46 41 98
      vertex 41.744581531450024 60.87422125325247 98
      vertex 41.94454364826299 61.05545635173701 98
    endloop
  endfacet
  facet normal 0 0 -1
    outer loop
      vertex 46 41 98
      vertex 41.5278181408039 60.713458566168015 98
      vertex 41.744581531450024 60.87422125325247 98
    endloop
  endfacet
  facet normal 0 0 -1
    outer loop
      vertex 46 41 98
      vertex 41.29634102627148 60.574716523042014 98
      vertex 41.5278181408039 60.713458566168015 98
    endloop
  endfacet
  facet normal 0 0 -1
    outer loop
      vertex 46 41 98
      vertex 41.05237943900397 60.459331285593976 98
      vertex 41.29634102627148 60.574716523042014 98
    endloop
  endfacet
  facet normal 0 0 -1
    outer loop
      vertex 46 41 98
      vertex 41.94454364826299 61.05545635173701 98
      vertex 42.12577874674753 61.255418468549976 98
    endloop
  endfacet
  facet normal 0 0 -1
    outer loop
      vertex 46 41 98
      vertex 40.79828286244975 60.36841407673643 98
      vertex 41.05237943900397 60.459331285593976 98
    endloop
  endfacet
  facet normal 0 0 -1
    outer loop
      vertex 46 41 98
      vertex 40.53649838554435 60.30284047889111 98
      vertex 40.79828286244975 60.36841407673643 98
    endloop
  endfacet
  facet normal 0 0 -1
    outer loop
      vertex 46 41 98
      vertex 34 41 98
      vertex 40.53649838554435 60.30284047889111 98
    endloop
  endfacet
  facet normal 0 0 -1
    outer loop
      vertex 34 41 98
      vertex 40.26954713590629 60.26324200165146 98
      vertex 40.53649838554435 60.30284047889111 98
    endloop
  endfacet
  facet normal 0 0 -1
    outer loop
      vertex 34 41 98
      vertex 40 60.25 98
      vertex 40.26954713590629 60.26324200165146 98
    endloop
  endfacet
  facet normal 0 0 -1
    outer loop
      vertex 34 41 98
      vertex 39.73045286409371 60.26324200165146 98
      vertex 40 60.25 98
    endloop
  endfacet
  facet normal 0 0 -1
    outer loop
      vertex 34 41 98
      vertex 39.46350161445565 60.30284047889111 98
      vertex 39.73045286409371 60.26324200165146 98
    endloop
  endfacet
  facet normal 0 0 -1
    outer loop
      vertex 34 41 98
      vertex 39.20171713755025 60.36841407673643 98
      vertex 39.46350161445565 60.30284047889111 98
    endloop
  endfacet
  facet normal 0 0 -1
    outer loop
      vertex 34 41 98
      vertex 38.94762056099603 60.459331285593976 98
      vertex 39.20171713755025 60.36841407673643 98
    endloop
  endfacet
  facet normal 0 0 -1
    outer loop
      vertex 34 41 98
      vertex 38.70365897372852 60.574716523042014 98
      vertex 38.94762056099603 60.459331285593976 98
    endloop
  endfacet
  facet normal 0 0 -1
    outer loop
      vertex 34 41 98
      vertex 38.4721818591961 60.713458566168015 98
      vertex 38.70365897372852 60.574716523042014 98
    endloop
  endfacet
  facet normal 0 0 -1
    outer loop
      vertex 34 41 98
      vertex 38.255418468549976 60.87422125325247 98
      vertex 38.4721818591961 60.713458566168015 98
    endloop
  endfacet
  facet normal 0 0 -1
    outer loop
      vertex 34 41 98
      vertex 38.05545635173701 61.05545635173701 98
      vertex 38.255418468549976 60.87422125325247 98
    endloop
  endfacet
  facet normal 0 0 -1
    outer loop
      vertex 34 41 98
      vertex 37.87422125325247 61.255418468549976 98
      vertex 38.05545635173701 61.05545635173701 98
    endloop
  endfacet
  facet normal 0 0 -1
    outer loop
      vertex 34 41 98
      vertex 37.713458566168015 61.4721818591961 98
      vertex 37.87422125325247 61.255418468549976 98
    endloop
  endfacet
  facet normal 0 0 -1
    outer loop
      vertex 34 41 98
      vertex 37.574716523042014 61.703658973728494 98
      vertex 37.713458566168015 61.4721818591961 98
    endloop
  endfacet
  facet normal 0 0 -1
    outer loop
      vertex 34 41 98
      vertex 37.459331285593976 61.947620560996 98
      vertex 37.574716523042014 61.703658973728494 98
    endloop
  endfacet
  facet normal 0 0 1
    outer loop
      vertex 46 41 106
      vertex 42.286541433831985 61.4721818591961 106
      vertex 42.12577874674753 61.255418468549976 106
    endloop
  endfacet
  facet normal 0 0 1
    outer loop
      vertex 46 41 106
      vertex 42.425283476957986 61.703658973728494 106
      vertex 42.286541433831985 61.4721818591961 106
    endloop
  endfacet
  facet normal 0 0 1
    outer loop
      vertex 46 41 106
      vertex 42.540668714406024 61.947620560996 106
      vertex 42.425283476957986 61.703658973728494 106
    endloop
  endfacet
  facet normal 0 0 1
    outer loop
      vertex 46 41 106
      vertex 41.94454364826299 61.05545635173701 106
      vertex 41.744581531450024 60.87422125325247 106
    endloop
  endfacet
  facet normal 0 0 1
    outer loop
      vertex 46 41 106
      vertex 41.744581531450024 60.87422125325247 106
      vertex 41.5278181408039 60.713458566168015 106
    endloop
  endfacet
  facet normal 0 0 1
    outer loop
      vertex 46 41 106
      vertex 41.5278181408039 60.713458566168015 106
      vertex 41.29634102627148 60.574716523042014 106
    endloop
  endfacet
  facet normal 0 0 1
    outer loop
      vertex 46 41 106
      vertex 41.29634102627148 60.574716523042014 106
      vertex 41.05237943900397 60.459331285593976 106
    endloop
  endfacet
  facet normal 0 0 1
    outer loop
      vertex 46 41 106
      vertex 42.12577874674753 61.255418468549976 106
      vertex 41.94454364826299 61.05545635173701 106
    endloop
  endfacet
  facet normal 0 0 1
    outer loop
      vertex 46 41 106
      vertex 41.05237943900397 60.459331285593976 106
      vertex 40.79828286244975 60.36841407673643 106
    endloop
  endfacet
  facet normal 0 0 1
    outer loop
      vertex 46 41 106
      vertex 40.79828286244975 60.36841407673643 106
      vertex 40.53649838554435 60.30284047889111 106
    endloop
  endfacet
  facet normal 0 0 1
    outer loop
      vertex 46 41 106
      vertex 40.53649838554435 60.30284047889111 106
      vertex 40.26954713590629 60.26324200165146 106
    endloop
  endfacet
  facet normal 0 0 1
    outer loop
      vertex 46 41 106
      vertex 40.26954713590629 60.26324200165146 106
      vertex 40 60.25 106
    endloop
  endfacet
  facet normal 0 0 1
    outer loop
      vertex 46 41 106
      vertex 40 60.25 106
      vertex 39.73045286409371 60.26324200165146 106
    endloop
  endfacet
  facet normal 0 0 1
    outer loop
      vertex 46 41 106
      vertex 39.73045286409371 60.26324200165146 106
      vertex 39.46350161445565 60.30284047889111 106
    endloop
  endfacet
  facet normal 0 0 1
    outer loop
      vertex 46 41 106
      vertex 39.46350161445565 60.30284047889111 106
      vertex 34 41 106
    endloop
  endfacet
  facet normal 0 0 1
    outer loop
      vertex 34 41 106
      vertex 39.46350161445565 60.30284047889111 106
      vertex 39.20171713755025 60.36841407673643 106
    endloop
  endfacet
  facet normal 0 0 1
    outer loop
      vertex 34 41 106
      vertex 39.20171713755025 60.36841407673643 106
      vertex 38.94762056099603 60.459331285593976 106
    endloop
  endfacet
  facet normal 0 0 1
    outer loop
      vertex 34 41 106
      vertex 38.94762056099603 60.459331285593976 106
      vertex 38.70365897372852 60.574716523042014 106
    endloop
  endfacet
  facet normal 0 0 1
    outer loop
      vertex 34 41 106
      vertex 38.70365897372852 60.574716523042014 106
      vertex 38.4721818591961 60.713458566168015 106
    endloop
  endfacet
  facet normal 0 0 1
    outer loop
      vertex 34 41 106
      vertex 38.4721818591961 60.713458566168015 106
      vertex 38.255418468549976 60.87422125325247 106
    endloop
  endfacet
  facet normal 0 0 1
    outer loop
      vertex 34 41 106
      vertex 38.255418468549976 60.87422125325247 106
      vertex 38.05545635173701 61.05545635173701 106
    endloop
  endfacet
  facet normal 0 0 1
    outer loop
      vertex 34 41 106
      vertex 38.05545635173701 61.05545635173701 106
      vertex 37.87422125325247 61.255418468549976 106
    endloop
  endfacet
  facet normal 0 0 1
    outer loop
      vertex 34 41 106
      vertex 37.87422125325247 61.255418468549976 106
      vertex 37.713458566168015 61.4721818591961 106
    endloop
  endfacet
  facet normal 0 0 1
    outer loop
      vertex 34 41 106
      vertex 37.713458566168015 61.4721818591961 106
      vertex 37.574716523042014 61.703658973728494 106
    endloop
  endfacet
  facet normal 0 0 1
    outer loop
      vertex 34 41 106
      vertex 37.574716523042014 61.703658973728494 106
      vertex 37.459331285593976 61.947620560996 106
    endloop
  endfacet
  facet normal 0 0 -1
    outer loop
      vertex 46 41 98
      vertex 42.540668714406024 61.947620560996 98
      vertex 42.63158592326357 62.20171713755022 98
    endloop
  endfacet
  facet normal 0 0 -1
    outer loop
      vertex 46 41 98
      vertex 42.63158592326357 62.20171713755022 98
      vertex 42.69715952110886 62.46350161445565 98
    endloop
  endfacet
  facet normal 0 0 -1
    outer loop
      vertex 46 41 98
      vertex 42.69715952110886 62.46350161445565 98
      vertex 42.73675799834854 62.73045286409371 98
    endloop
  endfacet
  facet normal 0 0 -1
    outer loop
      vertex 46 41 98
      vertex 42.73675799834854 62.73045286409371 98
      vertex 42.75 63 98
    endloop
  endfacet
  facet normal 0 0 -1
    outer loop
      vertex 46 41 98
      vertex 42.75 63 98
      vertex 42.73675799834854 63.26954713590629 98
    endloop
  endfacet
  facet normal 0 0 -1
    outer loop
      vertex 34 41 98
      vertex 37.36841407673643 62.20171713755022 98
      vertex 37.459331285593976 61.947620560996 98
    endloop
  endfacet
  facet normal 0 0 -1
    outer loop
      vertex 34 41 98
      vertex 37.30284047889114 62.46350161445565 98
      vertex 37.36841407673643 62.20171713755022 98
    endloop
  endfacet
  facet normal 0 0 -1
    outer loop
      vertex 34 41 98
      vertex 37.26324200165146 62.73045286409371 98
      vertex 37.30284047889114 62.46350161445565 98
    endloop
  endfacet
  facet normal 0 0 -1
    outer loop
      vertex 34 41 98
      vertex 37.25 63 98
      vertex 37.26324200165146 62.73045286409371 98
    endloop
  endfacet
  facet normal -0.33688985339226646 0.941544065183004 0
    outer loop
      vertex 41.05237943900397 60.459331285593976 98
      vertex 40.79828286244975 60.36841407673643 98
      vertex 41.05237943900397 60.459331285593976 106
    endloop
  endfacet
  facet normal -0.24298017990329648 0.9700312531945358 0
    outer loop
      vertex 40.79828286244975 60.36841407673643 98
      vertex 40.53649838554435 60.30284047889111 98
      vertex 40.79828286244975 60.36841407673643 106
    endloop
  endfacet
  facet normal -0.4275550934301948 0.9039892931234846 0
    outer loop
      vertex 41.05237943900397 60.459331285593976 98
      vertex 41.05237943900397 60.459331285593976 106
      vertex 41.29634102627148 60.574716523042014 106
    endloop
  endfacet
  facet normal -0.33688985339226646 0.941544065183004 0
    outer loop
      vertex 40.79828286244975 60.36841407673643 98
      vertex 40.79828286244975 60.36841407673643 106
      vertex 41.05237943900397 60.459331285593976 106
    endloop
  endfacet
  facet normal -0.24298017990329648 0.9700312531945358 0
    outer loop
      vertex 40.53649838554435 60.30284047889111 98
      vertex 40.53649838554435 60.30284047889111 106
      vertex 40.79828286244975 60.36841407673643 106
    endloop
  endfacet
  facet normal 0 0 1
    outer loop
      vertex 46 41 106
      vertex 42.63158592326357 62.20171713755022 106
      vertex 42.540668714406024 61.947620560996 106
    endloop
  endfacet
  facet normal 0 0 1
    outer loop
      vertex 46 41 106
      vertex 42.69715952110886 62.46350161445565 106
      vertex 42.63158592326357 62.20171713755022 106
    endloop
  endfacet
  facet normal 0 0 1
    outer loop
      vertex 46 41 106
      vertex 42.73675799834854 62.73045286409371 106
      vertex 42.69715952110886 62.46350161445565 106
    endloop
  endfacet
  facet normal 0 0 1
    outer loop
      vertex 46 41 106
      vertex 42.75 63 106
      vertex 42.73675799834854 62.73045286409371 106
    endloop
  endfacet
  facet normal -0.9039892931234846 0.4275550934301948 0
    outer loop
      vertex 42.425283476957986 61.703658973728494 98
      vertex 42.540668714406024 61.947620560996 106
      vertex 42.540668714406024 61.947620560996 98
    endloop
  endfacet
  facet normal -0.8577286100002162 0.5141027441933149 0
    outer loop
      vertex 42.286541433831985 61.4721818591961 98
      vertex 42.425283476957986 61.703658973728494 106
      vertex 42.425283476957986 61.703658973728494 98
    endloop
  endfacet
  facet normal -0.8032075314806767 0.5956993044923903 0
    outer loop
      vertex 42.12577874674753 61.255418468549976 98
      vertex 42.286541433831985 61.4721818591961 106
      vertex 42.286541433831985 61.4721818591961 98
    endloop
  endfacet
  facet normal -0.7409511253549138 0.6715589548470682 0
    outer loop
      vertex 41.94454364826299 61.05545635173701 98
      vertex 42.12577874674753 61.255418468549976 106
      vertex 42.12577874674753 61.255418468549976 98
    endloop
  endfacet
  facet normal -0.9700312531945668 0.24298017990317258 0
    outer loop
      vertex 42.63158592326357 62.20171713755022 98
      vertex 42.69715952110886 62.46350161445565 106
      vertex 42.69715952110886 62.46350161445565 98
    endloop
  endfacet
  facet normal -0.9891765099647691 0.14673047445544118 0
    outer loop
      vertex 42.69715952110886 62.46350161445565 98
      vertex 42.73675799834854 62.73045286409371 106
      vertex 42.73675799834854 62.73045286409371 98
    endloop
  endfacet
  facet normal -0.9987954562051715 0.049067674327433856 0
    outer loop
      vertex 42.73675799834854 62.73045286409371 98
      vertex 42.75 63 106
      vertex 42.75 63 98
    endloop
  endfacet
  facet normal -0.9987954562051715 -0.049067674327433856 0
    outer loop
      vertex 42.75 63 98
      vertex 42.73675799834854 63.26954713590629 106
      vertex 42.73675799834854 63.26954713590629 98
    endloop
  endfacet
  facet normal -0.941544065183004 0.33688985339226646 0
    outer loop
      vertex 42.540668714406024 61.947620560996 98
      vertex 42.63158592326357 62.20171713755022 106
      vertex 42.63158592326357 62.20171713755022 98
    endloop
  endfacet
  facet normal -0.5956993044923903 0.8032075314806767 0
    outer loop
      vertex 41.744581531450024 60.87422125325247 98
      vertex 41.5278181408039 60.713458566168015 98
      vertex 41.744581531450024 60.87422125325247 106
    endloop
  endfacet
  facet normal -0.6715589548470682 0.7409511253549138 0
    outer loop
      vertex 41.744581531450024 60.87422125325247 98
      vertex 41.94454364826299 61.05545635173701 106
      vertex 41.94454364826299 61.05545635173701 98
    endloop
  endfacet
  facet normal -0.5141027441932684 0.857728610000244 0
    outer loop
      vertex 41.5278181408039 60.713458566168015 98
      vertex 41.29634102627148 60.574716523042014 98
      vertex 41.5278181408039 60.713458566168015 106
    endloop
  endfacet
  facet normal -0.4275550934301948 0.9039892931234846 0
    outer loop
      vertex 41.29634102627148 60.574716523042014 98
      vertex 41.05237943900397 60.459331285593976 98
      vertex 41.29634102627148 60.574716523042014 106
    endloop
  endfacet
  facet normal -0.7409511253549138 0.6715589548470682 0
    outer loop
      vertex 41.94454364826299 61.05545635173701 98
      vertex 41.94454364826299 61.05545635173701 106
      vertex 42.12577874674753 61.255418468549976 106
    endloop
  endfacet
  facet normal -0.9039892931234846 0.4275550934301948 0
    outer loop
      vertex 42.425283476957986 61.703658973728494 98
      vertex 42.425283476957986 61.703658973728494 106
      vertex 42.540668714406024 61.947620560996 106
    endloop
  endfacet
  facet normal -0.8577286100002162 0.5141027441933149 0
    outer loop
      vertex 42.286541433831985 61.4721818591961 98
      vertex 42.286541433831985 61.4721818591961 106
      vertex 42.425283476957986 61.703658973728494 106
    endloop
  endfacet
  facet normal -0.8032075314806767 0.5956993044923903 0
    outer loop
      vertex 42.12577874674753 61.255418468549976 98
      vertex 42.12577874674753 61.255418468549976 106
      vertex 42.286541433831985 61.4721818591961 106
    endloop
  endfacet
  facet normal -0.9700312531945668 0.24298017990317258 0
    outer loop
      vertex 42.63158592326357 62.20171713755022 98
      vertex 42.63158592326357 62.20171713755022 106
      vertex 42.69715952110886 62.46350161445565 106
    endloop
  endfacet
  facet normal -0.9891765099647691 0.14673047445544118 0
    outer loop
      vertex 42.69715952110886 62.46350161445565 98
      vertex 42.69715952110886 62.46350161445565 106
      vertex 42.73675799834854 62.73045286409371 106
    endloop
  endfacet
  facet normal -0.9987954562051715 0.049067674327433856 0
    outer loop
      vertex 42.73675799834854 62.73045286409371 98
      vertex 42.73675799834854 62.73045286409371 106
      vertex 42.75 63 106
    endloop
  endfacet
  facet normal -0.9987954562051715 -0.049067674327433856 0
    outer loop
      vertex 42.75 63 98
      vertex 42.75 63 106
      vertex 42.73675799834854 63.26954713590629 106
    endloop
  endfacet
  facet normal -0.941544065183004 0.33688985339226646 0
    outer loop
      vertex 42.540668714406024 61.947620560996 98
      vertex 42.540668714406024 61.947620560996 106
      vertex 42.63158592326357 62.20171713755022 106
    endloop
  endfacet
  facet normal -0.5956993044923903 0.8032075314806767 0
    outer loop
      vertex 41.5278181408039 60.713458566168015 98
      vertex 41.5278181408039 60.713458566168015 106
      vertex 41.744581531450024 60.87422125325247 106
    endloop
  endfacet
  facet normal -0.6715589548470682 0.7409511253549138 0
    outer loop
      vertex 41.744581531450024 60.87422125325247 98
      vertex 41.744581531450024 60.87422125325247 106
      vertex 41.94454364826299 61.05545635173701 106
    endloop
  endfacet
  facet normal -0.5141027441932684 0.857728610000244 0
    outer loop
      vertex 41.29634102627148 60.574716523042014 98
      vertex 41.29634102627148 60.574716523042014 106
      vertex 41.5278181408039 60.713458566168015 106
    endloop
  endfacet
  facet normal -0.9891765099647691 -0.14673047445544118 0
    outer loop
      vertex 42.73675799834854 63.26954713590629 98
      vertex 42.69715952110886 63.53649838554435 106
      vertex 42.69715952110886 63.53649838554435 98
    endloop
  endfacet
  facet normal -0.9700312531945668 -0.24298017990317258 0
    outer loop
      vertex 42.69715952110886 63.53649838554435 98
      vertex 42.63158592326357 63.79828286244978 106
      vertex 42.63158592326357 63.79828286244978 98
    endloop
  endfacet
  facet normal -0.941544065183004 -0.33688985339226646 0
    outer loop
      vertex 42.63158592326357 63.79828286244978 98
      vertex 42.540668714406024 64.052379439004 106
      vertex 42.540668714406024 64.052379439004 98
    endloop
  endfacet
  facet normal -0.9039892931234846 -0.4275550934301948 0
    outer loop
      vertex 42.540668714406024 64.052379439004 98
      vertex 42.425283476957986 64.2963410262715 106
      vertex 42.425283476957986 64.2963410262715 98
    endloop
  endfacet
  facet normal -0.8577286100002162 -0.5141027441933149 0
    outer loop
      vertex 42.425283476957986 64.2963410262715 98
      vertex 42.286541433831985 64.5278181408039 106
      vertex 42.286541433831985 64.5278181408039 98
    endloop
  endfacet
  facet normal -0.8032075314806767 -0.5956993044923903 0
    outer loop
      vertex 42.286541433831985 64.5278181408039 98
      vertex 42.12577874674753 64.74458153145002 106
      vertex 42.12577874674753 64.74458153145002 98
    endloop
  endfacet
  facet normal -0.7409511253549138 -0.6715589548470682 0
    outer loop
      vertex 42.12577874674753 64.74458153145002 98
      vertex 41.94454364826299 64.944543648263 106
      vertex 41.94454364826299 64.944543648263 98
    endloop
  endfacet
  facet normal -0.6715589548470682 -0.7409511253549138 0
    outer loop
      vertex 41.94454364826299 64.944543648263 98
      vertex 41.744581531450024 65.12577874674753 106
      vertex 41.744581531450024 65.12577874674753 98
    endloop
  endfacet
  facet normal -0.5956993044923903 -0.8032075314806767 0
    outer loop
      vertex 41.5278181408039 65.28654143383199 98
      vertex 41.744581531450024 65.12577874674753 98
      vertex 41.5278181408039 65.28654143383199 106
    endloop
  endfacet
  facet normal -0.5141027441932684 -0.857728610000244 0
    outer loop
      vertex 41.29634102627148 65.42528347695799 98
      vertex 41.5278181408039 65.28654143383199 98
      vertex 41.29634102627148 65.42528347695799 106
    endloop
  endfacet
  facet normal -0.4275550934301948 -0.9039892931234846 0
    outer loop
      vertex 41.05237943900397 65.54066871440602 98
      vertex 41.29634102627148 65.42528347695799 98
      vertex 41.05237943900397 65.54066871440602 106
    endloop
  endfacet
  facet normal -0.33688985339226646 -0.941544065183004 0
    outer loop
      vertex 40.79828286244975 65.63158592326357 98
      vertex 41.05237943900397 65.54066871440602 98
      vertex 40.79828286244975 65.63158592326357 106
    endloop
  endfacet
  facet normal -0.24298017990329648 -0.9700312531945358 0
    outer loop
      vertex 40.53649838554435 65.69715952110889 98
      vertex 40.79828286244975 65.63158592326357 98
      vertex 40.53649838554435 65.69715952110889 106
    endloop
  endfacet
  facet normal -0.9891765099647691 -0.14673047445544118 0
    outer loop
      vertex 42.73675799834854 63.26954713590629 98
      vertex 42.73675799834854 63.26954713590629 106
      vertex 42.69715952110886 63.53649838554435 106
    endloop
  endfacet
  facet normal -0.9700312531945668 -0.24298017990317258 0
    outer loop
      vertex 42.69715952110886 63.53649838554435 98
      vertex 42.69715952110886 63.53649838554435 106
      vertex 42.63158592326357 63.79828286244978 106
    endloop
  endfacet
  facet normal -0.941544065183004 -0.33688985339226646 0
    outer loop
      vertex 42.63158592326357 63.79828286244978 98
      vertex 42.63158592326357 63.79828286244978 106
      vertex 42.540668714406024 64.052379439004 106
    endloop
  endfacet
  facet normal -0.9039892931234846 -0.4275550934301948 0
    outer loop
      vertex 42.540668714406024 64.052379439004 98
      vertex 42.540668714406024 64.052379439004 106
      vertex 42.425283476957986 64.2963410262715 106
    endloop
  endfacet
  facet normal -0.8577286100002162 -0.5141027441933149 0
    outer loop
      vertex 42.425283476957986 64.2963410262715 98
      vertex 42.425283476957986 64.2963410262715 106
      vertex 42.286541433831985 64.5278181408039 106
    endloop
  endfacet
  facet normal -0.8032075314806767 -0.5956993044923903 0
    outer loop
      vertex 42.286541433831985 64.5278181408039 98
      vertex 42.286541433831985 64.5278181408039 106
      vertex 42.12577874674753 64.74458153145002 106
    endloop
  endfacet
  facet normal -0.7409511253549138 -0.6715589548470682 0
    outer loop
      vertex 42.12577874674753 64.74458153145002 98
      vertex 42.12577874674753 64.74458153145002 106
      vertex 41.94454364826299 64.944543648263 106
    endloop
  endfacet
  facet normal -0.6715589548470682 -0.7409511253549138 0
    outer loop
      vertex 41.744581531450024 65.12577874674753 106
      vertex 41.94454364826299 64.944543648263 98
      vertex 41.94454364826299 64.944543648263 106
    endloop
  endfacet
  facet normal -0.5956993044923903 -0.8032075314806767 0
    outer loop
      vertex 41.744581531450024 65.12577874674753 98
      vertex 41.744581531450024 65.12577874674753 106
      vertex 41.5278181408039 65.28654143383199 106
    endloop
  endfacet
  facet normal -0.5141027441932684 -0.857728610000244 0
    outer loop
      vertex 41.5278181408039 65.28654143383199 98
      vertex 41.5278181408039 65.28654143383199 106
      vertex 41.29634102627148 65.42528347695799 106
    endloop
  endfacet
  facet normal -0.4275550934301948 -0.9039892931234846 0
    outer loop
      vertex 41.29634102627148 65.42528347695799 98
      vertex 41.29634102627148 65.42528347695799 106
      vertex 41.05237943900397 65.54066871440602 106
    endloop
  endfacet
  facet normal -0.33688985339226646 -0.941544065183004 0
    outer loop
      vertex 41.05237943900397 65.54066871440602 98
      vertex 41.05237943900397 65.54066871440602 106
      vertex 40.79828286244975 65.63158592326357 106
    endloop
  endfacet
  facet normal -0.24298017990329648 -0.9700312531945358 0
    outer loop
      vertex 40.79828286244975 65.63158592326357 98
      vertex 40.79828286244975 65.63158592326357 106
      vertex 40.53649838554435 65.69715952110889 106
    endloop
  endfacet
  facet normal -0.14673047445533813 0.9891765099647845 0
    outer loop
      vertex 40.53649838554435 60.30284047889111 98
      vertex 40.26954713590629 60.26324200165146 98
      vertex 40.53649838554435 60.30284047889111 106
    endloop
  endfacet
  facet normal -0.049067674327433856 0.9987954562051715 0
    outer loop
      vertex 40.26954713590629 60.26324200165146 98
      vertex 40 60.25 98
      vertex 40.26954713590629 60.26324200165146 106
    endloop
  endfacet
  facet normal 0.049067674327433856 0.9987954562051715 0
    outer loop
      vertex 40 60.25 98
      vertex 39.73045286409371 60.26324200165146 98
      vertex 40 60.25 106
    endloop
  endfacet
  facet normal 0.14673047445533813 0.9891765099647845 0
    outer loop
      vertex 39.73045286409371 60.26324200165146 98
      vertex 39.46350161445565 60.30284047889111 98
      vertex 39.73045286409371 60.26324200165146 106
    endloop
  endfacet
  facet normal 0.24298017990329648 0.9700312531945358 0
    outer loop
      vertex 39.46350161445565 60.30284047889111 98
      vertex 39.20171713755025 60.36841407673643 98
      vertex 39.46350161445565 60.30284047889111 106
    endloop
  endfacet
  facet normal 0.33688985339226646 0.941544065183004 0
    outer loop
      vertex 39.20171713755025 60.36841407673643 98
      vertex 38.94762056099603 60.459331285593976 98
      vertex 39.20171713755025 60.36841407673643 106
    endloop
  endfacet
  facet normal 0.4275550934301948 0.9039892931234846 0
    outer loop
      vertex 38.94762056099603 60.459331285593976 98
      vertex 38.70365897372852 60.574716523042014 98
      vertex 38.94762056099603 60.459331285593976 106
    endloop
  endfacet
  facet normal -0.14673047445533813 0.9891765099647845 0
    outer loop
      vertex 40.26954713590629 60.26324200165146 98
      vertex 40.26954713590629 60.26324200165146 106
      vertex 40.53649838554435 60.30284047889111 106
    endloop
  endfacet
  facet normal -0.049067674327433856 0.9987954562051715 0
    outer loop
      vertex 40 60.25 98
      vertex 40 60.25 106
      vertex 40.26954713590629 60.26324200165146 106
    endloop
  endfacet
  facet normal 0.049067674327433856 0.9987954562051715 0
    outer loop
      vertex 39.73045286409371 60.26324200165146 98
      vertex 39.73045286409371 60.26324200165146 106
      vertex 40 60.25 106
    endloop
  endfacet
  facet normal 0.14673047445533813 0.9891765099647845 0
    outer loop
      vertex 39.46350161445565 60.30284047889111 98
      vertex 39.46350161445565 60.30284047889111 106
      vertex 39.73045286409371 60.26324200165146 106
    endloop
  endfacet
  facet normal 0.24298017990329648 0.9700312531945358 0
    outer loop
      vertex 39.20171713755025 60.36841407673643 98
      vertex 39.20171713755025 60.36841407673643 106
      vertex 39.46350161445565 60.30284047889111 106
    endloop
  endfacet
  facet normal 0.33688985339226646 0.941544065183004 0
    outer loop
      vertex 38.94762056099603 60.459331285593976 98
      vertex 38.94762056099603 60.459331285593976 106
      vertex 39.20171713755025 60.36841407673643 106
    endloop
  endfacet
  facet normal 0 0 1
    outer loop
      vertex 34 41 106
      vertex 37.459331285593976 61.947620560996 106
      vertex 37.36841407673643 62.20171713755022 106
    endloop
  endfacet
  facet normal 0 0 1
    outer loop
      vertex 34 41 106
      vertex 37.36841407673643 62.20171713755022 106
      vertex 37.30284047889114 62.46350161445565 106
    endloop
  endfacet
  facet normal 0 0 1
    outer loop
      vertex 34 41 106
      vertex 37.30284047889114 62.46350161445565 106
      vertex 37.26324200165146 62.73045286409371 106
    endloop
  endfacet
  facet normal 0 0 1
    outer loop
      vertex 34 41 106
      vertex 37.26324200165146 62.73045286409371 106
      vertex 37.25 63 106
    endloop
  endfacet
  facet normal 0 0 1
    outer loop
      vertex 34 41 106
      vertex 37.25 63 106
      vertex 37.26324200165146 63.26954713590629 106
    endloop
  endfacet
  facet normal 0.5141027441932684 0.857728610000244 0
    outer loop
      vertex 38.70365897372852 60.574716523042014 98
      vertex 38.4721818591961 60.713458566168015 98
      vertex 38.70365897372852 60.574716523042014 106
    endloop
  endfacet
  facet normal 0.5956993044923903 0.8032075314806767 0
    outer loop
      vertex 38.4721818591961 60.713458566168015 98
      vertex 38.255418468549976 60.87422125325247 98
      vertex 38.4721818591961 60.713458566168015 106
    endloop
  endfacet
  facet normal 0.6715589548470682 0.7409511253549138 0
    outer loop
      vertex 38.255418468549976 60.87422125325247 98
      vertex 38.05545635173701 61.05545635173701 98
      vertex 38.255418468549976 60.87422125325247 106
    endloop
  endfacet
  facet normal 0.7409511253549138 0.6715589548470682 0
    outer loop
      vertex 38.05545635173701 61.05545635173701 98
      vertex 37.87422125325247 61.255418468549976 98
      vertex 38.05545635173701 61.05545635173701 106
    endloop
  endfacet
  facet normal 0.8032075314806767 0.5956993044923903 0
    outer loop
      vertex 37.713458566168015 61.4721818591961 98
      vertex 37.87422125325247 61.255418468549976 106
      vertex 37.87422125325247 61.255418468549976 98
    endloop
  endfacet
  facet normal 0.8577286100002162 0.5141027441933149 0
    outer loop
      vertex 37.574716523042014 61.703658973728494 98
      vertex 37.713458566168015 61.4721818591961 106
      vertex 37.713458566168015 61.4721818591961 98
    endloop
  endfacet
  facet normal 0.4275550934301948 0.9039892931234846 0
    outer loop
      vertex 38.70365897372852 60.574716523042014 98
      vertex 38.70365897372852 60.574716523042014 106
      vertex 38.94762056099603 60.459331285593976 106
    endloop
  endfacet
  facet normal 0.5141027441932684 0.857728610000244 0
    outer loop
      vertex 38.4721818591961 60.713458566168015 98
      vertex 38.4721818591961 60.713458566168015 106
      vertex 38.70365897372852 60.574716523042014 106
    endloop
  endfacet
  facet normal 0.5956993044923903 0.8032075314806767 0
    outer loop
      vertex 38.255418468549976 60.87422125325247 98
      vertex 38.255418468549976 60.87422125325247 106
      vertex 38.4721818591961 60.713458566168015 106
    endloop
  endfacet
  facet normal 0.6715589548470682 0.7409511253549138 0
    outer loop
      vertex 38.05545635173701 61.05545635173701 98
      vertex 38.05545635173701 61.05545635173701 106
      vertex 38.255418468549976 60.87422125325247 106
    endloop
  endfacet
  facet normal 0.7409511253549138 0.6715589548470682 0
    outer loop
      vertex 37.87422125325247 61.255418468549976 98
      vertex 37.87422125325247 61.255418468549976 106
      vertex 38.05545635173701 61.05545635173701 106
    endloop
  endfacet
  facet normal 0.8032075314806767 0.5956993044923903 0
    outer loop
      vertex 37.713458566168015 61.4721818591961 98
      vertex 37.713458566168015 61.4721818591961 106
      vertex 37.87422125325247 61.255418468549976 106
    endloop
  endfacet
  facet normal 0.8577286100002162 0.5141027441933149 0
    outer loop
      vertex 37.574716523042014 61.703658973728494 98
      vertex 37.574716523042014 61.703658973728494 106
      vertex 37.713458566168015 61.4721818591961 106
    endloop
  endfacet
  facet normal -0.14673047445533813 -0.9891765099647845 0
    outer loop
      vertex 40.26954713590629 65.73675799834854 98
      vertex 40.53649838554435 65.69715952110889 98
      vertex 40.26954713590629 65.73675799834854 106
    endloop
  endfacet
  facet normal -0.049067674327433856 -0.9987954562051715 0
    outer loop
      vertex 40 65.75 98
      vertex 40.26954713590629 65.73675799834854 98
      vertex 40 65.75 106
    endloop
  endfacet
  facet normal 0.049067674327433856 -0.9987954562051715 0
    outer loop
      vertex 39.73045286409371 65.73675799834854 98
      vertex 40 65.75 98
      vertex 39.73045286409371 65.73675799834854 106
    endloop
  endfacet
  facet normal 0.14673047445533813 -0.9891765099647845 0
    outer loop
      vertex 39.46350161445565 65.69715952110889 98
      vertex 39.73045286409371 65.73675799834854 98
      vertex 39.46350161445565 65.69715952110889 106
    endloop
  endfacet
  facet normal 0.24298017990329648 -0.9700312531945358 0
    outer loop
      vertex 39.20171713755025 65.63158592326357 98
      vertex 39.46350161445565 65.69715952110889 98
      vertex 39.20171713755025 65.63158592326357 106
    endloop
  endfacet
  facet normal 0.33688985339226646 -0.941544065183004 0
    outer loop
      vertex 38.94762056099603 65.54066871440602 98
      vertex 39.20171713755025 65.63158592326357 98
      vertex 38.94762056099603 65.54066871440602 106
    endloop
  endfacet
  facet normal 0.8032075314806767 -0.5956993044923903 0
    outer loop
      vertex 37.87422125325247 64.74458153145002 98
      vertex 37.713458566168015 64.5278181408039 106
      vertex 37.713458566168015 64.5278181408039 98
    endloop
  endfacet
  facet normal 0.8577286100002162 -0.5141027441933149 0
    outer loop
      vertex 37.713458566168015 64.5278181408039 98
      vertex 37.574716523042014 64.2963410262715 106
      vertex 37.574716523042014 64.2963410262715 98
    endloop
  endfacet
  facet normal 0.5956993044923903 -0.8032075314806767 0
    outer loop
      vertex 38.255418468549976 65.12577874674753 98
      vertex 38.4721818591961 65.28654143383199 98
      vertex 38.255418468549976 65.12577874674753 106
    endloop
  endfacet
  facet normal 0.4275550934301948 -0.9039892931234846 0
    outer loop
      vertex 38.70365897372852 65.42528347695799 98
      vertex 38.94762056099603 65.54066871440602 98
      vertex 38.70365897372852 65.42528347695799 106
    endloop
  endfacet
  facet normal 0.5141027441932684 -0.857728610000244 0
    outer loop
      vertex 38.4721818591961 65.28654143383199 98
      vertex 38.70365897372852 65.42528347695799 98
      vertex 38.4721818591961 65.28654143383199 106
    endloop
  endfacet
  facet normal 0.6715589548470682 -0.7409511253549138 0
    outer loop
      vertex 38.255418468549976 65.12577874674753 98
      vertex 38.05545635173701 64.944543648263 106
      vertex 38.05545635173701 64.944543648263 98
    endloop
  endfacet
  facet normal 0.7409511253549138 -0.6715589548470682 0
    outer loop
      vertex 38.05545635173701 64.944543648263 98
      vertex 37.87422125325247 64.74458153145002 106
      vertex 37.87422125325247 64.74458153145002 98
    endloop
  endfacet
  facet normal -0.14673047445533813 -0.9891765099647845 0
    outer loop
      vertex 40.53649838554435 65.69715952110889 98
      vertex 40.53649838554435 65.69715952110889 106
      vertex 40.26954713590629 65.73675799834854 106
    endloop
  endfacet
  facet normal -0.049067674327433856 -0.9987954562051715 0
    outer loop
      vertex 40.26954713590629 65.73675799834854 98
      vertex 40.26954713590629 65.73675799834854 106
      vertex 40 65.75 106
    endloop
  endfacet
  facet normal 0.049067674327433856 -0.9987954562051715 0
    outer loop
      vertex 40 65.75 98
      vertex 40 65.75 106
      vertex 39.73045286409371 65.73675799834854 106
    endloop
  endfacet
  facet normal 0.14673047445533813 -0.9891765099647845 0
    outer loop
      vertex 39.73045286409371 65.73675799834854 98
      vertex 39.73045286409371 65.73675799834854 106
      vertex 39.46350161445565 65.69715952110889 106
    endloop
  endfacet
  facet normal 0.33688985339226646 -0.941544065183004 0
    outer loop
      vertex 39.20171713755025 65.63158592326357 98
      vertex 39.20171713755025 65.63158592326357 106
      vertex 38.94762056099603 65.54066871440602 106
    endloop
  endfacet
  facet normal 0.24298017990329648 -0.9700312531945358 0
    outer loop
      vertex 39.46350161445565 65.69715952110889 98
      vertex 39.46350161445565 65.69715952110889 106
      vertex 39.20171713755025 65.63158592326357 106
    endloop
  endfacet
  facet normal 0.8577286100002162 -0.5141027441933149 0
    outer loop
      vertex 37.713458566168015 64.5278181408039 98
      vertex 37.713458566168015 64.5278181408039 106
      vertex 37.574716523042014 64.2963410262715 106
    endloop
  endfacet
  facet normal 0.5956993044923903 -0.8032075314806767 0
    outer loop
      vertex 38.4721818591961 65.28654143383199 98
      vertex 38.4721818591961 65.28654143383199 106
      vertex 38.255418468549976 65.12577874674753 106
    endloop
  endfacet
  facet normal 0.4275550934301948 -0.9039892931234846 0
    outer loop
      vertex 38.94762056099603 65.54066871440602 98
      vertex 38.94762056099603 65.54066871440602 106
      vertex 38.70365897372852 65.42528347695799 106
    endloop
  endfacet
  facet normal 0.5141027441932684 -0.857728610000244 0
    outer loop
      vertex 38.70365897372852 65.42528347695799 98
      vertex 38.70365897372852 65.42528347695799 106
      vertex 38.4721818591961 65.28654143383199 106
    endloop
  endfacet
  facet normal 0.7409511253549138 -0.6715589548470682 0
    outer loop
      vertex 38.05545635173701 64.944543648263 98
      vertex 38.05545635173701 64.944543648263 106
      vertex 37.87422125325247 64.74458153145002 106
    endloop
  endfacet
  facet normal 0.6715589548470682 -0.7409511253549138 0
    outer loop
      vertex 38.255418468549976 65.12577874674753 98
      vertex 38.255418468549976 65.12577874674753 106
      vertex 38.05545635173701 64.944543648263 106
    endloop
  endfacet
  facet normal 0.8032075314806767 -0.5956993044923903 0
    outer loop
      vertex 37.87422125325247 64.74458153145002 98
      vertex 37.87422125325247 64.74458153145002 106
      vertex 37.713458566168015 64.5278181408039 106
    endloop
  endfacet
  facet normal 0.9039892931234846 0.4275550934301948 0
    outer loop
      vertex 37.459331285593976 61.947620560996 98
      vertex 37.574716523042014 61.703658973728494 106
      vertex 37.574716523042014 61.703658973728494 98
    endloop
  endfacet
  facet normal 0.941544065183004 0.33688985339226646 0
    outer loop
      vertex 37.36841407673643 62.20171713755022 98
      vertex 37.459331285593976 61.947620560996 106
      vertex 37.459331285593976 61.947620560996 98
    endloop
  endfacet
  facet normal 0.9700312531945668 0.24298017990317258 0
    outer loop
      vertex 37.30284047889114 62.46350161445565 98
      vertex 37.36841407673643 62.20171713755022 106
      vertex 37.36841407673643 62.20171713755022 98
    endloop
  endfacet
  facet normal 0.9891765099647691 0.14673047445544118 0
    outer loop
      vertex 37.26324200165146 62.73045286409371 98
      vertex 37.30284047889114 62.46350161445565 106
      vertex 37.30284047889114 62.46350161445565 98
    endloop
  endfacet
  facet normal 0.9987954562051715 0.049067674327433856 0
    outer loop
      vertex 37.25 63 98
      vertex 37.26324200165146 62.73045286409371 106
      vertex 37.26324200165146 62.73045286409371 98
    endloop
  endfacet
  facet normal 0.9987954562051715 -0.049067674327433856 0
    outer loop
      vertex 37.26324200165146 63.26954713590629 98
      vertex 37.25 63 106
      vertex 37.25 63 98
    endloop
  endfacet
  facet normal 0.9039892931234846 0.4275550934301948 0
    outer loop
      vertex 37.459331285593976 61.947620560996 98
      vertex 37.459331285593976 61.947620560996 106
      vertex 37.574716523042014 61.703658973728494 106
    endloop
  endfacet
  facet normal 0.941544065183004 0.33688985339226646 0
    outer loop
      vertex 37.36841407673643 62.20171713755022 98
      vertex 37.36841407673643 62.20171713755022 106
      vertex 37.459331285593976 61.947620560996 106
    endloop
  endfacet
  facet normal 0.9700312531945668 0.24298017990317258 0
    outer loop
      vertex 37.30284047889114 62.46350161445565 98
      vertex 37.30284047889114 62.46350161445565 106
      vertex 37.36841407673643 62.20171713755022 106
    endloop
  endfacet
  facet normal 0.9891765099647691 0.14673047445544118 0
    outer loop
      vertex 37.26324200165146 62.73045286409371 98
      vertex 37.26324200165146 62.73045286409371 106
      vertex 37.30284047889114 62.46350161445565 106
    endloop
  endfacet
  facet normal 0.9987954562051715 0.049067674327433856 0
    outer loop
      vertex 37.25 63 98
      vertex 37.25 63 106
      vertex 37.26324200165146 62.73045286409371 106
    endloop
  endfacet
  facet normal 0.9987954562051715 -0.049067674327433856 0
    outer loop
      vertex 37.26324200165146 63.26954713590629 98
      vertex 37.26324200165146 63.26954713590629 106
      vertex 37.25 63 106
    endloop
  endfacet
  facet normal 0.9891765099647691 -0.14673047445544118 0
    outer loop
      vertex 37.30284047889114 63.53649838554435 98
      vertex 37.26324200165146 63.26954713590629 106
      vertex 37.26324200165146 63.26954713590629 98
    endloop
  endfacet
  facet normal 0.941544065183004 -0.33688985339226646 0
    outer loop
      vertex 37.459331285593976 64.052379439004 98
      vertex 37.36841407673643 63.79828286244978 106
      vertex 37.36841407673643 63.79828286244978 98
    endloop
  endfacet
  facet normal 0.9700312531945668 -0.24298017990317258 0
    outer loop
      vertex 37.36841407673643 63.79828286244978 98
      vertex 37.30284047889114 63.53649838554435 106
      vertex 37.30284047889114 63.53649838554435 98
    endloop
  endfacet
  facet normal 0.9039892931234846 -0.4275550934301948 0
    outer loop
      vertex 37.574716523042014 64.2963410262715 98
      vertex 37.459331285593976 64.052379439004 106
      vertex 37.459331285593976 64.052379439004 98
    endloop
  endfacet
  facet normal 0.9891765099647691 -0.14673047445544118 0
    outer loop
      vertex 37.30284047889114 63.53649838554435 98
      vertex 37.30284047889114 63.53649838554435 106
      vertex 37.26324200165146 63.26954713590629 106
    endloop
  endfacet
  facet normal 0.9700312531945668 -0.24298017990317258 0
    outer loop
      vertex 37.36841407673643 63.79828286244978 98
      vertex 37.36841407673643 63.79828286244978 106
      vertex 37.30284047889114 63.53649838554435 106
    endloop
  endfacet
  facet normal 0.941544065183004 -0.33688985339226646 0
    outer loop
      vertex 37.459331285593976 64.052379439004 98
      vertex 37.459331285593976 64.052379439004 106
      vertex 37.36841407673643 63.79828286244978 106
    endloop
  endfacet
  facet normal 0.9039892931234846 -0.4275550934301948 0
    outer loop
      vertex 37.574716523042014 64.2963410262715 98
      vertex 37.574716523042014 64.2963410262715 106
      vertex 37.459331285593976 64.052379439004 106
    endloop
  endfacet
  facet normal 0 0 -1
    outer loop
      vertex 26 41 98
      vertex 21.744581531450024 60.87422125325247 98
      vertex 21.944543648262993 61.05545635173701 98
    endloop
  endfacet
  facet normal 0 0 -1
    outer loop
      vertex 26 41 98
      vertex 22.286541433831985 61.4721818591961 98
      vertex 22.425283476957986 61.703658973728494 98
    endloop
  endfacet
  facet normal 0 0 -1
    outer loop
      vertex 26 41 98
      vertex 22.425283476957986 61.703658973728494 98
      vertex 22.540668714406024 61.947620560996 98
    endloop
  endfacet
  facet normal 0 0 -1
    outer loop
      vertex 26 41 98
      vertex 21.944543648262993 61.05545635173701 98
      vertex 22.125778746747528 61.255418468549976 98
    endloop
  endfacet
  facet normal 0 0 -1
    outer loop
      vertex 26 41 98
      vertex 22.125778746747528 61.255418468549976 98
      vertex 22.286541433831985 61.4721818591961 98
    endloop
  endfacet
  facet normal 0 0 1
    outer loop
      vertex 26 41 106
      vertex 21.944543648262993 61.05545635173701 106
      vertex 21.744581531450024 60.87422125325247 106
    endloop
  endfacet
  facet normal 0 0 1
    outer loop
      vertex 26 41 106
      vertex 22.425283476957986 61.703658973728494 106
      vertex 22.286541433831985 61.4721818591961 106
    endloop
  endfacet
  facet normal 0 0 1
    outer loop
      vertex 26 41 106
      vertex 22.540668714406024 61.947620560996 106
      vertex 22.425283476957986 61.703658973728494 106
    endloop
  endfacet
  facet normal 0 0 1
    outer loop
      vertex 26 41 106
      vertex 22.125778746747528 61.255418468549976 106
      vertex 21.944543648262993 61.05545635173701 106
    endloop
  endfacet
  facet normal 0 0 1
    outer loop
      vertex 26 41 106
      vertex 22.286541433831985 61.4721818591961 106
      vertex 22.125778746747528 61.255418468549976 106
    endloop
  endfacet
  facet normal 0 0 -1
    outer loop
      vertex 26 41 98
      vertex 22.540668714406024 61.947620560996 98
      vertex 22.63158592326357 62.20171713755022 98
    endloop
  endfacet
  facet normal 0 0 -1
    outer loop
      vertex 26 41 98
      vertex 22.63158592326357 62.20171713755022 98
      vertex 22.69715952110886 62.46350161445565 98
    endloop
  endfacet
  facet normal 0 0 -1
    outer loop
      vertex 26 41 98
      vertex 22.69715952110886 62.46350161445565 98
      vertex 22.736757998348537 62.73045286409371 98
    endloop
  endfacet
  facet normal 0 0 -1
    outer loop
      vertex 26 41 98
      vertex 22.736757998348537 62.73045286409371 98
      vertex 22.75 63 98
    endloop
  endfacet
  facet normal 0 0 -1
    outer loop
      vertex 26 41 98
      vertex 22.75 63 98
      vertex 22.736757998348537 63.26954713590629 98
    endloop
  endfacet
  facet normal 0 0 1
    outer loop
      vertex 26 41 106
      vertex 22.63158592326357 62.20171713755022 106
      vertex 22.540668714406024 61.947620560996 106
    endloop
  endfacet
  facet normal 0 0 1
    outer loop
      vertex 26 41 106
      vertex 22.69715952110886 62.46350161445565 106
      vertex 22.63158592326357 62.20171713755022 106
    endloop
  endfacet
  facet normal 0 0 1
    outer loop
      vertex 26 41 106
      vertex 22.736757998348537 62.73045286409371 106
      vertex 22.69715952110886 62.46350161445565 106
    endloop
  endfacet
  facet normal 0 0 1
    outer loop
      vertex 26 41 106
      vertex 22.75 63 106
      vertex 22.736757998348537 62.73045286409371 106
    endloop
  endfacet
  facet normal 0 -1 0
    outer loop
      vertex 46 76 84
      vertex 34 76 96
      vertex 34 76 84
    endloop
  endfacet
  facet normal 0 -1 0
    outer loop
      vertex 46 76 84
      vertex 46 76 96
      vertex 34 76 96
    endloop
  endfacet
  facet normal 1 0 0
    outer loop
      vertex 46 41 98
      vertex 46 132 98
      vertex 46 41 106
    endloop
  endfacet
  facet normal 1 0 0
    outer loop
      vertex 46 76 84
      vertex 46 86 96
      vertex 46 76 96
    endloop
  endfacet
  facet normal 0 0 1
    outer loop
      vertex 46 76 96
      vertex 46 86 96
      vertex 34 76 96
    endloop
  endfacet
  facet normal 0 0 -1
    outer loop
      vertex 46 41 98
      vertex 42.73675799834854 63.26954713590629 98
      vertex 34 130 98
    endloop
  endfacet
  facet normal 0 0 -1
    outer loop
      vertex 34 41 98
      vertex 34 130 98
      vertex 37.25 63 98
    endloop
  endfacet
  facet normal 0 0 1
    outer loop
      vertex 46 86 96
      vertex 34 86 96
      vertex 34 76 96
    endloop
  endfacet
  facet normal 0 0 -1
    outer loop
      vertex 34 130 98
      vertex 42.73675799834854 63.26954713590629 98
      vertex 42.69715952110886 63.53649838554435 98
    endloop
  endfacet
  facet normal 0 0 -1
    outer loop
      vertex 34 130 98
      vertex 42.69715952110886 63.53649838554435 98
      vertex 42.63158592326357 63.79828286244978 98
    endloop
  endfacet
  facet normal 0 0 -1
    outer loop
      vertex 34 130 98
      vertex 42.63158592326357 63.79828286244978 98
      vertex 42.540668714406024 64.052379439004 98
    endloop
  endfacet
  facet normal 0 0 -1
    outer loop
      vertex 34 130 98
      vertex 42.425283476957986 64.2963410262715 98
      vertex 42.286541433831985 64.5278181408039 98
    endloop
  endfacet
  facet normal 0 0 -1
    outer loop
      vertex 34 130 98
      vertex 42.540668714406024 64.052379439004 98
      vertex 42.425283476957986 64.2963410262715 98
    endloop
  endfacet
  facet normal 0 0 -1
    outer loop
      vertex 34 130 98
      vertex 42.286541433831985 64.5278181408039 98
      vertex 42.12577874674753 64.74458153145002 98
    endloop
  endfacet
  facet normal 0 0 -1
    outer loop
      vertex 34 130 98
      vertex 42.12577874674753 64.74458153145002 98
      vertex 41.94454364826299 64.944543648263 98
    endloop
  endfacet
  facet normal 0 0 -1
    outer loop
      vertex 34 130 98
      vertex 41.94454364826299 64.944543648263 98
      vertex 41.744581531450024 65.12577874674753 98
    endloop
  endfacet
  facet normal 0 0 -1
    outer loop
      vertex 34 130 98
      vertex 41.744581531450024 65.12577874674753 98
      vertex 41.5278181408039 65.28654143383199 98
    endloop
  endfacet
  facet normal 0 0 -1
    outer loop
      vertex 34 130 98
      vertex 41.5278181408039 65.28654143383199 98
      vertex 41.29634102627148 65.42528347695799 98
    endloop
  endfacet
  facet normal 0 0 -1
    outer loop
      vertex 34 130 98
      vertex 41.29634102627148 65.42528347695799 98
      vertex 41.05237943900397 65.54066871440602 98
    endloop
  endfacet
  facet normal 0 0 -1
    outer loop
      vertex 34 130 98
      vertex 41.05237943900397 65.54066871440602 98
      vertex 40.79828286244975 65.63158592326357 98
    endloop
  endfacet
  facet normal 0 0 -1
    outer loop
      vertex 34 130 98
      vertex 40.79828286244975 65.63158592326357 98
      vertex 40.53649838554435 65.69715952110889 98
    endloop
  endfacet
  facet normal 0 0 -1
    outer loop
      vertex 34 130 98
      vertex 40.53649838554435 65.69715952110889 98
      vertex 40.26954713590629 65.73675799834854 98
    endloop
  endfacet
  facet normal 0 0 -1
    outer loop
      vertex 34 130 98
      vertex 40.26954713590629 65.73675799834854 98
      vertex 40 65.75 98
    endloop
  endfacet
  facet normal 0 0 -1
    outer loop
      vertex 34 130 98
      vertex 40 65.75 98
      vertex 39.73045286409371 65.73675799834854 98
    endloop
  endfacet
  facet normal 0 0 -1
    outer loop
      vertex 34 130 98
      vertex 39.73045286409371 65.73675799834854 98
      vertex 39.46350161445565 65.69715952110889 98
    endloop
  endfacet
  facet normal 0 0 -1
    outer loop
      vertex 34 130 98
      vertex 37.26324200165146 63.26954713590629 98
      vertex 37.25 63 98
    endloop
  endfacet
  facet normal 0 0 -1
    outer loop
      vertex 34 130 98
      vertex 37.30284047889114 63.53649838554435 98
      vertex 37.26324200165146 63.26954713590629 98
    endloop
  endfacet
  facet normal 0 0 -1
    outer loop
      vertex 34 130 98
      vertex 37.36841407673643 63.79828286244978 98
      vertex 37.30284047889114 63.53649838554435 98
    endloop
  endfacet
  facet normal 0 0 -1
    outer loop
      vertex 34 130 98
      vertex 37.87422125325247 64.74458153145002 98
      vertex 37.713458566168015 64.5278181408039 98
    endloop
  endfacet
  facet normal 0 0 -1
    outer loop
      vertex 34 130 98
      vertex 38.05545635173701 64.944543648263 98
      vertex 37.87422125325247 64.74458153145002 98
    endloop
  endfacet
  facet normal 0 0 -1
    outer loop
      vertex 34 130 98
      vertex 37.574716523042014 64.2963410262715 98
      vertex 37.459331285593976 64.052379439004 98
    endloop
  endfacet
  facet normal 0 0 -1
    outer loop
      vertex 34 130 98
      vertex 37.713458566168015 64.5278181408039 98
      vertex 37.574716523042014 64.2963410262715 98
    endloop
  endfacet
  facet normal 0 0 -1
    outer loop
      vertex 34 130 98
      vertex 37.459331285593976 64.052379439004 98
      vertex 37.36841407673643 63.79828286244978 98
    endloop
  endfacet
  facet normal 0 0 -1
    outer loop
      vertex 34 130 98
      vertex 39.46350161445565 65.69715952110889 98
      vertex 39.20171713755025 65.63158592326357 98
    endloop
  endfacet
  facet normal 0 0 -1
    outer loop
      vertex 34 130 98
      vertex 38.94762056099603 65.54066871440602 98
      vertex 38.70365897372852 65.42528347695799 98
    endloop
  endfacet
  facet normal 0 0 -1
    outer loop
      vertex 34 130 98
      vertex 39.20171713755025 65.63158592326357 98
      vertex 38.94762056099603 65.54066871440602 98
    endloop
  endfacet
  facet normal 0 0 -1
    outer loop
      vertex 34 130 98
      vertex 38.70365897372852 65.42528347695799 98
      vertex 38.4721818591961 65.28654143383199 98
    endloop
  endfacet
  facet normal 0 0 -1
    outer loop
      vertex 34 130 98
      vertex 38.4721818591961 65.28654143383199 98
      vertex 38.255418468549976 65.12577874674753 98
    endloop
  endfacet
  facet normal 0 0 -1
    outer loop
      vertex 34 130 98
      vertex 38.255418468549976 65.12577874674753 98
      vertex 38.05545635173701 64.944543648263 98
    endloop
  endfacet
  facet normal 0 0 1
    outer loop
      vertex 46 41 106
      vertex 46 132 106
      vertex 42.75 63 106
    endloop
  endfacet
  facet normal 0 0 1
    outer loop
      vertex 46 132 106
      vertex 42.73675799834854 63.26954713590629 106
      vertex 42.75 63 106
    endloop
  endfacet
  facet normal 0 0 1
    outer loop
      vertex 46 132 106
      vertex 42.69715952110886 63.53649838554435 106
      vertex 42.73675799834854 63.26954713590629 106
    endloop
  endfacet
  facet normal 0 0 1
    outer loop
      vertex 46 132 106
      vertex 42.63158592326357 63.79828286244978 106
      vertex 42.69715952110886 63.53649838554435 106
    endloop
  endfacet
  facet normal 0 0 1
    outer loop
      vertex 46 132 106
      vertex 42.540668714406024 64.052379439004 106
      vertex 42.63158592326357 63.79828286244978 106
    endloop
  endfacet
  facet normal 0 0 1
    outer loop
      vertex 46 132 106
      vertex 42.425283476957986 64.2963410262715 106
      vertex 42.540668714406024 64.052379439004 106
    endloop
  endfacet
  facet normal 0 0 1
    outer loop
      vertex 46 132 106
      vertex 42.286541433831985 64.5278181408039 106
      vertex 42.425283476957986 64.2963410262715 106
    endloop
  endfacet
  facet normal 0 0 1
    outer loop
      vertex 46 132 106
      vertex 42.12577874674753 64.74458153145002 106
      vertex 42.286541433831985 64.5278181408039 106
    endloop
  endfacet
  facet normal 0 0 1
    outer loop
      vertex 46 132 106
      vertex 41.94454364826299 64.944543648263 106
      vertex 42.12577874674753 64.74458153145002 106
    endloop
  endfacet
  facet normal 0 0 1
    outer loop
      vertex 46 132 106
      vertex 41.744581531450024 65.12577874674753 106
      vertex 41.94454364826299 64.944543648263 106
    endloop
  endfacet
  facet normal 0 0 1
    outer loop
      vertex 46 132 106
      vertex 41.5278181408039 65.28654143383199 106
      vertex 41.744581531450024 65.12577874674753 106
    endloop
  endfacet
  facet normal 0 0 1
    outer loop
      vertex 46 132 106
      vertex 41.29634102627148 65.42528347695799 106
      vertex 41.5278181408039 65.28654143383199 106
    endloop
  endfacet
  facet normal 0 0 1
    outer loop
      vertex 46 132 106
      vertex 41.05237943900397 65.54066871440602 106
      vertex 41.29634102627148 65.42528347695799 106
    endloop
  endfacet
  facet normal 0 0 1
    outer loop
      vertex 46 132 106
      vertex 40.79828286244975 65.63158592326357 106
      vertex 41.05237943900397 65.54066871440602 106
    endloop
  endfacet
  facet normal 0 0 1
    outer loop
      vertex 46 132 106
      vertex 40.53649838554435 65.69715952110889 106
      vertex 40.79828286244975 65.63158592326357 106
    endloop
  endfacet
  facet normal 0 0 1
    outer loop
      vertex 46 132 106
      vertex 40.26954713590629 65.73675799834854 106
      vertex 40.53649838554435 65.69715952110889 106
    endloop
  endfacet
  facet normal 0 0 1
    outer loop
      vertex 46 132 106
      vertex 40 65.75 106
      vertex 40.26954713590629 65.73675799834854 106
    endloop
  endfacet
  facet normal 0 0 1
    outer loop
      vertex 46 132 106
      vertex 39.73045286409371 65.73675799834854 106
      vertex 40 65.75 106
    endloop
  endfacet
  facet normal 0 0 1
    outer loop
      vertex 46 132 106
      vertex 39.46350161445565 65.69715952110889 106
      vertex 39.73045286409371 65.73675799834854 106
    endloop
  endfacet
  facet normal 0 0 1
    outer loop
      vertex 46 132 106
      vertex 39.20171713755025 65.63158592326357 106
      vertex 39.46350161445565 65.69715952110889 106
    endloop
  endfacet
  facet normal 0 0 1
    outer loop
      vertex 46 132 106
      vertex 38.70365897372852 65.42528347695799 106
      vertex 38.94762056099603 65.54066871440602 106
    endloop
  endfacet
  facet normal 0 0 1
    outer loop
      vertex 46 132 106
      vertex 38.94762056099603 65.54066871440602 106
      vertex 39.20171713755025 65.63158592326357 106
    endloop
  endfacet
  facet normal 0 0 1
    outer loop
      vertex 46 132 106
      vertex 37.713458566168015 64.5278181408039 106
      vertex 37.87422125325247 64.74458153145002 106
    endloop
  endfacet
  facet normal 0 0 1
    outer loop
      vertex 46 132 106
      vertex 37.87422125325247 64.74458153145002 106
      vertex 38.05545635173701 64.944543648263 106
    endloop
  endfacet
  facet normal 0 0 1
    outer loop
      vertex 46 132 106
      vertex 38.4721818591961 65.28654143383199 106
      vertex 38.70365897372852 65.42528347695799 106
    endloop
  endfacet
  facet normal 0 0 1
    outer loop
      vertex 46 132 106
      vertex 38.255418468549976 65.12577874674753 106
      vertex 38.4721818591961 65.28654143383199 106
    endloop
  endfacet
  facet normal 0 0 1
    outer loop
      vertex 46 132 106
      vertex 38.05545635173701 64.944543648263 106
      vertex 38.255418468549976 65.12577874674753 106
    endloop
  endfacet
  facet normal 0 0 1
    outer loop
      vertex 34 41 106
      vertex 37.26324200165146 63.26954713590629 106
      vertex 46 132 106
    endloop
  endfacet
  facet normal 0 0 1
    outer loop
      vertex 46 132 106
      vertex 37.26324200165146 63.26954713590629 106
      vertex 37.30284047889114 63.53649838554435 106
    endloop
  endfacet
  facet normal 0 0 1
    outer loop
      vertex 46 132 106
      vertex 37.30284047889114 63.53649838554435 106
      vertex 37.36841407673643 63.79828286244978 106
    endloop
  endfacet
  facet normal 0 0 1
    outer loop
      vertex 46 132 106
      vertex 37.36841407673643 63.79828286244978 106
      vertex 37.459331285593976 64.052379439004 106
    endloop
  endfacet
  facet normal 0 0 1
    outer loop
      vertex 46 132 106
      vertex 37.459331285593976 64.052379439004 106
      vertex 37.574716523042014 64.2963410262715 106
    endloop
  endfacet
  facet normal 0 0 1
    outer loop
      vertex 46 132 106
      vertex 37.574716523042014 64.2963410262715 106
      vertex 37.713458566168015 64.5278181408039 106
    endloop
  endfacet
  facet normal -1 0 0
    outer loop
      vertex 34 41 98
      vertex 34 41 106
      vertex 34 130 106
    endloop
  endfacet
  facet normal 1 0 0
    outer loop
      vertex 26 41 98
      vertex 26 130 98
      vertex 26 41 106
    endloop
  endfacet
  facet normal 1 0 0
    outer loop
      vertex 26 76 84
      vertex 26 86 96
      vertex 26 76 96
    endloop
  endfacet
  facet normal 0 0 1
    outer loop
      vertex 26 41 106
      vertex 26 130 106
      vertex 22.75 63 106
    endloop
  endfacet
  facet normal 0 0 1
    outer loop
      vertex 26 130 106
      vertex 22.736757998348537 63.26954713590629 106
      vertex 22.75 63 106
    endloop
  endfacet
  facet normal 0 0 1
    outer loop
      vertex 26 130 106
      vertex 22.69715952110886 63.53649838554435 106
      vertex 22.736757998348537 63.26954713590629 106
    endloop
  endfacet
  facet normal 0 0 1
    outer loop
      vertex 26 130 106
      vertex 22.63158592326357 63.79828286244978 106
      vertex 22.69715952110886 63.53649838554435 106
    endloop
  endfacet
  facet normal 0 0 1
    outer loop
      vertex 26 130 106
      vertex 22.540668714406024 64.052379439004 106
      vertex 22.63158592326357 63.79828286244978 106
    endloop
  endfacet
  facet normal 0 0 1
    outer loop
      vertex 26 130 106
      vertex 22.425283476957986 64.2963410262715 106
      vertex 22.540668714406024 64.052379439004 106
    endloop
  endfacet
  facet normal 0 0 1
    outer loop
      vertex 26 130 106
      vertex 22.286541433831985 64.5278181408039 106
      vertex 22.425283476957986 64.2963410262715 106
    endloop
  endfacet
  facet normal 0 0 1
    outer loop
      vertex 26 130 106
      vertex 22.125778746747528 64.74458153145002 106
      vertex 22.286541433831985 64.5278181408039 106
    endloop
  endfacet
  facet normal 0 0 1
    outer loop
      vertex 26 130 106
      vertex 21.944543648262993 64.944543648263 106
      vertex 22.125778746747528 64.74458153145002 106
    endloop
  endfacet
  facet normal 0 0 1
    outer loop
      vertex 26 130 106
      vertex 21.744581531450024 65.12577874674753 106
      vertex 21.944543648262993 64.944543648263 106
    endloop
  endfacet
  facet normal 0 0 -1
    outer loop
      vertex 26 41 98
      vertex 14 41 98
      vertex 20.53649838554435 60.30284047889111 98
    endloop
  endfacet
  facet normal 0 0 -1
    outer loop
      vertex 26 41 98
      vertex 21.5278181408039 60.713458566168015 98
      vertex 21.744581531450024 60.87422125325247 98
    endloop
  endfacet
  facet normal 0 0 -1
    outer loop
      vertex 26 41 98
      vertex 21.296341026271477 60.574716523042014 98
      vertex 21.5278181408039 60.713458566168015 98
    endloop
  endfacet
  facet normal 0 0 -1
    outer loop
      vertex 26 41 98
      vertex 21.05237943900397 60.459331285593976 98
      vertex 21.296341026271477 60.574716523042014 98
    endloop
  endfacet
  facet normal 0 0 -1
    outer loop
      vertex 26 41 98
      vertex 20.798282862449753 60.36841407673643 98
      vertex 21.05237943900397 60.459331285593976 98
    endloop
  endfacet
  facet normal 0 0 -1
    outer loop
      vertex 26 41 98
      vertex 20.53649838554435 60.30284047889111 98
      vertex 20.798282862449753 60.36841407673643 98
    endloop
  endfacet
  facet normal 0 0 -1
    outer loop
      vertex 14 41 98
      vertex 20.269547135906294 60.26324200165146 98
      vertex 20.53649838554435 60.30284047889111 98
    endloop
  endfacet
  facet normal 0 0 -1
    outer loop
      vertex 14 41 98
      vertex 20 60.25 98
      vertex 20.269547135906294 60.26324200165146 98
    endloop
  endfacet
  facet normal 0 0 -1
    outer loop
      vertex 14 41 98
      vertex 19.730452864093706 60.26324200165146 98
      vertex 20 60.25 98
    endloop
  endfacet
  facet normal 0 0 -1
    outer loop
      vertex 14 41 98
      vertex 19.46350161445565 60.30284047889111 98
      vertex 19.730452864093706 60.26324200165146 98
    endloop
  endfacet
  facet normal 0 0 -1
    outer loop
      vertex 14 41 98
      vertex 19.201717137550247 60.36841407673643 98
      vertex 19.46350161445565 60.30284047889111 98
    endloop
  endfacet
  facet normal 0 0 -1
    outer loop
      vertex 14 41 98
      vertex 18.94762056099603 60.459331285593976 98
      vertex 19.201717137550247 60.36841407673643 98
    endloop
  endfacet
  facet normal 0 0 -1
    outer loop
      vertex 14 41 98
      vertex 18.703658973728523 60.574716523042014 98
      vertex 18.94762056099603 60.459331285593976 98
    endloop
  endfacet
  facet normal 0 0 -1
    outer loop
      vertex 14 41 98
      vertex 18.4721818591961 60.713458566168015 98
      vertex 18.703658973728523 60.574716523042014 98
    endloop
  endfacet
  facet normal 0 0 -1
    outer loop
      vertex 14 41 98
      vertex 18.255418468549976 60.87422125325247 98
      vertex 18.4721818591961 60.713458566168015 98
    endloop
  endfacet
  facet normal 0 0 -1
    outer loop
      vertex 14 41 98
      vertex 18.055456351737007 61.05545635173701 98
      vertex 18.255418468549976 60.87422125325247 98
    endloop
  endfacet
  facet normal 0 0 -1
    outer loop
      vertex 14 41 98
      vertex 17.874221253252472 61.255418468549976 98
      vertex 18.055456351737007 61.05545635173701 98
    endloop
  endfacet
  facet normal 0 0 -1
    outer loop
      vertex 14 41 98
      vertex 17.713458566168015 61.4721818591961 98
      vertex 17.874221253252472 61.255418468549976 98
    endloop
  endfacet
  facet normal 0 0 -1
    outer loop
      vertex 14 41 98
      vertex 17.574716523042014 61.703658973728494 98
      vertex 17.713458566168015 61.4721818591961 98
    endloop
  endfacet
  facet normal 0 0 -1
    outer loop
      vertex 14 41 98
      vertex 17.459331285593976 61.947620560996 98
      vertex 17.574716523042014 61.703658973728494 98
    endloop
  endfacet
  facet normal 0 0 1
    outer loop
      vertex 26 41 106
      vertex 19.46350161445565 60.30284047889111 106
      vertex 14 41 106
    endloop
  endfacet
  facet normal 0 0 1
    outer loop
      vertex 26 41 106
      vertex 21.744581531450024 60.87422125325247 106
      vertex 21.5278181408039 60.713458566168015 106
    endloop
  endfacet
  facet normal 0 0 1
    outer loop
      vertex 26 41 106
      vertex 21.296341026271477 60.574716523042014 106
      vertex 21.05237943900397 60.459331285593976 106
    endloop
  endfacet
  facet normal 0 0 1
    outer loop
      vertex 26 41 106
      vertex 21.5278181408039 60.713458566168015 106
      vertex 21.296341026271477 60.574716523042014 106
    endloop
  endfacet
  facet normal 0 0 1
    outer loop
      vertex 26 41 106
      vertex 21.05237943900397 60.459331285593976 106
      vertex 20.798282862449753 60.36841407673643 106
    endloop
  endfacet
  facet normal 0 0 1
    outer loop
      vertex 26 41 106
      vertex 20.798282862449753 60.36841407673643 106
      vertex 20.53649838554435 60.30284047889111 106
    endloop
  endfacet
  facet normal 0 0 1
    outer loop
      vertex 26 41 106
      vertex 20.53649838554435 60.30284047889111 106
      vertex 20.269547135906294 60.26324200165146 106
    endloop
  endfacet
  facet normal 0 0 1
    outer loop
      vertex 26 41 106
      vertex 20.269547135906294 60.26324200165146 106
      vertex 20 60.25 106
    endloop
  endfacet
  facet normal 0 0 1
    outer loop
      vertex 26 41 106
      vertex 20 60.25 106
      vertex 19.730452864093706 60.26324200165146 106
    endloop
  endfacet
  facet normal 0 0 1
    outer loop
      vertex 26 41 106
      vertex 19.730452864093706 60.26324200165146 106
      vertex 19.46350161445565 60.30284047889111 106
    endloop
  endfacet
  facet normal 0 0 1
    outer loop
      vertex 14 41 106
      vertex 19.46350161445565 60.30284047889111 106
      vertex 19.201717137550247 60.36841407673643 106
    endloop
  endfacet
  facet normal 0 0 1
    outer loop
      vertex 14 41 106
      vertex 19.201717137550247 60.36841407673643 106
      vertex 18.94762056099603 60.459331285593976 106
    endloop
  endfacet
  facet normal 0 0 1
    outer loop
      vertex 14 41 106
      vertex 18.94762056099603 60.459331285593976 106
      vertex 18.703658973728523 60.574716523042014 106
    endloop
  endfacet
  facet normal 0 0 1
    outer loop
      vertex 14 41 106
      vertex 18.703658973728523 60.574716523042014 106
      vertex 18.4721818591961 60.713458566168015 106
    endloop
  endfacet
  facet normal 0 0 1
    outer loop
      vertex 14 41 106
      vertex 18.4721818591961 60.713458566168015 106
      vertex 18.255418468549976 60.87422125325247 106
    endloop
  endfacet
  facet normal 0 0 1
    outer loop
      vertex 14 41 106
      vertex 18.255418468549976 60.87422125325247 106
      vertex 18.055456351737007 61.05545635173701 106
    endloop
  endfacet
  facet normal 0 0 1
    outer loop
      vertex 14 41 106
      vertex 18.055456351737007 61.05545635173701 106
      vertex 17.874221253252472 61.255418468549976 106
    endloop
  endfacet
  facet normal 0 0 1
    outer loop
      vertex 14 41 106
      vertex 17.874221253252472 61.255418468549976 106
      vertex 17.713458566168015 61.4721818591961 106
    endloop
  endfacet
  facet normal 0 0 1
    outer loop
      vertex 14 41 106
      vertex 17.713458566168015 61.4721818591961 106
      vertex 17.574716523042014 61.703658973728494 106
    endloop
  endfacet
  facet normal 0 0 1
    outer loop
      vertex 14 41 106
      vertex 17.574716523042014 61.703658973728494 106
      vertex 17.459331285593976 61.947620560996 106
    endloop
  endfacet
  facet normal 0 0 -1
    outer loop
      vertex 14 41 98
      vertex 17.36841407673643 62.20171713755022 98
      vertex 17.459331285593976 61.947620560996 98
    endloop
  endfacet
  facet normal 0 0 -1
    outer loop
      vertex 14 41 98
      vertex 17.30284047889114 62.46350161445565 98
      vertex 17.36841407673643 62.20171713755022 98
    endloop
  endfacet
  facet normal 0 0 -1
    outer loop
      vertex 14 41 98
      vertex 17.263242001651463 62.73045286409371 98
      vertex 17.30284047889114 62.46350161445565 98
    endloop
  endfacet
  facet normal 0 0 -1
    outer loop
      vertex 14 41 98
      vertex 17.25 63 98
      vertex 17.263242001651463 62.73045286409371 98
    endloop
  endfacet
  facet normal -0.33688985339226646 0.941544065183004 0
    outer loop
      vertex 21.05237943900397 60.459331285593976 98
      vertex 20.798282862449753 60.36841407673643 98
      vertex 21.05237943900397 60.459331285593976 106
    endloop
  endfacet
  facet normal -0.24298017990329648 0.9700312531945358 0
    outer loop
      vertex 20.798282862449753 60.36841407673643 98
      vertex 20.53649838554435 60.30284047889111 98
      vertex 20.798282862449753 60.36841407673643 106
    endloop
  endfacet
  facet normal -0.14673047445533813 0.9891765099647845 0
    outer loop
      vertex 20.53649838554435 60.30284047889111 98
      vertex 20.269547135906294 60.26324200165146 98
      vertex 20.53649838554435 60.30284047889111 106
    endloop
  endfacet
  facet normal -0.4275550934301948 0.9039892931234846 0
    outer loop
      vertex 21.05237943900397 60.459331285593976 98
      vertex 21.05237943900397 60.459331285593976 106
      vertex 21.296341026271477 60.574716523042014 106
    endloop
  endfacet
  facet normal -0.33688985339226646 0.941544065183004 0
    outer loop
      vertex 20.798282862449753 60.36841407673643 98
      vertex 20.798282862449753 60.36841407673643 106
      vertex 21.05237943900397 60.459331285593976 106
    endloop
  endfacet
  facet normal -0.24298017990329648 0.9700312531945358 0
    outer loop
      vertex 20.53649838554435 60.30284047889111 98
      vertex 20.53649838554435 60.30284047889111 106
      vertex 20.798282862449753 60.36841407673643 106
    endloop
  endfacet
  facet normal -0.14673047445533813 0.9891765099647845 0
    outer loop
      vertex 20.269547135906294 60.26324200165146 98
      vertex 20.269547135906294 60.26324200165146 106
      vertex 20.53649838554435 60.30284047889111 106
    endloop
  endfacet
  facet normal -0.049067674327433856 0.9987954562051715 0
    outer loop
      vertex 20.269547135906294 60.26324200165146 98
      vertex 20 60.25 98
      vertex 20.269547135906294 60.26324200165146 106
    endloop
  endfacet
  facet normal 0.049067674327433856 0.9987954562051715 0
    outer loop
      vertex 20 60.25 98
      vertex 19.730452864093706 60.26324200165146 98
      vertex 20 60.25 106
    endloop
  endfacet
  facet normal 0.14673047445533813 0.9891765099647845 0
    outer loop
      vertex 19.730452864093706 60.26324200165146 98
      vertex 19.46350161445565 60.30284047889111 98
      vertex 19.730452864093706 60.26324200165146 106
    endloop
  endfacet
  facet normal 0.24298017990329648 0.9700312531945358 0
    outer loop
      vertex 19.46350161445565 60.30284047889111 98
      vertex 19.201717137550247 60.36841407673643 98
      vertex 19.46350161445565 60.30284047889111 106
    endloop
  endfacet
  facet normal 0.33688985339226646 0.941544065183004 0
    outer loop
      vertex 19.201717137550247 60.36841407673643 98
      vertex 18.94762056099603 60.459331285593976 98
      vertex 19.201717137550247 60.36841407673643 106
    endloop
  endfacet
  facet normal 0.4275550934301948 0.9039892931234846 0
    outer loop
      vertex 18.94762056099603 60.459331285593976 98
      vertex 18.703658973728523 60.574716523042014 98
      vertex 18.94762056099603 60.459331285593976 106
    endloop
  endfacet
  facet normal -0.049067674327433856 0.9987954562051715 0
    outer loop
      vertex 20 60.25 98
      vertex 20 60.25 106
      vertex 20.269547135906294 60.26324200165146 106
    endloop
  endfacet
  facet normal 0.049067674327433856 0.9987954562051715 0
    outer loop
      vertex 19.730452864093706 60.26324200165146 98
      vertex 19.730452864093706 60.26324200165146 106
      vertex 20 60.25 106
    endloop
  endfacet
  facet normal 0.14673047445533813 0.9891765099647845 0
    outer loop
      vertex 19.46350161445565 60.30284047889111 98
      vertex 19.46350161445565 60.30284047889111 106
      vertex 19.730452864093706 60.26324200165146 106
    endloop
  endfacet
  facet normal 0.24298017990329648 0.9700312531945358 0
    outer loop
      vertex 19.201717137550247 60.36841407673643 98
      vertex 19.201717137550247 60.36841407673643 106
      vertex 19.46350161445565 60.30284047889111 106
    endloop
  endfacet
  facet normal 0.33688985339226646 0.941544065183004 0
    outer loop
      vertex 18.94762056099603 60.459331285593976 98
      vertex 18.94762056099603 60.459331285593976 106
      vertex 19.201717137550247 60.36841407673643 106
    endloop
  endfacet
  facet normal -0.9039892931234846 0.4275550934301948 0
    outer loop
      vertex 22.425283476957986 61.703658973728494 98
      vertex 22.540668714406024 61.947620560996 106
      vertex 22.540668714406024 61.947620560996 98
    endloop
  endfacet
  facet normal -0.6715589548470682 0.7409511253549138 0
    outer loop
      vertex 21.744581531450024 60.87422125325247 98
      vertex 21.944543648262993 61.05545635173701 106
      vertex 21.944543648262993 61.05545635173701 98
    endloop
  endfacet
  facet normal -0.8032075314806767 0.5956993044923903 0
    outer loop
      vertex 22.125778746747528 61.255418468549976 98
      vertex 22.286541433831985 61.4721818591961 106
      vertex 22.286541433831985 61.4721818591961 98
    endloop
  endfacet
  facet normal -0.7409511253549138 0.6715589548470682 0
    outer loop
      vertex 21.944543648262993 61.05545635173701 98
      vertex 22.125778746747528 61.255418468549976 106
      vertex 22.125778746747528 61.255418468549976 98
    endloop
  endfacet
  facet normal -0.8577286100002162 0.5141027441933149 0
    outer loop
      vertex 22.286541433831985 61.4721818591961 98
      vertex 22.425283476957986 61.703658973728494 106
      vertex 22.425283476957986 61.703658973728494 98
    endloop
  endfacet
  facet normal -0.941544065183004 0.33688985339226646 0
    outer loop
      vertex 22.540668714406024 61.947620560996 98
      vertex 22.63158592326357 62.20171713755022 106
      vertex 22.63158592326357 62.20171713755022 98
    endloop
  endfacet
  facet normal -0.9700312531945668 0.24298017990317258 0
    outer loop
      vertex 22.63158592326357 62.20171713755022 98
      vertex 22.69715952110886 62.46350161445565 106
      vertex 22.69715952110886 62.46350161445565 98
    endloop
  endfacet
  facet normal -0.9891765099647691 0.14673047445544118 0
    outer loop
      vertex 22.69715952110886 62.46350161445565 98
      vertex 22.736757998348537 62.73045286409371 106
      vertex 22.736757998348537 62.73045286409371 98
    endloop
  endfacet
  facet normal -0.9987954562051715 0.049067674327433856 0
    outer loop
      vertex 22.736757998348537 62.73045286409371 98
      vertex 22.75 63 106
      vertex 22.75 63 98
    endloop
  endfacet
  facet normal -0.9987954562051715 -0.049067674327433856 0
    outer loop
      vertex 22.75 63 98
      vertex 22.736757998348537 63.26954713590629 106
      vertex 22.736757998348537 63.26954713590629 98
    endloop
  endfacet
  facet normal -0.5956993044923903 0.8032075314806767 0
    outer loop
      vertex 21.744581531450024 60.87422125325247 98
      vertex 21.5278181408039 60.713458566168015 98
      vertex 21.744581531450024 60.87422125325247 106
    endloop
  endfacet
  facet normal -0.5141027441932684 0.857728610000244 0
    outer loop
      vertex 21.5278181408039 60.713458566168015 98
      vertex 21.296341026271477 60.574716523042014 98
      vertex 21.5278181408039 60.713458566168015 106
    endloop
  endfacet
  facet normal -0.4275550934301948 0.9039892931234846 0
    outer loop
      vertex 21.296341026271477 60.574716523042014 98
      vertex 21.05237943900397 60.459331285593976 98
      vertex 21.296341026271477 60.574716523042014 106
    endloop
  endfacet
  facet normal -0.9039892931234846 0.4275550934301948 0
    outer loop
      vertex 22.425283476957986 61.703658973728494 98
      vertex 22.425283476957986 61.703658973728494 106
      vertex 22.540668714406024 61.947620560996 106
    endloop
  endfacet
  facet normal -0.7409511253549138 0.6715589548470682 0
    outer loop
      vertex 21.944543648262993 61.05545635173701 98
      vertex 21.944543648262993 61.05545635173701 106
      vertex 22.125778746747528 61.255418468549976 106
    endloop
  endfacet
  facet normal -0.6715589548470682 0.7409511253549138 0
    outer loop
      vertex 21.744581531450024 60.87422125325247 98
      vertex 21.744581531450024 60.87422125325247 106
      vertex 21.944543648262993 61.05545635173701 106
    endloop
  endfacet
  facet normal -0.8032075314806767 0.5956993044923903 0
    outer loop
      vertex 22.125778746747528 61.255418468549976 98
      vertex 22.125778746747528 61.255418468549976 106
      vertex 22.286541433831985 61.4721818591961 106
    endloop
  endfacet
  facet normal -0.8577286100002162 0.5141027441933149 0
    outer loop
      vertex 22.286541433831985 61.4721818591961 98
      vertex 22.286541433831985 61.4721818591961 106
      vertex 22.425283476957986 61.703658973728494 106
    endloop
  endfacet
  facet normal -0.941544065183004 0.33688985339226646 0
    outer loop
      vertex 22.540668714406024 61.947620560996 98
      vertex 22.540668714406024 61.947620560996 106
      vertex 22.63158592326357 62.20171713755022 106
    endloop
  endfacet
  facet normal -0.9700312531945668 0.24298017990317258 0
    outer loop
      vertex 22.63158592326357 62.20171713755022 98
      vertex 22.63158592326357 62.20171713755022 106
      vertex 22.69715952110886 62.46350161445565 106
    endloop
  endfacet
  facet normal -0.9891765099647691 0.14673047445544118 0
    outer loop
      vertex 22.69715952110886 62.46350161445565 98
      vertex 22.69715952110886 62.46350161445565 106
      vertex 22.736757998348537 62.73045286409371 106
    endloop
  endfacet
  facet normal -0.9987954562051715 0.049067674327433856 0
    outer loop
      vertex 22.736757998348537 62.73045286409371 98
      vertex 22.736757998348537 62.73045286409371 106
      vertex 22.75 63 106
    endloop
  endfacet
  facet normal -0.9987954562051715 -0.049067674327433856 0
    outer loop
      vertex 22.75 63 98
      vertex 22.75 63 106
      vertex 22.736757998348537 63.26954713590629 106
    endloop
  endfacet
  facet normal -0.5956993044923903 0.8032075314806767 0
    outer loop
      vertex 21.5278181408039 60.713458566168015 98
      vertex 21.5278181408039 60.713458566168015 106
      vertex 21.744581531450024 60.87422125325247 106
    endloop
  endfacet
  facet normal -0.5141027441932684 0.857728610000244 0
    outer loop
      vertex 21.296341026271477 60.574716523042014 98
      vertex 21.296341026271477 60.574716523042014 106
      vertex 21.5278181408039 60.713458566168015 106
    endloop
  endfacet
  facet normal -0.9891765099647691 -0.14673047445544118 0
    outer loop
      vertex 22.736757998348537 63.26954713590629 98
      vertex 22.69715952110886 63.53649838554435 106
      vertex 22.69715952110886 63.53649838554435 98
    endloop
  endfacet
  facet normal -0.9700312531945668 -0.24298017990317258 0
    outer loop
      vertex 22.69715952110886 63.53649838554435 98
      vertex 22.63158592326357 63.79828286244978 106
      vertex 22.63158592326357 63.79828286244978 98
    endloop
  endfacet
  facet normal -0.941544065183004 -0.33688985339226646 0
    outer loop
      vertex 22.63158592326357 63.79828286244978 98
      vertex 22.540668714406024 64.052379439004 106
      vertex 22.540668714406024 64.052379439004 98
    endloop
  endfacet
  facet normal -0.9039892931234846 -0.4275550934301948 0
    outer loop
      vertex 22.540668714406024 64.052379439004 98
      vertex 22.425283476957986 64.2963410262715 106
      vertex 22.425283476957986 64.2963410262715 98
    endloop
  endfacet
  facet normal -0.8577286100002162 -0.5141027441933149 0
    outer loop
      vertex 22.425283476957986 64.2963410262715 98
      vertex 22.286541433831985 64.5278181408039 106
      vertex 22.286541433831985 64.5278181408039 98
    endloop
  endfacet
  facet normal -0.8032075314806767 -0.5956993044923903 0
    outer loop
      vertex 22.286541433831985 64.5278181408039 98
      vertex 22.125778746747528 64.74458153145002 106
      vertex 22.125778746747528 64.74458153145002 98
    endloop
  endfacet
  facet normal -0.7409511253549138 -0.6715589548470682 0
    outer loop
      vertex 22.125778746747528 64.74458153145002 98
      vertex 21.944543648262993 64.944543648263 106
      vertex 21.944543648262993 64.944543648263 98
    endloop
  endfacet
  facet normal -0.6715589548470682 -0.7409511253549138 0
    outer loop
      vertex 21.944543648262993 64.944543648263 98
      vertex 21.744581531450024 65.12577874674753 106
      vertex 21.744581531450024 65.12577874674753 98
    endloop
  endfacet
  facet normal -0.5956993044923903 -0.8032075314806767 0
    outer loop
      vertex 21.5278181408039 65.28654143383199 98
      vertex 21.744581531450024 65.12577874674753 98
      vertex 21.5278181408039 65.28654143383199 106
    endloop
  endfacet
  facet normal -0.5141027441932684 -0.857728610000244 0
    outer loop
      vertex 21.296341026271477 65.42528347695799 98
      vertex 21.5278181408039 65.28654143383199 98
      vertex 21.296341026271477 65.42528347695799 106
    endloop
  endfacet
  facet normal -0.4275550934301948 -0.9039892931234846 0
    outer loop
      vertex 21.05237943900397 65.54066871440602 98
      vertex 21.296341026271477 65.42528347695799 98
      vertex 21.05237943900397 65.54066871440602 106
    endloop
  endfacet
  facet normal -0.33688985339226646 -0.941544065183004 0
    outer loop
      vertex 20.798282862449753 65.63158592326357 98
      vertex 21.05237943900397 65.54066871440602 98
      vertex 20.798282862449753 65.63158592326357 106
    endloop
  endfacet
  facet normal -0.24298017990329648 -0.9700312531945358 0
    outer loop
      vertex 20.53649838554435 65.69715952110889 98
      vertex 20.798282862449753 65.63158592326357 98
      vertex 20.53649838554435 65.69715952110889 106
    endloop
  endfacet
  facet normal -0.14673047445533813 -0.9891765099647845 0
    outer loop
      vertex 20.269547135906294 65.73675799834854 98
      vertex 20.53649838554435 65.69715952110889 98
      vertex 20.269547135906294 65.73675799834854 106
    endloop
  endfacet
  facet normal -0.9891765099647691 -0.14673047445544118 0
    outer loop
      vertex 22.736757998348537 63.26954713590629 98
      vertex 22.736757998348537 63.26954713590629 106
      vertex 22.69715952110886 63.53649838554435 106
    endloop
  endfacet
  facet normal -0.9700312531945668 -0.24298017990317258 0
    outer loop
      vertex 22.69715952110886 63.53649838554435 98
      vertex 22.69715952110886 63.53649838554435 106
      vertex 22.63158592326357 63.79828286244978 106
    endloop
  endfacet
  facet normal -0.941544065183004 -0.33688985339226646 0
    outer loop
      vertex 22.63158592326357 63.79828286244978 98
      vertex 22.63158592326357 63.79828286244978 106
      vertex 22.540668714406024 64.052379439004 106
    endloop
  endfacet
  facet normal -0.9039892931234846 -0.4275550934301948 0
    outer loop
      vertex 22.540668714406024 64.052379439004 98
      vertex 22.540668714406024 64.052379439004 106
      vertex 22.425283476957986 64.2963410262715 106
    endloop
  endfacet
  facet normal -0.8577286100002162 -0.5141027441933149 0
    outer loop
      vertex 22.425283476957986 64.2963410262715 98
      vertex 22.425283476957986 64.2963410262715 106
      vertex 22.286541433831985 64.5278181408039 106
    endloop
  endfacet
  facet normal -0.8032075314806767 -0.5956993044923903 0
    outer loop
      vertex 22.286541433831985 64.5278181408039 98
      vertex 22.286541433831985 64.5278181408039 106
      vertex 22.125778746747528 64.74458153145002 106
    endloop
  endfacet
  facet normal -0.7409511253549138 -0.6715589548470682 0
    outer loop
      vertex 22.125778746747528 64.74458153145002 98
      vertex 22.125778746747528 64.74458153145002 106
      vertex 21.944543648262993 64.944543648263 106
    endloop
  endfacet
  facet normal -0.6715589548470682 -0.7409511253549138 0
    outer loop
      vertex 21.744581531450024 65.12577874674753 106
      vertex 21.944543648262993 64.944543648263 98
      vertex 21.944543648262993 64.944543648263 106
    endloop
  endfacet
  facet normal -0.5956993044923903 -0.8032075314806767 0
    outer loop
      vertex 21.744581531450024 65.12577874674753 98
      vertex 21.744581531450024 65.12577874674753 106
      vertex 21.5278181408039 65.28654143383199 106
    endloop
  endfacet
  facet normal -0.5141027441932684 -0.857728610000244 0
    outer loop
      vertex 21.5278181408039 65.28654143383199 98
      vertex 21.5278181408039 65.28654143383199 106
      vertex 21.296341026271477 65.42528347695799 106
    endloop
  endfacet
  facet normal -0.4275550934301948 -0.9039892931234846 0
    outer loop
      vertex 21.296341026271477 65.42528347695799 98
      vertex 21.296341026271477 65.42528347695799 106
      vertex 21.05237943900397 65.54066871440602 106
    endloop
  endfacet
  facet normal -0.33688985339226646 -0.941544065183004 0
    outer loop
      vertex 21.05237943900397 65.54066871440602 98
      vertex 21.05237943900397 65.54066871440602 106
      vertex 20.798282862449753 65.63158592326357 106
    endloop
  endfacet
  facet normal -0.24298017990329648 -0.9700312531945358 0
    outer loop
      vertex 20.798282862449753 65.63158592326357 98
      vertex 20.798282862449753 65.63158592326357 106
      vertex 20.53649838554435 65.69715952110889 106
    endloop
  endfacet
  facet normal -0.14673047445533813 -0.9891765099647845 0
    outer loop
      vertex 20.53649838554435 65.69715952110889 98
      vertex 20.53649838554435 65.69715952110889 106
      vertex 20.269547135906294 65.73675799834854 106
    endloop
  endfacet
  facet normal 0.5141027441932684 0.857728610000244 0
    outer loop
      vertex 18.703658973728523 60.574716523042014 98
      vertex 18.4721818591961 60.713458566168015 98
      vertex 18.703658973728523 60.574716523042014 106
    endloop
  endfacet
  facet normal 0.5956993044923903 0.8032075314806767 0
    outer loop
      vertex 18.4721818591961 60.713458566168015 98
      vertex 18.255418468549976 60.87422125325247 98
      vertex 18.4721818591961 60.713458566168015 106
    endloop
  endfacet
  facet normal 0.6715589548470682 0.7409511253549138 0
    outer loop
      vertex 18.255418468549976 60.87422125325247 98
      vertex 18.055456351737007 61.05545635173701 98
      vertex 18.255418468549976 60.87422125325247 106
    endloop
  endfacet
  facet normal 0.7409511253549138 0.6715589548470682 0
    outer loop
      vertex 18.055456351737007 61.05545635173701 98
      vertex 17.874221253252472 61.255418468549976 98
      vertex 18.055456351737007 61.05545635173701 106
    endloop
  endfacet
  facet normal 0.8032075314806767 0.5956993044923903 0
    outer loop
      vertex 17.713458566168015 61.4721818591961 98
      vertex 17.874221253252472 61.255418468549976 106
      vertex 17.874221253252472 61.255418468549976 98
    endloop
  endfacet
  facet normal 0.8577286100002162 0.5141027441933149 0
    outer loop
      vertex 17.574716523042014 61.703658973728494 98
      vertex 17.713458566168015 61.4721818591961 106
      vertex 17.713458566168015 61.4721818591961 98
    endloop
  endfacet
  facet normal 0.9039892931234846 0.4275550934301948 0
    outer loop
      vertex 17.459331285593976 61.947620560996 98
      vertex 17.574716523042014 61.703658973728494 106
      vertex 17.574716523042014 61.703658973728494 98
    endloop
  endfacet
  facet normal 0.941544065183004 0.33688985339226646 0
    outer loop
      vertex 17.36841407673643 62.20171713755022 98
      vertex 17.459331285593976 61.947620560996 106
      vertex 17.459331285593976 61.947620560996 98
    endloop
  endfacet
  facet normal 0.9700312531945668 0.24298017990317258 0
    outer loop
      vertex 17.30284047889114 62.46350161445565 98
      vertex 17.36841407673643 62.20171713755022 106
      vertex 17.36841407673643 62.20171713755022 98
    endloop
  endfacet
  facet normal 0.4275550934301948 0.9039892931234846 0
    outer loop
      vertex 18.703658973728523 60.574716523042014 98
      vertex 18.703658973728523 60.574716523042014 106
      vertex 18.94762056099603 60.459331285593976 106
    endloop
  endfacet
  facet normal 0.5141027441932684 0.857728610000244 0
    outer loop
      vertex 18.4721818591961 60.713458566168015 98
      vertex 18.4721818591961 60.713458566168015 106
      vertex 18.703658973728523 60.574716523042014 106
    endloop
  endfacet
  facet normal 0.5956993044923903 0.8032075314806767 0
    outer loop
      vertex 18.255418468549976 60.87422125325247 98
      vertex 18.255418468549976 60.87422125325247 106
      vertex 18.4721818591961 60.713458566168015 106
    endloop
  endfacet
  facet normal 0.6715589548470682 0.7409511253549138 0
    outer loop
      vertex 18.055456351737007 61.05545635173701 98
      vertex 18.055456351737007 61.05545635173701 106
      vertex 18.255418468549976 60.87422125325247 106
    endloop
  endfacet
  facet normal 0.7409511253549138 0.6715589548470682 0
    outer loop
      vertex 17.874221253252472 61.255418468549976 98
      vertex 17.874221253252472 61.255418468549976 106
      vertex 18.055456351737007 61.05545635173701 106
    endloop
  endfacet
  facet normal 0.8032075314806767 0.5956993044923903 0
    outer loop
      vertex 17.713458566168015 61.4721818591961 98
      vertex 17.713458566168015 61.4721818591961 106
      vertex 17.874221253252472 61.255418468549976 106
    endloop
  endfacet
  facet normal 0.8577286100002162 0.5141027441933149 0
    outer loop
      vertex 17.574716523042014 61.703658973728494 98
      vertex 17.574716523042014 61.703658973728494 106
      vertex 17.713458566168015 61.4721818591961 106
    endloop
  endfacet
  facet normal 0.9039892931234846 0.4275550934301948 0
    outer loop
      vertex 17.459331285593976 61.947620560996 98
      vertex 17.459331285593976 61.947620560996 106
      vertex 17.574716523042014 61.703658973728494 106
    endloop
  endfacet
  facet normal 0.941544065183004 0.33688985339226646 0
    outer loop
      vertex 17.36841407673643 62.20171713755022 98
      vertex 17.36841407673643 62.20171713755022 106
      vertex 17.459331285593976 61.947620560996 106
    endloop
  endfacet
  facet normal -0.049067674327433856 -0.9987954562051715 0
    outer loop
      vertex 20 65.75 98
      vertex 20.269547135906294 65.73675799834854 98
      vertex 20 65.75 106
    endloop
  endfacet
  facet normal 0.049067674327433856 -0.9987954562051715 0
    outer loop
      vertex 19.730452864093706 65.73675799834854 98
      vertex 20 65.75 98
      vertex 19.730452864093706 65.73675799834854 106
    endloop
  endfacet
  facet normal 0.14673047445533813 -0.9891765099647845 0
    outer loop
      vertex 19.46350161445565 65.69715952110889 98
      vertex 19.730452864093706 65.73675799834854 98
      vertex 19.46350161445565 65.69715952110889 106
    endloop
  endfacet
  facet normal 0.24298017990329648 -0.9700312531945358 0
    outer loop
      vertex 19.201717137550247 65.63158592326357 98
      vertex 19.46350161445565 65.69715952110889 98
      vertex 19.201717137550247 65.63158592326357 106
    endloop
  endfacet
  facet normal 0.33688985339226646 -0.941544065183004 0
    outer loop
      vertex 18.94762056099603 65.54066871440602 98
      vertex 19.201717137550247 65.63158592326357 98
      vertex 18.94762056099603 65.54066871440602 106
    endloop
  endfacet
  facet normal 0.941544065183004 -0.33688985339226646 0
    outer loop
      vertex 17.459331285593976 64.052379439004 98
      vertex 17.36841407673643 63.79828286244978 106
      vertex 17.36841407673643 63.79828286244978 98
    endloop
  endfacet
  facet normal 0.8032075314806767 -0.5956993044923903 0
    outer loop
      vertex 17.874221253252472 64.74458153145002 98
      vertex 17.713458566168015 64.5278181408039 106
      vertex 17.713458566168015 64.5278181408039 98
    endloop
  endfacet
  facet normal 0.9039892931234846 -0.4275550934301948 0
    outer loop
      vertex 17.574716523042014 64.2963410262715 98
      vertex 17.459331285593976 64.052379439004 106
      vertex 17.459331285593976 64.052379439004 98
    endloop
  endfacet
  facet normal 0.8577286100002162 -0.5141027441933149 0
    outer loop
      vertex 17.713458566168015 64.5278181408039 98
      vertex 17.574716523042014 64.2963410262715 106
      vertex 17.574716523042014 64.2963410262715 98
    endloop
  endfacet
  facet normal 0.5956993044923903 -0.8032075314806767 0
    outer loop
      vertex 18.255418468549976 65.12577874674753 98
      vertex 18.4721818591961 65.28654143383199 98
      vertex 18.255418468549976 65.12577874674753 106
    endloop
  endfacet
  facet normal 0.6715589548470682 -0.7409511253549138 0
    outer loop
      vertex 18.255418468549976 65.12577874674753 98
      vertex 18.055456351737007 64.944543648263 106
      vertex 18.055456351737007 64.944543648263 98
    endloop
  endfacet
  facet normal 0.4275550934301948 -0.9039892931234846 0
    outer loop
      vertex 18.703658973728523 65.42528347695799 98
      vertex 18.94762056099603 65.54066871440602 98
      vertex 18.703658973728523 65.42528347695799 106
    endloop
  endfacet
  facet normal 0.5141027441932684 -0.857728610000244 0
    outer loop
      vertex 18.4721818591961 65.28654143383199 98
      vertex 18.703658973728523 65.42528347695799 98
      vertex 18.4721818591961 65.28654143383199 106
    endloop
  endfacet
  facet normal 0.7409511253549138 -0.6715589548470682 0
    outer loop
      vertex 18.055456351737007 64.944543648263 98
      vertex 17.874221253252472 64.74458153145002 106
      vertex 17.874221253252472 64.74458153145002 98
    endloop
  endfacet
  facet normal -0.049067674327433856 -0.9987954562051715 0
    outer loop
      vertex 20.269547135906294 65.73675799834854 98
      vertex 20.269547135906294 65.73675799834854 106
      vertex 20 65.75 106
    endloop
  endfacet
  facet normal 0.049067674327433856 -0.9987954562051715 0
    outer loop
      vertex 20 65.75 98
      vertex 20 65.75 106
      vertex 19.730452864093706 65.73675799834854 106
    endloop
  endfacet
  facet normal 0.14673047445533813 -0.9891765099647845 0
    outer loop
      vertex 19.730452864093706 65.73675799834854 98
      vertex 19.730452864093706 65.73675799834854 106
      vertex 19.46350161445565 65.69715952110889 106
    endloop
  endfacet
  facet normal 0.24298017990329648 -0.9700312531945358 0
    outer loop
      vertex 19.46350161445565 65.69715952110889 98
      vertex 19.46350161445565 65.69715952110889 106
      vertex 19.201717137550247 65.63158592326357 106
    endloop
  endfacet
  facet normal 0.33688985339226646 -0.941544065183004 0
    outer loop
      vertex 19.201717137550247 65.63158592326357 98
      vertex 19.201717137550247 65.63158592326357 106
      vertex 18.94762056099603 65.54066871440602 106
    endloop
  endfacet
  facet normal 0.4275550934301948 -0.9039892931234846 0
    outer loop
      vertex 18.94762056099603 65.54066871440602 98
      vertex 18.94762056099603 65.54066871440602 106
      vertex 18.703658973728523 65.42528347695799 106
    endloop
  endfacet
  facet normal 0.9700312531945668 -0.24298017990317258 0
    outer loop
      vertex 17.36841407673643 63.79828286244978 98
      vertex 17.36841407673643 63.79828286244978 106
      vertex 17.30284047889114 63.53649838554435 106
    endloop
  endfacet
  facet normal 0.9039892931234846 -0.4275550934301948 0
    outer loop
      vertex 17.574716523042014 64.2963410262715 98
      vertex 17.574716523042014 64.2963410262715 106
      vertex 17.459331285593976 64.052379439004 106
    endloop
  endfacet
  facet normal 0.941544065183004 -0.33688985339226646 0
    outer loop
      vertex 17.459331285593976 64.052379439004 98
      vertex 17.459331285593976 64.052379439004 106
      vertex 17.36841407673643 63.79828286244978 106
    endloop
  endfacet
  facet normal 0.8577286100002162 -0.5141027441933149 0
    outer loop
      vertex 17.713458566168015 64.5278181408039 98
      vertex 17.713458566168015 64.5278181408039 106
      vertex 17.574716523042014 64.2963410262715 106
    endloop
  endfacet
  facet normal 0.5956993044923903 -0.8032075314806767 0
    outer loop
      vertex 18.4721818591961 65.28654143383199 98
      vertex 18.4721818591961 65.28654143383199 106
      vertex 18.255418468549976 65.12577874674753 106
    endloop
  endfacet
  facet normal 0.6715589548470682 -0.7409511253549138 0
    outer loop
      vertex 18.255418468549976 65.12577874674753 98
      vertex 18.255418468549976 65.12577874674753 106
      vertex 18.055456351737007 64.944543648263 106
    endloop
  endfacet
  facet normal 0.5141027441932684 -0.857728610000244 0
    outer loop
      vertex 18.703658973728523 65.42528347695799 98
      vertex 18.703658973728523 65.42528347695799 106
      vertex 18.4721818591961 65.28654143383199 106
    endloop
  endfacet
  facet normal 0.7409511253549138 -0.6715589548470682 0
    outer loop
      vertex 18.055456351737007 64.944543648263 98
      vertex 18.055456351737007 64.944543648263 106
      vertex 17.874221253252472 64.74458153145002 106
    endloop
  endfacet
  facet normal 0.8032075314806767 -0.5956993044923903 0
    outer loop
      vertex 17.874221253252472 64.74458153145002 98
      vertex 17.874221253252472 64.74458153145002 106
      vertex 17.713458566168015 64.5278181408039 106
    endloop
  endfacet
  facet normal 0 0 1
    outer loop
      vertex 14 41 106
      vertex 17.459331285593976 61.947620560996 106
      vertex 17.36841407673643 62.20171713755022 106
    endloop
  endfacet
  facet normal 0 0 1
    outer loop
      vertex 14 41 106
      vertex 17.36841407673643 62.20171713755022 106
      vertex 17.30284047889114 62.46350161445565 106
    endloop
  endfacet
  facet normal 0 0 1
    outer loop
      vertex 14 41 106
      vertex 17.30284047889114 62.46350161445565 106
      vertex 17.263242001651463 62.73045286409371 106
    endloop
  endfacet
  facet normal 0 0 1
    outer loop
      vertex 14 41 106
      vertex 17.263242001651463 62.73045286409371 106
      vertex 17.25 63 106
    endloop
  endfacet
  facet normal 0 0 1
    outer loop
      vertex 14 41 106
      vertex 17.25 63 106
      vertex 17.263242001651463 63.26954713590629 106
    endloop
  endfacet
  facet normal 0.9891765099647691 0.14673047445544118 0
    outer loop
      vertex 17.263242001651463 62.73045286409371 98
      vertex 17.30284047889114 62.46350161445565 106
      vertex 17.30284047889114 62.46350161445565 98
    endloop
  endfacet
  facet normal 0.9987954562051715 0.049067674327433856 0
    outer loop
      vertex 17.25 63 98
      vertex 17.263242001651463 62.73045286409371 106
      vertex 17.263242001651463 62.73045286409371 98
    endloop
  endfacet
  facet normal 0.9987954562051715 -0.049067674327433856 0
    outer loop
      vertex 17.263242001651463 63.26954713590629 98
      vertex 17.25 63 106
      vertex 17.25 63 98
    endloop
  endfacet
  facet normal 0.9700312531945668 0.24298017990317258 0
    outer loop
      vertex 17.30284047889114 62.46350161445565 98
      vertex 17.30284047889114 62.46350161445565 106
      vertex 17.36841407673643 62.20171713755022 106
    endloop
  endfacet
  facet normal 0.9891765099647691 0.14673047445544118 0
    outer loop
      vertex 17.263242001651463 62.73045286409371 98
      vertex 17.263242001651463 62.73045286409371 106
      vertex 17.30284047889114 62.46350161445565 106
    endloop
  endfacet
  facet normal 0.9987954562051715 0.049067674327433856 0
    outer loop
      vertex 17.25 63 98
      vertex 17.25 63 106
      vertex 17.263242001651463 62.73045286409371 106
    endloop
  endfacet
  facet normal 0.9987954562051715 -0.049067674327433856 0
    outer loop
      vertex 17.263242001651463 63.26954713590629 98
      vertex 17.263242001651463 63.26954713590629 106
      vertex 17.25 63 106
    endloop
  endfacet
  facet normal 0.9891765099647691 -0.14673047445544118 0
    outer loop
      vertex 17.30284047889114 63.53649838554435 98
      vertex 17.263242001651463 63.26954713590629 106
      vertex 17.263242001651463 63.26954713590629 98
    endloop
  endfacet
  facet normal 0.9700312531945668 -0.24298017990317258 0
    outer loop
      vertex 17.36841407673643 63.79828286244978 98
      vertex 17.30284047889114 63.53649838554435 106
      vertex 17.30284047889114 63.53649838554435 98
    endloop
  endfacet
  facet normal 0.9891765099647691 -0.14673047445544118 0
    outer loop
      vertex 17.30284047889114 63.53649838554435 98
      vertex 17.30284047889114 63.53649838554435 106
      vertex 17.263242001651463 63.26954713590629 106
    endloop
  endfacet
  facet normal 0 -1 0
    outer loop
      vertex 26 76 84
      vertex 14 76 96
      vertex 14 76 84
    endloop
  endfacet
  facet normal 0 -1 0
    outer loop
      vertex 26 76 84
      vertex 26 76 96
      vertex 14 76 96
    endloop
  endfacet
  facet normal -1 0 0
    outer loop
      vertex 14 41 98
      vertex 14 41 106
      vertex 14 132 106
    endloop
  endfacet
  facet normal 0 0 1
    outer loop
      vertex 26 76 96
      vertex 26 86 96
      vertex 14 76 96
    endloop
  endfacet
  facet normal 0 0 -1
    outer loop
      vertex 26 41 98
      vertex 22.736757998348537 63.26954713590629 98
      vertex 14 132 98
    endloop
  endfacet
  facet normal 0 0 1
    outer loop
      vertex 26 86 96
      vertex 14 86 96
      vertex 14 76 96
    endloop
  endfacet
  facet normal 0 0 -1
    outer loop
      vertex 14 132 98
      vertex 22.736757998348537 63.26954713590629 98
      vertex 22.69715952110886 63.53649838554435 98
    endloop
  endfacet
  facet normal 0 0 -1
    outer loop
      vertex 14 132 98
      vertex 22.69715952110886 63.53649838554435 98
      vertex 22.63158592326357 63.79828286244978 98
    endloop
  endfacet
  facet normal 0 0 -1
    outer loop
      vertex 14 132 98
      vertex 22.63158592326357 63.79828286244978 98
      vertex 22.540668714406024 64.052379439004 98
    endloop
  endfacet
  facet normal 0 0 -1
    outer loop
      vertex 14 132 98
      vertex 22.540668714406024 64.052379439004 98
      vertex 22.425283476957986 64.2963410262715 98
    endloop
  endfacet
  facet normal 0 0 -1
    outer loop
      vertex 14 132 98
      vertex 22.425283476957986 64.2963410262715 98
      vertex 22.286541433831985 64.5278181408039 98
    endloop
  endfacet
  facet normal 0 0 -1
    outer loop
      vertex 14 132 98
      vertex 22.286541433831985 64.5278181408039 98
      vertex 22.125778746747528 64.74458153145002 98
    endloop
  endfacet
  facet normal 0 0 -1
    outer loop
      vertex 14 132 98
      vertex 22.125778746747528 64.74458153145002 98
      vertex 21.944543648262993 64.944543648263 98
    endloop
  endfacet
  facet normal 0 0 -1
    outer loop
      vertex 14 132 98
      vertex 21.944543648262993 64.944543648263 98
      vertex 21.744581531450024 65.12577874674753 98
    endloop
  endfacet
  facet normal 0 0 -1
    outer loop
      vertex 14 132 98
      vertex 21.744581531450024 65.12577874674753 98
      vertex 21.5278181408039 65.28654143383199 98
    endloop
  endfacet
  facet normal 0 0 -1
    outer loop
      vertex 14 132 98
      vertex 21.5278181408039 65.28654143383199 98
      vertex 21.296341026271477 65.42528347695799 98
    endloop
  endfacet
  facet normal 0 0 -1
    outer loop
      vertex 14 132 98
      vertex 21.296341026271477 65.42528347695799 98
      vertex 21.05237943900397 65.54066871440602 98
    endloop
  endfacet
  facet normal 0 0 -1
    outer loop
      vertex 14 132 98
      vertex 21.05237943900397 65.54066871440602 98
      vertex 20.798282862449753 65.63158592326357 98
    endloop
  endfacet
  facet normal 0 0 -1
    outer loop
      vertex 14 132 98
      vertex 20.798282862449753 65.63158592326357 98
      vertex 20.53649838554435 65.69715952110889 98
    endloop
  endfacet
  facet normal 0 0 -1
    outer loop
      vertex 14 132 98
      vertex 20.53649838554435 65.69715952110889 98
      vertex 20.269547135906294 65.73675799834854 98
    endloop
  endfacet
  facet normal 0 0 -1
    outer loop
      vertex 14 132 98
      vertex 20.269547135906294 65.73675799834854 98
      vertex 20 65.75 98
    endloop
  endfacet
  facet normal 0 0 -1
    outer loop
      vertex 14 132 98
      vertex 20 65.75 98
      vertex 19.730452864093706 65.73675799834854 98
    endloop
  endfacet
  facet normal 0 0 -1
    outer loop
      vertex 14 132 98
      vertex 19.730452864093706 65.73675799834854 98
      vertex 19.46350161445565 65.69715952110889 98
    endloop
  endfacet
  facet normal 0 0 -1
    outer loop
      vertex 14 132 98
      vertex 19.46350161445565 65.69715952110889 98
      vertex 19.201717137550247 65.63158592326357 98
    endloop
  endfacet
  facet normal 0 0 -1
    outer loop
      vertex 14 132 98
      vertex 19.201717137550247 65.63158592326357 98
      vertex 18.94762056099603 65.54066871440602 98
    endloop
  endfacet
  facet normal 0 0 -1
    outer loop
      vertex 14 41 98
      vertex 14 132 98
      vertex 17.25 63 98
    endloop
  endfacet
  facet normal 0 0 -1
    outer loop
      vertex 14 132 98
      vertex 17.459331285593976 64.052379439004 98
      vertex 17.36841407673643 63.79828286244978 98
    endloop
  endfacet
  facet normal 0 0 -1
    outer loop
      vertex 14 132 98
      vertex 17.263242001651463 63.26954713590629 98
      vertex 17.25 63 98
    endloop
  endfacet
  facet normal 0 0 -1
    outer loop
      vertex 14 132 98
      vertex 17.30284047889114 63.53649838554435 98
      vertex 17.263242001651463 63.26954713590629 98
    endloop
  endfacet
  facet normal 0 0 -1
    outer loop
      vertex 14 132 98
      vertex 17.36841407673643 63.79828286244978 98
      vertex 17.30284047889114 63.53649838554435 98
    endloop
  endfacet
  facet normal 0 0 -1
    outer loop
      vertex 14 132 98
      vertex 18.055456351737007 64.944543648263 98
      vertex 17.874221253252472 64.74458153145002 98
    endloop
  endfacet
  facet normal 0 0 -1
    outer loop
      vertex 14 132 98
      vertex 18.94762056099603 65.54066871440602 98
      vertex 18.703658973728523 65.42528347695799 98
    endloop
  endfacet
  facet normal 0 0 -1
    outer loop
      vertex 14 132 98
      vertex 18.703658973728523 65.42528347695799 98
      vertex 18.4721818591961 65.28654143383199 98
    endloop
  endfacet
  facet normal 0 0 -1
    outer loop
      vertex 14 132 98
      vertex 18.4721818591961 65.28654143383199 98
      vertex 18.255418468549976 65.12577874674753 98
    endloop
  endfacet
  facet normal 0 0 -1
    outer loop
      vertex 14 132 98
      vertex 18.255418468549976 65.12577874674753 98
      vertex 18.055456351737007 64.944543648263 98
    endloop
  endfacet
  facet normal 0 0 -1
    outer loop
      vertex 14 132 98
      vertex 17.574716523042014 64.2963410262715 98
      vertex 17.459331285593976 64.052379439004 98
    endloop
  endfacet
  facet normal 0 0 -1
    outer loop
      vertex 14 132 98
      vertex 17.713458566168015 64.5278181408039 98
      vertex 17.574716523042014 64.2963410262715 98
    endloop
  endfacet
  facet normal 0 0 -1
    outer loop
      vertex 14 132 98
      vertex 17.874221253252472 64.74458153145002 98
      vertex 17.713458566168015 64.5278181408039 98
    endloop
  endfacet
  facet normal 0 0 1
    outer loop
      vertex 14 41 106
      vertex 17.263242001651463 63.26954713590629 106
      vertex 26 130 106
    endloop
  endfacet
  facet normal 0 0 1
    outer loop
      vertex 26 130 106
      vertex 21.5278181408039 65.28654143383199 106
      vertex 21.744581531450024 65.12577874674753 106
    endloop
  endfacet
  facet normal 0 0 1
    outer loop
      vertex 26 130 106
      vertex 21.296341026271477 65.42528347695799 106
      vertex 21.5278181408039 65.28654143383199 106
    endloop
  endfacet
  facet normal 0 0 1
    outer loop
      vertex 26 130 106
      vertex 21.05237943900397 65.54066871440602 106
      vertex 21.296341026271477 65.42528347695799 106
    endloop
  endfacet
  facet normal 0 0 1
    outer loop
      vertex 26 130 106
      vertex 20.798282862449753 65.63158592326357 106
      vertex 21.05237943900397 65.54066871440602 106
    endloop
  endfacet
  facet normal 0 0 1
    outer loop
      vertex 26 130 106
      vertex 20.53649838554435 65.69715952110889 106
      vertex 20.798282862449753 65.63158592326357 106
    endloop
  endfacet
  facet normal 0 0 1
    outer loop
      vertex 26 130 106
      vertex 20.269547135906294 65.73675799834854 106
      vertex 20.53649838554435 65.69715952110889 106
    endloop
  endfacet
  facet normal 0 0 1
    outer loop
      vertex 26 130 106
      vertex 20 65.75 106
      vertex 20.269547135906294 65.73675799834854 106
    endloop
  endfacet
  facet normal 0 0 1
    outer loop
      vertex 26 130 106
      vertex 19.730452864093706 65.73675799834854 106
      vertex 20 65.75 106
    endloop
  endfacet
  facet normal 0 0 1
    outer loop
      vertex 26 130 106
      vertex 19.46350161445565 65.69715952110889 106
      vertex 19.730452864093706 65.73675799834854 106
    endloop
  endfacet
  facet normal 0 0 1
    outer loop
      vertex 26 130 106
      vertex 17.874221253252472 64.74458153145002 106
      vertex 18.055456351737007 64.944543648263 106
    endloop
  endfacet
  facet normal 0 0 1
    outer loop
      vertex 26 130 106
      vertex 17.574716523042014 64.2963410262715 106
      vertex 17.713458566168015 64.5278181408039 106
    endloop
  endfacet
  facet normal 0 0 1
    outer loop
      vertex 26 130 106
      vertex 17.36841407673643 63.79828286244978 106
      vertex 17.459331285593976 64.052379439004 106
    endloop
  endfacet
  facet normal 0 0 1
    outer loop
      vertex 26 130 106
      vertex 17.459331285593976 64.052379439004 106
      vertex 17.574716523042014 64.2963410262715 106
    endloop
  endfacet
  facet normal 0 0 1
    outer loop
      vertex 26 130 106
      vertex 17.713458566168015 64.5278181408039 106
      vertex 17.874221253252472 64.74458153145002 106
    endloop
  endfacet
  facet normal 0 0 1
    outer loop
      vertex 26 130 106
      vertex 19.201717137550247 65.63158592326357 106
      vertex 19.46350161445565 65.69715952110889 106
    endloop
  endfacet
  facet normal 0 0 1
    outer loop
      vertex 26 130 106
      vertex 18.94762056099603 65.54066871440602 106
      vertex 19.201717137550247 65.63158592326357 106
    endloop
  endfacet
  facet normal 0 0 1
    outer loop
      vertex 26 130 106
      vertex 18.4721818591961 65.28654143383199 106
      vertex 18.703658973728523 65.42528347695799 106
    endloop
  endfacet
  facet normal 0 0 1
    outer loop
      vertex 26 130 106
      vertex 18.703658973728523 65.42528347695799 106
      vertex 18.94762056099603 65.54066871440602 106
    endloop
  endfacet
  facet normal 0 0 1
    outer loop
      vertex 26 130 106
      vertex 18.255418468549976 65.12577874674753 106
      vertex 18.4721818591961 65.28654143383199 106
    endloop
  endfacet
  facet normal 0 0 1
    outer loop
      vertex 26 130 106
      vertex 18.055456351737007 64.944543648263 106
      vertex 18.255418468549976 65.12577874674753 106
    endloop
  endfacet
  facet normal 0 0 1
    outer loop
      vertex 26 130 106
      vertex 17.263242001651463 63.26954713590629 106
      vertex 17.30284047889114 63.53649838554435 106
    endloop
  endfacet
  facet normal 0 0 1
    outer loop
      vertex 26 130 106
      vertex 17.30284047889114 63.53649838554435 106
      vertex 17.36841407673643 63.79828286244978 106
    endloop
  endfacet
  facet normal 0 0 -1
    outer loop
      vertex 97 128 0
      vertex 76.74458153145002 116.87422125325247 0
      vertex 76.944543648263 117.055456351737 0
    endloop
  endfacet
  facet normal 0 0 -1
    outer loop
      vertex 97 128 0
      vertex 76.944543648263 117.055456351737 0
      vertex 77.12577874674753 117.25541846854998 0
    endloop
  endfacet
  facet normal 0 0 -1
    outer loop
      vertex 97 128 0
      vertex 77.12577874674753 117.25541846854998 0
      vertex 77.28654143383199 117.4721818591961 0
    endloop
  endfacet
  facet normal 0 0 -1
    outer loop
      vertex 97 128 0
      vertex 76.5278181408039 116.71345856616801 0
      vertex 76.74458153145002 116.87422125325247 0
    endloop
  endfacet
  facet normal 0 0 1
    outer loop
      vertex 119 128 10
      vertex 97 128 10
      vertex 60 106 10
    endloop
  endfacet
  facet normal 0 0 1
    outer loop
      vertex 97 128 10
      vertex 76.944543648263 117.055456351737 10
      vertex 76.74458153145002 116.87422125325247 10
    endloop
  endfacet
  facet normal 0 0 1
    outer loop
      vertex 97 128 10
      vertex 77.12577874674753 117.25541846854998 10
      vertex 76.944543648263 117.055456351737 10
    endloop
  endfacet
  facet normal 0 0 1
    outer loop
      vertex 97 128 10
      vertex 77.28654143383199 117.4721818591961 10
      vertex 77.12577874674753 117.25541846854998 10
    endloop
  endfacet
  facet normal 0 0 1
    outer loop
      vertex 97 128 10
      vertex 76.74458153145002 116.87422125325247 10
      vertex 76.5278181408039 116.71345856616801 10
    endloop
  endfacet
  facet normal 0 0 1
    outer loop
      vertex 97 128 10
      vertex 76.5278181408039 116.71345856616801 10
      vertex 76.29634102627148 116.57471652304201 10
    endloop
  endfacet
  facet normal 0 0 -1
    outer loop
      vertex 97 128 0
      vertex 77.69715952110886 119.53649838554435 0
      vertex 88 130 0
    endloop
  endfacet
  facet normal 0 0 -1
    outer loop
      vertex 97 128 0
      vertex 77.28654143383199 117.4721818591961 0
      vertex 77.42528347695799 117.7036589737285 0
    endloop
  endfacet
  facet normal 0 0 -1
    outer loop
      vertex 97 128 0
      vertex 77.42528347695799 117.7036589737285 0
      vertex 77.54066871440602 117.947620560996 0
    endloop
  endfacet
  facet normal 0 0 -1
    outer loop
      vertex 97 128 0
      vertex 77.54066871440602 117.947620560996 0
      vertex 77.63158592326357 118.20171713755022 0
    endloop
  endfacet
  facet normal 0 0 -1
    outer loop
      vertex 97 128 0
      vertex 77.63158592326357 118.20171713755022 0
      vertex 77.69715952110886 118.46350161445565 0
    endloop
  endfacet
  facet normal 0 0 -1
    outer loop
      vertex 97 128 0
      vertex 77.69715952110886 118.46350161445565 0
      vertex 77.73675799834854 118.7304528640937 0
    endloop
  endfacet
  facet normal 0 0 -1
    outer loop
      vertex 97 128 0
      vertex 77.73675799834854 118.7304528640937 0
      vertex 77.75 119 0
    endloop
  endfacet
  facet normal 0 0 -1
    outer loop
      vertex 97 128 0
      vertex 77.75 119 0
      vertex 77.73675799834854 119.2695471359063 0
    endloop
  endfacet
  facet normal 0 0 -1
    outer loop
      vertex 97 128 0
      vertex 77.73675799834854 119.2695471359063 0
      vertex 77.69715952110886 119.53649838554435 0
    endloop
  endfacet
  facet normal 0 0 -1
    outer loop
      vertex 88 130 0
      vertex 77.69715952110886 119.53649838554435 0
      vertex 77.63158592326357 119.79828286244978 0
    endloop
  endfacet
  facet normal 0 0 -1
    outer loop
      vertex 88 130 0
      vertex 77.63158592326357 119.79828286244978 0
      vertex 77.54066871440602 120.052379439004 0
    endloop
  endfacet
  facet normal 0 0 -1
    outer loop
      vertex 88 130 0
      vertex 77.54066871440602 120.052379439004 0
      vertex 77.42528347695799 120.2963410262715 0
    endloop
  endfacet
  facet normal 0 -1 0
    outer loop
      vertex 88 130 -3
      vertex 88 130 0
      vertex 70.48780487804879 130 0
    endloop
  endfacet
  facet normal 0 0 1
    outer loop
      vertex 97 128 10
      vertex 97 132 10
      vertex 77.69715952110886 118.46350161445565 10
    endloop
  endfacet
  facet normal 0 0 1
    outer loop
      vertex 97 132 10
      vertex 94.57627118644069 132 10
      vertex 77.69715952110886 118.46350161445565 10
    endloop
  endfacet
  facet normal 0 0 1
    outer loop
      vertex 94.57627118644069 132 10
      vertex 88 132 10
      vertex 88 130 10
    endloop
  endfacet
  facet normal 0 0 1
    outer loop
      vertex 94.57627118644069 132 10
      vertex 88 130 10
      vertex 77.69715952110886 119.53649838554435 10
    endloop
  endfacet
  facet normal 1 0 0
    outer loop
      vertex 88 130 10
      vertex 88 132 10
      vertex 88 130 13
    endloop
  endfacet
  facet normal 1 0 0
    outer loop
      vertex 88 130 13
      vertex 88 132 10
      vertex 88 132 12
    endloop
  endfacet
  facet normal 0 0 1
    outer loop
      vertex 97 128 10
      vertex 77.42528347695799 117.7036589737285 10
      vertex 77.28654143383199 117.4721818591961 10
    endloop
  endfacet
  facet normal 0 0 1
    outer loop
      vertex 97 128 10
      vertex 77.54066871440602 117.947620560996 10
      vertex 77.42528347695799 117.7036589737285 10
    endloop
  endfacet
  facet normal 0 0 1
    outer loop
      vertex 97 128 10
      vertex 77.63158592326357 118.20171713755022 10
      vertex 77.54066871440602 117.947620560996 10
    endloop
  endfacet
  facet normal 0 0 1
    outer loop
      vertex 97 128 10
      vertex 77.69715952110886 118.46350161445565 10
      vertex 77.63158592326357 118.20171713755022 10
    endloop
  endfacet
  facet normal 0 0 1
    outer loop
      vertex 94.57627118644069 132 10
      vertex 77.73675799834854 118.7304528640937 10
      vertex 77.69715952110886 118.46350161445565 10
    endloop
  endfacet
  facet normal 0 0 1
    outer loop
      vertex 94.57627118644069 132 10
      vertex 77.75 119 10
      vertex 77.73675799834854 118.7304528640937 10
    endloop
  endfacet
  facet normal 0 0 1
    outer loop
      vertex 94.57627118644069 132 10
      vertex 77.73675799834854 119.2695471359063 10
      vertex 77.75 119 10
    endloop
  endfacet
  facet normal 0 0 1
    outer loop
      vertex 94.57627118644069 132 10
      vertex 77.69715952110886 119.53649838554435 10
      vertex 77.73675799834854 119.2695471359063 10
    endloop
  endfacet
  facet normal 0 0 1
    outer loop
      vertex 88 130 10
      vertex 77.63158592326357 119.79828286244978 10
      vertex 77.69715952110886 119.53649838554435 10
    endloop
  endfacet
  facet normal 0 0 1
    outer loop
      vertex 88 130 10
      vertex 77.54066871440602 120.052379439004 10
      vertex 77.63158592326357 119.79828286244978 10
    endloop
  endfacet
  facet normal 0 0 1
    outer loop
      vertex 88 130 10
      vertex 77.42528347695799 120.2963410262715 10
      vertex 77.54066871440602 120.052379439004 10
    endloop
  endfacet
  facet normal 0 0 -1
    outer loop
      vertex 97 128 0
      vertex 60 106 0
      vertex 76.5278181408039 116.71345856616801 0
    endloop
  endfacet
  facet normal -0.5956993044923903 0.8032075314806767 0
    outer loop
      vertex 76.74458153145002 116.87422125325247 0
      vertex 76.5278181408039 116.71345856616801 0
      vertex 76.74458153145002 116.87422125325247 10
    endloop
  endfacet
  facet normal -0.8577286100002162 0.5141027441933149 0
    outer loop
      vertex 77.28654143383199 117.4721818591961 0
      vertex 77.42528347695799 117.7036589737285 10
      vertex 77.42528347695799 117.7036589737285 0
    endloop
  endfacet
  facet normal -0.9039892931234846 0.4275550934301948 0
    outer loop
      vertex 77.42528347695799 117.7036589737285 0
      vertex 77.54066871440602 117.947620560996 10
      vertex 77.54066871440602 117.947620560996 0
    endloop
  endfacet
  facet normal -0.9415440651830042 0.3368898533922665 0
    outer loop
      vertex 77.54066871440602 117.947620560996 0
      vertex 77.63158592326357 118.20171713755022 10
      vertex 77.63158592326357 118.20171713755022 0
    endloop
  endfacet
  facet normal -0.7409511253549138 0.6715589548470682 0
    outer loop
      vertex 76.944543648263 117.055456351737 0
      vertex 77.12577874674753 117.25541846854998 10
      vertex 77.12577874674753 117.25541846854998 0
    endloop
  endfacet
  facet normal -0.8032075314806767 0.5956993044923903 0
    outer loop
      vertex 77.12577874674753 117.25541846854998 0
      vertex 77.28654143383199 117.4721818591961 10
      vertex 77.28654143383199 117.4721818591961 0
    endloop
  endfacet
  facet normal -0.6715589548470682 0.7409511253549138 0
    outer loop
      vertex 76.74458153145002 116.87422125325247 0
      vertex 76.944543648263 117.055456351737 10
      vertex 76.944543648263 117.055456351737 0
    endloop
  endfacet
  facet normal -0.5141027441932684 0.857728610000244 0
    outer loop
      vertex 76.5278181408039 116.71345856616801 0
      vertex 76.29634102627148 116.57471652304201 0
      vertex 76.5278181408039 116.71345856616801 10
    endloop
  endfacet
  facet normal -0.3368898533922665 0.9415440651830042 0
    outer loop
      vertex 76.05237943900397 116.45933128559398 0
      vertex 75.79828286244975 116.36841407673643 0
      vertex 76.05237943900397 116.45933128559398 10
    endloop
  endfacet
  facet normal -0.4275550934301948 0.9039892931234846 0
    outer loop
      vertex 76.29634102627148 116.57471652304201 0
      vertex 76.05237943900397 116.45933128559398 0
      vertex 76.29634102627148 116.57471652304201 10
    endloop
  endfacet
  facet normal -0.2429801799032965 0.9700312531945359 0
    outer loop
      vertex 75.79828286244975 116.36841407673643 0
      vertex 75.53649838554435 116.30284047889111 0
      vertex 75.79828286244975 116.36841407673643 10
    endloop
  endfacet
  facet normal -0.14673047445533816 0.9891765099647846 0
    outer loop
      vertex 75.53649838554435 116.30284047889111 0
      vertex 75.2695471359063 116.26324200165146 0
      vertex 75.53649838554435 116.30284047889111 10
    endloop
  endfacet
  facet normal -0.04906767432743386 0.9987954562051716 0
    outer loop
      vertex 75.2695471359063 116.26324200165146 0
      vertex 75 116.25 0
      vertex 75.2695471359063 116.26324200165146 10
    endloop
  endfacet
  facet normal -0.9891765099647692 0.1467304744554412 0
    outer loop
      vertex 77.69715952110886 118.46350161445565 0
      vertex 77.73675799834854 118.7304528640937 10
      vertex 77.73675799834854 118.7304528640937 0
    endloop
  endfacet
  facet normal -0.9987954562051716 0.04906767432743386 0
    outer loop
      vertex 77.73675799834854 118.7304528640937 0
      vertex 77.75 119 10
      vertex 77.75 119 0
    endloop
  endfacet
  facet normal -0.970031253194567 0.24298017990317258 0
    outer loop
      vertex 77.63158592326357 118.20171713755022 0
      vertex 77.69715952110886 118.46350161445565 10
      vertex 77.69715952110886 118.46350161445565 0
    endloop
  endfacet
  facet normal -0.9987954562051716 -0.04906767432743386 0
    outer loop
      vertex 77.75 119 0
      vertex 77.73675799834854 119.2695471359063 10
      vertex 77.73675799834854 119.2695471359063 0
    endloop
  endfacet
  facet normal -0.9891765099647692 -0.1467304744554412 0
    outer loop
      vertex 77.73675799834854 119.2695471359063 0
      vertex 77.69715952110886 119.53649838554435 10
      vertex 77.69715952110886 119.53649838554435 0
    endloop
  endfacet
  facet normal -0.970031253194567 -0.24298017990317258 0
    outer loop
      vertex 77.69715952110886 119.53649838554435 0
      vertex 77.63158592326357 119.79828286244978 10
      vertex 77.63158592326357 119.79828286244978 0
    endloop
  endfacet
  facet normal -0.9415440651830042 -0.3368898533922665 0
    outer loop
      vertex 77.63158592326357 119.79828286244978 0
      vertex 77.54066871440602 120.052379439004 10
      vertex 77.54066871440602 120.052379439004 0
    endloop
  endfacet
  facet normal -0.9039892931234846 -0.4275550934301948 0
    outer loop
      vertex 77.54066871440602 120.052379439004 0
      vertex 77.42528347695799 120.2963410262715 10
      vertex 77.42528347695799 120.2963410262715 0
    endloop
  endfacet
  facet normal -0.8577286100002162 -0.5141027441933149 0
    outer loop
      vertex 77.42528347695799 120.2963410262715 0
      vertex 77.28654143383199 120.5278181408039 10
      vertex 77.28654143383199 120.5278181408039 0
    endloop
  endfacet
  facet normal -0.8032075314806767 -0.5956993044923903 0
    outer loop
      vertex 77.28654143383199 120.5278181408039 0
      vertex 77.12577874674753 120.74458153145002 10
      vertex 77.12577874674753 120.74458153145002 0
    endloop
  endfacet
  facet normal -0.7409511253549138 -0.6715589548470682 0
    outer loop
      vertex 77.12577874674753 120.74458153145002 0
      vertex 76.944543648263 120.944543648263 10
      vertex 76.944543648263 120.944543648263 0
    endloop
  endfacet
  facet normal 0 0 -1
    outer loop
      vertex 60 106 0
      vertex 76.29634102627148 116.57471652304201 0
      vertex 76.5278181408039 116.71345856616801 0
    endloop
  endfacet
  facet normal 0 0 -1
    outer loop
      vertex 60 106 0
      vertex 76.05237943900397 116.45933128559398 0
      vertex 76.29634102627148 116.57471652304201 0
    endloop
  endfacet
  facet normal 0 0 -1
    outer loop
      vertex 60 106 0
      vertex 75.79828286244975 116.36841407673643 0
      vertex 76.05237943900397 116.45933128559398 0
    endloop
  endfacet
  facet normal 0 0 -1
    outer loop
      vertex 60 106 0
      vertex 75.53649838554435 116.30284047889111 0
      vertex 75.79828286244975 116.36841407673643 0
    endloop
  endfacet
  facet normal 0 0 -1
    outer loop
      vertex 60 106 0
      vertex 75.2695471359063 116.26324200165146 0
      vertex 75.53649838554435 116.30284047889111 0
    endloop
  endfacet
  facet normal 0 0 -1
    outer loop
      vertex 60 106 0
      vertex 75 116.25 0
      vertex 75.2695471359063 116.26324200165146 0
    endloop
  endfacet
  facet normal 0 0 -1
    outer loop
      vertex 60 106 0
      vertex 74.7304528640937 116.26324200165146 0
      vertex 75 116.25 0
    endloop
  endfacet
  facet normal 0 0 -1
    outer loop
      vertex 60 106 0
      vertex 74.46350161445565 116.30284047889111 0
      vertex 74.7304528640937 116.26324200165146 0
    endloop
  endfacet
  facet normal 0 0 -1
    outer loop
      vertex 60 106 0
      vertex 74.20171713755025 116.36841407673643 0
      vertex 74.46350161445565 116.30284047889111 0
    endloop
  endfacet
  facet normal 0 0 -1
    outer loop
      vertex 60 106 0
      vertex 73.94762056099603 116.45933128559398 0
      vertex 74.20171713755025 116.36841407673643 0
    endloop
  endfacet
  facet normal 0.04906767432743386 0.9987954562051716 0
    outer loop
      vertex 75 116.25 0
      vertex 74.7304528640937 116.26324200165146 0
      vertex 75 116.25 10
    endloop
  endfacet
  facet normal 0.14673047445533816 0.9891765099647846 0
    outer loop
      vertex 74.7304528640937 116.26324200165146 0
      vertex 74.46350161445565 116.30284047889111 0
      vertex 74.7304528640937 116.26324200165146 10
    endloop
  endfacet
  facet normal 0.2429801799032965 0.9700312531945359 0
    outer loop
      vertex 74.46350161445565 116.30284047889111 0
      vertex 74.20171713755025 116.36841407673643 0
      vertex 74.46350161445565 116.30284047889111 10
    endloop
  endfacet
  facet normal 0.3368898533922665 0.9415440651830042 0
    outer loop
      vertex 74.20171713755025 116.36841407673643 0
      vertex 73.94762056099603 116.45933128559398 0
      vertex 74.20171713755025 116.36841407673643 10
    endloop
  endfacet
  facet normal 0.4275550934301948 0.9039892931234846 0
    outer loop
      vertex 73.94762056099603 116.45933128559398 0
      vertex 73.70365897372852 116.57471652304201 0
      vertex 73.94762056099603 116.45933128559398 10
    endloop
  endfacet
  facet normal 0.5141027441932684 0.857728610000244 0
    outer loop
      vertex 73.70365897372852 116.57471652304201 0
      vertex 73.4721818591961 116.71345856616801 0
      vertex 73.70365897372852 116.57471652304201 10
    endloop
  endfacet
  facet normal 0.5956993044923903 0.8032075314806767 0
    outer loop
      vertex 73.4721818591961 116.71345856616801 0
      vertex 73.25541846854998 116.87422125325247 0
      vertex 73.4721818591961 116.71345856616801 10
    endloop
  endfacet
  facet normal 0.6715589548470682 0.7409511253549138 0
    outer loop
      vertex 73.25541846854998 116.87422125325247 0
      vertex 73.055456351737 117.055456351737 0
      vertex 73.25541846854998 116.87422125325247 10
    endloop
  endfacet
  facet normal 0.7409511253549138 0.6715589548470682 0
    outer loop
      vertex 72.87422125325247 117.25541846854998 0
      vertex 73.055456351737 117.055456351737 10
      vertex 73.055456351737 117.055456351737 0
    endloop
  endfacet
  facet normal 0.8032075314806767 0.5956993044923903 0
    outer loop
      vertex 72.71345856616801 117.4721818591961 0
      vertex 72.87422125325247 117.25541846854998 10
      vertex 72.87422125325247 117.25541846854998 0
    endloop
  endfacet
  facet normal 0.8577286100002162 0.5141027441933149 0
    outer loop
      vertex 72.57471652304201 117.7036589737285 0
      vertex 72.71345856616801 117.4721818591961 10
      vertex 72.71345856616801 117.4721818591961 0
    endloop
  endfacet
  facet normal 0.9039892931234846 0.4275550934301948 0
    outer loop
      vertex 72.45933128559398 117.947620560996 0
      vertex 72.57471652304201 117.7036589737285 10
      vertex 72.57471652304201 117.7036589737285 0
    endloop
  endfacet
  facet normal 0.9415440651830042 0.3368898533922665 0
    outer loop
      vertex 72.36841407673643 118.20171713755022 0
      vertex 72.45933128559398 117.947620560996 10
      vertex 72.45933128559398 117.947620560996 0
    endloop
  endfacet
  facet normal 0.970031253194567 0.24298017990317258 0
    outer loop
      vertex 72.30284047889114 118.46350161445565 0
      vertex 72.36841407673643 118.20171713755022 10
      vertex 72.36841407673643 118.20171713755022 0
    endloop
  endfacet
  facet normal 0.9891765099647692 0.1467304744554412 0
    outer loop
      vertex 72.26324200165146 118.7304528640937 0
      vertex 72.30284047889114 118.46350161445565 10
      vertex 72.30284047889114 118.46350161445565 0
    endloop
  endfacet
  facet normal 0.9891765099647692 -0.1467304744554412 0
    outer loop
      vertex 72.30284047889114 119.53649838554435 0
      vertex 72.26324200165146 119.2695471359063 10
      vertex 72.26324200165146 119.2695471359063 0
    endloop
  endfacet
  facet normal 0.970031253194567 -0.24298017990317258 0
    outer loop
      vertex 72.36841407673643 119.79828286244978 0
      vertex 72.30284047889114 119.53649838554435 10
      vertex 72.30284047889114 119.53649838554435 0
    endloop
  endfacet
  facet normal 0.9415440651830042 -0.3368898533922665 0
    outer loop
      vertex 72.45933128559398 120.052379439004 0
      vertex 72.36841407673643 119.79828286244978 10
      vertex 72.36841407673643 119.79828286244978 0
    endloop
  endfacet
  facet normal 0.9039892931234846 -0.4275550934301948 0
    outer loop
      vertex 72.57471652304201 120.2963410262715 0
      vertex 72.45933128559398 120.052379439004 10
      vertex 72.45933128559398 120.052379439004 0
    endloop
  endfacet
  facet normal 0.8032075314806767 -0.5956993044923903 0
    outer loop
      vertex 72.71345856616801 120.5278181408039 0
      vertex 72.87422125325247 120.74458153145002 0
      vertex 72.71345856616801 120.5278181408039 10
    endloop
  endfacet
  facet normal 0.7409511253549138 -0.6715589548470682 0
    outer loop
      vertex 73.055456351737 120.944543648263 0
      vertex 72.87422125325247 120.74458153145002 10
      vertex 72.87422125325247 120.74458153145002 0
    endloop
  endfacet
  facet normal 0.8577286100002162 -0.5141027441933149 0
    outer loop
      vertex 72.71345856616801 120.5278181408039 0
      vertex 72.57471652304201 120.2963410262715 10
      vertex 72.57471652304201 120.2963410262715 0
    endloop
  endfacet
  facet normal 0.9987954562051716 0.04906767432743386 0
    outer loop
      vertex 72.25 119 0
      vertex 72.26324200165146 118.7304528640937 10
      vertex 72.26324200165146 118.7304528640937 0
    endloop
  endfacet
  facet normal 0.9987954562051716 -0.04906767432743386 0
    outer loop
      vertex 72.26324200165146 119.2695471359063 0
      vertex 72.25 119 10
      vertex 72.25 119 0
    endloop
  endfacet
  facet normal -0.8577286100002162 0.5141027441933149 0
    outer loop
      vertex 77.28654143383199 117.4721818591961 0
      vertex 77.28654143383199 117.4721818591961 10
      vertex 77.42528347695799 117.7036589737285 10
    endloop
  endfacet
  facet normal -0.9039892931234846 0.4275550934301948 0
    outer loop
      vertex 77.42528347695799 117.7036589737285 0
      vertex 77.42528347695799 117.7036589737285 10
      vertex 77.54066871440602 117.947620560996 10
    endloop
  endfacet
  facet normal -0.9415440651830042 0.3368898533922665 0
    outer loop
      vertex 77.54066871440602 117.947620560996 0
      vertex 77.54066871440602 117.947620560996 10
      vertex 77.63158592326357 118.20171713755022 10
    endloop
  endfacet
  facet normal -0.7409511253549138 0.6715589548470682 0
    outer loop
      vertex 76.944543648263 117.055456351737 0
      vertex 76.944543648263 117.055456351737 10
      vertex 77.12577874674753 117.25541846854998 10
    endloop
  endfacet
  facet normal -0.8032075314806767 0.5956993044923903 0
    outer loop
      vertex 77.12577874674753 117.25541846854998 0
      vertex 77.12577874674753 117.25541846854998 10
      vertex 77.28654143383199 117.4721818591961 10
    endloop
  endfacet
  facet normal -0.6715589548470682 0.7409511253549138 0
    outer loop
      vertex 76.74458153145002 116.87422125325247 0
      vertex 76.74458153145002 116.87422125325247 10
      vertex 76.944543648263 117.055456351737 10
    endloop
  endfacet
  facet normal -0.5956993044923903 0.8032075314806767 0
    outer loop
      vertex 76.5278181408039 116.71345856616801 0
      vertex 76.5278181408039 116.71345856616801 10
      vertex 76.74458153145002 116.87422125325247 10
    endloop
  endfacet
  facet normal -0.5141027441932684 0.857728610000244 0
    outer loop
      vertex 76.29634102627148 116.57471652304201 0
      vertex 76.29634102627148 116.57471652304201 10
      vertex 76.5278181408039 116.71345856616801 10
    endloop
  endfacet
  facet normal -0.4275550934301948 0.9039892931234846 0
    outer loop
      vertex 76.05237943900397 116.45933128559398 0
      vertex 76.05237943900397 116.45933128559398 10
      vertex 76.29634102627148 116.57471652304201 10
    endloop
  endfacet
  facet normal -0.3368898533922665 0.9415440651830042 0
    outer loop
      vertex 75.79828286244975 116.36841407673643 0
      vertex 75.79828286244975 116.36841407673643 10
      vertex 76.05237943900397 116.45933128559398 10
    endloop
  endfacet
  facet normal -0.2429801799032965 0.9700312531945359 0
    outer loop
      vertex 75.53649838554435 116.30284047889111 0
      vertex 75.53649838554435 116.30284047889111 10
      vertex 75.79828286244975 116.36841407673643 10
    endloop
  endfacet
  facet normal -0.14673047445533816 0.9891765099647846 0
    outer loop
      vertex 75.2695471359063 116.26324200165146 0
      vertex 75.2695471359063 116.26324200165146 10
      vertex 75.53649838554435 116.30284047889111 10
    endloop
  endfacet
  facet normal 0 0 1
    outer loop
      vertex 97 128 10
      vertex 76.29634102627148 116.57471652304201 10
      vertex 60 106 10
    endloop
  endfacet
  facet normal -0.9891765099647692 0.1467304744554412 0
    outer loop
      vertex 77.69715952110886 118.46350161445565 0
      vertex 77.69715952110886 118.46350161445565 10
      vertex 77.73675799834854 118.7304528640937 10
    endloop
  endfacet
  facet normal -0.9987954562051716 0.04906767432743386 0
    outer loop
      vertex 77.73675799834854 118.7304528640937 0
      vertex 77.73675799834854 118.7304528640937 10
      vertex 77.75 119 10
    endloop
  endfacet
  facet normal -0.970031253194567 0.24298017990317258 0
    outer loop
      vertex 77.69715952110886 118.46350161445565 10
      vertex 77.63158592326357 118.20171713755022 0
      vertex 77.63158592326357 118.20171713755022 10
    endloop
  endfacet
  facet normal -0.9987954562051716 -0.04906767432743386 0
    outer loop
      vertex 77.75 119 0
      vertex 77.75 119 10
      vertex 77.73675799834854 119.2695471359063 10
    endloop
  endfacet
  facet normal -0.9891765099647692 -0.1467304744554412 0
    outer loop
      vertex 77.69715952110886 119.53649838554435 10
      vertex 77.73675799834854 119.2695471359063 0
      vertex 77.73675799834854 119.2695471359063 10
    endloop
  endfacet
  facet normal -0.970031253194567 -0.24298017990317258 0
    outer loop
      vertex 77.69715952110886 119.53649838554435 0
      vertex 77.69715952110886 119.53649838554435 10
      vertex 77.63158592326357 119.79828286244978 10
    endloop
  endfacet
  facet normal -0.9415440651830042 -0.3368898533922665 0
    outer loop
      vertex 77.63158592326357 119.79828286244978 0
      vertex 77.63158592326357 119.79828286244978 10
      vertex 77.54066871440602 120.052379439004 10
    endloop
  endfacet
  facet normal -0.9039892931234846 -0.4275550934301948 0
    outer loop
      vertex 77.54066871440602 120.052379439004 0
      vertex 77.54066871440602 120.052379439004 10
      vertex 77.42528347695799 120.2963410262715 10
    endloop
  endfacet
  facet normal -0.8577286100002162 -0.5141027441933149 0
    outer loop
      vertex 77.42528347695799 120.2963410262715 0
      vertex 77.42528347695799 120.2963410262715 10
      vertex 77.28654143383199 120.5278181408039 10
    endloop
  endfacet
  facet normal -0.8032075314806767 -0.5956993044923903 0
    outer loop
      vertex 77.12577874674753 120.74458153145002 10
      vertex 77.28654143383199 120.5278181408039 0
      vertex 77.28654143383199 120.5278181408039 10
    endloop
  endfacet
  facet normal -0.7409511253549138 -0.6715589548470682 0
    outer loop
      vertex 77.12577874674753 120.74458153145002 0
      vertex 77.12577874674753 120.74458153145002 10
      vertex 76.944543648263 120.944543648263 10
    endloop
  endfacet
  facet normal 0 0 1
    outer loop
      vertex 60 106 10
      vertex 76.29634102627148 116.57471652304201 10
      vertex 76.05237943900397 116.45933128559398 10
    endloop
  endfacet
  facet normal 0 0 1
    outer loop
      vertex 60 106 10
      vertex 76.05237943900397 116.45933128559398 10
      vertex 75.79828286244975 116.36841407673643 10
    endloop
  endfacet
  facet normal 0 0 1
    outer loop
      vertex 60 106 10
      vertex 75.79828286244975 116.36841407673643 10
      vertex 75.53649838554435 116.30284047889111 10
    endloop
  endfacet
  facet normal 0 0 1
    outer loop
      vertex 60 106 10
      vertex 75.53649838554435 116.30284047889111 10
      vertex 75.2695471359063 116.26324200165146 10
    endloop
  endfacet
  facet normal 0 0 1
    outer loop
      vertex 60 106 10
      vertex 75.2695471359063 116.26324200165146 10
      vertex 75 116.25 10
    endloop
  endfacet
  facet normal 0 0 1
    outer loop
      vertex 60 106 10
      vertex 75 116.25 10
      vertex 74.7304528640937 116.26324200165146 10
    endloop
  endfacet
  facet normal 0 0 1
    outer loop
      vertex 60 106 10
      vertex 74.7304528640937 116.26324200165146 10
      vertex 74.46350161445565 116.30284047889111 10
    endloop
  endfacet
  facet normal 0 0 1
    outer loop
      vertex 60 106 10
      vertex 74.46350161445565 116.30284047889111 10
      vertex 74.20171713755025 116.36841407673643 10
    endloop
  endfacet
  facet normal 0 0 1
    outer loop
      vertex 60 106 10
      vertex 74.20171713755025 116.36841407673643 10
      vertex 73.94762056099603 116.45933128559398 10
    endloop
  endfacet
  facet normal -0.04906767432743386 0.9987954562051716 0
    outer loop
      vertex 75 116.25 0
      vertex 75 116.25 10
      vertex 75.2695471359063 116.26324200165146 10
    endloop
  endfacet
  facet normal 0.04906767432743386 0.9987954562051716 0
    outer loop
      vertex 74.7304528640937 116.26324200165146 0
      vertex 74.7304528640937 116.26324200165146 10
      vertex 75 116.25 10
    endloop
  endfacet
  facet normal 0.14673047445533816 0.9891765099647846 0
    outer loop
      vertex 74.46350161445565 116.30284047889111 0
      vertex 74.46350161445565 116.30284047889111 10
      vertex 74.7304528640937 116.26324200165146 10
    endloop
  endfacet
  facet normal 0.2429801799032965 0.9700312531945359 0
    outer loop
      vertex 74.20171713755025 116.36841407673643 0
      vertex 74.20171713755025 116.36841407673643 10
      vertex 74.46350161445565 116.30284047889111 10
    endloop
  endfacet
  facet normal 0.3368898533922665 0.9415440651830042 0
    outer loop
      vertex 73.94762056099603 116.45933128559398 0
      vertex 73.94762056099603 116.45933128559398 10
      vertex 74.20171713755025 116.36841407673643 10
    endloop
  endfacet
  facet normal 0.4275550934301948 0.9039892931234846 0
    outer loop
      vertex 73.70365897372852 116.57471652304201 0
      vertex 73.70365897372852 116.57471652304201 10
      vertex 73.94762056099603 116.45933128559398 10
    endloop
  endfacet
  facet normal 0.5141027441932684 0.857728610000244 0
    outer loop
      vertex 73.4721818591961 116.71345856616801 0
      vertex 73.4721818591961 116.71345856616801 10
      vertex 73.70365897372852 116.57471652304201 10
    endloop
  endfacet
  facet normal 0.5956993044923903 0.8032075314806767 0
    outer loop
      vertex 73.25541846854998 116.87422125325247 0
      vertex 73.25541846854998 116.87422125325247 10
      vertex 73.4721818591961 116.71345856616801 10
    endloop
  endfacet
  facet normal 0.6715589548470682 0.7409511253549138 0
    outer loop
      vertex 73.055456351737 117.055456351737 0
      vertex 73.055456351737 117.055456351737 10
      vertex 73.25541846854998 116.87422125325247 10
    endloop
  endfacet
  facet normal 0.7409511253549138 0.6715589548470682 0
    outer loop
      vertex 73.055456351737 117.055456351737 10
      vertex 72.87422125325247 117.25541846854998 0
      vertex 72.87422125325247 117.25541846854998 10
    endloop
  endfacet
  facet normal 0.8032075314806767 0.5956993044923903 0
    outer loop
      vertex 72.71345856616801 117.4721818591961 0
      vertex 72.71345856616801 117.4721818591961 10
      vertex 72.87422125325247 117.25541846854998 10
    endloop
  endfacet
  facet normal 0.8577286100002162 0.5141027441933149 0
    outer loop
      vertex 72.57471652304201 117.7036589737285 0
      vertex 72.57471652304201 117.7036589737285 10
      vertex 72.71345856616801 117.4721818591961 10
    endloop
  endfacet
  facet normal 0.9039892931234846 0.4275550934301948 0
    outer loop
      vertex 72.45933128559398 117.947620560996 0
      vertex 72.45933128559398 117.947620560996 10
      vertex 72.57471652304201 117.7036589737285 10
    endloop
  endfacet
  facet normal 0.9415440651830042 0.3368898533922665 0
    outer loop
      vertex 72.36841407673643 118.20171713755022 0
      vertex 72.36841407673643 118.20171713755022 10
      vertex 72.45933128559398 117.947620560996 10
    endloop
  endfacet
  facet normal 0.970031253194567 0.24298017990317258 0
    outer loop
      vertex 72.30284047889114 118.46350161445565 0
      vertex 72.30284047889114 118.46350161445565 10
      vertex 72.36841407673643 118.20171713755022 10
    endloop
  endfacet
  facet normal 0.9891765099647692 0.1467304744554412 0
    outer loop
      vertex 72.26324200165146 118.7304528640937 0
      vertex 72.26324200165146 118.7304528640937 10
      vertex 72.30284047889114 118.46350161445565 10
    endloop
  endfacet
  facet normal 0.9891765099647692 -0.1467304744554412 0
    outer loop
      vertex 72.30284047889114 119.53649838554435 0
      vertex 72.30284047889114 119.53649838554435 10
      vertex 72.26324200165146 119.2695471359063 10
    endloop
  endfacet
  facet normal 0.7409511253549138 -0.6715589548470682 0
    outer loop
      vertex 73.055456351737 120.944543648263 0
      vertex 73.055456351737 120.944543648263 10
      vertex 72.87422125325247 120.74458153145002 10
    endloop
  endfacet
  facet normal 0.970031253194567 -0.24298017990317258 0
    outer loop
      vertex 72.36841407673643 119.79828286244978 0
      vertex 72.36841407673643 119.79828286244978 10
      vertex 72.30284047889114 119.53649838554435 10
    endloop
  endfacet
  facet normal 0.9415440651830042 -0.3368898533922665 0
    outer loop
      vertex 72.45933128559398 120.052379439004 0
      vertex 72.45933128559398 120.052379439004 10
      vertex 72.36841407673643 119.79828286244978 10
    endloop
  endfacet
  facet normal 0.9039892931234846 -0.4275550934301948 0
    outer loop
      vertex 72.57471652304201 120.2963410262715 0
      vertex 72.57471652304201 120.2963410262715 10
      vertex 72.45933128559398 120.052379439004 10
    endloop
  endfacet
  facet normal 0.8577286100002162 -0.5141027441933149 0
    outer loop
      vertex 72.71345856616801 120.5278181408039 0
      vertex 72.71345856616801 120.5278181408039 10
      vertex 72.57471652304201 120.2963410262715 10
    endloop
  endfacet
  facet normal 0.8032075314806767 -0.5956993044923903 0
    outer loop
      vertex 72.87422125325247 120.74458153145002 0
      vertex 72.87422125325247 120.74458153145002 10
      vertex 72.71345856616801 120.5278181408039 10
    endloop
  endfacet
  facet normal 0.9987954562051716 0.04906767432743386 0
    outer loop
      vertex 72.25 119 0
      vertex 72.25 119 10
      vertex 72.26324200165146 118.7304528640937 10
    endloop
  endfacet
  facet normal 0.9987954562051716 -0.04906767432743386 0
    outer loop
      vertex 72.26324200165146 119.2695471359063 0
      vertex 72.26324200165146 119.2695471359063 10
      vertex 72.25 119 10
    endloop
  endfacet
  facet normal 0 0 -1
    outer loop
      vertex 88 130 0
      vertex 77.42528347695799 120.2963410262715 0
      vertex 77.28654143383199 120.5278181408039 0
    endloop
  endfacet
  facet normal 0 0 -1
    outer loop
      vertex 88 130 0
      vertex 77.28654143383199 120.5278181408039 0
      vertex 77.12577874674753 120.74458153145002 0
    endloop
  endfacet
  facet normal 0 0 -1
    outer loop
      vertex 88 130 0
      vertex 77.12577874674753 120.74458153145002 0
      vertex 76.944543648263 120.944543648263 0
    endloop
  endfacet
  facet normal 0 0 -1
    outer loop
      vertex 88 130 0
      vertex 76.944543648263 120.944543648263 0
      vertex 76.74458153145002 121.12577874674753 0
    endloop
  endfacet
  facet normal 0 0 -1
    outer loop
      vertex 88 130 0
      vertex 76.74458153145002 121.12577874674753 0
      vertex 76.5278181408039 121.28654143383199 0
    endloop
  endfacet
  facet normal -0.6715589548470682 -0.7409511253549138 0
    outer loop
      vertex 76.74458153145002 121.12577874674753 0
      vertex 76.944543648263 120.944543648263 0
      vertex 76.74458153145002 121.12577874674753 10
    endloop
  endfacet
  facet normal -0.5956993044923903 -0.8032075314806767 0
    outer loop
      vertex 76.5278181408039 121.28654143383199 0
      vertex 76.74458153145002 121.12577874674753 0
      vertex 76.5278181408039 121.28654143383199 10
    endloop
  endfacet
  facet normal -0.5141027441932684 -0.857728610000244 0
    outer loop
      vertex 76.29634102627148 121.42528347695799 0
      vertex 76.5278181408039 121.28654143383199 0
      vertex 76.29634102627148 121.42528347695799 10
    endloop
  endfacet
  facet normal -0.4275550934301948 -0.9039892931234846 0
    outer loop
      vertex 76.05237943900397 121.54066871440602 0
      vertex 76.29634102627148 121.42528347695799 0
      vertex 76.05237943900397 121.54066871440602 10
    endloop
  endfacet
  facet normal -0.3368898533922665 -0.9415440651830042 0
    outer loop
      vertex 75.79828286244975 121.63158592326357 0
      vertex 76.05237943900397 121.54066871440602 0
      vertex 75.79828286244975 121.63158592326357 10
    endloop
  endfacet
  facet normal -0.2429801799032965 -0.9700312531945359 0
    outer loop
      vertex 75.79828286244975 121.63158592326357 0
      vertex 75.53649838554435 121.69715952110889 10
      vertex 75.53649838554435 121.69715952110889 0
    endloop
  endfacet
  facet normal -0.14673047445533816 -0.9891765099647846 0
    outer loop
      vertex 75.2695471359063 121.73675799834854 0
      vertex 75.53649838554435 121.69715952110889 0
      vertex 75.2695471359063 121.73675799834854 10
    endloop
  endfacet
  facet normal 0 0 -1
    outer loop
      vertex 88 130 0
      vertex 76.5278181408039 121.28654143383199 0
      vertex 70.48780487804879 130 0
    endloop
  endfacet
  facet normal 0 -1 0
    outer loop
      vertex 88 130 -3
      vertex 70.48780487804879 130 0
      vertex 72 130 -3
    endloop
  endfacet
  facet normal 0 0 -1
    outer loop
      vertex 70.48780487804879 130 0
      vertex 76.5278181408039 121.28654143383199 0
      vertex 76.29634102627148 121.42528347695799 0
    endloop
  endfacet
  facet normal 0 0 -1
    outer loop
      vertex 70.48780487804879 130 0
      vertex 76.29634102627148 121.42528347695799 0
      vertex 76.05237943900397 121.54066871440602 0
    endloop
  endfacet
  facet normal 0 0 -1
    outer loop
      vertex 70.48780487804879 130 0
      vertex 76.05237943900397 121.54066871440602 0
      vertex 75.79828286244975 121.63158592326357 0
    endloop
  endfacet
  facet normal 0 0 -1
    outer loop
      vertex 70.48780487804879 130 0
      vertex 75.79828286244975 121.63158592326357 0
      vertex 75.53649838554435 121.69715952110889 0
    endloop
  endfacet
  facet normal 0 0 -1
    outer loop
      vertex 70.48780487804879 130 0
      vertex 75.53649838554435 121.69715952110889 0
      vertex 75.2695471359063 121.73675799834854 0
    endloop
  endfacet
  facet normal 0 0 -1
    outer loop
      vertex 70.48780487804879 130 0
      vertex 75.2695471359063 121.73675799834854 0
      vertex 75 121.75 0
    endloop
  endfacet
  facet normal 0 0 -1
    outer loop
      vertex 70.48780487804879 130 0
      vertex 75 121.75 0
      vertex 74.7304528640937 121.73675799834854 0
    endloop
  endfacet
  facet normal 0 0 -1
    outer loop
      vertex 70.48780487804879 130 0
      vertex 74.7304528640937 121.73675799834854 0
      vertex 74.46350161445565 121.69715952110889 0
    endloop
  endfacet
  facet normal 0 0 -1
    outer loop
      vertex 70.48780487804879 130 0
      vertex 74.46350161445565 121.69715952110889 0
      vertex 74.20171713755025 121.63158592326357 0
    endloop
  endfacet
  facet normal 0 0 -1
    outer loop
      vertex 70.48780487804879 130 0
      vertex 74.20171713755025 121.63158592326357 0
      vertex 73.94762056099603 121.54066871440602 0
    endloop
  endfacet
  facet normal 0 0 -1
    outer loop
      vertex 70.48780487804879 130 0
      vertex 73.94762056099603 121.54066871440602 0
      vertex 73.70365897372852 121.42528347695799 0
    endloop
  endfacet
  facet normal 0 0 -1
    outer loop
      vertex 70.48780487804879 130 0
      vertex 73.25541846854998 121.12577874674753 0
      vertex 73.055456351737 120.944543648263 0
    endloop
  endfacet
  facet normal 0 0 -1
    outer loop
      vertex 70.48780487804879 130 0
      vertex 73.70365897372852 121.42528347695799 0
      vertex 73.4721818591961 121.28654143383199 0
    endloop
  endfacet
  facet normal 0 0 -1
    outer loop
      vertex 70.48780487804879 130 0
      vertex 73.4721818591961 121.28654143383199 0
      vertex 73.25541846854998 121.12577874674753 0
    endloop
  endfacet
  facet normal 0 0 -1
    outer loop
      vertex 70.48780487804879 130 0
      vertex 73.055456351737 120.944543648263 0
      vertex 72.87422125325247 120.74458153145002 0
    endloop
  endfacet
  facet normal -0.04906767432743386 -0.9987954562051716 0
    outer loop
      vertex 75 121.75 0
      vertex 75.2695471359063 121.73675799834854 0
      vertex 75 121.75 10
    endloop
  endfacet
  facet normal 0.04906767432743386 -0.9987954562051716 0
    outer loop
      vertex 74.7304528640937 121.73675799834854 0
      vertex 75 121.75 0
      vertex 74.7304528640937 121.73675799834854 10
    endloop
  endfacet
  facet normal 0.14673047445533816 -0.9891765099647846 0
    outer loop
      vertex 74.46350161445565 121.69715952110889 0
      vertex 74.7304528640937 121.73675799834854 0
      vertex 74.46350161445565 121.69715952110889 10
    endloop
  endfacet
  facet normal 0.2429801799032965 -0.9700312531945359 0
    outer loop
      vertex 74.20171713755025 121.63158592326357 0
      vertex 74.46350161445565 121.69715952110889 0
      vertex 74.20171713755025 121.63158592326357 10
    endloop
  endfacet
  facet normal 0.3368898533922665 -0.9415440651830042 0
    outer loop
      vertex 73.94762056099603 121.54066871440602 0
      vertex 74.20171713755025 121.63158592326357 0
      vertex 73.94762056099603 121.54066871440602 10
    endloop
  endfacet
  facet normal 0.4275550934301948 -0.9039892931234846 0
    outer loop
      vertex 73.70365897372852 121.42528347695799 0
      vertex 73.94762056099603 121.54066871440602 0
      vertex 73.70365897372852 121.42528347695799 10
    endloop
  endfacet
  facet normal 0.5141027441932684 -0.857728610000244 0
    outer loop
      vertex 73.4721818591961 121.28654143383199 0
      vertex 73.70365897372852 121.42528347695799 0
      vertex 73.4721818591961 121.28654143383199 10
    endloop
  endfacet
  facet normal 0.5956993044923903 -0.8032075314806767 0
    outer loop
      vertex 73.25541846854998 121.12577874674753 0
      vertex 73.4721818591961 121.28654143383199 0
      vertex 73.25541846854998 121.12577874674753 10
    endloop
  endfacet
  facet normal 0.6715589548470682 -0.7409511253549138 0
    outer loop
      vertex 73.055456351737 120.944543648263 0
      vertex 73.25541846854998 121.12577874674753 0
      vertex 73.055456351737 120.944543648263 10
    endloop
  endfacet
  facet normal 0 0 1
    outer loop
      vertex 88 130 10
      vertex 77.28654143383199 120.5278181408039 10
      vertex 77.42528347695799 120.2963410262715 10
    endloop
  endfacet
  facet normal 0 0 1
    outer loop
      vertex 88 130 10
      vertex 77.12577874674753 120.74458153145002 10
      vertex 77.28654143383199 120.5278181408039 10
    endloop
  endfacet
  facet normal 0 0 1
    outer loop
      vertex 88 130 10
      vertex 76.944543648263 120.944543648263 10
      vertex 77.12577874674753 120.74458153145002 10
    endloop
  endfacet
  facet normal 0 0 1
    outer loop
      vertex 88 130 10
      vertex 76.74458153145002 121.12577874674753 10
      vertex 76.944543648263 120.944543648263 10
    endloop
  endfacet
  facet normal 0 0 1
    outer loop
      vertex 88 130 10
      vertex 76.5278181408039 121.28654143383199 10
      vertex 76.74458153145002 121.12577874674753 10
    endloop
  endfacet
  facet normal 0 0 1
    outer loop
      vertex 88 130 10
      vertex 76.29634102627148 121.42528347695799 10
      vertex 76.5278181408039 121.28654143383199 10
    endloop
  endfacet
  facet normal 0 0 1
    outer loop
      vertex 88 130 10
      vertex 76.05237943900397 121.54066871440602 10
      vertex 76.29634102627148 121.42528347695799 10
    endloop
  endfacet
  facet normal 0 0 1
    outer loop
      vertex 88 130 10
      vertex 75.79828286244975 121.63158592326357 10
      vertex 76.05237943900397 121.54066871440602 10
    endloop
  endfacet
  facet normal 0 0 1
    outer loop
      vertex 88 130 10
      vertex 75.53649838554435 121.69715952110889 10
      vertex 75.79828286244975 121.63158592326357 10
    endloop
  endfacet
  facet normal 0 0 1
    outer loop
      vertex 88 130 10
      vertex 75.2695471359063 121.73675799834854 10
      vertex 75.53649838554435 121.69715952110889 10
    endloop
  endfacet
  facet normal 0 0 1
    outer loop
      vertex 88 130 10
      vertex 75 121.75 10
      vertex 75.2695471359063 121.73675799834854 10
    endloop
  endfacet
  facet normal 0 0 1
    outer loop
      vertex 88 130 10
      vertex 74.7304528640937 121.73675799834854 10
      vertex 75 121.75 10
    endloop
  endfacet
  facet normal 0 0 1
    outer loop
      vertex 88 130 10
      vertex 74.46350161445565 121.69715952110889 10
      vertex 74.7304528640937 121.73675799834854 10
    endloop
  endfacet
  facet normal 0 0 1
    outer loop
      vertex 88 130 10
      vertex 74.20171713755025 121.63158592326357 10
      vertex 74.46350161445565 121.69715952110889 10
    endloop
  endfacet
  facet normal 0 0 1
    outer loop
      vertex 88 130 10
      vertex 73.94762056099603 121.54066871440602 10
      vertex 74.20171713755025 121.63158592326357 10
    endloop
  endfacet
  facet normal -0.6715589548470682 -0.7409511253549138 0
    outer loop
      vertex 76.944543648263 120.944543648263 0
      vertex 76.944543648263 120.944543648263 10
      vertex 76.74458153145002 121.12577874674753 10
    endloop
  endfacet
  facet normal -0.5956993044923903 -0.8032075314806767 0
    outer loop
      vertex 76.74458153145002 121.12577874674753 0
      vertex 76.74458153145002 121.12577874674753 10
      vertex 76.5278181408039 121.28654143383199 10
    endloop
  endfacet
  facet normal -0.5141027441932684 -0.857728610000244 0
    outer loop
      vertex 76.5278181408039 121.28654143383199 0
      vertex 76.5278181408039 121.28654143383199 10
      vertex 76.29634102627148 121.42528347695799 10
    endloop
  endfacet
  facet normal -0.4275550934301948 -0.9039892931234846 0
    outer loop
      vertex 76.29634102627148 121.42528347695799 0
      vertex 76.29634102627148 121.42528347695799 10
      vertex 76.05237943900397 121.54066871440602 10
    endloop
  endfacet
  facet normal -0.3368898533922665 -0.9415440651830042 0
    outer loop
      vertex 76.05237943900397 121.54066871440602 0
      vertex 76.05237943900397 121.54066871440602 10
      vertex 75.79828286244975 121.63158592326357 10
    endloop
  endfacet
  facet normal -0.2429801799032965 -0.9700312531945359 0
    outer loop
      vertex 75.53649838554435 121.69715952110889 10
      vertex 75.79828286244975 121.63158592326357 0
      vertex 75.79828286244975 121.63158592326357 10
    endloop
  endfacet
  facet normal -0.14673047445533816 -0.9891765099647846 0
    outer loop
      vertex 75.53649838554435 121.69715952110889 0
      vertex 75.53649838554435 121.69715952110889 10
      vertex 75.2695471359063 121.73675799834854 10
    endloop
  endfacet
  facet normal -0.04906767432743386 -0.9987954562051716 0
    outer loop
      vertex 75.2695471359063 121.73675799834854 0
      vertex 75.2695471359063 121.73675799834854 10
      vertex 75 121.75 10
    endloop
  endfacet
  facet normal 0 0 1
    outer loop
      vertex 88 130 10
      vertex 65.4471544715447 130 10
      vertex 73.94762056099603 121.54066871440602 10
    endloop
  endfacet
  facet normal 0.04906767432743386 -0.9987954562051716 0
    outer loop
      vertex 75 121.75 0
      vertex 75 121.75 10
      vertex 74.7304528640937 121.73675799834854 10
    endloop
  endfacet
  facet normal 0.14673047445533816 -0.9891765099647846 0
    outer loop
      vertex 74.7304528640937 121.73675799834854 0
      vertex 74.7304528640937 121.73675799834854 10
      vertex 74.46350161445565 121.69715952110889 10
    endloop
  endfacet
  facet normal 0.2429801799032965 -0.9700312531945359 0
    outer loop
      vertex 74.46350161445565 121.69715952110889 0
      vertex 74.46350161445565 121.69715952110889 10
      vertex 74.20171713755025 121.63158592326357 10
    endloop
  endfacet
  facet normal 0.3368898533922665 -0.9415440651830042 0
    outer loop
      vertex 74.20171713755025 121.63158592326357 0
      vertex 74.20171713755025 121.63158592326357 10
      vertex 73.94762056099603 121.54066871440602 10
    endloop
  endfacet
  facet normal 0.4275550934301948 -0.9039892931234846 0
    outer loop
      vertex 73.94762056099603 121.54066871440602 0
      vertex 73.94762056099603 121.54066871440602 10
      vertex 73.70365897372852 121.42528347695799 10
    endloop
  endfacet
  facet normal 0.5956993044923903 -0.8032075314806767 0
    outer loop
      vertex 73.4721818591961 121.28654143383199 0
      vertex 73.4721818591961 121.28654143383199 10
      vertex 73.25541846854998 121.12577874674753 10
    endloop
  endfacet
  facet normal 0.5141027441932684 -0.857728610000244 0
    outer loop
      vertex 73.70365897372852 121.42528347695799 0
      vertex 73.70365897372852 121.42528347695799 10
      vertex 73.4721818591961 121.28654143383199 10
    endloop
  endfacet
  facet normal 0.6715589548470682 -0.7409511253549138 0
    outer loop
      vertex 73.25541846854998 121.12577874674753 0
      vertex 73.25541846854998 121.12577874674753 10
      vertex 73.055456351737 120.944543648263 10
    endloop
  endfacet
  facet normal 0 0 1
    outer loop
      vertex 65.4471544715447 130 10
      vertex 72.36841407673643 118.20171713755022 10
      vertex 72.30284047889114 118.46350161445565 10
    endloop
  endfacet
  facet normal 0 0 1
    outer loop
      vertex 65.4471544715447 130 10
      vertex 72.45933128559398 120.052379439004 10
      vertex 72.57471652304201 120.2963410262715 10
    endloop
  endfacet
  facet normal 0 0 1
    outer loop
      vertex 65.4471544715447 130 10
      vertex 72.57471652304201 120.2963410262715 10
      vertex 72.71345856616801 120.5278181408039 10
    endloop
  endfacet
  facet normal 0 0 1
    outer loop
      vertex 65.4471544715447 130 10
      vertex 72.30284047889114 118.46350161445565 10
      vertex 72.26324200165146 118.7304528640937 10
    endloop
  endfacet
  facet normal 0 0 1
    outer loop
      vertex 65.4471544715447 130 10
      vertex 72.26324200165146 118.7304528640937 10
      vertex 72.25 119 10
    endloop
  endfacet
  facet normal 0 0 1
    outer loop
      vertex 65.4471544715447 130 10
      vertex 72.25 119 10
      vertex 72.26324200165146 119.2695471359063 10
    endloop
  endfacet
  facet normal 0 0 1
    outer loop
      vertex 65.4471544715447 130 10
      vertex 72.26324200165146 119.2695471359063 10
      vertex 72.30284047889114 119.53649838554435 10
    endloop
  endfacet
  facet normal 0 0 1
    outer loop
      vertex 65.4471544715447 130 10
      vertex 72.30284047889114 119.53649838554435 10
      vertex 72.36841407673643 119.79828286244978 10
    endloop
  endfacet
  facet normal 0 0 1
    outer loop
      vertex 65.4471544715447 130 10
      vertex 72.36841407673643 119.79828286244978 10
      vertex 72.45933128559398 120.052379439004 10
    endloop
  endfacet
  facet normal 0 0 1
    outer loop
      vertex 65.4471544715447 130 10
      vertex 73.70365897372852 121.42528347695799 10
      vertex 73.94762056099603 121.54066871440602 10
    endloop
  endfacet
  facet normal 0 0 1
    outer loop
      vertex 65.4471544715447 130 10
      vertex 73.4721818591961 121.28654143383199 10
      vertex 73.70365897372852 121.42528347695799 10
    endloop
  endfacet
  facet normal 0 0 1
    outer loop
      vertex 65.4471544715447 130 10
      vertex 73.055456351737 120.944543648263 10
      vertex 73.25541846854998 121.12577874674753 10
    endloop
  endfacet
  facet normal 0 0 1
    outer loop
      vertex 65.4471544715447 130 10
      vertex 73.25541846854998 121.12577874674753 10
      vertex 73.4721818591961 121.28654143383199 10
    endloop
  endfacet
  facet normal 0 0 1
    outer loop
      vertex 65.4471544715447 130 10
      vertex 72.71345856616801 120.5278181408039 10
      vertex 72.87422125325247 120.74458153145002 10
    endloop
  endfacet
  facet normal 0 0 1
    outer loop
      vertex 65.4471544715447 130 10
      vertex 72.87422125325247 120.74458153145002 10
      vertex 73.055456351737 120.944543648263 10
    endloop
  endfacet
  facet normal 0 -1 0
    outer loop
      vertex 88 130 10
      vertex 88 130 13
      vertex 64.16300000000001 130 42.964705882352945
    endloop
  endfacet
  facet normal 0 0 -1
    outer loop
      vertex 60 106 0
      vertex 73.70365897372852 116.57471652304201 0
      vertex 73.94762056099603 116.45933128559398 0
    endloop
  endfacet
  facet normal 0 0 -1
    outer loop
      vertex 60 106 0
      vertex 73.4721818591961 116.71345856616801 0
      vertex 73.70365897372852 116.57471652304201 0
    endloop
  endfacet
  facet normal 0 0 -1
    outer loop
      vertex 60 106 0
      vertex 73.25541846854998 116.87422125325247 0
      vertex 73.4721818591961 116.71345856616801 0
    endloop
  endfacet
  facet normal 0 0 -1
    outer loop
      vertex 60 106 0
      vertex 73.055456351737 117.055456351737 0
      vertex 73.25541846854998 116.87422125325247 0
    endloop
  endfacet
  facet normal 0 0 -1
    outer loop
      vertex 60 106 0
      vertex 72.87422125325247 117.25541846854998 0
      vertex 73.055456351737 117.055456351737 0
    endloop
  endfacet
  facet normal 0 0 -1
    outer loop
      vertex 60 106 0
      vertex 72.71345856616801 117.4721818591961 0
      vertex 72.87422125325247 117.25541846854998 0
    endloop
  endfacet
  facet normal 0 0 -1
    outer loop
      vertex 60 106 0
      vertex 72.57471652304201 117.7036589737285 0
      vertex 72.71345856616801 117.4721818591961 0
    endloop
  endfacet
  facet normal 0 0 -1
    outer loop
      vertex 60 106 0
      vertex 72.45933128559398 117.947620560996 0
      vertex 72.57471652304201 117.7036589737285 0
    endloop
  endfacet
  facet normal 0 0 -1
    outer loop
      vertex 60 106 0
      vertex 72.36841407673643 118.20171713755022 0
      vertex 72.45933128559398 117.947620560996 0
    endloop
  endfacet
  facet normal 0 0 -1
    outer loop
      vertex 60 106 0
      vertex 72.30284047889114 118.46350161445565 0
      vertex 72.36841407673643 118.20171713755022 0
    endloop
  endfacet
  facet normal 0 0 -1
    outer loop
      vertex 60 106 0
      vertex 72.26324200165146 118.7304528640937 0
      vertex 72.30284047889114 118.46350161445565 0
    endloop
  endfacet
  facet normal 0 0 -1
    outer loop
      vertex 60 106 0
      vertex 72.25 119 0
      vertex 72.26324200165146 118.7304528640937 0
    endloop
  endfacet
  facet normal 0 0 -1
    outer loop
      vertex 60 106 0
      vertex 72.26324200165146 119.2695471359063 0
      vertex 72.25 119 0
    endloop
  endfacet
  facet normal 0 0 -1
    outer loop
      vertex 60 106 0
      vertex 72.57471652304201 120.2963410262715 0
      vertex 72.45933128559398 120.052379439004 0
    endloop
  endfacet
  facet normal 0 0 -1
    outer loop
      vertex 60 106 0
      vertex 72.30284047889114 119.53649838554435 0
      vertex 72.26324200165146 119.2695471359063 0
    endloop
  endfacet
  facet normal 0 0 -1
    outer loop
      vertex 60 106 0
      vertex 72.36841407673643 119.79828286244978 0
      vertex 72.30284047889114 119.53649838554435 0
    endloop
  endfacet
  facet normal 0 0 -1
    outer loop
      vertex 60 106 0
      vertex 72.45933128559398 120.052379439004 0
      vertex 72.36841407673643 119.79828286244978 0
    endloop
  endfacet
  facet normal 0 0 -1
    outer loop
      vertex 60 106 0
      vertex 72.87422125325247 120.74458153145002 0
      vertex 72.71345856616801 120.5278181408039 0
    endloop
  endfacet
  facet normal 0 0 -1
    outer loop
      vertex 60 106 0
      vertex 72.71345856616801 120.5278181408039 0
      vertex 72.57471652304201 120.2963410262715 0
    endloop
  endfacet
  facet normal 0 0 -1
    outer loop
      vertex 70.48780487804879 130 0
      vertex 72.87422125325247 120.74458153145002 0
      vertex 60 106 0
    endloop
  endfacet
  facet normal 0 0 1
    outer loop
      vertex 60 106 10
      vertex 73.94762056099603 116.45933128559398 10
      vertex 73.70365897372852 116.57471652304201 10
    endloop
  endfacet
  facet normal 0 0 1
    outer loop
      vertex 60 106 10
      vertex 73.70365897372852 116.57471652304201 10
      vertex 73.4721818591961 116.71345856616801 10
    endloop
  endfacet
  facet normal 0 0 1
    outer loop
      vertex 60 106 10
      vertex 73.4721818591961 116.71345856616801 10
      vertex 73.25541846854998 116.87422125325247 10
    endloop
  endfacet
  facet normal 0 0 1
    outer loop
      vertex 60 106 10
      vertex 73.25541846854998 116.87422125325247 10
      vertex 73.055456351737 117.055456351737 10
    endloop
  endfacet
  facet normal 0 0 1
    outer loop
      vertex 60 106 10
      vertex 73.055456351737 117.055456351737 10
      vertex 72.87422125325247 117.25541846854998 10
    endloop
  endfacet
  facet normal 0 0 1
    outer loop
      vertex 60 106 10
      vertex 72.87422125325247 117.25541846854998 10
      vertex 72.71345856616801 117.4721818591961 10
    endloop
  endfacet
  facet normal 0 0 1
    outer loop
      vertex 60 106 10
      vertex 72.71345856616801 117.4721818591961 10
      vertex 72.57471652304201 117.7036589737285 10
    endloop
  endfacet
  facet normal 0 0 1
    outer loop
      vertex 60 106 10
      vertex 72.57471652304201 117.7036589737285 10
      vertex 72.45933128559398 117.947620560996 10
    endloop
  endfacet
  facet normal 0 0 1
    outer loop
      vertex 60 106 10
      vertex 72.45933128559398 117.947620560996 10
      vertex 72.36841407673643 118.20171713755022 10
    endloop
  endfacet
  facet normal 0 0 1
    outer loop
      vertex 60 106 10
      vertex 72.36841407673643 118.20171713755022 10
      vertex 65.4471544715447 130 10
    endloop
  endfacet
  facet normal -1 0 0
    outer loop
      vertex 60 106 0
      vertex 60 106 10
      vertex 60 132 10
    endloop
  endfacet
  facet normal 0 0 -1
    outer loop
      vertex 70.48780487804879 130 0
      vertex 60 106 0
      vertex 70.48780487804879 142 0
    endloop
  endfacet
  facet normal -1 0 0
    outer loop
      vertex 60 106 0
      vertex 60 132 10
      vertex 60 132 0
    endloop
  endfacet
  facet normal 0 0 -1
    outer loop
      vertex 60 106 0
      vertex 60 132 0
      vertex 70.48780487804879 142 0
    endloop
  endfacet
  facet normal -0.8929704922365985 0 -0.45011520746885125
    outer loop
      vertex 65.4471544715447 130 10
      vertex 64.4390243902439 132 12
      vertex 65.4471544715447 132 10
    endloop
  endfacet
  facet normal 0 0 1
    outer loop
      vertex 65.4471544715447 130 10
      vertex 65.4471544715447 132 10
      vertex 60 132 10
    endloop
  endfacet
  facet normal 0 0 1
    outer loop
      vertex 60 106 10
      vertex 65.4471544715447 130 10
      vertex 60 132 10
    endloop
  endfacet
  facet normal 0 -1 0
    outer loop
      vertex 88 130 10
      vertex 50.16300000000001 130 42.964705882352945
      vertex 65.4471544715447 130 10
    endloop
  endfacet
  facet normal 0 -1 0
    outer loop
      vertex 88 130 10
      vertex 64.16300000000001 130 42.964705882352945
      vertex 50.16300000000001 130 42.964705882352945
    endloop
  endfacet
  facet normal 0 0 -1
    outer loop
      vertex 97 131 42
      vertex 84.16300000000001 131 42
      vertex 92.33898305084745 132 42
    endloop
  endfacet
  facet normal 0 0 -1
    outer loop
      vertex 84.16300000000001 131 42
      vertex 84.16300000000001 132 42
      vertex 92.33898305084745 132 42
    endloop
  endfacet
  facet normal -1 0 0
    outer loop
      vertex 84.16300000000001 131 42
      vertex 84.16300000000001 132 53.48530952380949
      vertex 84.16300000000001 132 42
    endloop
  endfacet
  facet normal 0.8929704922365971 5.903573436495517e-15 0.4501152074688538
    outer loop
      vertex 88 130 13
      vertex 77.22811671087533 132 34.370026525198924
      vertex 64.16300000000001 130 60.2895322580645
    endloop
  endfacet
  facet normal 0 -1 0
    outer loop
      vertex 88 130 13
      vertex 64.16300000000001 130 60.2895322580645
      vertex 64.16300000000001 130 42.964705882352945
    endloop
  endfacet
  facet normal 0 -0.6942922464071118 -0.7196931822512744
    outer loop
      vertex 64.16300000000001 46 124
      vertex 50.16300000000001 130 42.964705882352945
      vertex 64.16300000000001 130 42.964705882352945
    endloop
  endfacet
  facet normal 0.8929704922365972 6.39652181844289e-15 0.45011520746885386
    outer loop
      vertex 64.16300000000001 130 60.2895322580645
      vertex 77.22811671087533 132 34.370026525198924
      vertex 64.16300000000001 132 60.28953225806447
    endloop
  endfacet
  facet normal 1 0 0
    outer loop
      vertex 64.16300000000001 130 60.2895322580645
      vertex 64.16300000000001 132 60.28953225806447
      vertex 64.16300000000001 132 62.682352941176475
    endloop
  endfacet
  facet normal 1 0 0
    outer loop
      vertex 88 130 -3
      vertex 88 142 -3
      vertex 88 130 0
    endloop
  endfacet
  facet normal 0 0 -1
    outer loop
      vertex 97 144 0
      vertex 88 130 0
      vertex 88 142 0
    endloop
  endfacet
  facet normal 1 0 0
    outer loop
      vertex 88 130 0
      vertex 88 142 -3
      vertex 88 142 0
    endloop
  endfacet
  facet normal 0 0 -1
    outer loop
      vertex 88 130 -3
      vertex 72 130 -3
      vertex 88 142 -3
    endloop
  endfacet
  facet normal 0 1 0
    outer loop
      vertex 88 142 -3
      vertex 72 142 -3
      vertex 88 142 0
    endloop
  endfacet
  facet normal 0 -1 0
    outer loop
      vertex 94.57627118644069 132 10
      vertex 88 132 12
      vertex 88 132 10
    endloop
  endfacet
  facet normal 0 -1 0
    outer loop
      vertex 94.57627118644069 132 10
      vertex 93.15254237288138 132 12
      vertex 88 132 12
    endloop
  endfacet
  facet normal 0 0 1
    outer loop
      vertex 93.15254237288138 132 12
      vertex 88 140 12
      vertex 88 132 12
    endloop
  endfacet
  facet normal 0 0 1
    outer loop
      vertex 93.15254237288138 132 12
      vertex 93.15254237288138 140 12
      vertex 88 140 12
    endloop
  endfacet
  facet normal 1 0 0
    outer loop
      vertex 88 130 13
      vertex 88 132 12
      vertex 88 140 12
    endloop
  endfacet
  facet normal 1 0 0
    outer loop
      vertex 88 130 13
      vertex 88 140 12
      vertex 88 142 13
    endloop
  endfacet
  facet normal 0 1 0
    outer loop
      vertex 94.57627118644069 140 10
      vertex 88 140 10
      vertex 93.15254237288138 140 12
    endloop
  endfacet
  facet normal 0 0 1
    outer loop
      vertex 97 144 10
      vertex 88 142 10
      vertex 88 140 10
    endloop
  endfacet
  facet normal 1 0 0
    outer loop
      vertex 88 140 10
      vertex 88 142 10
      vertex 88 140 12
    endloop
  endfacet
  facet normal 0 1 0
    outer loop
      vertex 93.15254237288138 140 12
      vertex 88 140 10
      vertex 88 140 12
    endloop
  endfacet
  facet normal 1 0 0
    outer loop
      vertex 88 142 10
      vertex 88 142 13
      vertex 88 140 12
    endloop
  endfacet
  facet normal 0 0 -1
    outer loop
      vertex 97 144 0
      vertex 88 142 0
      vertex 76.944543648263 161.055456351737 0
    endloop
  endfacet
  facet normal 0 0 1
    outer loop
      vertex 97 144 10
      vertex 77.12577874674753 161.25541846854998 10
      vertex 88 142 10
    endloop
  endfacet
  facet normal 0 0 -1
    outer loop
      vertex 72 130 -3
      vertex 72 142 -3
      vertex 88 142 -3
    endloop
  endfacet
  facet normal 0 1 0
    outer loop
      vertex 88 142 0
      vertex 72 142 -3
      vertex 70.48780487804879 142 0
    endloop
  endfacet
  facet normal -0.8929704922365985 0 -0.45011520746885125
    outer loop
      vertex 72 130 -3
      vertex 70.48780487804879 130 0
      vertex 70.48780487804879 142 0
    endloop
  endfacet
  facet normal -0.8929704922365985 0 -0.45011520746885125
    outer loop
      vertex 72 130 -3
      vertex 70.48780487804879 142 0
      vertex 72 142 -3
    endloop
  endfacet
  facet normal 0 1 0
    outer loop
      vertex 88 142 10
      vertex 65.4471544715447 142 10
      vertex 88 142 13
    endloop
  endfacet
  facet normal 0 0 -1
    outer loop
      vertex 88 142 0
      vertex 70.48780487804879 142 0
      vertex 60 176 0
    endloop
  endfacet
  facet normal 0 0 1
    outer loop
      vertex 88 142 10
      vertex 60 176 10
      vertex 65.4471544715447 142 10
    endloop
  endfacet
  facet normal -0.8146653883328839 0 -0.5799312933895111
    outer loop
      vertex 93.15254237288138 132 12
      vertex 77.22811671087533 140 34.370026525198966
      vertex 93.15254237288138 140 12
    endloop
  endfacet
  facet normal 0.8929704922365974 0 0.4501152074688536
    outer loop
      vertex 88 130 13
      vertex 88 142 13
      vertex 77.22811671087533 140 34.370026525198966
    endloop
  endfacet
  facet normal 0 -1 0
    outer loop
      vertex 93.15254237288138 132 12
      vertex 97 132 35.45238095238095
      vertex 77.22811671087533 132 34.370026525198924
    endloop
  endfacet
  facet normal 0 1 0
    outer loop
      vertex 94.57627118644069 140 10
      vertex 84.16300000000001 140 42
      vertex 97 140 35.45238095238095
    endloop
  endfacet
  facet normal -0.8146653883328835 3.1051616667672092e-15 -0.5799312933895119
    outer loop
      vertex 93.15254237288138 132 12
      vertex 77.22811671087533 132 34.370026525198924
      vertex 77.22811671087533 140 34.370026525198966
    endloop
  endfacet
  facet normal 0.892970492236597 -2.3752659202688714e-15 0.4501152074688545
    outer loop
      vertex 88 130 13
      vertex 77.22811671087533 140 34.370026525198966
      vertex 77.22811671087533 132 34.370026525198924
    endloop
  endfacet
  facet normal 0 0 -1
    outer loop
      vertex 119 144 0
      vertex 77.75 163 0
      vertex 77.73675799834854 163.2695471359063 0
    endloop
  endfacet
  facet normal 0 0 -1
    outer loop
      vertex 119 144 0
      vertex 77.73675799834854 163.2695471359063 0
      vertex 77.69715952110886 163.53649838554435 0
    endloop
  endfacet
  facet normal 0 0 -1
    outer loop
      vertex 119 144 0
      vertex 77.69715952110886 163.53649838554435 0
      vertex 77.63158592326357 163.79828286244978 0
    endloop
  endfacet
  facet normal 0 0 -1
    outer loop
      vertex 119 144 0
      vertex 77.63158592326357 163.79828286244978 0
      vertex 77.54066871440602 164.052379439004 0
    endloop
  endfacet
  facet normal 0 0 -1
    outer loop
      vertex 119 144 0
      vertex 77.54066871440602 164.052379439004 0
      vertex 77.42528347695799 164.2963410262715 0
    endloop
  endfacet
  facet normal 0 0 -1
    outer loop
      vertex 119 144 0
      vertex 77.42528347695799 164.2963410262715 0
      vertex 77.28654143383199 164.5278181408039 0
    endloop
  endfacet
  facet normal 0 0 -1
    outer loop
      vertex 119 144 0
      vertex 77.28654143383199 164.5278181408039 0
      vertex 77.12577874674753 164.74458153145002 0
    endloop
  endfacet
  facet normal 0 0 -1
    outer loop
      vertex 119 144 0
      vertex 77.12577874674753 164.74458153145002 0
      vertex 76.944543648263 164.944543648263 0
    endloop
  endfacet
  facet normal 0 0 -1
    outer loop
      vertex 119 144 0
      vertex 76.944543648263 164.944543648263 0
      vertex 76.74458153145002 165.12577874674753 0
    endloop
  endfacet
  facet normal 0 0 -1
    outer loop
      vertex 119 144 0
      vertex 76.74458153145002 165.12577874674753 0
      vertex 76.5278181408039 165.28654143383199 0
    endloop
  endfacet
  facet normal 0 0 -1
    outer loop
      vertex 97 144 0
      vertex 77.54066871440602 161.947620560996 0
      vertex 77.63158592326357 162.20171713755022 0
    endloop
  endfacet
  facet normal 0 0 -1
    outer loop
      vertex 97 144 0
      vertex 77.28654143383199 161.4721818591961 0
      vertex 77.42528347695799 161.7036589737285 0
    endloop
  endfacet
  facet normal 0 0 -1
    outer loop
      vertex 97 144 0
      vertex 77.42528347695799 161.7036589737285 0
      vertex 77.54066871440602 161.947620560996 0
    endloop
  endfacet
  facet normal 0 0 -1
    outer loop
      vertex 97 144 0
      vertex 77.63158592326357 162.20171713755022 0
      vertex 77.69715952110886 162.46350161445565 0
    endloop
  endfacet
  facet normal 0 0 -1
    outer loop
      vertex 97 144 0
      vertex 77.69715952110886 162.46350161445565 0
      vertex 77.73675799834854 162.7304528640937 0
    endloop
  endfacet
  facet normal 0 0 -1
    outer loop
      vertex 97 144 0
      vertex 77.73675799834854 162.7304528640937 0
      vertex 77.75 163 0
    endloop
  endfacet
  facet normal 0 0 -1
    outer loop
      vertex 97 144 0
      vertex 76.944543648263 161.055456351737 0
      vertex 77.12577874674753 161.25541846854998 0
    endloop
  endfacet
  facet normal 0 0 -1
    outer loop
      vertex 97 144 0
      vertex 77.12577874674753 161.25541846854998 0
      vertex 77.28654143383199 161.4721818591961 0
    endloop
  endfacet
  facet normal 0 0 -1
    outer loop
      vertex 119 144 0
      vertex 76.5278181408039 165.28654143383199 0
      vertex 60 176 0
    endloop
  endfacet
  facet normal 0 0 1
    outer loop
      vertex 97 144 10
      vertex 77.63158592326357 162.20171713755022 10
      vertex 77.54066871440602 161.947620560996 10
    endloop
  endfacet
  facet normal 0 0 1
    outer loop
      vertex 97 144 10
      vertex 77.42528347695799 161.7036589737285 10
      vertex 77.28654143383199 161.4721818591961 10
    endloop
  endfacet
  facet normal 0 0 1
    outer loop
      vertex 97 144 10
      vertex 77.54066871440602 161.947620560996 10
      vertex 77.42528347695799 161.7036589737285 10
    endloop
  endfacet
  facet normal 0 0 1
    outer loop
      vertex 97 144 10
      vertex 77.28654143383199 161.4721818591961 10
      vertex 77.12577874674753 161.25541846854998 10
    endloop
  endfacet
  facet normal 0 0 -1
    outer loop
      vertex 88 142 0
      vertex 76.74458153145002 160.87422125325247 0
      vertex 76.944543648263 161.055456351737 0
    endloop
  endfacet
  facet normal 0 0 -1
    outer loop
      vertex 88 142 0
      vertex 76.5278181408039 160.71345856616801 0
      vertex 76.74458153145002 160.87422125325247 0
    endloop
  endfacet
  facet normal 0 0 -1
    outer loop
      vertex 88 142 0
      vertex 76.29634102627148 160.574716523042 0
      vertex 76.5278181408039 160.71345856616801 0
    endloop
  endfacet
  facet normal 0 0 -1
    outer loop
      vertex 88 142 0
      vertex 75.79828286244975 160.36841407673643 0
      vertex 76.05237943900397 160.45933128559398 0
    endloop
  endfacet
  facet normal 0 0 -1
    outer loop
      vertex 88 142 0
      vertex 76.05237943900397 160.45933128559398 0
      vertex 76.29634102627148 160.574716523042 0
    endloop
  endfacet
  facet normal 0 0 -1
    outer loop
      vertex 88 142 0
      vertex 75.53649838554435 160.3028404788911 0
      vertex 75.79828286244975 160.36841407673643 0
    endloop
  endfacet
  facet normal 0 0 -1
    outer loop
      vertex 88 142 0
      vertex 75.2695471359063 160.26324200165146 0
      vertex 75.53649838554435 160.3028404788911 0
    endloop
  endfacet
  facet normal 0 0 -1
    outer loop
      vertex 88 142 0
      vertex 75 160.25 0
      vertex 75.2695471359063 160.26324200165146 0
    endloop
  endfacet
  facet normal 0 0 -1
    outer loop
      vertex 88 142 0
      vertex 74.7304528640937 160.26324200165146 0
      vertex 75 160.25 0
    endloop
  endfacet
  facet normal 0 0 -1
    outer loop
      vertex 88 142 0
      vertex 74.46350161445565 160.3028404788911 0
      vertex 74.7304528640937 160.26324200165146 0
    endloop
  endfacet
  facet normal 0 0 -1
    outer loop
      vertex 88 142 0
      vertex 74.20171713755025 160.36841407673643 0
      vertex 74.46350161445565 160.3028404788911 0
    endloop
  endfacet
  facet normal 0 0 -1
    outer loop
      vertex 88 142 0
      vertex 73.94762056099603 160.45933128559398 0
      vertex 74.20171713755025 160.36841407673643 0
    endloop
  endfacet
  facet normal 0 0 -1
    outer loop
      vertex 88 142 0
      vertex 73.70365897372852 160.574716523042 0
      vertex 73.94762056099603 160.45933128559398 0
    endloop
  endfacet
  facet normal 0 0 -1
    outer loop
      vertex 88 142 0
      vertex 73.4721818591961 160.71345856616801 0
      vertex 73.70365897372852 160.574716523042 0
    endloop
  endfacet
  facet normal 0 0 -1
    outer loop
      vertex 88 142 0
      vertex 73.25541846854998 160.87422125325247 0
      vertex 73.4721818591961 160.71345856616801 0
    endloop
  endfacet
  facet normal 0 0 -1
    outer loop
      vertex 88 142 0
      vertex 73.055456351737 161.055456351737 0
      vertex 73.25541846854998 160.87422125325247 0
    endloop
  endfacet
  facet normal 0 0 -1
    outer loop
      vertex 88 142 0
      vertex 72.87422125325247 161.25541846854998 0
      vertex 73.055456351737 161.055456351737 0
    endloop
  endfacet
  facet normal -0.5956993044923903 0.8032075314806767 0
    outer loop
      vertex 76.74458153145002 160.87422125325247 0
      vertex 76.5278181408039 160.71345856616801 0
      vertex 76.74458153145002 160.87422125325247 10
    endloop
  endfacet
  facet normal -0.8577286100002162 0.5141027441933149 0
    outer loop
      vertex 77.42528347695799 161.7036589737285 10
      vertex 77.42528347695799 161.7036589737285 0
      vertex 77.28654143383199 161.4721818591961 0
    endloop
  endfacet
  facet normal -0.9039892931234846 0.4275550934301948 0
    outer loop
      vertex 77.54066871440602 161.947620560996 10
      vertex 77.54066871440602 161.947620560996 0
      vertex 77.42528347695799 161.7036589737285 0
    endloop
  endfacet
  facet normal -0.9415440651830042 0.3368898533922665 0
    outer loop
      vertex 77.63158592326357 162.20171713755022 10
      vertex 77.63158592326357 162.20171713755022 0
      vertex 77.54066871440602 161.947620560996 0
    endloop
  endfacet
  facet normal -0.7409511253549138 0.6715589548470682 0
    outer loop
      vertex 76.944543648263 161.055456351737 0
      vertex 77.12577874674753 161.25541846854998 10
      vertex 77.12577874674753 161.25541846854998 0
    endloop
  endfacet
  facet normal -0.8032075314806767 0.5956993044923903 0
    outer loop
      vertex 77.28654143383199 161.4721818591961 10
      vertex 77.28654143383199 161.4721818591961 0
      vertex 77.12577874674753 161.25541846854998 0
    endloop
  endfacet
  facet normal -0.6715589548470682 0.7409511253549138 0
    outer loop
      vertex 76.74458153145002 160.87422125325247 0
      vertex 76.944543648263 161.055456351737 10
      vertex 76.944543648263 161.055456351737 0
    endloop
  endfacet
  facet normal -0.5141027441932684 0.857728610000244 0
    outer loop
      vertex 76.29634102627148 160.574716523042 0
      vertex 76.5278181408039 160.71345856616801 10
      vertex 76.5278181408039 160.71345856616801 0
    endloop
  endfacet
  facet normal -0.3368898533922665 0.9415440651830042 0
    outer loop
      vertex 76.05237943900397 160.45933128559398 0
      vertex 75.79828286244975 160.36841407673643 0
      vertex 76.05237943900397 160.45933128559398 10
    endloop
  endfacet
  facet normal -0.4275550934301948 0.9039892931234846 0
    outer loop
      vertex 76.29634102627148 160.574716523042 0
      vertex 76.05237943900397 160.45933128559398 0
      vertex 76.29634102627148 160.574716523042 10
    endloop
  endfacet
  facet normal -0.2429801799032965 0.9700312531945359 0
    outer loop
      vertex 75.79828286244975 160.36841407673643 0
      vertex 75.53649838554435 160.3028404788911 0
      vertex 75.79828286244975 160.36841407673643 10
    endloop
  endfacet
  facet normal -0.14673047445533816 0.9891765099647846 0
    outer loop
      vertex 75.53649838554435 160.3028404788911 0
      vertex 75.2695471359063 160.26324200165146 0
      vertex 75.53649838554435 160.3028404788911 10
    endloop
  endfacet
  facet normal -0.04906767432743386 0.9987954562051716 0
    outer loop
      vertex 75.2695471359063 160.26324200165146 0
      vertex 75 160.25 0
      vertex 75.2695471359063 160.26324200165146 10
    endloop
  endfacet
  facet normal -0.9891765099647692 0.1467304744554412 0
    outer loop
      vertex 77.73675799834854 162.7304528640937 10
      vertex 77.73675799834854 162.7304528640937 0
      vertex 77.69715952110886 162.46350161445565 0
    endloop
  endfacet
  facet normal -0.9987954562051716 0.04906767432743386 0
    outer loop
      vertex 77.75 163 10
      vertex 77.75 163 0
      vertex 77.73675799834854 162.7304528640937 0
    endloop
  endfacet
  facet normal -0.970031253194567 0.24298017990317258 0
    outer loop
      vertex 77.69715952110886 162.46350161445565 10
      vertex 77.69715952110886 162.46350161445565 0
      vertex 77.63158592326357 162.20171713755022 0
    endloop
  endfacet
  facet normal -0.9987954562051716 -0.04906767432743386 0
    outer loop
      vertex 77.73675799834854 163.2695471359063 10
      vertex 77.73675799834854 163.2695471359063 0
      vertex 77.75 163 0
    endloop
  endfacet
  facet normal -0.9891765099647692 -0.1467304744554412 0
    outer loop
      vertex 77.69715952110886 163.53649838554435 10
      vertex 77.69715952110886 163.53649838554435 0
      vertex 77.73675799834854 163.2695471359063 0
    endloop
  endfacet
  facet normal -0.970031253194567 -0.24298017990317258 0
    outer loop
      vertex 77.63158592326357 163.79828286244978 10
      vertex 77.63158592326357 163.79828286244978 0
      vertex 77.69715952110886 163.53649838554435 0
    endloop
  endfacet
  facet normal -0.9415440651830042 -0.3368898533922665 0
    outer loop
      vertex 77.54066871440602 164.052379439004 10
      vertex 77.54066871440602 164.052379439004 0
      vertex 77.63158592326357 163.79828286244978 0
    endloop
  endfacet
  facet normal -0.9039892931234846 -0.4275550934301948 0
    outer loop
      vertex 77.42528347695799 164.2963410262715 10
      vertex 77.42528347695799 164.2963410262715 0
      vertex 77.54066871440602 164.052379439004 0
    endloop
  endfacet
  facet normal -0.8577286100002162 -0.5141027441933149 0
    outer loop
      vertex 77.28654143383199 164.5278181408039 10
      vertex 77.28654143383199 164.5278181408039 0
      vertex 77.42528347695799 164.2963410262715 0
    endloop
  endfacet
  facet normal -0.8032075314806767 -0.5956993044923903 0
    outer loop
      vertex 77.12577874674753 164.74458153145002 10
      vertex 77.12577874674753 164.74458153145002 0
      vertex 77.28654143383199 164.5278181408039 0
    endloop
  endfacet
  facet normal -0.7409511253549138 -0.6715589548470682 0
    outer loop
      vertex 76.944543648263 164.944543648263 10
      vertex 76.944543648263 164.944543648263 0
      vertex 77.12577874674753 164.74458153145002 0
    endloop
  endfacet
  facet normal 0 0 -1
    outer loop
      vertex 88 142 0
      vertex 60 176 0
      vertex 72.87422125325247 161.25541846854998 0
    endloop
  endfacet
  facet normal 0.04906767432743386 0.9987954562051716 0
    outer loop
      vertex 75 160.25 0
      vertex 74.7304528640937 160.26324200165146 0
      vertex 75 160.25 10
    endloop
  endfacet
  facet normal 0.14673047445533816 0.9891765099647846 0
    outer loop
      vertex 74.7304528640937 160.26324200165146 0
      vertex 74.46350161445565 160.3028404788911 0
      vertex 74.7304528640937 160.26324200165146 10
    endloop
  endfacet
  facet normal 0.2429801799032965 0.9700312531945359 0
    outer loop
      vertex 74.46350161445565 160.3028404788911 0
      vertex 74.20171713755025 160.36841407673643 0
      vertex 74.46350161445565 160.3028404788911 10
    endloop
  endfacet
  facet normal 0.3368898533922665 0.9415440651830042 0
    outer loop
      vertex 74.20171713755025 160.36841407673643 0
      vertex 73.94762056099603 160.45933128559398 0
      vertex 74.20171713755025 160.36841407673643 10
    endloop
  endfacet
  facet normal 0.4275550934301948 0.9039892931234846 0
    outer loop
      vertex 73.94762056099603 160.45933128559398 0
      vertex 73.70365897372852 160.574716523042 0
      vertex 73.94762056099603 160.45933128559398 10
    endloop
  endfacet
  facet normal 0.5141027441932684 0.857728610000244 0
    outer loop
      vertex 73.70365897372852 160.574716523042 0
      vertex 73.4721818591961 160.71345856616801 0
      vertex 73.70365897372852 160.574716523042 10
    endloop
  endfacet
  facet normal 0.5956993044923903 0.8032075314806767 0
    outer loop
      vertex 73.4721818591961 160.71345856616801 0
      vertex 73.25541846854998 160.87422125325247 0
      vertex 73.4721818591961 160.71345856616801 10
    endloop
  endfacet
  facet normal 0.6715589548470682 0.7409511253549138 0
    outer loop
      vertex 73.25541846854998 160.87422125325247 0
      vertex 73.055456351737 161.055456351737 0
      vertex 73.25541846854998 160.87422125325247 10
    endloop
  endfacet
  facet normal 0.7409511253549138 0.6715589548470682 0
    outer loop
      vertex 73.055456351737 161.055456351737 0
      vertex 72.87422125325247 161.25541846854998 0
      vertex 73.055456351737 161.055456351737 10
    endloop
  endfacet
  facet normal 0.8032075314806767 0.5956993044923903 0
    outer loop
      vertex 72.71345856616801 161.4721818591961 0
      vertex 72.87422125325247 161.25541846854998 10
      vertex 72.87422125325247 161.25541846854998 0
    endloop
  endfacet
  facet normal 0.8577286100002162 0.5141027441933149 0
    outer loop
      vertex 72.57471652304201 161.7036589737285 0
      vertex 72.71345856616801 161.4721818591961 10
      vertex 72.71345856616801 161.4721818591961 0
    endloop
  endfacet
  facet normal 0.9039892931234846 0.4275550934301948 0
    outer loop
      vertex 72.45933128559398 161.947620560996 0
      vertex 72.57471652304201 161.7036589737285 10
      vertex 72.57471652304201 161.7036589737285 0
    endloop
  endfacet
  facet normal 0.9415440651830042 0.3368898533922665 0
    outer loop
      vertex 72.36841407673643 162.20171713755022 0
      vertex 72.45933128559398 161.947620560996 10
      vertex 72.45933128559398 161.947620560996 0
    endloop
  endfacet
  facet normal 0.970031253194567 0.24298017990317258 0
    outer loop
      vertex 72.30284047889114 162.46350161445565 0
      vertex 72.36841407673643 162.20171713755022 10
      vertex 72.36841407673643 162.20171713755022 0
    endloop
  endfacet
  facet normal 0.9891765099647692 0.1467304744554412 0
    outer loop
      vertex 72.26324200165146 162.7304528640937 0
      vertex 72.30284047889114 162.46350161445565 10
      vertex 72.30284047889114 162.46350161445565 0
    endloop
  endfacet
  facet normal 0.9891765099647692 -0.1467304744554412 0
    outer loop
      vertex 72.30284047889114 163.53649838554435 0
      vertex 72.26324200165146 163.2695471359063 10
      vertex 72.26324200165146 163.2695471359063 0
    endloop
  endfacet
  facet normal 0.970031253194567 -0.24298017990317258 0
    outer loop
      vertex 72.36841407673643 163.79828286244978 0
      vertex 72.30284047889114 163.53649838554435 10
      vertex 72.30284047889114 163.53649838554435 0
    endloop
  endfacet
  facet normal 0.9415440651830042 -0.3368898533922665 0
    outer loop
      vertex 72.45933128559398 164.052379439004 0
      vertex 72.36841407673643 163.79828286244978 10
      vertex 72.36841407673643 163.79828286244978 0
    endloop
  endfacet
  facet normal 0.9039892931234846 -0.4275550934301948 0
    outer loop
      vertex 72.57471652304201 164.2963410262715 0
      vertex 72.45933128559398 164.052379439004 10
      vertex 72.45933128559398 164.052379439004 0
    endloop
  endfacet
  facet normal 0.8032075314806767 -0.5956993044923903 0
    outer loop
      vertex 72.87422125325247 164.74458153145002 0
      vertex 72.71345856616801 164.5278181408039 10
      vertex 72.71345856616801 164.5278181408039 0
    endloop
  endfacet
  facet normal 0.7409511253549138 -0.6715589548470682 0
    outer loop
      vertex 73.055456351737 164.944543648263 0
      vertex 72.87422125325247 164.74458153145002 10
      vertex 72.87422125325247 164.74458153145002 0
    endloop
  endfacet
  facet normal 0.8577286100002162 -0.5141027441933149 0
    outer loop
      vertex 72.71345856616801 164.5278181408039 0
      vertex 72.57471652304201 164.2963410262715 10
      vertex 72.57471652304201 164.2963410262715 0
    endloop
  endfacet
  facet normal 0.9987954562051716 0.04906767432743386 0
    outer loop
      vertex 72.25 163 0
      vertex 72.26324200165146 162.7304528640937 10
      vertex 72.26324200165146 162.7304528640937 0
    endloop
  endfacet
  facet normal 0.9987954562051716 -0.04906767432743386 0
    outer loop
      vertex 72.26324200165146 163.2695471359063 0
      vertex 72.25 163 10
      vertex 72.25 163 0
    endloop
  endfacet
  facet normal 0 0 1
    outer loop
      vertex 88 142 10
      vertex 76.944543648263 161.055456351737 10
      vertex 76.74458153145002 160.87422125325247 10
    endloop
  endfacet
  facet normal 0 0 1
    outer loop
      vertex 88 142 10
      vertex 76.74458153145002 160.87422125325247 10
      vertex 76.5278181408039 160.71345856616801 10
    endloop
  endfacet
  facet normal 0 0 1
    outer loop
      vertex 88 142 10
      vertex 76.5278181408039 160.71345856616801 10
      vertex 76.29634102627148 160.574716523042 10
    endloop
  endfacet
  facet normal 0 0 1
    outer loop
      vertex 88 142 10
      vertex 77.12577874674753 161.25541846854998 10
      vertex 76.944543648263 161.055456351737 10
    endloop
  endfacet
  facet normal 0 0 1
    outer loop
      vertex 88 142 10
      vertex 76.05237943900397 160.45933128559398 10
      vertex 75.79828286244975 160.36841407673643 10
    endloop
  endfacet
  facet normal 0 0 1
    outer loop
      vertex 88 142 10
      vertex 76.29634102627148 160.574716523042 10
      vertex 76.05237943900397 160.45933128559398 10
    endloop
  endfacet
  facet normal 0 0 1
    outer loop
      vertex 88 142 10
      vertex 75.79828286244975 160.36841407673643 10
      vertex 75.53649838554435 160.3028404788911 10
    endloop
  endfacet
  facet normal 0 0 1
    outer loop
      vertex 88 142 10
      vertex 75.53649838554435 160.3028404788911 10
      vertex 75.2695471359063 160.26324200165146 10
    endloop
  endfacet
  facet normal 0 0 1
    outer loop
      vertex 88 142 10
      vertex 75.2695471359063 160.26324200165146 10
      vertex 75 160.25 10
    endloop
  endfacet
  facet normal 0 0 1
    outer loop
      vertex 88 142 10
      vertex 75 160.25 10
      vertex 74.7304528640937 160.26324200165146 10
    endloop
  endfacet
  facet normal 0 0 1
    outer loop
      vertex 88 142 10
      vertex 74.7304528640937 160.26324200165146 10
      vertex 74.46350161445565 160.3028404788911 10
    endloop
  endfacet
  facet normal 0 0 1
    outer loop
      vertex 88 142 10
      vertex 74.46350161445565 160.3028404788911 10
      vertex 74.20171713755025 160.36841407673643 10
    endloop
  endfacet
  facet normal 0 0 1
    outer loop
      vertex 88 142 10
      vertex 74.20171713755025 160.36841407673643 10
      vertex 73.94762056099603 160.45933128559398 10
    endloop
  endfacet
  facet normal 0 0 1
    outer loop
      vertex 88 142 10
      vertex 73.94762056099603 160.45933128559398 10
      vertex 73.70365897372852 160.574716523042 10
    endloop
  endfacet
  facet normal 0 0 1
    outer loop
      vertex 88 142 10
      vertex 73.70365897372852 160.574716523042 10
      vertex 73.4721818591961 160.71345856616801 10
    endloop
  endfacet
  facet normal 0 0 1
    outer loop
      vertex 88 142 10
      vertex 73.4721818591961 160.71345856616801 10
      vertex 73.25541846854998 160.87422125325247 10
    endloop
  endfacet
  facet normal 0 0 1
    outer loop
      vertex 88 142 10
      vertex 73.25541846854998 160.87422125325247 10
      vertex 73.055456351737 161.055456351737 10
    endloop
  endfacet
  facet normal 0 0 1
    outer loop
      vertex 88 142 10
      vertex 73.055456351737 161.055456351737 10
      vertex 72.87422125325247 161.25541846854998 10
    endloop
  endfacet
  facet normal -0.8577286100002162 0.5141027441933149 0
    outer loop
      vertex 77.42528347695799 161.7036589737285 10
      vertex 77.28654143383199 161.4721818591961 0
      vertex 77.28654143383199 161.4721818591961 10
    endloop
  endfacet
  facet normal -0.9039892931234846 0.4275550934301948 0
    outer loop
      vertex 77.54066871440602 161.947620560996 10
      vertex 77.42528347695799 161.7036589737285 0
      vertex 77.42528347695799 161.7036589737285 10
    endloop
  endfacet
  facet normal -0.9415440651830042 0.3368898533922665 0
    outer loop
      vertex 77.63158592326357 162.20171713755022 10
      vertex 77.54066871440602 161.947620560996 0
      vertex 77.54066871440602 161.947620560996 10
    endloop
  endfacet
  facet normal -0.7409511253549138 0.6715589548470682 0
    outer loop
      vertex 77.12577874674753 161.25541846854998 10
      vertex 76.944543648263 161.055456351737 0
      vertex 76.944543648263 161.055456351737 10
    endloop
  endfacet
  facet normal -0.8032075314806767 0.5956993044923903 0
    outer loop
      vertex 77.28654143383199 161.4721818591961 10
      vertex 77.12577874674753 161.25541846854998 0
      vertex 77.12577874674753 161.25541846854998 10
    endloop
  endfacet
  facet normal -0.6715589548470682 0.7409511253549138 0
    outer loop
      vertex 76.74458153145002 160.87422125325247 0
      vertex 76.74458153145002 160.87422125325247 10
      vertex 76.944543648263 161.055456351737 10
    endloop
  endfacet
  facet normal -0.5956993044923903 0.8032075314806767 0
    outer loop
      vertex 76.5278181408039 160.71345856616801 0
      vertex 76.5278181408039 160.71345856616801 10
      vertex 76.74458153145002 160.87422125325247 10
    endloop
  endfacet
  facet normal -0.5141027441932684 0.857728610000244 0
    outer loop
      vertex 76.29634102627148 160.574716523042 0
      vertex 76.29634102627148 160.574716523042 10
      vertex 76.5278181408039 160.71345856616801 10
    endloop
  endfacet
  facet normal -0.4275550934301948 0.9039892931234846 0
    outer loop
      vertex 76.05237943900397 160.45933128559398 0
      vertex 76.05237943900397 160.45933128559398 10
      vertex 76.29634102627148 160.574716523042 10
    endloop
  endfacet
  facet normal -0.3368898533922665 0.9415440651830042 0
    outer loop
      vertex 75.79828286244975 160.36841407673643 0
      vertex 75.79828286244975 160.36841407673643 10
      vertex 76.05237943900397 160.45933128559398 10
    endloop
  endfacet
  facet normal -0.2429801799032965 0.9700312531945359 0
    outer loop
      vertex 75.53649838554435 160.3028404788911 0
      vertex 75.53649838554435 160.3028404788911 10
      vertex 75.79828286244975 160.36841407673643 10
    endloop
  endfacet
  facet normal -0.14673047445533816 0.9891765099647846 0
    outer loop
      vertex 75.2695471359063 160.26324200165146 0
      vertex 75.2695471359063 160.26324200165146 10
      vertex 75.53649838554435 160.3028404788911 10
    endloop
  endfacet
  facet normal -0.9891765099647692 0.1467304744554412 0
    outer loop
      vertex 77.73675799834854 162.7304528640937 10
      vertex 77.69715952110886 162.46350161445565 0
      vertex 77.69715952110886 162.46350161445565 10
    endloop
  endfacet
  facet normal -0.9987954562051716 0.04906767432743386 0
    outer loop
      vertex 77.75 163 10
      vertex 77.73675799834854 162.7304528640937 0
      vertex 77.73675799834854 162.7304528640937 10
    endloop
  endfacet
  facet normal -0.970031253194567 0.24298017990317258 0
    outer loop
      vertex 77.69715952110886 162.46350161445565 10
      vertex 77.63158592326357 162.20171713755022 0
      vertex 77.63158592326357 162.20171713755022 10
    endloop
  endfacet
  facet normal -0.9987954562051716 -0.04906767432743386 0
    outer loop
      vertex 77.73675799834854 163.2695471359063 10
      vertex 77.75 163 0
      vertex 77.75 163 10
    endloop
  endfacet
  facet normal -0.9891765099647692 -0.1467304744554412 0
    outer loop
      vertex 77.69715952110886 163.53649838554435 10
      vertex 77.73675799834854 163.2695471359063 0
      vertex 77.73675799834854 163.2695471359063 10
    endloop
  endfacet
  facet normal -0.970031253194567 -0.24298017990317258 0
    outer loop
      vertex 77.63158592326357 163.79828286244978 10
      vertex 77.69715952110886 163.53649838554435 0
      vertex 77.69715952110886 163.53649838554435 10
    endloop
  endfacet
  facet normal -0.9415440651830042 -0.3368898533922665 0
    outer loop
      vertex 77.54066871440602 164.052379439004 10
      vertex 77.63158592326357 163.79828286244978 0
      vertex 77.63158592326357 163.79828286244978 10
    endloop
  endfacet
  facet normal -0.9039892931234846 -0.4275550934301948 0
    outer loop
      vertex 77.42528347695799 164.2963410262715 10
      vertex 77.54066871440602 164.052379439004 0
      vertex 77.54066871440602 164.052379439004 10
    endloop
  endfacet
  facet normal -0.8577286100002162 -0.5141027441933149 0
    outer loop
      vertex 77.28654143383199 164.5278181408039 10
      vertex 77.42528347695799 164.2963410262715 0
      vertex 77.42528347695799 164.2963410262715 10
    endloop
  endfacet
  facet normal -0.8032075314806767 -0.5956993044923903 0
    outer loop
      vertex 77.12577874674753 164.74458153145002 10
      vertex 77.28654143383199 164.5278181408039 0
      vertex 77.28654143383199 164.5278181408039 10
    endloop
  endfacet
  facet normal -0.7409511253549138 -0.6715589548470682 0
    outer loop
      vertex 76.944543648263 164.944543648263 10
      vertex 77.12577874674753 164.74458153145002 0
      vertex 77.12577874674753 164.74458153145002 10
    endloop
  endfacet
  facet normal -0.04906767432743386 0.9987954562051716 0
    outer loop
      vertex 75 160.25 0
      vertex 75 160.25 10
      vertex 75.2695471359063 160.26324200165146 10
    endloop
  endfacet
  facet normal 0.04906767432743386 0.9987954562051716 0
    outer loop
      vertex 74.7304528640937 160.26324200165146 0
      vertex 74.7304528640937 160.26324200165146 10
      vertex 75 160.25 10
    endloop
  endfacet
  facet normal 0.14673047445533816 0.9891765099647846 0
    outer loop
      vertex 74.46350161445565 160.3028404788911 0
      vertex 74.46350161445565 160.3028404788911 10
      vertex 74.7304528640937 160.26324200165146 10
    endloop
  endfacet
  facet normal 0.2429801799032965 0.9700312531945359 0
    outer loop
      vertex 74.20171713755025 160.36841407673643 0
      vertex 74.20171713755025 160.36841407673643 10
      vertex 74.46350161445565 160.3028404788911 10
    endloop
  endfacet
  facet normal 0.3368898533922665 0.9415440651830042 0
    outer loop
      vertex 73.94762056099603 160.45933128559398 0
      vertex 73.94762056099603 160.45933128559398 10
      vertex 74.20171713755025 160.36841407673643 10
    endloop
  endfacet
  facet normal 0.4275550934301948 0.9039892931234846 0
    outer loop
      vertex 73.70365897372852 160.574716523042 0
      vertex 73.70365897372852 160.574716523042 10
      vertex 73.94762056099603 160.45933128559398 10
    endloop
  endfacet
  facet normal 0.5141027441932684 0.857728610000244 0
    outer loop
      vertex 73.4721818591961 160.71345856616801 0
      vertex 73.4721818591961 160.71345856616801 10
      vertex 73.70365897372852 160.574716523042 10
    endloop
  endfacet
  facet normal 0.5956993044923903 0.8032075314806767 0
    outer loop
      vertex 73.25541846854998 160.87422125325247 0
      vertex 73.25541846854998 160.87422125325247 10
      vertex 73.4721818591961 160.71345856616801 10
    endloop
  endfacet
  facet normal 0.6715589548470682 0.7409511253549138 0
    outer loop
      vertex 73.055456351737 161.055456351737 0
      vertex 73.055456351737 161.055456351737 10
      vertex 73.25541846854998 160.87422125325247 10
    endloop
  endfacet
  facet normal 0.7409511253549138 0.6715589548470682 0
    outer loop
      vertex 72.87422125325247 161.25541846854998 0
      vertex 72.87422125325247 161.25541846854998 10
      vertex 73.055456351737 161.055456351737 10
    endloop
  endfacet
  facet normal 0.8032075314806767 0.5956993044923903 0
    outer loop
      vertex 72.71345856616801 161.4721818591961 0
      vertex 72.71345856616801 161.4721818591961 10
      vertex 72.87422125325247 161.25541846854998 10
    endloop
  endfacet
  facet normal 0.8577286100002162 0.5141027441933149 0
    outer loop
      vertex 72.57471652304201 161.7036589737285 0
      vertex 72.57471652304201 161.7036589737285 10
      vertex 72.71345856616801 161.4721818591961 10
    endloop
  endfacet
  facet normal 0.9039892931234846 0.4275550934301948 0
    outer loop
      vertex 72.45933128559398 161.947620560996 0
      vertex 72.45933128559398 161.947620560996 10
      vertex 72.57471652304201 161.7036589737285 10
    endloop
  endfacet
  facet normal 0.9415440651830042 0.3368898533922665 0
    outer loop
      vertex 72.36841407673643 162.20171713755022 0
      vertex 72.36841407673643 162.20171713755022 10
      vertex 72.45933128559398 161.947620560996 10
    endloop
  endfacet
  facet normal 0 0 1
    outer loop
      vertex 88 142 10
      vertex 72.87422125325247 161.25541846854998 10
      vertex 60 176 10
    endloop
  endfacet
  facet normal 0.970031253194567 0.24298017990317258 0
    outer loop
      vertex 72.30284047889114 162.46350161445565 0
      vertex 72.30284047889114 162.46350161445565 10
      vertex 72.36841407673643 162.20171713755022 10
    endloop
  endfacet
  facet normal 0.9891765099647692 0.1467304744554412 0
    outer loop
      vertex 72.26324200165146 162.7304528640937 0
      vertex 72.26324200165146 162.7304528640937 10
      vertex 72.30284047889114 162.46350161445565 10
    endloop
  endfacet
  facet normal 0.9891765099647692 -0.1467304744554412 0
    outer loop
      vertex 72.30284047889114 163.53649838554435 0
      vertex 72.30284047889114 163.53649838554435 10
      vertex 72.26324200165146 163.2695471359063 10
    endloop
  endfacet
  facet normal 0.7409511253549138 -0.6715589548470682 0
    outer loop
      vertex 72.87422125325247 164.74458153145002 10
      vertex 73.055456351737 164.944543648263 0
      vertex 73.055456351737 164.944543648263 10
    endloop
  endfacet
  facet normal 0.970031253194567 -0.24298017990317258 0
    outer loop
      vertex 72.36841407673643 163.79828286244978 0
      vertex 72.36841407673643 163.79828286244978 10
      vertex 72.30284047889114 163.53649838554435 10
    endloop
  endfacet
  facet normal 0.9415440651830042 -0.3368898533922665 0
    outer loop
      vertex 72.45933128559398 164.052379439004 0
      vertex 72.45933128559398 164.052379439004 10
      vertex 72.36841407673643 163.79828286244978 10
    endloop
  endfacet
  facet normal 0.9039892931234846 -0.4275550934301948 0
    outer loop
      vertex 72.57471652304201 164.2963410262715 0
      vertex 72.57471652304201 164.2963410262715 10
      vertex 72.45933128559398 164.052379439004 10
    endloop
  endfacet
  facet normal 0.8577286100002162 -0.5141027441933149 0
    outer loop
      vertex 72.71345856616801 164.5278181408039 0
      vertex 72.71345856616801 164.5278181408039 10
      vertex 72.57471652304201 164.2963410262715 10
    endloop
  endfacet
  facet normal 0.8032075314806767 -0.5956993044923903 0
    outer loop
      vertex 72.87422125325247 164.74458153145002 0
      vertex 72.87422125325247 164.74458153145002 10
      vertex 72.71345856616801 164.5278181408039 10
    endloop
  endfacet
  facet normal 0.9987954562051716 0.04906767432743386 0
    outer loop
      vertex 72.25 163 0
      vertex 72.25 163 10
      vertex 72.26324200165146 162.7304528640937 10
    endloop
  endfacet
  facet normal 0.9987954562051716 -0.04906767432743386 0
    outer loop
      vertex 72.26324200165146 163.2695471359063 0
      vertex 72.26324200165146 163.2695471359063 10
      vertex 72.25 163 10
    endloop
  endfacet
  facet normal -0.6715589548470682 -0.7409511253549138 0
    outer loop
      vertex 76.74458153145002 165.12577874674753 10
      vertex 76.74458153145002 165.12577874674753 0
      vertex 76.944543648263 164.944543648263 0
    endloop
  endfacet
  facet normal -0.5956993044923903 -0.8032075314806767 0
    outer loop
      vertex 76.5278181408039 165.28654143383199 10
      vertex 76.5278181408039 165.28654143383199 0
      vertex 76.74458153145002 165.12577874674753 0
    endloop
  endfacet
  facet normal -0.5141027441932684 -0.857728610000244 0
    outer loop
      vertex 76.29634102627148 165.425283476958 10
      vertex 76.29634102627148 165.425283476958 0
      vertex 76.5278181408039 165.28654143383199 0
    endloop
  endfacet
  facet normal -0.4275550934301948 -0.9039892931234846 0
    outer loop
      vertex 76.05237943900397 165.54066871440602 10
      vertex 76.05237943900397 165.54066871440602 0
      vertex 76.29634102627148 165.425283476958 0
    endloop
  endfacet
  facet normal -0.3368898533922665 -0.9415440651830042 0
    outer loop
      vertex 75.79828286244975 165.63158592326357 10
      vertex 75.79828286244975 165.63158592326357 0
      vertex 76.05237943900397 165.54066871440602 0
    endloop
  endfacet
  facet normal -0.2429801799032965 -0.9700312531945359 0
    outer loop
      vertex 75.79828286244975 165.63158592326357 0
      vertex 75.53649838554435 165.6971595211089 10
      vertex 75.53649838554435 165.6971595211089 0
    endloop
  endfacet
  facet normal -0.14673047445533816 -0.9891765099647846 0
    outer loop
      vertex 75.2695471359063 165.73675799834854 10
      vertex 75.2695471359063 165.73675799834854 0
      vertex 75.53649838554435 165.6971595211089 0
    endloop
  endfacet
  facet normal 0 0 -1
    outer loop
      vertex 60 176 0
      vertex 76.5278181408039 165.28654143383199 0
      vertex 76.29634102627148 165.425283476958 0
    endloop
  endfacet
  facet normal 0 0 -1
    outer loop
      vertex 60 176 0
      vertex 76.29634102627148 165.425283476958 0
      vertex 76.05237943900397 165.54066871440602 0
    endloop
  endfacet
  facet normal 0 0 -1
    outer loop
      vertex 60 176 0
      vertex 76.05237943900397 165.54066871440602 0
      vertex 75.79828286244975 165.63158592326357 0
    endloop
  endfacet
  facet normal 0 0 -1
    outer loop
      vertex 60 176 0
      vertex 75.79828286244975 165.63158592326357 0
      vertex 75.53649838554435 165.6971595211089 0
    endloop
  endfacet
  facet normal 0 0 -1
    outer loop
      vertex 60 176 0
      vertex 74.20171713755025 165.63158592326357 0
      vertex 73.94762056099603 165.54066871440602 0
    endloop
  endfacet
  facet normal 0 0 -1
    outer loop
      vertex 60 176 0
      vertex 74.46350161445565 165.6971595211089 0
      vertex 74.20171713755025 165.63158592326357 0
    endloop
  endfacet
  facet normal 0 0 -1
    outer loop
      vertex 60 176 0
      vertex 75.53649838554435 165.6971595211089 0
      vertex 75.2695471359063 165.73675799834854 0
    endloop
  endfacet
  facet normal 0 0 -1
    outer loop
      vertex 60 176 0
      vertex 75.2695471359063 165.73675799834854 0
      vertex 75 165.75 0
    endloop
  endfacet
  facet normal 0 0 -1
    outer loop
      vertex 60 176 0
      vertex 75 165.75 0
      vertex 74.7304528640937 165.73675799834854 0
    endloop
  endfacet
  facet normal 0 0 -1
    outer loop
      vertex 60 176 0
      vertex 74.7304528640937 165.73675799834854 0
      vertex 74.46350161445565 165.6971595211089 0
    endloop
  endfacet
  facet normal -0.04906767432743386 -0.9987954562051716 0
    outer loop
      vertex 75 165.75 10
      vertex 75 165.75 0
      vertex 75.2695471359063 165.73675799834854 0
    endloop
  endfacet
  facet normal 0.04906767432743386 -0.9987954562051716 0
    outer loop
      vertex 74.7304528640937 165.73675799834854 10
      vertex 74.7304528640937 165.73675799834854 0
      vertex 75 165.75 0
    endloop
  endfacet
  facet normal 0.14673047445533816 -0.9891765099647846 0
    outer loop
      vertex 74.46350161445565 165.6971595211089 10
      vertex 74.46350161445565 165.6971595211089 0
      vertex 74.7304528640937 165.73675799834854 0
    endloop
  endfacet
  facet normal 0.2429801799032965 -0.9700312531945359 0
    outer loop
      vertex 74.20171713755025 165.63158592326357 10
      vertex 74.20171713755025 165.63158592326357 0
      vertex 74.46350161445565 165.6971595211089 0
    endloop
  endfacet
  facet normal 0.3368898533922665 -0.9415440651830042 0
    outer loop
      vertex 73.94762056099603 165.54066871440602 10
      vertex 73.94762056099603 165.54066871440602 0
      vertex 74.20171713755025 165.63158592326357 0
    endloop
  endfacet
  facet normal 0.4275550934301948 -0.9039892931234846 0
    outer loop
      vertex 73.70365897372852 165.425283476958 10
      vertex 73.70365897372852 165.425283476958 0
      vertex 73.94762056099603 165.54066871440602 0
    endloop
  endfacet
  facet normal 0.5141027441932684 -0.857728610000244 0
    outer loop
      vertex 73.4721818591961 165.28654143383199 10
      vertex 73.4721818591961 165.28654143383199 0
      vertex 73.70365897372852 165.425283476958 0
    endloop
  endfacet
  facet normal 0.5956993044923903 -0.8032075314806767 0
    outer loop
      vertex 73.25541846854998 165.12577874674753 10
      vertex 73.25541846854998 165.12577874674753 0
      vertex 73.4721818591961 165.28654143383199 0
    endloop
  endfacet
  facet normal 0.6715589548470682 -0.7409511253549138 0
    outer loop
      vertex 73.055456351737 164.944543648263 10
      vertex 73.055456351737 164.944543648263 0
      vertex 73.25541846854998 165.12577874674753 0
    endloop
  endfacet
  facet normal -0.6715589548470682 -0.7409511253549138 0
    outer loop
      vertex 76.944543648263 164.944543648263 10
      vertex 76.74458153145002 165.12577874674753 10
      vertex 76.944543648263 164.944543648263 0
    endloop
  endfacet
  facet normal -0.5956993044923903 -0.8032075314806767 0
    outer loop
      vertex 76.74458153145002 165.12577874674753 10
      vertex 76.5278181408039 165.28654143383199 10
      vertex 76.74458153145002 165.12577874674753 0
    endloop
  endfacet
  facet normal -0.5141027441932684 -0.857728610000244 0
    outer loop
      vertex 76.5278181408039 165.28654143383199 10
      vertex 76.29634102627148 165.425283476958 10
      vertex 76.5278181408039 165.28654143383199 0
    endloop
  endfacet
  facet normal -0.4275550934301948 -0.9039892931234846 0
    outer loop
      vertex 76.29634102627148 165.425283476958 10
      vertex 76.05237943900397 165.54066871440602 10
      vertex 76.29634102627148 165.425283476958 0
    endloop
  endfacet
  facet normal -0.3368898533922665 -0.9415440651830042 0
    outer loop
      vertex 76.05237943900397 165.54066871440602 10
      vertex 75.79828286244975 165.63158592326357 10
      vertex 76.05237943900397 165.54066871440602 0
    endloop
  endfacet
  facet normal -0.2429801799032965 -0.9700312531945359 0
    outer loop
      vertex 75.53649838554435 165.6971595211089 10
      vertex 75.79828286244975 165.63158592326357 0
      vertex 75.79828286244975 165.63158592326357 10
    endloop
  endfacet
  facet normal -0.14673047445533816 -0.9891765099647846 0
    outer loop
      vertex 75.53649838554435 165.6971595211089 10
      vertex 75.2695471359063 165.73675799834854 10
      vertex 75.53649838554435 165.6971595211089 0
    endloop
  endfacet
  facet normal -0.04906767432743386 -0.9987954562051716 0
    outer loop
      vertex 75.2695471359063 165.73675799834854 10
      vertex 75 165.75 10
      vertex 75.2695471359063 165.73675799834854 0
    endloop
  endfacet
  facet normal 0.04906767432743386 -0.9987954562051716 0
    outer loop
      vertex 75 165.75 10
      vertex 74.7304528640937 165.73675799834854 10
      vertex 75 165.75 0
    endloop
  endfacet
  facet normal 0.14673047445533816 -0.9891765099647846 0
    outer loop
      vertex 74.7304528640937 165.73675799834854 10
      vertex 74.46350161445565 165.6971595211089 10
      vertex 74.7304528640937 165.73675799834854 0
    endloop
  endfacet
  facet normal 0.2429801799032965 -0.9700312531945359 0
    outer loop
      vertex 74.46350161445565 165.6971595211089 10
      vertex 74.20171713755025 165.63158592326357 10
      vertex 74.46350161445565 165.6971595211089 0
    endloop
  endfacet
  facet normal 0.3368898533922665 -0.9415440651830042 0
    outer loop
      vertex 74.20171713755025 165.63158592326357 10
      vertex 73.94762056099603 165.54066871440602 10
      vertex 74.20171713755025 165.63158592326357 0
    endloop
  endfacet
  facet normal 0.4275550934301948 -0.9039892931234846 0
    outer loop
      vertex 73.94762056099603 165.54066871440602 10
      vertex 73.70365897372852 165.425283476958 10
      vertex 73.94762056099603 165.54066871440602 0
    endloop
  endfacet
  facet normal 0.5956993044923903 -0.8032075314806767 0
    outer loop
      vertex 73.4721818591961 165.28654143383199 10
      vertex 73.25541846854998 165.12577874674753 10
      vertex 73.4721818591961 165.28654143383199 0
    endloop
  endfacet
  facet normal 0.5141027441932684 -0.857728610000244 0
    outer loop
      vertex 73.70365897372852 165.425283476958 10
      vertex 73.4721818591961 165.28654143383199 10
      vertex 73.70365897372852 165.425283476958 0
    endloop
  endfacet
  facet normal 0.6715589548470682 -0.7409511253549138 0
    outer loop
      vertex 73.25541846854998 165.12577874674753 10
      vertex 73.055456351737 164.944543648263 10
      vertex 73.25541846854998 165.12577874674753 0
    endloop
  endfacet
  facet normal 0 0 1
    outer loop
      vertex 60 176 10
      vertex 73.94762056099603 165.54066871440602 10
      vertex 74.20171713755025 165.63158592326357 10
    endloop
  endfacet
  facet normal 0 0 1
    outer loop
      vertex 60 176 10
      vertex 74.20171713755025 165.63158592326357 10
      vertex 74.46350161445565 165.6971595211089 10
    endloop
  endfacet
  facet normal 0 0 1
    outer loop
      vertex 60 176 10
      vertex 74.46350161445565 165.6971595211089 10
      vertex 74.7304528640937 165.73675799834854 10
    endloop
  endfacet
  facet normal 0 0 -1
    outer loop
      vertex 70.48780487804879 142 0
      vertex 60 132 0
      vertex 60 140 0
    endloop
  endfacet
  facet normal -0.8929704922365985 0 -0.45011520746885125
    outer loop
      vertex 65.4471544715447 140 10
      vertex 64.4390243902439 140 12
      vertex 65.4471544715447 142 10
    endloop
  endfacet
  facet normal 0 -1 0
    outer loop
      vertex 65.4471544715447 132 10
      vertex 64.4390243902439 132 12
      vertex 60 132 10
    endloop
  endfacet
  facet normal 0 1 0
    outer loop
      vertex 65.4471544715447 140 10
      vertex 60 140 10
      vertex 64.4390243902439 140 12
    endloop
  endfacet
  facet normal 0 0 -1
    outer loop
      vertex 70.48780487804879 142 0
      vertex 60 140 0
      vertex 60 176 0
    endloop
  endfacet
  facet normal 0 0 1
    outer loop
      vertex 65.4471544715447 140 10
      vertex 65.4471544715447 142 10
      vertex 60 176 10
    endloop
  endfacet
  facet normal 0 0 1
    outer loop
      vertex 65.4471544715447 140 10
      vertex 60 176 10
      vertex 60 140 10
    endloop
  endfacet
  facet normal -1 0 0
    outer loop
      vertex 60 140 0
      vertex 60 140 10
      vertex 60 176 10
    endloop
  endfacet
  facet normal 0 0 1
    outer loop
      vertex 64.4390243902439 132 12
      vertex 64.4390243902439 140 12
      vertex 14 140 12
    endloop
  endfacet
  facet normal -1 0 0
    outer loop
      vertex 60 140 0
      vertex 60 176 10
      vertex 60 176 0
    endloop
  endfacet
  facet normal 0 0 -1
    outer loop
      vertex 60 176 0
      vertex 72.71345856616801 161.4721818591961 0
      vertex 72.87422125325247 161.25541846854998 0
    endloop
  endfacet
  facet normal 0 0 -1
    outer loop
      vertex 60 176 0
      vertex 72.57471652304201 161.7036589737285 0
      vertex 72.71345856616801 161.4721818591961 0
    endloop
  endfacet
  facet normal 0 0 -1
    outer loop
      vertex 60 176 0
      vertex 72.45933128559398 161.947620560996 0
      vertex 72.57471652304201 161.7036589737285 0
    endloop
  endfacet
  facet normal 0 0 -1
    outer loop
      vertex 60 176 0
      vertex 72.36841407673643 162.20171713755022 0
      vertex 72.45933128559398 161.947620560996 0
    endloop
  endfacet
  facet normal 0 0 -1
    outer loop
      vertex 60 176 0
      vertex 72.30284047889114 162.46350161445565 0
      vertex 72.36841407673643 162.20171713755022 0
    endloop
  endfacet
  facet normal 0 0 -1
    outer loop
      vertex 60 176 0
      vertex 72.26324200165146 162.7304528640937 0
      vertex 72.30284047889114 162.46350161445565 0
    endloop
  endfacet
  facet normal 0 0 -1
    outer loop
      vertex 60 176 0
      vertex 72.25 163 0
      vertex 72.26324200165146 162.7304528640937 0
    endloop
  endfacet
  facet normal 0 0 -1
    outer loop
      vertex 60 176 0
      vertex 72.26324200165146 163.2695471359063 0
      vertex 72.25 163 0
    endloop
  endfacet
  facet normal 0 0 -1
    outer loop
      vertex 60 176 0
      vertex 72.30284047889114 163.53649838554435 0
      vertex 72.26324200165146 163.2695471359063 0
    endloop
  endfacet
  facet normal 0 0 -1
    outer loop
      vertex 60 176 0
      vertex 73.94762056099603 165.54066871440602 0
      vertex 73.70365897372852 165.425283476958 0
    endloop
  endfacet
  facet normal 0 0 -1
    outer loop
      vertex 60 176 0
      vertex 73.70365897372852 165.425283476958 0
      vertex 73.4721818591961 165.28654143383199 0
    endloop
  endfacet
  facet normal 0 0 -1
    outer loop
      vertex 60 176 0
      vertex 73.25541846854998 165.12577874674753 0
      vertex 73.055456351737 164.944543648263 0
    endloop
  endfacet
  facet normal 0 0 -1
    outer loop
      vertex 60 176 0
      vertex 73.4721818591961 165.28654143383199 0
      vertex 73.25541846854998 165.12577874674753 0
    endloop
  endfacet
  facet normal 0 0 -1
    outer loop
      vertex 60 176 0
      vertex 72.87422125325247 164.74458153145002 0
      vertex 72.71345856616801 164.5278181408039 0
    endloop
  endfacet
  facet normal 0 0 -1
    outer loop
      vertex 60 176 0
      vertex 72.57471652304201 164.2963410262715 0
      vertex 72.45933128559398 164.052379439004 0
    endloop
  endfacet
  facet normal 0 0 -1
    outer loop
      vertex 60 176 0
      vertex 72.71345856616801 164.5278181408039 0
      vertex 72.57471652304201 164.2963410262715 0
    endloop
  endfacet
  facet normal 0 0 -1
    outer loop
      vertex 60 176 0
      vertex 72.36841407673643 163.79828286244978 0
      vertex 72.30284047889114 163.53649838554435 0
    endloop
  endfacet
  facet normal 0 0 -1
    outer loop
      vertex 60 176 0
      vertex 72.45933128559398 164.052379439004 0
      vertex 72.36841407673643 163.79828286244978 0
    endloop
  endfacet
  facet normal 0 0 -1
    outer loop
      vertex 60 176 0
      vertex 73.055456351737 164.944543648263 0
      vertex 72.87422125325247 164.74458153145002 0
    endloop
  endfacet
  facet normal 0 0 1
    outer loop
      vertex 60 176 10
      vertex 72.87422125325247 161.25541846854998 10
      vertex 72.71345856616801 161.4721818591961 10
    endloop
  endfacet
  facet normal 0 0 1
    outer loop
      vertex 60 176 10
      vertex 72.71345856616801 161.4721818591961 10
      vertex 72.57471652304201 161.7036589737285 10
    endloop
  endfacet
  facet normal 0 0 1
    outer loop
      vertex 60 176 10
      vertex 72.57471652304201 161.7036589737285 10
      vertex 72.45933128559398 161.947620560996 10
    endloop
  endfacet
  facet normal 0 0 1
    outer loop
      vertex 60 176 10
      vertex 72.45933128559398 161.947620560996 10
      vertex 72.36841407673643 162.20171713755022 10
    endloop
  endfacet
  facet normal 0 0 1
    outer loop
      vertex 60 176 10
      vertex 72.36841407673643 162.20171713755022 10
      vertex 72.30284047889114 162.46350161445565 10
    endloop
  endfacet
  facet normal 0 0 1
    outer loop
      vertex 60 176 10
      vertex 72.30284047889114 162.46350161445565 10
      vertex 72.26324200165146 162.7304528640937 10
    endloop
  endfacet
  facet normal 0 0 1
    outer loop
      vertex 60 176 10
      vertex 72.26324200165146 162.7304528640937 10
      vertex 72.25 163 10
    endloop
  endfacet
  facet normal 0 0 1
    outer loop
      vertex 60 176 10
      vertex 72.25 163 10
      vertex 72.26324200165146 163.2695471359063 10
    endloop
  endfacet
  facet normal 0 0 1
    outer loop
      vertex 60 176 10
      vertex 72.26324200165146 163.2695471359063 10
      vertex 72.30284047889114 163.53649838554435 10
    endloop
  endfacet
  facet normal 0 0 1
    outer loop
      vertex 60 176 10
      vertex 73.70365897372852 165.425283476958 10
      vertex 73.94762056099603 165.54066871440602 10
    endloop
  endfacet
  facet normal 0 0 1
    outer loop
      vertex 60 176 10
      vertex 73.4721818591961 165.28654143383199 10
      vertex 73.70365897372852 165.425283476958 10
    endloop
  endfacet
  facet normal 0 0 1
    outer loop
      vertex 60 176 10
      vertex 73.055456351737 164.944543648263 10
      vertex 73.25541846854998 165.12577874674753 10
    endloop
  endfacet
  facet normal 0 0 1
    outer loop
      vertex 60 176 10
      vertex 73.25541846854998 165.12577874674753 10
      vertex 73.4721818591961 165.28654143383199 10
    endloop
  endfacet
  facet normal 0 0 1
    outer loop
      vertex 60 176 10
      vertex 72.71345856616801 164.5278181408039 10
      vertex 72.87422125325247 164.74458153145002 10
    endloop
  endfacet
  facet normal 0 0 1
    outer loop
      vertex 60 176 10
      vertex 72.45933128559398 164.052379439004 10
      vertex 72.57471652304201 164.2963410262715 10
    endloop
  endfacet
  facet normal 0 0 1
    outer loop
      vertex 60 176 10
      vertex 72.57471652304201 164.2963410262715 10
      vertex 72.71345856616801 164.5278181408039 10
    endloop
  endfacet
  facet normal 0 0 1
    outer loop
      vertex 60 176 10
      vertex 72.30284047889114 163.53649838554435 10
      vertex 72.36841407673643 163.79828286244978 10
    endloop
  endfacet
  facet normal 0 0 1
    outer loop
      vertex 60 176 10
      vertex 72.36841407673643 163.79828286244978 10
      vertex 72.45933128559398 164.052379439004 10
    endloop
  endfacet
  facet normal 0 0 1
    outer loop
      vertex 60 176 10
      vertex 72.87422125325247 164.74458153145002 10
      vertex 73.055456351737 164.944543648263 10
    endloop
  endfacet
  facet normal 0 -1 0
    outer loop
      vertex 97 132 35.45238095238095
      vertex 92.33898305084745 132 42
      vertex 84.16300000000001 132 42
    endloop
  endfacet
  facet normal 0 1 0
    outer loop
      vertex 97 140 35.45238095238095
      vertex 84.16300000000001 140 42
      vertex 92.33898305084745 140 42
    endloop
  endfacet
  facet normal 0 0 -1
    outer loop
      vertex 97 141 42
      vertex 92.33898305084745 140 42
      vertex 84.16300000000001 141 42
    endloop
  endfacet
  facet normal 0 0 -1
    outer loop
      vertex 92.33898305084745 140 42
      vertex 84.16300000000001 140 42
      vertex 84.16300000000001 141 42
    endloop
  endfacet
  facet normal 0 -1 0
    outer loop
      vertex 97 132 35.45238095238095
      vertex 84.16300000000001 132 42
      vertex 77.22811671087533 132 34.370026525198924
    endloop
  endfacet
  facet normal 0 1 0
    outer loop
      vertex 97 141 49
      vertex 84.16300000000001 141 42
      vertex 84.16300000000001 141 54
    endloop
  endfacet
  facet normal -1 0 0
    outer loop
      vertex 84.16300000000001 140 42
      vertex 84.16300000000001 141 54
      vertex 84.16300000000001 141 42
    endloop
  endfacet
  facet normal -1 0 0
    outer loop
      vertex 84.16300000000001 140 42
      vertex 84.16300000000001 140 53.48530952380949
      vertex 84.16300000000001 141 54
    endloop
  endfacet
  facet normal 0 1 0
    outer loop
      vertex 94.57627118644069 140 10
      vertex 53.89830508474574 140 96
      vertex 84.16300000000001 140 42
    endloop
  endfacet
  facet normal 0 1 0
    outer loop
      vertex 94.57627118644069 140 10
      vertex 93.15254237288138 140 12
      vertex 27.397877984084857 140 133.2267904509284
    endloop
  endfacet
  facet normal 0 -1 0
    outer loop
      vertex 84.16300000000001 132 42
      vertex 53.89830508474574 132 96
      vertex 77.22811671087533 132 34.370026525198924
    endloop
  endfacet
  facet normal 0 -1 0
    outer loop
      vertex 84.16300000000001 132 42
      vertex 84.16300000000001 132 53.48530952380949
      vertex 53.89830508474574 132 96
    endloop
  endfacet
  facet normal 0.8146653883328842 0 0.5799312933895109
    outer loop
      vertex 84.16300000000001 132 53.48530952380949
      vertex 84.16300000000001 140 53.48530952380949
      vertex 53.89830508474574 132 96
    endloop
  endfacet
  facet normal 0 1 0
    outer loop
      vertex 84.16300000000001 140 42
      vertex 53.89830508474574 140 96
      vertex 84.16300000000001 140 53.48530952380949
    endloop
  endfacet
  facet normal 0 -1 0
    outer loop
      vertex 77.22811671087533 132 34.370026525198924
      vertex 64.16300000000001 132 62.682352941176475
      vertex 64.16300000000001 132 60.28953225806447
    endloop
  endfacet
  facet normal -0.8929704922365969 4.007328609516852e-15 -0.4501152074688544
    outer loop
      vertex 65.4471544715447 130 10
      vertex 22.097560975609724 140 96
      vertex 64.4390243902439 132 12
    endloop
  endfacet
  facet normal -0.8929704922365971 0 -0.45011520746885414
    outer loop
      vertex 64.4390243902439 132 12
      vertex 22.097560975609724 140 96
      vertex 64.4390243902439 140 12
    endloop
  endfacet
  facet normal -0.8929704922365971 -3.625678265753343e-15 -0.45011520746885414
    outer loop
      vertex 65.4471544715447 142 10
      vertex 64.4390243902439 140 12
      vertex 22.097560975609724 140 96
    endloop
  endfacet
  facet normal 0 1 0
    outer loop
      vertex 93.15254237288138 140 12
      vertex 77.22811671087533 140 34.370026525198966
      vertex 27.397877984084857 140 133.2267904509284
    endloop
  endfacet
  facet normal 0.8929704922365972 5.134650751736335e-15 0.45011520746885403
    outer loop
      vertex 88 142 13
      vertex 27.397877984084857 140 133.2267904509284
      vertex 77.22811671087533 140 34.370026525198966
    endloop
  endfacet
  facet normal 0 1 0
    outer loop
      vertex 88 142 13
      vertex 65.4471544715447 142 10
      vertex 26 142 136
    endloop
  endfacet
  facet normal 0 1 0
    outer loop
      vertex 94.57627118644069 140 10
      vertex 45.35593220338984 140 108
      vertex 53.89830508474574 140 96
    endloop
  endfacet
  facet normal 0 -1 0
    outer loop
      vertex 77.22811671087533 132 34.370026525198924
      vertex 45.35593220338984 132 108
      vertex 64.16300000000001 132 62.682352941176475
    endloop
  endfacet
  facet normal -1 0 0
    outer loop
      vertex 14 131 18
      vertex 14 132 40.8
      vertex 14 132 18
    endloop
  endfacet
  facet normal 0 -0.7682212795973759 -0.6401843996644798
    outer loop
      vertex 46 76 84
      vertex 34 76 84
      vertex 34 131 18
    endloop
  endfacet
  facet normal 1 0 0
    outer loop
      vertex 46 76 84
      vertex 46 141 18
      vertex 46 86 96
    endloop
  endfacet
  facet normal -1 0 0
    outer loop
      vertex 34 76 84
      vertex 34 76 96
      vertex 34 131 18
    endloop
  endfacet
  facet normal 1 0 0
    outer loop
      vertex 26 76 84
      vertex 26 141 18
      vertex 26 86 96
    endloop
  endfacet
  facet normal 0 -0.7682212795973759 -0.6401843996644798
    outer loop
      vertex 46 76 84
      vertex 34 131 18
      vertex 46 131 18
    endloop
  endfacet
  facet normal 1 0 0
    outer loop
      vertex 46 76 84
      vertex 46 131 18
      vertex 46 141 18
    endloop
  endfacet
  facet normal 1 0 0
    outer loop
      vertex 46 86 96
      vertex 46 141 18
      vertex 46 141 30
    endloop
  endfacet
  facet normal 0 0.7682212795973759 0.6401843996644798
    outer loop
      vertex 46 86 96
      vertex 46 141 30
      vertex 34 141 30
    endloop
  endfacet
  facet normal 0 -1 0
    outer loop
      vertex 65.4471544715447 130 10
      vertex 50.16300000000001 130 42.964705882352945
      vertex 21.08943089430892 130 98
    endloop
  endfacet
  facet normal 1 0 0
    outer loop
      vertex 26 76 84
      vertex 26 131 18
      vertex 26 141 18
    endloop
  endfacet
  facet normal -1 0 0
    outer loop
      vertex 34 76 96
      vertex 34 141 30
      vertex 34 131 18
    endloop
  endfacet
  facet normal 1 0 0
    outer loop
      vertex 26 86 96
      vertex 26 141 18
      vertex 26 141 30
    endloop
  endfacet
  facet normal 0 -1 0
    outer loop
      vertex 50.16300000000001 130 42.964705882352945
      vertex 50.16300000000001 130 64.61176470588235
      vertex 21.08943089430892 130 98
    endloop
  endfacet
  facet normal -0.8929704922365985 -1.0151899144109376e-13 -0.45011520746885125
    outer loop
      vertex 65.4471544715447 130 10
      vertex 21.089430894308975 132 98
      vertex 22.09756097560978 132 96
    endloop
  endfacet
  facet normal -0.8929704922365971 2.53797478602734e-14 -0.450115207468854
    outer loop
      vertex 65.4471544715447 130 10
      vertex 21.08943089430892 130 98
      vertex 21.089430894308975 132 98
    endloop
  endfacet
  facet normal 0 -0.7682212795973759 -0.6401843996644798
    outer loop
      vertex 26 76 84
      vertex 14 76 84
      vertex 14 131 18
    endloop
  endfacet
  facet normal -1 0 0
    outer loop
      vertex 14 76 84
      vertex 14 76 96
      vertex 14 131 18
    endloop
  endfacet
  facet normal 0 -0.7682212795973759 -0.6401843996644798
    outer loop
      vertex 26 76 84
      vertex 14 131 18
      vertex 26 131 18
    endloop
  endfacet
  facet normal -1 0 0
    outer loop
      vertex 14 76 96
      vertex 14 132 40.8
      vertex 14 131 18
    endloop
  endfacet
  facet normal 0 0.7682212795973759 0.6401843996644798
    outer loop
      vertex 26 86 96
      vertex 26 141 30
      vertex 14 141 30
    endloop
  endfacet
  facet normal 0 0.7682212795973777 0.6401843996644774
    outer loop
      vertex 26 86 96
      vertex 14 141 30
      vertex 14 140 31.200000000000003
    endloop
  endfacet
  facet normal -3.0325224981902487e-15 0.7682212795973753 0.6401843996644805
    outer loop
      vertex 26 86 96
      vertex 14 140 31.200000000000003
      vertex 14 132 40.8
    endloop
  endfacet
  facet normal 0 0 -1
    outer loop
      vertex 60 132 0
      vertex 14 140 0
      vertex 60 140 0
    endloop
  endfacet
  facet normal 0 -1 0
    outer loop
      vertex 60 132 0
      vertex 60 132 10
      vertex 14 132 0
    endloop
  endfacet
  facet normal 0 1 0
    outer loop
      vertex 60 140 0
      vertex 14 140 0
      vertex 60 140 10
    endloop
  endfacet
  facet normal 0 -1 0
    outer loop
      vertex 64.4390243902439 132 12
      vertex 14 132 12
      vertex 60 132 10
    endloop
  endfacet
  facet normal 0 1 0
    outer loop
      vertex 64.4390243902439 140 12
      vertex 60 140 10
      vertex 14 140 0
    endloop
  endfacet
  facet normal 0 0 -1
    outer loop
      vertex 60 132 0
      vertex 14 132 0
      vertex 11.680138568129337 133.3256351039261 0
    endloop
  endfacet
  facet normal 0 0 -1
    outer loop
      vertex 60 132 0
      vertex 11.680138568129337 133.3256351039261 0
      vertex 14 140 0
    endloop
  endfacet
  facet normal 0 -1 0
    outer loop
      vertex 60 132 10
      vertex 13.809523809523796 132 12
      vertex 14 132 0
    endloop
  endfacet
  facet normal 0 0 1
    outer loop
      vertex 64.4390243902439 132 12
      vertex 14 140 12
      vertex 14 132 12
    endloop
  endfacet
  facet normal 0 -1 0
    outer loop
      vertex 60 132 10
      vertex 14 132 12
      vertex 13.809523809523796 132 12
    endloop
  endfacet
  facet normal 0 1 0
    outer loop
      vertex 64.4390243902439 140 12
      vertex 14 140 0
      vertex 14 140 12
    endloop
  endfacet
  facet normal 0 0 -1
    outer loop
      vertex 46 131 18
      vertex 34 131 18
      vertex 46 141 18
    endloop
  endfacet
  facet normal 0 0 -1
    outer loop
      vertex 34 131 18
      vertex 34 141 18
      vertex 46 141 18
    endloop
  endfacet
  facet normal 0 1 0
    outer loop
      vertex 46 141 18
      vertex 34 141 18
      vertex 34 141 30
    endloop
  endfacet
  facet normal 0 1 0
    outer loop
      vertex 46 141 18
      vertex 34 141 30
      vertex 46 141 30
    endloop
  endfacet
  facet normal -1 0 0
    outer loop
      vertex 34 131 18
      vertex 34 141 30
      vertex 34 141 18
    endloop
  endfacet
  facet normal 0 -1 0
    outer loop
      vertex 14 132 12
      vertex 14 132 18
      vertex 13.809523809523796 132 12
    endloop
  endfacet
  facet normal 1 0 0
    outer loop
      vertex 14 132 12
      vertex 14 140 12
      vertex 14 132 18
    endloop
  endfacet
  facet normal 0 0 -1
    outer loop
      vertex 14 132 0
      vertex 0 132 0
      vertex 11.680138568129337 133.3256351039261 0
    endloop
  endfacet
  facet normal 0 0 -1
    outer loop
      vertex 11.680138568129337 133.3256351039261 0
      vertex 0 140 0
      vertex 14 140 0
    endloop
  endfacet
  facet normal 0 1 0
    outer loop
      vertex 14 140 0
      vertex 0 140 0
      vertex 14 140 12
    endloop
  endfacet
  facet normal 0 0 -1
    outer loop
      vertex 11.680138568129337 133.3256351039261 0
      vertex 0 132 0
      vertex 0 140 0
    endloop
  endfacet
  facet normal 0 1 0
    outer loop
      vertex 14 140 12
      vertex 0 140 0
      vertex 14 140 18
    endloop
  endfacet
  facet normal -1 0 0
    outer loop
      vertex 0 140 0
      vertex 0 139.67123287671234 12
      vertex 0 140 11.088607594936711
    endloop
  endfacet
  facet normal -1 0 0
    outer loop
      vertex 0 140 11.088607594936711
      vertex 0 139.67123287671234 12
      vertex 0 140 12
    endloop
  endfacet
  facet normal 0 0 -1
    outer loop
      vertex 26 131 18
      vertex 14 131 18
      vertex 26 141 18
    endloop
  endfacet
  facet normal 0 0 -1
    outer loop
      vertex 14 131 18
      vertex 14 132 18
      vertex 26 141 18
    endloop
  endfacet
  facet normal 0 0 -1
    outer loop
      vertex 26 141 18
      vertex 14 132 18
      vertex 14 140 18
    endloop
  endfacet
  facet normal 0 0 -1
    outer loop
      vertex 26 141 18
      vertex 14 140 18
      vertex 14 141 18
    endloop
  endfacet
  facet normal 0 1 0
    outer loop
      vertex 26 141 18
      vertex 14 141 18
      vertex 14 141 30
    endloop
  endfacet
  facet normal 1 0 0
    outer loop
      vertex 14 140 12
      vertex 14 140 18
      vertex 14 132 18
    endloop
  endfacet
  facet normal 0 -1 0
    outer loop
      vertex 13.809523809523796 132 12
      vertex 14 132 18
      vertex 14 132 40.8
    endloop
  endfacet
  facet normal -1 0 0
    outer loop
      vertex 14 140 18
      vertex 14 141 30
      vertex 14 141 18
    endloop
  endfacet
  facet normal 0 1 0
    outer loop
      vertex 26 141 18
      vertex 14 141 30
      vertex 26 141 30
    endloop
  endfacet
  facet normal -1 0 0
    outer loop
      vertex 14 140 18
      vertex 14 140 31.200000000000003
      vertex 14 141 30
    endloop
  endfacet
  facet normal 0 1 0
    outer loop
      vertex 0 140 0
      vertex 14 140 31.200000000000003
      vertex 14 140 18
    endloop
  endfacet
  facet normal -0.8929704922365974 -5.90226694424963e-15 -0.4501152074688535
    outer loop
      vertex 65.4471544715447 130 10
      vertex 22.09756097560978 132 96
      vertex 22.097560975609724 140 96
    endloop
  endfacet
  facet normal -0.8929704922365984 1.691983190684896e-13 -0.4501152074688512
    outer loop
      vertex 65.4471544715447 142 10
      vertex 22.097560975609724 140 96
      vertex 16.04878048780489 140 108
    endloop
  endfacet
  facet normal 0 -1 0
    outer loop
      vertex 14 132 0
      vertex 13.809523809523796 132 12
      vertex 10 132 120
    endloop
  endfacet
  facet normal 0 -1 0
    outer loop
      vertex 13.809523809523796 132 12
      vertex 14 132 40.8
      vertex 14 132 96
    endloop
  endfacet
  facet normal 0 1 0
    outer loop
      vertex 0 140 0
      vertex 14 140 96
      vertex 14 140 31.200000000000003
    endloop
  endfacet
  facet normal -1 0 0
    outer loop
      vertex 0 132 0
      vertex 0 134.26865671641792 104.59701492537314
      vertex 0 140 0
    endloop
  endfacet
  facet normal -1 0 0
    outer loop
      vertex 0 140 0
      vertex 0 134.26865671641792 104.59701492537314
      vertex 0 139.67123287671234 12
    endloop
  endfacet
  facet normal -1 0 0
    outer loop
      vertex 0 139.67123287671234 12
      vertex 0 140 96
      vertex 0 140 12
    endloop
  endfacet
  facet normal 0 -1 0
    outer loop
      vertex 14 132 0
      vertex 0 132 146
      vertex 0 132 0
    endloop
  endfacet
  facet normal 0 1 0
    outer loop
      vertex 0 140 0
      vertex 0 140 11.088607594936711
      vertex 10 140 136
    endloop
  endfacet
  facet normal 1 0 0
    outer loop
      vertex 14 140 31.200000000000003
      vertex 14 132 96
      vertex 14 132 40.8
    endloop
  endfacet
  facet normal 0 -1 0
    outer loop
      vertex 13.809523809523796 132 12
      vertex 14 132 96
      vertex 12.476190476190482 132 96
    endloop
  endfacet
  facet normal 0 1 0
    outer loop
      vertex 0 140 11.088607594936711
      vertex 0 140 12
      vertex 10 140 136
    endloop
  endfacet
  facet normal 0 1 0
    outer loop
      vertex 0 140 0
      vertex 14 140 108
      vertex 14 140 96
    endloop
  endfacet
  facet normal -1 0 0
    outer loop
      vertex 0 132 0
      vertex 0 134.08219178082192 108
      vertex 0 134.26865671641792 104.59701492537314
    endloop
  endfacet
  facet normal -1 0 0
    outer loop
      vertex 0 139.67123287671234 12
      vertex 0 134.26865671641792 104.59701492537314
      vertex 0 137.36986301369862 96
    endloop
  endfacet
  facet normal -1 0 0
    outer loop
      vertex 0 139.67123287671234 12
      vertex 0 137.36986301369862 96
      vertex 0 140 96
    endloop
  endfacet
  facet normal -1 0 0
    outer loop
      vertex 84.16300000000001 46 136
      vertex 84.16300000000001 132 53.48530952380949
      vertex 84.16300000000001 131 42
    endloop
  endfacet
  facet normal -1 0 0
    outer loop
      vertex 84.16300000000001 46 136
      vertex 84.16300000000001 140 53.48530952380949
      vertex 84.16300000000001 132 53.48530952380949
    endloop
  endfacet
  facet normal -1 0 0
    outer loop
      vertex 84.16300000000001 46 136
      vertex 84.16300000000001 141 54
      vertex 84.16300000000001 140 53.48530952380949
    endloop
  endfacet
  facet normal 1 0 0
    outer loop
      vertex 64.16300000000001 56 136
      vertex 64.16300000000001 130 42.964705882352945
      vertex 64.16300000000001 130 60.2895322580645
    endloop
  endfacet
  facet normal 1 0 0
    outer loop
      vertex 64.16300000000001 56 136
      vertex 64.16300000000001 130 60.2895322580645
      vertex 64.16300000000001 132 62.682352941176475
    endloop
  endfacet
  facet normal 0 0.6942922464071118 0.7196931822512745
    outer loop
      vertex 64.16300000000001 56 136
      vertex 64.16300000000001 132 62.682352941176475
      vertex 62.95686274509802 132 62.682352941176475
    endloop
  endfacet
  facet normal -8.575808193271664e-15 0.6942922464071117 0.7196931822512747
    outer loop
      vertex 64.16300000000001 56 136
      vertex 62.95686274509802 132 62.682352941176475
      vertex 61.98431372549021 130 64.61176470588235
    endloop
  endfacet
  facet normal -1 0 0
    outer loop
      vertex 50.16300000000001 46 124
      vertex 50.16300000000001 130 64.61176470588235
      vertex 50.16300000000001 130 42.964705882352945
    endloop
  endfacet
  facet normal 0 0.6942922464071118 0.7196931822512744
    outer loop
      vertex 50.16300000000001 56 136
      vertex 61.98431372549021 130 64.61176470588235
      vertex 50.16300000000001 130 64.61176470588235
    endloop
  endfacet
  facet normal 0.8929704922365967 1.368252791621504e-14 0.4501152074688547
    outer loop
      vertex 61.98431372549021 130 64.61176470588235
      vertex 62.95686274509802 132 62.682352941176475
      vertex 45.15447154471542 130 98
    endloop
  endfacet
  facet normal 0 -1 0
    outer loop
      vertex 61.98431372549021 130 64.61176470588235
      vertex 34 130 98
      vertex 50.16300000000001 130 64.61176470588235
    endloop
  endfacet
  facet normal 0.8929704922365971 0 0.4501152074688541
    outer loop
      vertex 62.95686274509802 132 62.682352941176475
      vertex 45.15447154471542 132 98
      vertex 45.15447154471542 130 98
    endloop
  endfacet
  facet normal 0 -1 0
    outer loop
      vertex 61.98431372549021 130 64.61176470588235
      vertex 45.15447154471542 130 98
      vertex 34 130 98
    endloop
  endfacet
  facet normal 0 0 1
    outer loop
      vertex 98.16300000000001 132 146
      vertex 84.16300000000001 132 146
      vertex 84.16300000000001 42 146
    endloop
  endfacet
  facet normal -1 0 0
    outer loop
      vertex 84.16300000000001 42 138
      vertex 84.16300000000001 132 146
      vertex 84.16300000000001 132 138
    endloop
  endfacet
  facet normal 1 0 0
    outer loop
      vertex 64.16300000000001 42 146
      vertex 64.16300000000001 132 138
      vertex 64.16300000000001 132 146
    endloop
  endfacet
  facet normal 0 0 -1
    outer loop
      vertex 64.16300000000001 42 138
      vertex 50.16300000000001 132 138
      vertex 64.16300000000001 132 138
    endloop
  endfacet
  facet normal 0 0 1
    outer loop
      vertex 64.16300000000001 42 146
      vertex 64.16300000000001 132 146
      vertex 50.34298009207038 134.79156223895612 146
    endloop
  endfacet
  facet normal 0 0 1
    outer loop
      vertex 64.16300000000001 42 146
      vertex 50.16300000000001 134.7777376811594 146
      vertex 50.16300000000001 132 146
    endloop
  endfacet
  facet normal 0 0 1
    outer loop
      vertex 64.16300000000001 42 146
      vertex 50.16300000000001 135.3442 146
      vertex 50.16300000000001 134.7777376811594 146
    endloop
  endfacet
  facet normal 0 0 1
    outer loop
      vertex 64.16300000000001 42 146
      vertex 50.34298009207038 134.79156223895612 146
      vertex 50.16300000000001 135.3442 146
    endloop
  endfacet
  facet normal -1 0 0
    outer loop
      vertex 50.16300000000001 42 138
      vertex 50.16300000000001 132 146
      vertex 50.16300000000001 132 138
    endloop
  endfacet
  facet normal 0 0 -1
    outer loop
      vertex 106 132 96
      vertex 53.89830508474574 132 96
      vertex 106 140 96
    endloop
  endfacet
  facet normal 0 1 0
    outer loop
      vertex 106 140 96
      vertex 53.89830508474574 140 96
      vertex 106 140 108
    endloop
  endfacet
  facet normal 0 -1 0
    outer loop
      vertex 106.79365079365078 132 96
      vertex 45.35593220338984 132 108
      vertex 106 132 96
    endloop
  endfacet
  facet normal 0 -1 0
    outer loop
      vertex 106.79365079365078 132 96
      vertex 106 132 108
      vertex 45.35593220338984 132 108
    endloop
  endfacet
  facet normal 0 0 1
    outer loop
      vertex 106 132 108
      vertex 106 140 108
      vertex 45.35593220338984 140 108
    endloop
  endfacet
  facet normal 0 0 -1
    outer loop
      vertex 106 140 96
      vertex 53.89830508474574 132 96
      vertex 53.89830508474574 140 96
    endloop
  endfacet
  facet normal 0 -1 0
    outer loop
      vertex 77.22811671087533 132 34.370026525198924
      vertex 53.89830508474574 132 96
      vertex 45.35593220338984 132 108
    endloop
  endfacet
  facet normal 0.8146653883328842 0 0.5799312933895109
    outer loop
      vertex 84.16300000000001 140 53.48530952380949
      vertex 53.89830508474574 140 96
      vertex 53.89830508474574 132 96
    endloop
  endfacet
  facet normal 0 -1 0
    outer loop
      vertex 64.16300000000001 132 62.682352941176475
      vertex 46 132 98
      vertex 62.95686274509802 132 62.682352941176475
    endloop
  endfacet
  facet normal 0 -1 0
    outer loop
      vertex 64.16300000000001 132 62.682352941176475
      vertex 46 132 106
      vertex 46 132 98
    endloop
  endfacet
  facet normal 0 1 0
    outer loop
      vertex 94.57627118644069 140 10
      vertex 27.397877984084857 140 133.2267904509284
      vertex 45.35593220338984 140 108
    endloop
  endfacet
  facet normal 0 -1 0
    outer loop
      vertex 62.95686274509802 132 62.682352941176475
      vertex 46 132 98
      vertex 45.15447154471542 132 98
    endloop
  endfacet
  facet normal 0 -1 0
    outer loop
      vertex 106 132 96
      vertex 45.35593220338984 132 108
      vertex 53.89830508474574 132 96
    endloop
  endfacet
  facet normal 0 0 1
    outer loop
      vertex 106 132 108
      vertex 45.35593220338984 140 108
      vertex 45.35593220338984 132 108
    endloop
  endfacet
  facet normal 0 1 0
    outer loop
      vertex 106 140 108
      vertex 53.89830508474574 140 96
      vertex 45.35593220338984 140 108
    endloop
  endfacet
  facet normal 0 -1 0
    outer loop
      vertex 64.16300000000001 132 62.682352941176475
      vertex 45.35593220338984 132 108
      vertex 46 132 106
    endloop
  endfacet
  facet normal 0.8929704922365972 -6.6028612319410474e-15 0.45011520746885386
    outer loop
      vertex 88 142 13
      vertex 26 142 136
      vertex 27.397877984084857 140 133.2267904509284
    endloop
  endfacet
  facet normal 0 -1 0
    outer loop
      vertex 106.1904761904762 132 134
      vertex 84.16300000000001 132 138
      vertex 64.16300000000001 132 138
    endloop
  endfacet
  facet normal 0 0 1
    outer loop
      vertex 106 139.06666666666666 146
      vertex 64.16300000000001 135.8531 146
      vertex 98.16300000000001 132 146
    endloop
  endfacet
  facet normal 0 0 1
    outer loop
      vertex 98.16300000000001 132 146
      vertex 64.16300000000001 135.8531 146
      vertex 84.16300000000001 132 146
    endloop
  endfacet
  facet normal 0 0 -1
    outer loop
      vertex 106 132 134
      vertex 27.008130081300806 132 134
      vertex 106 140 134
    endloop
  endfacet
  facet normal 0 -1 0
    outer loop
      vertex 106.1904761904762 132 134
      vertex 26 132 136
      vertex 106 132 134
    endloop
  endfacet
  facet normal 0 -1 0
    outer loop
      vertex 106.1904761904762 132 134
      vertex 64.16300000000001 132 138
      vertex 50.16300000000001 132 138
    endloop
  endfacet
  facet normal 0 -1 0
    outer loop
      vertex 84.16300000000001 132 138
      vertex 84.16300000000001 132 146
      vertex 64.16300000000001 132 138
    endloop
  endfacet
  facet normal 0 0 1
    outer loop
      vertex 106 139.06666666666666 146
      vertex 59.99999999999994 136 146
      vertex 64.16300000000001 135.8531 146
    endloop
  endfacet
  facet normal 0 1 0
    outer loop
      vertex 106 140 134
      vertex 27.008130081300806 140 134
      vertex 106 140 146
    endloop
  endfacet
  facet normal 0 -1 0
    outer loop
      vertex 84.16300000000001 132 146
      vertex 64.16300000000001 132 146
      vertex 64.16300000000001 132 138
    endloop
  endfacet
  facet normal 0 0 1
    outer loop
      vertex 84.16300000000001 132 146
      vertex 64.16300000000001 135.8531 146
      vertex 64.16300000000001 132 146
    endloop
  endfacet
  facet normal 0 0 1
    outer loop
      vertex 106 139.06666666666666 146
      vertex 106 140 146
      vertex 0 140 146
    endloop
  endfacet
  facet normal 0 -1 0
    outer loop
      vertex 106.1904761904762 132 134
      vertex 50.16300000000001 132 138
      vertex 20.80000000000001 132 138
    endloop
  endfacet
  facet normal 0 0 1
    outer loop
      vertex 64.16300000000001 132 146
      vertex 64.16300000000001 135.8531 146
      vertex 50.34298009207038 134.79156223895612 146
    endloop
  endfacet
  facet normal 0 0 1
    outer loop
      vertex 64.16300000000001 135.8531 146
      vertex 59.99999999999994 136 146
      vertex 50.34298009207038 134.79156223895612 146
    endloop
  endfacet
  facet normal 0 -1 0
    outer loop
      vertex 106 132 134
      vertex 26 132 136
      vertex 27.008130081300806 132 134
    endloop
  endfacet
  facet normal 0 -1 0
    outer loop
      vertex 106.1904761904762 132 134
      vertex 24.895350131611792 132 136.74224624368821
      vertex 26 132 136
    endloop
  endfacet
  facet normal 0 0 -1
    outer loop
      vertex 106 140 134
      vertex 27.008130081300806 132 134
      vertex 27.008130081300806 140 134
    endloop
  endfacet
  facet normal 0 -1 0
    outer loop
      vertex 106.1904761904762 132 134
      vertex 20.80000000000001 132 138
      vertex 24.895350131611792 132 136.74224624368821
    endloop
  endfacet
  facet normal 0 0 1
    outer loop
      vertex 106 139.06666666666666 146
      vertex 0 136 146
      vertex 59.99999999999994 136 146
    endloop
  endfacet
  facet normal 0 0 1
    outer loop
      vertex 59.99999999999994 136 146
      vertex 50.16300000000001 135.3442 146
      vertex 50.34298009207038 134.79156223895612 146
    endloop
  endfacet
  facet normal 0 1 0
    outer loop
      vertex 106 140 146
      vertex 27.008130081300806 140 134
      vertex 26 140 136
    endloop
  endfacet
  facet normal 0 1 0
    outer loop
      vertex 106 140 146
      vertex 26 140 136
      vertex 25.423728813559308 140 136
    endloop
  endfacet
  facet normal 0 1 0
    outer loop
      vertex 106 140 146
      vertex 25.423728813559308 140 136
      vertex 25.325776252528783 140 136.13760002620953
    endloop
  endfacet
  facet normal 0 1 0
    outer loop
      vertex 106 140 146
      vertex 25.325776252528783 140 136.13760002620953
      vertex 25.211042944785277 140 136.12576687116564
    endloop
  endfacet
  facet normal 0 1 0
    outer loop
      vertex 106 140 146
      vertex 25.211042944785277 140 136.12576687116564
      vertex 22 140 136
    endloop
  endfacet
  facet normal 0 1 0
    outer loop
      vertex 106 140 146
      vertex 22 140 136
      vertex 12 140 136
    endloop
  endfacet
  facet normal 0 0.7682212795973759 0.6401843996644798
    outer loop
      vertex 46 86 96
      vertex 34 141 30
      vertex 34 86 96
    endloop
  endfacet
  facet normal -1 0 0
    outer loop
      vertex 34 76 96
      vertex 34 86 96
      vertex 34 141 30
    endloop
  endfacet
  facet normal 0 0 -1
    outer loop
      vertex 46 41 98
      vertex 45.15447154471542 130 98
      vertex 46 132 98
    endloop
  endfacet
  facet normal 0 0 -1
    outer loop
      vertex 46 41 98
      vertex 34 130 98
      vertex 45.15447154471542 130 98
    endloop
  endfacet
  facet normal 1 0 0
    outer loop
      vertex 46 41 106
      vertex 46 132 98
      vertex 46 132 106
    endloop
  endfacet
  facet normal 0 0 1
    outer loop
      vertex 34 41 106
      vertex 46 132 106
      vertex 41.1219512195122 130 106
    endloop
  endfacet
  facet normal 0 0 1
    outer loop
      vertex 34 41 106
      vertex 41.1219512195122 130 106
      vertex 34 130 106
    endloop
  endfacet
  facet normal 0 0 -1
    outer loop
      vertex 26 41 98
      vertex 21.08943089430892 130 98
      vertex 26 130 98
    endloop
  endfacet
  facet normal -1 0 0
    outer loop
      vertex 34 41 98
      vertex 34 130 106
      vertex 34 130 98
    endloop
  endfacet
  facet normal 1 0 0
    outer loop
      vertex 26 41 106
      vertex 26 130 98
      vertex 26 130 106
    endloop
  endfacet
  facet normal 0 -1 0
    outer loop
      vertex 50.16300000000001 130 64.61176470588235
      vertex 34 130 98
      vertex 26 130 98
    endloop
  endfacet
  facet normal 0 -1 0
    outer loop
      vertex 50.16300000000001 130 64.61176470588235
      vertex 26 130 98
      vertex 21.08943089430892 130 98
    endloop
  endfacet
  facet normal 0 0 -1
    outer loop
      vertex 45.15447154471542 130 98
      vertex 45.15447154471542 132 98
      vertex 46 132 98
    endloop
  endfacet
  facet normal 0 0 1
    outer loop
      vertex 41.1219512195122 130 106
      vertex 46 132 106
      vertex 41.1219512195122 132 106
    endloop
  endfacet
  facet normal 0 -1 0
    outer loop
      vertex 34 130 98
      vertex 34 130 106
      vertex 26 130 98
    endloop
  endfacet
  facet normal 0 -1 0
    outer loop
      vertex 26 130 98
      vertex 34 130 106
      vertex 26 130 106
    endloop
  endfacet
  facet normal -1 0 0
    outer loop
      vertex 14 76 96
      vertex 14 86 96
      vertex 14 132 40.8
    endloop
  endfacet
  facet normal 0 0.768221279597376 0.6401843996644798
    outer loop
      vertex 26 86 96
      vertex 14 132 40.8
      vertex 14 86 96
    endloop
  endfacet
  facet normal 0 0 -1
    outer loop
      vertex 26 41 98
      vertex 14 132 98
      vertex 21.08943089430892 130 98
    endloop
  endfacet
  facet normal 0 0 1
    outer loop
      vertex 14 41 106
      vertex 26 130 106
      vertex 17.056910569105696 130 106
    endloop
  endfacet
  facet normal -1 0 0
    outer loop
      vertex 14 41 98
      vertex 14 132 106
      vertex 14 132 98
    endloop
  endfacet
  facet normal 0 0 1
    outer loop
      vertex 14 41 106
      vertex 17.056910569105696 130 106
      vertex 17.056910569105696 132 106
    endloop
  endfacet
  facet normal 0 0 1
    outer loop
      vertex 14 41 106
      vertex 17.056910569105696 132 106
      vertex 14 132 106
    endloop
  endfacet
  facet normal 0 0 -1
    outer loop
      vertex 21.08943089430892 130 98
      vertex 14 132 98
      vertex 21.089430894308975 132 98
    endloop
  endfacet
  facet normal -0.8929704922365985 0 -0.45011520746885125
    outer loop
      vertex 17.056910569105696 130 106
      vertex 16.04878048780489 132 108
      vertex 17.056910569105696 132 106
    endloop
  endfacet
  facet normal 0.8929704922365972 0 0.450115207468854
    outer loop
      vertex 41.1219512195122 130 106
      vertex 41.1219512195122 132 106
      vertex 26 130 136
    endloop
  endfacet
  facet normal 0 -1 0
    outer loop
      vertex 41.1219512195122 130 106
      vertex 26 130 136
      vertex 34 130 106
    endloop
  endfacet
  facet normal 0 -1 0
    outer loop
      vertex 34 130 106
      vertex 10 130 136
      vertex 26 130 106
    endloop
  endfacet
  facet normal 0.892970492236597 5.826005250696004e-15 0.45011520746885425
    outer loop
      vertex 26 130 136
      vertex 41.1219512195122 132 106
      vertex 27.397877984084857 132 133.2267904509284
    endloop
  endfacet
  facet normal 0 -1 0
    outer loop
      vertex 34 130 106
      vertex 26 130 136
      vertex 10 130 136
    endloop
  endfacet
  facet normal 0.8929704922365992 -1.5386200058946258e-15 0.45011520746885003
    outer loop
      vertex 26 130 136
      vertex 27.397877984084857 132 133.2267904509284
      vertex 27.008130081300806 132 134
    endloop
  endfacet
  facet normal 0.8929704922365985 0 0.45011520746885125
    outer loop
      vertex 26 130 136
      vertex 27.008130081300806 132 134
      vertex 26 132 136
    endloop
  endfacet
  facet normal 0 0 1
    outer loop
      vertex 26 130 136
      vertex 26 132 136
      vertex 25.423728813559308 132 136
    endloop
  endfacet
  facet normal 0 -1 0
    outer loop
      vertex 26 130 106
      vertex 10 130 120
      vertex 17.056910569105696 130 106
    endloop
  endfacet
  facet normal -0.8929704922365971 3.625678265753343e-15 -0.4501152074688541
    outer loop
      vertex 17.056910569105696 130 106
      vertex 10 130 120
      vertex 16.04878048780489 132 108
    endloop
  endfacet
  facet normal -0.8929704922365972 7.024751639897057e-15 -0.4501152074688537
    outer loop
      vertex 10 130 120
      vertex 14 132 112.06451612903228
      vertex 16.04878048780489 132 108
    endloop
  endfacet
  facet normal 0 -1 0
    outer loop
      vertex 26 130 106
      vertex 10 130 136
      vertex 10 130 120
    endloop
  endfacet
  facet normal -0.8929704922365966 0 -0.4501152074688551
    outer loop
      vertex 10 130 120
      vertex 10 132 120
      vertex 14 132 112.06451612903228
    endloop
  endfacet
  facet normal -1 0 0
    outer loop
      vertex 10 130 120
      vertex 10 132 136
      vertex 10 132 120
    endloop
  endfacet
  facet normal 0 0 1
    outer loop
      vertex 26 130 136
      vertex 25.423728813559308 132 136
      vertex 12.270096463022526 132 136
    endloop
  endfacet
  facet normal 0 0 1
    outer loop
      vertex 26 130 136
      vertex 12.270096463022526 132 136
      vertex 12 132 136
    endloop
  endfacet
  facet normal 0 0 1
    outer loop
      vertex 26 130 136
      vertex 12 132 136
      vertex 10 132 136
    endloop
  endfacet
  facet normal 0 0 1
    outer loop
      vertex 26 130 136
      vertex 10 132 136
      vertex 10 130 136
    endloop
  endfacet
  facet normal -1 0 0
    outer loop
      vertex 10 130 120
      vertex 10 130 136
      vertex 10 132 136
    endloop
  endfacet
  facet normal -0.8929704922365973 -7.383199377534081e-15 -0.4501152074688538
    outer loop
      vertex 65.4471544715447 142 10
      vertex 16.04878048780489 140 108
      vertex 10 142 120
    endloop
  endfacet
  facet normal 0 1 0
    outer loop
      vertex 65.4471544715447 142 10
      vertex 10 142 120
      vertex 26 142 136
    endloop
  endfacet
  facet normal 0 -1 0
    outer loop
      vertex 46 132 106
      vertex 45.35593220338984 132 108
      vertex 41.1219512195122 132 106
    endloop
  endfacet
  facet normal 0 -1 0
    outer loop
      vertex 13.809523809523796 132 12
      vertex 12.476190476190482 132 96
      vertex 10 132 120
    endloop
  endfacet
  facet normal 1 0 0
    outer loop
      vertex 14 140 31.200000000000003
      vertex 14 140 96
      vertex 14 132 96
    endloop
  endfacet
  facet normal 0 1 0
    outer loop
      vertex 0 140 0
      vertex 14 140 112.06451612903228
      vertex 14 140 108
    endloop
  endfacet
  facet normal 0 1 0
    outer loop
      vertex 0 140 0
      vertex 10 140 120
      vertex 14 140 112.06451612903228
    endloop
  endfacet
  facet normal -1 0 0
    outer loop
      vertex 0 132 0
      vertex 0 132.65753424657535 134
      vertex 0 134.08219178082192 108
    endloop
  endfacet
  facet normal 0 -1 0
    outer loop
      vertex 14 132 0
      vertex 10 132 120
      vertex 0 132 146
    endloop
  endfacet
  facet normal 0 1 0
    outer loop
      vertex 0 140 0
      vertex 10 140 136
      vertex 10 140 120
    endloop
  endfacet
  facet normal 0 1 0
    outer loop
      vertex 0 140 12
      vertex 0 140 96
      vertex 10 140 136
    endloop
  endfacet
  facet normal 0 0 -1
    outer loop
      vertex 22.09756097560978 132 96
      vertex 14 132 96
      vertex 22.097560975609724 140 96
    endloop
  endfacet
  facet normal 0 -1 0
    outer loop
      vertex 22.09756097560978 132 96
      vertex 21.089430894308975 132 98
      vertex 14 132 98
    endloop
  endfacet
  facet normal 0 -1 0
    outer loop
      vertex 22.09756097560978 132 96
      vertex 14 132 98
      vertex 14 132 96
    endloop
  endfacet
  facet normal 0 0 -1
    outer loop
      vertex 22.097560975609724 140 96
      vertex 14 132 96
      vertex 14 140 96
    endloop
  endfacet
  facet normal 0 1 0
    outer loop
      vertex 22.097560975609724 140 96
      vertex 14 140 96
      vertex 16.04878048780489 140 108
    endloop
  endfacet
  facet normal 0 -1 0
    outer loop
      vertex 14 132 96
      vertex 14 132 98
      vertex 12.285714285714278 132 108
    endloop
  endfacet
  facet normal 0 -1 0
    outer loop
      vertex 14 132 96
      vertex 12.285714285714278 132 108
      vertex 12.476190476190482 132 96
    endloop
  endfacet
  facet normal 0 -1 0
    outer loop
      vertex 14 132 98
      vertex 14 132 106
      vertex 12.285714285714278 132 108
    endloop
  endfacet
  facet normal 0 -1 0
    outer loop
      vertex 17.056910569105696 132 106
      vertex 16.04878048780489 132 108
      vertex 14 132 108
    endloop
  endfacet
  facet normal 0 -1 0
    outer loop
      vertex 17.056910569105696 132 106
      vertex 14 132 108
      vertex 14 132 106
    endloop
  endfacet
  facet normal 0 0 1
    outer loop
      vertex 16.04878048780489 132 108
      vertex 14 140 108
      vertex 14 132 108
    endloop
  endfacet
  facet normal 0 0 1
    outer loop
      vertex 16.04878048780489 132 108
      vertex 16.04878048780489 140 108
      vertex 14 140 108
    endloop
  endfacet
  facet normal 0 -1 0
    outer loop
      vertex 14 132 106
      vertex 14 132 108
      vertex 12.285714285714278 132 108
    endloop
  endfacet
  facet normal 0 -1 0
    outer loop
      vertex 12.476190476190482 132 96
      vertex 12.285714285714278 132 108
      vertex 10 132 120
    endloop
  endfacet
  facet normal 0 1 0
    outer loop
      vertex 14 140 96
      vertex 14 140 108
      vertex 16.04878048780489 140 108
    endloop
  endfacet
  facet normal -1 0 0
    outer loop
      vertex 0 132 0
      vertex 0 132 146
      vertex 0 132.65753424657535 134
    endloop
  endfacet
  facet normal -1 0 0
    outer loop
      vertex 0 137.36986301369862 96
      vertex 0 134.26865671641792 104.59701492537314
      vertex 0 140 96
    endloop
  endfacet
  facet normal -1 0 0
    outer loop
      vertex 0 134.26865671641792 104.59701492537314
      vertex 0 134.08219178082192 108
      vertex 0 140 108
    endloop
  endfacet
  facet normal -1 0 0
    outer loop
      vertex 0 140 96
      vertex 0 134.26865671641792 104.59701492537314
      vertex 0 140 108
    endloop
  endfacet
  facet normal 0.814665388332884 0 0.5799312933895112
    outer loop
      vertex 45.35593220338984 132 108
      vertex 45.35593220338984 140 108
      vertex 27.397877984084857 132 133.2267904509284
    endloop
  endfacet
  facet normal 0 -1 0
    outer loop
      vertex 45.35593220338984 132 108
      vertex 27.397877984084857 132 133.2267904509284
      vertex 41.1219512195122 132 106
    endloop
  endfacet
  facet normal 0.814665388332884 0 0.5799312933895112
    outer loop
      vertex 45.35593220338984 140 108
      vertex 27.397877984084857 140 133.2267904509284
      vertex 27.397877984084857 132 133.2267904509284
    endloop
  endfacet
  facet normal 0 1 0
    outer loop
      vertex 106 140 146
      vertex 12 140 136
      vertex 12 140 138
    endloop
  endfacet
  facet normal 0 -1 0
    outer loop
      vertex 50.16300000000001 132 138
      vertex 50.16300000000001 132 146
      vertex 20.80000000000001 132 138
    endloop
  endfacet
  facet normal 0 0 1
    outer loop
      vertex 50.16300000000001 132 146
      vertex 50.16300000000001 134.7777376811594 146
      vertex 14 132 146
    endloop
  endfacet
  facet normal 0 0 1
    outer loop
      vertex 50.16300000000001 134.7777376811594 146
      vertex 50.16300000000001 135.3442 146
      vertex 14 132 146
    endloop
  endfacet
  facet normal 0 0 1
    outer loop
      vertex 59.99999999999994 136 146
      vertex 0 136 146
      vertex 50.16300000000001 135.3442 146
    endloop
  endfacet
  facet normal 0 1 0
    outer loop
      vertex 106 140 146
      vertex 12 140 138
      vertex 0 140 146
    endloop
  endfacet
  facet normal 0 0 1
    outer loop
      vertex 106 139.06666666666666 146
      vertex 0 140 146
      vertex 0 136 146
    endloop
  endfacet
  facet normal 0.8929704922365992 0 0.45011520746885003
    outer loop
      vertex 27.397877984084857 132 133.2267904509284
      vertex 27.008130081300806 140 134
      vertex 27.008130081300806 132 134
    endloop
  endfacet
  facet normal 0.8929704922365992 0 0.45011520746885003
    outer loop
      vertex 27.397877984084857 132 133.2267904509284
      vertex 27.397877984084857 140 133.2267904509284
      vertex 27.008130081300806 140 134
    endloop
  endfacet
  facet normal 0 -1 0
    outer loop
      vertex 26 132 136
      vertex 24.895350131611792 132 136.74224624368821
      vertex 25.423728813559308 132 136
    endloop
  endfacet
  facet normal 0.8929704922365992 1.5386200058946258e-15 0.45011520746885003
    outer loop
      vertex 27.397877984084857 140 133.2267904509284
      vertex 26 142 136
      vertex 27.008130081300806 140 134
    endloop
  endfacet
  facet normal 0.8929704922365985 0 0.45011520746885125
    outer loop
      vertex 27.008130081300806 140 134
      vertex 26 142 136
      vertex 26 140 136
    endloop
  endfacet
  facet normal 0 1 0
    outer loop
      vertex 25.423728813559308 140 136
      vertex 25.211042944785277 140 136.12576687116564
      vertex 25.325776252528783 140 136.13760002620953
    endloop
  endfacet
  facet normal 0 1 0
    outer loop
      vertex 25.423728813559308 140 136
      vertex 22 140 136
      vertex 25.211042944785277 140 136.12576687116564
    endloop
  endfacet
  facet normal 0 -1 0
    outer loop
      vertex 25.423728813559308 132 136
      vertex 24.895350131611792 132 136.74224624368821
      vertex 20.80000000000001 132 138
    endloop
  endfacet
  facet normal 0 -1 0
    outer loop
      vertex 50.16300000000001 132 146
      vertex 14 132 146
      vertex 20.80000000000001 132 138
    endloop
  endfacet
  facet normal -0.8929704922365972 0 -0.4501152074688537
    outer loop
      vertex 16.04878048780489 132 108
      vertex 14 132 112.06451612903228
      vertex 16.04878048780489 140 108
    endloop
  endfacet
  facet normal -0.8929704922365972 0 -0.4501152074688537
    outer loop
      vertex 16.04878048780489 140 108
      vertex 14 132 112.06451612903228
      vertex 14 140 112.06451612903228
    endloop
  endfacet
  facet normal 0 -1 0
    outer loop
      vertex 14 132 108
      vertex 14 132 112.06451612903228
      vertex 12.285714285714278 132 108
    endloop
  endfacet
  facet normal 1 0 0
    outer loop
      vertex 14 132 108
      vertex 14 140 108
      vertex 14 132 112.06451612903228
    endloop
  endfacet
  facet normal 0 -1 0
    outer loop
      vertex 12.285714285714278 132 108
      vertex 14 132 112.06451612903228
      vertex 10 132 120
    endloop
  endfacet
  facet normal 1 0 0
    outer loop
      vertex 14 140 108
      vertex 14 140 112.06451612903228
      vertex 14 132 112.06451612903228
    endloop
  endfacet
  facet normal -0.8929704922365972 -6.634487659902776e-15 -0.4501152074688537
    outer loop
      vertex 16.04878048780489 140 108
      vertex 14 140 112.06451612903228
      vertex 10 142 120
    endloop
  endfacet
  facet normal -0.8929704922365966 0 -0.4501152074688551
    outer loop
      vertex 14 140 112.06451612903228
      vertex 10 140 120
      vertex 10 142 120
    endloop
  endfacet
  facet normal 0 1 0
    outer loop
      vertex 0 140 96
      vertex 0 140 108
      vertex 10 140 136
    endloop
  endfacet
  facet normal -1 0 0
    outer loop
      vertex 0 134.08219178082192 108
      vertex 0 140 134
      vertex 0 140 108
    endloop
  endfacet
  facet normal -1 0 0
    outer loop
      vertex 10 140 120
      vertex 10 140 136
      vertex 10 142 120
    endloop
  endfacet
  facet normal -1 0 0
    outer loop
      vertex 0 134.08219178082192 108
      vertex 0 132.65753424657535 134
      vertex 0 140 134
    endloop
  endfacet
  facet normal 0 1 0
    outer loop
      vertex 0 140 108
      vertex 0 140 134
      vertex 10 140 136
    endloop
  endfacet
  facet normal 0 0 1
    outer loop
      vertex 26 140 136
      vertex 10 142 136
      vertex 25.423728813559308 140 136
    endloop
  endfacet
  facet normal 0 0 1
    outer loop
      vertex 26 140 136
      vertex 26 142 136
      vertex 10 142 136
    endloop
  endfacet
  facet normal 0 0 1
    outer loop
      vertex 25.423728813559308 140 136
      vertex 10 142 136
      vertex 22 140 136
    endloop
  endfacet
  facet normal 0 -1 0
    outer loop
      vertex 25.423728813559308 132 136
      vertex 12 132 138
      vertex 12.270096463022526 132 136
    endloop
  endfacet
  facet normal 0 -1 0
    outer loop
      vertex 12.270096463022526 132 136
      vertex 12 132 138
      vertex 12 132 136
    endloop
  endfacet
  facet normal 0 1 0
    outer loop
      vertex 26 142 136
      vertex 10 142 120
      vertex 10 142 136
    endloop
  endfacet
  facet normal 0 0 1
    outer loop
      vertex 22 140 136
      vertex 10 142 136
      vertex 12 140 136
    endloop
  endfacet
  facet normal 0 -1 0
    outer loop
      vertex 25.423728813559308 132 136
      vertex 20.80000000000001 132 138
      vertex 12 132 138
    endloop
  endfacet
  facet normal 0 0 1
    outer loop
      vertex 50.16300000000001 135.3442 146
      vertex 0 132 146
      vertex 14 132 146
    endloop
  endfacet
  facet normal 0 -1 0
    outer loop
      vertex 20.80000000000001 132 138
      vertex 14 132 146
      vertex 12 132 138
    endloop
  endfacet
  facet normal 0 0 1
    outer loop
      vertex 50.16300000000001 135.3442 146
      vertex 0 136 146
      vertex 0 132 146
    endloop
  endfacet
  facet normal 0 -1 0
    outer loop
      vertex 12 132 136
      vertex 12 132 138
      vertex 10 132 136
    endloop
  endfacet
  facet normal 0 -1 0
    outer loop
      vertex 10 132 120
      vertex 10 132 136
      vertex 0 132 146
    endloop
  endfacet
  facet normal -1 0 0
    outer loop
      vertex 10 142 120
      vertex 10 140 136
      vertex 10 142 136
    endloop
  endfacet
  facet normal 0 1 0
    outer loop
      vertex 12 140 136
      vertex 10 140 136
      vertex 12 140 138
    endloop
  endfacet
  facet normal 0 0 1
    outer loop
      vertex 12 140 136
      vertex 10 142 136
      vertex 10 140 136
    endloop
  endfacet
  facet normal -1 0 0
    outer loop
      vertex 0 132.65753424657535 134
      vertex 0 136.17142857142858 139.74285714285713
      vertex 0 140 134
    endloop
  endfacet
  facet normal 0 -1 0
    outer loop
      vertex 12 132 138
      vertex 0 132 146
      vertex 10 132 136
    endloop
  endfacet
  facet normal 0 -1 0
    outer loop
      vertex 12 132 138
      vertex 14 132 146
      vertex 0 132 146
    endloop
  endfacet
  facet normal 0 1 0
    outer loop
      vertex 12 140 138
      vertex 10 140 136
      vertex 0 140 146
    endloop
  endfacet
  facet normal -1 0 0
    outer loop
      vertex 0 132.65753424657535 134
      vertex 0 132 146
      vertex 0 136.17142857142858 139.74285714285713
    endloop
  endfacet
  facet normal -1 0 0
    outer loop
      vertex 0 136.17142857142858 139.74285714285713
      vertex 0 132 146
      vertex 0 136 146
    endloop
  endfacet
  facet normal -1 0 0
    outer loop
      vertex 0 136.17142857142858 139.74285714285713
      vertex 0 136 146
      vertex 0 140 146
    endloop
  endfacet
  facet normal 0 1 0
    outer loop
      vertex 10 140 136
      vertex 0 140 134
      vertex 0 140 146
    endloop
  endfacet
  facet normal -1 0 0
    outer loop
      vertex 0 140 134
      vertex 0 136.17142857142858 139.74285714285713
      vertex 0 140 146
    endloop
  endfacet
endsolid OpenSCAD_Model
