time_s,phase,compression_m,compression_rate_m_s,force_n,elastic_force_n,damping_force_n,axis,repeat,solver_timestep_s
0.0,preconditioning_load,0.0,0.0,0.0,0.0,0.0,x,1,0.00025
0.07619999999999999,preconditioning_load,0.000254,0.0033333333333333335,0.43446141292539586,0.4343980956650968,6.331726029906726e-05,x,1,0.00025
0.15239999999999998,preconditioning_load,0.000508,0.0033333333333333335,1.2288424449737447,1.2286633567172502,0.00017908825649448623,x,1,0.00025
0.22859999999999994,preconditioning_load,0.0007619999999999999,0.0033333333333333335,2.257527723344842,2.2571987172093397,0.0003290061355021301,x,1,0.00025
0.30479999999999996,preconditioning_load,0.001016,0.0033333333333333335,3.475691303403167,3.4751847653207744,0.0005065380823925381,x,1,0.00025
0.381,preconditioning_load,0.00127,0.0033333333333333335,4.857426264508956,4.856718356018067,0.0007079084908889755,x,1,0.00025
0.4571999999999999,preconditioning_load,0.0015239999999999997,0.0033333333333333335,6.385252647575064,6.384322077697202,0.0009305698778625526,x,1,0.00025
0.5333999999999999,preconditioning_load,0.0017779999999999998,0.0033333333333333335,8.046337969980383,8.04516531790924,0.0011726520711441424,x,1,0.00025
0.6095999999999999,preconditioning_load,0.002032,0.0033333333333333335,9.830739559789958,9.829306853738002,0.0014327060519558898,x,1,0.00025
0.6857999999999999,preconditioning_load,0.002286,0.0033333333333333335,11.730458148985687,11.728748582957612,0.0017095660280741498,x,1,0.00025
0.7619999999999999,preconditioning_load,0.00254,0.0033333333333333335,13.738876202991694,13.736873935414225,0.002002267577468686,x,1,0.00025
0.8381999999999997,preconditioning_load,0.0027939999999999996,0.0033333333333333335,15.850400418173221,15.848090422626402,0.002309995546818655,x,1,0.00025
0.9143999999999997,preconditioning_load,0.0030479999999999995,0.0033333333333333335,18.060221786758735,18.057589737674718,0.0026320490840170407,x,1,0.00025
0.9905999999999997,preconditioning_load,0.003302,0.0033333333333333335,20.364147719669624,20.361179902497433,0.0029678171721911895,x,1,0.00025
1.0667999999999997,preconditioning_load,0.0035559999999999997,0.0033333333333333335,22.758480569167713,22.755163808241797,0.003316760925915929,x,1,0.00025
1.1429999999999998,preconditioning_load,0.00381,0.0033333333333333335,25.239927252447032,25.236248852027046,0.0036784004199859055,x,1,0.00025
1.2191999999999998,preconditioning_load,0.004064,0.0033333333333333335,27.805530427225335,27.801478122566195,0.0040523046591403045,x,1,0.00025
1.2953999999999999,preconditioning_load,0.004318,0.0033333333333333335,30.452615027690452,30.44817694390411,0.004438083786343583,x,1,0.00025
1.3716,preconditioning_load,0.004572,0.0033333333333333335,33.17874601429111,33.17391063136576,0.004835382925350018,x,1,0.00025
1.4478,preconditioning_load,0.0048259999999999996,0.0033333333333333335,35.981694482384235,35.97645060514275,0.005243877241483119,x,1,0.00025
1.5240000000000002,preconditioning_load,0.00508,0.0033333333333333335,38.85941011607165,38.85374684814454,0.005663267927111804,x,1,0.00025
1.6002000000000003,preconditioning_load,0.005334,0.0033333333333333335,41.80999853662994,41.80390525772947,0.006093278900472399,x,1,0.00025
1.6764,preconditioning_load,0.005587999999999999,0.0033333333333333335,44.831702480849486,44.82516882678682,0.006533654062664596,x,1,0.00025
1.7526,preconditioning_load,0.005841999999999999,0.0033333333333333335,47.922886014723744,47.915901859726766,0.00698415499697802,x,1,0.00025
1.8288,preconditioning_load,0.006095999999999999,0.0033333333333333335,51.08202118060051,51.07457662157761,0.007444559022900421,x,1,0.00025
1.9050000000000002,preconditioning_load,0.00635,0.0033333333333333335,54.30767661567448,54.2997619581371,0.007914657537384073,x,1,0.00025
1.9812000000000003,preconditioning_load,0.006604,0.0033333333333333335,57.598507782651836,57.59011352806072,0.00839425459111709,x,1,0.00025
2.0574000000000003,preconditioning_load,0.0068579999999999995,0.0033333333333333335,60.95324853031074,60.94436536465218,0.008883165658559733,x,1,0.00025
2.1336000000000004,preconditioning_load,0.007111999999999999,0.0033333333333333335,64.37070375984307,64.36132254327391,0.009381216569153139,x,1,0.00025
2.2098000000000004,preconditioning_load,0.007365999999999999,0.0033333333333333335,67.84974301736942,67.83985477479587,0.009888242573552475,x,1,0.00025
2.2860000000000005,preconditioning_load,0.00762,0.0033333333333333335,71.38929486744176,71.3788907799182,0.01040408752356825,x,1,0.00025
2.3622,preconditioning_load,0.007873999999999999,0.0033333333333333335,74.98834192923472,74.97741332608592,0.010928603148798288,x,1,0.00025
2.4384,preconditioning_load,0.008128,0.0033333333333333335,78.64591647831966,78.63445482990402,0.011461648415647119,x,1,0.00025
2.5145999999999997,preconditioning_load,0.008381999999999999,0.0033333333333333335,82.36109653376099,82.34909344480394,0.012003088957044383,x,1,0.00025
2.5907999999999998,preconditioning_load,0.008636,0.0033333333333333335,86.13300236377312,86.12044956720993,0.012552796563184643,x,1,0.00025
2.667,preconditioning_load,0.00889,0.0033333333333333335,89.96079335406901,89.94768270534384,0.013110648725174201,x,1,0.00025
2.7431999999999994,preconditioning_load,0.009144,0.0033333333333333335,93.84366519188549,93.8299886636609,0.013676528224593199,x,1,0.00025
2.8193999999999995,preconditioning_load,0.009398,0.0033333333333333335,97.78084732591178,97.76659700314845,0.014250322763331269,x,1,0.00025
2.895599999999999,preconditioning_load,0.009651999999999999,0.0033333333333333335,101.77160066830588,101.75676874367723,0.014831924628651905,x,1,0.00025
2.971799999999999,preconditioning_load,0.009906,0.0033333333333333335,105.81521550991704,105.7997942795276,0.015421230389435436,x,1,0.00025
3.047999999999999,preconditioning_load,0.01016,0.0033333333333333335,109.91100962393355,109.8949914833138,0.016018140619749488,x,1,0.00025
3.1241999999999988,preconditioning_load,0.010414,0.0033333333333333335,114.05832653660886,114.04170397696204,0.016622559646819468,x,1,0.00025
3.200399999999999,preconditioning_load,0.010668,0.0033333333333333335,118.25653394660266,118.23929955128192,0.01723439532074167,x,1,0.00025
3.276599999999999,preconditioning_load,0.010922000000000001,0.0033333333333333335,122.50502227690585,122.4871687181025,0.017853558803352598,x,1,0.00025
3.352799999999998,preconditioning_load,0.011175999999999998,0.0033333333333333335,126.80320334538577,126.78472338101122,0.01847996437454924,x,1,0.00025
3.428999999999999,preconditioning_load,0.011430000000000001,0.0033333333333333335,131.1505091417418,131.1313956124878,0.019113529253985462,x,1,0.00025
3.505199999999998,preconditioning_load,0.011683999999999998,0.0033333333333333335,135.5463907001645,135.5266365267276,0.019754173436894007,x,1,0.00025
3.581399999999998,preconditioning_load,0.011937999999999999,0.0033333333333333335,139.99031705828023,139.96991523873808,0.02040181954214404,x,1,0.00025
3.6575999999999977,preconditioning_load,0.012191999999999998,0.0033333333333333335,144.48177429406988,144.46071790139774,0.021056392672136326,x,1,0.00025
3.733799999999998,preconditioning_load,0.012445999999999999,0.0033333333333333335,149.02026463341076,148.99854681312817,0.021717820282589173,x,1,0.00025
3.809999999999998,preconditioning_load,0.0127,0.0033333333333333335,153.6053056217181,153.58291958965629,0.022386032061803007,x,1,0.00025
3.8861999999999974,preconditioning_load,0.012953999999999999,0.0033333333333333335,158.23642935388608,158.21336839406752,0.023060959818565152,x,1,0.00025
3.9623999999999975,preconditioning_load,0.013208,0.0033333333333333335,162.913181757357,162.88943921997947,0.023742537377529516,x,1,0.00025
4.038599999999997,preconditioning_load,0.013461999999999998,0.0033333333333333335,167.63512192369492,167.61069122321305,0.024430700481872236,x,1,0.00025
4.114799999999997,preconditioning_load,0.013715999999999999,0.0033333333333333335,172.40182148452672,172.37669609782444,0.02512538670228537,x,1,0.00025
4.190999999999997,preconditioning_load,0.01397,0.0033333333333333335,177.21286402813206,177.18703749278004,0.025826535352024393,x,1,0.00025
4.267199999999997,preconditioning_load,0.014223999999999999,0.0033333333333333335,182.0678445533417,182.04131046593437,0.026534087407327434,x,1,0.00025
4.343399999999997,preconditioning_load,0.014478,0.0033333333333333335,186.9663689577307,186.93912097229799,0.027247985432723,x,1,0.00025
4.419599999999997,preconditioning_load,0.014731999999999999,0.0033333333333333335,191.9080535573861,191.88008538387498,0.027968173511112582,x,1,0.00025
4.495799999999997,preconditioning_load,0.014986,0.0033333333333333335,196.89252463578862,196.86383003861056,0.028694597178059666,x,1,0.00025
4.571999999999997,preconditioning_load,0.01524,0.0033333333333333335,201.91941801957626,201.88999081621637,0.029427203359887244,x,1,0.00025
4.6481999999999974,preconditioning_load,0.015493999999999999,0.0033333333333333335,206.98837867916572,206.9582127388502,0.030165940315526996,x,1,0.00025
4.7243999999999975,preconditioning_load,0.015747999999999998,0.0033333333333333335,212.09906035238953,212.06814959480786,0.030910757581665393,x,1,0.00025
4.8005999999999975,preconditioning_load,0.016002,0.0033333333333333335,217.25112518947037,217.21946358354947,0.0316616059209025,x,1,0.00025
4.876799999999998,preconditioning_load,0.016256,0.0033333333333333335,222.44424341780268,222.41182498052956,0.032418437273122436,x,1,0.00025
4.952999999999998,preconditioning_load,0.01651,0.0033333333333333335,227.67809302514308,227.644911820434,0.0331812047090807,x,1,0.00025
5.029199999999997,preconditioning_load,0.016763999999999998,0.0033333333333333335,232.952359459929,232.91840959754217,0.03394986238683373,x,1,0.00025
5.105399999999997,preconditioning_load,0.017018,0.0033333333333333335,238.26673534755417,238.2320109820437,0.034724365510470534,x,1,0.00025
5.181599999999997,preconditioning_load,0.017272,0.0033333333333333335,243.62092022152362,243.58541555123287,0.03550467029074866,x,1,0.00025
5.257799999999997,preconditioning_load,0.017526,0.0033333333333333335,249.0146202685006,248.9783295345925,0.036290733908117545,x,1,0.00025
5.333999999999997,preconditioning_load,0.01778,0.0033333333333333335,254.44754808633564,254.4104655718583,0.03708251447733346,x,1,0.00025
5.410199999999996,preconditioning_load,0.018033999999999998,0.0033333333333333335,259.9194224542395,259.8815424832255,0.03787997101403562,x,1,0.00025
5.486399999999996,preconditioning_load,0.018288,0.0033333333333333335,265.42996811432886,265.39128505092606,0.038683063402800144,x,1,0.00025
5.562599999999996,preconditioning_load,0.018542,0.0033333333333333335,270.9789155638286,270.9394238114615,0.03949175236709834,x,1,0.00025
5.638799999999996,preconditioning_load,0.018796,0.0033333333333333335,276.56600085727484,276.52569485783465,0.04030599944019286,x,1,0.00025
5.714999999999996,preconditioning_load,0.01905,0.0033333333333333335,282.19096541810535,282.14983965116755,0.041125766937796016,x,1,0.00025
5.7911999999999955,preconditioning_load,0.019303999999999998,0.0033333333333333335,287.8535558590739,287.811604841142,0.04195101793186495,x,1,0.00025
5.8673999999999955,preconditioning_load,0.019558,0.0033333333333333335,293.5535238109637,293.5107420947379,0.042781716225817945,x,1,0.00025
5.9435999999999956,preconditioning_load,0.019812,0.0033333333333333335,299.29062575911314,299.2470079327827,0.04361782633043276,x,1,0.00025
6.019799999999995,preconditioning_load,0.020065999999999997,0.0033333333333333335,305.06462288730114,305.02016357385986,0.044459313441279846,x,1,0.00025
6.095999999999996,preconditioning_load,0.02032,0.0033333333333333335,310.8752809285732,310.8299747851563,0.04530614341689443,x,1,0.00025
6.172199999999995,preconditioning_load,0.020574,0.0033333333333333335,316.7223700226136,316.67621173985555,0.04615828275802869,x,1,0.00025
6.248399999999995,preconditioning_load,0.020828,0.0033333333333333335,322.60566457930264,322.5586488807149,0.04701569858775656,x,1,0.00025
6.324599999999995,preconditioning_load,0.021082,0.0033333333333333335,328.5249431481143,328.47706478948174,0.04787835863254486,x,1,0.00025
6.400799999999995,preconditioning_load,0.021336,0.0033333333333333335,334.4799882930395,334.43124206183575,0.04874623120377919,x,1,0.00025
6.476999999999994,preconditioning_load,0.021589999999999998,0.0033333333333333335,340.4705864727374,340.4209671875569,0.04961928518048353,x,1,0.00025
6.553199999999995,preconditioning_load,0.021844000000000002,0.0033333333333333335,346.49652792563677,346.4460304356441,0.05049748999266512,x,1,0.00025
6.629399999999994,preconditioning_load,0.022098,0.0033333333333333335,352.5576065597266,352.5062257441217,0.05138081560488672,x,1,0.00025
6.705599999999993,preconditioning_load,0.022351999999999997,0.0033333333333333335,358.6536198467959,358.6013506142946,0.052269232501316765,x,1,0.00025
6.781799999999993,preconditioning_load,0.022605999999999998,0.0033333333333333335,364.78436872089054,364.73120600922,0.0531627116705522,x,1,0.00025
6.857999999999994,preconditioning_load,0.022860000000000002,0.0033333333333333335,370.94965748077567,370.89559625618404,0.05406122459163498,x,1,0.00025
6.9341999999999935,preconditioning_load,0.023114,0.0033333333333333335,377.14929369620234,377.09432895298204,0.054964743220295986,x,1,0.00025
7.010399999999993,preconditioning_load,0.023367999999999996,0.0033333333333333335,383.38308811778995,383.32721487781413,0.05587323997582416,x,1,0.00025
7.086599999999994,preconditioning_load,0.023622,0.0033333333333333335,389.6508545903464,389.59406790261795,0.056786687728447305,x,1,0.00025
7.162799999999993,preconditioning_load,0.023875999999999998,0.0033333333333333335,395.952409969459,395.8947049096718,0.057705059787167556,x,1,0.00025
7.238999999999993,preconditioning_load,0.02413,0.0033333333333333335,402.28757404120125,402.22894571131314,0.05862832988810851,x,1,0.00025
7.315199999999992,preconditioning_load,0.024383999999999996,0.0033333333333333335,408.6561694448041,408.5966129726209,0.05955647218320337,x,1,0.00025
7.391399999999993,preconditioning_load,0.024638,0.0033333333333333335,415.0580215981555,414.9975321369263,0.06048946122922416,x,1,0.00025
7.467599999999992,preconditioning_load,0.024891999999999997,0.0033333333333333335,421.4929586259944,421.4315313540168,0.06142727197760678,x,1,0.00025
7.543799999999992,preconditioning_load,0.025145999999999998,0.0033333333333333335,427.96081129067693,427.8984414109128,0.06236987976410546,x,1,0.00025
7.619999999999992,preconditioning_load,0.0254,0.0033333333333333335,434.46141292539585,434.3980956650968,0.06331726029907259,x,1,0.00025
7.696199999999992,preconditioning_unload,0.025145999999999998,-0.0033333333333333335,425.7483943208597,425.8107642006238,-0.06236987976410546,x,1,0.00025
7.772399999999992,preconditioning_unload,0.024891999999999997,-0.0033333333333333335,417.2471626186813,417.3085898906589,-0.06142727197760678,x,1,0.00025
7.848599999999991,preconditioning_unload,0.024638,-0.0033333333333333335,408.8310948293088,408.89158429053805,-0.06048946122922416,x,1,0.00025
7.924799999999992,preconditioning_unload,0.024383999999999996,-0.0033333333333333335,400.5002026035283,400.5597590757115,-0.05955647218320337,x,1,0.00025
8.000999999999992,preconditioning_unload,0.02413,-0.0033333333333333335,392.25449771436337,392.3131260442515,-0.05862832988810851,x,1,0.00025
8.077199999999992,preconditioning_unload,0.023875999999999998,-0.0033333333333333335,384.0939920596489,384.15169711943605,-0.057705059787167556,x,1,0.00025
8.153399999999992,preconditioning_unload,0.023622,-0.0033333333333333335,376.0186976646901,376.0754843524185,-0.056786687728447305,x,1,0.00025
8.229599999999994,preconditioning_unload,0.023367999999999996,-0.0033333333333333335,368.0286266850045,368.0844999249803,-0.05587323997582416,x,1,0.00025
8.305799999999994,preconditioning_unload,0.023114,-0.0033333333333333335,360.12379140915584,360.17875615237614,-0.054964743220295986,x,1,0.00025
8.381999999999994,preconditioning_unload,0.022860000000000002,-0.0033333333333333335,352.304204261678,352.35826548626966,-0.05406122459163498,x,1,0.00025
8.458199999999996,preconditioning_unload,0.022605999999999998,-0.0033333333333333335,344.56987780609916,344.6230405177697,-0.0531627116705522,x,1,0.00025
8.534399999999996,preconditioning_unload,0.022351999999999997,-0.0033333333333333335,336.9208247480669,336.9730939805682,-0.052269232501316765,x,1,0.00025
8.610599999999996,preconditioning_unload,0.022098,-0.0033333333333333335,329.3570579385785,329.4084387541834,-0.05138081560488672,x,1,0.00025
8.686799999999996,preconditioning_unload,0.021844000000000002,-0.0033333333333333335,321.8785903773235,321.9290878673162,-0.05049748999266512,x,1,0.00025
8.762999999999998,preconditioning_unload,0.021589999999999998,-0.0033333333333333335,314.48543521614283,314.5350545013233,-0.04961928518048353,x,1,0.00025
8.839199999999998,preconditioning_unload,0.021336,-0.0033333333333333335,307.1776057626093,307.22635199381307,-0.04874623120377919,x,1,0.00025
8.915399999999998,preconditioning_unload,0.021082,-0.0033333333333333335,299.9551154837355,300.002993842368,-0.04787835863254486,x,1,0.00025
8.991599999999998,preconditioning_unload,0.020828,-0.0033333333333333335,292.81797800981616,292.8649937084039,-0.04701569858775656,x,1,0.00025
9.067799999999998,preconditioning_unload,0.020574,-0.0033333333333333335,285.76620713841055,285.8123654211686,-0.04615828275802869,x,1,0.00025
9.143999999999998,preconditioning_unload,0.02032,-0.0033333333333333335,278.7998168384713,278.8451229818882,-0.04530614341689443,x,1,0.00025
9.2202,preconditioning_unload,0.020065999999999997,-0.0033333333333333335,271.9188212546287,271.96328056807,-0.044459313441279846,x,1,0.00025
9.2964,preconditioning_unload,0.019812,-0.0033333333333333335,265.12323471163734,265.16685253796777,-0.04361782633043276,x,1,0.00025
9.3726,preconditioning_unload,0.019558,-0.0033333333333333335,258.41307171899206,258.4558534352179,-0.042781716225817945,x,1,0.00025
9.4488,preconditioning_unload,0.019303999999999998,-0.0033333333333333335,251.78834697572486,251.83029799365673,-0.04195101793186495,x,1,0.00025
9.525,preconditioning_unload,0.01905,-0.0033333333333333335,245.24907537539,245.29020114232776,-0.041125766937767594,x,1,0.00025
9.6012,preconditioning_unload,0.018796,-0.0033333333333333335,238.79527201124753,238.83557801068773,-0.04030599944019286,x,1,0.00025
9.6774,preconditioning_unload,0.018542,-0.0033333333333333335,232.42695218165755,232.46644393402465,-0.03949175236709834,x,1,0.00025
9.7536,preconditioning_unload,0.018288,-0.0033333333333333335,226.14413139569413,226.18281445909693,-0.038683063402800144,x,1,0.00025
9.8298,preconditioning_unload,0.018033999999999998,-0.0033333333333333335,219.94682537899342,219.98470535000743,-0.0378799710140072,x,1,0.00025
9.906,preconditioning_unload,0.01778,-0.0033333333333333335,213.83505007984814,213.87213259432548,-0.03708251447733346,x,1,0.00025
9.9822,preconditioning_unload,0.017526,-0.0033333333333333335,207.80882167556146,207.84511240946958,-0.036290733908117545,x,1,0.00025
10.0584,preconditioning_unload,0.017272,-0.0033333333333333335,201.8681565790776,201.90366124936835,-0.03550467029074866,x,1,0.00025
10.1346,preconditioning_unload,0.017018,-0.0033333333333333335,196.013071445903,196.04779581141347,-0.034724365510470534,x,1,0.00025
10.2108,preconditioning_unload,0.016763999999999998,-0.0033333333333333335,190.2435831813368,190.27753304372362,-0.03394986238683373,x,1,0.00025
10.287,preconditioning_unload,0.01651,-0.0033333333333333335,184.55970894802843,184.5928901527375,-0.0331812047090807,x,1,0.00025
10.3632,preconditioning_unload,0.016256,-0.0033333333333333335,178.96146617388314,178.99388461115626,-0.032418437273122436,x,1,0.00025
10.439400000000001,preconditioning_unload,0.016002,-0.0033333333333333335,173.44887256033647,173.48053416625737,-0.0316616059209025,x,1,0.00025
10.515600000000001,preconditioning_unload,0.015747999999999998,-0.0033333333333333335,168.02194609102136,168.05285684860303,-0.030910757581665393,x,1,0.00025
10.591800000000001,preconditioning_unload,0.015493999999999999,-0.0033333333333333335,162.68070504085284,162.71087098116837,-0.030165940315526996,x,1,0.00025
10.668000000000001,preconditioning_unload,0.01524,-0.0033333333333333335,157.42516798555755,157.45459518891744,-0.029427203359887244,x,1,0.00025
10.744200000000001,preconditioning_unload,0.014986,-0.0033333333333333335,152.25535381167796,152.28404840885602,-0.028694597178059666,x,1,0.00025
10.820400000000001,preconditioning_unload,0.014731999999999999,-0.0033333333333333335,147.17128172708294,147.19924990059405,-0.027968173511112582,x,1,0.00025
10.896600000000001,preconditioning_unload,0.014478,-0.0033333333333333335,142.17297127201928,142.200219257452,-0.027247985432723,x,1,0.00025
10.972800000000001,preconditioning_unload,0.014223999999999999,-0.0033333333333333335,137.26044233074256,137.2869764181499,-0.026534087407327434,x,1,0.00025
11.049000000000001,preconditioning_unload,0.01397,-0.0033333333333333335,132.4337151437678,132.45954167911984,-0.025826535352024393,x,1,0.00025
11.125200000000001,preconditioning_unload,0.013715999999999999,-0.0033333333333333335,127.69281032078486,127.71793570748714,-0.02512538670228537,x,1,0.00025
11.201400000000001,preconditioning_unload,0.013461999999999998,-0.0033333333333333335,123.03774885428808,123.06217955476995,-0.024430700481872236,x,1,0.00025
11.277600000000001,preconditioning_unload,0.013208,-0.0033333333333333335,118.46855213397323,118.49229467135078,-0.023742537377543727,x,1,0.00025
11.353800000000001,preconditioning_unload,0.012953999999999999,-0.0033333333333333335,113.98524196195966,114.00830292177824,-0.023060959818579363,x,1,0.00025
11.430000000000001,preconditioning_unload,0.0127,-0.0033333333333333335,109.5878405689042,109.61022660096602,-0.022386032061817218,x,1,0.00025
11.506200000000002,preconditioning_unload,0.012445999999999999,-0.0033333333333333335,105.27637063107515,105.29808845135773,-0.021717820282574962,x,1,0.00025
11.582400000000002,preconditioning_unload,0.012191999999999998,-0.0033333333333333335,101.05085528846563,101.07191168113776,-0.021056392672136326,x,1,0.00025
11.658600000000002,preconditioning_unload,0.011937999999999999,-0.0033333333333333335,96.9113181640321,96.93171998357424,-0.02040181954214404,x,1,0.00025
11.734800000000002,preconditioning_unload,0.011683999999999998,-0.0033333333333333335,92.85778338415257,92.87753755758945,-0.019754173436879796,x,1,0.00025
11.811000000000002,preconditioning_unload,0.011430000000000001,-0.0033333333333333335,88.89027560041059,88.90938912966459,-0.019113529253999673,x,1,0.00025
11.887200000000002,preconditioning_unload,0.011175999999999998,-0.0033333333333333335,85.00882001282106,85.02729997719561,-0.01847996437454924,x,1,0.00025
11.963400000000002,preconditioning_unload,0.010922000000000001,-0.0033333333333333335,81.21344239462884,81.2312959534322,-0.017853558803352598,x,1,0.00025
12.039600000000002,preconditioning_unload,0.010668,-0.0033333333333333335,77.50416911882397,77.52140351414471,-0.01723439532074167,x,1,0.00025
12.115800000000002,preconditioning_unload,0.010414,-0.0033333333333333335,73.88102718653717,73.89764974618399,-0.016622559646819468,x,1,0.00025
12.192000000000002,preconditioning_unload,0.01016,-0.0033333333333333335,70.34404425749632,70.36006239811607,-0.016018140619749488,x,1,0.00025
12.268200000000002,preconditioning_unload,0.009906,-0.0033333333333333335,66.89324868274831,66.90866991313774,-0.015421230389435436,x,1,0.00025
12.344400000000002,preconditioning_unload,0.009651999999999999,-0.0033333333333333335,63.52866953987692,63.543501464505574,-0.014831924628651905,x,1,0.00025
12.420600000000002,preconditioning_unload,0.009398,-0.0033333333333333335,60.25033667097658,60.26458699373991,-0.014250322763331269,x,1,0.00025
12.496800000000002,preconditioning_unload,0.009144,-0.0033333333333333335,57.05828072367701,57.07195725190161,-0.013676528224600304,x,1,0.00025
12.573000000000002,preconditioning_unload,0.00889,-0.0033333333333333335,53.95253319555432,53.9656438442795,-0.013110648725181306,x,1,0.00025
12.649200000000002,preconditioning_unload,0.008636,-0.0033333333333333335,50.933126482311515,50.9456792788747,-0.012552796563184643,x,1,0.00025
12.725400000000002,preconditioning_unload,0.008381999999999999,-0.0033333333333333335,48.00009393016699,48.01209701912403,-0.012003088957037278,x,1,0.00025
12.801600000000002,preconditioning_unload,0.008128,-0.0033333333333333335,45.15346989295529,45.16493154137094,-0.011461648415647119,x,1,0.00025
12.877800000000002,preconditioning_unload,0.007873999999999999,-0.0033333333333333335,42.39328979452206,42.40421839767086,-0.010928603148798288,x,1,0.00025
12.954000000000002,preconditioning_unload,0.00762,-0.0033333333333333335,39.719590197088394,39.72999428461196,-0.01040408752356825,x,1,0.00025
13.030200000000002,preconditioning_unload,0.007365999999999999,-0.0033333333333333335,37.132408876370114,37.14229711894367,-0.009888242573552475,x,1,0.00025
13.106400000000002,preconditioning_unload,0.007111999999999999,-0.0033333333333333335,34.63178490437149,34.64116612094065,-0.009381216569160244,x,1,0.00025
13.182600000000003,preconditioning_unload,0.0068579999999999995,-0.0033333333333333335,32.21775874093507,32.22664190659363,-0.008883165658559733,x,1,0.00025
13.258800000000003,preconditioning_unload,0.006604,-0.0033333333333333335,29.890372335325953,29.89876658991707,-0.00839425459111709,x,1,0.00025
13.335000000000003,preconditioning_unload,0.00635,-0.0033333333333333335,27.649669239372084,27.65758389690947,-0.007914657537384073,x,1,0.00025
13.411200000000003,preconditioning_unload,0.006095999999999999,-0.0033333333333333335,25.4956947339804,25.503139293003297,-0.007444559022896868,x,1,0.00025
13.487400000000003,preconditioning_unload,0.005841999999999999,-0.0033333333333333335,23.428495971222837,23.435480126219815,-0.00698415499697802,x,1,0.00025
13.563600000000003,preconditioning_unload,0.005587999999999999,-0.0033333333333333335,21.448122134654138,21.454655788716803,-0.006533654062664596,x,1,0.00025
13.639800000000003,preconditioning_unload,0.005334,-0.0033333333333333335,19.554624621118297,19.56071790001877,-0.006093278900472399,x,1,0.00025
13.716000000000003,preconditioning_unload,0.00508,-0.0033333333333333335,17.748057248061038,17.75372051598815,-0.005663267927111804,x,1,0.00025
13.792200000000003,preconditioning_unload,0.0048259999999999996,-0.0033333333333333335,16.028476491351057,16.03372036859254,-0.005243877241483119,x,1,0.00025
13.868400000000003,preconditioning_unload,0.004572,-0.0033333333333333335,14.39594175990183,14.400777142827181,-0.004835382925351794,x,1,0.00025
13.944600000000003,preconditioning_unload,0.004318,-0.0033333333333333335,12.8505157150967,12.854953798883042,-0.0044380837863418066,x,1,0.00025
14.020800000000003,preconditioning_unload,0.004064,-0.0033333333333333335,11.392264645319964,11.396316949979104,-0.0040523046591403045,x,1,0.00025
14.097000000000003,preconditioning_unload,0.00381,-0.0033333333333333335,10.021258909040013,10.024937309459999,-0.0036784004199859055,x,1,0.00025
14.173200000000003,preconditioning_unload,0.0035559999999999997,-0.0033333333333333335,8.737573464259059,8.740890225184975,-0.003316760925915929,x,1,0.00025
14.249400000000003,preconditioning_unload,0.003302,-0.0033333333333333335,7.541288508336192,7.5442563255083845,-0.002967817172192966,x,1,0.00025
14.325600000000003,preconditioning_unload,0.0030479999999999995,-0.0033333333333333335,6.43249026116026,6.435122310244277,-0.0026320490840170407,x,1,0.00025
14.401800000000003,preconditioning_unload,0.0027939999999999996,-0.0033333333333333335,5.411271937970685,5.413581933517503,-0.002309995546817767,x,1,0.00025
14.478000000000003,preconditioning_unload,0.00254,-0.0033333333333333335,4.477734978480717,4.479737246058185,-0.002002267577467798,x,1,0.00025
14.554200000000003,preconditioning_unload,0.002286,-0.0033333333333333335,3.631990631111457,3.633700197139532,-0.001709566028075038,x,1,0.00025
14.630400000000003,preconditioning_unload,0.002032,-0.0033333333333333335,2.874162043945948,2.8755947499979038,-0.0014327060519558898,x,1,0.00025
14.706600000000003,preconditioning_unload,0.0017779999999999998,-0.0033333333333333335,2.2043871048375117,2.2055597569086567,-0.0011726520711450306,x,1,0.00025
14.782800000000003,preconditioning_unload,0.0015239999999999997,-0.0033333333333333335,1.6228224384102017,1.623753008288064,-0.0009305698778623306,x,1,0.00025
14.859000000000004,preconditioning_unload,0.00127,-0.0033333333333333335,1.1296492904775557,1.1303571989684444,-0.0007079084908887534,x,1,0.00025
14.935200000000004,preconditioning_unload,0.001016,-0.0033333333333333335,0.7250827204921217,0.7255892585745143,-0.0005065380823925381,x,1,0.00025
15.011400000000004,preconditioning_unload,0.0007619999999999999,-0.0033333333333333335,0.4093871895811343,0.4097161957166365,-0.0003290061355021856,x,1,0.00025
15.087600000000004,preconditioning_unload,0.000508,-0.0033333333333333335,0.18290643593257874,0.18308552418907326,-0.000179088256494514,x,1,0.00025
15.163800000000004,preconditioning_unload,0.000254,-0.0033333333333333335,0.04613404408631377,0.046197361346612835,-6.331726029906726e-05,x,1,0.00025
15.240000000000004,preconditioning_unload,0.0,-0.0033333333333333335,0.0,0.0,0.0,x,1,0.00025
15.240000000000004,preconditioning_load,0.0,0.0,0.0,0.0,0.0,x,2,0.00025
15.316200000000004,preconditioning_load,0.000254,0.0033333333333333335,0.43446141292539586,0.4343980956650968,6.331726029906726e-05,x,2,0.00025
15.392400000000004,preconditioning_load,0.000508,0.0033333333333333335,1.2288424449737447,1.2286633567172502,0.00017908825649448623,x,2,0.00025
15.468600000000004,preconditioning_load,0.0007619999999999999,0.0033333333333333335,2.257527723344842,2.2571987172093397,0.0003290061355021301,x,2,0.00025
15.544800000000004,preconditioning_load,0.001016,0.0033333333333333335,3.475691303403167,3.4751847653207744,0.0005065380823925381,x,2,0.00025
15.621000000000004,preconditioning_load,0.00127,0.0033333333333333335,4.857426264508956,4.856718356018067,0.0007079084908889755,x,2,0.00025
15.697200000000004,preconditioning_load,0.0015239999999999997,0.0033333333333333335,6.385252647575064,6.384322077697202,0.0009305698778625526,x,2,0.00025
15.773400000000004,preconditioning_load,0.0017779999999999998,0.0033333333333333335,8.046337969980383,8.04516531790924,0.0011726520711441424,x,2,0.00025
15.849600000000004,preconditioning_load,0.002032,0.0033333333333333335,9.830739559789958,9.829306853738002,0.0014327060519558898,x,2,0.00025
15.925800000000004,preconditioning_load,0.002286,0.0033333333333333335,11.730458148985687,11.728748582957612,0.0017095660280741498,x,2,0.00025
16.002000000000006,preconditioning_load,0.00254,0.0033333333333333335,13.738876202991694,13.736873935414225,0.002002267577468686,x,2,0.00025
16.078200000000006,preconditioning_load,0.0027939999999999996,0.0033333333333333335,15.850400418173221,15.848090422626402,0.002309995546818655,x,2,0.00025
16.154400000000006,preconditioning_load,0.0030479999999999995,0.0033333333333333335,18.060221786758735,18.057589737674718,0.0026320490840170407,x,2,0.00025
16.230600000000006,preconditioning_load,0.003302,0.0033333333333333335,20.364147719669624,20.361179902497433,0.0029678171721911895,x,2,0.00025
16.306800000000006,preconditioning_load,0.0035559999999999997,0.0033333333333333335,22.758480569167713,22.755163808241797,0.003316760925915929,x,2,0.00025
16.383000000000006,preconditioning_load,0.00381,0.0033333333333333335,25.239927252447032,25.236248852027046,0.0036784004199859055,x,2,0.00025
16.459200000000006,preconditioning_load,0.004064,0.0033333333333333335,27.805530427225335,27.801478122566195,0.0040523046591403045,x,2,0.00025
16.535400000000006,preconditioning_load,0.004318,0.0033333333333333335,30.452615027690452,30.44817694390411,0.004438083786343583,x,2,0.00025
16.611600000000006,preconditioning_load,0.004572,0.0033333333333333335,33.17874601429111,33.17391063136576,0.004835382925350018,x,2,0.00025
16.687800000000006,preconditioning_load,0.0048259999999999996,0.0033333333333333335,35.981694482384235,35.97645060514275,0.005243877241483119,x,2,0.00025
16.764000000000006,preconditioning_load,0.00508,0.0033333333333333335,38.85941011607165,38.85374684814454,0.005663267927111804,x,2,0.00025
16.840200000000006,preconditioning_load,0.005334,0.0033333333333333335,41.80999853662994,41.80390525772947,0.006093278900472399,x,2,0.00025
16.916400000000007,preconditioning_load,0.005587999999999999,0.0033333333333333335,44.831702480849486,44.82516882678682,0.006533654062664596,x,2,0.00025
16.992600000000007,preconditioning_load,0.005841999999999999,0.0033333333333333335,47.922886014723744,47.915901859726766,0.00698415499697802,x,2,0.00025
17.068800000000007,preconditioning_load,0.006095999999999999,0.0033333333333333335,51.08202118060051,51.07457662157761,0.007444559022900421,x,2,0.00025
17.145000000000007,preconditioning_load,0.00635,0.0033333333333333335,54.30767661567448,54.2997619581371,0.007914657537384073,x,2,0.00025
17.221200000000007,preconditioning_load,0.006604,0.0033333333333333335,57.598507782651836,57.59011352806072,0.00839425459111709,x,2,0.00025
17.297400000000007,preconditioning_load,0.0068579999999999995,0.0033333333333333335,60.95324853031074,60.94436536465218,0.008883165658559733,x,2,0.00025
17.373600000000007,preconditioning_load,0.007111999999999999,0.0033333333333333335,64.37070375984307,64.36132254327391,0.009381216569153139,x,2,0.00025
17.449800000000007,preconditioning_load,0.007365999999999999,0.0033333333333333335,67.84974301736942,67.83985477479587,0.009888242573552475,x,2,0.00025
17.526000000000007,preconditioning_load,0.00762,0.0033333333333333335,71.38929486744176,71.3788907799182,0.01040408752356825,x,2,0.00025
17.602200000000007,preconditioning_load,0.007873999999999999,0.0033333333333333335,74.98834192923472,74.97741332608592,0.010928603148798288,x,2,0.00025
17.678400000000007,preconditioning_load,0.008128,0.0033333333333333335,78.64591647831966,78.63445482990402,0.011461648415647119,x,2,0.00025
17.754600000000007,preconditioning_load,0.008381999999999999,0.0033333333333333335,82.36109653376099,82.34909344480394,0.012003088957044383,x,2,0.00025
17.830800000000007,preconditioning_load,0.008636,0.0033333333333333335,86.13300236377312,86.12044956720993,0.012552796563184643,x,2,0.00025
17.907000000000007,preconditioning_load,0.00889,0.0033333333333333335,89.96079335406901,89.94768270534384,0.013110648725174201,x,2,0.00025
17.983200000000007,preconditioning_load,0.009144,0.0033333333333333335,93.84366519188549,93.8299886636609,0.013676528224593199,x,2,0.00025
18.059400000000007,preconditioning_load,0.009398,0.0033333333333333335,97.78084732591178,97.76659700314845,0.014250322763331269,x,2,0.00025
18.135600000000007,preconditioning_load,0.009651999999999999,0.0033333333333333335,101.77160066830588,101.75676874367723,0.014831924628651905,x,2,0.00025
18.211800000000007,preconditioning_load,0.009906,0.0033333333333333335,105.81521550991704,105.7997942795276,0.015421230389435436,x,2,0.00025
18.288000000000007,preconditioning_load,0.01016,0.0033333333333333335,109.91100962393355,109.8949914833138,0.016018140619749488,x,2,0.00025
18.364200000000007,preconditioning_load,0.010414,0.0033333333333333335,114.05832653660886,114.04170397696204,0.016622559646819468,x,2,0.00025
18.440400000000007,preconditioning_load,0.010668,0.0033333333333333335,118.25653394660266,118.23929955128192,0.01723439532074167,x,2,0.00025
18.516600000000007,preconditioning_load,0.010922000000000001,0.0033333333333333335,122.50502227690585,122.4871687181025,0.017853558803352598,x,2,0.00025
18.592800000000008,preconditioning_load,0.011175999999999998,0.0033333333333333335,126.80320334538577,126.78472338101122,0.01847996437454924,x,2,0.00025
18.669000000000008,preconditioning_load,0.011430000000000001,0.0033333333333333335,131.1505091417418,131.1313956124878,0.019113529253985462,x,2,0.00025
18.745200000000008,preconditioning_load,0.011683999999999998,0.0033333333333333335,135.5463907001645,135.5266365267276,0.019754173436894007,x,2,0.00025
18.821400000000008,preconditioning_load,0.011937999999999999,0.0033333333333333335,139.99031705828023,139.96991523873808,0.02040181954214404,x,2,0.00025
18.897600000000008,preconditioning_load,0.012191999999999998,0.0033333333333333335,144.48177429406988,144.46071790139774,0.021056392672136326,x,2,0.00025
18.973800000000008,preconditioning_load,0.012445999999999999,0.0033333333333333335,149.02026463341076,148.99854681312817,0.021717820282589173,x,2,0.00025
19.050000000000008,preconditioning_load,0.0127,0.0033333333333333335,153.6053056217181,153.58291958965629,0.022386032061803007,x,2,0.00025
19.126200000000008,preconditioning_load,0.012953999999999999,0.0033333333333333335,158.23642935388608,158.21336839406752,0.023060959818565152,x,2,0.00025
19.202400000000008,preconditioning_load,0.013208,0.0033333333333333335,162.913181757357,162.88943921997947,0.023742537377529516,x,2,0.00025
19.278600000000008,preconditioning_load,0.013461999999999998,0.0033333333333333335,167.63512192369492,167.61069122321305,0.024430700481872236,x,2,0.00025
19.354800000000008,preconditioning_load,0.013715999999999999,0.0033333333333333335,172.40182148452672,172.37669609782444,0.02512538670228537,x,2,0.00025
19.431000000000008,preconditioning_load,0.01397,0.0033333333333333335,177.21286402813206,177.18703749278004,0.025826535352024393,x,2,0.00025
19.507200000000008,preconditioning_load,0.014223999999999999,0.0033333333333333335,182.0678445533417,182.04131046593437,0.026534087407327434,x,2,0.00025
19.583400000000008,preconditioning_load,0.014478,0.0033333333333333335,186.9663689577307,186.93912097229799,0.027247985432723,x,2,0.00025
19.659600000000008,preconditioning_load,0.014731999999999999,0.0033333333333333335,191.9080535573861,191.88008538387498,0.027968173511112582,x,2,0.00025
19.73580000000001,preconditioning_load,0.014986,0.0033333333333333335,196.89252463578862,196.86383003861056,0.028694597178059666,x,2,0.00025
19.81200000000001,preconditioning_load,0.01524,0.0033333333333333335,201.91941801957626,201.88999081621637,0.029427203359887244,x,2,0.00025
19.88820000000001,preconditioning_load,0.015493999999999999,0.0033333333333333335,206.98837867916572,206.9582127388502,0.030165940315526996,x,2,0.00025
19.96440000000001,preconditioning_load,0.015747999999999998,0.0033333333333333335,212.09906035238953,212.06814959480786,0.030910757581665393,x,2,0.00025
20.04060000000001,preconditioning_load,0.016002,0.0033333333333333335,217.25112518947037,217.21946358354947,0.0316616059209025,x,2,0.00025
20.11680000000001,preconditioning_load,0.016256,0.0033333333333333335,222.44424341780268,222.41182498052956,0.032418437273122436,x,2,0.00025
20.19300000000001,preconditioning_load,0.01651,0.0033333333333333335,227.67809302514308,227.644911820434,0.0331812047090807,x,2,0.00025
20.26920000000001,preconditioning_load,0.016763999999999998,0.0033333333333333335,232.952359459929,232.91840959754217,0.03394986238683373,x,2,0.00025
20.34540000000001,preconditioning_load,0.017018,0.0033333333333333335,238.26673534755417,238.2320109820437,0.034724365510470534,x,2,0.00025
20.42160000000001,preconditioning_load,0.017272,0.0033333333333333335,243.62092022152362,243.58541555123287,0.03550467029074866,x,2,0.00025
20.49780000000001,preconditioning_load,0.017526,0.0033333333333333335,249.0146202685006,248.9783295345925,0.036290733908117545,x,2,0.00025
20.57400000000001,preconditioning_load,0.01778,0.0033333333333333335,254.44754808633564,254.4104655718583,0.03708251447733346,x,2,0.00025
20.65020000000001,preconditioning_load,0.018033999999999998,0.0033333333333333335,259.9194224542395,259.8815424832255,0.03787997101403562,x,2,0.00025
20.72640000000001,preconditioning_load,0.018288,0.0033333333333333335,265.42996811432886,265.39128505092606,0.038683063402800144,x,2,0.00025
20.80260000000001,preconditioning_load,0.018542,0.0033333333333333335,270.9789155638286,270.9394238114615,0.03949175236709834,x,2,0.00025
20.87880000000001,preconditioning_load,0.018796,0.0033333333333333335,276.56600085727484,276.52569485783465,0.04030599944019286,x,2,0.00025
20.95500000000001,preconditioning_load,0.01905,0.0033333333333333335,282.19096541810535,282.14983965116755,0.041125766937796016,x,2,0.00025
21.03120000000001,preconditioning_load,0.019303999999999998,0.0033333333333333335,287.8535558590739,287.811604841142,0.04195101793186495,x,2,0.00025
21.10740000000001,preconditioning_load,0.019558,0.0033333333333333335,293.5535238109637,293.5107420947379,0.042781716225817945,x,2,0.00025
21.18360000000001,preconditioning_load,0.019812,0.0033333333333333335,299.29062575911314,299.2470079327827,0.04361782633043276,x,2,0.00025
21.25980000000001,preconditioning_load,0.020065999999999997,0.0033333333333333335,305.06462288730114,305.02016357385986,0.044459313441279846,x,2,0.00025
21.33600000000001,preconditioning_load,0.02032,0.0033333333333333335,310.8752809285732,310.8299747851563,0.04530614341689443,x,2,0.00025
21.41220000000001,preconditioning_load,0.020574,0.0033333333333333335,316.7223700226136,316.67621173985555,0.04615828275802869,x,2,0.00025
21.48840000000001,preconditioning_load,0.020828,0.0033333333333333335,322.60566457930264,322.5586488807149,0.04701569858775656,x,2,0.00025
21.56460000000001,preconditioning_load,0.021082,0.0033333333333333335,328.5249431481143,328.47706478948174,0.04787835863254486,x,2,0.00025
21.64080000000001,preconditioning_load,0.021336,0.0033333333333333335,334.4799882930395,334.43124206183575,0.04874623120377919,x,2,0.00025
21.71700000000001,preconditioning_load,0.021589999999999998,0.0033333333333333335,340.4705864727374,340.4209671875569,0.04961928518048353,x,2,0.00025
21.79320000000001,preconditioning_load,0.021844000000000002,0.0033333333333333335,346.49652792563677,346.4460304356441,0.05049748999266512,x,2,0.00025
21.86940000000001,preconditioning_load,0.022098,0.0033333333333333335,352.5576065597266,352.5062257441217,0.05138081560488672,x,2,0.00025
21.94560000000001,preconditioning_load,0.022351999999999997,0.0033333333333333335,358.6536198467959,358.6013506142946,0.052269232501316765,x,2,0.00025
22.02180000000001,preconditioning_load,0.022605999999999998,0.0033333333333333335,364.78436872089054,364.73120600922,0.0531627116705522,x,2,0.00025
22.09800000000001,preconditioning_load,0.022860000000000002,0.0033333333333333335,370.94965748077567,370.89559625618404,0.05406122459163498,x,2,0.00025
22.17420000000001,preconditioning_load,0.023114,0.0033333333333333335,377.14929369620234,377.09432895298204,0.054964743220295986,x,2,0.00025
22.25040000000001,preconditioning_load,0.023367999999999996,0.0033333333333333335,383.38308811778995,383.32721487781413,0.05587323997582416,x,2,0.00025
22.32660000000001,preconditioning_load,0.023622,0.0033333333333333335,389.6508545903464,389.59406790261795,0.056786687728447305,x,2,0.00025
22.40280000000001,preconditioning_load,0.023875999999999998,0.0033333333333333335,395.952409969459,395.8947049096718,0.057705059787167556,x,2,0.00025
22.47900000000001,preconditioning_load,0.02413,0.0033333333333333335,402.28757404120125,402.22894571131314,0.05862832988810851,x,2,0.00025
22.55520000000001,preconditioning_load,0.024383999999999996,0.0033333333333333335,408.6561694448041,408.5966129726209,0.05955647218320337,x,2,0.00025
22.63140000000001,preconditioning_load,0.024638,0.0033333333333333335,415.0580215981555,414.9975321369263,0.06048946122922416,x,2,0.00025
22.70760000000001,preconditioning_load,0.024891999999999997,0.0033333333333333335,421.4929586259944,421.4315313540168,0.06142727197760678,x,2,0.00025
22.78380000000001,preconditioning_load,0.025145999999999998,0.0033333333333333335,427.96081129067693,427.8984414109128,0.06236987976410546,x,2,0.00025
22.86000000000001,preconditioning_load,0.0254,0.0033333333333333335,434.46141292539585,434.3980956650968,0.06331726029907259,x,2,0.00025
22.93620000000001,preconditioning_unload,0.025145999999999998,-0.0033333333333333335,425.7483943208597,425.8107642006238,-0.06236987976410546,x,2,0.00025
23.01240000000001,preconditioning_unload,0.024891999999999997,-0.0033333333333333335,417.2471626186813,417.3085898906589,-0.06142727197760678,x,2,0.00025
23.08860000000001,preconditioning_unload,0.024638,-0.0033333333333333335,408.8310948293088,408.89158429053805,-0.06048946122922416,x,2,0.00025
23.16480000000001,preconditioning_unload,0.024383999999999996,-0.0033333333333333335,400.5002026035283,400.5597590757115,-0.05955647218320337,x,2,0.00025
23.24100000000001,preconditioning_unload,0.02413,-0.0033333333333333335,392.25449771436337,392.3131260442515,-0.05862832988810851,x,2,0.00025
23.31720000000001,preconditioning_unload,0.023875999999999998,-0.0033333333333333335,384.0939920596489,384.15169711943605,-0.057705059787167556,x,2,0.00025
23.39340000000001,preconditioning_unload,0.023622,-0.0033333333333333335,376.0186976646901,376.0754843524185,-0.056786687728447305,x,2,0.00025
23.46960000000001,preconditioning_unload,0.023367999999999996,-0.0033333333333333335,368.0286266850045,368.0844999249803,-0.05587323997582416,x,2,0.00025
23.54580000000001,preconditioning_unload,0.023114,-0.0033333333333333335,360.12379140915584,360.17875615237614,-0.054964743220295986,x,2,0.00025
23.62200000000001,preconditioning_unload,0.022860000000000002,-0.0033333333333333335,352.304204261678,352.35826548626966,-0.05406122459163498,x,2,0.00025
23.69820000000001,preconditioning_unload,0.022605999999999998,-0.0033333333333333335,344.56987780609916,344.6230405177697,-0.0531627116705522,x,2,0.00025
23.77440000000001,preconditioning_unload,0.022351999999999997,-0.0033333333333333335,336.9208247480669,336.9730939805682,-0.052269232501316765,x,2,0.00025
23.85060000000001,preconditioning_unload,0.022098,-0.0033333333333333335,329.3570579385785,329.4084387541834,-0.05138081560488672,x,2,0.00025
23.92680000000001,preconditioning_unload,0.021844000000000002,-0.0033333333333333335,321.8785903773235,321.9290878673162,-0.05049748999266512,x,2,0.00025
24.00300000000001,preconditioning_unload,0.021589999999999998,-0.0033333333333333335,314.48543521614283,314.5350545013233,-0.04961928518048353,x,2,0.00025
24.07920000000001,preconditioning_unload,0.021336,-0.0033333333333333335,307.1776057626093,307.22635199381307,-0.04874623120377919,x,2,0.00025
24.15540000000001,preconditioning_unload,0.021082,-0.0033333333333333335,299.9551154837355,300.002993842368,-0.04787835863254486,x,2,0.00025
24.23160000000001,preconditioning_unload,0.020828,-0.0033333333333333335,292.81797800981616,292.8649937084039,-0.04701569858775656,x,2,0.00025
24.30780000000001,preconditioning_unload,0.020574,-0.0033333333333333335,285.76620713841055,285.8123654211686,-0.04615828275802869,x,2,0.00025
24.38400000000001,preconditioning_unload,0.02032,-0.0033333333333333335,278.7998168384713,278.8451229818882,-0.04530614341689443,x,2,0.00025
24.46020000000001,preconditioning_unload,0.020065999999999997,-0.0033333333333333335,271.9188212546287,271.96328056807,-0.044459313441279846,x,2,0.00025
24.53640000000001,preconditioning_unload,0.019812,-0.0033333333333333335,265.12323471163734,265.16685253796777,-0.04361782633043276,x,2,0.00025
24.61260000000001,preconditioning_unload,0.019558,-0.0033333333333333335,258.41307171899206,258.4558534352179,-0.042781716225817945,x,2,0.00025
24.68880000000001,preconditioning_unload,0.019303999999999998,-0.0033333333333333335,251.78834697572486,251.83029799365673,-0.04195101793186495,x,2,0.00025
24.76500000000001,preconditioning_unload,0.01905,-0.0033333333333333335,245.24907537539,245.29020114232776,-0.041125766937767594,x,2,0.00025
24.84120000000001,preconditioning_unload,0.018796,-0.0033333333333333335,238.79527201124753,238.83557801068773,-0.04030599944019286,x,2,0.00025
24.91740000000001,preconditioning_unload,0.018542,-0.0033333333333333335,232.42695218165755,232.46644393402465,-0.03949175236709834,x,2,0.00025
24.99360000000001,preconditioning_unload,0.018288,-0.0033333333333333335,226.14413139569413,226.18281445909693,-0.038683063402800144,x,2,0.00025
25.06980000000001,preconditioning_unload,0.018033999999999998,-0.0033333333333333335,219.94682537899342,219.98470535000743,-0.0378799710140072,x,2,0.00025
25.14600000000001,preconditioning_unload,0.01778,-0.0033333333333333335,213.83505007984814,213.87213259432548,-0.03708251447733346,x,2,0.00025
25.22220000000001,preconditioning_unload,0.017526,-0.0033333333333333335,207.80882167556146,207.84511240946958,-0.036290733908117545,x,2,0.00025
25.29840000000001,preconditioning_unload,0.017272,-0.0033333333333333335,201.8681565790776,201.90366124936835,-0.03550467029074866,x,2,0.00025
25.37460000000001,preconditioning_unload,0.017018,-0.0033333333333333335,196.013071445903,196.04779581141347,-0.034724365510470534,x,2,0.00025
25.45080000000001,preconditioning_unload,0.016763999999999998,-0.0033333333333333335,190.2435831813368,190.27753304372362,-0.03394986238683373,x,2,0.00025
25.52700000000001,preconditioning_unload,0.01651,-0.0033333333333333335,184.55970894802843,184.5928901527375,-0.0331812047090807,x,2,0.00025
25.60320000000001,preconditioning_unload,0.016256,-0.0033333333333333335,178.96146617388314,178.99388461115626,-0.032418437273122436,x,2,0.00025
25.67940000000001,preconditioning_unload,0.016002,-0.0033333333333333335,173.44887256033647,173.48053416625737,-0.0316616059209025,x,2,0.00025
25.755600000000012,preconditioning_unload,0.015747999999999998,-0.0033333333333333335,168.02194609102136,168.05285684860303,-0.030910757581665393,x,2,0.00025
25.831800000000012,preconditioning_unload,0.015493999999999999,-0.0033333333333333335,162.68070504085284,162.71087098116837,-0.030165940315526996,x,2,0.00025
25.908000000000012,preconditioning_unload,0.01524,-0.0033333333333333335,157.42516798555755,157.45459518891744,-0.029427203359887244,x,2,0.00025
25.984200000000012,preconditioning_unload,0.014986,-0.0033333333333333335,152.25535381167796,152.28404840885602,-0.028694597178059666,x,2,0.00025
26.060400000000012,preconditioning_unload,0.014731999999999999,-0.0033333333333333335,147.17128172708294,147.19924990059405,-0.027968173511112582,x,2,0.00025
26.136600000000012,preconditioning_unload,0.014478,-0.0033333333333333335,142.17297127201928,142.200219257452,-0.027247985432723,x,2,0.00025
26.212800000000012,preconditioning_unload,0.014223999999999999,-0.0033333333333333335,137.26044233074256,137.2869764181499,-0.026534087407327434,x,2,0.00025
26.289000000000012,preconditioning_unload,0.01397,-0.0033333333333333335,132.4337151437678,132.45954167911984,-0.025826535352024393,x,2,0.00025
26.365200000000012,preconditioning_unload,0.013715999999999999,-0.0033333333333333335,127.69281032078486,127.71793570748714,-0.02512538670228537,x,2,0.00025
26.441400000000012,preconditioning_unload,0.013461999999999998,-0.0033333333333333335,123.03774885428808,123.06217955476995,-0.024430700481872236,x,2,0.00025
26.517600000000012,preconditioning_unload,0.013208,-0.0033333333333333335,118.46855213397323,118.49229467135078,-0.023742537377543727,x,2,0.00025
26.593800000000012,preconditioning_unload,0.012953999999999999,-0.0033333333333333335,113.98524196195966,114.00830292177824,-0.023060959818579363,x,2,0.00025
26.670000000000012,preconditioning_unload,0.0127,-0.0033333333333333335,109.5878405689042,109.61022660096602,-0.022386032061817218,x,2,0.00025
26.746200000000012,preconditioning_unload,0.012445999999999999,-0.0033333333333333335,105.27637063107515,105.29808845135773,-0.021717820282574962,x,2,0.00025
26.822400000000012,preconditioning_unload,0.012191999999999998,-0.0033333333333333335,101.05085528846563,101.07191168113776,-0.021056392672136326,x,2,0.00025
26.898600000000012,preconditioning_unload,0.011937999999999999,-0.0033333333333333335,96.9113181640321,96.93171998357424,-0.02040181954214404,x,2,0.00025
26.974800000000013,preconditioning_unload,0.011683999999999998,-0.0033333333333333335,92.85778338415257,92.87753755758945,-0.019754173436879796,x,2,0.00025
27.051000000000013,preconditioning_unload,0.011430000000000001,-0.0033333333333333335,88.89027560041059,88.90938912966459,-0.019113529253999673,x,2,0.00025
27.127200000000013,preconditioning_unload,0.011175999999999998,-0.0033333333333333335,85.00882001282106,85.02729997719561,-0.01847996437454924,x,2,0.00025
27.203400000000013,preconditioning_unload,0.010922000000000001,-0.0033333333333333335,81.21344239462884,81.2312959534322,-0.017853558803352598,x,2,0.00025
27.279600000000013,preconditioning_unload,0.010668,-0.0033333333333333335,77.50416911882397,77.52140351414471,-0.01723439532074167,x,2,0.00025
27.355800000000013,preconditioning_unload,0.010414,-0.0033333333333333335,73.88102718653717,73.89764974618399,-0.016622559646819468,x,2,0.00025
27.432000000000013,preconditioning_unload,0.01016,-0.0033333333333333335,70.34404425749632,70.36006239811607,-0.016018140619749488,x,2,0.00025
27.508200000000013,preconditioning_unload,0.009906,-0.0033333333333333335,66.89324868274831,66.90866991313774,-0.015421230389435436,x,2,0.00025
27.584400000000013,preconditioning_unload,0.009651999999999999,-0.0033333333333333335,63.52866953987692,63.543501464505574,-0.014831924628651905,x,2,0.00025
27.660600000000013,preconditioning_unload,0.009398,-0.0033333333333333335,60.25033667097658,60.26458699373991,-0.014250322763331269,x,2,0.00025
27.736800000000013,preconditioning_unload,0.009144,-0.0033333333333333335,57.05828072367701,57.07195725190161,-0.013676528224600304,x,2,0.00025
27.813000000000013,preconditioning_unload,0.00889,-0.0033333333333333335,53.95253319555432,53.9656438442795,-0.013110648725181306,x,2,0.00025
27.889200000000013,preconditioning_unload,0.008636,-0.0033333333333333335,50.933126482311515,50.9456792788747,-0.012552796563184643,x,2,0.00025
27.965400000000013,preconditioning_unload,0.008381999999999999,-0.0033333333333333335,48.00009393016699,48.01209701912403,-0.012003088957037278,x,2,0.00025
28.041600000000013,preconditioning_unload,0.008128,-0.0033333333333333335,45.15346989295529,45.16493154137094,-0.011461648415647119,x,2,0.00025
28.117800000000013,preconditioning_unload,0.007873999999999999,-0.0033333333333333335,42.39328979452206,42.40421839767086,-0.010928603148798288,x,2,0.00025
28.194000000000013,preconditioning_unload,0.00762,-0.0033333333333333335,39.719590197088394,39.72999428461196,-0.01040408752356825,x,2,0.00025
28.270200000000013,preconditioning_unload,0.007365999999999999,-0.0033333333333333335,37.132408876370114,37.14229711894367,-0.009888242573552475,x,2,0.00025
28.346400000000013,preconditioning_unload,0.007111999999999999,-0.0033333333333333335,34.63178490437149,34.64116612094065,-0.009381216569160244,x,2,0.00025
28.422600000000013,preconditioning_unload,0.0068579999999999995,-0.0033333333333333335,32.21775874093507,32.22664190659363,-0.008883165658559733,x,2,0.00025
28.498800000000013,preconditioning_unload,0.006604,-0.0033333333333333335,29.890372335325953,29.89876658991707,-0.00839425459111709,x,2,0.00025
28.575000000000014,preconditioning_unload,0.00635,-0.0033333333333333335,27.649669239372084,27.65758389690947,-0.007914657537384073,x,2,0.00025
28.651200000000014,preconditioning_unload,0.006095999999999999,-0.0033333333333333335,25.4956947339804,25.503139293003297,-0.007444559022896868,x,2,0.00025
28.727400000000014,preconditioning_unload,0.005841999999999999,-0.0033333333333333335,23.428495971222837,23.435480126219815,-0.00698415499697802,x,2,0.00025
28.803600000000014,preconditioning_unload,0.005587999999999999,-0.0033333333333333335,21.448122134654138,21.454655788716803,-0.006533654062664596,x,2,0.00025
28.879800000000014,preconditioning_unload,0.005334,-0.0033333333333333335,19.554624621118297,19.56071790001877,-0.006093278900472399,x,2,0.00025
28.956000000000014,preconditioning_unload,0.00508,-0.0033333333333333335,17.748057248061038,17.75372051598815,-0.005663267927111804,x,2,0.00025
29.032200000000014,preconditioning_unload,0.0048259999999999996,-0.0033333333333333335,16.028476491351057,16.03372036859254,-0.005243877241483119,x,2,0.00025
29.108400000000014,preconditioning_unload,0.004572,-0.0033333333333333335,14.39594175990183,14.400777142827181,-0.004835382925351794,x,2,0.00025
29.184600000000014,preconditioning_unload,0.004318,-0.0033333333333333335,12.8505157150967,12.854953798883042,-0.0044380837863418066,x,2,0.00025
29.260800000000014,preconditioning_unload,0.004064,-0.0033333333333333335,11.392264645319964,11.396316949979104,-0.0040523046591403045,x,2,0.00025
29.337000000000014,preconditioning_unload,0.00381,-0.0033333333333333335,10.021258909040013,10.024937309459999,-0.0036784004199859055,x,2,0.00025
29.413200000000014,preconditioning_unload,0.0035559999999999997,-0.0033333333333333335,8.737573464259059,8.740890225184975,-0.003316760925915929,x,2,0.00025
29.489400000000014,preconditioning_unload,0.003302,-0.0033333333333333335,7.541288508336192,7.5442563255083845,-0.002967817172192966,x,2,0.00025
29.565600000000014,preconditioning_unload,0.0030479999999999995,-0.0033333333333333335,6.43249026116026,6.435122310244277,-0.0026320490840170407,x,2,0.00025
29.641800000000014,preconditioning_unload,0.0027939999999999996,-0.0033333333333333335,5.411271937970685,5.413581933517503,-0.002309995546817767,x,2,0.00025
29.718000000000014,preconditioning_unload,0.00254,-0.0033333333333333335,4.477734978480717,4.479737246058185,-0.002002267577467798,x,2,0.00025
29.794200000000014,preconditioning_unload,0.002286,-0.0033333333333333335,3.631990631111457,3.633700197139532,-0.001709566028075038,x,2,0.00025
29.870400000000014,preconditioning_unload,0.002032,-0.0033333333333333335,2.874162043945948,2.8755947499979038,-0.0014327060519558898,x,2,0.00025
29.946600000000014,preconditioning_unload,0.0017779999999999998,-0.0033333333333333335,2.2043871048375117,2.2055597569086567,-0.0011726520711450306,x,2,0.00025
30.022800000000014,preconditioning_unload,0.0015239999999999997,-0.0033333333333333335,1.6228224384102017,1.623753008288064,-0.0009305698778623306,x,2,0.00025
30.099000000000014,preconditioning_unload,0.00127,-0.0033333333333333335,1.1296492904775557,1.1303571989684444,-0.0007079084908887534,x,2,0.00025
30.175200000000014,preconditioning_unload,0.001016,-0.0033333333333333335,0.7250827204921217,0.7255892585745143,-0.0005065380823925381,x,2,0.00025
30.251400000000015,preconditioning_unload,0.0007619999999999999,-0.0033333333333333335,0.4093871895811343,0.4097161957166365,-0.0003290061355021856,x,2,0.00025
30.327600000000015,preconditioning_unload,0.000508,-0.0033333333333333335,0.18290643593257874,0.18308552418907326,-0.000179088256494514,x,2,0.00025
30.403800000000015,preconditioning_unload,0.000254,-0.0033333333333333335,0.04613404408631377,0.046197361346612835,-6.331726029906726e-05,x,2,0.00025
30.480000000000015,preconditioning_unload,0.0,-0.0033333333333333335,0.0,0.0,0.0,x,2,0.00025
30.480000000000015,preconditioning_load,0.0,0.0,0.0,0.0,0.0,x,3,0.00025
30.556200000000015,preconditioning_load,0.000254,0.0033333333333333335,0.43446141292539586,0.4343980956650968,6.331726029906726e-05,x,3,0.00025
30.632400000000015,preconditioning_load,0.000508,0.0033333333333333335,1.2288424449737447,1.2286633567172502,0.00017908825649448623,x,3,0.00025
30.708600000000015,preconditioning_load,0.0007619999999999999,0.0033333333333333335,2.257527723344842,2.2571987172093397,0.0003290061355021301,x,3,0.00025
30.784800000000015,preconditioning_load,0.001016,0.0033333333333333335,3.475691303403167,3.4751847653207744,0.0005065380823925381,x,3,0.00025
30.861000000000015,preconditioning_load,0.00127,0.0033333333333333335,4.857426264508956,4.856718356018067,0.0007079084908889755,x,3,0.00025
30.937200000000015,preconditioning_load,0.0015239999999999997,0.0033333333333333335,6.385252647575064,6.384322077697202,0.0009305698778625526,x,3,0.00025
31.013400000000015,preconditioning_load,0.0017779999999999998,0.0033333333333333335,8.046337969980383,8.04516531790924,0.0011726520711441424,x,3,0.00025
31.089600000000015,preconditioning_load,0.002032,0.0033333333333333335,9.830739559789958,9.829306853738002,0.0014327060519558898,x,3,0.00025
31.165800000000015,preconditioning_load,0.002286,0.0033333333333333335,11.730458148985687,11.728748582957612,0.0017095660280741498,x,3,0.00025
31.242000000000015,preconditioning_load,0.00254,0.0033333333333333335,13.738876202991694,13.736873935414225,0.002002267577468686,x,3,0.00025
31.318200000000015,preconditioning_load,0.0027939999999999996,0.0033333333333333335,15.850400418173221,15.848090422626402,0.002309995546818655,x,3,0.00025
31.394400000000015,preconditioning_load,0.0030479999999999995,0.0033333333333333335,18.060221786758735,18.057589737674718,0.0026320490840170407,x,3,0.00025
31.470600000000015,preconditioning_load,0.003302,0.0033333333333333335,20.364147719669624,20.361179902497433,0.0029678171721911895,x,3,0.00025
31.546800000000015,preconditioning_load,0.0035559999999999997,0.0033333333333333335,22.758480569167713,22.755163808241797,0.003316760925915929,x,3,0.00025
31.623000000000015,preconditioning_load,0.00381,0.0033333333333333335,25.239927252447032,25.236248852027046,0.0036784004199859055,x,3,0.00025
31.699200000000015,preconditioning_load,0.004064,0.0033333333333333335,27.805530427225335,27.801478122566195,0.0040523046591403045,x,3,0.00025
31.775400000000015,preconditioning_load,0.004318,0.0033333333333333335,30.452615027690452,30.44817694390411,0.004438083786343583,x,3,0.00025
31.851600000000015,preconditioning_load,0.004572,0.0033333333333333335,33.17874601429111,33.17391063136576,0.004835382925350018,x,3,0.00025
31.927800000000016,preconditioning_load,0.0048259999999999996,0.0033333333333333335,35.981694482384235,35.97645060514275,0.005243877241483119,x,3,0.00025
32.00400000000002,preconditioning_load,0.00508,0.0033333333333333335,38.85941011607165,38.85374684814454,0.005663267927111804,x,3,0.00025
32.08020000000002,preconditioning_load,0.005334,0.0033333333333333335,41.80999853662994,41.80390525772947,0.006093278900472399,x,3,0.00025
32.15640000000002,preconditioning_load,0.005587999999999999,0.0033333333333333335,44.831702480849486,44.82516882678682,0.006533654062664596,x,3,0.00025
32.23260000000002,preconditioning_load,0.005841999999999999,0.0033333333333333335,47.922886014723744,47.915901859726766,0.00698415499697802,x,3,0.00025
32.30880000000002,preconditioning_load,0.006095999999999999,0.0033333333333333335,51.08202118060051,51.07457662157761,0.007444559022900421,x,3,0.00025
32.38500000000002,preconditioning_load,0.00635,0.0033333333333333335,54.30767661567448,54.2997619581371,0.007914657537384073,x,3,0.00025
32.46120000000002,preconditioning_load,0.006604,0.0033333333333333335,57.598507782651836,57.59011352806072,0.00839425459111709,x,3,0.00025
32.53740000000002,preconditioning_load,0.0068579999999999995,0.0033333333333333335,60.95324853031074,60.94436536465218,0.008883165658559733,x,3,0.00025
32.61360000000002,preconditioning_load,0.007111999999999999,0.0033333333333333335,64.37070375984307,64.36132254327391,0.009381216569153139,x,3,0.00025
32.68980000000002,preconditioning_load,0.007365999999999999,0.0033333333333333335,67.84974301736942,67.83985477479587,0.009888242573552475,x,3,0.00025
32.76600000000002,preconditioning_load,0.00762,0.0033333333333333335,71.38929486744176,71.3788907799182,0.01040408752356825,x,3,0.00025
32.84220000000002,preconditioning_load,0.007873999999999999,0.0033333333333333335,74.98834192923472,74.97741332608592,0.010928603148798288,x,3,0.00025
32.91840000000002,preconditioning_load,0.008128,0.0033333333333333335,78.64591647831966,78.63445482990402,0.011461648415647119,x,3,0.00025
32.99460000000002,preconditioning_load,0.008381999999999999,0.0033333333333333335,82.36109653376099,82.34909344480394,0.012003088957044383,x,3,0.00025
33.07080000000002,preconditioning_load,0.008636,0.0033333333333333335,86.13300236377312,86.12044956720993,0.012552796563184643,x,3,0.00025
33.14700000000002,preconditioning_load,0.00889,0.0033333333333333335,89.96079335406901,89.94768270534384,0.013110648725174201,x,3,0.00025
33.22320000000002,preconditioning_load,0.009144,0.0033333333333333335,93.84366519188549,93.8299886636609,0.013676528224593199,x,3,0.00025
33.29940000000002,preconditioning_load,0.009398,0.0033333333333333335,97.78084732591178,97.76659700314845,0.014250322763331269,x,3,0.00025
33.37560000000002,preconditioning_load,0.009651999999999999,0.0033333333333333335,101.77160066830588,101.75676874367723,0.014831924628651905,x,3,0.00025
33.45180000000002,preconditioning_load,0.009906,0.0033333333333333335,105.81521550991704,105.7997942795276,0.015421230389435436,x,3,0.00025
33.52800000000002,preconditioning_load,0.01016,0.0033333333333333335,109.91100962393355,109.8949914833138,0.016018140619749488,x,3,0.00025
33.60420000000002,preconditioning_load,0.010414,0.0033333333333333335,114.05832653660886,114.04170397696204,0.016622559646819468,x,3,0.00025
33.68040000000002,preconditioning_load,0.010668,0.0033333333333333335,118.25653394660266,118.23929955128192,0.01723439532074167,x,3,0.00025
33.75660000000002,preconditioning_load,0.010922000000000001,0.0033333333333333335,122.50502227690585,122.4871687181025,0.017853558803352598,x,3,0.00025
33.83280000000002,preconditioning_load,0.011175999999999998,0.0033333333333333335,126.80320334538577,126.78472338101122,0.01847996437454924,x,3,0.00025
33.90900000000002,preconditioning_load,0.011430000000000001,0.0033333333333333335,131.1505091417418,131.1313956124878,0.019113529253985462,x,3,0.00025
33.98520000000002,preconditioning_load,0.011683999999999998,0.0033333333333333335,135.5463907001645,135.5266365267276,0.019754173436894007,x,3,0.00025
34.06140000000002,preconditioning_load,0.011937999999999999,0.0033333333333333335,139.99031705828023,139.96991523873808,0.02040181954214404,x,3,0.00025
34.13760000000002,preconditioning_load,0.012191999999999998,0.0033333333333333335,144.48177429406988,144.46071790139774,0.021056392672136326,x,3,0.00025
34.21380000000002,preconditioning_load,0.012445999999999999,0.0033333333333333335,149.02026463341076,148.99854681312817,0.021717820282589173,x,3,0.00025
34.29000000000002,preconditioning_load,0.0127,0.0033333333333333335,153.6053056217181,153.58291958965629,0.022386032061803007,x,3,0.00025
34.36620000000002,preconditioning_load,0.012953999999999999,0.0033333333333333335,158.23642935388608,158.21336839406752,0.023060959818565152,x,3,0.00025
34.44240000000002,preconditioning_load,0.013208,0.0033333333333333335,162.913181757357,162.88943921997947,0.023742537377529516,x,3,0.00025
34.51860000000002,preconditioning_load,0.013461999999999998,0.0033333333333333335,167.63512192369492,167.61069122321305,0.024430700481872236,x,3,0.00025
34.59480000000002,preconditioning_load,0.013715999999999999,0.0033333333333333335,172.40182148452672,172.37669609782444,0.02512538670228537,x,3,0.00025
34.67100000000002,preconditioning_load,0.01397,0.0033333333333333335,177.21286402813206,177.18703749278004,0.025826535352024393,x,3,0.00025
34.74720000000002,preconditioning_load,0.014223999999999999,0.0033333333333333335,182.0678445533417,182.04131046593437,0.026534087407327434,x,3,0.00025
34.82340000000002,preconditioning_load,0.014478,0.0033333333333333335,186.9663689577307,186.93912097229799,0.027247985432723,x,3,0.00025
34.89960000000002,preconditioning_load,0.014731999999999999,0.0033333333333333335,191.9080535573861,191.88008538387498,0.027968173511112582,x,3,0.00025
34.97580000000002,preconditioning_load,0.014986,0.0033333333333333335,196.89252463578862,196.86383003861056,0.028694597178059666,x,3,0.00025
35.05200000000002,preconditioning_load,0.01524,0.0033333333333333335,201.91941801957626,201.88999081621637,0.029427203359887244,x,3,0.00025
35.12820000000002,preconditioning_load,0.015493999999999999,0.0033333333333333335,206.98837867916572,206.9582127388502,0.030165940315526996,x,3,0.00025
35.20440000000002,preconditioning_load,0.015747999999999998,0.0033333333333333335,212.09906035238953,212.06814959480786,0.030910757581665393,x,3,0.00025
35.28060000000002,preconditioning_load,0.016002,0.0033333333333333335,217.25112518947037,217.21946358354947,0.0316616059209025,x,3,0.00025
35.35680000000002,preconditioning_load,0.016256,0.0033333333333333335,222.44424341780268,222.41182498052956,0.032418437273122436,x,3,0.00025
35.43300000000002,preconditioning_load,0.01651,0.0033333333333333335,227.67809302514308,227.644911820434,0.0331812047090807,x,3,0.00025
35.50920000000002,preconditioning_load,0.016763999999999998,0.0033333333333333335,232.952359459929,232.91840959754217,0.03394986238683373,x,3,0.00025
35.58540000000002,preconditioning_load,0.017018,0.0033333333333333335,238.26673534755417,238.2320109820437,0.034724365510470534,x,3,0.00025
35.66160000000002,preconditioning_load,0.017272,0.0033333333333333335,243.62092022152362,243.58541555123287,0.03550467029074866,x,3,0.00025
35.73780000000002,preconditioning_load,0.017526,0.0033333333333333335,249.0146202685006,248.9783295345925,0.036290733908117545,x,3,0.00025
35.81400000000002,preconditioning_load,0.01778,0.0033333333333333335,254.44754808633564,254.4104655718583,0.03708251447733346,x,3,0.00025
35.89020000000002,preconditioning_load,0.018033999999999998,0.0033333333333333335,259.9194224542395,259.8815424832255,0.03787997101403562,x,3,0.00025
35.96640000000002,preconditioning_load,0.018288,0.0033333333333333335,265.42996811432886,265.39128505092606,0.038683063402800144,x,3,0.00025
36.04260000000002,preconditioning_load,0.018542,0.0033333333333333335,270.9789155638286,270.9394238114615,0.03949175236709834,x,3,0.00025
36.11880000000002,preconditioning_load,0.018796,0.0033333333333333335,276.56600085727484,276.52569485783465,0.04030599944019286,x,3,0.00025
36.19500000000002,preconditioning_load,0.01905,0.0033333333333333335,282.19096541810535,282.14983965116755,0.041125766937796016,x,3,0.00025
36.27120000000002,preconditioning_load,0.019303999999999998,0.0033333333333333335,287.8535558590739,287.811604841142,0.04195101793186495,x,3,0.00025
36.34740000000002,preconditioning_load,0.019558,0.0033333333333333335,293.5535238109637,293.5107420947379,0.042781716225817945,x,3,0.00025
36.42360000000002,preconditioning_load,0.019812,0.0033333333333333335,299.29062575911314,299.2470079327827,0.04361782633043276,x,3,0.00025
36.49980000000002,preconditioning_load,0.020065999999999997,0.0033333333333333335,305.06462288730114,305.02016357385986,0.044459313441279846,x,3,0.00025
36.57600000000002,preconditioning_load,0.02032,0.0033333333333333335,310.8752809285732,310.8299747851563,0.04530614341689443,x,3,0.00025
36.65220000000002,preconditioning_load,0.020574,0.0033333333333333335,316.7223700226136,316.67621173985555,0.04615828275802869,x,3,0.00025
36.72840000000002,preconditioning_load,0.020828,0.0033333333333333335,322.60566457930264,322.5586488807149,0.04701569858775656,x,3,0.00025
36.80460000000002,preconditioning_load,0.021082,0.0033333333333333335,328.5249431481143,328.47706478948174,0.04787835863254486,x,3,0.00025
36.88080000000002,preconditioning_load,0.021336,0.0033333333333333335,334.4799882930395,334.43124206183575,0.04874623120377919,x,3,0.00025
36.95700000000002,preconditioning_load,0.021589999999999998,0.0033333333333333335,340.4705864727374,340.4209671875569,0.04961928518048353,x,3,0.00025
37.03320000000002,preconditioning_load,0.021844000000000002,0.0033333333333333335,346.49652792563677,346.4460304356441,0.05049748999266512,x,3,0.00025
37.10940000000002,preconditioning_load,0.022098,0.0033333333333333335,352.5576065597266,352.5062257441217,0.05138081560488672,x,3,0.00025
37.18560000000002,preconditioning_load,0.022351999999999997,0.0033333333333333335,358.6536198467959,358.6013506142946,0.052269232501316765,x,3,0.00025
37.26180000000002,preconditioning_load,0.022605999999999998,0.0033333333333333335,364.78436872089054,364.73120600922,0.0531627116705522,x,3,0.00025
37.33800000000002,preconditioning_load,0.022860000000000002,0.0033333333333333335,370.94965748077567,370.89559625618404,0.05406122459163498,x,3,0.00025
37.41420000000002,preconditioning_load,0.023114,0.0033333333333333335,377.14929369620234,377.09432895298204,0.054964743220295986,x,3,0.00025
37.49040000000002,preconditioning_load,0.023367999999999996,0.0033333333333333335,383.38308811778995,383.32721487781413,0.05587323997582416,x,3,0.00025
37.56660000000002,preconditioning_load,0.023622,0.0033333333333333335,389.6508545903464,389.59406790261795,0.056786687728447305,x,3,0.00025
37.64280000000002,preconditioning_load,0.023875999999999998,0.0033333333333333335,395.952409969459,395.8947049096718,0.057705059787167556,x,3,0.00025
37.71900000000002,preconditioning_load,0.02413,0.0033333333333333335,402.28757404120125,402.22894571131314,0.05862832988810851,x,3,0.00025
37.79520000000002,preconditioning_load,0.024383999999999996,0.0033333333333333335,408.6561694448041,408.5966129726209,0.05955647218320337,x,3,0.00025
37.87140000000002,preconditioning_load,0.024638,0.0033333333333333335,415.0580215981555,414.9975321369263,0.06048946122922416,x,3,0.00025
37.94760000000002,preconditioning_load,0.024891999999999997,0.0033333333333333335,421.4929586259944,421.4315313540168,0.06142727197760678,x,3,0.00025
38.02380000000002,preconditioning_load,0.025145999999999998,0.0033333333333333335,427.96081129067693,427.8984414109128,0.06236987976410546,x,3,0.00025
38.10000000000002,preconditioning_load,0.0254,0.0033333333333333335,434.46141292539585,434.3980956650968,0.06331726029907259,x,3,0.00025
38.17620000000002,preconditioning_unload,0.025145999999999998,-0.0033333333333333335,425.7483943208597,425.8107642006238,-0.06236987976410546,x,3,0.00025
38.25240000000002,preconditioning_unload,0.024891999999999997,-0.0033333333333333335,417.2471626186813,417.3085898906589,-0.06142727197760678,x,3,0.00025
38.32860000000002,preconditioning_unload,0.024638,-0.0033333333333333335,408.8310948293088,408.89158429053805,-0.06048946122922416,x,3,0.00025
38.40480000000002,preconditioning_unload,0.024383999999999996,-0.0033333333333333335,400.5002026035283,400.5597590757115,-0.05955647218320337,x,3,0.00025
38.48100000000002,preconditioning_unload,0.02413,-0.0033333333333333335,392.25449771436337,392.3131260442515,-0.05862832988810851,x,3,0.00025
38.55720000000002,preconditioning_unload,0.023875999999999998,-0.0033333333333333335,384.0939920596489,384.15169711943605,-0.057705059787167556,x,3,0.00025
38.63340000000002,preconditioning_unload,0.023622,-0.0033333333333333335,376.0186976646901,376.0754843524185,-0.056786687728447305,x,3,0.00025
38.70960000000002,preconditioning_unload,0.023367999999999996,-0.0033333333333333335,368.0286266850045,368.0844999249803,-0.05587323997582416,x,3,0.00025
38.78580000000002,preconditioning_unload,0.023114,-0.0033333333333333335,360.12379140915584,360.17875615237614,-0.054964743220295986,x,3,0.00025
38.86200000000002,preconditioning_unload,0.022860000000000002,-0.0033333333333333335,352.304204261678,352.35826548626966,-0.05406122459163498,x,3,0.00025
38.93820000000002,preconditioning_unload,0.022605999999999998,-0.0033333333333333335,344.56987780609916,344.6230405177697,-0.0531627116705522,x,3,0.00025
39.01440000000002,preconditioning_unload,0.022351999999999997,-0.0033333333333333335,336.9208247480669,336.9730939805682,-0.052269232501316765,x,3,0.00025
39.09060000000002,preconditioning_unload,0.022098,-0.0033333333333333335,329.3570579385785,329.4084387541834,-0.05138081560488672,x,3,0.00025
39.16680000000002,preconditioning_unload,0.021844000000000002,-0.0033333333333333335,321.8785903773235,321.9290878673162,-0.05049748999266512,x,3,0.00025
39.24300000000002,preconditioning_unload,0.021589999999999998,-0.0033333333333333335,314.48543521614283,314.5350545013233,-0.04961928518048353,x,3,0.00025
39.31920000000002,preconditioning_unload,0.021336,-0.0033333333333333335,307.1776057626093,307.22635199381307,-0.04874623120377919,x,3,0.00025
39.39540000000002,preconditioning_unload,0.021082,-0.0033333333333333335,299.9551154837355,300.002993842368,-0.04787835863254486,x,3,0.00025
39.471600000000024,preconditioning_unload,0.020828,-0.0033333333333333335,292.81797800981616,292.8649937084039,-0.04701569858775656,x,3,0.00025
39.547800000000024,preconditioning_unload,0.020574,-0.0033333333333333335,285.76620713841055,285.8123654211686,-0.04615828275802869,x,3,0.00025
39.624000000000024,preconditioning_unload,0.02032,-0.0033333333333333335,278.7998168384713,278.8451229818882,-0.04530614341689443,x,3,0.00025
39.700200000000024,preconditioning_unload,0.020065999999999997,-0.0033333333333333335,271.9188212546287,271.96328056807,-0.044459313441279846,x,3,0.00025
39.776400000000024,preconditioning_unload,0.019812,-0.0033333333333333335,265.12323471163734,265.16685253796777,-0.04361782633043276,x,3,0.00025
39.852600000000024,preconditioning_unload,0.019558,-0.0033333333333333335,258.41307171899206,258.4558534352179,-0.042781716225817945,x,3,0.00025
39.928800000000024,preconditioning_unload,0.019303999999999998,-0.0033333333333333335,251.78834697572486,251.83029799365673,-0.04195101793186495,x,3,0.00025
40.005000000000024,preconditioning_unload,0.01905,-0.0033333333333333335,245.24907537539,245.29020114232776,-0.041125766937767594,x,3,0.00025
40.081200000000024,preconditioning_unload,0.018796,-0.0033333333333333335,238.79527201124753,238.83557801068773,-0.04030599944019286,x,3,0.00025
40.157400000000024,preconditioning_unload,0.018542,-0.0033333333333333335,232.42695218165755,232.46644393402465,-0.03949175236709834,x,3,0.00025
40.233600000000024,preconditioning_unload,0.018288,-0.0033333333333333335,226.14413139569413,226.18281445909693,-0.038683063402800144,x,3,0.00025
40.309800000000024,preconditioning_unload,0.018033999999999998,-0.0033333333333333335,219.94682537899342,219.98470535000743,-0.0378799710140072,x,3,0.00025
40.386000000000024,preconditioning_unload,0.01778,-0.0033333333333333335,213.83505007984814,213.87213259432548,-0.03708251447733346,x,3,0.00025
40.462200000000024,preconditioning_unload,0.017526,-0.0033333333333333335,207.80882167556146,207.84511240946958,-0.036290733908117545,x,3,0.00025
40.538400000000024,preconditioning_unload,0.017272,-0.0033333333333333335,201.8681565790776,201.90366124936835,-0.03550467029074866,x,3,0.00025
40.614600000000024,preconditioning_unload,0.017018,-0.0033333333333333335,196.013071445903,196.04779581141347,-0.034724365510470534,x,3,0.00025
40.690800000000024,preconditioning_unload,0.016763999999999998,-0.0033333333333333335,190.2435831813368,190.27753304372362,-0.03394986238683373,x,3,0.00025
40.767000000000024,preconditioning_unload,0.01651,-0.0033333333333333335,184.55970894802843,184.5928901527375,-0.0331812047090807,x,3,0.00025
40.843200000000024,preconditioning_unload,0.016256,-0.0033333333333333335,178.96146617388314,178.99388461115626,-0.032418437273122436,x,3,0.00025
40.919400000000024,preconditioning_unload,0.016002,-0.0033333333333333335,173.44887256033647,173.48053416625737,-0.0316616059209025,x,3,0.00025
40.995600000000024,preconditioning_unload,0.015747999999999998,-0.0033333333333333335,168.02194609102136,168.05285684860303,-0.030910757581665393,x,3,0.00025
41.071800000000025,preconditioning_unload,0.015493999999999999,-0.0033333333333333335,162.68070504085284,162.71087098116837,-0.030165940315526996,x,3,0.00025
41.148000000000025,preconditioning_unload,0.01524,-0.0033333333333333335,157.42516798555755,157.45459518891744,-0.029427203359887244,x,3,0.00025
41.224200000000025,preconditioning_unload,0.014986,-0.0033333333333333335,152.25535381167796,152.28404840885602,-0.028694597178059666,x,3,0.00025
41.300400000000025,preconditioning_unload,0.014731999999999999,-0.0033333333333333335,147.17128172708294,147.19924990059405,-0.027968173511112582,x,3,0.00025
41.376600000000025,preconditioning_unload,0.014478,-0.0033333333333333335,142.17297127201928,142.200219257452,-0.027247985432723,x,3,0.00025
41.452800000000025,preconditioning_unload,0.014223999999999999,-0.0033333333333333335,137.26044233074256,137.2869764181499,-0.026534087407327434,x,3,0.00025
41.529000000000025,preconditioning_unload,0.01397,-0.0033333333333333335,132.4337151437678,132.45954167911984,-0.025826535352024393,x,3,0.00025
41.605200000000025,preconditioning_unload,0.013715999999999999,-0.0033333333333333335,127.69281032078486,127.71793570748714,-0.02512538670228537,x,3,0.00025
41.681400000000025,preconditioning_unload,0.013461999999999998,-0.0033333333333333335,123.03774885428808,123.06217955476995,-0.024430700481872236,x,3,0.00025
41.757600000000025,preconditioning_unload,0.013208,-0.0033333333333333335,118.46855213397323,118.49229467135078,-0.023742537377543727,x,3,0.00025
41.833800000000025,preconditioning_unload,0.012953999999999999,-0.0033333333333333335,113.98524196195966,114.00830292177824,-0.023060959818579363,x,3,0.00025
41.910000000000025,preconditioning_unload,0.0127,-0.0033333333333333335,109.5878405689042,109.61022660096602,-0.022386032061817218,x,3,0.00025
41.986200000000025,preconditioning_unload,0.012445999999999999,-0.0033333333333333335,105.27637063107515,105.29808845135773,-0.021717820282574962,x,3,0.00025
42.062400000000025,preconditioning_unload,0.012191999999999998,-0.0033333333333333335,101.05085528846563,101.07191168113776,-0.021056392672136326,x,3,0.00025
42.138600000000025,preconditioning_unload,0.011937999999999999,-0.0033333333333333335,96.9113181640321,96.93171998357424,-0.02040181954214404,x,3,0.00025
42.214800000000025,preconditioning_unload,0.011683999999999998,-0.0033333333333333335,92.85778338415257,92.87753755758945,-0.019754173436879796,x,3,0.00025
42.291000000000025,preconditioning_unload,0.011430000000000001,-0.0033333333333333335,88.89027560041059,88.90938912966459,-0.019113529253999673,x,3,0.00025
42.367200000000025,preconditioning_unload,0.011175999999999998,-0.0033333333333333335,85.00882001282106,85.02729997719561,-0.01847996437454924,x,3,0.00025
42.443400000000025,preconditioning_unload,0.010922000000000001,-0.0033333333333333335,81.21344239462884,81.2312959534322,-0.017853558803352598,x,3,0.00025
42.519600000000025,preconditioning_unload,0.010668,-0.0033333333333333335,77.50416911882397,77.52140351414471,-0.01723439532074167,x,3,0.00025
42.595800000000025,preconditioning_unload,0.010414,-0.0033333333333333335,73.88102718653717,73.89764974618399,-0.016622559646819468,x,3,0.00025
42.672000000000025,preconditioning_unload,0.01016,-0.0033333333333333335,70.34404425749632,70.36006239811607,-0.016018140619749488,x,3,0.00025
42.748200000000026,preconditioning_unload,0.009906,-0.0033333333333333335,66.89324868274831,66.90866991313774,-0.015421230389435436,x,3,0.00025
42.824400000000026,preconditioning_unload,0.009651999999999999,-0.0033333333333333335,63.52866953987692,63.543501464505574,-0.014831924628651905,x,3,0.00025
42.900600000000026,preconditioning_unload,0.009398,-0.0033333333333333335,60.25033667097658,60.26458699373991,-0.014250322763331269,x,3,0.00025
42.976800000000026,preconditioning_unload,0.009144,-0.0033333333333333335,57.05828072367701,57.07195725190161,-0.013676528224600304,x,3,0.00025
43.053000000000026,preconditioning_unload,0.00889,-0.0033333333333333335,53.95253319555432,53.9656438442795,-0.013110648725181306,x,3,0.00025
43.129200000000026,preconditioning_unload,0.008636,-0.0033333333333333335,50.933126482311515,50.9456792788747,-0.012552796563184643,x,3,0.00025
43.205400000000026,preconditioning_unload,0.008381999999999999,-0.0033333333333333335,48.00009393016699,48.01209701912403,-0.012003088957037278,x,3,0.00025
43.281600000000026,preconditioning_unload,0.008128,-0.0033333333333333335,45.15346989295529,45.16493154137094,-0.011461648415647119,x,3,0.00025
43.357800000000026,preconditioning_unload,0.007873999999999999,-0.0033333333333333335,42.39328979452206,42.40421839767086,-0.010928603148798288,x,3,0.00025
43.434000000000026,preconditioning_unload,0.00762,-0.0033333333333333335,39.719590197088394,39.72999428461196,-0.01040408752356825,x,3,0.00025
43.510200000000026,preconditioning_unload,0.007365999999999999,-0.0033333333333333335,37.132408876370114,37.14229711894367,-0.009888242573552475,x,3,0.00025
43.586400000000026,preconditioning_unload,0.007111999999999999,-0.0033333333333333335,34.63178490437149,34.64116612094065,-0.009381216569160244,x,3,0.00025
43.662600000000026,preconditioning_unload,0.0068579999999999995,-0.0033333333333333335,32.21775874093507,32.22664190659363,-0.008883165658559733,x,3,0.00025
43.738800000000026,preconditioning_unload,0.006604,-0.0033333333333333335,29.890372335325953,29.89876658991707,-0.00839425459111709,x,3,0.00025
43.815000000000026,preconditioning_unload,0.00635,-0.0033333333333333335,27.649669239372084,27.65758389690947,-0.007914657537384073,x,3,0.00025
43.891200000000026,preconditioning_unload,0.006095999999999999,-0.0033333333333333335,25.4956947339804,25.503139293003297,-0.007444559022896868,x,3,0.00025
43.967400000000026,preconditioning_unload,0.005841999999999999,-0.0033333333333333335,23.428495971222837,23.435480126219815,-0.00698415499697802,x,3,0.00025
44.043600000000026,preconditioning_unload,0.005587999999999999,-0.0033333333333333335,21.448122134654138,21.454655788716803,-0.006533654062664596,x,3,0.00025
44.119800000000026,preconditioning_unload,0.005334,-0.0033333333333333335,19.554624621118297,19.56071790001877,-0.006093278900472399,x,3,0.00025
44.196000000000026,preconditioning_unload,0.00508,-0.0033333333333333335,17.748057248061038,17.75372051598815,-0.005663267927111804,x,3,0.00025
44.272200000000026,preconditioning_unload,0.0048259999999999996,-0.0033333333333333335,16.028476491351057,16.03372036859254,-0.005243877241483119,x,3,0.00025
44.34840000000003,preconditioning_unload,0.004572,-0.0033333333333333335,14.39594175990183,14.400777142827181,-0.004835382925351794,x,3,0.00025
44.42460000000003,preconditioning_unload,0.004318,-0.0033333333333333335,12.8505157150967,12.854953798883042,-0.0044380837863418066,x,3,0.00025
44.50080000000003,preconditioning_unload,0.004064,-0.0033333333333333335,11.392264645319964,11.396316949979104,-0.0040523046591403045,x,3,0.00025
44.57700000000003,preconditioning_unload,0.00381,-0.0033333333333333335,10.021258909040013,10.024937309459999,-0.0036784004199859055,x,3,0.00025
44.65320000000003,preconditioning_unload,0.0035559999999999997,-0.0033333333333333335,8.737573464259059,8.740890225184975,-0.003316760925915929,x,3,0.00025
44.72940000000003,preconditioning_unload,0.003302,-0.0033333333333333335,7.541288508336192,7.5442563255083845,-0.002967817172192966,x,3,0.00025
44.80560000000003,preconditioning_unload,0.0030479999999999995,-0.0033333333333333335,6.43249026116026,6.435122310244277,-0.0026320490840170407,x,3,0.00025
44.88180000000003,preconditioning_unload,0.0027939999999999996,-0.0033333333333333335,5.411271937970685,5.413581933517503,-0.002309995546817767,x,3,0.00025
44.95800000000003,preconditioning_unload,0.00254,-0.0033333333333333335,4.477734978480717,4.479737246058185,-0.002002267577467798,x,3,0.00025
45.03420000000003,preconditioning_unload,0.002286,-0.0033333333333333335,3.631990631111457,3.633700197139532,-0.001709566028075038,x,3,0.00025
45.11040000000003,preconditioning_unload,0.002032,-0.0033333333333333335,2.874162043945948,2.8755947499979038,-0.0014327060519558898,x,3,0.00025
45.18660000000003,preconditioning_unload,0.0017779999999999998,-0.0033333333333333335,2.2043871048375117,2.2055597569086567,-0.0011726520711450306,x,3,0.00025
45.26280000000003,preconditioning_unload,0.0015239999999999997,-0.0033333333333333335,1.6228224384102017,1.623753008288064,-0.0009305698778623306,x,3,0.00025
45.33900000000003,preconditioning_unload,0.00127,-0.0033333333333333335,1.1296492904775557,1.1303571989684444,-0.0007079084908887534,x,3,0.00025
45.41520000000003,preconditioning_unload,0.001016,-0.0033333333333333335,0.7250827204921217,0.7255892585745143,-0.0005065380823925381,x,3,0.00025
45.49140000000003,preconditioning_unload,0.0007619999999999999,-0.0033333333333333335,0.4093871895811343,0.4097161957166365,-0.0003290061355021856,x,3,0.00025
45.56760000000003,preconditioning_unload,0.000508,-0.0033333333333333335,0.18290643593257874,0.18308552418907326,-0.000179088256494514,x,3,0.00025
45.64380000000003,preconditioning_unload,0.000254,-0.0033333333333333335,0.04613404408631377,0.046197361346612835,-6.331726029906726e-05,x,3,0.00025
45.72000000000003,preconditioning_unload,0.0,-0.0033333333333333335,0.0,0.0,0.0,x,3,0.00025
45.72000000000003,preconditioning_load,0.0,0.0,0.0,0.0,0.0,y,1,0.00025
45.79620000000003,preconditioning_load,0.000254,0.0033333333333333335,0.43446141292539586,0.4343980956650968,6.331726029906726e-05,y,1,0.00025
45.87240000000003,preconditioning_load,0.000508,0.0033333333333333335,1.2288424449737447,1.2286633567172502,0.00017908825649448623,y,1,0.00025
45.94860000000003,preconditioning_load,0.0007619999999999999,0.0033333333333333335,2.257527723344842,2.2571987172093397,0.0003290061355021301,y,1,0.00025
46.02480000000003,preconditioning_load,0.001016,0.0033333333333333335,3.475691303403167,3.4751847653207744,0.0005065380823925381,y,1,0.00025
46.10100000000003,preconditioning_load,0.00127,0.0033333333333333335,4.857426264508956,4.856718356018067,0.0007079084908889755,y,1,0.00025
46.17720000000003,preconditioning_load,0.0015239999999999997,0.0033333333333333335,6.385252647575064,6.384322077697202,0.0009305698778625526,y,1,0.00025
46.25340000000003,preconditioning_load,0.0017779999999999998,0.0033333333333333335,8.046337969980383,8.04516531790924,0.0011726520711441424,y,1,0.00025
46.32960000000003,preconditioning_load,0.002032,0.0033333333333333335,9.830739559789958,9.829306853738002,0.0014327060519558898,y,1,0.00025
46.40580000000003,preconditioning_load,0.002286,0.0033333333333333335,11.730458148985687,11.728748582957612,0.0017095660280741498,y,1,0.00025
46.48200000000003,preconditioning_load,0.00254,0.0033333333333333335,13.738876202991694,13.736873935414225,0.002002267577468686,y,1,0.00025
46.55820000000003,preconditioning_load,0.0027939999999999996,0.0033333333333333335,15.850400418173221,15.848090422626402,0.002309995546818655,y,1,0.00025
46.63440000000003,preconditioning_load,0.0030479999999999995,0.0033333333333333335,18.060221786758735,18.057589737674718,0.0026320490840170407,y,1,0.00025
46.71060000000003,preconditioning_load,0.003302,0.0033333333333333335,20.364147719669624,20.361179902497433,0.0029678171721911895,y,1,0.00025
46.78680000000003,preconditioning_load,0.0035559999999999997,0.0033333333333333335,22.758480569167713,22.755163808241797,0.003316760925915929,y,1,0.00025
46.86300000000003,preconditioning_load,0.00381,0.0033333333333333335,25.239927252447032,25.236248852027046,0.0036784004199859055,y,1,0.00025
46.93920000000003,preconditioning_load,0.004064,0.0033333333333333335,27.805530427225335,27.801478122566195,0.0040523046591403045,y,1,0.00025
47.01540000000003,preconditioning_load,0.004318,0.0033333333333333335,30.452615027690452,30.44817694390411,0.004438083786343583,y,1,0.00025
47.09160000000003,preconditioning_load,0.004572,0.0033333333333333335,33.17874601429111,33.17391063136576,0.004835382925350018,y,1,0.00025
47.16780000000003,preconditioning_load,0.0048259999999999996,0.0033333333333333335,35.981694482384235,35.97645060514275,0.005243877241483119,y,1,0.00025
47.24400000000003,preconditioning_load,0.00508,0.0033333333333333335,38.85941011607165,38.85374684814454,0.005663267927111804,y,1,0.00025
47.32020000000003,preconditioning_load,0.005334,0.0033333333333333335,41.80999853662994,41.80390525772947,0.006093278900472399,y,1,0.00025
47.39640000000003,preconditioning_load,0.005587999999999999,0.0033333333333333335,44.831702480849486,44.82516882678682,0.006533654062664596,y,1,0.00025
47.47260000000003,preconditioning_load,0.005841999999999999,0.0033333333333333335,47.922886014723744,47.915901859726766,0.00698415499697802,y,1,0.00025
47.54880000000003,preconditioning_load,0.006095999999999999,0.0033333333333333335,51.08202118060051,51.07457662157761,0.007444559022900421,y,1,0.00025
47.62500000000003,preconditioning_load,0.00635,0.0033333333333333335,54.30767661567448,54.2997619581371,0.007914657537384073,y,1,0.00025
47.70120000000003,preconditioning_load,0.006604,0.0033333333333333335,57.598507782651836,57.59011352806072,0.00839425459111709,y,1,0.00025
47.77740000000003,preconditioning_load,0.0068579999999999995,0.0033333333333333335,60.95324853031074,60.94436536465218,0.008883165658559733,y,1,0.00025
47.85360000000003,preconditioning_load,0.007111999999999999,0.0033333333333333335,64.37070375984307,64.36132254327391,0.009381216569153139,y,1,0.00025
47.92980000000003,preconditioning_load,0.007365999999999999,0.0033333333333333335,67.84974301736942,67.83985477479587,0.009888242573552475,y,1,0.00025
48.00600000000003,preconditioning_load,0.00762,0.0033333333333333335,71.38929486744176,71.3788907799182,0.01040408752356825,y,1,0.00025
48.08220000000003,preconditioning_load,0.007873999999999999,0.0033333333333333335,74.98834192923472,74.97741332608592,0.010928603148798288,y,1,0.00025
48.15840000000003,preconditioning_load,0.008128,0.0033333333333333335,78.64591647831966,78.63445482990402,0.011461648415647119,y,1,0.00025
48.23460000000003,preconditioning_load,0.008381999999999999,0.0033333333333333335,82.36109653376099,82.34909344480394,0.012003088957044383,y,1,0.00025
48.31080000000003,preconditioning_load,0.008636,0.0033333333333333335,86.13300236377312,86.12044956720993,0.012552796563184643,y,1,0.00025
48.38700000000003,preconditioning_load,0.00889,0.0033333333333333335,89.96079335406901,89.94768270534384,0.013110648725174201,y,1,0.00025
48.46320000000003,preconditioning_load,0.009144,0.0033333333333333335,93.84366519188549,93.8299886636609,0.013676528224593199,y,1,0.00025
48.53940000000003,preconditioning_load,0.009398,0.0033333333333333335,97.78084732591178,97.76659700314845,0.014250322763331269,y,1,0.00025
48.61560000000003,preconditioning_load,0.009651999999999999,0.0033333333333333335,101.77160066830588,101.75676874367723,0.014831924628651905,y,1,0.00025
48.69180000000003,preconditioning_load,0.009906,0.0033333333333333335,105.81521550991704,105.7997942795276,0.015421230389435436,y,1,0.00025
48.76800000000003,preconditioning_load,0.01016,0.0033333333333333335,109.91100962393355,109.8949914833138,0.016018140619749488,y,1,0.00025
48.84420000000003,preconditioning_load,0.010414,0.0033333333333333335,114.05832653660886,114.04170397696204,0.016622559646819468,y,1,0.00025
48.92040000000003,preconditioning_load,0.010668,0.0033333333333333335,118.25653394660266,118.23929955128192,0.01723439532074167,y,1,0.00025
48.99660000000003,preconditioning_load,0.010922000000000001,0.0033333333333333335,122.50502227690585,122.4871687181025,0.017853558803352598,y,1,0.00025
49.07280000000003,preconditioning_load,0.011175999999999998,0.0033333333333333335,126.80320334538577,126.78472338101122,0.01847996437454924,y,1,0.00025
49.14900000000003,preconditioning_load,0.011430000000000001,0.0033333333333333335,131.1505091417418,131.1313956124878,0.019113529253985462,y,1,0.00025
49.22520000000003,preconditioning_load,0.011683999999999998,0.0033333333333333335,135.5463907001645,135.5266365267276,0.019754173436894007,y,1,0.00025
49.30140000000003,preconditioning_load,0.011937999999999999,0.0033333333333333335,139.99031705828023,139.96991523873808,0.02040181954214404,y,1,0.00025
49.37760000000003,preconditioning_load,0.012191999999999998,0.0033333333333333335,144.48177429406988,144.46071790139774,0.021056392672136326,y,1,0.00025
49.45380000000003,preconditioning_load,0.012445999999999999,0.0033333333333333335,149.02026463341076,148.99854681312817,0.021717820282589173,y,1,0.00025
49.53000000000003,preconditioning_load,0.0127,0.0033333333333333335,153.6053056217181,153.58291958965629,0.022386032061803007,y,1,0.00025
49.60620000000003,preconditioning_load,0.012953999999999999,0.0033333333333333335,158.23642935388608,158.21336839406752,0.023060959818565152,y,1,0.00025
49.68240000000003,preconditioning_load,0.013208,0.0033333333333333335,162.913181757357,162.88943921997947,0.023742537377529516,y,1,0.00025
49.75860000000003,preconditioning_load,0.013461999999999998,0.0033333333333333335,167.63512192369492,167.61069122321305,0.024430700481872236,y,1,0.00025
49.83480000000003,preconditioning_load,0.013715999999999999,0.0033333333333333335,172.40182148452672,172.37669609782444,0.02512538670228537,y,1,0.00025
49.91100000000003,preconditioning_load,0.01397,0.0033333333333333335,177.21286402813206,177.18703749278004,0.025826535352024393,y,1,0.00025
49.98720000000003,preconditioning_load,0.014223999999999999,0.0033333333333333335,182.0678445533417,182.04131046593437,0.026534087407327434,y,1,0.00025
50.06340000000003,preconditioning_load,0.014478,0.0033333333333333335,186.9663689577307,186.93912097229799,0.027247985432723,y,1,0.00025
50.13960000000003,preconditioning_load,0.014731999999999999,0.0033333333333333335,191.9080535573861,191.88008538387498,0.027968173511112582,y,1,0.00025
50.21580000000003,preconditioning_load,0.014986,0.0033333333333333335,196.89252463578862,196.86383003861056,0.028694597178059666,y,1,0.00025
50.29200000000003,preconditioning_load,0.01524,0.0033333333333333335,201.91941801957626,201.88999081621637,0.029427203359887244,y,1,0.00025
50.36820000000003,preconditioning_load,0.015493999999999999,0.0033333333333333335,206.98837867916572,206.9582127388502,0.030165940315526996,y,1,0.00025
50.44440000000003,preconditioning_load,0.015747999999999998,0.0033333333333333335,212.09906035238953,212.06814959480786,0.030910757581665393,y,1,0.00025
50.52060000000003,preconditioning_load,0.016002,0.0033333333333333335,217.25112518947037,217.21946358354947,0.0316616059209025,y,1,0.00025
50.59680000000003,preconditioning_load,0.016256,0.0033333333333333335,222.44424341780268,222.41182498052956,0.032418437273122436,y,1,0.00025
50.67300000000003,preconditioning_load,0.01651,0.0033333333333333335,227.67809302514308,227.644911820434,0.0331812047090807,y,1,0.00025
50.74920000000003,preconditioning_load,0.016763999999999998,0.0033333333333333335,232.952359459929,232.91840959754217,0.03394986238683373,y,1,0.00025
50.82540000000003,preconditioning_load,0.017018,0.0033333333333333335,238.26673534755417,238.2320109820437,0.034724365510470534,y,1,0.00025
50.90160000000003,preconditioning_load,0.017272,0.0033333333333333335,243.62092022152362,243.58541555123287,0.03550467029074866,y,1,0.00025
50.97780000000003,preconditioning_load,0.017526,0.0033333333333333335,249.0146202685006,248.9783295345925,0.036290733908117545,y,1,0.00025
51.05400000000003,preconditioning_load,0.01778,0.0033333333333333335,254.44754808633564,254.4104655718583,0.03708251447733346,y,1,0.00025
51.13020000000003,preconditioning_load,0.018033999999999998,0.0033333333333333335,259.9194224542395,259.8815424832255,0.03787997101403562,y,1,0.00025
51.20640000000003,preconditioning_load,0.018288,0.0033333333333333335,265.42996811432886,265.39128505092606,0.038683063402800144,y,1,0.00025
51.28260000000003,preconditioning_load,0.018542,0.0033333333333333335,270.9789155638286,270.9394238114615,0.03949175236709834,y,1,0.00025
51.35880000000003,preconditioning_load,0.018796,0.0033333333333333335,276.56600085727484,276.52569485783465,0.04030599944019286,y,1,0.00025
51.43500000000003,preconditioning_load,0.01905,0.0033333333333333335,282.19096541810535,282.14983965116755,0.041125766937796016,y,1,0.00025
51.51120000000003,preconditioning_load,0.019303999999999998,0.0033333333333333335,287.8535558590739,287.811604841142,0.04195101793186495,y,1,0.00025
51.58740000000003,preconditioning_load,0.019558,0.0033333333333333335,293.5535238109637,293.5107420947379,0.042781716225817945,y,1,0.00025
51.66360000000003,preconditioning_load,0.019812,0.0033333333333333335,299.29062575911314,299.2470079327827,0.04361782633043276,y,1,0.00025
51.73980000000003,preconditioning_load,0.020065999999999997,0.0033333333333333335,305.06462288730114,305.02016357385986,0.044459313441279846,y,1,0.00025
51.81600000000003,preconditioning_load,0.02032,0.0033333333333333335,310.8752809285732,310.8299747851563,0.04530614341689443,y,1,0.00025
51.89220000000003,preconditioning_load,0.020574,0.0033333333333333335,316.7223700226136,316.67621173985555,0.04615828275802869,y,1,0.00025
51.96840000000003,preconditioning_load,0.020828,0.0033333333333333335,322.60566457930264,322.5586488807149,0.04701569858775656,y,1,0.00025
52.04460000000003,preconditioning_load,0.021082,0.0033333333333333335,328.5249431481143,328.47706478948174,0.04787835863254486,y,1,0.00025
52.12080000000003,preconditioning_load,0.021336,0.0033333333333333335,334.4799882930395,334.43124206183575,0.04874623120377919,y,1,0.00025
52.19700000000003,preconditioning_load,0.021589999999999998,0.0033333333333333335,340.4705864727374,340.4209671875569,0.04961928518048353,y,1,0.00025
52.27320000000003,preconditioning_load,0.021844000000000002,0.0033333333333333335,346.49652792563677,346.4460304356441,0.05049748999266512,y,1,0.00025
52.34940000000003,preconditioning_load,0.022098,0.0033333333333333335,352.5576065597266,352.5062257441217,0.05138081560488672,y,1,0.00025
52.42560000000003,preconditioning_load,0.022351999999999997,0.0033333333333333335,358.6536198467959,358.6013506142946,0.052269232501316765,y,1,0.00025
52.50180000000003,preconditioning_load,0.022605999999999998,0.0033333333333333335,364.78436872089054,364.73120600922,0.0531627116705522,y,1,0.00025
52.57800000000003,preconditioning_load,0.022860000000000002,0.0033333333333333335,370.94965748077567,370.89559625618404,0.05406122459163498,y,1,0.00025
52.65420000000003,preconditioning_load,0.023114,0.0033333333333333335,377.14929369620234,377.09432895298204,0.054964743220295986,y,1,0.00025
52.73040000000003,preconditioning_load,0.023367999999999996,0.0033333333333333335,383.38308811778995,383.32721487781413,0.05587323997582416,y,1,0.00025
52.80660000000003,preconditioning_load,0.023622,0.0033333333333333335,389.6508545903464,389.59406790261795,0.056786687728447305,y,1,0.00025
52.88280000000003,preconditioning_load,0.023875999999999998,0.0033333333333333335,395.952409969459,395.8947049096718,0.057705059787167556,y,1,0.00025
52.95900000000003,preconditioning_load,0.02413,0.0033333333333333335,402.28757404120125,402.22894571131314,0.05862832988810851,y,1,0.00025
53.03520000000003,preconditioning_load,0.024383999999999996,0.0033333333333333335,408.6561694448041,408.5966129726209,0.05955647218320337,y,1,0.00025
53.11140000000003,preconditioning_load,0.024638,0.0033333333333333335,415.0580215981555,414.9975321369263,0.06048946122922416,y,1,0.00025
53.18760000000003,preconditioning_load,0.024891999999999997,0.0033333333333333335,421.4929586259944,421.4315313540168,0.06142727197760678,y,1,0.00025
53.26380000000003,preconditioning_load,0.025145999999999998,0.0033333333333333335,427.96081129067693,427.8984414109128,0.06236987976410546,y,1,0.00025
53.34000000000003,preconditioning_load,0.0254,0.0033333333333333335,434.46141292539585,434.3980956650968,0.06331726029907259,y,1,0.00025
53.41620000000003,preconditioning_unload,0.025145999999999998,-0.0033333333333333335,425.7483943208597,425.8107642006238,-0.06236987976410546,y,1,0.00025
53.49240000000003,preconditioning_unload,0.024891999999999997,-0.0033333333333333335,417.2471626186813,417.3085898906589,-0.06142727197760678,y,1,0.00025
53.56860000000003,preconditioning_unload,0.024638,-0.0033333333333333335,408.8310948293088,408.89158429053805,-0.06048946122922416,y,1,0.00025
53.64480000000003,preconditioning_unload,0.024383999999999996,-0.0033333333333333335,400.5002026035283,400.5597590757115,-0.05955647218320337,y,1,0.00025
53.72100000000003,preconditioning_unload,0.02413,-0.0033333333333333335,392.25449771436337,392.3131260442515,-0.05862832988810851,y,1,0.00025
53.79720000000003,preconditioning_unload,0.023875999999999998,-0.0033333333333333335,384.0939920596489,384.15169711943605,-0.057705059787167556,y,1,0.00025
53.87340000000003,preconditioning_unload,0.023622,-0.0033333333333333335,376.0186976646901,376.0754843524185,-0.056786687728447305,y,1,0.00025
53.94960000000003,preconditioning_unload,0.023367999999999996,-0.0033333333333333335,368.0286266850045,368.0844999249803,-0.05587323997582416,y,1,0.00025
54.02580000000003,preconditioning_unload,0.023114,-0.0033333333333333335,360.12379140915584,360.17875615237614,-0.054964743220295986,y,1,0.00025
54.10200000000003,preconditioning_unload,0.022860000000000002,-0.0033333333333333335,352.304204261678,352.35826548626966,-0.05406122459163498,y,1,0.00025
54.17820000000003,preconditioning_unload,0.022605999999999998,-0.0033333333333333335,344.56987780609916,344.6230405177697,-0.0531627116705522,y,1,0.00025
54.25440000000003,preconditioning_unload,0.022351999999999997,-0.0033333333333333335,336.9208247480669,336.9730939805682,-0.052269232501316765,y,1,0.00025
54.33060000000003,preconditioning_unload,0.022098,-0.0033333333333333335,329.3570579385785,329.4084387541834,-0.05138081560488672,y,1,0.00025
54.40680000000003,preconditioning_unload,0.021844000000000002,-0.0033333333333333335,321.8785903773235,321.9290878673162,-0.05049748999266512,y,1,0.00025
54.48300000000003,preconditioning_unload,0.021589999999999998,-0.0033333333333333335,314.48543521614283,314.5350545013233,-0.04961928518048353,y,1,0.00025
54.55920000000003,preconditioning_unload,0.021336,-0.0033333333333333335,307.1776057626093,307.22635199381307,-0.04874623120377919,y,1,0.00025
54.63540000000003,preconditioning_unload,0.021082,-0.0033333333333333335,299.9551154837355,300.002993842368,-0.04787835863254486,y,1,0.00025
54.71160000000003,preconditioning_unload,0.020828,-0.0033333333333333335,292.81797800981616,292.8649937084039,-0.04701569858775656,y,1,0.00025
54.78780000000003,preconditioning_unload,0.020574,-0.0033333333333333335,285.76620713841055,285.8123654211686,-0.04615828275802869,y,1,0.00025
54.86400000000003,preconditioning_unload,0.02032,-0.0033333333333333335,278.7998168384713,278.8451229818882,-0.04530614341689443,y,1,0.00025
54.94020000000003,preconditioning_unload,0.020065999999999997,-0.0033333333333333335,271.9188212546287,271.96328056807,-0.044459313441279846,y,1,0.00025
55.01640000000003,preconditioning_unload,0.019812,-0.0033333333333333335,265.12323471163734,265.16685253796777,-0.04361782633043276,y,1,0.00025
55.09260000000003,preconditioning_unload,0.019558,-0.0033333333333333335,258.41307171899206,258.4558534352179,-0.042781716225817945,y,1,0.00025
55.16880000000003,preconditioning_unload,0.019303999999999998,-0.0033333333333333335,251.78834697572486,251.83029799365673,-0.04195101793186495,y,1,0.00025
55.24500000000003,preconditioning_unload,0.01905,-0.0033333333333333335,245.24907537539,245.29020114232776,-0.041125766937767594,y,1,0.00025
55.32120000000003,preconditioning_unload,0.018796,-0.0033333333333333335,238.79527201124753,238.83557801068773,-0.04030599944019286,y,1,0.00025
55.39740000000003,preconditioning_unload,0.018542,-0.0033333333333333335,232.42695218165755,232.46644393402465,-0.03949175236709834,y,1,0.00025
55.47360000000003,preconditioning_unload,0.018288,-0.0033333333333333335,226.14413139569413,226.18281445909693,-0.038683063402800144,y,1,0.00025
55.54980000000003,preconditioning_unload,0.018033999999999998,-0.0033333333333333335,219.94682537899342,219.98470535000743,-0.0378799710140072,y,1,0.00025
55.62600000000003,preconditioning_unload,0.01778,-0.0033333333333333335,213.83505007984814,213.87213259432548,-0.03708251447733346,y,1,0.00025
55.70220000000003,preconditioning_unload,0.017526,-0.0033333333333333335,207.80882167556146,207.84511240946958,-0.036290733908117545,y,1,0.00025
55.77840000000003,preconditioning_unload,0.017272,-0.0033333333333333335,201.8681565790776,201.90366124936835,-0.03550467029074866,y,1,0.00025
55.85460000000003,preconditioning_unload,0.017018,-0.0033333333333333335,196.013071445903,196.04779581141347,-0.034724365510470534,y,1,0.00025
55.93080000000003,preconditioning_unload,0.016763999999999998,-0.0033333333333333335,190.2435831813368,190.27753304372362,-0.03394986238683373,y,1,0.00025
56.00700000000003,preconditioning_unload,0.01651,-0.0033333333333333335,184.55970894802843,184.5928901527375,-0.0331812047090807,y,1,0.00025
56.08320000000003,preconditioning_unload,0.016256,-0.0033333333333333335,178.96146617388314,178.99388461115626,-0.032418437273122436,y,1,0.00025
56.15940000000003,preconditioning_unload,0.016002,-0.0033333333333333335,173.44887256033647,173.48053416625737,-0.0316616059209025,y,1,0.00025
56.235600000000034,preconditioning_unload,0.015747999999999998,-0.0033333333333333335,168.02194609102136,168.05285684860303,-0.030910757581665393,y,1,0.00025
56.311800000000034,preconditioning_unload,0.015493999999999999,-0.0033333333333333335,162.68070504085284,162.71087098116837,-0.030165940315526996,y,1,0.00025
56.388000000000034,preconditioning_unload,0.01524,-0.0033333333333333335,157.42516798555755,157.45459518891744,-0.029427203359887244,y,1,0.00025
56.464200000000034,preconditioning_unload,0.014986,-0.0033333333333333335,152.25535381167796,152.28404840885602,-0.028694597178059666,y,1,0.00025
56.540400000000034,preconditioning_unload,0.014731999999999999,-0.0033333333333333335,147.17128172708294,147.19924990059405,-0.027968173511112582,y,1,0.00025
56.616600000000034,preconditioning_unload,0.014478,-0.0033333333333333335,142.17297127201928,142.200219257452,-0.027247985432723,y,1,0.00025
56.692800000000034,preconditioning_unload,0.014223999999999999,-0.0033333333333333335,137.26044233074256,137.2869764181499,-0.026534087407327434,y,1,0.00025
56.769000000000034,preconditioning_unload,0.01397,-0.0033333333333333335,132.4337151437678,132.45954167911984,-0.025826535352024393,y,1,0.00025
56.845200000000034,preconditioning_unload,0.013715999999999999,-0.0033333333333333335,127.69281032078486,127.71793570748714,-0.02512538670228537,y,1,0.00025
56.921400000000034,preconditioning_unload,0.013461999999999998,-0.0033333333333333335,123.03774885428808,123.06217955476995,-0.024430700481872236,y,1,0.00025
56.997600000000034,preconditioning_unload,0.013208,-0.0033333333333333335,118.46855213397323,118.49229467135078,-0.023742537377543727,y,1,0.00025
57.073800000000034,preconditioning_unload,0.012953999999999999,-0.0033333333333333335,113.98524196195966,114.00830292177824,-0.023060959818579363,y,1,0.00025
57.150000000000034,preconditioning_unload,0.0127,-0.0033333333333333335,109.5878405689042,109.61022660096602,-0.022386032061817218,y,1,0.00025
57.226200000000034,preconditioning_unload,0.012445999999999999,-0.0033333333333333335,105.27637063107515,105.29808845135773,-0.021717820282574962,y,1,0.00025
57.302400000000034,preconditioning_unload,0.012191999999999998,-0.0033333333333333335,101.05085528846563,101.07191168113776,-0.021056392672136326,y,1,0.00025
57.378600000000034,preconditioning_unload,0.011937999999999999,-0.0033333333333333335,96.9113181640321,96.93171998357424,-0.02040181954214404,y,1,0.00025
57.454800000000034,preconditioning_unload,0.011683999999999998,-0.0033333333333333335,92.85778338415257,92.87753755758945,-0.019754173436879796,y,1,0.00025
57.531000000000034,preconditioning_unload,0.011430000000000001,-0.0033333333333333335,88.89027560041059,88.90938912966459,-0.019113529253999673,y,1,0.00025
57.607200000000034,preconditioning_unload,0.011175999999999998,-0.0033333333333333335,85.00882001282106,85.02729997719561,-0.01847996437454924,y,1,0.00025
57.683400000000034,preconditioning_unload,0.010922000000000001,-0.0033333333333333335,81.21344239462884,81.2312959534322,-0.017853558803352598,y,1,0.00025
57.759600000000034,preconditioning_unload,0.010668,-0.0033333333333333335,77.50416911882397,77.52140351414471,-0.01723439532074167,y,1,0.00025
57.835800000000035,preconditioning_unload,0.010414,-0.0033333333333333335,73.88102718653717,73.89764974618399,-0.016622559646819468,y,1,0.00025
57.912000000000035,preconditioning_unload,0.01016,-0.0033333333333333335,70.34404425749632,70.36006239811607,-0.016018140619749488,y,1,0.00025
57.988200000000035,preconditioning_unload,0.009906,-0.0033333333333333335,66.89324868274831,66.90866991313774,-0.015421230389435436,y,1,0.00025
58.064400000000035,preconditioning_unload,0.009651999999999999,-0.0033333333333333335,63.52866953987692,63.543501464505574,-0.014831924628651905,y,1,0.00025
58.140600000000035,preconditioning_unload,0.009398,-0.0033333333333333335,60.25033667097658,60.26458699373991,-0.014250322763331269,y,1,0.00025
58.216800000000035,preconditioning_unload,0.009144,-0.0033333333333333335,57.05828072367701,57.07195725190161,-0.013676528224600304,y,1,0.00025
58.293000000000035,preconditioning_unload,0.00889,-0.0033333333333333335,53.95253319555432,53.9656438442795,-0.013110648725181306,y,1,0.00025
58.369200000000035,preconditioning_unload,0.008636,-0.0033333333333333335,50.933126482311515,50.9456792788747,-0.012552796563184643,y,1,0.00025
58.445400000000035,preconditioning_unload,0.008381999999999999,-0.0033333333333333335,48.00009393016699,48.01209701912403,-0.012003088957037278,y,1,0.00025
58.521600000000035,preconditioning_unload,0.008128,-0.0033333333333333335,45.15346989295529,45.16493154137094,-0.011461648415647119,y,1,0.00025
58.597800000000035,preconditioning_unload,0.007873999999999999,-0.0033333333333333335,42.39328979452206,42.40421839767086,-0.010928603148798288,y,1,0.00025
58.674000000000035,preconditioning_unload,0.00762,-0.0033333333333333335,39.719590197088394,39.72999428461196,-0.01040408752356825,y,1,0.00025
58.750200000000035,preconditioning_unload,0.007365999999999999,-0.0033333333333333335,37.132408876370114,37.14229711894367,-0.009888242573552475,y,1,0.00025
58.826400000000035,preconditioning_unload,0.007111999999999999,-0.0033333333333333335,34.63178490437149,34.64116612094065,-0.009381216569160244,y,1,0.00025
58.902600000000035,preconditioning_unload,0.0068579999999999995,-0.0033333333333333335,32.21775874093507,32.22664190659363,-0.008883165658559733,y,1,0.00025
58.978800000000035,preconditioning_unload,0.006604,-0.0033333333333333335,29.890372335325953,29.89876658991707,-0.00839425459111709,y,1,0.00025
59.055000000000035,preconditioning_unload,0.00635,-0.0033333333333333335,27.649669239372084,27.65758389690947,-0.007914657537384073,y,1,0.00025
59.131200000000035,preconditioning_unload,0.006095999999999999,-0.0033333333333333335,25.4956947339804,25.503139293003297,-0.007444559022896868,y,1,0.00025
59.207400000000035,preconditioning_unload,0.005841999999999999,-0.0033333333333333335,23.428495971222837,23.435480126219815,-0.00698415499697802,y,1,0.00025
59.283600000000035,preconditioning_unload,0.005587999999999999,-0.0033333333333333335,21.448122134654138,21.454655788716803,-0.006533654062664596,y,1,0.00025
59.359800000000035,preconditioning_unload,0.005334,-0.0033333333333333335,19.554624621118297,19.56071790001877,-0.006093278900472399,y,1,0.00025
59.436000000000035,preconditioning_unload,0.00508,-0.0033333333333333335,17.748057248061038,17.75372051598815,-0.005663267927111804,y,1,0.00025
59.512200000000036,preconditioning_unload,0.0048259999999999996,-0.0033333333333333335,16.028476491351057,16.03372036859254,-0.005243877241483119,y,1,0.00025
59.588400000000036,preconditioning_unload,0.004572,-0.0033333333333333335,14.39594175990183,14.400777142827181,-0.004835382925351794,y,1,0.00025
59.664600000000036,preconditioning_unload,0.004318,-0.0033333333333333335,12.8505157150967,12.854953798883042,-0.0044380837863418066,y,1,0.00025
59.740800000000036,preconditioning_unload,0.004064,-0.0033333333333333335,11.392264645319964,11.396316949979104,-0.0040523046591403045,y,1,0.00025
59.817000000000036,preconditioning_unload,0.00381,-0.0033333333333333335,10.021258909040013,10.024937309459999,-0.0036784004199859055,y,1,0.00025
59.893200000000036,preconditioning_unload,0.0035559999999999997,-0.0033333333333333335,8.737573464259059,8.740890225184975,-0.003316760925915929,y,1,0.00025
59.969400000000036,preconditioning_unload,0.003302,-0.0033333333333333335,7.541288508336192,7.5442563255083845,-0.002967817172192966,y,1,0.00025
60.045600000000036,preconditioning_unload,0.0030479999999999995,-0.0033333333333333335,6.43249026116026,6.435122310244277,-0.0026320490840170407,y,1,0.00025
60.121800000000036,preconditioning_unload,0.0027939999999999996,-0.0033333333333333335,5.411271937970685,5.413581933517503,-0.002309995546817767,y,1,0.00025
60.198000000000036,preconditioning_unload,0.00254,-0.0033333333333333335,4.477734978480717,4.479737246058185,-0.002002267577467798,y,1,0.00025
60.274200000000036,preconditioning_unload,0.002286,-0.0033333333333333335,3.631990631111457,3.633700197139532,-0.001709566028075038,y,1,0.00025
60.350400000000036,preconditioning_unload,0.002032,-0.0033333333333333335,2.874162043945948,2.8755947499979038,-0.0014327060519558898,y,1,0.00025
60.426600000000036,preconditioning_unload,0.0017779999999999998,-0.0033333333333333335,2.2043871048375117,2.2055597569086567,-0.0011726520711450306,y,1,0.00025
60.502800000000036,preconditioning_unload,0.0015239999999999997,-0.0033333333333333335,1.6228224384102017,1.623753008288064,-0.0009305698778623306,y,1,0.00025
60.579000000000036,preconditioning_unload,0.00127,-0.0033333333333333335,1.1296492904775557,1.1303571989684444,-0.0007079084908887534,y,1,0.00025
60.655200000000036,preconditioning_unload,0.001016,-0.0033333333333333335,0.7250827204921217,0.7255892585745143,-0.0005065380823925381,y,1,0.00025
60.731400000000036,preconditioning_unload,0.0007619999999999999,-0.0033333333333333335,0.4093871895811343,0.4097161957166365,-0.0003290061355021856,y,1,0.00025
60.807600000000036,preconditioning_unload,0.000508,-0.0033333333333333335,0.18290643593257874,0.18308552418907326,-0.000179088256494514,y,1,0.00025
60.883800000000036,preconditioning_unload,0.000254,-0.0033333333333333335,0.04613404408631377,0.046197361346612835,-6.331726029906726e-05,y,1,0.00025
60.960000000000036,preconditioning_unload,0.0,-0.0033333333333333335,0.0,0.0,0.0,y,1,0.00025
60.960000000000036,preconditioning_load,0.0,0.0,0.0,0.0,0.0,y,2,0.00025
61.036200000000036,preconditioning_load,0.000254,0.0033333333333333335,0.43446141292539586,0.4343980956650968,6.331726029906726e-05,y,2,0.00025
61.11240000000004,preconditioning_load,0.000508,0.0033333333333333335,1.2288424449737447,1.2286633567172502,0.00017908825649448623,y,2,0.00025
61.18860000000004,preconditioning_load,0.0007619999999999999,0.0033333333333333335,2.257527723344842,2.2571987172093397,0.0003290061355021301,y,2,0.00025
61.26480000000004,preconditioning_load,0.001016,0.0033333333333333335,3.475691303403167,3.4751847653207744,0.0005065380823925381,y,2,0.00025
61.34100000000004,preconditioning_load,0.00127,0.0033333333333333335,4.857426264508956,4.856718356018067,0.0007079084908889755,y,2,0.00025
61.41720000000004,preconditioning_load,0.0015239999999999997,0.0033333333333333335,6.385252647575064,6.384322077697202,0.0009305698778625526,y,2,0.00025
61.49340000000004,preconditioning_load,0.0017779999999999998,0.0033333333333333335,8.046337969980383,8.04516531790924,0.0011726520711441424,y,2,0.00025
61.56960000000004,preconditioning_load,0.002032,0.0033333333333333335,9.830739559789958,9.829306853738002,0.0014327060519558898,y,2,0.00025
61.64580000000004,preconditioning_load,0.002286,0.0033333333333333335,11.730458148985687,11.728748582957612,0.0017095660280741498,y,2,0.00025
61.72200000000004,preconditioning_load,0.00254,0.0033333333333333335,13.738876202991694,13.736873935414225,0.002002267577468686,y,2,0.00025
61.79820000000004,preconditioning_load,0.0027939999999999996,0.0033333333333333335,15.850400418173221,15.848090422626402,0.002309995546818655,y,2,0.00025
61.87440000000004,preconditioning_load,0.0030479999999999995,0.0033333333333333335,18.060221786758735,18.057589737674718,0.0026320490840170407,y,2,0.00025
61.95060000000004,preconditioning_load,0.003302,0.0033333333333333335,20.364147719669624,20.361179902497433,0.0029678171721911895,y,2,0.00025
62.02680000000004,preconditioning_load,0.0035559999999999997,0.0033333333333333335,22.758480569167713,22.755163808241797,0.003316760925915929,y,2,0.00025
62.10300000000004,preconditioning_load,0.00381,0.0033333333333333335,25.239927252447032,25.236248852027046,0.0036784004199859055,y,2,0.00025
62.17920000000004,preconditioning_load,0.004064,0.0033333333333333335,27.805530427225335,27.801478122566195,0.0040523046591403045,y,2,0.00025
62.25540000000004,preconditioning_load,0.004318,0.0033333333333333335,30.452615027690452,30.44817694390411,0.004438083786343583,y,2,0.00025
62.33160000000004,preconditioning_load,0.004572,0.0033333333333333335,33.17874601429111,33.17391063136576,0.004835382925350018,y,2,0.00025
62.40780000000004,preconditioning_load,0.0048259999999999996,0.0033333333333333335,35.981694482384235,35.97645060514275,0.005243877241483119,y,2,0.00025
62.48400000000004,preconditioning_load,0.00508,0.0033333333333333335,38.85941011607165,38.85374684814454,0.005663267927111804,y,2,0.00025
62.56020000000004,preconditioning_load,0.005334,0.0033333333333333335,41.80999853662994,41.80390525772947,0.006093278900472399,y,2,0.00025
62.63640000000004,preconditioning_load,0.005587999999999999,0.0033333333333333335,44.831702480849486,44.82516882678682,0.006533654062664596,y,2,0.00025
62.71260000000004,preconditioning_load,0.005841999999999999,0.0033333333333333335,47.922886014723744,47.915901859726766,0.00698415499697802,y,2,0.00025
62.78880000000004,preconditioning_load,0.006095999999999999,0.0033333333333333335,51.08202118060051,51.07457662157761,0.007444559022900421,y,2,0.00025
62.86500000000004,preconditioning_load,0.00635,0.0033333333333333335,54.30767661567448,54.2997619581371,0.007914657537384073,y,2,0.00025
62.94120000000004,preconditioning_load,0.006604,0.0033333333333333335,57.598507782651836,57.59011352806072,0.00839425459111709,y,2,0.00025
63.01740000000004,preconditioning_load,0.0068579999999999995,0.0033333333333333335,60.95324853031074,60.94436536465218,0.008883165658559733,y,2,0.00025
63.09360000000004,preconditioning_load,0.007111999999999999,0.0033333333333333335,64.37070375984307,64.36132254327391,0.009381216569153139,y,2,0.00025
63.16980000000004,preconditioning_load,0.007365999999999999,0.0033333333333333335,67.84974301736942,67.83985477479587,0.009888242573552475,y,2,0.00025
63.24600000000004,preconditioning_load,0.00762,0.0033333333333333335,71.38929486744176,71.3788907799182,0.01040408752356825,y,2,0.00025
63.32220000000004,preconditioning_load,0.007873999999999999,0.0033333333333333335,74.98834192923472,74.97741332608592,0.010928603148798288,y,2,0.00025
63.39840000000004,preconditioning_load,0.008128,0.0033333333333333335,78.64591647831966,78.63445482990402,0.011461648415647119,y,2,0.00025
63.47460000000004,preconditioning_load,0.008381999999999999,0.0033333333333333335,82.36109653376099,82.34909344480394,0.012003088957044383,y,2,0.00025
63.55080000000004,preconditioning_load,0.008636,0.0033333333333333335,86.13300236377312,86.12044956720993,0.012552796563184643,y,2,0.00025
63.62700000000004,preconditioning_load,0.00889,0.0033333333333333335,89.96079335406901,89.94768270534384,0.013110648725174201,y,2,0.00025
63.70320000000004,preconditioning_load,0.009144,0.0033333333333333335,93.84366519188549,93.8299886636609,0.013676528224593199,y,2,0.00025
63.77940000000004,preconditioning_load,0.009398,0.0033333333333333335,97.78084732591178,97.76659700314845,0.014250322763331269,y,2,0.00025
63.85560000000004,preconditioning_load,0.009651999999999999,0.0033333333333333335,101.77160066830588,101.75676874367723,0.014831924628651905,y,2,0.00025
63.93180000000004,preconditioning_load,0.009906,0.0033333333333333335,105.81521550991704,105.7997942795276,0.015421230389435436,y,2,0.00025
64.00800000000004,preconditioning_load,0.01016,0.0033333333333333335,109.91100962393355,109.8949914833138,0.016018140619749488,y,2,0.00025
64.08420000000004,preconditioning_load,0.010414,0.0033333333333333335,114.05832653660886,114.04170397696204,0.016622559646819468,y,2,0.00025
64.16040000000004,preconditioning_load,0.010668,0.0033333333333333335,118.25653394660266,118.23929955128192,0.01723439532074167,y,2,0.00025
64.23660000000004,preconditioning_load,0.010922000000000001,0.0033333333333333335,122.50502227690585,122.4871687181025,0.017853558803352598,y,2,0.00025
64.31280000000004,preconditioning_load,0.011175999999999998,0.0033333333333333335,126.80320334538577,126.78472338101122,0.01847996437454924,y,2,0.00025
64.38900000000004,preconditioning_load,0.011430000000000001,0.0033333333333333335,131.1505091417418,131.1313956124878,0.019113529253985462,y,2,0.00025
64.46520000000004,preconditioning_load,0.011683999999999998,0.0033333333333333335,135.5463907001645,135.5266365267276,0.019754173436894007,y,2,0.00025
64.54140000000004,preconditioning_load,0.011937999999999999,0.0033333333333333335,139.99031705828023,139.96991523873808,0.02040181954214404,y,2,0.00025
64.61760000000004,preconditioning_load,0.012191999999999998,0.0033333333333333335,144.48177429406988,144.46071790139774,0.021056392672136326,y,2,0.00025
64.69380000000004,preconditioning_load,0.012445999999999999,0.0033333333333333335,149.02026463341076,148.99854681312817,0.021717820282589173,y,2,0.00025
64.77000000000004,preconditioning_load,0.0127,0.0033333333333333335,153.6053056217181,153.58291958965629,0.022386032061803007,y,2,0.00025
64.84620000000004,preconditioning_load,0.012953999999999999,0.0033333333333333335,158.23642935388608,158.21336839406752,0.023060959818565152,y,2,0.00025
64.92240000000004,preconditioning_load,0.013208,0.0033333333333333335,162.913181757357,162.88943921997947,0.023742537377529516,y,2,0.00025
64.99860000000004,preconditioning_load,0.013461999999999998,0.0033333333333333335,167.63512192369492,167.61069122321305,0.024430700481872236,y,2,0.00025
65.07480000000004,preconditioning_load,0.013715999999999999,0.0033333333333333335,172.40182148452672,172.37669609782444,0.02512538670228537,y,2,0.00025
65.15100000000004,preconditioning_load,0.01397,0.0033333333333333335,177.21286402813206,177.18703749278004,0.025826535352024393,y,2,0.00025
65.22720000000004,preconditioning_load,0.014223999999999999,0.0033333333333333335,182.0678445533417,182.04131046593437,0.026534087407327434,y,2,0.00025
65.30340000000004,preconditioning_load,0.014478,0.0033333333333333335,186.9663689577307,186.93912097229799,0.027247985432723,y,2,0.00025
65.37960000000004,preconditioning_load,0.014731999999999999,0.0033333333333333335,191.9080535573861,191.88008538387498,0.027968173511112582,y,2,0.00025
65.45580000000004,preconditioning_load,0.014986,0.0033333333333333335,196.89252463578862,196.86383003861056,0.028694597178059666,y,2,0.00025
65.53200000000004,preconditioning_load,0.01524,0.0033333333333333335,201.91941801957626,201.88999081621637,0.029427203359887244,y,2,0.00025
65.60820000000004,preconditioning_load,0.015493999999999999,0.0033333333333333335,206.98837867916572,206.9582127388502,0.030165940315526996,y,2,0.00025
65.68440000000004,preconditioning_load,0.015747999999999998,0.0033333333333333335,212.09906035238953,212.06814959480786,0.030910757581665393,y,2,0.00025
65.76060000000004,preconditioning_load,0.016002,0.0033333333333333335,217.25112518947037,217.21946358354947,0.0316616059209025,y,2,0.00025
65.83680000000004,preconditioning_load,0.016256,0.0033333333333333335,222.44424341780268,222.41182498052956,0.032418437273122436,y,2,0.00025
65.91300000000004,preconditioning_load,0.01651,0.0033333333333333335,227.67809302514308,227.644911820434,0.0331812047090807,y,2,0.00025
65.98920000000004,preconditioning_load,0.016763999999999998,0.0033333333333333335,232.952359459929,232.91840959754217,0.03394986238683373,y,2,0.00025
66.06540000000004,preconditioning_load,0.017018,0.0033333333333333335,238.26673534755417,238.2320109820437,0.034724365510470534,y,2,0.00025
66.14160000000004,preconditioning_load,0.017272,0.0033333333333333335,243.62092022152362,243.58541555123287,0.03550467029074866,y,2,0.00025
66.21780000000004,preconditioning_load,0.017526,0.0033333333333333335,249.0146202685006,248.9783295345925,0.036290733908117545,y,2,0.00025
66.29400000000004,preconditioning_load,0.01778,0.0033333333333333335,254.44754808633564,254.4104655718583,0.03708251447733346,y,2,0.00025
66.37020000000004,preconditioning_load,0.018033999999999998,0.0033333333333333335,259.9194224542395,259.8815424832255,0.03787997101403562,y,2,0.00025
66.44640000000004,preconditioning_load,0.018288,0.0033333333333333335,265.42996811432886,265.39128505092606,0.038683063402800144,y,2,0.00025
66.52260000000004,preconditioning_load,0.018542,0.0033333333333333335,270.9789155638286,270.9394238114615,0.03949175236709834,y,2,0.00025
66.59880000000004,preconditioning_load,0.018796,0.0033333333333333335,276.56600085727484,276.52569485783465,0.04030599944019286,y,2,0.00025
66.67500000000004,preconditioning_load,0.01905,0.0033333333333333335,282.19096541810535,282.14983965116755,0.041125766937796016,y,2,0.00025
66.75120000000004,preconditioning_load,0.019303999999999998,0.0033333333333333335,287.8535558590739,287.811604841142,0.04195101793186495,y,2,0.00025
66.82740000000004,preconditioning_load,0.019558,0.0033333333333333335,293.5535238109637,293.5107420947379,0.042781716225817945,y,2,0.00025
66.90360000000004,preconditioning_load,0.019812,0.0033333333333333335,299.29062575911314,299.2470079327827,0.04361782633043276,y,2,0.00025
66.97980000000004,preconditioning_load,0.020065999999999997,0.0033333333333333335,305.06462288730114,305.02016357385986,0.044459313441279846,y,2,0.00025
67.05600000000004,preconditioning_load,0.02032,0.0033333333333333335,310.8752809285732,310.8299747851563,0.04530614341689443,y,2,0.00025
67.13220000000004,preconditioning_load,0.020574,0.0033333333333333335,316.7223700226136,316.67621173985555,0.04615828275802869,y,2,0.00025
67.20840000000004,preconditioning_load,0.020828,0.0033333333333333335,322.60566457930264,322.5586488807149,0.04701569858775656,y,2,0.00025
67.28460000000004,preconditioning_load,0.021082,0.0033333333333333335,328.5249431481143,328.47706478948174,0.04787835863254486,y,2,0.00025
67.36080000000004,preconditioning_load,0.021336,0.0033333333333333335,334.4799882930395,334.43124206183575,0.04874623120377919,y,2,0.00025
67.43700000000004,preconditioning_load,0.021589999999999998,0.0033333333333333335,340.4705864727374,340.4209671875569,0.04961928518048353,y,2,0.00025
67.51320000000004,preconditioning_load,0.021844000000000002,0.0033333333333333335,346.49652792563677,346.4460304356441,0.05049748999266512,y,2,0.00025
67.58940000000004,preconditioning_load,0.022098,0.0033333333333333335,352.5576065597266,352.5062257441217,0.05138081560488672,y,2,0.00025
67.66560000000004,preconditioning_load,0.022351999999999997,0.0033333333333333335,358.6536198467959,358.6013506142946,0.052269232501316765,y,2,0.00025
67.74180000000004,preconditioning_load,0.022605999999999998,0.0033333333333333335,364.78436872089054,364.73120600922,0.0531627116705522,y,2,0.00025
67.81800000000004,preconditioning_load,0.022860000000000002,0.0033333333333333335,370.94965748077567,370.89559625618404,0.05406122459163498,y,2,0.00025
67.89420000000004,preconditioning_load,0.023114,0.0033333333333333335,377.14929369620234,377.09432895298204,0.054964743220295986,y,2,0.00025
67.97040000000004,preconditioning_load,0.023367999999999996,0.0033333333333333335,383.38308811778995,383.32721487781413,0.05587323997582416,y,2,0.00025
68.04660000000004,preconditioning_load,0.023622,0.0033333333333333335,389.6508545903464,389.59406790261795,0.056786687728447305,y,2,0.00025
68.12280000000004,preconditioning_load,0.023875999999999998,0.0033333333333333335,395.952409969459,395.8947049096718,0.057705059787167556,y,2,0.00025
68.19900000000004,preconditioning_load,0.02413,0.0033333333333333335,402.28757404120125,402.22894571131314,0.05862832988810851,y,2,0.00025
68.27520000000004,preconditioning_load,0.024383999999999996,0.0033333333333333335,408.6561694448041,408.5966129726209,0.05955647218320337,y,2,0.00025
68.35140000000004,preconditioning_load,0.024638,0.0033333333333333335,415.0580215981555,414.9975321369263,0.06048946122922416,y,2,0.00025
68.42760000000004,preconditioning_load,0.024891999999999997,0.0033333333333333335,421.4929586259944,421.4315313540168,0.06142727197760678,y,2,0.00025
68.50380000000004,preconditioning_load,0.025145999999999998,0.0033333333333333335,427.96081129067693,427.8984414109128,0.06236987976410546,y,2,0.00025
68.58000000000004,preconditioning_load,0.0254,0.0033333333333333335,434.46141292539585,434.3980956650968,0.06331726029907259,y,2,0.00025
68.65620000000004,preconditioning_unload,0.025145999999999998,-0.0033333333333333335,425.7483943208597,425.8107642006238,-0.06236987976410546,y,2,0.00025
68.73240000000004,preconditioning_unload,0.024891999999999997,-0.0033333333333333335,417.2471626186813,417.3085898906589,-0.06142727197760678,y,2,0.00025
68.80860000000004,preconditioning_unload,0.024638,-0.0033333333333333335,408.8310948293088,408.89158429053805,-0.06048946122922416,y,2,0.00025
68.88480000000004,preconditioning_unload,0.024383999999999996,-0.0033333333333333335,400.5002026035283,400.5597590757115,-0.05955647218320337,y,2,0.00025
68.96100000000004,preconditioning_unload,0.02413,-0.0033333333333333335,392.25449771436337,392.3131260442515,-0.05862832988810851,y,2,0.00025
69.03720000000004,preconditioning_unload,0.023875999999999998,-0.0033333333333333335,384.0939920596489,384.15169711943605,-0.057705059787167556,y,2,0.00025
69.11340000000004,preconditioning_unload,0.023622,-0.0033333333333333335,376.0186976646901,376.0754843524185,-0.056786687728447305,y,2,0.00025
69.18960000000004,preconditioning_unload,0.023367999999999996,-0.0033333333333333335,368.0286266850045,368.0844999249803,-0.05587323997582416,y,2,0.00025
69.26580000000004,preconditioning_unload,0.023114,-0.0033333333333333335,360.12379140915584,360.17875615237614,-0.054964743220295986,y,2,0.00025
69.34200000000004,preconditioning_unload,0.022860000000000002,-0.0033333333333333335,352.304204261678,352.35826548626966,-0.05406122459163498,y,2,0.00025
69.41820000000004,preconditioning_unload,0.022605999999999998,-0.0033333333333333335,344.56987780609916,344.6230405177697,-0.0531627116705522,y,2,0.00025
69.49440000000004,preconditioning_unload,0.022351999999999997,-0.0033333333333333335,336.9208247480669,336.9730939805682,-0.052269232501316765,y,2,0.00025
69.57060000000004,preconditioning_unload,0.022098,-0.0033333333333333335,329.3570579385785,329.4084387541834,-0.05138081560488672,y,2,0.00025
69.64680000000004,preconditioning_unload,0.021844000000000002,-0.0033333333333333335,321.8785903773235,321.9290878673162,-0.05049748999266512,y,2,0.00025
69.72300000000004,preconditioning_unload,0.021589999999999998,-0.0033333333333333335,314.48543521614283,314.5350545013233,-0.04961928518048353,y,2,0.00025
69.79920000000004,preconditioning_unload,0.021336,-0.0033333333333333335,307.1776057626093,307.22635199381307,-0.04874623120377919,y,2,0.00025
69.87540000000004,preconditioning_unload,0.021082,-0.0033333333333333335,299.9551154837355,300.002993842368,-0.04787835863254486,y,2,0.00025
69.95160000000004,preconditioning_unload,0.020828,-0.0033333333333333335,292.81797800981616,292.8649937084039,-0.04701569858775656,y,2,0.00025
70.02780000000004,preconditioning_unload,0.020574,-0.0033333333333333335,285.76620713841055,285.8123654211686,-0.04615828275802869,y,2,0.00025
70.10400000000004,preconditioning_unload,0.02032,-0.0033333333333333335,278.7998168384713,278.8451229818882,-0.04530614341689443,y,2,0.00025
70.18020000000004,preconditioning_unload,0.020065999999999997,-0.0033333333333333335,271.9188212546287,271.96328056807,-0.044459313441279846,y,2,0.00025
70.25640000000004,preconditioning_unload,0.019812,-0.0033333333333333335,265.12323471163734,265.16685253796777,-0.04361782633043276,y,2,0.00025
70.33260000000004,preconditioning_unload,0.019558,-0.0033333333333333335,258.41307171899206,258.4558534352179,-0.042781716225817945,y,2,0.00025
70.40880000000004,preconditioning_unload,0.019303999999999998,-0.0033333333333333335,251.78834697572486,251.83029799365673,-0.04195101793186495,y,2,0.00025
70.48500000000004,preconditioning_unload,0.01905,-0.0033333333333333335,245.24907537539,245.29020114232776,-0.041125766937767594,y,2,0.00025
70.56120000000004,preconditioning_unload,0.018796,-0.0033333333333333335,238.79527201124753,238.83557801068773,-0.04030599944019286,y,2,0.00025
70.63740000000004,preconditioning_unload,0.018542,-0.0033333333333333335,232.42695218165755,232.46644393402465,-0.03949175236709834,y,2,0.00025
70.71360000000004,preconditioning_unload,0.018288,-0.0033333333333333335,226.14413139569413,226.18281445909693,-0.038683063402800144,y,2,0.00025
70.78980000000004,preconditioning_unload,0.018033999999999998,-0.0033333333333333335,219.94682537899342,219.98470535000743,-0.0378799710140072,y,2,0.00025
70.86600000000004,preconditioning_unload,0.01778,-0.0033333333333333335,213.83505007984814,213.87213259432548,-0.03708251447733346,y,2,0.00025
70.94220000000004,preconditioning_unload,0.017526,-0.0033333333333333335,207.80882167556146,207.84511240946958,-0.036290733908117545,y,2,0.00025
71.01840000000004,preconditioning_unload,0.017272,-0.0033333333333333335,201.8681565790776,201.90366124936835,-0.03550467029074866,y,2,0.00025
71.09460000000004,preconditioning_unload,0.017018,-0.0033333333333333335,196.013071445903,196.04779581141347,-0.034724365510470534,y,2,0.00025
71.17080000000004,preconditioning_unload,0.016763999999999998,-0.0033333333333333335,190.2435831813368,190.27753304372362,-0.03394986238683373,y,2,0.00025
71.24700000000004,preconditioning_unload,0.01651,-0.0033333333333333335,184.55970894802843,184.5928901527375,-0.0331812047090807,y,2,0.00025
71.32320000000004,preconditioning_unload,0.016256,-0.0033333333333333335,178.96146617388314,178.99388461115626,-0.032418437273122436,y,2,0.00025
71.39940000000004,preconditioning_unload,0.016002,-0.0033333333333333335,173.44887256033647,173.48053416625737,-0.0316616059209025,y,2,0.00025
71.47560000000004,preconditioning_unload,0.015747999999999998,-0.0033333333333333335,168.02194609102136,168.05285684860303,-0.030910757581665393,y,2,0.00025
71.55180000000004,preconditioning_unload,0.015493999999999999,-0.0033333333333333335,162.68070504085284,162.71087098116837,-0.030165940315526996,y,2,0.00025
71.62800000000004,preconditioning_unload,0.01524,-0.0033333333333333335,157.42516798555755,157.45459518891744,-0.029427203359887244,y,2,0.00025
71.70420000000004,preconditioning_unload,0.014986,-0.0033333333333333335,152.25535381167796,152.28404840885602,-0.028694597178059666,y,2,0.00025
71.78040000000004,preconditioning_unload,0.014731999999999999,-0.0033333333333333335,147.17128172708294,147.19924990059405,-0.027968173511112582,y,2,0.00025
71.85660000000004,preconditioning_unload,0.014478,-0.0033333333333333335,142.17297127201928,142.200219257452,-0.027247985432723,y,2,0.00025
71.93280000000004,preconditioning_unload,0.014223999999999999,-0.0033333333333333335,137.26044233074256,137.2869764181499,-0.026534087407327434,y,2,0.00025
72.00900000000004,preconditioning_unload,0.01397,-0.0033333333333333335,132.4337151437678,132.45954167911984,-0.025826535352024393,y,2,0.00025
72.08520000000004,preconditioning_unload,0.013715999999999999,-0.0033333333333333335,127.69281032078486,127.71793570748714,-0.02512538670228537,y,2,0.00025
72.16140000000004,preconditioning_unload,0.013461999999999998,-0.0033333333333333335,123.03774885428808,123.06217955476995,-0.024430700481872236,y,2,0.00025
72.23760000000004,preconditioning_unload,0.013208,-0.0033333333333333335,118.46855213397323,118.49229467135078,-0.023742537377543727,y,2,0.00025
72.31380000000004,preconditioning_unload,0.012953999999999999,-0.0033333333333333335,113.98524196195966,114.00830292177824,-0.023060959818579363,y,2,0.00025
72.39000000000004,preconditioning_unload,0.0127,-0.0033333333333333335,109.5878405689042,109.61022660096602,-0.022386032061817218,y,2,0.00025
72.46620000000004,preconditioning_unload,0.012445999999999999,-0.0033333333333333335,105.27637063107515,105.29808845135773,-0.021717820282574962,y,2,0.00025
72.54240000000004,preconditioning_unload,0.012191999999999998,-0.0033333333333333335,101.05085528846563,101.07191168113776,-0.021056392672136326,y,2,0.00025
72.61860000000004,preconditioning_unload,0.011937999999999999,-0.0033333333333333335,96.9113181640321,96.93171998357424,-0.02040181954214404,y,2,0.00025
72.69480000000004,preconditioning_unload,0.011683999999999998,-0.0033333333333333335,92.85778338415257,92.87753755758945,-0.019754173436879796,y,2,0.00025
72.77100000000004,preconditioning_unload,0.011430000000000001,-0.0033333333333333335,88.89027560041059,88.90938912966459,-0.019113529253999673,y,2,0.00025
72.84720000000004,preconditioning_unload,0.011175999999999998,-0.0033333333333333335,85.00882001282106,85.02729997719561,-0.01847996437454924,y,2,0.00025
72.92340000000004,preconditioning_unload,0.010922000000000001,-0.0033333333333333335,81.21344239462884,81.2312959534322,-0.017853558803352598,y,2,0.00025
72.99960000000004,preconditioning_unload,0.010668,-0.0033333333333333335,77.50416911882397,77.52140351414471,-0.01723439532074167,y,2,0.00025
73.07580000000004,preconditioning_unload,0.010414,-0.0033333333333333335,73.88102718653717,73.89764974618399,-0.016622559646819468,y,2,0.00025
73.15200000000004,preconditioning_unload,0.01016,-0.0033333333333333335,70.34404425749632,70.36006239811607,-0.016018140619749488,y,2,0.00025
73.22820000000004,preconditioning_unload,0.009906,-0.0033333333333333335,66.89324868274831,66.90866991313774,-0.015421230389435436,y,2,0.00025
73.30440000000004,preconditioning_unload,0.009651999999999999,-0.0033333333333333335,63.52866953987692,63.543501464505574,-0.014831924628651905,y,2,0.00025
73.38060000000004,preconditioning_unload,0.009398,-0.0033333333333333335,60.25033667097658,60.26458699373991,-0.014250322763331269,y,2,0.00025
73.45680000000004,preconditioning_unload,0.009144,-0.0033333333333333335,57.05828072367701,57.07195725190161,-0.013676528224600304,y,2,0.00025
73.53300000000004,preconditioning_unload,0.00889,-0.0033333333333333335,53.95253319555432,53.9656438442795,-0.013110648725181306,y,2,0.00025
73.60920000000004,preconditioning_unload,0.008636,-0.0033333333333333335,50.933126482311515,50.9456792788747,-0.012552796563184643,y,2,0.00025
73.68540000000004,preconditioning_unload,0.008381999999999999,-0.0033333333333333335,48.00009393016699,48.01209701912403,-0.012003088957037278,y,2,0.00025
73.76160000000004,preconditioning_unload,0.008128,-0.0033333333333333335,45.15346989295529,45.16493154137094,-0.011461648415647119,y,2,0.00025
73.83780000000004,preconditioning_unload,0.007873999999999999,-0.0033333333333333335,42.39328979452206,42.40421839767086,-0.010928603148798288,y,2,0.00025
73.91400000000004,preconditioning_unload,0.00762,-0.0033333333333333335,39.719590197088394,39.72999428461196,-0.01040408752356825,y,2,0.00025
73.99020000000004,preconditioning_unload,0.007365999999999999,-0.0033333333333333335,37.132408876370114,37.14229711894367,-0.009888242573552475,y,2,0.00025
74.06640000000004,preconditioning_unload,0.007111999999999999,-0.0033333333333333335,34.63178490437149,34.64116612094065,-0.009381216569160244,y,2,0.00025
74.14260000000004,preconditioning_unload,0.0068579999999999995,-0.0033333333333333335,32.21775874093507,32.22664190659363,-0.008883165658559733,y,2,0.00025
74.21880000000004,preconditioning_unload,0.006604,-0.0033333333333333335,29.890372335325953,29.89876658991707,-0.00839425459111709,y,2,0.00025
74.29500000000004,preconditioning_unload,0.00635,-0.0033333333333333335,27.649669239372084,27.65758389690947,-0.007914657537384073,y,2,0.00025
74.37120000000004,preconditioning_unload,0.006095999999999999,-0.0033333333333333335,25.4956947339804,25.503139293003297,-0.007444559022896868,y,2,0.00025
74.44740000000004,preconditioning_unload,0.005841999999999999,-0.0033333333333333335,23.428495971222837,23.435480126219815,-0.00698415499697802,y,2,0.00025
74.52360000000004,preconditioning_unload,0.005587999999999999,-0.0033333333333333335,21.448122134654138,21.454655788716803,-0.006533654062664596,y,2,0.00025
74.59980000000004,preconditioning_unload,0.005334,-0.0033333333333333335,19.554624621118297,19.56071790001877,-0.006093278900472399,y,2,0.00025
74.67600000000004,preconditioning_unload,0.00508,-0.0033333333333333335,17.748057248061038,17.75372051598815,-0.005663267927111804,y,2,0.00025
74.75220000000004,preconditioning_unload,0.0048259999999999996,-0.0033333333333333335,16.028476491351057,16.03372036859254,-0.005243877241483119,y,2,0.00025
74.82840000000004,preconditioning_unload,0.004572,-0.0033333333333333335,14.39594175990183,14.400777142827181,-0.004835382925351794,y,2,0.00025
74.90460000000004,preconditioning_unload,0.004318,-0.0033333333333333335,12.8505157150967,12.854953798883042,-0.0044380837863418066,y,2,0.00025
74.98080000000004,preconditioning_unload,0.004064,-0.0033333333333333335,11.392264645319964,11.396316949979104,-0.0040523046591403045,y,2,0.00025
75.05700000000004,preconditioning_unload,0.00381,-0.0033333333333333335,10.021258909040013,10.024937309459999,-0.0036784004199859055,y,2,0.00025
75.13320000000004,preconditioning_unload,0.0035559999999999997,-0.0033333333333333335,8.737573464259059,8.740890225184975,-0.003316760925915929,y,2,0.00025
75.20940000000004,preconditioning_unload,0.003302,-0.0033333333333333335,7.541288508336192,7.5442563255083845,-0.002967817172192966,y,2,0.00025
75.28560000000004,preconditioning_unload,0.0030479999999999995,-0.0033333333333333335,6.43249026116026,6.435122310244277,-0.0026320490840170407,y,2,0.00025
75.36180000000004,preconditioning_unload,0.0027939999999999996,-0.0033333333333333335,5.411271937970685,5.413581933517503,-0.002309995546817767,y,2,0.00025
75.43800000000005,preconditioning_unload,0.00254,-0.0033333333333333335,4.477734978480717,4.479737246058185,-0.002002267577467798,y,2,0.00025
75.51420000000005,preconditioning_unload,0.002286,-0.0033333333333333335,3.631990631111457,3.633700197139532,-0.001709566028075038,y,2,0.00025
75.59040000000005,preconditioning_unload,0.002032,-0.0033333333333333335,2.874162043945948,2.8755947499979038,-0.0014327060519558898,y,2,0.00025
75.66660000000005,preconditioning_unload,0.0017779999999999998,-0.0033333333333333335,2.2043871048375117,2.2055597569086567,-0.0011726520711450306,y,2,0.00025
75.74280000000005,preconditioning_unload,0.0015239999999999997,-0.0033333333333333335,1.6228224384102017,1.623753008288064,-0.0009305698778623306,y,2,0.00025
75.81900000000005,preconditioning_unload,0.00127,-0.0033333333333333335,1.1296492904775557,1.1303571989684444,-0.0007079084908887534,y,2,0.00025
75.89520000000005,preconditioning_unload,0.001016,-0.0033333333333333335,0.7250827204921217,0.7255892585745143,-0.0005065380823925381,y,2,0.00025
75.97140000000005,preconditioning_unload,0.0007619999999999999,-0.0033333333333333335,0.4093871895811343,0.4097161957166365,-0.0003290061355021856,y,2,0.00025
76.04760000000005,preconditioning_unload,0.000508,-0.0033333333333333335,0.18290643593257874,0.18308552418907326,-0.000179088256494514,y,2,0.00025
76.12380000000005,preconditioning_unload,0.000254,-0.0033333333333333335,0.04613404408631377,0.046197361346612835,-6.331726029906726e-05,y,2,0.00025
76.20000000000005,preconditioning_unload,0.0,-0.0033333333333333335,0.0,0.0,0.0,y,2,0.00025
76.20000000000005,preconditioning_load,0.0,0.0,0.0,0.0,0.0,y,3,0.00025
76.27620000000005,preconditioning_load,0.000254,0.0033333333333333335,0.43446141292539586,0.4343980956650968,6.331726029906726e-05,y,3,0.00025
76.35240000000005,preconditioning_load,0.000508,0.0033333333333333335,1.2288424449737447,1.2286633567172502,0.00017908825649448623,y,3,0.00025
76.42860000000005,preconditioning_load,0.0007619999999999999,0.0033333333333333335,2.257527723344842,2.2571987172093397,0.0003290061355021301,y,3,0.00025
76.50480000000005,preconditioning_load,0.001016,0.0033333333333333335,3.475691303403167,3.4751847653207744,0.0005065380823925381,y,3,0.00025
76.58100000000005,preconditioning_load,0.00127,0.0033333333333333335,4.857426264508956,4.856718356018067,0.0007079084908889755,y,3,0.00025
76.65720000000005,preconditioning_load,0.0015239999999999997,0.0033333333333333335,6.385252647575064,6.384322077697202,0.0009305698778625526,y,3,0.00025
76.73340000000005,preconditioning_load,0.0017779999999999998,0.0033333333333333335,8.046337969980383,8.04516531790924,0.0011726520711441424,y,3,0.00025
76.80960000000005,preconditioning_load,0.002032,0.0033333333333333335,9.830739559789958,9.829306853738002,0.0014327060519558898,y,3,0.00025
76.88580000000005,preconditioning_load,0.002286,0.0033333333333333335,11.730458148985687,11.728748582957612,0.0017095660280741498,y,3,0.00025
76.96200000000005,preconditioning_load,0.00254,0.0033333333333333335,13.738876202991694,13.736873935414225,0.002002267577468686,y,3,0.00025
77.03820000000005,preconditioning_load,0.0027939999999999996,0.0033333333333333335,15.850400418173221,15.848090422626402,0.002309995546818655,y,3,0.00025
77.11440000000005,preconditioning_load,0.0030479999999999995,0.0033333333333333335,18.060221786758735,18.057589737674718,0.0026320490840170407,y,3,0.00025
77.19060000000005,preconditioning_load,0.003302,0.0033333333333333335,20.364147719669624,20.361179902497433,0.0029678171721911895,y,3,0.00025
77.26680000000005,preconditioning_load,0.0035559999999999997,0.0033333333333333335,22.758480569167713,22.755163808241797,0.003316760925915929,y,3,0.00025
77.34300000000005,preconditioning_load,0.00381,0.0033333333333333335,25.239927252447032,25.236248852027046,0.0036784004199859055,y,3,0.00025
77.41920000000005,preconditioning_load,0.004064,0.0033333333333333335,27.805530427225335,27.801478122566195,0.0040523046591403045,y,3,0.00025
77.49540000000005,preconditioning_load,0.004318,0.0033333333333333335,30.452615027690452,30.44817694390411,0.004438083786343583,y,3,0.00025
77.57160000000005,preconditioning_load,0.004572,0.0033333333333333335,33.17874601429111,33.17391063136576,0.004835382925350018,y,3,0.00025
77.64780000000005,preconditioning_load,0.0048259999999999996,0.0033333333333333335,35.981694482384235,35.97645060514275,0.005243877241483119,y,3,0.00025
77.72400000000005,preconditioning_load,0.00508,0.0033333333333333335,38.85941011607165,38.85374684814454,0.005663267927111804,y,3,0.00025
77.80020000000005,preconditioning_load,0.005334,0.0033333333333333335,41.80999853662994,41.80390525772947,0.006093278900472399,y,3,0.00025
77.87640000000005,preconditioning_load,0.005587999999999999,0.0033333333333333335,44.831702480849486,44.82516882678682,0.006533654062664596,y,3,0.00025
77.95260000000005,preconditioning_load,0.005841999999999999,0.0033333333333333335,47.922886014723744,47.915901859726766,0.00698415499697802,y,3,0.00025
78.02880000000005,preconditioning_load,0.006095999999999999,0.0033333333333333335,51.08202118060051,51.07457662157761,0.007444559022900421,y,3,0.00025
78.10500000000005,preconditioning_load,0.00635,0.0033333333333333335,54.30767661567448,54.2997619581371,0.007914657537384073,y,3,0.00025
78.18120000000005,preconditioning_load,0.006604,0.0033333333333333335,57.598507782651836,57.59011352806072,0.00839425459111709,y,3,0.00025
78.25740000000005,preconditioning_load,0.0068579999999999995,0.0033333333333333335,60.95324853031074,60.94436536465218,0.008883165658559733,y,3,0.00025
78.33360000000005,preconditioning_load,0.007111999999999999,0.0033333333333333335,64.37070375984307,64.36132254327391,0.009381216569153139,y,3,0.00025
78.40980000000005,preconditioning_load,0.007365999999999999,0.0033333333333333335,67.84974301736942,67.83985477479587,0.009888242573552475,y,3,0.00025
78.48600000000005,preconditioning_load,0.00762,0.0033333333333333335,71.38929486744176,71.3788907799182,0.01040408752356825,y,3,0.00025
78.56220000000005,preconditioning_load,0.007873999999999999,0.0033333333333333335,74.98834192923472,74.97741332608592,0.010928603148798288,y,3,0.00025
78.63840000000005,preconditioning_load,0.008128,0.0033333333333333335,78.64591647831966,78.63445482990402,0.011461648415647119,y,3,0.00025
78.71460000000005,preconditioning_load,0.008381999999999999,0.0033333333333333335,82.36109653376099,82.34909344480394,0.012003088957044383,y,3,0.00025
78.79080000000005,preconditioning_load,0.008636,0.0033333333333333335,86.13300236377312,86.12044956720993,0.012552796563184643,y,3,0.00025
78.86700000000005,preconditioning_load,0.00889,0.0033333333333333335,89.96079335406901,89.94768270534384,0.013110648725174201,y,3,0.00025
78.94320000000005,preconditioning_load,0.009144,0.0033333333333333335,93.84366519188549,93.8299886636609,0.013676528224593199,y,3,0.00025
79.01940000000005,preconditioning_load,0.009398,0.0033333333333333335,97.78084732591178,97.76659700314845,0.014250322763331269,y,3,0.00025
79.09560000000005,preconditioning_load,0.009651999999999999,0.0033333333333333335,101.77160066830588,101.75676874367723,0.014831924628651905,y,3,0.00025
79.17180000000005,preconditioning_load,0.009906,0.0033333333333333335,105.81521550991704,105.7997942795276,0.015421230389435436,y,3,0.00025
79.24800000000005,preconditioning_load,0.01016,0.0033333333333333335,109.91100962393355,109.8949914833138,0.016018140619749488,y,3,0.00025
79.32420000000005,preconditioning_load,0.010414,0.0033333333333333335,114.05832653660886,114.04170397696204,0.016622559646819468,y,3,0.00025
79.40040000000005,preconditioning_load,0.010668,0.0033333333333333335,118.25653394660266,118.23929955128192,0.01723439532074167,y,3,0.00025
79.47660000000005,preconditioning_load,0.010922000000000001,0.0033333333333333335,122.50502227690585,122.4871687181025,0.017853558803352598,y,3,0.00025
79.55280000000005,preconditioning_load,0.011175999999999998,0.0033333333333333335,126.80320334538577,126.78472338101122,0.01847996437454924,y,3,0.00025
79.62900000000005,preconditioning_load,0.011430000000000001,0.0033333333333333335,131.1505091417418,131.1313956124878,0.019113529253985462,y,3,0.00025
79.70520000000005,preconditioning_load,0.011683999999999998,0.0033333333333333335,135.5463907001645,135.5266365267276,0.019754173436894007,y,3,0.00025
79.78140000000005,preconditioning_load,0.011937999999999999,0.0033333333333333335,139.99031705828023,139.96991523873808,0.02040181954214404,y,3,0.00025
79.85760000000005,preconditioning_load,0.012191999999999998,0.0033333333333333335,144.48177429406988,144.46071790139774,0.021056392672136326,y,3,0.00025
79.93380000000005,preconditioning_load,0.012445999999999999,0.0033333333333333335,149.02026463341076,148.99854681312817,0.021717820282589173,y,3,0.00025
80.01000000000005,preconditioning_load,0.0127,0.0033333333333333335,153.6053056217181,153.58291958965629,0.022386032061803007,y,3,0.00025
80.08620000000005,preconditioning_load,0.012953999999999999,0.0033333333333333335,158.23642935388608,158.21336839406752,0.023060959818565152,y,3,0.00025
80.16240000000005,preconditioning_load,0.013208,0.0033333333333333335,162.913181757357,162.88943921997947,0.023742537377529516,y,3,0.00025
80.23860000000005,preconditioning_load,0.013461999999999998,0.0033333333333333335,167.63512192369492,167.61069122321305,0.024430700481872236,y,3,0.00025
80.31480000000005,preconditioning_load,0.013715999999999999,0.0033333333333333335,172.40182148452672,172.37669609782444,0.02512538670228537,y,3,0.00025
80.39100000000005,preconditioning_load,0.01397,0.0033333333333333335,177.21286402813206,177.18703749278004,0.025826535352024393,y,3,0.00025
80.46720000000005,preconditioning_load,0.014223999999999999,0.0033333333333333335,182.0678445533417,182.04131046593437,0.026534087407327434,y,3,0.00025
80.54340000000005,preconditioning_load,0.014478,0.0033333333333333335,186.9663689577307,186.93912097229799,0.027247985432723,y,3,0.00025
80.61960000000005,preconditioning_load,0.014731999999999999,0.0033333333333333335,191.9080535573861,191.88008538387498,0.027968173511112582,y,3,0.00025
80.69580000000005,preconditioning_load,0.014986,0.0033333333333333335,196.89252463578862,196.86383003861056,0.028694597178059666,y,3,0.00025
80.77200000000005,preconditioning_load,0.01524,0.0033333333333333335,201.91941801957626,201.88999081621637,0.029427203359887244,y,3,0.00025
80.84820000000005,preconditioning_load,0.015493999999999999,0.0033333333333333335,206.98837867916572,206.9582127388502,0.030165940315526996,y,3,0.00025
80.92440000000005,preconditioning_load,0.015747999999999998,0.0033333333333333335,212.09906035238953,212.06814959480786,0.030910757581665393,y,3,0.00025
81.00060000000005,preconditioning_load,0.016002,0.0033333333333333335,217.25112518947037,217.21946358354947,0.0316616059209025,y,3,0.00025
81.07680000000005,preconditioning_load,0.016256,0.0033333333333333335,222.44424341780268,222.41182498052956,0.032418437273122436,y,3,0.00025
81.15300000000005,preconditioning_load,0.01651,0.0033333333333333335,227.67809302514308,227.644911820434,0.0331812047090807,y,3,0.00025
81.22920000000005,preconditioning_load,0.016763999999999998,0.0033333333333333335,232.952359459929,232.91840959754217,0.03394986238683373,y,3,0.00025
81.30540000000005,preconditioning_load,0.017018,0.0033333333333333335,238.26673534755417,238.2320109820437,0.034724365510470534,y,3,0.00025
81.38160000000005,preconditioning_load,0.017272,0.0033333333333333335,243.62092022152362,243.58541555123287,0.03550467029074866,y,3,0.00025
81.45780000000005,preconditioning_load,0.017526,0.0033333333333333335,249.0146202685006,248.9783295345925,0.036290733908117545,y,3,0.00025
81.53400000000005,preconditioning_load,0.01778,0.0033333333333333335,254.44754808633564,254.4104655718583,0.03708251447733346,y,3,0.00025
81.61020000000005,preconditioning_load,0.018033999999999998,0.0033333333333333335,259.9194224542395,259.8815424832255,0.03787997101403562,y,3,0.00025
81.68640000000005,preconditioning_load,0.018288,0.0033333333333333335,265.42996811432886,265.39128505092606,0.038683063402800144,y,3,0.00025
81.76260000000005,preconditioning_load,0.018542,0.0033333333333333335,270.9789155638286,270.9394238114615,0.03949175236709834,y,3,0.00025
81.83880000000005,preconditioning_load,0.018796,0.0033333333333333335,276.56600085727484,276.52569485783465,0.04030599944019286,y,3,0.00025
81.91500000000005,preconditioning_load,0.01905,0.0033333333333333335,282.19096541810535,282.14983965116755,0.041125766937796016,y,3,0.00025
81.99120000000005,preconditioning_load,0.019303999999999998,0.0033333333333333335,287.8535558590739,287.811604841142,0.04195101793186495,y,3,0.00025
82.06740000000005,preconditioning_load,0.019558,0.0033333333333333335,293.5535238109637,293.5107420947379,0.042781716225817945,y,3,0.00025
82.14360000000005,preconditioning_load,0.019812,0.0033333333333333335,299.29062575911314,299.2470079327827,0.04361782633043276,y,3,0.00025
82.21980000000005,preconditioning_load,0.020065999999999997,0.0033333333333333335,305.06462288730114,305.02016357385986,0.044459313441279846,y,3,0.00025
82.29600000000005,preconditioning_load,0.02032,0.0033333333333333335,310.8752809285732,310.8299747851563,0.04530614341689443,y,3,0.00025
82.37220000000005,preconditioning_load,0.020574,0.0033333333333333335,316.7223700226136,316.67621173985555,0.04615828275802869,y,3,0.00025
82.44840000000005,preconditioning_load,0.020828,0.0033333333333333335,322.60566457930264,322.5586488807149,0.04701569858775656,y,3,0.00025
82.52460000000005,preconditioning_load,0.021082,0.0033333333333333335,328.5249431481143,328.47706478948174,0.04787835863254486,y,3,0.00025
82.60080000000005,preconditioning_load,0.021336,0.0033333333333333335,334.4799882930395,334.43124206183575,0.04874623120377919,y,3,0.00025
82.67700000000005,preconditioning_load,0.021589999999999998,0.0033333333333333335,340.4705864727374,340.4209671875569,0.04961928518048353,y,3,0.00025
82.75320000000005,preconditioning_load,0.021844000000000002,0.0033333333333333335,346.49652792563677,346.4460304356441,0.05049748999266512,y,3,0.00025
82.82940000000005,preconditioning_load,0.022098,0.0033333333333333335,352.5576065597266,352.5062257441217,0.05138081560488672,y,3,0.00025
82.90560000000005,preconditioning_load,0.022351999999999997,0.0033333333333333335,358.6536198467959,358.6013506142946,0.052269232501316765,y,3,0.00025
82.98180000000005,preconditioning_load,0.022605999999999998,0.0033333333333333335,364.78436872089054,364.73120600922,0.0531627116705522,y,3,0.00025
83.05800000000005,preconditioning_load,0.022860000000000002,0.0033333333333333335,370.94965748077567,370.89559625618404,0.05406122459163498,y,3,0.00025
83.13420000000005,preconditioning_load,0.023114,0.0033333333333333335,377.14929369620234,377.09432895298204,0.054964743220295986,y,3,0.00025
83.21040000000005,preconditioning_load,0.023367999999999996,0.0033333333333333335,383.38308811778995,383.32721487781413,0.05587323997582416,y,3,0.00025
83.28660000000005,preconditioning_load,0.023622,0.0033333333333333335,389.6508545903464,389.59406790261795,0.056786687728447305,y,3,0.00025
83.36280000000005,preconditioning_load,0.023875999999999998,0.0033333333333333335,395.952409969459,395.8947049096718,0.057705059787167556,y,3,0.00025
83.43900000000005,preconditioning_load,0.02413,0.0033333333333333335,402.28757404120125,402.22894571131314,0.05862832988810851,y,3,0.00025
83.51520000000005,preconditioning_load,0.024383999999999996,0.0033333333333333335,408.6561694448041,408.5966129726209,0.05955647218320337,y,3,0.00025
83.59140000000005,preconditioning_load,0.024638,0.0033333333333333335,415.0580215981555,414.9975321369263,0.06048946122922416,y,3,0.00025
83.66760000000005,preconditioning_load,0.024891999999999997,0.0033333333333333335,421.4929586259944,421.4315313540168,0.06142727197760678,y,3,0.00025
83.74380000000005,preconditioning_load,0.025145999999999998,0.0033333333333333335,427.96081129067693,427.8984414109128,0.06236987976410546,y,3,0.00025
83.82000000000005,preconditioning_load,0.0254,0.0033333333333333335,434.46141292539585,434.3980956650968,0.06331726029907259,y,3,0.00025
83.89620000000005,preconditioning_unload,0.025145999999999998,-0.0033333333333333335,425.7483943208597,425.8107642006238,-0.06236987976410546,y,3,0.00025
83.97240000000005,preconditioning_unload,0.024891999999999997,-0.0033333333333333335,417.2471626186813,417.3085898906589,-0.06142727197760678,y,3,0.00025
84.04860000000005,preconditioning_unload,0.024638,-0.0033333333333333335,408.8310948293088,408.89158429053805,-0.06048946122922416,y,3,0.00025
84.12480000000005,preconditioning_unload,0.024383999999999996,-0.0033333333333333335,400.5002026035283,400.5597590757115,-0.05955647218320337,y,3,0.00025
84.20100000000005,preconditioning_unload,0.02413,-0.0033333333333333335,392.25449771436337,392.3131260442515,-0.05862832988810851,y,3,0.00025
84.27720000000005,preconditioning_unload,0.023875999999999998,-0.0033333333333333335,384.0939920596489,384.15169711943605,-0.057705059787167556,y,3,0.00025
84.35340000000005,preconditioning_unload,0.023622,-0.0033333333333333335,376.0186976646901,376.0754843524185,-0.056786687728447305,y,3,0.00025
84.42960000000005,preconditioning_unload,0.023367999999999996,-0.0033333333333333335,368.0286266850045,368.0844999249803,-0.05587323997582416,y,3,0.00025
84.50580000000005,preconditioning_unload,0.023114,-0.0033333333333333335,360.12379140915584,360.17875615237614,-0.054964743220295986,y,3,0.00025
84.58200000000005,preconditioning_unload,0.022860000000000002,-0.0033333333333333335,352.304204261678,352.35826548626966,-0.05406122459163498,y,3,0.00025
84.65820000000005,preconditioning_unload,0.022605999999999998,-0.0033333333333333335,344.56987780609916,344.6230405177697,-0.0531627116705522,y,3,0.00025
84.73440000000005,preconditioning_unload,0.022351999999999997,-0.0033333333333333335,336.9208247480669,336.9730939805682,-0.052269232501316765,y,3,0.00025
84.81060000000005,preconditioning_unload,0.022098,-0.0033333333333333335,329.3570579385785,329.4084387541834,-0.05138081560488672,y,3,0.00025
84.88680000000005,preconditioning_unload,0.021844000000000002,-0.0033333333333333335,321.8785903773235,321.9290878673162,-0.05049748999266512,y,3,0.00025
84.96300000000005,preconditioning_unload,0.021589999999999998,-0.0033333333333333335,314.48543521614283,314.5350545013233,-0.04961928518048353,y,3,0.00025
85.03920000000005,preconditioning_unload,0.021336,-0.0033333333333333335,307.1776057626093,307.22635199381307,-0.04874623120377919,y,3,0.00025
85.11540000000005,preconditioning_unload,0.021082,-0.0033333333333333335,299.9551154837355,300.002993842368,-0.04787835863254486,y,3,0.00025
85.19160000000005,preconditioning_unload,0.020828,-0.0033333333333333335,292.81797800981616,292.8649937084039,-0.04701569858775656,y,3,0.00025
85.26780000000005,preconditioning_unload,0.020574,-0.0033333333333333335,285.76620713841055,285.8123654211686,-0.04615828275802869,y,3,0.00025
85.34400000000005,preconditioning_unload,0.02032,-0.0033333333333333335,278.7998168384713,278.8451229818882,-0.04530614341689443,y,3,0.00025
85.42020000000005,preconditioning_unload,0.020065999999999997,-0.0033333333333333335,271.9188212546287,271.96328056807,-0.044459313441279846,y,3,0.00025
85.49640000000005,preconditioning_unload,0.019812,-0.0033333333333333335,265.12323471163734,265.16685253796777,-0.04361782633043276,y,3,0.00025
85.57260000000005,preconditioning_unload,0.019558,-0.0033333333333333335,258.41307171899206,258.4558534352179,-0.042781716225817945,y,3,0.00025
85.64880000000005,preconditioning_unload,0.019303999999999998,-0.0033333333333333335,251.78834697572486,251.83029799365673,-0.04195101793186495,y,3,0.00025
85.72500000000005,preconditioning_unload,0.01905,-0.0033333333333333335,245.24907537539,245.29020114232776,-0.041125766937767594,y,3,0.00025
85.80120000000005,preconditioning_unload,0.018796,-0.0033333333333333335,238.79527201124753,238.83557801068773,-0.04030599944019286,y,3,0.00025
85.87740000000005,preconditioning_unload,0.018542,-0.0033333333333333335,232.42695218165755,232.46644393402465,-0.03949175236709834,y,3,0.00025
85.95360000000005,preconditioning_unload,0.018288,-0.0033333333333333335,226.14413139569413,226.18281445909693,-0.038683063402800144,y,3,0.00025
86.02980000000005,preconditioning_unload,0.018033999999999998,-0.0033333333333333335,219.94682537899342,219.98470535000743,-0.0378799710140072,y,3,0.00025
86.10600000000005,preconditioning_unload,0.01778,-0.0033333333333333335,213.83505007984814,213.87213259432548,-0.03708251447733346,y,3,0.00025
86.18220000000005,preconditioning_unload,0.017526,-0.0033333333333333335,207.80882167556146,207.84511240946958,-0.036290733908117545,y,3,0.00025
86.25840000000005,preconditioning_unload,0.017272,-0.0033333333333333335,201.8681565790776,201.90366124936835,-0.03550467029074866,y,3,0.00025
86.33460000000005,preconditioning_unload,0.017018,-0.0033333333333333335,196.013071445903,196.04779581141347,-0.034724365510470534,y,3,0.00025
86.41080000000005,preconditioning_unload,0.016763999999999998,-0.0033333333333333335,190.2435831813368,190.27753304372362,-0.03394986238683373,y,3,0.00025
86.48700000000005,preconditioning_unload,0.01651,-0.0033333333333333335,184.55970894802843,184.5928901527375,-0.0331812047090807,y,3,0.00025
86.56320000000005,preconditioning_unload,0.016256,-0.0033333333333333335,178.96146617388314,178.99388461115626,-0.032418437273122436,y,3,0.00025
86.63940000000005,preconditioning_unload,0.016002,-0.0033333333333333335,173.44887256033647,173.48053416625737,-0.0316616059209025,y,3,0.00025
86.71560000000005,preconditioning_unload,0.015747999999999998,-0.0033333333333333335,168.02194609102136,168.05285684860303,-0.030910757581665393,y,3,0.00025
86.79180000000005,preconditioning_unload,0.015493999999999999,-0.0033333333333333335,162.68070504085284,162.71087098116837,-0.030165940315526996,y,3,0.00025
86.86800000000005,preconditioning_unload,0.01524,-0.0033333333333333335,157.42516798555755,157.45459518891744,-0.029427203359887244,y,3,0.00025
86.94420000000005,preconditioning_unload,0.014986,-0.0033333333333333335,152.25535381167796,152.28404840885602,-0.028694597178059666,y,3,0.00025
87.02040000000005,preconditioning_unload,0.014731999999999999,-0.0033333333333333335,147.17128172708294,147.19924990059405,-0.027968173511112582,y,3,0.00025
87.09660000000005,preconditioning_unload,0.014478,-0.0033333333333333335,142.17297127201928,142.200219257452,-0.027247985432723,y,3,0.00025
87.17280000000005,preconditioning_unload,0.014223999999999999,-0.0033333333333333335,137.26044233074256,137.2869764181499,-0.026534087407327434,y,3,0.00025
87.24900000000005,preconditioning_unload,0.01397,-0.0033333333333333335,132.4337151437678,132.45954167911984,-0.025826535352024393,y,3,0.00025
87.32520000000005,preconditioning_unload,0.013715999999999999,-0.0033333333333333335,127.69281032078486,127.71793570748714,-0.02512538670228537,y,3,0.00025
87.40140000000005,preconditioning_unload,0.013461999999999998,-0.0033333333333333335,123.03774885428808,123.06217955476995,-0.024430700481872236,y,3,0.00025
87.47760000000005,preconditioning_unload,0.013208,-0.0033333333333333335,118.46855213397323,118.49229467135078,-0.023742537377543727,y,3,0.00025
87.55380000000005,preconditioning_unload,0.012953999999999999,-0.0033333333333333335,113.98524196195966,114.00830292177824,-0.023060959818579363,y,3,0.00025
87.63000000000005,preconditioning_unload,0.0127,-0.0033333333333333335,109.5878405689042,109.61022660096602,-0.022386032061817218,y,3,0.00025
87.70620000000005,preconditioning_unload,0.012445999999999999,-0.0033333333333333335,105.27637063107515,105.29808845135773,-0.021717820282574962,y,3,0.00025
87.78240000000005,preconditioning_unload,0.012191999999999998,-0.0033333333333333335,101.05085528846563,101.07191168113776,-0.021056392672136326,y,3,0.00025
87.85860000000005,preconditioning_unload,0.011937999999999999,-0.0033333333333333335,96.9113181640321,96.93171998357424,-0.02040181954214404,y,3,0.00025
87.93480000000005,preconditioning_unload,0.011683999999999998,-0.0033333333333333335,92.85778338415257,92.87753755758945,-0.019754173436879796,y,3,0.00025
88.01100000000005,preconditioning_unload,0.011430000000000001,-0.0033333333333333335,88.89027560041059,88.90938912966459,-0.019113529253999673,y,3,0.00025
88.08720000000005,preconditioning_unload,0.011175999999999998,-0.0033333333333333335,85.00882001282106,85.02729997719561,-0.01847996437454924,y,3,0.00025
88.16340000000005,preconditioning_unload,0.010922000000000001,-0.0033333333333333335,81.21344239462884,81.2312959534322,-0.017853558803352598,y,3,0.00025
88.23960000000005,preconditioning_unload,0.010668,-0.0033333333333333335,77.50416911882397,77.52140351414471,-0.01723439532074167,y,3,0.00025
88.31580000000005,preconditioning_unload,0.010414,-0.0033333333333333335,73.88102718653717,73.89764974618399,-0.016622559646819468,y,3,0.00025
88.39200000000005,preconditioning_unload,0.01016,-0.0033333333333333335,70.34404425749632,70.36006239811607,-0.016018140619749488,y,3,0.00025
88.46820000000005,preconditioning_unload,0.009906,-0.0033333333333333335,66.89324868274831,66.90866991313774,-0.015421230389435436,y,3,0.00025
88.54440000000005,preconditioning_unload,0.009651999999999999,-0.0033333333333333335,63.52866953987692,63.543501464505574,-0.014831924628651905,y,3,0.00025
88.62060000000005,preconditioning_unload,0.009398,-0.0033333333333333335,60.25033667097658,60.26458699373991,-0.014250322763331269,y,3,0.00025
88.69680000000005,preconditioning_unload,0.009144,-0.0033333333333333335,57.05828072367701,57.07195725190161,-0.013676528224600304,y,3,0.00025
88.77300000000005,preconditioning_unload,0.00889,-0.0033333333333333335,53.95253319555432,53.9656438442795,-0.013110648725181306,y,3,0.00025
88.84920000000005,preconditioning_unload,0.008636,-0.0033333333333333335,50.933126482311515,50.9456792788747,-0.012552796563184643,y,3,0.00025
88.92540000000005,preconditioning_unload,0.008381999999999999,-0.0033333333333333335,48.00009393016699,48.01209701912403,-0.012003088957037278,y,3,0.00025
89.00160000000005,preconditioning_unload,0.008128,-0.0033333333333333335,45.15346989295529,45.16493154137094,-0.011461648415647119,y,3,0.00025
89.07780000000005,preconditioning_unload,0.007873999999999999,-0.0033333333333333335,42.39328979452206,42.40421839767086,-0.010928603148798288,y,3,0.00025
89.15400000000005,preconditioning_unload,0.00762,-0.0033333333333333335,39.719590197088394,39.72999428461196,-0.01040408752356825,y,3,0.00025
89.23020000000005,preconditioning_unload,0.007365999999999999,-0.0033333333333333335,37.132408876370114,37.14229711894367,-0.009888242573552475,y,3,0.00025
89.30640000000005,preconditioning_unload,0.007111999999999999,-0.0033333333333333335,34.63178490437149,34.64116612094065,-0.009381216569160244,y,3,0.00025
89.38260000000005,preconditioning_unload,0.0068579999999999995,-0.0033333333333333335,32.21775874093507,32.22664190659363,-0.008883165658559733,y,3,0.00025
89.45880000000005,preconditioning_unload,0.006604,-0.0033333333333333335,29.890372335325953,29.89876658991707,-0.00839425459111709,y,3,0.00025
89.53500000000005,preconditioning_unload,0.00635,-0.0033333333333333335,27.649669239372084,27.65758389690947,-0.007914657537384073,y,3,0.00025
89.61120000000005,preconditioning_unload,0.006095999999999999,-0.0033333333333333335,25.4956947339804,25.503139293003297,-0.007444559022896868,y,3,0.00025
89.68740000000005,preconditioning_unload,0.005841999999999999,-0.0033333333333333335,23.428495971222837,23.435480126219815,-0.00698415499697802,y,3,0.00025
89.76360000000005,preconditioning_unload,0.005587999999999999,-0.0033333333333333335,21.448122134654138,21.454655788716803,-0.006533654062664596,y,3,0.00025
89.83980000000005,preconditioning_unload,0.005334,-0.0033333333333333335,19.554624621118297,19.56071790001877,-0.006093278900472399,y,3,0.00025
89.91600000000005,preconditioning_unload,0.00508,-0.0033333333333333335,17.748057248061038,17.75372051598815,-0.005663267927111804,y,3,0.00025
89.99220000000005,preconditioning_unload,0.0048259999999999996,-0.0033333333333333335,16.028476491351057,16.03372036859254,-0.005243877241483119,y,3,0.00025
90.06840000000005,preconditioning_unload,0.004572,-0.0033333333333333335,14.39594175990183,14.400777142827181,-0.004835382925351794,y,3,0.00025
90.14460000000005,preconditioning_unload,0.004318,-0.0033333333333333335,12.8505157150967,12.854953798883042,-0.0044380837863418066,y,3,0.00025
90.22080000000005,preconditioning_unload,0.004064,-0.0033333333333333335,11.392264645319964,11.396316949979104,-0.0040523046591403045,y,3,0.00025
90.29700000000005,preconditioning_unload,0.00381,-0.0033333333333333335,10.021258909040013,10.024937309459999,-0.0036784004199859055,y,3,0.00025
90.37320000000005,preconditioning_unload,0.0035559999999999997,-0.0033333333333333335,8.737573464259059,8.740890225184975,-0.003316760925915929,y,3,0.00025
90.44940000000005,preconditioning_unload,0.003302,-0.0033333333333333335,7.541288508336192,7.5442563255083845,-0.002967817172192966,y,3,0.00025
90.52560000000005,preconditioning_unload,0.0030479999999999995,-0.0033333333333333335,6.43249026116026,6.435122310244277,-0.0026320490840170407,y,3,0.00025
90.60180000000005,preconditioning_unload,0.0027939999999999996,-0.0033333333333333335,5.411271937970685,5.413581933517503,-0.002309995546817767,y,3,0.00025
90.67800000000005,preconditioning_unload,0.00254,-0.0033333333333333335,4.477734978480717,4.479737246058185,-0.002002267577467798,y,3,0.00025
90.75420000000005,preconditioning_unload,0.002286,-0.0033333333333333335,3.631990631111457,3.633700197139532,-0.001709566028075038,y,3,0.00025
90.83040000000005,preconditioning_unload,0.002032,-0.0033333333333333335,2.874162043945948,2.8755947499979038,-0.0014327060519558898,y,3,0.00025
90.90660000000005,preconditioning_unload,0.0017779999999999998,-0.0033333333333333335,2.2043871048375117,2.2055597569086567,-0.0011726520711450306,y,3,0.00025
90.98280000000005,preconditioning_unload,0.0015239999999999997,-0.0033333333333333335,1.6228224384102017,1.623753008288064,-0.0009305698778623306,y,3,0.00025
91.05900000000005,preconditioning_unload,0.00127,-0.0033333333333333335,1.1296492904775557,1.1303571989684444,-0.0007079084908887534,y,3,0.00025
91.13520000000005,preconditioning_unload,0.001016,-0.0033333333333333335,0.7250827204921217,0.7255892585745143,-0.0005065380823925381,y,3,0.00025
91.21140000000005,preconditioning_unload,0.0007619999999999999,-0.0033333333333333335,0.4093871895811343,0.4097161957166365,-0.0003290061355021856,y,3,0.00025
91.28760000000005,preconditioning_unload,0.000508,-0.0033333333333333335,0.18290643593257874,0.18308552418907326,-0.000179088256494514,y,3,0.00025
91.36380000000005,preconditioning_unload,0.000254,-0.0033333333333333335,0.04613404408631377,0.046197361346612835,-6.331726029906726e-05,y,3,0.00025
91.44000000000005,preconditioning_unload,0.0,-0.0033333333333333335,0.0,0.0,0.0,y,3,0.00025
91.44000000000005,preconditioning_load,0.0,0.0,0.0,0.0,0.0,z,1,0.00025
91.51620000000005,preconditioning_load,0.000254,0.0033333333333333335,0.43446141292539586,0.4343980956650968,6.331726029906726e-05,z,1,0.00025
91.59240000000005,preconditioning_load,0.000508,0.0033333333333333335,1.2288424449737447,1.2286633567172502,0.00017908825649448623,z,1,0.00025
91.66860000000005,preconditioning_load,0.0007619999999999999,0.0033333333333333335,2.257527723344842,2.2571987172093397,0.0003290061355021301,z,1,0.00025
91.74480000000005,preconditioning_load,0.001016,0.0033333333333333335,3.475691303403167,3.4751847653207744,0.0005065380823925381,z,1,0.00025
91.82100000000005,preconditioning_load,0.00127,0.0033333333333333335,4.857426264508956,4.856718356018067,0.0007079084908889755,z,1,0.00025
91.89720000000005,preconditioning_load,0.0015239999999999997,0.0033333333333333335,6.385252647575064,6.384322077697202,0.0009305698778625526,z,1,0.00025
91.97340000000005,preconditioning_load,0.0017779999999999998,0.0033333333333333335,8.046337969980383,8.04516531790924,0.0011726520711441424,z,1,0.00025
92.04960000000005,preconditioning_load,0.002032,0.0033333333333333335,9.830739559789958,9.829306853738002,0.0014327060519558898,z,1,0.00025
92.12580000000005,preconditioning_load,0.002286,0.0033333333333333335,11.730458148985687,11.728748582957612,0.0017095660280741498,z,1,0.00025
92.20200000000006,preconditioning_load,0.00254,0.0033333333333333335,13.738876202991694,13.736873935414225,0.002002267577468686,z,1,0.00025
92.27820000000006,preconditioning_load,0.0027939999999999996,0.0033333333333333335,15.850400418173221,15.848090422626402,0.002309995546818655,z,1,0.00025
92.35440000000006,preconditioning_load,0.0030479999999999995,0.0033333333333333335,18.060221786758735,18.057589737674718,0.0026320490840170407,z,1,0.00025
92.43060000000006,preconditioning_load,0.003302,0.0033333333333333335,20.364147719669624,20.361179902497433,0.0029678171721911895,z,1,0.00025
92.50680000000006,preconditioning_load,0.0035559999999999997,0.0033333333333333335,22.758480569167713,22.755163808241797,0.003316760925915929,z,1,0.00025
92.58300000000006,preconditioning_load,0.00381,0.0033333333333333335,25.239927252447032,25.236248852027046,0.0036784004199859055,z,1,0.00025
92.65920000000006,preconditioning_load,0.004064,0.0033333333333333335,27.805530427225335,27.801478122566195,0.0040523046591403045,z,1,0.00025
92.73540000000006,preconditioning_load,0.004318,0.0033333333333333335,30.452615027690452,30.44817694390411,0.004438083786343583,z,1,0.00025
92.81160000000006,preconditioning_load,0.004572,0.0033333333333333335,33.17874601429111,33.17391063136576,0.004835382925350018,z,1,0.00025
92.88780000000006,preconditioning_load,0.0048259999999999996,0.0033333333333333335,35.981694482384235,35.97645060514275,0.005243877241483119,z,1,0.00025
92.96400000000006,preconditioning_load,0.00508,0.0033333333333333335,38.85941011607165,38.85374684814454,0.005663267927111804,z,1,0.00025
93.04020000000006,preconditioning_load,0.005334,0.0033333333333333335,41.80999853662994,41.80390525772947,0.006093278900472399,z,1,0.00025
93.11640000000006,preconditioning_load,0.005587999999999999,0.0033333333333333335,44.831702480849486,44.82516882678682,0.006533654062664596,z,1,0.00025
93.19260000000006,preconditioning_load,0.005841999999999999,0.0033333333333333335,47.922886014723744,47.915901859726766,0.00698415499697802,z,1,0.00025
93.26880000000006,preconditioning_load,0.006095999999999999,0.0033333333333333335,51.08202118060051,51.07457662157761,0.007444559022900421,z,1,0.00025
93.34500000000006,preconditioning_load,0.00635,0.0033333333333333335,54.30767661567448,54.2997619581371,0.007914657537384073,z,1,0.00025
93.42120000000006,preconditioning_load,0.006604,0.0033333333333333335,57.598507782651836,57.59011352806072,0.00839425459111709,z,1,0.00025
93.49740000000006,preconditioning_load,0.0068579999999999995,0.0033333333333333335,60.95324853031074,60.94436536465218,0.008883165658559733,z,1,0.00025
93.57360000000006,preconditioning_load,0.007111999999999999,0.0033333333333333335,64.37070375984307,64.36132254327391,0.009381216569153139,z,1,0.00025
93.64980000000006,preconditioning_load,0.007365999999999999,0.0033333333333333335,67.84974301736942,67.83985477479587,0.009888242573552475,z,1,0.00025
93.72600000000006,preconditioning_load,0.00762,0.0033333333333333335,71.38929486744176,71.3788907799182,0.01040408752356825,z,1,0.00025
93.80220000000006,preconditioning_load,0.007873999999999999,0.0033333333333333335,74.98834192923472,74.97741332608592,0.010928603148798288,z,1,0.00025
93.87840000000006,preconditioning_load,0.008128,0.0033333333333333335,78.64591647831966,78.63445482990402,0.011461648415647119,z,1,0.00025
93.95460000000006,preconditioning_load,0.008381999999999999,0.0033333333333333335,82.36109653376099,82.34909344480394,0.012003088957044383,z,1,0.00025
94.03080000000006,preconditioning_load,0.008636,0.0033333333333333335,86.13300236377312,86.12044956720993,0.012552796563184643,z,1,0.00025
94.10700000000006,preconditioning_load,0.00889,0.0033333333333333335,89.96079335406901,89.94768270534384,0.013110648725174201,z,1,0.00025
94.18320000000006,preconditioning_load,0.009144,0.0033333333333333335,93.84366519188549,93.8299886636609,0.013676528224593199,z,1,0.00025
94.25940000000006,preconditioning_load,0.009398,0.0033333333333333335,97.78084732591178,97.76659700314845,0.014250322763331269,z,1,0.00025
94.33560000000006,preconditioning_load,0.009651999999999999,0.0033333333333333335,101.77160066830588,101.75676874367723,0.014831924628651905,z,1,0.00025
94.41180000000006,preconditioning_load,0.009906,0.0033333333333333335,105.81521550991704,105.7997942795276,0.015421230389435436,z,1,0.00025
94.48800000000006,preconditioning_load,0.01016,0.0033333333333333335,109.91100962393355,109.8949914833138,0.016018140619749488,z,1,0.00025
94.56420000000006,preconditioning_load,0.010414,0.0033333333333333335,114.05832653660886,114.04170397696204,0.016622559646819468,z,1,0.00025
94.64040000000006,preconditioning_load,0.010668,0.0033333333333333335,118.25653394660266,118.23929955128192,0.01723439532074167,z,1,0.00025
94.71660000000006,preconditioning_load,0.010922000000000001,0.0033333333333333335,122.50502227690585,122.4871687181025,0.017853558803352598,z,1,0.00025
94.79280000000006,preconditioning_load,0.011175999999999998,0.0033333333333333335,126.80320334538577,126.78472338101122,0.01847996437454924,z,1,0.00025
94.86900000000006,preconditioning_load,0.011430000000000001,0.0033333333333333335,131.1505091417418,131.1313956124878,0.019113529253985462,z,1,0.00025
94.94520000000006,preconditioning_load,0.011683999999999998,0.0033333333333333335,135.5463907001645,135.5266365267276,0.019754173436894007,z,1,0.00025
95.02140000000006,preconditioning_load,0.011937999999999999,0.0033333333333333335,139.99031705828023,139.96991523873808,0.02040181954214404,z,1,0.00025
95.09760000000006,preconditioning_load,0.012191999999999998,0.0033333333333333335,144.48177429406988,144.46071790139774,0.021056392672136326,z,1,0.00025
95.17380000000006,preconditioning_load,0.012445999999999999,0.0033333333333333335,149.02026463341076,148.99854681312817,0.021717820282589173,z,1,0.00025
95.25000000000006,preconditioning_load,0.0127,0.0033333333333333335,153.6053056217181,153.58291958965629,0.022386032061803007,z,1,0.00025
95.32620000000006,preconditioning_load,0.012953999999999999,0.0033333333333333335,158.23642935388608,158.21336839406752,0.023060959818565152,z,1,0.00025
95.40240000000006,preconditioning_load,0.013208,0.0033333333333333335,162.913181757357,162.88943921997947,0.023742537377529516,z,1,0.00025
95.47860000000006,preconditioning_load,0.013461999999999998,0.0033333333333333335,167.63512192369492,167.61069122321305,0.024430700481872236,z,1,0.00025
95.55480000000006,preconditioning_load,0.013715999999999999,0.0033333333333333335,172.40182148452672,172.37669609782444,0.02512538670228537,z,1,0.00025
95.63100000000006,preconditioning_load,0.01397,0.0033333333333333335,177.21286402813206,177.18703749278004,0.025826535352024393,z,1,0.00025
95.70720000000006,preconditioning_load,0.014223999999999999,0.0033333333333333335,182.0678445533417,182.04131046593437,0.026534087407327434,z,1,0.00025
95.78340000000006,preconditioning_load,0.014478,0.0033333333333333335,186.9663689577307,186.93912097229799,0.027247985432723,z,1,0.00025
95.85960000000006,preconditioning_load,0.014731999999999999,0.0033333333333333335,191.9080535573861,191.88008538387498,0.027968173511112582,z,1,0.00025
95.93580000000006,preconditioning_load,0.014986,0.0033333333333333335,196.89252463578862,196.86383003861056,0.028694597178059666,z,1,0.00025
96.01200000000006,preconditioning_load,0.01524,0.0033333333333333335,201.91941801957626,201.88999081621637,0.029427203359887244,z,1,0.00025
96.08820000000006,preconditioning_load,0.015493999999999999,0.0033333333333333335,206.98837867916572,206.9582127388502,0.030165940315526996,z,1,0.00025
96.16440000000006,preconditioning_load,0.015747999999999998,0.0033333333333333335,212.09906035238953,212.06814959480786,0.030910757581665393,z,1,0.00025
96.24060000000006,preconditioning_load,0.016002,0.0033333333333333335,217.25112518947037,217.21946358354947,0.0316616059209025,z,1,0.00025
96.31680000000006,preconditioning_load,0.016256,0.0033333333333333335,222.44424341780268,222.41182498052956,0.032418437273122436,z,1,0.00025
96.39300000000006,preconditioning_load,0.01651,0.0033333333333333335,227.67809302514308,227.644911820434,0.0331812047090807,z,1,0.00025
96.46920000000006,preconditioning_load,0.016763999999999998,0.0033333333333333335,232.952359459929,232.91840959754217,0.03394986238683373,z,1,0.00025
96.54540000000006,preconditioning_load,0.017018,0.0033333333333333335,238.26673534755417,238.2320109820437,0.034724365510470534,z,1,0.00025
96.62160000000006,preconditioning_load,0.017272,0.0033333333333333335,243.62092022152362,243.58541555123287,0.03550467029074866,z,1,0.00025
96.69780000000006,preconditioning_load,0.017526,0.0033333333333333335,249.0146202685006,248.9783295345925,0.036290733908117545,z,1,0.00025
96.77400000000006,preconditioning_load,0.01778,0.0033333333333333335,254.44754808633564,254.4104655718583,0.03708251447733346,z,1,0.00025
96.85020000000006,preconditioning_load,0.018033999999999998,0.0033333333333333335,259.9194224542395,259.8815424832255,0.03787997101403562,z,1,0.00025
96.92640000000006,preconditioning_load,0.018288,0.0033333333333333335,265.42996811432886,265.39128505092606,0.038683063402800144,z,1,0.00025
97.00260000000006,preconditioning_load,0.018542,0.0033333333333333335,270.9789155638286,270.9394238114615,0.03949175236709834,z,1,0.00025
97.07880000000006,preconditioning_load,0.018796,0.0033333333333333335,276.56600085727484,276.52569485783465,0.04030599944019286,z,1,0.00025
97.15500000000006,preconditioning_load,0.01905,0.0033333333333333335,282.19096541810535,282.14983965116755,0.041125766937796016,z,1,0.00025
97.23120000000006,preconditioning_load,0.019303999999999998,0.0033333333333333335,287.8535558590739,287.811604841142,0.04195101793186495,z,1,0.00025
97.30740000000006,preconditioning_load,0.019558,0.0033333333333333335,293.5535238109637,293.5107420947379,0.042781716225817945,z,1,0.00025
97.38360000000006,preconditioning_load,0.019812,0.0033333333333333335,299.29062575911314,299.2470079327827,0.04361782633043276,z,1,0.00025
97.45980000000006,preconditioning_load,0.020065999999999997,0.0033333333333333335,305.06462288730114,305.02016357385986,0.044459313441279846,z,1,0.00025
97.53600000000006,preconditioning_load,0.02032,0.0033333333333333335,310.8752809285732,310.8299747851563,0.04530614341689443,z,1,0.00025
97.61220000000006,preconditioning_load,0.020574,0.0033333333333333335,316.7223700226136,316.67621173985555,0.04615828275802869,z,1,0.00025
97.68840000000006,preconditioning_load,0.020828,0.0033333333333333335,322.60566457930264,322.5586488807149,0.04701569858775656,z,1,0.00025
97.76460000000006,preconditioning_load,0.021082,0.0033333333333333335,328.5249431481143,328.47706478948174,0.04787835863254486,z,1,0.00025
97.84080000000006,preconditioning_load,0.021336,0.0033333333333333335,334.4799882930395,334.43124206183575,0.04874623120377919,z,1,0.00025
97.91700000000006,preconditioning_load,0.021589999999999998,0.0033333333333333335,340.4705864727374,340.4209671875569,0.04961928518048353,z,1,0.00025
97.99320000000006,preconditioning_load,0.021844000000000002,0.0033333333333333335,346.49652792563677,346.4460304356441,0.05049748999266512,z,1,0.00025
98.06940000000006,preconditioning_load,0.022098,0.0033333333333333335,352.5576065597266,352.5062257441217,0.05138081560488672,z,1,0.00025
98.14560000000006,preconditioning_load,0.022351999999999997,0.0033333333333333335,358.6536198467959,358.6013506142946,0.052269232501316765,z,1,0.00025
98.22180000000006,preconditioning_load,0.022605999999999998,0.0033333333333333335,364.78436872089054,364.73120600922,0.0531627116705522,z,1,0.00025
98.29800000000006,preconditioning_load,0.022860000000000002,0.0033333333333333335,370.94965748077567,370.89559625618404,0.05406122459163498,z,1,0.00025
98.37420000000006,preconditioning_load,0.023114,0.0033333333333333335,377.14929369620234,377.09432895298204,0.054964743220295986,z,1,0.00025
98.45040000000006,preconditioning_load,0.023367999999999996,0.0033333333333333335,383.38308811778995,383.32721487781413,0.05587323997582416,z,1,0.00025
98.52660000000006,preconditioning_load,0.023622,0.0033333333333333335,389.6508545903464,389.59406790261795,0.056786687728447305,z,1,0.00025
98.60280000000006,preconditioning_load,0.023875999999999998,0.0033333333333333335,395.952409969459,395.8947049096718,0.057705059787167556,z,1,0.00025
98.67900000000006,preconditioning_load,0.02413,0.0033333333333333335,402.28757404120125,402.22894571131314,0.05862832988810851,z,1,0.00025
98.75520000000006,preconditioning_load,0.024383999999999996,0.0033333333333333335,408.6561694448041,408.5966129726209,0.05955647218320337,z,1,0.00025
98.83140000000006,preconditioning_load,0.024638,0.0033333333333333335,415.0580215981555,414.9975321369263,0.06048946122922416,z,1,0.00025
98.90760000000006,preconditioning_load,0.024891999999999997,0.0033333333333333335,421.4929586259944,421.4315313540168,0.06142727197760678,z,1,0.00025
98.98380000000006,preconditioning_load,0.025145999999999998,0.0033333333333333335,427.96081129067693,427.8984414109128,0.06236987976410546,z,1,0.00025
99.06000000000006,preconditioning_load,0.0254,0.0033333333333333335,434.46141292539585,434.3980956650968,0.06331726029907259,z,1,0.00025
99.13620000000006,preconditioning_unload,0.025145999999999998,-0.0033333333333333335,425.7483943208597,425.8107642006238,-0.06236987976410546,z,1,0.00025
99.21240000000006,preconditioning_unload,0.024891999999999997,-0.0033333333333333335,417.2471626186813,417.3085898906589,-0.06142727197760678,z,1,0.00025
99.28860000000006,preconditioning_unload,0.024638,-0.0033333333333333335,408.8310948293088,408.89158429053805,-0.06048946122922416,z,1,0.00025
99.36480000000006,preconditioning_unload,0.024383999999999996,-0.0033333333333333335,400.5002026035283,400.5597590757115,-0.05955647218320337,z,1,0.00025
99.44100000000006,preconditioning_unload,0.02413,-0.0033333333333333335,392.25449771436337,392.3131260442515,-0.05862832988810851,z,1,0.00025
99.51720000000006,preconditioning_unload,0.023875999999999998,-0.0033333333333333335,384.0939920596489,384.15169711943605,-0.057705059787167556,z,1,0.00025
99.59340000000006,preconditioning_unload,0.023622,-0.0033333333333333335,376.0186976646901,376.0754843524185,-0.056786687728447305,z,1,0.00025
99.66960000000006,preconditioning_unload,0.023367999999999996,-0.0033333333333333335,368.0286266850045,368.0844999249803,-0.05587323997582416,z,1,0.00025
99.74580000000006,preconditioning_unload,0.023114,-0.0033333333333333335,360.12379140915584,360.17875615237614,-0.054964743220295986,z,1,0.00025
99.82200000000006,preconditioning_unload,0.022860000000000002,-0.0033333333333333335,352.304204261678,352.35826548626966,-0.05406122459163498,z,1,0.00025
99.89820000000006,preconditioning_unload,0.022605999999999998,-0.0033333333333333335,344.56987780609916,344.6230405177697,-0.0531627116705522,z,1,0.00025
99.97440000000006,preconditioning_unload,0.022351999999999997,-0.0033333333333333335,336.9208247480669,336.9730939805682,-0.052269232501316765,z,1,0.00025
100.05060000000006,preconditioning_unload,0.022098,-0.0033333333333333335,329.3570579385785,329.4084387541834,-0.05138081560488672,z,1,0.00025
100.12680000000006,preconditioning_unload,0.021844000000000002,-0.0033333333333333335,321.8785903773235,321.9290878673162,-0.05049748999266512,z,1,0.00025
100.20300000000006,preconditioning_unload,0.021589999999999998,-0.0033333333333333335,314.48543521614283,314.5350545013233,-0.04961928518048353,z,1,0.00025
100.27920000000006,preconditioning_unload,0.021336,-0.0033333333333333335,307.1776057626093,307.22635199381307,-0.04874623120377919,z,1,0.00025
100.35540000000006,preconditioning_unload,0.021082,-0.0033333333333333335,299.9551154837355,300.002993842368,-0.04787835863254486,z,1,0.00025
100.43160000000006,preconditioning_unload,0.020828,-0.0033333333333333335,292.81797800981616,292.8649937084039,-0.04701569858775656,z,1,0.00025
100.50780000000006,preconditioning_unload,0.020574,-0.0033333333333333335,285.76620713841055,285.8123654211686,-0.04615828275802869,z,1,0.00025
100.58400000000006,preconditioning_unload,0.02032,-0.0033333333333333335,278.7998168384713,278.8451229818882,-0.04530614341689443,z,1,0.00025
100.66020000000006,preconditioning_unload,0.020065999999999997,-0.0033333333333333335,271.9188212546287,271.96328056807,-0.044459313441279846,z,1,0.00025
100.73640000000006,preconditioning_unload,0.019812,-0.0033333333333333335,265.12323471163734,265.16685253796777,-0.04361782633043276,z,1,0.00025
100.81260000000006,preconditioning_unload,0.019558,-0.0033333333333333335,258.41307171899206,258.4558534352179,-0.042781716225817945,z,1,0.00025
100.88880000000006,preconditioning_unload,0.019303999999999998,-0.0033333333333333335,251.78834697572486,251.83029799365673,-0.04195101793186495,z,1,0.00025
100.96500000000006,preconditioning_unload,0.01905,-0.0033333333333333335,245.24907537539,245.29020114232776,-0.041125766937767594,z,1,0.00025
101.04120000000006,preconditioning_unload,0.018796,-0.0033333333333333335,238.79527201124753,238.83557801068773,-0.04030599944019286,z,1,0.00025
101.11740000000006,preconditioning_unload,0.018542,-0.0033333333333333335,232.42695218165755,232.46644393402465,-0.03949175236709834,z,1,0.00025
101.19360000000006,preconditioning_unload,0.018288,-0.0033333333333333335,226.14413139569413,226.18281445909693,-0.038683063402800144,z,1,0.00025
101.26980000000006,preconditioning_unload,0.018033999999999998,-0.0033333333333333335,219.94682537899342,219.98470535000743,-0.0378799710140072,z,1,0.00025
101.34600000000006,preconditioning_unload,0.01778,-0.0033333333333333335,213.83505007984814,213.87213259432548,-0.03708251447733346,z,1,0.00025
101.42220000000006,preconditioning_unload,0.017526,-0.0033333333333333335,207.80882167556146,207.84511240946958,-0.036290733908117545,z,1,0.00025
101.49840000000006,preconditioning_unload,0.017272,-0.0033333333333333335,201.8681565790776,201.90366124936835,-0.03550467029074866,z,1,0.00025
101.57460000000006,preconditioning_unload,0.017018,-0.0033333333333333335,196.013071445903,196.04779581141347,-0.034724365510470534,z,1,0.00025
101.65080000000006,preconditioning_unload,0.016763999999999998,-0.0033333333333333335,190.2435831813368,190.27753304372362,-0.03394986238683373,z,1,0.00025
101.72700000000006,preconditioning_unload,0.01651,-0.0033333333333333335,184.55970894802843,184.5928901527375,-0.0331812047090807,z,1,0.00025
101.80320000000006,preconditioning_unload,0.016256,-0.0033333333333333335,178.96146617388314,178.99388461115626,-0.032418437273122436,z,1,0.00025
101.87940000000006,preconditioning_unload,0.016002,-0.0033333333333333335,173.44887256033647,173.48053416625737,-0.0316616059209025,z,1,0.00025
101.95560000000006,preconditioning_unload,0.015747999999999998,-0.0033333333333333335,168.02194609102136,168.05285684860303,-0.030910757581665393,z,1,0.00025
102.03180000000006,preconditioning_unload,0.015493999999999999,-0.0033333333333333335,162.68070504085284,162.71087098116837,-0.030165940315526996,z,1,0.00025
102.10800000000006,preconditioning_unload,0.01524,-0.0033333333333333335,157.42516798555755,157.45459518891744,-0.029427203359887244,z,1,0.00025
102.18420000000006,preconditioning_unload,0.014986,-0.0033333333333333335,152.25535381167796,152.28404840885602,-0.028694597178059666,z,1,0.00025
102.26040000000006,preconditioning_unload,0.014731999999999999,-0.0033333333333333335,147.17128172708294,147.19924990059405,-0.027968173511112582,z,1,0.00025
102.33660000000006,preconditioning_unload,0.014478,-0.0033333333333333335,142.17297127201928,142.200219257452,-0.027247985432723,z,1,0.00025
102.41280000000006,preconditioning_unload,0.014223999999999999,-0.0033333333333333335,137.26044233074256,137.2869764181499,-0.026534087407327434,z,1,0.00025
102.48900000000006,preconditioning_unload,0.01397,-0.0033333333333333335,132.4337151437678,132.45954167911984,-0.025826535352024393,z,1,0.00025
102.56520000000006,preconditioning_unload,0.013715999999999999,-0.0033333333333333335,127.69281032078486,127.71793570748714,-0.02512538670228537,z,1,0.00025
102.64140000000006,preconditioning_unload,0.013461999999999998,-0.0033333333333333335,123.03774885428808,123.06217955476995,-0.024430700481872236,z,1,0.00025
102.71760000000006,preconditioning_unload,0.013208,-0.0033333333333333335,118.46855213397323,118.49229467135078,-0.023742537377543727,z,1,0.00025
102.79380000000006,preconditioning_unload,0.012953999999999999,-0.0033333333333333335,113.98524196195966,114.00830292177824,-0.023060959818579363,z,1,0.00025
102.87000000000006,preconditioning_unload,0.0127,-0.0033333333333333335,109.5878405689042,109.61022660096602,-0.022386032061817218,z,1,0.00025
102.94620000000006,preconditioning_unload,0.012445999999999999,-0.0033333333333333335,105.27637063107515,105.29808845135773,-0.021717820282574962,z,1,0.00025
103.02240000000006,preconditioning_unload,0.012191999999999998,-0.0033333333333333335,101.05085528846563,101.07191168113776,-0.021056392672136326,z,1,0.00025
103.09860000000006,preconditioning_unload,0.011937999999999999,-0.0033333333333333335,96.9113181640321,96.93171998357424,-0.02040181954214404,z,1,0.00025
103.17480000000006,preconditioning_unload,0.011683999999999998,-0.0033333333333333335,92.85778338415257,92.87753755758945,-0.019754173436879796,z,1,0.00025
103.25100000000006,preconditioning_unload,0.011430000000000001,-0.0033333333333333335,88.89027560041059,88.90938912966459,-0.019113529253999673,z,1,0.00025
103.32720000000006,preconditioning_unload,0.011175999999999998,-0.0033333333333333335,85.00882001282106,85.02729997719561,-0.01847996437454924,z,1,0.00025
103.40340000000006,preconditioning_unload,0.010922000000000001,-0.0033333333333333335,81.21344239462884,81.2312959534322,-0.017853558803352598,z,1,0.00025
103.47960000000006,preconditioning_unload,0.010668,-0.0033333333333333335,77.50416911882397,77.52140351414471,-0.01723439532074167,z,1,0.00025
103.55580000000006,preconditioning_unload,0.010414,-0.0033333333333333335,73.88102718653717,73.89764974618399,-0.016622559646819468,z,1,0.00025
103.63200000000006,preconditioning_unload,0.01016,-0.0033333333333333335,70.34404425749632,70.36006239811607,-0.016018140619749488,z,1,0.00025
103.70820000000006,preconditioning_unload,0.009906,-0.0033333333333333335,66.89324868274831,66.90866991313774,-0.015421230389435436,z,1,0.00025
103.78440000000006,preconditioning_unload,0.009651999999999999,-0.0033333333333333335,63.52866953987692,63.543501464505574,-0.014831924628651905,z,1,0.00025
103.86060000000006,preconditioning_unload,0.009398,-0.0033333333333333335,60.25033667097658,60.26458699373991,-0.014250322763331269,z,1,0.00025
103.93680000000006,preconditioning_unload,0.009144,-0.0033333333333333335,57.05828072367701,57.07195725190161,-0.013676528224600304,z,1,0.00025
104.01300000000006,preconditioning_unload,0.00889,-0.0033333333333333335,53.95253319555432,53.9656438442795,-0.013110648725181306,z,1,0.00025
104.08920000000006,preconditioning_unload,0.008636,-0.0033333333333333335,50.933126482311515,50.9456792788747,-0.012552796563184643,z,1,0.00025
104.16540000000006,preconditioning_unload,0.008381999999999999,-0.0033333333333333335,48.00009393016699,48.01209701912403,-0.012003088957037278,z,1,0.00025
104.24160000000006,preconditioning_unload,0.008128,-0.0033333333333333335,45.15346989295529,45.16493154137094,-0.011461648415647119,z,1,0.00025
104.31780000000006,preconditioning_unload,0.007873999999999999,-0.0033333333333333335,42.39328979452206,42.40421839767086,-0.010928603148798288,z,1,0.00025
104.39400000000006,preconditioning_unload,0.00762,-0.0033333333333333335,39.719590197088394,39.72999428461196,-0.01040408752356825,z,1,0.00025
104.47020000000006,preconditioning_unload,0.007365999999999999,-0.0033333333333333335,37.132408876370114,37.14229711894367,-0.009888242573552475,z,1,0.00025
104.54640000000006,preconditioning_unload,0.007111999999999999,-0.0033333333333333335,34.63178490437149,34.64116612094065,-0.009381216569160244,z,1,0.00025
104.62260000000006,preconditioning_unload,0.0068579999999999995,-0.0033333333333333335,32.21775874093507,32.22664190659363,-0.008883165658559733,z,1,0.00025
104.69880000000006,preconditioning_unload,0.006604,-0.0033333333333333335,29.890372335325953,29.89876658991707,-0.00839425459111709,z,1,0.00025
104.77500000000006,preconditioning_unload,0.00635,-0.0033333333333333335,27.649669239372084,27.65758389690947,-0.007914657537384073,z,1,0.00025
104.85120000000006,preconditioning_unload,0.006095999999999999,-0.0033333333333333335,25.4956947339804,25.503139293003297,-0.007444559022896868,z,1,0.00025
104.92740000000006,preconditioning_unload,0.005841999999999999,-0.0033333333333333335,23.428495971222837,23.435480126219815,-0.00698415499697802,z,1,0.00025
105.00360000000006,preconditioning_unload,0.005587999999999999,-0.0033333333333333335,21.448122134654138,21.454655788716803,-0.006533654062664596,z,1,0.00025
105.07980000000006,preconditioning_unload,0.005334,-0.0033333333333333335,19.554624621118297,19.56071790001877,-0.006093278900472399,z,1,0.00025
105.15600000000006,preconditioning_unload,0.00508,-0.0033333333333333335,17.748057248061038,17.75372051598815,-0.005663267927111804,z,1,0.00025
105.23220000000006,preconditioning_unload,0.0048259999999999996,-0.0033333333333333335,16.028476491351057,16.03372036859254,-0.005243877241483119,z,1,0.00025
105.30840000000006,preconditioning_unload,0.004572,-0.0033333333333333335,14.39594175990183,14.400777142827181,-0.004835382925351794,z,1,0.00025
105.38460000000006,preconditioning_unload,0.004318,-0.0033333333333333335,12.8505157150967,12.854953798883042,-0.0044380837863418066,z,1,0.00025
105.46080000000006,preconditioning_unload,0.004064,-0.0033333333333333335,11.392264645319964,11.396316949979104,-0.0040523046591403045,z,1,0.00025
105.53700000000006,preconditioning_unload,0.00381,-0.0033333333333333335,10.021258909040013,10.024937309459999,-0.0036784004199859055,z,1,0.00025
105.61320000000006,preconditioning_unload,0.0035559999999999997,-0.0033333333333333335,8.737573464259059,8.740890225184975,-0.003316760925915929,z,1,0.00025
105.68940000000006,preconditioning_unload,0.003302,-0.0033333333333333335,7.541288508336192,7.5442563255083845,-0.002967817172192966,z,1,0.00025
105.76560000000006,preconditioning_unload,0.0030479999999999995,-0.0033333333333333335,6.43249026116026,6.435122310244277,-0.0026320490840170407,z,1,0.00025
105.84180000000006,preconditioning_unload,0.0027939999999999996,-0.0033333333333333335,5.411271937970685,5.413581933517503,-0.002309995546817767,z,1,0.00025
105.91800000000006,preconditioning_unload,0.00254,-0.0033333333333333335,4.477734978480717,4.479737246058185,-0.002002267577467798,z,1,0.00025
105.99420000000006,preconditioning_unload,0.002286,-0.0033333333333333335,3.631990631111457,3.633700197139532,-0.001709566028075038,z,1,0.00025
106.07040000000006,preconditioning_unload,0.002032,-0.0033333333333333335,2.874162043945948,2.8755947499979038,-0.0014327060519558898,z,1,0.00025
106.14660000000006,preconditioning_unload,0.0017779999999999998,-0.0033333333333333335,2.2043871048375117,2.2055597569086567,-0.0011726520711450306,z,1,0.00025
106.22280000000006,preconditioning_unload,0.0015239999999999997,-0.0033333333333333335,1.6228224384102017,1.623753008288064,-0.0009305698778623306,z,1,0.00025
106.29900000000006,preconditioning_unload,0.00127,-0.0033333333333333335,1.1296492904775557,1.1303571989684444,-0.0007079084908887534,z,1,0.00025
106.37520000000006,preconditioning_unload,0.001016,-0.0033333333333333335,0.7250827204921217,0.7255892585745143,-0.0005065380823925381,z,1,0.00025
106.45140000000006,preconditioning_unload,0.0007619999999999999,-0.0033333333333333335,0.4093871895811343,0.4097161957166365,-0.0003290061355021856,z,1,0.00025
106.52760000000006,preconditioning_unload,0.000508,-0.0033333333333333335,0.18290643593257874,0.18308552418907326,-0.000179088256494514,z,1,0.00025
106.60380000000006,preconditioning_unload,0.000254,-0.0033333333333333335,0.04613404408631377,0.046197361346612835,-6.331726029906726e-05,z,1,0.00025
106.68000000000006,preconditioning_unload,0.0,-0.0033333333333333335,0.0,0.0,0.0,z,1,0.00025
106.68000000000006,preconditioning_load,0.0,0.0,0.0,0.0,0.0,z,2,0.00025
106.75620000000006,preconditioning_load,0.000254,0.0033333333333333335,0.43446141292539586,0.4343980956650968,6.331726029906726e-05,z,2,0.00025
106.83240000000006,preconditioning_load,0.000508,0.0033333333333333335,1.2288424449737447,1.2286633567172502,0.00017908825649448623,z,2,0.00025
106.90860000000006,preconditioning_load,0.0007619999999999999,0.0033333333333333335,2.257527723344842,2.2571987172093397,0.0003290061355021301,z,2,0.00025
106.98480000000006,preconditioning_load,0.001016,0.0033333333333333335,3.475691303403167,3.4751847653207744,0.0005065380823925381,z,2,0.00025
107.06100000000006,preconditioning_load,0.00127,0.0033333333333333335,4.857426264508956,4.856718356018067,0.0007079084908889755,z,2,0.00025
107.13720000000006,preconditioning_load,0.0015239999999999997,0.0033333333333333335,6.385252647575064,6.384322077697202,0.0009305698778625526,z,2,0.00025
107.21340000000006,preconditioning_load,0.0017779999999999998,0.0033333333333333335,8.046337969980383,8.04516531790924,0.0011726520711441424,z,2,0.00025
107.28960000000006,preconditioning_load,0.002032,0.0033333333333333335,9.830739559789958,9.829306853738002,0.0014327060519558898,z,2,0.00025
107.36580000000006,preconditioning_load,0.002286,0.0033333333333333335,11.730458148985687,11.728748582957612,0.0017095660280741498,z,2,0.00025
107.44200000000006,preconditioning_load,0.00254,0.0033333333333333335,13.738876202991694,13.736873935414225,0.002002267577468686,z,2,0.00025
107.51820000000006,preconditioning_load,0.0027939999999999996,0.0033333333333333335,15.850400418173221,15.848090422626402,0.002309995546818655,z,2,0.00025
107.59440000000006,preconditioning_load,0.0030479999999999995,0.0033333333333333335,18.060221786758735,18.057589737674718,0.0026320490840170407,z,2,0.00025
107.67060000000006,preconditioning_load,0.003302,0.0033333333333333335,20.364147719669624,20.361179902497433,0.0029678171721911895,z,2,0.00025
107.74680000000006,preconditioning_load,0.0035559999999999997,0.0033333333333333335,22.758480569167713,22.755163808241797,0.003316760925915929,z,2,0.00025
107.82300000000006,preconditioning_load,0.00381,0.0033333333333333335,25.239927252447032,25.236248852027046,0.0036784004199859055,z,2,0.00025
107.89920000000006,preconditioning_load,0.004064,0.0033333333333333335,27.805530427225335,27.801478122566195,0.0040523046591403045,z,2,0.00025
107.97540000000006,preconditioning_load,0.004318,0.0033333333333333335,30.452615027690452,30.44817694390411,0.004438083786343583,z,2,0.00025
108.05160000000006,preconditioning_load,0.004572,0.0033333333333333335,33.17874601429111,33.17391063136576,0.004835382925350018,z,2,0.00025
108.12780000000006,preconditioning_load,0.0048259999999999996,0.0033333333333333335,35.981694482384235,35.97645060514275,0.005243877241483119,z,2,0.00025
108.20400000000006,preconditioning_load,0.00508,0.0033333333333333335,38.85941011607165,38.85374684814454,0.005663267927111804,z,2,0.00025
108.28020000000006,preconditioning_load,0.005334,0.0033333333333333335,41.80999853662994,41.80390525772947,0.006093278900472399,z,2,0.00025
108.35640000000006,preconditioning_load,0.005587999999999999,0.0033333333333333335,44.831702480849486,44.82516882678682,0.006533654062664596,z,2,0.00025
108.43260000000006,preconditioning_load,0.005841999999999999,0.0033333333333333335,47.922886014723744,47.915901859726766,0.00698415499697802,z,2,0.00025
108.50880000000006,preconditioning_load,0.006095999999999999,0.0033333333333333335,51.08202118060051,51.07457662157761,0.007444559022900421,z,2,0.00025
108.58500000000006,preconditioning_load,0.00635,0.0033333333333333335,54.30767661567448,54.2997619581371,0.007914657537384073,z,2,0.00025
108.66120000000006,preconditioning_load,0.006604,0.0033333333333333335,57.598507782651836,57.59011352806072,0.00839425459111709,z,2,0.00025
108.73740000000006,preconditioning_load,0.0068579999999999995,0.0033333333333333335,60.95324853031074,60.94436536465218,0.008883165658559733,z,2,0.00025
108.81360000000006,preconditioning_load,0.007111999999999999,0.0033333333333333335,64.37070375984307,64.36132254327391,0.009381216569153139,z,2,0.00025
108.88980000000006,preconditioning_load,0.007365999999999999,0.0033333333333333335,67.84974301736942,67.83985477479587,0.009888242573552475,z,2,0.00025
108.96600000000007,preconditioning_load,0.00762,0.0033333333333333335,71.38929486744176,71.3788907799182,0.01040408752356825,z,2,0.00025
109.04220000000007,preconditioning_load,0.007873999999999999,0.0033333333333333335,74.98834192923472,74.97741332608592,0.010928603148798288,z,2,0.00025
109.11840000000007,preconditioning_load,0.008128,0.0033333333333333335,78.64591647831966,78.63445482990402,0.011461648415647119,z,2,0.00025
109.19460000000007,preconditioning_load,0.008381999999999999,0.0033333333333333335,82.36109653376099,82.34909344480394,0.012003088957044383,z,2,0.00025
109.27080000000007,preconditioning_load,0.008636,0.0033333333333333335,86.13300236377312,86.12044956720993,0.012552796563184643,z,2,0.00025
109.34700000000007,preconditioning_load,0.00889,0.0033333333333333335,89.96079335406901,89.94768270534384,0.013110648725174201,z,2,0.00025
109.42320000000007,preconditioning_load,0.009144,0.0033333333333333335,93.84366519188549,93.8299886636609,0.013676528224593199,z,2,0.00025
109.49940000000007,preconditioning_load,0.009398,0.0033333333333333335,97.78084732591178,97.76659700314845,0.014250322763331269,z,2,0.00025
109.57560000000007,preconditioning_load,0.009651999999999999,0.0033333333333333335,101.77160066830588,101.75676874367723,0.014831924628651905,z,2,0.00025
109.65180000000007,preconditioning_load,0.009906,0.0033333333333333335,105.81521550991704,105.7997942795276,0.015421230389435436,z,2,0.00025
109.72800000000007,preconditioning_load,0.01016,0.0033333333333333335,109.91100962393355,109.8949914833138,0.016018140619749488,z,2,0.00025
109.80420000000007,preconditioning_load,0.010414,0.0033333333333333335,114.05832653660886,114.04170397696204,0.016622559646819468,z,2,0.00025
109.88040000000007,preconditioning_load,0.010668,0.0033333333333333335,118.25653394660266,118.23929955128192,0.01723439532074167,z,2,0.00025
109.95660000000007,preconditioning_load,0.010922000000000001,0.0033333333333333335,122.50502227690585,122.4871687181025,0.017853558803352598,z,2,0.00025
110.03280000000007,preconditioning_load,0.011175999999999998,0.0033333333333333335,126.80320334538577,126.78472338101122,0.01847996437454924,z,2,0.00025
110.10900000000007,preconditioning_load,0.011430000000000001,0.0033333333333333335,131.1505091417418,131.1313956124878,0.019113529253985462,z,2,0.00025
110.18520000000007,preconditioning_load,0.011683999999999998,0.0033333333333333335,135.5463907001645,135.5266365267276,0.019754173436894007,z,2,0.00025
110.26140000000007,preconditioning_load,0.011937999999999999,0.0033333333333333335,139.99031705828023,139.96991523873808,0.02040181954214404,z,2,0.00025
110.33760000000007,preconditioning_load,0.012191999999999998,0.0033333333333333335,144.48177429406988,144.46071790139774,0.021056392672136326,z,2,0.00025
110.41380000000007,preconditioning_load,0.012445999999999999,0.0033333333333333335,149.02026463341076,148.99854681312817,0.021717820282589173,z,2,0.00025
110.49000000000007,preconditioning_load,0.0127,0.0033333333333333335,153.6053056217181,153.58291958965629,0.022386032061803007,z,2,0.00025
110.56620000000007,preconditioning_load,0.012953999999999999,0.0033333333333333335,158.23642935388608,158.21336839406752,0.023060959818565152,z,2,0.00025
110.64240000000007,preconditioning_load,0.013208,0.0033333333333333335,162.913181757357,162.88943921997947,0.023742537377529516,z,2,0.00025
110.71860000000007,preconditioning_load,0.013461999999999998,0.0033333333333333335,167.63512192369492,167.61069122321305,0.024430700481872236,z,2,0.00025
110.79480000000007,preconditioning_load,0.013715999999999999,0.0033333333333333335,172.40182148452672,172.37669609782444,0.02512538670228537,z,2,0.00025
110.87100000000007,preconditioning_load,0.01397,0.0033333333333333335,177.21286402813206,177.18703749278004,0.025826535352024393,z,2,0.00025
110.94720000000007,preconditioning_load,0.014223999999999999,0.0033333333333333335,182.0678445533417,182.04131046593437,0.026534087407327434,z,2,0.00025
111.02340000000007,preconditioning_load,0.014478,0.0033333333333333335,186.9663689577307,186.93912097229799,0.027247985432723,z,2,0.00025
111.09960000000007,preconditioning_load,0.014731999999999999,0.0033333333333333335,191.9080535573861,191.88008538387498,0.027968173511112582,z,2,0.00025
111.17580000000007,preconditioning_load,0.014986,0.0033333333333333335,196.89252463578862,196.86383003861056,0.028694597178059666,z,2,0.00025
111.25200000000007,preconditioning_load,0.01524,0.0033333333333333335,201.91941801957626,201.88999081621637,0.029427203359887244,z,2,0.00025
111.32820000000007,preconditioning_load,0.015493999999999999,0.0033333333333333335,206.98837867916572,206.9582127388502,0.030165940315526996,z,2,0.00025
111.40440000000007,preconditioning_load,0.015747999999999998,0.0033333333333333335,212.09906035238953,212.06814959480786,0.030910757581665393,z,2,0.00025
111.48060000000007,preconditioning_load,0.016002,0.0033333333333333335,217.25112518947037,217.21946358354947,0.0316616059209025,z,2,0.00025
111.55680000000007,preconditioning_load,0.016256,0.0033333333333333335,222.44424341780268,222.41182498052956,0.032418437273122436,z,2,0.00025
111.63300000000007,preconditioning_load,0.01651,0.0033333333333333335,227.67809302514308,227.644911820434,0.0331812047090807,z,2,0.00025
111.70920000000007,preconditioning_load,0.016763999999999998,0.0033333333333333335,232.952359459929,232.91840959754217,0.03394986238683373,z,2,0.00025
111.78540000000007,preconditioning_load,0.017018,0.0033333333333333335,238.26673534755417,238.2320109820437,0.034724365510470534,z,2,0.00025
111.86160000000007,preconditioning_load,0.017272,0.0033333333333333335,243.62092022152362,243.58541555123287,0.03550467029074866,z,2,0.00025
111.93780000000007,preconditioning_load,0.017526,0.0033333333333333335,249.0146202685006,248.9783295345925,0.036290733908117545,z,2,0.00025
112.01400000000007,preconditioning_load,0.01778,0.0033333333333333335,254.44754808633564,254.4104655718583,0.03708251447733346,z,2,0.00025
112.09020000000007,preconditioning_load,0.018033999999999998,0.0033333333333333335,259.9194224542395,259.8815424832255,0.03787997101403562,z,2,0.00025
112.16640000000007,preconditioning_load,0.018288,0.0033333333333333335,265.42996811432886,265.39128505092606,0.038683063402800144,z,2,0.00025
112.24260000000007,preconditioning_load,0.018542,0.0033333333333333335,270.9789155638286,270.9394238114615,0.03949175236709834,z,2,0.00025
112.31880000000007,preconditioning_load,0.018796,0.0033333333333333335,276.56600085727484,276.52569485783465,0.04030599944019286,z,2,0.00025
112.39500000000007,preconditioning_load,0.01905,0.0033333333333333335,282.19096541810535,282.14983965116755,0.041125766937796016,z,2,0.00025
112.47120000000007,preconditioning_load,0.019303999999999998,0.0033333333333333335,287.8535558590739,287.811604841142,0.04195101793186495,z,2,0.00025
112.54740000000007,preconditioning_load,0.019558,0.0033333333333333335,293.5535238109637,293.5107420947379,0.042781716225817945,z,2,0.00025
112.62360000000007,preconditioning_load,0.019812,0.0033333333333333335,299.29062575911314,299.2470079327827,0.04361782633043276,z,2,0.00025
112.69980000000007,preconditioning_load,0.020065999999999997,0.0033333333333333335,305.06462288730114,305.02016357385986,0.044459313441279846,z,2,0.00025
112.77600000000007,preconditioning_load,0.02032,0.0033333333333333335,310.8752809285732,310.8299747851563,0.04530614341689443,z,2,0.00025
112.85220000000007,preconditioning_load,0.020574,0.0033333333333333335,316.7223700226136,316.67621173985555,0.04615828275802869,z,2,0.00025
112.92840000000007,preconditioning_load,0.020828,0.0033333333333333335,322.60566457930264,322.5586488807149,0.04701569858775656,z,2,0.00025
113.00460000000007,preconditioning_load,0.021082,0.0033333333333333335,328.5249431481143,328.47706478948174,0.04787835863254486,z,2,0.00025
113.08080000000007,preconditioning_load,0.021336,0.0033333333333333335,334.4799882930395,334.43124206183575,0.04874623120377919,z,2,0.00025
113.15700000000007,preconditioning_load,0.021589999999999998,0.0033333333333333335,340.4705864727374,340.4209671875569,0.04961928518048353,z,2,0.00025
113.23320000000007,preconditioning_load,0.021844000000000002,0.0033333333333333335,346.49652792563677,346.4460304356441,0.05049748999266512,z,2,0.00025
113.30940000000007,preconditioning_load,0.022098,0.0033333333333333335,352.5576065597266,352.5062257441217,0.05138081560488672,z,2,0.00025
113.38560000000007,preconditioning_load,0.022351999999999997,0.0033333333333333335,358.6536198467959,358.6013506142946,0.052269232501316765,z,2,0.00025
113.46180000000007,preconditioning_load,0.022605999999999998,0.0033333333333333335,364.78436872089054,364.73120600922,0.0531627116705522,z,2,0.00025
113.53800000000007,preconditioning_load,0.022860000000000002,0.0033333333333333335,370.94965748077567,370.89559625618404,0.05406122459163498,z,2,0.00025
113.61420000000007,preconditioning_load,0.023114,0.0033333333333333335,377.14929369620234,377.09432895298204,0.054964743220295986,z,2,0.00025
113.69040000000007,preconditioning_load,0.023367999999999996,0.0033333333333333335,383.38308811778995,383.32721487781413,0.05587323997582416,z,2,0.00025
113.76660000000007,preconditioning_load,0.023622,0.0033333333333333335,389.6508545903464,389.59406790261795,0.056786687728447305,z,2,0.00025
113.84280000000007,preconditioning_load,0.023875999999999998,0.0033333333333333335,395.952409969459,395.8947049096718,0.057705059787167556,z,2,0.00025
113.91900000000007,preconditioning_load,0.02413,0.0033333333333333335,402.28757404120125,402.22894571131314,0.05862832988810851,z,2,0.00025
113.99520000000007,preconditioning_load,0.024383999999999996,0.0033333333333333335,408.6561694448041,408.5966129726209,0.05955647218320337,z,2,0.00025
114.07140000000007,preconditioning_load,0.024638,0.0033333333333333335,415.0580215981555,414.9975321369263,0.06048946122922416,z,2,0.00025
114.14760000000007,preconditioning_load,0.024891999999999997,0.0033333333333333335,421.4929586259944,421.4315313540168,0.06142727197760678,z,2,0.00025
114.22380000000007,preconditioning_load,0.025145999999999998,0.0033333333333333335,427.96081129067693,427.8984414109128,0.06236987976410546,z,2,0.00025
114.30000000000007,preconditioning_load,0.0254,0.0033333333333333335,434.46141292539585,434.3980956650968,0.06331726029907259,z,2,0.00025
114.37620000000007,preconditioning_unload,0.025145999999999998,-0.0033333333333333335,425.7483943208597,425.8107642006238,-0.06236987976410546,z,2,0.00025
114.45240000000007,preconditioning_unload,0.024891999999999997,-0.0033333333333333335,417.2471626186813,417.3085898906589,-0.06142727197760678,z,2,0.00025
114.52860000000007,preconditioning_unload,0.024638,-0.0033333333333333335,408.8310948293088,408.89158429053805,-0.06048946122922416,z,2,0.00025
114.60480000000007,preconditioning_unload,0.024383999999999996,-0.0033333333333333335,400.5002026035283,400.5597590757115,-0.05955647218320337,z,2,0.00025
114.68100000000007,preconditioning_unload,0.02413,-0.0033333333333333335,392.25449771436337,392.3131260442515,-0.05862832988810851,z,2,0.00025
114.75720000000007,preconditioning_unload,0.023875999999999998,-0.0033333333333333335,384.0939920596489,384.15169711943605,-0.057705059787167556,z,2,0.00025
114.83340000000007,preconditioning_unload,0.023622,-0.0033333333333333335,376.0186976646901,376.0754843524185,-0.056786687728447305,z,2,0.00025
114.90960000000007,preconditioning_unload,0.023367999999999996,-0.0033333333333333335,368.0286266850045,368.0844999249803,-0.05587323997582416,z,2,0.00025
114.98580000000007,preconditioning_unload,0.023114,-0.0033333333333333335,360.12379140915584,360.17875615237614,-0.054964743220295986,z,2,0.00025
115.06200000000007,preconditioning_unload,0.022860000000000002,-0.0033333333333333335,352.304204261678,352.35826548626966,-0.05406122459163498,z,2,0.00025
115.13820000000007,preconditioning_unload,0.022605999999999998,-0.0033333333333333335,344.56987780609916,344.6230405177697,-0.0531627116705522,z,2,0.00025
115.21440000000007,preconditioning_unload,0.022351999999999997,-0.0033333333333333335,336.9208247480669,336.9730939805682,-0.052269232501316765,z,2,0.00025
115.29060000000007,preconditioning_unload,0.022098,-0.0033333333333333335,329.3570579385785,329.4084387541834,-0.05138081560488672,z,2,0.00025
115.36680000000007,preconditioning_unload,0.021844000000000002,-0.0033333333333333335,321.8785903773235,321.9290878673162,-0.05049748999266512,z,2,0.00025
115.44300000000007,preconditioning_unload,0.021589999999999998,-0.0033333333333333335,314.48543521614283,314.5350545013233,-0.04961928518048353,z,2,0.00025
115.51920000000007,preconditioning_unload,0.021336,-0.0033333333333333335,307.1776057626093,307.22635199381307,-0.04874623120377919,z,2,0.00025
115.59540000000007,preconditioning_unload,0.021082,-0.0033333333333333335,299.9551154837355,300.002993842368,-0.04787835863254486,z,2,0.00025
115.67160000000007,preconditioning_unload,0.020828,-0.0033333333333333335,292.81797800981616,292.8649937084039,-0.04701569858775656,z,2,0.00025
115.74780000000007,preconditioning_unload,0.020574,-0.0033333333333333335,285.76620713841055,285.8123654211686,-0.04615828275802869,z,2,0.00025
115.82400000000007,preconditioning_unload,0.02032,-0.0033333333333333335,278.7998168384713,278.8451229818882,-0.04530614341689443,z,2,0.00025
115.90020000000007,preconditioning_unload,0.020065999999999997,-0.0033333333333333335,271.9188212546287,271.96328056807,-0.044459313441279846,z,2,0.00025
115.97640000000007,preconditioning_unload,0.019812,-0.0033333333333333335,265.12323471163734,265.16685253796777,-0.04361782633043276,z,2,0.00025
116.05260000000007,preconditioning_unload,0.019558,-0.0033333333333333335,258.41307171899206,258.4558534352179,-0.042781716225817945,z,2,0.00025
116.12880000000007,preconditioning_unload,0.019303999999999998,-0.0033333333333333335,251.78834697572486,251.83029799365673,-0.04195101793186495,z,2,0.00025
116.20500000000007,preconditioning_unload,0.01905,-0.0033333333333333335,245.24907537539,245.29020114232776,-0.041125766937767594,z,2,0.00025
116.28120000000007,preconditioning_unload,0.018796,-0.0033333333333333335,238.79527201124753,238.83557801068773,-0.04030599944019286,z,2,0.00025
116.35740000000007,preconditioning_unload,0.018542,-0.0033333333333333335,232.42695218165755,232.46644393402465,-0.03949175236709834,z,2,0.00025
116.43360000000007,preconditioning_unload,0.018288,-0.0033333333333333335,226.14413139569413,226.18281445909693,-0.038683063402800144,z,2,0.00025
116.50980000000007,preconditioning_unload,0.018033999999999998,-0.0033333333333333335,219.94682537899342,219.98470535000743,-0.0378799710140072,z,2,0.00025
116.58600000000007,preconditioning_unload,0.01778,-0.0033333333333333335,213.83505007984814,213.87213259432548,-0.03708251447733346,z,2,0.00025
116.66220000000007,preconditioning_unload,0.017526,-0.0033333333333333335,207.80882167556146,207.84511240946958,-0.036290733908117545,z,2,0.00025
116.73840000000007,preconditioning_unload,0.017272,-0.0033333333333333335,201.8681565790776,201.90366124936835,-0.03550467029074866,z,2,0.00025
116.81460000000007,preconditioning_unload,0.017018,-0.0033333333333333335,196.013071445903,196.04779581141347,-0.034724365510470534,z,2,0.00025
116.89080000000007,preconditioning_unload,0.016763999999999998,-0.0033333333333333335,190.2435831813368,190.27753304372362,-0.03394986238683373,z,2,0.00025
116.96700000000007,preconditioning_unload,0.01651,-0.0033333333333333335,184.55970894802843,184.5928901527375,-0.0331812047090807,z,2,0.00025
117.04320000000007,preconditioning_unload,0.016256,-0.0033333333333333335,178.96146617388314,178.99388461115626,-0.032418437273122436,z,2,0.00025
117.11940000000007,preconditioning_unload,0.016002,-0.0033333333333333335,173.44887256033647,173.48053416625737,-0.0316616059209025,z,2,0.00025
117.19560000000007,preconditioning_unload,0.015747999999999998,-0.0033333333333333335,168.02194609102136,168.05285684860303,-0.030910757581665393,z,2,0.00025
117.27180000000007,preconditioning_unload,0.015493999999999999,-0.0033333333333333335,162.68070504085284,162.71087098116837,-0.030165940315526996,z,2,0.00025
117.34800000000007,preconditioning_unload,0.01524,-0.0033333333333333335,157.42516798555755,157.45459518891744,-0.029427203359887244,z,2,0.00025
117.42420000000007,preconditioning_unload,0.014986,-0.0033333333333333335,152.25535381167796,152.28404840885602,-0.028694597178059666,z,2,0.00025
117.50040000000007,preconditioning_unload,0.014731999999999999,-0.0033333333333333335,147.17128172708294,147.19924990059405,-0.027968173511112582,z,2,0.00025
117.57660000000007,preconditioning_unload,0.014478,-0.0033333333333333335,142.17297127201928,142.200219257452,-0.027247985432723,z,2,0.00025
117.65280000000007,preconditioning_unload,0.014223999999999999,-0.0033333333333333335,137.26044233074256,137.2869764181499,-0.026534087407327434,z,2,0.00025
117.72900000000007,preconditioning_unload,0.01397,-0.0033333333333333335,132.4337151437678,132.45954167911984,-0.025826535352024393,z,2,0.00025
117.80520000000007,preconditioning_unload,0.013715999999999999,-0.0033333333333333335,127.69281032078486,127.71793570748714,-0.02512538670228537,z,2,0.00025
117.88140000000007,preconditioning_unload,0.013461999999999998,-0.0033333333333333335,123.03774885428808,123.06217955476995,-0.024430700481872236,z,2,0.00025
117.95760000000007,preconditioning_unload,0.013208,-0.0033333333333333335,118.46855213397323,118.49229467135078,-0.023742537377543727,z,2,0.00025
118.03380000000007,preconditioning_unload,0.012953999999999999,-0.0033333333333333335,113.98524196195966,114.00830292177824,-0.023060959818579363,z,2,0.00025
118.11000000000007,preconditioning_unload,0.0127,-0.0033333333333333335,109.5878405689042,109.61022660096602,-0.022386032061817218,z,2,0.00025
118.18620000000007,preconditioning_unload,0.012445999999999999,-0.0033333333333333335,105.27637063107515,105.29808845135773,-0.021717820282574962,z,2,0.00025
118.26240000000007,preconditioning_unload,0.012191999999999998,-0.0033333333333333335,101.05085528846563,101.07191168113776,-0.021056392672136326,z,2,0.00025
118.33860000000007,preconditioning_unload,0.011937999999999999,-0.0033333333333333335,96.9113181640321,96.93171998357424,-0.02040181954214404,z,2,0.00025
118.41480000000007,preconditioning_unload,0.011683999999999998,-0.0033333333333333335,92.85778338415257,92.87753755758945,-0.019754173436879796,z,2,0.00025
118.49100000000007,preconditioning_unload,0.011430000000000001,-0.0033333333333333335,88.89027560041059,88.90938912966459,-0.019113529253999673,z,2,0.00025
118.56720000000007,preconditioning_unload,0.011175999999999998,-0.0033333333333333335,85.00882001282106,85.02729997719561,-0.01847996437454924,z,2,0.00025
118.64340000000007,preconditioning_unload,0.010922000000000001,-0.0033333333333333335,81.21344239462884,81.2312959534322,-0.017853558803352598,z,2,0.00025
118.71960000000007,preconditioning_unload,0.010668,-0.0033333333333333335,77.50416911882397,77.52140351414471,-0.01723439532074167,z,2,0.00025
118.79580000000007,preconditioning_unload,0.010414,-0.0033333333333333335,73.88102718653717,73.89764974618399,-0.016622559646819468,z,2,0.00025
118.87200000000007,preconditioning_unload,0.01016,-0.0033333333333333335,70.34404425749632,70.36006239811607,-0.016018140619749488,z,2,0.00025
118.94820000000007,preconditioning_unload,0.009906,-0.0033333333333333335,66.89324868274831,66.90866991313774,-0.015421230389435436,z,2,0.00025
119.02440000000007,preconditioning_unload,0.009651999999999999,-0.0033333333333333335,63.52866953987692,63.543501464505574,-0.014831924628651905,z,2,0.00025
119.10060000000007,preconditioning_unload,0.009398,-0.0033333333333333335,60.25033667097658,60.26458699373991,-0.014250322763331269,z,2,0.00025
119.17680000000007,preconditioning_unload,0.009144,-0.0033333333333333335,57.05828072367701,57.07195725190161,-0.013676528224600304,z,2,0.00025
119.25300000000007,preconditioning_unload,0.00889,-0.0033333333333333335,53.95253319555432,53.9656438442795,-0.013110648725181306,z,2,0.00025
119.32920000000007,preconditioning_unload,0.008636,-0.0033333333333333335,50.933126482311515,50.9456792788747,-0.012552796563184643,z,2,0.00025
119.40540000000007,preconditioning_unload,0.008381999999999999,-0.0033333333333333335,48.00009393016699,48.01209701912403,-0.012003088957037278,z,2,0.00025
119.48160000000007,preconditioning_unload,0.008128,-0.0033333333333333335,45.15346989295529,45.16493154137094,-0.011461648415647119,z,2,0.00025
119.55780000000007,preconditioning_unload,0.007873999999999999,-0.0033333333333333335,42.39328979452206,42.40421839767086,-0.010928603148798288,z,2,0.00025
119.63400000000007,preconditioning_unload,0.00762,-0.0033333333333333335,39.719590197088394,39.72999428461196,-0.01040408752356825,z,2,0.00025
119.71020000000007,preconditioning_unload,0.007365999999999999,-0.0033333333333333335,37.132408876370114,37.14229711894367,-0.009888242573552475,z,2,0.00025
119.78640000000007,preconditioning_unload,0.007111999999999999,-0.0033333333333333335,34.63178490437149,34.64116612094065,-0.009381216569160244,z,2,0.00025
119.86260000000007,preconditioning_unload,0.0068579999999999995,-0.0033333333333333335,32.21775874093507,32.22664190659363,-0.008883165658559733,z,2,0.00025
119.93880000000007,preconditioning_unload,0.006604,-0.0033333333333333335,29.890372335325953,29.89876658991707,-0.00839425459111709,z,2,0.00025
120.01500000000007,preconditioning_unload,0.00635,-0.0033333333333333335,27.649669239372084,27.65758389690947,-0.007914657537384073,z,2,0.00025
120.09120000000007,preconditioning_unload,0.006095999999999999,-0.0033333333333333335,25.4956947339804,25.503139293003297,-0.007444559022896868,z,2,0.00025
120.16740000000007,preconditioning_unload,0.005841999999999999,-0.0033333333333333335,23.428495971222837,23.435480126219815,-0.00698415499697802,z,2,0.00025
120.24360000000007,preconditioning_unload,0.005587999999999999,-0.0033333333333333335,21.448122134654138,21.454655788716803,-0.006533654062664596,z,2,0.00025
120.31980000000007,preconditioning_unload,0.005334,-0.0033333333333333335,19.554624621118297,19.56071790001877,-0.006093278900472399,z,2,0.00025
120.39600000000007,preconditioning_unload,0.00508,-0.0033333333333333335,17.748057248061038,17.75372051598815,-0.005663267927111804,z,2,0.00025
120.47220000000007,preconditioning_unload,0.0048259999999999996,-0.0033333333333333335,16.028476491351057,16.03372036859254,-0.005243877241483119,z,2,0.00025
120.54840000000007,preconditioning_unload,0.004572,-0.0033333333333333335,14.39594175990183,14.400777142827181,-0.004835382925351794,z,2,0.00025
120.62460000000007,preconditioning_unload,0.004318,-0.0033333333333333335,12.8505157150967,12.854953798883042,-0.0044380837863418066,z,2,0.00025
120.70080000000007,preconditioning_unload,0.004064,-0.0033333333333333335,11.392264645319964,11.396316949979104,-0.0040523046591403045,z,2,0.00025
120.77700000000007,preconditioning_unload,0.00381,-0.0033333333333333335,10.021258909040013,10.024937309459999,-0.0036784004199859055,z,2,0.00025
120.85320000000007,preconditioning_unload,0.0035559999999999997,-0.0033333333333333335,8.737573464259059,8.740890225184975,-0.003316760925915929,z,2,0.00025
120.92940000000007,preconditioning_unload,0.003302,-0.0033333333333333335,7.541288508336192,7.5442563255083845,-0.002967817172192966,z,2,0.00025
121.00560000000007,preconditioning_unload,0.0030479999999999995,-0.0033333333333333335,6.43249026116026,6.435122310244277,-0.0026320490840170407,z,2,0.00025
121.08180000000007,preconditioning_unload,0.0027939999999999996,-0.0033333333333333335,5.411271937970685,5.413581933517503,-0.002309995546817767,z,2,0.00025
121.15800000000007,preconditioning_unload,0.00254,-0.0033333333333333335,4.477734978480717,4.479737246058185,-0.002002267577467798,z,2,0.00025
121.23420000000007,preconditioning_unload,0.002286,-0.0033333333333333335,3.631990631111457,3.633700197139532,-0.001709566028075038,z,2,0.00025
121.31040000000007,preconditioning_unload,0.002032,-0.0033333333333333335,2.874162043945948,2.8755947499979038,-0.0014327060519558898,z,2,0.00025
121.38660000000007,preconditioning_unload,0.0017779999999999998,-0.0033333333333333335,2.2043871048375117,2.2055597569086567,-0.0011726520711450306,z,2,0.00025
121.46280000000007,preconditioning_unload,0.0015239999999999997,-0.0033333333333333335,1.6228224384102017,1.623753008288064,-0.0009305698778623306,z,2,0.00025
121.53900000000007,preconditioning_unload,0.00127,-0.0033333333333333335,1.1296492904775557,1.1303571989684444,-0.0007079084908887534,z,2,0.00025
121.61520000000007,preconditioning_unload,0.001016,-0.0033333333333333335,0.7250827204921217,0.7255892585745143,-0.0005065380823925381,z,2,0.00025
121.69140000000007,preconditioning_unload,0.0007619999999999999,-0.0033333333333333335,0.4093871895811343,0.4097161957166365,-0.0003290061355021856,z,2,0.00025
121.76760000000007,preconditioning_unload,0.000508,-0.0033333333333333335,0.18290643593257874,0.18308552418907326,-0.000179088256494514,z,2,0.00025
121.84380000000007,preconditioning_unload,0.000254,-0.0033333333333333335,0.04613404408631377,0.046197361346612835,-6.331726029906726e-05,z,2,0.00025
121.92000000000007,preconditioning_unload,0.0,-0.0033333333333333335,0.0,0.0,0.0,z,2,0.00025
121.92000000000007,preconditioning_load,0.0,0.0,0.0,0.0,0.0,z,3,0.00025
121.99620000000007,preconditioning_load,0.000254,0.0033333333333333335,0.43446141292539586,0.4343980956650968,6.331726029906726e-05,z,3,0.00025
122.07240000000007,preconditioning_load,0.000508,0.0033333333333333335,1.2288424449737447,1.2286633567172502,0.00017908825649448623,z,3,0.00025
122.14860000000007,preconditioning_load,0.0007619999999999999,0.0033333333333333335,2.257527723344842,2.2571987172093397,0.0003290061355021301,z,3,0.00025
122.22480000000007,preconditioning_load,0.001016,0.0033333333333333335,3.475691303403167,3.4751847653207744,0.0005065380823925381,z,3,0.00025
122.30100000000007,preconditioning_load,0.00127,0.0033333333333333335,4.857426264508956,4.856718356018067,0.0007079084908889755,z,3,0.00025
122.37720000000007,preconditioning_load,0.0015239999999999997,0.0033333333333333335,6.385252647575064,6.384322077697202,0.0009305698778625526,z,3,0.00025
122.45340000000007,preconditioning_load,0.0017779999999999998,0.0033333333333333335,8.046337969980383,8.04516531790924,0.0011726520711441424,z,3,0.00025
122.52960000000007,preconditioning_load,0.002032,0.0033333333333333335,9.830739559789958,9.829306853738002,0.0014327060519558898,z,3,0.00025
122.60580000000007,preconditioning_load,0.002286,0.0033333333333333335,11.730458148985687,11.728748582957612,0.0017095660280741498,z,3,0.00025
122.68200000000007,preconditioning_load,0.00254,0.0033333333333333335,13.738876202991694,13.736873935414225,0.002002267577468686,z,3,0.00025
122.75820000000007,preconditioning_load,0.0027939999999999996,0.0033333333333333335,15.850400418173221,15.848090422626402,0.002309995546818655,z,3,0.00025
122.83440000000007,preconditioning_load,0.0030479999999999995,0.0033333333333333335,18.060221786758735,18.057589737674718,0.0026320490840170407,z,3,0.00025
122.91060000000007,preconditioning_load,0.003302,0.0033333333333333335,20.364147719669624,20.361179902497433,0.0029678171721911895,z,3,0.00025
122.98680000000007,preconditioning_load,0.0035559999999999997,0.0033333333333333335,22.758480569167713,22.755163808241797,0.003316760925915929,z,3,0.00025
123.06300000000007,preconditioning_load,0.00381,0.0033333333333333335,25.239927252447032,25.236248852027046,0.0036784004199859055,z,3,0.00025
123.13920000000007,preconditioning_load,0.004064,0.0033333333333333335,27.805530427225335,27.801478122566195,0.0040523046591403045,z,3,0.00025
123.21540000000007,preconditioning_load,0.004318,0.0033333333333333335,30.452615027690452,30.44817694390411,0.004438083786343583,z,3,0.00025
123.29160000000007,preconditioning_load,0.004572,0.0033333333333333335,33.17874601429111,33.17391063136576,0.004835382925350018,z,3,0.00025
123.36780000000007,preconditioning_load,0.0048259999999999996,0.0033333333333333335,35.981694482384235,35.97645060514275,0.005243877241483119,z,3,0.00025
123.44400000000007,preconditioning_load,0.00508,0.0033333333333333335,38.85941011607165,38.85374684814454,0.005663267927111804,z,3,0.00025
123.52020000000007,preconditioning_load,0.005334,0.0033333333333333335,41.80999853662994,41.80390525772947,0.006093278900472399,z,3,0.00025
123.59640000000007,preconditioning_load,0.005587999999999999,0.0033333333333333335,44.831702480849486,44.82516882678682,0.006533654062664596,z,3,0.00025
123.67260000000007,preconditioning_load,0.005841999999999999,0.0033333333333333335,47.922886014723744,47.915901859726766,0.00698415499697802,z,3,0.00025
123.74880000000007,preconditioning_load,0.006095999999999999,0.0033333333333333335,51.08202118060051,51.07457662157761,0.007444559022900421,z,3,0.00025
123.82500000000007,preconditioning_load,0.00635,0.0033333333333333335,54.30767661567448,54.2997619581371,0.007914657537384073,z,3,0.00025
123.90120000000007,preconditioning_load,0.006604,0.0033333333333333335,57.598507782651836,57.59011352806072,0.00839425459111709,z,3,0.00025
123.97740000000007,preconditioning_load,0.0068579999999999995,0.0033333333333333335,60.95324853031074,60.94436536465218,0.008883165658559733,z,3,0.00025
124.05360000000007,preconditioning_load,0.007111999999999999,0.0033333333333333335,64.37070375984307,64.36132254327391,0.009381216569153139,z,3,0.00025
124.12980000000007,preconditioning_load,0.007365999999999999,0.0033333333333333335,67.84974301736942,67.83985477479587,0.009888242573552475,z,3,0.00025
124.20600000000007,preconditioning_load,0.00762,0.0033333333333333335,71.38929486744176,71.3788907799182,0.01040408752356825,z,3,0.00025
124.28220000000007,preconditioning_load,0.007873999999999999,0.0033333333333333335,74.98834192923472,74.97741332608592,0.010928603148798288,z,3,0.00025
124.35840000000007,preconditioning_load,0.008128,0.0033333333333333335,78.64591647831966,78.63445482990402,0.011461648415647119,z,3,0.00025
124.43460000000007,preconditioning_load,0.008381999999999999,0.0033333333333333335,82.36109653376099,82.34909344480394,0.012003088957044383,z,3,0.00025
124.51080000000007,preconditioning_load,0.008636,0.0033333333333333335,86.13300236377312,86.12044956720993,0.012552796563184643,z,3,0.00025
124.58700000000007,preconditioning_load,0.00889,0.0033333333333333335,89.96079335406901,89.94768270534384,0.013110648725174201,z,3,0.00025
124.66320000000007,preconditioning_load,0.009144,0.0033333333333333335,93.84366519188549,93.8299886636609,0.013676528224593199,z,3,0.00025
124.73940000000007,preconditioning_load,0.009398,0.0033333333333333335,97.78084732591178,97.76659700314845,0.014250322763331269,z,3,0.00025
124.81560000000007,preconditioning_load,0.009651999999999999,0.0033333333333333335,101.77160066830588,101.75676874367723,0.014831924628651905,z,3,0.00025
124.89180000000007,preconditioning_load,0.009906,0.0033333333333333335,105.81521550991704,105.7997942795276,0.015421230389435436,z,3,0.00025
124.96800000000007,preconditioning_load,0.01016,0.0033333333333333335,109.91100962393355,109.8949914833138,0.016018140619749488,z,3,0.00025
125.04420000000007,preconditioning_load,0.010414,0.0033333333333333335,114.05832653660886,114.04170397696204,0.016622559646819468,z,3,0.00025
125.12040000000007,preconditioning_load,0.010668,0.0033333333333333335,118.25653394660266,118.23929955128192,0.01723439532074167,z,3,0.00025
125.19660000000007,preconditioning_load,0.010922000000000001,0.0033333333333333335,122.50502227690585,122.4871687181025,0.017853558803352598,z,3,0.00025
125.27280000000007,preconditioning_load,0.011175999999999998,0.0033333333333333335,126.80320334538577,126.78472338101122,0.01847996437454924,z,3,0.00025
125.34900000000007,preconditioning_load,0.011430000000000001,0.0033333333333333335,131.1505091417418,131.1313956124878,0.019113529253985462,z,3,0.00025
125.42520000000007,preconditioning_load,0.011683999999999998,0.0033333333333333335,135.5463907001645,135.5266365267276,0.019754173436894007,z,3,0.00025
125.50140000000007,preconditioning_load,0.011937999999999999,0.0033333333333333335,139.99031705828023,139.96991523873808,0.02040181954214404,z,3,0.00025
125.57760000000007,preconditioning_load,0.012191999999999998,0.0033333333333333335,144.48177429406988,144.46071790139774,0.021056392672136326,z,3,0.00025
125.65380000000007,preconditioning_load,0.012445999999999999,0.0033333333333333335,149.02026463341076,148.99854681312817,0.021717820282589173,z,3,0.00025
125.73000000000008,preconditioning_load,0.0127,0.0033333333333333335,153.6053056217181,153.58291958965629,0.022386032061803007,z,3,0.00025
125.80620000000008,preconditioning_load,0.012953999999999999,0.0033333333333333335,158.23642935388608,158.21336839406752,0.023060959818565152,z,3,0.00025
125.88240000000008,preconditioning_load,0.013208,0.0033333333333333335,162.913181757357,162.88943921997947,0.023742537377529516,z,3,0.00025
125.95860000000008,preconditioning_load,0.013461999999999998,0.0033333333333333335,167.63512192369492,167.61069122321305,0.024430700481872236,z,3,0.00025
126.03480000000008,preconditioning_load,0.013715999999999999,0.0033333333333333335,172.40182148452672,172.37669609782444,0.02512538670228537,z,3,0.00025
126.11100000000008,preconditioning_load,0.01397,0.0033333333333333335,177.21286402813206,177.18703749278004,0.025826535352024393,z,3,0.00025
126.18720000000008,preconditioning_load,0.014223999999999999,0.0033333333333333335,182.0678445533417,182.04131046593437,0.026534087407327434,z,3,0.00025
126.26340000000008,preconditioning_load,0.014478,0.0033333333333333335,186.9663689577307,186.93912097229799,0.027247985432723,z,3,0.00025
126.33960000000008,preconditioning_load,0.014731999999999999,0.0033333333333333335,191.9080535573861,191.88008538387498,0.027968173511112582,z,3,0.00025
126.41580000000008,preconditioning_load,0.014986,0.0033333333333333335,196.89252463578862,196.86383003861056,0.028694597178059666,z,3,0.00025
126.49200000000008,preconditioning_load,0.01524,0.0033333333333333335,201.91941801957626,201.88999081621637,0.029427203359887244,z,3,0.00025
126.56820000000008,preconditioning_load,0.015493999999999999,0.0033333333333333335,206.98837867916572,206.9582127388502,0.030165940315526996,z,3,0.00025
126.64440000000008,preconditioning_load,0.015747999999999998,0.0033333333333333335,212.09906035238953,212.06814959480786,0.030910757581665393,z,3,0.00025
126.72060000000008,preconditioning_load,0.016002,0.0033333333333333335,217.25112518947037,217.21946358354947,0.0316616059209025,z,3,0.00025
126.79680000000008,preconditioning_load,0.016256,0.0033333333333333335,222.44424341780268,222.41182498052956,0.032418437273122436,z,3,0.00025
126.87300000000008,preconditioning_load,0.01651,0.0033333333333333335,227.67809302514308,227.644911820434,0.0331812047090807,z,3,0.00025
126.94920000000008,preconditioning_load,0.016763999999999998,0.0033333333333333335,232.952359459929,232.91840959754217,0.03394986238683373,z,3,0.00025
127.02540000000008,preconditioning_load,0.017018,0.0033333333333333335,238.26673534755417,238.2320109820437,0.034724365510470534,z,3,0.00025
127.10160000000008,preconditioning_load,0.017272,0.0033333333333333335,243.62092022152362,243.58541555123287,0.03550467029074866,z,3,0.00025
127.17780000000008,preconditioning_load,0.017526,0.0033333333333333335,249.0146202685006,248.9783295345925,0.036290733908117545,z,3,0.00025
127.25400000000008,preconditioning_load,0.01778,0.0033333333333333335,254.44754808633564,254.4104655718583,0.03708251447733346,z,3,0.00025
127.33020000000008,preconditioning_load,0.018033999999999998,0.0033333333333333335,259.9194224542395,259.8815424832255,0.03787997101403562,z,3,0.00025
127.40640000000008,preconditioning_load,0.018288,0.0033333333333333335,265.42996811432886,265.39128505092606,0.038683063402800144,z,3,0.00025
127.48260000000008,preconditioning_load,0.018542,0.0033333333333333335,270.9789155638286,270.9394238114615,0.03949175236709834,z,3,0.00025
127.55880000000008,preconditioning_load,0.018796,0.0033333333333333335,276.56600085727484,276.52569485783465,0.04030599944019286,z,3,0.00025
127.63500000000008,preconditioning_load,0.01905,0.0033333333333333335,282.19096541810535,282.14983965116755,0.041125766937796016,z,3,0.00025
127.71120000000008,preconditioning_load,0.019303999999999998,0.0033333333333333335,287.8535558590739,287.811604841142,0.04195101793186495,z,3,0.00025
127.78740000000008,preconditioning_load,0.019558,0.0033333333333333335,293.5535238109637,293.5107420947379,0.042781716225817945,z,3,0.00025
127.86360000000008,preconditioning_load,0.019812,0.0033333333333333335,299.29062575911314,299.2470079327827,0.04361782633043276,z,3,0.00025
127.93980000000008,preconditioning_load,0.020065999999999997,0.0033333333333333335,305.06462288730114,305.02016357385986,0.044459313441279846,z,3,0.00025
128.01600000000008,preconditioning_load,0.02032,0.0033333333333333335,310.8752809285732,310.8299747851563,0.04530614341689443,z,3,0.00025
128.09220000000008,preconditioning_load,0.020574,0.0033333333333333335,316.7223700226136,316.67621173985555,0.04615828275802869,z,3,0.00025
128.16840000000008,preconditioning_load,0.020828,0.0033333333333333335,322.60566457930264,322.5586488807149,0.04701569858775656,z,3,0.00025
128.24460000000008,preconditioning_load,0.021082,0.0033333333333333335,328.5249431481143,328.47706478948174,0.04787835863254486,z,3,0.00025
128.32080000000008,preconditioning_load,0.021336,0.0033333333333333335,334.4799882930395,334.43124206183575,0.04874623120377919,z,3,0.00025
128.39700000000008,preconditioning_load,0.021589999999999998,0.0033333333333333335,340.4705864727374,340.4209671875569,0.04961928518048353,z,3,0.00025
128.47320000000008,preconditioning_load,0.021844000000000002,0.0033333333333333335,346.49652792563677,346.4460304356441,0.05049748999266512,z,3,0.00025
128.54940000000008,preconditioning_load,0.022098,0.0033333333333333335,352.5576065597266,352.5062257441217,0.05138081560488672,z,3,0.00025
128.62560000000008,preconditioning_load,0.022351999999999997,0.0033333333333333335,358.6536198467959,358.6013506142946,0.052269232501316765,z,3,0.00025
128.70180000000008,preconditioning_load,0.022605999999999998,0.0033333333333333335,364.78436872089054,364.73120600922,0.0531627116705522,z,3,0.00025
128.77800000000008,preconditioning_load,0.022860000000000002,0.0033333333333333335,370.94965748077567,370.89559625618404,0.05406122459163498,z,3,0.00025
128.85420000000008,preconditioning_load,0.023114,0.0033333333333333335,377.14929369620234,377.09432895298204,0.054964743220295986,z,3,0.00025
128.93040000000008,preconditioning_load,0.023367999999999996,0.0033333333333333335,383.38308811778995,383.32721487781413,0.05587323997582416,z,3,0.00025
129.00660000000008,preconditioning_load,0.023622,0.0033333333333333335,389.6508545903464,389.59406790261795,0.056786687728447305,z,3,0.00025
129.08280000000008,preconditioning_load,0.023875999999999998,0.0033333333333333335,395.952409969459,395.8947049096718,0.057705059787167556,z,3,0.00025
129.15900000000008,preconditioning_load,0.02413,0.0033333333333333335,402.28757404120125,402.22894571131314,0.05862832988810851,z,3,0.00025
129.23520000000008,preconditioning_load,0.024383999999999996,0.0033333333333333335,408.6561694448041,408.5966129726209,0.05955647218320337,z,3,0.00025
129.31140000000008,preconditioning_load,0.024638,0.0033333333333333335,415.0580215981555,414.9975321369263,0.06048946122922416,z,3,0.00025
129.38760000000008,preconditioning_load,0.024891999999999997,0.0033333333333333335,421.4929586259944,421.4315313540168,0.06142727197760678,z,3,0.00025
129.46380000000008,preconditioning_load,0.025145999999999998,0.0033333333333333335,427.96081129067693,427.8984414109128,0.06236987976410546,z,3,0.00025
129.54000000000008,preconditioning_load,0.0254,0.0033333333333333335,434.46141292539585,434.3980956650968,0.06331726029907259,z,3,0.00025
129.61620000000008,preconditioning_unload,0.025145999999999998,-0.0033333333333333335,425.7483943208597,425.8107642006238,-0.06236987976410546,z,3,0.00025
129.69240000000008,preconditioning_unload,0.024891999999999997,-0.0033333333333333335,417.2471626186813,417.3085898906589,-0.06142727197760678,z,3,0.00025
129.76860000000008,preconditioning_unload,0.024638,-0.0033333333333333335,408.8310948293088,408.89158429053805,-0.06048946122922416,z,3,0.00025
129.84480000000008,preconditioning_unload,0.024383999999999996,-0.0033333333333333335,400.5002026035283,400.5597590757115,-0.05955647218320337,z,3,0.00025
129.92100000000008,preconditioning_unload,0.02413,-0.0033333333333333335,392.25449771436337,392.3131260442515,-0.05862832988810851,z,3,0.00025
129.99720000000008,preconditioning_unload,0.023875999999999998,-0.0033333333333333335,384.0939920596489,384.15169711943605,-0.057705059787167556,z,3,0.00025
130.07340000000008,preconditioning_unload,0.023622,-0.0033333333333333335,376.0186976646901,376.0754843524185,-0.056786687728447305,z,3,0.00025
130.14960000000008,preconditioning_unload,0.023367999999999996,-0.0033333333333333335,368.0286266850045,368.0844999249803,-0.05587323997582416,z,3,0.00025
130.22580000000008,preconditioning_unload,0.023114,-0.0033333333333333335,360.12379140915584,360.17875615237614,-0.054964743220295986,z,3,0.00025
130.30200000000008,preconditioning_unload,0.022860000000000002,-0.0033333333333333335,352.304204261678,352.35826548626966,-0.05406122459163498,z,3,0.00025
130.37820000000008,preconditioning_unload,0.022605999999999998,-0.0033333333333333335,344.56987780609916,344.6230405177697,-0.0531627116705522,z,3,0.00025
130.45440000000008,preconditioning_unload,0.022351999999999997,-0.0033333333333333335,336.9208247480669,336.9730939805682,-0.052269232501316765,z,3,0.00025
130.53060000000008,preconditioning_unload,0.022098,-0.0033333333333333335,329.3570579385785,329.4084387541834,-0.05138081560488672,z,3,0.00025
130.60680000000008,preconditioning_unload,0.021844000000000002,-0.0033333333333333335,321.8785903773235,321.9290878673162,-0.05049748999266512,z,3,0.00025
130.68300000000008,preconditioning_unload,0.021589999999999998,-0.0033333333333333335,314.48543521614283,314.5350545013233,-0.04961928518048353,z,3,0.00025
130.75920000000008,preconditioning_unload,0.021336,-0.0033333333333333335,307.1776057626093,307.22635199381307,-0.04874623120377919,z,3,0.00025
130.83540000000008,preconditioning_unload,0.021082,-0.0033333333333333335,299.9551154837355,300.002993842368,-0.04787835863254486,z,3,0.00025
130.91160000000008,preconditioning_unload,0.020828,-0.0033333333333333335,292.81797800981616,292.8649937084039,-0.04701569858775656,z,3,0.00025
130.98780000000008,preconditioning_unload,0.020574,-0.0033333333333333335,285.76620713841055,285.8123654211686,-0.04615828275802869,z,3,0.00025
131.06400000000008,preconditioning_unload,0.02032,-0.0033333333333333335,278.7998168384713,278.8451229818882,-0.04530614341689443,z,3,0.00025
131.14020000000008,preconditioning_unload,0.020065999999999997,-0.0033333333333333335,271.9188212546287,271.96328056807,-0.044459313441279846,z,3,0.00025
131.21640000000008,preconditioning_unload,0.019812,-0.0033333333333333335,265.12323471163734,265.16685253796777,-0.04361782633043276,z,3,0.00025
131.29260000000008,preconditioning_unload,0.019558,-0.0033333333333333335,258.41307171899206,258.4558534352179,-0.042781716225817945,z,3,0.00025
131.36880000000008,preconditioning_unload,0.019303999999999998,-0.0033333333333333335,251.78834697572486,251.83029799365673,-0.04195101793186495,z,3,0.00025
131.44500000000008,preconditioning_unload,0.01905,-0.0033333333333333335,245.24907537539,245.29020114232776,-0.041125766937767594,z,3,0.00025
131.52120000000008,preconditioning_unload,0.018796,-0.0033333333333333335,238.79527201124753,238.83557801068773,-0.04030599944019286,z,3,0.00025
131.59740000000008,preconditioning_unload,0.018542,-0.0033333333333333335,232.42695218165755,232.46644393402465,-0.03949175236709834,z,3,0.00025
131.67360000000008,preconditioning_unload,0.018288,-0.0033333333333333335,226.14413139569413,226.18281445909693,-0.038683063402800144,z,3,0.00025
131.74980000000008,preconditioning_unload,0.018033999999999998,-0.0033333333333333335,219.94682537899342,219.98470535000743,-0.0378799710140072,z,3,0.00025
131.82600000000008,preconditioning_unload,0.01778,-0.0033333333333333335,213.83505007984814,213.87213259432548,-0.03708251447733346,z,3,0.00025
131.90220000000008,preconditioning_unload,0.017526,-0.0033333333333333335,207.80882167556146,207.84511240946958,-0.036290733908117545,z,3,0.00025
131.97840000000008,preconditioning_unload,0.017272,-0.0033333333333333335,201.8681565790776,201.90366124936835,-0.03550467029074866,z,3,0.00025
132.05460000000008,preconditioning_unload,0.017018,-0.0033333333333333335,196.013071445903,196.04779581141347,-0.034724365510470534,z,3,0.00025
132.13080000000008,preconditioning_unload,0.016763999999999998,-0.0033333333333333335,190.2435831813368,190.27753304372362,-0.03394986238683373,z,3,0.00025
132.20700000000008,preconditioning_unload,0.01651,-0.0033333333333333335,184.55970894802843,184.5928901527375,-0.0331812047090807,z,3,0.00025
132.28320000000008,preconditioning_unload,0.016256,-0.0033333333333333335,178.96146617388314,178.99388461115626,-0.032418437273122436,z,3,0.00025
132.35940000000008,preconditioning_unload,0.016002,-0.0033333333333333335,173.44887256033647,173.48053416625737,-0.0316616059209025,z,3,0.00025
132.43560000000008,preconditioning_unload,0.015747999999999998,-0.0033333333333333335,168.02194609102136,168.05285684860303,-0.030910757581665393,z,3,0.00025
132.51180000000008,preconditioning_unload,0.015493999999999999,-0.0033333333333333335,162.68070504085284,162.71087098116837,-0.030165940315526996,z,3,0.00025
132.58800000000008,preconditioning_unload,0.01524,-0.0033333333333333335,157.42516798555755,157.45459518891744,-0.029427203359887244,z,3,0.00025
132.66420000000008,preconditioning_unload,0.014986,-0.0033333333333333335,152.25535381167796,152.28404840885602,-0.028694597178059666,z,3,0.00025
132.74040000000008,preconditioning_unload,0.014731999999999999,-0.0033333333333333335,147.17128172708294,147.19924990059405,-0.027968173511112582,z,3,0.00025
132.81660000000008,preconditioning_unload,0.014478,-0.0033333333333333335,142.17297127201928,142.200219257452,-0.027247985432723,z,3,0.00025
132.89280000000008,preconditioning_unload,0.014223999999999999,-0.0033333333333333335,137.26044233074256,137.2869764181499,-0.026534087407327434,z,3,0.00025
132.96900000000008,preconditioning_unload,0.01397,-0.0033333333333333335,132.4337151437678,132.45954167911984,-0.025826535352024393,z,3,0.00025
133.04520000000008,preconditioning_unload,0.013715999999999999,-0.0033333333333333335,127.69281032078486,127.71793570748714,-0.02512538670228537,z,3,0.00025
133.12140000000008,preconditioning_unload,0.013461999999999998,-0.0033333333333333335,123.03774885428808,123.06217955476995,-0.024430700481872236,z,3,0.00025
133.19760000000008,preconditioning_unload,0.013208,-0.0033333333333333335,118.46855213397323,118.49229467135078,-0.023742537377543727,z,3,0.00025
133.27380000000008,preconditioning_unload,0.012953999999999999,-0.0033333333333333335,113.98524196195966,114.00830292177824,-0.023060959818579363,z,3,0.00025
133.35000000000008,preconditioning_unload,0.0127,-0.0033333333333333335,109.5878405689042,109.61022660096602,-0.022386032061817218,z,3,0.00025
133.42620000000008,preconditioning_unload,0.012445999999999999,-0.0033333333333333335,105.27637063107515,105.29808845135773,-0.021717820282574962,z,3,0.00025
133.50240000000008,preconditioning_unload,0.012191999999999998,-0.0033333333333333335,101.05085528846563,101.07191168113776,-0.021056392672136326,z,3,0.00025
133.57860000000008,preconditioning_unload,0.011937999999999999,-0.0033333333333333335,96.9113181640321,96.93171998357424,-0.02040181954214404,z,3,0.00025
133.65480000000008,preconditioning_unload,0.011683999999999998,-0.0033333333333333335,92.85778338415257,92.87753755758945,-0.019754173436879796,z,3,0.00025
133.73100000000008,preconditioning_unload,0.011430000000000001,-0.0033333333333333335,88.89027560041059,88.90938912966459,-0.019113529253999673,z,3,0.00025
133.80720000000008,preconditioning_unload,0.011175999999999998,-0.0033333333333333335,85.00882001282106,85.02729997719561,-0.01847996437454924,z,3,0.00025
133.88340000000008,preconditioning_unload,0.010922000000000001,-0.0033333333333333335,81.21344239462884,81.2312959534322,-0.017853558803352598,z,3,0.00025
133.95960000000008,preconditioning_unload,0.010668,-0.0033333333333333335,77.50416911882397,77.52140351414471,-0.01723439532074167,z,3,0.00025
134.03580000000008,preconditioning_unload,0.010414,-0.0033333333333333335,73.88102718653717,73.89764974618399,-0.016622559646819468,z,3,0.00025
134.11200000000008,preconditioning_unload,0.01016,-0.0033333333333333335,70.34404425749632,70.36006239811607,-0.016018140619749488,z,3,0.00025
134.18820000000008,preconditioning_unload,0.009906,-0.0033333333333333335,66.89324868274831,66.90866991313774,-0.015421230389435436,z,3,0.00025
134.26440000000008,preconditioning_unload,0.009651999999999999,-0.0033333333333333335,63.52866953987692,63.543501464505574,-0.014831924628651905,z,3,0.00025
134.34060000000008,preconditioning_unload,0.009398,-0.0033333333333333335,60.25033667097658,60.26458699373991,-0.014250322763331269,z,3,0.00025
134.41680000000008,preconditioning_unload,0.009144,-0.0033333333333333335,57.05828072367701,57.07195725190161,-0.013676528224600304,z,3,0.00025
134.49300000000008,preconditioning_unload,0.00889,-0.0033333333333333335,53.95253319555432,53.9656438442795,-0.013110648725181306,z,3,0.00025
134.56920000000008,preconditioning_unload,0.008636,-0.0033333333333333335,50.933126482311515,50.9456792788747,-0.012552796563184643,z,3,0.00025
134.64540000000008,preconditioning_unload,0.008381999999999999,-0.0033333333333333335,48.00009393016699,48.01209701912403,-0.012003088957037278,z,3,0.00025
134.72160000000008,preconditioning_unload,0.008128,-0.0033333333333333335,45.15346989295529,45.16493154137094,-0.011461648415647119,z,3,0.00025
134.79780000000008,preconditioning_unload,0.007873999999999999,-0.0033333333333333335,42.39328979452206,42.40421839767086,-0.010928603148798288,z,3,0.00025
134.87400000000008,preconditioning_unload,0.00762,-0.0033333333333333335,39.719590197088394,39.72999428461196,-0.01040408752356825,z,3,0.00025
134.95020000000008,preconditioning_unload,0.007365999999999999,-0.0033333333333333335,37.132408876370114,37.14229711894367,-0.009888242573552475,z,3,0.00025
135.02640000000008,preconditioning_unload,0.007111999999999999,-0.0033333333333333335,34.63178490437149,34.64116612094065,-0.009381216569160244,z,3,0.00025
135.10260000000008,preconditioning_unload,0.0068579999999999995,-0.0033333333333333335,32.21775874093507,32.22664190659363,-0.008883165658559733,z,3,0.00025
135.17880000000008,preconditioning_unload,0.006604,-0.0033333333333333335,29.890372335325953,29.89876658991707,-0.00839425459111709,z,3,0.00025
135.25500000000008,preconditioning_unload,0.00635,-0.0033333333333333335,27.649669239372084,27.65758389690947,-0.007914657537384073,z,3,0.00025
135.33120000000008,preconditioning_unload,0.006095999999999999,-0.0033333333333333335,25.4956947339804,25.503139293003297,-0.007444559022896868,z,3,0.00025
135.40740000000008,preconditioning_unload,0.005841999999999999,-0.0033333333333333335,23.428495971222837,23.435480126219815,-0.00698415499697802,z,3,0.00025
135.48360000000008,preconditioning_unload,0.005587999999999999,-0.0033333333333333335,21.448122134654138,21.454655788716803,-0.006533654062664596,z,3,0.00025
135.55980000000008,preconditioning_unload,0.005334,-0.0033333333333333335,19.554624621118297,19.56071790001877,-0.006093278900472399,z,3,0.00025
135.63600000000008,preconditioning_unload,0.00508,-0.0033333333333333335,17.748057248061038,17.75372051598815,-0.005663267927111804,z,3,0.00025
135.71220000000008,preconditioning_unload,0.0048259999999999996,-0.0033333333333333335,16.028476491351057,16.03372036859254,-0.005243877241483119,z,3,0.00025
135.78840000000008,preconditioning_unload,0.004572,-0.0033333333333333335,14.39594175990183,14.400777142827181,-0.004835382925351794,z,3,0.00025
135.86460000000008,preconditioning_unload,0.004318,-0.0033333333333333335,12.8505157150967,12.854953798883042,-0.0044380837863418066,z,3,0.00025
135.94080000000008,preconditioning_unload,0.004064,-0.0033333333333333335,11.392264645319964,11.396316949979104,-0.0040523046591403045,z,3,0.00025
136.01700000000008,preconditioning_unload,0.00381,-0.0033333333333333335,10.021258909040013,10.024937309459999,-0.0036784004199859055,z,3,0.00025
136.09320000000008,preconditioning_unload,0.0035559999999999997,-0.0033333333333333335,8.737573464259059,8.740890225184975,-0.003316760925915929,z,3,0.00025
136.16940000000008,preconditioning_unload,0.003302,-0.0033333333333333335,7.541288508336192,7.5442563255083845,-0.002967817172192966,z,3,0.00025
136.24560000000008,preconditioning_unload,0.0030479999999999995,-0.0033333333333333335,6.43249026116026,6.435122310244277,-0.0026320490840170407,z,3,0.00025
136.32180000000008,preconditioning_unload,0.0027939999999999996,-0.0033333333333333335,5.411271937970685,5.413581933517503,-0.002309995546817767,z,3,0.00025
136.39800000000008,preconditioning_unload,0.00254,-0.0033333333333333335,4.477734978480717,4.479737246058185,-0.002002267577467798,z,3,0.00025
136.47420000000008,preconditioning_unload,0.002286,-0.0033333333333333335,3.631990631111457,3.633700197139532,-0.001709566028075038,z,3,0.00025
136.55040000000008,preconditioning_unload,0.002032,-0.0033333333333333335,2.874162043945948,2.8755947499979038,-0.0014327060519558898,z,3,0.00025
136.62660000000008,preconditioning_unload,0.0017779999999999998,-0.0033333333333333335,2.2043871048375117,2.2055597569086567,-0.0011726520711450306,z,3,0.00025
136.70280000000008,preconditioning_unload,0.0015239999999999997,-0.0033333333333333335,1.6228224384102017,1.623753008288064,-0.0009305698778623306,z,3,0.00025
136.77900000000008,preconditioning_unload,0.00127,-0.0033333333333333335,1.1296492904775557,1.1303571989684444,-0.0007079084908887534,z,3,0.00025
136.85520000000008,preconditioning_unload,0.001016,-0.0033333333333333335,0.7250827204921217,0.7255892585745143,-0.0005065380823925381,z,3,0.00025
136.93140000000008,preconditioning_unload,0.0007619999999999999,-0.0033333333333333335,0.4093871895811343,0.4097161957166365,-0.0003290061355021856,z,3,0.00025
137.00760000000008,preconditioning_unload,0.000508,-0.0033333333333333335,0.18290643593257874,0.18308552418907326,-0.000179088256494514,z,3,0.00025
137.08380000000008,preconditioning_unload,0.000254,-0.0033333333333333335,0.04613404408631377,0.046197361346612835,-6.331726029906726e-05,z,3,0.00025
137.16000000000008,preconditioning_unload,0.0,-0.0033333333333333335,0.0,0.0,0.0,z,3,0.00025
