case_id,ground_profile,time_s,ball_x_m,ball_y_m,ball_z_m,ball_x_cad_m,ball_vx_m_s,ball_vy_m_s,ball_vz_m_s,ball_speed_m_s,left_wheel_rad_s,right_wheel_rad_s,left_tyre_deflection_m,right_tyre_deflection_m,ball_diametral_compression_m,left_normal_force_n,right_normal_force_n,left_tangential_force_n,right_tangential_force_n,left_slip_speed_m_s,right_slip_speed_m_s,surface_normal_force_n,surface_contacts
ABOVE_THRESHOLD_NOMINAL_mu0.6_F60_r0.40_y+0.000,ramp,0.0,0.09979999999999997,0.0,0.032695999553897424,0.5698,-0.8,0.0,-1.9620320693806645e-17,0.8,-19.713493901275953,19.713493901275953,0.0,0.0,0.0,0.0,0.0,0.0,0.0,0.0,0.0,0.5687856999999954,court
ABOVE_THRESHOLD_NOMINAL_mu0.6_F60_r0.40_y+0.000,ramp,0.00025,0.09959999999999997,0.0,0.032695999553897424,0.5695999999999999,-0.8,0.0,-3.924064138761329e-17,0.8,-19.713493901275953,19.713493901275953,0.0,0.0,0.0,0.0,0.0,0.0,0.0,0.0,0.0,0.5687856999999954,court
ABOVE_THRESHOLD_NOMINAL_mu0.6_F60_r0.40_y+0.000,ramp,0.0005,0.09939999999999996,0.0,0.032695999553897424,0.5693999999999999,-0.8,0.0,-5.886096208141993e-17,0.8,-19.713493901275953,19.713493901275953,0.0,0.0,0.0,0.0,0.0,0.0,0.0,0.0,0.0,0.5687856999999954,court
ABOVE_THRESHOLD_NOMINAL_mu0.6_F60_r0.40_y+0.000,ramp,0.00075,0.09919999999999995,0.0,0.032695999553897424,0.5691999999999999,-0.8,0.0,-7.848128277522658e-17,0.8,-19.713493901275953,19.713493901275953,0.0,0.0,0.0,0.0,0.0,0.0,0.0,0.0,0.0,0.5687856999999954,court
ABOVE_THRESHOLD_NOMINAL_mu0.6_F60_r0.40_y+0.000,ramp,0.001,0.09899999999999995,0.0,0.032695999553897424,0.569,-0.8,0.0,-9.810160346903322e-17,0.8,-19.713493901275953,19.713493901275953,0.0,0.0,0.0,0.0,0.0,0.0,0.0,0.0,0.0,0.5687856999999954,court
ABOVE_THRESHOLD_NOMINAL_mu0.6_F60_r0.40_y+0.000,ramp,0.00125,0.09879999999999994,0.0,0.032695999553897424,0.5688,-0.8,0.0,-1.1772192416283987e-16,0.8,-19.713493901275953,19.713493901275953,0.0,0.0,0.0,0.0,0.0,0.0,0.0,0.0,0.0,0.5687856999999954,court
ABOVE_THRESHOLD_NOMINAL_mu0.6_F60_r0.40_y+0.000,ramp,0.0015,0.09859999999999994,0.0,0.032695999553897424,0.5685999999999999,-0.8,0.0,-1.3734224485664651e-16,0.8,-19.713493901275953,19.713493901275953,0.0,0.0,0.0,0.0,0.0,0.0,0.0,0.0,0.0,0.5687856999999954,court
ABOVE_THRESHOLD_NOMINAL_mu0.6_F60_r0.40_y+0.000,ramp,0.00175,0.09839999999999993,0.0,0.032695999553897424,0.5683999999999999,-0.8,0.0,-1.5696256555045316e-16,0.8,-19.713493901275953,19.713493901275953,0.0,0.0,0.0,0.0,0.0,0.0,0.0,0.0,0.0,0.5687856999999954,court
ABOVE_THRESHOLD_NOMINAL_mu0.6_F60_r0.40_y+0.000,ramp,0.002,0.09819999999999993,0.0,0.032695999553897424,0.5681999999999999,-0.8,0.0,-1.765828862442598e-16,0.8,-19.713493901275953,19.713493901275953,0.0,0.0,0.0,0.0,0.0,0.0,0.0,0.0,0.0,0.5687856999999954,court
ABOVE_THRESHOLD_NOMINAL_mu0.6_F60_r0.40_y+0.000,ramp,0.0022500000000000003,0.09799999999999992,0.0,0.032695999553897424,0.5679999999999998,-0.8,0.0,-1.9620320693806645e-16,0.8,-19.713493901275953,19.713493901275953,0.0,0.0,0.0,0.0,0.0,0.0,0.0,0.0,0.0,0.5687856999999954,court
ABOVE_THRESHOLD_NOMINAL_mu0.6_F60_r0.40_y+0.000,ramp,0.0025,0.09779999999999991,0.0,0.032695999553897424,0.5677999999999999,-0.8,0.0,-2.158235276318731e-16,0.8,-19.713493901275953,19.713493901275953,0.0,0.0,0.0,0.0,0.0,0.0,0.0,0.0,0.0,0.5687856999999954,court
ABOVE_THRESHOLD_NOMINAL_mu0.6_F60_r0.40_y+0.000,ramp,0.00275,0.09759999999999991,0.0,0.032695999553897424,0.5675999999999999,-0.8,0.0,-2.3544384832567974e-16,0.8,-19.713493901275953,19.713493901275953,0.0,0.0,0.0,0.0,0.0,0.0,0.0,0.0,0.0,0.5687856999999954,court
ABOVE_THRESHOLD_NOMINAL_mu0.6_F60_r0.40_y+0.000,ramp,0.003,0.0973999999999999,0.0,0.032695999553897424,0.5673999999999999,-0.8,0.0,-2.550641690194864e-16,0.8,-19.713493901275953,19.713493901275953,0.0,0.0,0.0,0.0,0.0,0.0,0.0,0.0,0.0,0.5687856999999954,court
ABOVE_THRESHOLD_NOMINAL_mu0.6_F60_r0.40_y+0.000,ramp,0.0032500000000000003,0.0971999999999999,0.0,0.032695999553897424,0.5671999999999999,-0.8,0.0,-2.746844897132931e-16,0.8,-19.713493901275953,19.713493901275953,0.0,0.0,0.0,0.0,0.0,0.0,0.0,0.0,0.0,0.5687856999999954,court
ABOVE_THRESHOLD_NOMINAL_mu0.6_F60_r0.40_y+0.000,ramp,0.0035,0.09699999999999989,0.0,0.032695999553897424,0.5669999999999998,-0.8,0.0,-2.9430481040709975e-16,0.8,-19.713493901275953,19.713493901275953,0.0,0.0,0.0,0.0,0.0,0.0,0.0,0.0,0.0,0.5687856999999954,court
ABOVE_THRESHOLD_NOMINAL_mu0.6_F60_r0.40_y+0.000,ramp,0.00375,0.09679999999999989,0.0,0.032695999553897424,0.5667999999999999,-0.8,0.0,-3.139251311009064e-16,0.8,-19.713493901275953,19.713493901275953,0.0,0.0,0.0,0.0,0.0,0.0,0.0,0.0,0.0,0.5687856999999954,court
ABOVE_THRESHOLD_NOMINAL_mu0.6_F60_r0.40_y+0.000,ramp,0.004,0.09659999999999988,0.0,0.032695999553897424,0.5665999999999999,-0.8,0.0,-3.335454517947131e-16,0.8,-19.713493901275953,19.713493901275953,0.0,0.0,0.0,0.0,0.0,0.0,0.0,0.0,0.0,0.5687856999999954,court
ABOVE_THRESHOLD_NOMINAL_mu0.6_F60_r0.40_y+0.000,ramp,0.00425,0.09639999999999987,0.0,0.032695999553897424,0.5663999999999998,-0.8,0.0,-3.5316577248851976e-16,0.8,-19.713493901275953,19.713493901275953,0.0,0.0,0.0,0.0,0.0,0.0,0.0,0.0,0.0,0.5687856999999954,court
ABOVE_THRESHOLD_NOMINAL_mu0.6_F60_r0.40_y+0.000,ramp,0.0045000000000000005,0.09619999999999987,0.0,0.032695999553897424,0.5661999999999998,-0.8,0.0,-3.7278609318232643e-16,0.8,-19.713493901275953,19.713493901275953,0.0,0.0,0.0,0.0,0.0,0.0,0.0,0.0,0.0,0.5687856999999954,court
ABOVE_THRESHOLD_NOMINAL_mu0.6_F60_r0.40_y+0.000,ramp,0.00475,0.09599999999999986,0.0,0.032695999553897424,0.5659999999999998,-0.8,0.0,-3.924064138761331e-16,0.8,-19.713493901275953,19.713493901275953,0.0,0.0,0.0,0.0,0.0,0.0,0.0,0.0,0.0,0.5687856999999954,court
ABOVE_THRESHOLD_NOMINAL_mu0.6_F60_r0.40_y+0.000,ramp,0.005,0.09579999999999986,0.0,0.032695999553897424,0.5657999999999999,-0.8,0.0,-4.1202673456993976e-16,0.8,-19.713493901275953,19.713493901275953,0.0,0.0,0.0,0.0,0.0,0.0,0.0,0.0,0.0,0.5687856999999954,court
ABOVE_THRESHOLD_NOMINAL_mu0.6_F60_r0.40_y+0.000,ramp,0.00525,0.09559999999999985,0.0,0.032695999553897424,0.5655999999999999,-0.8,0.0,-4.3164705526374643e-16,0.8,-19.713493901275953,19.713493901275953,0.0,0.0,0.0,0.0,0.0,0.0,0.0,0.0,0.0,0.5687856999999954,court
ABOVE_THRESHOLD_NOMINAL_mu0.6_F60_r0.40_y+0.000,ramp,0.0055,0.09539999999999985,0.0,0.032695999553897424,0.5653999999999998,-0.8,0.0,-4.512673759575531e-16,0.8,-19.713493901275953,19.713493901275953,0.0,0.0,0.0,0.0,0.0,0.0,0.0,0.0,0.0,0.5687856999999954,court
ABOVE_THRESHOLD_NOMINAL_mu0.6_F60_r0.40_y+0.000,ramp,0.00575,0.09519999999999984,0.0,0.032695999553897424,0.5651999999999998,-0.8,0.0,-4.708876966513598e-16,0.8,-19.713493901275953,19.713493901275953,0.0,0.0,0.0,0.0,0.0,0.0,0.0,0.0,0.0,0.5687856999999954,court
ABOVE_THRESHOLD_NOMINAL_mu0.6_F60_r0.40_y+0.000,ramp,0.006,0.09499999999999983,0.0,0.032695999553897424,0.5649999999999998,-0.8,0.0,-4.905080173451664e-16,0.8,-19.713493901275953,19.713493901275953,0.0,0.0,0.0,0.0,0.0,0.0,0.0,0.0,0.0,0.5687856999999954,court
ABOVE_THRESHOLD_NOMINAL_mu0.6_F60_r0.40_y+0.000,ramp,0.00625,0.09479999999999983,0.0,0.032695999553897424,0.5647999999999997,-0.8,0.0,-5.101283380389731e-16,0.8,-19.713493901275953,19.713493901275953,0.0,0.0,0.0,0.0,0.0,0.0,0.0,0.0,0.0,0.5687856999999954,court
ABOVE_THRESHOLD_NOMINAL_mu0.6_F60_r0.40_y+0.000,ramp,0.006500000000000001,0.09459999999999982,0.0,0.032695999553897424,0.5645999999999998,-0.8,0.0,-5.297486587327798e-16,0.8,-19.713493901275953,19.713493901275953,0.0,0.0,0.0,0.0,0.0,0.0,0.0,0.0,0.0,0.5687856999999954,court
ABOVE_THRESHOLD_NOMINAL_mu0.6_F60_r0.40_y+0.000,ramp,0.00675,0.09439999999999982,0.0,0.032695999553897424,0.5643999999999998,-0.8,0.0,-5.493689794265865e-16,0.8,-19.713493901275953,19.713493901275953,0.0,0.0,0.0,0.0,0.0,0.0,0.0,0.0,0.0,0.5687856999999954,court
ABOVE_THRESHOLD_NOMINAL_mu0.6_F60_r0.40_y+0.000,ramp,0.007,0.09419999999999981,0.0,0.032695999553897424,0.5641999999999998,-0.8,0.0,-5.689893001203931e-16,0.8,-19.713493901275953,19.713493901275953,0.0,0.0,0.0,0.0,0.0,0.0,0.0,0.0,0.0,0.5687856999999954,court
ABOVE_THRESHOLD_NOMINAL_mu0.6_F60_r0.40_y+0.000,ramp,0.00725,0.0939999999999998,0.0,0.032695999553897424,0.5639999999999998,-0.8,0.0,-5.886096208141998e-16,0.8,-19.713493901275953,19.713493901275953,0.0,0.0,0.0,0.0,0.0,0.0,0.0,0.0,0.0,0.5687856999999954,court
ABOVE_THRESHOLD_NOMINAL_mu0.6_F60_r0.40_y+0.000,ramp,0.0075,0.0937999999999998,0.0,0.032695999553897424,0.5637999999999997,-0.8,0.0,-6.082299415080065e-16,0.8,-19.713493901275953,19.713493901275953,0.0,0.0,0.0,0.0,0.0,0.0,0.0,0.0,0.0,0.5687856999999954,court
ABOVE_THRESHOLD_NOMINAL_mu0.6_F60_r0.40_y+0.000,ramp,0.00775,0.0935999999999998,0.0,0.032695999553897424,0.5635999999999998,-0.8,0.0,-6.278502622018131e-16,0.8,-19.713493901275953,19.713493901275953,0.0,0.0,0.0,0.0,0.0,0.0,0.0,0.0,0.0,0.5687856999999954,court
ABOVE_THRESHOLD_NOMINAL_mu0.6_F60_r0.40_y+0.000,ramp,0.008,0.09339999999999979,0.0,0.032695999553897424,0.5633999999999998,-0.8,0.0,-6.474705828956198e-16,0.8,-19.713493901275953,19.713493901275953,0.0,0.0,0.0,0.0,0.0,0.0,0.0,0.0,0.0,0.5687856999999954,court
ABOVE_THRESHOLD_NOMINAL_mu0.6_F60_r0.40_y+0.000,ramp,0.00825,0.09319999999999978,0.0,0.032695999553897424,0.5631999999999997,-0.8,0.0,-6.670909035894265e-16,0.8,-19.713493901275953,19.713493901275953,0.0,0.0,0.0,0.0,0.0,0.0,0.0,0.0,0.0,0.5687856999999954,court
ABOVE_THRESHOLD_NOMINAL_mu0.6_F60_r0.40_y+0.000,ramp,0.0085,0.09299999999999978,0.0,0.032695999553897424,0.5629999999999997,-0.8,0.0,-6.867112242832331e-16,0.8,-19.713493901275953,19.713493901275953,0.0,0.0,0.0,0.0,0.0,0.0,0.0,0.0,0.0,0.5687856999999954,court
ABOVE_THRESHOLD_NOMINAL_mu0.6_F60_r0.40_y+0.000,ramp,0.00875,0.09279999999999977,0.0,0.032695999553897424,0.5627999999999997,-0.8,0.0,-7.063315449770398e-16,0.8,-19.713493901275953,19.713493901275953,0.0,0.0,0.0,0.0,0.0,0.0,0.0,0.0,0.0,0.5687856999999954,court
ABOVE_THRESHOLD_NOMINAL_mu0.6_F60_r0.40_y+0.000,ramp,0.009000000000000001,0.09259999999999977,0.0,0.032695999553897424,0.5625999999999998,-0.8,0.0,-7.259518656708465e-16,0.8,-19.713493901275953,19.713493901275953,0.0,0.0,0.0,0.0,0.0,0.0,0.0,0.0,0.0,0.5687856999999954,court
ABOVE_THRESHOLD_NOMINAL_mu0.6_F60_r0.40_y+0.000,ramp,0.00925,0.09239999999999976,0.0,0.032695999553897424,0.5623999999999998,-0.8,0.0,-7.455721863646531e-16,0.8,-19.713493901275953,19.713493901275953,0.0,0.0,0.0,0.0,0.0,0.0,0.0,0.0,0.0,0.5687856999999954,court
ABOVE_THRESHOLD_NOMINAL_mu0.6_F60_r0.40_y+0.000,ramp,0.0095,0.09219999999999975,0.0,0.032695999553897424,0.5621999999999997,-0.8,0.0,-7.651925070584598e-16,0.8,-19.713493901275953,19.713493901275953,0.0,0.0,0.0,0.0,0.0,0.0,0.0,0.0,0.0,0.5687856999999954,court
ABOVE_THRESHOLD_NOMINAL_mu0.6_F60_r0.40_y+0.000,ramp,0.00975,0.09199999999999975,0.0,0.032695999553897424,0.5619999999999997,-0.8,0.0,-7.848128277522665e-16,0.8,-19.713493901275953,19.713493901275953,0.0,0.0,0.0,0.0,0.0,0.0,0.0,0.0,0.0,0.5687856999999954,court
ABOVE_THRESHOLD_NOMINAL_mu0.6_F60_r0.40_y+0.000,ramp,0.01,0.09179999999999974,0.0,0.032695999553897424,0.5617999999999997,-0.8,0.0,-8.044331484460732e-16,0.8,-19.713493901275953,19.713493901275953,0.0,0.0,0.0,0.0,0.0,0.0,0.0,0.0,0.0,0.5687856999999954,court
ABOVE_THRESHOLD_NOMINAL_mu0.6_F60_r0.40_y+0.000,ramp,0.01025,0.09159999999999974,0.0,0.032695999553897424,0.5615999999999997,-0.8,0.0,-8.240534691398798e-16,0.8,-19.713493901275953,19.713493901275953,0.0,0.0,0.0,0.0,0.0,0.0,0.0,0.0,0.0,0.5687856999999954,court
ABOVE_THRESHOLD_NOMINAL_mu0.6_F60_r0.40_y+0.000,ramp,0.0105,0.09139999999999973,0.0,0.032695999553897424,0.5613999999999997,-0.8,0.0,-8.436737898336865e-16,0.8,-19.713493901275953,19.713493901275953,0.0,0.0,0.0,0.0,0.0,0.0,0.0,0.0,0.0,0.5687856999999954,court
ABOVE_THRESHOLD_NOMINAL_mu0.6_F60_r0.40_y+0.000,ramp,0.010750000000000001,0.09119999999999973,0.0,0.032695999553897424,0.5611999999999997,-0.8,0.0,-8.632941105274932e-16,0.8,-19.713493901275953,19.713493901275953,0.0,0.0,0.0,0.0,0.0,0.0,0.0,0.0,0.0,0.5687856999999954,court
ABOVE_THRESHOLD_NOMINAL_mu0.6_F60_r0.40_y+0.000,ramp,0.011,0.09099999999999972,0.0,0.032695999553897424,0.5609999999999997,-0.8,0.0,-8.829144312212998e-16,0.8,-19.713493901275953,19.713493901275953,0.0,0.0,0.0,0.0,0.0,0.0,0.0,0.0,0.0,0.5687856999999954,court
ABOVE_THRESHOLD_NOMINAL_mu0.6_F60_r0.40_y+0.000,ramp,0.01125,0.09079999999999971,0.0,0.032695999553897424,0.5607999999999997,-0.8,0.0,-9.025347519151064e-16,0.8,-19.713493901275953,19.713493901275953,0.0,0.0,0.0,0.0,0.0,0.0,0.0,0.0,0.0,0.5687856999999954,court
ABOVE_THRESHOLD_NOMINAL_mu0.6_F60_r0.40_y+0.000,ramp,0.0115,0.09059999999999971,0.0,0.032695999553897424,0.5605999999999997,-0.8,0.0,-9.22155072608913e-16,0.8,-19.713493901275953,19.713493901275953,0.0,0.0,0.0,0.0,0.0,0.0,0.0,0.0,0.0,0.5687856999999954,court
ABOVE_THRESHOLD_NOMINAL_mu0.6_F60_r0.40_y+0.000,ramp,0.01175,0.0903999999999997,0.0,0.032695999553897424,0.5603999999999997,-0.8,0.0,-9.417753933027195e-16,0.8,-19.713493901275953,19.713493901275953,0.0,0.0,0.0,0.0,0.0,0.0,0.0,0.0,0.0,0.5687856999999954,court
ABOVE_THRESHOLD_NOMINAL_mu0.6_F60_r0.40_y+0.000,ramp,0.012,0.0901999999999997,0.0,0.032695999553897424,0.5601999999999997,-0.8,0.0,-9.613957139965261e-16,0.8,-19.713493901275953,19.713493901275953,0.0,0.0,0.0,0.0,0.0,0.0,0.0,0.0,0.0,0.5687856999999954,court
ABOVE_THRESHOLD_NOMINAL_mu0.6_F60_r0.40_y+0.000,ramp,0.01225,0.08999999999999969,0.0,0.032695999553897424,0.5599999999999996,-0.8,0.0,-9.810160346903327e-16,0.8,-19.713493901275953,19.713493901275953,0.0,0.0,0.0,0.0,0.0,0.0,0.0,0.0,0.0,0.5687856999999954,court
ABOVE_THRESHOLD_NOMINAL_mu0.6_F60_r0.40_y+0.000,ramp,0.0125,0.08979999999999969,0.0,0.032695999553897424,0.5597999999999996,-0.8,0.0,-1.0006363553841393e-15,0.8,-19.713493901275953,19.713493901275953,0.0,0.0,0.0,0.0,0.0,0.0,0.0,0.0,0.0,0.5687856999999954,court
ABOVE_THRESHOLD_NOMINAL_mu0.6_F60_r0.40_y+0.000,ramp,0.012750000000000001,0.08959999999999968,0.0,0.032695999553897424,0.5595999999999997,-0.8,0.0,-1.0202566760779458e-15,0.8,-19.713493901275953,19.713493901275953,0.0,0.0,0.0,0.0,0.0,0.0,0.0,0.0,0.0,0.5687856999999954,court
ABOVE_THRESHOLD_NOMINAL_mu0.6_F60_r0.40_y+0.000,ramp,0.013000000000000001,0.08939999999999967,0.0,0.032695999553897424,0.5593999999999997,-0.8,0.0,-1.0398769967717524e-15,0.8,-19.713493901275953,19.713493901275953,0.0,0.0,0.0,0.0,0.0,0.0,0.0,0.0,0.0,0.5687856999999954,court
ABOVE_THRESHOLD_NOMINAL_mu0.6_F60_r0.40_y+0.000,ramp,0.01325,0.08919999999999967,0.0,0.032695999553897424,0.5591999999999997,-0.8,0.0,-1.059497317465559e-15,0.8,-19.713493901275953,19.713493901275953,0.0,0.0,0.0,0.0,0.0,0.0,0.0,0.0,0.0,0.5687856999999954,court
ABOVE_THRESHOLD_NOMINAL_mu0.6_F60_r0.40_y+0.000,ramp,0.0135,0.08899999999999966,0.0,0.032695999553897424,0.5589999999999996,-0.8,0.0,-1.0791176381593655e-15,0.8,-19.713493901275953,19.713493901275953,0.0,0.0,0.0,0.0,0.0,0.0,0.0,0.0,0.0,0.5687856999999954,court
ABOVE_THRESHOLD_NOMINAL_mu0.6_F60_r0.40_y+0.000,ramp,0.01375,0.08879999999999966,0.0,0.032695999553897424,0.5587999999999996,-0.8,0.0,-1.0987379588531721e-15,0.8,-19.713493901275953,19.713493901275953,0.0,0.0,0.0,0.0,0.0,0.0,0.0,0.0,0.0,0.5687856999999954,court
ABOVE_THRESHOLD_NOMINAL_mu0.6_F60_r0.40_y+0.000,ramp,0.014,0.08859999999999965,0.0,0.032695999553897424,0.5585999999999997,-0.8,0.0,-1.1183582795469787e-15,0.8,-19.713493901275953,19.713493901275953,0.0,0.0,0.0,0.0,0.0,0.0,0.0,0.0,0.0,0.5687856999999954,court
ABOVE_THRESHOLD_NOMINAL_mu0.6_F60_r0.40_y+0.000,ramp,0.01425,0.08839999999999965,0.0,0.032695999553897424,0.5583999999999996,-0.8,0.0,-1.1379786002407853e-15,0.8,-19.713493901275953,19.713493901275953,0.0,0.0,0.0,0.0,0.0,0.0,0.0,0.0,0.0,0.5687856999999954,court
ABOVE_THRESHOLD_NOMINAL_mu0.6_F60_r0.40_y+0.000,ramp,0.0145,0.08819999999999964,0.0,0.032695999553897424,0.5581999999999996,-0.8,0.0,-1.1575989209345918e-15,0.8,-19.713493901275953,19.713493901275953,0.0,0.0,0.0,0.0,0.0,0.0,0.0,0.0,0.0,0.5687856999999954,court
ABOVE_THRESHOLD_NOMINAL_mu0.6_F60_r0.40_y+0.000,ramp,0.014750000000000001,0.08799999999999963,0.0,0.032695999553897424,0.5579999999999996,-0.8,0.0,-1.1772192416283984e-15,0.8,-19.713493901275953,19.713493901275953,0.0,0.0,0.0,0.0,0.0,0.0,0.0,0.0,0.0,0.5687856999999954,court
ABOVE_THRESHOLD_NOMINAL_mu0.6_F60_r0.40_y+0.000,ramp,0.015,0.08779999999999963,0.0,0.032695999553897424,0.5577999999999996,-0.8,0.0,-1.196839562322205e-15,0.8,-19.713493901275953,19.713493901275953,0.0,0.0,0.0,0.0,0.0,0.0,0.0,0.0,0.0,0.5687856999999954,court
ABOVE_THRESHOLD_NOMINAL_mu0.6_F60_r0.40_y+0.000,ramp,0.01525,0.08759999999999962,0.0,0.032695999553897424,0.5575999999999997,-0.8,0.0,-1.2164598830160115e-15,0.8,-19.713493901275953,19.713493901275953,0.0,0.0,0.0,0.0,0.0,0.0,0.0,0.0,0.0,0.5687856999999954,court
ABOVE_THRESHOLD_NOMINAL_mu0.6_F60_r0.40_y+0.000,ramp,0.0155,0.08739999999999962,0.0,0.032695999553897424,0.5573999999999996,-0.8,0.0,-1.2360802037098181e-15,0.8,-19.713493901275953,19.713493901275953,0.0,0.0,0.0,0.0,0.0,0.0,0.0,0.0,0.0,0.5687856999999954,court
ABOVE_THRESHOLD_NOMINAL_mu0.6_F60_r0.40_y+0.000,ramp,0.01575,0.08719999999999961,0.0,0.032695999553897424,0.5571999999999996,-0.8,0.0,-1.2557005244036247e-15,0.8,-19.713493901275953,19.713493901275953,0.0,0.0,0.0,0.0,0.0,0.0,0.0,0.0,0.0,0.5687856999999954,court
ABOVE_THRESHOLD_NOMINAL_mu0.6_F60_r0.40_y+0.000,ramp,0.016,0.0869999999999996,0.0,0.032695999553897424,0.5569999999999996,-0.8,0.0,-1.2753208450974313e-15,0.8,-19.713493901275953,19.713493901275953,0.0,0.0,0.0,0.0,0.0,0.0,0.0,0.0,0.0,0.5687856999999954,court
ABOVE_THRESHOLD_NOMINAL_mu0.6_F60_r0.40_y+0.000,ramp,0.01625,0.0867999999999996,0.0,0.032695999553897424,0.5567999999999995,-0.8,0.0,-1.2949411657912378e-15,0.8,-19.713493901275953,19.713493901275953,0.0,0.0,0.0,0.0,0.0,0.0,0.0,0.0,0.0,0.5687856999999954,court
ABOVE_THRESHOLD_NOMINAL_mu0.6_F60_r0.40_y+0.000,ramp,0.0165,0.0865999999999996,0.0,0.032695999553897424,0.5565999999999995,-0.8,0.0,-1.3145614864850444e-15,0.8,-19.713493901275953,19.713493901275953,0.0,0.0,0.0,0.0,0.0,0.0,0.0,0.0,0.0,0.5687856999999954,court
ABOVE_THRESHOLD_NOMINAL_mu0.6_F60_r0.40_y+0.000,ramp,0.01675,0.08639999999999959,0.0,0.032695999553897424,0.5563999999999996,-0.8,0.0,-1.334181807178851e-15,0.8,-19.713493901275953,19.713493901275953,0.0,0.0,0.0,0.0,0.0,0.0,0.0,0.0,0.0,0.5687856999999954,court
ABOVE_THRESHOLD_NOMINAL_mu0.6_F60_r0.40_y+0.000,ramp,0.017,0.08619999999999958,0.0,0.032695999553897424,0.5561999999999996,-0.8,0.0,-1.3538021278726575e-15,0.8,-19.713493901275953,19.713493901275953,0.0,0.0,0.0,0.0,0.0,0.0,0.0,0.0,0.0,0.5687856999999954,court
ABOVE_THRESHOLD_NOMINAL_mu0.6_F60_r0.40_y+0.000,ramp,0.01725,0.08599999999999958,0.0,0.032695999553897424,0.5559999999999996,-0.8,0.0,-1.3734224485664641e-15,0.8,-19.713493901275953,19.713493901275953,0.0,0.0,0.0,0.0,0.0,0.0,0.0,0.0,0.0,0.5687856999999954,court
ABOVE_THRESHOLD_NOMINAL_mu0.6_F60_r0.40_y+0.000,ramp,0.0175,0.08579999999999957,0.0,0.032695999553897424,0.5557999999999995,-0.8,0.0,-1.3930427692602707e-15,0.8,-19.713493901275953,19.713493901275953,0.0,0.0,0.0,0.0,0.0,0.0,0.0,0.0,0.0,0.5687856999999954,court
ABOVE_THRESHOLD_NOMINAL_mu0.6_F60_r0.40_y+0.000,ramp,0.017750000000000002,0.08559999999999957,0.0,0.032695999553897424,0.5555999999999995,-0.8,0.0,-1.4126630899540773e-15,0.8,-19.713493901275953,19.713493901275953,0.0,0.0,0.0,0.0,0.0,0.0,0.0,0.0,0.0,0.5687856999999954,court
ABOVE_THRESHOLD_NOMINAL_mu0.6_F60_r0.40_y+0.000,ramp,0.018000000000000002,0.08539999999999956,0.0,0.032695999553897424,0.5553999999999996,-0.8,0.0,-1.4322834106478838e-15,0.8,-19.713493901275953,19.713493901275953,0.0,0.0,0.0,0.0,0.0,0.0,0.0,0.0,0.0,0.5687856999999954,court
ABOVE_THRESHOLD_NOMINAL_mu0.6_F60_r0.40_y+0.000,ramp,0.01825,0.08519999999999955,0.0,0.032695999553897424,0.5551999999999995,-0.8,0.0,-1.4519037313416904e-15,0.8,-19.713493901275953,19.713493901275953,0.0,0.0,0.0,0.0,0.0,0.0,0.0,0.0,0.0,0.5687856999999954,court
ABOVE_THRESHOLD_NOMINAL_mu0.6_F60_r0.40_y+0.000,ramp,0.0185,0.08499999999999955,0.0,0.032695999553897424,0.5549999999999995,-0.8,0.0,-1.471524052035497e-15,0.8,-19.713493901275953,19.713493901275953,0.0,0.0,0.0,0.0,0.0,0.0,0.0,0.0,0.0,0.5687856999999954,court
ABOVE_THRESHOLD_NOMINAL_mu0.6_F60_r0.40_y+0.000,ramp,0.01875,0.08479999999999954,0.0,0.032695999553897424,0.5547999999999995,-0.8,0.0,-1.4911443727293035e-15,0.8,-19.713493901275953,19.713493901275953,0.0,0.0,0.0,0.0,0.0,0.0,0.0,0.0,0.0,0.5687856999999954,court
ABOVE_THRESHOLD_NOMINAL_mu0.6_F60_r0.40_y+0.000,ramp,0.019,0.08459999999999954,0.0,0.032695999553897424,0.5545999999999995,-0.8,0.0,-1.5107646934231101e-15,0.8,-19.713493901275953,19.713493901275953,0.0,0.0,0.0,0.0,0.0,0.0,0.0,0.0,0.0,0.5687856999999954,court
ABOVE_THRESHOLD_NOMINAL_mu0.6_F60_r0.40_y+0.000,ramp,0.01925,0.08439999999999953,0.0,0.032695999553897424,0.5543999999999996,-0.8,0.0,-1.5303850141169167e-15,0.8,-19.713493901275953,19.713493901275953,0.0,0.0,0.0,0.0,0.0,0.0,0.0,0.0,0.0,0.5687856999999954,court
ABOVE_THRESHOLD_NOMINAL_mu0.6_F60_r0.40_y+0.000,ramp,0.0195,0.08419999999999953,0.0,0.032695999553897424,0.5541999999999995,-0.8,0.0,-1.5500053348107232e-15,0.8,-19.713493901275953,19.713493901275953,0.0,0.0,0.0,0.0,0.0,0.0,0.0,0.0,0.0,0.5687856999999954,court
ABOVE_THRESHOLD_NOMINAL_mu0.6_F60_r0.40_y+0.000,ramp,0.01975,0.08399999999999952,0.0,0.032695999553897424,0.5539999999999995,-0.8,0.0,-1.5696256555045298e-15,0.8,-19.713493901275953,19.713493901275953,0.0,0.0,0.0,0.0,0.0,0.0,0.0,0.0,0.0,0.5687856999999954,court
ABOVE_THRESHOLD_NOMINAL_mu0.6_F60_r0.40_y+0.000,ramp,0.02,0.08379999999999951,0.0,0.032695999553897424,0.5537999999999995,-0.8,0.0,-1.5892459761983364e-15,0.8,-19.713493901275953,19.713493901275953,0.0,0.0,0.0,0.0,0.0,0.0,0.0,0.0,0.0,0.5687856999999954,court
ABOVE_THRESHOLD_NOMINAL_mu0.6_F60_r0.40_y+0.000,ramp,0.02025,0.08359999999999951,0.0,0.032695999553897424,0.5535999999999994,-0.8,0.0,-1.608866296892143e-15,0.8,-19.713493901275953,19.713493901275953,0.0,0.0,0.0,0.0,0.0,0.0,0.0,0.0,0.0,0.5687856999999954,court
ABOVE_THRESHOLD_NOMINAL_mu0.6_F60_r0.40_y+0.000,ramp,0.0205,0.0833999999999995,0.0,0.032695999553897424,0.5533999999999994,-0.8,0.0,-1.6284866175859495e-15,0.8,-19.713493901275953,19.713493901275953,0.0,0.0,0.0,0.0,0.0,0.0,0.0,0.0,0.0,0.5687856999999954,court
ABOVE_THRESHOLD_NOMINAL_mu0.6_F60_r0.40_y+0.000,ramp,0.02075,0.0831999999999995,0.0,0.032695999553897424,0.5531999999999995,-0.8,0.0,-1.6481069382797561e-15,0.8,-19.713493901275953,19.713493901275953,0.0,0.0,0.0,0.0,0.0,0.0,0.0,0.0,0.0,0.5687856999999954,court
ABOVE_THRESHOLD_NOMINAL_mu0.6_F60_r0.40_y+0.000,ramp,0.021,0.08299999999999949,0.0,0.032695999553897424,0.5529999999999995,-0.8,0.0,-1.6677272589735627e-15,0.8,-19.713493901275953,19.713493901275953,0.0,0.0,0.0,0.0,0.0,0.0,0.0,0.0,0.0,0.5687856999999954,court
ABOVE_THRESHOLD_NOMINAL_mu0.6_F60_r0.40_y+0.000,ramp,0.02125,0.08279999999999949,0.0,0.032695999553897424,0.5527999999999995,-0.8,0.0,-1.6873475796673692e-15,0.8,-19.713493901275953,19.713493901275953,0.0,0.0,0.0,0.0,0.0,0.0,0.0,0.0,0.0,0.5687856999999954,court
ABOVE_THRESHOLD_NOMINAL_mu0.6_F60_r0.40_y+0.000,ramp,0.021500000000000002,0.08259999999999948,0.0,0.032695999553897424,0.5525999999999994,-0.8,0.0,-1.7069679003611758e-15,0.8,-19.713493901275953,19.713493901275953,0.0,0.0,0.0,0.0,0.0,0.0,0.0,0.0,0.0,0.5687856999999954,court
ABOVE_THRESHOLD_NOMINAL_mu0.6_F60_r0.40_y+0.000,ramp,0.021750000000000002,0.08239999999999947,0.0,0.032695999553897424,0.5523999999999994,-0.8,0.0,-1.7265882210549824e-15,0.8,-19.713493901275953,19.713493901275953,0.0,0.0,0.0,0.0,0.0,0.0,0.0,0.0,0.0,0.5687856999999954,court
ABOVE_THRESHOLD_NOMINAL_mu0.6_F60_r0.40_y+0.000,ramp,0.022,0.08219999999999947,0.0,0.032695999553897424,0.5521999999999995,-0.8,0.0,-1.746208541748789e-15,0.8,-19.713493901275953,19.713493901275953,0.0,0.0,0.0,0.0,0.0,0.0,0.0,0.0,0.0,0.5687856999999954,court
ABOVE_THRESHOLD_NOMINAL_mu0.6_F60_r0.40_y+0.000,ramp,0.02225,0.08199999999999946,0.0,0.032695999553897424,0.5519999999999994,-0.8,0.0,-1.7658288624425955e-15,0.8,-19.713493901275953,19.713493901275953,0.0,0.0,0.0,0.0,0.0,0.0,0.0,0.0,0.0,0.5687856999999954,court
ABOVE_THRESHOLD_NOMINAL_mu0.6_F60_r0.40_y+0.000,ramp,0.0225,0.08179999999999946,0.0,0.032695999553897424,0.5517999999999994,-0.8,0.0,-1.785449183136402e-15,0.8,-19.713493901275953,19.713493901275953,0.0,0.0,0.0,0.0,0.0,0.0,0.0,0.0,0.0,0.5687856999999954,court
ABOVE_THRESHOLD_NOMINAL_mu0.6_F60_r0.40_y+0.000,ramp,0.02275,0.08159999999999945,0.0,0.032695999553897424,0.5515999999999994,-0.8,0.0,-1.805069503830209e-15,0.8,-19.713493901275953,19.713493901275953,0.0,0.0,0.0,0.0,0.0,0.0,0.0,0.0,0.0,0.5687856999999954,court
ABOVE_THRESHOLD_NOMINAL_mu0.6_F60_r0.40_y+0.000,ramp,0.023,0.08139999999999945,0.0,0.032695999553897424,0.5513999999999994,-0.8,0.0,-1.8246898245240156e-15,0.8,-19.713493901275953,19.713493901275953,0.0,0.0,0.0,0.0,0.0,0.0,0.0,0.0,0.0,0.5687856999999954,court
ABOVE_THRESHOLD_NOMINAL_mu0.6_F60_r0.40_y+0.000,ramp,0.02325,0.08119999999999944,0.0,0.032695999553897424,0.5511999999999995,-0.8,0.0,-1.8443101452178224e-15,0.8,-19.713493901275953,19.713493901275953,0.0,0.0,0.0,0.0,0.0,0.0,0.0,0.0,0.0,0.5687856999999954,court
ABOVE_THRESHOLD_NOMINAL_mu0.6_F60_r0.40_y+0.000,ramp,0.0235,0.08099999999999943,0.0,0.032695999553897424,0.5509999999999994,-0.8,0.0,-1.863930465911629e-15,0.8,-19.713493901275953,19.713493901275953,0.0,0.0,0.0,0.0,0.0,0.0,0.0,0.0,0.0,0.5687856999999954,court
ABOVE_THRESHOLD_NOMINAL_mu0.6_F60_r0.40_y+0.000,ramp,0.02375,0.08079999999999943,0.0,0.032695999553897424,0.5507999999999994,-0.8,0.0,-1.883550786605436e-15,0.8,-19.713493901275953,19.713493901275953,0.0,0.0,0.0,0.0,0.0,0.0,0.0,0.0,0.0,0.5687856999999954,court
ABOVE_THRESHOLD_NOMINAL_mu0.6_F60_r0.40_y+0.000,ramp,0.024,0.08059999999999942,0.0,0.032695999553897424,0.5505999999999994,-0.8,0.0,-1.9031711072992427e-15,0.8,-19.713493901275953,19.713493901275953,0.0,0.0,0.0,0.0,0.0,0.0,0.0,0.0,0.0,0.5687856999999954,court
ABOVE_THRESHOLD_NOMINAL_mu0.6_F60_r0.40_y+0.000,ramp,0.02425,0.08039999999999942,0.0,0.032695999553897424,0.5503999999999993,-0.8,0.0,-1.9227914279930495e-15,0.8,-19.713493901275953,19.713493901275953,0.0,0.0,0.0,0.0,0.0,0.0,0.0,0.0,0.0,0.5687856999999954,court
ABOVE_THRESHOLD_NOMINAL_mu0.6_F60_r0.40_y+0.000,ramp,0.0245,0.08019999999999941,0.0,0.032695999553897424,0.5501999999999994,-0.8,0.0,-1.9424117486868562e-15,0.8,-19.713493901275953,19.713493901275953,0.0,0.0,0.0,0.0,0.0,0.0,0.0,0.0,0.0,0.5687856999999954,court
ABOVE_THRESHOLD_NOMINAL_mu0.6_F60_r0.40_y+0.000,ramp,0.02475,0.0799999999999994,0.0,0.032695999553897424,0.5499999999999994,-0.8,0.0,-1.962032069380663e-15,0.8,-19.713493901275953,19.713493901275953,0.0,0.0,0.0,0.0,0.0,0.0,0.0,0.0,0.0,0.5687856999999954,court
ABOVE_THRESHOLD_NOMINAL_mu0.6_F60_r0.40_y+0.000,ramp,0.025,0.0797999999999994,0.0,0.032695999553897424,0.5497999999999994,-0.8,0.0,-1.9816523900744698e-15,0.8,-19.713493901275953,19.713493901275953,0.0,0.0,0.0,0.0,0.0,0.0,0.0,0.0,0.0,0.5687856999999954,court
ABOVE_THRESHOLD_NOMINAL_mu0.6_F60_r0.40_y+0.000,ramp,0.02525,0.0795999999999994,0.0,0.032695999553897424,0.5495999999999994,-0.8,0.0,-2.0012727107682765e-15,0.8,-19.713493901275953,19.713493901275953,0.0,0.0,0.0,0.0,0.0,0.0,0.0,0.0,0.0,0.5687856999999954,court
ABOVE_THRESHOLD_NOMINAL_mu0.6_F60_r0.40_y+0.000,ramp,0.025500000000000002,0.07939999999999939,0.0,0.032695999553897424,0.5493999999999993,-0.8,0.0,-2.0208930314620833e-15,0.8,-19.713493901275953,19.713493901275953,0.0,0.0,0.0,0.0,0.0,0.0,0.0,0.0,0.0,0.5687856999999954,court
ABOVE_THRESHOLD_NOMINAL_mu0.6_F60_r0.40_y+0.000,ramp,0.025750000000000002,0.07919999999999938,0.0,0.032695999553897424,0.5491999999999994,-0.8,0.0,-2.04051335215589e-15,0.8,-19.713493901275953,19.713493901275953,0.0,0.0,0.0,0.0,0.0,0.0,0.0,0.0,0.0,0.5687856999999954,court
ABOVE_THRESHOLD_NOMINAL_mu0.6_F60_r0.40_y+0.000,ramp,0.026000000000000002,0.07899999999999938,0.0,0.032695999553897424,0.5489999999999994,-0.8,0.0,-2.060133672849697e-15,0.8,-19.713493901275953,19.713493901275953,0.0,0.0,0.0,0.0,0.0,0.0,0.0,0.0,0.0,0.5687856999999954,court
ABOVE_THRESHOLD_NOMINAL_mu0.6_F60_r0.40_y+0.000,ramp,0.02625,0.07879999999999937,0.0,0.032695999553897424,0.5487999999999993,-0.8,0.0,-2.0797539935435036e-15,0.8,-19.713493901275953,19.713493901275953,0.0,0.0,0.0,0.0,0.0,0.0,0.0,0.0,0.0,0.5687856999999954,court
ABOVE_THRESHOLD_NOMINAL_mu0.6_F60_r0.40_y+0.000,ramp,0.0265,0.07859999999999936,0.0,0.032695999553897424,0.5485999999999993,-0.8,0.0,-2.0993743142373104e-15,0.8,-19.713493901275953,19.713493901275953,0.0,0.0,0.0,0.0,0.0,0.0,0.0,0.0,0.0,0.5687856999999954,court
ABOVE_THRESHOLD_NOMINAL_mu0.6_F60_r0.40_y+0.000,ramp,0.02675,0.07839999999999936,0.0,0.032695999553897424,0.5483999999999993,-0.8,0.0,-2.118994634931117e-15,0.8,-19.713493901275953,19.713493901275953,0.0,0.0,0.0,0.0,0.0,0.0,0.0,0.0,0.0,0.5687856999999954,court
ABOVE_THRESHOLD_NOMINAL_mu0.6_F60_r0.40_y+0.000,ramp,0.027,0.07819999999999935,0.0,0.032695999553897424,0.5481999999999994,-0.8,0.0,-2.138614955624924e-15,0.8,-19.713493901275953,19.713493901275953,0.0,0.0,0.0,0.0,0.0,0.0,0.0,0.0,0.0,0.5687856999999954,court
ABOVE_THRESHOLD_NOMINAL_mu0.6_F60_r0.40_y+0.000,ramp,0.02725,0.07799999999999935,0.0,0.032695999553897424,0.5479999999999994,-0.8,0.0,-2.1582352763187307e-15,0.8,-19.713493901275953,19.713493901275953,0.0,0.0,0.0,0.0,0.0,0.0,0.0,0.0,0.0,0.5687856999999954,court
ABOVE_THRESHOLD_NOMINAL_mu0.6_F60_r0.40_y+0.000,ramp,0.0275,0.07779999999999934,0.0,0.032695999553897424,0.5477999999999993,-0.8,0.0,-2.1778555970125375e-15,0.8,-19.713493901275953,19.713493901275953,0.0,0.0,0.0,0.0,0.0,0.0,0.0,0.0,0.0,0.5687856999999954,court
ABOVE_THRESHOLD_NOMINAL_mu0.6_F60_r0.40_y+0.000,ramp,0.02775,0.07759999999999934,0.0,0.032695999553897424,0.5475999999999993,-0.8,0.0,-2.1974759177063442e-15,0.8,-19.713493901275953,19.713493901275953,0.0,0.0,0.0,0.0,0.0,0.0,0.0,0.0,0.0,0.5687856999999954,court
ABOVE_THRESHOLD_NOMINAL_mu0.6_F60_r0.40_y+0.000,ramp,0.028,0.07739999999999933,0.0,0.032695999553897424,0.5473999999999993,-0.8,0.0,-2.217096238400151e-15,0.8,-19.713493901275953,19.713493901275953,0.0,0.0,0.0,0.0,0.0,0.0,0.0,0.0,0.0,0.5687856999999954,court
ABOVE_THRESHOLD_NOMINAL_mu0.6_F60_r0.40_y+0.000,ramp,0.02825,0.07719999999999932,0.0,0.032695999553897424,0.5471999999999992,-0.8,0.0,-2.2367165590939578e-15,0.8,-19.713493901275953,19.713493901275953,0.0,0.0,0.0,0.0,0.0,0.0,0.0,0.0,0.0,0.5687856999999954,court
ABOVE_THRESHOLD_NOMINAL_mu0.6_F60_r0.40_y+0.000,ramp,0.0285,0.07699999999999932,0.0,0.032695999553897424,0.5469999999999993,-0.8,0.0,-2.2558583353805984e-15,0.8,-19.713493901275953,19.713493901275953,0.0,0.0,0.0,0.0,0.0,0.0,0.0,0.0,0.0,0.5687856999999955,court
ABOVE_THRESHOLD_NOMINAL_mu0.6_F60_r0.40_y+0.000,ramp,0.02875,0.07679999999999931,0.0,0.032695999553897424,0.5467999999999993,-0.8,0.0,-2.275000111667239e-15,0.8,-19.713493901275953,19.713493901275953,0.0,0.0,0.0,0.0,0.0,0.0,0.0,0.0,0.0,0.5687856999999955,court
ABOVE_THRESHOLD_NOMINAL_mu0.6_F60_r0.40_y+0.000,ramp,0.029,0.07659999999999931,0.0,0.032695999553897424,0.5465999999999993,-0.8,0.0,-2.2941418879538797e-15,0.8,-19.713493901275953,19.713493901275953,0.0,0.0,0.0,0.0,0.0,0.0,0.0,0.0,0.0,0.5687856999999955,court
ABOVE_THRESHOLD_NOMINAL_mu0.6_F60_r0.40_y+0.000,ramp,0.02925,0.0763999999999993,0.0,0.032695999553897424,0.5463999999999993,-0.8,0.0,-2.3132836642405203e-15,0.8,-19.713493901275953,19.713493901275953,0.0,0.0,0.0,0.0,0.0,0.0,0.0,0.0,0.0,0.5687856999999955,court
ABOVE_THRESHOLD_NOMINAL_mu0.6_F60_r0.40_y+0.000,ramp,0.029500000000000002,0.0761999999999993,0.0,0.032695999553897424,0.5461999999999992,-0.8,0.0,-2.332425440527161e-15,0.8,-19.713493901275953,19.713493901275953,0.0,0.0,0.0,0.0,0.0,0.0,0.0,0.0,0.0,0.5687856999999955,court
ABOVE_THRESHOLD_NOMINAL_mu0.6_F60_r0.40_y+0.000,ramp,0.029750000000000002,0.07599999999999929,0.0,0.032695999553897424,0.5459999999999993,-0.8,0.0,-2.3515672168138016e-15,0.8,-19.713493901275953,19.713493901275953,0.0,0.0,0.0,0.0,0.0,0.0,0.0,0.0,0.0,0.5687856999999955,court
ABOVE_THRESHOLD_NOMINAL_mu0.6_F60_r0.40_y+0.000,ramp,0.03,0.07579999999999928,0.0,0.032695999553897424,0.5457999999999993,-0.8,0.0,-2.3707089931004423e-15,0.8,-19.713493901275953,19.713493901275953,0.0,0.0,0.0,0.0,0.0,0.0,0.0,0.0,0.0,0.5687856999999955,court
ABOVE_THRESHOLD_NOMINAL_mu0.6_F60_r0.40_y+0.000,ramp,0.03025,0.07559999999999928,0.0,0.032695999553897424,0.5455999999999992,-0.8,0.0,-2.389850769387083e-15,0.8,-19.713493901275953,19.713493901275953,0.0,0.0,0.0,0.0,0.0,0.0,0.0,0.0,0.0,0.5687856999999955,court
ABOVE_THRESHOLD_NOMINAL_mu0.6_F60_r0.40_y+0.000,ramp,0.0305,0.07539999999999927,0.0,0.032695999553897424,0.5453999999999992,-0.8,0.0,-2.4089925456737236e-15,0.8,-19.713493901275953,19.713493901275953,0.0,0.0,0.0,0.0,0.0,0.0,0.0,0.0,0.0,0.5687856999999955,court
ABOVE_THRESHOLD_NOMINAL_mu0.6_F60_r0.40_y+0.000,ramp,0.03075,0.07519999999999927,0.0,0.032695999553897424,0.5451999999999992,-0.8,0.0,-2.4281343219603642e-15,0.8,-19.713493901275953,19.713493901275953,0.0,0.0,0.0,0.0,0.0,0.0,0.0,0.0,0.0,0.5687856999999955,court
ABOVE_THRESHOLD_NOMINAL_mu0.6_F60_r0.40_y+0.000,ramp,0.031,0.07499999999999926,0.0,0.032695999553897424,0.5449999999999993,-0.8,0.0,-2.447276098247005e-15,0.8,-19.713493901275953,19.713493901275953,0.0,0.0,0.0,0.0,0.0,0.0,0.0,0.0,0.0,0.5687856999999955,court
ABOVE_THRESHOLD_NOMINAL_mu0.6_F60_r0.40_y+0.000,ramp,0.03125,0.07479999999999926,0.0,0.032695999553897424,0.5447999999999993,-0.8,0.0,-2.4664178745336455e-15,0.8,-19.713493901275953,19.713493901275953,0.0,0.0,0.0,0.0,0.0,0.0,0.0,0.0,0.0,0.5687856999999955,court
ABOVE_THRESHOLD_NOMINAL_mu0.6_F60_r0.40_y+0.000,ramp,0.0315,0.07459999999999925,0.0,0.032695999553897424,0.5445999999999992,-0.8,0.0,-2.485559650820286e-15,0.8,-19.713493901275953,19.713493901275953,0.0,0.0,0.0,0.0,0.0,0.0,0.0,0.0,0.0,0.5687856999999955,court
ABOVE_THRESHOLD_NOMINAL_mu0.6_F60_r0.40_y+0.000,ramp,0.03175,0.07439999999999924,0.0,0.032695999553897424,0.5443999999999992,-0.8,0.0,-2.5047014271069268e-15,0.8,-19.713493901275953,19.713493901275953,0.0,0.0,0.0,0.0,0.0,0.0,0.0,0.0,0.0,0.5687856999999955,court
ABOVE_THRESHOLD_NOMINAL_mu0.6_F60_r0.40_y+0.000,ramp,0.032,0.07419999999999924,0.0,0.032695999553897424,0.5441999999999992,-0.8,0.0,-2.5238432033935674e-15,0.8,-19.713493901275953,19.713493901275953,0.0,0.0,0.0,0.0,0.0,0.0,0.0,0.0,0.0,0.5687856999999955,court
ABOVE_THRESHOLD_NOMINAL_mu0.6_F60_r0.40_y+0.000,ramp,0.03225,0.07399999999999923,0.0,0.032695999553897424,0.5439999999999992,-0.8,0.0,-2.542984979680208e-15,0.8,-19.713493901275953,19.713493901275953,0.0,0.0,0.0,0.0,0.0,0.0,0.0,0.0,0.0,0.5687856999999955,court
ABOVE_THRESHOLD_NOMINAL_mu0.6_F60_r0.40_y+0.000,ramp,0.0325,0.07379999999999923,0.0,0.032695999553897424,0.5437999999999992,-0.8,0.0,-2.5621267559668487e-15,0.8,-19.713493901275953,19.713493901275953,0.0,0.0,0.0,0.0,0.0,0.0,0.0,0.0,0.0,0.5687856999999955,court
ABOVE_THRESHOLD_NOMINAL_mu0.6_F60_r0.40_y+0.000,ramp,0.03275,0.07359999999999922,0.0,0.032695999553897424,0.5435999999999992,-0.8,0.0,-2.5812685322534894e-15,0.8,-19.713493901275953,19.713493901275953,0.0,0.0,0.0,0.0,0.0,0.0,0.0,0.0,0.0,0.5687856999999955,court
ABOVE_THRESHOLD_NOMINAL_mu0.6_F60_r0.40_y+0.000,ramp,0.033,0.07339999999999922,0.0,0.032695999553897424,0.5433999999999992,-0.8,0.0,-2.60041030854013e-15,0.8,-19.713493901275953,19.713493901275953,0.0,0.0,0.0,0.0,0.0,0.0,0.0,0.0,0.0,0.5687856999999955,court
ABOVE_THRESHOLD_NOMINAL_mu0.6_F60_r0.40_y+0.000,ramp,0.03325,0.07319999999999921,0.0,0.032695999553897424,0.5431999999999992,-0.8,0.0,-2.6195520848267706e-15,0.8,-19.713493901275953,19.713493901275953,0.0,0.0,0.0,0.0,0.0,0.0,0.0,0.0,0.0,0.5687856999999955,court
ABOVE_THRESHOLD_NOMINAL_mu0.6_F60_r0.40_y+0.000,ramp,0.0335,0.0729999999999992,0.0,0.032695999553897424,0.5429999999999992,-0.8,0.0,-2.6386938611134113e-15,0.8,-19.713493901275953,19.713493901275953,0.0,0.0,0.0,0.0,0.0,0.0,0.0,0.0,0.0,0.5687856999999955,court
ABOVE_THRESHOLD_NOMINAL_mu0.6_F60_r0.40_y+0.000,ramp,0.03375,0.0727999999999992,0.0,0.032695999553897424,0.5427999999999992,-0.8,0.0,-2.657835637400052e-15,0.8,-19.713493901275953,19.713493901275953,0.0,0.0,0.0,0.0,0.0,0.0,0.0,0.0,0.0,0.5687856999999955,court
ABOVE_THRESHOLD_NOMINAL_mu0.6_F60_r0.40_y+0.000,ramp,0.034,0.07259999999999919,0.0,0.032695999553897424,0.5425999999999992,-0.8,0.0,-2.6769774136866926e-15,0.8,-19.713493901275953,19.713493901275953,0.0,0.0,0.0,0.0,0.0,0.0,0.0,0.0,0.0,0.5687856999999955,court
ABOVE_THRESHOLD_NOMINAL_mu0.6_F60_r0.40_y+0.000,ramp,0.03425,0.07239999999999919,0.0,0.032695999553897424,0.5423999999999991,-0.8,0.0,-2.6961191899733332e-15,0.8,-19.713493901275953,19.713493901275953,0.0,0.0,0.0,0.0,0.0,0.0,0.0,0.0,0.0,0.5687856999999955,court
ABOVE_THRESHOLD_NOMINAL_mu0.6_F60_r0.40_y+0.000,ramp,0.0345,0.07219999999999918,0.0,0.032695999553897424,0.5421999999999991,-0.8,0.0,-2.715260966259974e-15,0.8,-19.713493901275953,19.713493901275953,0.0,0.0,0.0,0.0,0.0,0.0,0.0,0.0,0.0,0.5687856999999955,court
ABOVE_THRESHOLD_NOMINAL_mu0.6_F60_r0.40_y+0.000,ramp,0.03475,0.07199999999999918,0.0,0.032695999553897424,0.5419999999999991,-0.8,0.0,-2.7344027425466145e-15,0.8,-19.713493901275953,19.713493901275953,0.0,0.0,0.0,0.0,0.0,0.0,0.0,0.0,0.0,0.5687856999999955,court
ABOVE_THRESHOLD_NOMINAL_mu0.6_F60_r0.40_y+0.000,ramp,0.035,0.07179999999999917,0.0,0.032695999553897424,0.5417999999999992,-0.8,0.0,-2.753544518833255e-15,0.8,-19.713493901275953,19.713493901275953,0.0,0.0,0.0,0.0,0.0,0.0,0.0,0.0,0.0,0.5687856999999955,court
ABOVE_THRESHOLD_NOMINAL_mu0.6_F60_r0.40_y+0.000,ramp,0.035250000000000004,0.07159999999999916,0.0,0.032695999553897424,0.5415999999999992,-0.8,0.0,-2.7726862951198958e-15,0.8,-19.713493901275953,19.713493901275953,0.0,0.0,0.0,0.0,0.0,0.0,0.0,0.0,0.0,0.5687856999999955,court
ABOVE_THRESHOLD_NOMINAL_mu0.6_F60_r0.40_y+0.000,ramp,0.035500000000000004,0.07139999999999916,0.0,0.032695999553897424,0.5413999999999991,-0.8,0.0,-2.7918280714065364e-15,0.8,-19.713493901275953,19.713493901275953,0.0,0.0,0.0,0.0,0.0,0.0,0.0,0.0,0.0,0.5687856999999955,court
ABOVE_THRESHOLD_NOMINAL_mu0.6_F60_r0.40_y+0.000,ramp,0.035750000000000004,0.07119999999999915,0.0,0.032695999553897424,0.5411999999999991,-0.8,0.0,-2.810969847693177e-15,0.8,-19.713493901275953,19.713493901275953,0.0,0.0,0.0,0.0,0.0,0.0,0.0,0.0,0.0,0.5687856999999955,court
ABOVE_THRESHOLD_NOMINAL_mu0.6_F60_r0.40_y+0.000,ramp,0.036000000000000004,0.07099999999999915,0.0,0.032695999553897424,0.5409999999999991,-0.8,0.0,-2.8301116239798177e-15,0.8,-19.713493901275953,19.713493901275953,0.0,0.0,0.0,0.0,0.0,0.0,0.0,0.0,0.0,0.5687856999999955,court
ABOVE_THRESHOLD_NOMINAL_mu0.6_F60_r0.40_y+0.000,ramp,0.03625,0.07079999999999914,0.0,0.032695999553897424,0.5407999999999991,-0.8,0.0,-2.8492534002664584e-15,0.8,-19.713493901275953,19.713493901275953,0.0,0.0,0.0,0.0,0.0,0.0,0.0,0.0,0.0,0.5687856999999955,court
ABOVE_THRESHOLD_NOMINAL_mu0.6_F60_r0.40_y+0.000,ramp,0.0365,0.07059999999999914,0.0,0.032695999553897424,0.5405999999999991,-0.8,0.0,-2.868395176553099e-15,0.8,-19.713493901275953,19.713493901275953,0.0,0.0,0.0,0.0,0.0,0.0,0.0,0.0,0.0,0.5687856999999955,court
ABOVE_THRESHOLD_NOMINAL_mu0.6_F60_r0.40_y+0.000,ramp,0.03675,0.07039999999999913,0.0,0.032695999553897424,0.5403999999999991,-0.8,0.0,-2.8875369528397396e-15,0.8,-19.713493901275953,19.713493901275953,0.0,0.0,0.0,0.0,0.0,0.0,0.0,0.0,0.0,0.5687856999999955,court
ABOVE_THRESHOLD_NOMINAL_mu0.6_F60_r0.40_y+0.000,ramp,0.037,0.07019999999999912,0.0,0.032695999553897424,0.5401999999999991,-0.8,0.0,-2.9066787291263803e-15,0.8,-19.713493901275953,19.713493901275953,0.0,0.0,0.0,0.0,0.0,0.0,0.0,0.0,0.0,0.5687856999999955,court
ABOVE_THRESHOLD_NOMINAL_mu0.6_F60_r0.40_y+0.000,ramp,0.03725,0.06999999999999912,0.0,0.032695999553897424,0.5399999999999991,-0.8,0.0,-2.925820505413021e-15,0.8,-19.713493901275953,19.713493901275953,0.0,0.0,0.0,0.0,0.0,0.0,0.0,0.0,0.0,0.5687856999999955,court
ABOVE_THRESHOLD_NOMINAL_mu0.6_F60_r0.40_y+0.000,ramp,0.0375,0.06979999999999911,0.0,0.032695999553897424,0.5397999999999991,-0.8,0.0,-2.9449622816996616e-15,0.8,-19.713493901275953,19.713493901275953,0.0,0.0,0.0,0.0,0.0,0.0,0.0,0.0,0.0,0.5687856999999955,court
ABOVE_THRESHOLD_NOMINAL_mu0.6_F60_r0.40_y+0.000,ramp,0.03775,0.06959999999999911,0.0,0.032695999553897424,0.5395999999999991,-0.8,0.0,-2.9641040579863022e-15,0.8,-19.713493901275953,19.713493901275953,0.0,0.0,0.0,0.0,0.0,0.0,0.0,0.0,0.0,0.5687856999999955,court
ABOVE_THRESHOLD_NOMINAL_mu0.6_F60_r0.40_y+0.000,ramp,0.038,0.0693999999999991,0.0,0.032695999553897424,0.5393999999999991,-0.8,0.0,-2.983245834272943e-15,0.8,-19.713493901275953,19.713493901275953,0.0,0.0,0.0,0.0,0.0,0.0,0.0,0.0,0.0,0.5687856999999955,court
ABOVE_THRESHOLD_NOMINAL_mu0.6_F60_r0.40_y+0.000,ramp,0.03825,0.0691999999999991,0.0,0.032695999553897424,0.539199999999999,-0.8,0.0,-3.0023876105595835e-15,0.8,-19.713493901275953,19.713493901275953,0.0,0.0,0.0,0.0,0.0,0.0,0.0,0.0,0.0,0.5687856999999955,court
ABOVE_THRESHOLD_NOMINAL_mu0.6_F60_r0.40_y+0.000,ramp,0.0385,0.06899999999999909,0.0,0.032695999553897424,0.538999999999999,-0.8,0.0,-3.021529386846224e-15,0.8,-19.713493901275953,19.713493901275953,0.0,0.0,0.0,0.0,0.0,0.0,0.0,0.0,0.0,0.5687856999999955,court
ABOVE_THRESHOLD_NOMINAL_mu0.6_F60_r0.40_y+0.000,ramp,0.03875,0.06879999999999908,0.0,0.032695999553897424,0.5387999999999991,-0.8,0.0,-3.0406711631328648e-15,0.8,-19.713493901275953,19.713493901275953,0.0,0.0,0.0,0.0,0.0,0.0,0.0,0.0,0.0,0.5687856999999955,court
ABOVE_THRESHOLD_NOMINAL_mu0.6_F60_r0.40_y+0.000,ramp,0.039,0.06859999999999908,0.0,0.032695999553897424,0.5385999999999991,-0.8,0.0,-3.0598129394195054e-15,0.8,-19.713493901275953,19.713493901275953,0.0,0.0,0.0,0.0,0.0,0.0,0.0,0.0,0.0,0.5687856999999955,court
ABOVE_THRESHOLD_NOMINAL_mu0.6_F60_r0.40_y+0.000,ramp,0.03925,0.06839999999999907,0.0,0.032695999553897424,0.5383999999999991,-0.8,0.0,-3.078954715706146e-15,0.8,-19.713493901275953,19.713493901275953,0.0,0.0,0.0,0.0,0.0,0.0,0.0,0.0,0.0,0.5687856999999955,court
ABOVE_THRESHOLD_NOMINAL_mu0.6_F60_r0.40_y+0.000,ramp,0.0395,0.06819999999999907,0.0,0.032695999553897424,0.538199999999999,-0.8,0.0,-3.0980964919927867e-15,0.8,-19.713493901275953,19.713493901275953,0.0,0.0,0.0,0.0,0.0,0.0,0.0,0.0,0.0,0.5687856999999955,court
ABOVE_THRESHOLD_NOMINAL_mu0.6_F60_r0.40_y+0.000,ramp,0.03975,0.06799999999999906,0.0,0.032695999553897424,0.537999999999999,-0.8,0.0,-3.1172382682794274e-15,0.8,-19.713493901275953,19.713493901275953,0.0,0.0,0.0,0.0,0.0,0.0,0.0,0.0,0.0,0.5687856999999955,court
ABOVE_THRESHOLD_NOMINAL_mu0.6_F60_r0.40_y+0.000,ramp,0.04,0.06779999999999906,0.0,0.032695999553897424,0.5377999999999991,-0.8,0.0,-3.136380044566068e-15,0.8,-19.713493901275953,19.713493901275953,0.0,0.0,0.0,0.0,0.0,0.0,0.0,0.0,0.0,0.5687856999999955,court
ABOVE_THRESHOLD_NOMINAL_mu0.6_F60_r0.40_y+0.000,ramp,0.04025,0.06759999999999905,0.0,0.032695999553897424,0.537599999999999,-0.8,0.0,-3.1555218208527087e-15,0.8,-19.713493901275953,19.713493901275953,0.0,0.0,0.0,0.0,0.0,0.0,0.0,0.0,0.0,0.5687856999999955,court
ABOVE_THRESHOLD_NOMINAL_mu0.6_F60_r0.40_y+0.000,ramp,0.0405,0.06739999999999904,0.0,0.032695999553897424,0.537399999999999,-0.8,0.0,-3.1746635971393493e-15,0.8,-19.713493901275953,19.713493901275953,0.0,0.0,0.0,0.0,0.0,0.0,0.0,0.0,0.0,0.5687856999999955,court
ABOVE_THRESHOLD_NOMINAL_mu0.6_F60_r0.40_y+0.000,ramp,0.04075,0.06719999999999904,0.0,0.032695999553897424,0.537199999999999,-0.8,0.0,-3.19380537342599e-15,0.8,-19.713493901275953,19.713493901275953,0.0,0.0,0.0,0.0,0.0,0.0,0.0,0.0,0.0,0.5687856999999955,court
ABOVE_THRESHOLD_NOMINAL_mu0.6_F60_r0.40_y+0.000,ramp,0.041,0.06699999999999903,0.0,0.032695999553897424,0.536999999999999,-0.8,0.0,-3.2129471497126306e-15,0.8,-19.713493901275953,19.713493901275953,0.0,0.0,0.0,0.0,0.0,0.0,0.0,0.0,0.0,0.5687856999999955,court
ABOVE_THRESHOLD_NOMINAL_mu0.6_F60_r0.40_y+0.000,ramp,0.04125,0.06679999999999903,0.0,0.032695999553897424,0.5367999999999991,-0.8,0.0,-3.2320889259992712e-15,0.8,-19.713493901275953,19.713493901275953,0.0,0.0,0.0,0.0,0.0,0.0,0.0,0.0,0.0,0.5687856999999955,court
ABOVE_THRESHOLD_NOMINAL_mu0.6_F60_r0.40_y+0.000,ramp,0.0415,0.06659999999999902,0.0,0.032695999553897424,0.536599999999999,-0.8,0.0,-3.251230702285912e-15,0.8,-19.713493901275953,19.713493901275953,0.0,0.0,0.0,0.0,0.0,0.0,0.0,0.0,0.0,0.5687856999999955,court
ABOVE_THRESHOLD_NOMINAL_mu0.6_F60_r0.40_y+0.000,ramp,0.04175,0.06639999999999902,0.0,0.032695999553897424,0.536399999999999,-0.8,0.0,-3.2703724785725525e-15,0.8,-19.713493901275953,19.713493901275953,0.0,0.0,0.0,0.0,0.0,0.0,0.0,0.0,0.0,0.5687856999999955,court
ABOVE_THRESHOLD_NOMINAL_mu0.6_F60_r0.40_y+0.000,ramp,0.042,0.06619999999999901,0.0,0.032695999553897424,0.536199999999999,-0.8,0.0,-3.289514254859193e-15,0.8,-19.713493901275953,19.713493901275953,0.0,0.0,0.0,0.0,0.0,0.0,0.0,0.0,0.0,0.5687856999999955,court
ABOVE_THRESHOLD_NOMINAL_mu0.6_F60_r0.40_y+0.000,ramp,0.04225,0.065999999999999,0.0,0.032695999553897424,0.5359999999999989,-0.8,0.0,-3.308656031145834e-15,0.8,-19.713493901275953,19.713493901275953,0.0,0.0,0.0,0.0,0.0,0.0,0.0,0.0,0.0,0.5687856999999955,court
ABOVE_THRESHOLD_NOMINAL_mu0.6_F60_r0.40_y+0.000,ramp,0.0425,0.065799999999999,0.0,0.032695999553897424,0.5357999999999989,-0.8,0.0,-3.3277978074324745e-15,0.8,-19.713493901275953,19.713493901275953,0.0,0.0,0.0,0.0,0.0,0.0,0.0,0.0,0.0,0.5687856999999955,court
ABOVE_THRESHOLD_NOMINAL_mu0.6_F60_r0.40_y+0.000,ramp,0.04275,0.06559999999999899,0.0,0.032695999553897424,0.535599999999999,-0.8,0.0,-3.346939583719115e-15,0.8,-19.713493901275953,19.713493901275953,0.0,0.0,0.0,0.0,0.0,0.0,0.0,0.0,0.0,0.5687856999999955,court
ABOVE_THRESHOLD_NOMINAL_mu0.6_F60_r0.40_y+0.000,ramp,0.043000000000000003,0.06539999999999899,0.0,0.032695999553897424,0.535399999999999,-0.8,0.0,-3.3660813600057557e-15,0.8,-19.713493901275953,19.713493901275953,0.0,0.0,0.0,0.0,0.0,0.0,0.0,0.0,0.0,0.5687856999999955,court
ABOVE_THRESHOLD_NOMINAL_mu0.6_F60_r0.40_y+0.000,ramp,0.043250000000000004,0.06519999999999898,0.0,0.032695999553897424,0.535199999999999,-0.8,0.0,-3.3852231362923964e-15,0.8,-19.713493901275953,19.713493901275953,0.0,0.0,0.0,0.0,0.0,0.0,0.0,0.0,0.0,0.5687856999999955,court
ABOVE_THRESHOLD_NOMINAL_mu0.6_F60_r0.40_y+0.000,ramp,0.043500000000000004,0.06499999999999898,0.0,0.032695999553897424,0.5349999999999989,-0.8,0.0,-3.404364912579037e-15,0.8,-19.713493901275953,19.713493901275953,0.0,0.0,0.0,0.0,0.0,0.0,0.0,0.0,0.0,0.5687856999999955,court
ABOVE_THRESHOLD_NOMINAL_mu0.6_F60_r0.40_y+0.000,ramp,0.043750000000000004,0.06479999999999897,0.0,0.032695999553897424,0.5347999999999989,-0.8,0.0,-3.4235066888656777e-15,0.8,-19.713493901275953,19.713493901275953,0.0,0.0,0.0,0.0,0.0,0.0,0.0,0.0,0.0,0.5687856999999955,court
ABOVE_THRESHOLD_NOMINAL_mu0.6_F60_r0.40_y+0.000,ramp,0.044,0.06459999999999896,0.0,0.032695999553897424,0.534599999999999,-0.8,0.0,-3.4426484651523183e-15,0.8,-19.713493901275953,19.713493901275953,0.0,0.0,0.0,0.0,0.0,0.0,0.0,0.0,0.0,0.5687856999999955,court
ABOVE_THRESHOLD_NOMINAL_mu0.6_F60_r0.40_y+0.000,ramp,0.04425,0.06439999999999896,0.0,0.032695999553897424,0.5343999999999989,-0.8,0.0,-3.461790241438959e-15,0.8,-19.713493901275953,19.713493901275953,0.0,0.0,0.0,0.0,0.0,0.0,0.0,0.0,0.0,0.5687856999999955,court
ABOVE_THRESHOLD_NOMINAL_mu0.6_F60_r0.40_y+0.000,ramp,0.0445,0.06419999999999895,0.0,0.032695999553897424,0.5341999999999989,-0.8,0.0,-3.4809320177255996e-15,0.8,-19.713493901275953,19.713493901275953,0.0,0.0,0.0,0.0,0.0,0.0,0.0,0.0,0.0,0.5687856999999955,court
ABOVE_THRESHOLD_NOMINAL_mu0.6_F60_r0.40_y+0.000,ramp,0.04475,0.06399999999999895,0.0,0.032695999553897424,0.5339999999999989,-0.8,0.0,-3.5000737940122402e-15,0.8,-19.713493901275953,19.713493901275953,0.0,0.0,0.0,0.0,0.0,0.0,0.0,0.0,0.0,0.5687856999999955,court
ABOVE_THRESHOLD_NOMINAL_mu0.6_F60_r0.40_y+0.000,ramp,0.045,0.06379999999999894,0.0,0.032695999553897424,0.5337999999999989,-0.8,0.0,-3.519215570298881e-15,0.8,-19.713493901275953,19.713493901275953,0.0,0.0,0.0,0.0,0.0,0.0,0.0,0.0,0.0,0.5687856999999955,court
ABOVE_THRESHOLD_NOMINAL_mu0.6_F60_r0.40_y+0.000,ramp,0.04525,0.06359999999999894,0.0,0.032695999553897424,0.533599999999999,-0.8,0.0,-3.5383573465855215e-15,0.8,-19.713493901275953,19.713493901275953,0.0,0.0,0.0,0.0,0.0,0.0,0.0,0.0,0.0,0.5687856999999955,court
ABOVE_THRESHOLD_NOMINAL_mu0.6_F60_r0.40_y+0.000,ramp,0.0455,0.06339999999999893,0.0,0.032695999553897424,0.5333999999999989,-0.8,0.0,-3.557499122872162e-15,0.8,-19.713493901275953,19.713493901275953,0.0,0.0,0.0,0.0,0.0,0.0,0.0,0.0,0.0,0.5687856999999955,court
ABOVE_THRESHOLD_NOMINAL_mu0.6_F60_r0.40_y+0.000,ramp,0.04575,0.06319999999999892,0.0,0.032695999553897424,0.5331999999999989,-0.8,0.0,-3.5766408991588024e-15,0.8,-19.713493901275953,19.713493901275953,0.0,0.0,0.0,0.0,0.0,0.0,0.0,0.0,0.0,0.5687856999999955,court
ABOVE_THRESHOLD_NOMINAL_mu0.6_F60_r0.40_y+0.000,ramp,0.046,0.06299999999999892,0.0,0.032695999553897424,0.5329999999999989,-0.8,0.0,-3.595782675445443e-15,0.8,-19.713493901275953,19.713493901275953,0.0,0.0,0.0,0.0,0.0,0.0,0.0,0.0,0.0,0.5687856999999955,court
ABOVE_THRESHOLD_NOMINAL_mu0.6_F60_r0.40_y+0.000,ramp,0.04625,0.06279999999999891,0.0,0.032695999553897424,0.5327999999999988,-0.8,0.0,-3.614924451732083e-15,0.8,-19.713493901275953,19.713493901275953,0.0,0.0,0.0,0.0,0.0,0.0,0.0,0.0,0.0,0.5687856999999955,court
ABOVE_THRESHOLD_NOMINAL_mu0.6_F60_r0.40_y+0.000,ramp,0.0465,0.0625999999999989,0.0,0.032695999553897424,0.5325999999999989,-0.8,0.0,-3.634066228018723e-15,0.8,-19.713493901275953,19.713493901275953,0.0,0.0,0.0,0.0,0.0,0.0,0.0,0.0,0.0,0.5687856999999955,court
ABOVE_THRESHOLD_NOMINAL_mu0.6_F60_r0.40_y+0.000,ramp,0.04675,0.06239999999999891,0.0,0.032695999553897424,0.5323999999999989,-0.8,0.0,-3.6532080043053634e-15,0.8,-19.713493901275953,19.713493901275953,0.0,0.0,0.0,0.0,0.0,0.0,0.0,0.0,0.0,0.5687856999999955,court
ABOVE_THRESHOLD_NOMINAL_mu0.6_F60_r0.40_y+0.000,ramp,0.047,0.06219999999999891,0.0,0.032695999553897424,0.5321999999999989,-0.8,0.0,-3.672349780592004e-15,0.8,-19.713493901275953,19.713493901275953,0.0,0.0,0.0,0.0,0.0,0.0,0.0,0.0,0.0,0.5687856999999955,court
ABOVE_THRESHOLD_NOMINAL_mu0.6_F60_r0.40_y+0.000,ramp,0.04725,0.06199999999999891,0.0,0.032695999553897424,0.5319999999999989,-0.8,0.0,-3.691491556878644e-15,0.8,-19.713493901275953,19.713493901275953,0.0,0.0,0.0,0.0,0.0,0.0,0.0,0.0,0.0,0.5687856999999955,court
ABOVE_THRESHOLD_NOMINAL_mu0.6_F60_r0.40_y+0.000,ramp,0.0475,0.06179999999999891,0.0,0.032695999553897424,0.5317999999999989,-0.8,0.0,-3.710633333165284e-15,0.8,-19.713493901275953,19.713493901275953,0.0,0.0,0.0,0.0,0.0,0.0,0.0,0.0,0.0,0.5687856999999955,court
ABOVE_THRESHOLD_NOMINAL_mu0.6_F60_r0.40_y+0.000,ramp,0.04775,0.06159999999999891,0.0,0.032695999553897424,0.5315999999999989,-0.8,0.0,-3.7297751094519244e-15,0.8,-19.713493901275953,19.713493901275953,0.0,0.0,0.0,0.0,0.0,0.0,0.0,0.0,0.0,0.5687856999999955,court
ABOVE_THRESHOLD_NOMINAL_mu0.6_F60_r0.40_y+0.000,ramp,0.048,0.061399999999998914,0.0,0.032695999553897424,0.5313999999999989,-0.8,0.0,-3.748916885738565e-15,0.8,-19.713493901275953,19.713493901275953,0.0,0.0,0.0,0.0,0.0,0.0,0.0,0.0,0.0,0.5687856999999955,court
ABOVE_THRESHOLD_NOMINAL_mu0.6_F60_r0.40_y+0.000,ramp,0.04825,0.061199999999998915,0.0,0.032695999553897424,0.5311999999999989,-0.8,0.0,-3.768058662025205e-15,0.8,-19.713493901275953,19.713493901275953,0.0,0.0,0.0,0.0,0.0,0.0,0.0,0.0,0.0,0.5687856999999955,court
ABOVE_THRESHOLD_NOMINAL_mu0.6_F60_r0.40_y+0.000,ramp,0.0485,0.060999999999998916,0.0,0.032695999553897424,0.5309999999999989,-0.8,0.0,-3.787200438311845e-15,0.8,-19.713493901275953,19.713493901275953,0.0,0.0,0.0,0.0,0.0,0.0,0.0,0.0,0.0,0.5687856999999955,court
ABOVE_THRESHOLD_NOMINAL_mu0.6_F60_r0.40_y+0.000,ramp,0.04875,0.06079999999999892,0.0,0.032695999553897424,0.5307999999999989,-0.8,0.0,-3.8063422145984854e-15,0.8,-19.713493901275953,19.713493901275953,0.0,0.0,0.0,0.0,0.0,0.0,0.0,0.0,0.0,0.5687856999999955,court
ABOVE_THRESHOLD_NOMINAL_mu0.6_F60_r0.40_y+0.000,ramp,0.049,0.06059999999999892,0.0,0.032695999553897424,0.5305999999999989,-0.8,0.0,-3.825483990885126e-15,0.8,-19.713493901275953,19.713493901275953,0.0,0.0,0.0,0.0,0.0,0.0,0.0,0.0,0.0,0.5687856999999955,court
ABOVE_THRESHOLD_NOMINAL_mu0.6_F60_r0.40_y+0.000,ramp,0.04925,0.06040003098749426,0.0,0.03269603574786741,0.5304000309874942,-0.7998760500186373,0.0,0.0001447758799598886,0.7998760631207018,-19.713493901275953,19.713493901275953,0.0,0.0,0.0,0.0,0.0,0.0,0.0,0.0,0.0,0.6098395367644022,court|ramp
ABOVE_THRESHOLD_NOMINAL_mu0.6_F60_r0.40_y+0.000,ramp,0.0495,0.06020016255919365,0.0,0.03269619201787417,0.5302001625591937,-0.7994737132024389,0.0,0.0006250800270518126,0.7994739575663086,-19.713493901275953,19.713493901275953,0.0,0.0,0.0,0.0,0.0,0.0,0.0,0.0,0.0,0.7043415307686234,court|ramp
ABOVE_THRESHOLD_NOMINAL_mu0.6_F60_r0.40_y+0.000,ramp,0.04975,0.060000482115619515,0.0,0.03269657814356463,0.5300004821156195,-0.7987217742965336,0.0,0.0015445027618219622,0.7987232676116203,-19.713493901275953,19.713493901275953,0.0,0.0,0.0,0.0,0.0,0.0,0.0,0.0,0.0,0.827088754791478,court|ramp
ABOVE_THRESHOLD_NOMINAL_mu0.6_F60_r0.40_y+0.000,ramp,0.05,0.05980108777837524,0.0,0.032697322543087534,0.5298010877783752,-0.7975773489770978,0.0,0.002977598091606139,0.7975829070960149,-19.713493901275953,19.713493901275953,0.0,0.0,0.0,0.0,0.0,0.0,0.0,0.0,0.0,0.9696228174627601,court|ramp
ABOVE_THRESHOLD_NOMINAL_mu0.6_F60_r0.40_y+0.000,ramp,0.05025,0.059602084010740894,0.0,0.03269856752913212,0.5296020840107408,-0.7960150705373878,0.0,0.004979944178322718,0.7960306478815133,-19.713493901275953,19.713493901275953,0.0,0.0,0.0,0.0,0.0,0.0,0.0,0.0,0.0,1.1264530020405337,court|ramp
ABOVE_THRESHOLD_NOMINAL_mu0.6_F60_r0.40_y+0.000,ramp,0.0505,0.05940357851830092,0.0,0.032700465529983715,0.5294035785183009,-0.7940219697598864,0.0,0.00759200340638159,0.7940582642206379,-19.713493901275953,19.713493901275953,0.0,0.0,0.0,0.0,0.0,0.0,0.0,0.0,0.0,1.2932646357951973,court|ramp
ABOVE_THRESHOLD_NOMINAL_mu0.6_F60_r0.40_y+0.000,ramp,0.05075,0.05920568001148263,0.0,0.03270317577614998,0.5292056800114826,-0.7915940272731579,0.0,0.01084098466505725,0.7916682581504989,-19.713493901275953,19.713493901275953,0.0,0.0,0.0,0.0,0.0,0.0,0.0,0.0,0.0,1.4663370420432418,court|ramp
ABOVE_THRESHOLD_NOMINAL_mu0.6_F60_r0.40_y+0.000,ramp,0.051000000000000004,0.05900849668750828,0.0,0.03270686124788086,0.5290084966875083,-0.7887332958974134,0.0,0.01474188692351876,0.7888710511149858,-19.713493901275953,19.713493901275953,0.0,0.0,0.0,0.0,0.0,0.0,0.0,0.0,0.0,1.6423016131605617,court|ramp
ABOVE_THRESHOLD_NOMINAL_mu0.6_F60_r0.40_y+0.000,ramp,0.051250000000000004,0.05881213535486553,0.0,0.03271168579458954,0.5288121353548655,-0.7854453305710236,0.0,0.019298186834704426,0.7856823705104574,-19.713493901275953,19.713493901275953,0.0,0.0,0.0,0.0,0.0,0.0,0.0,0.0,0.0,1.8180331816621502,court|ramp
ABOVE_THRESHOLD_NOMINAL_mu0.6_F60_r0.40_y+0.000,ramp,0.051500000000000004,0.05861670108745903,0.0,0.0327178113921498,0.528616701087459,-0.7817370696259741,0.0,0.024502390241036686,0.7821209709213334,-19.713493901275953,19.713493901275953,0.0,0.0,0.0,0.0,0.0,0.0,0.0,0.0,0.0,1.990604335325278,court|ramp
ABOVE_THRESHOLD_NOMINAL_mu0.6_F60_r0.40_y+0.000,ramp,0.051750000000000004,0.058422297213043366,0.0,0.03272539553371536,0.5284222972130433,-0.7776154976626686,0.0,0.03033656626225626,0.7782070222362067,-19.713493901275953,19.713493901275953,0.0,0.0,0.0,0.0,0.0,0.0,0.0,0.0,0.0,2.157273298874596,court|ramp
ABOVE_THRESHOLD_NOMINAL_mu0.6_F60_r0.40_y+0.000,ramp,0.052000000000000005,0.05822902536920415,0.0,0.03273458876726239,0.5282290253692041,-0.7730873753568536,0.0,0.036772934188099377,0.7739614581004346,-19.713493901275953,19.713493901275953,0.0,0.0,0.0,0.0,0.0,0.0,0.0,0.0,0.0,2.3154913053913377,court|ramp
ABOVE_THRESHOLD_NOMINAL_mu0.6_F60_r0.40_y+0.000,ramp,0.05225,0.05803698535380514,0.0,0.032745532404188815,0.5280369853538052,-0.7681600615960504,0.0,0.04377454770570984,0.7694063239005041,-19.713493901275953,19.713493901275953,0.0,0.0,0.0,0.0,0.0,0.0,0.0,0.0,0.0,2.462921997607912,court|ramp
ABOVE_THRESHOLD_NOMINAL_mu0.6_F60_r0.40_y+0.000,ramp,0.0525,0.05784627457740401,0.0,0.03275835643071856,0.527846274577404,-0.7628431056045208,0.0,0.051296106118993635,0.7645658207579784,-19.713493901275953,19.713493901275953,0.0,0.0,0.0,0.0,0.0,0.0,0.0,0.0,0.0,2.597468546462329,court|ramp
ABOVE_THRESHOLD_NOMINAL_mu0.6_F60_r0.40_y+0.000,ramp,0.05275,0.05765698706657643,0.0,0.03277317765892005,0.5276569870665764,-0.7571500433103167,0.0,0.05928491280597466,0.7594675035649823,-19.713493901275953,19.713493901275953,0.0,0.0,0.0,0.0,0.0,0.0,0.0,0.0,0.0,2.7173057642095637,court|ramp
ABOVE_THRESHOLD_NOMINAL_mu0.6_F60_r0.40_y+0.000,ramp,0.053,0.05746921210955624,0.0,0.03279009815764311,0.5274692121095562,-0.7510998280807697,0.0,0.06768199489224053,0.7541430926392916,-19.713493901275953,19.713493901275953,0.0,0.0,0.0,0.0,0.0,0.0,0.0,0.0,0.0,2.8209153965632154,court|ramp
ABOVE_THRESHOLD_NOMINAL_mu0.6_F60_r0.40_y+0.000,ramp,0.05325,0.0572830327221208,0.0,0.03280920400629495,0.5272830327221207,-0.7447175497417522,0.0,0.07642339460737393,0.7486285889122012,-19.713493901275953,19.713493901275953,0.0,0.0,0.0,0.0,0.0,0.0,0.0,0.0,0.0,2.9071235342975603,court|ramp
ABOVE_THRESHOLD_NOMINAL_mu0.6_F60_r0.40_y+0.000,ramp,0.0535,0.05709852411975131,0.0,0.03283056441712112,0.5270985241197513,-0.7380344094779623,0.0,0.08544164330466904,0.7429637030057975,-19.713493901275953,19.713493901275953,0.0,0.0,0.0,0.0,0.0,0.0,0.0,0.0,0.0,2.975140112070641,court|ramp
ABOVE_THRESHOLD_NOMINAL_mu0.6_F60_r0.40_y+0.000,ramp,0.05375,0.05691575232875117,0.0,0.03285423127635261,0.5269157523287511,-0.7310871640005654,0.0,0.09466743692596108,0.7371908606192297,-19.713493901275953,19.713493901275953,0.0,0.0,0.0,0.0,0.0,0.0,0.0,0.0,0.0,3.0246022357742697,court|ramp
ABOVE_THRESHOLD_NOMINAL_mu0.6_F60_r0.40_y+0.000,ramp,0.054,0.05673477299028367,0.0,0.0328802391648138,0.5267347729902836,-0.7239173538700153,0.0,0.10403155384475121,0.731354154585532,-19.713493901275953,19.713493901275953,0.0,0.0,0.0,0.0,0.0,0.0,0.0,0.0,0.0,3.0556264785052143,court|ramp
ABOVE_THRESHOLD_NOMINAL_mu0.6_F60_r0.40_y+0.000,ramp,0.05425,0.05655563033632972,0.0,0.032908605942230315,0.5265556303363297,-0.7165706158158073,0.0,0.11346710966604855,0.7254986095276905,-19.713493901275953,19.713493901275953,0.0,0.0,0.0,0.0,0.0,0.0,0.0,0.0,0.0,3.068882642664972,court|ramp
ABOVE_THRESHOLD_NOMINAL_mu0.6_F60_r0.40_y+0.000,ramp,0.0545,0.05637835625178007,0.0,0.03293933403687177,0.5263783562517801,-0.7090963381985922,0.0,0.12291237856580696,0.7196701116840664,-19.713493901275953,19.713493901275953,0.0,0.0,0.0,0.0,0.0,0.0,0.0,0.0,0.0,3.0657203886579922,court|ramp
ABOVE_THRESHOLD_NOMINAL_mu0.6_F60_r0.40_y+0.000,ramp,0.05475,0.056202969254595204,0.0,0.032972412739601546,0.5262029692545952,-0.7015479887394471,0.0,0.13231481091910594,0.7139165145119716,-19.713493901275953,19.713493901275953,0.0,0.0,0.0,0.0,0.0,0.0,0.0,0.0,0.0,3.048441646938491,court|ramp
ABOVE_THRESHOLD_NOMINAL_mu0.6_F60_r0.40_y+0.000,ramp,0.055,0.056029472989992786,0.0,0.03300782237755513,0.5260294729899928,-0.6939850584096805,0.0,0.1416385518143333,0.7082914235369148,-19.713493901275953,19.713493901275953,0.0,0.0,0.0,0.0,0.0,0.0,0.0,0.0,0.0,3.0211074033513334,court|ramp
ABOVE_THRESHOLD_NOMINAL_mu0.6_F60_r0.40_y+0.000,ramp,0.05525,0.05585785159623033,0.0,0.03304554683398898,0.5258578515962303,-0.686485575049825,0.0,0.1508978257353677,0.7028745254760271,-19.713493901275953,19.713493901275953,0.0,0.0,0.0,0.0,0.0,0.0,0.0,0.0,0.0,2.995532725431987,ramp
ABOVE_THRESHOLD_NOMINAL_mu0.6_F60_r0.40_y+0.000,ramp,0.0555,0.05568807190082631,0.0,0.033085569276444945,0.5256880719008263,-0.6791187816160797,0.0,0.16008976982386286,0.6977327955212984,-19.713493901275953,19.713493901275953,0.0,0.0,0.0,0.0,0.0,0.0,0.0,0.0,0.0,2.967949696801513,ramp
ABOVE_THRESHOLD_NOMINAL_mu0.6_F60_r0.40_y+0.000,ramp,0.05575,0.05552009061041358,0.0,0.03312785572723215,0.5255200906104136,-0.6719251616508995,0.0,0.169145803148818,0.6928879603387882,-19.713493901275953,19.713493901275953,0.0,0.0,0.0,0.0,0.0,0.0,0.0,0.0,0.0,2.9233081837840733,ramp
ABOVE_THRESHOLD_NOMINAL_mu0.6_F60_r0.40_y+0.000,ramp,0.056,0.05535385494965191,0.0,0.03317235549380665,0.5253538549496519,-0.6649426430467104,0.0,0.17799906629800133,0.6883548402858115,-19.713493901275953,19.713493901275953,0.0,0.0,0.0,0.0,0.0,0.0,0.0,0.0,0.0,2.862209046181234,ramp
ABOVE_THRESHOLD_NOMINAL_mu0.6_F60_r0.40_y+0.000,ramp,0.05625,0.05518930338865405,0.0,0.033219001785239816,0.525189303388654,-0.6582062439914195,0.0,0.18658516573267175,0.6841414208340119,-19.713493901275953,19.713493901275953,0.0,0.0,0.0,0.0,0.0,0.0,0.0,0.0,0.0,2.7854268074915733,ramp
ABOVE_THRESHOLD_NOMINAL_mu0.6_F60_r0.40_y+0.000,ramp,0.0565,0.05502636644697695,0.0,0.03326771250456661,0.525026366446977,-0.6517477667083879,0.0,0.19484287730716357,0.6802491442454783,-19.713493901275953,19.713493901275953,0.0,0.0,0.0,0.0,0.0,0.0,0.0,0.0,0.0,2.6938971131865928,ramp
ABOVE_THRESHOLD_NOMINAL_mu0.6_F60_r0.40_y+0.000,ramp,0.05675,0.05486496756172927,0.0,0.03331839120463461,0.5248649675617293,-0.6455955409907251,0.0,0.20271480027201608,0.6766734018686049,-19.713493901275953,19.713493901275953,0.0,0.0,0.0,0.0,0.0,0.0,0.0,0.0,0.0,2.5887024230103286,ramp
ABOVE_THRESHOLD_NOMINAL_mu0.6_F60_r0.40_y+0.000,ramp,0.057,0.05470502400710564,0.0,0.03337092819325493,0.5247050240071056,-0.6397742184945182,0.0,0.21014795448126894,0.6734041976576424,-19.713493901275953,19.713493901275953,0.0,0.0,0.0,0.0,0.0,0.0,0.0,0.0,0.0,2.471056296859477,ramp
ABOVE_THRESHOLD_NOMINAL_mu0.6_F60_r0.40_y+0.000,ramp,0.05725,0.054546447852674186,0.0,0.03342520177203106,0.5245464478526741,-0.6343046177258264,0.0,0.21709431510452376,0.6704269458479492,-19.713493901275953,19.713493901275953,0.0,0.0,0.0,0.0,0.0,0.0,0.0,0.0,0.0,2.3422866662205553,ramp
ABOVE_THRESHOLD_NOMINAL_mu0.6_F60_r0.40_y+0.000,ramp,0.0575,0.0543891469480128,0.0,0.03348107959225015,0.5243891469480128,-0.6292036186455556,0.0,0.2235112808763698,0.6677233606784004,-19.713493901275953,19.713493901275953,0.0,0.0,0.0,0.0,0.0,0.0,0.0,0.0,0.0,2.20381850979168,ramp
ABOVE_THRESHOLD_NOMINAL_mu0.6_F60_r0.40_y+0.000,ramp,0.05775,0.05423302592180496,0.0,0.03353842011069569,0.524233025921805,-0.6244841048313541,0.0,0.22936207378217138,0.6652723938934155,-19.713493901275953,19.713493901275953,0.0,0.0,0.0,0.0,0.0,0.0,0.0,0.0,0.0,2.0571563750466355,ramp
ABOVE_THRESHOLD_NOMINAL_mu0.6_F60_r0.40_y+0.000,ramp,0.058,0.05407798718426138,0.0,0.03359707412821478,0.5240779871842614,-0.6201549501743521,0.0,0.23461607007636712,0.663051176428963,-19.713493901275953,19.713493901275953,0.0,0.0,0.0,0.0,0.0,0.0,0.0,0.0,0.0,1.9038672105943857,ramp
ABOVE_THRESHOLD_NOMINAL_mu0.6_F60_r0.40_y+0.000,ramp,0.05825,0.053923931922727146,0.0,0.03365688639438373,0.5239239319227271,-0.6162210461369216,0.0,0.23924906467581117,0.6610359238727745,-19.713493901275953,19.713493901275953,0.0,0.0,0.0,0.0,0.0,0.0,0.0,0.0,0.0,1.7455640025915962,ramp
ABOVE_THRESHOLD_NOMINAL_mu0.6_F60_r0.40_y+0.000,ramp,0.0585,0.05377076108157098,0.0,0.03371769726271366,0.523770761081571,-0.6126833646246731,0.0,0.2432434733197104,0.659202770473886,-19.713493901275953,19.713493901275953,0.0,0.0,0.0,0.0,0.0,0.0,0.0,0.0,0.0,1.5838907504798128,ramp
ABOVE_THRESHOLD_NOMINAL_mu0.6_F60_r0.40_y+0.000,ramp,0.058750000000000004,0.05361837631895234,0.0,0.03377934438260099,0.5236183763189524,-0.6095390504745649,0.0,0.24658847954930452,0.6575285030322807,-19.713493901275953,19.713493901275953,0.0,0.0,0.0,0.0,0.0,0.0,0.0,0.0,0.0,1.420509386283905,ramp
ABOVE_THRESHOLD_NOMINAL_mu0.6_F60_r0.40_y+0.000,ramp,0.059000000000000004,0.05346668093486951,0.0,0.033841664416785856,0.5234666809348695,-0.6067815363313244,0.0,0.24928013673947097,0.6559911732679424,-19.713493901275953,19.713493901275953,0.0,0.0,0.0,0.0,0.0,0.0,0.0,0.0,0.0,1.2570893599928443,ramp
ABOVE_THRESHOLD_NOMINAL_mu0.6_F60_r0.40_y+0.000,ramp,0.059250000000000004,0.05331558076709417,0.0,0.03390449477665663,0.5233155807670942,-0.6044006711013857,0.0,0.25132143948308805,0.6545705746301593,-19.713493901275953,19.713493901275953,0.0,0.0,0.0,0.0,0.0,0.0,0.0,0.0,0.0,1.0953008205841246,ramp
ABOVE_THRESHOLD_NOMINAL_mu0.6_F60_r0.40_y+0.000,ramp,0.059500000000000004,0.053164985054363526,0.0,0.03396767537272424,0.5231649850543635,-0.6023828509225669,0.0,0.25272238427044763,0.6532485764216707,-19.713493901275953,19.713493901275953,0.0,0.0,0.0,0.0,0.0,0.0,0.0,0.0,0.0,0.9368126914356989,ramp
ABOVE_THRESHOLD_NOMINAL_mu0.6_F60_r0.40_y+0.000,ramp,0.059750000000000004,0.05301480726984426,0.0,0.03403105038470364,0.5230148072698443,-0.6007111380770668,0.0,0.2535000479175675,0.652009314123697,-19.713493901275953,19.713493901275953,0.0,0.0,0.0,0.0,0.0,0.0,0.0,0.0,0.0,0.7832976152728133,ramp
ABOVE_THRESHOLD_NOMINAL_mu0.6_F60_r0.40_y+0.000,ramp,0.06,0.052864965933013125,0.0,0.034094470066247426,0.5228649659330131,-0.5993653473245408,0.0,0.25367872617515547,0.6508392395110463,-19.713493901275953,19.713493901275953,0.0,0.0,0.0,0.0,0.0,0.0,0.0,0.0,0.0,0.6364470346140906,ramp
ABOVE_THRESHOLD_NOMINAL_mu0.6_F60_r0.40_y+0.000,ramp,0.06025,0.0527153854159626,0.0,0.03415779261624049,0.5227153854159625,-0.598322068202107,0.0,0.25329019997225166,0.6497270370698991,-19.713493901275953,19.713493901275953,0.0,0.0,0.0,0.0,0.0,0.0,0.0,0.0,0.0,0.4980022847337259,ramp
ABOVE_THRESHOLD_NOMINAL_mu0.6_F60_r0.40_y+0.000,ramp,0.0605,0.05256599677348174,0.0,0.034220886177732265,0.5225659967734817,-0.5975545699234321,0.0,0.25237424596710345,0.6486634135388261,-19.713493901275953,19.713493901275953,0.0,0.0,0.0,0.0,0.0,0.0,0.0,0.0,0.0,0.3698133017651296,ramp
ABOVE_THRESHOLD_NOMINAL_mu0.6_F60_r0.40_y+0.000,ramp,0.06075,0.05241673865185317,0.0,0.034283631081878485,0.5224167386518531,-0.5970324865142582,0.0,0.2509796165848826,0.6476407629963487,-19.713493901275953,19.713493901275953,0.0,0.0,0.0,0.0,0.0,0.0,0.0,0.0,0.0,0.2539505908229592,ramp
ABOVE_THRESHOLD_NOMINAL_mu0.6_F60_r0.40_y+0.000,ramp,0.061,0.052267558388744924,0.0,0.03434592258033669,0.522267558388745,-0.5967210524329837,0.0,0.24916599383282126,0.6466526941870924,-19.713493901275953,19.713493901275953,0.0,0.0,0.0,0.0,0.0,0.0,0.0,0.0,0.0,0.1529365453172228,ramp
ABOVE_THRESHOLD_NOMINAL_mu0.6_F60_r0.40_y+0.000,ramp,0.06125,0.052118413578883103,0.0,0.03440767466330854,0.5221184135788831,-0.596579239447283,0.0,0.24700833188740545,0.6456933521117414,-19.713493901275953,19.713493901275953,0.0,0.0,0.0,0.0,0.0,0.0,0.0,0.0,0.0,0.07031210806666634,ramp
ABOVE_THRESHOLD_NOMINAL_mu0.6_F60_r0.40_y+0.000,ramp,0.0615,0.05196927509429983,0.0,0.03446882710099091,0.5219692750942998,-0.5965539383331099,0.0,0.24460975072947552,0.6447561798794021,-19.713493901275953,19.713493901275953,0.0,0.0,0.0,0.0,0.0,0.0,0.0,0.0,0.0,0.012666521949655871,ramp
ABOVE_THRESHOLD_NOMINAL_mu0.6_F60_r0.40_y+0.000,ramp,0.06175,0.05182013660971655,0.0,0.03452936662304828,0.5218201366097165,-0.5965539383331099,0.0,0.24215808822947552,0.6438300560207626,-19.713493901275953,19.713493901275953,0.0,0.0,0.0,0.0,0.0,0.0,0.0,0.0,0.0,0.0,
ABOVE_THRESHOLD_NOMINAL_mu0.6_F60_r0.40_y+0.000,ramp,0.062,0.051670998125133275,0.0,0.03458929322948065,0.5216709981251333,-0.5965539383331099,0.0,0.2397064257294755,0.6429119472188586,-19.713493901275953,19.713493901275953,0.0,0.0,0.0,0.0,0.0,0.0,0.0,0.0,0.0,0.0,
ABOVE_THRESHOLD_NOMINAL_mu0.6_F60_r0.40_y+0.000,ramp,0.06225,0.05152185964055,0.0,0.03464860692028802,0.52152185964055,-0.5965539383331099,0.0,0.2372547632294755,0.6420018878600111,-19.713493901275953,19.713493901275953,0.0,0.0,0.0,0.0,0.0,0.0,0.0,0.0,0.0,0.0,
ABOVE_THRESHOLD_NOMINAL_mu0.6_F60_r0.40_y+0.000,ramp,0.0625,0.05137272115596672,0.0,0.03470730769547039,0.5213727211559667,-0.5965539383331099,0.0,0.2348031007294755,0.6410999122234536,-19.713493901275953,19.713493901275953,0.0,0.0,0.0,0.0,0.0,0.0,0.0,0.0,0.0,0.0,
ABOVE_THRESHOLD_NOMINAL_mu0.6_F60_r0.40_y+0.000,ramp,0.06275,0.051223582671383446,0.0,0.03476539555502776,0.5212235826713835,-0.5965539383331099,0.0,0.2323514382294755,0.6402060544762519,-19.713493901275953,19.713493901275953,0.0,0.0,0.0,0.0,0.0,0.0,0.0,0.0,0.0,0.0,
ABOVE_THRESHOLD_NOMINAL_mu0.6_F60_r0.40_y+0.000,ramp,0.063,0.05107444418680017,0.0,0.03482287049896013,0.5210744441868002,-0.5965539383331099,0.0,0.22989977572947548,0.6393203486681829,-19.713493901275953,19.713493901275953,0.0,0.0,0.0,0.0,0.0,0.0,0.0,0.0,0.0,0.0,
ABOVE_THRESHOLD_NOMINAL_mu0.6_F60_r0.40_y+0.000,ramp,0.06325,0.05092530570221689,0.0,0.0348797325272675,0.5209253057022168,-0.5965539383331099,0.0,0.22744811322947547,0.6384428287265761,-19.713493901275953,19.713493901275953,0.0,0.0,0.0,0.0,0.0,0.0,0.0,0.0,0.0,0.0,
ABOVE_THRESHOLD_NOMINAL_mu0.6_F60_r0.40_y+0.000,ramp,0.0635,0.050776167217633617,0.0,0.03493598163994987,0.5207761672176336,-0.5965539383331099,0.0,0.22499645072947547,0.6375735284511153,-19.713493901275953,19.713493901275953,0.0,0.0,0.0,0.0,0.0,0.0,0.0,0.0,0.0,0.0,
ABOVE_THRESHOLD_NOMINAL_mu0.6_F60_r0.40_y+0.000,ramp,0.06375,0.05062702873305034,0.0,0.03499161783700724,0.5206270287330503,-0.5965539383331099,0.0,0.22254478822947546,0.6367124815086052,-19.713493901275953,19.713493901275953,0.0,0.0,0.0,0.0,0.0,0.0,0.0,0.0,0.0,0.0,
ABOVE_THRESHOLD_NOMINAL_mu0.6_F60_r0.40_y+0.000,ramp,0.064,0.050477890248467064,0.0,0.03504664111843961,0.520477890248467,-0.5965539383331099,0.0,0.22009312572947545,0.6358597214277019,-19.713493901275953,19.713493901275953,0.0,0.0,0.0,0.0,0.0,0.0,0.0,0.0,0.0,0.0,
ABOVE_THRESHOLD_NOMINAL_mu0.6_F60_r0.40_y+0.000,ramp,0.06425,0.05032875176388379,0.0,0.03510105148424698,0.5203287517638837,-0.5965539383331099,0.0,0.21764146322947545,0.6350152815936093,-19.713493901275953,19.713493901275953,0.0,0.0,0.0,0.0,0.0,0.0,0.0,0.0,0.0,0.0,
ABOVE_THRESHOLD_NOMINAL_mu0.6_F60_r0.40_y+0.000,ramp,0.0645,0.05017961327930051,0.0,0.03515484893442935,0.5201796132793005,-0.5965539383331099,0.0,0.21518980072947544,0.6341791952427446,-19.713493901275953,19.713493901275953,0.0,0.0,0.0,0.0,0.0,0.0,0.0,0.0,0.0,0.0,
ABOVE_THRESHOLD_NOMINAL_mu0.6_F60_r0.40_y+0.000,ramp,0.06475,0.050030474794717235,0.0,0.03520803346898672,0.5200304747947172,-0.5965539383331099,0.0,0.21273813822947543,0.6333514954573702,-19.713493901275953,19.713493901275953,0.0,0.0,0.0,0.0,0.0,0.0,0.0,0.0,0.0,0.0,
ABOVE_THRESHOLD_NOMINAL_mu0.6_F60_r0.40_y+0.000,ramp,0.065,0.04988133631013396,0.0,0.03526060508791909,0.5198813363101339,-0.5965539383331099,0.0,0.21028647572947542,0.6325322151601981,-19.713493901275953,19.713493901275953,0.0,0.0,0.0,0.0,0.0,0.0,0.0,0.0,0.0,0.0,
ABOVE_THRESHOLD_NOMINAL_mu0.6_F60_r0.40_y+0.000,ramp,0.06525,0.04973219782555068,0.0,0.03531256379122646,0.5197321978255507,-0.5965539383331099,0.0,0.20783481322947542,0.631721387108965,-19.713493901275953,19.713493901275953,0.0,0.0,0.0,0.0,0.0,0.0,0.0,0.0,0.0,0.0,
ABOVE_THRESHOLD_NOMINAL_mu0.6_F60_r0.40_y+0.000,ramp,0.0655,0.049583059340967406,0.0,0.03536390957890883,0.5195830593409674,-0.5965539383331099,0.0,0.2053831507294754,0.6309190438909815,-19.713493901275953,19.713493901275953,0.0,0.0,0.0,0.0,0.0,0.0,0.0,0.0,0.0,0.0,
ABOVE_THRESHOLD_NOMINAL_mu0.6_F60_r0.40_y+0.000,ramp,0.06575,0.04943392085638413,0.0,0.0354146424509662,0.5194339208563841,-0.5965539383331099,0.0,0.2029314882294754,0.6301252179176561,-19.713493901275953,19.713493901275953,0.0,0.0,0.0,0.0,0.0,0.0,0.0,0.0,0.0,0.0,
ABOVE_THRESHOLD_NOMINAL_mu0.6_F60_r0.40_y+0.000,ramp,0.066,0.04928478237180085,0.0,0.03546476240739857,0.5192847823718009,-0.5965539383331099,0.0,0.2004798257294754,0.6293399414189955,-19.713493901275953,19.713493901275953,0.0,0.0,0.0,0.0,0.0,0.0,0.0,0.0,0.0,0.0,
ABOVE_THRESHOLD_NOMINAL_mu0.6_F60_r0.40_y+0.000,ramp,0.06625,0.04913564388721758,0.0,0.03551426944820594,0.5191356438872176,-0.5965539383331099,0.0,0.1980281632294754,0.628563246438084,-19.713493901275953,19.713493901275953,0.0,0.0,0.0,0.0,0.0,0.0,0.0,0.0,0.0,0.0,
ABOVE_THRESHOLD_NOMINAL_mu0.6_F60_r0.40_y+0.000,ramp,0.0665,0.0489865054026343,0.0,0.03556316357338831,0.5189865054026342,-0.5965539383331099,0.0,0.19557650072947538,0.6277951648255427,-19.713493901275953,19.713493901275953,0.0,0.0,0.0,0.0,0.0,0.0,0.0,0.0,0.0,0.0,
ABOVE_THRESHOLD_NOMINAL_mu0.6_F60_r0.40_y+0.000,ramp,0.06675,0.048837366918051024,0.0,0.03561144478294568,0.518837366918051,-0.5965539383331099,0.0,0.19312483822947538,0.6270357282339698,-19.713493901275953,19.713493901275953,0.0,0.0,0.0,0.0,0.0,0.0,0.0,0.0,0.0,0.0,
ABOVE_THRESHOLD_NOMINAL_mu0.6_F60_r0.40_y+0.000,ramp,0.067,0.04868822843346775,0.0,0.03565911307687805,0.5186882284334677,-0.5965539383331099,0.0,0.19067317572947537,0.6262849681123659,-19.713493901275953,19.713493901275953,0.0,0.0,0.0,0.0,0.0,0.0,0.0,0.0,0.0,0.0,
ABOVE_THRESHOLD_NOMINAL_mu0.6_F60_r0.40_y+0.000,ramp,0.06725,0.04853908994888447,0.0,0.03570616845518542,0.5185390899488844,-0.5965539383331099,0.0,0.18822151322947536,0.6255429157005437,-19.713493901275953,19.713493901275953,0.0,0.0,0.0,0.0,0.0,0.0,0.0,0.0,0.0,0.0,
ABOVE_THRESHOLD_NOMINAL_mu0.6_F60_r0.40_y+0.000,ramp,0.0675,0.048389951464301195,0.0,0.03575261091786779,0.5183899514643011,-0.5965539383331099,0.0,0.18576985072947536,0.6248096020235248,-19.713493901275953,19.713493901275953,0.0,0.0,0.0,0.0,0.0,0.0,0.0,0.0,0.0,0.0,
ABOVE_THRESHOLD_NOMINAL_mu0.6_F60_r0.40_y+0.000,ramp,0.06775,0.04824081297971792,0.0,0.03579844046492516,0.5182408129797179,-0.5965539383331099,0.0,0.18331818822947535,0.6240850578859273,-19.713493901275953,19.713493901275953,0.0,0.0,0.0,0.0,0.0,0.0,0.0,0.0,0.0,0.0,
ABOVE_THRESHOLD_NOMINAL_mu0.6_F60_r0.40_y+0.000,ramp,0.068,0.04809167449513464,0.0,0.03584365709635753,0.5180916744951346,-0.5965539383331099,0.0,0.18086652572947534,0.6233693138663426,-19.713493901275953,19.713493901275953,0.0,0.0,0.0,0.0,0.0,0.0,0.0,0.0,0.0,0.0,
ABOVE_THRESHOLD_NOMINAL_mu0.6_F60_r0.40_y+0.000,ramp,0.06825,0.047942536010551366,0.0,0.035888260812164896,0.5179425360105513,-0.5965539383331099,0.0,0.17841486322947533,0.6226624003117068,-19.713493901275953,19.713493901275953,0.0,0.0,0.0,0.0,0.0,0.0,0.0,0.0,0.0,0.0,
ABOVE_THRESHOLD_NOMINAL_mu0.6_F60_r0.40_y+0.000,ramp,0.0685,0.04779339752596809,0.0,0.03593225161234726,0.5177933975259681,-0.5965539383331099,0.0,0.17596320072947533,0.6219643473316662,-19.713493901275953,19.713493901275953,0.0,0.0,0.0,0.0,0.0,0.0,0.0,0.0,0.0,0.0,
ABOVE_THRESHOLD_NOMINAL_mu0.6_F60_r0.40_y+0.000,ramp,0.06875,0.047644259041384814,0.0,0.03597562949690463,0.5176442590413848,-0.5965539383331099,0.0,0.17351153822947532,0.6212751847929406,-19.713493901275953,19.713493901275953,0.0,0.0,0.0,0.0,0.0,0.0,0.0,0.0,0.0,0.0,
ABOVE_THRESHOLD_NOMINAL_mu0.6_F60_r0.40_y+0.000,ramp,0.069,0.04749512055680154,0.0,0.036018394465836996,0.5174951205568015,-0.5965539383331099,0.0,0.1710598757294753,0.6205949423136861,-19.713493901275953,19.713493901275953,0.0,0.0,0.0,0.0,0.0,0.0,0.0,0.0,0.0,0.0,
ABOVE_THRESHOLD_NOMINAL_mu0.6_F60_r0.40_y+0.000,ramp,0.06925,0.04734598207221826,0.0,0.036060546519144365,0.5173459820722183,-0.5965539383331099,0.0,0.1686082132294753,0.6199236492578583,-19.713493901275953,19.713493901275953,0.0,0.0,0.0,0.0,0.0,0.0,0.0,0.0,0.0,0.0,
ABOVE_THRESHOLD_NOMINAL_mu0.6_F60_r0.40_y+0.000,ramp,0.0695,0.047196843587634985,0.0,0.03610208565682673,0.517196843587635,-0.5965539383331099,0.0,0.1661565507294753,0.6192613347295797,-19.713493901275953,19.713493901275953,0.0,0.0,0.0,0.0,0.0,0.0,0.0,0.0,0.0,0.0,
ABOVE_THRESHOLD_NOMINAL_mu0.6_F60_r0.40_y+0.000,ramp,0.06975,0.04704770510305171,0.0,0.0361430118788841,0.5170477051030516,-0.5965539383331099,0.0,0.1637048882294753,0.6186080275675129,-19.713493901275953,19.713493901275953,0.0,0.0,0.0,0.0,0.0,0.0,0.0,0.0,0.0,0.0,
ABOVE_THRESHOLD_NOMINAL_mu0.6_F60_r0.40_y+0.000,ramp,0.07,0.04689856661846843,0.0,0.036183325185316466,0.5168985666184684,-0.5965539383331099,0.0,0.16125322572947529,0.6179637563392412,-19.713493901275953,19.713493901275953,0.0,0.0,0.0,0.0,0.0,0.0,0.0,0.0,0.0,0.0,
ABOVE_THRESHOLD_NOMINAL_mu0.6_F60_r0.40_y+0.000,ramp,0.07025,0.046749428133885156,0.0,0.036223025576123835,0.5167494281338851,-0.5965539383331099,0.0,0.15880156322947528,0.6173285493356587,-19.713493901275953,19.713493901275953,0.0,0.0,0.0,0.0,0.0,0.0,0.0,0.0,0.0,0.0,
ABOVE_THRESHOLD_NOMINAL_mu0.6_F60_r0.40_y+0.000,ramp,0.07050000000000001,0.04660028964930188,0.0,0.0362621130513062,0.5166002896493018,-0.5965539383331099,0.0,0.15634990072947527,0.616702434565375,-19.713493901275953,19.713493901275953,0.0,0.0,0.0,0.0,0.0,0.0,0.0,0.0,0.0,0.0,
ABOVE_THRESHOLD_NOMINAL_mu0.6_F60_r0.40_y+0.000,ramp,0.07075000000000001,0.0464511511647186,0.0,0.03630058761086357,0.5164511511647186,-0.5965539383331099,0.0,0.15389823822947526,0.616085439749131,-19.713493901275953,19.713493901275953,0.0,0.0,0.0,0.0,0.0,0.0,0.0,0.0,0.0,0.0,
ABOVE_THRESHOLD_NOMINAL_mu0.6_F60_r0.40_y+0.000,ramp,0.07100000000000001,0.04630201268013533,0.0,0.036338449254795936,0.5163020126801353,-0.5965539383331099,0.0,0.15144657572947526,0.6154775923142348,-19.713493901275953,19.713493901275953,0.0,0.0,0.0,0.0,0.0,0.0,0.0,0.0,0.0,0.0,
ABOVE_THRESHOLD_NOMINAL_mu0.6_F60_r0.40_y+0.000,ramp,0.07125000000000001,0.04615287419555205,0.0,0.036375697983103306,0.516152874195552,-0.5965539383331099,0.0,0.14899491322947525,0.6148789193890148,-19.713493901275953,19.713493901275953,0.0,0.0,0.0,0.0,0.0,0.0,0.0,0.0,0.0,0.0,
ABOVE_THRESHOLD_NOMINAL_mu0.6_F60_r0.40_y+0.000,ramp,0.07150000000000001,0.046003735710968774,0.0,0.03641233379578567,0.5160037357109688,-0.5965539383331099,0.0,0.14654325072947524,0.614289447797295,-19.713493901275953,19.713493901275953,0.0,0.0,0.0,0.0,0.0,0.0,0.0,0.0,0.0,0.0,
ABOVE_THRESHOLD_NOMINAL_mu0.6_F60_r0.40_y+0.000,ramp,0.07175000000000001,0.0458545972263855,0.0,0.03644835669284304,0.5158545972263855,-0.5965539383331099,0.0,0.14409158822947524,0.6137092040528939,-19.713493901275953,19.713493901275953,0.0,0.0,0.0,0.0,0.0,0.0,0.0,0.0,0.0,0.0,
ABOVE_THRESHOLD_NOMINAL_mu0.6_F60_r0.40_y+0.000,ramp,0.07200000000000001,0.04570545874180222,0.0,0.03648376667427541,0.5157054587418022,-0.5965539383331099,0.0,0.14163992572947523,0.6131382143541496,-19.713493901275953,19.713493901275953,0.0,0.0,0.0,0.0,0.0,0.0,0.0,0.0,0.0,0.0,
ABOVE_THRESHOLD_NOMINAL_mu0.6_F60_r0.40_y+0.000,ramp,0.07225,0.045556320257218945,0.0,0.03651856374008278,0.5155563202572189,-0.5965539383331099,0.0,0.13918826322947522,0.6125765045784742,-19.713493901275953,19.713493901275953,0.0,0.0,0.0,0.0,0.0,0.0,0.0,0.0,0.0,0.0,
ABOVE_THRESHOLD_NOMINAL_mu0.6_F60_r0.40_y+0.000,ramp,0.0725,0.04540718177263567,0.0,0.03655274789026514,0.5154071817726357,-0.5965539383331099,0.0,0.13673660072947522,0.6120241002769382,-19.713493901275953,19.713493901275953,0.0,0.0,0.0,0.0,0.0,0.0,0.0,0.0,0.0,0.0,
ABOVE_THRESHOLD_NOMINAL_mu0.6_F60_r0.40_y+0.000,ramp,0.07275,0.04525804328805239,0.0,0.03658631912482251,0.5152580432880524,-0.5965539383331099,0.0,0.1342849382294752,0.6114810266688884,-19.713493901275953,19.713493901275953,0.0,0.0,0.0,0.0,0.0,0.0,0.0,0.0,0.0,0.0,
ABOVE_THRESHOLD_NOMINAL_mu0.6_F60_r0.40_y+0.000,ramp,0.073,0.045108904803469116,0.0,0.03661927744375488,0.515108904803469,-0.5965539383331099,0.0,0.1318332757294752,0.6109473086366022,-19.713493901275953,19.713493901275953,0.0,0.0,0.0,0.0,0.0,0.0,0.0,0.0,0.0,0.0,
ABOVE_THRESHOLD_NOMINAL_mu0.6_F60_r0.40_y+0.000,ramp,0.07325,0.04495976631888584,0.0,0.03665162284706225,0.5149597663188858,-0.5965539383331099,0.0,0.1293816132294752,0.6104229707199799,-19.713493901275953,19.713493901275953,0.0,0.0,0.0,0.0,0.0,0.0,0.0,0.0,0.0,0.0,
ABOVE_THRESHOLD_NOMINAL_mu0.6_F60_r0.40_y+0.000,ramp,0.0735,0.04481062783430256,0.0,0.036683355334744615,0.5148106278343025,-0.5965539383331099,0.0,0.1269299507294752,0.609908037111277,-19.713493901275953,19.713493901275953,0.0,0.0,0.0,0.0,0.0,0.0,0.0,0.0,0.0,0.0,
ABOVE_THRESHOLD_NOMINAL_mu0.6_F60_r0.40_y+0.000,ramp,0.07375,0.04466148934971929,0.0,0.036714474906801985,0.5146614893497192,-0.5965539383331099,0.0,0.12447828822947518,0.6094025316498809,-19.713493901275953,19.713493901275953,0.0,0.0,0.0,0.0,0.0,0.0,0.0,0.0,0.0,0.0,
ABOVE_THRESHOLD_NOMINAL_mu0.6_F60_r0.40_y+0.000,ramp,0.074,0.04451235086513601,0.0,0.03674498156323435,0.514512350865136,-0.5965539383331099,0.0,0.12202662572947517,0.6089064778171318,-19.713493901275953,19.713493901275953,0.0,0.0,0.0,0.0,0.0,0.0,0.0,0.0,0.0,0.0,
ABOVE_THRESHOLD_NOMINAL_mu0.6_F60_r0.40_y+0.000,ramp,0.07425,0.044363212380552734,0.0,0.03677487530404172,0.5143632123805527,-0.5965539383331099,0.0,0.11957496322947517,0.6084198987311922,-19.713493901275953,19.713493901275953,0.0,0.0,0.0,0.0,0.0,0.0,0.0,0.0,0.0,0.0,
ABOVE_THRESHOLD_NOMINAL_mu0.6_F60_r0.40_y+0.000,ramp,0.0745,0.04421407389596946,0.0,0.03680415612922409,0.5142140738959694,-0.5965539383331099,0.0,0.11712330072947516,0.6079428171419669,-19.713493901275953,19.713493901275953,0.0,0.0,0.0,0.0,0.0,0.0,0.0,0.0,0.0,0.0,
ABOVE_THRESHOLD_NOMINAL_mu0.6_F60_r0.40_y+0.000,ramp,0.07475,0.04406493541138618,0.0,0.03683282403878146,0.5140649354113862,-0.5965539383331099,0.0,0.11467163822947515,0.6074752554260753,-19.713493901275953,19.713493901275953,0.0,0.0,0.0,0.0,0.0,0.0,0.0,0.0,0.0,0.0,
ABOVE_THRESHOLD_NOMINAL_mu0.6_F60_r0.40_y+0.000,ramp,0.075,0.043915796926802905,0.0,0.036860879032713824,0.5139157969268029,-0.5965539383331099,0.0,0.11221997572947515,0.6070172355818801,-19.713493901275953,19.713493901275953,0.0,0.0,0.0,0.0,0.0,0.0,0.0,0.0,0.0,0.0,
ABOVE_THRESHOLD_NOMINAL_mu0.6_F60_r0.40_y+0.000,ramp,0.07525,0.04376665844221963,0.0,0.036888321111021194,0.5137666584422196,-0.5965539383331099,0.0,0.10976831322947514,0.6065687792245723,-19.713493901275953,19.713493901275953,0.0,0.0,0.0,0.0,0.0,0.0,0.0,0.0,0.0,0.0,
ABOVE_THRESHOLD_NOMINAL_mu0.6_F60_r0.40_y+0.000,ramp,0.0755,0.04361751995763635,0.0,0.03691515027370356,0.5136175199576363,-0.5965539383331099,0.0,0.10731665072947513,0.6061299075813171,-19.713493901275953,19.713493901275953,0.0,0.0,0.0,0.0,0.0,0.0,0.0,0.0,0.0,0.0,
ABOVE_THRESHOLD_NOMINAL_mu0.6_F60_r0.40_y+0.000,ramp,0.07575,0.043468381473053076,0.0,0.03694136652076093,0.5134683814730531,-0.5965539383331099,0.0,0.10486498822947513,0.6057006414864622,-19.713493901275953,19.713493901275953,0.0,0.0,0.0,0.0,0.0,0.0,0.0,0.0,0.0,0.0,
ABOVE_THRESHOLD_NOMINAL_mu0.6_F60_r0.40_y+0.000,ramp,0.076,0.0433192429884698,0.0,0.0369669698521933,0.5133192429884698,-0.5965539383331099,0.0,0.10241332572947512,0.6052810013768113,-19.713493901275953,19.713493901275953,0.0,0.0,0.0,0.0,0.0,0.0,0.0,0.0,0.0,0.0,
ABOVE_THRESHOLD_NOMINAL_mu0.6_F60_r0.40_y+0.000,ramp,0.07625,0.043170104503886524,0.0,0.03699196026800067,0.5131701045038864,-0.5965539383331099,0.0,0.09996166322947511,0.6048710072869643,-19.713493901275953,19.713493901275953,0.0,0.0,0.0,0.0,0.0,0.0,0.0,0.0,0.0,0.0,
ABOVE_THRESHOLD_NOMINAL_mu0.6_F60_r0.40_y+0.000,ramp,0.0765,0.04302096601930325,0.0,0.037016337768183034,0.5130209660193032,-0.5965539383331099,0.0,0.0975100007294751,0.6044706788447278,-19.713493901275953,19.713493901275953,0.0,0.0,0.0,0.0,0.0,0.0,0.0,0.0,0.0,0.0,
ABOVE_THRESHOLD_NOMINAL_mu0.6_F60_r0.40_y+0.000,ramp,0.07675,0.04287182753471997,0.0,0.037040102352740405,0.5128718275347199,-0.5965539383331099,0.0,0.0950583382294751,0.604080035266597,-19.713493901275953,19.713493901275953,0.0,0.0,0.0,0.0,0.0,0.0,0.0,0.0,0.0,0.0,
ABOVE_THRESHOLD_NOMINAL_mu0.6_F60_r0.40_y+0.000,ramp,0.077,0.042722689050136695,0.0,0.03706325402167277,0.5127226890501366,-0.5965539383331099,0.0,0.09260667572947509,0.6036990953533126,-19.713493901275953,19.713493901275953,0.0,0.0,0.0,0.0,0.0,0.0,0.0,0.0,0.0,0.0,
ABOVE_THRESHOLD_NOMINAL_mu0.6_F60_r0.40_y+0.000,ramp,0.07725,0.04257355056555342,0.0,0.03708579277498014,0.5125735505655534,-0.5965539383331099,0.0,0.09015501322947508,0.6033278774854935,-19.713493901275953,19.713493901275953,0.0,0.0,0.0,0.0,0.0,0.0,0.0,0.0,0.0,0.0,
ABOVE_THRESHOLD_NOMINAL_mu0.6_F60_r0.40_y+0.000,ramp,0.0775,0.04242441208097014,0.0,0.03710771861266251,0.5124244120809701,-0.5965539383331099,0.0,0.08770335072947508,0.6029663996193496,-19.713493901275953,19.713493901275953,0.0,0.0,0.0,0.0,0.0,0.0,0.0,0.0,0.0,0.0,
ABOVE_THRESHOLD_NOMINAL_mu0.6_F60_r0.40_y+0.000,ramp,0.07775,0.042275273596386866,0.0,0.03712903153471988,0.5122752735963868,-0.5965539383331099,0.0,0.08525168822947507,0.6026146792824744,-19.713493901275953,19.713493901275953,0.0,0.0,0.0,0.0,0.0,0.0,0.0,0.0,0.0,0.0,
ABOVE_THRESHOLD_NOMINAL_mu0.6_F60_r0.40_y+0.000,ramp,0.078,0.04212613511180359,0.0,0.037149731541152246,0.5121261351118036,-0.5965539383331099,0.0,0.08280002572947506,0.6022727335697222,-19.713493901275953,19.713493901275953,0.0,0.0,0.0,0.0,0.0,0.0,0.0,0.0,0.0,0.0,
ABOVE_THRESHOLD_NOMINAL_mu0.6_F60_r0.40_y+0.000,ramp,0.07825,0.04197699662722031,0.0,0.03716981863195962,0.5119769966272203,-0.5965539383331099,0.0,0.08034836322947506,0.6019405791391701,-19.713493901275953,19.713493901275953,0.0,0.0,0.0,0.0,0.0,0.0,0.0,0.0,0.0,0.0,
ABOVE_THRESHOLD_NOMINAL_mu0.6_F60_r0.40_y+0.000,ramp,0.0785,0.04182785814263704,0.0,0.037189292807141984,0.511827858142637,-0.5965539383331099,0.0,0.07789670072947505,0.601618232208168,-19.713493901275953,19.713493901275953,0.0,0.0,0.0,0.0,0.0,0.0,0.0,0.0,0.0,0.0,
ABOVE_THRESHOLD_NOMINAL_mu0.6_F60_r0.40_y+0.000,ramp,0.07875,0.04167871965805376,0.0,0.037208154066699355,0.5116787196580538,-0.5965539383331099,0.0,0.07544503822947504,0.6013057085494788,-19.713493901275953,19.713493901275953,0.0,0.0,0.0,0.0,0.0,0.0,0.0,0.0,0.0,0.0,
ABOVE_THRESHOLD_NOMINAL_mu0.6_F60_r0.40_y+0.000,ramp,0.079,0.041529581173470484,0.0,0.03722640241063172,0.5115295811734705,-0.5965539383331099,0.0,0.07299337572947504,0.6010030234875097,-19.713493901275953,19.713493901275953,0.0,0.0,0.0,0.0,0.0,0.0,0.0,0.0,0.0,0.0,
ABOVE_THRESHOLD_NOMINAL_mu0.6_F60_r0.40_y+0.000,ramp,0.07925,0.04138044268888721,0.0,0.03724403783893909,0.5113804426888872,-0.5965539383331099,0.0,0.07054171322947503,0.6007101918946385,-19.713493901275953,19.713493901275953,0.0,0.0,0.0,0.0,0.0,0.0,0.0,0.0,0.0,0.0,
ABOVE_THRESHOLD_NOMINAL_mu0.6_F60_r0.40_y+0.000,ramp,0.0795,0.04123130420430393,0.0,0.03726106035162146,0.511231304204304,-0.5965539383331099,0.0,0.06809005072947502,0.600427228187635,-19.713493901275953,19.713493901275953,0.0,0.0,0.0,0.0,0.0,0.0,0.0,0.0,0.0,0.0,
ABOVE_THRESHOLD_NOMINAL_mu0.6_F60_r0.40_y+0.000,ramp,0.07975,0.041082165719720655,0.0,0.03727746994867883,0.5110821657197206,-0.5965539383331099,0.0,0.06563838822947501,0.6001541463241815,-19.713493901275953,19.713493901275953,0.0,0.0,0.0,0.0,0.0,0.0,0.0,0.0,0.0,0.0,
ABOVE_THRESHOLD_NOMINAL_mu0.6_F60_r0.40_y+0.000,ramp,0.08,0.04093302723513738,0.0,0.0372932666301112,0.5109330272351373,-0.5965539383331099,0.0,0.06318672572947501,0.599890959799492,-19.713493901275953,19.713493901275953,0.0,0.0,0.0,0.0,0.0,0.0,0.0,0.0,0.0,0.0,
ABOVE_THRESHOLD_NOMINAL_mu0.6_F60_r0.40_y+0.000,ramp,0.08025,0.0407838887505541,0.0,0.03730845039591857,0.510783888750554,-0.5965539383331099,0.0,0.06073506322947501,0.5996376816430337,-19.713493901275953,19.713493901275953,0.0,0.0,0.0,0.0,0.0,0.0,0.0,0.0,0.0,0.0,
ABOVE_THRESHOLD_NOMINAL_mu0.6_F60_r0.40_y+0.000,ramp,0.0805,0.040634750265970826,0.0,0.037323021246100936,0.5106347502659708,-0.5965539383331099,0.0,0.05828340072947501,0.5993943244153521,-19.713493901275953,19.713493901275953,0.0,0.0,0.0,0.0,0.0,0.0,0.0,0.0,0.0,0.0,
ABOVE_THRESHOLD_NOMINAL_mu0.6_F60_r0.40_y+0.000,ramp,0.08075,0.04048561178138755,0.0,0.03733697918065831,0.5104856117813875,-0.5965539383331099,0.0,0.05583173822947501,0.599160900205002,-19.713493901275953,19.713493901275953,0.0,0.0,0.0,0.0,0.0,0.0,0.0,0.0,0.0,0.0,
ABOVE_THRESHOLD_NOMINAL_mu0.6_F60_r0.40_y+0.000,ramp,0.081,0.04033647329680427,0.0,0.037350324199590675,0.5103364732968042,-0.5965539383331099,0.0,0.05338007572947501,0.5989374206255845,-19.713493901275953,19.713493901275953,0.0,0.0,0.0,0.0,0.0,0.0,0.0,0.0,0.0,0.0,
ABOVE_THRESHOLD_NOMINAL_mu0.6_F60_r0.40_y+0.000,ramp,0.08125,0.040187334812221,0.0,0.037363056302898046,0.510187334812221,-0.5965539383331099,0.0,0.05092841322947501,0.5987238968128932,-19.713493901275953,19.713493901275953,0.0,0.0,0.0,0.0,0.0,0.0,0.0,0.0,0.0,0.0,
ABOVE_THRESHOLD_NOMINAL_mu0.6_F60_r0.40_y+0.000,ramp,0.0815,0.04003819632763772,0.0,0.03737517549058041,0.5100381963276377,-0.5965539383331099,0.0,0.04847675072947501,0.5985203394221716,-19.713493901275953,19.713493901275953,0.0,0.0,0.0,0.0,0.0,0.0,0.0,0.0,0.0,0.0,
ABOVE_THRESHOLD_NOMINAL_mu0.6_F60_r0.40_y+0.000,ramp,0.08175,0.039889057843054444,0.0,0.037386681762637784,0.5098890578430544,-0.5965539383331099,0.0,0.04602508822947501,0.5983267586254811,-19.713493901275953,19.713493901275953,0.0,0.0,0.0,0.0,0.0,0.0,0.0,0.0,0.0,0.0,
ABOVE_THRESHOLD_NOMINAL_mu0.6_F60_r0.40_y+0.000,ramp,0.082,0.03973991935847117,0.0,0.03739757511907015,0.5097399193584712,-0.5965539383331099,0.0,0.04357342572947501,0.5981431641091838,-19.713493901275953,19.713493901275953,0.0,0.0,0.0,0.0,0.0,0.0,0.0,0.0,0.0,0.0,
ABOVE_THRESHOLD_NOMINAL_mu0.6_F60_r0.40_y+0.000,ramp,0.08225,0.03959078087388789,0.0,0.03740785555987752,0.5095907808738879,-0.5965539383331099,0.0,0.04112176322947501,0.5979695650715384,-19.713493901275953,19.713493901275953,0.0,0.0,0.0,0.0,0.0,0.0,0.0,0.0,0.0,0.0,
ABOVE_THRESHOLD_NOMINAL_mu0.6_F60_r0.40_y+0.000,ramp,0.0825,0.039441642389304615,0.0,0.03741752308505989,0.5094416423893046,-0.5965539383331099,0.0,0.03867010072947501,0.5978059702204149,-19.713493901275953,19.713493901275953,0.0,0.0,0.0,0.0,0.0,0.0,0.0,0.0,0.0,0.0,
ABOVE_THRESHOLD_NOMINAL_mu0.6_F60_r0.40_y+0.000,ramp,0.08275,0.03929250390472134,0.0,0.03742657769461726,0.5092925039047214,-0.5965539383331099,0.0,0.03621843822947501,0.5976523877711242,-19.713493901275953,19.713493901275953,0.0,0.0,0.0,0.0,0.0,0.0,0.0,0.0,0.0,0.0,
ABOVE_THRESHOLD_NOMINAL_mu0.6_F60_r0.40_y+0.000,ramp,0.083,0.03914336542013806,0.0,0.03743501938854963,0.509143365420138,-0.5965539383331099,0.0,0.03376677572947501,0.5975088254443682,-19.713493901275953,19.713493901275953,0.0,0.0,0.0,0.0,0.0,0.0,0.0,0.0,0.0,0.0,
ABOVE_THRESHOLD_NOMINAL_mu0.6_F60_r0.40_y+0.000,ramp,0.08325,0.038994226935554786,0.0,0.037442848166857,0.5089942269355547,-0.5965539383331099,0.0,0.03131511322947501,0.5973752904643099,-19.713493901275953,19.713493901275953,0.0,0.0,0.0,0.0,0.0,0.0,0.0,0.0,0.0,0.0,
ABOVE_THRESHOLD_NOMINAL_mu0.6_F60_r0.40_y+0.000,ramp,0.0835,0.03884508845097151,0.0,0.03745006402953937,0.5088450884509714,-0.5965539383331099,0.0,0.028863450729475007,0.5972517895567636,-19.713493901275953,19.713493901275953,0.0,0.0,0.0,0.0,0.0,0.0,0.0,0.0,0.0,0.0,
ABOVE_THRESHOLD_NOMINAL_mu0.6_F60_r0.40_y+0.000,ramp,0.08375,0.038695949966388234,0.0,0.03745666697659674,0.5086959499663882,-0.5965539383331099,0.0,0.026411788229475007,0.5971383289475082,-19.713493901275953,19.713493901275953,0.0,0.0,0.0,0.0,0.0,0.0,0.0,0.0,0.0,0.0,
ABOVE_THRESHOLD_NOMINAL_mu0.6_F60_r0.40_y+0.000,ramp,0.084,0.03854681148180496,0.0,0.03746265700802911,0.5085468114818049,-0.5965539383331099,0.0,0.023960125729475007,0.5970349143607232,-19.713493901275953,19.713493901275953,0.0,0.0,0.0,0.0,0.0,0.0,0.0,0.0,0.0,0.0,
ABOVE_THRESHOLD_NOMINAL_mu0.6_F60_r0.40_y+0.000,ramp,0.08425,0.03839767299722168,0.0,0.03746803412383648,0.5083976729972216,-0.5965539383331099,0.0,0.021508463229475007,0.5969415510175494,-19.713493901275953,19.713493901275953,0.0,0.0,0.0,0.0,0.0,0.0,0.0,0.0,0.0,0.0,
ABOVE_THRESHOLD_NOMINAL_mu0.6_F60_r0.40_y+0.000,ramp,0.0845,0.038248534512638405,0.0,0.03747279832401885,0.5082485345126384,-0.5965539383331099,0.0,0.019056800729475007,0.5968582436347736,-19.713493901275953,19.713493901275953,0.0,0.0,0.0,0.0,0.0,0.0,0.0,0.0,0.0,0.0,
ABOVE_THRESHOLD_NOMINAL_mu0.6_F60_r0.40_y+0.000,ramp,0.08475,0.03809939602805513,0.0,0.03747694960857622,0.5080993960280551,-0.5965539383331099,0.0,0.016605138229475007,0.5967849964236398,-19.713493901275953,19.713493901275953,0.0,0.0,0.0,0.0,0.0,0.0,0.0,0.0,0.0,0.0,
ABOVE_THRESHOLD_NOMINAL_mu0.6_F60_r0.40_y+0.000,ramp,0.085,0.03795025754347185,0.0,0.03748048797750859,0.5079502575434718,-0.5965539383331099,0.0,0.014153475729475007,0.5967218130887865,-19.713493901275953,19.713493901275953,0.0,0.0,0.0,0.0,0.0,0.0,0.0,0.0,0.0,0.0,
ABOVE_THRESHOLD_NOMINAL_mu0.6_F60_r0.40_y+0.000,ramp,0.08525,0.037801119058888576,0.0,0.03748341343081596,0.5078011190588886,-0.5965539383331099,0.0,0.011701813229475007,0.5966686968273108,-19.713493901275953,19.713493901275953,0.0,0.0,0.0,0.0,0.0,0.0,0.0,0.0,0.0,0.0,
ABOVE_THRESHOLD_NOMINAL_mu0.6_F60_r0.40_y+0.000,ramp,0.0855,0.0376519805743053,0.0,0.03748572596849833,0.5076519805743053,-0.5965539383331099,0.0,0.009250150729475007,0.5966256503279606,-19.713493901275953,19.713493901275953,0.0,0.0,0.0,0.0,0.0,0.0,0.0,0.0,0.0,0.0,
ABOVE_THRESHOLD_NOMINAL_mu0.6_F60_r0.40_y+0.000,ramp,0.08575,0.03750284208972202,0.0,0.0374874255905557,0.507502842089722,-0.5965539383331099,0.0,0.006798488229475007,0.596592675770454,-19.713493901275953,19.713493901275953,0.0,0.0,0.0,0.0,0.0,0.0,0.0,0.0,0.0,0.0,
ABOVE_THRESHOLD_NOMINAL_mu0.6_F60_r0.40_y+0.000,ramp,0.08600000000000001,0.03735370360513875,0.0,0.03748851229698807,0.5073537036051388,-0.5965539383331099,0.0,0.004346825729475007,0.5965697748249288,-19.713493901275953,19.713493901275953,0.0,0.0,0.0,0.0,0.0,0.0,0.0,0.0,0.0,0.0,
ABOVE_THRESHOLD_NOMINAL_mu0.6_F60_r0.40_y+0.000,ramp,0.08625000000000001,0.03720456512055547,0.0,0.03748898608779544,0.5072045651205555,-0.5965539383331099,0.0,0.0018951632294750068,0.5965569486515183,-19.713493901275953,19.713493901275953,0.0,0.0,0.0,0.0,0.0,0.0,0.0,0.0,0.0,0.0,
ABOVE_THRESHOLD_NOMINAL_mu0.6_F60_r0.40_y+0.000,ramp,0.08650000000000001,0.037055426635972194,0.0,0.03748884696297781,0.5070554266359721,-0.5965539383331099,0.0,-0.0005564992705249933,0.5965541979000584,-19.713493901275953,19.713493901275953,0.0,0.0,0.0,0.0,0.0,0.0,0.0,0.0,0.0,0.0,
ABOVE_THRESHOLD_NOMINAL_mu0.6_F60_r0.40_y+0.000,ramp,0.08675000000000001,0.03690628815138892,0.0,0.03748809492253518,0.5069062881513889,-0.5965539383331099,0.0,-0.0030081617705249933,0.5965615227099226,-19.713493901275953,19.713493901275953,0.0,0.0,0.0,0.0,0.0,0.0,0.0,0.0,0.0,0.0,
ABOVE_THRESHOLD_NOMINAL_mu0.6_F60_r0.40_y+0.000,ramp,0.08700000000000001,0.03675715963279185,0.0,0.037486740909516876,0.5067571596327918,-0.5965140743882525,0.0,-0.0054160520732135,0.5965386614154471,-19.713493901275953,19.713493901275953,0.0,0.0,0.0,0.0,0.0,0.0,0.0,0.0,0.0,0.012752980922657375,ramp
ABOVE_THRESHOLD_NOMINAL_mu0.6_F60_r0.40_y+0.000,ramp,0.08725000000000001,0.036608088946827974,0.0,0.03748483748340681,0.506608088946828,-0.5962827438555139,0.0,-0.0076137044402736324,0.5963313501025787,-19.713493901275953,19.713493901275953,0.0,0.0,0.0,0.0,0.0,0.0,0.0,0.0,0.0,0.07400556886489519,ramp
ABOVE_THRESHOLD_NOMINAL_mu0.6_F60_r0.40_y+0.000,ramp,0.08750000000000001,0.03645914608441603,0.0,0.03748246149702402,0.506459146084416,-0.5957714496477922,0.0,-0.009503945531160074,0.5958472498854811,-19.713493901275953,19.713493901275953,0.0,0.0,0.0,0.0,0.0,0.0,0.0,0.0,0.0,0.1635694999615929,ramp
ABOVE_THRESHOLD_NOMINAL_mu0.6_F60_r0.40_y+0.000,ramp,0.08775000000000001,0.03631042005806755,0.0,0.03747970859533311,0.5063104200580675,-0.5949041053939287,0.0,-0.011011606763644448,0.5950060084554338,-19.713493901275953,19.713493901275953,0.0,0.0,0.0,0.0,0.0,0.0,0.0,0.0,0.0,0.27614294281309354,ramp
ABOVE_THRESHOLD_NOMINAL_mu0.6_F60_r0.40_y+0.000,ramp,0.088,0.03616201415722112,0.0,0.03747669119665243,0.5061620141572211,-0.5936236033857051,0.0,-0.012069594722726588,0.5937462906102233,-19.713493901275953,19.713493901275953,0.0,0.0,0.0,0.0,0.0,0.0,0.0,0.0,0.0,0.4076831199479256,ramp
ABOVE_THRESHOLD_NOMINAL_mu0.6_F60_r0.40_y+0.000,ramp,0.08825,0.03601404668191216,0.0,0.03747353395935453,0.5060140466819121,-0.5918699012358346,0.0,-0.01262894919160729,0.5920046202071406,-19.713493901275953,19.713493901275953,0.0,0.0,0.0,0.0,0.0,0.0,0.0,0.0,0.0,0.555745007116436,ramp
ABOVE_THRESHOLD_NOMINAL_mu0.6_F60_r0.40_y+0.000,ramp,0.0885,0.03586664718443716,0.0,0.03747037667514389,0.5058666471844371,-0.5895979898999933,0.0,-0.01262913684254003,0.5897332318866729,-19.713493901275953,19.713493901275953,0.0,0.0,0.0,0.0,0.0,0.0,0.0,0.0,0.0,0.7199646311509803,ramp
ABOVE_THRESHOLD_NOMINAL_mu0.6_F60_r0.40_y+0.000,ramp,0.08875,0.03571995538749515,0.0,0.03746737011004959,0.5057199553874951,-0.5867671877680266,0.0,-0.012026260377210688,0.5868904187153332,-19.713493901275953,19.713493901275953,0.0,0.0,0.0,0.0,0.0,0.0,0.0,0.0,0.0,0.8970762632343482,ramp
ABOVE_THRESHOLD_NOMINAL_mu0.6_F60_r0.40_y+0.000,ramp,0.089,0.035574123910409046,0.0,0.03746467116760005,0.505574123910409,-0.5833259083444094,0.0,-0.010795769798147602,0.5834257999020656,-19.713493901275953,19.713493901275953,0.0,0.0,0.0,0.0,0.0,0.0,0.0,0.0,0.0,1.0856294619085414,ramp
ABOVE_THRESHOLD_NOMINAL_mu0.6_F60_r0.40_y+0.000,ramp,0.08925,0.03542931097449637,0.0,0.03746244914435955,0.5054293109744964,-0.579251743650703,0.0,-0.00888809296200344,0.5793199295025857,-19.713493901275953,19.713493901275953,0.0,0.0,0.0,0.0,0.0,0.0,0.0,0.0,0.0,1.2852878611007903,ramp
ABOVE_THRESHOLD_NOMINAL_mu0.6_F60_r0.40_y+0.000,ramp,0.0895,0.035285680881437215,0.0,0.03746087984326425,0.5052856808814372,-0.5745203722366233,0.0,-0.006277204381172276,0.5745546635523475,-19.713493901275953,19.713493901275953,0.0,0.0,0.0,0.0,0.0,0.0,0.0,0.0,0.0,1.4926193684757276,ramp
ABOVE_THRESHOLD_NOMINAL_mu0.6_F60_r0.40_y+0.000,ramp,0.08975,0.03514340874707679,0.0,0.0374601387615404,0.5051434087470767,-0.5690885374416872,0.0,-0.002964326895419232,0.569096257834702,-19.713493901275953,19.713493901275953,0.0,0.0,0.0,0.0,0.0,0.0,0.0,0.0,0.0,1.7061351774227833,ramp
ABOVE_THRESHOLD_NOMINAL_mu0.6_F60_r0.40_y+0.000,ramp,0.09,0.035002669030566716,0.0,0.03746041104657704,0.5050026690305667,-0.5629588660402992,0.0,0.0010891401465721695,0.5629599196031974,-19.713493901275953,19.713493901275953,0.0,0.0,0.0,0.0,0.0,0.0,0.0,0.0,0.0,1.9253272348660975,ramp
ABOVE_THRESHOLD_NOMINAL_mu0.6_F60_r0.40_y+0.000,ramp,0.09025,0.0348636376900023,0.0,0.037461883438584566,0.5048636376900023,-0.5561253622576633,0.0,0.005889568030094199,0.5561565477073863,-19.713493901275953,19.713493901275953,0.0,0.0,0.0,0.0,0.0,0.0,0.0,0.0,0.0,2.1464043443713985,ramp
ABOVE_THRESHOLD_NOMINAL_mu0.6_F60_r0.40_y+0.000,ramp,0.0905,0.03472649868198041,0.0,0.037464735160552654,0.5047264986819804,-0.5485560320875563,0.0,0.011406887872340486,0.5486746189050267,-19.713493901275953,19.713493901275953,0.0,0.0,0.0,0.0,0.0,0.0,0.0,0.0,0.0,2.3675136732577715,ramp
ABOVE_THRESHOLD_NOMINAL_mu0.6_F60_r0.40_y+0.000,ramp,0.09075,0.03459142857534234,0.0,0.037469152117648966,0.5045914285753423,-0.5402804265522884,0.0,0.01766782838524369,0.5405692291236831,-19.713493901275953,19.713493901275953,0.0,0.0,0.0,0.0,0.0,0.0,0.0,0.0,0.0,2.588432284539828,ramp
ABOVE_THRESHOLD_NOMINAL_mu0.6_F60_r0.40_y+0.000,ramp,0.091,0.03445860040016943,0.0,0.03747531650190154,0.5044586004001694,-0.5313127006916137,0.0,0.024657537010316064,0.5318845551880891,-19.713493901275953,19.713493901275953,0.0,0.0,0.0,0.0,0.0,0.0,0.0,0.0,0.0,2.804934266564899,ramp
ABOVE_THRESHOLD_NOMINAL_mu0.6_F60_r0.40_y+0.000,ramp,0.09125,0.034328181902193236,0.0,0.037483404965419694,0.5043281819021932,-0.5216739919047888,0.0,0.03235385407261034,0.5226763106390315,-19.713493901275953,19.713493901275953,0.0,0.0,0.0,0.0,0.0,0.0,0.0,0.0,0.0,3.014845158854301,ramp
ABOVE_THRESHOLD_NOMINAL_mu0.6_F60_r0.40_y+0.000,ramp,0.0915,0.03420034607378185,0.0,0.03749357860170269,0.5042003460737818,-0.5113433136455521,0.0,0.040694545131980835,0.5129600670749257,-19.713493901275953,19.713493901275953,0.0,0.0,0.0,0.0,0.0,0.0,0.0,0.0,0.0,3.21818553879287,ramp
ABOVE_THRESHOLD_NOMINAL_mu0.6_F60_r0.40_y+0.000,ramp,0.09175,0.03407524758419549,0.0,0.03750599916836297,0.5040752475841954,-0.5003939583454359,0.0,0.04968226664111038,0.5028542941719919,-19.713493901275953,19.713493901275953,0.0,0.0,0.0,0.0,0.0,0.0,0.0,0.0,0.0,3.4110658545741783,ramp
ABOVE_THRESHOLD_NOMINAL_mu0.6_F60_r0.40_y+0.000,ramp,0.092,0.0339530307409235,0.0,0.03752081778053414,0.5039530307409235,-0.4888673730879667,0.0,0.05927444868468598,0.49244773198462666,-19.713493901275953,19.713493901275953,0.0,0.0,0.0,0.0,0.0,0.0,0.0,0.0,0.0,3.5911916458684963,ramp
ABOVE_THRESHOLD_NOMINAL_mu0.6_F60_r0.40_y+0.000,ramp,0.09225,0.0338338406765199,0.0,0.037538162862280046,0.5038338406765199,-0.47676025761438245,0.0,0.06938032698360086,0.4817820804190248,-19.713493901275953,19.713493901275953,0.0,0.0,0.0,0.0,0.0,0.0,0.0,0.0,0.0,3.7578050030575594,ramp
ABOVE_THRESHOLD_NOMINAL_mu0.6_F60_r0.40_y+0.000,ramp,0.0925,0.0337177983734514,0.0,0.03755816136825944,0.5037177983734513,-0.4641692122739792,0.0,0.07999402391758105,0.47101178486909745,-19.713493901275953,19.713493901275953,0.0,0.0,0.0,0.0,0.0,0.0,0.0,0.0,0.0,3.909271496369591,ramp
ABOVE_THRESHOLD_NOMINAL_mu0.6_F60_r0.40_y+0.000,ramp,0.09275,0.03360500917626751,0.0,0.03758092567642107,0.5036050091762675,-0.45115678873556986,0.0,0.09105723264651329,0.4602541337559424,-19.713493901275953,19.713493901275953,0.0,0.0,0.0,0.0,0.0,0.0,0.0,0.0,0.0,4.042735217330805,ramp
ABOVE_THRESHOLD_NOMINAL_mu0.6_F60_r0.40_y+0.000,ramp,0.093,0.03349556037379997,0.0,0.03760655289997226,0.5034955603737999,-0.43779520987016324,0.0,0.10250889420472636,0.44963620759046535,-19.713493901275953,19.713493901275953,0.0,0.0,0.0,0.0,0.0,0.0,0.0,0.0,0.0,4.156758309693237,ramp
ABOVE_THRESHOLD_NOMINAL_mu0.6_F60_r0.40_y+0.000,ramp,0.09325,0.03338953201989262,0.0,0.03763511397833876,0.5033895320198926,-0.42411341562939864,0.0,0.11424431346600683,0.43923109233768304,-19.713493901275953,19.713493901275953,0.0,0.0,0.0,0.0,0.0,0.0,0.0,0.0,0.0,4.252007837672461,ramp
ABOVE_THRESHOLD_NOMINAL_mu0.6_F60_r0.40_y+0.000,ramp,0.0935,0.03328696348683219,0.0,0.0376666788813158,0.5032869634868322,-0.4102741322417227,0.0,0.12625961190815926,0.429262569048243,-19.713493901275953,19.713493901275953,0.0,0.0,0.0,0.0,0.0,0.0,0.0,0.0,0.0,4.325960391975306,ramp
ABOVE_THRESHOLD_NOMINAL_mu0.6_F60_r0.40_y+0.000,ramp,0.09375,0.033187854226635075,0.0,0.037701307857769775,0.503187854226635,-0.39643704078844366,0.0,0.13851590581590273,0.4199392616475604,-19.713493901275953,19.713493901275953,0.0,0.0,0.0,0.0,0.0,0.0,0.0,0.0,0.0,4.377467011935512,ramp
ABOVE_THRESHOLD_NOMINAL_mu0.6_F60_r0.40_y+0.000,ramp,0.094,0.03309214383301958,0.0,0.0377390590273596,0.5030921438330196,-0.38284157446196043,0.0,0.1510046783592871,0.4115459682986878,-19.713493901275953,19.713493901275953,0.0,0.0,0.0,0.0,0.0,0.0,0.0,0.0,0.0,4.405997901623484,ramp
ABOVE_THRESHOLD_NOMINAL_mu0.6_F60_r0.40_y+0.000,ramp,0.09425,0.03299970016066669,0.0,0.03777998897873352,0.5029997001606666,-0.3697746894115648,0.0,0.16371980549567225,0.404397694900651,-19.713493901275953,19.713493901275953,0.0,0.0,0.0,0.0,0.0,0.0,0.0,0.0,0.0,4.413114507088287,ramp
ABOVE_THRESHOLD_NOMINAL_mu0.6_F60_r0.40_y+0.000,ramp,0.0945,0.03291027551478703,0.0,0.03782418214832016,0.502910275514787,-0.3576985835186386,0.0,0.17677267834655255,0.3989948075615198,-19.713493901275953,19.713493901275953,0.0,0.0,0.0,0.0,0.0,0.0,0.0,0.0,0.0,4.397183507807122,ramp
ABOVE_THRESHOLD_NOMINAL_mu0.6_F60_r0.40_y+0.000,ramp,0.09475,0.032823548325197176,0.0,0.03787172680614844,0.5028235483251972,-0.34690875835940144,0.0,0.1901786313131383,0.39561799558993793,-19.713493901275953,19.713493901275953,0.0,0.0,0.0,0.0,0.0,0.0,0.0,0.0,0.0,4.358207938566219,ramp
ABOVE_THRESHOLD_NOMINAL_mu0.6_F60_r0.40_y+0.000,ramp,0.095,0.03273919442016583,0.0,0.0379226859800413,0.5027391944201658,-0.33741562012537846,0.0,0.20383669557145204,0.3942064169519346,-19.713493901275953,19.713493901275953,0.0,0.0,0.0,0.0,0.0,0.0,0.0,0.0,0.0,4.296676833049511,ramp
ABOVE_THRESHOLD_NOMINAL_mu0.6_F60_r0.40_y+0.000,ramp,0.09525,0.03265696431185803,0.0,0.037977065939172494,0.502656964311858,-0.3289204332312153,0.0,0.21751983652475737,0.39433935978896084,-19.713493901275953,19.713493901275953,0.0,0.0,0.0,0.0,0.0,0.0,0.0,0.0,0.0,4.214444954315151,ramp
ABOVE_THRESHOLD_NOMINAL_mu0.6_F60_r0.40_y+0.000,ramp,0.0955,0.03257664901742013,0.0,0.03803483481779585,0.50257664901742,-0.3212611777516206,0.0,0.23107551449341648,0.39573303845996416,-19.713493901275953,19.713493901275953,0.0,0.0,0.0,0.0,0.0,0.0,0.0,0.0,0.0,4.112071867908313,ramp
ABOVE_THRESHOLD_NOMINAL_mu0.6_F60_r0.40_y+0.000,ramp,0.09575,0.03249808843777792,0.0,0.03809591716277766,0.5024980884377779,-0.314242318568824,0.0,0.24432937992725226,0.3980516055427309,-19.713493901275953,19.713493901275953,0.0,0.0,0.0,0.0,0.0,0.0,0.0,0.0,0.0,3.989975490115279,ramp
ABOVE_THRESHOLD_NOMINAL_mu0.6_F60_r0.40_y+0.000,ramp,0.096,0.032421153790906196,0.0,0.03816020291351025,0.5024211537909061,-0.30773858748690713,0.0,0.25714300293036385,0.40103062499575004,-19.713493901275953,19.713493901275953,0.0,0.0,0.0,0.0,0.0,0.0,0.0,0.0,0.0,3.849525257520097,ramp
ABOVE_THRESHOLD_NOMINAL_mu0.6_F60_r0.40_y+0.000,ramp,0.09625,0.03234573446449973,0.0,0.038227554734189886,0.5023457344644997,-0.30167730562586753,0.0,0.2694072827185381,0.4044619644805546,-19.713493901275953,19.713493901275953,0.0,0.0,0.0,0.0,0.0,0.0,0.0,0.0,0.0,3.692269282585442,ramp
ABOVE_THRESHOLD_NOMINAL_mu0.6_F60_r0.40_y+0.000,ramp,0.0965,0.032271754923877904,0.0,0.03829780520909601,0.5022717549238779,-0.29591816248730984,0.0,0.2810018996244903,0.40808041668577777,-19.713493901275953,19.713493901275953,0.0,0.0,0.0,0.0,0.0,0.0,0.0,0.0,0.0,3.521761052737616,ramp
ABOVE_THRESHOLD_NOMINAL_mu0.6_F60_r0.40_y+0.000,ramp,0.09675,0.03219911483599139,0.0,0.038370781475592426,0.5021991148359913,-0.29056035154606696,0.0,0.291905065985663,0.4118663441441511,-19.713493901275953,19.713493901275953,0.0,0.0,0.0,0.0,0.0,0.0,0.0,0.0,0.0,3.337723705469677,ramp
ABOVE_THRESHOLD_NOMINAL_mu0.6_F60_r0.40_y+0.000,ramp,0.097,0.03212771726022114,0.0,0.038446295863138816,0.5021277172602211,-0.28559030308098166,0.0,0.30205755018556546,0.415692897266711,-19.713493901275953,19.713493901275953,0.0,0.0,0.0,0.0,0.0,0.0,0.0,0.0,0.0,3.1422644418392287,ramp
ABOVE_THRESHOLD_NOMINAL_mu0.6_F60_r0.40_y+0.000,ramp,0.09725,0.032057466748999855,0.0,0.03852414904442112,0.5020574667489999,-0.2810020448851407,0.0,0.3114127251292174,0.41945206472496493,-19.713493901275953,19.713493901275953,0.0,0.0,0.0,0.0,0.0,0.0,0.0,0.0,0.0,2.9373872294496968,ramp
ABOVE_THRESHOLD_NOMINAL_mu0.6_F60_r0.40_y+0.000,ramp,0.0975,0.03198829050310412,0.0,0.03860412468511507,0.5019882905031041,-0.27670498358293805,0.0,0.3199025627757979,0.4229696178334294,-19.713493901275953,19.713493901275953,0.0,0.0,0.0,0.0,0.0,0.0,0.0,0.0,0.0,2.7259280116884224,ramp
ABOVE_THRESHOLD_NOMINAL_mu0.6_F60_r0.40_y+0.000,ramp,0.09775,0.03192009034752149,0.0,0.038686011511216166,0.5019200903475215,-0.27280062233054314,0.0,0.32754730440438456,0.42627152868390145,-19.713493901275953,19.713493901275953,0.0,0.0,0.0,0.0,0.0,0.0,0.0,0.0,0.0,2.5098328672909003,ramp
ABOVE_THRESHOLD_NOMINAL_mu0.6_F60_r0.40_y+0.000,ramp,0.098,0.03185276994378276,0.0,0.03876959362920392,0.5018527699437827,-0.2692816149549035,0.0,0.3343284719510417,0.42928791656630566,-19.713493901275953,19.713493901275953,0.0,0.0,0.0,0.0,0.0,0.0,0.0,0.0,0.0,2.290467255190997,ramp
ABOVE_THRESHOLD_NOMINAL_mu0.6_F60_r0.40_y+0.000,ramp,0.09825,0.031786234878482096,0.0,0.0388546529197109,0.5017862348784821,-0.26614026120267936,0.0,0.34023716202790405,0.4319629209293694,-19.713493901275953,19.713493901275953,0.0,0.0,0.0,0.0,0.0,0.0,0.0,0.0,0.0,2.0699056314320314,ramp
ABOVE_THRESHOLD_NOMINAL_mu0.6_F60_r0.40_y+0.000,ramp,0.0985,0.031720393035222796,0.0,0.03894097127626294,0.5017203930352228,-0.2633673730371915,0.0,0.34527342620814655,0.43425351124202044,-19.713493901275953,19.713493901275953,0.0,0.0,0.0,0.0,0.0,0.0,0.0,0.0,0.0,1.8501937704456484,ramp
ABOVE_THRESHOLD_NOMINAL_mu0.6_F60_r0.40_y+0.000,ramp,0.09875,0.03165516963558657,0.0,0.03902832804357012,0.5016551696355865,-0.26089359854489225,0.0,0.34942706922870803,0.4360788305701937,-19.713493901275953,19.713493901275953,0.0,0.0,0.0,0.0,0.0,0.0,0.0,0.0,0.0,1.6343870257200388,ramp
ABOVE_THRESHOLD_NOMINAL_mu0.6_F60_r0.40_y+0.000,ramp,0.099,0.03159047635423839,0.0,0.039116513736861494,0.5015904763542384,-0.25877312539275327,0.0,0.35274277316549735,0.43748256473374925,-19.713493901275953,19.713493901275953,0.0,0.0,0.0,0.0,0.0,0.0,0.0,0.0,0.0,1.4234197713792385,ramp
ABOVE_THRESHOLD_NOMINAL_mu0.6_F60_r0.40_y+0.000,ramp,0.09925,0.03152622955392469,0.0,0.03920532454862992,0.5015262295539247,-0.2569872012548132,0.0,0.3552432470737049,0.4384520340929567,-19.713493901275953,19.713493901275953,0.0,0.0,0.0,0.0,0.0,0.0,0.0,0.0,0.0,1.219014061672928,ramp
ABOVE_THRESHOLD_NOMINAL_mu0.6_F60_r0.40_y+0.000,ramp,0.0995,0.031462350805074285,0.0,0.03929456426024557,0.5014623508050743,-0.25551499540159994,0.0,0.356958846462613,0.4389846591203376,-19.713493901275953,19.713493901275953,0.0,0.0,0.0,0.0,0.0,0.0,0.0,0.0,0.0,1.0229896727713002,ramp
ABOVE_THRESHOLD_NOMINAL_mu0.6_F60_r0.40_y+0.000,ramp,0.09975,0.031398774705442285,0.0,0.03938404333813316,0.5013987747054423,-0.2543043985279955,0.0,0.35791631155034875,0.4390612863650038,-19.713493901275953,19.713493901275953,0.0,0.0,0.0,0.0,0.0,0.0,0.0,0.0,0.0,0.8372749809045709,ramp
ABOVE_THRESHOLD_NOMINAL_mu0.6_F60_r0.40_y+0.000,ramp,0.1,0.03133543346196227,0.0,0.039473587835068186,0.5013354334619622,-0.253364973920049,0.0,0.3581779877401032,0.4387314450903384,-19.713493901275953,19.713493901275953,0.0,0.0,0.0,0.0,0.0,0.0,0.0,0.0,0.0,0.6641584557679671,ramp
ABOVE_THRESHOLD_NOMINAL_mu0.6_F60_r0.40_y+0.000,ramp,0.10025,0.031272266436442354,0.0,0.03956303659059143,0.5012722664364423,-0.2526681020796641,0.0,0.3577950220929796,0.4380164924327112,-19.713493901275953,19.713493901275953,0.0,0.0,0.0,0.0,0.0,0.0,0.0,0.0,0.0,0.5045722969555269,ramp
ABOVE_THRESHOLD_NOMINAL_mu0.6_F60_r0.40_y+0.000,ramp,0.1005,0.031209220639383504,0.0,0.039652243209882296,0.5012092206393834,-0.25218318823540015,0.0,0.356826477163441,0.436945643339584,-19.713493901275953,19.713493901275953,0.0,0.0,0.0,0.0,0.0,0.0,0.0,0.0,0.0,0.3603831266945394,ramp
ABOVE_THRESHOLD_NOMINAL_mu0.6_F60_r0.40_y+0.000,ramp,0.10075,0.031146251248011632,0.0,0.03974107834999518,0.5011462512480116,-0.2518775654874913,0.0,0.3553405604515286,0.4355562212825251,-19.713493901275953,19.713493901275953,0.0,0.0,0.0,0.0,0.0,0.0,0.0,0.0,0.0,0.23372804513526046,ramp
ABOVE_THRESHOLD_NOMINAL_mu0.6_F60_r0.40_y+0.000,ramp,0.101,0.031083323303547572,0.0,0.039829432496806115,0.5010833233035475,-0.251711777856246,0.0,0.35341658724374314,0.4338918105364129,-19.713493901275953,19.713493901275953,0.0,0.0,0.0,0.0,0.0,0.0,0.0,0.0,0.0,0.12755667423344752,ramp
ABOVE_THRESHOLD_NOMINAL_mu0.6_F60_r0.40_y+0.000,ramp,0.10125,0.031020409860904388,0.0,0.03991722168968445,0.5010204098609043,-0.2516537705727368,0.0,0.35115677151333885,0.4320193264463372,-19.713493901275953,19.713493901275953,0.0,0.0,0.0,0.0,0.0,0.0,0.0,0.0,0.0,0.04616308253065665,ramp
ABOVE_THRESHOLD_NOMINAL_mu0.6_F60_r0.40_y+0.000,ramp,0.1015,0.030957496528889107,0.0,0.04000439834812057,0.5009574965288891,-0.2516533280611264,0.0,0.34870663374446514,0.4300298988926671,-19.713493901275953,19.713493901275953,0.0,0.0,0.0,0.0,0.0,0.0,0.0,0.0,0.0,0.0003651613083163496,ramp
ABOVE_THRESHOLD_NOMINAL_mu0.6_F60_r0.40_y+0.000,ramp,0.10175000000000001,0.030894583196873826,0.0,0.04009096209093169,0.5008945831968739,-0.2516533280611264,0.0,0.34625497124446514,0.4280442764898817,-19.713493901275953,19.713493901275953,0.0,0.0,0.0,0.0,0.0,0.0,0.0,0.0,0.0,0.0,
ABOVE_THRESHOLD_NOMINAL_mu0.6_F60_r0.40_y+0.000,ramp,0.10200000000000001,0.030831669864858545,0.0,0.040176912918117806,0.5008316698648585,-0.2516533280611264,0.0,0.34380330874446513,0.42606350774019935,-19.713493901275953,19.713493901275953,0.0,0.0,0.0,0.0,0.0,0.0,0.0,0.0,0.0,0.0,
ABOVE_THRESHOLD_NOMINAL_mu0.6_F60_r0.40_y+0.000,ramp,0.10225000000000001,0.030768756532843264,0.0,0.04026225082967892,0.5007687565328433,-0.2516533280611264,0.0,0.3413516462444651,0.42408766065289777,-19.713493901275953,19.713493901275953,0.0,0.0,0.0,0.0,0.0,0.0,0.0,0.0,0.0,0.0,
ABOVE_THRESHOLD_NOMINAL_mu0.6_F60_r0.40_y+0.000,ramp,0.10250000000000001,0.030705843200827983,0.0,0.04034697582561504,0.500705843200828,-0.2516533280611264,0.0,0.3388999837444651,0.42211680434003057,-19.713493901275953,19.713493901275953,0.0,0.0,0.0,0.0,0.0,0.0,0.0,0.0,0.0,0.0,
ABOVE_THRESHOLD_NOMINAL_mu0.6_F60_r0.40_y+0.000,ramp,0.10275000000000001,0.0306429298688127,0.0,0.04043108790592616,0.5006429298688126,-0.2516533280611264,0.0,0.3364483212444651,0.42015100903420394,-19.713493901275953,19.713493901275953,0.0,0.0,0.0,0.0,0.0,0.0,0.0,0.0,0.0,0.0,
ABOVE_THRESHOLD_NOMINAL_mu0.6_F60_r0.40_y+0.000,ramp,0.10300000000000001,0.03058001653679742,0.0,0.04051458707061228,0.5005800165367974,-0.2516533280611264,0.0,0.3339966587444651,0.4181903461065398,-19.713493901275953,19.713493901275953,0.0,0.0,0.0,0.0,0.0,0.0,0.0,0.0,0.0,0.0,
ABOVE_THRESHOLD_NOMINAL_mu0.6_F60_r0.40_y+0.000,ramp,0.10325000000000001,0.03051710320478214,0.0,0.040597473319673394,0.5005171032047822,-0.2516533280611264,0.0,0.3315449962444651,0.4162348880848208,-19.713493901275953,19.713493901275953,0.0,0.0,0.0,0.0,0.0,0.0,0.0,0.0,0.0,0.0,
ABOVE_THRESHOLD_NOMINAL_mu0.6_F60_r0.40_y+0.000,ramp,0.10350000000000001,0.03045418987276686,0.0,0.04067974665310951,0.5004541898727668,-0.2516533280611264,0.0,0.3290933337444651,0.4142847086718104,-19.713493901275953,19.713493901275953,0.0,0.0,0.0,0.0,0.0,0.0,0.0,0.0,0.0,0.0,
ABOVE_THRESHOLD_NOMINAL_mu0.6_F60_r0.40_y+0.000,ramp,0.10375000000000001,0.030391276540751577,0.0,0.04076140707092062,0.5003912765407516,-0.2516533280611264,0.0,0.3266416712444651,0.41233988276374395,-19.713493901275953,19.713493901275953,0.0,0.0,0.0,0.0,0.0,0.0,0.0,0.0,0.0,0.0,
ABOVE_THRESHOLD_NOMINAL_mu0.6_F60_r0.40_y+0.000,ramp,0.10400000000000001,0.030328363208736296,0.0,0.040842454573106736,0.5003283632087363,-0.2516533280611264,0.0,0.3241900087444651,0.41040048646898225,-19.713493901275953,19.713493901275953,0.0,0.0,0.0,0.0,0.0,0.0,0.0,0.0,0.0,0.0,
ABOVE_THRESHOLD_NOMINAL_mu0.6_F60_r0.40_y+0.000,ramp,0.10425,0.030265449876721015,0.0,0.04092288915966785,0.500265449876721,-0.2516533280611264,0.0,0.32173834624446507,0.40846659712682043,-19.713493901275953,19.713493901275953,0.0,0.0,0.0,0.0,0.0,0.0,0.0,0.0,0.0,0.0,
ABOVE_THRESHOLD_NOMINAL_mu0.6_F60_r0.40_y+0.000,ramp,0.1045,0.030202536544705734,0.0,0.041002710830603965,0.5002025365447057,-0.2516533280611264,0.0,0.31928668374446506,0.40653829332644537,-19.713493901275953,19.713493901275953,0.0,0.0,0.0,0.0,0.0,0.0,0.0,0.0,0.0,0.0,
ABOVE_THRESHOLD_NOMINAL_mu0.6_F60_r0.40_y+0.000,ramp,0.10475,0.030139623212690453,0.0,0.04108191958591508,0.5001396232126905,-0.2516533280611264,0.0,0.31683502124446505,0.4046156549260317,-19.713493901275953,19.713493901275953,0.0,0.0,0.0,0.0,0.0,0.0,0.0,0.0,0.0,0.0,
ABOVE_THRESHOLD_NOMINAL_mu0.6_F60_r0.40_y+0.000,ramp,0.105,0.030076709880675172,0.0,0.041160515425601195,0.5000767098806751,-0.2516533280611264,0.0,0.31438335874446505,0.4026987630719666,-19.713493901275953,19.713493901275953,0.0,0.0,0.0,0.0,0.0,0.0,0.0,0.0,0.0,0.0,
ABOVE_THRESHOLD_NOMINAL_mu0.6_F60_r0.40_y+0.000,ramp,0.10525,0.03001379654865989,0.0,0.04123849834966231,0.5000137965486599,-0.2516533280611264,0.0,0.31193169624446504,0.4007877002181955,-19.713493901275953,19.713493901275953,0.0,0.0,0.0,0.0,0.0,0.0,0.0,0.0,0.0,0.0,
ABOVE_THRESHOLD_NOMINAL_mu0.6_F60_r0.40_y+0.000,ramp,0.1055,0.02995088321664461,0.0,0.041315868358098425,0.4999508832166446,-0.2516533280611264,0.0,0.30948003374446503,0.398882550145674,-19.713493901275953,19.713493901275953,0.0,0.0,0.0,0.0,0.0,0.0,0.0,0.0,0.0,0.0,
ABOVE_THRESHOLD_NOMINAL_mu0.6_F60_r0.40_y+0.000,ramp,0.10575,0.02988796988462933,0.0,0.04139262545090954,0.4998879698846293,-0.2516533280611264,0.0,0.307028371244465,0.39698339798191806,-19.713493901275953,19.713493901275953,0.0,0.0,0.0,0.0,0.0,0.0,0.0,0.0,0.0,0.0,
ABOVE_THRESHOLD_NOMINAL_mu0.6_F60_r0.40_y+0.000,ramp,0.106,0.029825056552614047,0.0,0.041468769628095654,0.499825056552614,-0.2516533280611264,0.0,0.304576708744465,0.3950903302206365,-19.713493901275953,19.713493901275953,0.0,0.0,0.0,0.0,0.0,0.0,0.0,0.0,0.0,0.0,
ABOVE_THRESHOLD_NOMINAL_mu0.6_F60_r0.40_y+0.000,ramp,0.10625,0.029762143220598766,0.0,0.04154430088965677,0.49976214322059875,-0.2516533280611264,0.0,0.302125046244465,0.3932034347414339,-19.713493901275953,19.713493901275953,0.0,0.0,0.0,0.0,0.0,0.0,0.0,0.0,0.0,0.0,
ABOVE_THRESHOLD_NOMINAL_mu0.6_F60_r0.40_y+0.000,ramp,0.1065,0.029699229888583485,0.0,0.041619219235592884,0.49969922988858345,-0.2516533280611264,0.0,0.299673383744465,0.39132280082956866,-19.713493901275953,19.713493901275953,0.0,0.0,0.0,0.0,0.0,0.0,0.0,0.0,0.0,0.0,
ABOVE_THRESHOLD_NOMINAL_mu0.6_F60_r0.40_y+0.000,ramp,0.10675,0.029636316556568204,0.0,0.041693524665904,0.49963631655656815,-0.2516533280611264,0.0,0.297221721244465,0.3894485191957512,-19.713493901275953,19.713493901275953,0.0,0.0,0.0,0.0,0.0,0.0,0.0,0.0,0.0,0.0,
ABOVE_THRESHOLD_NOMINAL_mu0.6_F60_r0.40_y+0.000,ramp,0.107,0.029573403224552923,0.0,0.041767217180590115,0.4995734032245529,-0.2516533280611264,0.0,0.294770058744465,0.38758068199596357,-19.713493901275953,19.713493901275953,0.0,0.0,0.0,0.0,0.0,0.0,0.0,0.0,0.0,0.0,
ABOVE_THRESHOLD_NOMINAL_mu0.6_F60_r0.40_y+0.000,ramp,0.10725,0.029510489892537642,0.0,0.04184029677965123,0.4995104898925376,-0.2516533280611264,0.0,0.292318396244465,0.385719382851286,-19.713493901275953,19.713493901275953,0.0,0.0,0.0,0.0,0.0,0.0,0.0,0.0,0.0,0.0,
ABOVE_THRESHOLD_NOMINAL_mu0.6_F60_r0.40_y+0.000,ramp,0.1075,0.02944757656052236,0.0,0.041912763463087345,0.49944757656052235,-0.2516533280611264,0.0,0.289866733744465,0.3838647168677078,-19.713493901275953,19.713493901275953,0.0,0.0,0.0,0.0,0.0,0.0,0.0,0.0,0.0,0.0,
ABOVE_THRESHOLD_NOMINAL_mu0.6_F60_r0.40_y+0.000,ramp,0.10775,0.02938466322850708,0.0,0.04198461723089846,0.49938466322850705,-0.2516533280611264,0.0,0.28741507124446497,0.38201678065590494,-19.713493901275953,19.713493901275953,0.0,0.0,0.0,0.0,0.0,0.0,0.0,0.0,0.0,0.0,
ABOVE_THRESHOLD_NOMINAL_mu0.6_F60_r0.40_y+0.000,ramp,0.108,0.0293217498964918,0.0,0.042055858083084575,0.49932174989649175,-0.2516533280611264,0.0,0.28496340874446496,0.3801756723509619,-19.713493901275953,19.713493901275953,0.0,0.0,0.0,0.0,0.0,0.0,0.0,0.0,0.0,0.0,
ABOVE_THRESHOLD_NOMINAL_mu0.6_F60_r0.40_y+0.000,ramp,0.10825,0.029258836564476517,0.0,0.04212648601964569,0.4992588365644765,-0.2516533280611264,0.0,0.28251174624446496,0.37834149163201475,-19.713493901275953,19.713493901275953,0.0,0.0,0.0,0.0,0.0,0.0,0.0,0.0,0.0,0.0,
ABOVE_THRESHOLD_NOMINAL_mu0.6_F60_r0.40_y+0.000,ramp,0.1085,0.029195923232461236,0.0,0.042196501040581806,0.4991959232324612,-0.2516533280611264,0.0,0.28006008374446495,0.3765143397417921,-19.713493901275953,19.713493901275953,0.0,0.0,0.0,0.0,0.0,0.0,0.0,0.0,0.0,0.0,
ABOVE_THRESHOLD_NOMINAL_mu0.6_F60_r0.40_y+0.000,ramp,0.10875,0.029133009900445955,0.0,0.04226590314589292,0.49913300990044596,-0.2516533280611264,0.0,0.27760842124446494,0.3746943195060277,-19.713493901275953,19.713493901275953,0.0,0.0,0.0,0.0,0.0,0.0,0.0,0.0,0.0,0.0,
ABOVE_THRESHOLD_NOMINAL_mu0.6_F60_r0.40_y+0.000,ramp,0.109,0.029070096568430674,0.0,0.04233469233557904,0.49907009656843065,-0.2516533280611264,0.0,0.27515675874446494,0.3728815353527184,-19.713493901275953,19.713493901275953,0.0,0.0,0.0,0.0,0.0,0.0,0.0,0.0,0.0,0.0,
ABOVE_THRESHOLD_NOMINAL_mu0.6_F60_r0.40_y+0.000,ramp,0.10925,0.029007183236415393,0.0,0.042402868609640154,0.49900718323641535,-0.2516533280611264,0.0,0.27270509624446493,0.3710760933311978,-19.713493901275953,19.713493901275953,0.0,0.0,0.0,0.0,0.0,0.0,0.0,0.0,0.0,0.0,
ABOVE_THRESHOLD_NOMINAL_mu0.6_F60_r0.40_y+0.000,ramp,0.1095,0.028944269904400112,0.0,0.04247043196807627,0.4989442699044001,-0.2516533280611264,0.0,0.2702534337444649,0.36927810113099696,-19.713493901275953,19.713493901275953,0.0,0.0,0.0,0.0,0.0,0.0,0.0,0.0,0.0,0.0,
ABOVE_THRESHOLD_NOMINAL_mu0.6_F60_r0.40_y+0.000,ramp,0.10975,0.02888135657238483,0.0,0.042537382410887385,0.4988813565723848,-0.2516533280611264,0.0,0.2678017712444649,0.3674876681004597,-19.713493901275953,19.713493901275953,0.0,0.0,0.0,0.0,0.0,0.0,0.0,0.0,0.0,0.0,
ABOVE_THRESHOLD_NOMINAL_mu0.6_F60_r0.40_y+0.000,ramp,0.11,0.02881844324036955,0.0,0.0426037199380735,0.4988184432403695,-0.2516533280611264,0.0,0.2653501087444649,0.3657049052650788,-19.713493901275953,19.713493901275953,0.0,0.0,0.0,0.0,0.0,0.0,0.0,0.0,0.0,0.0,
ABOVE_THRESHOLD_NOMINAL_mu0.6_F60_r0.40_y+0.000,ramp,0.11025,0.02875552990835427,0.0,0.042669444549634616,0.49875552990835426,-0.2516533280611264,0.0,0.2628984462444649,0.36392992534551855,-19.713493901275953,19.713493901275953,0.0,0.0,0.0,0.0,0.0,0.0,0.0,0.0,0.0,0.0,
ABOVE_THRESHOLD_NOMINAL_mu0.6_F60_r0.40_y+0.000,ramp,0.1105,0.028692616576338988,0.0,0.04273455624557073,0.49869261657633895,-0.2516533280611264,0.0,0.2604467837444649,0.36216284277528665,-19.713493901275953,19.713493901275953,0.0,0.0,0.0,0.0,0.0,0.0,0.0,0.0,0.0,0.0,
ABOVE_THRESHOLD_NOMINAL_mu0.6_F60_r0.40_y+0.000,ramp,0.11075,0.028629703244323707,0.0,0.04279905502588185,0.49862970324432365,-0.2516533280611264,0.0,0.2579951212444649,0.36040377371801624,-19.713493901275953,19.713493901275953,0.0,0.0,0.0,0.0,0.0,0.0,0.0,0.0,0.0,0.0,
ABOVE_THRESHOLD_NOMINAL_mu0.6_F60_r0.40_y+0.000,ramp,0.111,0.028566789912308425,0.0,0.04286294089056796,0.4985667899123084,-0.2516533280611264,0.0,0.2555434587444649,0.35865283608431836,-19.713493901275953,19.713493901275953,0.0,0.0,0.0,0.0,0.0,0.0,0.0,0.0,0.0,0.0,
ABOVE_THRESHOLD_NOMINAL_mu0.6_F60_r0.40_y+0.000,ramp,0.11125,0.028503876580293144,0.0,0.04292621383962908,0.4985038765802931,-0.2516533280611264,0.0,0.2530917962444649,0.35691014954816097,-19.713493901275953,19.713493901275953,0.0,0.0,0.0,0.0,0.0,0.0,0.0,0.0,0.0,0.0,
ABOVE_THRESHOLD_NOMINAL_mu0.6_F60_r0.40_y+0.000,ramp,0.1115,0.028440963248277863,0.0,0.04298887387306519,0.49844096324827786,-0.2516533280611264,0.0,0.25064013374446487,0.355175835562731,-19.713493901275953,19.713493901275953,0.0,0.0,0.0,0.0,0.0,0.0,0.0,0.0,0.0,0.0,
ABOVE_THRESHOLD_NOMINAL_mu0.6_F60_r0.40_y+0.000,ramp,0.11175,0.028378049916262582,0.0,0.04305092099087631,0.49837804991626256,-0.2516533280611264,0.0,0.24818847124446486,0.3534500173757323,-19.713493901275953,19.713493901275953,0.0,0.0,0.0,0.0,0.0,0.0,0.0,0.0,0.0,0.0,
ABOVE_THRESHOLD_NOMINAL_mu0.6_F60_r0.40_y+0.000,ramp,0.112,0.0283151365842473,0.0,0.043112355193062425,0.49831513658424725,-0.2516533280611264,0.0,0.24573680874446485,0.3517328200440707,-19.713493901275953,19.713493901275953,0.0,0.0,0.0,0.0,0.0,0.0,0.0,0.0,0.0,0.0,
ABOVE_THRESHOLD_NOMINAL_mu0.6_F60_r0.40_y+0.000,ramp,0.11225,0.02825222325223202,0.0,0.04317317647962354,0.498252223252232,-0.2516533280611264,0.0,0.24328514624446484,0.3500243704478755,-19.713493901275953,19.713493901275953,0.0,0.0,0.0,0.0,0.0,0.0,0.0,0.0,0.0,0.0,
ABOVE_THRESHOLD_NOMINAL_mu0.6_F60_r0.40_y+0.000,ramp,0.1125,0.02818930992021674,0.0,0.04323338485055966,0.4981893099202167,-0.2516533280611264,0.0,0.24083348374446484,0.3483247973038042,-19.713493901275953,19.713493901275953,0.0,0.0,0.0,0.0,0.0,0.0,0.0,0.0,0.0,0.0,
ABOVE_THRESHOLD_NOMINAL_mu0.6_F60_r0.40_y+0.000,ramp,0.11275,0.028126396588201458,0.0,0.043292980305870775,0.49812639658820146,-0.2516533280611264,0.0,0.23838182124446483,0.3466342311775756,-19.713493901275953,19.713493901275953,0.0,0.0,0.0,0.0,0.0,0.0,0.0,0.0,0.0,0.0,
ABOVE_THRESHOLD_NOMINAL_mu0.6_F60_r0.40_y+0.000,ramp,0.113,0.028063483256186177,0.0,0.04335196284555689,0.49806348325618616,-0.2516533280611264,0.0,0.23593015874446482,0.34495280449567195,-19.713493901275953,19.713493901275953,0.0,0.0,0.0,0.0,0.0,0.0,0.0,0.0,0.0,0.0,
ABOVE_THRESHOLD_NOMINAL_mu0.6_F60_r0.40_y+0.000,ramp,0.11325,0.028000569924170896,0.0,0.04341033246961801,0.49800056992417085,-0.2516533280611264,0.0,0.23347849624446482,0.34328065155615384,-19.713493901275953,19.713493901275953,0.0,0.0,0.0,0.0,0.0,0.0,0.0,0.0,0.0,0.0,
ABOVE_THRESHOLD_NOMINAL_mu0.6_F60_r0.40_y+0.000,ramp,0.1135,0.027937656592155614,0.0,0.04346808917805412,0.4979376565921556,-0.2516533280611264,0.0,0.2310268337444648,0.3416179085385213,-19.713493901275953,19.713493901275953,0.0,0.0,0.0,0.0,0.0,0.0,0.0,0.0,0.0,0.0,
ABOVE_THRESHOLD_NOMINAL_mu0.6_F60_r0.40_y+0.000,ramp,0.11375,0.027874743260140333,0.0,0.04352523297086524,0.4978747432601403,-0.2516533280611264,0.0,0.2285751712444648,0.33996471351256047,-19.713493901275953,19.713493901275953,0.0,0.0,0.0,0.0,0.0,0.0,0.0,0.0,0.0,0.0,
ABOVE_THRESHOLD_NOMINAL_mu0.6_F60_r0.40_y+0.000,ramp,0.114,0.027811829928125052,0.0,0.043581763848051354,0.497811829928125,-0.2516533280611264,0.0,0.2261235087444648,0.3383212064461064,-19.713493901275953,19.713493901275953,0.0,0.0,0.0,0.0,0.0,0.0,0.0,0.0,0.0,0.0,
ABOVE_THRESHOLD_NOMINAL_mu0.6_F60_r0.40_y+0.000,ramp,0.11425,0.02774891659610977,0.0,0.04363768180961247,0.49774891659610976,-0.2516533280611264,0.0,0.2236718462444648,0.33668752921165407,-19.713493901275953,19.713493901275953,0.0,0.0,0.0,0.0,0.0,0.0,0.0,0.0,0.0,0.0,
ABOVE_THRESHOLD_NOMINAL_mu0.6_F60_r0.40_y+0.000,ramp,0.1145,0.02768600326409449,0.0,0.043692986855548586,0.49768600326409446,-0.2516533280611264,0.0,0.22122018374446478,0.3350638255917455,-19.713493901275953,19.713493901275953,0.0,0.0,0.0,0.0,0.0,0.0,0.0,0.0,0.0,0.0,
ABOVE_THRESHOLD_NOMINAL_mu0.6_F60_r0.40_y+0.000,ramp,0.11475,0.02762308993207921,0.0,0.043747678985859705,0.49762308993207915,-0.2516533280611264,0.0,0.21876852124446478,0.3334502412830597,-19.713493901275953,19.713493901275953,0.0,0.0,0.0,0.0,0.0,0.0,0.0,0.0,0.0,0.0,
ABOVE_THRESHOLD_NOMINAL_mu0.6_F60_r0.40_y+0.000,ramp,0.115,0.027560176600063928,0.0,0.04380175820054582,0.4975601766000639,-0.2516533280611264,0.0,0.21631685874446477,0.33184692389912795,-19.713493901275953,19.713493901275953,0.0,0.0,0.0,0.0,0.0,0.0,0.0,0.0,0.0,0.0,
ABOVE_THRESHOLD_NOMINAL_mu0.6_F60_r0.40_y+0.000,ramp,0.11525,0.027497263268048647,0.0,0.04385522449960694,0.4974972632680486,-0.2516533280611264,0.0,0.21386519624446476,0.33025402297159734,-19.713493901275953,19.713493901275953,0.0,0.0,0.0,0.0,0.0,0.0,0.0,0.0,0.0,0.0,
ABOVE_THRESHOLD_NOMINAL_mu0.6_F60_r0.40_y+0.000,ramp,0.1155,0.027434349936033366,0.0,0.04390807788304305,0.49743434993603336,-0.2516533280611264,0.0,0.21141353374446475,0.3286716899499603,-19.713493901275953,19.713493901275953,0.0,0.0,0.0,0.0,0.0,0.0,0.0,0.0,0.0,0.0,
ABOVE_THRESHOLD_NOMINAL_mu0.6_F60_r0.40_y+0.000,ramp,0.11575,0.027371436604018085,0.0,0.04396031835085417,0.49737143660401806,-0.2516533280611264,0.0,0.20896187124446475,0.32710007819966835,-19.713493901275953,19.713493901275953,0.0,0.0,0.0,0.0,0.0,0.0,0.0,0.0,0.0,0.0,
ABOVE_THRESHOLD_NOMINAL_mu0.6_F60_r0.40_y+0.000,ramp,0.116,0.027308523272002803,0.0,0.044011945903040285,0.49730852327200276,-0.2516533280611264,0.0,0.20651020874446474,0.3255393429985434,-19.713493901275953,19.713493901275953,0.0,0.0,0.0,0.0,0.0,0.0,0.0,0.0,0.0,0.0,
ABOVE_THRESHOLD_NOMINAL_mu0.6_F60_r0.40_y+0.000,ramp,0.11625,0.027245609939987522,0.0,0.0440629605396014,0.4972456099399875,-0.2516533280611264,0.0,0.20405854624446473,0.3239896415314003,-19.713493901275953,19.713493901275953,0.0,0.0,0.0,0.0,0.0,0.0,0.0,0.0,0.0,0.0,
ABOVE_THRESHOLD_NOMINAL_mu0.6_F60_r0.40_y+0.000,ramp,0.1165,0.02718269660797224,0.0,0.04411336226053752,0.4971826966079722,-0.2516533280611264,0.0,0.20160688374446473,0.3224511328827905,-19.713493901275953,19.713493901275953,0.0,0.0,0.0,0.0,0.0,0.0,0.0,0.0,0.0,0.0,
ABOVE_THRESHOLD_NOMINAL_mu0.6_F60_r0.40_y+0.000,ramp,0.11675,0.02711978327595696,0.0,0.04416315106584864,0.49711978327595696,-0.2516533280611264,0.0,0.19915522124446472,0.3209239780277762,-19.713493901275953,19.713493901275953,0.0,0.0,0.0,0.0,0.0,0.0,0.0,0.0,0.0,0.0,
ABOVE_THRESHOLD_NOMINAL_mu0.6_F60_r0.40_y+0.000,ramp,0.117,0.02705686994394168,0.0,0.04421232695553475,0.49705686994394166,-0.2516533280611264,0.0,0.1967035587444647,0.3194083398206409,-19.713493901275953,19.713493901275953,0.0,0.0,0.0,0.0,0.0,0.0,0.0,0.0,0.0,0.0,
ABOVE_THRESHOLD_NOMINAL_mu0.6_F60_r0.40_y+0.000,ramp,0.11725000000000001,0.026993956611926398,0.0,0.04426088992959587,0.49699395661192636,-0.2516533280611264,0.0,0.1942518962444647,0.31790438298144175,-19.713493901275953,19.713493901275953,0.0,0.0,0.0,0.0,0.0,0.0,0.0,0.0,0.0,0.0,
ABOVE_THRESHOLD_NOMINAL_mu0.6_F60_r0.40_y+0.000,ramp,0.11750000000000001,0.026931043279911117,0.0,0.044308839988031985,0.4969310432799111,-0.2516533280611264,0.0,0.1918002337444647,0.3164122740803084,-19.713493901275953,19.713493901275953,0.0,0.0,0.0,0.0,0.0,0.0,0.0,0.0,0.0,0.0,
ABOVE_THRESHOLD_NOMINAL_mu0.6_F60_r0.40_y+0.000,ramp,0.11775000000000001,0.026868129947895836,0.0,0.044356177130843104,0.4968681299478958,-0.2516533280611264,0.0,0.1893485712444647,0.31493218151938845,-19.713493901275953,19.713493901275953,0.0,0.0,0.0,0.0,0.0,0.0,0.0,0.0,0.0,0.0,
ABOVE_THRESHOLD_NOMINAL_mu0.6_F60_r0.40_y+0.000,ramp,0.11800000000000001,0.026805216615880555,0.0,0.04440290135802922,0.4968052166158805,-0.2516533280611264,0.0,0.18689690874446468,0.31346427551234235,-19.713493901275953,19.713493901275953,0.0,0.0,0.0,0.0,0.0,0.0,0.0,0.0,0.0,0.0,
ABOVE_THRESHOLD_NOMINAL_mu0.6_F60_r0.40_y+0.000,ramp,0.11825000000000001,0.026742303283865274,0.0,0.04444901266959034,0.49674230328386526,-0.2516533280611264,0.0,0.18444524624446468,0.312008728061287,-19.713493901275953,19.713493901275953,0.0,0.0,0.0,0.0,0.0,0.0,0.0,0.0,0.0,0.0,
ABOVE_THRESHOLD_NOMINAL_mu0.6_F60_r0.40_y+0.000,ramp,0.11850000000000001,0.026679389951849992,0.0,0.04449451106552645,0.49667938995184996,-0.2516533280611264,0.0,0.18199358374446467,0.31056571293108703,-19.713493901275953,19.713493901275953,0.0,0.0,0.0,0.0,0.0,0.0,0.0,0.0,0.0,0.0,
ABOVE_THRESHOLD_NOMINAL_mu0.6_F60_r0.40_y+0.000,ramp,0.11875000000000001,0.02661647661983471,0.0,0.04453939654583757,0.49661647661983466,-0.2516533280611264,0.0,0.17954192124446466,0.30913540562089364,-19.713493901275953,19.713493901275953,0.0,0.0,0.0,0.0,0.0,0.0,0.0,0.0,0.0,0.0,
ABOVE_THRESHOLD_NOMINAL_mu0.6_F60_r0.40_y+0.000,ramp,0.11900000000000001,0.02655356328781943,0.0,0.04458366911052369,0.4965535632878194,-0.2516533280611264,0.0,0.17709025874446466,0.30771798333282757,-19.713493901275953,19.713493901275953,0.0,0.0,0.0,0.0,0.0,0.0,0.0,0.0,0.0,0.0,
ABOVE_THRESHOLD_NOMINAL_mu0.6_F60_r0.40_y+0.000,ramp,0.11925000000000001,0.02649064995580415,0.0,0.044627328759584806,0.4964906499558041,-0.2516533280611264,0.0,0.17463859624446465,0.3063136249377067,-19.713493901275953,19.713493901275953,0.0,0.0,0.0,0.0,0.0,0.0,0.0,0.0,0.0,0.0,
ABOVE_THRESHOLD_NOMINAL_mu0.6_F60_r0.40_y+0.000,ramp,0.11950000000000001,0.026427736623788868,0.0,0.04467037549302092,0.49642773662378886,-0.2516533280611264,0.0,0.17218693374446464,0.30492251093771605,-19.713493901275953,19.713493901275953,0.0,0.0,0.0,0.0,0.0,0.0,0.0,0.0,0.0,0.0,
ABOVE_THRESHOLD_NOMINAL_mu0.6_F60_r0.40_y+0.000,ramp,0.11975000000000001,0.026364823291773587,0.0,0.04471280931083204,0.49636482329177356,-0.2516533280611264,0.0,0.16973527124446464,0.3035448234259199,-19.713493901275953,19.713493901275953,0.0,0.0,0.0,0.0,0.0,0.0,0.0,0.0,0.0,0.0,
ABOVE_THRESHOLD_NOMINAL_mu0.6_F60_r0.40_y+0.000,ramp,0.12,0.026301909959758306,0.0,0.044754630213018155,0.49630190995975826,-0.2516533280611264,0.0,0.16728360874446463,0.3021807460425168,-19.713493901275953,19.713493901275953,0.0,0.0,0.0,0.0,0.0,0.0,0.0,0.0,0.0,0.0,
ABOVE_THRESHOLD_NOMINAL_mu0.6_F60_r0.40_y+0.000,ramp,0.12025,0.026238996627743025,0.0,0.044795838199579274,0.496238996627743,-0.2516533280611264,0.0,0.16483194624446462,0.30083046392773954,-19.713493901275953,19.713493901275953,0.0,0.0,0.0,0.0,0.0,0.0,0.0,0.0,0.0,0.0,
ABOVE_THRESHOLD_NOMINAL_mu0.6_F60_r0.40_y+0.000,ramp,0.1205,0.026176083295727744,0.0,0.04483643327051539,0.4961760832957277,-0.2516533280611264,0.0,0.16238028374446462,0.2994941636713039,-19.713493901275953,19.713493901275953,0.0,0.0,0.0,0.0,0.0,0.0,0.0,0.0,0.0,0.0,
ABOVE_THRESHOLD_NOMINAL_mu0.6_F60_r0.40_y+0.000,ramp,0.12075,0.026113169963712463,0.0,0.04487641542582651,0.49611316996371246,-0.2516533280611264,0.0,0.1599286212444646,0.2981720332583127,-19.713493901275953,19.713493901275953,0.0,0.0,0.0,0.0,0.0,0.0,0.0,0.0,0.0,0.0,
ABOVE_THRESHOLD_NOMINAL_mu0.6_F60_r0.40_y+0.000,ramp,0.121,0.02605025663169718,0.0,0.044915784665512624,0.49605025663169716,-0.2516533280611264,0.0,0.1574769587444646,0.29686426201152394,-19.713493901275953,19.713493901275953,0.0,0.0,0.0,0.0,0.0,0.0,0.0,0.0,0.0,0.0,
ABOVE_THRESHOLD_NOMINAL_mu0.6_F60_r0.40_y+0.000,ramp,0.12125,0.0259873432996819,0.0,0.044954540989573744,0.49598734329968186,-0.2516533280611264,0.0,0.1550252962444646,0.29557104052989513,-19.713493901275953,19.713493901275953,0.0,0.0,0.0,0.0,0.0,0.0,0.0,0.0,0.0,0.0,
ABOVE_THRESHOLD_NOMINAL_mu0.6_F60_r0.40_y+0.000,ramp,0.1215,0.02592442996766662,0.0,0.04499268439800986,0.4959244299676666,-0.2516533280611264,0.0,0.1525736337444646,0.29429256062332076,-19.713493901275953,19.713493901275953,0.0,0.0,0.0,0.0,0.0,0.0,0.0,0.0,0.0,0.0,
ABOVE_THRESHOLD_NOMINAL_mu0.6_F60_r0.40_y+0.000,ramp,0.12175,0.025861516635651338,0.0,0.04503021489082098,0.4958615166356513,-0.2516533280611264,0.0,0.15012197124446458,0.2930290152434819,-19.713493901275953,19.713493901275953,0.0,0.0,0.0,0.0,0.0,0.0,0.0,0.0,0.0,0.0,
ABOVE_THRESHOLD_NOMINAL_mu0.6_F60_r0.40_y+0.000,ramp,0.122,0.025798603303636057,0.0,0.045067132468007094,0.495798603303636,-0.2516533280611264,0.0,0.14767030874446457,0.2917805984107346,-19.713493901275953,19.713493901275953,0.0,0.0,0.0,0.0,0.0,0.0,0.0,0.0,0.0,0.0,
ABOVE_THRESHOLD_NOMINAL_mu0.6_F60_r0.40_y+0.000,ramp,0.12225,0.025735689971620776,0.0,0.045103437129568213,0.49573568997162076,-0.2516533280611264,0.0,0.14521864624446457,0.290547505136967,-19.713493901275953,19.713493901275953,0.0,0.0,0.0,0.0,0.0,0.0,0.0,0.0,0.0,0.0,
ABOVE_THRESHOLD_NOMINAL_mu0.6_F60_r0.40_y+0.000,ramp,0.1225,0.025672776639605495,0.0,0.04513912887550433,0.49567277663960546,-0.2516533280611264,0.0,0.14276698374446456,0.2893299313443618,-19.713493901275953,19.713493901275953,0.0,0.0,0.0,0.0,0.0,0.0,0.0,0.0,0.0,0.0,
ABOVE_THRESHOLD_NOMINAL_mu0.6_F60_r0.40_y+0.000,ramp,0.12275,0.025609863307590214,0.0,0.04517420770581545,0.49560986330759016,-0.2516533280611264,0.0,0.14031532124446455,0.2881280737800088,-19.713493901275953,19.713493901275953,0.0,0.0,0.0,0.0,0.0,0.0,0.0,0.0,0.0,0.0,
ABOVE_THRESHOLD_NOMINAL_mu0.6_F60_r0.40_y+0.000,ramp,0.123,0.025546949975574933,0.0,0.045208673620501565,0.4955469499755749,-0.2516533280611264,0.0,0.13786365874446455,0.28694212992631646,-19.713493901275953,19.713493901275953,0.0,0.0,0.0,0.0,0.0,0.0,0.0,0.0,0.0,0.0,
ABOVE_THRESHOLD_NOMINAL_mu0.6_F60_r0.40_y+0.000,ramp,0.12325,0.02548403664355965,0.0,0.045242526619562684,0.4954840366435596,-0.2516533280611264,0.0,0.13541199624446454,0.28577229790718306,-19.713493901275953,19.713493901275953,0.0,0.0,0.0,0.0,0.0,0.0,0.0,0.0,0.0,0.0,
ABOVE_THRESHOLD_NOMINAL_mu0.6_F60_r0.40_y+0.000,ramp,0.1235,0.02542112331154437,0.0,0.0452757667029988,0.49542112331154436,-0.2516533280611264,0.0,0.13296033374446453,0.2846187763898937,-19.713493901275953,19.713493901275953,0.0,0.0,0.0,0.0,0.0,0.0,0.0,0.0,0.0,0.0,
ABOVE_THRESHOLD_NOMINAL_mu0.6_F60_r0.40_y+0.000,ramp,0.12375,0.02535820997952909,0.0,0.04530839387080992,0.49535820997952906,-0.2516533280611264,0.0,0.13050867124446452,0.28348176448272056,-19.713493901275953,19.713493901275953,0.0,0.0,0.0,0.0,0.0,0.0,0.0,0.0,0.0,0.0,
ABOVE_THRESHOLD_NOMINAL_mu0.6_F60_r0.40_y+0.000,ramp,0.124,0.02529529664751381,0.0,0.045340408122996036,0.49529529664751376,-0.2516533280611264,0.0,0.12805700874446452,0.28236146162821296,-19.713493901275953,19.713493901275953,0.0,0.0,0.0,0.0,0.0,0.0,0.0,0.0,0.0,0.0,
ABOVE_THRESHOLD_NOMINAL_mu0.6_F60_r0.40_y+0.000,ramp,0.12425,0.025232383315498527,0.0,0.045371809459557155,0.4952323833154985,-0.2516533280611264,0.0,0.1256053462444645,0.28125806749217475,-19.713493901275953,19.713493901275953,0.0,0.0,0.0,0.0,0.0,0.0,0.0,0.0,0.0,0.0,
ABOVE_THRESHOLD_NOMINAL_mu0.6_F60_r0.40_y+0.000,ramp,0.1245,0.025169469983483246,0.0,0.04540259788049327,0.4951694699834832,-0.2516533280611264,0.0,0.1231536837444645,0.28017178184833763,-19.713493901275953,19.713493901275953,0.0,0.0,0.0,0.0,0.0,0.0,0.0,0.0,0.0,0.0,
ABOVE_THRESHOLD_NOMINAL_mu0.6_F60_r0.40_y+0.000,ramp,0.12475,0.025106556651467965,0.0,0.045432773385804384,0.49510655665146797,-0.2516533280611264,0.0,0.1207020212444645,0.27910280445875146,-19.713493901275953,19.713493901275953,0.0,0.0,0.0,0.0,0.0,0.0,0.0,0.0,0.0,0.0,
ABOVE_THRESHOLD_NOMINAL_mu0.6_F60_r0.40_y+0.000,ramp,0.125,0.025043643319452684,0.0,0.0454623359754905,0.49504364331945266,-0.2516533280611264,0.0,0.11825035874446449,0.2780513349499251,-19.713493901275953,19.713493901275953,0.0,0.0,0.0,0.0,0.0,0.0,0.0,0.0,0.0,0.0,
ABOVE_THRESHOLD_NOMINAL_mu0.6_F60_r0.40_y+0.000,ramp,0.12525,0.024980729987437403,0.0,0.04549128564955161,0.49498072998743736,-0.2516533280611264,0.0,0.11579869624446448,0.2770175726847643,-19.713493901275953,19.713493901275953,0.0,0.0,0.0,0.0,0.0,0.0,0.0,0.0,0.0,0.0,
ABOVE_THRESHOLD_NOMINAL_mu0.6_F60_r0.40_y+0.000,ramp,0.1255,0.02491781665542212,0.0,0.04551962240798773,0.4949178166554221,-0.2516533280611264,0.0,0.11334703374446448,0.2760017166303675,-19.713493901275953,19.713493901275953,0.0,0.0,0.0,0.0,0.0,0.0,0.0,0.0,0.0,0.0,
ABOVE_THRESHOLD_NOMINAL_mu0.6_F60_r0.40_y+0.000,ramp,0.12575,0.02485490332340684,0.0,0.04554734625079884,0.4948549033234068,-0.2516533280611264,0.0,0.11089537124446447,0.2750039652217555,-19.713493901275953,19.713493901275953,0.0,0.0,0.0,0.0,0.0,0.0,0.0,0.0,0.0,0.0,
ABOVE_THRESHOLD_NOMINAL_mu0.6_F60_r0.40_y+0.000,ramp,0.126,0.02479198999139156,0.0,0.04557445717798496,0.4947919899913915,-0.2516533280611264,0.0,0.10844370874446446,0.27402451622162416,-19.713493901275953,19.713493901275953,0.0,0.0,0.0,0.0,0.0,0.0,0.0,0.0,0.0,0.0,
ABOVE_THRESHOLD_NOMINAL_mu0.6_F60_r0.40_y+0.000,ramp,0.12625,0.02472907665937628,0.0,0.04560095518954607,0.49472907665937627,-0.2516533280611264,0.0,0.10599204624446446,0.2730635665762271,-19.713493901275953,19.713493901275953,0.0,0.0,0.0,0.0,0.0,0.0,0.0,0.0,0.0,0.0,
ABOVE_THRESHOLD_NOMINAL_mu0.6_F60_r0.40_y+0.000,ramp,0.1265,0.024666163327360997,0.0,0.04562684028548219,0.49466616332736096,-0.2516533280611264,0.0,0.10354038374446445,0.27212131226751035,-19.713493901275953,19.713493901275953,0.0,0.0,0.0,0.0,0.0,0.0,0.0,0.0,0.0,0.0,
ABOVE_THRESHOLD_NOMINAL_mu0.6_F60_r0.40_y+0.000,ramp,0.12675,0.024603249995345716,0.0,0.0456521124657933,0.49460324999534566,-0.2516533280611264,0.0,0.10108872124446444,0.271197948161637,-19.713493901275953,19.713493901275953,0.0,0.0,0.0,0.0,0.0,0.0,0.0,0.0,0.0,0.0,
ABOVE_THRESHOLD_NOMINAL_mu0.6_F60_r0.40_y+0.000,ramp,0.127,0.024540336663330435,0.0,0.04567677173047942,0.4945403366633304,-0.2516533280611264,0.0,0.09863705874446443,0.270293667854058,-19.713493901275953,19.713493901275953,0.0,0.0,0.0,0.0,0.0,0.0,0.0,0.0,0.0,0.0,
ABOVE_THRESHOLD_NOMINAL_mu0.6_F60_r0.40_y+0.000,ramp,0.12725,0.024477423331315154,0.0,0.04570081807954053,0.4944774233313151,-0.2516533280611264,0.0,0.09618539624446443,0.26940866351130127,-19.713493901275953,19.713493901275953,0.0,0.0,0.0,0.0,0.0,0.0,0.0,0.0,0.0,0.0,
ABOVE_THRESHOLD_NOMINAL_mu0.6_F60_r0.40_y+0.000,ramp,0.1275,0.024414509999299873,0.0,0.04572425151297665,0.49441450999929987,-0.2516533280611264,0.0,0.09373373374446442,0.26854312570966893,-19.713493901275953,19.713493901275953,0.0,0.0,0.0,0.0,0.0,0.0,0.0,0.0,0.0,0.0,
ABOVE_THRESHOLD_NOMINAL_mu0.6_F60_r0.40_y+0.000,ramp,0.12775,0.024351596667284592,0.0,0.04574707203078776,0.49435159666728457,-0.2516533280611264,0.0,0.09128207124446441,0.26769724327105127,-19.713493901275953,19.713493901275953,0.0,0.0,0.0,0.0,0.0,0.0,0.0,0.0,0.0,0.0,
ABOVE_THRESHOLD_NOMINAL_mu0.6_F60_r0.40_y+0.000,ramp,0.128,0.02428868333526931,0.0,0.04576927963297388,0.49428868333526926,-0.2516533280611264,0.0,0.0888304087444644,0.26687120309608064,-19.713493901275953,19.713493901275953,0.0,0.0,0.0,0.0,0.0,0.0,0.0,0.0,0.0,0.0,
ABOVE_THRESHOLD_NOMINAL_mu0.6_F60_r0.40_y+0.000,ramp,0.12825,0.02422577000325403,0.0,0.04579087431953499,0.494225770003254,-0.2516533280611264,0.0,0.0863787462444644,0.2660651899948704,-19.713493901275953,19.713493901275953,0.0,0.0,0.0,0.0,0.0,0.0,0.0,0.0,0.0,0.0,
ABOVE_THRESHOLD_NOMINAL_mu0.6_F60_r0.40_y+0.000,ramp,0.1285,0.02416285667123875,0.0,0.04581185609047111,0.4941628566712387,-0.2516533280611264,0.0,0.08392708374446439,0.2652793865155965,-19.713493901275953,19.713493901275953,0.0,0.0,0.0,0.0,0.0,0.0,0.0,0.0,0.0,0.0,
ABOVE_THRESHOLD_NOMINAL_mu0.6_F60_r0.40_y+0.000,ramp,0.12875,0.024099943339223467,0.0,0.04583222494578222,0.49409994333922347,-0.2516533280611264,0.0,0.08147542124446439,0.2645139727712013,-19.713493901275953,19.713493901275953,0.0,0.0,0.0,0.0,0.0,0.0,0.0,0.0,0.0,0.0,
ABOVE_THRESHOLD_NOMINAL_mu0.6_F60_r0.40_y+0.000,ramp,0.129,0.024037030007208186,0.0,0.04585198088546834,0.49403703000720817,-0.2516533280611264,0.0,0.07902375874446438,0.26376912626451227,-19.713493901275953,19.713493901275953,0.0,0.0,0.0,0.0,0.0,0.0,0.0,0.0,0.0,0.0,
ABOVE_THRESHOLD_NOMINAL_mu0.6_F60_r0.40_y+0.000,ramp,0.12925,0.023974116675192905,0.0,0.04587112390952945,0.49397411667519286,-0.2516533280611264,0.0,0.07657209624446437,0.2630450217120872,-19.713493901275953,19.713493901275953,0.0,0.0,0.0,0.0,0.0,0.0,0.0,0.0,0.0,0.0,
ABOVE_THRESHOLD_NOMINAL_mu0.6_F60_r0.40_y+0.000,ramp,0.1295,0.023911203343177624,0.0,0.04588965401796557,0.4939112033431776,-0.2516533280611264,0.0,0.07412043374446436,0.2623418308671121,-19.713493901275953,19.713493901275953,0.0,0.0,0.0,0.0,0.0,0.0,0.0,0.0,0.0,0.0,
ABOVE_THRESHOLD_NOMINAL_mu0.6_F60_r0.40_y+0.000,ramp,0.12975,0.023848290011162343,0.0,0.04590757121077668,0.4938482900111623,-0.2516533280611264,0.0,0.07166877124446436,0.26165972234169377,-19.713493901275953,19.713493901275953,0.0,0.0,0.0,0.0,0.0,0.0,0.0,0.0,0.0,0.0,
ABOVE_THRESHOLD_NOMINAL_mu0.6_F60_r0.40_y+0.000,ramp,0.13,0.023785376679147062,0.0,0.0459248754879628,0.493785376679147,-0.2516533280611264,0.0,0.06921710874446435,0.2609988614289034,-19.713493901275953,19.713493901275953,0.0,0.0,0.0,0.0,0.0,0.0,0.0,0.0,0.0,0.0,
ABOVE_THRESHOLD_NOMINAL_mu0.6_F60_r0.40_y+0.000,ramp,0.13025,0.02372246334713178,0.0,0.04594156684952391,0.49372246334713177,-0.2516533280611264,0.0,0.06676544624446434,0.26035940992494083,-19.713493901275953,19.713493901275953,0.0,0.0,0.0,0.0,0.0,0.0,0.0,0.0,0.0,0.0,
ABOVE_THRESHOLD_NOMINAL_mu0.6_F60_r0.40_y+0.000,ramp,0.1305,0.0236595500151165,0.0,0.04595764529546003,0.49365955001511647,-0.2516533280611264,0.0,0.06431378374446434,0.259741525951802,-19.713493901275953,19.713493901275953,0.0,0.0,0.0,0.0,0.0,0.0,0.0,0.0,0.0,0.0,
ABOVE_THRESHOLD_NOMINAL_mu0.6_F60_r0.40_y+0.000,ramp,0.13075,0.02359663668310122,0.0,0.045973110825771143,0.49359663668310116,-0.2516533280611264,0.0,0.06186212124446434,0.2591453637808435,-19.713493901275953,19.713493901275953,0.0,0.0,0.0,0.0,0.0,0.0,0.0,0.0,0.0,0.0,
ABOVE_THRESHOLD_NOMINAL_mu0.6_F60_r0.40_y+0.000,ramp,0.131,0.023533723351085938,0.0,0.04598796344045726,0.4935337233510859,-0.2516533280611264,0.0,0.05941045874446434,0.2585710736576476,-19.713493901275953,19.713493901275953,0.0,0.0,0.0,0.0,0.0,0.0,0.0,0.0,0.0,0.0,
ABOVE_THRESHOLD_NOMINAL_mu0.6_F60_r0.40_y+0.000,ramp,0.13125,0.023470810019070656,0.0,0.046002203139518374,0.4934708100190706,-0.2516533280611264,0.0,0.05695879624446434,0.2580188016286009,-19.713493901275953,19.713493901275953,0.0,0.0,0.0,0.0,0.0,0.0,0.0,0.0,0.0,0.0,
ABOVE_THRESHOLD_NOMINAL_mu0.6_F60_r0.40_y+0.000,ramp,0.1315,0.023407896687055375,0.0,0.04601582992295449,0.49340789668705537,-0.2516533280611264,0.0,0.05450713374446434,0.2574886893696067,-19.713493901275953,19.713493901275953,0.0,0.0,0.0,0.0,0.0,0.0,0.0,0.0,0.0,0.0,
ABOVE_THRESHOLD_NOMINAL_mu0.6_F60_r0.40_y+0.000,ramp,0.13175,0.023344983355040094,0.0,0.046028843790765606,0.49334498335504007,-0.2516533280611264,0.0,0.05205547124446434,0.2569808740173559,-19.713493901275953,19.713493901275953,0.0,0.0,0.0,0.0,0.0,0.0,0.0,0.0,0.0,0.0,
ABOVE_THRESHOLD_NOMINAL_mu0.6_F60_r0.40_y+0.000,ramp,0.132,0.023282070023024813,0.0,0.04604124474295172,0.49328207002302477,-0.2516533280611264,0.0,0.04960380874446434,0.2564954880035871,-19.713493901275953,19.713493901275953,0.0,0.0,0.0,0.0,0.0,0.0,0.0,0.0,0.0,0.0,
ABOVE_THRESHOLD_NOMINAL_mu0.6_F60_r0.40_y+0.000,ramp,0.13225,0.023219156691009532,0.0,0.04605303277951284,0.4932191566910095,-0.2516533280611264,0.0,0.04715214624446434,0.25603265889276755,-19.713493901275953,19.713493901275953,0.0,0.0,0.0,0.0,0.0,0.0,0.0,0.0,0.0,0.0,
ABOVE_THRESHOLD_NOMINAL_mu0.6_F60_r0.40_y+0.000,ramp,0.1325,0.02315624335899425,0.0,0.046064207900448954,0.4931562433589942,-0.2516533280611264,0.0,0.04470048374446434,0.25559250922362736,-19.713493901275953,19.713493901275953,0.0,0.0,0.0,0.0,0.0,0.0,0.0,0.0,0.0,0.0,
ABOVE_THRESHOLD_NOMINAL_mu0.6_F60_r0.40_y+0.000,ramp,0.13275,0.02309333002697897,0.0,0.04607477010576007,0.49309333002697897,-0.2516533280611264,0.0,0.04224882124446434,0.2551751563549783,-19.713493901275953,19.713493901275953,0.0,0.0,0.0,0.0,0.0,0.0,0.0,0.0,0.0,0.0,
ABOVE_THRESHOLD_NOMINAL_mu0.6_F60_r0.40_y+0.000,ramp,0.133,0.02303041669496369,0.0,0.046084719395446186,0.49303041669496367,-0.2516533280611264,0.0,0.03979715874446434,0.25478071231624466,-19.713493901275953,19.713493901275953,0.0,0.0,0.0,0.0,0.0,0.0,0.0,0.0,0.0,0.0,
ABOVE_THRESHOLD_NOMINAL_mu0.6_F60_r0.40_y+0.000,ramp,0.13325,0.022967503362948408,0.0,0.0460940557695073,0.49296750336294837,-0.2516533280611264,0.0,0.037345496244464337,0.25440928366312854,-19.713493901275953,19.713493901275953,0.0,0.0,0.0,0.0,0.0,0.0,0.0,0.0,0.0,0.0,
ABOVE_THRESHOLD_NOMINAL_mu0.6_F60_r0.40_y+0.000,ramp,0.1335,0.022904590030933127,0.0,0.04610277922794342,0.4929045900309331,-0.2516533280611264,0.0,0.034893833744464336,0.25406097133882494,-19.713493901275953,19.713493901275953,0.0,0.0,0.0,0.0,0.0,0.0,0.0,0.0,0.0,0.0,
ABOVE_THRESHOLD_NOMINAL_mu0.6_F60_r0.40_y+0.000,ramp,0.13375,0.022841676698917845,0.0,0.04611088977075453,0.4928416766989178,-0.2516533280611264,0.0,0.032442171244464336,0.25373587054119107,-19.713493901275953,19.713493901275953,0.0,0.0,0.0,0.0,0.0,0.0,0.0,0.0,0.0,0.0,
ABOVE_THRESHOLD_NOMINAL_mu0.6_F60_r0.40_y+0.000,ramp,0.134,0.022778763366902564,0.0,0.04611838739794065,0.4927787633669025,-0.2516533280611264,0.0,0.029990508744464336,0.25343407059626516,-19.713493901275953,19.713493901275953,0.0,0.0,0.0,0.0,0.0,0.0,0.0,0.0,0.0,0.0,
ABOVE_THRESHOLD_NOMINAL_mu0.6_F60_r0.40_y+0.000,ramp,0.13425,0.022715850034887283,0.0,0.046125272109501764,0.49271585003488727,-0.2516533280611264,0.0,0.027538846244464336,0.25315565483851465,-19.713493901275953,19.713493901275953,0.0,0.0,0.0,0.0,0.0,0.0,0.0,0.0,0.0,0.0,
ABOVE_THRESHOLD_NOMINAL_mu0.6_F60_r0.40_y+0.000,ramp,0.1345,0.022652936702872002,0.0,0.04613154390543788,0.49265293670287197,-0.2516533280611264,0.0,0.025087183744464336,0.2529007004981786,-19.713493901275953,19.713493901275953,0.0,0.0,0.0,0.0,0.0,0.0,0.0,0.0,0.0,0.0,
ABOVE_THRESHOLD_NOMINAL_mu0.6_F60_r0.40_y+0.000,ramp,0.13475,0.02259002337085672,0.0,0.046137202785748996,0.49259002337085667,-0.2516533280611264,0.0,0.022635521244464336,0.2526692785960523,-19.713493901275953,19.713493901275953,0.0,0.0,0.0,0.0,0.0,0.0,0.0,0.0,0.0,0.0,
ABOVE_THRESHOLD_NOMINAL_mu0.6_F60_r0.40_y+0.000,ramp,0.135,0.02252711003884144,0.0,0.046142248750435114,0.4925271100388414,-0.2516533280611264,0.0,0.020183858744464336,0.2524614538460424,-19.713493901275953,19.713493901275953,0.0,0.0,0.0,0.0,0.0,0.0,0.0,0.0,0.0,0.0,
ABOVE_THRESHOLD_NOMINAL_mu0.6_F60_r0.40_y+0.000,ramp,0.13525,0.02246419670682616,0.0,0.04614668179949623,0.4924641967068261,-0.2516533280611264,0.0,0.017732196244464336,0.25227728456579895,-19.713493901275953,19.713493901275953,0.0,0.0,0.0,0.0,0.0,0.0,0.0,0.0,0.0,0.0,
ABOVE_THRESHOLD_NOMINAL_mu0.6_F60_r0.40_y+0.000,ramp,0.1355,0.022401283374810878,0.0,0.046150501932932346,0.49240128337481087,-0.2516533280611264,0.0,0.015280533744464336,0.25211682259570983,-19.713493901275953,19.713493901275953,0.0,0.0,0.0,0.0,0.0,0.0,0.0,0.0,0.0,0.0,
ABOVE_THRESHOLD_NOMINAL_mu0.6_F60_r0.40_y+0.000,ramp,0.13575,0.022338370042795597,0.0,0.04615370915074346,0.49233837004279557,-0.2516533280611264,0.0,0.012828871244464336,0.25198011322651626,-19.713493901275953,19.713493901275953,0.0,0.0,0.0,0.0,0.0,0.0,0.0,0.0,0.0,0.0,
ABOVE_THRESHOLD_NOMINAL_mu0.6_F60_r0.40_y+0.000,ramp,0.136,0.022275456710780316,0.0,0.04615630345292958,0.49227545671078027,-0.2516533280611264,0.0,0.010377208744464336,0.251867195135784,-19.713493901275953,19.713493901275953,0.0,0.0,0.0,0.0,0.0,0.0,0.0,0.0,0.0,0.0,
ABOVE_THRESHOLD_NOMINAL_mu0.6_F60_r0.40_y+0.000,ramp,0.13625,0.022212543378765034,0.0,0.04615828483949069,0.492212543378765,-0.2516533280611264,0.0,0.007925546244464336,0.25177810033343656,-19.713493901275953,19.713493901275953,0.0,0.0,0.0,0.0,0.0,0.0,0.0,0.0,0.0,0.0,
ABOVE_THRESHOLD_NOMINAL_mu0.6_F60_r0.40_y+0.000,ramp,0.1365,0.022149630046749753,0.0,0.04615965331042681,0.4921496300467497,-0.2516533280611264,0.0,0.005473883744464336,0.2517128541165286,-19.713493901275953,19.713493901275953,0.0,0.0,0.0,0.0,0.0,0.0,0.0,0.0,0.0,0.0,
ABOVE_THRESHOLD_NOMINAL_mu0.6_F60_r0.40_y+0.000,ramp,0.13675,0.022086716714734472,0.0,0.046160408865737926,0.4920867167147345,-0.2516533280611264,0.0,0.003022221244464336,0.2516714750334082,-19.713493901275953,19.713493901275953,0.0,0.0,0.0,0.0,0.0,0.0,0.0,0.0,0.0,0.0,
ABOVE_THRESHOLD_NOMINAL_mu0.6_F60_r0.40_y+0.000,ramp,0.137,0.02202380338271919,0.0,0.046160551505424044,0.49202380338271917,-0.2516533280611264,0.0,0.0005705587444643362,0.25165397485738583,-19.713493901275953,19.713493901275953,0.0,0.0,0.0,0.0,0.0,0.0,0.0,0.0,0.0,0.0,
ABOVE_THRESHOLD_NOMINAL_mu0.6_F60_r0.40_y+0.000,ramp,0.13725,0.02196089005070391,0.0,0.04616008122948516,0.49196089005070387,-0.2516533280611264,0.0,-0.0018811037555356638,0.2516603585699981,-19.713493901275953,19.713493901275953,0.0,0.0,0.0,0.0,0.0,0.0,0.0,0.0,0.0,0.0,
ABOVE_THRESHOLD_NOMINAL_mu0.6_F60_r0.40_y+0.000,ramp,0.1375,0.02189797671868863,0.0,0.04615899803792128,0.4918979767186886,-0.2516533280611264,0.0,-0.004332766255535664,0.2516906243539199,-19.713493901275953,19.713493901275953,0.0,0.0,0.0,0.0,0.0,0.0,0.0,0.0,0.0,0.0,
ABOVE_THRESHOLD_NOMINAL_mu0.6_F60_r0.40_y+0.000,ramp,0.13775,0.021835063386673348,0.0,0.04615730193073239,0.4918350633866733,-0.2516533280611264,0.0,-0.006784428755535664,0.251744763595551,-19.713493901275953,19.713493901275953,0.0,0.0,0.0,0.0,0.0,0.0,0.0,0.0,0.0,0.0,
ABOVE_THRESHOLD_NOMINAL_mu0.6_F60_r0.40_y+0.000,ramp,0.138,0.021772150054658067,0.0,0.04615499290791851,0.491772150054658,-0.2516533280611264,0.0,-0.009236091255535664,0.2518227608972658,-19.713493901275953,19.713493901275953,0.0,0.0,0.0,0.0,0.0,0.0,0.0,0.0,0.0,0.0,
ABOVE_THRESHOLD_NOMINAL_mu0.6_F60_r0.40_y+0.000,ramp,0.13825,0.021709236722642786,0.0,0.046152070969479625,0.4917092367226428,-0.2516533280611264,0.0,-0.011687753755535664,0.25192459409928786,-19.713493901275953,19.713493901275953,0.0,0.0,0.0,0.0,0.0,0.0,0.0,0.0,0.0,0.0,
ABOVE_THRESHOLD_NOMINAL_mu0.6_F60_r0.40_y+0.000,ramp,0.1385,0.021646323390627505,0.0,0.04614853611541574,0.49164632339062747,-0.2516533280611264,0.0,-0.014139416255535664,0.2520502343111155,-19.713493901275953,19.713493901275953,0.0,0.0,0.0,0.0,0.0,0.0,0.0,0.0,0.0,0.0,
ABOVE_THRESHOLD_NOMINAL_mu0.6_F60_r0.40_y+0.000,ramp,0.13875,0.021583410058612224,0.0,0.04614438834572686,0.49158341005861217,-0.2516533280611264,0.0,-0.016591078755535664,0.2521996459523948,-19.713493901275953,19.713493901275953,0.0,0.0,0.0,0.0,0.0,0.0,0.0,0.0,0.0,0.0,
ABOVE_THRESHOLD_NOMINAL_mu0.6_F60_r0.40_y+0.000,ramp,0.139,0.021520496726596942,0.0,0.04613962766041298,0.4915204967265969,-0.2516533280611264,0.0,-0.019042741255535664,0.2523727868031064,-19.713493901275953,19.713493901275953,0.0,0.0,0.0,0.0,0.0,0.0,0.0,0.0,0.0,0.0,
ABOVE_THRESHOLD_NOMINAL_mu0.6_F60_r0.40_y+0.000,ramp,0.13925,0.02145758339458166,0.0,0.04613425405947409,0.4914575833945816,-0.2516533280611264,0.0,-0.021494403755535664,0.25256960806289996,-19.713493901275953,19.713493901275953,0.0,0.0,0.0,0.0,0.0,0.0,0.0,0.0,0.0,0.0,
ABOVE_THRESHOLD_NOMINAL_mu0.6_F60_r0.40_y+0.000,ramp,0.1395,0.02139467006256638,0.0,0.04612826754291021,0.4913946700625664,-0.2516533280611264,0.0,-0.023946066255535664,0.25279005441938457,-19.713493901275953,19.713493901275953,0.0,0.0,0.0,0.0,0.0,0.0,0.0,0.0,0.0,0.0,
ABOVE_THRESHOLD_NOMINAL_mu0.6_F60_r0.40_y+0.000,ramp,0.13975,0.0213317567305511,0.0,0.046121668110721326,0.4913317567305511,-0.2516533280611264,0.0,-0.026397728755535664,0.2530340641251524,-19.713493901275953,19.713493901275953,0.0,0.0,0.0,0.0,0.0,0.0,0.0,0.0,0.0,0.0,
ABOVE_THRESHOLD_NOMINAL_mu0.6_F60_r0.40_y+0.000,ramp,0.14,0.021268843398535818,0.0,0.046114455762907444,0.49126884339853577,-0.2516533280611264,0.0,-0.028849391255535664,0.2533015690832883,-19.713493901275953,19.713493901275953,0.0,0.0,0.0,0.0,0.0,0.0,0.0,0.0,0.0,0.0,
ABOVE_THRESHOLD_NOMINAL_mu0.6_F60_r0.40_y+0.000,ramp,0.14025,0.021205930066520537,0.0,0.04610663049946856,0.4912059300665205,-0.2516533280611264,0.0,-0.031301053755535664,0.25359249494109215,-19.713493901275953,19.713493901275953,0.0,0.0,0.0,0.0,0.0,0.0,0.0,0.0,0.0,0.0,
ABOVE_THRESHOLD_NOMINAL_mu0.6_F60_r0.40_y+0.000,ramp,0.1405,0.021143016734505256,0.0,0.04609819232040468,0.4911430167345052,-0.2516533280611264,0.0,-0.033752716255535664,0.253906761191717,-19.713493901275953,19.713493901275953,0.0,0.0,0.0,0.0,0.0,0.0,0.0,0.0,0.0,0.0,
ABOVE_THRESHOLD_NOMINAL_mu0.6_F60_r0.40_y+0.000,ramp,0.14075000000000001,0.021080103402489975,0.0,0.04608914122571579,0.49108010340249,-0.2516533280611264,0.0,-0.036204378755535664,0.25424428128340504,-19.713493901275953,19.713493901275953,0.0,0.0,0.0,0.0,0.0,0.0,0.0,0.0,0.0,0.0,
ABOVE_THRESHOLD_NOMINAL_mu0.6_F60_r0.40_y+0.000,ramp,0.14100000000000001,0.021017190070474694,0.0,0.04607947721540191,0.4910171900704747,-0.2516533280611264,0.0,-0.038656041255535664,0.2546049627359816,-19.713493901275953,19.713493901275953,0.0,0.0,0.0,0.0,0.0,0.0,0.0,0.0,0.0,0.0,
ABOVE_THRESHOLD_NOMINAL_mu0.6_F60_r0.40_y+0.000,ramp,0.14125000000000001,0.020954276738459413,0.0,0.04606920028946303,0.49095427673845937,-0.2516533280611264,0.0,-0.041107703755535664,0.2549887072642508,-19.713493901275953,19.713493901275953,0.0,0.0,0.0,0.0,0.0,0.0,0.0,0.0,0.0,0.0,
ABOVE_THRESHOLD_NOMINAL_mu0.6_F60_r0.40_y+0.000,ramp,0.14150000000000001,0.02089136340644413,0.0,0.046058310447899146,0.4908913634064441,-0.2516533280611264,0.0,-0.043559366255535664,0.25539541090791906,-19.713493901275953,19.713493901275953,0.0,0.0,0.0,0.0,0.0,0.0,0.0,0.0,0.0,0.0,
ABOVE_THRESHOLD_NOMINAL_mu0.6_F60_r0.40_y+0.000,ramp,0.14175000000000001,0.02082845007442885,0.0,0.04604680769071026,0.4908284500744288,-0.2516533280611264,0.0,-0.046011028755535664,0.25582496416765826,-19.713493901275953,19.713493901275953,0.0,0.0,0.0,0.0,0.0,0.0,0.0,0.0,0.0,0.0,
ABOVE_THRESHOLD_NOMINAL_mu0.6_F60_r0.40_y+0.000,ramp,0.14200000000000002,0.02076553674241357,0.0,0.04603469201789638,0.4907655367424135,-0.2516533280611264,0.0,-0.048462691255535664,0.25627725214690883,-19.713493901275953,19.713493901275953,0.0,0.0,0.0,0.0,0.0,0.0,0.0,0.0,0.0,0.0,
ABOVE_THRESHOLD_NOMINAL_mu0.6_F60_r0.40_y+0.000,ramp,0.14225000000000002,0.020702623410398288,0.0,0.046021963429457496,0.4907026234103983,-0.2516533280611264,0.0,-0.050914353755535664,0.25675215469901075,-19.713493901275953,19.713493901275953,0.0,0.0,0.0,0.0,0.0,0.0,0.0,0.0,0.0,0.0,
ABOVE_THRESHOLD_NOMINAL_mu0.6_F60_r0.40_y+0.000,ramp,0.14250000000000002,0.020639710078383007,0.0,0.046008621925393615,0.490639710078383,-0.2516533280611264,0.0,-0.053366016255535664,0.25724954657924476,-19.713493901275953,19.713493901275953,0.0,0.0,0.0,0.0,0.0,0.0,0.0,0.0,0.0,0.0,
ABOVE_THRESHOLD_NOMINAL_mu0.6_F60_r0.40_y+0.000,ramp,0.14275000000000002,0.020576796746367726,0.0,0.04599466750570473,0.49057679674636767,-0.2516533280611264,0.0,-0.055817678755535664,0.25776929760135725,-19.713493901275953,19.713493901275953,0.0,0.0,0.0,0.0,0.0,0.0,0.0,0.0,0.0,0.0,
ABOVE_THRESHOLD_NOMINAL_mu0.6_F60_r0.40_y+0.000,ramp,0.14300000000000002,0.020513883414352445,0.0,0.04598010017039085,0.4905138834143524,-0.2516533280611264,0.0,-0.058269341255535664,0.25831127279813976,-19.713493901275953,19.713493901275953,0.0,0.0,0.0,0.0,0.0,0.0,0.0,0.0,0.0,0.0,
ABOVE_THRESHOLD_NOMINAL_mu0.6_F60_r0.40_y+0.000,ramp,0.14325000000000002,0.020450970082337164,0.0,0.045964919919451966,0.4904509700823371,-0.2516533280611264,0.0,-0.060721003755535664,0.2588753325856303,-19.713493901275953,19.713493901275953,0.0,0.0,0.0,0.0,0.0,0.0,0.0,0.0,0.0,0.0,
ABOVE_THRESHOLD_NOMINAL_mu0.6_F60_r0.40_y+0.000,ramp,0.14350000000000002,0.020388056750321883,0.0,0.045949126752888085,0.4903880567503219,-0.2516533280611264,0.0,-0.06317266625553566,0.2594613329305047,-19.713493901275953,19.713493901275953,0.0,0.0,0.0,0.0,0.0,0.0,0.0,0.0,0.0,0.0,
ABOVE_THRESHOLD_NOMINAL_mu0.6_F60_r0.40_y+0.000,ramp,0.14375000000000002,0.0203251434183066,0.0,0.0459327206706992,0.4903251434183066,-0.2516533280611264,0.0,-0.06562432875553567,0.2600691255202269,-19.713493901275953,19.713493901275953,0.0,0.0,0.0,0.0,0.0,0.0,0.0,0.0,0.0,0.0,
ABOVE_THRESHOLD_NOMINAL_mu0.6_F60_r0.40_y+0.000,ramp,0.14400000000000002,0.02026223008629132,0.0,0.04591570167288532,0.4902622300862913,-0.2516533280611264,0.0,-0.06807599125553568,0.2606985579355296,-19.713493901275953,19.713493901275953,0.0,0.0,0.0,0.0,0.0,0.0,0.0,0.0,0.0,0.0,
ABOVE_THRESHOLD_NOMINAL_mu0.6_F60_r0.40_y+0.000,ramp,0.14425,0.020199316731554208,0.0,0.04589806983406981,0.4901993167315542,-0.25165341894844584,0.0,-0.07052735526201684,0.26134948078903225,-19.713492956395147,19.713492956395147,1.0573715868535723e-08,1.0573715868535723e-08,1.1181868044409494e-06,0.0001274671587885799,0.0001274671587885799,7.648029527314793e-05,7.648029527314793e-05,1.112340940791503,1.112340940791503,0.0,
ABOVE_THRESHOLD_NOMINAL_mu0.6_F60_r0.40_y+0.000,ramp,0.1445,0.020136400928834567,0.0,0.04587983315813057,0.49013640092883454,-0.2516632108785684,0.0,-0.07294670375696743,0.2620221236817944,-19.713390987881336,19.713390987881336,1.1420385138054636e-06,1.1420385138054636e-06,2.5360030545610588e-05,0.013762710427012567,0.013762710427012567,0.00825762625620754,0.00825762625620754,1.114121724883008,1.114121724883008,0.0,
ABOVE_THRESHOLD_NOMINAL_mu0.6_F60_r0.40_y+0.000,ramp,0.14475,0.020073478774894734,0.0,0.045861004625654685,0.4900734787748947,-0.25168861575933565,0.0,-0.07531412990355738,0.26271539251817816,-19.713127371388516,19.713127371388516,2.969804643986315e-06,2.969804643986315e-06,4.7956542033147505e-05,0.03578317275506188,0.03578317275506188,0.02146990365303713,0.02146990365303713,1.1158683829209228,1.1158683829209228,0.0,
ABOVE_THRESHOLD_NOMINAL_mu0.6_F60_r0.40_y+0.000,ramp,0.145,0.02001054555659866,0.0,0.04584160003405687,0.4900105455565986,-0.2517328731842974,0.0,-0.0776183663912524,0.26342750471973925,-19.71266996660473,19.71266996660473,5.18494346441062e-06,5.18494346441062e-06,6.953315823129657e-05,0.062465469149538703,0.062465469149538703,0.037479281489723223,0.037479281489723223,1.1175581250572377,1.1175581250572377,0.0,
ABOVE_THRESHOLD_NOMINAL_mu0.6_F60_r0.40_y+0.000,ramp,0.14525,0.019947595991524836,0.0,0.045821637223137895,0.4899475959915248,-0.2517982602952909,0.0,-0.07985124367589921,0.2641563646863783,-19.711997044086445,19.711997044086445,7.676139063820777e-06,7.676139063820777e-06,9.032150416911431e-05,0.09246834301928732,0.09246834301928732,0.055481005811572386,0.055481005811572386,1.119178164594922,1.119178164594922,0.0,
ABOVE_THRESHOLD_NOMINAL_mu0.6_F60_r0.40_y+0.000,ramp,0.1455,0.01988462436176564,0.0,0.045801135641926435,0.4898846243617656,-0.25188651903679493,0.0,-0.08200632484584211,0.2648997089224438,-19.711092755211887,19.711092755211887,1.0381055045320813e-05,1.0381055045320813e-05,0.00011045624321087386,0.12504090585258995,0.12504090585258995,0.07502454351155396,0.07502454351155396,1.120719309095731,1.120719309095731,0.0,
ABOVE_THRESHOLD_NOMINAL_mu0.6_F60_r0.40_y+0.000,ramp,0.14575,0.01982162459970269,0.0,0.045780116066934266,0.4898216245997027,-0.2519990482517892,0.0,-0.08407829996868782,0.26565519164027684,-19.709945093701766,19.709945093701766,1.3259192296795425e-05,1.3259192296795425e-05,0.0001300291284621806,0.1596954632671368,0.1596954632671368,0.09581727796028205,0.09581727796028205,1.1221743764706789,1.1221743764706789,0.0,
ABOVE_THRESHOLD_NOMINAL_mu0.6_F60_r0.40_y+0.000,ramp,0.146,0.019758590347106995,0.0,0.04575860040339301,0.48975859034710695,-0.2521370103827729,0.0,-0.08606265416503024,0.26642044299695194,-19.708544764408195,19.708544764408195,1.6282070857714052e-05,1.6282070857714052e-05,0.00014910848780130993,0.19608917199173906,0.19608917199173906,0.11765350319504345,0.11765350319504345,1.1235374902550057,1.1235374902550057,0.0,
ABOVE_THRESHOLD_NOMINAL_mu0.6_F60_r0.40_y+0.000,ramp,0.14625,0.019695514997522548,0.0,0.04573661153779948,0.4896955149975225,-0.2523013983377927,0.0,-0.0879554623741216,0.26719311174626315,-19.70688447634063,19.70688447634063,1.9428668974527057e-05,1.9428668974527057e-05,0.0001677482396599605,0.23396906645576276,0.23396906645576276,0.14038143987345766,0.14038143987345766,1.1248036923493694,1.1248036923493694,0.0,
ABOVE_THRESHOLD_NOMINAL_mu0.6_F60_r0.40_y+0.000,ramp,0.1465,0.01963239172730477,0.0,0.04571417322482317,0.48963239172730477,-0.2524930808711094,0.0,-0.08975325190524089,0.2679708978888383,-19.704958465025655,19.704958465025655,2.2682973670349622e-05,2.2682973670349622e-05,0.0001859927138334865,0.2731425365948161,0.2731425365948161,0.16388552195688963,0.16388552195688963,1.1259687029807155,1.1259687029807155,0.0,
ABOVE_THRESHOLD_NOMINAL_mu0.6_F60_r0.40_y+0.000,ramp,0.14675,0.019569213518505203,0.0,0.045691309998586664,0.4895692135185052,-0.25271283519827203,0.0,-0.09145290494602902,0.2687515784084187,-19.702762151452745,19.702762151452745,2.6032531478875447e-05,2.6032531478875447e-05,0.0002038794908390988,0.31345986089479116,0.31345986089479116,0.1880759165368747,0.1880759165368747,1.1270287595867112,1.1270287595867112,0.0,
ABOVE_THRESHOLD_NOMINAL_mu0.6_F60_r0.40_y+0.000,ramp,0.147,0.01950597317563495,0.0,0.04566804710200391,0.48950597317563493,-0.25296137148101283,0.0,-0.09305158633102455,0.26953302799522566,-19.70029188825829,19.70029188825829,2.9467528853060903e-05,2.9467528853060903e-05,0.0002214411953594455,0.3548031236327572,0.3548031236327572,0.2128818741796543,0.2128818741796543,1.1279805023129947,1.1279805023129947,0.0,
ABOVE_THRESHOLD_NOMINAL_mu0.6_F60_r0.40_y+0.000,ramp,0.14725,0.019442663337670685,0.0,0.04564441042996602,0.48944266333767067,-0.25323935185706586,0.0,-0.09454668815157644,0.27031323602335544,-19.697544764662208,19.697544764662208,3.298017688805921e-05,3.298017688805921e-05,0.00023870669103435082,0.39707879998904,0.39707879998904,0.23824727999342402,0.23824727999342402,1.1288208890330351,1.1288208890330351,0.0,
ABOVE_THRESHOLD_NOMINAL_mu0.6_F60_r0.40_y+0.000,ramp,0.1475,0.019379276486255797,0.0,0.04562042648344738,0.4893792764862558,-0.2535474056595478,0.0,-0.09593578607455026,0.27109032068008104,-19.694518452652947,19.694518452652947,3.6564282153572334e-05,3.6564282153572334e-05,0.0002557019106919809,0.44021258430293553,0.44021258430293553,0.26412755058176124,0.26412755058176124,1.1295471300841877,1.1295471300841877,0.0,
ABOVE_THRESHOLD_NOMINAL_mu0.6_F60_r0.40_y+0.000,ramp,0.14775,0.01931580495078343,0.0,0.04559612233242687,0.4893158049507834,-0.25388614188946496,0.0,-0.09721660408204935,0.2718625409150063,-19.69121108311667,19.69121108311667,4.0214937138246404e-05,4.0214937138246404e-05,0.0002724504533940366,0.4841456599876829,0.4841456599876829,0.29048739599260975,0.29048739599260975,1.130156636730339,1.130156636730339,0.0,
ABOVE_THRESHOLD_NOMINAL_mu0.6_F60_r0.40_y+0.000,ramp,0.148,0.01925224091086884,0.0,0.045571525586067016,0.48925224091086883,-0.25425615965836246,0.0,-0.0983869854393896,0.2726283067256028,-19.687621144308306,19.687621144308306,4.392829074757217e-05,4.392829074757217e-05,0.000288974026242183,0.5288319343159597,0.5288319343159597,0.31729916058957586,0.31729916058957586,1.130646979506617,1.130646979506617,0.0,
ABOVE_THRESHOLD_NOMINAL_mu0.6_F60_r0.40_y+0.000,ramp,0.14825,0.019188576396593403,0.0,0.04554666436897229,0.48918857639659336,-0.25465805710174927,0.0,-0.09944486837888691,0.2733861881912324,-19.683747397375836,19.683747397375836,4.770137422065288e-05,4.770137422065288e-05,0.00030529277934534843,0.5742359411636501,0.5742359411636501,0.34454156469819003,0.34454156469819003,1.1310158538763504,1.1310158538763504,0.0,
ABOVE_THRESHOLD_NOMINAL_mu0.6_F60_r0.40_y+0.000,ramp,0.1485,0.019124803286812514,0.0,0.045521567302615765,0.4891248032868125,-0.255092439123558,0.0,-0.10038826542609951,0.27413492359286723,-19.679588805151933,19.679588805151933,5.153196652753141e-05,5.153196652753141e-05,0.0003214255651642364,0.6203312196146621,0.6203312196146621,0.3721987317687972,0.3721987317687972,1.1312610514234205,1.1312610514234205,0.0,
ABOVE_THRESHOLD_NOMINAL_mu0.6_F60_r0.40_y+0.000,ramp,0.14875,0.01906091696386016,0.0,0.04549630775600888,0.4890609169638601,-0.2555452918094214,0.0,-0.10103818642754482,0.27479467113197387,-19.67514447143502,19.67514447143502,5.5418488595212165e-05,5.5418488595212165e-05,0.000337390143025353,0.6670990400454876,0.6670990400454876,0.40025942402729253,0.40025942402729253,1.131380435315546,1.131380435315546,0.03827311172215573,ramp
ABOVE_THRESHOLD_NOMINAL_mu0.6_F60_r0.40_y+0.000,ramp,0.149,0.01899691575691096,0.0,0.0454709983087149,0.48899691575691095,-0.2560048277967927,0.0,-0.10123778917593212,0.2752954082662767,-19.670413145576664,19.670413145576664,5.9362268942573e-05,5.9362268942573e-05,0.00035321266456477755,0.7145569743761127,0.7145569743761127,0.4287341846256676,0.4287341846256676,1.1312341573882037,1.1312341573882037,0.11008983639185596,ramp
ABOVE_THRESHOLD_NOMINAL_mu0.6_F60_r0.40_y+0.000,ramp,0.14925,0.018932799683295663,0.0,0.04544577695450931,0.4889327996832956,-0.25646429446119207,0.0,-0.10088541682235608,0.27559354430192584,-19.66539295479908,19.66539295479908,6.336734341683192e-05,6.336734341683192e-05,0.00036892629103971067,0.762755322244904,0.762755322244904,0.45765319334694243,0.45765319334694243,1.1306991908920614,1.1306991908920614,0.2035705398370964,ramp
ABOVE_THRESHOLD_NOMINAL_mu0.6_F60_r0.40_y+0.000,ramp,0.1495,0.018868569916144946,0.0,0.045420802040585816,0.4888685699161449,-0.2569190686028701,0.0,-0.09989965569398301,0.27565802912221266,-19.66008125849608,19.66008125849608,6.74397751713782e-05,6.74397751713782e-05,0.0003845681809820005,0.8117686109746396,0.8117686109746396,0.4870611665847837,0.4870611665847837,1.1296952981931763,1.1296952981931763,0.3143692045870461,ramp
ABOVE_THRESHOLD_NOMINAL_mu0.6_F60_r0.40_y+0.000,ramp,0.14975,0.018804228393842926,0.0,0.04539624901068882,0.4888042283938429,-0.2573660892080845,0.0,-0.09821211958798139,0.27546855411866467,-19.654474494921512,19.654474494921512,7.158739840985845e-05,7.158739840985845e-05,0.0004001784140406364,0.861692700981162,0.861692700981162,0.5170156205886972,0.5170156205886972,1.1281581608643063,1.1281581608643063,0.43969147209863235,ramp
ABOVE_THRESHOLD_NOMINAL_mu0.6_F60_r0.40_y+0.000,ramp,0.15,0.018739777478990544,0.0,0.045372307846876264,0.4887397774789905,-0.25780365940953,0.0,-0.09576465525020202,0.27501562864705525,-19.648568040851284,19.648568040851284,7.581964765377027e-05,7.581964765377027e-05,0.000415799325111207,0.9126427623015594,0.9126427623015594,0.5475856573809356,0.5475856573809356,1.1260339932693448,1.1260339932693448,0.5773424544332906,ramp
ABOVE_THRESHOLD_NOMINAL_mu0.6_F60_r0.40_y+0.000,ramp,0.15025,0.018675219635616965,0.0,0.04534918081966245,0.48867521963561694,-0.258231373494318,0.0,-0.09250810885526155,0.2743012804577093,-19.64235608498139,19.64235608498139,8.014742033369257e-05,8.014742033369257e-05,0.0004314750004211389,0.9647516313498724,0.9647516313498724,0.5788509788099234,0.5788509788099234,1.123277567341238,1.123277567341238,0.7253919898970418,ramp
ABOVE_THRESHOLD_NOMINAL_mu0.6_F60_r0.40_y+0.000,ramp,0.1505,0.018610557112596703,0.0,0.04532708037049926,0.48861055711259666,-0.2586500920810521,0.0,-0.08840179665275916,0.2733399857045663,-19.6358315149073,19.6358315149073,8.458295417910014e-05,8.458295417910014e-05,0.0004472508470972842,1.0181683396509729,1.0181683396509729,0.6109010037905837,0.6109010037905837,1.1198514292670887,1.1198514292670887,0.8820253344657475,ramp
ABOVE_THRESHOLD_NOMINAL_mu0.6_F60_r0.40_y+0.000,ramp,0.15075,0.0185457916305394,0.0,0.045306227036609976,0.48854579163053935,-0.2590619282292121,0.0,-0.08341333555714647,0.2721596355204176,-19.628985817694097,19.628985817694097,8.913971060137528e-05,8.913971060137528e-05,0.0004631731960387163,1.0730567122756396,1.0730567122756396,0.6438340273653836,0.6438340273653836,1.1157256414411874,1.1157256414411874,1.0454690923488121,ramp
ABOVE_THRESHOLD_NOMINAL_mu0.6_F60_r0.40_y+0.000,ramp,0.151,0.018480924076570277,0.0,0.045286847368785146,0.48848092407657023,-0.2594702158764944,0.0,-0.07751867129931667,0.2708023953494616,-19.621808994359018,19.621808994359018,9.383225892259149e-05,9.383225892259149e-05,0.00047928891709151256,1.1295939749680195,1.1295939749680195,0.6777563849808117,0.6777563849808117,1.1108777819938092,1.1108777819938092,1.2139538442891895,ramp
ABOVE_THRESHOLD_NOMINAL_mu0.6_F60_r0.40_y+0.000,ramp,0.15125,0.018415955247577255,0.0,0.045269171787687745,0.48841595524757725,-0.2598753159720949,0.0,-0.07070232438959947,0.26932136663415385,-19.614289488941356,19.614289488941356,9.867615770894734e-05,9.867615770894734e-05,0.0004956450338898276,1.1879693247550827,1.1879693247550827,0.7127815948530497,0.7127815948530497,1.1052930792959321,1.1052930792959321,1.3857465466637082,ramp
ABOVE_THRESHOLD_NOMINAL_mu0.6_F60_r0.40_y+0.000,ramp,0.1515,0.01835088369114244,0.0,0.04525343259532202,0.48835088369114243,-0.2602862257392546,0.0,-0.06295676946292203,0.26779184851446414,-19.60641413474948,19.60641413474948,0.00010368772956401911,0.00010368772956401911,0.0005122879990223497,1.2483811336045607,1.2483811336045607,0.7490286801627365,0.7490286801627365,1.0989670783414485,1.0989670783414485,1.5590774027307146,ramp
ABOVE_THRESHOLD_NOMINAL_mu0.6_F60_r0.40_y+0.000,ramp,0.15175,0.01828570645591637,0.0,0.045239861569050056,0.48828570645591635,-0.2607089409042821,0.0,-0.054284105087830756,0.2663004242066075,-19.59816812024792,19.59816812024792,0.00010888411868075008,0.00010888411868075008,0.0005292639321060872,1.3110378679906105,1.3110378679906105,0.7866227207943662,0.7866227207943662,1.091898508558238,1.091898508558238,1.7320630117120874,ramp
ABOVE_THRESHOLD_NOMINAL_mu0.6_F60_r0.40_y+0.000,ramp,0.152,0.018220419136097125,0.0,0.04522868759147051,0.4882204191360971,-0.26114927927697457,0.0,-0.04469591031819815,0.26494654265729845,-19.58953496577131,19.58953496577131,0.00011428304341180582,0.00011428304341180582,0.0005466178425853673,1.3761548683349591,1.3761548683349591,0.8256929210009755,0.8256929210009755,1.0840972449909527,1.0840972449909527,1.9028855258102184,ramp
ABOVE_THRESHOLD_NOMINAL_mu0.6_F60_r0.40_y+0.000,ramp,0.15225,0.01815501627295012,0.0,0.04522013409622916,0.4881550162729501,-0.26161145258801416,0.0,-0.03421398096539788,0.2638392476844781,-19.580496528918058,19.580496528918058,0.00011990261074119181,0.00011990261074119181,0.000564393103707775,1.4439521546074838,1.4439521546074838,0.8663712927644904,0.8663712927644904,1.075582537176664,1.075582537176664,2.069737910301362,ramp
ABOVE_THRESHOLD_NOMINAL_mu0.6_F60_r0.40_y+0.000,ramp,0.1525,0.018089492422398074,0.0,0.045214416194574225,0.4880894924223981,-0.262095402208184,0.0,-0.022871606619740394,0.26309144845098614,-19.571033039752088,19.571033039752088,0.0001257610761086145,0.0001257610761086145,0.0005826307948100655,1.5146514724644429,1.5146514724644429,0.9087908834786655,0.9087908834786655,1.0663843798517476,1.0663843798517476,2.2308412049047153,ramp
ABOVE_THRESHOLD_NOMINAL_mu0.6_F60_r0.40_y+0.000,ramp,0.15275,0.018023844434779057,0.0,0.0452117372321474,0.48802384443477903,-0.2625919504760646,0.0,-0.010715849707306026,0.2628105056685777,-19.561123176409467,19.561123176409467,0.0001318765051899336,0.0001318765051899336,0.000601368799227094,1.5884721034182672,1.5884721034182672,0.9530832620509603,0.9530832620509603,1.0565460995300868,1.0565460995300868,2.384463931884445,ramp
ABOVE_THRESHOLD_NOMINAL_mu0.6_F60_r0.40_y+0.000,ramp,0.153,0.0179580758365817,0.0,0.04521228435628974,0.4879580758365817,-0.26307439278942174,0.0,0.0021884965693432634,0.2630834956031202,-19.550744199529124,19.550744199529124,0.0001382662598859319,0.0001382662598859319,0.0006206404574853852,1.6656244564437597,1.6656244564437597,0.9993746738662559,0.9993746738662559,1.0461291810300155,1.0461291810300155,2.528942854348229,ramp
ABOVE_THRESHOLD_NOMINAL_mu0.6_F60_r0.40_y+0.000,ramp,0.15325,0.017892204494471656,0.0,0.045216222531369796,0.4878922044944716,-0.2634853684401765,0.0,0.015752700320223356,0.26395584280222767,-19.53987217691487,19.53987217691487,0.00014494617973228363,0.00014494617973228363,0.0006404724517424123,1.7462998155483596,1.7462998155483596,1.0477798893290158,1.0477798893290158,1.0352218212276716,1.0352218212276716,2.6627043689684187,ramp
ABOVE_THRESHOLD_NOMINAL_mu0.6_F60_r0.40_y+0.000,ramp,0.1535,0.01782627426232742,0.0,0.04522368668231558,0.4878262742623274,-0.2637209285769418,0.0,0.029856603783124006,0.26540562345012003,-19.528482347438988,19.528482347438988,0.0001519292833558949,0.0001519292833558949,0.0006608815053369021,1.8306540443000179,1.8306540443000179,1.098392426580011,1.098392426580011,1.0239524466477563,1.0239524466477563,2.7842858669388524,ramp
ABOVE_THRESHOLD_NOMINAL_mu0.6_F60_r0.40_y+0.000,ramp,0.15375,0.017760369666146105,0.0,0.04523477318491857,0.48776036966614605,-0.2636183847252547,0.0,0.04434601041198833,0.26732231744583645,-19.51654968396807,19.51654968396807,0.00015922387297878207,0.00015922387297878207,0.0006818697035417908,1.9187838493669305,1.9187838493669305,1.1512703096201582,1.1512703096201582,1.0125060199411156,1.0125060199411156,2.8924693619687916,ramp
ABOVE_THRESHOLD_NOMINAL_mu0.6_F60_r0.40_y+0.000,ramp,0.154,0.017694619738039197,0.0,0.045249534939793,0.4876946197380392,-0.2629997124276327,0.0,0.05904701949772902,0.26954665504988684,-19.5040496780307,19.5040496780307,0.0001668312037022168,0.0001668312037022168,0.0007034190532341164,2.010697826153466,2.010697826153466,1.2064186956920795,1.2064186956920795,1.0011330953590323,1.0011330953590323,2.986023575033408,ramp
ABOVE_THRESHOLD_NOMINAL_mu0.6_F60_r0.40_y+0.000,ramp,0.15425,0.017629187092115674,0.0,0.04526798595988394,0.48762918709211567,-0.2617305836940889,0.0,0.07380408036374556,0.27193738382058963,-19.490959257849394,19.490959257849394,0.00017474446461458992,0.00017474446461458992,0.0007254902114431864,2.1063052318920654,2.1063052318920654,1.2637831391352394,1.2637831391352394,0.9901083456854629,0.9901083456854629,3.063878911746513,ramp
ABOVE_THRESHOLD_NOMINAL_mu0.6_F60_r0.40_y+0.000,ramp,0.1545,0.017564236865441812,0.0,0.045290115732456976,0.4875642368654418,-0.2598009066954446,0.0,0.0885190902921406,0.27446701161692133,-19.47725749829336,19.47725749829336,0.00018294999473395605,0.00018294999473395605,0.0007480274577155316,2.2054330682366188,2.2054330682366188,1.3232598409419711,1.3232598409419711,0.9796562888889246,0.9796562888889246,3.125206151696293,ramp
ABOVE_THRESHOLD_NOMINAL_mu0.6_F60_r0.40_y+0.000,ramp,0.15475,0.017499905696582593,0.0,0.04531590384964543,0.4874999056965826,-0.2573246754368698,0.0,0.1031524687538212,0.2772299053109142,-19.46292587358182,19.46292587358182,0.00019143143310648955,0.00019143143310648955,0.0007709711127288027,2.3078799100299574,2.3078799100299574,1.3847279460179742,1.3847279460179742,0.9698641360009664,0.9698641360009664,3.1693719055249234,ramp
ABOVE_THRESHOLD_NOMINAL_mu0.6_F60_r0.40_y+0.000,ramp,0.155,0.017436286371624792,0.0,0.04534532709403693,0.4874362863716248,-0.25447729983120804,0.0,0.11769297756599438,0.28037534324139884,-19.447948054761664,19.447948054761664,0.00020017407278838842,0.00020017407278838842,0.0007942693840413312,2.4134693741870024,2.4134693741870024,1.4480816245122015,1.4480816245122015,0.9606813725252912,0.9606813725252912,3.1959475507539112,ramp
ABOVE_THRESHOLD_NOMINAL_mu0.6_F60_r0.40_y+0.000,ramp,0.15525,0.01737342678807819,0.0,0.04537835966828197,0.48737342678807816,-0.2514383341864097,0.0,0.1321302969801748,0.2840416365227215,-19.432309497924205,19.432309497924205,0.0002091671428051902,0.0002091671428051902,0.0008178837537322151,2.522075690496179,2.522075690496179,1.513245414297707,1.513245414297707,0.9519878894157672,0.9519878894157672,3.2047147419778432,ramp
ABOVE_THRESHOLD_NOMINAL_mu0.6_F60_r0.40_y+0.000,ramp,0.1555,0.017311335278122886,0.0,0.045414970564706884,0.48731133527812287,-0.2483660398212176,0.0,0.14644358569963836,0.2883251871221832,-19.415997021533443,19.415997021533443,0.00021840410295419994,0.00021840410295419994,0.0008417887823285574,2.6336249961913487,2.6336249961913487,1.580174997714809,1.580174997714809,0.943655851161922,0.943655851161922,3.1956673368319426,ramp
ABOVE_THRESHOLD_NOMINAL_mu0.6_F60_r0.40_y+0.000,ramp,0.15575,0.017249988732493136,0.0,0.045455119820377164,0.4872499887324931,-0.24538618251900166,0.0,0.16059702268110673,0.2932674244870792,-19.398998443561876,19.398998443561876,0.00022788202426677807,0.00022788202426677807,0.0008659696098804532,2.748086671239074,2.748086671239074,1.6488520027434443,1.6488520027434443,0.9355765028302218,0.9355765028302218,3.1691217740190307,ramp
ABOVE_THRESHOLD_NOMINAL_mu0.6_F60_r0.40_y+0.000,ramp,0.156,0.017189334847179768,0.0,0.045498758325781256,0.48718933484717974,-0.24261554125347848,0.0,0.17455402161636968,0.29888360162472344,-19.38130230427923,19.38130230427923,0.00023760054006297985,0.00023760054006297985,0.0008904185953493117,2.865459980667323,2.865459980667323,1.7192759884003934,1.7192759884003934,0.9276711804720662,0.9276711804720662,3.1254367006443853,ramp
ABOVE_THRESHOLD_NOMINAL_mu0.6_F60_r0.40_y+0.000,ramp,0.15625,0.017129298247784284,0.0,0.04554582554093662,0.4871292982477843,-0.24014639758194015,0.0,0.18826886062144765,0.3051482527416491,-19.362897588068094,19.362897588068094,0.0002475616645625047,0.0002475616645625047,0.0009151343735557078,2.9857730064552954,2.9857730064552954,1.7914638038731772,1.7914638038731772,0.9198651724041481,0.9198651724041481,3.065155425132759,ramp
ABOVE_THRESHOLD_NOMINAL_mu0.6_F60_r0.40_y+0.000,ramp,0.1565,0.017069783908836546,0.0,0.04559624905987585,0.48706978390883654,-0.23805735579094847,0.0,0.20169407575693232,0.31201250750830706,-19.343773500927462,19.343773500927462,0.00025776900746946963,0.00025776900746946963,0.0009401195233563012,3.109072229622096,3.109072229622096,1.8654433377732567,1.8654433377732567,0.9121041320431683,0.9121041320431683,2.989066338745062,ramp
ABOVE_THRESHOLD_NOMINAL_mu0.6_F60_r0.40_y+0.000,ramp,0.15675,0.017010679800741658,0.0,0.04564994482874237,0.48701067980074164,-0.2364164323795587,0.0,0.21478307546607722,0.31941274083189775,-19.323919266794526,19.323919266794526,0.0002682273991232156,0.0002682273991232156,0.000965379408636587,3.235418518202492,3.235418518202492,1.941251110921494,1.941251110921494,0.9043417477819327,0.9043417477819327,2.898127351653342,ramp
ABOVE_THRESHOLD_NOMINAL_mu0.6_F60_r0.40_y+0.000,ramp,0.157,0.016951858970550168,0.0,0.04570681788717487,0.48695185897055016,-0.235283320765953,0.0,0.22749223373000632,0.3272781041226592,-19.30332393606341,19.30332393606341,0.00027894263630938145,0.00027894263630938145,0.0009909213970600078,3.364884193354774,3.364884193354774,2.018930516012863,2.018930516012863,0.8965362195639294,0.8965362195639294,2.7934486470998854,ramp
ABOVE_THRESHOLD_NOMINAL_mu0.6_F60_r0.40_y+0.000,ramp,0.15725,0.016893181209234977,0.0,0.04576676352627062,0.48689318120923497,-0.23471104526076977,0.0,0.23978255638300217,0.3355368073892501,-19.281976202608984,19.281976202608984,0.00028992132144185014,0.00028992132144185014,0.00101675435790176,3.497551202826467,3.497551202826467,2.0985307216958784,2.0985307216958784,0.888647827680348,0.888647827680348,2.676273481563661,ramp
ABOVE_THRESHOLD_NOMINAL_mu0.6_F60_r0.40_y+0.000,ramp,0.1575,0.016834496002863693,0.0,0.045829667813851886,0.48683449600286366,-0.2347408254851384,0.0,0.25161715032506254,0.34411400071364334,-19.259864228015363,19.259864228015363,0.0003011707737979582,0.0003011707737979582,0.0010428883644417492,3.6335101484141976,3.6335101484141976,2.1801060890485164,2.1801060890485164,0.8806373319871351,0.8806373319871351,2.54801834172648,ramp
ABOVE_THRESHOLD_NOMINAL_mu0.6_F60_r0.40_y+0.000,ramp,0.15775,0.016775640365507348,0.0,0.04589541150151624,0.4867756403655073,-0.23542254942538116,0.0,0.26297475065742615,0.3529582075278623,-19.236975500884284,19.236975500884284,0.00031269874223148784,0.00031269874223148784,0.001069333965827806,3.772856459172255,3.772856459172255,2.2637138755033503,2.2637138755033503,0.8724720771913652,0.8724720771913652,2.410154111828013,ramp
ABOVE_THRESHOLD_NOMINAL_mu0.6_F60_r0.40_y+0.000,ramp,0.158,0.016716441515126634,0.0,0.04596387075368623,0.4867164415151266,-0.23679540152285494,0.0,0.27383700867995664,0.3620203992942342,-19.213296641664506,19.213296641664506,0.00032451395437841377,0.00032451395437841377,0.0010961033958164109,3.915698474067444,3.915698474067444,2.3494190844404614,2.3494190844404614,0.864103207193408,0.864103207193408,2.264107363191663,ramp
ABOVE_THRESHOLD_NOMINAL_mu0.6_F60_r0.40_y+0.000,ramp,0.15825,0.016656717654840572,0.0,0.0460349192449253,0.48665671765484053,-0.23889544114425537,0.0,0.28419396495631055,0.3712643822360247,-19.188813258376133,19.188813258376133,0.0003366258760522644,0.0003366258760522644,0.0011232099360301304,4.062153200044591,4.062153200044591,2.4372919200267478,2.4372919200267478,0.855488595907417,0.855488595907417,2.111439484607769,ramp
ABOVE_THRESHOLD_NOMINAL_mu0.6_F60_r0.40_y+0.000,ramp,0.1585,0.016596278640522526,0.0,0.04610843035117957,0.4865962786405225,-0.24175605727218738,0.0,0.2940444250170777,0.3806679854038385,-19.163509807835787,19.163509807835787,0.0003490447873008762,0.0003490447873008762,0.0011506680202923324,4.212347788836404,4.212347788836404,2.5274086733018324,2.5274086733018324,0.8465845266684178,0.8465845266684178,1.953738279794787,ramp
ABOVE_THRESHOLD_NOMINAL_mu0.6_F60_r0.40_y+0.000,ramp,0.15875,0.01653492656999795,0.0,0.046184279384336474,0.4865349265699979,-0.24540828209829949,0.0,0.303396132627603,0.3902235746541008,-19.137369468692203,19.137369468692203,0.0003617818784574204,0.0003617818784574204,0.0011784933740939861,4.366420760966214,4.366420760966214,2.6198524565797143,2.6198524565797143,0.8373457216848283,0.8373457216848283,1.792598317772537,ramp
ABOVE_THRESHOLD_NOMINAL_mu0.6_F60_r0.40_y+0.000,ramp,0.159,0.016472456340409523,0.0,0.04626234581643699,0.4864724563404095,-0.24988091835370477,0.0,0.3122657284020699,0.3999379433009153,-19.110374026847246,19.110374026847246,0.00037484935819812043,0.00037484935819812043,0.0012067031689636518,4.524523365987813,4.524523365987813,2.714714019592665,2.714714019592665,0.8277254948301495,0.8277254948301495,1.6296030993372952,ramp
ABOVE_THRESHOLD_NOMINAL_mu0.6_F60_r0.40_y+0.000,ramp,0.15925,0.016408656963510123,0.0,0.04634251502111769,0.4864086569635101,-0.25519750759760007,0.0,0.3206768187228025,0.409828488456091,-19.082503773582886,19.082503773582886,0.000388260563784624,0.000388260563784624,0.0012353161694382423,4.686820954581336,4.686820954581336,2.812092572748767,2.812092572748767,0.8176760518903042,0.8176760518903042,1.4664101940365573,ramp
ABOVE_THRESHOLD_NOMINAL_mu0.6_F60_r0.40_y+0.000,ramp,0.1595,0.016343310773468223,0.0,0.04642468128690189,0.4863433107734682,-0.26138476016760065,0.0,0.32866506313676713,0.41993179990871043,-19.053737429026885,19.053737429026885,0.00040202994424220405,0.00040202994424220405,0.0012643526019304036,4.853492548933674,4.853492548933674,2.9120955293601494,2.9120955293601494,0.8071521717938702,0.8071521717938702,1.3044420456512698,ramp
ABOVE_THRESHOLD_NOMINAL_mu0.6_F60_r0.40_y+0.000,ramp,0.15975,0.016276195092157365,0.0,0.046508749064377033,0.48627619509215736,-0.2684627252434252,0.0,0.33627110990059306,0.4302911737404144,-19.02405205206788,19.02405205206788,0.00041617338557283954,0.00041617338557283954,0.0012938347396767654,5.024735516111789,5.024735516111789,3.014841309666984,3.014841309666984,0.796101962423308,0.796101962423308,1.1451556363732651,ramp
ABOVE_THRESHOLD_NOMINAL_mu0.6_F60_r0.40_y+0.000,ramp,0.16,0.01620708338230668,0.0,0.04659463456958077,0.48620708338230667,-0.27644683940273745,0.0,0.34354202081494134,0.4409580196360834,-18.993422981281935,18.993422981281935,0.00043070811045611504,0.00043070811045611504,0.0013237865738768627,5.200763517327295,5.200763517327295,3.12045811039623,3.12045811039623,0.7844783869440517,0.7844783869440517,0.9899661384035549,ramp
ABOVE_THRESHOLD_NOMINAL_mu0.6_F60_r0.40_y+0.000,ramp,0.16025,0.01613574670513867,0.0,0.046682267133018936,0.48613574670513865,-0.2853467086720403,0.0,0.35053025375267594,0.451989162420828,-18.96182379102042,18.96182379102042,0.00044565266048698666,0.00044565266048698666,0.0013542336716244937,5.38180647747817,5.38180647747817,3.2290838864866536,3.2290838864866536,0.7722367802617683,0.7722367802617683,0.840236287979015,ramp
ABOVE_THRESHOLD_NOMINAL_mu0.6_F60_r0.40_y+0.000,ramp,0.1605,0.016061955638672257,0.0,0.04677159016570377,0.4860619556386722,-0.29516426586565625,0.0,0.357292130739333,0.46344321176630093,-18.929226266100066,18.929226266100066,0.00046102681795429415,0.00046102681795429415,0.0013852029195268946,5.56810951972285,5.56810951972285,3.34086571183328,3.34086571183328,0.7593361594579159,0.7593361594579159,0.6972974987186926,ramp
ABOVE_THRESHOLD_NOMINAL_mu0.6_F60_r0.40_y+0.000,ramp,0.16075,0.015985481888289587,0.0,0.04686256248187128,0.48598548188828955,-0.30589500153067417,0.0,0.3638892646700406,0.4753810565257665,-18.895600400251837,18.895600400251837,0.00047685143760924504,0.00047685143760924504,0.0014167221033181048,5.75993072533424,5.75993072533424,3.4559584351997774,3.4559584351997774,0.7457412387710134,0.7457412387710134,0.5624824788669315,ramp
ABOVE_THRESHOLD_NOMINAL_mu0.6_F60_r0.40_y+0.000,ramp,0.161,0.015906100470789167,0.0,0.04695515890538134,0.48590610047078914,-0.317525670001674,0.0,0.3703856940402515,0.4878607521206136,-18.86091441010487,18.86091441010487,0.0004931483370685749,0.0004931483370685749,0.001448819627523173,5.957539932270171,5.957539932270171,3.574523959360696,3.574523959360696,0.731420407158455,0.731420407158455,0.4370192980780609,ramp
ABOVE_THRESHOLD_NOMINAL_mu0.6_F60_r0.40_y+0.000,ramp,0.16125,0.015823591719268844,0.0,0.04704937115796532,0.4858235917192688,-0.33003500608129965,0.0,0.3768490103359237,0.5009374031056661,-18.825134772917384,18.825134772917384,0.0005099400564695717,0.0005099400564695717,0.0014815239980148923,6.161215502082749,6.161215502082749,3.6967293012469904,3.6967293012469904,0.7163487337002349,0.7163487337002349,0.32226008404233697,ramp
ABOVE_THRESHOLD_NOMINAL_mu0.6_F60_r0.40_y+0.000,ramp,0.1615,0.01573774323697512,0.0,0.04714520890183308,0.4857377432369751,-0.34339392917489747,0.0,0.3833509754710307,0.5146623757268111,-18.788226284147665,18.788226284147665,0.0005272496556076495,0.0005272496556076495,0.0015148634084969268,6.371241920692066,6.371241920692066,3.8227451524100595,3.8227451524100595,0.700506483886538,0.700506483886538,0.21971955399514942,ramp
ABOVE_THRESHOLD_NOMINAL_mu0.6_F60_r0.40_y+0.000,ramp,0.16175,0.015648351936094436,0.0,0.04724270108750089,0.4856483519360944,-0.3575652035227267,0.0,0.3899687426712275,0.5290826920537346,-18.750152131082988,18.750152131082988,0.0005451005239198458,0.0005451005239198458,0.0015488653772236767,6.587907498047059,6.587907498047059,3.9527444988178173,3.9527444988178173,0.6838782993629537,0.6838782993629537,0.1312885934095622,ramp
ABOVE_THRESHOLD_NOMINAL_mu0.6_F60_r0.40_y+0.000,ramp,0.162,0.015555226492677909,0.0,0.04734189803130786,0.4855552264926779,-0.3725017736661109,0.0,0.39678777522788095,0.544240856565078,-18.71087397983201,18.71087397983201,0.0005635162001729974,0.0005635162001729974,0.0015835564251536313,6.811502176289048,6.811502176289048,4.0869013057518035,4.0869013057518035,0.6664524814414329,0.6664524814414329,0.059726581178419856,ramp
ABOVE_THRESHOLD_NOMINAL_mu0.6_F60_r0.40_y+0.000,ramp,0.16225,0.015458191842514974,0.0,0.04744287531996866,0.48545819184251493,-0.3881386006517417,0.0,0.4039091546431973,0.5601733468494146,-18.670352074466646,18.670352074466646,0.0005825201982097804,0.0005825201982097804,0.0016189617865401496,7.042315399564559,7.042315399564559,4.225389239692374,4.225389239692374,0.6482204103538896,0.6482204103538896,0.010390615325419645,ramp
ABOVE_THRESHOLD_NOMINAL_mu0.6_F60_r0.40_y+0.000,ramp,0.1625,0.015357103168529243,0.0,0.047545746202470304,0.4853571031685292,-0.4043546959429269,0.0,0.41148353000657584,0.5769067650823393,-18.628545365715592,18.628545365715592,0.0006021357388597625,0.0006021357388597625,0.0016551049673372126,7.280632568704693,7.280632568704693,4.368379541120157,4.368379541120157,0.6291787760850375,0.6291787760850375,0.0,
ABOVE_THRESHOLD_NOMINAL_mu0.6_F60_r0.40_y+0.000,ramp,0.16275,0.015251819818403858,0.0,0.047650638161117746,0.4852518198184038,-0.42113340050153625,0.0,0.4195678345897607,0.5944665750404543,-18.585411777798853,18.585411777798853,0.0006223850621986974,0.0006223850621986974,0.0016920065734747553,7.52672545479005,7.52672545479005,4.5160352726393675,4.5160352726393675,0.609341267395305,0.609341267395305,0.0,
ABOVE_THRESHOLD_NOMINAL_mu0.6_F60_r0.40_y+0.000,ramp,0.163,0.015142195686560117,0.0,0.04775768468138013,0.4851421956865601,-0.4384965273749672,0.0,0.4281860810495202,0.6128805140681597,-18.540907848184737,18.540907848184737,0.0006432904892341303,0.0006432904892341303,0.0017296863543659604,7.780869911117698,7.780869911117698,4.668521946116398,4.668521946116398,0.5886861577533721,0.5886861577533721,0.0,
ABOVE_THRESHOLD_NOMINAL_mu0.6_F60_r0.40_y+0.000,ramp,0.16325,0.015028078921454718,0.0,0.04786702552675771,0.4850280789214547,-0.45646706042159485,0.0,0.4373633815103089,0.6321779059221099,-18.494988580355155,18.494988580355155,0.0006648747985612517,0.0006648747985612517,0.001768163902172054,8.043348711018544,8.043348711018544,4.826009225256784,4.826009225256784,0.567177935645338,0.567177935645338,0.0,
ABOVE_THRESHOLD_NOMINAL_mu0.6_F60_r0.40_y+0.000,ramp,0.1635,0.014909311614958034,0.0,0.047978807024260856,0.484909311614958,-0.4750692259867372,0.0,0.4471259900125935,0.6523897764560534,-18.44760742356318,18.44760742356318,0.0006871612013860026,0.0006871612013860026,0.0018074586021884658,8.314450149715498,8.314450149715498,4.988670086399808,4.988670086399808,0.5447792658971696,0.5447792658971696,0.0,
ABOVE_THRESHOLD_NOMINAL_mu0.6_F60_r0.40_y+0.000,ramp,0.16375,0.014785729472516053,0.0,0.048093182360512125,0.484785729472516,-0.49432856976792205,0.0,0.4575013450050711,0.6735489704321791,-18.39871625556969,18.39871625556969,0.0007101733108416299,0.0007101733108416299,0.0018475895767618052,8.594467659386611,8.594467659386611,5.156680586618948,5.156680586618948,0.5214508977638055,0.5214508977638055,0.0,
ABOVE_THRESHOLD_NOMINAL_mu0.6_F60_r0.40_y+0.000,ramp,0.164,0.014657161462678862,0.0,0.048210311888370536,0.48465716146267884,-0.5142720393487663,0.0,0.46851811143364697,0.6956902695864664,-18.348265368922565,18.348265368922565,0.0007339351048315204,0.0007339351048315204,0.0018885756220582471,8.883699340157891,8.883699340157891,5.3302195794702145,5.3302195794702145,0.4971515688254622,0.4971515688254622,0.0,
ABOVE_THRESHOLD_NOMINAL_mu0.6_F60_r0.40_y+0.000,ramp,0.16425,0.014523429444439748,0.0,0.04833036344381916,0.4845234294444397,-0.534928072956458,0.0,0.48020622179450234,0.7188505120587035,-18.296203461462333,18.296203461462333,0.0007584708815398846,0.0007584708815398846,0.0019304351369291606,9.182447395592938,9.182447395592938,5.509468367294855,5.509468367294855,0.4718379046406735,0.4718379046406735,0.0,
ABOVE_THRESHOLD_NOMINAL_mu0.6_F60_r0.40_y+0.000,ramp,0.1645,0.014384347770676096,0.0,0.04845351267262125,0.48438434777067607,-0.5563266950546079,0.0,0.4925969152083383,0.7430687131774245,-18.242477631993783,18.242477631993783,0.0007838052066485398,0.0007838052066485398,0.0019731860430345434,9.491017459835987,9.491017459835987,5.694610267938498,5.694610267938498,0.44546431417110544,0.44546431417110544,0.0,
ABOVE_THRESHOLD_NOMINAL_mu0.6_F60_r0.40_y+0.000,ramp,0.16475,0.014239722865857785,0.0,0.048579943365861945,0.48423972286585776,-0.5784996192732464,0.0,0.5057227729627923,0.7683861871432015,-18.187033382795374,18.187033382795374,0.0008099628511793169,0.0008099628511793169,0.0020168456952847943,9.8097178019364,9.8097178019364,5.8858300359068325,5.8858300359068325,0.41798288115690263,0.41798288115690263,0.0,
ABOVE_THRESHOLD_NOMINAL_mu0.6_F60_r0.40_y+0.000,ramp,0.165,0.014089352776291017,0.0,0.048709847802731875,0.484089352776291,-0.6014803582670711,0.0,0.5196177474797293,0.794846667525877,-18.129814633158947,18.129814633158947,0.0008369687187348571,0.0008369687187348571,0.002061430781527567,10.138858390851956,10.138858390851956,6.083312937575104,6.083312937575104,0.389343252122086,0.389343252122086,0.0,
ABOVE_THRESHOLD_NOMINAL_mu0.6_F60_r0.40_y+0.000,ramp,0.16525,0.013933026692362488,0.0,0.04884342709701421,0.4839330266923625,-0.6253043357141147,0.0,0.5343171771293503,0.8224964182525951,-18.07076375773858,18.07076375773858,0.0008648477606954223,0.0008648477606954223,0.002106957210177235,10.47874980158995,10.47874980158995,6.287242728324936,6.287242728324936,0.35949252344008664,0.35949252344008664,0.0,
ABOVE_THRESHOLD_NOMINAL_mu0.6_F60_r0.40_y+0.000,ramp,0.1655,0.013770524448272118,0.0,0.04898089153774617,0.48377052444827207,-0.6500089763614759,0.0,0.5498577629278463,0.851384301477605,-18.00982170236994,18.00982170236994,0.0008936248774840809,0.0008936248774840809,0.002153439983910515,10.829701936470927,10.829701936470927,6.497795497164346,6.497795497164346,0.32837513655073247,0.32837513655073247,0.0,
ABOVE_THRESHOLD_NOMINAL_mu0.6_F60_r0.40_y+0.000,ramp,0.16575,0.013601616032098475,0.0,0.049122460891877405,0.48360161603209845,-0.6756336646945739,0.0,0.5662774165249379,0.8815616605404173,-17.946928396539757,17.946928396539757,0.0009233248026820832,0.0009233248026820832,0.0022008930556299128,11.192022515655522,11.192022515655522,6.71511641210598,6.71511641210598,0.29593281740326716,0.29593281740326716,0.0,
ABOVE_THRESHOLD_NOMINAL_mu0.6_F60_r0.40_y+0.000,ramp,0.166,0.013426061263892565,0.0,0.04926836454040658,0.48342606126389254,-0.7022190728236366,0.0,0.5836145941167183,0.9130813877761991,-17.88202443371505,17.88202443371505,0.0009539719617112373,0.0009539719617112373,0.002249329155296073,11.566015214390106,11.566015214390106,6.939220864157728,6.939220864157728,0.26210471168932004,0.26210471168932004,0.0,
ABOVE_THRESHOLD_NOMINAL_mu0.6_F60_r0.40_y+0.000,ramp,0.16625,0.013243610391119355,0.0,0.04941884087415919,0.48324361039111935,-0.7298034910928398,0.0,0.6019053350104209,0.9459932176951924,-17.81505857633464,17.81505857633464,0.0009855902750064117,0.0009855902750064117,0.002298759543367757,11.951976991208397,11.951976991208397,7.169541222866499,7.169541222866499,0.22682838906345112,0.22682838906345112,0.0,
ABOVE_THRESHOLD_NOMINAL_mu0.6_F60_r0.40_y+0.000,ramp,0.1665,0.013054009295339048,0.0,0.049574133174312925,0.48305400929533904,-0.7584043831212295,0.0,0.6211692006149556,0.9803205517228105,-17.746023698401647,17.746023698401647,0.0010182027745036465,0.0010182027745036465,0.0023491934949739597,12.350192593080195,12.350192593080195,7.402715748655285,7.402715748655285,0.1900448779832083,0.1900448779832083,0.0,
ABOVE_THRESHOLD_NOMINAL_mu0.6_F60_r0.40_y+0.000,ramp,0.16675,0.012857028383386206,0.0,0.049734467706828746,0.4828570283833862,-0.787923647811371,0.0,0.6413381300632973,1.015942061267996,-17.67513921941423,17.67513921941423,0.0010518304040470906,0.0010518304040470906,0.0024006365779253303,12.76091648592346,12.76091648592346,7.621202816944073,7.621202816944073,0.15172343359889617,0.15172343359889617,0.0,
ABOVE_THRESHOLD_NOMINAL_mu0.6_F60_r0.40_y+0.000,ramp,0.167,0.012652615848905611,0.0,0.049899938585823214,0.48265261584890556,-0.8176501379223757,0.0,0.6618835159778768,1.0519703117330432,-17.603806732706225,17.603806732706225,0.0010864867895389733,0.0010864867895389733,0.002453082978278509,13.184292025201252,13.184292025201252,7.733193445329244,7.733193445329244,0.11198809116791426,0.11198809116791426,0.0,
ABOVE_THRESHOLD_NOMINAL_mu0.6_F60_r0.40_y+0.000,ramp,0.16725,0.012441638383132982,0.0,0.050069950986986834,0.482441638383133,-0.8439098630905171,0.0,0.6800496046544741,1.083813324245537,-17.53912228591577,17.53912228591577,0.001122152136600581,0.001122152136600581,0.0025064772435683356,13.619943264250981,13.619943264250981,7.296070364743374,7.296070364743374,0.07178210255822824,0.07178210255822824,0.0,
ABOVE_THRESHOLD_NOMINAL_mu0.6_F60_r0.40_y+0.000,ramp,0.1675,0.012227724260758204,0.0,0.05024182652876259,0.48222772426075816,-0.8556564894991128,0.0,0.6875021671030233,1.0976371248246382,-17.502314310015738,17.502314310015738,0.0011586494656357924,0.0011586494656357924,0.002560534603254281,14.065035006770286,14.065035006770286,5.207322573537704,5.207322573537704,0.03601159467640845,0.03601159467640845,0.0,
ABOVE_THRESHOLD_NOMINAL_mu0.6_F60_r0.40_y+0.000,ramp,0.16775,0.012014300482320899,0.0,0.05041300772422146,0.48201430048232086,-0.8536951137492171,0.0,0.6847247818354725,1.0943689387491424,-17.491554872679323,17.491554872679323,0.0011953421857499175,0.0011953421857499175,0.002614312122462741,14.509750475577897,14.509750475577897,3.2296206461982933,3.2296206461982933,0.019477446873195345,0.019477446873195345,0.0,
ABOVE_THRESHOLD_NOMINAL_mu0.6_F60_r0.40_y+0.000,ramp,0.168,0.011800862572007794,0.0,0.0505838800046806,0.48180086257200777,-0.8537516412524168,0.0,0.683489121836547,1.093640363469678,-17.476285440712847,17.476285440712847,0.0012316422994612024,0.0012316422994612024,0.0026669753567681188,14.947020203703207,14.947020203703207,3.590641782719827,3.590641782719827,0.02120473112151715,0.02120473112151715,0.0,
ABOVE_THRESHOLD_NOMINAL_mu0.6_F60_r0.40_y+0.000,ramp,0.16825,0.011587592815730123,0.0,0.05075430469419431,0.4815875928157301,-0.8530790251106845,0.0,0.6816987580548558,1.0919968039409862,-17.46192870142879,17.46192870142879,0.00126762503327736,0.00126762503327736,0.0027186698877054737,15.380698851773413,15.380698851773413,3.536417701967449,3.536417701967449,0.020190807985495003,0.020190807985495003,0.0,
ABOVE_THRESHOLD_NOMINAL_mu0.6_F60_r0.40_y+0.000,ramp,0.1685,0.01137442876373904,0.0,0.050924333667293153,0.48137442876373904,-0.852656207964334,0.0,0.6801158923953589,1.0906787960113888,-17.44661235157678,17.44661235157678,0.0013032510813653054,0.0013032510813653054,0.0027693722416966327,15.80978863692816,15.80978863692816,3.6263136476725673,3.6263136476725673,0.02013669135266528,0.02013669135266528,0.0,
ABOVE_THRESHOLD_NOMINAL_mu0.6_F60_r0.40_y+0.000,ramp,0.16875,0.011161404564612558,0.0,0.05109394135976347,0.48116140456461254,-0.8520967965059273,0.0,0.6784307698812843,1.0891911035889779,-17.43115496627363,17.43115496627363,0.001338522716904528,0.001338522716904528,0.002819117016470978,16.234512113773594,16.234512113773594,3.653791127113598,3.653791127113598,0.019717562060937846,0.019717562060937846,0.0,
ABOVE_THRESHOLD_NOMINAL_mu0.6_F60_r0.40_y+0.000,ramp,0.169,0.010948509853614402,0.0,0.05126313909498249,0.48094850985361437,-0.8515788439926274,0.0,0.676790940876077,1.087764912647832,-17.415249948300147,17.415249948300147,0.0013734265763717896,0.0013734265763717896,0.0028679147446929263,16.6546343427701,16.6546343427701,3.705212860540284,3.705212860540284,0.019466876246164132,0.019466876246164132,0.0,
ABOVE_THRESHOLD_NOMINAL_mu0.6_F60_r0.40_y+0.000,ramp,0.16925,0.010735755471414503,0.0,0.05143191965768783,0.48073575547141445,-0.8510175287995951,0.0,0.6751222508213413,1.0862876635027408,-17.399120521247248,17.399120521247248,0.001407957288460667,0.001407957288460667,0.0029157856375538046,17.07013047425424,17.07013047425424,3.739803112099675,3.739803112099675,0.01914025408230361,0.01914025408230361,0.0,
ABOVE_THRESHOLD_NOMINAL_mu0.6_F60_r0.40_y+0.000,ramp,0.1695,0.010523139673678824,0.0,0.05160028724490833,0.4805231396736788,-0.8504631909427173,0.0,0.6734703488820264,1.084827152117676,-17.382711096524677,17.382711096524677,0.0014421063563618557,0.0014421063563618557,0.0029627440383633566,17.48088367405327,17.48088367405327,3.7789676787180952,3.7789676787180952,0.01886125808904946,0.01886125808904946,0.0,
ABOVE_THRESHOLD_NOMINAL_mu0.6_F60_r0.40_y+0.000,ramp,0.16975,0.01031066718650432,0.0,0.05176823954111878,0.4803106671865043,-0.8498899486980128,0.0,0.6718091848417919,1.0833468999981972,-17.36612526028535,17.36612526028535,0.0014758678657881,0.0014758678657881,0.0030088064872382785,17.88683691689016,17.88683691689016,3.810396942737893,3.810396942737893,0.018560329447435908,0.018560329447435908,0.0,
ABOVE_THRESHOLD_NOMINAL_mu0.6_F60_r0.40_y+0.000,ramp,0.17,0.010098337611510473,0.0,0.05193577941500797,0.48009833761151044,-0.8493182999753881,0.0,0.6701594955567245,1.081875835832341,-17.349365384034613,17.349365384034613,0.0015092351707011412,0.0015092351707011412,0.0030539872320388753,18.287907646778013,18.287907646778013,3.8418517596125246,3.8418517596125246,0.01827941216236319,0.01827941216236319,0.0,
ABOVE_THRESHOLD_NOMINAL_mu0.6_F60_r0.40_y+0.000,ramp,0.17025,0.009886153059757848,0.0,0.05210290658913417,0.47988615305975785,-0.848738207010499,0.0,0.6685086965048193,1.0803982697792371,-17.332500930414593,17.332500930414593,0.001542202893725331,0.001542202893725331,0.0030983010531264836,18.68403908460201,18.68403908460201,3.868103949573959,3.868103949573959,0.017990422606784573,0.017990422606784573,0.0,
ABOVE_THRESHOLD_NOMINAL_mu0.6_F60_r0.40_y+0.000,ramp,0.1705,0.009674112835159655,0.0,0.0522696239904474,0.47967411283515965,-0.8481608983927715,0.0,0.6668696052529269,1.0789309430972067,-17.315550961121726,17.315550961121726,0.0015747655301005482,0.0015747655301005482,0.0031417614426742877,19.075165687343713,19.075165687343713,3.893008249796819,3.893008249796819,0.01771289821348253,0.01771289821348253,0.0,
ABOVE_THRESHOLD_NOMINAL_mu0.6_F60_r0.40_y+0.000,ramp,0.17075,0.009462217416292598,0.0,0.05243593251879167,0.4794622174162926,-0.8475816754682324,0.0,0.665234113377085,1.077465137343261,-17.29857209532554,17.29857209532554,0.00160691840101799,0.00160691840101799,0.003184381959251035,19.461237068220328,19.461237068220328,3.9136100607494786,3.9136100607494786,0.017431659912915867,0.017431659912915867,0.0,
ABOVE_THRESHOLD_NOMINAL_mu0.6_F60_r0.40_y+0.000,ramp,0.171,0.009250465358993208,0.0,0.05260183559057656,0.4792504653589932,-0.847008229197559,0.0,0.663612287139581,1.076013107713382,-17.281588206154744,17.281588206154744,0.001638656870476631,0.001638656870476631,0.0032261752440025508,19.84219919719971,19.84219919719971,3.9324089421335615,3.9324089421335615,0.017158633830025898,0.017158633830025898,0.0,
ABOVE_THRESHOLD_NOMINAL_mu0.6_F60_r0.40_y+0.000,ramp,0.17125,0.009038855882797008,0.0,0.05276733490904362,0.479038855882797,-0.8464379047848021,0.0,0.661997273868222,1.0745685260910276,-17.264650083601012,17.264650083601012,0.0016699769375482626,0.0016699769375482626,0.0032671538653757702,20.218009042135368,20.218009042135368,3.9472687720748727,3.9472687720748727,0.01688330204657769,0.01688330204657769,0.0,
ABOVE_THRESHOLD_NOMINAL_mu0.6_F60_r0.40_y+0.000,ramp,0.1715,0.008827386663500145,0.0,0.052932434569466454,0.4788273866635001,-0.8458768771874473,0.0,0.6603986416913438,1.073142142173235,-17.247781849666083,17.247781849666083,0.001700874677742797,0.001700874677742797,0.0033073296363758664,20.588621442104937,20.588621442104937,3.9602272334160404,3.9602272334160404,0.01661488286853371,0.01661488286853371,0.0,
ABOVE_THRESHOLD_NOMINAL_mu0.6_F60_r0.40_y+0.000,ramp,0.17175,0.008616055854051912,0.0,0.05309713682329241,0.47861605585405187,-0.8453232377929325,0.0,0.658809015303826,1.0717279015675216,-17.23103167644164,17.23103167644164,0.0017313467085232025,0.0017313467085232025,0.003346714273476139,20.954000465842658,20.954000465842658,3.969365127327465,3.969365127327465,0.016344333845804485,0.016344333845804485,0.0,
ABOVE_THRESHOLD_NOMINAL_mu0.6_F60_r0.40_y+0.000,ramp,0.17200000000000001,0.008404860216367691,0.0,0.05326144660315528,0.4784048602163677,-0.8447825507368811,0.0,0.6572391194514677,1.0703367779193853,-17.21442133744552,17.21442133744552,0.0017613896998883228,0.0017613896998883228,0.0033853188057000735,21.314108060558908,21.314108060558908,3.976709752806973,3.976709752806973,0.016080428968339715,0.016080428968339715,0.0,
ABOVE_THRESHOLD_NOMINAL_mu0.6_F60_r0.40_y+0.000,ramp,0.17225000000000001,0.008193796969320639,0.0,0.053425366427282905,0.47819379696932063,-0.844252988188209,0.0,0.655679296510514,1.068961387486584,-17.19799878504424,17.19799878504424,0.0017910008254674104,0.0017910008254674104,0.0034231541998026435,21.66891490953619,21.66891490953619,3.980168330957601,3.980168330957601,0.015813757988046802,0.015813757988046802,0.0,
ABOVE_THRESHOLD_NOMINAL_mu0.6_F60_r0.40_y+0.000,ramp,0.17250000000000001,0.007982861955277119,0.0,0.053588902317689265,0.4779828619552771,-0.8437400561740785,0.0,0.654143561625434,1.0676146690677517,-17.18178089047133,17.18178089047133,0.0018201772484076166,0.0018201772484076166,0.003460230738992494,22.018388584960462,22.018388584960462,3.9821472901675694,3.9821472901675694,0.015554362161514314,0.015554362161514314,0.0,
ABOVE_THRESHOLD_NOMINAL_mu0.6_F60_r0.40_y+0.000,ramp,0.17275000000000001,0.0077720515764024235,0.0,0.053752056613614894,0.4777720515764024,-0.8432415154987805,0.0,0.6526171837025113,1.0662858162446303,-17.165818473858746,17.165818473858746,0.0018489166469502476,0.0018489166469502476,0.003496558730314849,22.362506025839114,22.362506025839114,3.9799341331009552,3.9799341331009552,0.015290611565703261,0.015290611565703261,0.0,
ABOVE_THRESHOLD_NOMINAL_mu0.6_F60_r0.40_y+0.000,ramp,0.17300000000000001,0.007561360746160459,0.0,0.053914836953644844,0.47756136074616046,-0.8427633209678567,0.0,0.6511213601197943,1.0649925073788178,-17.150119482995052,17.150119482995052,0.0018772165774115924,0.0018772165774115924,0.0035321477295869852,22.701238895159324,22.701238895159324,3.9768789172642576,3.9768789172642576,0.01503604730031584,0.01503604730031584,0.0,
ABOVE_THRESHOLD_NOMINAL_mu0.6_F60_r0.40_y+0.000,ramp,0.17325000000000002,0.007350785180087129,0.0,0.05407724462125264,0.4773507851800871,-0.8423022642933241,0.0,0.64963067043119,1.063716650428364,-17.13474325136563,17.13474325136563,0.0019050751937805714,0.0019050751937805714,0.003567007481381408,23.03457045666003,23.03457045666003,3.9688795779822743,3.9688795779822743,0.014773867543482214,0.014773867543482214,0.0,
ABOVE_THRESHOLD_NOMINAL_mu0.6_F60_r0.40_y+0.000,ramp,0.17350000000000002,0.007140318820112756,0.0,0.05423929008595413,0.4771403188201127,-0.8418654398974914,0.0,0.6481818588059407,1.0624863015488346,-17.11968065065832,17.11968065065832,0.0019324903284629743,0.0019324903284629743,0.003601146793755338,23.362474464389557,23.362474464389557,3.9613308549534727,3.9613308549534727,0.014525234552748359,0.014525234552748359,0.0,
ABOVE_THRESHOLD_NOMINAL_mu0.6_F60_r0.40_y+0.000,ramp,0.17375000000000002,0.006929956877003964,0.0,0.05440097160927669,0.47692995687700396,-0.8414477724351651,0.0,0.6467260932902584,1.0612676351790726,-17.10501181545756,17.10501181545756,0.001959460628651553,0.001959460628651553,0.003634574985442237,23.684941559033415,23.684941559033415,3.9471077440647284,3.9471077440647284,0.01426216309717335,0.01426216309717335,0.0,
ABOVE_THRESHOLD_NOMINAL_mu0.6_F60_r0.40_y+0.000,ramp,0.17400000000000002,0.006719692186324962,0.0,0.05456230546687213,0.47671969218632493,-0.8410587627160097,0.0,0.6453354303817506,1.0601120978686096,-17.090691713906477,17.090691713906477,0.0019859840295938214,0.0019859840295938214,0.0036673000132236597,24.001944236882032,24.001944236882032,3.9361387310257743,3.9361387310257743,0.014022462773311622,0.014022462773311622,0.0,
ABOVE_THRESHOLD_NOMINAL_mu0.6_F60_r0.40_y+0.000,ramp,0.17425000000000002,0.006509519786187231,0.0,0.05472328206007183,0.4765095197861872,-0.840689600550925,0.0,0.6439063727988013,1.0589496784103496,-17.07685097240864,17.07685097240864,0.0020120597952704615,0.0020120597952704615,0.003699331020768488,24.313483926808736,24.313483926808736,3.9143917596054476,3.9143917596054476,0.013753056278852635,0.013753056278852635,0.0,
ABOVE_THRESHOLD_NOMINAL_mu0.6_F60_r0.40_y+0.000,ramp,0.17450000000000002,0.006299431004193248,0.0,0.05488393121158725,0.4762994310041932,-0.840355127975934,0.0,0.6425966060617082,1.0578880560992616,-17.063361074652025,17.063361074652025,0.002037685634216007,0.002037685634216007,0.003730674808981045,24.619524892940877,24.619524892940877,3.9025195678149016,3.9025195678149016,0.013530301613391917,0.013530301613391917,0.0,
ABOVE_THRESHOLD_NOMINAL_mu0.6_F60_r0.40_y+0.000,ramp,0.17475000000000002,0.006089421512946468,0.0,0.055044222610219073,0.4760894215129464,-0.8400379649871195,0.0,0.6411655945272772,1.056767288585911,-17.05048115491496,17.05048115491496,0.0020628618218158437,0.0020628618218158437,0.003761340911011558,24.920088891126195,24.920088891126195,3.8695184071858253,3.8695184071858253,0.013240830147347775,0.013240830147347775,0.0,
ABOVE_THRESHOLD_NOMINAL_mu0.6_F60_r0.40_y+0.000,ramp,0.17500000000000002,0.005879479839890875,0.0,0.055204221056024586,0.4758794798398909,-0.8397666922223703,0.0,0.6399937832220618,1.0558409633694785,-17.037869075637452,17.037869075637452,0.002087585072214699,0.002087585072214699,0.0037913341315029755,25.215114936560237,25.215114936560237,3.8634565563189143,3.8634565563189143,0.013057264300352317,0.013057264300352317,0.0,
ABOVE_THRESHOLD_NOMINAL_mu0.6_F60_r0.40_y+0.000,ramp,0.17525000000000002,0.005669604809327039,0.0,0.055363838944648976,0.475669604809327,-0.8395001222553415,0.0,0.6384715544975603,1.0547067749707806,-17.02613400746451,17.02613400746451,0.0021118578220721785,0.0021118578220721785,0.0038206658498945245,25.504671818974636,25.504671818974636,3.8081718208169084,3.8081718208169084,0.012709567310990716,0.012709567310990716,0.0,
ABOVE_THRESHOLD_NOMINAL_mu0.6_F60_r0.40_y+0.000,ramp,0.17550000000000002,0.005459777475900656,0.0,0.055523239216351515,0.4754597774759006,-0.8393093337055323,0.0,0.6376010868101577,1.0540281322368579,-17.01433639344206,17.01433639344206,0.002135673734871947,0.002135673734871947,0.003849336489604334,25.78862687901731,25.78862687901731,3.827717931667347,3.827717931667347,0.012630879239659906,0.012630879239659906,0.0,
ABOVE_THRESHOLD_NOMINAL_mu0.6_F60_r0.40_y+0.000,ramp,0.17575000000000002,0.005250009182545016,0.0,0.05568216586761691,0.475250009182545,-0.839073173422561,0.0,0.6357066050615611,1.0526949596517992,-17.00411322736041,17.00411322736041,0.002159040824931307,0.002159040824931307,0.003877363417414148,26.067174240879755,26.067174240879755,3.715768733894586,3.715768733894586,0.012110203111621575,0.012110203111621575,0.0,
ABOVE_THRESHOLD_NOMINAL_mu0.6_F60_r0.40_y+0.000,ramp,0.176,0.005040254774854745,0.0,0.0558410779791986,0.47504025477485473,-0.839017630761086,0.0,0.6356484463267821,1.0526155670735629,-16.992709996770614,16.992709996770614,0.002181943624978282,0.002181943624978282,0.0039047355149341182,26.339971475156677,26.339971475156677,3.824558059974423,3.824558059974423,0.012344852435972779,0.012344852435972779,0.0,
ABOVE_THRESHOLD_NOMINAL_mu0.6_F60_r0.40_y+0.000,ramp,0.17625,0.00483057711075238,0.0,0.05599919202176571,0.4748305771107523,-0.8387106564094586,0.0,0.6324561702684401,1.0504457970240098,-16.985020477349508,16.985020477349508,0.0022044064181342485,0.0022044064181342485,0.0039314888657507735,26.607581976642038,26.607581976642038,3.5427584356068205,3.5427584356068205,0.01128342240703928,0.01128342240703928,0.0,
ABOVE_THRESHOLD_NOMINAL_mu0.6_F60_r0.40_y+0.000,ramp,0.1765,0.004620823877645316,0.0,0.05615792169890154,0.4746208238776453,-0.839012932428256,0.0,0.6349187085433264,1.0521713107855521,-16.972333493598327,16.972333493598327,0.0022263851507529414,0.0022263851507529414,0.0039575778803247336,26.86901104003199,26.86901104003199,3.9629086932984126,3.9629086932984126,0.012547770862535675,0.012547770862535675,0.0,
ABOVE_THRESHOLD_NOMINAL_mu0.6_F60_r0.40_y+0.000,ramp,0.17675,0.0044112840764783025,0.0,0.05631472426763067,0.47441128407647826,-0.8381592046680548,0.0,0.6272102749165094,1.0468541356514907,-16.970652690147716,16.970652690147716,0.0022479559071637905,0.0022479559071637905,0.00398309927706482,27.126001019608157,27.126001019608157,3.130745172336071,3.130745172336071,0.009739241352892818,0.009739241352892818,0.0,
ABOVE_THRESHOLD_NOMINAL_mu0.6_F60_r0.40_y+0.000,ramp,0.177,0.0042013324186562,0.0,0.05647427179144857,0.4742013324186562,-0.8398066312884106,0.0,0.6381900952716033,1.0547804395506992,-16.95031619910526,16.95031619910526,0.0022689793272090025,0.0022689793272090025,0.004007894658198502,27.375387761276013,27.375387761276013,4.692755035373079,4.692755035373079,0.014694107832222797,0.014694107832222797,0.0,
ABOVE_THRESHOLD_NOMINAL_mu0.6_F60_r0.40_y+0.000,ramp,0.17725,0.003992301207554813,0.0,0.05662784710598082,0.4739923012075548,-0.8361248444055491,0.0,0.6143012581290122,1.0375311037126025,-16.967695422137208,16.967695422137208,0.0022897079673596873,0.0022897079673596873,0.004032267502915923,27.6229365416159,27.6229365416159,2.4342737304061925,2.4342737304061925,0.007397258868736693,0.007397258868736693,0.0,
ABOVE_THRESHOLD_NOMINAL_mu0.6_F60_r0.40_y+0.000,ramp,0.1775,0.003781486962838313,0.0,0.05679133788203815,0.4737814869628383,-0.8432569788659999,0.0,0.653963104229311,1.0671223332399384,-16.91709428409738,16.91709428409738,0.0023096661546808737,0.0023096661546808737,0.00405566503937972,27.857833240125135,27.857833240125135,7.741851150488176,7.741851150488176,0.025067372538804124,0.025067372538804124,0.0,
ABOVE_THRESHOLD_NOMINAL_mu0.6_F60_r0.40_y+0.000,ramp,0.17775,0.003574635164192948,0.0,0.0569360354966838,0.4735746351641929,-0.8274071945814612,0.0,0.5787904585826025,1.0097529700829917,-16.99569780200776,16.99569780200776,0.002329715805769525,0.002329715805769525,0.0040791020412826555,28.09985342579363,28.09985342579363,6.605206034199813,6.605206034199813,0.020694456439386597,0.020694456439386597,0.0,
ABOVE_THRESHOLD_NOMINAL_mu0.6_F60_r0.40_y+0.000,ramp,0.178,0.0033626123942741095,0.0,0.05710469901424231,0.4733626123942741,-0.8480910796753534,0.0,0.67465407023403,1.083705030858605,-16.880762549384418,16.880762549384418,0.002348279294358621,0.002348279294358621,0.004100741921847716,28.31277552881056,28.31277552881056,14.271991403988185,14.271991403988185,0.06108220506042675,0.06108220506042675,0.0,
ABOVE_THRESHOLD_NOMINAL_mu0.6_F60_r0.40_y+0.000,ramp,0.17825,0.003158147462460583,0.0,0.05724263942903751,0.47315814746246054,-0.8178597272541072,0.0,0.5517616591808026,0.9865776512804831,-17.02030284495176,17.02030284495176,0.00236769792257597,0.00236769792257597,0.004123317724740072,28.55258761567306,28.55258761567306,12.198725689777856,12.198725689777856,0.04456770357085196,0.04456770357085196,0.0,
ABOVE_THRESHOLD_NOMINAL_mu0.6_F60_r0.40_y+0.000,ramp,0.1785,0.002946408197368841,0.0,0.057408652140059,0.47294640819736883,-0.8469570603669672,0.0,0.6640508440859333,1.076243367290454,-16.881989990046012,16.881989990046012,0.0023849834307041753,0.0023849834307041753,0.004143361722951817,28.745346096896796,28.745346096896796,16.311145487234057,16.311145487234057,0.08948397978124344,0.08948397978124344,0.0,
ABOVE_THRESHOLD_NOMINAL_mu0.6_F60_r0.40_y+0.000,ramp,0.17875,0.0027412491054345112,0.0,0.057547419934224,0.47274124910543447,-0.8206363677373198,0.0,0.5550711766600169,0.9907310731030078,-17.00610132042585,17.00610132042585,0.002403353864400503,0.002403353864400503,0.004164610779370671,28.974196097880025,28.974196097880025,10.624024565587932,10.624024565587932,0.035535342823022745,0.035535342823022745,0.0,
ABOVE_THRESHOLD_NOMINAL_mu0.6_F60_r0.40_y+0.000,ramp,0.179,0.0025288687635491645,0.0,0.057714462818838165,0.47252886876354916,-0.8495213675413867,0.0,0.6681715384566514,1.0808051437298567,-16.869202680278384,16.869202680278384,0.002419859408724922,0.002419859408724922,0.004183656588058837,29.159323609892866,29.159323609892866,16.2831788029229,16.2831788029229,0.08318045122093698,0.08318045122093698,0.0,
ABOVE_THRESHOLD_NOMINAL_mu0.6_F60_r0.40_y+0.000,ramp,0.17925,0.002324496473755661,0.0,0.05785136268866002,0.47232449647375563,-0.817489159174014,0.0,0.547599479287433,0.9839480245840754,-17.012102876118583,17.012102876118583,0.0024373712095954315,0.0024373712095954315,0.004203816238559505,29.377291623215765,29.377291623215765,12.099425188240623,12.099425188240623,0.04205948183768168,0.04205948183768168,0.0,
ABOVE_THRESHOLD_NOMINAL_mu0.6_F60_r0.40_y+0.000,ramp,0.1795,0.0021117017940100965,0.0,0.05801749494439825,0.4721117017940101,-0.8511787189822582,0.0,0.6645290229529219,1.079862970008252,-16.867626922890935,16.867626922890935,0.002452907365101659,0.002452907365101659,0.004221661134898306,29.549797114456194,29.549797114456194,16.792276825132223,16.792276825132223,0.09015079037773505,0.09015079037773505,0.0,
ABOVE_THRESHOLD_NOMINAL_mu0.6_F60_r0.40_y+0.000,ramp,0.17975,0.0019076005030827436,0.0,0.05815414562149379,0.4719076005030827,-0.8164051637094115,0.0,0.5466027083821585,0.9824927033531099,-17.013271394135806,17.013271394135806,0.00246946829612236,0.00246946829612236,0.004240641659244185,29.756469999582364,29.756469999582364,11.9207586143993,11.9207586143993,0.040327656540060264,0.040327656540060264,0.0,
ABOVE_THRESHOLD_NOMINAL_mu0.6_F60_r0.40_y+0.000,ramp,0.18,0.0016939687923728517,0.0,0.0583203291006575,0.4716939687923728,-0.8545268428395678,0.0,0.664733916654833,1.0826298098078742,-16.864099509303,16.864099509303,0.002484123559629492,0.002484123559629492,0.004257402733546927,29.918745423677407,29.918745423677407,17.00234048822488,17.00234048822488,0.09016164616679197,0.09016164616679197,0.0,
ABOVE_THRESHOLD_NOMINAL_mu0.6_F60_r0.40_y+0.000,ramp,0.18025,0.0014906776057317728,0.0,0.05845616608127505,0.47149067760573177,-0.8131647465643151,0.0,0.5433479224702107,0.9779897084876205,-17.02261033991449,17.02261033991449,0.0024997806270031053,0.0024997806270031053,0.004275273184889939,30.114383690747335,30.114383690747335,12.548406710640688,12.548406710640688,0.042828456674799904,0.042828456674799904,0.0,
ABOVE_THRESHOLD_NOMINAL_mu0.6_F60_r0.40_y+0.000,ramp,0.1805,0.0012761707209363172,0.0,0.0586218205620727,0.4712761707209363,-0.8580275391818227,0.0,0.6626179231905859,1.084100442822444,-16.86591771699106,16.86591771699106,0.002513508953399875,0.002513508953399875,0.004290911558530332,30.26521016342521,30.26521016342521,17.320862204659015,17.320862204659015,0.09363477868101716,0.09363477868101716,0.0,
ABOVE_THRESHOLD_NOMINAL_mu0.6_F60_r0.40_y+0.000,ramp,0.18075,0.0010736692269163678,0.0,0.05875739982058972,0.47107366922691635,-0.8100059760797974,0.0,0.5423170340680945,0.974790975915042,-17.033456068263646,17.033456068263646,0.002528235756741812,0.002528235756741812,0.004307655710479111,30.449636467207178,30.449636467207178,12.719611304626238,12.719611304626238,0.04299540822416042,0.04299540822416042,0.0,
ABOVE_THRESHOLD_NOMINAL_mu0.6_F60_r0.40_y+0.000,ramp,0.181,0.0008580406549281415,0.0,0.05892273796476653,0.4708580406549281,-0.8625142879529056,0.0,0.6613525767072548,1.0868845972044288,-16.869368666291646,16.869368666291646,0.0025410584633275644,0.0025410584633275644,0.004322208472343417,30.589637230540013,30.589637230540013,17.560457433870166,17.560457433870166,0.09531640733910586,0.09531640733910586,0.0,
ABOVE_THRESHOLD_NOMINAL_mu0.6_F60_r0.40_y+0.000,ramp,0.18125,0.0006565571854159058,0.0,0.059058088741096915,0.4706565571854159,-0.8059338780489423,0.0,0.5414031053215334,0.9708999630439826,-17.04895244218156,17.04895244218156,0.002554863387259862,0.002554863387259862,0.004337848637902719,30.762852460695754,30.762852460695754,13.110757122718613,13.110757122718613,0.04439079185411093,0.04439079185411093,0.0,
ABOVE_THRESHOLD_NOMINAL_mu0.6_F60_r0.40_y+0.000,ramp,0.1815,0.00043973055074393504,0.0,0.059222919839138494,0.4704397305507439,-0.8673065386878831,0.0,0.6593243921663203,1.0894628429442852,-16.876734882483774,16.876734882483774,0.0025667731703795304,0.0025667731703795304,0.004351319098720927,30.891839982370595,30.891839982370595,17.80872963284198,17.80872963284198,0.09781785762423735,0.09781785762423735,0.0,
ABOVE_THRESHOLD_NOMINAL_mu0.6_F60_r0.40_y+0.000,ramp,0.18175,0.0002392715308820249,0.0,0.059358352192826536,0.470239271530882,-0.8018360794476405,0.0,0.5417294147521768,0.9676837588343099,-17.067053450693738,17.067053450693738,0.0025796440778989337,0.0025796440778989337,0.004365853229088575,31.053656954492777,31.053656954492777,13.392399116586482,13.392399116586482,0.045255544044384956,0.045255544044384956,0.0,
ABOVE_THRESHOLD_NOMINAL_mu0.6_F60_r0.40_y+0.000,ramp,0.182,2.11246523640708e-05,0.0,0.05952271147201785,0.47002112465236406,-0.8725875140718165,0.0,0.6574371167652346,1.0925349112109037,-16.88705032556044,16.88705032556044,0.0025906515600482324,0.0025906515600482324,0.004378263969402545,31.171945664385444,31.171945664385444,18.023058551430946,18.023058551430946,0.09972483819016029,0.09972483819016029,0.0,
ABOVE_THRESHOLD_NOMINAL_mu0.6_F60_r0.40_y+0.000,ramp,0.18225,-0.00017830901891611371,0.0,0.05965838941629644,0.46982169098108384,-0.7977346851207381,0.0,0.542711777114368,0.9648402462912286,-17.08828508720407,17.08828508720407,0.00260258410980984,0.00260258410980984,0.004391697868806429,31.3221938558338,31.3221938558338,13.74965761712237,13.74965761712237,0.046610743503635095,0.046610743503635095,0.0,
ABOVE_THRESHOLD_NOMINAL_mu0.6_F60_r0.40_y+0.000,ramp,0.1825,-0.00039780912006047225,0.0,0.059822238994833965,0.4696021908799395,-0.878000404577434,0.0,0.6553983141501089,1.0956421225148942,-16.9010431789225,16.9010431789225,0.002612694724959073,0.002612694724959073,0.004403064537489544,31.42994056889419,31.42994056889419,18.22161620356841,18.22161620356841,0.10162689768609257,0.10162689768609257,0.0,
ABOVE_THRESHOLD_NOMINAL_mu0.6_F60_r0.40_y+0.000,ramp,0.18275,-0.0005963489396199698,0.0,0.059958349818245334,0.46940365106038,-0.7941592782379903,0.0,0.5444432936454859,0.962864195620042,-17.111939695358533,17.111939695358533,0.002623678737585581,0.002623678737585581,0.0044153965031187535,31.568372969342487,31.568372969342487,14.098844763165676,14.098844763165676,0.04800875350350059,0.04800875350350059,0.0,
ABOVE_THRESHOLD_NOMINAL_mu0.6_F60_r0.40_y+0.000,ramp,0.183,-0.0008172316635640856,0.0,0.060121737164352804,0.4691827683364359,-0.8835308957764628,0.0,0.6535493844298678,1.098978453692436,-16.918465264424462,16.918465264424462,0.0026329017007884954,0.0026329017007884954,0.0044257380176957895,31.665852977164846,31.665852977164846,18.39509776539146,18.39509776539146,0.1031255603797879,0.1031255603797879,0.0,
ABOVE_THRESHOLD_NOMINAL_mu0.6_F60_r0.40_y+0.000,ramp,0.18325,-0.0010150629736349354,0.0,0.06025838247044177,0.468984937026365,-0.7913252402833991,0.0,0.5465812243558615,0.9617414781155755,-17.13807744461463,17.13807744461463,0.0026429285046489955,0.0026429285046489955,0.004436967171855897,31.79222236092232,31.79222236092232,14.481224549376448,14.481224549376448,0.04971143777688906,0.04971143777688906,0.0,
ABOVE_THRESHOLD_NOMINAL_mu0.6_F60_r0.40_y+0.000,ramp,0.1835,-0.0012373223806138398,0.0,0.060421367970566166,0.4687626776193861,-0.8890376279156176,0.0,0.6519420004975994,1.102459194647421,-16.939469494134947,16.939469494134947,0.002651270448420491,0.002651270448420491,0.004446298610334106,31.879649876680464,31.879649876680464,18.547385970315233,18.547385970315233,0.10432580889544672,0.10432580889544672,0.0,
ABOVE_THRESHOLD_NOMINAL_mu0.6_F60_r0.40_y+0.000,ramp,0.18375,-0.0014346885501712898,0.0,0.0605586010393732,0.46856531144982866,-0.7894646782297997,0.0,0.5489322752281609,0.9615514135810141,-17.16659876908912,17.16659876908912,0.002660329959852344,0.002660329959852344,0.0044564216533914,31.99370025564595,31.99370025564595,14.870971586496696,14.870971586496696,0.051596629781124545,0.051596629781124545,0.0,
ABOVE_THRESHOLD_NOMINAL_mu0.6_F60_r0.40_y+0.000,ramp,0.184,-0.0016583183739011667,0.0,0.06072128285563173,0.4683416816260988,-0.8945192949195078,0.0,0.6507272650340857,1.1061694004274547,-16.96394286369856,16.96394286369856,0.0026677957695836058,0.0026677957695836058,0.00446475526976181,32.07126593353724,32.07126593353724,18.677244692844944,18.677244692844944,0.10513743707038234,0.10513743707038234,0.0,
ABOVE_THRESHOLD_NOMINAL_mu0.6_F60_r0.40_y+0.000,ramp,0.18425,-0.0018554791029837963,0.0,0.06085910312730667,0.4681445208970162,-0.7886429163305186,0.0,0.551281086699781,0.9622206015416616,-17.197623676757374,17.197623676757374,0.0026758780046273133,0.0026758780046273133,0.00447376820497251,32.17275639810233,32.17275639810233,15.268462049075367,15.268462049075367,0.05369984064554902,0.05369984064554902,0.0,
ABOVE_THRESHOLD_NOMINAL_mu0.6_F60_r0.40_y+0.000,ramp,0.1845,-0.002080472180474539,0.0,0.0610215940305268,0.46791952781952545,-0.8999723099629694,0.0,0.6499636128805361,1.1101364135856469,-16.991847764631952,16.991847764631952,0.00268246943633662,0.00268246943633662,0.004481111948939616,32.24058845914624,32.24058845914624,18.785747843258317,18.785747843258317,0.10558290698498331,0.10558290698498331,0.0,
ABOVE_THRESHOLD_NOMINAL_mu0.6_F60_r0.40_y+0.000,ramp,0.18475,-0.0022776878687326987,0.0,0.06115997238051243,0.46772231213126725,-0.7888627530326385,0.0,0.5535133999424997,0.9636812372554211,-17.231253404716735,17.231253404716735,0.002689563835946846,0.002689563835946846,0.004489009349218529,32.32929101930511,32.32929101930511,15.662425912623213,15.662425912623213,0.05598183160868265,0.05598183160868265,0.0,
ABOVE_THRESHOLD_NOMINAL_mu0.6_F60_r0.40_y+0.000,ramp,0.185,-0.0025040470623368966,0.0,0.06132239476189489,0.46749595293766305,-0.905436774416791,0.0,0.6496895255298396,1.1144111593345927,-17.02310201179869,17.02310201179869,0.0026952797963817558,0.0026952797963817558,0.004495367237559009,32.38746538639099,32.38746538639099,18.872923383163613,18.872923383163613,0.10565507210001089,0.10565507210001089,0.0,
ABOVE_THRESHOLD_NOMINAL_mu0.6_F60_r0.40_y+0.000,ramp,0.18525,-0.0027015646108906445,0.0,0.061461291120417684,0.4672984353891093,-0.7900701942149915,0.0,0.5555854340911884,0.9658602830436753,-17.26759056480359,17.26759056480359,0.0027013752419896885,0.0027013752419896885,0.004502142279065552,32.46316358521863,32.46316358521863,16.047264235921066,16.047264235921066,0.058437404650127076,0.058437404650127076,0.0,
ABOVE_THRESHOLD_NOMINAL_mu0.6_F60_r0.40_y+0.000,ramp,0.1855,-0.002929304490076057,0.0,0.061623767654735984,0.4670706955099239,-0.9109595167416509,0.0,0.6499061372731906,1.1190286986523363,-17.057639730781663,17.057639730781663,0.002706211967139912,0.002706211967139912,0.004507514636948561,32.51170702585113,32.51170702585113,18.938678925496674,18.938678925496674,0.1053568269463427,0.1053568269463427,0.0,
ABOVE_THRESHOLD_NOMINAL_mu0.6_F60_r0.40_y+0.000,ramp,0.18575,-0.0031273533053953035,0.0,0.06176314722412014,0.46687264669460465,-0.7921952612769854,0.0,0.5575182775366389,0.9687104633362498,-17.30669352023054,17.30669352023054,0.0027112965026306903,0.0027112965026306903,0.004513158798770951,32.57418947285998,32.57418947285998,16.417458085920394,16.417458085920394,0.061059254554266675,0.061059254554266675,0.0,
ABOVE_THRESHOLD_NOMINAL_mu0.6_F60_r0.40_y+0.000,ramp,0.186,-0.003356501530338358,0.0,0.0619257962123765,0.46664349846966163,-0.9165928997722169,0.0,0.6505959530254165,1.1240185220920034,-17.09539694269707,17.09539694269707,0.0027152478950917026,0.0027152478950917026,0.004517542662799487,32.6130881221656,32.6130881221656,18.9823233539856,18.9823233539856,0.10467998378339123,0.10467998378339123,0.0,
ABOVE_THRESHOLD_NOMINAL_mu0.6_F60_r0.40_y+0.000,ramp,0.18625,-0.0035552936803474574,0.0,0.06206563942395599,0.4664447063196525,-0.7951686000363986,0.0,0.5593728463179491,0.9722093826340548,-17.348578029475163,17.348578029475163,0.0027193085513648554,0.0027193085513648554,0.004522045534337223,32.662142755641696,32.662142755641696,16.769040584346985,16.769040584346985,0.06384967101890168,0.06384967101890168,0.0,
ABOVE_THRESHOLD_NOMINAL_mu0.6_F60_r0.40_y+0.000,ramp,0.1865,-0.0037858901998375012,0.0,0.062228571926144484,0.4662141098001625,-0.9223860779601754,0.0,0.6517300087539849,1.1294016473891049,-17.13631654403436,17.13631654403436,0.002722366399994229,0.002722366399994229,0.004525434910775352,32.69134760717566,32.69134760717566,19.00257052392535,19.00257052392535,0.10360841319538498,0.10360841319538498,0.0,
ABOVE_THRESHOLD_NOMINAL_mu0.6_F60_r0.40_y+0.000,ramp,0.18675,-0.003985623100764176,0.0,0.06236887941455903,0.4660143768992358,-0.7989316037067005,0.0,0.561229953658173,0.9763558614995432,-17.39322233928332,17.39322233928332,0.00272538903255971,0.00272538903255971,0.004528784006117121,32.72675708348125,32.72675708348125,17.09862332746703,17.09862332746703,0.06681422701665514,0.06681422701665514,0.0,
ABOVE_THRESHOLD_NOMINAL_mu0.6_F60_r0.40_y+0.000,ramp,0.187,-0.004217718343225915,0.0,0.0625321980718523,0.46578228165677404,-0.9283809698469566,0.0,0.6532746291730716,1.135191158481773,-17.180347690212233,17.180347690212233,0.002727543113738887,0.002727543113738887,0.004531169985674333,32.746187065197276,32.746187065197276,18.99741293033119,18.99741293033119,0.1021185796632708,0.1021185796632708,0.0,
ABOVE_THRESHOLD_NOMINAL_mu0.6_F60_r0.40_y+0.000,ramp,0.18725,-0.004418578013658994,0.0,0.0626729917032196,0.465581421986341,-0.803438681732317,0.0,0.5631745254692188,0.981162199354033,-17.440578253828324,17.440578253828324,0.002729512279308068,0.002729512279308068,0.004533350592976182,32.76772581782751,32.76772581782751,17.403045271881208,17.403045271881208,0.06995848913472431,0.06995848913472431,0.0,
ABOVE_THRESHOLD_NOMINAL_mu0.6_F60_r0.40_y+0.000,ramp,0.1875,-0.004652230056561259,0.0,0.06283679027644623,0.46534776994343874,-0.934608171609059,0.0,0.6551942929065231,1.1413903783963255,-17.227448429475526,17.227448429475526,0.0027307503526296413,0.0027307503526296413,0.0045347213375476385,32.777268503237394,32.777268503237394,18.963983029674736,18.963983029674736,0.10018303851219953,0.10018303851219953,0.0,
ABOVE_THRESHOLD_NOMINAL_mu0.6_F60_r0.40_y+0.000,ramp,0.18775,-0.004854393779709587,0.0,0.06297811144791322,0.4651456062202904,-0.8086548925933108,0.0,0.5652846858679613,0.9866455855026863,-17.490583460455333,17.490583460455333,0.002731649224169325,0.002731649224169325,0.004535716401867227,32.7847013803344,32.7847013803344,17.679056919188472,17.679056919188472,0.07328272514612495,0.07328272514612495,0.0,
ABOVE_THRESHOLD_NOMINAL_mu0.6_F60_r0.40_y+0.000,ramp,0.188,-0.00508966439799243,0.0,0.06314247427790107,0.46491033560200756,-0.9410824731313692,0.0,0.6574513199513469,1.1479888759656265,-17.277591299446687,17.277591299446687,0.00273195696576634,0.00273195696576634,0.0045360570513643846,32.78421218570067,32.78421218570067,18.89837431699521,18.89837431699521,0.09777547159361587,0.09777547159361587,0.0,
ABOVE_THRESHOLD_NOMINAL_mu0.6_F60_r0.40_y+0.000,ramp,0.18825,-0.0052933019117116335,0.0,0.06328438030924909,0.46470669808828835,-0.814550054876815,0.0,0.5676241253920873,0.9928186841649156,-17.543175026975653,17.543175026975653,0.002731767302515248,0.002731767302515248,0.004535847108261791,32.77729466780015,32.77729466780015,17.92318587016959,17.92318587016959,0.07677522803667508,0.07677522803667508,0.0,
ABOVE_THRESHOLD_NOMINAL_mu0.6_F60_r0.40_y+0.000,ramp,0.1885,-0.005530251214919062,0.0,0.0634493809759307,0.4644697487850809,-0.9477972128297125,0.0,0.660002666726435,1.154955876531124,-17.330772489667307,17.330772489667307,0.0027311282283373757,0.0027311282283373757,0.0045351396649414835,32.766595442495316,32.766595442495316,18.79546732684493,18.79546732684493,0.09487788449989368,0.09487788449989368,0.0,
ABOVE_THRESHOLD_NOMINAL_mu0.6_F60_r0.40_y+0.000,ramp,0.18875,-0.005735523682390662,0.0,0.06359193997626748,0.4642644763176093,-0.8210898698864023,0.0,0.5702360013471406,0.9996787842414409,-17.598304824871253,17.598304824871253,0.0027298304344954235,0.0027298304344954235,0.004533702861279474,32.74507570370539,32.74507570370539,18.131765926396874,18.131765926396874,0.0804037122872002,0.0804037122872002,0.0,
ABOVE_THRESHOLD_NOMINAL_mu0.6_F60_r0.40_y+0.000,ramp,0.189,-0.005974203076859751,0.0,0.06375763861497162,0.4640257969231402,-0.9547175778763557,0.0,0.6627945548165647,1.1622315928422284,-17.387023702061498,17.387023702061498,0.0027282258764891576,0.0027282258764891576,0.004531926120382671,32.72395370211547,32.72395370211547,18.648875052110927,18.648875052110927,0.09149053543440869,0.09149053543440869,0.0,
ABOVE_THRESHOLD_NOMINAL_mu0.6_F60_r0.40_y+0.000,ramp,0.18925,-0.006181259248112914,0.0,0.0639009228972874,0.46381874075188706,-0.828224685012649,0.0,0.5731371292631057,1.0071952629973273,-17.655957073086952,17.655957073086952,0.0027257992017700326,0.0027257992017700326,0.004529238380678367,32.687577067425565,32.687577067425565,18.301130657080545,18.301130657080545,0.08410511908041782,0.08410511908041782,0.0,
ABOVE_THRESHOLD_NOMINAL_mu0.6_F60_r0.40_y+0.000,ramp,0.1895,-0.006421702866528388,0.0,0.06406736202574617,0.4635782971334716,-0.9617744736618954,0.0,0.665756513835082,1.1697187157182096,-17.44642325149726,17.44642325149726,0.0027232084143268376,0.0027232084143268376,0.004526367992292481,32.65578542812852,32.65578542812852,18.45124271614767,18.45124271614767,0.0876445234258771,0.0876445234258771,0.0,
ABOVE_THRESHOLD_NOMINAL_mu0.6_F60_r0.40_y+0.000,ramp,0.18975,-0.006630672321988878,0.0,0.06421144016777584,0.4633693276780111,-0.8358778218419599,0.0,0.5763125681186669,1.015296956175282,-17.71616549933278,17.71616549933278,0.0027196313597141557,0.0027196313597141557,0.004522403401088319,32.60430184514635,32.60430184514635,18.4279640940113,18.4279640940113,0.08777605394233474,0.08777605394233474,0.0,
ABOVE_THRESHOLD_NOMINAL_mu0.6_F60_r0.40_y+0.000,ramp,0.19,-0.006872888091313335,0.0,0.0643786396745723,0.46312711190868666,-0.9688630772978292,0.0,0.6687980271858427,1.1772792632670868,-17.509098595926876,17.509098595926876,0.0027160318422922718,0.0027160318422922718,0.004518412158493131,32.5615627958133,32.5615627958133,18.19526661168562,18.19526661168562,0.08341495134830898,0.08341495134830898,0.0,
ABOVE_THRESHOLD_NOMINAL_mu0.6_F60_r0.40_y+0.000,ramp,0.19025,-0.007083872588534914,0.0,0.06452356790236465,0.46291612741146504,-0.8439379888863154,0.0,0.579712911169391,1.0238644385180926,-17.779022689056728,17.779022689056728,0.0027112828125248948,0.0027112828125248948,0.004513143606611441,32.494737405633764,32.494737405633764,18.509772492054324,18.509772492054324,0.09126936478035824,0.09126936478035824,0.0,
ABOVE_THRESHOLD_NOMINAL_mu0.6_F60_r0.40_y+0.000,ramp,0.1905,-0.007327835730401492,0.0,0.06469152107532539,0.4626721642695985,-0.9758525674663112,0.0,0.6718126918429909,1.1847449203739668,-17.575208317597365,17.575208317597365,0.002706650911110046,0.002706650911110046,0.004508002032346457,32.4407491228567,32.4407491228567,17.875755051553924,17.875755051553924,0.07892895136710458,0.07892895136710458,0.0,
ABOVE_THRESHOLD_NOMINAL_mu0.6_F60_r0.40_y+0.000,ramp,0.19075,-0.00754090149129052,0.0,0.06483733580366023,0.4624590985087095,-0.8522630435561087,0.0,0.5832589133393582,1.0327358110384914,-17.844669135876945,17.844669135876945,0.0027007090714262273,0.0027007090714262273,0.00450140208375201,32.358374498697515,32.358374498697515,18.54538874250015,18.54538874250015,0.09440561151625472,0.09440561151625472,0.0,
ABOVE_THRESHOLD_NOMINAL_mu0.6_F60_r0.40_y+0.000,ramp,0.191,-0.007786554508426698,0.0,0.06500600932897287,0.4622134454915733,-0.9826120685447124,0.0,0.6746941012505354,1.1919474013193645,-17.644894347904536,17.644894347904536,0.0026950208315747646,0.0026950208315747646,0.004495079287107422,32.29282142505517,32.29282142505517,17.492467490979255,17.492467490979255,0.07435905973220222,0.07435905973220222,0.0,
ABOVE_THRESHOLD_NOMINAL_mu0.6_F60_r0.40_y+0.000,ramp,0.19125,-0.008001729860779697,0.0,0.06515272379556745,0.4619982701392203,-0.8607014094119971,0.0,0.5868578663783321,1.041733685494487,-17.91325123188767,17.91325123188767,0.002687866977408608,0.002687866977408608,0.004487121059149252,32.19472781165984,32.19472781165984,18.535358916095912,18.535358916095912,0.09700643899699507,0.09700643899699507,0.0,
ABOVE_THRESHOLD_NOMINAL_mu0.6_F60_r0.40_y+0.000,ramp,0.1915,-0.008248991792451602,0.0,0.06532206402075315,0.4617510082075484,-0.9890477266876225,0.0,0.6773609007427778,1.1987631940967414,-17.718213810631774,17.718213810631774,0.002681099060727368,0.002681099060727368,0.004479585661406448,32.11729220355722,32.11729220355722,17.052172438935088,17.052172438935088,0.06989353357248647,0.06989353357248647,0.0,
ABOVE_THRESHOLD_NOMINAL_mu0.6_F60_r0.40_y+0.000,ramp,0.19175,-0.008466273721985378,0.0,0.06546967144649155,0.4615337262780146,-0.8691277181351044,0.0,0.5904297029535842,1.0507093911070706,-17.98485499758852,17.98485499758852,0.002672716186116914,0.002672716186116914,0.00447024337306513,32.00335102384301,32.00335102384301,18.48201224218893,18.48201224218893,0.09894356339100245,0.09894356339100245,0.0,
ABOVE_THRESHOLD_NOMINAL_mu0.6_F60_r0.40_y+0.000,ramp,0.192,-0.008715056308738284,0.0,0.06563961576167689,0.4612849436912617,-0.9951303470116243,0.0,0.6797772607413766,1.2051479294113754,-17.795088361867958,17.795088361867958,0.0026648465257014036,0.0026648465257014036,0.004461464143395946,31.913721753972016,31.913721753972016,16.56750688436847,16.56750688436847,0.06568801666013069,0.06568801666013069,0.0,
ABOVE_THRESHOLD_NOMINAL_mu0.6_F60_r0.40_y+0.000,ramp,0.19225,-0.008934424682506449,0.0,0.0657880982059108,0.46106557531749354,-0.8774734950726621,0.0,0.5939297769356721,1.0595811976842031,-18.059450584072703,18.059450584072703,0.002655219858310225,0.002655219858310225,0.004450713072310771,31.783840530189718,31.783840530189718,18.389032496234854,18.389032496234854,0.10017624736065522,0.10017624736065522,0.0,
ABOVE_THRESHOLD_NOMINAL_mu0.6_F60_r0.40_y+0.000,ramp,0.1925,-0.009184647553067717,0.0,0.06595858634081114,0.4608153524469323,-1.0008914822450767,0.0,0.6819525396013554,1.2111329512070443,-17.87531193633824,17.87531193633824,0.002646227802148061,0.002646227802148061,0.004440658993413855,31.68171596376598,31.68171596376598,16.052143779035468,16.052143779035468,0.06182394316040125,0.06182394316040125,0.0,
ABOVE_THRESHOLD_NOMINAL_mu0.6_F60_r0.40_y+0.000,ramp,0.19275,-0.009406080141893135,0.0,0.06610792445442533,0.4605939198581068,-0.8857303553016728,0.0,0.597352454456727,1.0683389991703494,-18.136888018667516,18.136888018667516,0.00263534440334056,0.00263534440334056,0.004428474944943041,31.535828842149332,31.535828842149332,18.260541396472195,18.260541396472195,0.1007473489798035,0.1007473489798035,0.0,
ABOVE_THRESHOLD_NOMINAL_mu0.6_F60_r0.40_y+0.000,ramp,0.193,-0.009657677999763808,0.0,0.06627890461425878,0.46034232200023617,-1.0063914314826925,0.0,0.6839206393338264,1.2167872263746744,-17.958610794046287,17.958610794046287,0.0026252104201752685,0.0026252104201752685,0.004417114784653431,31.42091445209373,31.42091445209373,15.51582726684875,15.51582726684875,0.058303703199837964,0.058303703199837964,0.0,
ABOVE_THRESHOLD_NOMINAL_mu0.6_F60_r0.40_y+0.000,ramp,0.19325,-0.009881159412244109,0.0,0.06642908338976124,0.4601188405877559,-0.8939256499212007,0.0,0.6007151020098187,1.0770151815873852,-18.216943186310594,18.216943186310594,0.002613058718909599,0.002613058718909599,0.004403473477125358,31.258975118189877,31.258975118189877,18.10008153682614,18.10008153682614,0.10074151737661464,0.10074151737661464,0.0,
ABOVE_THRESHOLD_NOMINAL_mu0.6_F60_r0.40_y+0.000,ramp,0.1935,-0.010134081330513174,0.0,0.06660051285361622,0.4598659186694868,-1.011687673076259,0.0,0.6857178554199557,1.2221787615141242,-18.044703146646288,18.044703146646288,0.0026017640105247624,0.0026017640105247624,0.004390775242855119,31.130979738733142,31.130979738733142,14.963275271330396,14.963275271330396,0.05508271012626684,0.05508271012626684,0.0,
ABOVE_THRESHOLD_NOMINAL_mu0.6_F60_r0.40_y+0.000,ramp,0.19375,-0.010359604988119057,0.0,0.06675152267230537,0.4596403950118809,-0.9020946304235336,0.0,0.6040392747565844,1.0856510340286294,-18.299369216643964,18.299369216643964,0.0025883335385532024,0.0025883335385532024,0.004375651904744004,30.95295913059532,30.95295913059532,17.910049948618013,17.910049948618013,0.10024296549335628,0.10024296549335628,0.0,
ABOVE_THRESHOLD_NOMINAL_mu0.6_F60_r0.40_y+0.000,ramp,0.194,-0.010613810644486339,0.0,0.06692336593705427,0.4593861893555136,-1.0168226254691275,0.0,0.687373058995556,1.2273589425668587,-18.133322988396923,18.133322988396923,0.0025758598147794403,0.0025758598147794403,0.004361582464354385,30.811592844904006,30.811592844904006,14.396262683141654,14.396262683141654,0.052106201228375136,0.052106201228375136,0.0,
ABOVE_THRESHOLD_NOMINAL_mu0.6_F60_r0.40_y+0.000,ramp,0.19425,-0.010841377439493769,0.0,0.06707520142634285,0.4591586225605062,-0.9102671800297184,0.0,0.6073419571543331,1.094280856069095,-18.38392031938452,18.38392031938452,0.002561141133484714,0.002561141133484714,0.004344951632905846,30.61747927848689,30.61747927848689,17.69172879335133,17.69172879335133,0.09931837901279066,0.09931837901279066,0.0,
ABOVE_THRESHOLD_NOMINAL_mu0.6_F60_r0.40_y+0.000,ramp,0.1945,-0.01109683367939355,0.0,0.06724742825734158,0.4589031663206064,-1.0218249595991251,0.0,0.6889073239949298,1.2323633997784944,-18.224218463531678,18.224218463531678,0.0025474705501714393,0.0025474705501714393,0.004329476502268294,30.462453057432807,30.462453057432807,13.815570149461214,13.815570149461214,0.049326604602213796,0.049326604602213796,0.0,
ABOVE_THRESHOLD_NOMINAL_mu0.6_F60_r0.40_y+0.000,ramp,0.19475,-0.011326450249070736,0.0,0.0674000869825273,0.4586735497509292,-0.9184662787087464,0.0,0.6106349007428571,1.102930318347597,-18.470353888959217,18.470353888959217,0.0025314552629360112,0.0025314552629360112,0.004311311904977708,30.252252646014433,30.252252646014433,17.4455752107763,17.4455752107763,0.09801790366509333,0.09801790366509333,0.0,
ABOVE_THRESHOLD_NOMINAL_mu0.6_F60_r0.40_y+0.000,ramp,0.195,-0.011583128578086976,0.0,0.06757267090032464,0.458416871421913,-1.0267133160649597,0.0,0.6903356711893597,1.237216057243669,-18.31714540331978,18.31714540331978,0.0025165704313633358,0.0025165704313633358,0.004294395099171164,30.083278779853853,30.083278779853853,13.221647871951197,13.221647871951197,0.046705309139647926,0.046705309139647926,0.0,
ABOVE_THRESHOLD_NOMINAL_mu0.6_F60_r0.40_y+0.000,ramp,0.19525,-0.011814805965814303,0.0,0.06772615238157705,0.45818519403418567,-0.9267095509093095,0.0,0.6139259250096208,1.1116184746330247,-18.55842715111337,18.55842715111337,0.0024992512329747823,0.0024992512329747823,0.004274669562859468,29.857015950303015,29.857015950303015,17.171456452904305,17.171456452904305,0.09637960598402552,0.09637960598402552,0.0,
ABOVE_THRESHOLD_NOMINAL_mu0.6_F60_r0.40_y+0.000,ramp,0.1955,-0.012072680692611519,0.0,0.06789906948175935,0.45792731930738845,-1.0314989071888643,0.0,0.691668400729191,1.2419320319965574,-18.411862692885354,18.411862692885354,0.0024831352571505275,0.0024831352571505275,0.004256273460486445,29.67380879584931,29.67380879584931,12.614722807947464,12.614722807947464,0.04421045719872224,0.04421045719872224,0.0,
ABOVE_THRESHOLD_NOMINAL_mu0.6_F60_r0.40_y+0.000,ramp,0.19575,-0.01230643337188175,0.0,0.06805337448018187,0.4576935666281182,-0.9350107170809225,0.0,0.6172199936900522,1.1203595680257874,-18.647894207290037,18.647894207290037,0.002464506011498345,0.002464506011498345,0.004234958836800342,29.431527084675864,29.431527084675864,16.868776305374215,16.868776305374215,0.09443267219854018,0.09443267219854018,0.0,
ABOVE_THRESHOLD_NOMINAL_mu0.6_F60_r0.40_y+0.000,ramp,0.196,-0.012565480176567776,0.0,0.06822660248401688,0.4574345198234322,-1.0361872187441061,0.0,0.6929120153400407,1.2465195599312684,-18.50812918696532,18.50812918696532,0.0024471425435086923,0.0024471425435086923,0.004215044044111776,29.23380400402843,29.23380400402843,11.99481912890855,11.99481912890855,0.04181498182823718,0.04181498182823718,0.0,
ABOVE_THRESHOLD_NOMINAL_mu0.6_F60_r0.40_y+0.000,ramp,0.19625,-0.012801325372167115,0.0,0.06838173249207133,0.45719867462783287,-0.9433807823973526,0.0,0.6205200322178244,1.129164474724675,-18.738503697103447,18.738503697103447,0.0024271983865054125,0.0024271983865054125,0.00419211114640345,28.975567144267686,28.975567144267686,16.53653183860335,16.53653183860335,0.09219954351693696,0.09219954351693696,0.0,
ABOVE_THRESHOLD_NOMINAL_mu0.6_F60_r0.40_y+0.000,ramp,0.1965,-0.013061520148430568,0.0,0.06855524994986038,0.4569384798515694,-1.0407791050538122,0.0,0.6940698311562182,1.2509812452782159,-18.6057017131224,18.6057017131224,0.0024085716946363133,0.0024085716946363133,0.004170636352493689,28.763049560574668,28.763049560574668,11.361745621051567,11.361745621051567,0.03949506288659059,0.03949506288659059,0.0,
ABOVE_THRESHOLD_NOMINAL_mu0.6_F60_r0.40_y+0.000,ramp,0.19675,-0.013299477402945773,0.0,0.06871120684397337,0.4567005225970542,-0.9518290180608164,0.0,0.6238275764519522,1.1380418818147837,-18.82999692013319,18.82999692013319,0.0023873091616216043,0.0023873091616216043,0.004146054901405801,28.48894287575312,28.48894287575312,16.17332377253884,16.17332377253884,0.08969731474869347,0.08969731474869347,0.0,
ABOVE_THRESHOLD_NOMINAL_mu0.6_F60_r0.40_y+0.000,ramp,0.197,-0.013560795273918052,0.0,0.06888499242968528,0.4564392047260819,-1.0452714838891164,0.0,0.6951423428476117,1.2553148417235502,-18.704333840930097,18.704333840930097,0.002367404207327444,0.002367404207327444,0.004122976716618665,28.261357384555502,28.261357384555502,10.715064463453633,10.715064463453633,0.03722890271529206,0.03722890271529206,0.0,
ABOVE_THRESHOLD_NOMINAL_mu0.6_F60_r0.40_y+0.000,ramp,0.19725,-0.013800886226049566,0.0,0.06904177826466927,0.4561991137739504,-0.9603638085260554,0.0,0.6271433399359593,1.1469993084360164,-18.922106243500718,18.922106243500718,0.0023448213856628133,0.0023448213856628133,0.004096715293062278,27.9714895192584,27.9714895192584,15.777331835346535,15.777331835346535,0.08693862505346031,0.08693862505346031,0.0,
ABOVE_THRESHOLD_NOMINAL_mu0.6_F60_r0.40_y+0.000,ramp,0.1975,-0.014063300668624592,0.0,0.0692158101089562,0.4559366993313754,-1.0496577703001058,0.0,0.696127377147693,1.2595136997928669,-18.80377521211857,18.80377521211857,0.0023236239057504867,0.0023236239057504867,0.004071988062248949,27.728568993676678,27.728568993676678,10.054046625206887,10.054046625206887,0.0349957127393769,0.0349957127393769,0.0,
ABOVE_THRESHOLD_NOMINAL_mu0.6_F60_r0.40_y+0.000,ramp,0.19775,-0.014305549025580979,0.0,0.06937342705372193,0.455694450974419,-0.968993427825548,0.0,0.6304677790629271,1.1560440664635778,-19.01455364492707,19.01455364492707,0.002299720614407128,0.002299720614407128,0.004044014067389077,27.42307402380552,27.42307402380552,15.346259352579251,15.346259352579251,0.08393218819378787,0.08393218819378787,0.0,
ABOVE_THRESHOLD_NOMINAL_mu0.6_F60_r0.40_y+0.000,ramp,0.198,-0.014569031062790946,0.0,0.06954768206375454,0.455430968937209,-1.053928148839868,0.0,0.697020040130454,1.2635669666703426,-18.903771304615724,18.903771304615724,0.002277217204448426,0.002277217204448426,0.004017589648174201,27.16455864310959,27.16455864310959,9.377616448308904,9.377616448308904,0.032774824364217046,0.032774824364217046,0.0,
ABOVE_THRESHOLD_NOMINAL_mu0.6_F60_r0.40_y+0.000,ramp,0.19825,-0.014813462761035893,0.0,0.06970613249809772,0.4551865372389641,-0.9777267929797888,0.0,0.6338017373726988,1.165184244661416,-19.107049260942674,19.107049260942674,0.0022519952033278326,0.0022519952033278326,0.003987869270736966,26.84359862257851,26.84359862257851,14.87724675164849,14.87724675164849,0.08068305500068805,0.08068305500068805,0.0,
ABOVE_THRESHOLD_NOMINAL_mu0.6_F60_r0.40_y+0.000,ramp,0.1985,-0.015077980203589615,0.0,0.06988058560748567,0.45492201979641034,-1.0580697702148851,0.0,0.6978124375517754,1.2674595996103901,-19.004063545768037,19.004063545768037,0.0022281733974426664,0.0022281733974426664,0.003959696764526111,26.56923673837279,26.56923673837279,8.684288927124774,8.684288927124774,0.030544863323001693,0.030544863323001693,0.0,
ABOVE_THRESHOLD_NOMINAL_mu0.6_F60_r0.40_y+0.000,ramp,0.19875,-0.015324623759863034,0.0,0.07003987242406248,0.45467537624013693,-0.9865742250936751,0.0,0.6371472663072661,1.174429793807194,-19.19928981958147,19.19928981958147,0.0022016366299292224,0.0022016366299292224,0.0039281949561663166,26.233004750635512,26.233004750635512,14.366750742127108,14.366750742127108,0.07719266993001618,0.07719266993001618,0.0,
ABOVE_THRESHOLD_NOMINAL_mu0.6_F60_r0.40_y+0.000,ramp,0.199,-0.015590140502706386,0.0,0.07021449570449868,0.45440985949729357,-1.062066971373406,0.0,0.6984931217448132,1.2711722514305817,-19.10438969912148,19.10438969912148,0.002176484970709175,0.002176484970709175,0.0038982203761367337,25.94255348427377,25.94255348427377,7.9721080578183185,7.9721080578183185,0.028282955858361762,0.028282955858361762,0.0,
ABOVE_THRESHOLD_NOMINAL_mu0.6_F60_r0.40_y+0.000,ramp,0.19925,-0.0158390275581465,0.0,0.07037462289243347,0.4541609724418535,-0.9955482217604505,0.0,0.6405087517391647,1.1837937839441708,-19.29095684444841,19.29095684444841,0.002148639843306179,0.002148639843306179,0.003864900835440061,25.59127727149236,25.59127727149236,13.810384704103424,13.810384704103424,0.0734587732633692,0.0734587732633692,0.0,
ABOVE_THRESHOLD_NOMINAL_mu0.6_F60_r0.40_y+0.000,ramp,0.1995,-0.016105502975173894,0.0,0.07054938444120072,0.4538944970248261,-1.065901668109569,0.0,0.6990461950690219,1.2746811165618006,-19.204484410046682,19.204484410046682,0.002122147933844979,0.002122147933844979,0.003833066691085684,25.284502714349085,25.284502714349085,7.23860751976369,7.23860751976369,0.025963984611721096,0.025963984611721096,0.0,
ABOVE_THRESHOLD_NOMINAL_mu0.6_F60_r0.40_y+0.000,ramp,0.19975,-0.016356669023116218,0.0,0.07071035807231273,0.45364333097688375,-1.0046641917693007,0.0,0.6438945244480461,1.1932938853600306,-19.381714542175263,19.381714542175263,0.0020930036360165207,0.0020930036360165207,0.0037978918551280897,24.918448940447423,24.918448940447423,13.202718149907527,13.202718149907527,0.06947521781273737,0.06947521781273737,0.0,
ABOVE_THRESHOLD_NOMINAL_mu0.6_F60_r0.40_y+0.000,ramp,0.2,-0.016624057568699713,0.0,0.07088522056985447,0.45337594243130025,-1.069554182333984,0.0,0.6994499901669748,1.2779579170272777,-19.304079665963602,19.304079665963602,0.0020651621641477693,0.0020651621641477693,0.00376413662725151,24.595125817540005,24.595125817540005,6.480846495639361,6.480846495639361,0.02356002318516584,0.02356002318516584,0.0,
ABOVE_THRESHOLD_NOMINAL_mu0.6_F60_r0.40_y+0.000,ramp,0.20025,-0.01687754281601222,0.0,0.07104705036761505,0.45312245718398775,-1.0139409892500195,0.0,0.6473191910423304,1.2029540576318802,-19.471207379752023,19.471207379752023,0.0020347310280370134,0.0020347310280370134,0.003727067664302062,24.214604951049576,24.214604951049576,12.537044641872987,12.537044641872987,0.0652318367900933,0.0652318367900933,0.0,
ABOVE_THRESHOLD_NOMINAL_mu0.6_F60_r0.40_y+0.000,ramp,0.2005,-0.017145794065340666,0.0,0.07122196918973682,0.4528542059346593,-1.073004997313785,0.0,0.6996752884870866,1.280970426504782,-19.402904605244984,19.402904605244984,0.0020055317522512427,0.0020055317522512427,0.0036913251389080392,23.87451564289694,23.87451564289694,5.6956519385933015,5.6956519385933015,0.021040363523439555,0.021040363523439555,0.0,
ABOVE_THRESHOLD_NOMINAL_mu0.6_F60_r0.40_y+0.000,ramp,0.20075,-0.017401644273414972,0.0,0.07138467092771733,0.452598355726585,-1.0234008322972303,0.0,0.6508069519220288,1.21280623028442,-19.55905765298128,19.55905765298128,0.0019738296419414417,0.0019738296419414417,0.003652321921649241,23.479887245094226,23.479887245094226,11.805163070245882,11.805163070245882,0.06071467614814206,0.06071467614814206,0.0,
ABOVE_THRESHOLD_NOMINAL_mu0.6_F60_r0.40_y+0.000,ramp,0.201,-0.017670703870633134,0.0,0.07155959173600922,0.45232929612936684,-1.076238388872647,0.0,0.6996832331675584,1.2836844224570922,-19.500683371791744,19.500683371791744,0.0019432653329404417,0.0019432653329404417,0.0036145203504430673,23.12282023439946,23.12282023439946,4.88040331672263,4.88040331672263,0.018373338500385736,0.018373338500385736,0.0,
ABOVE_THRESHOLD_NOMINAL_mu0.6_F60_r0.40_y+0.000,ramp,0.20125,-0.017928970779903776,0.0,0.0717231907463552,0.4520710292200962,-1.0330676370825604,0.0,0.6543960413839789,1.2228912141995163,-19.644864167680822,19.644864167680822,0.0019103120277098593,0.0019103120277098593,0.00357354135405541,22.71449793503357,22.71449793503357,10.997313733798832,10.997313733798832,0.05590732422157937,0.05590732422157937,0.0,
ABOVE_THRESHOLD_NOMINAL_mu0.6_F60_r0.40_y+0.000,ramp,0.2015,-0.01819878321380105,0.0,0.07189804667189931,0.45180121678619894,-1.0792497355890993,0.0,0.6994237021763898,1.2860690132863275,-19.59712810372487,19.59712810372487,0.0018783763797331906,0.0018783763797331906,0.0035336024263859503,22.34024628549208,22.34024628549208,4.03527218329688,4.03527218329688,0.015533501766864615,0.015533501766864615,0.0,
ABOVE_THRESHOLD_NOMINAL_mu0.6_F60_r0.40_y+0.000,ramp,0.20175,-0.01845952361996731,0.0,0.07206258260437401,0.45154047638003264,-1.0429616246650395,0.0,0.658143729898814,1.2332567128254612,-19.728205259486042,19.728205259486042,0.0018441958565612235,0.0018441958565612235,0.003490604413539948,21.918700546615128,21.918700546615128,10.102655780598534,10.102655780598534,0.05079502482144976,0.05079502482144976,0.0,
ABOVE_THRESHOLD_NOMINAL_mu0.6_F60_r0.40_y+0.000,ramp,0.202,-0.01873003855785566,0.0,0.07223729173872583,0.4512699614421443,-1.0820597515534016,0.0,0.6988365374072502,1.288109394402185,-19.691920886838922,19.691920886838922,0.0018108834453489464,0.0018108834453489464,0.003448442095025438,21.527062484493115,21.527062484493115,3.169645619681962,3.169645619681962,0.012525609742508026,0.012525609742508026,0.0,
ABOVE_THRESHOLD_NOMINAL_mu0.6_F60_r0.40_y+0.000,ramp,0.20225,-0.0189933100087732,0.0,0.07240282399183,0.4510066899912268,-1.0530858036701611,0.0,0.6621290124166713,1.24394716084547,-19.808654286809663,19.808654286809663,0.0017755038358168835,0.0017755038358168835,0.0034033792663769363,21.092816646346606,21.092816646346606,9.111249788154048,9.111249788154048,0.04537530149515131,0.04537530149515131,0.0,
ABOVE_THRESHOLD_NOMINAL_mu0.6_F60_r0.40_y+0.000,ramp,0.2025,-0.019264495153393336,0.0,0.07257728944160763,0.4507355048466066,-1.0847405784805373,0.0,0.6978617991105069,1.2898345681753316,-19.784672987532492,19.784672987532492,0.0017408103667452947,0.0017408103667452947,0.003358898767806071,20.683603893739434,20.683603893739434,2.322069727040194,2.322069727040194,0.009467049300757074,0.009467049300757074,0.0,
ABOVE_THRESHOLD_NOMINAL_mu0.6_F60_r0.40_y+0.000,ramp,0.20275,-0.01953034432821194,0.0,0.07274390043545978,0.45046965567178804,-1.0633966992744062,0.0,0.666443975408582,1.2549741480947314,-19.88582526862274,19.88582526862274,0.001704263107255782,0.001704263107255782,0.0033117206852333104,20.237213818545378,20.237213818545378,8.019684763107742,8.019684763107742,0.039682642537034615,0.039682642537034615,0.0,
ABOVE_THRESHOLD_NOMINAL_mu0.6_F60_r0.40_y+0.000,ramp,0.203,-0.01980220871127567,0.0,0.0729180184182398,0.4501977912887243,-1.0874575322549271,0.0,0.6964719311201069,1.291370216202986,-19.874844996582738,19.874844996582738,0.0016681865776710012,0.0016681865776710012,0.003264818333375681,19.81028097235371,19.81028097235371,1.6268026170857521,1.6268026170857521,0.006886475315768732,0.006886475315768732,0.0,
ABOVE_THRESHOLD_NOMINAL_mu0.6_F60_r0.40_y+0.000,ramp,0.20325000000000001,-0.020070646660428147,0.0,0.07308580667124866,0.44992935333957185,-1.0737517966099164,0.0,0.6711530120354304,1.2662500883661387,-19.959476750275723,19.959476750275723,0.0016305038867214124,0.0016305038867214124,0.003215465328861684,19.35228060432021,19.35228060432021,6.844073457658516,6.844073457658516,0.033839505961339646,0.033839505961339646,0.0,
ABOVE_THRESHOLD_NOMINAL_mu0.6_F60_r0.40_y+0.000,ramp,0.20350000000000001,-0.020343275333929933,0.0,0.07325949235833536,0.44965672466607004,-1.0905146940071482,0.0,0.6947427483468113,1.2930157710662251,-19.961627140698642,19.961627140698642,0.0015930479399660278,0.0015930479399660278,0.0031660310448298917,18.907600948419294,18.907600948419294,1.4264613040259722,1.4264613040259722,0.006320434790937404,0.006320434790937404,0.0,
ABOVE_THRESHOLD_NOMINAL_mu0.6_F60_r0.40_y+0.000,ramp,0.20375000000000001,-0.020614237299000224,0.0,0.07342854039451308,0.4493857627009997,-1.0838478602811612,0.0,0.6761921447108824,1.2774826812151914,-20.02968081013832,20.02968081013832,0.0015542576360148702,0.0015542576360148702,0.003114425490880422,18.438392549761417,18.438392549761417,5.642964169847855,5.642964169847855,0.02814147342350539,0.02814147342350539,0.0,
ABOVE_THRESHOLD_NOMINAL_mu0.6_F60_r0.40_y+0.000,ramp,0.20400000000000001,-0.020887822756261783,0.0,0.07360177846396943,0.4491121772437382,-1.094341829046235,0.0,0.6929522778254185,1.2952864154864339,-20.043866935357492,20.043866935357492,0.001515438725717915,0.001515438725717915,0.0030623502417111317,17.976208985308872,17.976208985308872,1.8293886226051879,1.8293886226051879,0.008563357985270003,0.008563357985270003,0.0,
ABOVE_THRESHOLD_NOMINAL_mu0.6_F60_r0.40_y+0.000,ramp,0.20425000000000001,-0.02116113194907325,0.0,0.07377208655100356,0.4488388680509267,-1.0932367712458757,0.0,0.6812323481365243,1.288116512646162,-20.09692663540844,20.09692663540844,0.0014755570915898257,0.0014755570915898257,0.0030083840952050593,17.495907765677792,17.495907765677792,4.538059645674066,4.538059645674066,0.023135923465046497,0.023135923465046497,0.0,
ABOVE_THRESHOLD_NOMINAL_mu0.6_F60_r0.40_y+0.000,ramp,0.20450000000000002,-0.021435958309221827,0.0,0.07394498484245761,0.4485640416907781,-1.0993054405943024,0.0,0.6915931658161655,1.2987584682010198,-20.120292495692304,20.120292495692304,0.001435414635975644,0.001435414635975644,0.0029535717055510762,17.01693228958184,17.01693228958184,2.3684533897519437,2.3684533897519437,0.011813539033240885,0.011813539033240885,0.0,
ABOVE_THRESHOLD_NOMINAL_mu0.6_F60_r0.40_y+0.000,ramp,0.20475000000000002,-0.02171134808241813,0.0,0.07411640816189229,0.4482886519175818,-1.1015590927852086,0.0,0.6856932777387305,1.2975390961484958,-20.161814741676544,20.161814741676544,0.0013944434066490317,0.0013944434066490317,0.0028970980976873954,16.525281432811315,16.525281432811315,3.6863302206164312,3.6863302206164312,0.019524752800318904,0.019524752800318904,0.0,
ABOVE_THRESHOLD_NOMINAL_mu0.6_F60_r0.40_y+0.000,ramp,0.20500000000000002,-0.021987691791083782,0.0,0.07428918885461201,0.4480123082089162,-1.1053748346626104,0.0,0.6911227708789196,1.3036503402111892,-20.190152397030023,20.190152397030023,0.0013530447346296335,0.0013530447346296335,0.0028394705970737587,16.030765487784695,16.030765487784695,2.7248322674155037,2.7248322674155037,0.014562883917500076,0.014562883917500076,0.0,
ABOVE_THRESHOLD_NOMINAL_mu0.6_F60_r0.40_y+0.000,ramp,0.20525000000000002,-0.022264911628577057,0.0,0.07446146460924197,0.4477350883714229,-1.1088793499730987,0.0,0.6891030185198376,1.305555966984914,-20.22431136049443,20.22431136049443,0.0013109817609803782,0.0013109817609803782,0.002780313095443576,15.527323256406408,15.527323256406408,3.1667040238950133,3.1667040238950133,0.017699347621970313,0.017699347621970313,0.0,
ABOVE_THRESHOLD_NOMINAL_mu0.6_F60_r0.40_y+0.000,ramp,0.20550000000000002,-0.02254292497334653,0.0,0.07463436322858577,0.44745707502665344,-1.1120533790778988,0.0,0.6915944773752173,1.309566966235203,-20.253634187815063,20.253634187815063,0.0012684117003337872,0.0012684117003337872,0.0027197945456745596,15.018793142184412,15.018793142184412,2.835270259402682,2.835270259402682,0.016284115921579412,0.016284115921579412,0.0,
ABOVE_THRESHOLD_NOMINAL_mu0.6_F60_r0.40_y+0.000,ramp,0.20575000000000002,-0.02282183131147897,0.0,0.07480723043661847,0.447178168688521,-1.1156253525297444,0.0,0.6914688321307726,1.3125353606723937,-20.283490641359318,20.283490641359318,0.0012252721713522869,0.0012252721713522869,0.002657771573534679,14.503364782866377,14.503364782866377,2.8965823213109734,2.8965823213109734,0.017302242235027264,0.017302242235027264,0.0,
ABOVE_THRESHOLD_NOMINAL_mu0.6_F60_r0.40_y+0.000,ramp,0.20600000000000002,-0.023101528283623707,0.0,0.07498039258113075,0.44689847171637626,-1.1187878885789548,0.0,0.6926485780491264,1.3158451247409144,-20.3113648018894,20.3113648018894,0.0011816159059032626,0.0011816159059032626,0.002594259950279849,13.982217869531631,13.982217869531631,2.7786705523183977,2.7786705523183977,0.01720960675582757,0.01720960675582757,0.0,
ABOVE_THRESHOLD_NOMINAL_mu0.6_F60_r0.40_y+0.000,ramp,0.20625000000000002,-0.023382063338047245,0.0,0.07515367708366666,0.4466179366619527,-1.1221402176941544,0.0,0.6931380101436311,1.3189537403838532,-20.33822522457566,20.33822522457566,0.0011374448899273712,0.0011374448899273712,0.0025291981073042266,13.45514179210898,13.45514179210898,2.7276997674497516,2.7276997674497516,0.017584629317719088,0.017584629317719088,0.0,
ABOVE_THRESHOLD_NOMINAL_mu0.6_F60_r0.40_y+0.000,ramp,0.20650000000000002,-0.023663392561164412,0.0,0.0753271414529927,0.4463366074388356,-1.1253168924686647,0.0,0.6938574773041628,1.322034911523228,-20.363668217480683,20.363668217480683,0.0010927844443085627,0.0010927844443085627,0.002462553124855907,12.922546108489202,12.922546108489202,2.648003013873831,2.648003013873831,0.017790743940500654,0.017790743940500654,0.0,
ABOVE_THRESHOLD_NOMINAL_mu0.6_F60_r0.40_y+0.000,ramp,0.20675000000000002,-0.023945516876833838,0.0,0.07550074614680509,0.44605448312316615,-1.1284972626777001,0.0,0.6944187752495585,1.325037172040905,-20.387764429595453,20.387764429595453,0.001047654063524726,0.001047654063524726,0.0023942778074010833,12.384638329843728,12.384638329843728,2.570851836851786,2.570851836851786,0.018043107242197064,0.018043107242197064,0.0,
ABOVE_THRESHOLD_NOMINAL_mu0.6_F60_r0.40_y+0.000,ramp,0.20700000000000002,-0.02422841707030839,0.0,0.07567448695419482,0.4457715829296916,-1.1316007738982106,0.0,0.6949632295589445,1.3279661900538082,-20.410443490377776,20.410443490377776,0.0010020778196239268,0.0010020778196239268,0.002324325276632791,11.841725523826332,11.841725523826332,2.4873818036862825,2.4873818036862825,0.018277155621866215,0.018277155621866215,0.0,
ABOVE_THRESHOLD_NOMINAL_mu0.6_F60_r0.40_y+0.000,ramp,0.20725000000000002,-0.024512080056327473,0.0,0.07584834734735328,0.4454879199436725,-1.1346519440763314,0.0,0.6954415726338495,1.3308170479610035,-20.431672052852957,20.431672052852957,0.0009560815318364805,0.0009560815318364805,0.002252643977002022,11.294122355986573,11.294122355986573,2.399605936809843,2.399605936809843,0.018506668670553932,0.018506668670553932,0.0,
ABOVE_THRESHOLD_NOMINAL_mu0.6_F60_r0.40_y+0.000,ramp,0.20750000000000002,-0.024796489881879925,0.0,0.0760223134066591,0.44520351011812004,-1.137639302209804,0.0,0.6958642372232783,1.3335854747929523,-20.451410215378317,20.451410215378317,0.0009096938360749176,0.0009096938360749176,0.002179178339772276,10.742180328367294,10.742180328367294,2.3072279506419964,2.3072279506419964,0.01872778830331727,0.01872778830331727,0.0,
ABOVE_THRESHOLD_NOMINAL_mu0.6_F60_r0.40_y+0.000,ramp,0.20775000000000002,-0.025081630221800173,0.0,0.07619636978430196,0.4449183697781998,-1.140561359680986,0.0,0.6962255105713859,1.3362672549934487,-20.46962083517842,20.46962083517842,0.0008629463506935442,0.0008629463506935442,0.002103867911999741,10.186285745091807,10.186285745091807,2.2103494414846914,2.2103494414846914,0.0189394008335982,0.0189394008335982,0.0,
ABOVE_THRESHOLD_NOMINAL_mu0.6_F60_r0.40_y+0.000,ramp,0.20800000000000002,-0.025367483757465902,0.0,0.07637050054055745,0.4446325162425341,-1.1434141426629127,0.0,0.6965230250219966,1.33885780650051,-20.486268214575908,20.486268214575908,0.0008158741058016755,0.0008158741058016755,0.0020266466663367397,9.626865606967895,9.626865606967895,2.1090578230972037,2.1090578230972037,0.019139850506115042,0.019139850506115042,0.0,
ABOVE_THRESHOLD_NOMINAL_mu0.6_F60_r0.40_y+0.000,ramp,0.20825,-0.025654032223876577,0.0,0.07654468893770472,0.4443459677761234,-1.1461938656427064,0.0,0.6967535885890358,1.3413522806662945,-20.50131864207826,20.50131864207826,0.0007685160186540812,0.0007685160186540812,0.0019474421026333547,9.064393101993742,9.064393101993742,2.0034657083968366,2.0034657083968366,0.019327170463007668,0.019327170463007668,0.0,
ABOVE_THRESHOLD_NOMINAL_mu0.6_F60_r0.40_y+0.000,ramp,0.2085,-0.02594125633125732,0.0,0.07671891739179963,0.44405874366874265,-1.1488964295229744,0.0,0.6969138163796582,1.3437454644505777,-20.514740726984776,20.514740726984776,0.000720915477272408,0.000720915477272408,0.0018661741606354402,8.499394533193744,8.499394533193744,1.8937169004646157,1.8937169004646157,0.01949902927155341,0.01949902927155341,0.0,
ABOVE_THRESHOLD_NOMINAL_mu0.6_F60_r0.40_y+0.000,ramp,0.20875,-0.026229135685143207,0.0,0.07689316738780766,0.4437708643148568,-1.1515174155435532,0.0,0.6969999840320926,1.3460316994933075,-20.52650583628891,20.52650583628891,0.0006731210564044578,0.0006731210564044578,0.0017827538773985238,7.932457788613098,7.932457788613098,1.779991201988952,1.779991201988952,0.019652638449852888,0.019652638449852888,0.0,
ABOVE_THRESHOLD_NOMINAL_mu0.6_F60_r0.40_y+0.000,ramp,0.209,-0.02651764868610637,0.0,0.07706741937511827,0.4434823513138936,-1.1540520038526594,0.0,0.6970079492424318,1.348204772615599,-20.536588615733532,20.536588615733532,0.0006251874075313394,0.0006251874075313394,0.0016970817119767478,7.364242870234445,7.364242870234445,1.6625118052022674,1.6625118052022674,0.019784648915355033,0.019784648915355033,0.0,
ABOVE_THRESHOLD_NOMINAL_mu0.6_F60_r0.40_y+0.000,ramp,0.20925,-0.02680677240463258,0.0,0.07724165263576206,0.4431932275953674,-1.1564948741048366,0.0,0.6969330425751696,1.3502577752650955,-20.544967622355212,20.544967622355212,0.0005771763799722215,0.0005771763799722215,0.0016090454273972267,6.7954951511987325,6.7954951511987325,1.5415544497510794,1.5415544497510794,0.01989101854090318,0.01989101854090318,0.0,
ABOVE_THRESHOLD_NOMINAL_mu0.6_F60_r0.40_y+0.000,ramp,0.2095,-0.027096482424035742,0.0,0.07741584511731368,0.44290351757596425,-1.1588400776126495,0.0,0.6967699262064698,1.3521829223692559,-20.551626099612026,20.551626099612026,0.0005291584543338884,0.0005291584543338884,0.001518517373171136,6.227062318566139,6.227062318566139,1.4174591257039584,1.4174591257039584,0.019966844755450804,0.019966844755450804,0.0,
ABOVE_THRESHOLD_NOMINAL_mu0.6_F60_r0.40_y+0.000,ramp,0.20975,-0.027386752642330495,0.0,0.07758997321997195,0.4426132473576695,-1.161080873179012,0.0,0.6965124106330871,1.3539713188350968,-20.55655293680644,20.55655293680644,0.0004812146065015397,0.0004812146065015397,0.0014253509394293264,5.659916392885317,5.659916392885317,1.2906451368847267,1.2906451368847267,0.02000615233605338,0.02000615233605338,0.0,
ABOVE_THRESHOLD_NOMINAL_mu0.6_F60_r0.40_y+0.000,ramp,0.21,-0.02767755502152685,0.0,0.07776401152416876,0.4423224449784731,-1.1632095167854242,0.0,0.6961532167872205,1.3556126589787272,-20.55974386862921,20.55974386862921,0.0004334387786692158,0.0004334387786692158,0.00132937583943211,5.095182900839461,5.095182900839461,1.161630644768677,1.161630644768677,0.020001624226016524,0.020001624226016524,0.0,
ABOVE_THRESHOLD_NOMINAL_mu0.6_F60_r0.40_y+0.000,ramp,0.21025,-0.027968859269916237,0.0,0.07793793244115681,0.44203114073008376,-1.1652169935575571,0.0,0.69568366795219,1.3570948411701833,-20.56120298992594,20.56120298992594,0.0003859412290392393,0.0003859412290392393,0.0012303916898279562,4.534180394305781,4.534180394305781,1.0310582124964676,1.0310582124964676,0.019944260651984486,0.019944260651984486,0.0,
ABOVE_THRESHOLD_NOMINAL_mu0.6_F60_r0.40_y+0.000,ramp,0.2105,-0.028260632439807584,0.0,0.07811170576445128,0.4417393675601924,-1.167092679565386,0.0,0.6950932931778964,1.3584034779534415,-20.560944687101525,20.560944687101525,0.00033885319325124743,0.00033885319325124743,0.0011281590387369215,3.978475403668668,3.978475403668668,0.8997284069141305,0.8997284069141305,0.01982294977880085,0.01982294977880085,0.0,
ABOVE_THRESHOLD_NOMINAL_mu0.6_F60_r0.40_y+0.000,ramp,0.21075,-0.02855283842054967,0.0,0.07828529809529769,0.4414471615794503,-1.1688239229683337,0.0,0.6943693233856503,1.3595212834531614,-20.55899612338709,20.55899612338709,0.0002923335775307254,0.0002923335775307254,0.0010223864220329465,3.4299612784593503,3.4299612784593503,0.768644229264133,0.768644229264133,0.019623933303240585,0.019623933303240585,0.0,
ABOVE_THRESHOLD_NOMINAL_mu0.6_F60_r0.40_y+0.000,ramp,0.211,-0.028845437306393197,0.0,0.07845867211223051,0.44115456269360676,-1.1703955433741158,0.0,0.6934960677312653,1.3604273313590547,-20.55540046358231,20.55540046358231,0.00024657894268911065,0.00024657894268911065,0.0009127109541564471,2.8909756874064434,2.8909756874064434,0.6390700623666934,0.6390700623666934,0.019330156735522096,0.019330156735522096,0.0,
ABOVE_THRESHOLD_NOMINAL_mu0.6_F60_r0.40_y+0.000,ramp,0.21125,-0.029138384625400766,0.0,0.07863178565794533,0.4408616153745992,-1.1717892760302802,0.0,0.6924541828592994,1.361096213637709,-20.550221088590696,20.550221088590696,0.00020183912254535745,0.00020183912254535745,0.0007986677937075204,2.3644842504567625,2.3644842504567625,0.5126099599058207,0.5126099599058207,0.018920516012854265,0.018920516012854265,0.0,
ABOVE_THRESHOLD_NOMINAL_mu0.6_F60_r0.40_y+0.000,ramp,0.2115,-0.029431630440617803,0.0,0.07880459063832874,0.44056836955938217,-1.172983260868144,0.0,0.6912199215336208,1.361497231066523,-20.543547136184316,20.543547136184316,0.00015844319664522338,0.00015844319664522338,0.0006796390686689941,1.85438558134883,1.85438558134883,0.39131150986079166,0.39131150986079166,0.018369071682919024,0.018369071682919024,0.0,
ABOVE_THRESHOLD_NOMINAL_mu0.6_F60_r0.40_y+0.000,ramp,0.21175,-0.029725118407565088,0.0,0.07897703180102322,0.4402748815924349,-1.1739518677891354,0.0,0.689764650777934,1.36159401487683,-20.53550082476428,20.53550082476428,0.0001168463600681941,0.0001168463600681941,0.000554761181228228,1.3660610860492919,1.3660610860492919,0.27780372736843484,0.27780372736843484,0.01764445307501628,0.01764445307501628,0.0,
ABOVE_THRESHOLD_NOMINAL_mu0.6_F60_r0.40_y+0.000,ramp,0.212,-0.030018785076098484,0.0,0.07914904567718552,0.43998121492390146,-1.1746666741335905,0.0,0.688055504649153,1.3613457212618958,-20.526247235956994,20.526247235956994,7.772487613449586e-05,7.772487613449586e-05,0.00042273606249238654,0.9074871753291275,0.9074871753291275,0.17548474597446476,0.17548474597446476,0.016710055214997847,0.016710055214997847,0.0,
ABOVE_THRESHOLD_NOMINAL_mu0.6_F60_r0.40_y+0.000,ramp,0.21225,-0.030312560339211477,0.0,0.07932056064124836,0.4396874396607885,-1.1751010524519672,0.0,0.6860598562513689,1.3607132724543294,-20.51600798226873,20.51600798226873,4.220627030522559e-05,4.220627030522559e-05,0.000281371813376674,0.49192671362137463,0.49192671362137463,0.08881875354708094,0.08881875354708094,0.015526619810349876,0.015526619810349876,0.0,
ABOVE_THRESHOLD_NOMINAL_mu0.6_F60_r0.40_y+0.000,ramp,0.2125,-0.03060637231368916,0.0,0.07949150166265863,0.4393936276863108,-1.1752478979107346,0.0,0.6837640856410819,1.3596841347740236,-20.505085412307086,20.505085412307086,1.2650720154262894e-05,1.2650720154262894e-05,0.0001260199892048532,0.14704209082408382,0.14704209082408382,0.02417765281845066,0.02417765281845066,0.014061580495387083,0.014061580495387083,0.0,
ABOVE_THRESHOLD_NOMINAL_mu0.6_F60_r0.40_y+0.000,ramp,0.21275,-0.030900184288166845,0.0,0.0796618297684439,0.43909981571183315,-1.1752478979107346,0.0,0.681312423141082,1.35845288452341,-20.49401023386986,20.49401023386986,0.0,0.0,0.0,0.0,0.0,0.0,0.0,0.0,0.0,0.0,
ABOVE_THRESHOLD_NOMINAL_mu0.6_F60_r0.40_y+0.000,ramp,0.213,-0.03119399626264453,0.0,0.07983154495860417,0.43880600373735545,-1.1752478979107346,0.0,0.678860760641082,1.3572249459399826,-20.48309000855645,20.48309000855645,0.0,0.0,0.0,0.0,0.0,0.0,0.0,0.0,0.0,0.0,
ABOVE_THRESHOLD_NOMINAL_mu0.6_F60_r0.40_y+0.000,ramp,0.21325,-0.03148780823712221,0.0,0.08000064723313945,0.43851219176287776,-1.1752478979107346,0.0,0.6764090981410821,1.3560003280204738,-20.47232256841346,20.47232256841346,0.0,0.0,0.0,0.0,0.0,0.0,0.0,0.0,0.0,0.0,
ABOVE_THRESHOLD_NOMINAL_mu0.6_F60_r0.40_y+0.000,ramp,0.2135,-0.031781620211599894,0.0,0.08016913659204972,0.43821837978840006,-1.1752478979107346,0.0,0.6739574356410821,1.3547790397697714,-20.46170577581941,20.46170577581941,0.0,0.0,0.0,0.0,0.0,0.0,0.0,0.0,0.0,0.0,
ABOVE_THRESHOLD_NOMINAL_mu0.6_F60_r0.40_y+0.000,ramp,0.21375,-0.03207543218607758,0.0,0.08033701303533498,0.4379245678139224,-1.1752478979107346,0.0,0.6715057731410822,1.3535610902007351,-20.45123752306033,20.45123752306033,0.0,0.0,0.0,0.0,0.0,0.0,0.0,0.0,0.0,0.0,
ABOVE_THRESHOLD_NOMINAL_mu0.6_F60_r0.40_y+0.000,ramp,0.214,-0.03236924416055526,0.0,0.08050427656299526,0.4376307558394447,-1.1752478979107346,0.0,0.6690541106410822,1.3523464883340104,-20.44091573191133,20.44091573191133,0.0,0.0,0.0,0.0,0.0,0.0,0.0,0.0,0.0,0.0,
ABOVE_THRESHOLD_NOMINAL_mu0.6_F60_r0.40_y+0.000,ramp,0.21425,-0.032663056135032946,0.0,0.08067092717503054,0.437336943864967,-1.1752478979107346,0.0,0.6666024481410823,1.3511352431978394,-20.430738353224026,20.430738353224026,0.0,0.0,0.0,0.0,0.0,0.0,0.0,0.0,0.0,0.0,
ABOVE_THRESHOLD_NOMINAL_mu0.6_F60_r0.40_y+0.000,ramp,0.2145,-0.03295686810951063,0.0,0.0808369648714408,0.4370431318904893,-1.1752478979107346,0.0,0.6641507856410823,1.3499273638278717,-20.420703366519728,20.420703366519728,0.0,0.0,0.0,0.0,0.0,0.0,0.0,0.0,0.0,0.0,
ABOVE_THRESHOLD_NOMINAL_mu0.6_F60_r0.40_y+0.000,ramp,0.21475,-0.033250680083988314,0.0,0.08100238965222607,0.4367493199160117,-1.1752478979107346,0.0,0.6616991231410824,1.3487228592669724,-20.41080877958831,20.41080877958831,0.0,0.0,0.0,0.0,0.0,0.0,0.0,0.0,0.0,0.0,
ABOVE_THRESHOLD_NOMINAL_mu0.6_F60_r0.40_y+0.000,ramp,0.215,-0.033544492058466,0.0,0.08116720151738634,0.436455507941534,-1.1752478979107346,0.0,0.6592474606410824,1.347521738565028,-20.401052628092724,20.401052628092724,0.0,0.0,0.0,0.0,0.0,0.0,0.0,0.0,0.0,0.0,
ABOVE_THRESHOLD_NOMINAL_mu0.6_F60_r0.40_y+0.000,ramp,0.21525,-0.03383830403294368,0.0,0.08133140046692161,0.4361616959670563,-1.1752478979107346,0.0,0.6567957981410825,1.3463240107787509,-20.391432975179004,20.391432975179004,0.0,0.0,0.0,0.0,0.0,0.0,0.0,0.0,0.0,0.0,
ABOVE_THRESHOLD_NOMINAL_mu0.6_F60_r0.40_y+0.000,ramp,0.2155,-0.034132116007421366,0.0,0.08149498650083188,0.4358678839925786,-1.1752478979107346,0.0,0.6543441356410825,1.345129684971481,-20.381947911091768,20.381947911091768,0.0,0.0,0.0,0.0,0.0,0.0,0.0,0.0,0.0,0.0,
ABOVE_THRESHOLD_NOMINAL_mu0.6_F60_r0.40_y+0.000,ramp,0.21575,-0.03442592798189905,0.0,0.08165795961911715,0.43557407201810094,-1.1752478979107346,0.0,0.6518924731410826,1.3439387702129877,-20.37259555279507,20.37259555279507,0.0,0.0,0.0,0.0,0.0,0.0,0.0,0.0,0.0,0.0,
ABOVE_THRESHOLD_NOMINAL_mu0.6_F60_r0.40_y+0.000,ramp,0.216,-0.034719739956376734,0.0,0.08182031982177741,0.43528026004362325,-1.1752478979107346,0.0,0.6494408106410826,1.3427512755792663,-20.363374043598572,20.363374043598572,0.0,0.0,0.0,0.0,0.0,0.0,0.0,0.0,0.0,0.0,
ABOVE_THRESHOLD_NOMINAL_mu0.6_F60_r0.40_y+0.000,ramp,0.21625,-0.03501355193085442,0.0,0.08198206710881269,0.43498644806914555,-1.1752478979107346,0.0,0.6469891481410827,1.3415672101523368,-20.354281552788944,20.354281552788944,0.0,0.0,0.0,0.0,0.0,0.0,0.0,0.0,0.0,0.0,
ABOVE_THRESHOLD_NOMINAL_mu0.6_F60_r0.40_y+0.000,ramp,0.2165,-0.0353073639053321,0.0,0.08214320148022296,0.43469263609466785,-1.1752478979107346,0.0,0.6445374856410827,1.3403865830200365,-20.34531627526641,20.34531627526641,0.0,0.0,0.0,0.0,0.0,0.0,0.0,0.0,0.0,0.0,
ABOVE_THRESHOLD_NOMINAL_mu0.6_F60_r0.40_y+0.000,ramp,0.21675,-0.035601175879809786,0.0,0.08230372293600823,0.4343988241201902,-1.1752478979107346,0.0,0.6420858231410828,1.3392094032758142,-20.336476431186398,20.336476431186398,0.0,0.0,0.0,0.0,0.0,0.0,0.0,0.0,0.0,0.0,
ABOVE_THRESHOLD_NOMINAL_mu0.6_F60_r0.40_y+0.000,ramp,0.217,-0.03589498785428747,0.0,0.08246363147616849,0.4341050121457125,-1.1752478979107346,0.0,0.6396341606410828,1.3380356800185198,-20.327760265606194,20.327760265606194,0.0,0.0,0.0,0.0,0.0,0.0,0.0,0.0,0.0,0.0,
ABOVE_THRESHOLD_NOMINAL_mu0.6_F60_r0.40_y+0.000,ramp,0.21725,-0.036188799828765154,0.0,0.08262292710070376,0.4338112001712348,-1.1752478979107346,0.0,0.6371824981410829,1.3368654223521945,-20.31916604813653,20.31916604813653,0.0,0.0,0.0,0.0,0.0,0.0,0.0,0.0,0.0,0.0,
ABOVE_THRESHOLD_NOMINAL_mu0.6_F60_r0.40_y+0.000,ramp,0.2175,-0.03648261180324284,0.0,0.08278160980961403,0.4335173881967571,-1.1752478979107346,0.0,0.6347308356410829,1.3356986393858563,-20.310692072598062,20.310692072598062,0.0,0.0,0.0,0.0,0.0,0.0,0.0,0.0,0.0,0.0,
ABOVE_THRESHOLD_NOMINAL_mu0.6_F60_r0.40_y+0.000,ramp,0.21775,-0.03677642377772052,0.0,0.0829396796028993,0.43322357622227947,-1.1752478979107346,0.0,0.632279173141083,1.3345353402332858,-20.302336656682648,20.302336656682648,0.0,0.0,0.0,0.0,0.0,0.0,0.0,0.0,0.0,0.0,
ABOVE_THRESHOLD_NOMINAL_mu0.6_F60_r0.40_y+0.000,ramp,0.218,-0.037070235752198206,0.0,0.08309713648055957,0.4329297642478018,-1.1752478979107346,0.0,0.629827510641083,1.333375534012809,-20.294098141619365,20.294098141619365,0.0,0.0,0.0,0.0,0.0,0.0,0.0,0.0,0.0,0.0,
ABOVE_THRESHOLD_NOMINAL_mu0.6_F60_r0.40_y+0.000,ramp,0.21825,-0.03736404772667589,0.0,0.08325398044259484,0.4326359522733241,-1.1752478979107346,0.0,0.627375848141083,1.3322192298470787,-20.285974891845203,20.285974891845203,0.0,0.0,0.0,0.0,0.0,0.0,0.0,0.0,0.0,0.0,
ABOVE_THRESHOLD_NOMINAL_mu0.6_F60_r0.40_y+0.000,ramp,0.2185,-0.037657859701153575,0.0,0.08341021148900511,0.4323421402988464,-1.1752478979107346,0.0,0.6249241856410831,1.3310664368628529,-20.277965294680357,20.277965294680357,0.0,0.0,0.0,0.0,0.0,0.0,0.0,0.0,0.0,0.0,
ABOVE_THRESHOLD_NOMINAL_mu0.6_F60_r0.40_y+0.000,ramp,0.21875,-0.03795167167563126,0.0,0.08356582961979038,0.43204832832436874,-1.1752478979107346,0.0,0.6224725231410831,1.3299171641907728,-20.27006776000806,20.27006776000806,0.0,0.0,0.0,0.0,0.0,0.0,0.0,0.0,0.0,0.0,
ABOVE_THRESHOLD_NOMINAL_mu0.6_F60_r0.40_y+0.000,ramp,0.219,-0.03824548365010894,0.0,0.08372083483495064,0.43175451634989104,-1.1752478979107346,0.0,0.6200208606410832,1.3287714209651373,-20.26228071995893,20.26228071995893,0.0,0.0,0.0,0.0,0.0,0.0,0.0,0.0,0.0,0.0,
ABOVE_THRESHOLD_NOMINAL_mu0.6_F60_r0.40_y+0.000,ramp,0.21925,-0.03853929562458663,0.0,0.08387522713448592,0.43146070437541334,-1.1752478979107346,0.0,0.6175691981410832,1.3276292163236771,-20.25460262859967,20.25460262859967,0.0,0.0,0.0,0.0,0.0,0.0,0.0,0.0,0.0,0.0,
ABOVE_THRESHOLD_NOMINAL_mu0.6_F60_r0.40_y+0.000,ramp,0.2195,-0.03883310759906431,0.0,0.08402900651839619,0.43116689240093564,-1.1752478979107346,0.0,0.6151175356410833,1.3264905594073257,-20.247031961626192,20.247031961626192,0.0,0.0,0.0,0.0,0.0,0.0,0.0,0.0,0.0,0.0,
ABOVE_THRESHOLD_NOMINAL_mu0.6_F60_r0.40_y+0.000,ramp,0.21975,-0.039126919573541995,0.0,0.08418217298668146,0.430873080426458,-1.1752478979107346,0.0,0.6126658731410833,1.3253554593599888,-20.23956721606098,20.23956721606098,0.0,0.0,0.0,0.0,0.0,0.0,0.0,0.0,0.0,0.0,
ABOVE_THRESHOLD_NOMINAL_mu0.6_F60_r0.40_y+0.000,ramp,0.22,-0.03942073154801968,0.0,0.08433472653934172,0.4305792684519803,-1.1752478979107346,0.0,0.6102142106410834,1.3242239253283112,-20.23220690995472,20.23220690995472,0.0,0.0,0.0,0.0,0.0,0.0,0.0,0.0,0.0,0.0,
ABOVE_THRESHOLD_NOMINAL_mu0.6_F60_r0.40_y+0.000,ramp,0.22025,-0.03971454352249736,0.0,0.084486667176377,0.4302854564775026,-1.1752478979107346,0.0,0.6077625481410834,1.3230959664614443,-20.22494958209209,20.22494958209209,0.0,0.0,0.0,0.0,0.0,0.0,0.0,0.0,0.0,0.0,
ABOVE_THRESHOLD_NOMINAL_mu0.6_F60_r0.40_y+0.000,ramp,0.2205,-0.04000835549697505,0.0,0.08463799489778727,0.4299916445030249,-1.1752478979107346,0.0,0.6053108856410835,1.321971591910807,-20.217793791701677,20.217793791701677,0.0,0.0,0.0,0.0,0.0,0.0,0.0,0.0,0.0,0.0,
ABOVE_THRESHOLD_NOMINAL_mu0.6_F60_r0.40_y+0.000,ramp,0.22075,-0.04030216747145273,0.0,0.08478870970357254,0.42969783252854726,-1.1752478979107346,0.0,0.6028592231410835,1.3208508108298496,-20.21073811816993,20.21073811816993,0.0,0.0,0.0,0.0,0.0,0.0,0.0,0.0,0.0,0.0,
ABOVE_THRESHOLD_NOMINAL_mu0.6_F60_r0.40_y+0.000,ramp,0.221,-0.040595979445930415,0.0,0.0849388115937328,0.42940402055406957,-1.1752478979107346,0.0,0.6004075606410836,1.3197336323738125,-20.203781160759153,20.203781160759153,0.0,0.0,0.0,0.0,0.0,0.0,0.0,0.0,0.0,0.0,
ABOVE_THRESHOLD_NOMINAL_mu0.6_F60_r0.40_y+0.000,ramp,0.22125,-0.0408897914204081,0.0,0.08508830056826808,0.42911020857959187,-1.1752478979107346,0.0,0.5979558981410836,1.3186200656994835,-20.196921538329395,20.196921538329395,0.0,0.0,0.0,0.0,0.0,0.0,0.0,0.0,0.0,0.0,
ABOVE_THRESHOLD_NOMINAL_mu0.6_F60_r0.40_y+0.000,ramp,0.2215,-0.04118360339488578,0.0,0.08523717662717835,0.42881639660511417,-1.1752478979107346,0.0,0.5955042356410837,1.3175101199649555,-20.190157889064285,20.190157889064285,0.0,0.0,0.0,0.0,0.0,0.0,0.0,0.0,0.0,0.0,
ABOVE_THRESHOLD_NOMINAL_mu0.6_F60_r0.40_y+0.000,ramp,0.22175,-0.04147741536936347,0.0,0.08538543977046362,0.4285225846306365,-1.1752478979107346,0.0,0.5930525731410837,1.3164038043293786,-20.183488870200655,20.183488870200655,0.0,0.0,0.0,0.0,0.0,0.0,0.0,0.0,0.0,0.0,
ABOVE_THRESHOLD_NOMINAL_mu0.6_F60_r0.40_y+0.000,ramp,0.222,-0.04177122734384115,0.0,0.08553308999812388,0.42822877265615883,-1.1752478979107346,0.0,0.5906009106410838,1.3153011279527125,-20.176913157761977,20.176913157761977,0.0,0.0,0.0,0.0,0.0,0.0,0.0,0.0,0.0,0.0,
ABOVE_THRESHOLD_NOMINAL_mu0.6_F60_r0.40_y+0.000,ramp,0.22225,-0.042065039318318835,0.0,0.08568012731015916,0.42793496068168113,-1.1752478979107346,0.0,0.5881492481410838,1.3142020999954773,-20.17042944629551,20.17042944629551,0.0,0.0,0.0,0.0,0.0,0.0,0.0,0.0,0.0,0.0,
ABOVE_THRESHOLD_NOMINAL_mu0.6_F60_r0.40_y+0.000,ramp,0.2225,-0.04235885129279652,0.0,0.08582655170656943,0.42764114870720343,-1.1752478979107346,0.0,0.5856975856410839,1.313106729618501,-20.164036448613146,20.164036448613146,0.0,0.0,0.0,0.0,0.0,0.0,0.0,0.0,0.0,0.0,
ABOVE_THRESHOLD_NOMINAL_mu0.6_F60_r0.40_y+0.000,ramp,0.22275,-0.0426526632672742,0.0,0.0859723631873547,0.4273473367327258,-1.1752478979107346,0.0,0.5832459231410839,1.312015025982666,-20.15773289553585,20.15773289553585,0.0,0.0,0.0,0.0,0.0,0.0,0.0,0.0,0.0,0.0,
ABOVE_THRESHOLD_NOMINAL_mu0.6_F60_r0.40_y+0.000,ramp,0.223,-0.04294647524175189,0.0,0.08611756175251496,0.4270535247582481,-1.1752478979107346,0.0,0.580794260641084,1.310926998248653,-20.151517535641716,20.151517535641716,0.0,0.0,0.0,0.0,0.0,0.0,0.0,0.0,0.0,0.0,
ABOVE_THRESHOLD_NOMINAL_mu0.6_F60_r0.40_y+0.000,ramp,0.22325,-0.04324028721622957,0.0,0.08626214740205024,0.4267597127837704,-1.1752478979107346,0.0,0.578342598141084,1.309842655576684,-20.145389135017506,20.145389135017506,0.0,0.0,0.0,0.0,0.0,0.0,0.0,0.0,0.0,0.0,
ABOVE_THRESHOLD_NOMINAL_mu0.6_F60_r0.40_y+0.000,ramp,0.2235,-0.043534099190707255,0.0,0.08640612013596051,0.4264659008092927,-1.1752478979107346,0.0,0.5758909356410841,1.3087620071262627,-20.139346477013703,20.139346477013703,0.0,0.0,0.0,0.0,0.0,0.0,0.0,0.0,0.0,0.0,
ABOVE_THRESHOLD_NOMINAL_mu0.6_F60_r0.40_y+0.000,ramp,0.22375,-0.04382791116518494,0.0,0.08654947995424578,0.42617208883481505,-1.1752478979107346,0.0,0.5734392731410841,1.3076850620559124,-20.133388362002965,20.133388362002965,0.0,0.0,0.0,0.0,0.0,0.0,0.0,0.0,0.0,0.0,
ABOVE_THRESHOLD_NOMINAL_mu0.6_F60_r0.40_y+0.000,ramp,0.224,-0.04412172313966262,0.0,0.08669222685690604,0.42587827686033736,-1.1752478979107346,0.0,0.5709876106410842,1.3066118295229134,-20.127513607141967,20.127513607141967,0.0,0.0,0.0,0.0,0.0,0.0,0.0,0.0,0.0,0.0,
ABOVE_THRESHOLD_NOMINAL_mu0.6_F60_r0.40_y+0.000,ramp,0.22425,-0.04441553511414031,0.0,0.08683436084394132,0.42558446488585966,-1.1752478979107346,0.0,0.5685359481410842,1.3055423186830375,-20.12172104613658,20.12172104613658,0.0,0.0,0.0,0.0,0.0,0.0,0.0,0.0,0.0,0.0,
ABOVE_THRESHOLD_NOMINAL_mu0.6_F60_r0.40_y+0.000,ramp,0.2245,-0.04470934708861799,0.0,0.08697588191535159,0.42529065291138196,-1.1752478979107346,0.0,0.5660842856410843,1.3044765386902812,-20.11600952901033,20.11600952901033,0.0,0.0,0.0,0.0,0.0,0.0,0.0,0.0,0.0,0.0,
ABOVE_THRESHOLD_NOMINAL_mu0.6_F60_r0.40_y+0.000,ramp,0.22475,-0.045003159063095675,0.0,0.08711679007113686,0.4249968409369043,-1.1752478979107346,0.0,0.5636326231410843,1.3034144986965965,-20.110377921876086,20.110377921876086,0.0,0.0,0.0,0.0,0.0,0.0,0.0,0.0,0.0,0.0,
ABOVE_THRESHOLD_NOMINAL_mu0.6_F60_r0.40_y+0.000,ramp,0.225,-0.04529697103757336,0.0,0.08725708531129713,0.4247030289624266,-1.1752478979107346,0.0,0.5611809606410844,1.3023562078516195,-20.104825106710972,20.104825106710972,0.0,0.0,0.0,0.0,0.0,0.0,0.0,0.0,0.0,0.0,
ABOVE_THRESHOLD_NOMINAL_mu0.6_F60_r0.40_y+0.000,ramp,0.22525,-0.045590783012051043,0.0,0.0873967676358324,0.4244092169879489,-1.1752478979107346,0.0,0.5587292981410844,1.3013016753023987,-20.099349981134395,20.099349981134395,0.0,0.0,0.0,0.0,0.0,0.0,0.0,0.0,0.0,0.0,
ABOVE_THRESHOLD_NOMINAL_mu0.6_F60_r0.40_y+0.000,ramp,0.2255,-0.04588459498652873,0.0,0.08753583704474267,0.4241154050134712,-1.1752478979107346,0.0,0.5562776356410845,1.3002509101931194,-20.093951458189203,20.093951458189203,0.0,0.0,0.0,0.0,0.0,0.0,0.0,0.0,0.0,0.0,
ABOVE_THRESHOLD_NOMINAL_mu0.6_F60_r0.40_y+0.000,ramp,0.22575,-0.04617840696100641,0.0,0.08767429353802794,0.4238215930389936,-1.1752478979107346,0.0,0.5538259731410845,1.2992039216648283,-20.08862846612589,20.08862846612589,0.0,0.0,0.0,0.0,0.0,0.0,0.0,0.0,0.0,0.0,
ABOVE_THRESHOLD_NOMINAL_mu0.6_F60_r0.40_y+0.000,ramp,0.226,-0.046472218935484096,0.0,0.08781213711568821,0.4235277810645159,-1.1752478979107346,0.0,0.5513743106410846,1.2981607188551545,-20.083379948189826,20.083379948189826,0.0,0.0,0.0,0.0,0.0,0.0,0.0,0.0,0.0,0.0,
ABOVE_THRESHOLD_NOMINAL_mu0.6_F60_r0.40_y+0.000,ramp,0.22625,-0.04676603090996178,0.0,0.08794936777772348,0.4232339690900382,-1.1752478979107346,0.0,0.5489226481410846,1.297121310898029,-20.07820486241146,20.07820486241146,0.0,0.0,0.0,0.0,0.0,0.0,0.0,0.0,0.0,0.0,
ABOVE_THRESHOLD_NOMINAL_mu0.6_F60_r0.40_y+0.000,ramp,0.2265,-0.047059842884439464,0.0,0.08808598552413376,0.4229401571155605,-1.1752478979107346,0.0,0.5464709856410847,1.2960857069234035,-20.073102181399477,20.073102181399477,0.0,0.0,0.0,0.0,0.0,0.0,0.0,0.0,0.0,0.0,
ABOVE_THRESHOLD_NOMINAL_mu0.6_F60_r0.40_y+0.000,ramp,0.22675,-0.04735365485891715,0.0,0.08822199035491902,0.42264634514108285,-1.1752478979107346,0.0,0.5440193231410847,1.2950539160569665,-20.06807089213681,20.06807089213681,0.0,0.0,0.0,0.0,0.0,0.0,0.0,0.0,0.0,0.0,
ABOVE_THRESHOLD_NOMINAL_mu0.6_F60_r0.40_y+0.000,ramp,0.227,-0.04764746683339483,0.0,0.08835738227007929,0.42235253316660515,-1.1752478979107346,0.0,0.5415676606410847,1.2940259474198565,-20.06310999577954,20.06310999577954,0.0,0.0,0.0,0.0,0.0,0.0,0.0,0.0,0.0,0.0,
ABOVE_THRESHOLD_NOMINAL_mu0.6_F60_r0.40_y+0.000,ramp,0.22725,-0.047941278807872516,0.0,0.08849216126961457,0.42205872119212745,-1.1752478979107346,0.0,0.5391159981410848,1.2930018101283767,-20.058218507458616,20.058218507458616,0.0,0.0,0.0,0.0,0.0,0.0,0.0,0.0,0.0,0.0,
ABOVE_THRESHOLD_NOMINAL_mu0.6_F60_r0.40_y+0.000,ramp,0.2275,-0.0482350907823502,0.0,0.08862632735352484,0.42176490921764975,-1.1752478979107346,0.0,0.5366643356410848,1.2919815132937031,-20.0533954560843,20.0533954560843,0.0,0.0,0.0,0.0,0.0,0.0,0.0,0.0,0.0,0.0,
ABOVE_THRESHOLD_NOMINAL_mu0.6_F60_r0.40_y+0.000,flat,0.0,0.09988749999999998,0.0,0.032695999553897424,0.5698875,-0.45,0.0,-1.9620320693806645e-17,0.45,-19.713493901275953,19.713493901275953,0.0,0.0,0.0,0.0,0.0,0.0,0.0,0.0,0.0,0.5687856999999954,court
ABOVE_THRESHOLD_NOMINAL_mu0.6_F60_r0.40_y+0.000,flat,0.00025,0.09977499999999997,0.0,0.032695999553897424,0.5697749999999999,-0.45,0.0,-3.924064138761329e-17,0.45,-19.713493901275953,19.713493901275953,0.0,0.0,0.0,0.0,0.0,0.0,0.0,0.0,0.0,0.5687856999999954,court
ABOVE_THRESHOLD_NOMINAL_mu0.6_F60_r0.40_y+0.000,flat,0.0005,0.09966249999999997,0.0,0.032695999553897424,0.5696625,-0.45,0.0,-5.886096208141993e-17,0.45,-19.713493901275953,19.713493901275953,0.0,0.0,0.0,0.0,0.0,0.0,0.0,0.0,0.0,0.5687856999999954,court
ABOVE_THRESHOLD_NOMINAL_mu0.6_F60_r0.40_y+0.000,flat,0.00075,0.09954999999999997,0.0,0.032695999553897424,0.56955,-0.45,0.0,-7.848128277522658e-17,0.45,-19.713493901275953,19.713493901275953,0.0,0.0,0.0,0.0,0.0,0.0,0.0,0.0,0.0,0.5687856999999954,court
ABOVE_THRESHOLD_NOMINAL_mu0.6_F60_r0.40_y+0.000,flat,0.001,0.09943749999999997,0.0,0.032695999553897424,0.5694374999999999,-0.45,0.0,-9.810160346903322e-17,0.45,-19.713493901275953,19.713493901275953,0.0,0.0,0.0,0.0,0.0,0.0,0.0,0.0,0.0,0.5687856999999954,court
ABOVE_THRESHOLD_NOMINAL_mu0.6_F60_r0.40_y+0.000,flat,0.00125,0.09932499999999997,0.0,0.032695999553897424,0.569325,-0.45,0.0,-1.1772192416283987e-16,0.45,-19.713493901275953,19.713493901275953,0.0,0.0,0.0,0.0,0.0,0.0,0.0,0.0,0.0,0.5687856999999954,court
ABOVE_THRESHOLD_NOMINAL_mu0.6_F60_r0.40_y+0.000,flat,0.0015,0.09921249999999997,0.0,0.032695999553897424,0.5692124999999999,-0.45,0.0,-1.3734224485664651e-16,0.45,-19.713493901275953,19.713493901275953,0.0,0.0,0.0,0.0,0.0,0.0,0.0,0.0,0.0,0.5687856999999954,court
ABOVE_THRESHOLD_NOMINAL_mu0.6_F60_r0.40_y+0.000,flat,0.00175,0.09909999999999997,0.0,0.032695999553897424,0.5690999999999999,-0.45,0.0,-1.5696256555045316e-16,0.45,-19.713493901275953,19.713493901275953,0.0,0.0,0.0,0.0,0.0,0.0,0.0,0.0,0.0,0.5687856999999954,court
ABOVE_THRESHOLD_NOMINAL_mu0.6_F60_r0.40_y+0.000,flat,0.002,0.09898749999999996,0.0,0.032695999553897424,0.5689875,-0.45,0.0,-1.765828862442598e-16,0.45,-19.713493901275953,19.713493901275953,0.0,0.0,0.0,0.0,0.0,0.0,0.0,0.0,0.0,0.5687856999999954,court
ABOVE_THRESHOLD_NOMINAL_mu0.6_F60_r0.40_y+0.000,flat,0.0022500000000000003,0.09887499999999996,0.0,0.032695999553897424,0.5688749999999999,-0.45,0.0,-1.9620320693806645e-16,0.45,-19.713493901275953,19.713493901275953,0.0,0.0,0.0,0.0,0.0,0.0,0.0,0.0,0.0,0.5687856999999954,court
ABOVE_THRESHOLD_NOMINAL_mu0.6_F60_r0.40_y+0.000,flat,0.0025,0.09876249999999996,0.0,0.032695999553897424,0.5687625,-0.45,0.0,-2.158235276318731e-16,0.45,-19.713493901275953,19.713493901275953,0.0,0.0,0.0,0.0,0.0,0.0,0.0,0.0,0.0,0.5687856999999954,court
ABOVE_THRESHOLD_NOMINAL_mu0.6_F60_r0.40_y+0.000,flat,0.00275,0.09864999999999996,0.0,0.032695999553897424,0.5686499999999999,-0.45,0.0,-2.3544384832567974e-16,0.45,-19.713493901275953,19.713493901275953,0.0,0.0,0.0,0.0,0.0,0.0,0.0,0.0,0.0,0.5687856999999954,court
ABOVE_THRESHOLD_NOMINAL_mu0.6_F60_r0.40_y+0.000,flat,0.003,0.09853749999999996,0.0,0.032695999553897424,0.5685374999999999,-0.45,0.0,-2.550641690194864e-16,0.45,-19.713493901275953,19.713493901275953,0.0,0.0,0.0,0.0,0.0,0.0,0.0,0.0,0.0,0.5687856999999954,court
ABOVE_THRESHOLD_NOMINAL_mu0.6_F60_r0.40_y+0.000,flat,0.0032500000000000003,0.09842499999999996,0.0,0.032695999553897424,0.568425,-0.45,0.0,-2.746844897132931e-16,0.45,-19.713493901275953,19.713493901275953,0.0,0.0,0.0,0.0,0.0,0.0,0.0,0.0,0.0,0.5687856999999954,court
ABOVE_THRESHOLD_NOMINAL_mu0.6_F60_r0.40_y+0.000,flat,0.0035,0.09831249999999996,0.0,0.032695999553897424,0.5683124999999999,-0.45,0.0,-2.9430481040709975e-16,0.45,-19.713493901275953,19.713493901275953,0.0,0.0,0.0,0.0,0.0,0.0,0.0,0.0,0.0,0.5687856999999954,court
ABOVE_THRESHOLD_NOMINAL_mu0.6_F60_r0.40_y+0.000,flat,0.00375,0.09819999999999995,0.0,0.032695999553897424,0.5681999999999999,-0.45,0.0,-3.139251311009064e-16,0.45,-19.713493901275953,19.713493901275953,0.0,0.0,0.0,0.0,0.0,0.0,0.0,0.0,0.0,0.5687856999999954,court
ABOVE_THRESHOLD_NOMINAL_mu0.6_F60_r0.40_y+0.000,flat,0.004,0.09808749999999995,0.0,0.032695999553897424,0.5680875,-0.45,0.0,-3.335454517947131e-16,0.45,-19.713493901275953,19.713493901275953,0.0,0.0,0.0,0.0,0.0,0.0,0.0,0.0,0.0,0.5687856999999954,court
ABOVE_THRESHOLD_NOMINAL_mu0.6_F60_r0.40_y+0.000,flat,0.00425,0.09797499999999995,0.0,0.032695999553897424,0.5679749999999999,-0.45,0.0,-3.5316577248851976e-16,0.45,-19.713493901275953,19.713493901275953,0.0,0.0,0.0,0.0,0.0,0.0,0.0,0.0,0.0,0.5687856999999954,court
ABOVE_THRESHOLD_NOMINAL_mu0.6_F60_r0.40_y+0.000,flat,0.0045000000000000005,0.09786249999999995,0.0,0.032695999553897424,0.5678624999999999,-0.45,0.0,-3.7278609318232643e-16,0.45,-19.713493901275953,19.713493901275953,0.0,0.0,0.0,0.0,0.0,0.0,0.0,0.0,0.0,0.5687856999999954,court
ABOVE_THRESHOLD_NOMINAL_mu0.6_F60_r0.40_y+0.000,flat,0.00475,0.09774999999999995,0.0,0.032695999553897424,0.56775,-0.45,0.0,-3.924064138761331e-16,0.45,-19.713493901275953,19.713493901275953,0.0,0.0,0.0,0.0,0.0,0.0,0.0,0.0,0.0,0.5687856999999954,court
ABOVE_THRESHOLD_NOMINAL_mu0.6_F60_r0.40_y+0.000,flat,0.005,0.09763749999999995,0.0,0.032695999553897424,0.5676374999999999,-0.45,0.0,-4.1202673456993976e-16,0.45,-19.713493901275953,19.713493901275953,0.0,0.0,0.0,0.0,0.0,0.0,0.0,0.0,0.0,0.5687856999999954,court
ABOVE_THRESHOLD_NOMINAL_mu0.6_F60_r0.40_y+0.000,flat,0.00525,0.09752499999999995,0.0,0.032695999553897424,0.567525,-0.45,0.0,-4.3164705526374643e-16,0.45,-19.713493901275953,19.713493901275953,0.0,0.0,0.0,0.0,0.0,0.0,0.0,0.0,0.0,0.5687856999999954,court
ABOVE_THRESHOLD_NOMINAL_mu0.6_F60_r0.40_y+0.000,flat,0.0055,0.09741249999999994,0.0,0.032695999553897424,0.5674124999999999,-0.45,0.0,-4.512673759575531e-16,0.45,-19.713493901275953,19.713493901275953,0.0,0.0,0.0,0.0,0.0,0.0,0.0,0.0,0.0,0.5687856999999954,court
ABOVE_THRESHOLD_NOMINAL_mu0.6_F60_r0.40_y+0.000,flat,0.00575,0.09729999999999994,0.0,0.032695999553897424,0.5672999999999999,-0.45,0.0,-4.708876966513598e-16,0.45,-19.713493901275953,19.713493901275953,0.0,0.0,0.0,0.0,0.0,0.0,0.0,0.0,0.0,0.5687856999999954,court
ABOVE_THRESHOLD_NOMINAL_mu0.6_F60_r0.40_y+0.000,flat,0.006,0.09718749999999994,0.0,0.032695999553897424,0.5671875,-0.45,0.0,-4.905080173451664e-16,0.45,-19.713493901275953,19.713493901275953,0.0,0.0,0.0,0.0,0.0,0.0,0.0,0.0,0.0,0.5687856999999954,court
ABOVE_THRESHOLD_NOMINAL_mu0.6_F60_r0.40_y+0.000,flat,0.00625,0.09707499999999994,0.0,0.032695999553897424,0.5670749999999999,-0.45,0.0,-5.101283380389731e-16,0.45,-19.713493901275953,19.713493901275953,0.0,0.0,0.0,0.0,0.0,0.0,0.0,0.0,0.0,0.5687856999999954,court
ABOVE_THRESHOLD_NOMINAL_mu0.6_F60_r0.40_y+0.000,flat,0.006500000000000001,0.09696249999999994,0.0,0.032695999553897424,0.5669624999999999,-0.45,0.0,-5.297486587327798e-16,0.45,-19.713493901275953,19.713493901275953,0.0,0.0,0.0,0.0,0.0,0.0,0.0,0.0,0.0,0.5687856999999954,court
ABOVE_THRESHOLD_NOMINAL_mu0.6_F60_r0.40_y+0.000,flat,0.00675,0.09684999999999994,0.0,0.032695999553897424,0.5668499999999999,-0.45,0.0,-5.493689794265865e-16,0.45,-19.713493901275953,19.713493901275953,0.0,0.0,0.0,0.0,0.0,0.0,0.0,0.0,0.0,0.5687856999999954,court
ABOVE_THRESHOLD_NOMINAL_mu0.6_F60_r0.40_y+0.000,flat,0.007,0.09673749999999993,0.0,0.032695999553897424,0.5667374999999999,-0.45,0.0,-5.689893001203931e-16,0.45,-19.713493901275953,19.713493901275953,0.0,0.0,0.0,0.0,0.0,0.0,0.0,0.0,0.0,0.5687856999999954,court
ABOVE_THRESHOLD_NOMINAL_mu0.6_F60_r0.40_y+0.000,flat,0.00725,0.09662499999999993,0.0,0.032695999553897424,0.5666249999999999,-0.45,0.0,-5.886096208141998e-16,0.45,-19.713493901275953,19.713493901275953,0.0,0.0,0.0,0.0,0.0,0.0,0.0,0.0,0.0,0.5687856999999954,court
ABOVE_THRESHOLD_NOMINAL_mu0.6_F60_r0.40_y+0.000,flat,0.0075,0.09651249999999993,0.0,0.032695999553897424,0.5665124999999999,-0.45,0.0,-6.082299415080065e-16,0.45,-19.713493901275953,19.713493901275953,0.0,0.0,0.0,0.0,0.0,0.0,0.0,0.0,0.0,0.5687856999999954,court
ABOVE_THRESHOLD_NOMINAL_mu0.6_F60_r0.40_y+0.000,flat,0.00775,0.09639999999999993,0.0,0.032695999553897424,0.5663999999999999,-0.45,0.0,-6.278502622018131e-16,0.45,-19.713493901275953,19.713493901275953,0.0,0.0,0.0,0.0,0.0,0.0,0.0,0.0,0.0,0.5687856999999954,court
ABOVE_THRESHOLD_NOMINAL_mu0.6_F60_r0.40_y+0.000,flat,0.008,0.09628749999999993,0.0,0.032695999553897424,0.5662874999999999,-0.45,0.0,-6.474705828956198e-16,0.45,-19.713493901275953,19.713493901275953,0.0,0.0,0.0,0.0,0.0,0.0,0.0,0.0,0.0,0.5687856999999954,court
ABOVE_THRESHOLD_NOMINAL_mu0.6_F60_r0.40_y+0.000,flat,0.00825,0.09617499999999993,0.0,0.032695999553897424,0.5661749999999999,-0.45,0.0,-6.670909035894265e-16,0.45,-19.713493901275953,19.713493901275953,0.0,0.0,0.0,0.0,0.0,0.0,0.0,0.0,0.0,0.5687856999999954,court
ABOVE_THRESHOLD_NOMINAL_mu0.6_F60_r0.40_y+0.000,flat,0.0085,0.09606249999999993,0.0,0.032695999553897424,0.5660624999999999,-0.45,0.0,-6.867112242832331e-16,0.45,-19.713493901275953,19.713493901275953,0.0,0.0,0.0,0.0,0.0,0.0,0.0,0.0,0.0,0.5687856999999954,court
ABOVE_THRESHOLD_NOMINAL_mu0.6_F60_r0.40_y+0.000,flat,0.00875,0.09594999999999992,0.0,0.032695999553897424,0.56595,-0.45,0.0,-7.063315449770398e-16,0.45,-19.713493901275953,19.713493901275953,0.0,0.0,0.0,0.0,0.0,0.0,0.0,0.0,0.0,0.5687856999999954,court
ABOVE_THRESHOLD_NOMINAL_mu0.6_F60_r0.40_y+0.000,flat,0.009000000000000001,0.09583749999999992,0.0,0.032695999553897424,0.5658374999999999,-0.45,0.0,-7.259518656708465e-16,0.45,-19.713493901275953,19.713493901275953,0.0,0.0,0.0,0.0,0.0,0.0,0.0,0.0,0.0,0.5687856999999954,court
ABOVE_THRESHOLD_NOMINAL_mu0.6_F60_r0.40_y+0.000,flat,0.00925,0.09572499999999992,0.0,0.032695999553897424,0.5657249999999999,-0.45,0.0,-7.455721863646531e-16,0.45,-19.713493901275953,19.713493901275953,0.0,0.0,0.0,0.0,0.0,0.0,0.0,0.0,0.0,0.5687856999999954,court
ABOVE_THRESHOLD_NOMINAL_mu0.6_F60_r0.40_y+0.000,flat,0.0095,0.09561249999999992,0.0,0.032695999553897424,0.5656124999999999,-0.45,0.0,-7.651925070584598e-16,0.45,-19.713493901275953,19.713493901275953,0.0,0.0,0.0,0.0,0.0,0.0,0.0,0.0,0.0,0.5687856999999954,court
ABOVE_THRESHOLD_NOMINAL_mu0.6_F60_r0.40_y+0.000,flat,0.00975,0.09549999999999992,0.0,0.032695999553897424,0.5654999999999999,-0.45,0.0,-7.848128277522665e-16,0.45,-19.713493901275953,19.713493901275953,0.0,0.0,0.0,0.0,0.0,0.0,0.0,0.0,0.0,0.5687856999999954,court
ABOVE_THRESHOLD_NOMINAL_mu0.6_F60_r0.40_y+0.000,flat,0.01,0.09538749999999992,0.0,0.032695999553897424,0.5653874999999999,-0.45,0.0,-8.044331484460732e-16,0.45,-19.713493901275953,19.713493901275953,0.0,0.0,0.0,0.0,0.0,0.0,0.0,0.0,0.0,0.5687856999999954,court
ABOVE_THRESHOLD_NOMINAL_mu0.6_F60_r0.40_y+0.000,flat,0.01025,0.09527499999999992,0.0,0.032695999553897424,0.5652749999999999,-0.45,0.0,-8.240534691398798e-16,0.45,-19.713493901275953,19.713493901275953,0.0,0.0,0.0,0.0,0.0,0.0,0.0,0.0,0.0,0.5687856999999954,court
ABOVE_THRESHOLD_NOMINAL_mu0.6_F60_r0.40_y+0.000,flat,0.0105,0.09516249999999991,0.0,0.032695999553897424,0.5651624999999999,-0.45,0.0,-8.436737898336865e-16,0.45,-19.713493901275953,19.713493901275953,0.0,0.0,0.0,0.0,0.0,0.0,0.0,0.0,0.0,0.5687856999999954,court
ABOVE_THRESHOLD_NOMINAL_mu0.6_F60_r0.40_y+0.000,flat,0.010750000000000001,0.09504999999999991,0.0,0.032695999553897424,0.5650499999999998,-0.45,0.0,-8.632941105274932e-16,0.45,-19.713493901275953,19.713493901275953,0.0,0.0,0.0,0.0,0.0,0.0,0.0,0.0,0.0,0.5687856999999954,court
ABOVE_THRESHOLD_NOMINAL_mu0.6_F60_r0.40_y+0.000,flat,0.011,0.09493749999999991,0.0,0.032695999553897424,0.5649374999999999,-0.45,0.0,-8.829144312212998e-16,0.45,-19.713493901275953,19.713493901275953,0.0,0.0,0.0,0.0,0.0,0.0,0.0,0.0,0.0,0.5687856999999954,court
ABOVE_THRESHOLD_NOMINAL_mu0.6_F60_r0.40_y+0.000,flat,0.01125,0.09482499999999991,0.0,0.032695999553897424,0.5648249999999999,-0.45,0.0,-9.025347519151064e-16,0.45,-19.713493901275953,19.713493901275953,0.0,0.0,0.0,0.0,0.0,0.0,0.0,0.0,0.0,0.5687856999999954,court
ABOVE_THRESHOLD_NOMINAL_mu0.6_F60_r0.40_y+0.000,flat,0.0115,0.09471249999999991,0.0,0.032695999553897424,0.5647124999999998,-0.45,0.0,-9.22155072608913e-16,0.45,-19.713493901275953,19.713493901275953,0.0,0.0,0.0,0.0,0.0,0.0,0.0,0.0,0.0,0.5687856999999954,court
ABOVE_THRESHOLD_NOMINAL_mu0.6_F60_r0.40_y+0.000,flat,0.01175,0.0945999999999999,0.0,0.032695999553897424,0.5645999999999999,-0.45,0.0,-9.417753933027195e-16,0.45,-19.713493901275953,19.713493901275953,0.0,0.0,0.0,0.0,0.0,0.0,0.0,0.0,0.0,0.5687856999999954,court
ABOVE_THRESHOLD_NOMINAL_mu0.6_F60_r0.40_y+0.000,flat,0.012,0.0944874999999999,0.0,0.032695999553897424,0.5644874999999999,-0.45,0.0,-9.613957139965261e-16,0.45,-19.713493901275953,19.713493901275953,0.0,0.0,0.0,0.0,0.0,0.0,0.0,0.0,0.0,0.5687856999999954,court
ABOVE_THRESHOLD_NOMINAL_mu0.6_F60_r0.40_y+0.000,flat,0.01225,0.0943749999999999,0.0,0.032695999553897424,0.5643749999999998,-0.45,0.0,-9.810160346903327e-16,0.45,-19.713493901275953,19.713493901275953,0.0,0.0,0.0,0.0,0.0,0.0,0.0,0.0,0.0,0.5687856999999954,court
ABOVE_THRESHOLD_NOMINAL_mu0.6_F60_r0.40_y+0.000,flat,0.0125,0.0942624999999999,0.0,0.032695999553897424,0.5642624999999999,-0.45,0.0,-1.0006363553841393e-15,0.45,-19.713493901275953,19.713493901275953,0.0,0.0,0.0,0.0,0.0,0.0,0.0,0.0,0.0,0.5687856999999954,court
ABOVE_THRESHOLD_NOMINAL_mu0.6_F60_r0.40_y+0.000,flat,0.012750000000000001,0.0941499999999999,0.0,0.032695999553897424,0.5641499999999999,-0.45,0.0,-1.0202566760779458e-15,0.45,-19.713493901275953,19.713493901275953,0.0,0.0,0.0,0.0,0.0,0.0,0.0,0.0,0.0,0.5687856999999954,court
ABOVE_THRESHOLD_NOMINAL_mu0.6_F60_r0.40_y+0.000,flat,0.013000000000000001,0.0940374999999999,0.0,0.032695999553897424,0.5640374999999999,-0.45,0.0,-1.0398769967717524e-15,0.45,-19.713493901275953,19.713493901275953,0.0,0.0,0.0,0.0,0.0,0.0,0.0,0.0,0.0,0.5687856999999954,court
ABOVE_THRESHOLD_NOMINAL_mu0.6_F60_r0.40_y+0.000,flat,0.01325,0.0939249999999999,0.0,0.032695999553897424,0.5639249999999999,-0.45,0.0,-1.059497317465559e-15,0.45,-19.713493901275953,19.713493901275953,0.0,0.0,0.0,0.0,0.0,0.0,0.0,0.0,0.0,0.5687856999999954,court
ABOVE_THRESHOLD_NOMINAL_mu0.6_F60_r0.40_y+0.000,flat,0.0135,0.0938124999999999,0.0,0.032695999553897424,0.5638124999999998,-0.45,0.0,-1.0791176381593655e-15,0.45,-19.713493901275953,19.713493901275953,0.0,0.0,0.0,0.0,0.0,0.0,0.0,0.0,0.0,0.5687856999999954,court
ABOVE_THRESHOLD_NOMINAL_mu0.6_F60_r0.40_y+0.000,flat,0.01375,0.0936999999999999,0.0,0.032695999553897424,0.5636999999999999,-0.45,0.0,-1.0987379588531721e-15,0.45,-19.713493901275953,19.713493901275953,0.0,0.0,0.0,0.0,0.0,0.0,0.0,0.0,0.0,0.5687856999999954,court
ABOVE_THRESHOLD_NOMINAL_mu0.6_F60_r0.40_y+0.000,flat,0.014,0.09358749999999989,0.0,0.032695999553897424,0.5635874999999999,-0.45,0.0,-1.1183582795469787e-15,0.45,-19.713493901275953,19.713493901275953,0.0,0.0,0.0,0.0,0.0,0.0,0.0,0.0,0.0,0.5687856999999954,court
ABOVE_THRESHOLD_NOMINAL_mu0.6_F60_r0.40_y+0.000,flat,0.01425,0.09347499999999989,0.0,0.032695999553897424,0.5634749999999998,-0.45,0.0,-1.1379786002407853e-15,0.45,-19.713493901275953,19.713493901275953,0.0,0.0,0.0,0.0,0.0,0.0,0.0,0.0,0.0,0.5687856999999954,court
ABOVE_THRESHOLD_NOMINAL_mu0.6_F60_r0.40_y+0.000,flat,0.0145,0.09336249999999989,0.0,0.032695999553897424,0.5633624999999999,-0.45,0.0,-1.1575989209345918e-15,0.45,-19.713493901275953,19.713493901275953,0.0,0.0,0.0,0.0,0.0,0.0,0.0,0.0,0.0,0.5687856999999954,court
ABOVE_THRESHOLD_NOMINAL_mu0.6_F60_r0.40_y+0.000,flat,0.014750000000000001,0.09324999999999989,0.0,0.032695999553897424,0.5632499999999998,-0.45,0.0,-1.1772192416283984e-15,0.45,-19.713493901275953,19.713493901275953,0.0,0.0,0.0,0.0,0.0,0.0,0.0,0.0,0.0,0.5687856999999954,court
ABOVE_THRESHOLD_NOMINAL_mu0.6_F60_r0.40_y+0.000,flat,0.015,0.09313749999999989,0.0,0.032695999553897424,0.5631374999999998,-0.45,0.0,-1.196839562322205e-15,0.45,-19.713493901275953,19.713493901275953,0.0,0.0,0.0,0.0,0.0,0.0,0.0,0.0,0.0,0.5687856999999954,court
ABOVE_THRESHOLD_NOMINAL_mu0.6_F60_r0.40_y+0.000,flat,0.01525,0.09302499999999989,0.0,0.032695999553897424,0.5630249999999999,-0.45,0.0,-1.2164598830160115e-15,0.45,-19.713493901275953,19.713493901275953,0.0,0.0,0.0,0.0,0.0,0.0,0.0,0.0,0.0,0.5687856999999954,court
ABOVE_THRESHOLD_NOMINAL_mu0.6_F60_r0.40_y+0.000,flat,0.0155,0.09291249999999988,0.0,0.032695999553897424,0.5629124999999998,-0.45,0.0,-1.2360802037098181e-15,0.45,-19.713493901275953,19.713493901275953,0.0,0.0,0.0,0.0,0.0,0.0,0.0,0.0,0.0,0.5687856999999954,court
ABOVE_THRESHOLD_NOMINAL_mu0.6_F60_r0.40_y+0.000,flat,0.01575,0.09279999999999988,0.0,0.032695999553897424,0.5627999999999999,-0.45,0.0,-1.2557005244036247e-15,0.45,-19.713493901275953,19.713493901275953,0.0,0.0,0.0,0.0,0.0,0.0,0.0,0.0,0.0,0.5687856999999954,court
ABOVE_THRESHOLD_NOMINAL_mu0.6_F60_r0.40_y+0.000,flat,0.016,0.09268749999999988,0.0,0.032695999553897424,0.5626874999999999,-0.45,0.0,-1.2753208450974313e-15,0.45,-19.713493901275953,19.713493901275953,0.0,0.0,0.0,0.0,0.0,0.0,0.0,0.0,0.0,0.5687856999999954,court
ABOVE_THRESHOLD_NOMINAL_mu0.6_F60_r0.40_y+0.000,flat,0.01625,0.09257499999999988,0.0,0.032695999553897424,0.5625749999999998,-0.45,0.0,-1.2949411657912378e-15,0.45,-19.713493901275953,19.713493901275953,0.0,0.0,0.0,0.0,0.0,0.0,0.0,0.0,0.0,0.5687856999999954,court
ABOVE_THRESHOLD_NOMINAL_mu0.6_F60_r0.40_y+0.000,flat,0.0165,0.09246249999999988,0.0,0.032695999553897424,0.5624624999999999,-0.45,0.0,-1.3145614864850444e-15,0.45,-19.713493901275953,19.713493901275953,0.0,0.0,0.0,0.0,0.0,0.0,0.0,0.0,0.0,0.5687856999999954,court
ABOVE_THRESHOLD_NOMINAL_mu0.6_F60_r0.40_y+0.000,flat,0.01675,0.09234999999999988,0.0,0.032695999553897424,0.5623499999999999,-0.45,0.0,-1.334181807178851e-15,0.45,-19.713493901275953,19.713493901275953,0.0,0.0,0.0,0.0,0.0,0.0,0.0,0.0,0.0,0.5687856999999954,court
ABOVE_THRESHOLD_NOMINAL_mu0.6_F60_r0.40_y+0.000,flat,0.017,0.09223749999999988,0.0,0.032695999553897424,0.5622374999999998,-0.45,0.0,-1.3538021278726575e-15,0.45,-19.713493901275953,19.713493901275953,0.0,0.0,0.0,0.0,0.0,0.0,0.0,0.0,0.0,0.5687856999999954,court
ABOVE_THRESHOLD_NOMINAL_mu0.6_F60_r0.40_y+0.000,flat,0.01725,0.09212499999999987,0.0,0.032695999553897424,0.5621249999999999,-0.45,0.0,-1.3734224485664641e-15,0.45,-19.713493901275953,19.713493901275953,0.0,0.0,0.0,0.0,0.0,0.0,0.0,0.0,0.0,0.5687856999999954,court
ABOVE_THRESHOLD_NOMINAL_mu0.6_F60_r0.40_y+0.000,flat,0.0175,0.09201249999999987,0.0,0.032695999553897424,0.5620124999999998,-0.45,0.0,-1.3930427692602707e-15,0.45,-19.713493901275953,19.713493901275953,0.0,0.0,0.0,0.0,0.0,0.0,0.0,0.0,0.0,0.5687856999999954,court
ABOVE_THRESHOLD_NOMINAL_mu0.6_F60_r0.40_y+0.000,flat,0.017750000000000002,0.09189999999999987,0.0,0.032695999553897424,0.5618999999999998,-0.45,0.0,-1.4126630899540773e-15,0.45,-19.713493901275953,19.713493901275953,0.0,0.0,0.0,0.0,0.0,0.0,0.0,0.0,0.0,0.5687856999999954,court
ABOVE_THRESHOLD_NOMINAL_mu0.6_F60_r0.40_y+0.000,flat,0.018000000000000002,0.09178749999999987,0.0,0.032695999553897424,0.5617874999999999,-0.45,0.0,-1.4322834106478838e-15,0.45,-19.713493901275953,19.713493901275953,0.0,0.0,0.0,0.0,0.0,0.0,0.0,0.0,0.0,0.5687856999999954,court
ABOVE_THRESHOLD_NOMINAL_mu0.6_F60_r0.40_y+0.000,flat,0.01825,0.09167499999999987,0.0,0.032695999553897424,0.5616749999999998,-0.45,0.0,-1.4519037313416904e-15,0.45,-19.713493901275953,19.713493901275953,0.0,0.0,0.0,0.0,0.0,0.0,0.0,0.0,0.0,0.5687856999999954,court
ABOVE_THRESHOLD_NOMINAL_mu0.6_F60_r0.40_y+0.000,flat,0.0185,0.09156249999999987,0.0,0.032695999553897424,0.5615624999999999,-0.45,0.0,-1.471524052035497e-15,0.45,-19.713493901275953,19.713493901275953,0.0,0.0,0.0,0.0,0.0,0.0,0.0,0.0,0.0,0.5687856999999954,court
ABOVE_THRESHOLD_NOMINAL_mu0.6_F60_r0.40_y+0.000,flat,0.01875,0.09144999999999986,0.0,0.032695999553897424,0.5614499999999998,-0.45,0.0,-1.4911443727293035e-15,0.45,-19.713493901275953,19.713493901275953,0.0,0.0,0.0,0.0,0.0,0.0,0.0,0.0,0.0,0.5687856999999954,court
ABOVE_THRESHOLD_NOMINAL_mu0.6_F60_r0.40_y+0.000,flat,0.019,0.09133749999999986,0.0,0.032695999553897424,0.5613374999999998,-0.45,0.0,-1.5107646934231101e-15,0.45,-19.713493901275953,19.713493901275953,0.0,0.0,0.0,0.0,0.0,0.0,0.0,0.0,0.0,0.5687856999999954,court
ABOVE_THRESHOLD_NOMINAL_mu0.6_F60_r0.40_y+0.000,flat,0.01925,0.09122499999999986,0.0,0.032695999553897424,0.5612249999999999,-0.45,0.0,-1.5303850141169167e-15,0.45,-19.713493901275953,19.713493901275953,0.0,0.0,0.0,0.0,0.0,0.0,0.0,0.0,0.0,0.5687856999999954,court
ABOVE_THRESHOLD_NOMINAL_mu0.6_F60_r0.40_y+0.000,flat,0.0195,0.09111249999999986,0.0,0.032695999553897424,0.5611124999999998,-0.45,0.0,-1.5500053348107232e-15,0.45,-19.713493901275953,19.713493901275953,0.0,0.0,0.0,0.0,0.0,0.0,0.0,0.0,0.0,0.5687856999999954,court
ABOVE_THRESHOLD_NOMINAL_mu0.6_F60_r0.40_y+0.000,flat,0.01975,0.09099999999999986,0.0,0.032695999553897424,0.5609999999999998,-0.45,0.0,-1.5696256555045298e-15,0.45,-19.713493901275953,19.713493901275953,0.0,0.0,0.0,0.0,0.0,0.0,0.0,0.0,0.0,0.5687856999999954,court
ABOVE_THRESHOLD_NOMINAL_mu0.6_F60_r0.40_y+0.000,flat,0.02,0.09088749999999986,0.0,0.032695999553897424,0.5608874999999999,-0.45,0.0,-1.5892459761983364e-15,0.45,-19.713493901275953,19.713493901275953,0.0,0.0,0.0,0.0,0.0,0.0,0.0,0.0,0.0,0.5687856999999954,court
ABOVE_THRESHOLD_NOMINAL_mu0.6_F60_r0.40_y+0.000,flat,0.02025,0.09077499999999986,0.0,0.032695999553897424,0.5607749999999998,-0.45,0.0,-1.608866296892143e-15,0.45,-19.713493901275953,19.713493901275953,0.0,0.0,0.0,0.0,0.0,0.0,0.0,0.0,0.0,0.5687856999999954,court
ABOVE_THRESHOLD_NOMINAL_mu0.6_F60_r0.40_y+0.000,flat,0.0205,0.09066249999999985,0.0,0.032695999553897424,0.5606624999999998,-0.45,0.0,-1.6284866175859495e-15,0.45,-19.713493901275953,19.713493901275953,0.0,0.0,0.0,0.0,0.0,0.0,0.0,0.0,0.0,0.5687856999999954,court
ABOVE_THRESHOLD_NOMINAL_mu0.6_F60_r0.40_y+0.000,flat,0.02075,0.09054999999999985,0.0,0.032695999553897424,0.5605499999999999,-0.45,0.0,-1.6481069382797561e-15,0.45,-19.713493901275953,19.713493901275953,0.0,0.0,0.0,0.0,0.0,0.0,0.0,0.0,0.0,0.5687856999999954,court
ABOVE_THRESHOLD_NOMINAL_mu0.6_F60_r0.40_y+0.000,flat,0.021,0.09043749999999985,0.0,0.032695999553897424,0.5604374999999998,-0.45,0.0,-1.6677272589735627e-15,0.45,-19.713493901275953,19.713493901275953,0.0,0.0,0.0,0.0,0.0,0.0,0.0,0.0,0.0,0.5687856999999954,court
ABOVE_THRESHOLD_NOMINAL_mu0.6_F60_r0.40_y+0.000,flat,0.02125,0.09032499999999985,0.0,0.032695999553897424,0.5603249999999999,-0.45,0.0,-1.6873475796673692e-15,0.45,-19.713493901275953,19.713493901275953,0.0,0.0,0.0,0.0,0.0,0.0,0.0,0.0,0.0,0.5687856999999954,court
ABOVE_THRESHOLD_NOMINAL_mu0.6_F60_r0.40_y+0.000,flat,0.021500000000000002,0.09021249999999985,0.0,0.032695999553897424,0.5602124999999998,-0.45,0.0,-1.7069679003611758e-15,0.45,-19.713493901275953,19.713493901275953,0.0,0.0,0.0,0.0,0.0,0.0,0.0,0.0,0.0,0.5687856999999954,court
ABOVE_THRESHOLD_NOMINAL_mu0.6_F60_r0.40_y+0.000,flat,0.021750000000000002,0.09009999999999985,0.0,0.032695999553897424,0.5600999999999998,-0.45,0.0,-1.7265882210549824e-15,0.45,-19.713493901275953,19.713493901275953,0.0,0.0,0.0,0.0,0.0,0.0,0.0,0.0,0.0,0.5687856999999954,court
ABOVE_THRESHOLD_NOMINAL_mu0.6_F60_r0.40_y+0.000,flat,0.022,0.08998749999999985,0.0,0.032695999553897424,0.5599874999999999,-0.45,0.0,-1.746208541748789e-15,0.45,-19.713493901275953,19.713493901275953,0.0,0.0,0.0,0.0,0.0,0.0,0.0,0.0,0.0,0.5687856999999954,court
ABOVE_THRESHOLD_NOMINAL_mu0.6_F60_r0.40_y+0.000,flat,0.02225,0.08987499999999984,0.0,0.032695999553897424,0.5598749999999998,-0.45,0.0,-1.7658288624425955e-15,0.45,-19.713493901275953,19.713493901275953,0.0,0.0,0.0,0.0,0.0,0.0,0.0,0.0,0.0,0.5687856999999954,court
ABOVE_THRESHOLD_NOMINAL_mu0.6_F60_r0.40_y+0.000,flat,0.0225,0.08976249999999984,0.0,0.032695999553897424,0.5597624999999998,-0.45,0.0,-1.785449183136402e-15,0.45,-19.713493901275953,19.713493901275953,0.0,0.0,0.0,0.0,0.0,0.0,0.0,0.0,0.0,0.5687856999999954,court
ABOVE_THRESHOLD_NOMINAL_mu0.6_F60_r0.40_y+0.000,flat,0.02275,0.08964999999999984,0.0,0.032695999553897424,0.5596499999999998,-0.45,0.0,-1.805069503830209e-15,0.45,-19.713493901275953,19.713493901275953,0.0,0.0,0.0,0.0,0.0,0.0,0.0,0.0,0.0,0.5687856999999954,court
ABOVE_THRESHOLD_NOMINAL_mu0.6_F60_r0.40_y+0.000,flat,0.023,0.08953749999999984,0.0,0.032695999553897424,0.5595374999999998,-0.45,0.0,-1.8246898245240156e-15,0.45,-19.713493901275953,19.713493901275953,0.0,0.0,0.0,0.0,0.0,0.0,0.0,0.0,0.0,0.5687856999999954,court
ABOVE_THRESHOLD_NOMINAL_mu0.6_F60_r0.40_y+0.000,flat,0.02325,0.08942499999999984,0.0,0.032695999553897424,0.5594249999999998,-0.45,0.0,-1.8443101452178224e-15,0.45,-19.713493901275953,19.713493901275953,0.0,0.0,0.0,0.0,0.0,0.0,0.0,0.0,0.0,0.5687856999999954,court
ABOVE_THRESHOLD_NOMINAL_mu0.6_F60_r0.40_y+0.000,flat,0.0235,0.08931249999999984,0.0,0.032695999553897424,0.5593124999999998,-0.45,0.0,-1.863930465911629e-15,0.45,-19.713493901275953,19.713493901275953,0.0,0.0,0.0,0.0,0.0,0.0,0.0,0.0,0.0,0.5687856999999954,court
ABOVE_THRESHOLD_NOMINAL_mu0.6_F60_r0.40_y+0.000,flat,0.02375,0.08919999999999983,0.0,0.032695999553897424,0.5591999999999998,-0.45,0.0,-1.883550786605436e-15,0.45,-19.713493901275953,19.713493901275953,0.0,0.0,0.0,0.0,0.0,0.0,0.0,0.0,0.0,0.5687856999999954,court
ABOVE_THRESHOLD_NOMINAL_mu0.6_F60_r0.40_y+0.000,flat,0.024,0.08908749999999983,0.0,0.032695999553897424,0.5590874999999998,-0.45,0.0,-1.9031711072992427e-15,0.45,-19.713493901275953,19.713493901275953,0.0,0.0,0.0,0.0,0.0,0.0,0.0,0.0,0.0,0.5687856999999954,court
ABOVE_THRESHOLD_NOMINAL_mu0.6_F60_r0.40_y+0.000,flat,0.02425,0.08897499999999983,0.0,0.032695999553897424,0.5589749999999998,-0.45,0.0,-1.9227914279930495e-15,0.45,-19.713493901275953,19.713493901275953,0.0,0.0,0.0,0.0,0.0,0.0,0.0,0.0,0.0,0.5687856999999954,court
ABOVE_THRESHOLD_NOMINAL_mu0.6_F60_r0.40_y+0.000,flat,0.0245,0.08886249999999983,0.0,0.032695999553897424,0.5588624999999998,-0.45,0.0,-1.9424117486868562e-15,0.45,-19.713493901275953,19.713493901275953,0.0,0.0,0.0,0.0,0.0,0.0,0.0,0.0,0.0,0.5687856999999954,court
ABOVE_THRESHOLD_NOMINAL_mu0.6_F60_r0.40_y+0.000,flat,0.02475,0.08874999999999983,0.0,0.032695999553897424,0.5587499999999999,-0.45,0.0,-1.962032069380663e-15,0.45,-19.713493901275953,19.713493901275953,0.0,0.0,0.0,0.0,0.0,0.0,0.0,0.0,0.0,0.5687856999999954,court
ABOVE_THRESHOLD_NOMINAL_mu0.6_F60_r0.40_y+0.000,flat,0.025,0.08863749999999983,0.0,0.032695999553897424,0.5586374999999998,-0.45,0.0,-1.9816523900744698e-15,0.45,-19.713493901275953,19.713493901275953,0.0,0.0,0.0,0.0,0.0,0.0,0.0,0.0,0.0,0.5687856999999954,court
ABOVE_THRESHOLD_NOMINAL_mu0.6_F60_r0.40_y+0.000,flat,0.02525,0.08852499999999983,0.0,0.032695999553897424,0.5585249999999998,-0.45,0.0,-2.0012727107682765e-15,0.45,-19.713493901275953,19.713493901275953,0.0,0.0,0.0,0.0,0.0,0.0,0.0,0.0,0.0,0.5687856999999954,court
ABOVE_THRESHOLD_NOMINAL_mu0.6_F60_r0.40_y+0.000,flat,0.025500000000000002,0.08841249999999982,0.0,0.032695999553897424,0.5584124999999998,-0.45,0.0,-2.0208930314620833e-15,0.45,-19.713493901275953,19.713493901275953,0.0,0.0,0.0,0.0,0.0,0.0,0.0,0.0,0.0,0.5687856999999954,court
ABOVE_THRESHOLD_NOMINAL_mu0.6_F60_r0.40_y+0.000,flat,0.025750000000000002,0.08829999999999982,0.0,0.032695999553897424,0.5582999999999998,-0.45,0.0,-2.04051335215589e-15,0.45,-19.713493901275953,19.713493901275953,0.0,0.0,0.0,0.0,0.0,0.0,0.0,0.0,0.0,0.5687856999999954,court
ABOVE_THRESHOLD_NOMINAL_mu0.6_F60_r0.40_y+0.000,flat,0.026000000000000002,0.08818749999999982,0.0,0.032695999553897424,0.5581874999999998,-0.45,0.0,-2.060133672849697e-15,0.45,-19.713493901275953,19.713493901275953,0.0,0.0,0.0,0.0,0.0,0.0,0.0,0.0,0.0,0.5687856999999954,court
ABOVE_THRESHOLD_NOMINAL_mu0.6_F60_r0.40_y+0.000,flat,0.02625,0.08807499999999982,0.0,0.032695999553897424,0.5580749999999998,-0.45,0.0,-2.0797539935435036e-15,0.45,-19.713493901275953,19.713493901275953,0.0,0.0,0.0,0.0,0.0,0.0,0.0,0.0,0.0,0.5687856999999954,court
ABOVE_THRESHOLD_NOMINAL_mu0.6_F60_r0.40_y+0.000,flat,0.0265,0.08796249999999982,0.0,0.032695999553897424,0.5579624999999998,-0.45,0.0,-2.0993743142373104e-15,0.45,-19.713493901275953,19.713493901275953,0.0,0.0,0.0,0.0,0.0,0.0,0.0,0.0,0.0,0.5687856999999954,court
ABOVE_THRESHOLD_NOMINAL_mu0.6_F60_r0.40_y+0.000,flat,0.02675,0.08784999999999982,0.0,0.032695999553897424,0.5578499999999997,-0.45,0.0,-2.118994634931117e-15,0.45,-19.713493901275953,19.713493901275953,0.0,0.0,0.0,0.0,0.0,0.0,0.0,0.0,0.0,0.5687856999999954,court
ABOVE_THRESHOLD_NOMINAL_mu0.6_F60_r0.40_y+0.000,flat,0.027,0.08773749999999982,0.0,0.032695999553897424,0.5577374999999998,-0.45,0.0,-2.138614955624924e-15,0.45,-19.713493901275953,19.713493901275953,0.0,0.0,0.0,0.0,0.0,0.0,0.0,0.0,0.0,0.5687856999999954,court
ABOVE_THRESHOLD_NOMINAL_mu0.6_F60_r0.40_y+0.000,flat,0.02725,0.08762499999999981,0.0,0.032695999553897424,0.5576249999999998,-0.45,0.0,-2.1582352763187307e-15,0.45,-19.713493901275953,19.713493901275953,0.0,0.0,0.0,0.0,0.0,0.0,0.0,0.0,0.0,0.5687856999999954,court
ABOVE_THRESHOLD_NOMINAL_mu0.6_F60_r0.40_y+0.000,flat,0.0275,0.08751249999999981,0.0,0.032695999553897424,0.5575124999999997,-0.45,0.0,-2.1778555970125375e-15,0.45,-19.713493901275953,19.713493901275953,0.0,0.0,0.0,0.0,0.0,0.0,0.0,0.0,0.0,0.5687856999999954,court
ABOVE_THRESHOLD_NOMINAL_mu0.6_F60_r0.40_y+0.000,flat,0.02775,0.08739999999999981,0.0,0.032695999553897424,0.5573999999999998,-0.45,0.0,-2.1974759177063442e-15,0.45,-19.713493901275953,19.713493901275953,0.0,0.0,0.0,0.0,0.0,0.0,0.0,0.0,0.0,0.5687856999999954,court
ABOVE_THRESHOLD_NOMINAL_mu0.6_F60_r0.40_y+0.000,flat,0.028,0.08728749999999981,0.0,0.032695999553897424,0.5572874999999998,-0.45,0.0,-2.217096238400151e-15,0.45,-19.713493901275953,19.713493901275953,0.0,0.0,0.0,0.0,0.0,0.0,0.0,0.0,0.0,0.5687856999999954,court
ABOVE_THRESHOLD_NOMINAL_mu0.6_F60_r0.40_y+0.000,flat,0.02825,0.08717499999999981,0.0,0.032695999553897424,0.5571749999999998,-0.45,0.0,-2.2367165590939578e-15,0.45,-19.713493901275953,19.713493901275953,0.0,0.0,0.0,0.0,0.0,0.0,0.0,0.0,0.0,0.5687856999999954,court
ABOVE_THRESHOLD_NOMINAL_mu0.6_F60_r0.40_y+0.000,flat,0.0285,0.0870624999999998,0.0,0.032695999553897424,0.5570624999999998,-0.45,0.0,-2.2558583353805984e-15,0.45,-19.713493901275953,19.713493901275953,0.0,0.0,0.0,0.0,0.0,0.0,0.0,0.0,0.0,0.5687856999999955,court
ABOVE_THRESHOLD_NOMINAL_mu0.6_F60_r0.40_y+0.000,flat,0.02875,0.0869499999999998,0.0,0.032695999553897424,0.5569499999999998,-0.45,0.0,-2.275000111667239e-15,0.45,-19.713493901275953,19.713493901275953,0.0,0.0,0.0,0.0,0.0,0.0,0.0,0.0,0.0,0.5687856999999955,court
ABOVE_THRESHOLD_NOMINAL_mu0.6_F60_r0.40_y+0.000,flat,0.029,0.0868374999999998,0.0,0.032695999553897424,0.5568374999999998,-0.45,0.0,-2.2941418879538797e-15,0.45,-19.713493901275953,19.713493901275953,0.0,0.0,0.0,0.0,0.0,0.0,0.0,0.0,0.0,0.5687856999999955,court
ABOVE_THRESHOLD_NOMINAL_mu0.6_F60_r0.40_y+0.000,flat,0.02925,0.0867249999999998,0.0,0.032695999553897424,0.5567249999999998,-0.45,0.0,-2.3132836642405203e-15,0.45,-19.713493901275953,19.713493901275953,0.0,0.0,0.0,0.0,0.0,0.0,0.0,0.0,0.0,0.5687856999999955,court
ABOVE_THRESHOLD_NOMINAL_mu0.6_F60_r0.40_y+0.000,flat,0.029500000000000002,0.0866124999999998,0.0,0.032695999553897424,0.5566124999999997,-0.45,0.0,-2.332425440527161e-15,0.45,-19.713493901275953,19.713493901275953,0.0,0.0,0.0,0.0,0.0,0.0,0.0,0.0,0.0,0.5687856999999955,court
ABOVE_THRESHOLD_NOMINAL_mu0.6_F60_r0.40_y+0.000,flat,0.029750000000000002,0.0864999999999998,0.0,0.032695999553897424,0.5564999999999998,-0.45,0.0,-2.3515672168138016e-15,0.45,-19.713493901275953,19.713493901275953,0.0,0.0,0.0,0.0,0.0,0.0,0.0,0.0,0.0,0.5687856999999955,court
ABOVE_THRESHOLD_NOMINAL_mu0.6_F60_r0.40_y+0.000,flat,0.03,0.0863874999999998,0.0,0.032695999553897424,0.5563874999999998,-0.45,0.0,-2.3707089931004423e-15,0.45,-19.713493901275953,19.713493901275953,0.0,0.0,0.0,0.0,0.0,0.0,0.0,0.0,0.0,0.5687856999999955,court
ABOVE_THRESHOLD_NOMINAL_mu0.6_F60_r0.40_y+0.000,flat,0.03025,0.0862749999999998,0.0,0.032695999553897424,0.5562749999999997,-0.45,0.0,-2.389850769387083e-15,0.45,-19.713493901275953,19.713493901275953,0.0,0.0,0.0,0.0,0.0,0.0,0.0,0.0,0.0,0.5687856999999955,court
ABOVE_THRESHOLD_NOMINAL_mu0.6_F60_r0.40_y+0.000,flat,0.0305,0.0861624999999998,0.0,0.032695999553897424,0.5561624999999998,-0.45,0.0,-2.4089925456737236e-15,0.45,-19.713493901275953,19.713493901275953,0.0,0.0,0.0,0.0,0.0,0.0,0.0,0.0,0.0,0.5687856999999955,court
ABOVE_THRESHOLD_NOMINAL_mu0.6_F60_r0.40_y+0.000,flat,0.03075,0.0860499999999998,0.0,0.032695999553897424,0.5560499999999997,-0.45,0.0,-2.4281343219603642e-15,0.45,-19.713493901275953,19.713493901275953,0.0,0.0,0.0,0.0,0.0,0.0,0.0,0.0,0.0,0.5687856999999955,court
ABOVE_THRESHOLD_NOMINAL_mu0.6_F60_r0.40_y+0.000,flat,0.031,0.08593749999999979,0.0,0.032695999553897424,0.5559374999999998,-0.45,0.0,-2.447276098247005e-15,0.45,-19.713493901275953,19.713493901275953,0.0,0.0,0.0,0.0,0.0,0.0,0.0,0.0,0.0,0.5687856999999955,court
ABOVE_THRESHOLD_NOMINAL_mu0.6_F60_r0.40_y+0.000,flat,0.03125,0.08582499999999979,0.0,0.032695999553897424,0.5558249999999998,-0.45,0.0,-2.4664178745336455e-15,0.45,-19.713493901275953,19.713493901275953,0.0,0.0,0.0,0.0,0.0,0.0,0.0,0.0,0.0,0.5687856999999955,court
ABOVE_THRESHOLD_NOMINAL_mu0.6_F60_r0.40_y+0.000,flat,0.0315,0.08571249999999979,0.0,0.032695999553897424,0.5557124999999997,-0.45,0.0,-2.485559650820286e-15,0.45,-19.713493901275953,19.713493901275953,0.0,0.0,0.0,0.0,0.0,0.0,0.0,0.0,0.0,0.5687856999999955,court
ABOVE_THRESHOLD_NOMINAL_mu0.6_F60_r0.40_y+0.000,flat,0.03175,0.08559999999999979,0.0,0.032695999553897424,0.5555999999999998,-0.45,0.0,-2.5047014271069268e-15,0.45,-19.713493901275953,19.713493901275953,0.0,0.0,0.0,0.0,0.0,0.0,0.0,0.0,0.0,0.5687856999999955,court
ABOVE_THRESHOLD_NOMINAL_mu0.6_F60_r0.40_y+0.000,flat,0.032,0.08548749999999979,0.0,0.032695999553897424,0.5554874999999998,-0.45,0.0,-2.5238432033935674e-15,0.45,-19.713493901275953,19.713493901275953,0.0,0.0,0.0,0.0,0.0,0.0,0.0,0.0,0.0,0.5687856999999955,court
ABOVE_THRESHOLD_NOMINAL_mu0.6_F60_r0.40_y+0.000,flat,0.03225,0.08537499999999978,0.0,0.032695999553897424,0.5553749999999997,-0.45,0.0,-2.542984979680208e-15,0.45,-19.713493901275953,19.713493901275953,0.0,0.0,0.0,0.0,0.0,0.0,0.0,0.0,0.0,0.5687856999999955,court
ABOVE_THRESHOLD_NOMINAL_mu0.6_F60_r0.40_y+0.000,flat,0.0325,0.08526249999999978,0.0,0.032695999553897424,0.5552624999999998,-0.45,0.0,-2.5621267559668487e-15,0.45,-19.713493901275953,19.713493901275953,0.0,0.0,0.0,0.0,0.0,0.0,0.0,0.0,0.0,0.5687856999999955,court
ABOVE_THRESHOLD_NOMINAL_mu0.6_F60_r0.40_y+0.000,flat,0.03275,0.08514999999999978,0.0,0.032695999553897424,0.5551499999999998,-0.45,0.0,-2.5812685322534894e-15,0.45,-19.713493901275953,19.713493901275953,0.0,0.0,0.0,0.0,0.0,0.0,0.0,0.0,0.0,0.5687856999999955,court
ABOVE_THRESHOLD_NOMINAL_mu0.6_F60_r0.40_y+0.000,flat,0.033,0.08503749999999978,0.0,0.032695999553897424,0.5550374999999997,-0.45,0.0,-2.60041030854013e-15,0.45,-19.713493901275953,19.713493901275953,0.0,0.0,0.0,0.0,0.0,0.0,0.0,0.0,0.0,0.5687856999999955,court
ABOVE_THRESHOLD_NOMINAL_mu0.6_F60_r0.40_y+0.000,flat,0.03325,0.08492499999999978,0.0,0.032695999553897424,0.5549249999999998,-0.45,0.0,-2.6195520848267706e-15,0.45,-19.713493901275953,19.713493901275953,0.0,0.0,0.0,0.0,0.0,0.0,0.0,0.0,0.0,0.5687856999999955,court
ABOVE_THRESHOLD_NOMINAL_mu0.6_F60_r0.40_y+0.000,flat,0.0335,0.08481249999999978,0.0,0.032695999553897424,0.5548124999999997,-0.45,0.0,-2.6386938611134113e-15,0.45,-19.713493901275953,19.713493901275953,0.0,0.0,0.0,0.0,0.0,0.0,0.0,0.0,0.0,0.5687856999999955,court
ABOVE_THRESHOLD_NOMINAL_mu0.6_F60_r0.40_y+0.000,flat,0.03375,0.08469999999999978,0.0,0.032695999553897424,0.5546999999999997,-0.45,0.0,-2.657835637400052e-15,0.45,-19.713493901275953,19.713493901275953,0.0,0.0,0.0,0.0,0.0,0.0,0.0,0.0,0.0,0.5687856999999955,court
ABOVE_THRESHOLD_NOMINAL_mu0.6_F60_r0.40_y+0.000,flat,0.034,0.08458749999999977,0.0,0.032695999553897424,0.5545874999999998,-0.45,0.0,-2.6769774136866926e-15,0.45,-19.713493901275953,19.713493901275953,0.0,0.0,0.0,0.0,0.0,0.0,0.0,0.0,0.0,0.5687856999999955,court
ABOVE_THRESHOLD_NOMINAL_mu0.6_F60_r0.40_y+0.000,flat,0.03425,0.08447499999999977,0.0,0.032695999553897424,0.5544749999999997,-0.45,0.0,-2.6961191899733332e-15,0.45,-19.713493901275953,19.713493901275953,0.0,0.0,0.0,0.0,0.0,0.0,0.0,0.0,0.0,0.5687856999999955,court
ABOVE_THRESHOLD_NOMINAL_mu0.6_F60_r0.40_y+0.000,flat,0.0345,0.08436249999999977,0.0,0.032695999553897424,0.5543624999999998,-0.45,0.0,-2.715260966259974e-15,0.45,-19.713493901275953,19.713493901275953,0.0,0.0,0.0,0.0,0.0,0.0,0.0,0.0,0.0,0.5687856999999955,court
ABOVE_THRESHOLD_NOMINAL_mu0.6_F60_r0.40_y+0.000,flat,0.03475,0.08424999999999977,0.0,0.032695999553897424,0.5542499999999997,-0.45,0.0,-2.7344027425466145e-15,0.45,-19.713493901275953,19.713493901275953,0.0,0.0,0.0,0.0,0.0,0.0,0.0,0.0,0.0,0.5687856999999955,court
ABOVE_THRESHOLD_NOMINAL_mu0.6_F60_r0.40_y+0.000,flat,0.035,0.08413749999999977,0.0,0.032695999553897424,0.5541374999999997,-0.45,0.0,-2.753544518833255e-15,0.45,-19.713493901275953,19.713493901275953,0.0,0.0,0.0,0.0,0.0,0.0,0.0,0.0,0.0,0.5687856999999955,court
ABOVE_THRESHOLD_NOMINAL_mu0.6_F60_r0.40_y+0.000,flat,0.035250000000000004,0.08402499999999977,0.0,0.032695999553897424,0.5540249999999998,-0.45,0.0,-2.7726862951198958e-15,0.45,-19.713493901275953,19.713493901275953,0.0,0.0,0.0,0.0,0.0,0.0,0.0,0.0,0.0,0.5687856999999955,court
ABOVE_THRESHOLD_NOMINAL_mu0.6_F60_r0.40_y+0.000,flat,0.035500000000000004,0.08391249999999977,0.0,0.032695999553897424,0.5539124999999997,-0.45,0.0,-2.7918280714065364e-15,0.45,-19.713493901275953,19.713493901275953,0.0,0.0,0.0,0.0,0.0,0.0,0.0,0.0,0.0,0.5687856999999955,court
ABOVE_THRESHOLD_NOMINAL_mu0.6_F60_r0.40_y+0.000,flat,0.035750000000000004,0.08379999999999976,0.0,0.032695999553897424,0.5537999999999997,-0.45,0.0,-2.810969847693177e-15,0.45,-19.713493901275953,19.713493901275953,0.0,0.0,0.0,0.0,0.0,0.0,0.0,0.0,0.0,0.5687856999999955,court
ABOVE_THRESHOLD_NOMINAL_mu0.6_F60_r0.40_y+0.000,flat,0.036000000000000004,0.08368749999999976,0.0,0.032695999553897424,0.5536874999999998,-0.45,0.0,-2.8301116239798177e-15,0.45,-19.713493901275953,19.713493901275953,0.0,0.0,0.0,0.0,0.0,0.0,0.0,0.0,0.0,0.5687856999999955,court
ABOVE_THRESHOLD_NOMINAL_mu0.6_F60_r0.40_y+0.000,flat,0.03625,0.08357499999999976,0.0,0.032695999553897424,0.5535749999999997,-0.45,0.0,-2.8492534002664584e-15,0.45,-19.713493901275953,19.713493901275953,0.0,0.0,0.0,0.0,0.0,0.0,0.0,0.0,0.0,0.5687856999999955,court
ABOVE_THRESHOLD_NOMINAL_mu0.6_F60_r0.40_y+0.000,flat,0.0365,0.08346249999999976,0.0,0.032695999553897424,0.5534624999999997,-0.45,0.0,-2.868395176553099e-15,0.45,-19.713493901275953,19.713493901275953,0.0,0.0,0.0,0.0,0.0,0.0,0.0,0.0,0.0,0.5687856999999955,court
ABOVE_THRESHOLD_NOMINAL_mu0.6_F60_r0.40_y+0.000,flat,0.03675,0.08334999999999976,0.0,0.032695999553897424,0.5533499999999998,-0.45,0.0,-2.8875369528397396e-15,0.45,-19.713493901275953,19.713493901275953,0.0,0.0,0.0,0.0,0.0,0.0,0.0,0.0,0.0,0.5687856999999955,court
ABOVE_THRESHOLD_NOMINAL_mu0.6_F60_r0.40_y+0.000,flat,0.037,0.08323749999999976,0.0,0.032695999553897424,0.5532374999999997,-0.45,0.0,-2.9066787291263803e-15,0.45,-19.713493901275953,19.713493901275953,0.0,0.0,0.0,0.0,0.0,0.0,0.0,0.0,0.0,0.5687856999999955,court
ABOVE_THRESHOLD_NOMINAL_mu0.6_F60_r0.40_y+0.000,flat,0.03725,0.08312499999999975,0.0,0.032695999553897424,0.5531249999999998,-0.45,0.0,-2.925820505413021e-15,0.45,-19.713493901275953,19.713493901275953,0.0,0.0,0.0,0.0,0.0,0.0,0.0,0.0,0.0,0.5687856999999955,court
ABOVE_THRESHOLD_NOMINAL_mu0.6_F60_r0.40_y+0.000,flat,0.0375,0.08301249999999975,0.0,0.032695999553897424,0.5530124999999997,-0.45,0.0,-2.9449622816996616e-15,0.45,-19.713493901275953,19.713493901275953,0.0,0.0,0.0,0.0,0.0,0.0,0.0,0.0,0.0,0.5687856999999955,court
ABOVE_THRESHOLD_NOMINAL_mu0.6_F60_r0.40_y+0.000,flat,0.03775,0.08289999999999975,0.0,0.032695999553897424,0.5528999999999997,-0.45,0.0,-2.9641040579863022e-15,0.45,-19.713493901275953,19.713493901275953,0.0,0.0,0.0,0.0,0.0,0.0,0.0,0.0,0.0,0.5687856999999955,court
ABOVE_THRESHOLD_NOMINAL_mu0.6_F60_r0.40_y+0.000,flat,0.038,0.08278749999999975,0.0,0.032695999553897424,0.5527874999999998,-0.45,0.0,-2.983245834272943e-15,0.45,-19.713493901275953,19.713493901275953,0.0,0.0,0.0,0.0,0.0,0.0,0.0,0.0,0.0,0.5687856999999955,court
ABOVE_THRESHOLD_NOMINAL_mu0.6_F60_r0.40_y+0.000,flat,0.03825,0.08267499999999975,0.0,0.032695999553897424,0.5526749999999997,-0.45,0.0,-3.0023876105595835e-15,0.45,-19.713493901275953,19.713493901275953,0.0,0.0,0.0,0.0,0.0,0.0,0.0,0.0,0.0,0.5687856999999955,court
ABOVE_THRESHOLD_NOMINAL_mu0.6_F60_r0.40_y+0.000,flat,0.0385,0.08256249999999975,0.0,0.032695999553897424,0.5525624999999997,-0.45,0.0,-3.021529386846224e-15,0.45,-19.713493901275953,19.713493901275953,0.0,0.0,0.0,0.0,0.0,0.0,0.0,0.0,0.0,0.5687856999999955,court
ABOVE_THRESHOLD_NOMINAL_mu0.6_F60_r0.40_y+0.000,flat,0.03875,0.08244999999999975,0.0,0.032695999553897424,0.5524499999999997,-0.45,0.0,-3.0406711631328648e-15,0.45,-19.713493901275953,19.713493901275953,0.0,0.0,0.0,0.0,0.0,0.0,0.0,0.0,0.0,0.5687856999999955,court
ABOVE_THRESHOLD_NOMINAL_mu0.6_F60_r0.40_y+0.000,flat,0.039,0.08233749999999974,0.0,0.032695999553897424,0.5523374999999997,-0.45,0.0,-3.0598129394195054e-15,0.45,-19.713493901275953,19.713493901275953,0.0,0.0,0.0,0.0,0.0,0.0,0.0,0.0,0.0,0.5687856999999955,court
ABOVE_THRESHOLD_NOMINAL_mu0.6_F60_r0.40_y+0.000,flat,0.03925,0.08222499999999974,0.0,0.032695999553897424,0.5522249999999997,-0.45,0.0,-3.078954715706146e-15,0.45,-19.713493901275953,19.713493901275953,0.0,0.0,0.0,0.0,0.0,0.0,0.0,0.0,0.0,0.5687856999999955,court
ABOVE_THRESHOLD_NOMINAL_mu0.6_F60_r0.40_y+0.000,flat,0.0395,0.08211249999999974,0.0,0.032695999553897424,0.5521124999999997,-0.45,0.0,-3.0980964919927867e-15,0.45,-19.713493901275953,19.713493901275953,0.0,0.0,0.0,0.0,0.0,0.0,0.0,0.0,0.0,0.5687856999999955,court
ABOVE_THRESHOLD_NOMINAL_mu0.6_F60_r0.40_y+0.000,flat,0.03975,0.08199999999999974,0.0,0.032695999553897424,0.5519999999999997,-0.45,0.0,-3.1172382682794274e-15,0.45,-19.713493901275953,19.713493901275953,0.0,0.0,0.0,0.0,0.0,0.0,0.0,0.0,0.0,0.5687856999999955,court
ABOVE_THRESHOLD_NOMINAL_mu0.6_F60_r0.40_y+0.000,flat,0.04,0.08188749999999974,0.0,0.032695999553897424,0.5518874999999998,-0.45,0.0,-3.136380044566068e-15,0.45,-19.713493901275953,19.713493901275953,0.0,0.0,0.0,0.0,0.0,0.0,0.0,0.0,0.0,0.5687856999999955,court
ABOVE_THRESHOLD_NOMINAL_mu0.6_F60_r0.40_y+0.000,flat,0.04025,0.08177499999999974,0.0,0.032695999553897424,0.5517749999999997,-0.45,0.0,-3.1555218208527087e-15,0.45,-19.713493901275953,19.713493901275953,0.0,0.0,0.0,0.0,0.0,0.0,0.0,0.0,0.0,0.5687856999999955,court
ABOVE_THRESHOLD_NOMINAL_mu0.6_F60_r0.40_y+0.000,flat,0.0405,0.08166249999999974,0.0,0.032695999553897424,0.5516624999999997,-0.45,0.0,-3.1746635971393493e-15,0.45,-19.713493901275953,19.713493901275953,0.0,0.0,0.0,0.0,0.0,0.0,0.0,0.0,0.0,0.5687856999999955,court
ABOVE_THRESHOLD_NOMINAL_mu0.6_F60_r0.40_y+0.000,flat,0.04075,0.08154999999999973,0.0,0.032695999553897424,0.5515499999999998,-0.45,0.0,-3.19380537342599e-15,0.45,-19.713493901275953,19.713493901275953,0.0,0.0,0.0,0.0,0.0,0.0,0.0,0.0,0.0,0.5687856999999955,court
ABOVE_THRESHOLD_NOMINAL_mu0.6_F60_r0.40_y+0.000,flat,0.041,0.08143749999999973,0.0,0.032695999553897424,0.5514374999999997,-0.45,0.0,-3.2129471497126306e-15,0.45,-19.713493901275953,19.713493901275953,0.0,0.0,0.0,0.0,0.0,0.0,0.0,0.0,0.0,0.5687856999999955,court
ABOVE_THRESHOLD_NOMINAL_mu0.6_F60_r0.40_y+0.000,flat,0.04125,0.08132499999999973,0.0,0.032695999553897424,0.5513249999999997,-0.45,0.0,-3.2320889259992712e-15,0.45,-19.713493901275953,19.713493901275953,0.0,0.0,0.0,0.0,0.0,0.0,0.0,0.0,0.0,0.5687856999999955,court
ABOVE_THRESHOLD_NOMINAL_mu0.6_F60_r0.40_y+0.000,flat,0.0415,0.08121249999999973,0.0,0.032695999553897424,0.5512124999999997,-0.45,0.0,-3.251230702285912e-15,0.45,-19.713493901275953,19.713493901275953,0.0,0.0,0.0,0.0,0.0,0.0,0.0,0.0,0.0,0.5687856999999955,court
ABOVE_THRESHOLD_NOMINAL_mu0.6_F60_r0.40_y+0.000,flat,0.04175,0.08109999999999973,0.0,0.032695999553897424,0.5510999999999997,-0.45,0.0,-3.2703724785725525e-15,0.45,-19.713493901275953,19.713493901275953,0.0,0.0,0.0,0.0,0.0,0.0,0.0,0.0,0.0,0.5687856999999955,court
ABOVE_THRESHOLD_NOMINAL_mu0.6_F60_r0.40_y+0.000,flat,0.042,0.08098749999999973,0.0,0.032695999553897424,0.5509874999999997,-0.45,0.0,-3.289514254859193e-15,0.45,-19.713493901275953,19.713493901275953,0.0,0.0,0.0,0.0,0.0,0.0,0.0,0.0,0.0,0.5687856999999955,court
ABOVE_THRESHOLD_NOMINAL_mu0.6_F60_r0.40_y+0.000,flat,0.04225,0.08087499999999972,0.0,0.032695999553897424,0.5508749999999997,-0.45,0.0,-3.308656031145834e-15,0.45,-19.713493901275953,19.713493901275953,0.0,0.0,0.0,0.0,0.0,0.0,0.0,0.0,0.0,0.5687856999999955,court
ABOVE_THRESHOLD_NOMINAL_mu0.6_F60_r0.40_y+0.000,flat,0.0425,0.08076249999999972,0.0,0.032695999553897424,0.5507624999999997,-0.45,0.0,-3.3277978074324745e-15,0.45,-19.713493901275953,19.713493901275953,0.0,0.0,0.0,0.0,0.0,0.0,0.0,0.0,0.0,0.5687856999999955,court
ABOVE_THRESHOLD_NOMINAL_mu0.6_F60_r0.40_y+0.000,flat,0.04275,0.08064999999999972,0.0,0.032695999553897424,0.5506499999999996,-0.45,0.0,-3.346939583719115e-15,0.45,-19.713493901275953,19.713493901275953,0.0,0.0,0.0,0.0,0.0,0.0,0.0,0.0,0.0,0.5687856999999955,court
ABOVE_THRESHOLD_NOMINAL_mu0.6_F60_r0.40_y+0.000,flat,0.043000000000000003,0.08053749999999972,0.0,0.032695999553897424,0.5505374999999997,-0.45,0.0,-3.3660813600057557e-15,0.45,-19.713493901275953,19.713493901275953,0.0,0.0,0.0,0.0,0.0,0.0,0.0,0.0,0.0,0.5687856999999955,court
ABOVE_THRESHOLD_NOMINAL_mu0.6_F60_r0.40_y+0.000,flat,0.043250000000000004,0.08042499999999972,0.0,0.032695999553897424,0.5504249999999997,-0.45,0.0,-3.3852231362923964e-15,0.45,-19.713493901275953,19.713493901275953,0.0,0.0,0.0,0.0,0.0,0.0,0.0,0.0,0.0,0.5687856999999955,court
ABOVE_THRESHOLD_NOMINAL_mu0.6_F60_r0.40_y+0.000,flat,0.043500000000000004,0.08031249999999972,0.0,0.032695999553897424,0.5503124999999996,-0.45,0.0,-3.404364912579037e-15,0.45,-19.713493901275953,19.713493901275953,0.0,0.0,0.0,0.0,0.0,0.0,0.0,0.0,0.0,0.5687856999999955,court
ABOVE_THRESHOLD_NOMINAL_mu0.6_F60_r0.40_y+0.000,flat,0.043750000000000004,0.08019999999999972,0.0,0.032695999553897424,0.5501999999999997,-0.45,0.0,-3.4235066888656777e-15,0.45,-19.713493901275953,19.713493901275953,0.0,0.0,0.0,0.0,0.0,0.0,0.0,0.0,0.0,0.5687856999999955,court
ABOVE_THRESHOLD_NOMINAL_mu0.6_F60_r0.40_y+0.000,flat,0.044,0.08008749999999971,0.0,0.032695999553897424,0.5500874999999997,-0.45,0.0,-3.4426484651523183e-15,0.45,-19.713493901275953,19.713493901275953,0.0,0.0,0.0,0.0,0.0,0.0,0.0,0.0,0.0,0.5687856999999955,court
ABOVE_THRESHOLD_NOMINAL_mu0.6_F60_r0.40_y+0.000,flat,0.04425,0.07997499999999971,0.0,0.032695999553897424,0.5499749999999997,-0.45,0.0,-3.461790241438959e-15,0.45,-19.713493901275953,19.713493901275953,0.0,0.0,0.0,0.0,0.0,0.0,0.0,0.0,0.0,0.5687856999999955,court
ABOVE_THRESHOLD_NOMINAL_mu0.6_F60_r0.40_y+0.000,flat,0.0445,0.07986249999999971,0.0,0.032695999553897424,0.5498624999999997,-0.45,0.0,-3.4809320177255996e-15,0.45,-19.713493901275953,19.713493901275953,0.0,0.0,0.0,0.0,0.0,0.0,0.0,0.0,0.0,0.5687856999999955,court
ABOVE_THRESHOLD_NOMINAL_mu0.6_F60_r0.40_y+0.000,flat,0.04475,0.07974999999999971,0.0,0.032695999553897424,0.5497499999999997,-0.45,0.0,-3.5000737940122402e-15,0.45,-19.713493901275953,19.713493901275953,0.0,0.0,0.0,0.0,0.0,0.0,0.0,0.0,0.0,0.5687856999999955,court
ABOVE_THRESHOLD_NOMINAL_mu0.6_F60_r0.40_y+0.000,flat,0.045,0.07963749999999971,0.0,0.032695999553897424,0.5496374999999997,-0.45,0.0,-3.519215570298881e-15,0.45,-19.713493901275953,19.713493901275953,0.0,0.0,0.0,0.0,0.0,0.0,0.0,0.0,0.0,0.5687856999999955,court
ABOVE_THRESHOLD_NOMINAL_mu0.6_F60_r0.40_y+0.000,flat,0.04525,0.07952499999999971,0.0,0.032695999553897424,0.5495249999999997,-0.45,0.0,-3.5383573465855215e-15,0.45,-19.713493901275953,19.713493901275953,0.0,0.0,0.0,0.0,0.0,0.0,0.0,0.0,0.0,0.5687856999999955,court
ABOVE_THRESHOLD_NOMINAL_mu0.6_F60_r0.40_y+0.000,flat,0.0455,0.0794124999999997,0.0,0.032695999553897424,0.5494124999999996,-0.45,0.0,-3.557499122872162e-15,0.45,-19.713493901275953,19.713493901275953,0.0,0.0,0.0,0.0,0.0,0.0,0.0,0.0,0.0,0.5687856999999955,court
ABOVE_THRESHOLD_NOMINAL_mu0.6_F60_r0.40_y+0.000,flat,0.04575,0.0792999999999997,0.0,0.032695999553897424,0.5492999999999997,-0.45,0.0,-3.5766408991588024e-15,0.45,-19.713493901275953,19.713493901275953,0.0,0.0,0.0,0.0,0.0,0.0,0.0,0.0,0.0,0.5687856999999955,court
ABOVE_THRESHOLD_NOMINAL_mu0.6_F60_r0.40_y+0.000,flat,0.046,0.0791874999999997,0.0,0.032695999553897424,0.5491874999999997,-0.45,0.0,-3.595782675445443e-15,0.45,-19.713493901275953,19.713493901275953,0.0,0.0,0.0,0.0,0.0,0.0,0.0,0.0,0.0,0.5687856999999955,court
ABOVE_THRESHOLD_NOMINAL_mu0.6_F60_r0.40_y+0.000,flat,0.04625,0.0790749999999997,0.0,0.032695999553897424,0.5490749999999996,-0.45,0.0,-3.614924451732083e-15,0.45,-19.713493901275953,19.713493901275953,0.0,0.0,0.0,0.0,0.0,0.0,0.0,0.0,0.0,0.5687856999999955,court
ABOVE_THRESHOLD_NOMINAL_mu0.6_F60_r0.40_y+0.000,flat,0.0465,0.0789624999999997,0.0,0.032695999553897424,0.5489624999999997,-0.45,0.0,-3.634066228018723e-15,0.45,-19.713493901275953,19.713493901275953,0.0,0.0,0.0,0.0,0.0,0.0,0.0,0.0,0.0,0.5687856999999955,court
ABOVE_THRESHOLD_NOMINAL_mu0.6_F60_r0.40_y+0.000,flat,0.04675,0.0788499999999997,0.0,0.032695999553897424,0.5488499999999996,-0.45,0.0,-3.6532080043053634e-15,0.45,-19.713493901275953,19.713493901275953,0.0,0.0,0.0,0.0,0.0,0.0,0.0,0.0,0.0,0.5687856999999955,court
ABOVE_THRESHOLD_NOMINAL_mu0.6_F60_r0.40_y+0.000,flat,0.047,0.0787374999999997,0.0,0.032695999553897424,0.5487374999999997,-0.45,0.0,-3.672349780592004e-15,0.45,-19.713493901275953,19.713493901275953,0.0,0.0,0.0,0.0,0.0,0.0,0.0,0.0,0.0,0.5687856999999955,court
ABOVE_THRESHOLD_NOMINAL_mu0.6_F60_r0.40_y+0.000,flat,0.04725,0.0786249999999997,0.0,0.032695999553897424,0.5486249999999997,-0.45,0.0,-3.691491556878644e-15,0.45,-19.713493901275953,19.713493901275953,0.0,0.0,0.0,0.0,0.0,0.0,0.0,0.0,0.0,0.5687856999999955,court
ABOVE_THRESHOLD_NOMINAL_mu0.6_F60_r0.40_y+0.000,flat,0.0475,0.0785124999999997,0.0,0.032695999553897424,0.5485124999999996,-0.45,0.0,-3.710633333165284e-15,0.45,-19.713493901275953,19.713493901275953,0.0,0.0,0.0,0.0,0.0,0.0,0.0,0.0,0.0,0.5687856999999955,court
ABOVE_THRESHOLD_NOMINAL_mu0.6_F60_r0.40_y+0.000,flat,0.04775,0.07839999999999969,0.0,0.032695999553897424,0.5483999999999997,-0.45,0.0,-3.7297751094519244e-15,0.45,-19.713493901275953,19.713493901275953,0.0,0.0,0.0,0.0,0.0,0.0,0.0,0.0,0.0,0.5687856999999955,court
ABOVE_THRESHOLD_NOMINAL_mu0.6_F60_r0.40_y+0.000,flat,0.048,0.07828749999999969,0.0,0.032695999553897424,0.5482874999999997,-0.45,0.0,-3.748916885738565e-15,0.45,-19.713493901275953,19.713493901275953,0.0,0.0,0.0,0.0,0.0,0.0,0.0,0.0,0.0,0.5687856999999955,court
ABOVE_THRESHOLD_NOMINAL_mu0.6_F60_r0.40_y+0.000,flat,0.04825,0.07817499999999969,0.0,0.032695999553897424,0.5481749999999996,-0.45,0.0,-3.768058662025205e-15,0.45,-19.713493901275953,19.713493901275953,0.0,0.0,0.0,0.0,0.0,0.0,0.0,0.0,0.0,0.5687856999999955,court
ABOVE_THRESHOLD_NOMINAL_mu0.6_F60_r0.40_y+0.000,flat,0.0485,0.07806249999999969,0.0,0.032695999553897424,0.5480624999999997,-0.45,0.0,-3.787200438311845e-15,0.45,-19.713493901275953,19.713493901275953,0.0,0.0,0.0,0.0,0.0,0.0,0.0,0.0,0.0,0.5687856999999955,court
ABOVE_THRESHOLD_NOMINAL_mu0.6_F60_r0.40_y+0.000,flat,0.04875,0.07794999999999969,0.0,0.032695999553897424,0.5479499999999997,-0.45,0.0,-3.8063422145984854e-15,0.45,-19.713493901275953,19.713493901275953,0.0,0.0,0.0,0.0,0.0,0.0,0.0,0.0,0.0,0.5687856999999955,court
ABOVE_THRESHOLD_NOMINAL_mu0.6_F60_r0.40_y+0.000,flat,0.049,0.07783749999999968,0.0,0.032695999553897424,0.5478374999999996,-0.45,0.0,-3.825483990885126e-15,0.45,-19.713493901275953,19.713493901275953,0.0,0.0,0.0,0.0,0.0,0.0,0.0,0.0,0.0,0.5687856999999955,court
ABOVE_THRESHOLD_NOMINAL_mu0.6_F60_r0.40_y+0.000,flat,0.04925,0.07772499999999968,0.0,0.032695999553897424,0.5477249999999997,-0.45,0.0,-3.844625767171766e-15,0.45,-19.713493901275953,19.713493901275953,0.0,0.0,0.0,0.0,0.0,0.0,0.0,0.0,0.0,0.5687856999999955,court
ABOVE_THRESHOLD_NOMINAL_mu0.6_F60_r0.40_y+0.000,flat,0.0495,0.07761249999999968,0.0,0.032695999553897424,0.5476124999999996,-0.45,0.0,-3.863767543458406e-15,0.45,-19.713493901275953,19.713493901275953,0.0,0.0,0.0,0.0,0.0,0.0,0.0,0.0,0.0,0.5687856999999955,court
ABOVE_THRESHOLD_NOMINAL_mu0.6_F60_r0.40_y+0.000,flat,0.04975,0.07749999999999968,0.0,0.032695999553897424,0.5474999999999997,-0.45,0.0,-3.8829093197450464e-15,0.45,-19.713493901275953,19.713493901275953,0.0,0.0,0.0,0.0,0.0,0.0,0.0,0.0,0.0,0.5687856999999955,court
ABOVE_THRESHOLD_NOMINAL_mu0.6_F60_r0.40_y+0.000,flat,0.05,0.07738749999999968,0.0,0.032695999553897424,0.5473874999999997,-0.45,0.0,-3.902051096031687e-15,0.45,-19.713493901275953,19.713493901275953,0.0,0.0,0.0,0.0,0.0,0.0,0.0,0.0,0.0,0.5687856999999955,court
ABOVE_THRESHOLD_NOMINAL_mu0.6_F60_r0.40_y+0.000,flat,0.05025,0.07727499999999968,0.0,0.032695999553897424,0.5472749999999996,-0.45,0.0,-3.921192872318327e-15,0.45,-19.713493901275953,19.713493901275953,0.0,0.0,0.0,0.0,0.0,0.0,0.0,0.0,0.0,0.5687856999999955,court
ABOVE_THRESHOLD_NOMINAL_mu0.6_F60_r0.40_y+0.000,flat,0.0505,0.07716249999999968,0.0,0.032695999553897424,0.5471624999999997,-0.45,0.0,-3.940334648604967e-15,0.45,-19.713493901275953,19.713493901275953,0.0,0.0,0.0,0.0,0.0,0.0,0.0,0.0,0.0,0.5687856999999955,court
ABOVE_THRESHOLD_NOMINAL_mu0.6_F60_r0.40_y+0.000,flat,0.05075,0.07704999999999967,0.0,0.032695999553897424,0.5470499999999996,-0.45,0.0,-3.9594764248916074e-15,0.45,-19.713493901275953,19.713493901275953,0.0,0.0,0.0,0.0,0.0,0.0,0.0,0.0,0.0,0.5687856999999955,court
ABOVE_THRESHOLD_NOMINAL_mu0.6_F60_r0.40_y+0.000,flat,0.051000000000000004,0.07693749999999967,0.0,0.032695999553897424,0.5469374999999996,-0.45,0.0,-3.978618201178248e-15,0.45,-19.713493901275953,19.713493901275953,0.0,0.0,0.0,0.0,0.0,0.0,0.0,0.0,0.0,0.5687856999999955,court
ABOVE_THRESHOLD_NOMINAL_mu0.6_F60_r0.40_y+0.000,flat,0.051250000000000004,0.07682499999999967,0.0,0.032695999553897424,0.5468249999999997,-0.45,0.0,-3.997759977464888e-15,0.45,-19.713493901275953,19.713493901275953,0.0,0.0,0.0,0.0,0.0,0.0,0.0,0.0,0.0,0.5687856999999955,court
ABOVE_THRESHOLD_NOMINAL_mu0.6_F60_r0.40_y+0.000,flat,0.051500000000000004,0.07671249999999967,0.0,0.032695999553897424,0.5467124999999996,-0.45,0.0,-4.016901753751528e-15,0.45,-19.713493901275953,19.713493901275953,0.0,0.0,0.0,0.0,0.0,0.0,0.0,0.0,0.0,0.5687856999999955,court
ABOVE_THRESHOLD_NOMINAL_mu0.6_F60_r0.40_y+0.000,flat,0.051750000000000004,0.07659999999999967,0.0,0.032695999553897424,0.5465999999999996,-0.45,0.0,-4.0360435300381684e-15,0.45,-19.713493901275953,19.713493901275953,0.0,0.0,0.0,0.0,0.0,0.0,0.0,0.0,0.0,0.5687856999999955,court
ABOVE_THRESHOLD_NOMINAL_mu0.6_F60_r0.40_y+0.000,flat,0.052000000000000005,0.07648749999999967,0.0,0.032695999553897424,0.5464874999999997,-0.45,0.0,-4.055185306324809e-15,0.45,-19.713493901275953,19.713493901275953,0.0,0.0,0.0,0.0,0.0,0.0,0.0,0.0,0.0,0.5687856999999955,court
ABOVE_THRESHOLD_NOMINAL_mu0.6_F60_r0.40_y+0.000,flat,0.05225,0.07637499999999967,0.0,0.032695999553897424,0.5463749999999996,-0.45,0.0,-4.074327082611449e-15,0.45,-19.713493901275953,19.713493901275953,0.0,0.0,0.0,0.0,0.0,0.0,0.0,0.0,0.0,0.5687856999999955,court
ABOVE_THRESHOLD_NOMINAL_mu0.6_F60_r0.40_y+0.000,flat,0.0525,0.07626249999999966,0.0,0.032695999553897424,0.5462624999999997,-0.45,0.0,-4.093468858898089e-15,0.45,-19.713493901275953,19.713493901275953,0.0,0.0,0.0,0.0,0.0,0.0,0.0,0.0,0.0,0.5687856999999955,court
ABOVE_THRESHOLD_NOMINAL_mu0.6_F60_r0.40_y+0.000,flat,0.05275,0.07614999999999966,0.0,0.032695999553897424,0.5461499999999997,-0.45,0.0,-4.1126106351847294e-15,0.45,-19.713493901275953,19.713493901275953,0.0,0.0,0.0,0.0,0.0,0.0,0.0,0.0,0.0,0.5687856999999955,court
ABOVE_THRESHOLD_NOMINAL_mu0.6_F60_r0.40_y+0.000,flat,0.053,0.07603749999999966,0.0,0.032695999553897424,0.5460374999999996,-0.45,0.0,-4.13175241147137e-15,0.45,-19.713493901275953,19.713493901275953,0.0,0.0,0.0,0.0,0.0,0.0,0.0,0.0,0.0,0.5687856999999955,court
ABOVE_THRESHOLD_NOMINAL_mu0.6_F60_r0.40_y+0.000,flat,0.05325,0.07592499999999966,0.0,0.032695999553897424,0.5459249999999997,-0.45,0.0,-4.15089418775801e-15,0.45,-19.713493901275953,19.713493901275953,0.0,0.0,0.0,0.0,0.0,0.0,0.0,0.0,0.0,0.5687856999999955,court
ABOVE_THRESHOLD_NOMINAL_mu0.6_F60_r0.40_y+0.000,flat,0.0535,0.07581249999999966,0.0,0.032695999553897424,0.5458124999999996,-0.45,0.0,-4.17003596404465e-15,0.45,-19.713493901275953,19.713493901275953,0.0,0.0,0.0,0.0,0.0,0.0,0.0,0.0,0.0,0.5687856999999955,court
ABOVE_THRESHOLD_NOMINAL_mu0.6_F60_r0.40_y+0.000,flat,0.05375,0.07569999999999966,0.0,0.032695999553897424,0.5456999999999996,-0.45,0.0,-4.1891777403312904e-15,0.45,-19.713493901275953,19.713493901275953,0.0,0.0,0.0,0.0,0.0,0.0,0.0,0.0,0.0,0.5687856999999955,court
ABOVE_THRESHOLD_NOMINAL_mu0.6_F60_r0.40_y+0.000,flat,0.054,0.07558749999999965,0.0,0.032695999553897424,0.5455874999999997,-0.45,0.0,-4.208319516617931e-15,0.45,-19.713493901275953,19.713493901275953,0.0,0.0,0.0,0.0,0.0,0.0,0.0,0.0,0.0,0.5687856999999955,court
ABOVE_THRESHOLD_NOMINAL_mu0.6_F60_r0.40_y+0.000,flat,0.05425,0.07547499999999965,0.0,0.032695999553897424,0.5454749999999996,-0.45,0.0,-4.227461292904571e-15,0.45,-19.713493901275953,19.713493901275953,0.0,0.0,0.0,0.0,0.0,0.0,0.0,0.0,0.0,0.5687856999999955,court
ABOVE_THRESHOLD_NOMINAL_mu0.6_F60_r0.40_y+0.000,flat,0.0545,0.07536249999999965,0.0,0.032695999553897424,0.5453624999999996,-0.45,0.0,-4.246603069191211e-15,0.45,-19.713493901275953,19.713493901275953,0.0,0.0,0.0,0.0,0.0,0.0,0.0,0.0,0.0,0.5687856999999955,court
ABOVE_THRESHOLD_NOMINAL_mu0.6_F60_r0.40_y+0.000,flat,0.05475,0.07524999999999965,0.0,0.032695999553897424,0.5452499999999996,-0.45,0.0,-4.2657448454778514e-15,0.45,-19.713493901275953,19.713493901275953,0.0,0.0,0.0,0.0,0.0,0.0,0.0,0.0,0.0,0.5687856999999955,court
ABOVE_THRESHOLD_NOMINAL_mu0.6_F60_r0.40_y+0.000,flat,0.055,0.07513749999999965,0.0,0.032695999553897424,0.5451374999999996,-0.45,0.0,-4.284886621764492e-15,0.45,-19.713493901275953,19.713493901275953,0.0,0.0,0.0,0.0,0.0,0.0,0.0,0.0,0.0,0.5687856999999955,court
ABOVE_THRESHOLD_NOMINAL_mu0.6_F60_r0.40_y+0.000,flat,0.05525,0.07502499999999965,0.0,0.032695999553897424,0.5450249999999996,-0.45,0.0,-4.304028398051132e-15,0.45,-19.713493901275953,19.713493901275953,0.0,0.0,0.0,0.0,0.0,0.0,0.0,0.0,0.0,0.5687856999999955,court
ABOVE_THRESHOLD_NOMINAL_mu0.6_F60_r0.40_y+0.000,flat,0.0555,0.07491249999999965,0.0,0.032695999553897424,0.5449124999999996,-0.45,0.0,-4.323170174337772e-15,0.45,-19.713493901275953,19.713493901275953,0.0,0.0,0.0,0.0,0.0,0.0,0.0,0.0,0.0,0.5687856999999955,court
ABOVE_THRESHOLD_NOMINAL_mu0.6_F60_r0.40_y+0.000,flat,0.05575,0.07479999999999964,0.0,0.032695999553897424,0.5447999999999996,-0.45,0.0,-4.342311950624412e-15,0.45,-19.713493901275953,19.713493901275953,0.0,0.0,0.0,0.0,0.0,0.0,0.0,0.0,0.0,0.5687856999999955,court
ABOVE_THRESHOLD_NOMINAL_mu0.6_F60_r0.40_y+0.000,flat,0.056,0.07468749999999964,0.0,0.032695999553897424,0.5446874999999997,-0.45,0.0,-4.361453726911053e-15,0.45,-19.713493901275953,19.713493901275953,0.0,0.0,0.0,0.0,0.0,0.0,0.0,0.0,0.0,0.5687856999999955,court
ABOVE_THRESHOLD_NOMINAL_mu0.6_F60_r0.40_y+0.000,flat,0.05625,0.07457499999999964,0.0,0.032695999553897424,0.5445749999999996,-0.45,0.0,-4.380595503197693e-15,0.45,-19.713493901275953,19.713493901275953,0.0,0.0,0.0,0.0,0.0,0.0,0.0,0.0,0.0,0.5687856999999955,court
ABOVE_THRESHOLD_NOMINAL_mu0.6_F60_r0.40_y+0.000,flat,0.0565,0.07446249999999964,0.0,0.032695999553897424,0.5444624999999996,-0.45,0.0,-4.399737279484333e-15,0.45,-19.713493901275953,19.713493901275953,0.0,0.0,0.0,0.0,0.0,0.0,0.0,0.0,0.0,0.5687856999999955,court
ABOVE_THRESHOLD_NOMINAL_mu0.6_F60_r0.40_y+0.000,flat,0.05675,0.07434999999999964,0.0,0.032695999553897424,0.5443499999999997,-0.45,0.0,-4.418879055770973e-15,0.45,-19.713493901275953,19.713493901275953,0.0,0.0,0.0,0.0,0.0,0.0,0.0,0.0,0.0,0.5687856999999955,court
ABOVE_THRESHOLD_NOMINAL_mu0.6_F60_r0.40_y+0.000,flat,0.057,0.07423749999999964,0.0,0.032695999553897424,0.5442374999999996,-0.45,0.0,-4.438020832057614e-15,0.45,-19.713493901275953,19.713493901275953,0.0,0.0,0.0,0.0,0.0,0.0,0.0,0.0,0.0,0.5687856999999955,court
ABOVE_THRESHOLD_NOMINAL_mu0.6_F60_r0.40_y+0.000,flat,0.05725,0.07412499999999964,0.0,0.032695999553897424,0.5441249999999996,-0.45,0.0,-4.457162608344254e-15,0.45,-19.713493901275953,19.713493901275953,0.0,0.0,0.0,0.0,0.0,0.0,0.0,0.0,0.0,0.5687856999999955,court
ABOVE_THRESHOLD_NOMINAL_mu0.6_F60_r0.40_y+0.000,flat,0.0575,0.07401249999999963,0.0,0.032695999553897424,0.5440124999999996,-0.45,0.0,-4.476304384630894e-15,0.45,-19.713493901275953,19.713493901275953,0.0,0.0,0.0,0.0,0.0,0.0,0.0,0.0,0.0,0.5687856999999955,court
ABOVE_THRESHOLD_NOMINAL_mu0.6_F60_r0.40_y+0.000,flat,0.05775,0.07389999999999963,0.0,0.032695999553897424,0.5438999999999996,-0.45,0.0,-4.495446160917534e-15,0.45,-19.713493901275953,19.713493901275953,0.0,0.0,0.0,0.0,0.0,0.0,0.0,0.0,0.0,0.5687856999999955,court
ABOVE_THRESHOLD_NOMINAL_mu0.6_F60_r0.40_y+0.000,flat,0.058,0.07378749999999963,0.0,0.032695999553897424,0.5437874999999996,-0.45,0.0,-4.514587937204175e-15,0.45,-19.713493901275953,19.713493901275953,0.0,0.0,0.0,0.0,0.0,0.0,0.0,0.0,0.0,0.5687856999999955,court
ABOVE_THRESHOLD_NOMINAL_mu0.6_F60_r0.40_y+0.000,flat,0.05825,0.07367499999999963,0.0,0.032695999553897424,0.5436749999999996,-0.45,0.0,-4.533729713490815e-15,0.45,-19.713493901275953,19.713493901275953,0.0,0.0,0.0,0.0,0.0,0.0,0.0,0.0,0.0,0.5687856999999955,court
ABOVE_THRESHOLD_NOMINAL_mu0.6_F60_r0.40_y+0.000,flat,0.0585,0.07356249999999963,0.0,0.032695999553897424,0.5435624999999996,-0.45,0.0,-4.552871489777455e-15,0.45,-19.713493901275953,19.713493901275953,0.0,0.0,0.0,0.0,0.0,0.0,0.0,0.0,0.0,0.5687856999999955,court
ABOVE_THRESHOLD_NOMINAL_mu0.6_F60_r0.40_y+0.000,flat,0.058750000000000004,0.07344999999999963,0.0,0.032695999553897424,0.5434499999999995,-0.45,0.0,-4.572013266064095e-15,0.45,-19.713493901275953,19.713493901275953,0.0,0.0,0.0,0.0,0.0,0.0,0.0,0.0,0.0,0.5687856999999955,court
ABOVE_THRESHOLD_NOMINAL_mu0.6_F60_r0.40_y+0.000,flat,0.059000000000000004,0.07333749999999963,0.0,0.032695999553897424,0.5433374999999996,-0.45,0.0,-4.591155042350736e-15,0.45,-19.713493901275953,19.713493901275953,0.0,0.0,0.0,0.0,0.0,0.0,0.0,0.0,0.0,0.5687856999999955,court
ABOVE_THRESHOLD_NOMINAL_mu0.6_F60_r0.40_y+0.000,flat,0.059250000000000004,0.07322499999999962,0.0,0.032695999553897424,0.5432249999999996,-0.45,0.0,-4.610296818637376e-15,0.45,-19.713493901275953,19.713493901275953,0.0,0.0,0.0,0.0,0.0,0.0,0.0,0.0,0.0,0.5687856999999955,court
ABOVE_THRESHOLD_NOMINAL_mu0.6_F60_r0.40_y+0.000,flat,0.059500000000000004,0.07311249999999962,0.0,0.032695999553897424,0.5431124999999996,-0.45,0.0,-4.629438594924016e-15,0.45,-19.713493901275953,19.713493901275953,0.0,0.0,0.0,0.0,0.0,0.0,0.0,0.0,0.0,0.5687856999999955,court
ABOVE_THRESHOLD_NOMINAL_mu0.6_F60_r0.40_y+0.000,flat,0.059750000000000004,0.07299999999999962,0.0,0.032695999553897424,0.5429999999999996,-0.45,0.0,-4.648580371210656e-15,0.45,-19.713493901275953,19.713493901275953,0.0,0.0,0.0,0.0,0.0,0.0,0.0,0.0,0.0,0.5687856999999955,court
ABOVE_THRESHOLD_NOMINAL_mu0.6_F60_r0.40_y+0.000,flat,0.06,0.07288749999999962,0.0,0.032695999553897424,0.5428874999999996,-0.45,0.0,-4.667722147497297e-15,0.45,-19.713493901275953,19.713493901275953,0.0,0.0,0.0,0.0,0.0,0.0,0.0,0.0,0.0,0.5687856999999955,court
ABOVE_THRESHOLD_NOMINAL_mu0.6_F60_r0.40_y+0.000,flat,0.06025,0.07277499999999962,0.0,0.032695999553897424,0.5427749999999996,-0.45,0.0,-4.686863923783937e-15,0.45,-19.713493901275953,19.713493901275953,0.0,0.0,0.0,0.0,0.0,0.0,0.0,0.0,0.0,0.5687856999999955,court
ABOVE_THRESHOLD_NOMINAL_mu0.6_F60_r0.40_y+0.000,flat,0.0605,0.07266249999999962,0.0,0.032695999553897424,0.5426624999999996,-0.45,0.0,-4.706005700070577e-15,0.45,-19.713493901275953,19.713493901275953,0.0,0.0,0.0,0.0,0.0,0.0,0.0,0.0,0.0,0.5687856999999955,court
ABOVE_THRESHOLD_NOMINAL_mu0.6_F60_r0.40_y+0.000,flat,0.06075,0.07254999999999961,0.0,0.032695999553897424,0.5425499999999996,-0.45,0.0,-4.725147476357217e-15,0.45,-19.713493901275953,19.713493901275953,0.0,0.0,0.0,0.0,0.0,0.0,0.0,0.0,0.0,0.5687856999999955,court
ABOVE_THRESHOLD_NOMINAL_mu0.6_F60_r0.40_y+0.000,flat,0.061,0.07243749999999961,0.0,0.032695999553897424,0.5424374999999996,-0.45,0.0,-4.744289252643858e-15,0.45,-19.713493901275953,19.713493901275953,0.0,0.0,0.0,0.0,0.0,0.0,0.0,0.0,0.0,0.5687856999999955,court
ABOVE_THRESHOLD_NOMINAL_mu0.6_F60_r0.40_y+0.000,flat,0.06125,0.07232499999999961,0.0,0.032695999553897424,0.5423249999999996,-0.45,0.0,-4.763431028930498e-15,0.45,-19.713493901275953,19.713493901275953,0.0,0.0,0.0,0.0,0.0,0.0,0.0,0.0,0.0,0.5687856999999955,court
ABOVE_THRESHOLD_NOMINAL_mu0.6_F60_r0.40_y+0.000,flat,0.0615,0.07221249999999961,0.0,0.032695999553897424,0.5422124999999995,-0.45,0.0,-4.782572805217138e-15,0.45,-19.713493901275953,19.713493901275953,0.0,0.0,0.0,0.0,0.0,0.0,0.0,0.0,0.0,0.5687856999999955,court
ABOVE_THRESHOLD_NOMINAL_mu0.6_F60_r0.40_y+0.000,flat,0.06175,0.07209999999999961,0.0,0.032695999553897424,0.5420999999999996,-0.45,0.0,-4.801714581503778e-15,0.45,-19.713493901275953,19.713493901275953,0.0,0.0,0.0,0.0,0.0,0.0,0.0,0.0,0.0,0.5687856999999955,court
ABOVE_THRESHOLD_NOMINAL_mu0.6_F60_r0.40_y+0.000,flat,0.062,0.07198749999999961,0.0,0.032695999553897424,0.5419874999999996,-0.45,0.0,-4.820856357790419e-15,0.45,-19.713493901275953,19.713493901275953,0.0,0.0,0.0,0.0,0.0,0.0,0.0,0.0,0.0,0.5687856999999955,court
ABOVE_THRESHOLD_NOMINAL_mu0.6_F60_r0.40_y+0.000,flat,0.06225,0.0718749999999996,0.0,0.032695999553897424,0.5418749999999996,-0.45,0.0,-4.839998134077059e-15,0.45,-19.713493901275953,19.713493901275953,0.0,0.0,0.0,0.0,0.0,0.0,0.0,0.0,0.0,0.5687856999999955,court
ABOVE_THRESHOLD_NOMINAL_mu0.6_F60_r0.40_y+0.000,flat,0.0625,0.0717624999999996,0.0,0.032695999553897424,0.5417624999999996,-0.45,0.0,-4.859139910363699e-15,0.45,-19.713493901275953,19.713493901275953,0.0,0.0,0.0,0.0,0.0,0.0,0.0,0.0,0.0,0.5687856999999955,court
ABOVE_THRESHOLD_NOMINAL_mu0.6_F60_r0.40_y+0.000,flat,0.06275,0.0716499999999996,0.0,0.032695999553897424,0.5416499999999995,-0.45,0.0,-4.878281686650339e-15,0.45,-19.713493901275953,19.713493901275953,0.0,0.0,0.0,0.0,0.0,0.0,0.0,0.0,0.0,0.5687856999999955,court
ABOVE_THRESHOLD_NOMINAL_mu0.6_F60_r0.40_y+0.000,flat,0.063,0.0715374999999996,0.0,0.032695999553897424,0.5415374999999996,-0.45,0.0,-4.89742346293698e-15,0.45,-19.713493901275953,19.713493901275953,0.0,0.0,0.0,0.0,0.0,0.0,0.0,0.0,0.0,0.5687856999999955,court
ABOVE_THRESHOLD_NOMINAL_mu0.6_F60_r0.40_y+0.000,flat,0.06325,0.0714249999999996,0.0,0.032695999553897424,0.5414249999999996,-0.45,0.0,-4.91656523922362e-15,0.45,-19.713493901275953,19.713493901275953,0.0,0.0,0.0,0.0,0.0,0.0,0.0,0.0,0.0,0.5687856999999955,court
ABOVE_THRESHOLD_NOMINAL_mu0.6_F60_r0.40_y+0.000,flat,0.0635,0.0713124999999996,0.0,0.032695999553897424,0.5413124999999995,-0.45,0.0,-4.93570701551026e-15,0.45,-19.713493901275953,19.713493901275953,0.0,0.0,0.0,0.0,0.0,0.0,0.0,0.0,0.0,0.5687856999999955,court
ABOVE_THRESHOLD_NOMINAL_mu0.6_F60_r0.40_y+0.000,flat,0.06375,0.0711999999999996,0.0,0.032695999553897424,0.5411999999999996,-0.45,0.0,-4.9548487917969e-15,0.45,-19.713493901275953,19.713493901275953,0.0,0.0,0.0,0.0,0.0,0.0,0.0,0.0,0.0,0.5687856999999955,court
ABOVE_THRESHOLD_NOMINAL_mu0.6_F60_r0.40_y+0.000,flat,0.064,0.0710874999999996,0.0,0.032695999553897424,0.5410874999999996,-0.45,0.0,-4.973990568083541e-15,0.45,-19.713493901275953,19.713493901275953,0.0,0.0,0.0,0.0,0.0,0.0,0.0,0.0,0.0,0.5687856999999955,court
ABOVE_THRESHOLD_NOMINAL_mu0.6_F60_r0.40_y+0.000,flat,0.06425,0.0709749999999996,0.0,0.032695999553897424,0.5409749999999995,-0.45,0.0,-4.993132344370181e-15,0.45,-19.713493901275953,19.713493901275953,0.0,0.0,0.0,0.0,0.0,0.0,0.0,0.0,0.0,0.5687856999999955,court
ABOVE_THRESHOLD_NOMINAL_mu0.6_F60_r0.40_y+0.000,flat,0.0645,0.07086249999999959,0.0,0.032695999553897424,0.5408624999999996,-0.45,0.0,-5.012274120656821e-15,0.45,-19.713493901275953,19.713493901275953,0.0,0.0,0.0,0.0,0.0,0.0,0.0,0.0,0.0,0.5687856999999955,court
ABOVE_THRESHOLD_NOMINAL_mu0.6_F60_r0.40_y+0.000,flat,0.06475,0.07074999999999959,0.0,0.032695999553897424,0.5407499999999996,-0.45,0.0,-5.031415896943461e-15,0.45,-19.713493901275953,19.713493901275953,0.0,0.0,0.0,0.0,0.0,0.0,0.0,0.0,0.0,0.5687856999999955,court
ABOVE_THRESHOLD_NOMINAL_mu0.6_F60_r0.40_y+0.000,flat,0.065,0.07063749999999959,0.0,0.032695999553897424,0.5406374999999995,-0.45,0.0,-5.050557673230102e-15,0.45,-19.713493901275953,19.713493901275953,0.0,0.0,0.0,0.0,0.0,0.0,0.0,0.0,0.0,0.5687856999999955,court
ABOVE_THRESHOLD_NOMINAL_mu0.6_F60_r0.40_y+0.000,flat,0.06525,0.07052499999999959,0.0,0.032695999553897424,0.5405249999999996,-0.45,0.0,-5.069699449516742e-15,0.45,-19.713493901275953,19.713493901275953,0.0,0.0,0.0,0.0,0.0,0.0,0.0,0.0,0.0,0.5687856999999955,court
ABOVE_THRESHOLD_NOMINAL_mu0.6_F60_r0.40_y+0.000,flat,0.0655,0.07041249999999959,0.0,0.032695999553897424,0.5404124999999995,-0.45,0.0,-5.088841225803382e-15,0.45,-19.713493901275953,19.713493901275953,0.0,0.0,0.0,0.0,0.0,0.0,0.0,0.0,0.0,0.5687856999999955,court
ABOVE_THRESHOLD_NOMINAL_mu0.6_F60_r0.40_y+0.000,flat,0.06575,0.07029999999999959,0.0,0.032695999553897424,0.5402999999999996,-0.45,0.0,-5.107983002090022e-15,0.45,-19.713493901275953,19.713493901275953,0.0,0.0,0.0,0.0,0.0,0.0,0.0,0.0,0.0,0.5687856999999955,court
ABOVE_THRESHOLD_NOMINAL_mu0.6_F60_r0.40_y+0.000,flat,0.066,0.07018749999999958,0.0,0.032695999553897424,0.5401874999999996,-0.45,0.0,-5.127124778376663e-15,0.45,-19.713493901275953,19.713493901275953,0.0,0.0,0.0,0.0,0.0,0.0,0.0,0.0,0.0,0.5687856999999955,court
ABOVE_THRESHOLD_NOMINAL_mu0.6_F60_r0.40_y+0.000,flat,0.06625,0.07007499999999958,0.0,0.032695999553897424,0.5400749999999995,-0.45,0.0,-5.146266554663303e-15,0.45,-19.713493901275953,19.713493901275953,0.0,0.0,0.0,0.0,0.0,0.0,0.0,0.0,0.0,0.5687856999999955,court
ABOVE_THRESHOLD_NOMINAL_mu0.6_F60_r0.40_y+0.000,flat,0.0665,0.06996249999999958,0.0,0.032695999553897424,0.5399624999999996,-0.45,0.0,-5.165408330949943e-15,0.45,-19.713493901275953,19.713493901275953,0.0,0.0,0.0,0.0,0.0,0.0,0.0,0.0,0.0,0.5687856999999955,court
ABOVE_THRESHOLD_NOMINAL_mu0.6_F60_r0.40_y+0.000,flat,0.06675,0.06984999999999958,0.0,0.032695999553897424,0.5398499999999995,-0.45,0.0,-5.184550107236583e-15,0.45,-19.713493901275953,19.713493901275953,0.0,0.0,0.0,0.0,0.0,0.0,0.0,0.0,0.0,0.5687856999999955,court
ABOVE_THRESHOLD_NOMINAL_mu0.6_F60_r0.40_y+0.000,flat,0.067,0.06973749999999958,0.0,0.032695999553897424,0.5397374999999995,-0.45,0.0,-5.2036918835232236e-15,0.45,-19.713493901275953,19.713493901275953,0.0,0.0,0.0,0.0,0.0,0.0,0.0,0.0,0.0,0.5687856999999955,court
ABOVE_THRESHOLD_NOMINAL_mu0.6_F60_r0.40_y+0.000,flat,0.06725,0.06962499999999958,0.0,0.032695999553897424,0.5396249999999996,-0.45,0.0,-5.222833659809864e-15,0.45,-19.713493901275953,19.713493901275953,0.0,0.0,0.0,0.0,0.0,0.0,0.0,0.0,0.0,0.5687856999999955,court
ABOVE_THRESHOLD_NOMINAL_mu0.6_F60_r0.40_y+0.000,flat,0.0675,0.06951249999999957,0.0,0.032695999553897424,0.5395124999999995,-0.45,0.0,-5.241975436096504e-15,0.45,-19.713493901275953,19.713493901275953,0.0,0.0,0.0,0.0,0.0,0.0,0.0,0.0,0.0,0.5687856999999955,court
ABOVE_THRESHOLD_NOMINAL_mu0.6_F60_r0.40_y+0.000,flat,0.06775,0.06939999999999957,0.0,0.032695999553897424,0.5393999999999995,-0.45,0.0,-5.261117212383144e-15,0.45,-19.713493901275953,19.713493901275953,0.0,0.0,0.0,0.0,0.0,0.0,0.0,0.0,0.0,0.5687856999999955,court
ABOVE_THRESHOLD_NOMINAL_mu0.6_F60_r0.40_y+0.000,flat,0.068,0.06928749999999957,0.0,0.032695999553897424,0.5392874999999996,-0.45,0.0,-5.2802589886697846e-15,0.45,-19.713493901275953,19.713493901275953,0.0,0.0,0.0,0.0,0.0,0.0,0.0,0.0,0.0,0.5687856999999955,court
ABOVE_THRESHOLD_NOMINAL_mu0.6_F60_r0.40_y+0.000,flat,0.06825,0.06917499999999957,0.0,0.032695999553897424,0.5391749999999995,-0.45,0.0,-5.299400764956425e-15,0.45,-19.713493901275953,19.713493901275953,0.0,0.0,0.0,0.0,0.0,0.0,0.0,0.0,0.0,0.5687856999999955,court
ABOVE_THRESHOLD_NOMINAL_mu0.6_F60_r0.40_y+0.000,flat,0.0685,0.06906249999999957,0.0,0.032695999553897424,0.5390624999999996,-0.45,0.0,-5.318542541243065e-15,0.45,-19.713493901275953,19.713493901275953,0.0,0.0,0.0,0.0,0.0,0.0,0.0,0.0,0.0,0.5687856999999955,court
ABOVE_THRESHOLD_NOMINAL_mu0.6_F60_r0.40_y+0.000,flat,0.06875,0.06894999999999957,0.0,0.032695999553897424,0.5389499999999996,-0.45,0.0,-5.337684317529705e-15,0.45,-19.713493901275953,19.713493901275953,0.0,0.0,0.0,0.0,0.0,0.0,0.0,0.0,0.0,0.5687856999999955,court
ABOVE_THRESHOLD_NOMINAL_mu0.6_F60_r0.40_y+0.000,flat,0.069,0.06883749999999957,0.0,0.032695999553897424,0.5388374999999995,-0.45,0.0,-5.3568260938163456e-15,0.45,-19.713493901275953,19.713493901275953,0.0,0.0,0.0,0.0,0.0,0.0,0.0,0.0,0.0,0.5687856999999955,court
ABOVE_THRESHOLD_NOMINAL_mu0.6_F60_r0.40_y+0.000,flat,0.06925,0.06872499999999956,0.0,0.032695999553897424,0.5387249999999996,-0.45,0.0,-5.375967870102986e-15,0.45,-19.713493901275953,19.713493901275953,0.0,0.0,0.0,0.0,0.0,0.0,0.0,0.0,0.0,0.5687856999999955,court
ABOVE_THRESHOLD_NOMINAL_mu0.6_F60_r0.40_y+0.000,flat,0.0695,0.06861249999999956,0.0,0.032695999553897424,0.5386124999999995,-0.45,0.0,-5.395109646389626e-15,0.45,-19.713493901275953,19.713493901275953,0.0,0.0,0.0,0.0,0.0,0.0,0.0,0.0,0.0,0.5687856999999955,court
ABOVE_THRESHOLD_NOMINAL_mu0.6_F60_r0.40_y+0.000,flat,0.06975,0.06849999999999956,0.0,0.032695999553897424,0.5384999999999995,-0.45,0.0,-5.414251422676266e-15,0.45,-19.713493901275953,19.713493901275953,0.0,0.0,0.0,0.0,0.0,0.0,0.0,0.0,0.0,0.5687856999999955,court
ABOVE_THRESHOLD_NOMINAL_mu0.6_F60_r0.40_y+0.000,flat,0.07,0.06838749999999956,0.0,0.032695999553897424,0.5383874999999996,-0.45,0.0,-5.4333931989629066e-15,0.45,-19.713493901275953,19.713493901275953,0.0,0.0,0.0,0.0,0.0,0.0,0.0,0.0,0.0,0.5687856999999955,court
ABOVE_THRESHOLD_NOMINAL_mu0.6_F60_r0.40_y+0.000,flat,0.07025,0.06827499999999956,0.0,0.032695999553897424,0.5382749999999995,-0.45,0.0,-5.452534975249547e-15,0.45,-19.713493901275953,19.713493901275953,0.0,0.0,0.0,0.0,0.0,0.0,0.0,0.0,0.0,0.5687856999999955,court
ABOVE_THRESHOLD_NOMINAL_mu0.6_F60_r0.40_y+0.000,flat,0.07050000000000001,0.06816249999999956,0.0,0.032695999553897424,0.5381624999999995,-0.45,0.0,-5.471676751536187e-15,0.45,-19.713493901275953,19.713493901275953,0.0,0.0,0.0,0.0,0.0,0.0,0.0,0.0,0.0,0.5687856999999955,court
ABOVE_THRESHOLD_NOMINAL_mu0.6_F60_r0.40_y+0.000,flat,0.07075000000000001,0.06804999999999956,0.0,0.032695999553897424,0.5380499999999995,-0.45,0.0,-5.490818527822827e-15,0.45,-19.713493901275953,19.713493901275953,0.0,0.0,0.0,0.0,0.0,0.0,0.0,0.0,0.0,0.5687856999999955,court
ABOVE_THRESHOLD_NOMINAL_mu0.6_F60_r0.40_y+0.000,flat,0.07100000000000001,0.06793749999999955,0.0,0.032695999553897424,0.5379374999999995,-0.45,0.0,-5.5099603041094676e-15,0.45,-19.713493901275953,19.713493901275953,0.0,0.0,0.0,0.0,0.0,0.0,0.0,0.0,0.0,0.5687856999999955,court
ABOVE_THRESHOLD_NOMINAL_mu0.6_F60_r0.40_y+0.000,flat,0.07125000000000001,0.06782499999999955,0.0,0.032695999553897424,0.5378249999999996,-0.45,0.0,-5.529102080396108e-15,0.45,-19.713493901275953,19.713493901275953,0.0,0.0,0.0,0.0,0.0,0.0,0.0,0.0,0.0,0.5687856999999955,court
ABOVE_THRESHOLD_NOMINAL_mu0.6_F60_r0.40_y+0.000,flat,0.07150000000000001,0.06771249999999955,0.0,0.032695999553897424,0.5377124999999995,-0.45,0.0,-5.548243856682748e-15,0.45,-19.713493901275953,19.713493901275953,0.0,0.0,0.0,0.0,0.0,0.0,0.0,0.0,0.0,0.5687856999999955,court
ABOVE_THRESHOLD_NOMINAL_mu0.6_F60_r0.40_y+0.000,flat,0.07175000000000001,0.06759999999999955,0.0,0.032695999553897424,0.5375999999999995,-0.45,0.0,-5.567385632969388e-15,0.45,-19.713493901275953,19.713493901275953,0.0,0.0,0.0,0.0,0.0,0.0,0.0,0.0,0.0,0.5687856999999955,court
ABOVE_THRESHOLD_NOMINAL_mu0.6_F60_r0.40_y+0.000,flat,0.07200000000000001,0.06748749999999955,0.0,0.032695999553897424,0.5374874999999996,-0.45,0.0,-5.5865274092560286e-15,0.45,-19.713493901275953,19.713493901275953,0.0,0.0,0.0,0.0,0.0,0.0,0.0,0.0,0.0,0.5687856999999955,court
ABOVE_THRESHOLD_NOMINAL_mu0.6_F60_r0.40_y+0.000,flat,0.07225,0.06737499999999955,0.0,0.032695999553897424,0.5373749999999995,-0.45,0.0,-5.605669185542669e-15,0.45,-19.713493901275953,19.713493901275953,0.0,0.0,0.0,0.0,0.0,0.0,0.0,0.0,0.0,0.5687856999999955,court
ABOVE_THRESHOLD_NOMINAL_mu0.6_F60_r0.40_y+0.000,flat,0.0725,0.06726249999999954,0.0,0.032695999553897424,0.5372624999999995,-0.45,0.0,-5.624810961829309e-15,0.45,-19.713493901275953,19.713493901275953,0.0,0.0,0.0,0.0,0.0,0.0,0.0,0.0,0.0,0.5687856999999955,court
ABOVE_THRESHOLD_NOMINAL_mu0.6_F60_r0.40_y+0.000,flat,0.07275,0.06714999999999954,0.0,0.032695999553897424,0.5371499999999996,-0.45,0.0,-5.643952738115949e-15,0.45,-19.713493901275953,19.713493901275953,0.0,0.0,0.0,0.0,0.0,0.0,0.0,0.0,0.0,0.5687856999999955,court
ABOVE_THRESHOLD_NOMINAL_mu0.6_F60_r0.40_y+0.000,flat,0.073,0.06703749999999954,0.0,0.032695999553897424,0.5370374999999995,-0.45,0.0,-5.6630945144025896e-15,0.45,-19.713493901275953,19.713493901275953,0.0,0.0,0.0,0.0,0.0,0.0,0.0,0.0,0.0,0.5687856999999955,court
ABOVE_THRESHOLD_NOMINAL_mu0.6_F60_r0.40_y+0.000,flat,0.07325,0.06692499999999954,0.0,0.032695999553897424,0.5369249999999995,-0.45,0.0,-5.68223629068923e-15,0.45,-19.713493901275953,19.713493901275953,0.0,0.0,0.0,0.0,0.0,0.0,0.0,0.0,0.0,0.5687856999999955,court
ABOVE_THRESHOLD_NOMINAL_mu0.6_F60_r0.40_y+0.000,flat,0.0735,0.06681249999999954,0.0,0.032695999553897424,0.5368124999999995,-0.45,0.0,-5.70137806697587e-15,0.45,-19.713493901275953,19.713493901275953,0.0,0.0,0.0,0.0,0.0,0.0,0.0,0.0,0.0,0.5687856999999955,court
ABOVE_THRESHOLD_NOMINAL_mu0.6_F60_r0.40_y+0.000,flat,0.07375,0.06669999999999954,0.0,0.032695999553897424,0.5366999999999995,-0.45,0.0,-5.72051984326251e-15,0.45,-19.713493901275953,19.713493901275953,0.0,0.0,0.0,0.0,0.0,0.0,0.0,0.0,0.0,0.5687856999999955,court
ABOVE_THRESHOLD_NOMINAL_mu0.6_F60_r0.40_y+0.000,flat,0.074,0.06658749999999954,0.0,0.032695999553897424,0.5365874999999996,-0.45,0.0,-5.7396616195491506e-15,0.45,-19.713493901275953,19.713493901275953,0.0,0.0,0.0,0.0,0.0,0.0,0.0,0.0,0.0,0.5687856999999955,court
ABOVE_THRESHOLD_NOMINAL_mu0.6_F60_r0.40_y+0.000,flat,0.07425,0.06647499999999953,0.0,0.032695999553897424,0.5364749999999995,-0.45,0.0,-5.758803395835791e-15,0.45,-19.713493901275953,19.713493901275953,0.0,0.0,0.0,0.0,0.0,0.0,0.0,0.0,0.0,0.5687856999999955,court
ABOVE_THRESHOLD_NOMINAL_mu0.6_F60_r0.40_y+0.000,flat,0.0745,0.06636249999999953,0.0,0.032695999553897424,0.5363624999999995,-0.45,0.0,-5.777945172122431e-15,0.45,-19.713493901275953,19.713493901275953,0.0,0.0,0.0,0.0,0.0,0.0,0.0,0.0,0.0,0.5687856999999955,court
ABOVE_THRESHOLD_NOMINAL_mu0.6_F60_r0.40_y+0.000,flat,0.07475,0.06624999999999953,0.0,0.032695999553897424,0.5362499999999994,-0.45,0.0,-5.797086948409071e-15,0.45,-19.713493901275953,19.713493901275953,0.0,0.0,0.0,0.0,0.0,0.0,0.0,0.0,0.0,0.5687856999999955,court
ABOVE_THRESHOLD_NOMINAL_mu0.6_F60_r0.40_y+0.000,flat,0.075,0.06613749999999953,0.0,0.032695999553897424,0.5361374999999995,-0.45,0.0,-5.8162287246957116e-15,0.45,-19.713493901275953,19.713493901275953,0.0,0.0,0.0,0.0,0.0,0.0,0.0,0.0,0.0,0.5687856999999955,court
ABOVE_THRESHOLD_NOMINAL_mu0.6_F60_r0.40_y+0.000,flat,0.07525,0.06602499999999953,0.0,0.032695999553897424,0.5360249999999995,-0.45,0.0,-5.835370500982352e-15,0.45,-19.713493901275953,19.713493901275953,0.0,0.0,0.0,0.0,0.0,0.0,0.0,0.0,0.0,0.5687856999999955,court
ABOVE_THRESHOLD_NOMINAL_mu0.6_F60_r0.40_y+0.000,flat,0.0755,0.06591249999999953,0.0,0.032695999553897424,0.5359124999999995,-0.45,0.0,-5.854512277268992e-15,0.45,-19.713493901275953,19.713493901275953,0.0,0.0,0.0,0.0,0.0,0.0,0.0,0.0,0.0,0.5687856999999955,court
ABOVE_THRESHOLD_NOMINAL_mu0.6_F60_r0.40_y+0.000,flat,0.07575,0.06579999999999953,0.0,0.032695999553897424,0.5357999999999995,-0.45,0.0,-5.873654053555632e-15,0.45,-19.713493901275953,19.713493901275953,0.0,0.0,0.0,0.0,0.0,0.0,0.0,0.0,0.0,0.5687856999999955,court
ABOVE_THRESHOLD_NOMINAL_mu0.6_F60_r0.40_y+0.000,flat,0.076,0.06568749999999952,0.0,0.032695999553897424,0.5356874999999995,-0.45,0.0,-5.8927958298422726e-15,0.45,-19.713493901275953,19.713493901275953,0.0,0.0,0.0,0.0,0.0,0.0,0.0,0.0,0.0,0.5687856999999955,court
ABOVE_THRESHOLD_NOMINAL_mu0.6_F60_r0.40_y+0.000,flat,0.07625,0.06557499999999952,0.0,0.032695999553897424,0.5355749999999995,-0.45,0.0,-5.911937606128913e-15,0.45,-19.713493901275953,19.713493901275953,0.0,0.0,0.0,0.0,0.0,0.0,0.0,0.0,0.0,0.5687856999999955,court
ABOVE_THRESHOLD_NOMINAL_mu0.6_F60_r0.40_y+0.000,flat,0.0765,0.06546249999999952,0.0,0.032695999553897424,0.5354624999999995,-0.45,0.0,-5.931079382415553e-15,0.45,-19.713493901275953,19.713493901275953,0.0,0.0,0.0,0.0,0.0,0.0,0.0,0.0,0.0,0.5687856999999955,court
ABOVE_THRESHOLD_NOMINAL_mu0.6_F60_r0.40_y+0.000,flat,0.07675,0.06534999999999952,0.0,0.032695999553897424,0.5353499999999995,-0.45,0.0,-5.950221158702193e-15,0.45,-19.713493901275953,19.713493901275953,0.0,0.0,0.0,0.0,0.0,0.0,0.0,0.0,0.0,0.5687856999999955,court
ABOVE_THRESHOLD_NOMINAL_mu0.6_F60_r0.40_y+0.000,flat,0.077,0.06523749999999952,0.0,0.032695999553897424,0.5352374999999995,-0.45,0.0,-5.9693629349888336e-15,0.45,-19.713493901275953,19.713493901275953,0.0,0.0,0.0,0.0,0.0,0.0,0.0,0.0,0.0,0.5687856999999955,court
ABOVE_THRESHOLD_NOMINAL_mu0.6_F60_r0.40_y+0.000,flat,0.07725,0.06512499999999952,0.0,0.032695999553897424,0.5351249999999995,-0.45,0.0,-5.988504711275474e-15,0.45,-19.713493901275953,19.713493901275953,0.0,0.0,0.0,0.0,0.0,0.0,0.0,0.0,0.0,0.5687856999999955,court
ABOVE_THRESHOLD_NOMINAL_mu0.6_F60_r0.40_y+0.000,flat,0.0775,0.06501249999999952,0.0,0.032695999553897424,0.5350124999999994,-0.45,0.0,-6.007646487562114e-15,0.45,-19.713493901275953,19.713493901275953,0.0,0.0,0.0,0.0,0.0,0.0,0.0,0.0,0.0,0.5687856999999955,court
ABOVE_THRESHOLD_NOMINAL_mu0.6_F60_r0.40_y+0.000,flat,0.07775,0.06489999999999951,0.0,0.032695999553897424,0.5348999999999995,-0.45,0.0,-6.026788263848754e-15,0.45,-19.713493901275953,19.713493901275953,0.0,0.0,0.0,0.0,0.0,0.0,0.0,0.0,0.0,0.5687856999999955,court
ABOVE_THRESHOLD_NOMINAL_mu0.6_F60_r0.40_y+0.000,flat,0.078,0.06478749999999951,0.0,0.032695999553897424,0.5347874999999995,-0.45,0.0,-6.0459300401353946e-15,0.45,-19.713493901275953,19.713493901275953,0.0,0.0,0.0,0.0,0.0,0.0,0.0,0.0,0.0,0.5687856999999955,court
ABOVE_THRESHOLD_NOMINAL_mu0.6_F60_r0.40_y+0.000,flat,0.07825,0.06467499999999951,0.0,0.032695999553897424,0.5346749999999995,-0.45,0.0,-6.065071816422035e-15,0.45,-19.713493901275953,19.713493901275953,0.0,0.0,0.0,0.0,0.0,0.0,0.0,0.0,0.0,0.5687856999999955,court
ABOVE_THRESHOLD_NOMINAL_mu0.6_F60_r0.40_y+0.000,flat,0.0785,0.06456249999999951,0.0,0.032695999553897424,0.5345624999999995,-0.45,0.0,-6.084213592708675e-15,0.45,-19.713493901275953,19.713493901275953,0.0,0.0,0.0,0.0,0.0,0.0,0.0,0.0,0.0,0.5687856999999955,court
ABOVE_THRESHOLD_NOMINAL_mu0.6_F60_r0.40_y+0.000,flat,0.07875,0.06444999999999951,0.0,0.032695999553897424,0.5344499999999994,-0.45,0.0,-6.103355368995315e-15,0.45,-19.713493901275953,19.713493901275953,0.0,0.0,0.0,0.0,0.0,0.0,0.0,0.0,0.0,0.5687856999999955,court
ABOVE_THRESHOLD_NOMINAL_mu0.6_F60_r0.40_y+0.000,flat,0.079,0.0643374999999995,0.0,0.032695999553897424,0.5343374999999995,-0.45,0.0,-6.1224971452819556e-15,0.45,-19.713493901275953,19.713493901275953,0.0,0.0,0.0,0.0,0.0,0.0,0.0,0.0,0.0,0.5687856999999955,court
ABOVE_THRESHOLD_NOMINAL_mu0.6_F60_r0.40_y+0.000,flat,0.07925,0.0642249999999995,0.0,0.032695999553897424,0.5342249999999995,-0.45,0.0,-6.141638921568596e-15,0.45,-19.713493901275953,19.713493901275953,0.0,0.0,0.0,0.0,0.0,0.0,0.0,0.0,0.0,0.5687856999999955,court
ABOVE_THRESHOLD_NOMINAL_mu0.6_F60_r0.40_y+0.000,flat,0.0795,0.0641124999999995,0.0,0.032695999553897424,0.5341124999999994,-0.45,0.0,-6.160780697855236e-15,0.45,-19.713493901275953,19.713493901275953,0.0,0.0,0.0,0.0,0.0,0.0,0.0,0.0,0.0,0.5687856999999955,court
ABOVE_THRESHOLD_NOMINAL_mu0.6_F60_r0.40_y+0.000,flat,0.07975,0.0639999999999995,0.0,0.032695999553897424,0.5339999999999995,-0.45,0.0,-6.179922474141876e-15,0.45,-19.713493901275953,19.713493901275953,0.0,0.0,0.0,0.0,0.0,0.0,0.0,0.0,0.0,0.5687856999999955,court
ABOVE_THRESHOLD_NOMINAL_mu0.6_F60_r0.40_y+0.000,flat,0.08,0.0638874999999995,0.0,0.032695999553897424,0.5338874999999995,-0.45,0.0,-6.1990642504285166e-15,0.45,-19.713493901275953,19.713493901275953,0.0,0.0,0.0,0.0,0.0,0.0,0.0,0.0,0.0,0.5687856999999955,court
ABOVE_THRESHOLD_NOMINAL_mu0.6_F60_r0.40_y+0.000,flat,0.08025,0.0637749999999995,0.0,0.032695999553897424,0.5337749999999994,-0.45,0.0,-6.218206026715157e-15,0.45,-19.713493901275953,19.713493901275953,0.0,0.0,0.0,0.0,0.0,0.0,0.0,0.0,0.0,0.5687856999999955,court
ABOVE_THRESHOLD_NOMINAL_mu0.6_F60_r0.40_y+0.000,flat,0.0805,0.0636624999999995,0.0,0.032695999553897424,0.5336624999999995,-0.45,0.0,-6.237347803001797e-15,0.45,-19.713493901275953,19.713493901275953,0.0,0.0,0.0,0.0,0.0,0.0,0.0,0.0,0.0,0.5687856999999955,court
ABOVE_THRESHOLD_NOMINAL_mu0.6_F60_r0.40_y+0.000,flat,0.08075,0.0635499999999995,0.0,0.032695999553897424,0.5335499999999995,-0.45,0.0,-6.256489579288437e-15,0.45,-19.713493901275953,19.713493901275953,0.0,0.0,0.0,0.0,0.0,0.0,0.0,0.0,0.0,0.5687856999999955,court
ABOVE_THRESHOLD_NOMINAL_mu0.6_F60_r0.40_y+0.000,flat,0.081,0.0634374999999995,0.0,0.032695999553897424,0.5334374999999995,-0.45,0.0,-6.2756313555750776e-15,0.45,-19.713493901275953,19.713493901275953,0.0,0.0,0.0,0.0,0.0,0.0,0.0,0.0,0.0,0.5687856999999955,court
ABOVE_THRESHOLD_NOMINAL_mu0.6_F60_r0.40_y+0.000,flat,0.08125,0.06332499999999949,0.0,0.032695999553897424,0.5333249999999995,-0.45,0.0,-6.294773131861718e-15,0.45,-19.713493901275953,19.713493901275953,0.0,0.0,0.0,0.0,0.0,0.0,0.0,0.0,0.0,0.5687856999999955,court
ABOVE_THRESHOLD_NOMINAL_mu0.6_F60_r0.40_y+0.000,flat,0.0815,0.06321249999999949,0.0,0.032695999553897424,0.5332124999999994,-0.45,0.0,-6.313914908148358e-15,0.45,-19.713493901275953,19.713493901275953,0.0,0.0,0.0,0.0,0.0,0.0,0.0,0.0,0.0,0.5687856999999955,court
ABOVE_THRESHOLD_NOMINAL_mu0.6_F60_r0.40_y+0.000,flat,0.08175,0.06309999999999949,0.0,0.032695999553897424,0.5330999999999995,-0.45,0.0,-6.333056684434998e-15,0.45,-19.713493901275953,19.713493901275953,0.0,0.0,0.0,0.0,0.0,0.0,0.0,0.0,0.0,0.5687856999999955,court
ABOVE_THRESHOLD_NOMINAL_mu0.6_F60_r0.40_y+0.000,flat,0.082,0.06298749999999949,0.0,0.032695999553897424,0.5329874999999995,-0.45,0.0,-6.3521984607216386e-15,0.45,-19.713493901275953,19.713493901275953,0.0,0.0,0.0,0.0,0.0,0.0,0.0,0.0,0.0,0.5687856999999955,court
ABOVE_THRESHOLD_NOMINAL_mu0.6_F60_r0.40_y+0.000,flat,0.08225,0.06287499999999949,0.0,0.032695999553897424,0.5328749999999994,-0.45,0.0,-6.371340237008279e-15,0.45,-19.713493901275953,19.713493901275953,0.0,0.0,0.0,0.0,0.0,0.0,0.0,0.0,0.0,0.5687856999999955,court
ABOVE_THRESHOLD_NOMINAL_mu0.6_F60_r0.40_y+0.000,flat,0.0825,0.06276249999999949,0.0,0.032695999553897424,0.5327624999999995,-0.45,0.0,-6.390482013294919e-15,0.45,-19.713493901275953,19.713493901275953,0.0,0.0,0.0,0.0,0.0,0.0,0.0,0.0,0.0,0.5687856999999955,court
ABOVE_THRESHOLD_NOMINAL_mu0.6_F60_r0.40_y+0.000,flat,0.08275,0.06264999999999948,0.0,0.032695999553897424,0.5326499999999994,-0.45,0.0,-6.409623789581559e-15,0.45,-19.713493901275953,19.713493901275953,0.0,0.0,0.0,0.0,0.0,0.0,0.0,0.0,0.0,0.5687856999999955,court
ABOVE_THRESHOLD_NOMINAL_mu0.6_F60_r0.40_y+0.000,flat,0.083,0.06253749999999948,0.0,0.032695999553897424,0.5325374999999994,-0.45,0.0,-6.4287655658681996e-15,0.45,-19.713493901275953,19.713493901275953,0.0,0.0,0.0,0.0,0.0,0.0,0.0,0.0,0.0,0.5687856999999955,court
ABOVE_THRESHOLD_NOMINAL_mu0.6_F60_r0.40_y+0.000,flat,0.08325,0.06242499999999948,0.0,0.032695999553897424,0.5324249999999995,-0.45,0.0,-6.44790734215484e-15,0.45,-19.713493901275953,19.713493901275953,0.0,0.0,0.0,0.0,0.0,0.0,0.0,0.0,0.0,0.5687856999999955,court
ABOVE_THRESHOLD_NOMINAL_mu0.6_F60_r0.40_y+0.000,flat,0.0835,0.06231249999999948,0.0,0.032695999553897424,0.5323124999999994,-0.45,0.0,-6.46704911844148e-15,0.45,-19.713493901275953,19.713493901275953,0.0,0.0,0.0,0.0,0.0,0.0,0.0,0.0,0.0,0.5687856999999955,court
ABOVE_THRESHOLD_NOMINAL_mu0.6_F60_r0.40_y+0.000,flat,0.08375,0.06219999999999948,0.0,0.032695999553897424,0.5321999999999995,-0.45,0.0,-6.48619089472812e-15,0.45,-19.713493901275953,19.713493901275953,0.0,0.0,0.0,0.0,0.0,0.0,0.0,0.0,0.0,0.5687856999999955,court
ABOVE_THRESHOLD_NOMINAL_mu0.6_F60_r0.40_y+0.000,flat,0.084,0.062087499999999476,0.0,0.032695999553897424,0.5320874999999995,-0.45,0.0,-6.5053326710147605e-15,0.45,-19.713493901275953,19.713493901275953,0.0,0.0,0.0,0.0,0.0,0.0,0.0,0.0,0.0,0.5687856999999955,court
ABOVE_THRESHOLD_NOMINAL_mu0.6_F60_r0.40_y+0.000,flat,0.08425,0.061974999999999475,0.0,0.032695999553897424,0.5319749999999994,-0.45,0.0,-6.524474447301401e-15,0.45,-19.713493901275953,19.713493901275953,0.0,0.0,0.0,0.0,0.0,0.0,0.0,0.0,0.0,0.5687856999999955,court
ABOVE_THRESHOLD_NOMINAL_mu0.6_F60_r0.40_y+0.000,flat,0.0845,0.06186249999999947,0.0,0.032695999553897424,0.5318624999999995,-0.45,0.0,-6.543616223588041e-15,0.45,-19.713493901275953,19.713493901275953,0.0,0.0,0.0,0.0,0.0,0.0,0.0,0.0,0.0,0.5687856999999955,court
ABOVE_THRESHOLD_NOMINAL_mu0.6_F60_r0.40_y+0.000,flat,0.08475,0.06174999999999947,0.0,0.032695999553897424,0.5317499999999995,-0.45,0.0,-6.562757999874681e-15,0.45,-19.713493901275953,19.713493901275953,0.0,0.0,0.0,0.0,0.0,0.0,0.0,0.0,0.0,0.5687856999999955,court
ABOVE_THRESHOLD_NOMINAL_mu0.6_F60_r0.40_y+0.000,flat,0.085,0.06163749999999947,0.0,0.032695999553897424,0.5316374999999994,-0.45,0.0,-6.5818997761613215e-15,0.45,-19.713493901275953,19.713493901275953,0.0,0.0,0.0,0.0,0.0,0.0,0.0,0.0,0.0,0.5687856999999955,court
ABOVE_THRESHOLD_NOMINAL_mu0.6_F60_r0.40_y+0.000,flat,0.08525,0.06152499999999947,0.0,0.032695999553897424,0.5315249999999995,-0.45,0.0,-6.601041552447962e-15,0.45,-19.713493901275953,19.713493901275953,0.0,0.0,0.0,0.0,0.0,0.0,0.0,0.0,0.0,0.5687856999999955,court
ABOVE_THRESHOLD_NOMINAL_mu0.6_F60_r0.40_y+0.000,flat,0.0855,0.06141249999999947,0.0,0.032695999553897424,0.5314124999999994,-0.45,0.0,-6.620183328734602e-15,0.45,-19.713493901275953,19.713493901275953,0.0,0.0,0.0,0.0,0.0,0.0,0.0,0.0,0.0,0.5687856999999955,court
ABOVE_THRESHOLD_NOMINAL_mu0.6_F60_r0.40_y+0.000,flat,0.08575,0.061299999999999466,0.0,0.032695999553897424,0.5312999999999994,-0.45,0.0,-6.639325105021242e-15,0.45,-19.713493901275953,19.713493901275953,0.0,0.0,0.0,0.0,0.0,0.0,0.0,0.0,0.0,0.5687856999999955,court
ABOVE_THRESHOLD_NOMINAL_mu0.6_F60_r0.40_y+0.000,flat,0.08600000000000001,0.061187499999999465,0.0,0.032695999553897424,0.5311874999999995,-0.45,0.0,-6.6584668813078825e-15,0.45,-19.713493901275953,19.713493901275953,0.0,0.0,0.0,0.0,0.0,0.0,0.0,0.0,0.0,0.5687856999999955,court
ABOVE_THRESHOLD_NOMINAL_mu0.6_F60_r0.40_y+0.000,flat,0.08625000000000001,0.06107499999999946,0.0,0.032695999553897424,0.5310749999999994,-0.45,0.0,-6.677608657594523e-15,0.45,-19.713493901275953,19.713493901275953,0.0,0.0,0.0,0.0,0.0,0.0,0.0,0.0,0.0,0.5687856999999955,court
ABOVE_THRESHOLD_NOMINAL_mu0.6_F60_r0.40_y+0.000,flat,0.08650000000000001,0.06096249999999946,0.0,0.032695999553897424,0.5309624999999994,-0.45,0.0,-6.696750433881163e-15,0.45,-19.713493901275953,19.713493901275953,0.0,0.0,0.0,0.0,0.0,0.0,0.0,0.0,0.0,0.5687856999999955,court
ABOVE_THRESHOLD_NOMINAL_mu0.6_F60_r0.40_y+0.000,flat,0.08675000000000001,0.06084999999999946,0.0,0.032695999553897424,0.5308499999999994,-0.45,0.0,-6.715413665760638e-15,0.45,-19.713493901275953,19.713493901275953,0.0,0.0,0.0,0.0,0.0,0.0,0.0,0.0,0.0,0.5687856999999956,court
ABOVE_THRESHOLD_NOMINAL_mu0.6_F60_r0.40_y+0.000,flat,0.08700000000000001,0.06073749999999946,0.0,0.032695999553897424,0.5307374999999994,-0.45,0.0,-6.734076897640113e-15,0.45,-19.713493901275953,19.713493901275953,0.0,0.0,0.0,0.0,0.0,0.0,0.0,0.0,0.0,0.5687856999999956,court
ABOVE_THRESHOLD_NOMINAL_mu0.6_F60_r0.40_y+0.000,flat,0.08725000000000001,0.06062499999999946,0.0,0.032695999553897424,0.5306249999999995,-0.45,0.0,-6.752740129519588e-15,0.45,-19.713493901275953,19.713493901275953,0.0,0.0,0.0,0.0,0.0,0.0,0.0,0.0,0.0,0.5687856999999956,court
ABOVE_THRESHOLD_NOMINAL_mu0.6_F60_r0.40_y+0.000,flat,0.08750000000000001,0.060512499999999456,0.0,0.032695999553897424,0.5305124999999994,-0.45,0.0,-6.771403361399063e-15,0.45,-19.713493901275953,19.713493901275953,0.0,0.0,0.0,0.0,0.0,0.0,0.0,0.0,0.0,0.5687856999999956,court
ABOVE_THRESHOLD_NOMINAL_mu0.6_F60_r0.40_y+0.000,flat,0.08775000000000001,0.060399999999999454,0.0,0.032695999553897424,0.5303999999999994,-0.45,0.0,-6.790066593278538e-15,0.45,-19.713493901275953,19.713493901275953,0.0,0.0,0.0,0.0,0.0,0.0,0.0,0.0,0.0,0.5687856999999956,court
ABOVE_THRESHOLD_NOMINAL_mu0.6_F60_r0.40_y+0.000,flat,0.088,0.06028749999999945,0.0,0.032695999553897424,0.5302874999999995,-0.45,0.0,-6.8087298251580125e-15,0.45,-19.713493901275953,19.713493901275953,0.0,0.0,0.0,0.0,0.0,0.0,0.0,0.0,0.0,0.5687856999999956,court
ABOVE_THRESHOLD_NOMINAL_mu0.6_F60_r0.40_y+0.000,flat,0.08825,0.06017499999999945,0.0,0.032695999553897424,0.5301749999999994,-0.45,0.0,-6.8273930570374874e-15,0.45,-19.713493901275953,19.713493901275953,0.0,0.0,0.0,0.0,0.0,0.0,0.0,0.0,0.0,0.5687856999999956,court
ABOVE_THRESHOLD_NOMINAL_mu0.6_F60_r0.40_y+0.000,flat,0.0885,0.06006249999999945,0.0,0.032695999553897424,0.5300624999999994,-0.45,0.0,-6.846056288916962e-15,0.45,-19.713493901275953,19.713493901275953,0.0,0.0,0.0,0.0,0.0,0.0,0.0,0.0,0.0,0.5687856999999956,court
ABOVE_THRESHOLD_NOMINAL_mu0.6_F60_r0.40_y+0.000,flat,0.08875,0.05994999999999945,0.0,0.032695999553897424,0.5299499999999995,-0.45,0.0,-6.864719520796437e-15,0.45,-19.713493901275953,19.713493901275953,0.0,0.0,0.0,0.0,0.0,0.0,0.0,0.0,0.0,0.5687856999999956,court
ABOVE_THRESHOLD_NOMINAL_mu0.6_F60_r0.40_y+0.000,flat,0.089,0.05983749999999945,0.0,0.032695999553897424,0.5298374999999994,-0.45,0.0,-6.883382752675912e-15,0.45,-19.713493901275953,19.713493901275953,0.0,0.0,0.0,0.0,0.0,0.0,0.0,0.0,0.0,0.5687856999999956,court
ABOVE_THRESHOLD_NOMINAL_mu0.6_F60_r0.40_y+0.000,flat,0.08925,0.059724999999999445,0.0,0.032695999553897424,0.5297249999999994,-0.45,0.0,-6.902045984555387e-15,0.45,-19.713493901275953,19.713493901275953,0.0,0.0,0.0,0.0,0.0,0.0,0.0,0.0,0.0,0.5687856999999956,court
ABOVE_THRESHOLD_NOMINAL_mu0.6_F60_r0.40_y+0.000,flat,0.0895,0.059612499999999444,0.0,0.032695999553897424,0.5296124999999994,-0.45,0.0,-6.920709216434862e-15,0.45,-19.713493901275953,19.713493901275953,0.0,0.0,0.0,0.0,0.0,0.0,0.0,0.0,0.0,0.5687856999999956,court
ABOVE_THRESHOLD_NOMINAL_mu0.6_F60_r0.40_y+0.000,flat,0.08975,0.05949999999999944,0.0,0.032695999553897424,0.5294999999999994,-0.45,0.0,-6.939372448314337e-15,0.45,-19.713493901275953,19.713493901275953,0.0,0.0,0.0,0.0,0.0,0.0,0.0,0.0,0.0,0.5687856999999956,court
ABOVE_THRESHOLD_NOMINAL_mu0.6_F60_r0.40_y+0.000,flat,0.09,0.05938749999999944,0.0,0.032695999553897424,0.5293874999999995,-0.45,0.0,-6.958035680193812e-15,0.45,-19.713493901275953,19.713493901275953,0.0,0.0,0.0,0.0,0.0,0.0,0.0,0.0,0.0,0.5687856999999956,court
ABOVE_THRESHOLD_NOMINAL_mu0.6_F60_r0.40_y+0.000,flat,0.09025,0.05927499999999944,0.0,0.032695999553897424,0.5292749999999994,-0.45,0.0,-6.976698912073287e-15,0.45,-19.713493901275953,19.713493901275953,0.0,0.0,0.0,0.0,0.0,0.0,0.0,0.0,0.0,0.5687856999999956,court
ABOVE_THRESHOLD_NOMINAL_mu0.6_F60_r0.40_y+0.000,flat,0.0905,0.05916249999999944,0.0,0.032695999553897424,0.5291624999999994,-0.45,0.0,-6.995362143952762e-15,0.45,-19.713493901275953,19.713493901275953,0.0,0.0,0.0,0.0,0.0,0.0,0.0,0.0,0.0,0.5687856999999956,court
ABOVE_THRESHOLD_NOMINAL_mu0.6_F60_r0.40_y+0.000,flat,0.09075,0.059049999999999436,0.0,0.032695999553897424,0.5290499999999994,-0.45,0.0,-7.0140253758322366e-15,0.45,-19.713493901275953,19.713493901275953,0.0,0.0,0.0,0.0,0.0,0.0,0.0,0.0,0.0,0.5687856999999956,court
ABOVE_THRESHOLD_NOMINAL_mu0.6_F60_r0.40_y+0.000,flat,0.091,0.058937499999999435,0.0,0.032695999553897424,0.5289374999999994,-0.45,0.0,-7.0326886077117115e-15,0.45,-19.713493901275953,19.713493901275953,0.0,0.0,0.0,0.0,0.0,0.0,0.0,0.0,0.0,0.5687856999999956,court
ABOVE_THRESHOLD_NOMINAL_mu0.6_F60_r0.40_y+0.000,flat,0.09125,0.05882499999999943,0.0,0.032695999553897424,0.5288249999999994,-0.45,0.0,-7.0513518395911864e-15,0.45,-19.713493901275953,19.713493901275953,0.0,0.0,0.0,0.0,0.0,0.0,0.0,0.0,0.0,0.5687856999999956,court
ABOVE_THRESHOLD_NOMINAL_mu0.6_F60_r0.40_y+0.000,flat,0.0915,0.05871249999999943,0.0,0.032695999553897424,0.5287124999999994,-0.45,0.0,-7.070015071470661e-15,0.45,-19.713493901275953,19.713493901275953,0.0,0.0,0.0,0.0,0.0,0.0,0.0,0.0,0.0,0.5687856999999956,court
ABOVE_THRESHOLD_NOMINAL_mu0.6_F60_r0.40_y+0.000,flat,0.09175,0.05859999999999943,0.0,0.032695999553897424,0.5285999999999994,-0.45,0.0,-7.088678303350136e-15,0.45,-19.713493901275953,19.713493901275953,0.0,0.0,0.0,0.0,0.0,0.0,0.0,0.0,0.0,0.5687856999999956,court
ABOVE_THRESHOLD_NOMINAL_mu0.6_F60_r0.40_y+0.000,flat,0.092,0.05848749999999943,0.0,0.032695999553897424,0.5284874999999994,-0.45,0.0,-7.107341535229611e-15,0.45,-19.713493901275953,19.713493901275953,0.0,0.0,0.0,0.0,0.0,0.0,0.0,0.0,0.0,0.5687856999999956,court
ABOVE_THRESHOLD_NOMINAL_mu0.6_F60_r0.40_y+0.000,flat,0.09225,0.05837499999999943,0.0,0.032695999553897424,0.5283749999999994,-0.45,0.0,-7.126004767109085e-15,0.45,-19.713493901275953,19.713493901275953,0.0,0.0,0.0,0.0,0.0,0.0,0.0,0.0,0.0,0.5687856999999956,court
ABOVE_THRESHOLD_NOMINAL_mu0.6_F60_r0.40_y+0.000,flat,0.0925,0.058262499999999426,0.0,0.032695999553897424,0.5282624999999994,-0.45,0.0,-7.14466799898856e-15,0.45,-19.713493901275953,19.713493901275953,0.0,0.0,0.0,0.0,0.0,0.0,0.0,0.0,0.0,0.5687856999999956,court
ABOVE_THRESHOLD_NOMINAL_mu0.6_F60_r0.40_y+0.000,flat,0.09275,0.058149999999999424,0.0,0.032695999553897424,0.5281499999999995,-0.45,0.0,-7.163331230868034e-15,0.45,-19.713493901275953,19.713493901275953,0.0,0.0,0.0,0.0,0.0,0.0,0.0,0.0,0.0,0.5687856999999956,court
ABOVE_THRESHOLD_NOMINAL_mu0.6_F60_r0.40_y+0.000,flat,0.093,0.05803749999999942,0.0,0.032695999553897424,0.5280374999999994,-0.45,0.0,-7.181994462747508e-15,0.45,-19.713493901275953,19.713493901275953,0.0,0.0,0.0,0.0,0.0,0.0,0.0,0.0,0.0,0.5687856999999956,court
ABOVE_THRESHOLD_NOMINAL_mu0.6_F60_r0.40_y+0.000,flat,0.09325,0.05792499999999942,0.0,0.032695999553897424,0.5279249999999994,-0.45,0.0,-7.200657694626982e-15,0.45,-19.713493901275953,19.713493901275953,0.0,0.0,0.0,0.0,0.0,0.0,0.0,0.0,0.0,0.5687856999999956,court
ABOVE_THRESHOLD_NOMINAL_mu0.6_F60_r0.40_y+0.000,flat,0.0935,0.05781249999999942,0.0,0.032695999553897424,0.5278124999999994,-0.45,0.0,-7.219320926506456e-15,0.45,-19.713493901275953,19.713493901275953,0.0,0.0,0.0,0.0,0.0,0.0,0.0,0.0,0.0,0.5687856999999956,court
ABOVE_THRESHOLD_NOMINAL_mu0.6_F60_r0.40_y+0.000,flat,0.09375,0.05769999999999942,0.0,0.032695999553897424,0.5276999999999994,-0.45,0.0,-7.23798415838593e-15,0.45,-19.713493901275953,19.713493901275953,0.0,0.0,0.0,0.0,0.0,0.0,0.0,0.0,0.0,0.5687856999999956,court
ABOVE_THRESHOLD_NOMINAL_mu0.6_F60_r0.40_y+0.000,flat,0.094,0.05758749999999942,0.0,0.032695999553897424,0.5275874999999994,-0.45,0.0,-7.256647390265404e-15,0.45,-19.713493901275953,19.713493901275953,0.0,0.0,0.0,0.0,0.0,0.0,0.0,0.0,0.0,0.5687856999999956,court
ABOVE_THRESHOLD_NOMINAL_mu0.6_F60_r0.40_y+0.000,flat,0.09425,0.057474999999999415,0.0,0.032695999553897424,0.5274749999999994,-0.45,0.0,-7.275310622144878e-15,0.45,-19.713493901275953,19.713493901275953,0.0,0.0,0.0,0.0,0.0,0.0,0.0,0.0,0.0,0.5687856999999956,court
ABOVE_THRESHOLD_NOMINAL_mu0.6_F60_r0.40_y+0.000,flat,0.0945,0.057362499999999414,0.0,0.032695999553897424,0.5273624999999994,-0.45,0.0,-7.293973854024352e-15,0.45,-19.713493901275953,19.713493901275953,0.0,0.0,0.0,0.0,0.0,0.0,0.0,0.0,0.0,0.5687856999999956,court
ABOVE_THRESHOLD_NOMINAL_mu0.6_F60_r0.40_y+0.000,flat,0.09475,0.05724999999999941,0.0,0.032695999553897424,0.5272499999999993,-0.45,0.0,-7.312637085903827e-15,0.45,-19.713493901275953,19.713493901275953,0.0,0.0,0.0,0.0,0.0,0.0,0.0,0.0,0.0,0.5687856999999956,court
ABOVE_THRESHOLD_NOMINAL_mu0.6_F60_r0.40_y+0.000,flat,0.095,0.05713749999999941,0.0,0.032695999553897424,0.5271374999999994,-0.45,0.0,-7.3313003177833e-15,0.45,-19.713493901275953,19.713493901275953,0.0,0.0,0.0,0.0,0.0,0.0,0.0,0.0,0.0,0.5687856999999956,court
ABOVE_THRESHOLD_NOMINAL_mu0.6_F60_r0.40_y+0.000,flat,0.09525,0.05702499999999941,0.0,0.032695999553897424,0.5270249999999994,-0.45,0.0,-7.349963549662775e-15,0.45,-19.713493901275953,19.713493901275953,0.0,0.0,0.0,0.0,0.0,0.0,0.0,0.0,0.0,0.5687856999999956,court
ABOVE_THRESHOLD_NOMINAL_mu0.6_F60_r0.40_y+0.000,flat,0.0955,0.05691249999999941,0.0,0.032695999553897424,0.5269124999999993,-0.45,0.0,-7.368626781542249e-15,0.45,-19.713493901275953,19.713493901275953,0.0,0.0,0.0,0.0,0.0,0.0,0.0,0.0,0.0,0.5687856999999956,court
ABOVE_THRESHOLD_NOMINAL_mu0.6_F60_r0.40_y+0.000,flat,0.09575,0.056799999999999407,0.0,0.032695999553897424,0.5267999999999994,-0.45,0.0,-7.387290013421723e-15,0.45,-19.713493901275953,19.713493901275953,0.0,0.0,0.0,0.0,0.0,0.0,0.0,0.0,0.0,0.5687856999999956,court
ABOVE_THRESHOLD_NOMINAL_mu0.6_F60_r0.40_y+0.000,flat,0.096,0.056687499999999405,0.0,0.032695999553897424,0.5266874999999994,-0.45,0.0,-7.405953245301197e-15,0.45,-19.713493901275953,19.713493901275953,0.0,0.0,0.0,0.0,0.0,0.0,0.0,0.0,0.0,0.5687856999999956,court
ABOVE_THRESHOLD_NOMINAL_mu0.6_F60_r0.40_y+0.000,flat,0.09625,0.056574999999999404,0.0,0.032695999553897424,0.5265749999999993,-0.45,0.0,-7.424616477180671e-15,0.45,-19.713493901275953,19.713493901275953,0.0,0.0,0.0,0.0,0.0,0.0,0.0,0.0,0.0,0.5687856999999956,court
ABOVE_THRESHOLD_NOMINAL_mu0.6_F60_r0.40_y+0.000,flat,0.0965,0.0564624999999994,0.0,0.032695999553897424,0.5264624999999994,-0.45,0.0,-7.443279709060145e-15,0.45,-19.713493901275953,19.713493901275953,0.0,0.0,0.0,0.0,0.0,0.0,0.0,0.0,0.0,0.5687856999999956,court
ABOVE_THRESHOLD_NOMINAL_mu0.6_F60_r0.40_y+0.000,flat,0.09675,0.0563499999999994,0.0,0.032695999553897424,0.5263499999999994,-0.45,0.0,-7.46194294093962e-15,0.45,-19.713493901275953,19.713493901275953,0.0,0.0,0.0,0.0,0.0,0.0,0.0,0.0,0.0,0.5687856999999956,court
ABOVE_THRESHOLD_NOMINAL_mu0.6_F60_r0.40_y+0.000,flat,0.097,0.0562374999999994,0.0,0.032695999553897424,0.5262374999999994,-0.45,0.0,-7.480606172819094e-15,0.45,-19.713493901275953,19.713493901275953,0.0,0.0,0.0,0.0,0.0,0.0,0.0,0.0,0.0,0.5687856999999956,court
ABOVE_THRESHOLD_NOMINAL_mu0.6_F60_r0.40_y+0.000,flat,0.09725,0.0561249999999994,0.0,0.032695999553897424,0.5261249999999994,-0.45,0.0,-7.499269404698568e-15,0.45,-19.713493901275953,19.713493901275953,0.0,0.0,0.0,0.0,0.0,0.0,0.0,0.0,0.0,0.5687856999999956,court
ABOVE_THRESHOLD_NOMINAL_mu0.6_F60_r0.40_y+0.000,flat,0.0975,0.056012499999999396,0.0,0.032695999553897424,0.5260124999999993,-0.45,0.0,-7.517932636578042e-15,0.45,-19.713493901275953,19.713493901275953,0.0,0.0,0.0,0.0,0.0,0.0,0.0,0.0,0.0,0.5687856999999956,court
ABOVE_THRESHOLD_NOMINAL_mu0.6_F60_r0.40_y+0.000,flat,0.09775,0.055899999999999395,0.0,0.032695999553897424,0.5258999999999994,-0.45,0.0,-7.536595868457516e-15,0.45,-19.713493901275953,19.713493901275953,0.0,0.0,0.0,0.0,0.0,0.0,0.0,0.0,0.0,0.5687856999999956,court
ABOVE_THRESHOLD_NOMINAL_mu0.6_F60_r0.40_y+0.000,flat,0.098,0.05578749999999939,0.0,0.032695999553897424,0.5257874999999994,-0.45,0.0,-7.55525910033699e-15,0.45,-19.713493901275953,19.713493901275953,0.0,0.0,0.0,0.0,0.0,0.0,0.0,0.0,0.0,0.5687856999999956,court
ABOVE_THRESHOLD_NOMINAL_mu0.6_F60_r0.40_y+0.000,flat,0.09825,0.05567499999999939,0.0,0.032695999553897424,0.5256749999999993,-0.45,0.0,-7.573922332216464e-15,0.45,-19.713493901275953,19.713493901275953,0.0,0.0,0.0,0.0,0.0,0.0,0.0,0.0,0.0,0.5687856999999956,court
ABOVE_THRESHOLD_NOMINAL_mu0.6_F60_r0.40_y+0.000,flat,0.0985,0.05556249999999939,0.0,0.032695999553897424,0.5255624999999994,-0.45,0.0,-7.592585564095938e-15,0.45,-19.713493901275953,19.713493901275953,0.0,0.0,0.0,0.0,0.0,0.0,0.0,0.0,0.0,0.5687856999999956,court
ABOVE_THRESHOLD_NOMINAL_mu0.6_F60_r0.40_y+0.000,flat,0.09875,0.05544999999999939,0.0,0.032695999553897424,0.5254499999999993,-0.45,0.0,-7.611248795975413e-15,0.45,-19.713493901275953,19.713493901275953,0.0,0.0,0.0,0.0,0.0,0.0,0.0,0.0,0.0,0.5687856999999956,court
ABOVE_THRESHOLD_NOMINAL_mu0.6_F60_r0.40_y+0.000,flat,0.099,0.05533749999999939,0.0,0.032695999553897424,0.5253374999999993,-0.45,0.0,-7.629912027854887e-15,0.45,-19.713493901275953,19.713493901275953,0.0,0.0,0.0,0.0,0.0,0.0,0.0,0.0,0.0,0.5687856999999956,court
ABOVE_THRESHOLD_NOMINAL_mu0.6_F60_r0.40_y+0.000,flat,0.09925,0.055224999999999386,0.0,0.032695999553897424,0.5252249999999994,-0.45,0.0,-7.64857525973436e-15,0.45,-19.713493901275953,19.713493901275953,0.0,0.0,0.0,0.0,0.0,0.0,0.0,0.0,0.0,0.5687856999999956,court
ABOVE_THRESHOLD_NOMINAL_mu0.6_F60_r0.40_y+0.000,flat,0.0995,0.055112499999999384,0.0,0.032695999553897424,0.5251124999999993,-0.45,0.0,-7.667238491613835e-15,0.45,-19.713493901275953,19.713493901275953,0.0,0.0,0.0,0.0,0.0,0.0,0.0,0.0,0.0,0.5687856999999956,court
ABOVE_THRESHOLD_NOMINAL_mu0.6_F60_r0.40_y+0.000,flat,0.09975,0.05499999999999938,0.0,0.032695999553897424,0.5249999999999994,-0.45,0.0,-7.685901723493309e-15,0.45,-19.713493901275953,19.713493901275953,0.0,0.0,0.0,0.0,0.0,0.0,0.0,0.0,0.0,0.5687856999999956,court
ABOVE_THRESHOLD_NOMINAL_mu0.6_F60_r0.40_y+0.000,flat,0.1,0.05488749999999938,0.0,0.032695999553897424,0.5248874999999994,-0.45,0.0,-7.704564955372783e-15,0.45,-19.713493901275953,19.713493901275953,0.0,0.0,0.0,0.0,0.0,0.0,0.0,0.0,0.0,0.5687856999999956,court
ABOVE_THRESHOLD_NOMINAL_mu0.6_F60_r0.40_y+0.000,flat,0.10025,0.05477499999999938,0.0,0.032695999553897424,0.5247749999999993,-0.45,0.0,-7.723228187252257e-15,0.45,-19.713493901275953,19.713493901275953,0.0,0.0,0.0,0.0,0.0,0.0,0.0,0.0,0.0,0.5687856999999956,court
ABOVE_THRESHOLD_NOMINAL_mu0.6_F60_r0.40_y+0.000,flat,0.1005,0.05466249999999938,0.0,0.032695999553897424,0.5246624999999994,-0.45,0.0,-7.741891419131731e-15,0.45,-19.713493901275953,19.713493901275953,0.0,0.0,0.0,0.0,0.0,0.0,0.0,0.0,0.0,0.5687856999999956,court
ABOVE_THRESHOLD_NOMINAL_mu0.6_F60_r0.40_y+0.000,flat,0.10075,0.05454999999999938,0.0,0.032695999553897424,0.5245499999999994,-0.45,0.0,-7.760554651011205e-15,0.45,-19.713493901275953,19.713493901275953,0.0,0.0,0.0,0.0,0.0,0.0,0.0,0.0,0.0,0.5687856999999956,court
ABOVE_THRESHOLD_NOMINAL_mu0.6_F60_r0.40_y+0.000,flat,0.101,0.054437499999999375,0.0,0.032695999553897424,0.5244374999999993,-0.45,0.0,-7.77921788289068e-15,0.45,-19.713493901275953,19.713493901275953,0.0,0.0,0.0,0.0,0.0,0.0,0.0,0.0,0.0,0.5687856999999956,court
ABOVE_THRESHOLD_NOMINAL_mu0.6_F60_r0.40_y+0.000,flat,0.10125,0.054324999999999374,0.0,0.032695999553897424,0.5243249999999994,-0.45,0.0,-7.797881114770154e-15,0.45,-19.713493901275953,19.713493901275953,0.0,0.0,0.0,0.0,0.0,0.0,0.0,0.0,0.0,0.5687856999999956,court
ABOVE_THRESHOLD_NOMINAL_mu0.6_F60_r0.40_y+0.000,flat,0.1015,0.05421249999999937,0.0,0.032695999553897424,0.5242124999999993,-0.45,0.0,-7.816544346649628e-15,0.45,-19.713493901275953,19.713493901275953,0.0,0.0,0.0,0.0,0.0,0.0,0.0,0.0,0.0,0.5687856999999956,court
ABOVE_THRESHOLD_NOMINAL_mu0.6_F60_r0.40_y+0.000,flat,0.10175000000000001,0.05409999999999937,0.0,0.032695999553897424,0.5240999999999993,-0.45,0.0,-7.835207578529102e-15,0.45,-19.713493901275953,19.713493901275953,0.0,0.0,0.0,0.0,0.0,0.0,0.0,0.0,0.0,0.5687856999999956,court
ABOVE_THRESHOLD_NOMINAL_mu0.6_F60_r0.40_y+0.000,flat,0.10200000000000001,0.05398749999999937,0.0,0.032695999553897424,0.5239874999999994,-0.45,0.0,-7.853870810408576e-15,0.45,-19.713493901275953,19.713493901275953,0.0,0.0,0.0,0.0,0.0,0.0,0.0,0.0,0.0,0.5687856999999956,court
ABOVE_THRESHOLD_NOMINAL_mu0.6_F60_r0.40_y+0.000,flat,0.10225000000000001,0.05387499999999937,0.0,0.032695999553897424,0.5238749999999993,-0.45,0.0,-7.87253404228805e-15,0.45,-19.713493901275953,19.713493901275953,0.0,0.0,0.0,0.0,0.0,0.0,0.0,0.0,0.0,0.5687856999999956,court
ABOVE_THRESHOLD_NOMINAL_mu0.6_F60_r0.40_y+0.000,flat,0.10250000000000001,0.053762499999999366,0.0,0.032695999553897424,0.5237624999999994,-0.45,0.0,-7.891197274167524e-15,0.45,-19.713493901275953,19.713493901275953,0.0,0.0,0.0,0.0,0.0,0.0,0.0,0.0,0.0,0.5687856999999956,court
ABOVE_THRESHOLD_NOMINAL_mu0.6_F60_r0.40_y+0.000,flat,0.10275000000000001,0.053649999999999365,0.0,0.032695999553897424,0.5236499999999993,-0.45,0.0,-7.909860506046998e-15,0.45,-19.713493901275953,19.713493901275953,0.0,0.0,0.0,0.0,0.0,0.0,0.0,0.0,0.0,0.5687856999999956,court
ABOVE_THRESHOLD_NOMINAL_mu0.6_F60_r0.40_y+0.000,flat,0.10300000000000001,0.05353749999999936,0.0,0.032695999553897424,0.5235374999999993,-0.45,0.0,-7.928523737926473e-15,0.45,-19.713493901275953,19.713493901275953,0.0,0.0,0.0,0.0,0.0,0.0,0.0,0.0,0.0,0.5687856999999956,court
ABOVE_THRESHOLD_NOMINAL_mu0.6_F60_r0.40_y+0.000,flat,0.10325000000000001,0.05342499999999936,0.0,0.032695999553897424,0.5234249999999994,-0.45,0.0,-7.947186969805947e-15,0.45,-19.713493901275953,19.713493901275953,0.0,0.0,0.0,0.0,0.0,0.0,0.0,0.0,0.0,0.5687856999999956,court
ABOVE_THRESHOLD_NOMINAL_mu0.6_F60_r0.40_y+0.000,flat,0.10350000000000001,0.05331249999999936,0.0,0.032695999553897424,0.5233124999999993,-0.45,0.0,-7.965850201685421e-15,0.45,-19.713493901275953,19.713493901275953,0.0,0.0,0.0,0.0,0.0,0.0,0.0,0.0,0.0,0.5687856999999956,court
ABOVE_THRESHOLD_NOMINAL_mu0.6_F60_r0.40_y+0.000,flat,0.10375000000000001,0.05319999999999936,0.0,0.032695999553897424,0.5231999999999993,-0.45,0.0,-7.984513433564895e-15,0.45,-19.713493901275953,19.713493901275953,0.0,0.0,0.0,0.0,0.0,0.0,0.0,0.0,0.0,0.5687856999999956,court
ABOVE_THRESHOLD_NOMINAL_mu0.6_F60_r0.40_y+0.000,flat,0.10400000000000001,0.05308749999999936,0.0,0.032695999553897424,0.5230874999999994,-0.45,0.0,-8.003176665444369e-15,0.45,-19.713493901275953,19.713493901275953,0.0,0.0,0.0,0.0,0.0,0.0,0.0,0.0,0.0,0.5687856999999956,court
ABOVE_THRESHOLD_NOMINAL_mu0.6_F60_r0.40_y+0.000,flat,0.10425,0.052974999999999356,0.0,0.032695999553897424,0.5229749999999993,-0.45,0.0,-8.021839897323843e-15,0.45,-19.713493901275953,19.713493901275953,0.0,0.0,0.0,0.0,0.0,0.0,0.0,0.0,0.0,0.5687856999999956,court
ABOVE_THRESHOLD_NOMINAL_mu0.6_F60_r0.40_y+0.000,flat,0.1045,0.052862499999999354,0.0,0.032695999553897424,0.5228624999999993,-0.45,0.0,-8.040503129203317e-15,0.45,-19.713493901275953,19.713493901275953,0.0,0.0,0.0,0.0,0.0,0.0,0.0,0.0,0.0,0.5687856999999956,court
ABOVE_THRESHOLD_NOMINAL_mu0.6_F60_r0.40_y+0.000,flat,0.10475,0.05274999999999935,0.0,0.032695999553897424,0.5227499999999994,-0.45,0.0,-8.059166361082791e-15,0.45,-19.713493901275953,19.713493901275953,0.0,0.0,0.0,0.0,0.0,0.0,0.0,0.0,0.0,0.5687856999999956,court
ABOVE_THRESHOLD_NOMINAL_mu0.6_F60_r0.40_y+0.000,flat,0.105,0.05263749999999935,0.0,0.032695999553897424,0.5226374999999993,-0.45,0.0,-8.077829592962266e-15,0.45,-19.713493901275953,19.713493901275953,0.0,0.0,0.0,0.0,0.0,0.0,0.0,0.0,0.0,0.5687856999999956,court
ABOVE_THRESHOLD_NOMINAL_mu0.6_F60_r0.40_y+0.000,flat,0.10525,0.05252499999999935,0.0,0.032695999553897424,0.5225249999999994,-0.45,0.0,-8.09649282484174e-15,0.45,-19.713493901275953,19.713493901275953,0.0,0.0,0.0,0.0,0.0,0.0,0.0,0.0,0.0,0.5687856999999956,court
ABOVE_THRESHOLD_NOMINAL_mu0.6_F60_r0.40_y+0.000,flat,0.1055,0.05241249999999935,0.0,0.032695999553897424,0.5224124999999993,-0.45,0.0,-8.115156056721214e-15,0.45,-19.713493901275953,19.713493901275953,0.0,0.0,0.0,0.0,0.0,0.0,0.0,0.0,0.0,0.5687856999999956,court
ABOVE_THRESHOLD_NOMINAL_mu0.6_F60_r0.40_y+0.000,flat,0.10575,0.05229999999999935,0.0,0.032695999553897424,0.5222999999999993,-0.45,0.0,-8.133819288600688e-15,0.45,-19.713493901275953,19.713493901275953,0.0,0.0,0.0,0.0,0.0,0.0,0.0,0.0,0.0,0.5687856999999956,court
ABOVE_THRESHOLD_NOMINAL_mu0.6_F60_r0.40_y+0.000,flat,0.106,0.052187499999999346,0.0,0.032695999553897424,0.5221874999999994,-0.45,0.0,-8.152482520480162e-15,0.45,-19.713493901275953,19.713493901275953,0.0,0.0,0.0,0.0,0.0,0.0,0.0,0.0,0.0,0.5687856999999956,court
ABOVE_THRESHOLD_NOMINAL_mu0.6_F60_r0.40_y+0.000,flat,0.10625,0.052074999999999344,0.0,0.032695999553897424,0.5220749999999993,-0.45,0.0,-8.171145752359636e-15,0.45,-19.713493901275953,19.713493901275953,0.0,0.0,0.0,0.0,0.0,0.0,0.0,0.0,0.0,0.5687856999999956,court
ABOVE_THRESHOLD_NOMINAL_mu0.6_F60_r0.40_y+0.000,flat,0.1065,0.05196249999999934,0.0,0.032695999553897424,0.5219624999999993,-0.45,0.0,-8.18980898423911e-15,0.45,-19.713493901275953,19.713493901275953,0.0,0.0,0.0,0.0,0.0,0.0,0.0,0.0,0.0,0.5687856999999956,court
ABOVE_THRESHOLD_NOMINAL_mu0.6_F60_r0.40_y+0.000,flat,0.10675,0.05184999999999934,0.0,0.032695999553897424,0.5218499999999993,-0.45,0.0,-8.208472216118584e-15,0.45,-19.713493901275953,19.713493901275953,0.0,0.0,0.0,0.0,0.0,0.0,0.0,0.0,0.0,0.5687856999999956,court
ABOVE_THRESHOLD_NOMINAL_mu0.6_F60_r0.40_y+0.000,flat,0.107,0.05173749999999934,0.0,0.032695999553897424,0.5217374999999993,-0.45,0.0,-8.227135447998059e-15,0.45,-19.713493901275953,19.713493901275953,0.0,0.0,0.0,0.0,0.0,0.0,0.0,0.0,0.0,0.5687856999999956,court
ABOVE_THRESHOLD_NOMINAL_mu0.6_F60_r0.40_y+0.000,flat,0.10725,0.05162499999999934,0.0,0.032695999553897424,0.5216249999999993,-0.45,0.0,-8.245798679877533e-15,0.45,-19.713493901275953,19.713493901275953,0.0,0.0,0.0,0.0,0.0,0.0,0.0,0.0,0.0,0.5687856999999956,court
ABOVE_THRESHOLD_NOMINAL_mu0.6_F60_r0.40_y+0.000,flat,0.1075,0.05151249999999934,0.0,0.032695999553897424,0.5215124999999993,-0.45,0.0,-8.264461911757007e-15,0.45,-19.713493901275953,19.713493901275953,0.0,0.0,0.0,0.0,0.0,0.0,0.0,0.0,0.0,0.5687856999999956,court
ABOVE_THRESHOLD_NOMINAL_mu0.6_F60_r0.40_y+0.000,flat,0.10775,0.051399999999999335,0.0,0.032695999553897424,0.5213999999999993,-0.45,0.0,-8.283125143636481e-15,0.45,-19.713493901275953,19.713493901275953,0.0,0.0,0.0,0.0,0.0,0.0,0.0,0.0,0.0,0.5687856999999956,court
ABOVE_THRESHOLD_NOMINAL_mu0.6_F60_r0.40_y+0.000,flat,0.108,0.051287499999999334,0.0,0.032695999553897424,0.5212874999999993,-0.45,0.0,-8.301788375515955e-15,0.45,-19.713493901275953,19.713493901275953,0.0,0.0,0.0,0.0,0.0,0.0,0.0,0.0,0.0,0.5687856999999956,court
ABOVE_THRESHOLD_NOMINAL_mu0.6_F60_r0.40_y+0.000,flat,0.10825,0.05117499999999933,0.0,0.032695999553897424,0.5211749999999993,-0.45,0.0,-8.32045160739543e-15,0.45,-19.713493901275953,19.713493901275953,0.0,0.0,0.0,0.0,0.0,0.0,0.0,0.0,0.0,0.5687856999999956,court
ABOVE_THRESHOLD_NOMINAL_mu0.6_F60_r0.40_y+0.000,flat,0.1085,0.05106249999999933,0.0,0.032695999553897424,0.5210624999999993,-0.45,0.0,-8.339114839274903e-15,0.45,-19.713493901275953,19.713493901275953,0.0,0.0,0.0,0.0,0.0,0.0,0.0,0.0,0.0,0.5687856999999956,court
ABOVE_THRESHOLD_NOMINAL_mu0.6_F60_r0.40_y+0.000,flat,0.10875,0.05094999999999933,0.0,0.032695999553897424,0.5209499999999994,-0.45,0.0,-8.357778071154377e-15,0.45,-19.713493901275953,19.713493901275953,0.0,0.0,0.0,0.0,0.0,0.0,0.0,0.0,0.0,0.5687856999999956,court
ABOVE_THRESHOLD_NOMINAL_mu0.6_F60_r0.40_y+0.000,flat,0.109,0.05083749999999933,0.0,0.032695999553897424,0.5208374999999993,-0.45,0.0,-8.376441303033852e-15,0.45,-19.713493901275953,19.713493901275953,0.0,0.0,0.0,0.0,0.0,0.0,0.0,0.0,0.0,0.5687856999999956,court
ABOVE_THRESHOLD_NOMINAL_mu0.6_F60_r0.40_y+0.000,flat,0.10925,0.050724999999999326,0.0,0.032695999553897424,0.5207249999999993,-0.45,0.0,-8.395104534913326e-15,0.45,-19.713493901275953,19.713493901275953,0.0,0.0,0.0,0.0,0.0,0.0,0.0,0.0,0.0,0.5687856999999956,court
ABOVE_THRESHOLD_NOMINAL_mu0.6_F60_r0.40_y+0.000,flat,0.1095,0.050612499999999325,0.0,0.032695999553897424,0.5206124999999993,-0.45,0.0,-8.4137677667928e-15,0.45,-19.713493901275953,19.713493901275953,0.0,0.0,0.0,0.0,0.0,0.0,0.0,0.0,0.0,0.5687856999999956,court
ABOVE_THRESHOLD_NOMINAL_mu0.6_F60_r0.40_y+0.000,flat,0.10975,0.05049999999999932,0.0,0.032695999553897424,0.5204999999999993,-0.45,0.0,-8.432430998672274e-15,0.45,-19.713493901275953,19.713493901275953,0.0,0.0,0.0,0.0,0.0,0.0,0.0,0.0,0.0,0.5687856999999956,court
ABOVE_THRESHOLD_NOMINAL_mu0.6_F60_r0.40_y+0.000,flat,0.11,0.05038749999999932,0.0,0.032695999553897424,0.5203874999999993,-0.45,0.0,-8.451094230551748e-15,0.45,-19.713493901275953,19.713493901275953,0.0,0.0,0.0,0.0,0.0,0.0,0.0,0.0,0.0,0.5687856999999956,court
ABOVE_THRESHOLD_NOMINAL_mu0.6_F60_r0.40_y+0.000,flat,0.11025,0.05027499999999932,0.0,0.032695999553897424,0.5202749999999993,-0.45,0.0,-8.469757462431222e-15,0.45,-19.713493901275953,19.713493901275953,0.0,0.0,0.0,0.0,0.0,0.0,0.0,0.0,0.0,0.5687856999999956,court
ABOVE_THRESHOLD_NOMINAL_mu0.6_F60_r0.40_y+0.000,flat,0.1105,0.05016249999999932,0.0,0.032695999553897424,0.5201624999999993,-0.45,0.0,-8.488420694310696e-15,0.45,-19.713493901275953,19.713493901275953,0.0,0.0,0.0,0.0,0.0,0.0,0.0,0.0,0.0,0.5687856999999956,court
ABOVE_THRESHOLD_NOMINAL_mu0.6_F60_r0.40_y+0.000,flat,0.11075,0.05004999999999932,0.0,0.032695999553897424,0.5200499999999992,-0.45,0.0,-8.50708392619017e-15,0.45,-19.713493901275953,19.713493901275953,0.0,0.0,0.0,0.0,0.0,0.0,0.0,0.0,0.0,0.5687856999999956,court
ABOVE_THRESHOLD_NOMINAL_mu0.6_F60_r0.40_y+0.000,flat,0.111,0.049937499999999316,0.0,0.032695999553897424,0.5199374999999993,-0.45,0.0,-8.525747158069645e-15,0.45,-19.713493901275953,19.713493901275953,0.0,0.0,0.0,0.0,0.0,0.0,0.0,0.0,0.0,0.5687856999999956,court
ABOVE_THRESHOLD_NOMINAL_mu0.6_F60_r0.40_y+0.000,flat,0.11125,0.049824999999999314,0.0,0.032695999553897424,0.5198249999999993,-0.45,0.0,-8.544410389949119e-15,0.45,-19.713493901275953,19.713493901275953,0.0,0.0,0.0,0.0,0.0,0.0,0.0,0.0,0.0,0.5687856999999956,court
ABOVE_THRESHOLD_NOMINAL_mu0.6_F60_r0.40_y+0.000,flat,0.1115,0.04971249999999931,0.0,0.032695999553897424,0.5197124999999992,-0.45,0.0,-8.563073621828593e-15,0.45,-19.713493901275953,19.713493901275953,0.0,0.0,0.0,0.0,0.0,0.0,0.0,0.0,0.0,0.5687856999999956,court
ABOVE_THRESHOLD_NOMINAL_mu0.6_F60_r0.40_y+0.000,flat,0.11175,0.04959999999999931,0.0,0.032695999553897424,0.5195999999999993,-0.45,0.0,-8.581736853708067e-15,0.45,-19.713493901275953,19.713493901275953,0.0,0.0,0.0,0.0,0.0,0.0,0.0,0.0,0.0,0.5687856999999956,court
ABOVE_THRESHOLD_NOMINAL_mu0.6_F60_r0.40_y+0.000,flat,0.112,0.04948749999999931,0.0,0.032695999553897424,0.5194874999999993,-0.45,0.0,-8.600400085587541e-15,0.45,-19.713493901275953,19.713493901275953,0.0,0.0,0.0,0.0,0.0,0.0,0.0,0.0,0.0,0.5687856999999956,court
ABOVE_THRESHOLD_NOMINAL_mu0.6_F60_r0.40_y+0.000,flat,0.11225,0.04937499999999931,0.0,0.032695999553897424,0.5193749999999993,-0.45,0.0,-8.619063317467015e-15,0.45,-19.713493901275953,19.713493901275953,0.0,0.0,0.0,0.0,0.0,0.0,0.0,0.0,0.0,0.5687856999999956,court
ABOVE_THRESHOLD_NOMINAL_mu0.6_F60_r0.40_y+0.000,flat,0.1125,0.04926249999999931,0.0,0.032695999553897424,0.5192624999999993,-0.45,0.0,-8.63772654934649e-15,0.45,-19.713493901275953,19.713493901275953,0.0,0.0,0.0,0.0,0.0,0.0,0.0,0.0,0.0,0.5687856999999956,court
ABOVE_THRESHOLD_NOMINAL_mu0.6_F60_r0.40_y+0.000,flat,0.11275,0.049149999999999305,0.0,0.032695999553897424,0.5191499999999993,-0.45,0.0,-8.656389781225963e-15,0.45,-19.713493901275953,19.713493901275953,0.0,0.0,0.0,0.0,0.0,0.0,0.0,0.0,0.0,0.5687856999999956,court
ABOVE_THRESHOLD_NOMINAL_mu0.6_F60_r0.40_y+0.000,flat,0.113,0.049037499999999304,0.0,0.032695999553897424,0.5190374999999993,-0.45,0.0,-8.675053013105438e-15,0.45,-19.713493901275953,19.713493901275953,0.0,0.0,0.0,0.0,0.0,0.0,0.0,0.0,0.0,0.5687856999999956,court
ABOVE_THRESHOLD_NOMINAL_mu0.6_F60_r0.40_y+0.000,flat,0.11325,0.0489249999999993,0.0,0.032695999553897424,0.5189249999999993,-0.45,0.0,-8.693716244984912e-15,0.45,-19.713493901275953,19.713493901275953,0.0,0.0,0.0,0.0,0.0,0.0,0.0,0.0,0.0,0.5687856999999956,court
ABOVE_THRESHOLD_NOMINAL_mu0.6_F60_r0.40_y+0.000,flat,0.1135,0.0488124999999993,0.0,0.032695999553897424,0.5188124999999992,-0.45,0.0,-8.712379476864386e-15,0.45,-19.713493901275953,19.713493901275953,0.0,0.0,0.0,0.0,0.0,0.0,0.0,0.0,0.0,0.5687856999999956,court
ABOVE_THRESHOLD_NOMINAL_mu0.6_F60_r0.40_y+0.000,flat,0.11375,0.0486999999999993,0.0,0.032695999553897424,0.5186999999999993,-0.45,0.0,-8.73104270874386e-15,0.45,-19.713493901275953,19.713493901275953,0.0,0.0,0.0,0.0,0.0,0.0,0.0,0.0,0.0,0.5687856999999956,court
ABOVE_THRESHOLD_NOMINAL_mu0.6_F60_r0.40_y+0.000,flat,0.114,0.0485874999999993,0.0,0.032695999553897424,0.5185874999999993,-0.45,0.0,-8.749705940623334e-15,0.45,-19.713493901275953,19.713493901275953,0.0,0.0,0.0,0.0,0.0,0.0,0.0,0.0,0.0,0.5687856999999956,court
ABOVE_THRESHOLD_NOMINAL_mu0.6_F60_r0.40_y+0.000,flat,0.11425,0.048474999999999296,0.0,0.032695999553897424,0.5184749999999992,-0.45,0.0,-8.768369172502808e-15,0.45,-19.713493901275953,19.713493901275953,0.0,0.0,0.0,0.0,0.0,0.0,0.0,0.0,0.0,0.5687856999999956,court
ABOVE_THRESHOLD_NOMINAL_mu0.6_F60_r0.40_y+0.000,flat,0.1145,0.048362499999999295,0.0,0.032695999553897424,0.5183624999999993,-0.45,0.0,-8.787032404382282e-15,0.45,-19.713493901275953,19.713493901275953,0.0,0.0,0.0,0.0,0.0,0.0,0.0,0.0,0.0,0.5687856999999956,court
ABOVE_THRESHOLD_NOMINAL_mu0.6_F60_r0.40_y+0.000,flat,0.11475,0.04824999999999929,0.0,0.032695999553897424,0.5182499999999992,-0.45,0.0,-8.805695636261756e-15,0.45,-19.713493901275953,19.713493901275953,0.0,0.0,0.0,0.0,0.0,0.0,0.0,0.0,0.0,0.5687856999999956,court
ABOVE_THRESHOLD_NOMINAL_mu0.6_F60_r0.40_y+0.000,flat,0.115,0.04813749999999929,0.0,0.032695999553897424,0.5181374999999993,-0.45,0.0,-8.82435886814123e-15,0.45,-19.713493901275953,19.713493901275953,0.0,0.0,0.0,0.0,0.0,0.0,0.0,0.0,0.0,0.5687856999999956,court
ABOVE_THRESHOLD_NOMINAL_mu0.6_F60_r0.40_y+0.000,flat,0.11525,0.04802499999999929,0.0,0.032695999553897424,0.5180249999999993,-0.45,0.0,-8.843022100020705e-15,0.45,-19.713493901275953,19.713493901275953,0.0,0.0,0.0,0.0,0.0,0.0,0.0,0.0,0.0,0.5687856999999956,court
ABOVE_THRESHOLD_NOMINAL_mu0.6_F60_r0.40_y+0.000,flat,0.1155,0.04791249999999929,0.0,0.032695999553897424,0.5179124999999992,-0.45,0.0,-8.861685331900179e-15,0.45,-19.713493901275953,19.713493901275953,0.0,0.0,0.0,0.0,0.0,0.0,0.0,0.0,0.0,0.5687856999999956,court
ABOVE_THRESHOLD_NOMINAL_mu0.6_F60_r0.40_y+0.000,flat,0.11575,0.04779999999999929,0.0,0.032695999553897424,0.5177999999999993,-0.45,0.0,-8.880348563779653e-15,0.45,-19.713493901275953,19.713493901275953,0.0,0.0,0.0,0.0,0.0,0.0,0.0,0.0,0.0,0.5687856999999956,court
ABOVE_THRESHOLD_NOMINAL_mu0.6_F60_r0.40_y+0.000,flat,0.116,0.047687499999999286,0.0,0.032695999553897424,0.5176874999999993,-0.45,0.0,-8.899011795659127e-15,0.45,-19.713493901275953,19.713493901275953,0.0,0.0,0.0,0.0,0.0,0.0,0.0,0.0,0.0,0.5687856999999956,court
ABOVE_THRESHOLD_NOMINAL_mu0.6_F60_r0.40_y+0.000,flat,0.11625,0.047574999999999285,0.0,0.032695999553897424,0.5175749999999992,-0.45,0.0,-8.917675027538601e-15,0.45,-19.713493901275953,19.713493901275953,0.0,0.0,0.0,0.0,0.0,0.0,0.0,0.0,0.0,0.5687856999999956,court
ABOVE_THRESHOLD_NOMINAL_mu0.6_F60_r0.40_y+0.000,flat,0.1165,0.04746249999999928,0.0,0.032695999553897424,0.5174624999999993,-0.45,0.0,-8.936338259418075e-15,0.45,-19.713493901275953,19.713493901275953,0.0,0.0,0.0,0.0,0.0,0.0,0.0,0.0,0.0,0.5687856999999956,court
ABOVE_THRESHOLD_NOMINAL_mu0.6_F60_r0.40_y+0.000,flat,0.11675,0.04734999999999928,0.0,0.032695999553897424,0.5173499999999993,-0.45,0.0,-8.95500149129755e-15,0.45,-19.713493901275953,19.713493901275953,0.0,0.0,0.0,0.0,0.0,0.0,0.0,0.0,0.0,0.5687856999999956,court
ABOVE_THRESHOLD_NOMINAL_mu0.6_F60_r0.40_y+0.000,flat,0.117,0.04723749999999928,0.0,0.032695999553897424,0.5172374999999992,-0.45,0.0,-8.973664723177024e-15,0.45,-19.713493901275953,19.713493901275953,0.0,0.0,0.0,0.0,0.0,0.0,0.0,0.0,0.0,0.5687856999999956,court
ABOVE_THRESHOLD_NOMINAL_mu0.6_F60_r0.40_y+0.000,flat,0.11725000000000001,0.04712499999999928,0.0,0.032695999553897424,0.5171249999999993,-0.45,0.0,-8.992327955056498e-15,0.45,-19.713493901275953,19.713493901275953,0.0,0.0,0.0,0.0,0.0,0.0,0.0,0.0,0.0,0.5687856999999956,court
ABOVE_THRESHOLD_NOMINAL_mu0.6_F60_r0.40_y+0.000,flat,0.11750000000000001,0.04701249999999928,0.0,0.032695999553897424,0.5170124999999992,-0.45,0.0,-9.010991186935972e-15,0.45,-19.713493901275953,19.713493901275953,0.0,0.0,0.0,0.0,0.0,0.0,0.0,0.0,0.0,0.5687856999999956,court
ABOVE_THRESHOLD_NOMINAL_mu0.6_F60_r0.40_y+0.000,flat,0.11775000000000001,0.046899999999999276,0.0,0.032695999553897424,0.5168999999999992,-0.45,0.0,-9.029654418815446e-15,0.45,-19.713493901275953,19.713493901275953,0.0,0.0,0.0,0.0,0.0,0.0,0.0,0.0,0.0,0.5687856999999956,court
ABOVE_THRESHOLD_NOMINAL_mu0.6_F60_r0.40_y+0.000,flat,0.11800000000000001,0.046787499999999274,0.0,0.032695999553897424,0.5167874999999993,-0.45,0.0,-9.04831765069492e-15,0.45,-19.713493901275953,19.713493901275953,0.0,0.0,0.0,0.0,0.0,0.0,0.0,0.0,0.0,0.5687856999999956,court
ABOVE_THRESHOLD_NOMINAL_mu0.6_F60_r0.40_y+0.000,flat,0.11825000000000001,0.04667499999999927,0.0,0.032695999553897424,0.5166749999999992,-0.45,0.0,-9.066980882574394e-15,0.45,-19.713493901275953,19.713493901275953,0.0,0.0,0.0,0.0,0.0,0.0,0.0,0.0,0.0,0.5687856999999956,court
ABOVE_THRESHOLD_NOMINAL_mu0.6_F60_r0.40_y+0.000,flat,0.11850000000000001,0.04656249999999927,0.0,0.032695999553897424,0.5165624999999993,-0.45,0.0,-9.085644114453868e-15,0.45,-19.713493901275953,19.713493901275953,0.0,0.0,0.0,0.0,0.0,0.0,0.0,0.0,0.0,0.5687856999999956,court
ABOVE_THRESHOLD_NOMINAL_mu0.6_F60_r0.40_y+0.000,flat,0.11875000000000001,0.04644999999999927,0.0,0.032695999553897424,0.5164499999999992,-0.45,0.0,-9.104307346333342e-15,0.45,-19.713493901275953,19.713493901275953,0.0,0.0,0.0,0.0,0.0,0.0,0.0,0.0,0.0,0.5687856999999956,court
ABOVE_THRESHOLD_NOMINAL_mu0.6_F60_r0.40_y+0.000,flat,0.11900000000000001,0.04633749999999927,0.0,0.032695999553897424,0.5163374999999992,-0.45,0.0,-9.122970578212817e-15,0.45,-19.713493901275953,19.713493901275953,0.0,0.0,0.0,0.0,0.0,0.0,0.0,0.0,0.0,0.5687856999999956,court
ABOVE_THRESHOLD_NOMINAL_mu0.6_F60_r0.40_y+0.000,flat,0.11925000000000001,0.04622499999999927,0.0,0.032695999553897424,0.5162249999999993,-0.45,0.0,-9.14163381009229e-15,0.45,-19.713493901275953,19.713493901275953,0.0,0.0,0.0,0.0,0.0,0.0,0.0,0.0,0.0,0.5687856999999956,court
ABOVE_THRESHOLD_NOMINAL_mu0.6_F60_r0.40_y+0.000,flat,0.11950000000000001,0.046112499999999265,0.0,0.032695999553897424,0.5161124999999992,-0.45,0.0,-9.160297041971765e-15,0.45,-19.713493901275953,19.713493901275953,0.0,0.0,0.0,0.0,0.0,0.0,0.0,0.0,0.0,0.5687856999999956,court
ABOVE_THRESHOLD_NOMINAL_mu0.6_F60_r0.40_y+0.000,flat,0.11975000000000001,0.045999999999999264,0.0,0.032695999553897424,0.5159999999999992,-0.45,0.0,-9.178960273851239e-15,0.45,-19.713493901275953,19.713493901275953,0.0,0.0,0.0,0.0,0.0,0.0,0.0,0.0,0.0,0.5687856999999956,court
ABOVE_THRESHOLD_NOMINAL_mu0.6_F60_r0.40_y+0.000,flat,0.12,0.04588749999999926,0.0,0.032695999553897424,0.5158874999999993,-0.45,0.0,-9.197623505730713e-15,0.45,-19.713493901275953,19.713493901275953,0.0,0.0,0.0,0.0,0.0,0.0,0.0,0.0,0.0,0.5687856999999956,court
ABOVE_THRESHOLD_NOMINAL_mu0.6_F60_r0.40_y+0.000,flat,0.12025,0.04577499999999926,0.0,0.032695999553897424,0.5157749999999992,-0.45,0.0,-9.216286737610187e-15,0.45,-19.713493901275953,19.713493901275953,0.0,0.0,0.0,0.0,0.0,0.0,0.0,0.0,0.0,0.5687856999999956,court
ABOVE_THRESHOLD_NOMINAL_mu0.6_F60_r0.40_y+0.000,flat,0.1205,0.04566249999999926,0.0,0.032695999553897424,0.5156624999999992,-0.45,0.0,-9.234949969489661e-15,0.45,-19.713493901275953,19.713493901275953,0.0,0.0,0.0,0.0,0.0,0.0,0.0,0.0,0.0,0.5687856999999956,court
ABOVE_THRESHOLD_NOMINAL_mu0.6_F60_r0.40_y+0.000,flat,0.12075,0.04554999999999926,0.0,0.032695999553897424,0.5155499999999993,-0.45,0.0,-9.253613201369135e-15,0.45,-19.713493901275953,19.713493901275953,0.0,0.0,0.0,0.0,0.0,0.0,0.0,0.0,0.0,0.5687856999999956,court
ABOVE_THRESHOLD_NOMINAL_mu0.6_F60_r0.40_y+0.000,flat,0.121,0.045437499999999256,0.0,0.032695999553897424,0.5154374999999992,-0.45,0.0,-9.27227643324861e-15,0.45,-19.713493901275953,19.713493901275953,0.0,0.0,0.0,0.0,0.0,0.0,0.0,0.0,0.0,0.5687856999999956,court
ABOVE_THRESHOLD_NOMINAL_mu0.6_F60_r0.40_y+0.000,flat,0.12125,0.045324999999999255,0.0,0.032695999553897424,0.5153249999999993,-0.45,0.0,-9.290939665128084e-15,0.45,-19.713493901275953,19.713493901275953,0.0,0.0,0.0,0.0,0.0,0.0,0.0,0.0,0.0,0.5687856999999956,court
ABOVE_THRESHOLD_NOMINAL_mu0.6_F60_r0.40_y+0.000,flat,0.1215,0.04521249999999925,0.0,0.032695999553897424,0.5152124999999992,-0.45,0.0,-9.309602897007558e-15,0.45,-19.713493901275953,19.713493901275953,0.0,0.0,0.0,0.0,0.0,0.0,0.0,0.0,0.0,0.5687856999999956,court
ABOVE_THRESHOLD_NOMINAL_mu0.6_F60_r0.40_y+0.000,flat,0.12175,0.04509999999999925,0.0,0.032695999553897424,0.5150999999999992,-0.45,0.0,-9.328266128887032e-15,0.45,-19.713493901275953,19.713493901275953,0.0,0.0,0.0,0.0,0.0,0.0,0.0,0.0,0.0,0.5687856999999956,court
ABOVE_THRESHOLD_NOMINAL_mu0.6_F60_r0.40_y+0.000,flat,0.122,0.04498749999999925,0.0,0.032695999553897424,0.5149874999999993,-0.45,0.0,-9.346929360766506e-15,0.45,-19.713493901275953,19.713493901275953,0.0,0.0,0.0,0.0,0.0,0.0,0.0,0.0,0.0,0.5687856999999956,court
ABOVE_THRESHOLD_NOMINAL_mu0.6_F60_r0.40_y+0.000,flat,0.12225,0.04487499999999925,0.0,0.032695999553897424,0.5148749999999992,-0.45,0.0,-9.36559259264598e-15,0.45,-19.713493901275953,19.713493901275953,0.0,0.0,0.0,0.0,0.0,0.0,0.0,0.0,0.0,0.5687856999999956,court
ABOVE_THRESHOLD_NOMINAL_mu0.6_F60_r0.40_y+0.000,flat,0.1225,0.04476249999999925,0.0,0.032695999553897424,0.5147624999999992,-0.45,0.0,-9.384255824525454e-15,0.45,-19.713493901275953,19.713493901275953,0.0,0.0,0.0,0.0,0.0,0.0,0.0,0.0,0.0,0.5687856999999956,court
ABOVE_THRESHOLD_NOMINAL_mu0.6_F60_r0.40_y+0.000,flat,0.12275,0.044649999999999246,0.0,0.032695999553897424,0.5146499999999992,-0.45,0.0,-9.402919056404928e-15,0.45,-19.713493901275953,19.713493901275953,0.0,0.0,0.0,0.0,0.0,0.0,0.0,0.0,0.0,0.5687856999999956,court
ABOVE_THRESHOLD_NOMINAL_mu0.6_F60_r0.40_y+0.000,flat,0.123,0.044537499999999244,0.0,0.032695999553897424,0.5145374999999992,-0.45,0.0,-9.421582288284403e-15,0.45,-19.713493901275953,19.713493901275953,0.0,0.0,0.0,0.0,0.0,0.0,0.0,0.0,0.0,0.5687856999999956,court
ABOVE_THRESHOLD_NOMINAL_mu0.6_F60_r0.40_y+0.000,flat,0.12325,0.04442499999999924,0.0,0.032695999553897424,0.5144249999999992,-0.45,0.0,-9.440245520163877e-15,0.45,-19.713493901275953,19.713493901275953,0.0,0.0,0.0,0.0,0.0,0.0,0.0,0.0,0.0,0.5687856999999956,court
ABOVE_THRESHOLD_NOMINAL_mu0.6_F60_r0.40_y+0.000,flat,0.1235,0.04431249999999924,0.0,0.032695999553897424,0.5143124999999992,-0.45,0.0,-9.458908752043351e-15,0.45,-19.713493901275953,19.713493901275953,0.0,0.0,0.0,0.0,0.0,0.0,0.0,0.0,0.0,0.5687856999999956,court
ABOVE_THRESHOLD_NOMINAL_mu0.6_F60_r0.40_y+0.000,flat,0.12375,0.04419999999999924,0.0,0.032695999553897424,0.5141999999999992,-0.45,0.0,-9.477571983922825e-15,0.45,-19.713493901275953,19.713493901275953,0.0,0.0,0.0,0.0,0.0,0.0,0.0,0.0,0.0,0.5687856999999956,court
ABOVE_THRESHOLD_NOMINAL_mu0.6_F60_r0.40_y+0.000,flat,0.124,0.04408749999999924,0.0,0.032695999553897424,0.5140874999999993,-0.45,0.0,-9.496235215802299e-15,0.45,-19.713493901275953,19.713493901275953,0.0,0.0,0.0,0.0,0.0,0.0,0.0,0.0,0.0,0.5687856999999956,court
ABOVE_THRESHOLD_NOMINAL_mu0.6_F60_r0.40_y+0.000,flat,0.12425,0.04397499999999924,0.0,0.032695999553897424,0.5139749999999992,-0.45,0.0,-9.514898447681773e-15,0.45,-19.713493901275953,19.713493901275953,0.0,0.0,0.0,0.0,0.0,0.0,0.0,0.0,0.0,0.5687856999999956,court
ABOVE_THRESHOLD_NOMINAL_mu0.6_F60_r0.40_y+0.000,flat,0.1245,0.043862499999999235,0.0,0.032695999553897424,0.5138624999999992,-0.45,0.0,-9.533561679561247e-15,0.45,-19.713493901275953,19.713493901275953,0.0,0.0,0.0,0.0,0.0,0.0,0.0,0.0,0.0,0.5687856999999956,court
ABOVE_THRESHOLD_NOMINAL_mu0.6_F60_r0.40_y+0.000,flat,0.12475,0.043749999999999234,0.0,0.032695999553897424,0.5137499999999993,-0.45,0.0,-9.552224911440721e-15,0.45,-19.713493901275953,19.713493901275953,0.0,0.0,0.0,0.0,0.0,0.0,0.0,0.0,0.0,0.5687856999999956,court
ABOVE_THRESHOLD_NOMINAL_mu0.6_F60_r0.40_y+0.000,flat,0.125,0.04363749999999923,0.0,0.032695999553897424,0.5136374999999992,-0.45,0.0,-9.570888143320196e-15,0.45,-19.713493901275953,19.713493901275953,0.0,0.0,0.0,0.0,0.0,0.0,0.0,0.0,0.0,0.5687856999999956,court
ABOVE_THRESHOLD_NOMINAL_mu0.6_F60_r0.40_y+0.000,flat,0.12525,0.04352499999999923,0.0,0.032695999553897424,0.5135249999999992,-0.45,0.0,-9.58955137519967e-15,0.45,-19.713493901275953,19.713493901275953,0.0,0.0,0.0,0.0,0.0,0.0,0.0,0.0,0.0,0.5687856999999956,court
ABOVE_THRESHOLD_NOMINAL_mu0.6_F60_r0.40_y+0.000,flat,0.1255,0.04341249999999923,0.0,0.032695999553897424,0.5134124999999992,-0.45,0.0,-9.608214607079144e-15,0.45,-19.713493901275953,19.713493901275953,0.0,0.0,0.0,0.0,0.0,0.0,0.0,0.0,0.0,0.5687856999999956,court
ABOVE_THRESHOLD_NOMINAL_mu0.6_F60_r0.40_y+0.000,flat,0.12575,0.04329999999999923,0.0,0.032695999553897424,0.5132999999999992,-0.45,0.0,-9.626877838958618e-15,0.45,-19.713493901275953,19.713493901275953,0.0,0.0,0.0,0.0,0.0,0.0,0.0,0.0,0.0,0.5687856999999956,court
ABOVE_THRESHOLD_NOMINAL_mu0.6_F60_r0.40_y+0.000,flat,0.126,0.043187499999999227,0.0,0.032695999553897424,0.5131874999999992,-0.45,0.0,-9.645541070838092e-15,0.45,-19.713493901275953,19.713493901275953,0.0,0.0,0.0,0.0,0.0,0.0,0.0,0.0,0.0,0.5687856999999956,court
ABOVE_THRESHOLD_NOMINAL_mu0.6_F60_r0.40_y+0.000,flat,0.12625,0.043074999999999225,0.0,0.032695999553897424,0.5130749999999992,-0.45,0.0,-9.664204302717566e-15,0.45,-19.713493901275953,19.713493901275953,0.0,0.0,0.0,0.0,0.0,0.0,0.0,0.0,0.0,0.5687856999999956,court
ABOVE_THRESHOLD_NOMINAL_mu0.6_F60_r0.40_y+0.000,flat,0.1265,0.042962499999999224,0.0,0.032695999553897424,0.5129624999999992,-0.45,0.0,-9.68286753459704e-15,0.45,-19.713493901275953,19.713493901275953,0.0,0.0,0.0,0.0,0.0,0.0,0.0,0.0,0.0,0.5687856999999956,court
ABOVE_THRESHOLD_NOMINAL_mu0.6_F60_r0.40_y+0.000,flat,0.12675,0.04284999999999922,0.0,0.032695999553897424,0.5128499999999991,-0.45,0.0,-9.701530766476514e-15,0.45,-19.713493901275953,19.713493901275953,0.0,0.0,0.0,0.0,0.0,0.0,0.0,0.0,0.0,0.5687856999999956,court
ABOVE_THRESHOLD_NOMINAL_mu0.6_F60_r0.40_y+0.000,flat,0.127,0.04273749999999922,0.0,0.032695999553897424,0.5127374999999992,-0.45,0.0,-9.720193998355989e-15,0.45,-19.713493901275953,19.713493901275953,0.0,0.0,0.0,0.0,0.0,0.0,0.0,0.0,0.0,0.5687856999999956,court
ABOVE_THRESHOLD_NOMINAL_mu0.6_F60_r0.40_y+0.000,flat,0.12725,0.04262499999999922,0.0,0.032695999553897424,0.5126249999999992,-0.45,0.0,-9.738857230235463e-15,0.45,-19.713493901275953,19.713493901275953,0.0,0.0,0.0,0.0,0.0,0.0,0.0,0.0,0.0,0.5687856999999956,court
ABOVE_THRESHOLD_NOMINAL_mu0.6_F60_r0.40_y+0.000,flat,0.1275,0.04251249999999922,0.0,0.032695999553897424,0.5125124999999991,-0.45,0.0,-9.757520462114937e-15,0.45,-19.713493901275953,19.713493901275953,0.0,0.0,0.0,0.0,0.0,0.0,0.0,0.0,0.0,0.5687856999999956,court
ABOVE_THRESHOLD_NOMINAL_mu0.6_F60_r0.40_y+0.000,flat,0.12775,0.042399999999999216,0.0,0.032695999553897424,0.5123999999999992,-0.45,0.0,-9.776183693994411e-15,0.45,-19.713493901275953,19.713493901275953,0.0,0.0,0.0,0.0,0.0,0.0,0.0,0.0,0.0,0.5687856999999956,court
ABOVE_THRESHOLD_NOMINAL_mu0.6_F60_r0.40_y+0.000,flat,0.128,0.042287499999999215,0.0,0.032695999553897424,0.5122874999999992,-0.45,0.0,-9.794846925873885e-15,0.45,-19.713493901275953,19.713493901275953,0.0,0.0,0.0,0.0,0.0,0.0,0.0,0.0,0.0,0.5687856999999956,court
ABOVE_THRESHOLD_NOMINAL_mu0.6_F60_r0.40_y+0.000,flat,0.12825,0.04217499999999921,0.0,0.032695999553897424,0.5121749999999992,-0.45,0.0,-9.813510157753359e-15,0.45,-19.713493901275953,19.713493901275953,0.0,0.0,0.0,0.0,0.0,0.0,0.0,0.0,0.0,0.5687856999999956,court
ABOVE_THRESHOLD_NOMINAL_mu0.6_F60_r0.40_y+0.000,flat,0.1285,0.04206249999999921,0.0,0.032695999553897424,0.5120624999999992,-0.45,0.0,-9.832173389632833e-15,0.45,-19.713493901275953,19.713493901275953,0.0,0.0,0.0,0.0,0.0,0.0,0.0,0.0,0.0,0.5687856999999956,court
ABOVE_THRESHOLD_NOMINAL_mu0.6_F60_r0.40_y+0.000,flat,0.12875,0.04194999999999921,0.0,0.032695999553897424,0.5119499999999992,-0.45,0.0,-9.850836621512307e-15,0.45,-19.713493901275953,19.713493901275953,0.0,0.0,0.0,0.0,0.0,0.0,0.0,0.0,0.0,0.5687856999999956,court
ABOVE_THRESHOLD_NOMINAL_mu0.6_F60_r0.40_y+0.000,flat,0.129,0.04183749999999921,0.0,0.032695999553897424,0.5118374999999992,-0.45,0.0,-9.869499853391782e-15,0.45,-19.713493901275953,19.713493901275953,0.0,0.0,0.0,0.0,0.0,0.0,0.0,0.0,0.0,0.5687856999999956,court
ABOVE_THRESHOLD_NOMINAL_mu0.6_F60_r0.40_y+0.000,flat,0.12925,0.04172499999999921,0.0,0.032695999553897424,0.5117249999999992,-0.45,0.0,-9.888163085271256e-15,0.45,-19.713493901275953,19.713493901275953,0.0,0.0,0.0,0.0,0.0,0.0,0.0,0.0,0.0,0.5687856999999956,court
ABOVE_THRESHOLD_NOMINAL_mu0.6_F60_r0.40_y+0.000,flat,0.1295,0.041612499999999206,0.0,0.032695999553897424,0.5116124999999991,-0.45,0.0,-9.90682631715073e-15,0.45,-19.713493901275953,19.713493901275953,0.0,0.0,0.0,0.0,0.0,0.0,0.0,0.0,0.0,0.5687856999999956,court
ABOVE_THRESHOLD_NOMINAL_mu0.6_F60_r0.40_y+0.000,flat,0.12975,0.041499999999999204,0.0,0.032695999553897424,0.5114999999999992,-0.45,0.0,-9.925489549030204e-15,0.45,-19.713493901275953,19.713493901275953,0.0,0.0,0.0,0.0,0.0,0.0,0.0,0.0,0.0,0.5687856999999956,court
ABOVE_THRESHOLD_NOMINAL_mu0.6_F60_r0.40_y+0.000,flat,0.13,0.0413874999999992,0.0,0.032695999553897424,0.5113874999999992,-0.45,0.0,-9.944152780909678e-15,0.45,-19.713493901275953,19.713493901275953,0.0,0.0,0.0,0.0,0.0,0.0,0.0,0.0,0.0,0.5687856999999956,court
ABOVE_THRESHOLD_NOMINAL_mu0.6_F60_r0.40_y+0.000,flat,0.13025,0.0412749999999992,0.0,0.032695999553897424,0.5112749999999991,-0.45,0.0,-9.962816012789152e-15,0.45,-19.713493901275953,19.713493901275953,0.0,0.0,0.0,0.0,0.0,0.0,0.0,0.0,0.0,0.5687856999999956,court
ABOVE_THRESHOLD_NOMINAL_mu0.6_F60_r0.40_y+0.000,flat,0.1305,0.0411624999999992,0.0,0.032695999553897424,0.5111624999999992,-0.45,0.0,-9.981479244668626e-15,0.45,-19.713493901275953,19.713493901275953,0.0,0.0,0.0,0.0,0.0,0.0,0.0,0.0,0.0,0.5687856999999956,court
ABOVE_THRESHOLD_NOMINAL_mu0.6_F60_r0.40_y+0.000,flat,0.13075,0.0410499999999992,0.0,0.032695999553897424,0.5110499999999991,-0.45,0.0,-1.00001424765481e-14,0.45,-19.713493901275953,19.713493901275953,0.0,0.0,0.0,0.0,0.0,0.0,0.0,0.0,0.0,0.5687856999999956,court
ABOVE_THRESHOLD_NOMINAL_mu0.6_F60_r0.40_y+0.000,flat,0.131,0.0409374999999992,0.0,0.032695999553897424,0.5109374999999992,-0.45,0.0,-1.0018805708427575e-14,0.45,-19.713493901275953,19.713493901275953,0.0,0.0,0.0,0.0,0.0,0.0,0.0,0.0,0.0,0.5687856999999956,court
ABOVE_THRESHOLD_NOMINAL_mu0.6_F60_r0.40_y+0.000,flat,0.13125,0.040824999999999195,0.0,0.032695999553897424,0.5108249999999992,-0.45,0.0,-1.0037468940307049e-14,0.45,-19.713493901275953,19.713493901275953,0.0,0.0,0.0,0.0,0.0,0.0,0.0,0.0,0.0,0.5687856999999956,court
ABOVE_THRESHOLD_NOMINAL_mu0.6_F60_r0.40_y+0.000,flat,0.1315,0.040712499999999194,0.0,0.032695999553897424,0.5107124999999991,-0.45,0.0,-1.0056132172186523e-14,0.45,-19.713493901275953,19.713493901275953,0.0,0.0,0.0,0.0,0.0,0.0,0.0,0.0,0.0,0.5687856999999956,court
ABOVE_THRESHOLD_NOMINAL_mu0.6_F60_r0.40_y+0.000,flat,0.13175,0.04059999999999919,0.0,0.032695999553897424,0.5105999999999992,-0.45,0.0,-1.0074795404065997e-14,0.45,-19.713493901275953,19.713493901275953,0.0,0.0,0.0,0.0,0.0,0.0,0.0,0.0,0.0,0.5687856999999956,court
ABOVE_THRESHOLD_NOMINAL_mu0.6_F60_r0.40_y+0.000,flat,0.132,0.04048749999999919,0.0,0.032695999553897424,0.5104874999999992,-0.45,0.0,-1.0093458635945471e-14,0.45,-19.713493901275953,19.713493901275953,0.0,0.0,0.0,0.0,0.0,0.0,0.0,0.0,0.0,0.5687856999999956,court
ABOVE_THRESHOLD_NOMINAL_mu0.6_F60_r0.40_y+0.000,flat,0.13225,0.04037499999999919,0.0,0.032695999553897424,0.5103749999999991,-0.45,0.0,-1.0112121867824945e-14,0.45,-19.713493901275953,19.713493901275953,0.0,0.0,0.0,0.0,0.0,0.0,0.0,0.0,0.0,0.5687856999999956,court
ABOVE_THRESHOLD_NOMINAL_mu0.6_F60_r0.40_y+0.000,flat,0.1325,0.04026249999999919,0.0,0.032695999553897424,0.5102624999999992,-0.45,0.0,-1.013078509970442e-14,0.45,-19.713493901275953,19.713493901275953,0.0,0.0,0.0,0.0,0.0,0.0,0.0,0.0,0.0,0.5687856999999956,court
ABOVE_THRESHOLD_NOMINAL_mu0.6_F60_r0.40_y+0.000,flat,0.13275,0.040149999999999186,0.0,0.032695999553897424,0.5101499999999992,-0.45,0.0,-1.0149448331583893e-14,0.45,-19.713493901275953,19.713493901275953,0.0,0.0,0.0,0.0,0.0,0.0,0.0,0.0,0.0,0.5687856999999956,court
ABOVE_THRESHOLD_NOMINAL_mu0.6_F60_r0.40_y+0.000,flat,0.133,0.040037499999999185,0.0,0.032695999553897424,0.5100374999999991,-0.45,0.0,-1.0168111563463368e-14,0.45,-19.713493901275953,19.713493901275953,0.0,0.0,0.0,0.0,0.0,0.0,0.0,0.0,0.0,0.5687856999999956,court
ABOVE_THRESHOLD_NOMINAL_mu0.6_F60_r0.40_y+0.000,flat,0.13325,0.03992499999999918,0.0,0.032695999553897424,0.5099249999999992,-0.45,0.0,-1.0186774795342842e-14,0.45,-19.713493901275953,19.713493901275953,0.0,0.0,0.0,0.0,0.0,0.0,0.0,0.0,0.0,0.5687856999999956,court
ABOVE_THRESHOLD_NOMINAL_mu0.6_F60_r0.40_y+0.000,flat,0.1335,0.03981249999999918,0.0,0.032695999553897424,0.5098124999999991,-0.45,0.0,-1.0205438027222316e-14,0.45,-19.713493901275953,19.713493901275953,0.0,0.0,0.0,0.0,0.0,0.0,0.0,0.0,0.0,0.5687856999999956,court
ABOVE_THRESHOLD_NOMINAL_mu0.6_F60_r0.40_y+0.000,flat,0.13375,0.03969999999999918,0.0,0.032695999553897424,0.5096999999999992,-0.45,0.0,-1.022410125910179e-14,0.45,-19.713493901275953,19.713493901275953,0.0,0.0,0.0,0.0,0.0,0.0,0.0,0.0,0.0,0.5687856999999956,court
ABOVE_THRESHOLD_NOMINAL_mu0.6_F60_r0.40_y+0.000,flat,0.134,0.03958749999999918,0.0,0.032695999553897424,0.5095874999999992,-0.45,0.0,-1.0242764490981264e-14,0.45,-19.713493901275953,19.713493901275953,0.0,0.0,0.0,0.0,0.0,0.0,0.0,0.0,0.0,0.5687856999999956,court
ABOVE_THRESHOLD_NOMINAL_mu0.6_F60_r0.40_y+0.000,flat,0.13425,0.03947499999999918,0.0,0.032695999553897424,0.5094749999999991,-0.45,0.0,-1.0261427722860738e-14,0.45,-19.713493901275953,19.713493901275953,0.0,0.0,0.0,0.0,0.0,0.0,0.0,0.0,0.0,0.5687856999999956,court
ABOVE_THRESHOLD_NOMINAL_mu0.6_F60_r0.40_y+0.000,flat,0.1345,0.039362499999999176,0.0,0.032695999553897424,0.5093624999999992,-0.45,0.0,-1.0280090954740212e-14,0.45,-19.713493901275953,19.713493901275953,0.0,0.0,0.0,0.0,0.0,0.0,0.0,0.0,0.0,0.5687856999999956,court
ABOVE_THRESHOLD_NOMINAL_mu0.6_F60_r0.40_y+0.000,flat,0.13475,0.039249999999999174,0.0,0.032695999553897424,0.5092499999999991,-0.45,0.0,-1.0298754186619686e-14,0.45,-19.713493901275953,19.713493901275953,0.0,0.0,0.0,0.0,0.0,0.0,0.0,0.0,0.0,0.5687856999999956,court
ABOVE_THRESHOLD_NOMINAL_mu0.6_F60_r0.40_y+0.000,flat,0.135,0.03913749999999917,0.0,0.032695999553897424,0.5091374999999991,-0.45,0.0,-1.031741741849916e-14,0.45,-19.713493901275953,19.713493901275953,0.0,0.0,0.0,0.0,0.0,0.0,0.0,0.0,0.0,0.5687856999999956,court
ABOVE_THRESHOLD_NOMINAL_mu0.6_F60_r0.40_y+0.000,flat,0.13525,0.03902499999999917,0.0,0.032695999553897424,0.5090249999999992,-0.45,0.0,-1.0336080650378635e-14,0.45,-19.713493901275953,19.713493901275953,0.0,0.0,0.0,0.0,0.0,0.0,0.0,0.0,0.0,0.5687856999999956,court
ABOVE_THRESHOLD_NOMINAL_mu0.6_F60_r0.40_y+0.000,flat,0.1355,0.03891249999999917,0.0,0.032695999553897424,0.5089124999999991,-0.45,0.0,-1.0354743882258109e-14,0.45,-19.713493901275953,19.713493901275953,0.0,0.0,0.0,0.0,0.0,0.0,0.0,0.0,0.0,0.5687856999999956,court
ABOVE_THRESHOLD_NOMINAL_mu0.6_F60_r0.40_y+0.000,flat,0.13575,0.03879999999999917,0.0,0.032695999553897424,0.5087999999999991,-0.45,0.0,-1.0373407114137583e-14,0.45,-19.713493901275953,19.713493901275953,0.0,0.0,0.0,0.0,0.0,0.0,0.0,0.0,0.0,0.5687856999999956,court
ABOVE_THRESHOLD_NOMINAL_mu0.6_F60_r0.40_y+0.000,flat,0.136,0.03868749999999917,0.0,0.032695999553897424,0.5086874999999992,-0.45,0.0,-1.0392070346017057e-14,0.45,-19.713493901275953,19.713493901275953,0.0,0.0,0.0,0.0,0.0,0.0,0.0,0.0,0.0,0.5687856999999956,court
ABOVE_THRESHOLD_NOMINAL_mu0.6_F60_r0.40_y+0.000,flat,0.13625,0.038574999999999166,0.0,0.032695999553897424,0.5085749999999991,-0.45,0.0,-1.0410733577896531e-14,0.45,-19.713493901275953,19.713493901275953,0.0,0.0,0.0,0.0,0.0,0.0,0.0,0.0,0.0,0.5687856999999956,court
ABOVE_THRESHOLD_NOMINAL_mu0.6_F60_r0.40_y+0.000,flat,0.1365,0.038462499999999164,0.0,0.032695999553897424,0.5084624999999992,-0.45,0.0,-1.0429396809776005e-14,0.45,-19.713493901275953,19.713493901275953,0.0,0.0,0.0,0.0,0.0,0.0,0.0,0.0,0.0,0.5687856999999956,court
ABOVE_THRESHOLD_NOMINAL_mu0.6_F60_r0.40_y+0.000,flat,0.13675,0.03834999999999916,0.0,0.032695999553897424,0.5083499999999992,-0.45,0.0,-1.044806004165548e-14,0.45,-19.713493901275953,19.713493901275953,0.0,0.0,0.0,0.0,0.0,0.0,0.0,0.0,0.0,0.5687856999999956,court
ABOVE_THRESHOLD_NOMINAL_mu0.6_F60_r0.40_y+0.000,flat,0.137,0.03823749999999916,0.0,0.032695999553897424,0.5082374999999991,-0.45,0.0,-1.0466723273534954e-14,0.45,-19.713493901275953,19.713493901275953,0.0,0.0,0.0,0.0,0.0,0.0,0.0,0.0,0.0,0.5687856999999956,court
ABOVE_THRESHOLD_NOMINAL_mu0.6_F60_r0.40_y+0.000,flat,0.13725,0.03812499999999916,0.0,0.032695999553897424,0.5081249999999992,-0.45,0.0,-1.0485386505414428e-14,0.45,-19.713493901275953,19.713493901275953,0.0,0.0,0.0,0.0,0.0,0.0,0.0,0.0,0.0,0.5687856999999956,court
ABOVE_THRESHOLD_NOMINAL_mu0.6_F60_r0.40_y+0.000,flat,0.1375,0.03801249999999916,0.0,0.032695999553897424,0.5080124999999991,-0.45,0.0,-1.0504049737293902e-14,0.45,-19.713493901275953,19.713493901275953,0.0,0.0,0.0,0.0,0.0,0.0,0.0,0.0,0.0,0.5687856999999956,court
ABOVE_THRESHOLD_NOMINAL_mu0.6_F60_r0.40_y+0.000,flat,0.13775,0.03789999999999916,0.0,0.032695999553897424,0.5078999999999991,-0.45,0.0,-1.0522712969173376e-14,0.45,-19.713493901275953,19.713493901275953,0.0,0.0,0.0,0.0,0.0,0.0,0.0,0.0,0.0,0.5687856999999956,court
ABOVE_THRESHOLD_NOMINAL_mu0.6_F60_r0.40_y+0.000,flat,0.138,0.037787499999999155,0.0,0.032695999553897424,0.5077874999999992,-0.45,0.0,-1.054137620105285e-14,0.45,-19.713493901275953,19.713493901275953,0.0,0.0,0.0,0.0,0.0,0.0,0.0,0.0,0.0,0.5687856999999956,court
ABOVE_THRESHOLD_NOMINAL_mu0.6_F60_r0.40_y+0.000,flat,0.13825,0.037674999999999154,0.0,0.032695999553897424,0.5076749999999991,-0.45,0.0,-1.0560039432932324e-14,0.45,-19.713493901275953,19.713493901275953,0.0,0.0,0.0,0.0,0.0,0.0,0.0,0.0,0.0,0.5687856999999956,court
ABOVE_THRESHOLD_NOMINAL_mu0.6_F60_r0.40_y+0.000,flat,0.1385,0.03756249999999915,0.0,0.032695999553897424,0.5075624999999991,-0.45,0.0,-1.0578702664811798e-14,0.45,-19.713493901275953,19.713493901275953,0.0,0.0,0.0,0.0,0.0,0.0,0.0,0.0,0.0,0.5687856999999956,court
ABOVE_THRESHOLD_NOMINAL_mu0.6_F60_r0.40_y+0.000,flat,0.13875,0.03744999999999915,0.0,0.032695999553897424,0.5074499999999991,-0.45,0.0,-1.0597365896691272e-14,0.45,-19.713493901275953,19.713493901275953,0.0,0.0,0.0,0.0,0.0,0.0,0.0,0.0,0.0,0.5687856999999956,court
ABOVE_THRESHOLD_NOMINAL_mu0.6_F60_r0.40_y+0.000,flat,0.139,0.03733749999999915,0.0,0.032695999553897424,0.5073374999999991,-0.45,0.0,-1.0616029128570747e-14,0.45,-19.713493901275953,19.713493901275953,0.0,0.0,0.0,0.0,0.0,0.0,0.0,0.0,0.0,0.5687856999999956,court
ABOVE_THRESHOLD_NOMINAL_mu0.6_F60_r0.40_y+0.000,flat,0.13925,0.03722499999999915,0.0,0.032695999553897424,0.5072249999999991,-0.45,0.0,-1.063469236045022e-14,0.45,-19.713493901275953,19.713493901275953,0.0,0.0,0.0,0.0,0.0,0.0,0.0,0.0,0.0,0.5687856999999956,court
ABOVE_THRESHOLD_NOMINAL_mu0.6_F60_r0.40_y+0.000,flat,0.1395,0.037112499999999146,0.0,0.032695999553897424,0.5071124999999991,-0.45,0.0,-1.0653355592329695e-14,0.45,-19.713493901275953,19.713493901275953,0.0,0.0,0.0,0.0,0.0,0.0,0.0,0.0,0.0,0.5687856999999956,court
ABOVE_THRESHOLD_NOMINAL_mu0.6_F60_r0.40_y+0.000,flat,0.13975,0.036999999999999145,0.0,0.032695999553897424,0.5069999999999991,-0.45,0.0,-1.0672018824209169e-14,0.45,-19.713493901275953,19.713493901275953,0.0,0.0,0.0,0.0,0.0,0.0,0.0,0.0,0.0,0.5687856999999956,court
ABOVE_THRESHOLD_NOMINAL_mu0.6_F60_r0.40_y+0.000,flat,0.14,0.03688749999999914,0.0,0.032695999553897424,0.5068874999999992,-0.45,0.0,-1.0690682056088643e-14,0.45,-19.713493901275953,19.713493901275953,0.0,0.0,0.0,0.0,0.0,0.0,0.0,0.0,0.0,0.5687856999999956,court
ABOVE_THRESHOLD_NOMINAL_mu0.6_F60_r0.40_y+0.000,flat,0.14025,0.03677499999999914,0.0,0.032695999553897424,0.5067749999999991,-0.45,0.0,-1.0709345287968117e-14,0.45,-19.713493901275953,19.713493901275953,0.0,0.0,0.0,0.0,0.0,0.0,0.0,0.0,0.0,0.5687856999999956,court
ABOVE_THRESHOLD_NOMINAL_mu0.6_F60_r0.40_y+0.000,flat,0.1405,0.03666249999999914,0.0,0.032695999553897424,0.5066624999999991,-0.45,0.0,-1.0728008519847591e-14,0.45,-19.713493901275953,19.713493901275953,0.0,0.0,0.0,0.0,0.0,0.0,0.0,0.0,0.0,0.5687856999999956,court
ABOVE_THRESHOLD_NOMINAL_mu0.6_F60_r0.40_y+0.000,flat,0.14075000000000001,0.03654999999999914,0.0,0.032695999553897424,0.5065499999999992,-0.45,0.0,-1.0746671751727065e-14,0.45,-19.713493901275953,19.713493901275953,0.0,0.0,0.0,0.0,0.0,0.0,0.0,0.0,0.0,0.5687856999999956,court
ABOVE_THRESHOLD_NOMINAL_mu0.6_F60_r0.40_y+0.000,flat,0.14100000000000001,0.03643749999999914,0.0,0.032695999553897424,0.5064374999999991,-0.45,0.0,-1.076533498360654e-14,0.45,-19.713493901275953,19.713493901275953,0.0,0.0,0.0,0.0,0.0,0.0,0.0,0.0,0.0,0.5687856999999956,court
ABOVE_THRESHOLD_NOMINAL_mu0.6_F60_r0.40_y+0.000,flat,0.14125000000000001,0.036324999999999136,0.0,0.032695999553897424,0.5063249999999991,-0.45,0.0,-1.0783998215486014e-14,0.45,-19.713493901275953,19.713493901275953,0.0,0.0,0.0,0.0,0.0,0.0,0.0,0.0,0.0,0.5687856999999956,court
ABOVE_THRESHOLD_NOMINAL_mu0.6_F60_r0.40_y+0.000,flat,0.14150000000000001,0.036212499999999134,0.0,0.032695999553897424,0.5062124999999991,-0.45,0.0,-1.0802661447365488e-14,0.45,-19.713493901275953,19.713493901275953,0.0,0.0,0.0,0.0,0.0,0.0,0.0,0.0,0.0,0.5687856999999956,court
ABOVE_THRESHOLD_NOMINAL_mu0.6_F60_r0.40_y+0.000,flat,0.14175000000000001,0.03609999999999913,0.0,0.032695999553897424,0.5060999999999991,-0.45,0.0,-1.0821324679244962e-14,0.45,-19.713493901275953,19.713493901275953,0.0,0.0,0.0,0.0,0.0,0.0,0.0,0.0,0.0,0.5687856999999956,court
ABOVE_THRESHOLD_NOMINAL_mu0.6_F60_r0.40_y+0.000,flat,0.14200000000000002,0.03598749999999913,0.0,0.032695999553897424,0.5059874999999991,-0.45,0.0,-1.0839987911124436e-14,0.45,-19.713493901275953,19.713493901275953,0.0,0.0,0.0,0.0,0.0,0.0,0.0,0.0,0.0,0.5687856999999956,court
ABOVE_THRESHOLD_NOMINAL_mu0.6_F60_r0.40_y+0.000,flat,0.14225000000000002,0.03587499999999913,0.0,0.032695999553897424,0.5058749999999991,-0.45,0.0,-1.085865114300391e-14,0.45,-19.713493901275953,19.713493901275953,0.0,0.0,0.0,0.0,0.0,0.0,0.0,0.0,0.0,0.5687856999999956,court
ABOVE_THRESHOLD_NOMINAL_mu0.6_F60_r0.40_y+0.000,flat,0.14250000000000002,0.03576249999999913,0.0,0.032695999553897424,0.5057624999999991,-0.45,0.0,-1.0877314374883384e-14,0.45,-19.713493901275953,19.713493901275953,0.0,0.0,0.0,0.0,0.0,0.0,0.0,0.0,0.0,0.5687856999999956,court
ABOVE_THRESHOLD_NOMINAL_mu0.6_F60_r0.40_y+0.000,flat,0.14275000000000002,0.03564999999999913,0.0,0.032695999553897424,0.505649999999999,-0.45,0.0,-1.0895977606762858e-14,0.45,-19.713493901275953,19.713493901275953,0.0,0.0,0.0,0.0,0.0,0.0,0.0,0.0,0.0,0.5687856999999956,court
ABOVE_THRESHOLD_NOMINAL_mu0.6_F60_r0.40_y+0.000,flat,0.14300000000000002,0.035537499999999125,0.0,0.032695999553897424,0.5055374999999991,-0.45,0.0,-1.0914640838642333e-14,0.45,-19.713493901275953,19.713493901275953,0.0,0.0,0.0,0.0,0.0,0.0,0.0,0.0,0.0,0.5687856999999956,court
ABOVE_THRESHOLD_NOMINAL_mu0.6_F60_r0.40_y+0.000,flat,0.14325000000000002,0.035424999999999124,0.0,0.032695999553897424,0.5054249999999991,-0.45,0.0,-1.0933304070521807e-14,0.45,-19.713493901275953,19.713493901275953,0.0,0.0,0.0,0.0,0.0,0.0,0.0,0.0,0.0,0.5687856999999956,court
ABOVE_THRESHOLD_NOMINAL_mu0.6_F60_r0.40_y+0.000,flat,0.14350000000000002,0.03531249999999912,0.0,0.032695999553897424,0.505312499999999,-0.45,0.0,-1.0951967302401281e-14,0.45,-19.713493901275953,19.713493901275953,0.0,0.0,0.0,0.0,0.0,0.0,0.0,0.0,0.0,0.5687856999999956,court
ABOVE_THRESHOLD_NOMINAL_mu0.6_F60_r0.40_y+0.000,flat,0.14375000000000002,0.03519999999999912,0.0,0.032695999553897424,0.5051999999999991,-0.45,0.0,-1.0970630534280755e-14,0.45,-19.713493901275953,19.713493901275953,0.0,0.0,0.0,0.0,0.0,0.0,0.0,0.0,0.0,0.5687856999999956,court
ABOVE_THRESHOLD_NOMINAL_mu0.6_F60_r0.40_y+0.000,flat,0.14400000000000002,0.03508749999999912,0.0,0.032695999553897424,0.5050874999999991,-0.45,0.0,-1.0989293766160229e-14,0.45,-19.713493901275953,19.713493901275953,0.0,0.0,0.0,0.0,0.0,0.0,0.0,0.0,0.0,0.5687856999999956,court
ABOVE_THRESHOLD_NOMINAL_mu0.6_F60_r0.40_y+0.000,flat,0.14425,0.03497499999999912,0.0,0.032695999553897424,0.5049749999999991,-0.45,0.0,-1.1007956998039703e-14,0.45,-19.713493901275953,19.713493901275953,0.0,0.0,0.0,0.0,0.0,0.0,0.0,0.0,0.0,0.5687856999999956,court
ABOVE_THRESHOLD_NOMINAL_mu0.6_F60_r0.40_y+0.000,flat,0.1445,0.034862499999999116,0.0,0.032695999553897424,0.5048624999999991,-0.45,0.0,-1.1026620229919177e-14,0.45,-19.713493901275953,19.713493901275953,0.0,0.0,0.0,0.0,0.0,0.0,0.0,0.0,0.0,0.5687856999999956,court
ABOVE_THRESHOLD_NOMINAL_mu0.6_F60_r0.40_y+0.000,flat,0.14475,0.034749999999999115,0.0,0.032695999553897424,0.5047499999999991,-0.45,0.0,-1.1045283461798651e-14,0.45,-19.713493901275953,19.713493901275953,0.0,0.0,0.0,0.0,0.0,0.0,0.0,0.0,0.0,0.5687856999999956,court
ABOVE_THRESHOLD_NOMINAL_mu0.6_F60_r0.40_y+0.000,flat,0.145,0.03463749999999911,0.0,0.032695999553897424,0.5046374999999991,-0.45,0.0,-1.1063946693678126e-14,0.45,-19.713493901275953,19.713493901275953,0.0,0.0,0.0,0.0,0.0,0.0,0.0,0.0,0.0,0.5687856999999956,court
ABOVE_THRESHOLD_NOMINAL_mu0.6_F60_r0.40_y+0.000,flat,0.14525,0.03452499999999911,0.0,0.032695999553897424,0.5045249999999991,-0.45,0.0,-1.10826099255576e-14,0.45,-19.713493901275953,19.713493901275953,0.0,0.0,0.0,0.0,0.0,0.0,0.0,0.0,0.0,0.5687856999999956,court
ABOVE_THRESHOLD_NOMINAL_mu0.6_F60_r0.40_y+0.000,flat,0.1455,0.03441249999999911,0.0,0.032695999553897424,0.504412499999999,-0.45,0.0,-1.1101273157437074e-14,0.45,-19.713493901275953,19.713493901275953,0.0,0.0,0.0,0.0,0.0,0.0,0.0,0.0,0.0,0.5687856999999956,court
ABOVE_THRESHOLD_NOMINAL_mu0.6_F60_r0.40_y+0.000,flat,0.14575,0.03429999999999911,0.0,0.032695999553897424,0.5042999999999991,-0.45,0.0,-1.1119936389316548e-14,0.45,-19.713493901275953,19.713493901275953,0.0,0.0,0.0,0.0,0.0,0.0,0.0,0.0,0.0,0.5687856999999956,court
ABOVE_THRESHOLD_NOMINAL_mu0.6_F60_r0.40_y+0.000,flat,0.146,0.03418749999999911,0.0,0.032695999553897424,0.5041874999999991,-0.45,0.0,-1.1138599621196022e-14,0.45,-19.713493901275953,19.713493901275953,0.0,0.0,0.0,0.0,0.0,0.0,0.0,0.0,0.0,0.5687856999999956,court
ABOVE_THRESHOLD_NOMINAL_mu0.6_F60_r0.40_y+0.000,flat,0.14625,0.034074999999999106,0.0,0.032695999553897424,0.504074999999999,-0.45,0.0,-1.1157262853075496e-14,0.45,-19.713493901275953,19.713493901275953,0.0,0.0,0.0,0.0,0.0,0.0,0.0,0.0,0.0,0.5687856999999956,court
ABOVE_THRESHOLD_NOMINAL_mu0.6_F60_r0.40_y+0.000,flat,0.1465,0.033962499999999105,0.0,0.032695999553897424,0.5039624999999991,-0.45,0.0,-1.117592608495497e-14,0.45,-19.713493901275953,19.713493901275953,0.0,0.0,0.0,0.0,0.0,0.0,0.0,0.0,0.0,0.5687856999999956,court
ABOVE_THRESHOLD_NOMINAL_mu0.6_F60_r0.40_y+0.000,flat,0.14675,0.0338499999999991,0.0,0.032695999553897424,0.503849999999999,-0.45,0.0,-1.1194110772427278e-14,0.45,-19.713493901275953,19.713493901275953,0.0,0.0,0.0,0.0,0.0,0.0,0.0,0.0,0.0,0.5687856999999957,court
ABOVE_THRESHOLD_NOMINAL_mu0.6_F60_r0.40_y+0.000,flat,0.147,0.0337374999999991,0.0,0.032695999553897424,0.5037374999999991,-0.45,0.0,-1.1212295459899586e-14,0.45,-19.713493901275953,19.713493901275953,0.0,0.0,0.0,0.0,0.0,0.0,0.0,0.0,0.0,0.5687856999999957,court
ABOVE_THRESHOLD_NOMINAL_mu0.6_F60_r0.40_y+0.000,flat,0.14725,0.0336249999999991,0.0,0.032695999553897424,0.5036249999999991,-0.45,0.0,-1.1230480147371894e-14,0.45,-19.713493901275953,19.713493901275953,0.0,0.0,0.0,0.0,0.0,0.0,0.0,0.0,0.0,0.5687856999999957,court
ABOVE_THRESHOLD_NOMINAL_mu0.6_F60_r0.40_y+0.000,flat,0.1475,0.0335124999999991,0.0,0.032695999553897424,0.503512499999999,-0.45,0.0,-1.1248664834844202e-14,0.45,-19.713493901275953,19.713493901275953,0.0,0.0,0.0,0.0,0.0,0.0,0.0,0.0,0.0,0.5687856999999957,court
ABOVE_THRESHOLD_NOMINAL_mu0.6_F60_r0.40_y+0.000,flat,0.14775,0.0333999999999991,0.0,0.032695999553897424,0.5033999999999991,-0.45,0.0,-1.126684952231651e-14,0.45,-19.713493901275953,19.713493901275953,0.0,0.0,0.0,0.0,0.0,0.0,0.0,0.0,0.0,0.5687856999999957,court
ABOVE_THRESHOLD_NOMINAL_mu0.6_F60_r0.40_y+0.000,flat,0.148,0.033287499999999096,0.0,0.032695999553897424,0.5032874999999991,-0.45,0.0,-1.1285034209788818e-14,0.45,-19.713493901275953,19.713493901275953,0.0,0.0,0.0,0.0,0.0,0.0,0.0,0.0,0.0,0.5687856999999957,court
ABOVE_THRESHOLD_NOMINAL_mu0.6_F60_r0.40_y+0.000,flat,0.14825,0.033174999999999094,0.0,0.032695999553897424,0.503174999999999,-0.45,0.0,-1.1303218897261126e-14,0.45,-19.713493901275953,19.713493901275953,0.0,0.0,0.0,0.0,0.0,0.0,0.0,0.0,0.0,0.5687856999999957,court
ABOVE_THRESHOLD_NOMINAL_mu0.6_F60_r0.40_y+0.000,flat,0.1485,0.03306249999999909,0.0,0.032695999553897424,0.5030624999999991,-0.45,0.0,-1.1321403584733434e-14,0.45,-19.713493901275953,19.713493901275953,0.0,0.0,0.0,0.0,0.0,0.0,0.0,0.0,0.0,0.5687856999999957,court
ABOVE_THRESHOLD_NOMINAL_mu0.6_F60_r0.40_y+0.000,flat,0.14875,0.03294999999999909,0.0,0.032695999553897424,0.5029499999999991,-0.45,0.0,-1.1339588272205742e-14,0.45,-19.713493901275953,19.713493901275953,0.0,0.0,0.0,0.0,0.0,0.0,0.0,0.0,0.0,0.5687856999999957,court
ABOVE_THRESHOLD_NOMINAL_mu0.6_F60_r0.40_y+0.000,flat,0.149,0.03283749999999909,0.0,0.032695999553897424,0.502837499999999,-0.45,0.0,-1.135777295967805e-14,0.45,-19.713493901275953,19.713493901275953,0.0,0.0,0.0,0.0,0.0,0.0,0.0,0.0,0.0,0.5687856999999957,court
ABOVE_THRESHOLD_NOMINAL_mu0.6_F60_r0.40_y+0.000,flat,0.14925,0.03272499999999909,0.0,0.032695999553897424,0.5027249999999991,-0.45,0.0,-1.1375957647150358e-14,0.45,-19.713493901275953,19.713493901275953,0.0,0.0,0.0,0.0,0.0,0.0,0.0,0.0,0.0,0.5687856999999957,court
ABOVE_THRESHOLD_NOMINAL_mu0.6_F60_r0.40_y+0.000,flat,0.1495,0.03261249999999909,0.0,0.032695999553897424,0.502612499999999,-0.45,0.0,-1.1394142334622666e-14,0.45,-19.713493901275953,19.713493901275953,0.0,0.0,0.0,0.0,0.0,0.0,0.0,0.0,0.0,0.5687856999999957,court
ABOVE_THRESHOLD_NOMINAL_mu0.6_F60_r0.40_y+0.000,flat,0.14975,0.032499999999999085,0.0,0.032695999553897424,0.5024999999999991,-0.45,0.0,-1.1412327022094974e-14,0.45,-19.713493901275953,19.713493901275953,0.0,0.0,0.0,0.0,0.0,0.0,0.0,0.0,0.0,0.5687856999999957,court
ABOVE_THRESHOLD_NOMINAL_mu0.6_F60_r0.40_y+0.000,flat,0.15,0.032387499999999084,0.0,0.032695999553897424,0.5023874999999991,-0.45,0.0,-1.1430511709567282e-14,0.45,-19.713493901275953,19.713493901275953,0.0,0.0,0.0,0.0,0.0,0.0,0.0,0.0,0.0,0.5687856999999957,court
ABOVE_THRESHOLD_NOMINAL_mu0.6_F60_r0.40_y+0.000,flat,0.15025,0.03227499999999908,0.0,0.032695999553897424,0.502274999999999,-0.45,0.0,-1.144869639703959e-14,0.45,-19.713493901275953,19.713493901275953,0.0,0.0,0.0,0.0,0.0,0.0,0.0,0.0,0.0,0.5687856999999957,court
ABOVE_THRESHOLD_NOMINAL_mu0.6_F60_r0.40_y+0.000,flat,0.1505,0.03216249999999908,0.0,0.032695999553897424,0.5021624999999991,-0.45,0.0,-1.1466881084511898e-14,0.45,-19.713493901275953,19.713493901275953,0.0,0.0,0.0,0.0,0.0,0.0,0.0,0.0,0.0,0.5687856999999957,court
ABOVE_THRESHOLD_NOMINAL_mu0.6_F60_r0.40_y+0.000,flat,0.15075,0.03204999999999908,0.0,0.032695999553897424,0.502049999999999,-0.45,0.0,-1.1485065771984206e-14,0.45,-19.713493901275953,19.713493901275953,0.0,0.0,0.0,0.0,0.0,0.0,0.0,0.0,0.0,0.5687856999999957,court
ABOVE_THRESHOLD_NOMINAL_mu0.6_F60_r0.40_y+0.000,flat,0.151,0.03193749999999908,0.0,0.032695999553897424,0.501937499999999,-0.45,0.0,-1.1503250459456514e-14,0.45,-19.713493901275953,19.713493901275953,0.0,0.0,0.0,0.0,0.0,0.0,0.0,0.0,0.0,0.5687856999999957,court
ABOVE_THRESHOLD_NOMINAL_mu0.6_F60_r0.40_y+0.000,flat,0.15125,0.031824999999999076,0.0,0.032695999553897424,0.5018249999999991,-0.45,0.0,-1.1521435146928822e-14,0.45,-19.713493901275953,19.713493901275953,0.0,0.0,0.0,0.0,0.0,0.0,0.0,0.0,0.0,0.5687856999999957,court
ABOVE_THRESHOLD_NOMINAL_mu0.6_F60_r0.40_y+0.000,flat,0.1515,0.031712499999999075,0.0,0.032695999553897424,0.501712499999999,-0.45,0.0,-1.153961983440113e-14,0.45,-19.713493901275953,19.713493901275953,0.0,0.0,0.0,0.0,0.0,0.0,0.0,0.0,0.0,0.5687856999999957,court
ABOVE_THRESHOLD_NOMINAL_mu0.6_F60_r0.40_y+0.000,flat,0.15175,0.03159999999999907,0.0,0.032695999553897424,0.501599999999999,-0.45,0.0,-1.1557804521873438e-14,0.45,-19.713493901275953,19.713493901275953,0.0,0.0,0.0,0.0,0.0,0.0,0.0,0.0,0.0,0.5687856999999957,court
ABOVE_THRESHOLD_NOMINAL_mu0.6_F60_r0.40_y+0.000,flat,0.152,0.03148749999999907,0.0,0.032695999553897424,0.5014874999999991,-0.45,0.0,-1.1575989209345746e-14,0.45,-19.713493901275953,19.713493901275953,0.0,0.0,0.0,0.0,0.0,0.0,0.0,0.0,0.0,0.5687856999999957,court
ABOVE_THRESHOLD_NOMINAL_mu0.6_F60_r0.40_y+0.000,flat,0.15225,0.03137499999999907,0.0,0.032695999553897424,0.501374999999999,-0.45,0.0,-1.1594173896818054e-14,0.45,-19.713493901275953,19.713493901275953,0.0,0.0,0.0,0.0,0.0,0.0,0.0,0.0,0.0,0.5687856999999957,court
ABOVE_THRESHOLD_NOMINAL_mu0.6_F60_r0.40_y+0.000,flat,0.1525,0.03126249999999907,0.0,0.032695999553897424,0.5012624999999991,-0.45,0.0,-1.1612358584290362e-14,0.45,-19.713493901275953,19.713493901275953,0.0,0.0,0.0,0.0,0.0,0.0,0.0,0.0,0.0,0.5687856999999957,court
ABOVE_THRESHOLD_NOMINAL_mu0.6_F60_r0.40_y+0.000,flat,0.15275,0.031149999999999067,0.0,0.032695999553897424,0.5011499999999991,-0.45,0.0,-1.163054327176267e-14,0.45,-19.713493901275953,19.713493901275953,0.0,0.0,0.0,0.0,0.0,0.0,0.0,0.0,0.0,0.5687856999999957,court
ABOVE_THRESHOLD_NOMINAL_mu0.6_F60_r0.40_y+0.000,flat,0.153,0.031037499999999066,0.0,0.032695999553897424,0.501037499999999,-0.45,0.0,-1.1648727959234978e-14,0.45,-19.713493901275953,19.713493901275953,0.0,0.0,0.0,0.0,0.0,0.0,0.0,0.0,0.0,0.5687856999999957,court
ABOVE_THRESHOLD_NOMINAL_mu0.6_F60_r0.40_y+0.000,flat,0.15325,0.030924999999999064,0.0,0.032695999553897424,0.5009249999999991,-0.45,0.0,-1.1666912646707286e-14,0.45,-19.713493901275953,19.713493901275953,0.0,0.0,0.0,0.0,0.0,0.0,0.0,0.0,0.0,0.5687856999999957,court
ABOVE_THRESHOLD_NOMINAL_mu0.6_F60_r0.40_y+0.000,flat,0.1535,0.030812499999999063,0.0,0.032695999553897424,0.500812499999999,-0.45,0.0,-1.1685097334179594e-14,0.45,-19.713493901275953,19.713493901275953,0.0,0.0,0.0,0.0,0.0,0.0,0.0,0.0,0.0,0.5687856999999957,court
ABOVE_THRESHOLD_NOMINAL_mu0.6_F60_r0.40_y+0.000,flat,0.15375,0.03069999999999906,0.0,0.032695999553897424,0.500699999999999,-0.45,0.0,-1.1703282021651902e-14,0.45,-19.713493901275953,19.713493901275953,0.0,0.0,0.0,0.0,0.0,0.0,0.0,0.0,0.0,0.5687856999999957,court
ABOVE_THRESHOLD_NOMINAL_mu0.6_F60_r0.40_y+0.000,flat,0.154,0.03058749999999906,0.0,0.032695999553897424,0.5005874999999991,-0.45,0.0,-1.172146670912421e-14,0.45,-19.713493901275953,19.713493901275953,0.0,0.0,0.0,0.0,0.0,0.0,0.0,0.0,0.0,0.5687856999999957,court
ABOVE_THRESHOLD_NOMINAL_mu0.6_F60_r0.40_y+0.000,flat,0.15425,0.03047499999999906,0.0,0.032695999553897424,0.500474999999999,-0.45,0.0,-1.1739651396596518e-14,0.45,-19.713493901275953,19.713493901275953,0.0,0.0,0.0,0.0,0.0,0.0,0.0,0.0,0.0,0.5687856999999957,court
ABOVE_THRESHOLD_NOMINAL_mu0.6_F60_r0.40_y+0.000,flat,0.1545,0.030362499999999057,0.0,0.032695999553897424,0.500362499999999,-0.45,0.0,-1.1757836084068826e-14,0.45,-19.713493901275953,19.713493901275953,0.0,0.0,0.0,0.0,0.0,0.0,0.0,0.0,0.0,0.5687856999999957,court
ABOVE_THRESHOLD_NOMINAL_mu0.6_F60_r0.40_y+0.000,flat,0.15475,0.030249999999999055,0.0,0.032695999553897424,0.500249999999999,-0.45,0.0,-1.1776020771541134e-14,0.45,-19.713493901275953,19.713493901275953,0.0,0.0,0.0,0.0,0.0,0.0,0.0,0.0,0.0,0.5687856999999957,court
ABOVE_THRESHOLD_NOMINAL_mu0.6_F60_r0.40_y+0.000,flat,0.155,0.030137499999999054,0.0,0.032695999553897424,0.500137499999999,-0.45,0.0,-1.1794205459013442e-14,0.45,-19.713493901275953,19.713493901275953,0.0,0.0,0.0,0.0,0.0,0.0,0.0,0.0,0.0,0.5687856999999957,court
ABOVE_THRESHOLD_NOMINAL_mu0.6_F60_r0.40_y+0.000,flat,0.15525,0.030024999999999052,0.0,0.032695999553897424,0.500024999999999,-0.45,0.0,-1.181239014648575e-14,0.45,-19.713493901275953,19.713493901275953,0.0,0.0,0.0,0.0,0.0,0.0,0.0,0.0,0.0,0.5687856999999957,court
ABOVE_THRESHOLD_NOMINAL_mu0.6_F60_r0.40_y+0.000,flat,0.1555,0.02991249999999905,0.0,0.032695999553897424,0.49991249999999904,-0.45,0.0,-1.1830574833958058e-14,0.45,-19.713493901275953,19.713493901275953,0.0,0.0,0.0,0.0,0.0,0.0,0.0,0.0,0.0,0.5687856999999957,court
ABOVE_THRESHOLD_NOMINAL_mu0.6_F60_r0.40_y+0.000,flat,0.15575,0.02979999999999905,0.0,0.032695999553897424,0.499799999999999,-0.45,0.0,-1.1848759521430366e-14,0.45,-19.713493901275953,19.713493901275953,0.0,0.0,0.0,0.0,0.0,0.0,0.0,0.0,0.0,0.5687856999999957,court
ABOVE_THRESHOLD_NOMINAL_mu0.6_F60_r0.40_y+0.000,flat,0.156,0.029687499999999048,0.0,0.032695999553897424,0.499687499999999,-0.45,0.0,-1.1866944208902674e-14,0.45,-19.713493901275953,19.713493901275953,0.0,0.0,0.0,0.0,0.0,0.0,0.0,0.0,0.0,0.5687856999999957,court
ABOVE_THRESHOLD_NOMINAL_mu0.6_F60_r0.40_y+0.000,flat,0.15625,0.029574999999999046,0.0,0.032695999553897424,0.499574999999999,-0.45,0.0,-1.1885128896374982e-14,0.45,-19.713493901275953,19.713493901275953,0.0,0.0,0.0,0.0,0.0,0.0,0.0,0.0,0.0,0.5687856999999957,court
ABOVE_THRESHOLD_NOMINAL_mu0.6_F60_r0.40_y+0.000,flat,0.1565,0.029462499999999045,0.0,0.032695999553897424,0.49946249999999903,-0.45,0.0,-1.190331358384729e-14,0.45,-19.713493901275953,19.713493901275953,0.0,0.0,0.0,0.0,0.0,0.0,0.0,0.0,0.0,0.5687856999999957,court
ABOVE_THRESHOLD_NOMINAL_mu0.6_F60_r0.40_y+0.000,flat,0.15675,0.029349999999999044,0.0,0.032695999553897424,0.499349999999999,-0.45,0.0,-1.1921498271319598e-14,0.45,-19.713493901275953,19.713493901275953,0.0,0.0,0.0,0.0,0.0,0.0,0.0,0.0,0.0,0.5687856999999957,court
ABOVE_THRESHOLD_NOMINAL_mu0.6_F60_r0.40_y+0.000,flat,0.157,0.029237499999999042,0.0,0.032695999553897424,0.499237499999999,-0.45,0.0,-1.1939682958791906e-14,0.45,-19.713493901275953,19.713493901275953,0.0,0.0,0.0,0.0,0.0,0.0,0.0,0.0,0.0,0.5687856999999957,court
ABOVE_THRESHOLD_NOMINAL_mu0.6_F60_r0.40_y+0.000,flat,0.15725,0.02912499999999904,0.0,0.032695999553897424,0.49912499999999904,-0.45,0.0,-1.1957867646264214e-14,0.45,-19.713493901275953,19.713493901275953,0.0,0.0,0.0,0.0,0.0,0.0,0.0,0.0,0.0,0.5687856999999957,court
ABOVE_THRESHOLD_NOMINAL_mu0.6_F60_r0.40_y+0.000,flat,0.1575,0.02901249999999904,0.0,0.032695999553897424,0.499012499999999,-0.45,0.0,-1.1976052333736522e-14,0.45,-19.713493901275953,19.713493901275953,0.0,0.0,0.0,0.0,0.0,0.0,0.0,0.0,0.0,0.5687856999999957,court
ABOVE_THRESHOLD_NOMINAL_mu0.6_F60_r0.40_y+0.000,flat,0.15775,0.028899999999999038,0.0,0.032695999553897424,0.498899999999999,-0.45,0.0,-1.199423702120883e-14,0.45,-19.713493901275953,19.713493901275953,0.0,0.0,0.0,0.0,0.0,0.0,0.0,0.0,0.0,0.5687856999999957,court
ABOVE_THRESHOLD_NOMINAL_mu0.6_F60_r0.40_y+0.000,flat,0.158,0.028787499999999036,0.0,0.032695999553897424,0.498787499999999,-0.45,0.0,-1.2012421708681138e-14,0.45,-19.713493901275953,19.713493901275953,0.0,0.0,0.0,0.0,0.0,0.0,0.0,0.0,0.0,0.5687856999999957,court
ABOVE_THRESHOLD_NOMINAL_mu0.6_F60_r0.40_y+0.000,flat,0.15825,0.028674999999999035,0.0,0.032695999553897424,0.498674999999999,-0.45,0.0,-1.2030606396153446e-14,0.45,-19.713493901275953,19.713493901275953,0.0,0.0,0.0,0.0,0.0,0.0,0.0,0.0,0.0,0.5687856999999957,court
ABOVE_THRESHOLD_NOMINAL_mu0.6_F60_r0.40_y+0.000,flat,0.1585,0.028562499999999033,0.0,0.032695999553897424,0.498562499999999,-0.45,0.0,-1.2048791083625754e-14,0.45,-19.713493901275953,19.713493901275953,0.0,0.0,0.0,0.0,0.0,0.0,0.0,0.0,0.0,0.5687856999999957,court
ABOVE_THRESHOLD_NOMINAL_mu0.6_F60_r0.40_y+0.000,flat,0.15875,0.02844999999999903,0.0,0.032695999553897424,0.498449999999999,-0.45,0.0,-1.2066975771098062e-14,0.45,-19.713493901275953,19.713493901275953,0.0,0.0,0.0,0.0,0.0,0.0,0.0,0.0,0.0,0.5687856999999957,court
ABOVE_THRESHOLD_NOMINAL_mu0.6_F60_r0.40_y+0.000,flat,0.159,0.02833749999999903,0.0,0.032695999553897424,0.498337499999999,-0.45,0.0,-1.208516045857037e-14,0.45,-19.713493901275953,19.713493901275953,0.0,0.0,0.0,0.0,0.0,0.0,0.0,0.0,0.0,0.5687856999999957,court
ABOVE_THRESHOLD_NOMINAL_mu0.6_F60_r0.40_y+0.000,flat,0.15925,0.02822499999999903,0.0,0.032695999553897424,0.49822499999999903,-0.45,0.0,-1.2103345146042678e-14,0.45,-19.713493901275953,19.713493901275953,0.0,0.0,0.0,0.0,0.0,0.0,0.0,0.0,0.0,0.5687856999999957,court
ABOVE_THRESHOLD_NOMINAL_mu0.6_F60_r0.40_y+0.000,flat,0.1595,0.028112499999999027,0.0,0.032695999553897424,0.498112499999999,-0.45,0.0,-1.2121529833514986e-14,0.45,-19.713493901275953,19.713493901275953,0.0,0.0,0.0,0.0,0.0,0.0,0.0,0.0,0.0,0.5687856999999957,court
ABOVE_THRESHOLD_NOMINAL_mu0.6_F60_r0.40_y+0.000,flat,0.15975,0.027999999999999026,0.0,0.032695999553897424,0.497999999999999,-0.45,0.0,-1.2139714520987294e-14,0.45,-19.713493901275953,19.713493901275953,0.0,0.0,0.0,0.0,0.0,0.0,0.0,0.0,0.0,0.5687856999999957,court
ABOVE_THRESHOLD_NOMINAL_mu0.6_F60_r0.40_y+0.000,flat,0.16,0.027887499999999024,0.0,0.032695999553897424,0.497887499999999,-0.45,0.0,-1.2157899208459602e-14,0.45,-19.713493901275953,19.713493901275953,0.0,0.0,0.0,0.0,0.0,0.0,0.0,0.0,0.0,0.5687856999999957,court
ABOVE_THRESHOLD_NOMINAL_mu0.6_F60_r0.40_y+0.000,flat,0.16025,0.027774999999999023,0.0,0.032695999553897424,0.49777499999999897,-0.45,0.0,-1.217608389593191e-14,0.45,-19.713493901275953,19.713493901275953,0.0,0.0,0.0,0.0,0.0,0.0,0.0,0.0,0.0,0.5687856999999957,court
ABOVE_THRESHOLD_NOMINAL_mu0.6_F60_r0.40_y+0.000,flat,0.1605,0.02766249999999902,0.0,0.032695999553897424,0.497662499999999,-0.45,0.0,-1.2194268583404218e-14,0.45,-19.713493901275953,19.713493901275953,0.0,0.0,0.0,0.0,0.0,0.0,0.0,0.0,0.0,0.5687856999999957,court
ABOVE_THRESHOLD_NOMINAL_mu0.6_F60_r0.40_y+0.000,flat,0.16075,0.02754999999999902,0.0,0.032695999553897424,0.497549999999999,-0.45,0.0,-1.2212453270876526e-14,0.45,-19.713493901275953,19.713493901275953,0.0,0.0,0.0,0.0,0.0,0.0,0.0,0.0,0.0,0.5687856999999957,court
ABOVE_THRESHOLD_NOMINAL_mu0.6_F60_r0.40_y+0.000,flat,0.161,0.027437499999999018,0.0,0.032695999553897424,0.497437499999999,-0.45,0.0,-1.2230637958348834e-14,0.45,-19.713493901275953,19.713493901275953,0.0,0.0,0.0,0.0,0.0,0.0,0.0,0.0,0.0,0.5687856999999957,court
ABOVE_THRESHOLD_NOMINAL_mu0.6_F60_r0.40_y+0.000,flat,0.16125,0.027324999999999017,0.0,0.032695999553897424,0.497324999999999,-0.45,0.0,-1.2248822645821142e-14,0.45,-19.713493901275953,19.713493901275953,0.0,0.0,0.0,0.0,0.0,0.0,0.0,0.0,0.0,0.5687856999999957,court
ABOVE_THRESHOLD_NOMINAL_mu0.6_F60_r0.40_y+0.000,flat,0.1615,0.027212499999999015,0.0,0.032695999553897424,0.497212499999999,-0.45,0.0,-1.226700733329345e-14,0.45,-19.713493901275953,19.713493901275953,0.0,0.0,0.0,0.0,0.0,0.0,0.0,0.0,0.0,0.5687856999999957,court
ABOVE_THRESHOLD_NOMINAL_mu0.6_F60_r0.40_y+0.000,flat,0.16175,0.027099999999999014,0.0,0.032695999553897424,0.497099999999999,-0.45,0.0,-1.2285192020765758e-14,0.45,-19.713493901275953,19.713493901275953,0.0,0.0,0.0,0.0,0.0,0.0,0.0,0.0,0.0,0.5687856999999957,court
ABOVE_THRESHOLD_NOMINAL_mu0.6_F60_r0.40_y+0.000,flat,0.162,0.026987499999999012,0.0,0.032695999553897424,0.49698749999999897,-0.45,0.0,-1.2303376708238066e-14,0.45,-19.713493901275953,19.713493901275953,0.0,0.0,0.0,0.0,0.0,0.0,0.0,0.0,0.0,0.5687856999999957,court
ABOVE_THRESHOLD_NOMINAL_mu0.6_F60_r0.40_y+0.000,flat,0.16225,0.02687499999999901,0.0,0.032695999553897424,0.49687499999999896,-0.45,0.0,-1.2321561395710374e-14,0.45,-19.713493901275953,19.713493901275953,0.0,0.0,0.0,0.0,0.0,0.0,0.0,0.0,0.0,0.5687856999999957,court
ABOVE_THRESHOLD_NOMINAL_mu0.6_F60_r0.40_y+0.000,flat,0.1625,0.02676249999999901,0.0,0.032695999553897424,0.496762499999999,-0.45,0.0,-1.2339746083182682e-14,0.45,-19.713493901275953,19.713493901275953,0.0,0.0,0.0,0.0,0.0,0.0,0.0,0.0,0.0,0.5687856999999957,court
ABOVE_THRESHOLD_NOMINAL_mu0.6_F60_r0.40_y+0.000,flat,0.16275,0.026649999999999008,0.0,0.032695999553897424,0.496649999999999,-0.45,0.0,-1.235793077065499e-14,0.45,-19.713493901275953,19.713493901275953,0.0,0.0,0.0,0.0,0.0,0.0,0.0,0.0,0.0,0.5687856999999957,court
ABOVE_THRESHOLD_NOMINAL_mu0.6_F60_r0.40_y+0.000,flat,0.163,0.026537499999999006,0.0,0.032695999553897424,0.49653749999999897,-0.45,0.0,-1.2376115458127298e-14,0.45,-19.713493901275953,19.713493901275953,0.0,0.0,0.0,0.0,0.0,0.0,0.0,0.0,0.0,0.5687856999999957,court
ABOVE_THRESHOLD_NOMINAL_mu0.6_F60_r0.40_y+0.000,flat,0.16325,0.026424999999999005,0.0,0.032695999553897424,0.496424999999999,-0.45,0.0,-1.2394300145599606e-14,0.45,-19.713493901275953,19.713493901275953,0.0,0.0,0.0,0.0,0.0,0.0,0.0,0.0,0.0,0.5687856999999957,court
ABOVE_THRESHOLD_NOMINAL_mu0.6_F60_r0.40_y+0.000,flat,0.1635,0.026312499999999003,0.0,0.032695999553897424,0.496312499999999,-0.45,0.0,-1.2412484833071914e-14,0.45,-19.713493901275953,19.713493901275953,0.0,0.0,0.0,0.0,0.0,0.0,0.0,0.0,0.0,0.5687856999999957,court
ABOVE_THRESHOLD_NOMINAL_mu0.6_F60_r0.40_y+0.000,flat,0.16375,0.026199999999999002,0.0,0.032695999553897424,0.496199999999999,-0.45,0.0,-1.2430669520544222e-14,0.45,-19.713493901275953,19.713493901275953,0.0,0.0,0.0,0.0,0.0,0.0,0.0,0.0,0.0,0.5687856999999957,court
ABOVE_THRESHOLD_NOMINAL_mu0.6_F60_r0.40_y+0.000,flat,0.164,0.026087499999999,0.0,0.032695999553897424,0.49608749999999896,-0.45,0.0,-1.244885420801653e-14,0.45,-19.713493901275953,19.713493901275953,0.0,0.0,0.0,0.0,0.0,0.0,0.0,0.0,0.0,0.5687856999999957,court
ABOVE_THRESHOLD_NOMINAL_mu0.6_F60_r0.40_y+0.000,flat,0.16425,0.025974999999999,0.0,0.032695999553897424,0.49597499999999894,-0.45,0.0,-1.2467038895488838e-14,0.45,-19.713493901275953,19.713493901275953,0.0,0.0,0.0,0.0,0.0,0.0,0.0,0.0,0.0,0.5687856999999957,court
ABOVE_THRESHOLD_NOMINAL_mu0.6_F60_r0.40_y+0.000,flat,0.1645,0.025862499999998997,0.0,0.032695999553897424,0.495862499999999,-0.45,0.0,-1.2485223582961146e-14,0.45,-19.713493901275953,19.713493901275953,0.0,0.0,0.0,0.0,0.0,0.0,0.0,0.0,0.0,0.5687856999999957,court
ABOVE_THRESHOLD_NOMINAL_mu0.6_F60_r0.40_y+0.000,flat,0.16475,0.025749999999998996,0.0,0.032695999553897424,0.49574999999999897,-0.45,0.0,-1.2503408270433454e-14,0.45,-19.713493901275953,19.713493901275953,0.0,0.0,0.0,0.0,0.0,0.0,0.0,0.0,0.0,0.5687856999999957,court
ABOVE_THRESHOLD_NOMINAL_mu0.6_F60_r0.40_y+0.000,flat,0.165,0.025637499999998994,0.0,0.032695999553897424,0.49563749999999895,-0.45,0.0,-1.2521592957905762e-14,0.45,-19.713493901275953,19.713493901275953,0.0,0.0,0.0,0.0,0.0,0.0,0.0,0.0,0.0,0.5687856999999957,court
ABOVE_THRESHOLD_NOMINAL_mu0.6_F60_r0.40_y+0.000,flat,0.16525,0.025524999999998993,0.0,0.032695999553897424,0.495524999999999,-0.45,0.0,-1.253977764537807e-14,0.45,-19.713493901275953,19.713493901275953,0.0,0.0,0.0,0.0,0.0,0.0,0.0,0.0,0.0,0.5687856999999957,court
ABOVE_THRESHOLD_NOMINAL_mu0.6_F60_r0.40_y+0.000,flat,0.1655,0.02541249999999899,0.0,0.032695999553897424,0.495412499999999,-0.45,0.0,-1.2557962332850378e-14,0.45,-19.713493901275953,19.713493901275953,0.0,0.0,0.0,0.0,0.0,0.0,0.0,0.0,0.0,0.5687856999999957,court
ABOVE_THRESHOLD_NOMINAL_mu0.6_F60_r0.40_y+0.000,flat,0.16575,0.02529999999999899,0.0,0.032695999553897424,0.49529999999999896,-0.45,0.0,-1.2576147020322686e-14,0.45,-19.713493901275953,19.713493901275953,0.0,0.0,0.0,0.0,0.0,0.0,0.0,0.0,0.0,0.5687856999999957,court
ABOVE_THRESHOLD_NOMINAL_mu0.6_F60_r0.40_y+0.000,flat,0.166,0.02518749999999899,0.0,0.032695999553897424,0.49518749999999895,-0.45,0.0,-1.2594331707794994e-14,0.45,-19.713493901275953,19.713493901275953,0.0,0.0,0.0,0.0,0.0,0.0,0.0,0.0,0.0,0.5687856999999957,court
ABOVE_THRESHOLD_NOMINAL_mu0.6_F60_r0.40_y+0.000,flat,0.16625,0.025074999999998987,0.0,0.032695999553897424,0.49507499999999893,-0.45,0.0,-1.2612516395267302e-14,0.45,-19.713493901275953,19.713493901275953,0.0,0.0,0.0,0.0,0.0,0.0,0.0,0.0,0.0,0.5687856999999957,court
ABOVE_THRESHOLD_NOMINAL_mu0.6_F60_r0.40_y+0.000,flat,0.1665,0.024962499999998986,0.0,0.032695999553897424,0.494962499999999,-0.45,0.0,-1.263070108273961e-14,0.45,-19.713493901275953,19.713493901275953,0.0,0.0,0.0,0.0,0.0,0.0,0.0,0.0,0.0,0.5687856999999957,court
ABOVE_THRESHOLD_NOMINAL_mu0.6_F60_r0.40_y+0.000,flat,0.16675,0.024849999999998984,0.0,0.032695999553897424,0.49484999999999896,-0.45,0.0,-1.2648885770211918e-14,0.45,-19.713493901275953,19.713493901275953,0.0,0.0,0.0,0.0,0.0,0.0,0.0,0.0,0.0,0.5687856999999957,court
ABOVE_THRESHOLD_NOMINAL_mu0.6_F60_r0.40_y+0.000,flat,0.167,0.024737499999998983,0.0,0.032695999553897424,0.49473749999999894,-0.45,0.0,-1.2667070457684226e-14,0.45,-19.713493901275953,19.713493901275953,0.0,0.0,0.0,0.0,0.0,0.0,0.0,0.0,0.0,0.5687856999999957,court
ABOVE_THRESHOLD_NOMINAL_mu0.6_F60_r0.40_y+0.000,flat,0.16725,0.02462499999999898,0.0,0.032695999553897424,0.494624999999999,-0.45,0.0,-1.2685255145156534e-14,0.45,-19.713493901275953,19.713493901275953,0.0,0.0,0.0,0.0,0.0,0.0,0.0,0.0,0.0,0.5687856999999957,court
ABOVE_THRESHOLD_NOMINAL_mu0.6_F60_r0.40_y+0.000,flat,0.1675,0.02451249999999898,0.0,0.032695999553897424,0.49451249999999897,-0.45,0.0,-1.2703439832628842e-14,0.45,-19.713493901275953,19.713493901275953,0.0,0.0,0.0,0.0,0.0,0.0,0.0,0.0,0.0,0.5687856999999957,court
ABOVE_THRESHOLD_NOMINAL_mu0.6_F60_r0.40_y+0.000,flat,0.16775,0.024399999999998978,0.0,0.032695999553897424,0.49439999999999895,-0.45,0.0,-1.272162452010115e-14,0.45,-19.713493901275953,19.713493901275953,0.0,0.0,0.0,0.0,0.0,0.0,0.0,0.0,0.0,0.5687856999999957,court
ABOVE_THRESHOLD_NOMINAL_mu0.6_F60_r0.40_y+0.000,flat,0.168,0.024287499999998977,0.0,0.032695999553897424,0.49428749999999894,-0.45,0.0,-1.2739809207573458e-14,0.45,-19.713493901275953,19.713493901275953,0.0,0.0,0.0,0.0,0.0,0.0,0.0,0.0,0.0,0.5687856999999957,court
ABOVE_THRESHOLD_NOMINAL_mu0.6_F60_r0.40_y+0.000,flat,0.16825,0.024174999999998975,0.0,0.032695999553897424,0.4941749999999989,-0.45,0.0,-1.2757993895045766e-14,0.45,-19.713493901275953,19.713493901275953,0.0,0.0,0.0,0.0,0.0,0.0,0.0,0.0,0.0,0.5687856999999957,court
ABOVE_THRESHOLD_NOMINAL_mu0.6_F60_r0.40_y+0.000,flat,0.1685,0.024062499999998974,0.0,0.032695999553897424,0.49406249999999896,-0.45,0.0,-1.2776178582518074e-14,0.45,-19.713493901275953,19.713493901275953,0.0,0.0,0.0,0.0,0.0,0.0,0.0,0.0,0.0,0.5687856999999957,court
ABOVE_THRESHOLD_NOMINAL_mu0.6_F60_r0.40_y+0.000,flat,0.16875,0.023949999999998972,0.0,0.032695999553897424,0.49394999999999895,-0.45,0.0,-1.2794363269990382e-14,0.45,-19.713493901275953,19.713493901275953,0.0,0.0,0.0,0.0,0.0,0.0,0.0,0.0,0.0,0.5687856999999957,court
ABOVE_THRESHOLD_NOMINAL_mu0.6_F60_r0.40_y+0.000,flat,0.169,0.02383749999999897,0.0,0.032695999553897424,0.49383749999999893,-0.45,0.0,-1.281254795746269e-14,0.45,-19.713493901275953,19.713493901275953,0.0,0.0,0.0,0.0,0.0,0.0,0.0,0.0,0.0,0.5687856999999957,court
ABOVE_THRESHOLD_NOMINAL_mu0.6_F60_r0.40_y+0.000,flat,0.16925,0.02372499999999897,0.0,0.032695999553897424,0.49372499999999897,-0.45,0.0,-1.2830732644934998e-14,0.45,-19.713493901275953,19.713493901275953,0.0,0.0,0.0,0.0,0.0,0.0,0.0,0.0,0.0,0.5687856999999957,court
ABOVE_THRESHOLD_NOMINAL_mu0.6_F60_r0.40_y+0.000,flat,0.1695,0.023612499999998968,0.0,0.032695999553897424,0.49361249999999895,-0.45,0.0,-1.2848917332407306e-14,0.45,-19.713493901275953,19.713493901275953,0.0,0.0,0.0,0.0,0.0,0.0,0.0,0.0,0.0,0.5687856999999957,court
ABOVE_THRESHOLD_NOMINAL_mu0.6_F60_r0.40_y+0.000,flat,0.16975,0.023499999999998966,0.0,0.032695999553897424,0.49349999999999894,-0.45,0.0,-1.2867102019879614e-14,0.45,-19.713493901275953,19.713493901275953,0.0,0.0,0.0,0.0,0.0,0.0,0.0,0.0,0.0,0.5687856999999957,court
ABOVE_THRESHOLD_NOMINAL_mu0.6_F60_r0.40_y+0.000,flat,0.17,0.023387499999998965,0.0,0.032695999553897424,0.4933874999999989,-0.45,0.0,-1.2885286707351922e-14,0.45,-19.713493901275953,19.713493901275953,0.0,0.0,0.0,0.0,0.0,0.0,0.0,0.0,0.0,0.5687856999999957,court
ABOVE_THRESHOLD_NOMINAL_mu0.6_F60_r0.40_y+0.000,flat,0.17025,0.023274999999998963,0.0,0.032695999553897424,0.4932749999999989,-0.45,0.0,-1.290347139482423e-14,0.45,-19.713493901275953,19.713493901275953,0.0,0.0,0.0,0.0,0.0,0.0,0.0,0.0,0.0,0.5687856999999957,court
ABOVE_THRESHOLD_NOMINAL_mu0.6_F60_r0.40_y+0.000,flat,0.1705,0.02316249999999896,0.0,0.032695999553897424,0.49316249999999895,-0.45,0.0,-1.2921656082296538e-14,0.45,-19.713493901275953,19.713493901275953,0.0,0.0,0.0,0.0,0.0,0.0,0.0,0.0,0.0,0.5687856999999957,court
ABOVE_THRESHOLD_NOMINAL_mu0.6_F60_r0.40_y+0.000,flat,0.17075,0.02304999999999896,0.0,0.032695999553897424,0.49304999999999893,-0.45,0.0,-1.2939840769768846e-14,0.45,-19.713493901275953,19.713493901275953,0.0,0.0,0.0,0.0,0.0,0.0,0.0,0.0,0.0,0.5687856999999957,court
ABOVE_THRESHOLD_NOMINAL_mu0.6_F60_r0.40_y+0.000,flat,0.171,0.02293749999999896,0.0,0.032695999553897424,0.4929374999999989,-0.45,0.0,-1.2958025457241154e-14,0.45,-19.713493901275953,19.713493901275953,0.0,0.0,0.0,0.0,0.0,0.0,0.0,0.0,0.0,0.5687856999999957,court
ABOVE_THRESHOLD_NOMINAL_mu0.6_F60_r0.40_y+0.000,flat,0.17125,0.022824999999998957,0.0,0.032695999553897424,0.49282499999999896,-0.45,0.0,-1.2976210144713462e-14,0.45,-19.713493901275953,19.713493901275953,0.0,0.0,0.0,0.0,0.0,0.0,0.0,0.0,0.0,0.5687856999999957,court
ABOVE_THRESHOLD_NOMINAL_mu0.6_F60_r0.40_y+0.000,flat,0.1715,0.022712499999998956,0.0,0.032695999553897424,0.49271249999999894,-0.45,0.0,-1.299439483218577e-14,0.45,-19.713493901275953,19.713493901275953,0.0,0.0,0.0,0.0,0.0,0.0,0.0,0.0,0.0,0.5687856999999957,court
ABOVE_THRESHOLD_NOMINAL_mu0.6_F60_r0.40_y+0.000,flat,0.17175,0.022599999999998954,0.0,0.032695999553897424,0.4925999999999989,-0.45,0.0,-1.3012579519658078e-14,0.45,-19.713493901275953,19.713493901275953,0.0,0.0,0.0,0.0,0.0,0.0,0.0,0.0,0.0,0.5687856999999957,court
ABOVE_THRESHOLD_NOMINAL_mu0.6_F60_r0.40_y+0.000,flat,0.17200000000000001,0.022487499999998953,0.0,0.032695999553897424,0.4924874999999989,-0.45,0.0,-1.3030764207130386e-14,0.45,-19.713493901275953,19.713493901275953,0.0,0.0,0.0,0.0,0.0,0.0,0.0,0.0,0.0,0.5687856999999957,court
ABOVE_THRESHOLD_NOMINAL_mu0.6_F60_r0.40_y+0.000,flat,0.17225000000000001,0.02237499999999895,0.0,0.032695999553897424,0.4923749999999989,-0.45,0.0,-1.3048948894602694e-14,0.45,-19.713493901275953,19.713493901275953,0.0,0.0,0.0,0.0,0.0,0.0,0.0,0.0,0.0,0.5687856999999957,court
ABOVE_THRESHOLD_NOMINAL_mu0.6_F60_r0.40_y+0.000,flat,0.17250000000000001,0.02226249999999895,0.0,0.032695999553897424,0.49226249999999894,-0.45,0.0,-1.3067133582075002e-14,0.45,-19.713493901275953,19.713493901275953,0.0,0.0,0.0,0.0,0.0,0.0,0.0,0.0,0.0,0.5687856999999957,court
ABOVE_THRESHOLD_NOMINAL_mu0.6_F60_r0.40_y+0.000,flat,0.17275000000000001,0.02214999999999895,0.0,0.032695999553897424,0.4921499999999989,-0.45,0.0,-1.308531826954731e-14,0.45,-19.713493901275953,19.713493901275953,0.0,0.0,0.0,0.0,0.0,0.0,0.0,0.0,0.0,0.5687856999999957,court
ABOVE_THRESHOLD_NOMINAL_mu0.6_F60_r0.40_y+0.000,flat,0.17300000000000001,0.022037499999998947,0.0,0.032695999553897424,0.4920374999999989,-0.45,0.0,-1.3103502957019618e-14,0.45,-19.713493901275953,19.713493901275953,0.0,0.0,0.0,0.0,0.0,0.0,0.0,0.0,0.0,0.5687856999999957,court
ABOVE_THRESHOLD_NOMINAL_mu0.6_F60_r0.40_y+0.000,flat,0.17325000000000002,0.021924999999998945,0.0,0.032695999553897424,0.49192499999999895,-0.45,0.0,-1.3121687644491926e-14,0.45,-19.713493901275953,19.713493901275953,0.0,0.0,0.0,0.0,0.0,0.0,0.0,0.0,0.0,0.5687856999999957,court
ABOVE_THRESHOLD_NOMINAL_mu0.6_F60_r0.40_y+0.000,flat,0.17350000000000002,0.021812499999998944,0.0,0.032695999553897424,0.49181249999999893,-0.45,0.0,-1.3139872331964234e-14,0.45,-19.713493901275953,19.713493901275953,0.0,0.0,0.0,0.0,0.0,0.0,0.0,0.0,0.0,0.5687856999999957,court
ABOVE_THRESHOLD_NOMINAL_mu0.6_F60_r0.40_y+0.000,flat,0.17375000000000002,0.021699999999998942,0.0,0.032695999553897424,0.4916999999999989,-0.45,0.0,-1.3158057019436542e-14,0.45,-19.713493901275953,19.713493901275953,0.0,0.0,0.0,0.0,0.0,0.0,0.0,0.0,0.0,0.5687856999999957,court
ABOVE_THRESHOLD_NOMINAL_mu0.6_F60_r0.40_y+0.000,flat,0.17400000000000002,0.02158749999999894,0.0,0.032695999553897424,0.4915874999999989,-0.45,0.0,-1.317624170690885e-14,0.45,-19.713493901275953,19.713493901275953,0.0,0.0,0.0,0.0,0.0,0.0,0.0,0.0,0.0,0.5687856999999957,court
ABOVE_THRESHOLD_NOMINAL_mu0.6_F60_r0.40_y+0.000,flat,0.17425000000000002,0.02147499999999894,0.0,0.032695999553897424,0.4914749999999989,-0.45,0.0,-1.3194426394381158e-14,0.45,-19.713493901275953,19.713493901275953,0.0,0.0,0.0,0.0,0.0,0.0,0.0,0.0,0.0,0.5687856999999957,court
ABOVE_THRESHOLD_NOMINAL_mu0.6_F60_r0.40_y+0.000,flat,0.17450000000000002,0.021362499999998938,0.0,0.032695999553897424,0.4913624999999989,-0.45,0.0,-1.3212611081853466e-14,0.45,-19.713493901275953,19.713493901275953,0.0,0.0,0.0,0.0,0.0,0.0,0.0,0.0,0.0,0.5687856999999957,court
ABOVE_THRESHOLD_NOMINAL_mu0.6_F60_r0.40_y+0.000,flat,0.17475000000000002,0.021249999999998936,0.0,0.032695999553897424,0.4912499999999989,-0.45,0.0,-1.3230795769325774e-14,0.45,-19.713493901275953,19.713493901275953,0.0,0.0,0.0,0.0,0.0,0.0,0.0,0.0,0.0,0.5687856999999957,court
ABOVE_THRESHOLD_NOMINAL_mu0.6_F60_r0.40_y+0.000,flat,0.17500000000000002,0.021137499999998935,0.0,0.032695999553897424,0.4911374999999989,-0.45,0.0,-1.3248980456798082e-14,0.45,-19.713493901275953,19.713493901275953,0.0,0.0,0.0,0.0,0.0,0.0,0.0,0.0,0.0,0.5687856999999957,court
ABOVE_THRESHOLD_NOMINAL_mu0.6_F60_r0.40_y+0.000,flat,0.17525000000000002,0.021024999999998933,0.0,0.032695999553897424,0.49102499999999893,-0.45,0.0,-1.326716514427039e-14,0.45,-19.713493901275953,19.713493901275953,0.0,0.0,0.0,0.0,0.0,0.0,0.0,0.0,0.0,0.5687856999999957,court
ABOVE_THRESHOLD_NOMINAL_mu0.6_F60_r0.40_y+0.000,flat,0.17550000000000002,0.020912499999998932,0.0,0.032695999553897424,0.4909124999999989,-0.45,0.0,-1.3285349831742698e-14,0.45,-19.713493901275953,19.713493901275953,0.0,0.0,0.0,0.0,0.0,0.0,0.0,0.0,0.0,0.5687856999999957,court
ABOVE_THRESHOLD_NOMINAL_mu0.6_F60_r0.40_y+0.000,flat,0.17575000000000002,0.02079999999999893,0.0,0.032695999553897424,0.4907999999999989,-0.45,0.0,-1.3303534519215006e-14,0.45,-19.713493901275953,19.713493901275953,0.0,0.0,0.0,0.0,0.0,0.0,0.0,0.0,0.0,0.5687856999999957,court
ABOVE_THRESHOLD_NOMINAL_mu0.6_F60_r0.40_y+0.000,flat,0.176,0.02068749999999893,0.0,0.032695999553897424,0.4906874999999989,-0.45,0.0,-1.3321719206687314e-14,0.45,-19.713493901275953,19.713493901275953,0.0,0.0,0.0,0.0,0.0,0.0,0.0,0.0,0.0,0.5687856999999957,court
ABOVE_THRESHOLD_NOMINAL_mu0.6_F60_r0.40_y+0.000,flat,0.17625,0.020574999999998927,0.0,0.032695999553897424,0.4905749999999989,-0.45,0.0,-1.3339903894159622e-14,0.45,-19.713493901275953,19.713493901275953,0.0,0.0,0.0,0.0,0.0,0.0,0.0,0.0,0.0,0.5687856999999957,court
ABOVE_THRESHOLD_NOMINAL_mu0.6_F60_r0.40_y+0.000,flat,0.1765,0.020462499999998926,0.0,0.032695999553897424,0.4904624999999989,-0.45,0.0,-1.335808858163193e-14,0.45,-19.713493901275953,19.713493901275953,0.0,0.0,0.0,0.0,0.0,0.0,0.0,0.0,0.0,0.5687856999999957,court
ABOVE_THRESHOLD_NOMINAL_mu0.6_F60_r0.40_y+0.000,flat,0.17675,0.020349999999998925,0.0,0.032695999553897424,0.4903499999999989,-0.45,0.0,-1.3376273269104238e-14,0.45,-19.713493901275953,19.713493901275953,0.0,0.0,0.0,0.0,0.0,0.0,0.0,0.0,0.0,0.5687856999999957,court
ABOVE_THRESHOLD_NOMINAL_mu0.6_F60_r0.40_y+0.000,flat,0.177,0.020237499999998923,0.0,0.032695999553897424,0.4902374999999989,-0.45,0.0,-1.3394457956576546e-14,0.45,-19.713493901275953,19.713493901275953,0.0,0.0,0.0,0.0,0.0,0.0,0.0,0.0,0.0,0.5687856999999957,court
ABOVE_THRESHOLD_NOMINAL_mu0.6_F60_r0.40_y+0.000,flat,0.17725,0.02012499999999892,0.0,0.032695999553897424,0.4901249999999989,-0.45,0.0,-1.3412642644048854e-14,0.45,-19.713493901275953,19.713493901275953,0.0,0.0,0.0,0.0,0.0,0.0,0.0,0.0,0.0,0.5687856999999957,court
ABOVE_THRESHOLD_NOMINAL_mu0.6_F60_r0.40_y+0.000,flat,0.1775,0.02001249999999892,0.0,0.032695999553897424,0.4900124999999989,-0.45,0.0,-1.3430827331521162e-14,0.45,-19.713493901275953,19.713493901275953,0.0,0.0,0.0,0.0,0.0,0.0,0.0,0.0,0.0,0.5687856999999957,court
ABOVE_THRESHOLD_NOMINAL_mu0.6_F60_r0.40_y+0.000,flat,0.17775,0.01989999999999892,0.0,0.032695999553897424,0.4898999999999989,-0.45,0.0,-1.344901201899347e-14,0.45,-19.713493901275953,19.713493901275953,0.0,0.0,0.0,0.0,0.0,0.0,0.0,0.0,0.0,0.5687856999999957,court
ABOVE_THRESHOLD_NOMINAL_mu0.6_F60_r0.40_y+0.000,flat,0.178,0.019787499999998917,0.0,0.032695999553897424,0.4897874999999989,-0.45,0.0,-1.3467196706465778e-14,0.45,-19.713493901275953,19.713493901275953,0.0,0.0,0.0,0.0,0.0,0.0,0.0,0.0,0.0,0.5687856999999957,court
ABOVE_THRESHOLD_NOMINAL_mu0.6_F60_r0.40_y+0.000,flat,0.17825,0.019674999999998916,0.0,0.032695999553897424,0.48967499999999886,-0.45,0.0,-1.3485381393938086e-14,0.45,-19.713493901275953,19.713493901275953,0.0,0.0,0.0,0.0,0.0,0.0,0.0,0.0,0.0,0.5687856999999957,court
ABOVE_THRESHOLD_NOMINAL_mu0.6_F60_r0.40_y+0.000,flat,0.1785,0.019562499999998914,0.0,0.032695999553897424,0.4895624999999989,-0.45,0.0,-1.3503566081410394e-14,0.45,-19.713493901275953,19.713493901275953,0.0,0.0,0.0,0.0,0.0,0.0,0.0,0.0,0.0,0.5687856999999957,court
ABOVE_THRESHOLD_NOMINAL_mu0.6_F60_r0.40_y+0.000,flat,0.17875,0.019449999999998913,0.0,0.032695999553897424,0.4894499999999989,-0.45,0.0,-1.3521750768882702e-14,0.45,-19.713493901275953,19.713493901275953,0.0,0.0,0.0,0.0,0.0,0.0,0.0,0.0,0.0,0.5687856999999957,court
ABOVE_THRESHOLD_NOMINAL_mu0.6_F60_r0.40_y+0.000,flat,0.179,0.01933749999999891,0.0,0.032695999553897424,0.48933749999999887,-0.45,0.0,-1.353993545635501e-14,0.45,-19.713493901275953,19.713493901275953,0.0,0.0,0.0,0.0,0.0,0.0,0.0,0.0,0.0,0.5687856999999957,court
ABOVE_THRESHOLD_NOMINAL_mu0.6_F60_r0.40_y+0.000,flat,0.17925,0.01922499999999891,0.0,0.032695999553897424,0.4892249999999989,-0.45,0.0,-1.3558120143827318e-14,0.45,-19.713493901275953,19.713493901275953,0.0,0.0,0.0,0.0,0.0,0.0,0.0,0.0,0.0,0.5687856999999957,court
ABOVE_THRESHOLD_NOMINAL_mu0.6_F60_r0.40_y+0.000,flat,0.1795,0.019112499999998908,0.0,0.032695999553897424,0.4891124999999989,-0.45,0.0,-1.3576304831299626e-14,0.45,-19.713493901275953,19.713493901275953,0.0,0.0,0.0,0.0,0.0,0.0,0.0,0.0,0.0,0.5687856999999957,court
ABOVE_THRESHOLD_NOMINAL_mu0.6_F60_r0.40_y+0.000,flat,0.17975,0.018999999999998907,0.0,0.032695999553897424,0.4889999999999989,-0.45,0.0,-1.3594489518771934e-14,0.45,-19.713493901275953,19.713493901275953,0.0,0.0,0.0,0.0,0.0,0.0,0.0,0.0,0.0,0.5687856999999957,court
ABOVE_THRESHOLD_NOMINAL_mu0.6_F60_r0.40_y+0.000,flat,0.18,0.018887499999998905,0.0,0.032695999553897424,0.48888749999999886,-0.45,0.0,-1.3612674206244242e-14,0.45,-19.713493901275953,19.713493901275953,0.0,0.0,0.0,0.0,0.0,0.0,0.0,0.0,0.0,0.5687856999999957,court
ABOVE_THRESHOLD_NOMINAL_mu0.6_F60_r0.40_y+0.000,flat,0.18025,0.018774999999998904,0.0,0.032695999553897424,0.48877499999999885,-0.45,0.0,-1.363085889371655e-14,0.45,-19.713493901275953,19.713493901275953,0.0,0.0,0.0,0.0,0.0,0.0,0.0,0.0,0.0,0.5687856999999957,court
ABOVE_THRESHOLD_NOMINAL_mu0.6_F60_r0.40_y+0.000,flat,0.1805,0.018662499999998902,0.0,0.032695999553897424,0.4886624999999989,-0.45,0.0,-1.3649043581188858e-14,0.45,-19.713493901275953,19.713493901275953,0.0,0.0,0.0,0.0,0.0,0.0,0.0,0.0,0.0,0.5687856999999957,court
ABOVE_THRESHOLD_NOMINAL_mu0.6_F60_r0.40_y+0.000,flat,0.18075,0.0185499999999989,0.0,0.032695999553897424,0.4885499999999989,-0.45,0.0,-1.3667228268661166e-14,0.45,-19.713493901275953,19.713493901275953,0.0,0.0,0.0,0.0,0.0,0.0,0.0,0.0,0.0,0.5687856999999957,court
ABOVE_THRESHOLD_NOMINAL_mu0.6_F60_r0.40_y+0.000,flat,0.181,0.0184374999999989,0.0,0.032695999553897424,0.48843749999999886,-0.45,0.0,-1.3685412956133474e-14,0.45,-19.713493901275953,19.713493901275953,0.0,0.0,0.0,0.0,0.0,0.0,0.0,0.0,0.0,0.5687856999999957,court
ABOVE_THRESHOLD_NOMINAL_mu0.6_F60_r0.40_y+0.000,flat,0.18125,0.018324999999998898,0.0,0.032695999553897424,0.4883249999999989,-0.45,0.0,-1.3703597643605782e-14,0.45,-19.713493901275953,19.713493901275953,0.0,0.0,0.0,0.0,0.0,0.0,0.0,0.0,0.0,0.5687856999999957,court
ABOVE_THRESHOLD_NOMINAL_mu0.6_F60_r0.40_y+0.000,flat,0.1815,0.018212499999998896,0.0,0.032695999553897424,0.4882124999999989,-0.45,0.0,-1.372178233107809e-14,0.45,-19.713493901275953,19.713493901275953,0.0,0.0,0.0,0.0,0.0,0.0,0.0,0.0,0.0,0.5687856999999957,court
ABOVE_THRESHOLD_NOMINAL_mu0.6_F60_r0.40_y+0.000,flat,0.18175,0.018099999999998895,0.0,0.032695999553897424,0.48809999999999887,-0.45,0.0,-1.3739967018550398e-14,0.45,-19.713493901275953,19.713493901275953,0.0,0.0,0.0,0.0,0.0,0.0,0.0,0.0,0.0,0.5687856999999957,court
ABOVE_THRESHOLD_NOMINAL_mu0.6_F60_r0.40_y+0.000,flat,0.182,0.017987499999998893,0.0,0.032695999553897424,0.48798749999999885,-0.45,0.0,-1.3758151706022706e-14,0.45,-19.713493901275953,19.713493901275953,0.0,0.0,0.0,0.0,0.0,0.0,0.0,0.0,0.0,0.5687856999999957,court
ABOVE_THRESHOLD_NOMINAL_mu0.6_F60_r0.40_y+0.000,flat,0.18225,0.017874999999998892,0.0,0.032695999553897424,0.48787499999999884,-0.45,0.0,-1.3776336393495014e-14,0.45,-19.713493901275953,19.713493901275953,0.0,0.0,0.0,0.0,0.0,0.0,0.0,0.0,0.0,0.5687856999999957,court
ABOVE_THRESHOLD_NOMINAL_mu0.6_F60_r0.40_y+0.000,flat,0.1825,0.01776249999999889,0.0,0.032695999553897424,0.4877624999999989,-0.45,0.0,-1.3794521080967322e-14,0.45,-19.713493901275953,19.713493901275953,0.0,0.0,0.0,0.0,0.0,0.0,0.0,0.0,0.0,0.5687856999999957,court
ABOVE_THRESHOLD_NOMINAL_mu0.6_F60_r0.40_y+0.000,flat,0.18275,0.01764999999999889,0.0,0.032695999553897424,0.48764999999999886,-0.45,0.0,-1.381270576843963e-14,0.45,-19.713493901275953,19.713493901275953,0.0,0.0,0.0,0.0,0.0,0.0,0.0,0.0,0.0,0.5687856999999957,court
ABOVE_THRESHOLD_NOMINAL_mu0.6_F60_r0.40_y+0.000,flat,0.183,0.017537499999998887,0.0,0.032695999553897424,0.48753749999999885,-0.45,0.0,-1.3830890455911938e-14,0.45,-19.713493901275953,19.713493901275953,0.0,0.0,0.0,0.0,0.0,0.0,0.0,0.0,0.0,0.5687856999999957,court
ABOVE_THRESHOLD_NOMINAL_mu0.6_F60_r0.40_y+0.000,flat,0.18325,0.017424999999998886,0.0,0.032695999553897424,0.4874249999999989,-0.45,0.0,-1.3849075143384246e-14,0.45,-19.713493901275953,19.713493901275953,0.0,0.0,0.0,0.0,0.0,0.0,0.0,0.0,0.0,0.5687856999999957,court
ABOVE_THRESHOLD_NOMINAL_mu0.6_F60_r0.40_y+0.000,flat,0.1835,0.017312499999998884,0.0,0.032695999553897424,0.48731249999999887,-0.45,0.0,-1.3867259830856554e-14,0.45,-19.713493901275953,19.713493901275953,0.0,0.0,0.0,0.0,0.0,0.0,0.0,0.0,0.0,0.5687856999999957,court
ABOVE_THRESHOLD_NOMINAL_mu0.6_F60_r0.40_y+0.000,flat,0.18375,0.017199999999998883,0.0,0.03269599955389742,0.48719999999999886,-0.45,0.0,-1.3885444518328862e-14,0.45,-19.713493901275953,19.713493901275953,0.0,0.0,0.0,0.0,0.0,0.0,0.0,0.0,0.0,0.5687856999999957,court
ABOVE_THRESHOLD_NOMINAL_mu0.6_F60_r0.40_y+0.000,flat,0.184,0.01708749999999888,0.0,0.03269599955389742,0.48708749999999884,-0.45,0.0,-1.3819883934547117e-14,0.45,-19.713493901275953,19.713493901275953,0.0,0.0,0.0,0.0,0.0,0.0,0.0,0.0,0.0,0.5687857000000152,court
ABOVE_THRESHOLD_NOMINAL_mu0.6_F60_r0.40_y+0.000,flat,0.18425,0.01697499999999888,0.0,0.03269599955389742,0.4869749999999988,-0.45,0.0,-1.3754323350765373e-14,0.45,-19.713493901275953,19.713493901275953,0.0,0.0,0.0,0.0,0.0,0.0,0.0,0.0,0.0,0.5687857000000152,court
ABOVE_THRESHOLD_NOMINAL_mu0.6_F60_r0.40_y+0.000,flat,0.1845,0.01686249999999888,0.0,0.03269599955389742,0.48686249999999887,-0.45,0.0,-1.3688762766983628e-14,0.45,-19.713493901275953,19.713493901275953,0.0,0.0,0.0,0.0,0.0,0.0,0.0,0.0,0.0,0.5687857000000152,court
ABOVE_THRESHOLD_NOMINAL_mu0.6_F60_r0.40_y+0.000,flat,0.18475,0.016749999999998877,0.0,0.03269599955389742,0.48674999999999885,-0.45,0.0,-1.3623202183201883e-14,0.45,-19.713493901275953,19.713493901275953,0.0,0.0,0.0,0.0,0.0,0.0,0.0,0.0,0.0,0.5687857000000152,court
ABOVE_THRESHOLD_NOMINAL_mu0.6_F60_r0.40_y+0.000,flat,0.185,0.016637499999998875,0.0,0.03269599955389742,0.48663749999999883,-0.45,0.0,-1.3557641599420138e-14,0.45,-19.713493901275953,19.713493901275953,0.0,0.0,0.0,0.0,0.0,0.0,0.0,0.0,0.0,0.5687857000000152,court
ABOVE_THRESHOLD_NOMINAL_mu0.6_F60_r0.40_y+0.000,flat,0.18525,0.016524999999998874,0.0,0.03269599955389742,0.4865249999999989,-0.45,0.0,-1.3492081015638393e-14,0.45,-19.713493901275953,19.713493901275953,0.0,0.0,0.0,0.0,0.0,0.0,0.0,0.0,0.0,0.5687857000000152,court
ABOVE_THRESHOLD_NOMINAL_mu0.6_F60_r0.40_y+0.000,flat,0.1855,0.016412499999998872,0.0,0.03269599955389742,0.48641249999999886,-0.45,0.0,-1.3426520431856648e-14,0.45,-19.713493901275953,19.713493901275953,0.0,0.0,0.0,0.0,0.0,0.0,0.0,0.0,0.0,0.5687857000000152,court
ABOVE_THRESHOLD_NOMINAL_mu0.6_F60_r0.40_y+0.000,flat,0.18575,0.01629999999999887,0.0,0.03269599955389742,0.48629999999999884,-0.45,0.0,-1.3360959848074903e-14,0.45,-19.713493901275953,19.713493901275953,0.0,0.0,0.0,0.0,0.0,0.0,0.0,0.0,0.0,0.5687857000000152,court
ABOVE_THRESHOLD_NOMINAL_mu0.6_F60_r0.40_y+0.000,flat,0.186,0.01618749999999887,0.0,0.03269599955389742,0.48618749999999883,-0.45,0.0,-1.3295399264293159e-14,0.45,-19.713493901275953,19.713493901275953,0.0,0.0,0.0,0.0,0.0,0.0,0.0,0.0,0.0,0.5687857000000152,court
ABOVE_THRESHOLD_NOMINAL_mu0.6_F60_r0.40_y+0.000,flat,0.18625,0.016074999999998868,0.0,0.03269599955389742,0.4860749999999988,-0.45,0.0,-1.3229838680511414e-14,0.45,-19.713493901275953,19.713493901275953,0.0,0.0,0.0,0.0,0.0,0.0,0.0,0.0,0.0,0.5687857000000152,court
ABOVE_THRESHOLD_NOMINAL_mu0.6_F60_r0.40_y+0.000,flat,0.1865,0.015962499999998866,0.0,0.03269599955389742,0.48596249999999885,-0.45,0.0,-1.3164278096729669e-14,0.45,-19.713493901275953,19.713493901275953,0.0,0.0,0.0,0.0,0.0,0.0,0.0,0.0,0.0,0.5687857000000152,court
ABOVE_THRESHOLD_NOMINAL_mu0.6_F60_r0.40_y+0.000,flat,0.18675,0.015849999999998865,0.0,0.03269599955389742,0.48584999999999884,-0.45,0.0,-1.3098717512947924e-14,0.45,-19.713493901275953,19.713493901275953,0.0,0.0,0.0,0.0,0.0,0.0,0.0,0.0,0.0,0.5687857000000152,court
ABOVE_THRESHOLD_NOMINAL_mu0.6_F60_r0.40_y+0.000,flat,0.187,0.015737499999998864,0.0,0.03269599955389742,0.4857374999999988,-0.45,0.0,-1.3033156929166179e-14,0.45,-19.713493901275953,19.713493901275953,0.0,0.0,0.0,0.0,0.0,0.0,0.0,0.0,0.0,0.5687857000000152,court
ABOVE_THRESHOLD_NOMINAL_mu0.6_F60_r0.40_y+0.000,flat,0.18725,0.015624999999998864,0.0,0.03269599955389742,0.48562499999999886,-0.45,0.0,-1.2967596345384434e-14,0.45,-19.713493901275953,19.713493901275953,0.0,0.0,0.0,0.0,0.0,0.0,0.0,0.0,0.0,0.5687857000000152,court
ABOVE_THRESHOLD_NOMINAL_mu0.6_F60_r0.40_y+0.000,flat,0.1875,0.015512499999998864,0.0,0.03269599955389742,0.48551249999999885,-0.45,0.0,-1.290203576160269e-14,0.45,-19.713493901275953,19.713493901275953,0.0,0.0,0.0,0.0,0.0,0.0,0.0,0.0,0.0,0.5687857000000152,court
ABOVE_THRESHOLD_NOMINAL_mu0.6_F60_r0.40_y+0.000,flat,0.18775,0.015399999999998864,0.0,0.03269599955389742,0.48539999999999883,-0.45,0.0,-1.2836475177820944e-14,0.45,-19.713493901275953,19.713493901275953,0.0,0.0,0.0,0.0,0.0,0.0,0.0,0.0,0.0,0.5687857000000152,court
ABOVE_THRESHOLD_NOMINAL_mu0.6_F60_r0.40_y+0.000,flat,0.188,0.015287499999998864,0.0,0.03269599955389742,0.4852874999999988,-0.45,0.0,-1.27709145940392e-14,0.45,-19.713493901275953,19.713493901275953,0.0,0.0,0.0,0.0,0.0,0.0,0.0,0.0,0.0,0.5687857000000152,court
ABOVE_THRESHOLD_NOMINAL_mu0.6_F60_r0.40_y+0.000,flat,0.18825,0.015174999999998865,0.0,0.03269599955389742,0.48517499999999886,-0.45,0.0,-1.2705354010257455e-14,0.45,-19.713493901275953,19.713493901275953,0.0,0.0,0.0,0.0,0.0,0.0,0.0,0.0,0.0,0.5687857000000152,court
ABOVE_THRESHOLD_NOMINAL_mu0.6_F60_r0.40_y+0.000,flat,0.1885,0.015062499999998865,0.0,0.03269599955389742,0.48506249999999884,-0.45,0.0,-1.263979342647571e-14,0.45,-19.713493901275953,19.713493901275953,0.0,0.0,0.0,0.0,0.0,0.0,0.0,0.0,0.0,0.5687857000000152,court
ABOVE_THRESHOLD_NOMINAL_mu0.6_F60_r0.40_y+0.000,flat,0.18875,0.014949999999998865,0.0,0.03269599955389742,0.4849499999999988,-0.45,0.0,-1.2574232842693965e-14,0.45,-19.713493901275953,19.713493901275953,0.0,0.0,0.0,0.0,0.0,0.0,0.0,0.0,0.0,0.5687857000000152,court
ABOVE_THRESHOLD_NOMINAL_mu0.6_F60_r0.40_y+0.000,flat,0.189,0.014837499999998865,0.0,0.03269599955389742,0.4848374999999988,-0.45,0.0,-1.250867225891222e-14,0.45,-19.713493901275953,19.713493901275953,0.0,0.0,0.0,0.0,0.0,0.0,0.0,0.0,0.0,0.5687857000000152,court
ABOVE_THRESHOLD_NOMINAL_mu0.6_F60_r0.40_y+0.000,flat,0.18925,0.014724999999998866,0.0,0.03269599955389742,0.48472499999999885,-0.45,0.0,-1.2443111675130475e-14,0.45,-19.713493901275953,19.713493901275953,0.0,0.0,0.0,0.0,0.0,0.0,0.0,0.0,0.0,0.5687857000000152,court
ABOVE_THRESHOLD_NOMINAL_mu0.6_F60_r0.40_y+0.000,flat,0.1895,0.014612499999998866,0.0,0.03269599955389742,0.48461249999999884,-0.45,0.0,-1.237755109134873e-14,0.45,-19.713493901275953,19.713493901275953,0.0,0.0,0.0,0.0,0.0,0.0,0.0,0.0,0.0,0.5687857000000152,court
ABOVE_THRESHOLD_NOMINAL_mu0.6_F60_r0.40_y+0.000,flat,0.18975,0.014499999999998866,0.0,0.03269599955389742,0.4844999999999988,-0.45,0.0,-1.2311990507566986e-14,0.45,-19.713493901275953,19.713493901275953,0.0,0.0,0.0,0.0,0.0,0.0,0.0,0.0,0.0,0.5687857000000152,court
ABOVE_THRESHOLD_NOMINAL_mu0.6_F60_r0.40_y+0.000,flat,0.19,0.014387499999998866,0.0,0.03269599955389742,0.48438749999999886,-0.45,0.0,-1.224642992378524e-14,0.45,-19.713493901275953,19.713493901275953,0.0,0.0,0.0,0.0,0.0,0.0,0.0,0.0,0.0,0.5687857000000152,court
ABOVE_THRESHOLD_NOMINAL_mu0.6_F60_r0.40_y+0.000,flat,0.19025,0.014274999999998867,0.0,0.03269599955389742,0.48427499999999885,-0.45,0.0,-1.2180869340003496e-14,0.45,-19.713493901275953,19.713493901275953,0.0,0.0,0.0,0.0,0.0,0.0,0.0,0.0,0.0,0.5687857000000152,court
ABOVE_THRESHOLD_NOMINAL_mu0.6_F60_r0.40_y+0.000,flat,0.1905,0.014162499999998867,0.0,0.03269599955389742,0.48416249999999883,-0.45,0.0,-1.2115308756221751e-14,0.45,-19.713493901275953,19.713493901275953,0.0,0.0,0.0,0.0,0.0,0.0,0.0,0.0,0.0,0.5687857000000152,court
ABOVE_THRESHOLD_NOMINAL_mu0.6_F60_r0.40_y+0.000,flat,0.19075,0.014049999999998867,0.0,0.03269599955389742,0.4840499999999988,-0.45,0.0,-1.2049748172440006e-14,0.45,-19.713493901275953,19.713493901275953,0.0,0.0,0.0,0.0,0.0,0.0,0.0,0.0,0.0,0.5687857000000152,court
ABOVE_THRESHOLD_NOMINAL_mu0.6_F60_r0.40_y+0.000,flat,0.191,0.013937499999998867,0.0,0.03269599955389742,0.48393749999999885,-0.45,0.0,-1.1984187588658261e-14,0.45,-19.713493901275953,19.713493901275953,0.0,0.0,0.0,0.0,0.0,0.0,0.0,0.0,0.0,0.5687857000000152,court
ABOVE_THRESHOLD_NOMINAL_mu0.6_F60_r0.40_y+0.000,flat,0.19125,0.013824999999998868,0.0,0.03269599955389742,0.48382499999999884,-0.45,0.0,-1.1918627004876516e-14,0.45,-19.713493901275953,19.713493901275953,0.0,0.0,0.0,0.0,0.0,0.0,0.0,0.0,0.0,0.5687857000000152,court
ABOVE_THRESHOLD_NOMINAL_mu0.6_F60_r0.40_y+0.000,flat,0.1915,0.013712499999998868,0.0,0.03269599955389742,0.4837124999999988,-0.45,0.0,-1.1853066421094771e-14,0.45,-19.713493901275953,19.713493901275953,0.0,0.0,0.0,0.0,0.0,0.0,0.0,0.0,0.0,0.5687857000000152,court
ABOVE_THRESHOLD_NOMINAL_mu0.6_F60_r0.40_y+0.000,flat,0.19175,0.013599999999998868,0.0,0.03269599955389742,0.48359999999999886,-0.45,0.0,-1.1787505837313027e-14,0.45,-19.713493901275953,19.713493901275953,0.0,0.0,0.0,0.0,0.0,0.0,0.0,0.0,0.0,0.5687857000000152,court
ABOVE_THRESHOLD_NOMINAL_mu0.6_F60_r0.40_y+0.000,flat,0.192,0.013487499999998868,0.0,0.03269599955389742,0.48348749999999885,-0.45,0.0,-1.1721945253531282e-14,0.45,-19.713493901275953,19.713493901275953,0.0,0.0,0.0,0.0,0.0,0.0,0.0,0.0,0.0,0.5687857000000152,court
ABOVE_THRESHOLD_NOMINAL_mu0.6_F60_r0.40_y+0.000,flat,0.19225,0.013374999999998869,0.0,0.03269599955389742,0.48337499999999883,-0.45,0.0,-1.1656384669749537e-14,0.45,-19.713493901275953,19.713493901275953,0.0,0.0,0.0,0.0,0.0,0.0,0.0,0.0,0.0,0.5687857000000152,court
ABOVE_THRESHOLD_NOMINAL_mu0.6_F60_r0.40_y+0.000,flat,0.1925,0.013262499999998869,0.0,0.03269599955389742,0.4832624999999988,-0.45,0.0,-1.1590824085967792e-14,0.45,-19.713493901275953,19.713493901275953,0.0,0.0,0.0,0.0,0.0,0.0,0.0,0.0,0.0,0.5687857000000152,court
ABOVE_THRESHOLD_NOMINAL_mu0.6_F60_r0.40_y+0.000,flat,0.19275,0.01314999999999887,0.0,0.03269599955389742,0.48314999999999886,-0.45,0.0,-1.1525263502186047e-14,0.45,-19.713493901275953,19.713493901275953,0.0,0.0,0.0,0.0,0.0,0.0,0.0,0.0,0.0,0.5687857000000152,court
ABOVE_THRESHOLD_NOMINAL_mu0.6_F60_r0.40_y+0.000,flat,0.193,0.01303749999999887,0.0,0.03269599955389742,0.48303749999999884,-0.45,0.0,-1.1459702918404302e-14,0.45,-19.713493901275953,19.713493901275953,0.0,0.0,0.0,0.0,0.0,0.0,0.0,0.0,0.0,0.5687857000000152,court
ABOVE_THRESHOLD_NOMINAL_mu0.6_F60_r0.40_y+0.000,flat,0.19325,0.01292499999999887,0.0,0.03269599955389742,0.4829249999999988,-0.45,0.0,-1.1394142334622557e-14,0.45,-19.713493901275953,19.713493901275953,0.0,0.0,0.0,0.0,0.0,0.0,0.0,0.0,0.0,0.5687857000000152,court
ABOVE_THRESHOLD_NOMINAL_mu0.6_F60_r0.40_y+0.000,flat,0.1935,0.01281249999999887,0.0,0.03269599955389742,0.48281249999999887,-0.45,0.0,-1.1328581750840813e-14,0.45,-19.713493901275953,19.713493901275953,0.0,0.0,0.0,0.0,0.0,0.0,0.0,0.0,0.0,0.5687857000000152,court
ABOVE_THRESHOLD_NOMINAL_mu0.6_F60_r0.40_y+0.000,flat,0.19375,0.01269999999999887,0.0,0.03269599955389742,0.48269999999999885,-0.45,0.0,-1.1263021167059068e-14,0.45,-19.713493901275953,19.713493901275953,0.0,0.0,0.0,0.0,0.0,0.0,0.0,0.0,0.0,0.5687857000000152,court
ABOVE_THRESHOLD_NOMINAL_mu0.6_F60_r0.40_y+0.000,flat,0.194,0.01258749999999887,0.0,0.03269599955389742,0.48258749999999884,-0.45,0.0,-1.1197460583277323e-14,0.45,-19.713493901275953,19.713493901275953,0.0,0.0,0.0,0.0,0.0,0.0,0.0,0.0,0.0,0.5687857000000152,court
ABOVE_THRESHOLD_NOMINAL_mu0.6_F60_r0.40_y+0.000,flat,0.19425,0.01247499999999887,0.0,0.03269599955389742,0.4824749999999988,-0.45,0.0,-1.1131899999495578e-14,0.45,-19.713493901275953,19.713493901275953,0.0,0.0,0.0,0.0,0.0,0.0,0.0,0.0,0.0,0.5687857000000152,court
ABOVE_THRESHOLD_NOMINAL_mu0.6_F60_r0.40_y+0.000,flat,0.1945,0.012362499999998871,0.0,0.03269599955389742,0.48236249999999886,-0.45,0.0,-1.1066817960121e-14,0.45,-19.713493901275953,19.713493901275953,0.0,0.0,0.0,0.0,0.0,0.0,0.0,0.0,0.0,0.568785700000015,court
ABOVE_THRESHOLD_NOMINAL_mu0.6_F60_r0.40_y+0.000,flat,0.19475,0.012249999999998871,0.0,0.03269599955389742,0.48224999999999885,-0.45,0.0,-1.100173592074642e-14,0.45,-19.713493901275953,19.713493901275953,0.0,0.0,0.0,0.0,0.0,0.0,0.0,0.0,0.0,0.568785700000015,court
ABOVE_THRESHOLD_NOMINAL_mu0.6_F60_r0.40_y+0.000,flat,0.195,0.012137499999998871,0.0,0.03269599955389742,0.48213749999999883,-0.45,0.0,-1.0936653881371842e-14,0.45,-19.713493901275953,19.713493901275953,0.0,0.0,0.0,0.0,0.0,0.0,0.0,0.0,0.0,0.568785700000015,court
ABOVE_THRESHOLD_NOMINAL_mu0.6_F60_r0.40_y+0.000,flat,0.19525,0.012024999999998872,0.0,0.03269599955389742,0.48202499999999887,-0.45,0.0,-1.0871571841997263e-14,0.45,-19.713493901275953,19.713493901275953,0.0,0.0,0.0,0.0,0.0,0.0,0.0,0.0,0.0,0.568785700000015,court
ABOVE_THRESHOLD_NOMINAL_mu0.6_F60_r0.40_y+0.000,flat,0.1955,0.011912499999998872,0.0,0.03269599955389742,0.48191249999999886,-0.45,0.0,-1.0806489802622684e-14,0.45,-19.713493901275953,19.713493901275953,0.0,0.0,0.0,0.0,0.0,0.0,0.0,0.0,0.0,0.568785700000015,court
ABOVE_THRESHOLD_NOMINAL_mu0.6_F60_r0.40_y+0.000,flat,0.19575,0.011799999999998872,0.0,0.03269599955389742,0.48179999999999884,-0.45,0.0,-1.0741407763248106e-14,0.45,-19.713493901275953,19.713493901275953,0.0,0.0,0.0,0.0,0.0,0.0,0.0,0.0,0.0,0.568785700000015,court
ABOVE_THRESHOLD_NOMINAL_mu0.6_F60_r0.40_y+0.000,flat,0.196,0.011687499999998872,0.0,0.03269599955389742,0.4816874999999988,-0.45,0.0,-1.0676325723873527e-14,0.45,-19.713493901275953,19.713493901275953,0.0,0.0,0.0,0.0,0.0,0.0,0.0,0.0,0.0,0.568785700000015,court
ABOVE_THRESHOLD_NOMINAL_mu0.6_F60_r0.40_y+0.000,flat,0.19625,0.011574999999998873,0.0,0.03269599955389742,0.48157499999999887,-0.45,0.0,-1.0611243684498948e-14,0.45,-19.713493901275953,19.713493901275953,0.0,0.0,0.0,0.0,0.0,0.0,0.0,0.0,0.0,0.568785700000015,court
ABOVE_THRESHOLD_NOMINAL_mu0.6_F60_r0.40_y+0.000,flat,0.1965,0.011462499999998873,0.0,0.03269599955389742,0.48146249999999885,-0.45,0.0,-1.054616164512437e-14,0.45,-19.713493901275953,19.713493901275953,0.0,0.0,0.0,0.0,0.0,0.0,0.0,0.0,0.0,0.568785700000015,court
ABOVE_THRESHOLD_NOMINAL_mu0.6_F60_r0.40_y+0.000,flat,0.19675,0.011349999999998873,0.0,0.03269599955389742,0.48134999999999883,-0.45,0.0,-1.048107960574979e-14,0.45,-19.713493901275953,19.713493901275953,0.0,0.0,0.0,0.0,0.0,0.0,0.0,0.0,0.0,0.568785700000015,court
ABOVE_THRESHOLD_NOMINAL_mu0.6_F60_r0.40_y+0.000,flat,0.197,0.011237499999998873,0.0,0.03269599955389742,0.4812374999999989,-0.45,0.0,-1.0415997566375212e-14,0.45,-19.713493901275953,19.713493901275953,0.0,0.0,0.0,0.0,0.0,0.0,0.0,0.0,0.0,0.568785700000015,court
ABOVE_THRESHOLD_NOMINAL_mu0.6_F60_r0.40_y+0.000,flat,0.19725,0.011124999999998874,0.0,0.03269599955389742,0.48112499999999886,-0.45,0.0,-1.0350915527000633e-14,0.45,-19.713493901275953,19.713493901275953,0.0,0.0,0.0,0.0,0.0,0.0,0.0,0.0,0.0,0.568785700000015,court
ABOVE_THRESHOLD_NOMINAL_mu0.6_F60_r0.40_y+0.000,flat,0.1975,0.011012499999998874,0.0,0.03269599955389742,0.48101249999999884,-0.45,0.0,-1.0285833487626054e-14,0.45,-19.713493901275953,19.713493901275953,0.0,0.0,0.0,0.0,0.0,0.0,0.0,0.0,0.0,0.568785700000015,court
ABOVE_THRESHOLD_NOMINAL_mu0.6_F60_r0.40_y+0.000,flat,0.19775,0.010899999999998874,0.0,0.03269599955389742,0.48089999999999883,-0.45,0.0,-1.0220751448251476e-14,0.45,-19.713493901275953,19.713493901275953,0.0,0.0,0.0,0.0,0.0,0.0,0.0,0.0,0.0,0.568785700000015,court
ABOVE_THRESHOLD_NOMINAL_mu0.6_F60_r0.40_y+0.000,flat,0.198,0.010787492747564778,0.0,0.032696021846740364,0.48078749274756477,-0.45002900973638216,0.0,8.917137178837304e-05,0.4500290185708498,-19.713208077054272,19.713208077054272,3.175900587205026e-06,3.175900587205026e-06,5.015033886666575e-05,0.03845901001261138,0.03845901001261138,0.023075406007566815,0.023075406007566815,0.9102755432384959,0.9102755432384959,0.568785700000015,court
ABOVE_THRESHOLD_NOMINAL_mu0.6_F60_r0.40_y+0.000,flat,0.19825,0.010674965787458857,0.0,0.03269610502775317,0.48067496578745883,-0.45010784042369034,0.0,0.0003327240512223714,0.45010796340008535,-19.712432234204105,19.712432234204105,8.668645288390788e-06,8.668645288390788e-06,9.794826791654591e-05,0.10493120936123401,0.10493120936123401,0.06295872561674037,0.06295872561674037,0.9100683241160246,0.9100683241160246,0.5687209185953217,court
ABOVE_THRESHOLD_NOMINAL_mu0.6_F60_r0.40_y+0.000,flat,0.1985,0.01056240414235538,0.0,0.0326962959150039,0.48056240414235535,-0.4502465804139057,0.0,0.0007635490029032717,0.45024722784432053,-19.711067871893075,19.711067871893075,1.533521070167249e-05,1.533521070167249e-05,0.0001432701681100211,0.1855754507132798,0.1855754507132798,0.11134527042796784,0.11134527042796784,0.9096827067433989,0.9096827067433989,0.5684814417698273,court
ABOVE_THRESHOLD_NOMINAL_mu0.6_F60_r0.40_y+0.000,flat,0.19875,0.010449791091078827,0.0,0.03269664703795076,0.4804497910910788,-0.4504522051062142,0.0,0.0014044917874485932,0.45045439467523446,-19.70904844907219,19.70904844907219,2.2834834236279254e-05,2.2834834236279254e-05,0.00018682192715565614,0.2762699149964368,0.2762699149964368,0.16576194899786204,0.16576194899786204,0.9090814644156667,0.9090814644156667,0.567935201092145,court
ABOVE_THRESHOLD_NOMINAL_mu0.6_F60_r0.40_y+0.000,flat,0.199,0.01033710855327178,0.0,0.0326972152193615,0.4803371085532718,-0.45073015122818705,0.0,0.0022727256429721327,0.45073588109671564,-19.706324475368287,19.706324475368287,3.098730396263919e-05,3.098730396263919e-05,0.00022899102814000945,0.3748365907226668,0.3748365907226668,0.22490195443359995,0.22490195443359995,0.9082389701544982,0.9082389701544982,0.5669346807212634,court
ABOVE_THRESHOLD_NOMINAL_mu0.6_F60_r0.40_y+0.000,flat,0.19925,0.01022433729904688,0.0,0.03269806061201681,0.48022433729904684,-0.4510850168996012,0.0,0.003381570621238404,0.4510976917378096,-19.70285714304005,19.70285714304005,3.968041761961262e-05,3.968041761961262e-05,0.00027003087790085405,0.47992056843828307,0.47992056843828307,0.28795234106296974,0.28795234106296974,0.907135966328553,0.907135966328553,0.5653211551376878,court
ABOVE_THRESHOLD_NOMINAL_mu0.6_F60_r0.40_y+0.000,flat,0.1995,0.010111457058507817,0.0,0.03269924597346545,0.4801114570585078,-0.4515209621562487,0.0,0.004741445794549906,0.4515458565580325,-19.69861491541615,19.69861491541615,4.883814378186463e-05,4.883814378186463e-05,0.00031012399621625623,0.5906045725822079,0.5906045725822079,0.3543627435493246,0.3543627435493246,0.9057573501281326,0.9057573501281326,0.562927895611482,court
ABOVE_THRESHOLD_NOMINAL_mu0.6_F60_r0.40_y+0.000,flat,0.19975,0.009998446564164319,0.0,0.032700836083320674,0.4799984465641643,-0.4520419773739911,0.0,0.006360439420888424,0.4520867223197499,-19.693571453762768,19.693571453762768,5.84062981433705e-05,5.84062981433705e-05,0.0003494103186154292,0.7062355868018803,0.7062355868018803,0.42374135208112795,0.42374135208112795,0.9040909866814728,0.9040909866814728,0.5595829339286784,court
ABOVE_THRESHOLD_NOMINAL_mu0.6_F60_r0.40_y+0.000,flat,0.2,0.009885283542831205,0.0,0.03270289725464252,0.47988528354283116,-0.45265208533245643,0.0,0.008244685287365184,0.4527271641853503,-19.68770425042043,19.68770425042043,6.8345034860898e-05,6.8345034860898e-05,0.00038800195908826254,0.8263339875503946,0.8263339875503946,0.49580039253023656,0.49580039253023656,0.9021269759856708,0.9021269759856708,0.555111657489957,court
ABOVE_THRESHOLD_NOMINAL_mu0.6_F60_r0.40_y+0.000,flat,0.20025,0.009771944665980309,0.0,0.0327054969127301,0.4797719446659803,-0.45335550740358715,0.0,0.010398632350336532,0.4534747486331752,-19.68099367457668,19.68099367457668,7.862449047011992e-05,7.862449047011992e-05,0.00042599173017693787,0.9505408389636527,0.9505408389636527,0.5703245033781914,0.5703245033781914,0.8998571501451396,0.8998571501451396,0.5493393824696321,court
ABOVE_THRESHOLD_NOMINAL_mu0.6_F60_r0.40_y+0.000,flat,0.2005,0.009658405463612827,0.0,0.032708703226030034,0.4796584054636128,-0.45415680946992476,0.0,0.012825253199722718,0.45433786404782345,-19.673422277448623,19.673422277448623,8.92220661255919e-05,8.92220661255919e-05,0.0004634584336721519,1.0785850168425564,1.0785850168425564,0.6471510101055333,0.6471510101055333,0.8972746973764608,0.8972746973764608,0.5420939917895412,court
ABOVE_THRESHOLD_NOMINAL_mu0.6_F60_r0.40_y+0.000,flat,0.20075,0.009544640204626958,0.0,0.03271258478039297,0.47954464020462695,-0.4550610359434779,0.0,0.015526217451732171,0.4553258282398548,-19.664974269825606,19.664974269825606,0.00010012063674212685,0.00010012063674212685,0.0005004703358215947,1.2102615502342087,1.2102615502342087,0.7261569301405247,0.7261569301405247,0.8943738589385202,0.8943738589385202,0.5332086940517929,court
ABOVE_THRESHOLD_NOMINAL_mu0.6_F60_r0.40_y+0.000,flat,0.201,0.009430621745551059,0.0,0.03271721029195128,0.479430621745551,-0.45607383630359993,0.0,0.01850204623324297,0.4564489783924376,-19.655635119164398,19.655635119164398,0.00011130732007394282,0.00011130732007394282,0.0005370875555886811,1.345416739284911,1.345416739284911,0.8072500435709461,0.8072500435709461,0.8911496686132194,0.8911496686132194,0.5225249439843498,court
ABOVE_THRESHOLD_NOMINAL_mu0.6_F60_r0.40_y+0.000,flat,0.20125,0.009316321349013366,0.0,0.03272264835657058,0.47931632134901336,-0.45720158615077117,0.0,0.021752258477204134,0.45771874675136487,-19.645391232461524,19.645391232461524,0.00012277260238170988,0.00012277260238170988,0.0005733637693518479,1.4839375885830282,1.4839375885830282,0.8903625531498162,0.8903625531498162,0.8875977165939625,0.8875977165939625,0.5098955585280309,court
ABOVE_THRESHOLD_NOMINAL_mu0.6_F60_r0.40_y+0.000,flat,0.2015,0.009201708473244436,0.0,0.0327289672357262,0.4792017084732444,-0.4584515030757215,0.0,0.025275516622474514,0.4591477239548523,-19.63422970232145,19.63422970232145,0.0001345097014034498,0.0001345097014034498,0.0006093474685475526,1.6257441127109236,1.6257441127109236,0.9754464676265532,0.9754464676265532,0.8837139265623257,0.8837139265623257,0.4951880631052969,court
ABOVE_THRESHOLD_NOMINAL_mu0.6_F60_r0.40_y+0.000,flat,0.20175,0.009086750534185173,0.0,0.032736234680094504,0.47908675053418515,-0.4598317562370512,0.0,0.029069777473225783,0.46074971080446026,-19.622138100531476,19.622138100531476,0.000146514093329727,0.000146514093329727,0.0006450829155094497,1.7707836272389983,1.7707836272389983,1.062470176343398,1.062470176343398,0.8794943389711428,0.8794943389711428,0.47828830932330896,court
ABOVE_THRESHOLD_NOMINAL_mu0.6_F60_r0.40_y+0.000,flat,0.202,0.00897141264239759,0.0,0.03274451779332182,0.47897141264239756,-0.4613515671503323,0.0,0.033132452909245304,0.46253975823473914,-19.609104307860175,19.609104307860175,0.00015878315695255654,0.00015878315695255654,0.0006806108901820674,1.9190264586831436,1.9190264586831436,1.1514158752098846,1.1514158752098846,0.8749348963846274,0.8749348963846274,0.4591044190516703,court
ABOVE_THRESHOLD_NOMINAL_mu0.6_F60_r0.40_y+0.000,flat,0.20225,0.008855657317993024,0.0,0.032753882939469355,0.478855657317993,-0.46302129761826627,0.0,0.037460584590145785,0.4645341940545804,-19.595116371701774,19.595116371701774,0.00017131590403938554,0.00017131590403938554,0.000715969288701999,2.0704626990859683,2.0704626990859683,1.242277619451579,1.242277619451579,0.8700312288362527,0.8700312288362527,0.43757113232376443,court
ABOVE_THRESHOLD_NOMINAL_mu0.6_F60_r0.40_y+0.000,flat,0.2025,0.008739444188284895,0.0,0.03276439569863023,0.47873944418828485,-0.46485251883251655,0.0,0.04205103664349969,0.46675063358042496,-19.580162385155763,19.580162385155763,0.00018411277483701844,0.00018411277483701844,0.0007511936149643319,2.225099750044387,2.225099750044387,1.3350598500266297,1.3350598500266297,0.8647784389453698,0.8647784389453698,0.4136546712162963,court
ABOVE_THRESHOLD_NOMINAL_mu0.6_F60_r0.40_y+0.000,flat,0.20275,0.00862272967493758,0.0,0.032776120876264955,0.4786227296749376,-0.46685805338925734,0.0,0.0469007105388899,0.46920796952253424,-19.56423038249133,19.56423038249133,0.00019717548387675662,0.00019717548387675662,0.0007863173933401099,2.3829604767319763,2.3829604767319763,1.4297762860391825,1.4297762860391825,0.8591708882082245,0.8591708882082245,0.38735828451568716,court
ABOVE_THRESHOLD_NOMINAL_mu0.6_F60_r0.40_y+0.000,flat,0.203,0.008505466680100309,0.0,0.032789122573008214,0.4785054666801003,-0.4690519793490836,0.0,0.05200678697303596,0.4719263345296084,-19.54730824690408,19.54730824690408,0.00021050690529706104,0.00021050690529706104,0.0008213725219441922,2.5440818412766935,2.5440818412766935,1.5264491047660111,1.5264491047660111,0.8532019875370859,0.8532019875370859,0.3587287183947822,court
ABOVE_THRESHOLD_NOMINAL_mu0.6_F60_r0.40_y+0.000,flat,0.20325000000000001,0.008387604284398234,0.0,0.03280346432319903,0.4783876042843982,-0.4714495828082992,0.0,0.05736700076326704,0.47492702798081726,-19.52938362715447,19.52938362715447,0.00022411098951864017,0.00022411098951864017,0.0008563895796872971,2.708513916372209,2.708513916372209,1.6251083498233192,1.6251083498233192,0.8468639966938666,0.8468639966938666,0.3278639836561078,court
ABOVE_THRESHOLD_NOMINAL_mu0.6_F60_r0.40_y+0.000,flat,0.20350000000000001,0.00826908747358054,0.0,0.032819209312386,0.4782690874735805,-0.47406724327077265,0.0,0.06297995674790377,0.4782323975791663,-19.510443860162926,19.510443860162926,0.00023799270478557825,0.00023799270478557825,0.0008913980958559322,2.876319200123999,2.876319200123999,1.7257915200743907,1.7257915200743907,0.840147838464856,0.840147838464856,0.294922991555168,court
ABOVE_THRESHOLD_NOMINAL_mu0.6_F60_r0.40_y+0.000,flat,0.20375000000000001,0.008149856914777905,0.0,0.03283642068690144,0.4781498569147779,-0.4769222352105427,0.0,0.06884549806174023,0.48186566700854433,-19.49047589697,19.49047589697,0.0002521579981519648,0.0002521579981519648,0.0009264267876402422,3.0475721658508013,3.0475721658508013,1.8285432995104682,1.8285432995104682,0.8330429336634724,0.8330429336634724,0.26013796738145367,court
ABOVE_THRESHOLD_NOMINAL_mu0.6_F60_r0.40_y+0.000,flat,0.20400000000000001,0.008029848807169828,0.0,0.03285516197288879,0.4780298488071698,-0.4800324304323029,0.0,0.0749651439494055,0.4858507045112715,-19.469466229667503,19.469466229667503,0.0002666137711976533,0.0002666137711976533,0.0009615037686424991,3.222358988985658,3.222358988985658,1.9334153933913771,1.9334153933913771,0.8255370613644643,0.8255370613644643,0.223831144591667,court
ABOVE_THRESHOLD_NOMINAL_mu0.6_F60_r0.40_y+0.000,flat,0.20425000000000001,0.007908994834805817,0.0,0.03287549762905835,0.4779089948348058,-0.4834158894560412,0.0,0.08134262467822528,0.49021173462914786,-19.44740081695254,19.44740081695254,0.00028136786633414784,0.00028136786633414784,0.000996656729940898,3.4007774003014957,3.4007774003014957,2.040466440180872,2.040466440180872,0.8176162437899493,0.8176162437899493,0.18643835546185508,court
ABOVE_THRESHOLD_NOMINAL_mu0.6_F60_r0.40_y+0.000,flat,0.20450000000000002,0.007787222251140974,0.0,0.032897493769300026,0.47778722225114095,-0.4870903346593706,0.0,0.08798456096669792,0.49497300642265357,-19.42426500579022,19.42426500579022,0.00029642906026110374,0.00029642906026110374,0.001031913094916762,3.5829366235914772,3.5829366235914772,2.1497619741548495,2.1497619741548495,0.8092646451902346,0.8092646451902346,0.14854439447995868,court
ABOVE_THRESHOLD_NOMINAL_mu0.6_F60_r0.40_y+0.000,flat,0.20475000000000002,0.007664454126767403,0.0,0.0329212191134655,0.4776644541267674,-0.4910724974942835,0.0,0.09490137666189107,0.5001584439830994,-19.400043446153603,19.400043446153603,0.00031180706223641827,0.00031180706223641827,0.0010673001500718714,3.7689573702622847,3.7689573702622847,2.2613744221573144,2.2613744221573144,0.8004644564624812,0.8004644564624812,0.1109401190997174,court
ABOVE_THRESHOLD_NOMINAL_mu0.6_F60_r0.40_y+0.000,flat,0.20500000000000002,0.007540609799169859,0.0,0.032946746271125434,0.47754060979916985,-0.49537731039017613,0.0,0.10210863063971995,0.5057913127966154,-19.374719994633885,19.374719994633885,0.00032751251667176014,0.00032751251667176014,0.0011028451569080112,3.9589718874826283,3.9589718874826283,2.3753831324894916,2.3753831324894916,0.7911957076357367,0.7911957076357367,0.07472443584509578,court
ABOVE_THRESHOLD_NOMINAL_mu0.6_F60_r0.40_y+0.000,flat,0.20525000000000002,0.007415605594276428,0.0,0.032974153578663463,0.4774156055942764,-0.5000168195737239,0.0,0.10962923015211382,0.5118939225663527,-19.348277600131876,19.348277600131876,0.0003435570127181191,0.0003435570127181191,0.0011385754554931325,4.153124097928407,4.153124097928407,2.491874458756912,2.491874458756912,0.7814358956072259,0.7814358956072259,0.04151632672804718,court
ABOVE_THRESHOLD_NOMINAL_mu0.6_F60_r0.40_y+0.000,flat,0.20550000000000002,0.0072893560236764335,0.0,0.033003528099024494,0.4772893560236764,-0.5049982823999796,0.0,0.11749808144411687,0.5184872846753118,-19.320698158618026,19.320698158618026,0.00035995310951327544,0.00035995310951327544,0.0011745185815199722,4.351569948813948,4.351569948813948,2.6109419692881595,2.6109419692881595,0.7711591825429283,0.7711591825429283,0.014033016346386241,court
ABOVE_THRESHOLD_NOMINAL_mu0.6_F60_r0.40_y+0.000,flat,0.20575000000000002,0.007161776997623172,0.0,0.03303497397026385,0.47716177699762313,-0.5103161042130433,0.0,0.12578348495743774,0.5255892039484978,-19.291962304489147,19.291962304489147,0.0003767144019720958,0.0003767144019720958,0.0012107024503552862,4.554478307203237,4.554478307203237,2.732686984321603,2.732686984321603,0.7603344246371003,0.7603344246371003,0.0,
ABOVE_THRESHOLD_NOMINAL_mu0.6_F60_r0.40_y+0.000,flat,0.20600000000000002,0.007032786085414619,0.0,0.03306861290298856,0.4770327860854146,-0.5159636488342128,0.0,0.13455573089883846,0.5332201530662878,-19.262048946274614,19.262048946274614,0.00039385578679475156,0.00039385578679475156,0.0012471559395718392,4.762034621005424,4.762034621005424,2.8572207726026964,2.8572207726026964,0.7489154724390666,0.7489154724390666,0.0,
ABOVE_THRESHOLD_NOMINAL_mu0.6_F60_r0.40_y+0.000,flat,0.20625000000000002,0.006902296479910673,0.0,0.03310456886863158,0.47690229647991067,-0.5219584220157828,0.0,0.14382386257206659,0.5414110247846405,-19.2309350412872,19.2309350412872,0.0004113934398457616,0.0004113934398457616,0.0012839088138353152,4.974440124352737,4.974440124352737,2.984664074610697,2.984664074610697,0.7368558673540913,0.7368558673540913,0.0,
ABOVE_THRESHOLD_NOMINAL_mu0.6_F60_r0.40_y+0.000,flat,0.20650000000000002,0.00677021671205044,0.0,0.033142968144460244,0.4767702167120504,-0.5283190714409309,0.0,0.15359710331467474,0.5501937035216473,-19.19859608620232,19.19859608620232,0.0004293442392906708,0.0004293442392906708,0.001320990513931609,5.1919036587232,5.1919036587232,3.11514219523228,3.11514219523228,0.7241367257419936,0.7241367257419936,0.0,
ABOVE_THRESHOLD_NOMINAL_mu0.6_F60_r0.40_y+0.000,flat,0.20675000000000002,0.00663645034767485,0.0,0.03318393935840568,0.4766364503476748,-0.5350654575023611,0.0,0.1638848557817515,0.559601009440491,-19.16500606737407,19.16500606737407,0.00044772575605446643,0.00044772575605446643,0.001358430188971163,5.414642682185732,5.414642682185732,3.248785609308515,3.248785609308515,0.7107381791224003,0.7107381791224003,0.0,
ABOVE_THRESHOLD_NOMINAL_mu0.6_F60_r0.40_y+0.000,flat,0.20700000000000002,0.006500895665479241,0.0,0.033227613533072665,0.4765008956654792,-0.5422187287824376,0.0,0.17469669866793916,0.5696666449494119,-19.13013741262053,19.13013741262053,0.00046655624529387177,0.00046655624529387177,0.0013962567221856357,5.642883179433292,5.642883179433292,3.3857299076546195,3.3857299076546195,0.6966393106625846,0.6966393106625846,0.0,
ABOVE_THRESHOLD_NOMINAL_mu0.6_F60_r0.40_y+0.000,flat,0.20725000000000002,0.006363445314813142,0.0,0.03327412412821148,0.4763634453148131,-0.549801402664395,0.0,0.18604238055525593,0.5804251456772035,-19.09396094446265,19.09396094446265,0.00048585463834358684,0.00048585463834358684,0.0014344987505557213,5.8768595769826,5.8768595769826,3.526115746179469,3.526115746179469,0.6818180886071475,0.6818180886071475,0.0,
ABOVE_THRESHOLD_NOMINAL_mu0.6_F60_r0.40_y+0.000,flat,0.20750000000000002,0.006223985951923138,0.0,0.033323607080833983,0.4762239859519231,-0.5578374515600167,0.0,0.19793181049001174,0.5919118380019341,-19.056445834854216,19.056445834854216,0.0005056405346070304,0.0005056405346070304,0.0014731846783989852,6.116814656919655,6.116814656919655,3.6700887941322162,3.6700887941322162,0.666251296370773,0.666251296370773,0.0,
ABOVE_THRESHOLD_NOMINAL_mu0.6_F60_r0.40_y+0.000,flat,0.20775000000000002,0.006082397853095422,0.0,0.03337620084203071,0.4760823978530954,-0.5663523953108637,0.0,0.21037504478690247,0.6041628051638432,-19.017559561492178,19.017559561492178,0.0005259341928612613,0.0005259341928612613,0.0015123426849481517,6.362999462516494,6.362999462516494,3.8177996774707514,3.8177996774707514,0.6499144590148389,0.6499144590148389,0.0,
ABOVE_THRESHOLD_NOMINAL_mu0.6_F60_r0.40_y+0.000,flat,0.20800000000000002,0.005938554502992176,0.0,0.03343204640938688,0.47593855450299216,-0.5753734004129853,0.0,0.22338226942468062,0.6172148638813896,-18.97726786584712,18.97726786584712,0.0005467565214339441,0.0005467565214339441,0.0015520007258590148,6.615673188851826,6.615673188851826,3.969403913230333,3.969403913230333,0.6327817658280332,0.6327817658280332,0.0,
ABOVE_THRESHOLD_NOMINAL_mu0.6_F60_r0.40_y+0.000,flat,0.20825,0.005792322156283034,0.0,0.03349128735369319,0.47579232215628303,-0.5849293868365667,0.0,0.2369637772252364,0.6311055532174101,-18.93553471310349,18.93553471310349,0.0005681290666888839,0.0005681290666888839,0.0015921865285020295,6.87510305125233,6.87510305125233,4.125061830579275,4.125061830579275,0.6148259887306621,0.6148259887306621,0.0,
ABOVE_THRESHOLD_NOMINAL_mu0.6_F60_r0.40_y+0.000,flat,0.2085,0.005643559370439805,0.0,0.03355406983838863,0.4756435593704398,-0.5950511433729184,0.0,0.25112993878177275,0.6458731372196512,-18.892322254247684,18.892322254247684,0.0005900739992258626,0.0005900739992258626,0.001632927580809939,7.141564123932634,7.141564123932634,4.2849384739802,4.2849384739802,0.5960183962225546,0.5960183962225546,0.0,
ABOVE_THRESHOLD_NOMINAL_mu0.6_F60_r0.40_y+0.000,flat,0.20875,0.005492116507275501,0.0,0.033620542629838844,0.47549211650727546,-0.6057714526572141,0.0,0.26589116580085015,0.6615566225995826,-18.847590790588995,18.847590790588995,0.0006126140971602575,0.0006126140971602575,0.0016742511133734767,7.415339140648904,7.415339140648904,4.449203483523462,4.449203483523462,0.5763286625956712,0.5763286625956712,0.0,
ABOVE_THRESHOLD_NOMINAL_mu0.6_F60_r0.40_y+0.000,flat,0.209,0.005337835200448146,0.0,0.03369085709611794,0.47533783520044814,-0.6171252273094192,0.0,0.28125786511637524,0.6781957924313033,-18.80129874104181,18.80129874104181,0.0006357727257987816,0.0006357727257987816,0.0017161840743978728,7.69671824849939,7.69671824849939,4.618030947050555,4.618030947050555,0.555724772135255,0.555724772135255,0.0,
ABOVE_THRESHOLD_NOMINAL_mu0.6_F60_r0.40_y+0.000,flat,0.20925,0.00518054778568758,0.0,0.03376516719138657,0.4751805477856876,-0.6291496590422626,0.0,0.2972403810745417,0.695831256566083,-18.753402612536036,18.753402612536036,0.0006595738129687234,0.0006595738129687234,0.001758753097051966,7.985998705192597,7.985998705192597,4.791599218080824,4.791599218080824,0.5341729180380371,0.5341729180380371,0.0,
ABOVE_THRESHOLD_NOMINAL_mu0.6_F60_r0.40_y+0.000,flat,0.2095,0.005020076689898627,0.0,0.033843629422187986,0.4750200766898986,-0.6418843831558121,0.0,0.3138489232056449,0.7145045191856103,-18.703856973953865,18.703856973953865,0.0006840418191899837,0.0006840418191899837,0.001801984458659851,8.283484509167119,8.283484509167119,4.970090692637267,4.970090692637267,0.5116373957835655,0.5116373957835655,0.0,
ABOVE_THRESHOLD_NOMINAL_mu0.6_F60_r0.40_y+0.000,flat,0.20975,0.004856233774485536,0.0,0.033926402790932335,0.4748562337744855,-0.6553716616523625,0.0,0.33109347497739816,0.7342580636735204,-18.65261443401623,18.65261443401623,0.0007092017018006403,0.0007092017018006403,0.0018459040310994886,8.58948595086854,8.58948595086854,5.153691536297825,5.153691536297825,0.4880804907071339,0.4880804907071339,0.0,
ABOVE_THRESHOLD_NOMINAL_mu0.6_F60_r0.40_y+0.000,flat,0.21,0.004688819627139944,0.0,0.034013648710375884,0.47468881962713994,-0.6696565893823717,0.0,0.34898367777420763,0.7551354547735409,-18.599625623579406,18.599625623579406,0.0007350788720582721,0.0007350788720582721,0.0018905372216845315,8.904319072273047,8.904319072273047,5.342591348387333,5.342591348387333,0.46346235954644893,0.46346235954644893,0.0,
ABOVE_THRESHOLD_NOMINAL_mu0.6_F60_r0.40_y+0.000,flat,0.21025,0.004517622794804436,0.0,0.034105530880807367,0.4745176227948044,-0.684787329342033,0.0,0.36752868172592257,0.7771814577809925,-18.544839182939302,18.544839182939302,0.0007616991441385732,0.0007616991441385732,0.0019359089037109959,9.228305020363795,9.228305020363795,5.53698273681774,5.53698273681774,0.4377409057905189,0.4377409057905189,0.0,
ABOVE_THRESHOLD_NOMINAL_mu0.6_F60_r0.40_y+0.000,flat,0.2105,0.004342418948385884,0.0,0.03420221511854133,0.47434241894838586,-0.7008153856742051,0.0,0.38673695093586086,0.8004421740618439,-18.488201755343262,18.488201755343262,0.0007890886748381704,0.0007890886748381704,0.001982043335747019,9.561769278684473,9.561769278684473,5.737060731323088,5.737060731323088,0.41087164882491634,0.41087164882491634,0.0,
ABOVE_THRESHOLD_NOMINAL_mu0.6_F60_r0.40_y+0.000,flat,0.21075,0.004162969966881123,0.0,0.03430386911940365,0.4741629699668811,-0.7177959260190478,0.0,0.40661600344925397,0.8249651905811458,-18.429657990449083,18.429657990449083,0.0008172738926463111,0.0008172738926463111,0.0020289640686099184,9.905040759116352,9.905040759116352,5.943021794815192,5.943021794815192,0.38280758742420334,0.38280758742420334,0.0,
ABOVE_THRESHOLD_NOMINAL_mu0.6_F60_r0.40_y+0.000,flat,0.211,0.003979022925145682,0.0,0.03441066213229352,0.47397902292514565,-0.7357881669417639,0.0,0.42717205155948995,0.8507997345116326,-18.369150571954723,18.369150571954723,0.0008462814146373748,0.0008462814146373748,0.002076693838743445,10.25845073300212,10.25845073300212,6.155061540517371,6.155061540517371,0.3534990601668218,0.3534990601668218,0.0,
ABOVE_THRESHOLD_NOMINAL_mu0.6_F60_r0.40_y+0.000,flat,0.21125,0.003790308968294837,0.0,0.03452276450008177,0.4737903089682948,-0.7548558274033786,0.0,0.4484094711530085,0.8779967961129244,-18.306620327367035,18.306620327367035,0.0008761379491704343,0.0008761379491704343,0.0021252544460953786,10.622331573932584,10.622331573932584,6.37336759970738,6.37336759970738,0.3228936131283781,0.3228936131283781,0.0,
ABOVE_THRESHOLD_NOMINAL_mu0.6_F60_r0.40_y+0.000,flat,0.2115,0.0035965420716252924,0.0,0.034640346978476386,0.47359654207162527,-0.7750675866781784,0.0,0.47032991357846266,0.9066090621242763,-18.24200666624662,18.24200666624662,0.0009068701809162037,0.0009068701809162037,0.0021746666124507186,10.997015262610388,10.997015262610388,6.59809264367347,6.59809264367347,0.29093591661639967,0.29093591661639967,0.0,
ABOVE_THRESHOLD_NOMINAL_mu0.6_F60_r0.40_y+0.000,flat,0.21175,0.003397417792723003,0.0,0.03476357958828575,0.473397417792723,-0.7964971156091583,0.0,0.4929304392374411,0.9366899556953333,-18.17524944038616,18.17524944038616,0.0009385046290326731,0.0009385046290326731,0.0022249498075643656,11.382831517958632,11.382831517958632,6.829240764482251,6.829240764482251,0.25756790591268375,0.25756790591268375,0.0,
ABOVE_THRESHOLD_NOMINAL_mu0.6_F60_r0.40_y+0.000,flat,0.212,0.0031926126961623986,0.0,0.03489262913247583,0.47319261269616236,-0.8192203862424168,0.0,0.5161981767603274,0.9682884895142876,-18.106297324895237,18.106297324895237,0.0009710674447295062,0.0009710674447295062,0.0022761219932053494,11.780105043340384,11.780105043340384,7.06615292300845,7.06615292300845,0.22272991586818525,0.22272991586818525,0.0,
ABOVE_THRESHOLD_NOMINAL_mu0.6_F60_r0.40_y+0.000,flat,0.21225,0.002981788105979586,0.0,0.03502765165857553,0.4729817881059796,-0.8432983607312501,0.0,0.5400901043987845,1.0014237095662872,-18.035147783790347,18.035147783790347,0.0010045840011247951,0.0010045840011247951,0.0023281990646602563,12.189149632898006,12.189149632898006,7.305029441711699,7.305029441711699,0.18636638287472576,0.18636638287472576,0.0,
ABOVE_THRESHOLD_NOMINAL_mu0.6_F60_r0.40_y+0.000,flat,0.2125,0.002764617598549637,0.0,0.03516876201238142,0.4727646175985496,-0.8686820297197972,0.0,0.5644414152235848,1.0359549121355187,-17.96204790966851,17.96204790966851,0.0010390775750846624,0.0010390775750846624,0.002381192943952998,12.61024830679039,12.61024830679039,7.526351342936487,7.526351342936487,0.1484536397424876,0.1484536397424876,0.0,
ABOVE_THRESHOLD_NOMINAL_mu0.6_F60_r0.40_y+0.000,flat,0.21275,0.002540941277276056,0.0,0.035315890954945195,0.472540941277276,-0.8947052850943243,0.0,0.5885157702550972,1.0709100611230928,-17.88853009931853,17.88853009931853,0.00107456358499648,0.00107456358499648,0.0024351030886347646,13.043564364111667,13.043564364111667,7.6297411264276045,7.6297411264276045,0.10914010374399068,0.10914010374399068,0.0,
ABOVE_THRESHOLD_NOMINAL_mu0.6_F60_r0.40_y+0.000,flat,0.213,0.002311511600386467,0.0,0.035468146485280704,0.4723115116003864,-0.9177187075583545,0.0,0.6090221213420436,1.1014152579688279,-17.822135926906405,17.822135926906405,0.001111021168482647,0.001111021168482647,0.0024898747135621868,13.488697727804436,13.488697727804436,7.146601033614267,7.146601033614267,0.06946929457783915,0.06946929457783915,0.0,
ABOVE_THRESHOLD_NOMINAL_mu0.6_F60_r0.40_y+0.000,flat,0.21325,0.0020797361604293204,0.0,0.03562244743795225,0.4720797361604293,-0.9271017598285868,0.0,0.6172038106861902,1.1137585990702012,-17.78392869760454,17.78392869760454,0.0011482623601870702,0.0011482623601870702,0.002545208460281031,13.94263989552137,13.94263989552137,5.021518505007127,5.021518505007127,0.03467761192598979,0.03467761192598979,0.0,
ABOVE_THRESHOLD_NOMINAL_mu0.6_F60_r0.40_y+0.000,flat,0.2135,0.001848658698549832,0.0,0.03577628188332001,0.4718486586985498,-0.9243098475179543,0.0,0.6153377814710124,1.1104005041084641,-17.769672535000392,17.769672535000392,0.0011856426023238908,0.0011856426023238908,0.002600150399702839,14.395496893981294,14.395496893981294,3.20287287268571,3.20287287268571,0.019468607623818926,0.019468607623818926,0.0,
ABOVE_THRESHOLD_NOMINAL_mu0.6_F60_r0.40_y+0.000,flat,0.21375,0.0016178226072849087,0.0,0.03593004601152894,0.4716178226072849,-0.9233443650596932,0.0,0.6150565128357112,1.109440999093288,-17.75113354303023,17.75113354303023,0.0012226182284302218,0.0012226182284302218,0.0026539323596746055,14.840966104181016,14.840966104181016,3.5510934389991293,3.5510934389991293,0.021110705266917756,0.021110705266917756,0.0,
ABOVE_THRESHOLD_NOMINAL_mu0.6_F60_r0.40_y+0.000,flat,0.214,0.0013873856565251872,0.0,0.03608359825427679,0.47138738565652516,-0.9217478030388856,0.0,0.6142089709914016,1.1076423937595241,-17.733417053554724,17.733417053554724,0.0012592597329620931,0.0012592597329620931,0.002706696011733426,15.28261152512095,15.28261152512095,3.5067334431930863,3.5067334431930863,0.02014524390567087,0.02014524390567087,0.0,
ABOVE_THRESHOLD_NOMINAL_mu0.6_F60_r0.40_y+0.000,flat,0.21425,0.001157295572185806,0.0,0.03623699080315081,0.4711572955721858,-0.9203603373575253,0.0,0.6135701954960994,1.1061335974383832,-17.714816901396745,17.714816901396745,0.001295529767201488,0.001295529767201488,0.0027584230271315256,15.719492497463122,15.719492497463122,3.5945345718608204,3.5945345718608204,0.02006801216074761,0.02006801216074761,0.0,
ABOVE_THRESHOLD_NOMINAL_mu0.6_F60_r0.40_y+0.000,flat,0.2145,0.0009275793300702291,0.0,0.03639019697067355,0.4709275793300702,-0.9188649684623075,0.0,0.6128246700909498,1.104475851496681,-17.696070072318236,17.696070072318236,0.0013314291848643591,0.0013314291848643591,0.0028091482146838562,16.15179794466836,16.15179794466836,3.625737647687979,3.625737647687979,0.01966092109832063,0.01966092109832063,0.0,
ABOVE_THRESHOLD_NOMINAL_mu0.6_F60_r0.40_y+0.000,flat,0.21475,0.0006982288606315285,0.0,0.036543228098454644,0.4706982288606315,-0.9174018777548025,0.0,0.6121245111243906,1.102870174783647,-17.67691523984578,17.67691523984578,0.0013669449778808348,0.0013669449778808348,0.0028588846182232668,16.579306152898162,16.579306152898162,3.677652290547936,3.677652290547936,0.01940395616035254,0.01940395616035254,0.0,
ABOVE_THRESHOLD_NOMINAL_mu0.6_F60_r0.40_y+0.000,flat,0.215,0.0004692516999778688,0.0,0.03669607604661393,0.47046925169997783,-0.9159086426146387,0.0,0.6113917926371362,1.1012213972313836,-17.657551829279296,17.657551829279296,0.0014020712678264602,0.0014020712678264602,0.002907653594137749,17.00198200329521,17.00198200329521,3.714377130544279,3.714377130544279,0.0190809222448076,0.0190809222448076,0.0,
ABOVE_THRESHOLD_NOMINAL_mu0.6_F60_r0.40_y+0.000,flat,0.21525,0.0002406464137757856,0.0,0.03684874497016436,0.4702406464137758,-0.9144211448083328,0.0,0.6106756942017351,1.0995866648706472,-17.637940618440968,17.637940618440968,0.0014367996059370634,0.0014367996059370634,0.002955471249864762,17.41971222807469,17.41971222807469,3.754520152969936,3.754520152969936,0.01879958345752068,0.01879958345752068,0.0,
ABOVE_THRESHOLD_NOMINAL_mu0.6_F60_r0.40_y+0.000,flat,0.2155,1.2415530148767844e-05,0.0,0.03700123175746951,0.4700124155301487,-0.912923534508071,0.0,0.6099471492206188,1.0979366578728798,-17.618176303555597,17.618176303555597,0.0014711238539514304,0.0014711238539514304,0.003002355380607026,17.83243588487252,17.83243588487252,3.7874991467199175,3.7874991467199175,0.018499884796221763,0.018499884796221763,0.0,
ABOVE_THRESHOLD_NOMINAL_mu0.6_F60_r0.40_y+0.000,flat,0.21575,-0.000215441662905978,0.0,0.03715353921257666,0.469784558337094,-0.9114287722189833,0.0,0.6092298204285852,1.0962952982331218,-17.598269272887155,17.598269272887155,0.0015050373774994554,0.0015050373774994554,0.003048321688154929,18.24007197357995,18.24007197357995,3.8199389641978088,3.8199389641978088,0.018217664532448698,0.018217664532448698,0.0,
ABOVE_THRESHOLD_NOMINAL_mu0.6_F60_r0.40_y+0.000,flat,0.216,-0.00044292486986664804,0.0,0.03730566633933022,0.46955707513013334,-0.90993282784268,0.0,0.6085085070142429,1.0946507910262886,-17.578284734112362,17.578284734112362,0.0015385347018731293,0.0015385347018731293,0.0030933861473507614,18.64256215747349,18.64256215747349,3.8474162651910664,3.8474162651910664,0.017929046902996265,0.017929046902996265,0.0,
ABOVE_THRESHOLD_NOMINAL_mu0.6_F60_r0.40_y+0.000,flat,0.21625,-0.0006700353165271335,0.0,0.037457616016433715,0.4693299646834728,-0.9084417866419422,0.0,0.6077987084139731,1.0930168112462397,-17.558246837458626,17.558246837458626,0.001571610356438067,0.001571610356438067,0.0031375635199119164,19.039842204233118,19.039842204233118,3.8731860547022183,3.8731860547022183,0.01765049695691931,0.01765049695691931,0.0,
ABOVE_THRESHOLD_NOMINAL_mu0.6_F60_r0.40_y+0.000,flat,0.2165,-0.0008967742073090266,0.0,0.03760938845516872,0.4691032257926909,-0.9069555631275726,0.0,0.6070897549400213,1.0913873574680932,-17.538209555366226,17.538209555366226,0.0016042596396961997,0.0016042596396961997,0.003180868464916517,19.431861341932596,19.431861341932596,3.894776368122058,3.894776368122058,0.017369236490872002,0.017369236490872002,0.0,
ABOVE_THRESHOLD_NOMINAL_mu0.6_F60_r0.40_y+0.000,flat,0.21675,-0.001123143565569916,0.0,0.037760987080146566,0.46887685643443006,-0.9054774330435574,0.0,0.606394499911369,1.089772302489795,-17.51820072312037,17.51820072312037,0.001636477983754353,0.001636477983754353,0.003223314759389222,19.818567059195736,19.818567059195736,3.914284556951035,3.914284556951035,0.01709522284572976,0.01709522284572976,0.0,
ABOVE_THRESHOLD_NOMINAL_mu0.6_F60_r0.40_y+0.000,flat,0.217,-0.0013491458460480933,0.0,0.03791241288629998,0.46865085415395186,-0.9040091219127092,0.0,0.6057032246136342,1.0881676749512192,-17.498268942822556,17.498268942822556,0.0016682614155084999,0.0016682614155084999,0.0032649159763773056,20.19991663270927,20.19991663270927,3.9299378162197547,3.9299378162197547,0.01681966189053286,0.01681966189053286,0.0,
ABOVE_THRESHOLD_NOMINAL_mu0.6_F60_r0.40_y+0.000,flat,0.21725,-0.0015747838941055042,0.0,0.03806367008574245,0.4684252161058945,-0.9025521922296441,0.0,0.6050287977698783,1.0865819370067775,-17.478441982704865,17.478441982704865,0.0016996061125875233,0.0016996061125875233,0.003305684959123711,20.575866749375486,20.575866749375486,3.943438561781594,3.943438561781594,0.01655020052888249,0.01655020052888249,0.0,
ABOVE_THRESHOLD_NOMINAL_mu0.6_F60_r0.40_y+0.000,flat,0.2175,-0.0018000613265849023,0.0,0.03821476013227661,0.4681999386734151,-0.9011097299175926,0.0,0.6043601861366433,1.0850115114316874,-17.458765650325446,17.458765650325446,0.0017305087556884426,0.0017305087556884426,0.0033456343376616175,20.946382213991594,20.946382213991594,3.9532033381867038,3.9532033381867038,0.016279320524356253,0.016279320524356253,0.0,
ABOVE_THRESHOLD_NOMINAL_mu0.6_F60_r0.40_y+0.000,flat,0.21775,-0.002024981723940376,0.0,0.0383656882708849,0.4679750182760596,-0.8996815894218946,0.0,0.6037125544331705,1.0834647251871794,-17.43926563398475,17.43926563398475,0.0017609661488731572,0.0017609661488731572,0.0033847760854876685,21.311427193702418,21.311427193702418,3.960918612567323,3.960918612567323,0.016014263920712715,0.016014263920712715,0.0,
ABOVE_THRESHOLD_NOMINAL_mu0.6_F60_r0.40_y+0.000,flat,0.218,-0.0022495498797155005,0.0,0.03851645601103961,0.4677504501202845,-0.8982726231004988,0.0,0.6030709606188356,1.0819372851295845,-17.419986736518336,17.419986736518336,0.0017909755522107348,0.0017909755522107348,0.0034231219964085137,21.67097332697618,21.67097332697618,3.964865515492273,3.964865515492273,0.015747250297622844,0.015747250297622844,0.0,
ABOVE_THRESHOLD_NOMINAL_mu0.6_F60_r0.40_y+0.000,flat,0.21825,-0.002473769913755856,0.0,0.03866707005095399,0.4675262300862441,-0.896880136161421,0.0,0.6024561596575115,1.0804385234478666,-17.400950745413557,17.400950745413557,0.0018205342942305578,0.0018205342942305578,0.0034606832299225398,22.02499083585536,22.02499083585536,3.9670349997276957,3.9670349997276957,0.015486527710285402,0.015486527710285402,0.0,
ABOVE_THRESHOLD_NOMINAL_mu0.6_F60_r0.40_y+0.000,flat,0.2185,-0.002697647957064557,0.0,0.038817531265145803,0.4673023520429354,-0.8955121732348047,0.0,0.6018448567672501,1.0789621328058343,-17.382203597428017,17.382203597428017,0.0018496401500600944,0.0018496401500600944,0.003497470834225263,22.37345760352949,22.37345760352949,3.965208906902096,3.965208906902096,0.015222541440456719,0.015222541440456719,0.0,
ABOVE_THRESHOLD_NOMINAL_mu0.6_F60_r0.40_y+0.000,flat,0.21875,-0.0029211882690529547,0.0,0.03896784869075894,0.467078811730947,-0.8941612479535914,0.0,0.6012697024525574,1.0775201123084948,-17.36376048813439,17.36376048813439,0.0018782908765959268,0.0018782908765959268,0.00353349519321416,22.716348520493547,22.716348520493547,3.9621392814925427,3.9621392814925427,0.014966350205230697,0.014966350205230697,0.0,
ABOVE_THRESHOLD_NOMINAL_mu0.6_F60_r0.40_y+0.000,flat,0.219,-0.003144398792534245,0.0,0.03911802115175542,0.4668556012074657,-0.8928420939251609,0.0,0.6006898439858845,1.0761018972906107,-17.345672210577707,17.345672210577707,0.0019064847174433818,0.0019064847174433818,0.0035687666986132247,23.053647432025077,23.053647432025077,3.954489949740429,3.954489949740429,0.014704255821846016,0.014704255821846016,0.0,
ABOVE_THRESHOLD_NOMINAL_mu0.6_F60_r0.40_y+0.000,flat,0.21925,-0.003367283043209063,0.0,0.03926806205928296,0.4666327169567909,-0.8915370026992722,0.0,0.6001636301101593,1.0747253649602795,-17.327942112447232,17.327942112447232,0.0019342197549869393,0.0019342197549869393,0.003603294968451067,23.38533227019463,23.38533227019463,3.9466534517532836,3.9466534517532836,0.014453411423806675,0.014453411423806675,0.0,
ABOVE_THRESHOLD_NOMINAL_mu0.6_F60_r0.40_y+0.000,flat,0.2195,-0.0035898520248601727,0.0,0.039417964947571306,0.4664101479751398,-0.8902759266044382,0.0,0.5996115531533942,1.073370970432132,-17.310633682727403,17.310633682727403,0.0019614946867126497,0.0019614946867126497,0.0036370898469181355,23.711393209364495,23.711393209364495,3.9328787481158534,3.9328787481158534,0.01419121549940783,0.01419121549940783,0.0,
ABOVE_THRESHOLD_NOMINAL_mu0.6_F60_r0.40_y+0.000,flat,0.21975,-0.0038121063778770075,0.0,0.03956775258133712,0.466187893622123,-0.8890174120673388,0.0,0.5991505350632689,1.0720696444846807,-17.293726605838152,17.293726605838152,0.001988307786318055,0.001988307786318055,0.003670160140971585,24.031808804879464,24.031808804879464,3.9211634974328433,3.9211634974328433,0.013948017981468407,0.013948017981468407,0.0,
ABOVE_THRESHOLD_NOMINAL_mu0.6_F60_r0.40_y+0.000,flat,0.22,-0.004034063470706533,0.0,0.039717405160854355,0.46596593652929347,-0.8878283713181016,0.0,0.5986103180689288,1.070781737711256,-17.27731550664258,17.27731550664258,0.002014658258198981,0.002014658258198981,0.00370251532198717,24.346577404855537,24.346577404855537,3.9002965712160966,3.9002965712160966,0.01368144434700755,0.01368144434700755,0.0,
ABOVE_THRESHOLD_NOMINAL_mu0.6_F60_r0.40_y+0.000,flat,0.22025,-0.004255715523729741,0.0,0.03986696775049148,0.46574428447627025,-0.8866082120928344,0.0,0.5982503585485003,1.0695688913080175,-17.261327262302082,17.261327262302082,0.002040544341708598,0.002040544341708598,0.003734163216200401,24.65567361037356,24.65567361037356,3.886704741339357,3.886704741339357,0.013452050909675535,0.013452050909675535,0.0,
ABOVE_THRESHOLD_NOMINAL_mu0.6_F60_r0.40_y+0.000,flat,0.2205,-0.004477095331228995,0.0,0.04001638578668156,0.465522904668771,-0.8855192299970148,0.0,0.5976721447603452,1.068342781749817,-17.245934899144135,17.245934899144135,0.0020659659656579806,0.0020659659656579806,0.0037651132809724394,24.95910948991081,24.95910948991081,3.855939333587431,3.855939333587431,0.013170581547532874,0.013170581547532874,0.0,
ABOVE_THRESHOLD_NOMINAL_mu0.6_F60_r0.40_y+0.000,flat,0.22075,-0.004698171326797744,0.0,0.0401657624023906,0.46530182867320224,-0.884303982274998,0.0,0.5975064628361646,1.0672429461928548,-17.230934630759563,17.230934630759563,0.002090920853033634,0.002090920853033634,0.0037953718731916605,25.256845192685212,25.256845192685212,3.8456816185949374,3.8456816185949374,0.012971994819123566,0.012971994819123566,0.0,
ABOVE_THRESHOLD_NOMINAL_mu0.6_F60_r0.40_y+0.000,flat,0.221,-0.00491901776241694,0.0,0.04031494737367412,0.46508098223758304,-0.8833857424767817,0.0,0.596739885134094,1.0660529351402335,-17.21670897151428,17.21670897151428,0.002115410318371027,0.002115410318371027,0.0038249493133859676,25.548922146532163,25.548922146532163,3.7968405060172454,3.7968405060172454,0.01264721383939486,0.01264721383939486,0.0,
ABOVE_THRESHOLD_NOMINAL_mu0.6_F60_r0.40_y+0.000,flat,0.22125,-0.005139534243502941,0.0,0.04046420685240645,0.46486046575649703,-0.8820659243440071,0.0,0.5970379149292868,1.0651265496418527,-17.202699035281345,17.202699035281345,0.002139430342784604,0.002139430342784604,0.003853849105214827,25.83525851451373,25.83525851451373,3.8051457553255417,3.8051457553255417,0.012529595238883832,0.012529595238883832,0.0,
ABOVE_THRESHOLD_NOMINAL_mu0.6_F60_r0.40_y+0.000,flat,0.2215,-0.005359914963135195,0.0,0.040613111017047225,0.46464008503686477,-0.8815228785290148,0.0,0.5956166585631257,1.0638805333908423,-17.189889138140053,17.189889138140053,0.0021629855870987243,0.0021629855870987243,0.0038820848420018624,26.115970358329804,26.115970358329804,3.7137872772652405,3.7137872772652405,0.012079984072399977,0.012079984072399977,0.0,
ABOVE_THRESHOLD_NOMINAL_mu0.6_F60_r0.40_y+0.000,flat,0.22175,-0.0055798517773765115,0.0,0.04076241543819186,0.46442014822262345,-0.8797472569652641,0.0,0.5972176845785406,1.0633081392104828,-17.176668637158578,17.176668637158578,0.002186066783244845,0.002186066783244845,0.0039096530804831305,26.390854199248658,26.390854199248658,3.7905844296471995,3.7905844296471995,0.012206214093923898,0.012206214093923898,0.0,
ABOVE_THRESHOLD_NOMINAL_mu0.6_F60_r0.40_y+0.000,flat,0.222,-0.005799906610542822,0.0,0.040910821960570935,0.46420009338945717,-0.8802193326652391,0.0,0.5936260895163009,1.0616863980253557,-17.16588814289803,17.16588814289803,0.0022086879792042823,0.0022086879792042823,0.003936577904751532,26.660239156848633,26.660239156848633,3.585171825971816,3.585171825971816,0.01139987295547407,0.01139987295547407,0.0,
ABOVE_THRESHOLD_NOMINAL_mu0.6_F60_r0.40_y+0.000,flat,0.22225,-0.006019114996548044,0.0,0.041060647253685426,0.4639808850034519,-0.8768335440208862,0.0,0.5993011724579607,1.0620729538170688,-17.152565625014688,17.152565625014688,0.002230823689210385,0.002230823689210385,0.003962836039185827,26.923550364526232,26.923550364526232,3.9199633464922705,3.9199633464922705,0.012379937640754003,0.012379937640754003,0.0,
ABOVE_THRESHOLD_NOMINAL_mu0.6_F60_r0.40_y+0.000,flat,0.2225,-0.006239219091496267,0.0,0.041207740055806595,0.4637607809085037,-0.8804163797928944,0.0,0.5883712084846815,1.0589209983664272,-17.14578939727438,17.14578939727438,0.002252517008854514,0.002252517008854514,0.003988485261354359,27.18177972817704,27.18177972817704,3.4598217657993664,3.4598217657993664,0.010770608293082178,0.010770608293082178,0.0,
ABOVE_THRESHOLD_NOMINAL_mu0.6_F60_r0.40_y+0.000,flat,0.22275,-0.006457106450236357,0.0,0.04135962723748357,0.46354289354976363,-0.8715494349603572,0.0,0.6075487267079003,1.06240946574478,-17.129049060047024,17.129049060047024,0.0022736893128375317,0.0022736893128375317,0.004013439178039917,27.433140861549926,27.433140861549926,4.860194150488175,4.860194150488175,0.015216772098106696,0.015216772098106696,0.0,
ABOVE_THRESHOLD_NOMINAL_mu0.6_F60_r0.40_y+0.000,flat,0.223,-0.006678325885734619,0.0,0.04150256517587433,0.46332167411426534,-0.8848777419930483,0.0,0.5717517535630313,1.0535220386765134,-17.133352098366977,17.133352098366977,0.0022944793207704197,0.0022944793207704197,0.004037867255617956,27.680817257630338,27.680817257630338,4.746381595096223,4.746381595096223,0.014698268147533326,0.014698268147533326,0.0,
ABOVE_THRESHOLD_NOMINAL_mu0.6_F60_r0.40_y+0.000,flat,0.22325,-0.006893211719652633,0.0,0.041660380230492636,0.46310678828034735,-0.8595433356720571,0.0,0.6312602184732279,1.0664446583508749,-17.103560848196686,17.103560848196686,0.002314627242953256,0.002314627242953256,0.004061470587237958,27.918895138621707,27.918895138621707,9.130984562703764,9.130984562703764,0.030568438564038247,0.030568438564038247,0.0,
ABOVE_THRESHOLD_NOMINAL_mu0.6_F60_r0.40_y+0.000,flat,0.2235,-0.007116597161348699,0.0,0.04179472870015315,0.46288340283865126,-0.8935417667842627,0.0,0.5373938786420407,1.0426931810412294,-17.134295995563733,17.134295995563733,0.0023345684166060756,0.0023345684166060756,0.004084764371259934,28.157505030565563,28.157505030565563,10.95759588730907,10.95759588730907,0.038643000385736495,0.038643000385736495,0.0,
ABOVE_THRESHOLD_NOMINAL_mu0.6_F60_r0.40_y+0.000,flat,0.22375,-0.0073291586003207685,0.0,0.041955856909246005,0.4626708413996792,-0.850245755888279,0.0,0.6445128363714423,1.0669182919294207,-17.086936640401408,17.086936640401408,0.0023535725329826237,0.0023535725329826237,0.004106901910030362,28.379617350697416,28.379617350697416,14.779021162018646,14.779021162018646,0.06623264165977363,0.06623264165977363,0.0,
ABOVE_THRESHOLD_NOMINAL_mu0.6_F60_r0.40_y+0.000,flat,0.224,-0.007552915071576663,0.0,0.04208828513688883,0.4624470849284233,-0.8950258850235785,0.0,0.5297129105712928,1.0400322603112608,-17.124142349991303,17.124142349991303,0.002372586882225617,0.002372586882225617,0.0041289918164838044,28.60854584777196,28.60854584777196,13.655001759216752,13.655001759216752,0.05431290403198879,0.05431290403198879,0.0,
ABOVE_THRESHOLD_NOMINAL_mu0.6_F60_r0.40_y+0.000,flat,0.22425,-0.007765008213072063,0.0,0.04224924101053637,0.4622349917869279,-0.8483725659816,0.0,0.6438234945901536,1.0650092501459703,-17.076575064711612,17.076575064711612,0.0023906281883110197,0.0023906281883110197,0.004149896794610208,28.818695835681496,28.818695835681496,15.593536125148423,15.593536125148423,0.07409364277408319,0.07409364277408319,0.0,
ABOVE_THRESHOLD_NOMINAL_mu0.6_F60_r0.40_y+0.000,flat,0.2245,-0.007988995390083926,0.0,0.042381525526905106,0.46201100460991607,-0.8959487080474536,0.0,0.5291380654749472,1.0405340839138673,-17.11192010161389,17.11192010161389,0.002408676988091248,0.002408676988091248,0.004170757901020361,29.035933262563688,29.035933262563688,13.830627875007586,13.830627875007586,0.05409193956387477,0.05409193956387477,0.0,
ABOVE_THRESHOLD_NOMINAL_mu0.6_F60_r0.40_y+0.000,flat,0.22475,-0.00820040528639366,0.0,0.04254286636878767,0.4617995947136063,-0.845639585238935,0.0,0.6453633675302537,1.063766978371235,-17.068850984608474,17.068850984608474,0.0024258146177365126,0.0024258146177365126,0.004190517686815191,29.235544824291416,29.235544824291416,15.865632850859098,15.865632850859098,0.07481342049935442,0.07481342049935442,0.0,
ABOVE_THRESHOLD_NOMINAL_mu0.6_F60_r0.40_y+0.000,flat,0.225,-0.008424606876788376,0.0,0.04267495311737535,0.4615753931232116,-0.8968063615788674,0.0,0.5283469943507054,1.040870883735226,-17.10352876641679,17.10352876641679,0.0024429034942808005,0.0024429034942808005,0.004210174979772757,29.440775344627156,29.440775344627156,14.291633108686373,14.291633108686373,0.05621525641438354,0.05621525641438354,0.0,
ABOVE_THRESHOLD_NOMINAL_mu0.6_F60_r0.40_y+0.000,flat,0.22525,-0.00863547722557436,0.0,0.042836660951489705,0.46136452277442563,-0.8434813951439403,0.0,0.6468313364574321,1.0629447971448356,-17.06407620105946,17.06407620105946,0.0024591272746406797,0.0024591272746406797,0.0042287947826067296,29.629627368162957,29.629627368162957,16.148626909661548,16.148626909661548,0.07590338660352446,0.07590338660352446,0.0,
ABOVE_THRESHOLD_NOMINAL_mu0.6_F60_r0.40_y+0.000,flat,0.2255,-0.0088598724570594,0.0,0.04296859557281673,0.4611401275429406,-0.8975809259401591,0.0,0.5277384853080935,1.0412297669039599,-17.098728799516415,17.098728799516415,0.0024752585422758724,0.0024752585422758724,0.004247267855797539,29.82296757951176,29.82296757951176,14.684132583390676,14.684132583390676,0.05793683211878739,0.05793683211878739,0.0,
ABOVE_THRESHOLD_NOMINAL_mu0.6_F60_r0.40_y+0.000,flat,0.22575,-0.009070324048046773,0.0,0.04313069854574785,0.4609296759519532,-0.8418063639494873,0.0,0.6484118917245,1.0625798491010459,-17.062287400892995,17.062287400892995,0.0024905622634752126,0.0024905622634752126,0.004264756186124436,30.00093646882949,30.00093646882949,16.414803403048563,16.414803403048563,0.07693600754639991,0.07693600754639991,0.0,
ABOVE_THRESHOLD_NOMINAL_mu0.6_F60_r0.40_y+0.000,flat,0.226,-0.009294892166106287,0.0,0.043262511874023885,0.4607051078338937,-0.898272472238061,0.0,0.5272533131041216,1.0415802852204676,-17.097647906640518,17.097647906640518,0.0025057378302175987,0.0025057378302175987,0.004282062731645382,30.182468556167656,30.182468556167656,15.037288770876959,15.037288770876959,0.05946384604192045,0.05946384604192045,0.0,
ABOVE_THRESHOLD_NOMINAL_mu0.6_F60_r0.40_y+0.000,flat,0.22625,-0.009505053499667872,0.0,0.04342503980425786,0.4604949465003321,-0.8406453342463394,0.0,0.650111720935909,1.0626993119826458,-17.06351228774327,17.06351228774327,0.002520114972353566,0.002520114972353566,0.0042984265350403585,30.349425691925678,30.349425691925678,16.666722945651998,16.666722945651998,0.07795312388854266,0.07795312388854266,0.0,
ABOVE_THRESHOLD_NOMINAL_mu0.6_F60_r0.40_y+0.000,flat,0.2265,-0.009729769454902783,0.0,0.043556754369123075,0.4602702305450972,-0.8988638209396437,0.0,0.526858259460868,1.0418904904817736,-17.10040121077902,17.10040121077902,0.0025343361676993053,0.0025343361676993053,0.0043145822568937215,30.519224477740664,30.519224477740664,15.352350783779706,15.352350783779706,0.06078780232854133,0.06078780232854133,0.0,
ABOVE_THRESHOLD_NOMINAL_mu0.6_F60_r0.40_y+0.000,flat,0.22675,-0.009939778164018623,0.0,0.043719741586106656,0.46006022183598133,-0.8400348364633589,0.0,0.651948867934314,1.0633418325603745,-17.067750613803994,17.067750613803994,0.002547780011450671,0.002547780011450671,0.00432982711887295,30.67503998241459,30.67503998241459,16.905095620818678,16.905095620818678,0.07896880611616278,0.07896880611616278,0.0,
ABOVE_THRESHOLD_NOMINAL_mu0.6_F60_r0.40_y+0.000,flat,0.227,-0.01016460742909981,0.0,0.043851370373535176,0.45983539257090017,-0.8993170603247496,0.0,0.526515149714077,1.0421081411588655,-17.10712284850592,17.10712284850592,0.0025610475819938406,0.0025610475819938406,0.004344845826117266,30.833171693131888,30.833171693131888,15.631354976033574,15.631354976033574,0.06191019071939945,0.06191019071939945,0.0,
ABOVE_THRESHOLD_NOMINAL_mu0.6_F60_r0.40_y+0.000,flat,0.22725,-0.01037461495210635,0.0,0.04401485617211109,0.45962538504789363,-0.8400300920261559,0.0,0.6539431943036524,1.0645620023678923,-17.074966572651075,17.074966572651075,0.0025735510716300017,0.0025735510716300017,0.004358975883972074,30.977712186915554,30.977712186915554,17.130657042759253,17.130657042759253,0.07999905492571743,0.07999905492571743,0.0,
ABOVE_THRESHOLD_NOMINAL_mu0.6_F60_r0.40_y+0.000,flat,0.2275,-0.010599506289248252,0.0,0.04414640084047333,0.4594004937107517,-0.8995653485676072,0.0,0.5261786734489782,1.0421524901549135,-17.117978136729555,17.117978136729555,0.0025858651909225513,0.0025858651909225513,0.004372869587540733,31.1242353114194,31.1242353114194,15.875619538335782,15.875619538335782,0.06282944961726875,0.06282944961726875,0.0,
ABOVE_THRESHOLD_NOMINAL_mu0.6_F60_r0.40_y+0.000,flat,0.22775,-0.010809684349807724,0.0,0.04431043013336704,0.45919031565019225,-0.8407122422378921,0.0,0.6561171715748243,1.0664365040095034,-17.085079312611352,17.085079312611352,0.0025974208069011826,0.0025974208069011826,0.0043858874460872095,31.257361747932872,31.257361747932872,17.344194553781964,17.344194553781964,0.08106267287594955,0.08106267287594955,0.0,
ABOVE_THRESHOLD_NOMINAL_mu0.6_F60_r0.40_y+0.000,flat,0.228,-0.011034559620564023,0.0,0.044441878815243925,0.45896544037943593,-0.8995010830251968,0.0,0.5257947275075381,1.041903207518927,-17.133179673555716,17.133179673555716,0.002608781083870498,0.002608781083870498,0.004398666442537225,31.39232778968568,31.39232778968568,16.085915879160222,16.085915879160222,0.06354213064461207,0.06354213064461207,0.0,
ABOVE_THRESHOLD_NOMINAL_mu0.6_F60_r0.40_y+0.000,flat,0.22825,-0.011245109144916514,0.0,0.044606502498055284,0.4587548908550835,-0.8421980974099659,0.0,0.6584947312454419,1.0690710670292098,-17.097951899785567,17.097951899785567,0.002619380744117965,0.002619380744117965,0.004410573115219892,31.513893896843264,31.513893896843264,17.546610435367576,17.546610435367576,0.08218310554688896,0.08218310554688896,0.0,
ABOVE_THRESHOLD_NOMINAL_mu0.6_F60_r0.40_y+0.000,flat,0.2285,-0.011469848845416445,0.0,0.04473782803564824,0.4585301511545835,-0.8989588019997209,0.0,0.5253021503718226,1.0411864755547078,-17.153006867418185,17.153006867418185,0.0026297862046631847,0.0026297862046631847,0.004422246030039569,31.637347337084897,31.637347337084897,16.26270663094024,16.26270663094024,0.06404511769100509,0.06404511769100509,0.0,
ABOVE_THRESHOLD_NOMINAL_mu0.6_F60_r0.40_y+0.000,flat,0.22875,-0.011681011894074021,0.0,0.04490310212705854,0.458318988105926,-0.8446521946303054,0.0,0.6610963656411946,1.0726069804722451,-17.113380503611303,17.113380503611303,0.0026394212351769594,0.0026394212351769594,0.004433040950536934,31.747199702121684,31.747199702121684,17.738969807073314,17.738969807073314,0.0833905388316899,0.0833905388316899,0.0,
ABOVE_THRESHOLD_NOMINAL_mu0.6_F60_r0.40_y+0.000,flat,0.229,-0.011905434895641304,0.0,0.04503426275364829,0.45809456510435864,-0.8976920062691306,0.0,0.5246425063589901,1.0397599230582701,-17.177825820709852,17.177825820709852,0.002648870235325274,0.002648870235325274,0.0044436146957720565,31.85917599233403,31.85917599233403,16.40663575396711,16.40663575396711,0.06434061717039238,0.06434061717039238,0.0,
ABOVE_THRESHOLD_NOMINAL_mu0.6_F60_r0.40_y+0.000,flat,0.22925,-0.012117509698216365,0.0,0.04520024431022827,0.45788249030178363,-0.848299210300245,0.0,0.663926226319905,1.0772230893326642,-17.131089832068845,17.131089832068845,0.002657531484448175,0.002657531484448175,0.0044532958822618525,31.957157632794907,31.957157632794907,17.922523901935715,17.922523901935715,0.08472430298914584,0.08472430298914584,0.0,
ABOVE_THRESHOLD_NOMINAL_mu0.6_F60_r0.40_y+0.000,flat,0.2295,-0.012341346413848167,0.0,0.0453311911919579,0.4576586535861518,-0.8953468625272109,0.0,0.5237875269185346,1.0373038983792333,-17.2080975609118,17.2080975609118,0.00266602148422286,0.00266602148422286,0.004462775450977092,32.05767719161185,32.05767719161185,16.519524495720947,16.519524495720947,0.06444609301707462,0.06444609301707462,0.0,
ABOVE_THRESHOLD_NOMINAL_mu0.6_F60_r0.40_y+0.000,flat,0.22975,-0.012554703678477108,0.0,0.04549792721091321,0.45744529632152287,-0.8534290585157618,0.0,0.6669440758212302,1.083123057732654,-17.150750420148817,17.150750420148817,0.0026736997173532383,0.0026736997173532383,0.004471339973945406,32.1436379052348,32.1436379052348,18.098664457164165,18.098664457164165,0.08623499529314005,0.08623499529314005,0.0,
ABOVE_THRESHOLD_NOMINAL_mu0.6_F60_r0.40_y+0.000,flat,0.23,-0.01277756572019574,0.0,0.04562862741436837,0.45722243427980425,-0.8914481668745244,0.0,0.5228008138206371,1.0334411087021218,-17.244341311516035,17.244341311516035,0.0026812268013155093,0.0026812268013155093,0.004479727946429673,32.2326927861972,32.2326927861972,16.606239609146005,16.606239609146005,0.06441190720446024,0.06441190720446024,0.0,
ABOVE_THRESHOLD_NOMINAL_mu0.6_F60_r0.40_y+0.000,flat,0.23025,-0.012992659064280985,0.0,0.045796131008974054,0.457007340935719,-0.860373376340983,0.0,0.6700143784227307,1.0904868701683579,-17.172050839236665,17.172050839236665,0.002687913605381662,0.002687913605381662,0.004487172952777588,32.306511666932714,32.306511666932714,18.268666125341184,18.268666125341184,0.08798327206023508,0.08798327206023508,0.0,
ABOVE_THRESHOLD_NOMINAL_mu0.6_F60_r0.40_y+0.000,flat,0.2305,-0.013214020095749993,0.0,0.045926618941704314,0.45678597990424996,-0.885444125876034,0.0,0.5219517309210449,1.0278350594622898,-17.28698012724563,17.28698012724563,0.0026944715992665612,0.0026944715992665612,0.004494468549308423,32.38404024213349,32.38404024213349,16.677605735730868,16.677605735730868,0.06434725029824671,0.06434725029824671,0.0,
ABOVE_THRESHOLD_NOMINAL_mu0.6_F60_r0.40_y+0.000,flat,0.23075,-0.013431372286476383,0.0,0.04609482878719645,0.4565686277135236,-0.8694087629055598,0.0,0.6728393819685539,1.0993563712212713,-17.19487458732769,17.19487458732769,0.0027001610911728956,0.0027001610911728956,0.00450079316641158,32.445667094820195,32.445667094820195,18.43285571708717,18.43285571708717,0.09002491485731413,0.09002491485731413,0.0,
ABOVE_THRESHOLD_NOMINAL_mu0.6_F60_r0.40_y+0.000,flat,0.231,-0.013650599236729895,0.0,0.04622529461572099,0.4563494007632701,-0.8769078010140527,0.0,0.521863314098138,1.0204452998964684,-17.33596472525023,17.33596472525023,0.002705740188889641,0.002705740188889641,0.0045069907535803455,32.51151318385935,32.51151318385935,16.753147550554097,16.753147550554097,0.06444373384188387,0.06444373384188387,0.0,
ABOVE_THRESHOLD_NOMINAL_mu0.6_F60_r0.40_y+0.000,flat,0.23125,-0.0138707329057128,0.0,0.04639402960780699,0.4561292670942872,-0.88053467593162,0.0,0.6749399683439888,1.109452692270467,-17.219592501001806,17.219592501001806,0.002710431605196677,0.002710431605196677,0.004512198956122408,32.56103031022455,32.56103031022455,18.58864517946789,18.58864517946789,0.09235765984916451,0.09235765984916451,0.0,
ABOVE_THRESHOLD_NOMINAL_mu0.6_F60_r0.40_y+0.000,flat,0.2315,-0.014087230545428733,0.0,0.04652491558257283,0.45591276945457127,-0.8659905588637283,0.0,0.5235438990633795,1.0119475590600526,-17.390189508029916,17.390189508029916,0.002715016818743011,0.002715016818743011,0.004517286354201776,32.614893240804115,32.614893240804115,16.85913847402111,16.85913847402111,0.06496164636611597,0.06496164636611597,0.0,
ABOVE_THRESHOLD_NOMINAL_mu0.6_F60_r0.40_y+0.000,flat,0.23175,-0.014310526103065463,0.0,0.046693874739346664,0.4556894738969345,-0.8931822305469197,0.0,0.675836627095339,1.1200578750619876,-17.247272311771336,17.247272311771336,0.002718717018651719,0.002718717018651719,0.004521389721826353,32.652574825505425,32.652574825505425,18.727629963294504,18.727629963294504,0.09480578483254633,0.09480578483254633,0.0,
ABOVE_THRESHOLD_NOMINAL_mu0.6_F60_r0.40_y+0.000,flat,0.232,-0.014524010935187539,0.0,0.046825872413054095,0.45547598906481246,-0.8539393284883048,0.0,0.5279906948297207,1.003985333840006,-17.447204304251528,17.447204304251528,0.002722287625259052,0.002722287625259052,0.004525347611320016,32.69398218370503,32.69398218370503,17.01670799039747,17.01670799039747,0.06613908153475473,0.06613908153475473,0.0,
ABOVE_THRESHOLD_NOMINAL_mu0.6_F60_r0.40_y+0.000,flat,0.23225,-0.014750559146804716,0.0,0.04699474401926413,0.45524944085319524,-0.9061928464687103,0.0,0.6754864248401244,1.13025102748653,-17.279338983402255,17.279338983402255,0.002725010683771095,0.002725010683771095,0.004528364861163398,32.72028585785744,32.72028585785744,18.834923612651213,18.834923612651213,0.09690982020997335,0.09690982020997335,0.0,
ABOVE_THRESHOLD_NOMINAL_mu0.6_F60_r0.40_y+0.000,flat,0.2325,-0.014961297569489072,0.0,0.04712858430788107,0.4550387024305109,-0.8429536907374244,0.0,0.5353611544677533,0.9985902515250642,-17.5041176047346,17.5041176047346,0.0027275421400674584,0.0027275421400674584,0.004531168907323882,32.74863928600941,32.74863928600941,17.22722170257779,17.22722170257779,0.0680748505411527,0.0680748505411527,0.0,
ABOVE_THRESHOLD_NOMINAL_mu0.6_F60_r0.40_y+0.000,flat,0.23275,-0.015190892746892207,0.0,0.04729721926802346,0.45480910725310775,-0.9183807096125389,0.0,0.6745398405695557,1.1394854647181911,-17.31666682571103,17.31666682571103,0.0027293034827936633,0.0027293034827936633,0.004533119401521745,32.76407072575697,32.76407072575697,18.894932815044186,18.894932815044186,0.09804683013273931,0.09804683013273931,0.0,
ABOVE_THRESHOLD_NOMINAL_mu0.6_F60_r0.40_y+0.000,flat,0.233,-0.015399646681295892,0.0,0.04743337417095197,0.4546003533187041,-0.8350157376147447,0.0,0.5446196117140361,0.9969261775717616,-17.559352202586254,17.559352202586254,0.0027307710444812836,0.0027307710444812836,0.004534744244966367,32.77876596280722,32.77876596280722,17.47282238847691,17.47282238847691,0.07071927887629172,0.07071927887629172,0.0,
ABOVE_THRESHOLD_NOMINAL_mu0.6_F60_r0.40_y+0.000,flat,0.23325,-0.015631940834774323,0.0,0.04760185656706317,0.45436805916522566,-0.9291766139137257,0.0,0.6739295844448134,1.1478459237345995,-17.359134555064884,17.359134555064884,0.0027315791352151494,0.0027315791352151494,0.004535638816264187,32.78368650349888,32.78368650349888,18.89922462914706,18.89922462914706,0.0978135893968435,0.0978135893968435,0.0,
ABOVE_THRESHOLD_NOMINAL_mu0.6_F60_r0.40_y+0.000,flat,0.2335,-0.01583965511931042,0.0,0.04774043305449327,0.45416034488068957,-0.8308571381443883,0.0,0.5543059497203884,0.9987886012069346,-17.613248626875176,17.613248626875176,0.002731959963393989,0.002731959963393989,0.004536060369476082,32.78421794940867,32.78421794940867,17.728252766714014,17.728252766714014,0.07394441664005744,0.07394441664005744,0.0,
ABOVE_THRESHOLD_NOMINAL_mu0.6_F60_r0.40_y+0.000,flat,0.23375,-0.0160743138549947,0.0,0.04790900232129228,0.4539256861450053,-0.9386349427371149,0.0,0.6742770671960346,1.1557184428197003,-17.406115175143913,17.406115175143913,0.0027318122920192258,0.0027318122920192258,0.004535896908733745,32.77875326152354,32.77875326152354,18.84683984995782,18.84683984995782,0.09622431726981953,0.09622431726981953,0.0,
ABOVE_THRESHOLD_NOMINAL_mu0.6_F60_r0.40_y+0.000,flat,0.234,-0.016281840840939442,0.0,0.04804986551578686,0.45371815915906055,-0.8301079437789698,0.0,0.5634527779783527,1.0032737569260306,-17.667073989133872,17.667073989133872,0.002731084981798477,0.002731084981798477,0.00453509178982782,32.764732017643986,32.764732017643986,17.969356820592505,17.969356820592505,0.07758328649749013,0.07758328649749013,0.0,
ABOVE_THRESHOLD_NOMINAL_mu0.6_F60_r0.40_y+0.000,flat,0.23425,-0.01651860462968172,0.0,0.048218804756670106,0.45348139537031823,-0.9470551549691146,0.0,0.6757569635329767,1.1634263794142208,-17.45705032331478,17.45705032331478,0.0027299696500856082,0.0027299696500856082,0.004533856999486997,32.74881078929698,32.74881078929698,18.738641442594957,18.738641442594957,0.09353362845741833,0.09353362845741833,0.0,
ABOVE_THRESHOLD_NOMINAL_mu0.6_F60_r0.40_y+0.000,flat,0.23450000000000001,-0.016726603496750255,0.0,0.04836174364066397,0.4532733965032497,-0.8319954682741485,0.0,0.571755535975473,1.009515156967601,-17.722002898340985,17.722002898340985,0.002728113032862795,0.002728113032862795,0.004531801154555934,32.71992642911995,32.71992642911995,18.178019834891682,18.178019834891682,0.08145746494616772,0.08145746494616772,0.0,
ABOVE_THRESHOLD_NOMINAL_mu0.6_F60_r0.40_y+0.000,flat,0.23475000000000001,-0.016965282332997596,0.0,0.04853130987497641,0.4530347176670024,-0.9547153449893657,0.0,0.6782649372497687,1.1711211359464897,-17.511631762078466,17.511631762078466,0.002726012097755897,0.002726012097755897,0.0045294742122143124,32.69335665740515,32.69335665740515,18.573320945557278,18.573320945557278,0.09001873625611737,0.09001873625611737,0.0,
ABOVE_THRESHOLD_NOMINAL_mu0.6_F60_r0.40_y+0.000,flat,0.23500000000000001,-0.017174228510587797,0.0,0.0486761326599879,0.45282577148941217,-0.8357847103608018,0.0,0.5792911400459494,1.0169141099466685,-17.77881507869158,17.77881507869158,0.002723004657641197,0.002723004657641197,0.004526142207335593,32.64933966135661,32.64933966135661,18.343388314571893,18.343388314571893,0.08539274732663474,0.08539274732663474,0.0,
ABOVE_THRESHOLD_NOMINAL_mu0.6_F60_r0.40_y+0.000,flat,0.23525000000000001,-0.017414674878355855,0.0,0.048846527639871636,0.4525853251216441,-0.9617854710722269,0.0,0.6815799195349277,1.1788055306448406,-17.56976869392687,17.56976869392687,0.0027198966761528944,0.0027198966761528944,0.004522697521454405,32.61186289480653,32.61186289480653,18.3470604327055,18.3470604327055,0.08591068270092231,0.08591068270092231,0.0,
ABOVE_THRESHOLD_NOMINAL_mu0.6_F60_r0.40_y+0.000,flat,0.23550000000000001,-0.017624897569392,0.0,0.04899308960336635,0.45237510243060797,-0.8408907641445742,0.0,0.586247853978846,1.0250774719592897,-17.837990609229266,17.837990609229266,0.002715716708111451,0.002715716708111451,0.004518062645248899,32.55246886735429,32.55246886735429,18.460103350792224,18.460103350792224,0.08921047592907835,0.08921047592907835,0.0,
ABOVE_THRESHOLD_NOMINAL_mu0.6_F60_r0.40_y+0.000,flat,0.23575000000000002,-0.01786697980858043,0.0,0.04916445205734618,0.45213302019141954,-0.9683289567537225,0.0,0.6854498159193504,1.1863820711017274,-17.63151174176449,17.63151174176449,0.002711578334865802,0.002711578334865802,0.004513471547449283,32.50378977262554,32.50378977262554,18.05557522231689,18.05557522231689,0.08141495562910411,0.08141495562910411,0.0,
ABOVE_THRESHOLD_NOMINAL_mu0.6_F60_r0.40_y+0.000,flat,0.23600000000000002,-0.018078693918774303,0.0,0.0493126492237319,0.45192130608122566,-0.8468564407754993,0.0,0.5927886655428747,1.0337138062728237,-17.899855622197904,17.899855622197904,0.0027062046112380643,0.0027062046112380643,0.004507506468864496,32.428800984823184,32.428800984823184,18.526329400395163,18.526329400395163,0.09271757951762957,0.09271757951762957,0.0,
ABOVE_THRESHOLD_NOMINAL_mu0.6_F60_r0.40_y+0.000,flat,0.23625000000000002,-0.018322278921544588,0.0,0.04948505754898101,0.4516777210784554,-0.9743400110811409,0.0,0.689633300996447,1.1937053853597435,-17.696969958147275,17.696969958147275,0.002701011786420036,0.002701011786420036,0.004501738443923445,32.36860514273276,32.36860514273276,17.697455655340967,17.697455655340967,0.07674103106867289,0.07674103106867289,0.0,
ABOVE_THRESHOLD_NOMINAL_mu0.6_F60_r0.40_y+0.000,flat,0.23650000000000002,-0.018535608571860138,0.0,0.049634810962827035,0.4514643914281398,-0.8533186012622018,0.0,0.5990136553840956,1.0425785316208542,-17.964655920304978,17.964655920304978,0.0026944244442476187,0.0026944244442476187,0.004494416111725284,32.2778391379469,32.2778391379469,18.54268459312156,18.54268459312156,0.09571901532272772,0.09571901532272772,0.0,
ABOVE_THRESHOLD_NOMINAL_mu0.6_F60_r0.40_y+0.000,flat,0.23675000000000002,-0.018780557867433448,0.0,0.049808293203082686,0.45121944213256654,-0.9797971822932365,0.0,0.6939289610225955,1.200641462458991,-17.76621894498882,17.76621894498882,0.0026881534546709,0.0026881534546709,0.004487439883290999,32.20580692827185,32.20580692827185,17.27743554383404,17.27743554383404,0.07210407352997215,0.07210407352997215,0.0,
ABOVE_THRESHOLD_NOMINAL_mu0.6_F60_r0.40_y+0.000,flat,0.23700000000000002,-0.01899555828010929,0.0,0.049959537055823525,0.4510044417198907,-0.8600016507033658,0.0,0.6049754109633567,1.0514742446121998,-18.03255198240182,18.03255198240182,0.0026803347412350884,0.0026803347412350884,0.004478734269929183,32.09912277996734,32.09912277996734,18.511764160373037,18.511764160373037,0.09805721610578744,0.09805721610578744,0.0,
ABOVE_THRESHOLD_NOMINAL_mu0.6_F60_r0.40_y+0.000,flat,0.23725000000000002,-0.019241736496359952,0.0,0.05013408672127635,0.45075826350364,-0.9847128650026516,0.0,0.6981986618113084,1.2071208712704922,-17.83922035293508,17.83922035293508,0.002672963053050425,0.002672963053050425,0.004470518633189785,32.014940095198156,32.014940095198156,16.807110384476964,16.807110384476964,0.06769311370575727,0.06769311370575727,0.0,
ABOVE_THRESHOLD_NOMINAL_mu0.6_F60_r0.40_y+0.000,flat,0.23750000000000002,-0.019458418687096454,0.0,0.0502867648510366,0.4505415813129035,-0.8667287629460043,0.0,0.6107125190409801,1.060277571879784,-18.10357804850412,18.10357804850412,0.002663897584715207,0.002663897584715207,0.004460404941062086,31.892236493335353,31.892236493335353,18.437668893293772,18.437668893293772,0.09965726894961244,0.09965726894961244,0.0,
ABOVE_THRESHOLD_NOMINAL_mu0.6_F60_r0.40_y+0.000,flat,0.23775000000000002,-0.019705706605497527,0.0,0.05046235830754486,0.45029429339450244,-0.9891516736042927,0.0,0.7023738260330441,1.213157048732962,-17.91579625999392,17.91579625999392,0.0026554041882364235,0.0026554041882364235,0.004450919054028284,31.795599750116722,31.795599750116722,16.30128111860376,16.30128111860376,0.063626721796373,0.063626721796373,0.0,
ABOVE_THRESHOLD_NOMINAL_mu0.6_F60_r0.40_y+0.000,flat,0.23800000000000002,-0.019924061910583223,0.0,0.050616426377140485,0.45007593808941676,-0.8734212203427882,0.0,0.6162722783824858,1.0689509573632578,-18.177626322406702,18.177626322406702,0.002645078659520111,0.002645078659520111,0.004439373309204663,31.656806057110618,31.656806057110618,18.325175166839994,18.325175166839994,0.10054043908380308,0.10054043908380308,0.0,
ABOVE_THRESHOLD_NOMINAL_mu0.6_F60_r0.40_y+0.000,flat,0.23825000000000002,-0.02017236417239521,0.0,0.05079303578521086,0.44982763582760477,-0.9932090472479542,0.0,0.706437632281502,1.2188184195517737,-17.995674074077566,17.995674074077566,0.002635443872756363,0.002635443872756363,0.0044285863775750485,31.547420858023642,31.547420858023642,15.772124527464506,15.772124527464506,0.05993367484188721,0.05993367484188721,0.0,
ABOVE_THRESHOLD_NOMINAL_mu0.6_F60_r0.40_y+0.000,flat,0.23850000000000002,-0.02039238164172798,0.0,0.05094846318389401,0.449607618358272,-0.8800698773310789,0.0,0.6217095947325839,1.0775183567661824,-18.254485851817368,18.254485851817368,0.00262384653371469,0.00262384653371469,0.004415584757504766,31.392488083329468,31.392488083329468,18.178657788856736,18.178657788856736,0.10079056574337326,0.10079056574337326,0.0,
ABOVE_THRESHOLD_NOMINAL_mu0.6_F60_r0.40_y+0.000,flat,0.23875000000000002,-0.02064162562688168,0.0,0.05112606240721495,0.4493583743731183,-0.9969759406147964,0.0,0.7103968932837625,1.2241833082312386,-18.078556607445222,18.078556607445222,0.002613051562883795,0.002613051562883795,0.004403465437662133,31.27006488262141,31.27006488262141,15.226249448734338,15.226249448734338,0.05657698496934298,0.05657698496934298,0.0,
ABOVE_THRESHOLD_NOMINAL_mu0.6_F60_r0.40_y+0.000,flat,0.23900000000000002,-0.020863299483494278,0.0,0.05128283076220637,0.44913670051650567,-0.8866954264503926,0.0,0.6270734199656846,1.0860247940611225,-18.33390462314482,18.33390462314482,0.002600171842425419,0.002600171842425419,0.004388983749223418,31.09896161581075,31.09896161581075,18.001299458068697,18.001299458068697,0.10050343124269129,0.10050343124269129,0.0,
ABOVE_THRESHOLD_NOMINAL_mu0.6_F60_r0.40_y+0.000,flat,0.23925000000000002,-0.021113429522998547,0.0,0.05146139657913869,0.4488865704770014,-1.0005201580170777,0.0,0.7142632677292623,1.2293138745763028,-18.16416201928716,18.16416201928716,0.0025881984558491855,0.0025881984558491855,0.004375499662635657,30.96321247460777,30.96321247460777,14.666150294678198,14.666150294678198,0.05349712110726065,0.05349712110726065,0.0,
ABOVE_THRESHOLD_NOMINAL_mu0.6_F60_r0.40_y+0.000,flat,0.23950000000000002,-0.021336760199411286,0.0,0.05161949629527421,0.4486632398005887,-0.8933227056509497,0.0,0.632398864542089,1.094510749287396,-18.415628198727703,18.415628198727703,0.0025740268245658684,0.0025740268245658684,0.004359513074706386,30.77592460194634,30.77592460194634,17.794956077300736,17.794956077300736,0.09975784252521562,0.09975784252521562,0.0,
ABOVE_THRESHOLD_NOMINAL_mu0.6_F60_r0.40_y+0.000,flat,0.23975000000000002,-0.02158773193846128,0.0,0.05179900814263494,0.44841226806153867,-1.00388695619997,0.0,0.7180473894429202,1.2342532456162443,-18.252227881749477,18.252227881749477,0.0025608572330595826,0.0025608572330595826,0.004344630537388404,30.626562172508084,30.626562172508084,14.092766923973281,14.092766923973281,0.05063958000743469,0.05063958000743469,0.0,
ABOVE_THRESHOLD_NOMINAL_mu0.6_F60_r0.40_y+0.000,flat,0.24,-0.021812725174216008,0.0,0.05195843526330487,0.44818727482578397,-0.8999729430189096,0.0,0.6377084826797129,1.1030065308273471,-18.499407802170083,18.499407802170083,0.002545385195669593,0.002545385195669593,0.0043271134456938825,30.423093393256682,30.423093393256682,17.56045736392085,17.56045736392085,0.0986124447506583,0.0986124447506583,0.0,
ABOVE_THRESHOLD_NOMINAL_mu0.6_F60_r0.40_y+0.000,flat,0.24025,-0.022064501510345814,0.0,0.052138874822839416,0.44793549848965414,-1.0071053445192253,0.0,0.721758238138199,1.2390303181438074,-18.34250351030649,18.34250351030649,0.002531002043841937,0.002531002043841937,0.004310797305802576,30.259831130702125,30.259831130702125,13.506670957956276,13.506670957956276,0.04796085226181269,0.04796085226181269,0.0,
ABOVE_THRESHOLD_NOMINAL_mu0.6_F60_r0.40_y+0.000,flat,0.2405,-0.022291167391477667,0.0,0.052299628876266276,0.4477088326085223,-0.9066635245274098,0.0,0.6430162137074261,1.1115343439584309,-18.584996815735003,18.584996815735003,0.002514222179144896,0.002514222179144896,0.0042917232375903475,30.04020344623654,30.04020344623654,17.297924912459557,17.297924912459557,0.09711102666506344,0.09711102666506344,0.0,
ABOVE_THRESHOLD_NOMINAL_mu0.6_F60_r0.40_y+0.000,flat,0.24075,-0.022543715612953975,0.0,0.052480979632667686,0.447456284387046,-1.010192885905233,0.0,0.7254030256056477,1.243663626665736,-18.4347438049438,18.4347438049438,0.0024986085738227556,0.0024986085738227556,0.004273936737169408,29.862756239495944,29.862756239495944,12.908275624451958,12.908275624451958,0.04542611047292614,0.04542611047292614,0.0,
ABOVE_THRESHOLD_NOMINAL_mu0.6_F60_r0.40_y+0.000,flat,0.241,-0.022772067816343524,0.0,0.05264306220446959,0.4472279321836565,-0.9134088135582028,0.0,0.6483302872076215,1.120110629356101,-18.672146976129316,18.672146976129316,0.0024805146047537593,0.0024805146047537593,0.004253278274964697,29.627010681922794,29.627010681922794,17.006956633983748,17.006956633983748,0.09528682515384476,0.09528682515384476,0.0,
ABOVE_THRESHOLD_NOMINAL_mu0.6_F60_r0.40_y+0.000,flat,0.24125,-0.023025357509626178,0.0,0.05282530896762387,0.4469746424903738,-1.0131587731306164,0.0,0.7289870526171154,1.2481637803008565,-18.52870535130201,18.52870535130201,0.00246365416255823,0.00246365416255823,0.004233982913556636,29.435095685857874,29.435095685857874,12.297864063418107,12.297864063418107,0.04300668968971265,0.04300668968971265,0.0,
ABOVE_THRESHOLD_NOMINAL_mu0.6_F60_r0.40_y+0.000,flat,0.2415,-0.0232554127548216,0.0,0.05298872274251785,0.44674458724517835,-0.9202209807816913,0.0,0.653655099575894,1.1287478206722659,-18.760605531380143,18.760605531380143,0.0024442410533896527,0.0024442410533896527,0.0042117116332247295,29.18329336717278,29.18329336717278,16.68671492230165,16.68671492230165,0.09316526901051561,0.09316526901051561,0.0,
ABOVE_THRESHOLD_NOMINAL_mu0.6_F60_r0.40_y+0.000,flat,0.24175,-0.02350941420982478,0.0,0.05317185113762233,0.4464905857901752,-1.016005820012711,0.0,0.732513580417938,1.2525350181916703,-18.62414392838338,18.62414392838338,0.0024261179618396936,0.0024261179618396936,0.004190867024402332,28.976630952721006,28.976630952721006,11.675597335635873,11.675597335635873,0.04067827745723868,0.04067827745723868,0.0,
ABOVE_THRESHOLD_NOMINAL_mu0.6_F60_r0.40_y+0.000,flat,0.242,-0.02374119191067768,0.0,0.05333659926303929,0.4462588080893223,-0.9271108034116047,0.0,0.6589925016678322,1.1374557393837084,-18.85011300996036,18.85011300996036,0.0024053820413351677,0.0024053820413351677,0.004166953444508516,28.708854444319467,28.708854444319467,16.33595682129572,16.33595682129572,0.0907657638981901,0.0907657638981901,0.0,
ABOVE_THRESHOLD_NOMINAL_mu0.6_F60_r0.40_y+0.000,flat,0.24225,-0.023995874846642302,0.0,0.05352059517902669,0.4460041251533577,-1.0187317438584857,0.0,0.7359836639496059,1.2567761612736128,-18.720812990287254,18.720812990287254,0.002385981128856305,0.002385981128856305,0.004144517156883778,28.487169194786247,28.487169194786247,11.041512080064692,11.041512080064692,0.03841958587040815,0.03841958587040815,0.0,
ABOVE_THRESHOLD_NOMINAL_mu0.6_F60_r0.40_y+0.000,flat,0.2425,-0.024229396950332154,0.0,0.053686680870208996,0.4457706030496678,-0.9340884147594013,0.0,0.6643427647292115,1.146242764703788,-18.94040138334229,18.94040138334229,0.0023639202400460905,0.0023639202400460905,0.004118930698219105,28.203524271247762,28.203524271247762,15.953023248355839,15.953023248355839,0.08810282795734192,0.08810282795734192,0.0,
ABOVE_THRESHOLD_NOMINAL_mu0.6_F60_r0.40_y+0.000,flat,0.24275,-0.024484729453985624,0.0,0.05387152984334633,0.44551527054601436,-1.0213300146138793,0.0,0.7393958925493501,1.2608811540625218,-18.818462821854084,18.818462821854084,0.0023432270508609897,0.0023432270508609897,0.004094858072379405,27.96654595588163,27.96654595588163,10.395520793967442,10.395520793967442,0.03621138388536244,0.03621138388536244,0.0,
ABOVE_THRESHOLD_NOMINAL_mu0.6_F60_r0.40_y+0.000,flat,0.243,-0.024720020459312562,0.0,0.05403895620056103,0.44527997954068743,-0.9411640213077599,0.0,0.6697054288588032,1.1551169102939958,-19.03119241814962,19.03119241814962,0.0023198407291460453,0.0023198407291460453,0.004067567027440919,27.66716374662776,27.66716374662776,15.535795260571708,15.535795260571708,0.08518679487720647,0.08518679487720647,0.0,
ABOVE_THRESHOLD_NOMINAL_mu0.6_F60_r0.40_y+0.000,flat,0.24325,-0.02497596807509457,0.0,0.054224642691154935,0.4450240319249054,-1.0237904631280386,0.0,0.7427459623756194,1.26483930877294,-18.91684019487062,18.91684019487062,0.0022978415985824155,0.0022978415985824155,0.004041810958734817,27.414628193074122,27.414628193074122,9.737422912612523,9.737422912612523,0.034035795710257666,0.034035795710257666,0.0,
ABOVE_THRESHOLD_NOMINAL_mu0.6_F60_r0.40_y+0.000,flat,0.2435,-0.02521305522286459,0.0,0.054393412740972064,0.4447869447771354,-0.9483485910800751,0.0,0.6750801992685217,1.1640869063983112,-19.122196068244328,19.122196068244328,0.002273131280810826,0.002273131280810826,0.004012782471717443,27.09966779953274,27.09966779953274,15.08161913597107,15.08161913597107,0.08202420885832683,0.08202420885832683,0.0,
ABOVE_THRESHOLD_NOMINAL_mu0.6_F60_r0.40_y+0.000,flat,0.24375,-0.02546958017802071,0.0,0.05457991923866995,0.4445304198219793,-1.0260998206244936,0.0,0.7460259907915472,1.2686353379999027,-19.01568839254207,19.01568839254207,0.002249813405739402,0.002249813405739402,0.003985293146516468,26.83131757277349,26.83131757277349,9.066941200281113,9.066941200281113,0.03187583704824578,0.03187583704824578,0.0,
ABOVE_THRESHOLD_NOMINAL_mu0.6_F60_r0.40_y+0.000,flat,0.244,-0.025708493802180304,0.0,0.05475003625418311,0.44429150619781965,-0.9556544966383639,0.0,0.6804680620526211,1.1731633732855686,-19.21310877966832,19.21310877966832,0.0022237826733537904,0.0022237826733537904,0.003954493204525717,26.50096921384285,26.50096921384285,14.58719886591852,14.58719886591852,0.07861799915981534,0.07861799915981534,0.0,
ABOVE_THRESHOLD_NOMINAL_mu0.6_F60_r0.40_y+0.000,flat,0.24425,-0.025965554397084933,0.0,0.054937342118571035,0.44403444560291505,-1.0282423796185214,0.0,0.749223457551699,1.2722492604003675,-19.114747472664565,19.114747472664565,0.002199134171188011,0.002199134171188011,0.003925217774304216,26.216553992882865,26.216553992882865,8.383807362541798,8.383807362541798,0.029715220616514885,0.029715220616514885,0.0,
ABOVE_THRESHOLD_NOMINAL_mu0.6_F60_r0.40_y+0.000,flat,0.2445,-0.02620632840821128,0.0,0.05510881032497397,0.4437936715917887,-0.9630960445053945,0.0,0.6858728256117481,1.182360149808247,-19.303611618013804,19.303611618013804,0.0021717890302214733,0.0021717890302214733,0.0038926112096229443,25.87104273244043,25.87104273244043,14.048453244187666,14.048453244187666,0.07496750186436651,0.07496750186436651,0.0,
ABOVE_THRESHOLD_NOMINAL_mu0.6_F60_r0.40_y+0.000,flat,0.24475,-0.026463878669364407,0.0,0.05529689023347944,0.4435361213306356,-1.0302010446125076,0.0,0.7523196340218673,1.275656311102445,-19.213754566208515,19.213754566208515,0.0021457989785519387,0.0021457989785519387,0.0038614933831973832,25.570319267142104,25.570319267142104,7.68794105819649,7.68794105819649,0.02753855893999101,0.02753855893999101,0.0,
ABOVE_THRESHOLD_NOMINAL_mu0.6_F60_r0.40_y+0.000,flat,0.245,-0.026706551100624722,0.0,0.05546971607298936,0.4432934488993753,-0.9706897250412534,0.0,0.6913033580396852,1.1916957980699643,-19.39336819671425,19.39336819671425,0.002117148177044084,0.002117148177044084,0.0038270438830845283,25.209909330538096,25.209909330538096,13.460336987988123,13.460336987988123,0.0710684096135705,0.0710684096135705,0.0,
ABOVE_THRESHOLD_NOMINAL_mu0.6_F60_r0.40_y+0.000,flat,0.24525,-0.02696454089987278,0.0,0.05565853791162764,0.4430354591001272,-1.0319591969922275,0.0,0.7552873545531193,1.278827108019177,-19.31244382237885,19.31244382237885,0.002089806625280796,0.002089806625280796,0.003794023413302711,24.892640880887942,24.892640880887942,6.979803954071195,6.979803954071195,0.02533225699434911,0.02533225699434911,0.0,
ABOVE_THRESHOLD_NOMINAL_mu0.6_F60_r0.40_y+0.000,flat,0.2455,-0.027209154356266762,0.0,0.055832732128150646,0.4427908456437332,-0.9784538255759297,0.0,0.6967768660920274,1.20119519225861,-19.48202256212194,19.48202256212194,0.0020598620024648968,0.0020598620024648968,0.0037576935250963656,24.517640439839443,24.517640439839443,12.816635319553994,12.816635319553994,0.06691278200738844,0.06691278200738844,0.0,
ABOVE_THRESHOLD_NOMINAL_mu0.6_F60_r0.40_y+0.000,flat,0.24575,-0.02746753037516937,0.0,0.056022254140365456,0.4425324696248306,-1.0335040756104323,0.0,0.7580880488592365,1.2817285844228405,-19.41054521067503,19.41054521067503,0.002031159948941576,0.002031159948941576,0.0037227055645156063,24.183595699838623,24.183595699838623,6.2610828345833385,6.2610828345833385,0.02308670818179622,0.02308670818179622,0.0,
ABOVE_THRESHOLD_NOMINAL_mu0.6_F60_r0.40_y+0.000,flat,0.246,-0.02771413204807784,0.0,0.05619783503885538,0.44228586795192215,-0.9864066916338671,0.0,0.7023235939596949,1.210890825769414,-19.569197617618553,19.569197617618553,0.001999936795898171,0.001999936795898171,0.0036844566636938876,23.794361706877805,23.794361706877805,12.109770245851196,12.109770245851196,0.062489380756029674,0.062489380756029674,0.0,
ABOVE_THRESHOLD_NOMINAL_mu0.6_F60_r0.40_y+0.000,flat,0.24625,-0.027972840251438653,0.0,0.056388002093088745,0.4420271597485613,-1.0348328134432612,0.0,0.7606682169334495,1.2843267061116532,-19.50778061087701,19.50778061087701,0.0019698661338032426,0.0019698661338032426,0.003647430970444794,23.4433135086382,23.4433135086382,5.535993919246828,5.535993919246828,0.020801050122943008,0.020801050122943008,0.0,
ABOVE_THRESHOLD_NOMINAL_mu0.6_F60_r0.40_y+0.000,flat,0.2465,-0.02822148082258995,0.0,0.05656500037809102,0.44177851917741,-0.9945622846051927,0.0,0.7079931400091147,1.2208228472055502,-19.654495636222613,19.654495636222613,0.0019373835138929026,0.0019373835138929026,0.003607223116050074,23.040255524311775,23.040255524311775,11.330729269410169,11.330729269410169,0.05778487829550259,0.05778487829550259,0.0,
ABOVE_THRESHOLD_NOMINAL_mu0.6_F60_r0.40_y+0.000,flat,0.24675,-0.02848047153737675,0.0,0.05675573944620097,0.4415195284626232,-1.0359628591471939,0.0,0.76295627243979,1.2865929112145953,-19.60385422322873,19.60385422322873,0.0019059369785181185,0.0019059369785181185,0.0035680831207762606,22.671980342682147,22.671980342682147,4.8137558883821105,4.8137558883821105,0.018493024718186077,0.018493024718186077,0.0,
ABOVE_THRESHOLD_NOMINAL_mu0.6_F60_r0.40_y+0.000,flat,0.247,-0.02873120170720047,0.0,0.05693420488454622,0.4412687982927995,-1.0029206792948702,0.0,0.7138617533810077,1.2310355364072518,-19.737504425900607,19.737504425900607,0.001872217893532867,0.001872217893532867,0.0035258746352493948,22.25556102765681,22.25556102765681,10.469397630333223,10.469397630333223,0.052787082048693514,0.052787082048693514,0.0,
ABOVE_THRESHOLD_NOMINAL_mu0.6_F60_r0.40_y+0.000,flat,0.24725,-0.028990438949941882,0.0,0.05712542049819051,0.44100956105005806,-1.036948970965653,0.0,0.7648624545771641,1.2885176532778009,-19.698432167566985,19.698432167566985,0.0018393891148980556,0.0018393891148980556,0.0034845364641382464,21.86984191472183,21.86984191472183,4.113177686716817,4.113177686716817,0.016218829518027934,0.016218829518027934,0.0,
ABOVE_THRESHOLD_NOMINAL_mu0.6_F60_r0.40_y+0.000,flat,0.2475,-0.02924330144620701,0.0,0.05730542986719762,0.44075669855379296,-1.0114499850605203,0.0,0.7200374760284132,1.2415655597528044,-19.817816394227645,19.817816394227645,0.0018044602900309894,0.0018044602900309894,0.003440282912060535,21.44056954476646,21.44056954476646,9.515948648029765,9.515948648029765,0.04749250311888461,0.04749250311888461,0.0,
ABOVE_THRESHOLD_NOMINAL_mu0.6_F60_r0.40_y+0.000,flat,0.24775,-0.029502778491918433,0.0,0.05749700189489682,0.4404972215080815,-1.0379081828456806,0.0,0.7662881107968148,1.2901359869279572,-19.79110388116609,19.79110388116609,0.0017702442089254718,0.0017702442089254718,0.003396654656993499,21.03720832621215,21.03720832621215,3.4704678299354654,3.4704678299354654,0.014110367338850325,0.014110367338850325,0.0,
ABOVE_THRESHOLD_NOMINAL_mu0.6_F60_r0.40_y+0.000,flat,0.248,-0.02975779257322201,0.0,0.057678665420043435,0.44024220742677794,-1.020056325214301,0.0,0.7266541005864553,1.2524141042438057,-19.895072801722886,19.895072801722886,0.001734135096902469,0.001734135096902469,0.0033503066354362582,20.595613090881145,20.595613090881145,8.464680245492465,8.464680245492465,0.041922815224357854,0.041922815224357854,0.0,
ABOVE_THRESHOLD_NOMINAL_mu0.6_F60_r0.40_y+0.000,flat,0.24825,-0.03001755482410064,0.0,0.057870454485110315,0.43998244517589935,-1.039049003514522,0.0,0.7671562602675286,1.2915694171712881,-19.881319273075583,19.881319273075583,0.0016985292813945906,0.0016985292813945906,0.003304288541195108,20.174463014925344,20.174463014925344,2.948556572477047,2.948556572477047,0.012429255849057099,0.012429255849057099,0.0,
ABOVE_THRESHOLD_NOMINAL_mu0.6_F60_r0.40_y+0.000,flat,0.2485,-0.030274691035035675,0.0,0.05805391312496216,0.4397253089649643,-1.0285448437401337,0.0,0.7338345594073762,1.263494224824567,-19.969046687279928,19.969046687279928,0.0016612697171332548,0.0016612697171332548,0.003255787398087725,19.72104514460023,19.72104514460023,7.32281020708659,7.32281020708659,0.036158251440138886,0.036158251440138886,0.0,
ABOVE_THRESHOLD_NOMINAL_mu0.6_F60_r0.40_y+0.000,flat,0.24875,-0.030534862483529462,0.0,0.05824578280891773,0.43946513751647054,-1.0406857939751473,0.0,0.767478735822271,1.2930779294849302,-19.968311589448014,19.968311589448014,0.001624277469080082,0.001624277469080082,0.0032072741620413465,19.282081018199136,19.282081018199136,2.6312937664475857,2.6312937664475857,0.011574334026316526,0.011574334026316526,0.0,
ABOVE_THRESHOLD_NOMINAL_mu0.6_F60_r0.40_y+0.000,flat,0.249,-0.030794011733666398,0.0,0.058431182024472214,0.43920598826633356,-1.0365970005477445,0.0,0.7415968622179561,1.2745584520123425,-20.039756449713845,20.039756449713845,0.0015858935425806476,0.0015858935425806476,0.003156544813251541,18.817220829209866,18.817220829209866,6.127258395268052,6.127258395268052,0.030398712700778853,0.030398712700778853,0.0,
ABOVE_THRESHOLD_NOMINAL_mu0.6_F60_r0.40_y+0.000,flat,0.24925,-0.031054809612214837,0.0,0.058623046805852536,0.4389451903877851,-1.0431915141937518,0.0,0.7674591255212829,1.2950837983048606,-20.051064891169844,20.051064891169844,0.0015475296645970401,0.0015475296645970401,0.003105431309745074,18.360660293927516,18.360660293927516,2.565189239379215,2.565189239379215,0.011860139943517105,0.011860139943517105,0.0,
ABOVE_THRESHOLD_NOMINAL_mu0.6_F60_r0.40_y+0.000,flat,0.2495,-0.031315766986853684,0.0,0.058810472971238884,0.4386842330131463,-1.0438294985553969,0.0,0.7497046615453894,1.2851603408124987,-20.107525629203966,20.107525629203966,0.0015080385593615653,0.0015080385593615653,0.0030523727635968665,17.884502996531086,17.884502996531086,4.9675898742574125,4.9675898742574125,0.025051857560063534,0.025051857560063534,0.0,
ABOVE_THRESHOLD_NOMINAL_mu0.6_F60_r0.40_y+0.000,flat,0.24975,-0.03157747489720025,0.0,0.059002364240473615,0.4384225251027997,-1.0468316413862817,0.0,0.7675650769389329,1.2980803645166838,-20.12845684667798,20.12845684667798,0.0014683370514599343,0.0014683370514599343,0.0029985625364259117,17.410956219073856,17.410956219073856,2.680570903892759,2.680570903892759,0.013123165012843142,0.013123165012843142,0.0,
ABOVE_THRESHOLD_NOMINAL_mu0.6_F60_r0.40_y+0.000,flat,0.25,-0.03183997472265594,0.0,0.05919175954022771,0.43816002527734405,-1.0499993018227491,0.0,0.7575811990164057,1.2947694029947556,-20.17280141133467,20.17280141133467,0.0014277444790471942,0.0014277444790471942,0.002943040680056779,16.9233429471344,16.9233429471344,3.991615924885471,3.991615924885471,0.020773512283328105,0.020773512283328105,0.0,
ABOVE_THRESHOLD_NOMINAL_mu0.6_F60_r0.40_y+0.000,flat,0.25025000000000003,-0.032102854991424776,0.0,0.05938386286973625,0.4378971450085752,-1.051521075075338,0.0,0.7684133180341416,1.3023653860034188,-20.199665006234,20.199665006234,0.0013867633727282574,0.0013867633727282574,0.002886450941243525,16.433885311302042,16.433885311302042,2.8267026944196076,2.8267026944196076,0.014746945025690506,0.014746945025690506,0.0,
ABOVE_THRESHOLD_NOMINAL_mu0.6_F60_r0.40_y+0.000,flat,0.2505,-0.032366665873575395,0.0,0.059574992985391116,0.4376333341264246,-1.0552435286024908,0.0,0.7645204626194734,1.3030849712974706,-20.235663191350724,20.235663191350724,0.0013450696456284105,0.0013450696456284105,0.002828302040572117,15.93445730354152,15.93445730354152,3.3358125718135008,3.3358125718135008,0.018210092554241077,0.018210092554241077,0.0,
ABOVE_THRESHOLD_NOMINAL_mu0.6_F60_r0.40_y+0.000,flat,0.25075000000000003,-0.03263085689438191,0.0,0.05976759327328118,0.4373691431056181,-1.0567640832260663,0.0,0.7704011515602595,1.3077722515491763,-20.26457144355335,20.26457144355335,0.0013028859494293764,0.0013028859494293764,0.0027688549540787104,15.430482613519946,15.430482613519946,2.8874579335909236,2.8874579335909236,0.01613122731825186,0.01613122731825186,0.0,
ABOVE_THRESHOLD_NOMINAL_mu0.6_F60_r0.40_y+0.000,flat,0.251,-0.032895860427704336,0.0,0.05996013611245414,0.43710413957229566,-1.0600141332897028,0.0,0.7701713566918151,1.3102648134794856,-20.295472095454834,20.295472095454834,0.0012601017637905395,0.0012601017637905395,0.002707902470577848,14.918996444156136,14.918996444156136,2.9892270494771167,2.9892270494771167,0.017362794970289815,0.017362794970289815,0.0,
ABOVE_THRESHOLD_NOMINAL_mu0.6_F60_r0.40_y+0.000,flat,0.25125000000000003,-0.03316135644577918,0.0,0.06015348719070929,0.4368386435542208,-1.0619840722993692,0.0,0.7734043130205955,1.3137596436245145,-20.32362120058567,20.32362120058567,0.0012167982702678021,0.0012167982702678021,0.0026455034240192798,14.401898907703513,14.401898907703513,2.839296566153948,2.839296566153948,0.017061719349425297,0.017061719349425297,0.0,
ABOVE_THRESHOLD_NOMINAL_mu0.6_F60_r0.40_y+0.000,flat,0.2515,-0.033427524693080066,0.0,0.060347173973622915,0.4365724753069199,-1.0646729892035447,0.0,0.7747471316545188,1.3167238480207288,-20.351195783616106,20.351195783616106,0.0011729592386659302,0.0011729592386659302,0.002581573844792166,13.87853718978514,13.87853718978514,2.8015770904597144,2.8015770904597144,0.017503634449930593,0.017503634449930593,0.0,
ABOVE_THRESHOLD_NOMINAL_mu0.6_F60_r0.40_y+0.000,flat,0.25175000000000003,-0.033694250132662605,0.0,0.06054140744968187,0.4363057498673374,-1.066901758330149,0.0,0.7769339042358152,1.3198127342464425,-20.377210740082923,20.377210740082923,0.0011286171816337843,0.0011286171816337843,0.002516095053037303,13.349526612586262,13.349526612586262,2.720570140826062,2.720570140826062,0.017685336430585875,0.017685336430585875,0.0,
ABOVE_THRESHOLD_NOMINAL_mu0.6_F60_r0.40_y+0.000,flat,0.252,-0.033961568858763884,0.0,0.06073607971544803,0.4360384311412361,-1.0692749044051035,0.0,0.778689063064652,1.3227643320437126,-20.401986115779536,20.401986115779536,0.0010837862651911266,0.0010837862651911266,0.002449016441549175,12.814954578480185,12.814954578480185,2.6480824670451257,2.6480824670451257,0.01795380809076315,0.01795380809076315,0.0,
ABOVE_THRESHOLD_NOMINAL_mu0.6_F60_r0.40_y+0.000,flat,0.25225000000000003,-0.03422944766165848,0.0,0.060931214820192516,0.4357705523383415,-1.0715152115783861,0.0,0.7805404189779415,1.3256651893680147,-20.425356430336784,20.425356430336784,0.0010384904509499646,0.0010384904509499646,0.0023802958742354034,12.275150753775842,12.275150753775842,2.568249562049452,2.568249562049452,0.018198480601431522,0.018198480601431522,0.0,
ABOVE_THRESHOLD_NOMINAL_mu0.6_F60_r0.40_y+0.000,flat,0.2525,-0.034497879494852154,0.0,0.061126787163545956,0.4355021205051478,-1.073727332774688,0.0,0.7822893734137661,1.3284829878111155,-20.44731871542039,20.44731871542039,0.0009927532191661029,0.0009927532191661029,0.0023098838452504608,11.730393141985628,11.730393141985628,2.484189816188853,2.484189816188853,0.01844083832899308,0.01844083832899308,0.0,
ABOVE_THRESHOLD_NOMINAL_mu0.6_F60_r0.40_y+0.000,flat,0.25275000000000003,-0.03476684769473212,0.0,0.06132278597841467,0.4352331523052678,-1.0758727995198702,0.0,0.783995259474864,1.3312215621848162,-20.467822851407384,20.467822851407384,0.0009466013329480659,0.0009466013329480659,0.0022377282603959995,11.181013839176117,11.181013839176117,2.3956024654054566,2.3956024654054566,0.018677548927205138,0.018677548927205138,0.0,
ABOVE_THRESHOLD_NOMINAL_mu0.6_F60_r0.40_y+0.000,flat,0.253,-0.035036337385043824,0.0,0.06151919543436101,0.43496366261495617,-1.077958761246812,0.0,0.7856378237853406,1.3338747621538265,-20.486832587701855,20.486832587701855,0.0009000640801480095,0.0009000640801480095,0.002163772310905162,10.627370631784672,10.627370631784672,2.302433031022799,2.302433031022799,0.018906673789926692,0.018906673789926692,0.0,
ABOVE_THRESHOLD_NOMINAL_mu0.6_F60_r0.40_y+0.000,flat,0.25325000000000003,-0.035306332430738184,0.0,0.061715999709752445,0.4346936675692618,-1.0799801827774398,0.0,0.7872171015657426,1.3364385358816773,-20.504310195123146,20.504310195123146,0.0008531739008603619,0.0008531739008603619,0.0020879542572239574,10.069859936742523,10.069859936742523,2.2048194917916835,2.2048194917916835,0.019127536660438007,0.019127536660438007,0.0,
ABOVE_THRESHOLD_NOMINAL_mu0.6_F60_r0.40_y+0.000,flat,0.2535,-0.0355768160670815,0.0,0.06191318182380018,0.43442318393291846,-1.0819345453732496,0.0,0.788728456190939,1.3389081141278376,-20.52022022896511,20.52022022896511,0.0008059667396330502,0.0008059667396330502,0.0020102065577373793,9.508919592394479,9.508919592394479,2.102840283280724,2.102840283280724,0.019338555263648843,0.019338555263648843,0.0,
ABOVE_THRESHOLD_NOMINAL_mu0.6_F60_r0.40_y+0.000,flat,0.25375000000000003,-0.035847770773259076,0.0,0.06211072370750819,0.4341522292267409,-1.083818824710306,0.0,0.7901675348320497,1.341278486332718,-20.53452918717662,20.53452918717662,0.0007584825605394338,0.0007584825605394338,0.00193045495354861,8.94503525758312,8.94503525758312,1.996623604312343,1.996623604312343,0.019538107928240598,0.019538107928240598,0.0,
ABOVE_THRESHOLD_NOMINAL_mu0.6_F60_r0.40_y+0.000,flat,0.254,-0.03611917825914018,0.0,0.06230860605449862,0.4338808217408598,-1.0856299435244186,0.0,0.7915293879617196,1.343544247981393,-20.547205987705937,20.547205987705937,0.0007107659569891685,0.0007107659569891685,0.0018486173208268379,8.37874757391551,8.37874757391551,1.886325796562119,1.886325796562119,0.01972425373310312,0.01972425373310312,0.0,
ABOVE_THRESHOLD_NOMINAL_mu0.6_F60_r0.40_y+0.000,flat,0.25425000000000003,-0.03639101943414994,0.0,0.06250680816096875,0.43360898056585,-1.087364700039036,0.0,0.7928084258804821,1.345699517365623,-20.558222407780143,20.558222407780143,0.0006628669054106333,0.0006628669054106333,0.0017646022556289664,7.810661092336834,7.810661092336834,1.7721419174548705,1.7721419174548705,0.019894723562169002,0.019894723562169002,0.0,
ABOVE_THRESHOLD_NOMINAL_mu0.6_F60_r0.40_y+0.000,flat,0.2545,-0.036663274370376676,0.0,0.06270530772285363,0.4333367256296233,-1.0890197449069277,0.0,0.793998247539521,1.3477378164513232,-20.567553626990335,20.567553626990335,0.0006148417046250317,0.0006148417046250317,0.0016783073021702192,7.241455384182682,7.241455384182682,1.6543127991836513,1.6543127991836513,0.020046857190256513,0.020046857190256513,0.0,
ABOVE_THRESHOLD_NOMINAL_mu0.6_F60_r0.40_y+0.000,flat,0.25475000000000003,-0.03693592225748316,0.0,0.06290408057906488,0.4330640777425168,-1.0905915484259519,0.0,0.7950914248450419,1.3496519178515007,-20.575178887205862,20.575178887205862,0.0005667541632063748,0.0005667541632063748,0.0015896167055041565,6.671899080777243,6.671899080777243,1.5331345491145651,1.5331345491145651,0.020177539417303027,0.020177539417303027,0.0,
ABOVE_THRESHOLD_NOMINAL_mu0.6_F60_r0.40_y+0.000,flat,0.255,-0.03720894134751362,0.0,0.06310310038428378,0.43279105865248635,-1.0920763601218295,0.0,0.7960792208756127,1.3514336470011639,-20.58108230373667,20.58108230373667,0.0005186771234920795,0.0005186771234920795,0.0014983985172643687,6.102867884781388,6.102867884781388,1.4089704671926344,1.4089704671926344,0.020283133252752356,0.020283133252752356,0.0,
ABOVE_THRESHOLD_NOMINAL_mu0.6_F60_r0.40_y+0.000,flat,0.25525000000000003,-0.03748230888741742,0.0,0.06330233818945756,0.43251769111258254,-1.0934701596152319,0.0,0.7969512206951143,1.3530736262806962,-20.585253872828183,20.585253872828183,0.0004706944520264392,0.0004706944520264392,0.0014045008028221975,5.535368080811967,5.535368080811967,1.2822660926653973,1.2822660926653973,0.020359418626749996,0.020359418626749996,0.0,
ABOVE_THRESHOLD_NOMINAL_mu0.6_F60_r0.40_y+0.000,flat,0.2555,-0.037756001036961785,0.0,0.06350176190114169,0.43224399896303817,-1.0947685981774562,0.0,0.7976948467365107,1.3545609443895161,-20.58769073623269,20.58769073623269,0.00042290369155345044,0.00042290369155345044,0.001307746569984041,4.970567840300442,4.970567840300442,1.153568212608966,1.153568212608966,0.020401553568929674,0.020401553568929674,0.0,
ABOVE_THRESHOLD_NOMINAL_mu0.6_F60_r0.40_y+0.000,flat,0.25575000000000003,-0.038029992769822926,0.0,0.06370133558187725,0.43197000723017703,-1.0959669314445504,0.0,0.7982947229422125,1.3558827307320378,-20.588398785149465,20.588398785149465,0.0003754196772146764,0.0003754196772146764,0.0012079268274001432,4.409839878150951,4.409839878150951,1.0235487971817838,1.0235487971817838,0.020404091303649993,0.020404091303649993,0.0,
ABOVE_THRESHOLD_NOMINAL_mu0.6_F60_r0.40_y+0.000,flat,0.256,-0.038304257756323574,0.0,0.06390101854290632,0.4316957422436764,-1.0970599460025914,0.0,0.7987318441162821,1.3570236121485157,-20.587394715503905,20.587394715503905,0.0003283796039666645,0.0003283796039666645,0.0011047908160219536,3.854821181990338,3.854821181990338,0.8930348591825844,0.8930348591825844,0.020361117510855592,0.020361117510855592,0.0,
ABOVE_THRESHOLD_NOMINAL_mu0.6_F60_r0.40_y+0.000,flat,0.25625,-0.038578768228081775,0.0,0.06410076416868506,0.4314212317719182,-1.0980418870328126,0.0,0.7989825031149151,1.3579650312001246,-20.58470868725884,20.58470868725884,0.0002819503639141984,0.0002819503639141984,0.000998031798132949,3.307499424219085,3.307499424219085,0.7630450000292849,0.7630450000292849,0.02026662929330983,0.02026662929330983,0.0,
ABOVE_THRESHOLD_NOMINAL_mu0.6_F60_r0.40_y+0.000,flat,0.2565,-0.038853494828841595,0.0,0.06430051840345184,0.4311465051711584,-1.098906403039273,0.0,0.7990169390671247,1.358684419413467,-20.580387795786304,20.580387795786304,0.0002363396047266307,0.0002363396047266307,0.000887265528179473,2.770343078454704,2.770343078454704,0.6348325805798609,0.6348325805798609,0.020115383372370642,0.020115383372370642,0.0,
ABOVE_THRESHOLD_NOMINAL_mu0.6_F60_r0.40_y+0.000,flat,0.25675,-0.0391284064642239,0.0,0.06450021783399122,0.4308715935357761,-1.0996465415292085,0.0,0.7987977221574981,1.3591542654243325,-20.574500637251443,20.574500637251443,0.00019181325593382422,0.00019181325593382422,0.0007719959412838348,2.2465074323645933,2.2465074323645933,0.509933565480446,0.509933565480446,0.01990463428347232,0.01990463428347232,0.0,
ABOVE_THRESHOLD_NOMINAL_mu0.6_F60_r0.40_y+0.000,flat,0.257,-0.039403470181170526,0.0,0.06469978734807674,0.43059652981882945,-1.1002548677865067,0.0,0.7982780563420818,1.3593412482983054,-20.5671433470013,20.5671433470013,0.00014872517640554119,0.00014872517640554119,0.000651556778474596,1.740182690156463,1.740182690156463,0.3902139897570117,0.3902139897570117,0.019637522949093857,0.019637522949093857,0.0,
ABOVE_THRESHOLD_NOMINAL_mu0.6_F60_r0.40_y+0.000,flat,0.25725,-0.03967865114858151,0.0,0.06489913751239368,0.4303213488514185,-1.100723869643933,0.0,0.7974006572677526,1.359205961366767,-20.558447622090352,20.558447622090352,0.00010757192661710285,0.00010757192661710285,0.0005250031431097987,1.2572362533505812,1.2572362533505812,0.2779110993576633,0.2779110993576633,0.019329418734385272,0.019329418734385272,0.0,
ABOVE_THRESHOLD_NOMINAL_mu0.6_F60_r0.40_y+0.000,flat,0.2575,-0.03995391291386484,0.0,0.06509816232379138,0.4300460870861351,-1.1010470611333063,0.0,0.7960992455908296,1.3587047654514863,-20.548591486492107,20.548591486492107,6.910765441860508e-05,6.910765441860508e-05,0.0003908829321245181,0.8065578617940371,0.8065578617940371,0.17568779551326766,0.17568779551326766,0.019019164139917315,0.019019164139917315,0.0,
ABOVE_THRESHOLD_NOMINAL_mu0.6_F60_r0.40_y+0.000,flat,0.25775,-0.04022921842868708,0.0,0.06529673963205918,0.4297707815713129,-1.1012220592889854,0.0,0.7943092330711676,1.3577986528225678,-20.537814567207715,20.537814567207715,3.4639401792713716e-05,3.4639401792713716e-05,0.00024664720272463033,0.4035104947355752,0.4035104947355752,0.08691674901004277,0.08691674901004277,0.018787013436479313,0.018787013436479313,0.0,
ABOVE_THRESHOLD_NOMINAL_mu0.6_F60_r0.40_y+0.000,flat,0.258,-0.04050453380459821,0.0,0.06549474360604146,0.42949546619540174,-1.1012615036445015,0.0,0.7920158959291511,1.3564903533802974,-20.52644863266309,20.52644863266309,7.17576750741e-06,7.17576750741e-06,8.635248600873085e-05,0.0833155318755444,0.0833155318755444,0.01793686907154973,0.01793686907154973,0.01877620056889591,0.01877620056889591,0.0,
ABOVE_THRESHOLD_NOMINAL_mu0.6_F60_r0.40_y+0.000,flat,0.25825,-0.04077984918050934,0.0,0.06569213466439874,0.4292201508194906,-1.1012615036445015,0.0,0.7895642334291512,1.355060359585473,-20.515074560826758,20.515074560826758,0.0,0.0,0.0,0.0,0.0,0.0,0.0,0.0,0.0,0.0,
ABOVE_THRESHOLD_NOMINAL_mu0.6_F60_r0.40_y+0.000,flat,0.2585,-0.04105516455642046,0.0,0.06588891280713104,0.42894483544357953,-1.1012615036445015,0.0,0.7871125709291512,1.3536332955139831,-20.50385962393994,20.50385962393994,0.0,0.0,0.0,0.0,0.0,0.0,0.0,0.0,0.0,0.0,
ABOVE_THRESHOLD_NOMINAL_mu0.6_F60_r0.40_y+0.000,flat,0.25875,-0.04133047993233159,0.0,0.06608507803423833,0.4286695200676684,-1.1012615036445015,0.0,0.7846609084291513,1.3522091704415442,-20.49280159554122,20.49280159554122,0.0,0.0,0.0,0.0,0.0,0.0,0.0,0.0,0.0,0.0,
ABOVE_THRESHOLD_NOMINAL_mu0.6_F60_r0.40_y+0.000,flat,0.259,-0.04160579530824272,0.0,0.06628063034572061,0.42839420469175726,-1.1012615036445015,0.0,0.7822092459291513,1.3507879936638465,-20.48189828031965,20.48189828031965,0.0,0.0,0.0,0.0,0.0,0.0,0.0,0.0,0.0,0.0,
ABOVE_THRESHOLD_NOMINAL_mu0.6_F60_r0.40_y+0.000,flat,0.25925,-0.041881110684153844,0.0,0.0664755697415779,0.42811888931584613,-1.1012615036445015,0.0,0.7797575834291514,1.3493697744964568,-20.471147513678954,20.471147513678954,0.0,0.0,0.0,0.0,0.0,0.0,0.0,0.0,0.0,0.0,
ABOVE_THRESHOLD_NOMINAL_mu0.6_F60_r0.40_y+0.000,flat,0.2595,-0.04215642606006497,0.0,0.06666989622181019,0.427843573939935,-1.1012615036445015,0.0,0.7773059209291514,1.3479545222747185,-20.460547161307765,20.460547161307765,0.0,0.0,0.0,0.0,0.0,0.0,0.0,0.0,0.0,0.0,
ABOVE_THRESHOLD_NOMINAL_mu0.6_F60_r0.40_y+0.000,flat,0.25975,-0.0424317414359761,0.0,0.06686360978641748,0.42756825856402386,-1.1012615036445015,0.0,0.7748542584291515,1.3465422463536518,-20.45009511875594,20.45009511875594,0.0,0.0,0.0,0.0,0.0,0.0,0.0,0.0,0.0,0.0,
ABOVE_THRESHOLD_NOMINAL_mu0.6_F60_r0.40_y+0.000,flat,0.26,-0.042707056811887224,0.0,0.06705671043539976,0.42729294318811273,-1.1012615036445015,0.0,0.7724025959291515,1.345132956107849,-20.439789311016742,20.439789311016742,0.0,0.0,0.0,0.0,0.0,0.0,0.0,0.0,0.0,0.0,
ABOVE_THRESHOLD_NOMINAL_mu0.6_F60_r0.40_y+0.000,flat,0.26025,-0.04298237218779835,0.0,0.06724919816875705,0.42701762781220165,-1.1012615036445015,0.0,0.7699509334291516,1.3437266609313705,-20.42962769211492,20.42962769211492,0.0,0.0,0.0,0.0,0.0,0.0,0.0,0.0,0.0,0.0,
ABOVE_THRESHOLD_NOMINAL_mu0.6_F60_r0.40_y+0.000,flat,0.2605,-0.04325768756370948,0.0,0.06744107298648934,0.4267423124362905,-1.1012615036445015,0.0,0.7674992709291516,1.3423233702376367,-20.419608244700513,20.419608244700513,0.0,0.0,0.0,0.0,0.0,0.0,0.0,0.0,0.0,0.0,
ABOVE_THRESHOLD_NOMINAL_mu0.6_F60_r0.40_y+0.000,flat,0.26075,-0.043533002939620605,0.0,0.06763233488859663,0.4264669970603794,-1.1012615036445015,0.0,0.7650476084291516,1.3409230934593204,-20.40972897964836,20.40972897964836,0.0,0.0,0.0,0.0,0.0,0.0,0.0,0.0,0.0,0.0,
ABOVE_THRESHOLD_NOMINAL_mu0.6_F60_r0.40_y+0.000,flat,0.261,-0.04380831831553173,0.0,0.06782298387507892,0.42619168168446825,-1.1012615036445015,0.0,0.7625959459291517,1.3395258400482337,-20.399987935663205,20.399987935663205,0.0,0.0,0.0,0.0,0.0,0.0,0.0,0.0,0.0,0.0,
ABOVE_THRESHOLD_NOMINAL_mu0.6_F60_r0.40_y+0.000,flat,0.26125,-0.04408363369144286,0.0,0.0680130199459362,0.4259163663085571,-1.1012615036445015,0.0,0.7601442834291517,1.338131619475217,-20.39038317889033,20.39038317889033,0.0,0.0,0.0,0.0,0.0,0.0,0.0,0.0,0.0,0.0,
ABOVE_THRESHOLD_NOMINAL_mu0.6_F60_r0.40_y+0.000,flat,0.2615,-0.044358949067353985,0.0,0.06820244310116849,0.425641050932646,-1.1012615036445015,0.0,0.7576926209291518,1.3367404412300226,-20.380912802531622,20.380912802531622,0.0,0.0,0.0,0.0,0.0,0.0,0.0,0.0,0.0,0.0,
ABOVE_THRESHOLD_NOMINAL_mu0.6_F60_r0.40_y+0.000,flat,0.26175,-0.04463426444326511,0.0,0.06839125334077578,0.42536573555673485,-1.1012615036445015,0.0,0.7552409584291518,1.335352314821198,-20.37157492646704,20.37157492646704,0.0,0.0,0.0,0.0,0.0,0.0,0.0,0.0,0.0,0.0,
ABOVE_THRESHOLD_NOMINAL_mu0.6_F60_r0.40_y+0.000,flat,0.262,-0.04490957981917624,0.0,0.06857945066475807,0.4250904201808237,-1.1012615036445015,0.0,0.7527892959291519,1.333967249775967,-20.362367696881357,20.362367696881357,0.0,0.0,0.0,0.0,0.0,0.0,0.0,0.0,0.0,0.0,
ABOVE_THRESHOLD_NOMINAL_mu0.6_F60_r0.40_y+0.000,flat,0.26225,-0.045184895195087366,0.0,0.06876703507311535,0.4248151048049126,-1.1012615036445015,0.0,0.7503376334291519,1.3325852556401068,-20.353289285896118,20.353289285896118,0.0,0.0,0.0,0.0,0.0,0.0,0.0,0.0,0.0,0.0,
ABOVE_THRESHOLD_NOMINAL_mu0.6_F60_r0.40_y+0.000,flat,0.2625,-0.04546021057099849,0.0,0.06895400656584764,0.4245397894290015,-1.1012615036445015,0.0,0.747885970929152,1.3312063419778277,-20.344337891206766,20.344337891206766,0.0,0.0,0.0,0.0,0.0,0.0,0.0,0.0,0.0,0.0,
ABOVE_THRESHOLD_NOMINAL_mu0.6_F60_r0.40_y+0.000,flat,0.26275,-0.04573552594690962,0.0,0.06914036514295493,0.42426447405309037,-1.1012615036445015,0.0,0.745434308429152,1.3298305183716446,-20.33551173572484,20.33551173572484,0.0,0.0,0.0,0.0,0.0,0.0,0.0,0.0,0.0,0.0,
ABOVE_THRESHOLD_NOMINAL_mu0.6_F60_r0.40_y+0.000,flat,0.263,-0.046010841322820746,0.0,0.06932611080443722,0.42398915867717923,-1.1012615036445015,0.0,0.7429826459291521,1.328457794422251,-20.32680906722517,20.32680906722517,0.0,0.0,0.0,0.0,0.0,0.0,0.0,0.0,0.0,0.0,
ABOVE_THRESHOLD_NOMINAL_mu0.6_F60_r0.40_y+0.000,flat,0.26325,-0.04628615669873187,0.0,0.0695112435502945,0.4237138433012681,-1.1012615036445015,0.0,0.7405309834291521,1.3270881797483902,-20.318228157998018,20.318228157998018,0.0,0.0,0.0,0.0,0.0,0.0,0.0,0.0,0.0,0.0,
ABOVE_THRESHOLD_NOMINAL_mu0.6_F60_r0.40_y+0.000,flat,0.2635,-0.046561472074643,0.0,0.0696957633805268,0.42343852792535697,-1.1012615036445015,0.0,0.7380793209291522,1.3257216839867207,-20.309767304506078,20.309767304506078,0.0,0.0,0.0,0.0,0.0,0.0,0.0,0.0,0.0,0.0,
ABOVE_THRESHOLD_NOMINAL_mu0.6_F60_r0.40_y+0.000,flat,0.26375,-0.046836787450554127,0.0,0.06987967029513409,0.42316321254944583,-1.1012615036445015,0.0,0.7356276584291522,1.3243583167916853,-20.30142482704628,20.30142482704628,0.0,0.0,0.0,0.0,0.0,0.0,0.0,0.0,0.0,0.0,
ABOVE_THRESHOLD_NOMINAL_mu0.6_F60_r0.40_y+0.000,flat,0.264,-0.04711210282646525,0.0,0.07006296429411638,0.4228878971735347,-1.1012615036445015,0.0,0.7331759959291523,1.3229980878353729,-20.29319906941633,20.29319906941633,0.0,0.0,0.0,0.0,0.0,0.0,0.0,0.0,0.0,0.0,
ABOVE_THRESHOLD_NOMINAL_mu0.6_F60_r0.40_y+0.000,flat,0.26425,-0.04738741820237638,0.0,0.07024564537747366,0.4226125817976236,-1.1012615036445015,0.0,0.7307243334291523,1.321641006807381,-20.2850883985859,20.2850883985859,0.0,0.0,0.0,0.0,0.0,0.0,0.0,0.0,0.0,0.0,
ABOVE_THRESHOLD_NOMINAL_mu0.6_F60_r0.40_y+0.000,flat,0.2645,-0.04766273357828751,0.0,0.07042771354520595,0.4223372664217125,-1.1012615036445015,0.0,0.7282726709291524,1.3202870834146754,-20.27709120437244,20.27709120437244,0.0,0.0,0.0,0.0,0.0,0.0,0.0,0.0,0.0,0.0,
ABOVE_THRESHOLD_NOMINAL_mu0.6_F60_r0.40_y+0.000,flat,0.26475,-0.047938048954198634,0.0,0.07060916879731324,0.42206195104580135,-1.1012615036445015,0.0,0.7258210084291524,1.3189363273814472,-20.269205899121502,20.269205899121502,0.0,0.0,0.0,0.0,0.0,0.0,0.0,0.0,0.0,0.0,
ABOVE_THRESHOLD_NOMINAL_mu0.6_F60_r0.40_y+0.000,flat,0.265,-0.04821336433010976,0.0,0.07079001113379553,0.4217866356698902,-1.1012615036445015,0.0,0.7233693459291525,1.3175887484489681,-20.261430917391557,20.261430917391557,0.0,0.0,0.0,0.0,0.0,0.0,0.0,0.0,0.0,0.0,
ABOVE_THRESHOLD_NOMINAL_mu0.6_F60_r0.40_y+0.000,flat,0.26525,-0.04848867970602089,0.0,0.07097024055465281,0.4215113202939791,-1.1012615036445015,0.0,0.7209176834291525,1.316244356375443,-20.253764715643214,20.253764715643214,0.0,0.0,0.0,0.0,0.0,0.0,0.0,0.0,0.0,0.0,
ABOVE_THRESHOLD_NOMINAL_mu0.6_F60_r0.40_y+0.000,flat,0.2655,-0.048763995081932014,0.0,0.07114985705988511,0.42123600491806795,-1.1012615036445015,0.0,0.7184660209291526,1.3149031609358608,-20.24620577193278,20.24620577193278,0.0,0.0,0.0,0.0,0.0,0.0,0.0,0.0,0.0,0.0,
ABOVE_THRESHOLD_NOMINAL_mu0.6_F60_r0.40_y+0.000,flat,0.26575,-0.04903931045784314,0.0,0.0713288606494924,0.4209606895421568,-1.1012615036445015,0.0,0.7160143584291526,1.3135651719218424,-20.23875258561012,20.23875258561012,0.0,0.0,0.0,0.0,0.0,0.0,0.0,0.0,0.0,0.0,
ABOVE_THRESHOLD_NOMINAL_mu0.6_F60_r0.40_y+0.000,flat,0.266,-0.04931462583375427,0.0,0.07150725132347469,0.4206853741662457,-1.1012615036445015,0.0,0.7135626959291527,1.3122303991414879,-20.231403677020733,20.231403677020733,0.0,0.0,0.0,0.0,0.0,0.0,0.0,0.0,0.0,0.0,
ABOVE_THRESHOLD_NOMINAL_mu0.6_F60_r0.40_y+0.000,flat,0.26625,-0.049589941209665395,0.0,0.07168502908183197,0.42041005879033455,-1.1012615036445015,0.0,0.7111110334291527,1.310898852419219,-20.22415758721201,20.22415758721201,0.0,0.0,0.0,0.0,0.0,0.0,0.0,0.0,0.0,0.0,
ABOVE_THRESHOLD_NOMINAL_mu0.6_F60_r0.40_y+0.000,flat,0.2665,-0.04986525658557652,0.0,0.07186219392456426,0.4201347434144235,-1.1012615036445015,0.0,0.7086593709291528,1.309570541595622,-20.21701287764358,20.21701287764358,0.0,0.0,0.0,0.0,0.0,0.0,0.0,0.0,0.0,0.0,
ABOVE_THRESHOLD_NOMINAL_mu0.6_F60_r0.40_y+0.000,flat,0.26675,-0.05014057196148765,0.0,0.07203874585167155,0.41985942803851234,-1.1012615036445015,0.0,0.7062077084291528,1.3082454765272853,-20.209968129901736,20.209968129901736,0.0,0.0,0.0,0.0,0.0,0.0,0.0,0.0,0.0,0.0,
ABOVE_THRESHOLD_NOMINAL_mu0.6_F60_r0.40_y+0.000,flat,0.267,-0.050415887337398775,0.0,0.07221468486315384,0.4195841126626012,-1.1012615036445015,0.0,0.7037560459291529,1.3069236670866375,-20.203021945417834,20.203021945417834,0.0,0.0,0.0,0.0,0.0,0.0,0.0,0.0,0.0,0.0,
ABOVE_THRESHOLD_NOMINAL_mu0.6_F60_r0.40_y+0.000,flat,0.26725,-0.0506912027133099,0.0,0.07239001095901113,0.41930879728669007,-1.1012615036445015,0.0,0.7013043834291529,1.3056051231617822,-20.196172945190643,20.196172945190643,0.0,0.0,0.0,0.0,0.0,0.0,0.0,0.0,0.0,0.0,
ABOVE_THRESHOLD_NOMINAL_mu0.6_F60_r0.40_y+0.000,flat,0.2675,-0.05096651808922103,0.0,0.07256472413924342,0.41903348191077894,-1.1012615036445015,0.0,0.698852720929153,1.3042898546563293,-20.189419769512572,20.189419769512572,0.0,0.0,0.0,0.0,0.0,0.0,0.0,0.0,0.0,0.0,
ABOVE_THRESHOLD_NOMINAL_mu0.6_F60_r0.40_y+0.000,flat,0.26775,-0.051241833465132156,0.0,0.07273882440385071,0.4187581665348678,-1.1012615036445015,0.0,0.696401058429153,1.3029778714892255,-20.182761077699737,20.182761077699737,0.0,0.0,0.0,0.0,0.0,0.0,0.0,0.0,0.0,0.0,
ABOVE_THRESHOLD_NOMINAL_mu0.6_F60_r0.40_y+0.000,flat,0.268,-0.05151714884104328,0.0,0.072912311752833,0.41848285115895667,-1.1012615036445015,0.0,0.6939493959291531,1.3016691835945817,-20.176195547825806,20.176195547825806,0.0,0.0,0.0,0.0,0.0,0.0,0.0,0.0,0.0,0.0,
ABOVE_THRESHOLD_NOMINAL_mu0.6_F60_r0.40_y+0.000,flat,0.26825,-0.05179246421695441,0.0,0.07308518618619028,0.4182075357830456,-1.1012615036445015,0.0,0.6914977334291531,1.3003638009214977,-20.169721876459544,20.169721876459544,0.0,0.0,0.0,0.0,0.0,0.0,0.0,0.0,0.0,0.0,
ABOVE_THRESHOLD_NOMINAL_mu0.6_F60_r0.40_y+0.000,flat,0.2685,-0.052067779592865536,0.0,0.07325744770392258,0.41793222040713446,-1.1012615036445015,0.0,0.6890460709291532,1.2990617334338856,-20.163338778406068,20.163338778406068,0.0,0.0,0.0,0.0,0.0,0.0,0.0,0.0,0.0,0.0,
ABOVE_THRESHOLD_NOMINAL_mu0.6_F60_r0.40_y+0.000,flat,0.26875,-0.05234309496877666,0.0,0.07342909630602987,0.4176569050312233,-1.1012615036445015,0.0,0.6865944084291532,1.2977629911102901,-20.157044986451684,20.157044986451684,0.0,0.0,0.0,0.0,0.0,0.0,0.0,0.0,0.0,0.0,
ABOVE_THRESHOLD_NOMINAL_mu0.6_F60_r0.40_y+0.000,flat,0.269,-0.05261841034468779,0.0,0.07360013199251215,0.4173815896553122,-1.1012615036445015,0.0,0.6841427459291533,1.296467583943706,-20.15083925111232,20.15083925111232,0.0,0.0,0.0,0.0,0.0,0.0,0.0,0.0,0.0,0.0,
ABOVE_THRESHOLD_NOMINAL_mu0.6_F60_r0.40_y+0.000,flat,0.26925,-0.052893725720598916,0.0,0.07377055476336944,0.41710627427940106,-1.1012615036445015,0.0,0.6816910834291533,1.2951755219413936,-20.144720340385476,20.144720340385476,0.0,0.0,0.0,0.0,0.0,0.0,0.0,0.0,0.0,0.0,
ABOVE_THRESHOLD_NOMINAL_mu0.6_F60_r0.40_y+0.000,flat,0.2695,-0.05316904109651004,0.0,0.07394036461860173,0.4168309589034899,-1.1012615036445015,0.0,0.6792394209291533,1.2938868151246925,-20.138687039505626,20.138687039505626,0.0,0.0,0.0,0.0,0.0,0.0,0.0,0.0,0.0,0.0,
ABOVE_THRESHOLD_NOMINAL_mu0.6_F60_r0.40_y+0.000,flat,0.26975,-0.05344435647242117,0.0,0.07410956155820903,0.4165556435275788,-1.1012615036445015,0.0,0.6767877584291534,1.2926014735288314,-20.132738150703062,20.132738150703062,0.0,0.0,0.0,0.0,0.0,0.0,0.0,0.0,0.0,0.0,
ABOVE_THRESHOLD_NOMINAL_mu0.6_F60_r0.40_y+0.000,flat,0.27,-0.0537196718483323,0.0,0.07427814558219131,0.41628032815166766,-1.1012615036445015,0.0,0.6743360959291534,1.2913195072027375,-20.12687249296611,20.12687249296611,0.0,0.0,0.0,0.0,0.0,0.0,0.0,0.0,0.0,0.0,
ABOVE_THRESHOLD_NOMINAL_mu0.6_F60_r0.40_y+0.000,flat,0.27025,-0.053994987224243424,0.0,0.0744461166905486,0.4160050127757565,-1.1012615036445015,0.0,0.6718844334291535,1.2900409262088404,-20.121088901806658,20.121088901806658,0.0,0.0,0.0,0.0,0.0,0.0,0.0,0.0,0.0,0.0,
ABOVE_THRESHOLD_NOMINAL_mu0.6_F60_r0.40_y+0.000,flat,0.2705,-0.05427030260015455,0.0,0.07461347488328089,0.41572969739984544,-1.1012615036445015,0.0,0.6694327709291535,1.2887657406228772,-20.11538622902898,20.11538622902898,0.0,0.0,0.0,0.0,0.0,0.0,0.0,0.0,0.0,0.0,
ABOVE_THRESHOLD_NOMINAL_mu0.6_F60_r0.40_y+0.000,flat,0.27075,-0.05454561797606568,0.0,0.07478022016038818,0.4154543820239343,-1.1012615036445015,0.0,0.6669811084291536,1.2874939605336915,-20.10976334250179,20.10976334250179,0.0,0.0,0.0,0.0,0.0,0.0,0.0,0.0,0.0,0.0,
ABOVE_THRESHOLD_NOMINAL_mu0.6_F60_r0.40_y+0.000,flat,0.271,-0.054820933351976804,0.0,0.07494635252187047,0.4151790666480232,-1.1012615036445015,0.0,0.6645294459291536,1.2862255960430333,-20.104219125933476,20.104219125933476,0.0,0.0,0.0,0.0,0.0,0.0,0.0,0.0,0.0,0.0,
ABOVE_THRESHOLD_NOMINAL_mu0.6_F60_r0.40_y+0.000,flat,0.27125,-0.05509624872788793,0.0,0.07511187196772776,0.41490375127211204,-1.1012615036445015,0.0,0.6620777834291537,1.2849606572653538,-20.0987524786505,20.0987524786505,0.0,0.0,0.0,0.0,0.0,0.0,0.0,0.0,0.0,0.0,
ABOVE_THRESHOLD_NOMINAL_mu0.6_F60_r0.40_y+0.000,flat,0.2715,-0.05537156410379906,0.0,0.07527677849796005,0.4146284358962009,-1.1012615036445015,0.0,0.6596261209291537,1.2836991543275982,-20.09336231537887,20.09336231537887,0.0,0.0,0.0,0.0,0.0,0.0,0.0,0.0,0.0,0.0,
ABOVE_THRESHOLD_NOMINAL_mu0.6_F60_r0.40_y+0.000,flat,0.27175,-0.055646879479710185,0.0,0.07544107211256734,0.4143531205202898,-1.1012615036445015,0.0,0.6571744584291538,1.2824410973689981,-20.088047566028695,20.088047566028695,0.0,0.0,0.0,0.0,0.0,0.0,0.0,0.0,0.0,0.0,
ABOVE_THRESHOLD_NOMINAL_mu0.6_F60_r0.40_y+0.000,flat,0.272,-0.05592219485562131,0.0,0.07560475281154963,0.41407780514437864,-1.1012615036445015,0.0,0.6547227959291538,1.2811864965408575,-20.082807175481747,20.082807175481747,0.0,0.0,0.0,0.0,0.0,0.0,0.0,0.0,0.0,0.0,
ABOVE_THRESHOLD_NOMINAL_mu0.6_F60_r0.40_y+0.000,flat,0.27225,-0.05619751023153244,0.0,0.07576782059490692,0.41380248976846756,-1.1012615036445015,0.0,0.6522711334291539,1.2799353620063403,-20.077640103381977,20.077640103381977,0.0,0.0,0.0,0.0,0.0,0.0,0.0,0.0,0.0,0.0,
ABOVE_THRESHOLD_NOMINAL_mu0.6_F60_r0.40_y+0.000,flat,0.2725,-0.056472825607443565,0.0,0.07593027546263921,0.41352717439255643,-1.1012615036445015,0.0,0.6498194709291539,1.2786877039402522,-20.07254532392899,20.07254532392899,0.0,0.0,0.0,0.0,0.0,0.0,0.0,0.0,0.0,0.0,
ABOVE_THRESHOLD_NOMINAL_mu0.6_F60_r0.40_y+0.000,flat,0.27275,-0.05674814098335469,0.0,0.0760921174147465,0.4132518590166453,-1.1012615036445015,0.0,0.647367808429154,1.2774435325288214,-20.067521825674387,20.067521825674387,0.0,0.0,0.0,0.0,0.0,0.0,0.0,0.0,0.0,0.0,
ABOVE_THRESHOLD_NOMINAL_mu0.6_F60_r0.40_y+0.000,flat,0.273,-0.05702345635926582,0.0,0.07625334645122879,0.41297654364073416,-1.1012615036445015,0.0,0.644916145929154,1.2762028579694775,-20.062568611320984,20.062568611320984,0.0,0.0,0.0,0.0,0.0,0.0,0.0,0.0,0.0,0.0,
