solid OpenSCAD_Model
  facet normal 0 1 0
    outer loop
      vertex -7.25 -11.1 3.9
      vertex -7.25 -11.1 0
      vertex -10 -11.1 0
    endloop
  endfacet
  facet normal -0.8968727415326865 0.4422886902190048 0
    outer loop
      vertex -12.165063509461095 -12.35 7.5
      vertex -12.165063509461095 -12.35 0
      vertex -12.309698831278217 -12.643291419087275 0
    endloop
  endfacet
  facet normal -0.8314696123025481 0.555570233019598 0
    outer loop
      vertex -11.983383350728088 -12.078096427478197 7.5
      vertex -11.983383350728088 -12.078096427478197 0
      vertex -12.165063509461095 -12.35 0
    endloop
  endfacet
  facet normal -0.7518398074789759 0.6593458151000704 0
    outer loop
      vertex -11.767766952966369 -11.83223304703363 7.5
      vertex -11.767766952966369 -11.83223304703363 0
      vertex -11.983383350728088 -12.078096427478197 0
    endloop
  endfacet
  facet normal -0.6593458151000678 0.7518398074789784 0
    outer loop
      vertex -11.5219035725218 -11.616616649271911 7.5
      vertex -11.5219035725218 -11.616616649271911 0
      vertex -11.767766952966369 -11.83223304703363 0
    endloop
  endfacet
  facet normal -0.5555702330196043 0.8314696123025439 0
    outer loop
      vertex -11.25 -11.434936490538902 7.5
      vertex -11.25 -11.434936490538902 0
      vertex -11.5219035725218 -11.616616649271911 0
    endloop
  endfacet
  facet normal -0.44228869021900047 0.8968727415326888 0
    outer loop
      vertex -10.956708580912725 -11.290301168721783 7.5
      vertex -10.956708580912725 -11.290301168721783 0
      vertex -11.25 -11.434936490538902 0
    endloop
  endfacet
  facet normal -0.9469301294951064 0.32143946530315926 0
    outer loop
      vertex -12.309698831278217 -12.643291419087275 7.5
      vertex -12.309698831278217 -12.643291419087275 0
      vertex -12.41481456572267 -12.952952387243698 0
    endloop
  endfacet
  facet normal -0.9807852804032305 0.19509032201612833 0
    outer loop
      vertex -12.41481456572267 -12.952952387243698 7.5
      vertex -12.41481456572267 -12.952952387243698 0
      vertex -12.478612153434526 -13.273684519449871 0
    endloop
  endfacet
  facet normal -0.9978589232386033 0.06540312923014452 0
    outer loop
      vertex -12.478612153434526 -13.273684519449871 7.5
      vertex -12.478612153434526 -13.273684519449871 0
      vertex -12.5 -13.6 0
    endloop
  endfacet
  facet normal -0.32143946530315926 0.9469301294951064 0
    outer loop
      vertex -10.647047612756301 -11.18518543427733 7.5
      vertex -10.647047612756301 -11.18518543427733 0
      vertex -10.956708580912725 -11.290301168721783 0
    endloop
  endfacet
  facet normal -0.19509032201612833 0.9807852804032305 0
    outer loop
      vertex -10.326315480550129 -11.121387846565474 7.5
      vertex -10.326315480550129 -11.121387846565474 0
      vertex -10.647047612756301 -11.18518543427733 0
    endloop
  endfacet
  facet normal -0.06540312923014452 0.9978589232386033 0
    outer loop
      vertex -10 -11.1 7.5
      vertex -10 -11.1 0
      vertex -10.326315480550129 -11.121387846565474 0
    endloop
  endfacet
  facet normal -1 0 0
    outer loop
      vertex -12.5 -13.6 7.5
      vertex -12.5 -13.6 0
      vertex -12.5 -26.6 0
    endloop
  endfacet
  facet normal -0.9978589232386033 -0.06540312923014452 0
    outer loop
      vertex -12.5 -26.6 7.5
      vertex -12.5 -26.6 0
      vertex -12.478612153434526 -26.92631548055013 0
    endloop
  endfacet
  facet normal -0.9807852804032307 -0.19509032201612728 0
    outer loop
      vertex -12.478612153434526 -26.92631548055013 7.5
      vertex -12.478612153434526 -26.92631548055013 0
      vertex -12.41481456572267 -27.247047612756305 0
    endloop
  endfacet
  facet normal -0.9469301294951059 -0.3214394653031609 0
    outer loop
      vertex -12.41481456572267 -27.247047612756305 7.5
      vertex -12.41481456572267 -27.247047612756305 0
      vertex -12.309698831278217 -27.556708580912726 0
    endloop
  endfacet
  facet normal -0.8968727415326865 -0.4422886902190048 0
    outer loop
      vertex -12.309698831278217 -27.556708580912726 7.5
      vertex -12.309698831278217 -27.556708580912726 0
      vertex -12.165063509461095 -27.85 0
    endloop
  endfacet
  facet normal -0.8314696123025465 -0.5555702330196005 0
    outer loop
      vertex -12.165063509461095 -27.85 7.5
      vertex -12.165063509461095 -27.85 0
      vertex -11.983383350728088 -28.121903572521802 0
    endloop
  endfacet
  facet normal -0.7518398074789784 -0.6593458151000678 0
    outer loop
      vertex -11.983383350728088 -28.121903572521802 7.5
      vertex -11.983383350728088 -28.121903572521802 0
      vertex -11.767766952966369 -28.36776695296637 0
    endloop
  endfacet
  facet normal -0.6593458151000647 -0.7518398074789812 0
    outer loop
      vertex -11.767766952966369 -28.36776695296637 7.5
      vertex -11.767766952966369 -28.36776695296637 0
      vertex -11.5219035725218 -28.583383350728088 0
    endloop
  endfacet
  facet normal -0.5555702330196043 -0.8314696123025439 0
    outer loop
      vertex -11.5219035725218 -28.583383350728088 7.5
      vertex -11.5219035725218 -28.583383350728088 0
      vertex -11.25 -28.765063509461097 0
    endloop
  endfacet
  facet normal -0.4422886902190092 -0.8968727415326844 0
    outer loop
      vertex -11.25 -28.765063509461097 7.5
      vertex -11.25 -28.765063509461097 0
      vertex -10.956708580912725 -28.90969883127822 0
    endloop
  endfacet
  facet normal -0.32143946530315926 -0.9469301294951064 0
    outer loop
      vertex -10.956708580912725 -28.90969883127822 7.5
      vertex -10.956708580912725 -28.90969883127822 0
      vertex -10.647047612756301 -29.014814565722673 0
    endloop
  endfacet
  facet normal -0.19509032201612309 -0.9807852804032314 0
    outer loop
      vertex -10.647047612756301 -29.014814565722673 7.5
      vertex -10.647047612756301 -29.014814565722673 0
      vertex -10.326315480550129 -29.078612153434527 0
    endloop
  endfacet
  facet normal -0.06540312923014452 -0.9978589232386033 0
    outer loop
      vertex -10.326315480550129 -29.078612153434527 7.5
      vertex -10.326315480550129 -29.078612153434527 0
      vertex -10 -29.1 0
    endloop
  endfacet
  facet normal 0 -1 0
    outer loop
      vertex -10 -29.1 7.5
      vertex -10 -29.1 0
      vertex -2.6562960222949377 -29.1 0.711752374031932
    endloop
  endfacet
  facet normal 0 -1 0
    outer loop
      vertex -2.7264733687779787 -29.1 0.3589470286051418
      vertex -10 -29.1 0
      vertex -2.75 -29.1 0
    endloop
  endfacet
  facet normal 0 -1 0
    outer loop
      vertex -2.7264733687779787 -29.1 0.3589470286051418
      vertex -2.6562960222949377 -29.1 0.711752374031932
      vertex -10 -29.1 0
    endloop
  endfacet
  facet normal 0 -1 0
    outer loop
      vertex -10 -29.1 7.5
      vertex -2.6562960222949377 -29.1 0.711752374031932
      vertex -2.5406687144060385 -29.1 1.0523794390039969
    endloop
  endfacet
  facet normal 0 -1 0
    outer loop
      vertex -10 -29.1 7.5
      vertex -2.5406687144060385 -29.1 1.0523794390039969
      vertex -2.381569860407206 -29.1 1.375
    endloop
  endfacet
  facet normal 0 -1 0
    outer loop
      vertex -10 -29.1 7.5
      vertex -2.381569860407206 -29.1 1.375
      vertex -2.1817216858008965 -29.1 1.6740939297739819
    endloop
  endfacet
  facet normal 0 -1 0
    outer loop
      vertex -10 -29.1 7.5
      vertex -2.1817216858008965 -29.1 1.6740939297739819
      vertex -1.9445436482630059 -29.1 1.9445436482630059
    endloop
  endfacet
  facet normal -0.8968727415326865 0.4422886902190048 0
    outer loop
      vertex -12.309698831278217 -12.643291419087275 7.5
      vertex -12.165063509461095 -12.35 7.5
      vertex -12.309698831278217 -12.643291419087275 0
    endloop
  endfacet
  facet normal -0.8314696123025481 0.555570233019598 0
    outer loop
      vertex -12.165063509461095 -12.35 7.5
      vertex -11.983383350728088 -12.078096427478197 7.5
      vertex -12.165063509461095 -12.35 0
    endloop
  endfacet
  facet normal -0.7518398074789759 0.6593458151000704 0
    outer loop
      vertex -11.983383350728088 -12.078096427478197 7.5
      vertex -11.767766952966369 -11.83223304703363 7.5
      vertex -11.983383350728088 -12.078096427478197 0
    endloop
  endfacet
  facet normal -0.6593458151000678 0.7518398074789784 0
    outer loop
      vertex -11.767766952966369 -11.83223304703363 7.5
      vertex -11.5219035725218 -11.616616649271911 7.5
      vertex -11.767766952966369 -11.83223304703363 0
    endloop
  endfacet
  facet normal -0.5555702330196043 0.8314696123025439 0
    outer loop
      vertex -11.5219035725218 -11.616616649271911 7.5
      vertex -11.25 -11.434936490538902 7.5
      vertex -11.5219035725218 -11.616616649271911 0
    endloop
  endfacet
  facet normal -0.44228869021900047 0.8968727415326888 0
    outer loop
      vertex -10.956708580912725 -11.290301168721783 7.5
      vertex -11.25 -11.434936490538902 0
      vertex -11.25 -11.434936490538902 7.5
    endloop
  endfacet
  facet normal -0.9469301294951064 0.32143946530315926 0
    outer loop
      vertex -12.309698831278217 -12.643291419087275 7.5
      vertex -12.41481456572267 -12.952952387243698 0
      vertex -12.41481456572267 -12.952952387243698 7.5
    endloop
  endfacet
  facet normal -0.9807852804032305 0.19509032201612833 0
    outer loop
      vertex -12.41481456572267 -12.952952387243698 7.5
      vertex -12.478612153434526 -13.273684519449871 0
      vertex -12.478612153434526 -13.273684519449871 7.5
    endloop
  endfacet
  facet normal -0.9978589232386033 0.06540312923014452 0
    outer loop
      vertex -12.478612153434526 -13.273684519449871 7.5
      vertex -12.5 -13.6 0
      vertex -12.5 -13.6 7.5
    endloop
  endfacet
  facet normal -0.32143946530315926 0.9469301294951064 0
    outer loop
      vertex -10.956708580912725 -11.290301168721783 7.5
      vertex -10.647047612756301 -11.18518543427733 7.5
      vertex -10.956708580912725 -11.290301168721783 0
    endloop
  endfacet
  facet normal -0.19509032201612833 0.9807852804032305 0
    outer loop
      vertex -10.647047612756301 -11.18518543427733 7.5
      vertex -10.326315480550129 -11.121387846565474 7.5
      vertex -10.647047612756301 -11.18518543427733 0
    endloop
  endfacet
  facet normal -0.06540312923014452 0.9978589232386033 0
    outer loop
      vertex -10.326315480550129 -11.121387846565474 7.5
      vertex -10 -11.1 7.5
      vertex -10.326315480550129 -11.121387846565474 0
    endloop
  endfacet
  facet normal 0 1 0
    outer loop
      vertex -10 -11.1 7.5
      vertex -7.25 -11.1 3.9
      vertex -10 -11.1 0
    endloop
  endfacet
  facet normal 0 1 0
    outer loop
      vertex -7.25 -11.1 3.9
      vertex -6 -11.1 4.6
      vertex -6 -11.1 3.9
    endloop
  endfacet
  facet normal 0 1 0
    outer loop
      vertex -10 -11.1 7.5
      vertex -6 -11.1 4.6
      vertex -7.25 -11.1 3.9
    endloop
  endfacet
  facet normal 0 0 1
    outer loop
      vertex -12.309698831278217 -12.643291419087275 7.5
      vertex -11.983383350728088 -12.078096427478197 7.5
      vertex -12.165063509461095 -12.35 7.5
    endloop
  endfacet
  facet normal 0 0 1
    outer loop
      vertex -12.309698831278217 -12.643291419087275 7.5
      vertex -12.5 -13.6 7.5
      vertex -11.767766952966369 -11.83223304703363 7.5
    endloop
  endfacet
  facet normal 0 0 1
    outer loop
      vertex -12.309698831278217 -12.643291419087275 7.5
      vertex -11.767766952966369 -11.83223304703363 7.5
      vertex -11.983383350728088 -12.078096427478197 7.5
    endloop
  endfacet
  facet normal 0 0 1
    outer loop
      vertex -11.767766952966369 -11.83223304703363 7.5
      vertex -11.25 -11.434936490538902 7.5
      vertex -11.5219035725218 -11.616616649271911 7.5
    endloop
  endfacet
  facet normal 0 0 1
    outer loop
      vertex -11.767766952966369 -11.83223304703363 7.5
      vertex -10.956708580912725 -11.290301168721783 7.5
      vertex -11.25 -11.434936490538902 7.5
    endloop
  endfacet
  facet normal 0 0 1
    outer loop
      vertex -12.309698831278217 -12.643291419087275 7.5
      vertex -12.41481456572267 -12.952952387243698 7.5
      vertex -12.5 -13.6 7.5
    endloop
  endfacet
  facet normal 0 0 1
    outer loop
      vertex -12.41481456572267 -12.952952387243698 7.5
      vertex -12.478612153434526 -13.273684519449871 7.5
      vertex -12.5 -13.6 7.5
    endloop
  endfacet
  facet normal 0 0 1
    outer loop
      vertex -11.767766952966369 -11.83223304703363 7.5
      vertex -10 -11.1 7.5
      vertex -10.956708580912725 -11.290301168721783 7.5
    endloop
  endfacet
  facet normal 0 0 1
    outer loop
      vertex -10.956708580912725 -11.290301168721783 7.5
      vertex -10 -11.1 7.5
      vertex -10.647047612756301 -11.18518543427733 7.5
    endloop
  endfacet
  facet normal 0 0 1
    outer loop
      vertex -10.647047612756301 -11.18518543427733 7.5
      vertex -10 -11.1 7.5
      vertex -10.326315480550129 -11.121387846565474 7.5
    endloop
  endfacet
  facet normal 0 0 1
    outer loop
      vertex -11.767766952966369 -11.83223304703363 7.5
      vertex -5.302557222545147 -13.16093264967203 7.5
      vertex -5.227385468780994 -13.040660326182842 7.5
    endloop
  endfacet
  facet normal 0 0 1
    outer loop
      vertex -11.767766952966369 -11.83223304703363 7.5
      vertex -5.054791018366814 -12.8275687366724 7.5
      vertex -4.957368329167366 -12.734749470651149 7.5
    endloop
  endfacet
  facet normal 0 0 1
    outer loop
      vertex -11.767766952966369 -11.83223304703363 7.5
      vertex -5.227385468780994 -13.040660326182842 7.5
      vertex -5.14479673653841 -12.929539021849632 7.5
    endloop
  endfacet
  facet normal 0 0 1
    outer loop
      vertex -11.767766952966369 -11.83223304703363 7.5
      vertex -5.14479673653841 -12.929539021849632 7.5
      vertex -5.054791018366814 -12.8275687366724 7.5
    endloop
  endfacet
  facet normal 0 0 1
    outer loop
      vertex -11.767766952966369 -11.83223304703363 7.5
      vertex -4.957368329167366 -12.734749470651149 7.5
      vertex -4.852528654038906 -12.651081223785877 7.5
    endloop
  endfacet
  facet normal 0 0 1
    outer loop
      vertex -11.767766952966369 -11.83223304703363 7.5
      vertex -4.852528654038906 -12.651081223785877 7.5
      vertex -4.7402720004320145 -12.576564003527164 7.5
    endloop
  endfacet
  facet normal 0 0 1
    outer loop
      vertex -11.767766952966369 -11.83223304703363 7.5
      vertex -4.7402720004320145 -12.576564003527164 7.5
      vertex -4.621661588549614 -12.511618119478225 7.5
    endloop
  endfacet
  facet normal 0 0 1
    outer loop
      vertex -11.767766952966369 -11.83223304703363 7.5
      vertex -4.621661588549614 -12.511618119478225 7.5
      vertex -4.4977389350533485 -12.456663918495178 7.5
    endloop
  endfacet
  facet normal 0 0 1
    outer loop
      vertex -11.767766952966369 -11.83223304703363 7.5
      vertex -4.4977389350533485 -12.456663918495178 7.5
      vertex -4.368504039943218 -12.41170138567686 7.5
    endloop
  endfacet
  facet normal 0 0 1
    outer loop
      vertex -11.767766952966369 -11.83223304703363 7.5
      vertex -4.368504039943218 -12.41170138567686 7.5
      vertex -4.233956895768642 -12.376730528473853 7.5
    endloop
  endfacet
  facet normal 0 0 1
    outer loop
      vertex -11.767766952966369 -11.83223304703363 7.5
      vertex -4.233956895768642 -12.376730528473853 7.5
      vertex -4.094097509980202 -12.351751346886157 7.5
    endloop
  endfacet
  facet normal 0 0 1
    outer loop
      vertex -11.767766952966369 -11.83223304703363 7.5
      vertex -4.094097509980202 -12.351751346886157 7.5
      vertex -3.9489258751273155 -12.336763833463191 7.5
    endloop
  endfacet
  facet normal 0 0 1
    outer loop
      vertex -11.767766952966369 -11.83223304703363 7.5
      vertex -3.9489258751273155 -12.336763833463191 7.5
      vertex -3.7984419986605644 -12.331768003106117 7.5
    endloop
  endfacet
  facet normal 0 0 1
    outer loop
      vertex -11.767766952966369 -11.83223304703363 7.5
      vertex -3.7984419986605644 -12.331768003106117 7.5
      vertex -3.6446451395750046 -12.336421836912631 7.5
    endloop
  endfacet
  facet normal 0 0 1
    outer loop
      vertex -11.767766952966369 -11.83223304703363 7.5
      vertex -5.370311997830868 -13.29035599976778 7.5
      vertex -5.302557222545147 -13.16093264967203 7.5
    endloop
  endfacet
  facet normal 0 0 1
    outer loop
      vertex -11.767766952966369 -11.83223304703363 7.5
      vertex -4.870421998202801 -15.014301997423171 7.5
      vertex -5.370311997830868 -13.29035599976778 7.5
    endloop
  endfacet
  facet normal 0 0 1
    outer loop
      vertex -11.767766952966369 -11.83223304703363 7.5
      vertex -5.280349716544151 -15.291791182756423 7.5
      vertex -5.3368339985609055 -15.168886002898216 7.5
    endloop
  endfacet
  facet normal 0 0 1
    outer loop
      vertex -11.767766952966369 -11.83223304703363 7.5
      vertex -5.3368339985609055 -15.168886002898216 7.5
      vertex -4.870421998202801 -15.014301997423171 7.5
    endloop
  endfacet
  facet normal 0 0 1
    outer loop
      vertex -11.767766952966369 -11.83223304703363 7.5
      vertex -5.215451143682003 -15.405754734575748 7.5
      vertex -5.280349716544151 -15.291791182756423 7.5
    endloop
  endfacet
  facet normal 0 0 1
    outer loop
      vertex -11.767766952966369 -11.83223304703363 7.5
      vertex -5.142138287425041 -15.510776650905608 7.5
      vertex -5.215451143682003 -15.405754734575748 7.5
    endloop
  endfacet
  facet normal 0 0 1
    outer loop
      vertex -11.767766952966369 -11.83223304703363 7.5
      vertex -5.060411140322685 -15.606856939196586 7.5
      vertex -5.142138287425041 -15.510776650905608 7.5
    endloop
  endfacet
  facet normal 0 0 1
    outer loop
      vertex -11.767766952966369 -11.83223304703363 7.5
      vertex -4.970269717276096 -15.6939955919981 7.5
      vertex -5.060411140322685 -15.606856939196586 7.5
    endloop
  endfacet
  facet normal 0 0 1
    outer loop
      vertex -11.767766952966369 -11.83223304703363 7.5
      vertex -4.871714003384113 -15.77219260931015 7.5
      vertex -4.970269717276096 -15.6939955919981 7.5
    endloop
  endfacet
  facet normal 0 0 1
    outer loop
      vertex -11.767766952966369 -11.83223304703363 7.5
      vertex -4.764743998646736 -15.841447998583316 7.5
      vertex -4.871714003384113 -15.77219260931015 7.5
    endloop
  endfacet
  facet normal 0 1 0
    outer loop
      vertex -10 -11.1 7.5
      vertex 6 -11.1 4.6
      vertex -6 -11.1 4.6
    endloop
  endfacet
  facet normal 0 0 1
    outer loop
      vertex -11.767766952966369 -11.83223304703363 7.5
      vertex -3.6446451395750046 -12.336421836912631 7.5
      vertex -0.13748788088560104 -12.336763833463191 7.5
    endloop
  endfacet
  facet normal 0 0 1
    outer loop
      vertex -5.370311997830868 -13.29035599976778 7.5
      vertex -4.541301675140858 -15.44782771617174 7.5
      vertex -4.968347996473312 -13.491337996721267 7.5
    endloop
  endfacet
  facet normal 0 0 1
    outer loop
      vertex -5.370311997830868 -13.29035599976778 7.5
      vertex -4.870421998202801 -15.014301997423171 7.5
      vertex -4.831214532256126 -15.101810571551322 7.5
    endloop
  endfacet
  facet normal 0 0 1
    outer loop
      vertex -5.370311997830868 -13.29035599976778 7.5
      vertex -4.831214532256126 -15.101810571551322 7.5
      vertex -4.785748690366745 -15.183217425644397 7.5
    endloop
  endfacet
  facet normal 0 0 1
    outer loop
      vertex -11.767766952966369 -11.83223304703363 7.5
      vertex -0.13748788088560104 -12.336763833463191 7.5
      vertex 0.012996003031730652 -12.331768003106117 7.5
    endloop
  endfacet
  facet normal 0 0 1
    outer loop
      vertex -11.767766952966369 -11.83223304703363 7.5
      vertex 11.5219035725218 -11.616616649271911 7.5
      vertex -10 -11.1 7.5
    endloop
  endfacet
  facet normal 0 0 1
    outer loop
      vertex -11.767766952966369 -11.83223304703363 7.5
      vertex 0.012996003031730652 -12.331768003106117 7.5
      vertex 0.1667928546667099 -12.336421836912631 7.5
    endloop
  endfacet
  facet normal 0 0 1
    outer loop
      vertex -4.569666735827923 -12.982853797078132 7.5
      vertex -4.2265686094760895 -12.79795045107603 7.5
      vertex -4.4058487340807915 -12.874993507564067 7.5
    endloop
  endfacet
  facet normal 0 0 1
    outer loop
      vertex -4.569666735827923 -12.982853797078132 7.5
      vertex -4.031826369464397 -12.75172461271286 7.5
      vertex -4.2265686094760895 -12.79795045107603 7.5
    endloop
  endfacet
  facet normal 0 0 1
    outer loop
      vertex -4.569666735827923 -12.982853797078132 7.5
      vertex -3.821621999144554 -12.736315999925136 7.5
      vertex -4.031826369464397 -12.75172461271286 7.5
    endloop
  endfacet
  facet normal 0 0 1
    outer loop
      vertex -4.569666735827923 -12.982853797078132 7.5
      vertex -3.656567059457302 -12.744598445296287 7.5
      vertex -3.821621999144554 -12.736315999925136 7.5
    endloop
  endfacet
  facet normal 0 0 1
    outer loop
      vertex -4.569666735827923 -12.982853797078132 7.5
      vertex -3.5015565305948257 -12.769445796310901 7.5
      vertex -3.656567059457302 -12.744598445296287 7.5
    endloop
  endfacet
  facet normal 0 0 1
    outer loop
      vertex -4.968347996473312 -13.491337996721267 7.5
      vertex -2.53515138477087 -14.030108977854251 7.5
      vertex -4.850916370749474 -13.291026037931442 7.5
    endloop
  endfacet
  facet normal 0 0 1
    outer loop
      vertex -4.7180226147174835 -13.121531304717063 7.5
      vertex -2.53515138477087 -14.030108977854251 7.5
      vertex -4.569666735827923 -12.982853797078132 7.5
    endloop
  endfacet
  facet normal 0 0 1
    outer loop
      vertex -4.7180226147174835 -13.121531304717063 7.5
      vertex -4.850916370749474 -13.291026037931442 7.5
      vertex -2.53515138477087 -14.030108977854251 7.5
    endloop
  endfacet
  facet normal 0 0 1
    outer loop
      vertex -4.569666735827923 -12.982853797078132 7.5
      vertex -3.3565904051065445 -12.810858038067817 7.5
      vertex -3.5015565305948257 -12.769445796310901 7.5
    endloop
  endfacet
  facet normal 0 0 1
    outer loop
      vertex -4.569666735827923 -12.982853797078132 7.5
      vertex -3.221668690443039 -12.868835185468196 7.5
      vertex -3.3565904051065445 -12.810858038067817 7.5
    endloop
  endfacet
  facet normal 0 0 1
    outer loop
      vertex -4.569666735827923 -12.982853797078132 7.5
      vertex -3.096791386604309 -12.943377223610877 7.5
      vertex -3.221668690443039 -12.868835185468196 7.5
    endloop
  endfacet
  facet normal 0 0 1
    outer loop
      vertex -4.569666735827923 -12.982853797078132 7.5
      vertex -2.9819584861397743 -13.034484159946441 7.5
      vertex -3.096791386604309 -12.943377223610877 7.5
    endloop
  endfacet
  facet normal 0 0 1
    outer loop
      vertex -4.569666735827923 -12.982853797078132 7.5
      vertex -2.8771699965000153 -13.142156001925468 7.5
      vertex -2.9819584861397743 -13.034484159946441 7.5
    endloop
  endfacet
  facet normal 0 0 1
    outer loop
      vertex -4.569666735827923 -12.982853797078132 7.5
      vertex -2.7845399603247643 -13.26345897912979 7.5
      vertex -2.8771699965000153 -13.142156001925468 7.5
    endloop
  endfacet
  facet normal 0 0 1
    outer loop
      vertex -4.569666735827923 -12.982853797078132 7.5
      vertex -2.706160694360733 -13.395437632501125 7.5
      vertex -2.7845399603247643 -13.26345897912979 7.5
    endloop
  endfacet
  facet normal 0 0 1
    outer loop
      vertex -4.569666735827923 -12.982853797078132 7.5
      vertex -2.642032206058502 -13.53809196203947 7.5
      vertex -2.706160694360733 -13.395437632501125 7.5
    endloop
  endfacet
  facet normal 0 0 1
    outer loop
      vertex -4.569666735827923 -12.982853797078132 7.5
      vertex -2.592154487967491 -13.691421960294246 7.5
      vertex -2.642032206058502 -13.53809196203947 7.5
    endloop
  endfacet
  facet normal 0 0 1
    outer loop
      vertex -4.569666735827923 -12.982853797078132 7.5
      vertex -2.5565275475382805 -13.855427634716033 7.5
      vertex -2.592154487967491 -13.691421960294246 7.5
    endloop
  endfacet
  facet normal 0 0 1
    outer loop
      vertex -4.569666735827923 -12.982853797078132 7.5
      vertex -2.53515138477087 -14.030108977854251 7.5
      vertex -2.5565275475382805 -13.855427634716033 7.5
    endloop
  endfacet
  facet normal 0 0 1
    outer loop
      vertex -4.968347996473312 -13.491337996721267 7.5
      vertex -2.5280259996652603 -14.21546599715948 7.5
      vertex -2.53515138477087 -14.030108977854251 7.5
    endloop
  endfacet
  facet normal 0 0 1
    outer loop
      vertex -4.968347996473312 -13.491337996721267 7.5
      vertex -2.5348621234297752 -14.402500447630882 7.5
      vertex -2.5280259996652603 -14.21546599715948 7.5
    endloop
  endfacet
  facet normal 0 0 1
    outer loop
      vertex -4.968347996473312 -13.491337996721267 7.5
      vertex -2.5553704872727394 -14.577806082367896 7.5
      vertex -2.5348621234297752 -14.402500447630882 7.5
    endloop
  endfacet
  facet normal 0 0 1
    outer loop
      vertex -4.968347996473312 -13.491337996721267 7.5
      vertex -2.5895510986447334 -14.741382901370525 7.5
      vertex -2.5553704872727394 -14.577806082367896 7.5
    endloop
  endfacet
  facet normal 0 0 1
    outer loop
      vertex -4.968347996473312 -13.491337996721267 7.5
      vertex -2.698929063975811 -15.033350084722041 7.5
      vertex -2.6374039575457573 -14.893230897188186 7.5
    endloop
  endfacet
  facet normal 0 0 1
    outer loop
      vertex -4.968347996473312 -13.491337996721267 7.5
      vertex -2.6374039575457573 -14.893230897188186 7.5
      vertex -2.5895510986447334 -14.741382901370525 7.5
    endloop
  endfacet
  facet normal 0 0 1
    outer loop
      vertex -3.6446451395750046 -12.336421836912631 7.5
      vertex -3.4968957155942917 -12.350383345782756 7.5
      vertex -0.13748788088560104 -12.336763833463191 7.5
    endloop
  endfacet
  facet normal 0 0 1
    outer loop
      vertex -3.4968957155942917 -12.350383345782756 7.5
      vertex -3.3551937118172646 -12.373652529716491 7.5
      vertex -0.28265950828790665 -12.351751346886157 7.5
    endloop
  endfacet
  facet normal 0 0 1
    outer loop
      vertex -3.3551937118172646 -12.373652529716491 7.5
      vertex -3.2195391431450844 -12.406229388713836 7.5
      vertex -0.42251890152692795 -12.376730528473853 7.5
    endloop
  endfacet
  facet normal 0 0 1
    outer loop
      vertex -3.2195391431450844 -12.406229388713836 7.5
      vertex -3.0899320021271706 -12.44811391532421 7.5
      vertex -0.5570660382509232 -12.41170138567686 7.5
    endloop
  endfacet
  facet normal 0 0 1
    outer loop
      vertex -3.0899320021271706 -12.44811391532421 7.5
      vertex -2.966372288763523 -12.499306124448776 7.5
      vertex -0.6863009408116341 -12.456663918495178 7.5
    endloop
  endfacet
  facet normal 0 0 1
    outer loop
      vertex -2.966372288763523 -12.499306124448776 7.5
      vertex -2.848860003054142 -12.55980600118637 7.5
      vertex -0.8102235943078995 -12.511618119478225 7.5
    endloop
  endfacet
  facet normal 0 0 1
    outer loop
      vertex -2.848860003054142 -12.55980600118637 7.5
      vertex -2.7382629364728928 -12.628966775536536 7.5
      vertex -0.9288339987397194 -12.576564003527164 7.5
    endloop
  endfacet
  facet normal 0 0 1
    outer loop
      vertex -2.7382629364728928 -12.628966775536536 7.5
      vertex -2.635448895394802 -12.706119959056377 7.5
      vertex -1.041090652346611 -12.651081223785877 7.5
    endloop
  endfacet
  facet normal 0 0 1
    outer loop
      vertex -2.7382629364728928 -12.628966775536536 7.5
      vertex -1.041090652346611 -12.651081223785877 7.5
      vertex -0.9288339987397194 -12.576564003527164 7.5
    endloop
  endfacet
  facet normal 0 0 1
    outer loop
      vertex -2.635448895394802 -12.706119959056377 7.5
      vertex -1.145930327475071 -12.734749470651149 7.5
      vertex -1.041090652346611 -12.651081223785877 7.5
    endloop
  endfacet
  facet normal 0 0 1
    outer loop
      vertex -2.635448895394802 -12.706119959056377 7.5
      vertex -2.54041787981987 -12.79126555174589 7.5
      vertex -1.145930327475071 -12.734749470651149 7.5
    endloop
  endfacet
  facet normal 0 0 1
    outer loop
      vertex -2.54041787981987 -12.79126555174589 7.5
      vertex -2.4531698748469353 -12.884403553605079 7.5
      vertex -1.2433530241250992 -12.8275687366724 7.5
    endloop
  endfacet
  facet normal 0 0 1
    outer loop
      vertex -2.4531698748469353 -12.884403553605079 7.5
      vertex -2.373704895377159 -12.98553395718336 7.5
      vertex -1.3333587348461151 -12.929539021849632 7.5
    endloop
  endfacet
  facet normal 0 0 1
    outer loop
      vertex -2.373704895377159 -12.98553395718336 7.5
      vertex -2.3020229414105415 -13.094656777381896 7.5
      vertex -1.4159474670886993 -13.040660326182842 7.5
    endloop
  endfacet
  facet normal 0 0 1
    outer loop
      vertex -2.3020229414105415 -13.094656777381896 7.5
      vertex -2.2381239980459213 -13.211771999299526 7.5
      vertex -1.4911192208528519 -13.16093264967203 7.5
    endloop
  endfacet
  facet normal 0 0 1
    outer loop
      vertex -2.2381239980459213 -13.211771999299526 7.5
      vertex -2.182412900030613 -13.33606534898281 7.5
      vertex -1.5588740035891533 -13.29035599976778 7.5
    endloop
  endfacet
  facet normal 0 0 1
    outer loop
      vertex -2.4531698748469353 -12.884403553605079 7.5
      vertex -1.3333587348461151 -12.929539021849632 7.5
      vertex -1.2433530241250992 -12.8275687366724 7.5
    endloop
  endfacet
  facet normal 0 0 1
    outer loop
      vertex -2.54041787981987 -12.79126555174589 7.5
      vertex -1.2433530241250992 -12.8275687366724 7.5
      vertex -1.145930327475071 -12.734749470651149 7.5
    endloop
  endfacet
  facet normal 0 0 1
    outer loop
      vertex -2.373704895377159 -12.98553395718336 7.5
      vertex -1.4159474670886993 -13.040660326182842 7.5
      vertex -1.3333587348461151 -12.929539021849632 7.5
    endloop
  endfacet
  facet normal 0 0 1
    outer loop
      vertex -2.3020229414105415 -13.094656777381896 7.5
      vertex -1.4911192208528519 -13.16093264967203 7.5
      vertex -1.4159474670886993 -13.040660326182842 7.5
    endloop
  endfacet
  facet normal 0 0 1
    outer loop
      vertex -2.2381239980459213 -13.211771999299526 7.5
      vertex -1.5588740035891533 -13.29035599976778 7.5
      vertex -1.4911192208528519 -13.16093264967203 7.5
    endloop
  endfacet
  facet normal 0 0 1
    outer loop
      vertex -2.182412900030613 -13.33606534898281 7.5
      vertex -2.1352727338671684 -13.466722530126571 7.5
      vertex -1.0589839965105057 -15.014301997423171 7.5
    endloop
  endfacet
  facet normal 0 0 1
    outer loop
      vertex -2.1352727338671684 -13.466722530126571 7.5
      vertex -2.0967035070061684 -13.603743550181388 7.5
      vertex -1.0589839965105057 -15.014301997423171 7.5
    endloop
  endfacet
  facet normal 0 0 1
    outer loop
      vertex -2.182412900030613 -13.33606534898281 7.5
      vertex -1.0589839965105057 -15.014301997423171 7.5
      vertex -1.5588740035891533 -13.29035599976778 7.5
    endloop
  endfacet
  facet normal 0 0 1
    outer loop
      vertex -2.0967035070061684 -13.603743550181388 7.5
      vertex -2.0667052268981934 -13.747128409147262 7.5
      vertex -1.0589839965105057 -15.014301997423171 7.5
    endloop
  endfacet
  facet normal 0 0 1
    outer loop
      vertex -2.0667052268981934 -13.747128409147262 7.5
      vertex -2.045277878642082 -13.896877099573612 7.5
      vertex -1.0589839965105057 -15.014301997423171 7.5
    endloop
  endfacet
  facet normal 0 0 1
    outer loop
      vertex -2.045277878642082 -13.896877099573612 7.5
      vertex -2.0324214696884155 -14.052989636361598 7.5
      vertex -1.0589839965105057 -15.014301997423171 7.5
    endloop
  endfacet
  facet normal 0 0 1
    outer loop
      vertex -2.0324214696884155 -14.052989636361598 7.5
      vertex -2.0281360000371933 -14.21546599715948 7.5
      vertex -1.0589839965105057 -15.014301997423171 7.5
    endloop
  endfacet
  facet normal 0 0 1
    outer loop
      vertex -2.966372288763523 -12.499306124448776 7.5
      vertex -0.8102235943078995 -12.511618119478225 7.5
      vertex -0.6863009408116341 -12.456663918495178 7.5
    endloop
  endfacet
  facet normal 0 0 1
    outer loop
      vertex -3.0899320021271706 -12.44811391532421 7.5
      vertex -0.6863009408116341 -12.456663918495178 7.5
      vertex -0.5570660382509232 -12.41170138567686 7.5
    endloop
  endfacet
  facet normal 0 0 1
    outer loop
      vertex -3.2195391431450844 -12.406229388713836 7.5
      vertex -0.5570660382509232 -12.41170138567686 7.5
      vertex -0.42251890152692795 -12.376730528473853 7.5
    endloop
  endfacet
  facet normal 0 0 1
    outer loop
      vertex -2.848860003054142 -12.55980600118637 7.5
      vertex -0.9288339987397194 -12.576564003527164 7.5
      vertex -0.8102235943078995 -12.511618119478225 7.5
    endloop
  endfacet
  facet normal 0 0 1
    outer loop
      vertex -3.3551937118172646 -12.373652529716491 7.5
      vertex -0.42251890152692795 -12.376730528473853 7.5
      vertex -0.28265950828790665 -12.351751346886157 7.5
    endloop
  endfacet
  facet normal 0 0 1
    outer loop
      vertex -3.4968957155942917 -12.350383345782756 7.5
      vertex -0.28265950828790665 -12.351751346886157 7.5
      vertex -0.13748788088560104 -12.336763833463191 7.5
    endloop
  endfacet
  facet normal 0 0 1
    outer loop
      vertex -11.767766952966369 -11.83223304703363 7.5
      vertex 0.1667928546667099 -12.336421836912631 7.5
      vertex 11.5219035725218 -11.616616649271911 7.5
    endloop
  endfacet
  facet normal 0 0 1
    outer loop
      vertex -1.5588740035891533 -13.29035599976778 7.5
      vertex -1.0589839965105057 -15.014301997423171 7.5
      vertex -1.0197765305638313 -15.101810571551322 7.5
    endloop
  endfacet
  facet normal 0 0 1
    outer loop
      vertex -1.5588740035891533 -13.29035599976778 7.5
      vertex -1.0197765305638313 -15.101810571551322 7.5
      vertex -0.9743106961250305 -15.183217425644397 7.5
    endloop
  endfacet
  facet normal 0 0 1
    outer loop
      vertex -1.5588740035891533 -13.29035599976778 7.5
      vertex -0.7298636734485626 -15.44782771617174 7.5
      vertex -1.156910002231598 -13.491337996721267 7.5
    endloop
  endfacet
  facet normal 0 0 1
    outer loop
      vertex -0.5944107323884964 -12.874993507564067 7.5
      vertex -0.7582287341356277 -12.982853797078132 7.5
      vertex -0.415130615234375 -12.79795045107603 7.5
    endloop
  endfacet
  facet normal 0 0 1
    outer loop
      vertex -0.7582287341356277 -12.982853797078132 7.5
      vertex -0.22038836777210236 -12.75172461271286 7.5
      vertex -0.415130615234375 -12.79795045107603 7.5
    endloop
  endfacet
  facet normal 0 0 1
    outer loop
      vertex -0.7582287341356277 -12.982853797078132 7.5
      vertex -0.010183997452259064 -12.736315999925136 7.5
      vertex -0.22038836777210236 -12.75172461271286 7.5
    endloop
  endfacet
  facet normal 0 0 1
    outer loop
      vertex -0.7582287341356277 -12.982853797078132 7.5
      vertex 0.15487094223499298 -12.744598445296287 7.5
      vertex -0.010183997452259064 -12.736315999925136 7.5
    endloop
  endfacet
  facet normal 0 0 1
    outer loop
      vertex -0.7582287341356277 -12.982853797078132 7.5
      vertex 0.30988147109746933 -12.769445796310901 7.5
      vertex 0.15487094223499298 -12.744598445296287 7.5
    endloop
  endfacet
  facet normal 0 0 1
    outer loop
      vertex -1.0394783690571785 -13.291026037931442 7.5
      vertex -1.156910002231598 -13.491337996721267 7.5
      vertex 1.2762866094708443 -14.030108977854251 7.5
    endloop
  endfacet
  facet normal 0 0 1
    outer loop
      vertex -0.9065846130251884 -13.121531304717063 7.5
      vertex -1.0394783690571785 -13.291026037931442 7.5
      vertex 1.2762866094708443 -14.030108977854251 7.5
    endloop
  endfacet
  facet normal 0 0 1
    outer loop
      vertex -0.9065846130251884 -13.121531304717063 7.5
      vertex 1.2762866094708443 -14.030108977854251 7.5
      vertex -0.7582287341356277 -12.982853797078132 7.5
    endloop
  endfacet
  facet normal -1 0 0
    outer loop
      vertex -12.5 -13.6 7.5
      vertex -12.5 -26.6 0
      vertex -12.5 -26.6 7.5
    endloop
  endfacet
  facet normal -0.9978589232386033 -0.06540312923014452 0
    outer loop
      vertex -12.5 -26.6 7.5
      vertex -12.478612153434526 -26.92631548055013 0
      vertex -12.478612153434526 -26.92631548055013 7.5
    endloop
  endfacet
  facet normal -0.9807852804032307 -0.19509032201612728 0
    outer loop
      vertex -12.478612153434526 -26.92631548055013 7.5
      vertex -12.41481456572267 -27.247047612756305 0
      vertex -12.41481456572267 -27.247047612756305 7.5
    endloop
  endfacet
  facet normal -0.9469301294951059 -0.3214394653031609 0
    outer loop
      vertex -12.41481456572267 -27.247047612756305 7.5
      vertex -12.309698831278217 -27.556708580912726 0
      vertex -12.309698831278217 -27.556708580912726 7.5
    endloop
  endfacet
  facet normal -0.8968727415326865 -0.4422886902190048 0
    outer loop
      vertex -12.309698831278217 -27.556708580912726 7.5
      vertex -12.165063509461095 -27.85 0
      vertex -12.165063509461095 -27.85 7.5
    endloop
  endfacet
  facet normal -0.8314696123025465 -0.5555702330196005 0
    outer loop
      vertex -12.165063509461095 -27.85 7.5
      vertex -11.983383350728088 -28.121903572521802 0
      vertex -11.983383350728088 -28.121903572521802 7.5
    endloop
  endfacet
  facet normal -0.7518398074789784 -0.6593458151000678 0
    outer loop
      vertex -11.983383350728088 -28.121903572521802 7.5
      vertex -11.767766952966369 -28.36776695296637 0
      vertex -11.767766952966369 -28.36776695296637 7.5
    endloop
  endfacet
  facet normal -0.6593458151000647 -0.7518398074789812 0
    outer loop
      vertex -11.767766952966369 -28.36776695296637 7.5
      vertex -11.5219035725218 -28.583383350728088 0
      vertex -11.5219035725218 -28.583383350728088 7.5
    endloop
  endfacet
  facet normal -0.5555702330196043 -0.8314696123025439 0
    outer loop
      vertex -11.5219035725218 -28.583383350728088 7.5
      vertex -11.25 -28.765063509461097 0
      vertex -11.25 -28.765063509461097 7.5
    endloop
  endfacet
  facet normal -0.4422886902190092 -0.8968727415326844 0
    outer loop
      vertex -11.25 -28.765063509461097 7.5
      vertex -10.956708580912725 -28.90969883127822 0
      vertex -10.956708580912725 -28.90969883127822 7.5
    endloop
  endfacet
  facet normal -0.32143946530315926 -0.9469301294951064 0
    outer loop
      vertex -10.956708580912725 -28.90969883127822 7.5
      vertex -10.647047612756301 -29.014814565722673 0
      vertex -10.647047612756301 -29.014814565722673 7.5
    endloop
  endfacet
  facet normal -0.19509032201612309 -0.9807852804032314 0
    outer loop
      vertex -10.647047612756301 -29.014814565722673 7.5
      vertex -10.326315480550129 -29.078612153434527 0
      vertex -10.326315480550129 -29.078612153434527 7.5
    endloop
  endfacet
  facet normal -0.06540312923014452 -0.9978589232386033 0
    outer loop
      vertex -10.326315480550129 -29.078612153434527 7.5
      vertex -10 -29.1 0
      vertex -10 -29.1 7.5
    endloop
  endfacet
  facet normal 0 0 1
    outer loop
      vertex -11.767766952966369 -11.83223304703363 7.5
      vertex -10.586311778198096 -17.89115809244792 7.5
      vertex -10.545481322062509 -17.68588952783597 7.5
    endloop
  endfacet
  facet normal 0 0 1
    outer loop
      vertex -11.767766952966369 -11.83223304703363 7.5
      vertex -12.5 -13.6 7.5
      vertex -12.5 -26.6 7.5
    endloop
  endfacet
  facet normal 0 0 1
    outer loop
      vertex -11.767766952966369 -11.83223304703363 7.5
      vertex -10.385640646055101 -17.3 7.5
      vertex -10.269365344465976 -17.12598171358605 7.5
    endloop
  endfacet
  facet normal 0 0 1
    outer loop
      vertex -11.767766952966369 -11.83223304703363 7.5
      vertex -10.131370849898476 -16.968629150101524 7.5
      vertex -9.974018286413953 -16.830634655534027 7.5
    endloop
  endfacet
  facet normal 0 0 1
    outer loop
      vertex -11.767766952966369 -11.83223304703363 7.5
      vertex -10.269365344465976 -17.12598171358605 7.5
      vertex -10.131370849898476 -16.968629150101524 7.5
    endloop
  endfacet
  facet normal 0 0 1
    outer loop
      vertex -11.767766952966369 -11.83223304703363 7.5
      vertex -9.612293491784143 -16.621792747981942 7.5
      vertex -9.414110472164033 -16.55451867793749 7.5
    endloop
  endfacet
  facet normal 0 0 1
    outer loop
      vertex -11.767766952966369 -11.83223304703363 7.5
      vertex -9.974018286413953 -16.830634655534027 7.5
      vertex -9.8 -16.7143593539449 7.5
    endloop
  endfacet
  facet normal 0 0 1
    outer loop
      vertex -11.767766952966369 -11.83223304703363 7.5
      vertex -9.8 -16.7143593539449 7.5
      vertex -9.612293491784143 -16.621792747981942 7.5
    endloop
  endfacet
  facet normal 0 0 1
    outer loop
      vertex -11.767766952966369 -11.83223304703363 7.5
      vertex -10.47820725201806 -17.487706508215858 7.5
      vertex -10.385640646055101 -17.3 7.5
    endloop
  endfacet
  facet normal 0 0 1
    outer loop
      vertex -11.767766952966369 -11.83223304703363 7.5
      vertex -10.545481322062509 -17.68588952783597 7.5
      vertex -10.47820725201806 -17.487706508215858 7.5
    endloop
  endfacet
  facet normal 0 0 1
    outer loop
      vertex -11.767766952966369 -11.83223304703363 7.5
      vertex -9.414110472164033 -16.55451867793749 7.5
      vertex -9.208841907552083 -16.513688221801903 7.5
    endloop
  endfacet
  facet normal 0 0 1
    outer loop
      vertex -11.767766952966369 -11.83223304703363 7.5
      vertex -9.208841907552083 -16.513688221801903 7.5
      vertex -9 -16.5 7.5
    endloop
  endfacet
  facet normal 0 0 1
    outer loop
      vertex -11.767766952966369 -11.83223304703363 7.5
      vertex -9 -16.5 7.5
      vertex -8.791158092447917 -16.513688221801903 7.5
    endloop
  endfacet
  facet normal 0 0 1
    outer loop
      vertex -11.767766952966369 -11.83223304703363 7.5
      vertex -8.791158092447917 -16.513688221801903 7.5
      vertex -8.585889527835967 -16.55451867793749 7.5
    endloop
  endfacet
  facet normal 0 0 1
    outer loop
      vertex -11.767766952966369 -11.83223304703363 7.5
      vertex -8.585889527835967 -16.55451867793749 7.5
      vertex -8.387706508215857 -16.621792747981942 7.5
    endloop
  endfacet
  facet normal 0 0 1
    outer loop
      vertex -11.767766952966369 -11.83223304703363 7.5
      vertex -8.387706508215857 -16.621792747981942 7.5
      vertex -8.2 -16.7143593539449 7.5
    endloop
  endfacet
  facet normal 0 0 1
    outer loop
      vertex -11.767766952966369 -11.83223304703363 7.5
      vertex -11.5219035725218 -28.583383350728088 7.5
      vertex -10.586311778198096 -17.89115809244792 7.5
    endloop
  endfacet
  facet normal 0 0 1
    outer loop
      vertex -10.586311778198096 -17.89115809244792 7.5
      vertex -11.5219035725218 -28.583383350728088 7.5
      vertex -10.6 -18.1 7.5
    endloop
  endfacet
  facet normal 0 0 1
    outer loop
      vertex -10.6 -18.1 7.5
      vertex -11.5219035725218 -28.583383350728088 7.5
      vertex -10.586311778198096 -18.308841907552083 7.5
    endloop
  endfacet
  facet normal 0 0 1
    outer loop
      vertex -10.586311778198096 -18.308841907552083 7.5
      vertex -11.5219035725218 -28.583383350728088 7.5
      vertex -10.545481322062509 -18.514110472164035 7.5
    endloop
  endfacet
  facet normal 0 0 1
    outer loop
      vertex -11.767766952966369 -11.83223304703363 7.5
      vertex -8.2 -16.7143593539449 7.5
      vertex -8.025981713586047 -16.830634655534027 7.5
    endloop
  endfacet
  facet normal 0 0 1
    outer loop
      vertex -11.767766952966369 -11.83223304703363 7.5
      vertex -8.025981713586047 -16.830634655534027 7.5
      vertex -7.8686291501015235 -16.968629150101524 7.5
    endloop
  endfacet
  facet normal 0 0 1
    outer loop
      vertex -11.767766952966369 -11.83223304703363 7.5
      vertex -7.8686291501015235 -16.968629150101524 7.5
      vertex -7.730634655534024 -17.12598171358605 7.5
    endloop
  endfacet
  facet normal 0 0 1
    outer loop
      vertex -11.767766952966369 -11.83223304703363 7.5
      vertex -12.5 -26.6 7.5
      vertex -11.5219035725218 -28.583383350728088 7.5
    endloop
  endfacet
  facet normal 0 0 1
    outer loop
      vertex -10.545481322062509 -18.514110472164035 7.5
      vertex -11.5219035725218 -28.583383350728088 7.5
      vertex -10.47820725201806 -18.712293491784145 7.5
    endloop
  endfacet
  facet normal 0 0 1
    outer loop
      vertex -10.47820725201806 -18.712293491784145 7.5
      vertex -11.5219035725218 -28.583383350728088 7.5
      vertex -10.385640646055101 -18.900000000000002 7.5
    endloop
  endfacet
  facet normal 0 0 1
    outer loop
      vertex -10.385640646055101 -18.900000000000002 7.5
      vertex -11.5219035725218 -28.583383350728088 7.5
      vertex -10.269365344465976 -19.074018286413953 7.5
    endloop
  endfacet
  facet normal 0 0 1
    outer loop
      vertex -10.269365344465976 -19.074018286413953 7.5
      vertex -11.5219035725218 -28.583383350728088 7.5
      vertex -10.131370849898476 -19.23137084989848 7.5
    endloop
  endfacet
  facet normal 0 0 1
    outer loop
      vertex -10.131370849898476 -19.23137084989848 7.5
      vertex -11.5219035725218 -28.583383350728088 7.5
      vertex -9.974018286413953 -19.369365344465976 7.5
    endloop
  endfacet
  facet normal 0 0 1
    outer loop
      vertex -9.974018286413953 -19.369365344465976 7.5
      vertex -11.5219035725218 -28.583383350728088 7.5
      vertex -9.8 -19.485640646055103 7.5
    endloop
  endfacet
  facet normal 0 0 1
    outer loop
      vertex -9.8 -19.485640646055103 7.5
      vertex -11.5219035725218 -28.583383350728088 7.5
      vertex -9.612293491784143 -19.57820725201806 7.5
    endloop
  endfacet
  facet normal 0 0 1
    outer loop
      vertex -9.612293491784143 -19.57820725201806 7.5
      vertex -11.5219035725218 -28.583383350728088 7.5
      vertex -9.414110472164033 -19.645481322062512 7.5
    endloop
  endfacet
  facet normal 0 0 1
    outer loop
      vertex -9.414110472164033 -19.645481322062512 7.5
      vertex -11.5219035725218 -28.583383350728088 7.5
      vertex -9.208841907552083 -19.6863117781981 7.5
    endloop
  endfacet
  facet normal 0 0 1
    outer loop
      vertex -9.208841907552083 -19.6863117781981 7.5
      vertex -11.5219035725218 -28.583383350728088 7.5
      vertex -9 -19.700000000000003 7.5
    endloop
  endfacet
  facet normal 0 0 1
    outer loop
      vertex -12.5 -26.6 7.5
      vertex -12.478612153434526 -26.92631548055013 7.5
      vertex -12.309698831278217 -27.556708580912726 7.5
    endloop
  endfacet
  facet normal 0 0 1
    outer loop
      vertex -12.478612153434526 -26.92631548055013 7.5
      vertex -12.41481456572267 -27.247047612756305 7.5
      vertex -12.309698831278217 -27.556708580912726 7.5
    endloop
  endfacet
  facet normal 0 0 1
    outer loop
      vertex -12.5 -26.6 7.5
      vertex -12.309698831278217 -27.556708580912726 7.5
      vertex -11.5219035725218 -28.583383350728088 7.5
    endloop
  endfacet
  facet normal 0 0 1
    outer loop
      vertex -12.309698831278217 -27.556708580912726 7.5
      vertex -12.165063509461095 -27.85 7.5
      vertex -11.983383350728088 -28.121903572521802 7.5
    endloop
  endfacet
  facet normal 0 0 1
    outer loop
      vertex -12.309698831278217 -27.556708580912726 7.5
      vertex -11.983383350728088 -28.121903572521802 7.5
      vertex -11.5219035725218 -28.583383350728088 7.5
    endloop
  endfacet
  facet normal 0 0 1
    outer loop
      vertex -11.983383350728088 -28.121903572521802 7.5
      vertex -11.767766952966369 -28.36776695296637 7.5
      vertex -11.5219035725218 -28.583383350728088 7.5
    endloop
  endfacet
  facet normal 0 0 1
    outer loop
      vertex -11.5219035725218 -28.583383350728088 7.5
      vertex -11.25 -28.765063509461097 7.5
      vertex -10.956708580912725 -28.90969883127822 7.5
    endloop
  endfacet
  facet normal 0 0 1
    outer loop
      vertex -11.5219035725218 -28.583383350728088 7.5
      vertex -10.956708580912725 -28.90969883127822 7.5
      vertex -10.647047612756301 -29.014814565722673 7.5
    endloop
  endfacet
  facet normal 0 0 1
    outer loop
      vertex -11.5219035725218 -28.583383350728088 7.5
      vertex -10.647047612756301 -29.014814565722673 7.5
      vertex -10 -29.1 7.5
    endloop
  endfacet
  facet normal 0 0 1
    outer loop
      vertex -10.647047612756301 -29.014814565722673 7.5
      vertex -10.326315480550129 -29.078612153434527 7.5
      vertex -10 -29.1 7.5
    endloop
  endfacet
  facet normal 0 -1 0
    outer loop
      vertex -10 -29.1 7.5
      vertex -1.9445436482630059 -29.1 1.9445436482630059
      vertex -1.6740939297739819 -29.1 2.1817216858008965
    endloop
  endfacet
  facet normal 0 -1 0
    outer loop
      vertex -10 -29.1 7.5
      vertex -1.6740939297739819 -29.1 2.1817216858008965
      vertex -1.375 -29.1 2.381569860407206
    endloop
  endfacet
  facet normal 0 -1 0
    outer loop
      vertex -10 -29.1 7.5
      vertex -1.375 -29.1 2.381569860407206
      vertex -1.0523794390039969 -29.1 2.5406687144060385
    endloop
  endfacet
  facet normal 0 -1 0
    outer loop
      vertex -10 -29.1 7.5
      vertex -1.0523794390039969 -29.1 2.5406687144060385
      vertex -0.711752374031932 -29.1 2.6562960222949377
    endloop
  endfacet
  facet normal 0 -1 0
    outer loop
      vertex -10 -29.1 7.5
      vertex -0.711752374031932 -29.1 2.6562960222949377
      vertex -0.3589470286051418 -29.1 2.7264733687779787
    endloop
  endfacet
  facet normal 0 -1 0
    outer loop
      vertex -10 -29.1 7.5
      vertex -0.3589470286051418 -29.1 2.7264733687779787
      vertex 0 -29.1 2.75
    endloop
  endfacet
  facet normal 0 -1 0
    outer loop
      vertex -10 -29.1 7.5
      vertex 0 -29.1 2.75
      vertex 0.3589470286051418 -29.1 2.7264733687779787
    endloop
  endfacet
  facet normal 0 -1 0
    outer loop
      vertex -10 -29.1 7.5
      vertex 0.3589470286051418 -29.1 2.7264733687779787
      vertex 0.711752374031932 -29.1 2.6562960222949377
    endloop
  endfacet
  facet normal 0 -1 0
    outer loop
      vertex -10 -29.1 7.5
      vertex 0.711752374031932 -29.1 2.6562960222949377
      vertex 1.0523794390039969 -29.1 2.5406687144060385
    endloop
  endfacet
  facet normal 0 0 1
    outer loop
      vertex -5.370311997830868 -13.29035599976778 7.5
      vertex -4.785748690366745 -15.183217425644397 7.5
      vertex -4.734024487435818 -15.258522574603557 7.5
    endloop
  endfacet
  facet normal 0 0 1
    outer loop
      vertex -5.370311997830868 -13.29035599976778 7.5
      vertex -4.734024487435818 -15.258522574603557 7.5
      vertex -4.676041916012764 -15.32772600352764 7.5
    endloop
  endfacet
  facet normal 0 0 1
    outer loop
      vertex -5.370311997830868 -13.29035599976778 7.5
      vertex -4.676041916012764 -15.32772600352764 7.5
      vertex -4.611800976097584 -15.390827712416648 7.5
    endloop
  endfacet
  facet normal 0 0 1
    outer loop
      vertex -5.370311997830868 -13.29035599976778 7.5
      vertex -4.611800976097584 -15.390827712416648 7.5
      vertex -4.541301675140858 -15.44782771617174 7.5
    endloop
  endfacet
  facet normal 0 0 1
    outer loop
      vertex -4.968347996473312 -13.491337996721267 7.5
      vertex -4.541301675140858 -15.44782771617174 7.5
      vertex -4.464543998241425 -15.498725999891757 7.5
    endloop
  endfacet
  facet normal 0 0 1
    outer loop
      vertex -4.968347996473312 -13.491337996721267 7.5
      vertex -4.464543998241425 -15.498725999891757 7.5
      vertex -4.382537670433521 -15.543165837228297 7.5
    endloop
  endfacet
  facet normal 0 0 1
    outer loop
      vertex -4.968347996473312 -13.491337996721267 7.5
      vertex -4.382537670433521 -15.543165837228297 7.5
      vertex -4.296270690858364 -15.58076877593994 7.5
    endloop
  endfacet
  facet normal 0 0 1
    outer loop
      vertex -4.968347996473312 -13.491337996721267 7.5
      vertex -4.296270690858364 -15.58076877593994 7.5
      vertex -4.205743059515953 -15.611534816026687 7.5
    endloop
  endfacet
  facet normal 0 0 1
    outer loop
      vertex -4.968347996473312 -13.491337996721267 7.5
      vertex -4.205743059515953 -15.611534816026687 7.5
      vertex -4.110954776406288 -15.635463957488536 7.5
    endloop
  endfacet
  facet normal 0 0 1
    outer loop
      vertex -4.968347996473312 -13.491337996721267 7.5
      vertex -4.110954776406288 -15.635463957488536 7.5
      vertex -4.011905834078789 -15.652556207776069 7.5
    endloop
  endfacet
  facet normal 0 0 1
    outer loop
      vertex -4.968347996473312 -13.491337996721267 7.5
      vertex -4.011905834078789 -15.652556207776069 7.5
      vertex -3.908596247434616 -15.662811551988124 7.5
    endloop
  endfacet
  facet normal 0 0 1
    outer loop
      vertex -4.968347996473312 -13.491337996721267 7.5
      vertex -3.908596247434616 -15.662811551988124 7.5
      vertex -3.801026001572609 -15.666229997575282 7.5
    endloop
  endfacet
  facet normal 0 0 1
    outer loop
      vertex -4.968347996473312 -13.491337996721267 7.5
      vertex -3.801026001572609 -15.666229997575282 7.5
      vertex -3.6342036724090576 -15.658315141499042 7.5
    endloop
  endfacet
  facet normal 0 0 1
    outer loop
      vertex -4.968347996473312 -13.491337996721267 7.5
      vertex -3.6342036724090576 -15.658315141499042 7.5
      vertex -3.4783206954598427 -15.63457057327032 7.5
    endloop
  endfacet
  facet normal 0 0 1
    outer loop
      vertex -4.968347996473312 -13.491337996721267 7.5
      vertex -3.4783206954598427 -15.63457057327032 7.5
      vertex -3.3333770632743835 -15.594996285438537 7.5
    endloop
  endfacet
  facet normal 0 0 1
    outer loop
      vertex -4.968347996473312 -13.491337996721267 7.5
      vertex -3.3333770632743835 -15.594996285438537 7.5
      vertex -3.19937277585268 -15.539592285454273 7.5
    endloop
  endfacet
  facet normal 0 0 1
    outer loop
      vertex -4.968347996473312 -13.491337996721267 7.5
      vertex -3.19937277585268 -15.539592285454273 7.5
      vertex -3.0763078331947327 -15.468358573317527 7.5
    endloop
  endfacet
  facet normal 0 0 1
    outer loop
      vertex -4.968347996473312 -13.491337996721267 7.5
      vertex -2.862995997071266 -15.278401997685432 7.5
      vertex -2.774126410484314 -15.16174044907093 7.5
    endloop
  endfacet
  facet normal 0 0 1
    outer loop
      vertex -4.968347996473312 -13.491337996721267 7.5
      vertex -2.9641822427511215 -15.38129514157772 7.5
      vertex -2.862995997071266 -15.278401997685432 7.5
    endloop
  endfacet
  facet normal 0 0 1
    outer loop
      vertex -4.968347996473312 -13.491337996721267 7.5
      vertex -3.0763078331947327 -15.468358573317527 7.5
      vertex -2.9641822427511215 -15.38129514157772 7.5
    endloop
  endfacet
  facet normal 0 0 1
    outer loop
      vertex -4.968347996473312 -13.491337996721267 7.5
      vertex -2.774126410484314 -15.16174044907093 7.5
      vertex -2.698929063975811 -15.033350084722041 7.5
    endloop
  endfacet
  facet normal 0 0 1
    outer loop
      vertex -3.7958580031991005 -16.068231996893882 7.5
      vertex -0.146186001598835 -16.063603755831718 7.5
      vertex -3.566144123673439 -16.058187593519687 7.5
    endloop
  endfacet
  facet normal 0 0 1
    outer loop
      vertex -3.566144123673439 -16.058187593519687 7.5
      vertex -0.30016742646694183 -16.049719017744064 7.5
      vertex -3.3511556312441826 -16.02805436849594 7.5
    endloop
  endfacet
  facet normal 0 0 1
    outer loop
      vertex -2.1812651455402374 -15.08508591800928 7.5
      vertex -2.267400287091732 -15.264099267125129 7.5
      vertex -1.5253959968686104 -15.168886002898216 7.5
    endloop
  endfacet
  facet normal 0 0 1
    outer loop
      vertex -2.3726765736937523 -15.427755956351756 7.5
      vertex -1.404013141989708 -15.405754734575748 7.5
      vertex -2.267400287091732 -15.264099267125129 7.5
    endloop
  endfacet
  facet normal 0 0 1
    outer loop
      vertex -2.066418282687664 -14.680989262461662 7.5
      vertex -2.114271141588688 -14.890715916454791 7.5
      vertex -1.5253959968686104 -15.168886002898216 7.5
    endloop
  endfacet
  facet normal 0 0 1
    outer loop
      vertex -2.0281360000371933 -14.21546599715948 7.5
      vertex -2.037706568837166 -14.455905956029891 7.5
      vertex -1.0589839965105057 -15.014301997423171 7.5
    endloop
  endfacet
  facet normal 0 0 1
    outer loop
      vertex -2.037706568837166 -14.455905956029891 7.5
      vertex -2.066418282687664 -14.680989262461662 7.5
      vertex -1.0589839965105057 -15.014301997423171 7.5
    endloop
  endfacet
  facet normal 0 0 1
    outer loop
      vertex -2.114271141588688 -14.890715916454791 7.5
      vertex -2.1812651455402374 -15.08508591800928 7.5
      vertex -1.5253959968686104 -15.168886002898216 7.5
    endloop
  endfacet
  facet normal 0 0 1
    outer loop
      vertex -2.267400287091732 -15.264099267125129 7.5
      vertex -1.4689117148518562 -15.291791182756423 7.5
      vertex -1.5253959968686104 -15.168886002898216 7.5
    endloop
  endfacet
  facet normal 0 0 1
    outer loop
      vertex -2.267400287091732 -15.264099267125129 7.5
      vertex -1.404013141989708 -15.405754734575748 7.5
      vertex -1.4689117148518562 -15.291791182756423 7.5
    endloop
  endfacet
  facet normal 0 0 1
    outer loop
      vertex -2.3726765736937523 -15.427755956351756 7.5
      vertex -1.3307002857327461 -15.510776650905608 7.5
      vertex -1.404013141989708 -15.405754734575748 7.5
    endloop
  endfacet
  facet normal 0 0 1
    outer loop
      vertex -2.7945424914360046 -15.817121793329715 7.5
      vertex -1.0602760016918182 -15.77219260931015 7.5
      vertex -2.6384555473923683 -15.706633304059505 7.5
    endloop
  endfacet
  facet normal 0 0 1
    outer loop
      vertex -2.9653548151254654 -15.907521468400954 7.5
      vertex -0.8382474258542061 -15.901615184545516 7.5
      vertex -2.7945424914360046 -15.817121793329715 7.5
    endloop
  endfacet
  facet normal 0 0 1
    outer loop
      vertex -2.3726765736937523 -15.427755956351756 7.5
      vertex -2.4970939978957176 -15.576056000590324 7.5
      vertex -1.3307002857327461 -15.510776650905608 7.5
    endloop
  endfacet
  facet normal 0 0 1
    outer loop
      vertex -2.6384555473923683 -15.706633304059505 7.5
      vertex -1.1588317155838013 -15.6939955919981 7.5
      vertex -2.4970939978957176 -15.576056000590324 7.5
    endloop
  endfacet
  facet normal 0 0 1
    outer loop
      vertex -3.3511556312441826 -16.02805436849594 7.5
      vertex -0.44636428356170654 -16.02657779753208 7.5
      vertex -3.1508925333619118 -15.977832329273223 7.5
    endloop
  endfacet
  facet normal 0 0 1
    outer loop
      vertex -3.1508925333619118 -15.977832329273223 7.5
      vertex -0.715404286980629 -15.952525880932807 7.5
      vertex -2.9653548151254654 -15.907521468400954 7.5
    endloop
  endfacet
  facet normal 0 0 1
    outer loop
      vertex -2.4970939978957176 -15.576056000590324 7.5
      vertex -1.2489731460809708 -15.606856939196586 7.5
      vertex -1.3307002857327461 -15.510776650905608 7.5
    endloop
  endfacet
  facet normal 0 0 1
    outer loop
      vertex -2.4970939978957176 -15.576056000590324 7.5
      vertex -1.1588317155838013 -15.6939955919981 7.5
      vertex -1.2489731460809708 -15.606856939196586 7.5
    endloop
  endfacet
  facet normal 0 0 1
    outer loop
      vertex -2.6384555473923683 -15.706633304059505 7.5
      vertex -1.0602760016918182 -15.77219260931015 7.5
      vertex -1.1588317155838013 -15.6939955919981 7.5
    endloop
  endfacet
  facet normal 0 0 1
    outer loop
      vertex -2.7945424914360046 -15.817121793329715 7.5
      vertex -0.9533059969544411 -15.841447998583316 7.5
      vertex -1.0602760016918182 -15.77219260931015 7.5
    endloop
  endfacet
  facet normal 0 0 1
    outer loop
      vertex -2.066418282687664 -14.680989262461662 7.5
      vertex -1.5253959968686104 -15.168886002898216 7.5
      vertex -1.0589839965105057 -15.014301997423171 7.5
    endloop
  endfacet
  facet normal 0 0 1
    outer loop
      vertex -1.5588740035891533 -13.29035599976778 7.5
      vertex -0.9743106961250305 -15.183217425644397 7.5
      vertex -0.9225864931941032 -15.258522574603557 7.5
    endloop
  endfacet
  facet normal 0 0 1
    outer loop
      vertex -1.5588740035891533 -13.29035599976778 7.5
      vertex -0.9225864931941032 -15.258522574603557 7.5
      vertex -0.8646039217710495 -15.32772600352764 7.5
    endloop
  endfacet
  facet normal 0 0 1
    outer loop
      vertex -1.5588740035891533 -13.29035599976778 7.5
      vertex -0.8646039217710495 -15.32772600352764 7.5
      vertex -0.8003629818558693 -15.390827712416648 7.5
    endloop
  endfacet
  facet normal 0 0 1
    outer loop
      vertex -1.5588740035891533 -13.29035599976778 7.5
      vertex -0.8003629818558693 -15.390827712416648 7.5
      vertex -0.7298636734485626 -15.44782771617174 7.5
    endloop
  endfacet
  facet normal 0 0 1
    outer loop
      vertex -1.156910002231598 -13.491337996721267 7.5
      vertex -0.7298636734485626 -15.44782771617174 7.5
      vertex -0.6531059965491295 -15.498725999891757 7.5
    endloop
  endfacet
  facet normal 0 0 1
    outer loop
      vertex -1.156910002231598 -13.491337996721267 7.5
      vertex -0.6531059965491295 -15.498725999891757 7.5
      vertex -0.5710996761918068 -15.543165837228297 7.5
    endloop
  endfacet
  facet normal 0 0 1
    outer loop
      vertex -2.7945424914360046 -15.817121793329715 7.5
      vertex -0.8382474258542061 -15.901615184545516 7.5
      vertex -0.9533059969544411 -15.841447998583316 7.5
    endloop
  endfacet
  facet normal 0 0 1
    outer loop
      vertex -2.9653548151254654 -15.907521468400954 7.5
      vertex -0.715404286980629 -15.952525880932807 7.5
      vertex -0.8382474258542061 -15.901615184545516 7.5
    endloop
  endfacet
  facet normal 0 0 1
    outer loop
      vertex -3.1508925333619118 -15.977832329273223 7.5
      vertex -0.5847765728831291 -15.994180080294608 7.5
      vertex -0.715404286980629 -15.952525880932807 7.5
    endloop
  endfacet
  facet normal 0 0 1
    outer loop
      vertex -3.1508925333619118 -15.977832329273223 7.5
      vertex -0.44636428356170654 -16.02657779753208 7.5
      vertex -0.5847765728831291 -15.994180080294608 7.5
    endloop
  endfacet
  facet normal 0 0 1
    outer loop
      vertex -3.3511556312441826 -16.02805436849594 7.5
      vertex -0.30016742646694183 -16.049719017744064 7.5
      vertex -0.44636428356170654 -16.02657779753208 7.5
    endloop
  endfacet
  facet normal 0 0 1
    outer loop
      vertex -3.566144123673439 -16.058187593519687 7.5
      vertex -0.146186001598835 -16.063603755831718 7.5
      vertex -0.30016742646694183 -16.049719017744064 7.5
    endloop
  endfacet
  facet normal 0 0 1
    outer loop
      vertex -3.7958580031991005 -16.068231996893882 7.5
      vertex 0.01557999849319458 -16.068231996893882 7.5
      vertex -0.146186001598835 -16.063603755831718 7.5
    endloop
  endfacet
  facet normal 0 0 1
    outer loop
      vertex -1.156910002231598 -13.491337996721267 7.5
      vertex -0.5710996761918068 -15.543165837228297 7.5
      vertex -0.4848326966166496 -15.58076877593994 7.5
    endloop
  endfacet
  facet normal 0 0 1
    outer loop
      vertex -1.156910002231598 -13.491337996721267 7.5
      vertex -0.4848326966166496 -15.58076877593994 7.5
      vertex -0.394305057823658 -15.611534816026687 7.5
    endloop
  endfacet
  facet normal 0 0 1
    outer loop
      vertex -1.156910002231598 -13.491337996721267 7.5
      vertex -0.394305057823658 -15.611534816026687 7.5
      vertex -0.2995167747139931 -15.635463957488536 7.5
    endloop
  endfacet
  facet normal 0 0 1
    outer loop
      vertex -1.156910002231598 -13.491337996721267 7.5
      vertex -0.2995167747139931 -15.635463957488536 7.5
      vertex -0.20046783983707428 -15.652556207776069 7.5
    endloop
  endfacet
  facet normal 0 0 1
    outer loop
      vertex -1.156910002231598 -13.491337996721267 7.5
      vertex -0.20046783983707428 -15.652556207776069 7.5
      vertex -0.09715824574232101 -15.662811551988124 7.5
    endloop
  endfacet
  facet normal 0 0 1
    outer loop
      vertex -1.156910002231598 -13.491337996721267 7.5
      vertex -0.09715824574232101 -15.662811551988124 7.5
      vertex 0.010412000119686127 -15.666229997575282 7.5
    endloop
  endfacet
  facet normal 0 0 1
    outer loop
      vertex -1.156910002231598 -13.491337996721267 7.5
      vertex 0.010412000119686127 -15.666229997575282 7.5
      vertex 0.17723432928323746 -15.658315141499042 7.5
    endloop
  endfacet
  facet normal 0 0 1
    outer loop
      vertex -1.156910002231598 -13.491337996721267 7.5
      vertex 0.17723432928323746 -15.658315141499042 7.5
      vertex 0.3331173062324524 -15.63457057327032 7.5
    endloop
  endfacet
  facet normal 0 0 1
    outer loop
      vertex -1.156910002231598 -13.491337996721267 7.5
      vertex 0.3331173062324524 -15.63457057327032 7.5
      vertex 0.47806093841791153 -15.594996285438537 7.5
    endloop
  endfacet
  facet normal 0 0 1
    outer loop
      vertex -1.156910002231598 -13.491337996721267 7.5
      vertex 0.47806093841791153 -15.594996285438537 7.5
      vertex 0.6120652258396149 -15.539592285454273 7.5
    endloop
  endfacet
  facet normal 0 0 1
    outer loop
      vertex -11.767766952966369 -11.83223304703363 7.5
      vertex -7.730634655534024 -17.12598171358605 7.5
      vertex 11.25 -28.765063509461097 7.5
    endloop
  endfacet
  facet normal 0 0 1
    outer loop
      vertex -11.767766952966369 -11.83223304703363 7.5
      vertex 11.25 -28.765063509461097 7.5
      vertex -4.764743998646736 -15.841447998583316 7.5
    endloop
  endfacet
  facet normal 0 0 1
    outer loop
      vertex -7.730634655534024 -17.12598171358605 7.5
      vertex -7.614359353944899 -17.3 7.5
      vertex 11.25 -28.765063509461097 7.5
    endloop
  endfacet
  facet normal 0 0 1
    outer loop
      vertex -7.614359353944899 -17.3 7.5
      vertex -7.521792747981941 -17.487706508215858 7.5
      vertex 11.25 -28.765063509461097 7.5
    endloop
  endfacet
  facet normal 0 0 1
    outer loop
      vertex -7.521792747981941 -17.487706508215858 7.5
      vertex -7.45451867793749 -17.68588952783597 7.5
      vertex 11.25 -28.765063509461097 7.5
    endloop
  endfacet
  facet normal 0 0 1
    outer loop
      vertex -7.45451867793749 -17.68588952783597 7.5
      vertex -7.413688221801904 -17.89115809244792 7.5
      vertex 11.25 -28.765063509461097 7.5
    endloop
  endfacet
  facet normal 0 0 1
    outer loop
      vertex -7.413688221801904 -17.89115809244792 7.5
      vertex -7.4 -18.1 7.5
      vertex 11.25 -28.765063509461097 7.5
    endloop
  endfacet
  facet normal 0 0 1
    outer loop
      vertex -7.4 -18.1 7.5
      vertex -7.413688221801904 -18.308841907552083 7.5
      vertex 11.25 -28.765063509461097 7.5
    endloop
  endfacet
  facet normal 0 0 1
    outer loop
      vertex -11.5219035725218 -28.583383350728088 7.5
      vertex -10 -29.1 7.5
      vertex 11.25 -28.765063509461097 7.5
    endloop
  endfacet
  facet normal 0 0 1
    outer loop
      vertex -9 -19.700000000000003 7.5
      vertex 11.25 -28.765063509461097 7.5
      vertex -8.791158092447917 -19.6863117781981 7.5
    endloop
  endfacet
  facet normal 0 0 1
    outer loop
      vertex -8.791158092447917 -19.6863117781981 7.5
      vertex 11.25 -28.765063509461097 7.5
      vertex -8.585889527835967 -19.645481322062512 7.5
    endloop
  endfacet
  facet normal 0 0 1
    outer loop
      vertex -8.585889527835967 -19.645481322062512 7.5
      vertex 11.25 -28.765063509461097 7.5
      vertex -8.387706508215857 -19.57820725201806 7.5
    endloop
  endfacet
  facet normal 0 0 1
    outer loop
      vertex -8.387706508215857 -19.57820725201806 7.5
      vertex 11.25 -28.765063509461097 7.5
      vertex -8.2 -19.485640646055103 7.5
    endloop
  endfacet
  facet normal 0 0 1
    outer loop
      vertex -8.2 -19.485640646055103 7.5
      vertex 11.25 -28.765063509461097 7.5
      vertex -8.025981713586047 -19.369365344465976 7.5
    endloop
  endfacet
  facet normal 0 0 1
    outer loop
      vertex -7.45451867793749 -18.514110472164035 7.5
      vertex 11.25 -28.765063509461097 7.5
      vertex -7.413688221801904 -18.308841907552083 7.5
    endloop
  endfacet
  facet normal 0 0 1
    outer loop
      vertex -7.45451867793749 -18.514110472164035 7.5
      vertex -7.521792747981941 -18.712293491784145 7.5
      vertex 11.25 -28.765063509461097 7.5
    endloop
  endfacet
  facet normal 0 0 1
    outer loop
      vertex -7.521792747981941 -18.712293491784145 7.5
      vertex -7.614359353944899 -18.900000000000002 7.5
      vertex 11.25 -28.765063509461097 7.5
    endloop
  endfacet
  facet normal 0 0 1
    outer loop
      vertex -7.730634655534024 -19.074018286413953 7.5
      vertex 11.25 -28.765063509461097 7.5
      vertex -7.614359353944899 -18.900000000000002 7.5
    endloop
  endfacet
  facet normal 0 0 1
    outer loop
      vertex -8.025981713586047 -19.369365344465976 7.5
      vertex 11.25 -28.765063509461097 7.5
      vertex -7.8686291501015235 -19.23137084989848 7.5
    endloop
  endfacet
  facet normal 0 0 1
    outer loop
      vertex -7.8686291501015235 -19.23137084989848 7.5
      vertex 11.25 -28.765063509461097 7.5
      vertex -7.730634655534024 -19.074018286413953 7.5
    endloop
  endfacet
  facet normal 0 0 1
    outer loop
      vertex -9 -19.700000000000003 7.5
      vertex -11.5219035725218 -28.583383350728088 7.5
      vertex 11.25 -28.765063509461097 7.5
    endloop
  endfacet
  facet normal 0 1 0
    outer loop
      vertex 10 -11.1 7.5
      vertex 10 -11.1 0
      vertex 7.25 -11.1 0
    endloop
  endfacet
  facet normal 0.06540312923014452 0.9978589232386033 0
    outer loop
      vertex 10.326315480550129 -11.121387846565474 7.5
      vertex 10.326315480550129 -11.121387846565474 0
      vertex 10 -11.1 0
    endloop
  endfacet
  facet normal 0.19509032201612833 0.9807852804032305 0
    outer loop
      vertex 10.647047612756301 -11.18518543427733 7.5
      vertex 10.647047612756301 -11.18518543427733 0
      vertex 10.326315480550129 -11.121387846565474 0
    endloop
  endfacet
  facet normal 0.32143946530315926 0.9469301294951064 0
    outer loop
      vertex 10.956708580912725 -11.290301168721783 7.5
      vertex 10.956708580912725 -11.290301168721783 0
      vertex 10.647047612756301 -11.18518543427733 0
    endloop
  endfacet
  facet normal 0.44228869021900047 0.8968727415326888 0
    outer loop
      vertex 11.25 -11.434936490538902 7.5
      vertex 11.25 -11.434936490538902 0
      vertex 10.956708580912725 -11.290301168721783 0
    endloop
  endfacet
  facet normal 0.5555702330196043 0.8314696123025439 0
    outer loop
      vertex 11.5219035725218 -11.616616649271911 7.5
      vertex 11.5219035725218 -11.616616649271911 0
      vertex 11.25 -11.434936490538902 0
    endloop
  endfacet
  facet normal 0.6593458151000678 0.7518398074789784 0
    outer loop
      vertex 11.767766952966369 -11.83223304703363 7.5
      vertex 11.767766952966369 -11.83223304703363 0
      vertex 11.5219035725218 -11.616616649271911 0
    endloop
  endfacet
  facet normal 0.7518398074789759 0.6593458151000704 0
    outer loop
      vertex 11.983383350728088 -12.078096427478197 7.5
      vertex 11.983383350728088 -12.078096427478197 0
      vertex 11.767766952966369 -11.83223304703363 0
    endloop
  endfacet
  facet normal 0.8314696123025481 0.555570233019598 0
    outer loop
      vertex 12.165063509461095 -12.35 7.5
      vertex 12.165063509461095 -12.35 0
      vertex 11.983383350728088 -12.078096427478197 0
    endloop
  endfacet
  facet normal 0.8968727415326865 0.4422886902190048 0
    outer loop
      vertex 12.309698831278217 -12.643291419087275 7.5
      vertex 12.309698831278217 -12.643291419087275 0
      vertex 12.165063509461095 -12.35 0
    endloop
  endfacet
  facet normal 0.9469301294951064 0.32143946530315926 0
    outer loop
      vertex 12.41481456572267 -12.952952387243698 7.5
      vertex 12.41481456572267 -12.952952387243698 0
      vertex 12.309698831278217 -12.643291419087275 0
    endloop
  endfacet
  facet normal 0.9807852804032305 0.19509032201612833 0
    outer loop
      vertex 12.478612153434526 -13.273684519449871 7.5
      vertex 12.478612153434526 -13.273684519449871 0
      vertex 12.41481456572267 -12.952952387243698 0
    endloop
  endfacet
  facet normal 0.9978589232386033 0.06540312923014452 0
    outer loop
      vertex 12.5 -13.6 7.5
      vertex 12.5 -13.6 0
      vertex 12.478612153434526 -13.273684519449871 0
    endloop
  endfacet
  facet normal 0 -1 0
    outer loop
      vertex 2.7264733687779787 -29.1 0.3589470286051418
      vertex 2.75 -29.1 0
      vertex 10 -29.1 7.5
    endloop
  endfacet
  facet normal 0 -1 0
    outer loop
      vertex 2.7264733687779787 -29.1 0.3589470286051418
      vertex 10 -29.1 7.5
      vertex 2.6562960222949377 -29.1 0.711752374031932
    endloop
  endfacet
  facet normal 0 -1 0
    outer loop
      vertex 2.6562960222949377 -29.1 0.711752374031932
      vertex 10 -29.1 7.5
      vertex 2.5406687144060385 -29.1 1.0523794390039969
    endloop
  endfacet
  facet normal 0 -1 0
    outer loop
      vertex 2.5406687144060385 -29.1 1.0523794390039969
      vertex 10 -29.1 7.5
      vertex 2.381569860407206 -29.1 1.375
    endloop
  endfacet
  facet normal 0 -1 0
    outer loop
      vertex 2.1817216858008965 -29.1 1.6740939297739819
      vertex 2.381569860407206 -29.1 1.375
      vertex 10 -29.1 7.5
    endloop
  endfacet
  facet normal 0 -1 0
    outer loop
      vertex 2.1817216858008965 -29.1 1.6740939297739819
      vertex 10 -29.1 7.5
      vertex 1.9445436482630059 -29.1 1.9445436482630059
    endloop
  endfacet
  facet normal 1 0 0
    outer loop
      vertex 12.5 -13.6 7.5
      vertex 12.5 -26.6 0
      vertex 12.5 -13.6 0
    endloop
  endfacet
  facet normal 0 -1 0
    outer loop
      vertex 2.75 -29.1 0
      vertex 10 -29.1 0
      vertex 10 -29.1 7.5
    endloop
  endfacet
  facet normal 0.06540312923014452 -0.9978589232386033 0
    outer loop
      vertex 10 -29.1 7.5
      vertex 10 -29.1 0
      vertex 10.326315480550129 -29.078612153434527 0
    endloop
  endfacet
  facet normal 0.19509032201612309 -0.9807852804032314 0
    outer loop
      vertex 10.326315480550129 -29.078612153434527 7.5
      vertex 10.326315480550129 -29.078612153434527 0
      vertex 10.647047612756301 -29.014814565722673 0
    endloop
  endfacet
  facet normal 0.32143946530315926 -0.9469301294951064 0
    outer loop
      vertex 10.647047612756301 -29.014814565722673 7.5
      vertex 10.647047612756301 -29.014814565722673 0
      vertex 10.956708580912725 -28.90969883127822 0
    endloop
  endfacet
  facet normal 0.9978589232386033 -0.06540312923014452 0
    outer loop
      vertex 12.478612153434526 -26.92631548055013 7.5
      vertex 12.478612153434526 -26.92631548055013 0
      vertex 12.5 -26.6 0
    endloop
  endfacet
  facet normal 0.9807852804032307 -0.19509032201612728 0
    outer loop
      vertex 12.41481456572267 -27.247047612756305 7.5
      vertex 12.41481456572267 -27.247047612756305 0
      vertex 12.478612153434526 -26.92631548055013 0
    endloop
  endfacet
  facet normal 0.4422886902190092 -0.8968727415326844 0
    outer loop
      vertex 10.956708580912725 -28.90969883127822 7.5
      vertex 10.956708580912725 -28.90969883127822 0
      vertex 11.25 -28.765063509461097 0
    endloop
  endfacet
  facet normal 0.6593458151000647 -0.7518398074789812 0
    outer loop
      vertex 11.5219035725218 -28.583383350728088 7.5
      vertex 11.5219035725218 -28.583383350728088 0
      vertex 11.767766952966369 -28.36776695296637 0
    endloop
  endfacet
  facet normal 0.5555702330196043 -0.8314696123025439 0
    outer loop
      vertex 11.25 -28.765063509461097 7.5
      vertex 11.25 -28.765063509461097 0
      vertex 11.5219035725218 -28.583383350728088 0
    endloop
  endfacet
  facet normal 0.8314696123025465 -0.5555702330196005 0
    outer loop
      vertex 11.983383350728088 -28.121903572521802 7.5
      vertex 11.983383350728088 -28.121903572521802 0
      vertex 12.165063509461095 -27.85 0
    endloop
  endfacet
  facet normal 0.9469301294951059 -0.3214394653031609 0
    outer loop
      vertex 12.309698831278217 -27.556708580912726 7.5
      vertex 12.309698831278217 -27.556708580912726 0
      vertex 12.41481456572267 -27.247047612756305 0
    endloop
  endfacet
  facet normal 0.8968727415326865 -0.4422886902190048 0
    outer loop
      vertex 12.165063509461095 -27.85 7.5
      vertex 12.165063509461095 -27.85 0
      vertex 12.309698831278217 -27.556708580912726 0
    endloop
  endfacet
  facet normal 0.7518398074789784 -0.6593458151000678 0
    outer loop
      vertex 11.767766952966369 -28.36776695296637 7.5
      vertex 11.767766952966369 -28.36776695296637 0
      vertex 11.983383350728088 -28.121903572521802 0
    endloop
  endfacet
  facet normal 0 1 0
    outer loop
      vertex -10 -11.1 7.5
      vertex 10 -11.1 7.5
      vertex 6 -11.1 4.6
    endloop
  endfacet
  facet normal 0 0 1
    outer loop
      vertex 0.3145422860980034 -12.350383345782756 7.5
      vertex 0.4562442824244499 -12.373652529716491 7.5
      vertex 3.556457996368408 -12.383296002447604 7.5
    endloop
  endfacet
  facet normal 0 0 1
    outer loop
      vertex 0.4562442824244499 -12.373652529716491 7.5
      vertex 0.5918988585472107 -12.406229388713836 7.5
      vertex 3.556457996368408 -12.383296002447604 7.5
    endloop
  endfacet
  facet normal 0 0 1
    outer loop
      vertex -0.7582287341356277 -12.982853797078132 7.5
      vertex 0.45484758913517 -12.810858038067817 7.5
      vertex 0.30988147109746933 -12.769445796310901 7.5
    endloop
  endfacet
  facet normal 0 0 1
    outer loop
      vertex -0.7582287341356277 -12.982853797078132 7.5
      vertex 0.5897693037986755 -12.868835185468196 7.5
      vertex 0.45484758913517 -12.810858038067817 7.5
    endloop
  endfacet
  facet normal 0 0 1
    outer loop
      vertex -0.7582287341356277 -12.982853797078132 7.5
      vertex 0.714646615087986 -12.943377223610877 7.5
      vertex 0.5897693037986755 -12.868835185468196 7.5
    endloop
  endfacet
  facet normal 0 0 1
    outer loop
      vertex -0.7582287341356277 -12.982853797078132 7.5
      vertex 0.8294795081019402 -13.034484159946441 7.5
      vertex 0.714646615087986 -12.943377223610877 7.5
    endloop
  endfacet
  facet normal 0 0 1
    outer loop
      vertex -0.7582287341356277 -12.982853797078132 7.5
      vertex 0.9342679977416992 -13.142156001925468 7.5
      vertex 0.8294795081019402 -13.034484159946441 7.5
    endloop
  endfacet
  facet normal 0 0 1
    outer loop
      vertex -0.7582287341356277 -12.982853797078132 7.5
      vertex 1.0268980413675308 -13.26345897912979 7.5
      vertex 0.9342679977416992 -13.142156001925468 7.5
    endloop
  endfacet
  facet normal 0 0 1
    outer loop
      vertex -0.7582287341356277 -12.982853797078132 7.5
      vertex 1.105277307331562 -13.395437632501125 7.5
      vertex 1.0268980413675308 -13.26345897912979 7.5
    endloop
  endfacet
  facet normal 0 0 1
    outer loop
      vertex -0.7582287341356277 -12.982853797078132 7.5
      vertex 1.1694057956337929 -13.53809196203947 7.5
      vertex 1.105277307331562 -13.395437632501125 7.5
    endloop
  endfacet
  facet normal 0 0 1
    outer loop
      vertex -0.7582287341356277 -12.982853797078132 7.5
      vertex 1.219283513724804 -13.691421960294246 7.5
      vertex 1.1694057956337929 -13.53809196203947 7.5
    endloop
  endfacet
  facet normal 0 0 1
    outer loop
      vertex -0.7582287341356277 -12.982853797078132 7.5
      vertex 1.254910446703434 -13.855427634716033 7.5
      vertex 1.219283513724804 -13.691421960294246 7.5
    endloop
  endfacet
  facet normal 0 0 1
    outer loop
      vertex -0.7582287341356277 -12.982853797078132 7.5
      vertex 1.2762866094708443 -14.030108977854251 7.5
      vertex 1.254910446703434 -13.855427634716033 7.5
    endloop
  endfacet
  facet normal 0 0 1
    outer loop
      vertex -1.156910002231598 -13.491337996721267 7.5
      vertex 1.112508937716484 -15.033350084722041 7.5
      vertex 1.1740340441465378 -14.893230897188186 7.5
    endloop
  endfacet
  facet normal 0 0 1
    outer loop
      vertex -1.156910002231598 -13.491337996721267 7.5
      vertex 1.2834120020270348 -14.21546599715948 7.5
      vertex 1.2762866094708443 -14.030108977854251 7.5
    endloop
  endfacet
  facet normal 0 0 1
    outer loop
      vertex -1.156910002231598 -13.491337996721267 7.5
      vertex 1.2765758782625198 -14.402500447630882 7.5
      vertex 1.2834120020270348 -14.21546599715948 7.5
    endloop
  endfacet
  facet normal 0 0 1
    outer loop
      vertex -1.156910002231598 -13.491337996721267 7.5
      vertex 1.256067506968975 -14.577806082367896 7.5
      vertex 1.2765758782625198 -14.402500447630882 7.5
    endloop
  endfacet
  facet normal 0 0 1
    outer loop
      vertex -1.156910002231598 -13.491337996721267 7.5
      vertex 1.221886895596981 -14.741382901370525 7.5
      vertex 1.256067506968975 -14.577806082367896 7.5
    endloop
  endfacet
  facet normal 0 0 1
    outer loop
      vertex -1.156910002231598 -13.491337996721267 7.5
      vertex 1.1740340441465378 -14.893230897188186 7.5
      vertex 1.221886895596981 -14.741382901370525 7.5
    endloop
  endfacet
  facet normal 0 0 1
    outer loop
      vertex 0.5918988585472107 -12.406229388713836 7.5
      vertex 0.7215059995651245 -12.44811391532421 7.5
      vertex 3.556457996368408 -12.383296002447604 7.5
    endloop
  endfacet
  facet normal 0 0 1
    outer loop
      vertex 0.7215059995651245 -12.44811391532421 7.5
      vertex 0.845065712928772 -12.499306124448776 7.5
      vertex 3.556457996368408 -12.383296002447604 7.5
    endloop
  endfacet
  facet normal 0 0 1
    outer loop
      vertex 0.845065712928772 -12.499306124448776 7.5
      vertex 0.9625779986381531 -12.55980600118637 7.5
      vertex 3.556457996368408 -12.383296002447604 7.5
    endloop
  endfacet
  facet normal 0 0 1
    outer loop
      vertex 0.9625779986381531 -12.55980600118637 7.5
      vertex 1.0731750577688217 -12.628966775536536 7.5
      vertex 3.556457996368408 -12.383296002447604 7.5
    endloop
  endfacet
  facet normal 0 0 1
    outer loop
      vertex 1.0731750577688217 -12.628966775536536 7.5
      vertex 1.1759890988469124 -12.706119959056377 7.5
      vertex 3.556457996368408 -12.383296002447604 7.5
    endloop
  endfacet
  facet normal 0 0 1
    outer loop
      vertex 1.1759890988469124 -12.706119959056377 7.5
      vertex 1.271020121872425 -12.79126555174589 7.5
      vertex 3.556457996368408 -12.383296002447604 7.5
    endloop
  endfacet
  facet normal 0 0 1
    outer loop
      vertex 1.271020121872425 -12.79126555174589 7.5
      vertex 1.3582681193947792 -12.884403553605079 7.5
      vertex 3.556457996368408 -12.383296002447604 7.5
    endloop
  endfacet
  facet normal 0 0 1
    outer loop
      vertex 1.3582681193947792 -12.884403553605079 7.5
      vertex 1.4377330988645554 -12.98553395718336 7.5
      vertex 3.556457996368408 -12.383296002447604 7.5
    endloop
  endfacet
  facet normal 0 0 1
    outer loop
      vertex 1.4377330988645554 -12.98553395718336 7.5
      vertex 1.5094150602817535 -13.094656777381896 7.5
      vertex 3.556457996368408 -12.383296002447604 7.5
    endloop
  endfacet
  facet normal 0 0 1
    outer loop
      vertex 1.5094150602817535 -13.094656777381896 7.5
      vertex 1.5733140036463737 -13.211771999299526 7.5
      vertex 3.556457996368408 -12.383296002447604 7.5
    endloop
  endfacet
  facet normal 0 0 1
    outer loop
      vertex 1.5733140036463737 -13.211771999299526 7.5
      vertex 1.6290251016616821 -13.33606534898281 7.5
      vertex 3.556457996368408 -12.383296002447604 7.5
    endloop
  endfacet
  facet normal 0 0 1
    outer loop
      vertex 1.6290251016616821 -13.33606534898281 7.5
      vertex 1.6761652678251266 -13.466722530126571 7.5
      vertex 3.556457996368408 -12.383296002447604 7.5
    endloop
  endfacet
  facet normal 0 0 1
    outer loop
      vertex 1.6761652678251266 -13.466722530126571 7.5
      vertex 1.7147344872355461 -13.603743550181388 7.5
      vertex 3.556457996368408 -12.383296002447604 7.5
    endloop
  endfacet
  facet normal 0 0 1
    outer loop
      vertex 1.7147344872355461 -13.603743550181388 7.5
      vertex 1.7447327747941017 -13.747128409147262 7.5
      vertex 3.556457996368408 -12.383296002447604 7.5
    endloop
  endfacet
  facet normal 0 0 1
    outer loop
      vertex 3.556457996368408 -12.383296002447604 7.5
      vertex 1.7450197115540504 -14.680989262461662 7.5
      vertex 1.6971668601036072 -14.890715916454791 7.5
    endloop
  endfacet
  facet normal 0 0 1
    outer loop
      vertex 1.7447327747941017 -13.747128409147262 7.5
      vertex 1.7661601230502129 -13.896877099573612 7.5
      vertex 3.556457996368408 -12.383296002447604 7.5
    endloop
  endfacet
  facet normal 0 0 1
    outer loop
      vertex 1.7661601230502129 -13.896877099573612 7.5
      vertex 1.7790165320038795 -14.052989636361598 7.5
      vertex 3.556457996368408 -12.383296002447604 7.5
    endloop
  endfacet
  facet normal 0 0 1
    outer loop
      vertex 1.7790165320038795 -14.052989636361598 7.5
      vertex 1.7833020016551018 -14.21546599715948 7.5
      vertex 3.556457996368408 -12.383296002447604 7.5
    endloop
  endfacet
  facet normal 0 0 1
    outer loop
      vertex 1.7833020016551018 -14.21546599715948 7.5
      vertex 1.7737314254045486 -14.455905956029891 7.5
      vertex 3.556457996368408 -12.383296002447604 7.5
    endloop
  endfacet
  facet normal 0 0 1
    outer loop
      vertex 1.7737314254045486 -14.455905956029891 7.5
      vertex 1.7450197115540504 -14.680989262461662 7.5
      vertex 3.556457996368408 -12.383296002447604 7.5
    endloop
  endfacet
  facet normal 0 0 1
    outer loop
      vertex 3.556457996368408 -12.383296002447604 7.5
      vertex 1.6971668601036072 -14.890715916454791 7.5
      vertex 2.0747240036726 -16.01412000209093 7.5
    endloop
  endfacet
  facet normal 0 0 1
    outer loop
      vertex -10 -11.1 7.5
      vertex 11.5219035725218 -11.616616649271911 7.5
      vertex 10 -11.1 7.5
    endloop
  endfacet
  facet normal 0 0 1
    outer loop
      vertex 0.1667928546667099 -12.336421836912631 7.5
      vertex 0.3145422860980034 -12.350383345782756 7.5
      vertex 11.5219035725218 -11.616616649271911 7.5
    endloop
  endfacet
  facet normal 0 0 1
    outer loop
      vertex 3.808968000113964 -12.816230003535747 7.5
      vertex 3.592519998550415 -13.457859997451305 7.5
      vertex 4.025416001677513 -13.457859997451305 7.5
    endloop
  endfacet
  facet normal 0 0 1
    outer loop
      vertex 3.592519998550415 -13.457859997451305 7.5
      vertex 2.5927020013332367 -16.01412000209093 7.5
      vertex 4.025416001677513 -13.457859997451305 7.5
    endloop
  endfacet
  facet normal 0 0 1
    outer loop
      vertex 0.3145422860980034 -12.350383345782756 7.5
      vertex 3.556457996368408 -12.383296002447604 7.5
      vertex 11.5219035725218 -11.616616649271911 7.5
    endloop
  endfacet
  facet normal 0 1 0
    outer loop
      vertex 6 -11.1 3.9
      vertex 6 -11.1 4.6
      vertex 7.25 -11.1 3.9
    endloop
  endfacet
  facet normal 0 1 0
    outer loop
      vertex 7.25 -11.1 3.9
      vertex 10 -11.1 7.5
      vertex 7.25 -11.1 0
    endloop
  endfacet
  facet normal 0 1 0
    outer loop
      vertex 6 -11.1 4.6
      vertex 10 -11.1 7.5
      vertex 7.25 -11.1 3.9
    endloop
  endfacet
  facet normal 0.06540312923014452 0.9978589232386033 0
    outer loop
      vertex 10 -11.1 7.5
      vertex 10.326315480550129 -11.121387846565474 7.5
      vertex 10 -11.1 0
    endloop
  endfacet
  facet normal 0.19509032201612833 0.9807852804032305 0
    outer loop
      vertex 10.326315480550129 -11.121387846565474 7.5
      vertex 10.647047612756301 -11.18518543427733 7.5
      vertex 10.326315480550129 -11.121387846565474 0
    endloop
  endfacet
  facet normal 0.32143946530315926 0.9469301294951064 0
    outer loop
      vertex 10.647047612756301 -11.18518543427733 7.5
      vertex 10.956708580912725 -11.290301168721783 7.5
      vertex 10.647047612756301 -11.18518543427733 0
    endloop
  endfacet
  facet normal 0.44228869021900047 0.8968727415326888 0
    outer loop
      vertex 10.956708580912725 -11.290301168721783 7.5
      vertex 11.25 -11.434936490538902 7.5
      vertex 10.956708580912725 -11.290301168721783 0
    endloop
  endfacet
  facet normal 0.5555702330196043 0.8314696123025439 0
    outer loop
      vertex 11.25 -11.434936490538902 7.5
      vertex 11.5219035725218 -11.616616649271911 7.5
      vertex 11.25 -11.434936490538902 0
    endloop
  endfacet
  facet normal 0.6593458151000678 0.7518398074789784 0
    outer loop
      vertex 11.5219035725218 -11.616616649271911 7.5
      vertex 11.767766952966369 -11.83223304703363 7.5
      vertex 11.5219035725218 -11.616616649271911 0
    endloop
  endfacet
  facet normal 0.7518398074789759 0.6593458151000704 0
    outer loop
      vertex 11.767766952966369 -11.83223304703363 7.5
      vertex 11.983383350728088 -12.078096427478197 7.5
      vertex 11.767766952966369 -11.83223304703363 0
    endloop
  endfacet
  facet normal 0.8314696123025481 0.555570233019598 0
    outer loop
      vertex 11.983383350728088 -12.078096427478197 7.5
      vertex 12.165063509461095 -12.35 7.5
      vertex 11.983383350728088 -12.078096427478197 0
    endloop
  endfacet
  facet normal 0.8968727415326865 0.4422886902190048 0
    outer loop
      vertex 12.165063509461095 -12.35 7.5
      vertex 12.309698831278217 -12.643291419087275 7.5
      vertex 12.165063509461095 -12.35 0
    endloop
  endfacet
  facet normal 0.9469301294951064 0.32143946530315926 0
    outer loop
      vertex 12.309698831278217 -12.643291419087275 7.5
      vertex 12.41481456572267 -12.952952387243698 7.5
      vertex 12.309698831278217 -12.643291419087275 0
    endloop
  endfacet
  facet normal 0.9807852804032305 0.19509032201612833 0
    outer loop
      vertex 12.41481456572267 -12.952952387243698 7.5
      vertex 12.478612153434526 -13.273684519449871 7.5
      vertex 12.41481456572267 -12.952952387243698 0
    endloop
  endfacet
  facet normal 0.9978589232386033 0.06540312923014452 0
    outer loop
      vertex 12.478612153434526 -13.273684519449871 7.5
      vertex 12.5 -13.6 7.5
      vertex 12.478612153434526 -13.273684519449871 0
    endloop
  endfacet
  facet normal 0 0 1
    outer loop
      vertex 3.556457996368408 -12.383296002447604 7.5
      vertex 4.066646002233028 -12.383296002447604 7.5
      vertex 11.5219035725218 -11.616616649271911 7.5
    endloop
  endfacet
  facet normal 0 0 1
    outer loop
      vertex 4.066646002233028 -12.383296002447604 7.5
      vertex 9.612293491784143 -16.621792747981942 7.5
      vertex 11.5219035725218 -11.616616649271911 7.5
    endloop
  endfacet
  facet normal 0 0 1
    outer loop
      vertex 10 -11.1 7.5
      vertex 10.956708580912725 -11.290301168721783 7.5
      vertex 10.326315480550129 -11.121387846565474 7.5
    endloop
  endfacet
  facet normal 0 0 1
    outer loop
      vertex 10.326315480550129 -11.121387846565474 7.5
      vertex 10.956708580912725 -11.290301168721783 7.5
      vertex 10.647047612756301 -11.18518543427733 7.5
    endloop
  endfacet
  facet normal 0 0 1
    outer loop
      vertex 10 -11.1 7.5
      vertex 11.5219035725218 -11.616616649271911 7.5
      vertex 10.956708580912725 -11.290301168721783 7.5
    endloop
  endfacet
  facet normal 0 0 1
    outer loop
      vertex 10.956708580912725 -11.290301168721783 7.5
      vertex 11.5219035725218 -11.616616649271911 7.5
      vertex 11.25 -11.434936490538902 7.5
    endloop
  endfacet
  facet normal 0 0 1
    outer loop
      vertex 11.5219035725218 -11.616616649271911 7.5
      vertex 11.983383350728088 -12.078096427478197 7.5
      vertex 11.767766952966369 -11.83223304703363 7.5
    endloop
  endfacet
  facet normal 0 0 1
    outer loop
      vertex 11.5219035725218 -11.616616649271911 7.5
      vertex 12.309698831278217 -12.643291419087275 7.5
      vertex 11.983383350728088 -12.078096427478197 7.5
    endloop
  endfacet
  facet normal 0 0 1
    outer loop
      vertex 11.983383350728088 -12.078096427478197 7.5
      vertex 12.309698831278217 -12.643291419087275 7.5
      vertex 12.165063509461095 -12.35 7.5
    endloop
  endfacet
  facet normal 0 0 1
    outer loop
      vertex 11.5219035725218 -11.616616649271911 7.5
      vertex 12.5 -13.6 7.5
      vertex 12.309698831278217 -12.643291419087275 7.5
    endloop
  endfacet
  facet normal 0 0 1
    outer loop
      vertex 12.309698831278217 -12.643291419087275 7.5
      vertex 12.478612153434526 -13.273684519449871 7.5
      vertex 12.41481456572267 -12.952952387243698 7.5
    endloop
  endfacet
  facet normal 0 0 1
    outer loop
      vertex 12.309698831278217 -12.643291419087275 7.5
      vertex 12.5 -13.6 7.5
      vertex 12.478612153434526 -13.273684519449871 7.5
    endloop
  endfacet
  facet normal 0 -1 0
    outer loop
      vertex 1.9445436482630059 -29.1 1.9445436482630059
      vertex 10 -29.1 7.5
      vertex 1.6740939297739819 -29.1 2.1817216858008965
    endloop
  endfacet
  facet normal 0 -1 0
    outer loop
      vertex 1.0523794390039969 -29.1 2.5406687144060385
      vertex 1.375 -29.1 2.381569860407206
      vertex 10 -29.1 7.5
    endloop
  endfacet
  facet normal 0 -1 0
    outer loop
      vertex 1.375 -29.1 2.381569860407206
      vertex 1.6740939297739819 -29.1 2.1817216858008965
      vertex 10 -29.1 7.5
    endloop
  endfacet
  facet normal 0 0 1
    outer loop
      vertex -1.156910002231598 -13.491337996721267 7.5
      vertex 0.6120652258396149 -15.539592285454273 7.5
      vertex 0.7351301610469818 -15.468358573317527 7.5
    endloop
  endfacet
  facet normal 0 0 1
    outer loop
      vertex -1.156910002231598 -13.491337996721267 7.5
      vertex 0.7351301610469818 -15.468358573317527 7.5
      vertex 0.847255751490593 -15.38129514157772 7.5
    endloop
  endfacet
  facet normal 0 0 1
    outer loop
      vertex -1.156910002231598 -13.491337996721267 7.5
      vertex 0.9484419971704483 -15.278401997685432 7.5
      vertex 1.037311591207981 -15.16174044907093 7.5
    endloop
  endfacet
  facet normal 0 0 1
    outer loop
      vertex -1.156910002231598 -13.491337996721267 7.5
      vertex 0.847255751490593 -15.38129514157772 7.5
      vertex 0.9484419971704483 -15.278401997685432 7.5
    endloop
  endfacet
  facet normal 0 0 1
    outer loop
      vertex -1.156910002231598 -13.491337996721267 7.5
      vertex 1.037311591207981 -15.16174044907093 7.5
      vertex 1.112508937716484 -15.033350084722041 7.5
    endloop
  endfacet
  facet normal 0 0 1
    outer loop
      vertex 1.544037714600563 -15.264099267125129 7.5
      vertex 2.0747240036726 -16.01412000209093 7.5
      vertex 1.6301728561520576 -15.08508591800928 7.5
    endloop
  endfacet
  facet normal 0 0 1
    outer loop
      vertex 1.6971668601036072 -14.890715916454791 7.5
      vertex 1.6301728561520576 -15.08508591800928 7.5
      vertex 2.0747240036726 -16.01412000209093 7.5
    endloop
  endfacet
  facet normal 0 0 1
    outer loop
      vertex 1.4387614279985428 -15.427755956351756 7.5
      vertex 1.3143439963459969 -15.576056000590324 7.5
      vertex 2.0747240036726 -16.01412000209093 7.5
    endloop
  endfacet
  facet normal 0 0 1
    outer loop
      vertex 1.4387614279985428 -15.427755956351756 7.5
      vertex 2.0747240036726 -16.01412000209093 7.5
      vertex 1.544037714600563 -15.264099267125129 7.5
    endloop
  endfacet
  facet normal 0 0 1
    outer loop
      vertex -4.764743998646736 -15.841447998583316 7.5
      vertex 11.25 -28.765063509461097 7.5
      vertex -4.649685427546501 -15.901615184545516 7.5
    endloop
  endfacet
  facet normal 0 0 1
    outer loop
      vertex -4.649685427546501 -15.901615184545516 7.5
      vertex 11.25 -28.765063509461097 7.5
      vertex -4.526842288672924 -15.952525880932807 7.5
    endloop
  endfacet
  facet normal 0 0 1
    outer loop
      vertex -4.526842288672924 -15.952525880932807 7.5
      vertex 11.25 -28.765063509461097 7.5
      vertex -4.396214574575424 -15.994180080294608 7.5
    endloop
  endfacet
  facet normal 0 0 1
    outer loop
      vertex -4.396214574575424 -15.994180080294608 7.5
      vertex 11.25 -28.765063509461097 7.5
      vertex -4.257802285254002 -16.02657779753208 7.5
    endloop
  endfacet
  facet normal 0 0 1
    outer loop
      vertex -4.257802285254002 -16.02657779753208 7.5
      vertex 11.25 -28.765063509461097 7.5
      vertex -4.111605428159237 -16.049719017744064 7.5
    endloop
  endfacet
  facet normal 0 0 1
    outer loop
      vertex -4.111605428159237 -16.049719017744064 7.5
      vertex 11.25 -28.765063509461097 7.5
      vertex -3.95762400329113 -16.063603755831718 7.5
    endloop
  endfacet
  facet normal 0 0 1
    outer loop
      vertex -3.95762400329113 -16.063603755831718 7.5
      vertex 11.25 -28.765063509461097 7.5
      vertex -3.7958580031991005 -16.068231996893882 7.5
    endloop
  endfacet
  facet normal 0 0 1
    outer loop
      vertex -3.7958580031991005 -16.068231996893882 7.5
      vertex 11.25 -28.765063509461097 7.5
      vertex 0.01557999849319458 -16.068231996893882 7.5
    endloop
  endfacet
  facet normal 0 0 1
    outer loop
      vertex 4.025416001677513 -13.457859997451305 7.5
      vertex 2.5927020013332367 -16.01412000209093 7.5
      vertex 5.0304019972682 -16.01412000209093 7.5
    endloop
  endfacet
  facet normal 0 0 1
    outer loop
      vertex 4.066646002233028 -12.383296002447604 7.5
      vertex 5.548380002379417 -16.01412000209093 7.5
      vertex 8.2 -16.7143593539449 7.5
    endloop
  endfacet
  facet normal 0 0 1
    outer loop
      vertex 0.01557999849319458 -16.068231996893882 7.5
      vertex 11.25 -28.765063509461097 7.5
      vertex 0.24529387801885605 -16.058187593519687 7.5
    endloop
  endfacet
  facet normal 0 0 1
    outer loop
      vertex 0.24529387801885605 -16.058187593519687 7.5
      vertex 11.25 -28.765063509461097 7.5
      vertex 0.4602823704481125 -16.02805436849594 7.5
    endloop
  endfacet
  facet normal 0 0 1
    outer loop
      vertex 0.6605454683303833 -15.977832329273223 7.5
      vertex 11.25 -28.765063509461097 7.5
      vertex 0.8460831865668297 -15.907521468400954 7.5
    endloop
  endfacet
  facet normal 0 0 1
    outer loop
      vertex 0.4602823704481125 -16.02805436849594 7.5
      vertex 11.25 -28.765063509461097 7.5
      vertex 0.6605454683303833 -15.977832329273223 7.5
    endloop
  endfacet
  facet normal 0 0 1
    outer loop
      vertex 0.8460831865668297 -15.907521468400954 7.5
      vertex 11.25 -28.765063509461097 7.5
      vertex 1.0168955102562904 -15.817121793329715 7.5
    endloop
  endfacet
  facet normal 0 0 1
    outer loop
      vertex 1.0168955102562904 -15.817121793329715 7.5
      vertex 11.25 -28.765063509461097 7.5
      vertex 1.1729824468493462 -15.706633304059505 7.5
    endloop
  endfacet
  facet normal 0 0 1
    outer loop
      vertex 1.3143439963459969 -15.576056000590324 7.5
      vertex 1.1729824468493462 -15.706633304059505 7.5
      vertex 11.25 -28.765063509461097 7.5
    endloop
  endfacet
  facet normal 0 0 1
    outer loop
      vertex 1.3143439963459969 -15.576056000590324 7.5
      vertex 11.25 -28.765063509461097 7.5
      vertex 2.0747240036726 -16.01412000209093 7.5
    endloop
  endfacet
  facet normal 0 0 1
    outer loop
      vertex 2.0747240036726 -16.01412000209093 7.5
      vertex 11.25 -28.765063509461097 7.5
      vertex 2.5927020013332367 -16.01412000209093 7.5
    endloop
  endfacet
  facet normal 0 -1 0
    outer loop
      vertex -10 -29.1 7.5
      vertex 1.0523794390039969 -29.1 2.5406687144060385
      vertex 10 -29.1 7.5
    endloop
  endfacet
  facet normal 0 0 1
    outer loop
      vertex -10 -29.1 7.5
      vertex 10 -29.1 7.5
      vertex 10.647047612756301 -29.014814565722673 7.5
    endloop
  endfacet
  facet normal 0 0 1
    outer loop
      vertex -10 -29.1 7.5
      vertex 10.647047612756301 -29.014814565722673 7.5
      vertex 11.25 -28.765063509461097 7.5
    endloop
  endfacet
  facet normal 1 0 0
    outer loop
      vertex 12.5 -13.6 7.5
      vertex 12.5 -26.6 7.5
      vertex 12.5 -26.6 0
    endloop
  endfacet
  facet normal 0.06540312923014452 -0.9978589232386033 0
    outer loop
      vertex 10 -29.1 7.5
      vertex 10.326315480550129 -29.078612153434527 0
      vertex 10.326315480550129 -29.078612153434527 7.5
    endloop
  endfacet
  facet normal 0.19509032201612309 -0.9807852804032314 0
    outer loop
      vertex 10.326315480550129 -29.078612153434527 7.5
      vertex 10.647047612756301 -29.014814565722673 0
      vertex 10.647047612756301 -29.014814565722673 7.5
    endloop
  endfacet
  facet normal 0.32143946530315926 -0.9469301294951064 0
    outer loop
      vertex 10.647047612756301 -29.014814565722673 7.5
      vertex 10.956708580912725 -28.90969883127822 0
      vertex 10.956708580912725 -28.90969883127822 7.5
    endloop
  endfacet
  facet normal 0.9978589232386033 -0.06540312923014452 0
    outer loop
      vertex 12.5 -26.6 7.5
      vertex 12.478612153434526 -26.92631548055013 7.5
      vertex 12.5 -26.6 0
    endloop
  endfacet
  facet normal 0.9807852804032307 -0.19509032201612728 0
    outer loop
      vertex 12.478612153434526 -26.92631548055013 7.5
      vertex 12.41481456572267 -27.247047612756305 7.5
      vertex 12.478612153434526 -26.92631548055013 0
    endloop
  endfacet
  facet normal 0.4422886902190092 -0.8968727415326844 0
    outer loop
      vertex 10.956708580912725 -28.90969883127822 7.5
      vertex 11.25 -28.765063509461097 0
      vertex 11.25 -28.765063509461097 7.5
    endloop
  endfacet
  facet normal 0.5555702330196043 -0.8314696123025439 0
    outer loop
      vertex 11.25 -28.765063509461097 7.5
      vertex 11.5219035725218 -28.583383350728088 0
      vertex 11.5219035725218 -28.583383350728088 7.5
    endloop
  endfacet
  facet normal 0.6593458151000647 -0.7518398074789812 0
    outer loop
      vertex 11.5219035725218 -28.583383350728088 7.5
      vertex 11.767766952966369 -28.36776695296637 0
      vertex 11.767766952966369 -28.36776695296637 7.5
    endloop
  endfacet
  facet normal 0.8314696123025465 -0.5555702330196005 0
    outer loop
      vertex 11.983383350728088 -28.121903572521802 7.5
      vertex 12.165063509461095 -27.85 0
      vertex 12.165063509461095 -27.85 7.5
    endloop
  endfacet
  facet normal 0.8968727415326865 -0.4422886902190048 0
    outer loop
      vertex 12.309698831278217 -27.556708580912726 7.5
      vertex 12.165063509461095 -27.85 7.5
      vertex 12.309698831278217 -27.556708580912726 0
    endloop
  endfacet
  facet normal 0.9469301294951059 -0.3214394653031609 0
    outer loop
      vertex 12.41481456572267 -27.247047612756305 7.5
      vertex 12.309698831278217 -27.556708580912726 7.5
      vertex 12.41481456572267 -27.247047612756305 0
    endloop
  endfacet
  facet normal 0.7518398074789784 -0.6593458151000678 0
    outer loop
      vertex 11.983383350728088 -28.121903572521802 7.5
      vertex 11.767766952966369 -28.36776695296637 7.5
      vertex 11.983383350728088 -28.121903572521802 0
    endloop
  endfacet
  facet normal 0 0 1
    outer loop
      vertex 4.066646002233028 -12.383296002447604 7.5
      vertex 8.387706508215857 -16.621792747981942 7.5
      vertex 8.585889527835967 -16.55451867793749 7.5
    endloop
  endfacet
  facet normal 0 0 1
    outer loop
      vertex 4.066646002233028 -12.383296002447604 7.5
      vertex 8.2 -16.7143593539449 7.5
      vertex 8.387706508215857 -16.621792747981942 7.5
    endloop
  endfacet
  facet normal 0 0 1
    outer loop
      vertex 4.066646002233028 -12.383296002447604 7.5
      vertex 8.585889527835967 -16.55451867793749 7.5
      vertex 8.791158092447917 -16.513688221801903 7.5
    endloop
  endfacet
  facet normal 0 0 1
    outer loop
      vertex 4.066646002233028 -12.383296002447604 7.5
      vertex 8.791158092447917 -16.513688221801903 7.5
      vertex 9 -16.5 7.5
    endloop
  endfacet
  facet normal 0 0 1
    outer loop
      vertex 4.066646002233028 -12.383296002447604 7.5
      vertex 9 -16.5 7.5
      vertex 9.208841907552083 -16.513688221801903 7.5
    endloop
  endfacet
  facet normal 0 0 1
    outer loop
      vertex 4.066646002233028 -12.383296002447604 7.5
      vertex 9.208841907552083 -16.513688221801903 7.5
      vertex 9.414110472164033 -16.55451867793749 7.5
    endloop
  endfacet
  facet normal 0 0 1
    outer loop
      vertex 4.066646002233028 -12.383296002447604 7.5
      vertex 9.414110472164033 -16.55451867793749 7.5
      vertex 9.612293491784143 -16.621792747981942 7.5
    endloop
  endfacet
  facet normal 0 0 1
    outer loop
      vertex 5.548380002379417 -16.01412000209093 7.5
      vertex 7.614359353944899 -17.3 7.5
      vertex 7.730634655534024 -17.12598171358605 7.5
    endloop
  endfacet
  facet normal 0 0 1
    outer loop
      vertex 5.548380002379417 -16.01412000209093 7.5
      vertex 7.413688221801904 -17.89115809244792 7.5
      vertex 7.45451867793749 -17.68588952783597 7.5
    endloop
  endfacet
  facet normal 0 0 1
    outer loop
      vertex 5.548380002379417 -16.01412000209093 7.5
      vertex 7.521792747981941 -17.487706508215858 7.5
      vertex 7.614359353944899 -17.3 7.5
    endloop
  endfacet
  facet normal 0 0 1
    outer loop
      vertex 5.548380002379417 -16.01412000209093 7.5
      vertex 7.45451867793749 -17.68588952783597 7.5
      vertex 7.521792747981941 -17.487706508215858 7.5
    endloop
  endfacet
  facet normal 0 0 1
    outer loop
      vertex 5.548380002379417 -16.01412000209093 7.5
      vertex 7.4 -18.1 7.5
      vertex 7.413688221801904 -17.89115809244792 7.5
    endloop
  endfacet
  facet normal 0 0 1
    outer loop
      vertex 5.548380002379417 -16.01412000209093 7.5
      vertex 7.413688221801904 -18.308841907552083 7.5
      vertex 7.4 -18.1 7.5
    endloop
  endfacet
  facet normal 0 0 1
    outer loop
      vertex 5.548380002379417 -16.01412000209093 7.5
      vertex 7.45451867793749 -18.514110472164035 7.5
      vertex 7.413688221801904 -18.308841907552083 7.5
    endloop
  endfacet
  facet normal 0 0 1
    outer loop
      vertex 5.548380002379417 -16.01412000209093 7.5
      vertex 7.521792747981941 -18.712293491784145 7.5
      vertex 7.45451867793749 -18.514110472164035 7.5
    endloop
  endfacet
  facet normal 0 0 1
    outer loop
      vertex 5.548380002379417 -16.01412000209093 7.5
      vertex 7.614359353944899 -18.900000000000002 7.5
      vertex 7.521792747981941 -18.712293491784145 7.5
    endloop
  endfacet
  facet normal 0 0 1
    outer loop
      vertex 5.548380002379417 -16.01412000209093 7.5
      vertex 7.730634655534024 -19.074018286413953 7.5
      vertex 7.614359353944899 -18.900000000000002 7.5
    endloop
  endfacet
  facet normal 0 0 1
    outer loop
      vertex 5.548380002379417 -16.01412000209093 7.5
      vertex 7.730634655534024 -17.12598171358605 7.5
      vertex 7.8686291501015235 -16.968629150101524 7.5
    endloop
  endfacet
  facet normal 0 0 1
    outer loop
      vertex 5.548380002379417 -16.01412000209093 7.5
      vertex 7.8686291501015235 -16.968629150101524 7.5
      vertex 8.025981713586047 -16.830634655534027 7.5
    endloop
  endfacet
  facet normal 0 0 1
    outer loop
      vertex 5.548380002379417 -16.01412000209093 7.5
      vertex 8.025981713586047 -16.830634655534027 7.5
      vertex 8.2 -16.7143593539449 7.5
    endloop
  endfacet
  facet normal 0 0 1
    outer loop
      vertex 2.5927020013332367 -16.01412000209093 7.5
      vertex 11.25 -28.765063509461097 7.5
      vertex 5.0304019972682 -16.01412000209093 7.5
    endloop
  endfacet
  facet normal 0 0 1
    outer loop
      vertex 5.0304019972682 -16.01412000209093 7.5
      vertex 11.25 -28.765063509461097 7.5
      vertex 5.548380002379417 -16.01412000209093 7.5
    endloop
  endfacet
  facet normal 0 0 1
    outer loop
      vertex 5.548380002379417 -16.01412000209093 7.5
      vertex 11.25 -28.765063509461097 7.5
      vertex 7.730634655534024 -19.074018286413953 7.5
    endloop
  endfacet
  facet normal 0 0 1
    outer loop
      vertex 11.5219035725218 -11.616616649271911 7.5
      vertex 9.612293491784143 -16.621792747981942 7.5
      vertex 9.8 -16.7143593539449 7.5
    endloop
  endfacet
  facet normal 0 0 1
    outer loop
      vertex 11.5219035725218 -11.616616649271911 7.5
      vertex 9.8 -16.7143593539449 7.5
      vertex 9.974018286413953 -16.830634655534027 7.5
    endloop
  endfacet
  facet normal 0 0 1
    outer loop
      vertex 11.5219035725218 -11.616616649271911 7.5
      vertex 9.974018286413953 -16.830634655534027 7.5
      vertex 10.131370849898476 -16.968629150101524 7.5
    endloop
  endfacet
  facet normal 0 0 1
    outer loop
      vertex 11.5219035725218 -11.616616649271911 7.5
      vertex 10.131370849898476 -16.968629150101524 7.5
      vertex 10.269365344465976 -17.12598171358605 7.5
    endloop
  endfacet
  facet normal 0 0 1
    outer loop
      vertex 11.5219035725218 -11.616616649271911 7.5
      vertex 10.269365344465976 -17.12598171358605 7.5
      vertex 10.385640646055101 -17.3 7.5
    endloop
  endfacet
  facet normal 0 0 1
    outer loop
      vertex 11.5219035725218 -11.616616649271911 7.5
      vertex 10.385640646055101 -17.3 7.5
      vertex 10.47820725201806 -17.487706508215858 7.5
    endloop
  endfacet
  facet normal 0 0 1
    outer loop
      vertex 11.5219035725218 -11.616616649271911 7.5
      vertex 10.47820725201806 -17.487706508215858 7.5
      vertex 10.545481322062509 -17.68588952783597 7.5
    endloop
  endfacet
  facet normal 0 0 1
    outer loop
      vertex 11.5219035725218 -11.616616649271911 7.5
      vertex 10.545481322062509 -17.68588952783597 7.5
      vertex 10.586311778198096 -17.89115809244792 7.5
    endloop
  endfacet
  facet normal 0 0 1
    outer loop
      vertex 11.5219035725218 -11.616616649271911 7.5
      vertex 10.586311778198096 -17.89115809244792 7.5
      vertex 10.6 -18.1 7.5
    endloop
  endfacet
  facet normal 0 0 1
    outer loop
      vertex 11.5219035725218 -11.616616649271911 7.5
      vertex 10.6 -18.1 7.5
      vertex 10.586311778198096 -18.308841907552083 7.5
    endloop
  endfacet
  facet normal 0 0 1
    outer loop
      vertex 11.5219035725218 -11.616616649271911 7.5
      vertex 12.5 -26.6 7.5
      vertex 12.5 -13.6 7.5
    endloop
  endfacet
  facet normal 0 0 1
    outer loop
      vertex 11.5219035725218 -11.616616649271911 7.5
      vertex 10.586311778198096 -18.308841907552083 7.5
      vertex 11.25 -28.765063509461097 7.5
    endloop
  endfacet
  facet normal 0 0 1
    outer loop
      vertex 7.730634655534024 -19.074018286413953 7.5
      vertex 11.25 -28.765063509461097 7.5
      vertex 7.8686291501015235 -19.23137084989848 7.5
    endloop
  endfacet
  facet normal 0 0 1
    outer loop
      vertex 7.8686291501015235 -19.23137084989848 7.5
      vertex 11.25 -28.765063509461097 7.5
      vertex 8.025981713586047 -19.369365344465976 7.5
    endloop
  endfacet
  facet normal 0 0 1
    outer loop
      vertex 8.025981713586047 -19.369365344465976 7.5
      vertex 11.25 -28.765063509461097 7.5
      vertex 8.2 -19.485640646055103 7.5
    endloop
  endfacet
  facet normal 0 0 1
    outer loop
      vertex 8.2 -19.485640646055103 7.5
      vertex 11.25 -28.765063509461097 7.5
      vertex 8.387706508215857 -19.57820725201806 7.5
    endloop
  endfacet
  facet normal 0 0 1
    outer loop
      vertex 8.387706508215857 -19.57820725201806 7.5
      vertex 11.25 -28.765063509461097 7.5
      vertex 8.585889527835967 -19.645481322062512 7.5
    endloop
  endfacet
  facet normal 0 0 1
    outer loop
      vertex 8.585889527835967 -19.645481322062512 7.5
      vertex 11.25 -28.765063509461097 7.5
      vertex 8.791158092447917 -19.6863117781981 7.5
    endloop
  endfacet
  facet normal 0 0 1
    outer loop
      vertex 8.791158092447917 -19.6863117781981 7.5
      vertex 11.25 -28.765063509461097 7.5
      vertex 9 -19.700000000000003 7.5
    endloop
  endfacet
  facet normal 0 0 1
    outer loop
      vertex 9 -19.700000000000003 7.5
      vertex 11.25 -28.765063509461097 7.5
      vertex 9.208841907552083 -19.6863117781981 7.5
    endloop
  endfacet
  facet normal 0 0 1
    outer loop
      vertex 9.208841907552083 -19.6863117781981 7.5
      vertex 11.25 -28.765063509461097 7.5
      vertex 9.414110472164033 -19.645481322062512 7.5
    endloop
  endfacet
  facet normal 0 0 1
    outer loop
      vertex 9.414110472164033 -19.645481322062512 7.5
      vertex 11.25 -28.765063509461097 7.5
      vertex 9.612293491784143 -19.57820725201806 7.5
    endloop
  endfacet
  facet normal 0 0 1
    outer loop
      vertex 9.612293491784143 -19.57820725201806 7.5
      vertex 11.25 -28.765063509461097 7.5
      vertex 9.8 -19.485640646055103 7.5
    endloop
  endfacet
  facet normal 0 0 1
    outer loop
      vertex 9.8 -19.485640646055103 7.5
      vertex 11.25 -28.765063509461097 7.5
      vertex 9.974018286413953 -19.369365344465976 7.5
    endloop
  endfacet
  facet normal 0 0 1
    outer loop
      vertex 10.131370849898476 -19.23137084989848 7.5
      vertex 9.974018286413953 -19.369365344465976 7.5
      vertex 11.25 -28.765063509461097 7.5
    endloop
  endfacet
  facet normal 0 0 1
    outer loop
      vertex 10.269365344465976 -19.074018286413953 7.5
      vertex 11.25 -28.765063509461097 7.5
      vertex 10.385640646055101 -18.900000000000002 7.5
    endloop
  endfacet
  facet normal 0 0 1
    outer loop
      vertex 10.47820725201806 -18.712293491784145 7.5
      vertex 10.385640646055101 -18.900000000000002 7.5
      vertex 11.25 -28.765063509461097 7.5
    endloop
  endfacet
  facet normal 0 0 1
    outer loop
      vertex 10.545481322062509 -18.514110472164035 7.5
      vertex 11.25 -28.765063509461097 7.5
      vertex 10.586311778198096 -18.308841907552083 7.5
    endloop
  endfacet
  facet normal 0 0 1
    outer loop
      vertex 10.545481322062509 -18.514110472164035 7.5
      vertex 10.47820725201806 -18.712293491784145 7.5
      vertex 11.25 -28.765063509461097 7.5
    endloop
  endfacet
  facet normal 0 0 1
    outer loop
      vertex 10.131370849898476 -19.23137084989848 7.5
      vertex 11.25 -28.765063509461097 7.5
      vertex 10.269365344465976 -19.074018286413953 7.5
    endloop
  endfacet
  facet normal 0 0 1
    outer loop
      vertex 11.5219035725218 -11.616616649271911 7.5
      vertex 11.25 -28.765063509461097 7.5
      vertex 12.5 -26.6 7.5
    endloop
  endfacet
  facet normal 0 0 1
    outer loop
      vertex 10 -29.1 7.5
      vertex 10.326315480550129 -29.078612153434527 7.5
      vertex 10.647047612756301 -29.014814565722673 7.5
    endloop
  endfacet
  facet normal 0 0 1
    outer loop
      vertex 12.5 -26.6 7.5
      vertex 12.41481456572267 -27.247047612756305 7.5
      vertex 12.478612153434526 -26.92631548055013 7.5
    endloop
  endfacet
  facet normal 0 0 1
    outer loop
      vertex 12.5 -26.6 7.5
      vertex 12.165063509461095 -27.85 7.5
      vertex 12.41481456572267 -27.247047612756305 7.5
    endloop
  endfacet
  facet normal 0 0 1
    outer loop
      vertex 10.647047612756301 -29.014814565722673 7.5
      vertex 10.956708580912725 -28.90969883127822 7.5
      vertex 11.25 -28.765063509461097 7.5
    endloop
  endfacet
  facet normal 0 0 1
    outer loop
      vertex 11.25 -28.765063509461097 7.5
      vertex 11.5219035725218 -28.583383350728088 7.5
      vertex 11.767766952966369 -28.36776695296637 7.5
    endloop
  endfacet
  facet normal 0 0 1
    outer loop
      vertex 12.5 -26.6 7.5
      vertex 11.25 -28.765063509461097 7.5
      vertex 12.165063509461095 -27.85 7.5
    endloop
  endfacet
  facet normal 0 0 1
    outer loop
      vertex 11.983383350728088 -28.121903572521802 7.5
      vertex 12.165063509461095 -27.85 7.5
      vertex 11.767766952966369 -28.36776695296637 7.5
    endloop
  endfacet
  facet normal 0 0 1
    outer loop
      vertex 12.41481456572267 -27.247047612756305 7.5
      vertex 12.165063509461095 -27.85 7.5
      vertex 12.309698831278217 -27.556708580912726 7.5
    endloop
  endfacet
  facet normal 0 0 1
    outer loop
      vertex 11.25 -28.765063509461097 7.5
      vertex 11.767766952966369 -28.36776695296637 7.5
      vertex 12.165063509461095 -27.85 7.5
    endloop
  endfacet
  facet normal 0 1 0
    outer loop
      vertex -7.25 0 3.9
      vertex -4.485 0 0.595
      vertex -7.25 0 0
    endloop
  endfacet
  facet normal -1 0 0
    outer loop
      vertex -7.25 0 3.9
      vertex -7.25 0 0
      vertex -7.25 -11.1 0
    endloop
  endfacet
  facet normal -1 0 0
    outer loop
      vertex -7.25 0 3.9
      vertex -7.25 -11.1 0
      vertex -7.25 -11.1 3.9
    endloop
  endfacet
  facet normal 0 1 0
    outer loop
      vertex -4.485 0 0.595
      vertex -3.135 0 0.595
      vertex -7.25 0 0
    endloop
  endfacet
  facet normal 0 1 0
    outer loop
      vertex -3.135 0 0.595
      vertex -1.945 0 0.595
      vertex -7.25 0 0
    endloop
  endfacet
  facet normal 0 1 0
    outer loop
      vertex -1.945 0 0.595
      vertex -0.595 0 0.595
      vertex -7.25 0 0
    endloop
  endfacet
  facet normal 0 1 0
    outer loop
      vertex -0.595 0 0.595
      vertex 0.595 0 0.595
      vertex -7.25 0 0
    endloop
  endfacet
  facet normal 0 1 0
    outer loop
      vertex 0.595 0 0.595
      vertex 1.945 0 0.595
      vertex -7.25 0 0
    endloop
  endfacet
  facet normal 0 1 0
    outer loop
      vertex 1.945 0 0.595
      vertex 3.135 0 0.595
      vertex -7.25 0 0
    endloop
  endfacet
  facet normal 0 1 0
    outer loop
      vertex -3.135 0 0.595
      vertex -3.135 0 1.945
      vertex -1.945 0 0.595
    endloop
  endfacet
  facet normal 0 1 0
    outer loop
      vertex -3.135 0 1.945
      vertex -1.945 0 1.945
      vertex -1.945 0 0.595
    endloop
  endfacet
  facet normal 0 1 0
    outer loop
      vertex -0.595 0 0.595
      vertex -0.595 0 1.945
      vertex 0.595 0 0.595
    endloop
  endfacet
  facet normal 0 1 0
    outer loop
      vertex -7.25 0 3.9
      vertex -4.485 0 1.945
      vertex -4.485 0 0.595
    endloop
  endfacet
  facet normal 0 1 0
    outer loop
      vertex -7.25 0 3.9
      vertex -3.135 0 1.945
      vertex -4.485 0 1.945
    endloop
  endfacet
  facet normal 0 1 0
    outer loop
      vertex -7.25 0 3.9
      vertex -1.945 0 1.945
      vertex -3.135 0 1.945
    endloop
  endfacet
  facet normal 0 1 0
    outer loop
      vertex -7.25 0 3.9
      vertex -0.595 0 1.945
      vertex -1.945 0 1.945
    endloop
  endfacet
  facet normal 0 1 0
    outer loop
      vertex -7.25 0 3.9
      vertex 0.595 0 1.945
      vertex -0.595 0 1.945
    endloop
  endfacet
  facet normal 0 1 0
    outer loop
      vertex -7.25 0 3.9
      vertex 1.945 0 1.945
      vertex 0.595 0 1.945
    endloop
  endfacet
  facet normal 0 0 1
    outer loop
      vertex -7.25 -11.1 3.9
      vertex -6 -11.1 3.9
      vertex -6 -11.08 3.9
    endloop
  endfacet
  facet normal 0 0 1
    outer loop
      vertex -7.25 0 3.9
      vertex -7.25 -11.1 3.9
      vertex 7.25 0 3.9
    endloop
  endfacet
  facet normal 0 0 1
    outer loop
      vertex -7.25 -11.1 3.9
      vertex -6 -11.08 3.9
      vertex 7.25 0 3.9
    endloop
  endfacet
  facet normal 0 1 0
    outer loop
      vertex 3.135 0 0.595
      vertex 4.485 0 0.595
      vertex -7.25 0 0
    endloop
  endfacet
  facet normal 0 1 0
    outer loop
      vertex 4.485 0 0.595
      vertex 7.25 0 0
      vertex -7.25 0 0
    endloop
  endfacet
  facet normal 0 1 0
    outer loop
      vertex -0.595 0 1.945
      vertex 0.595 0 1.945
      vertex 0.595 0 0.595
    endloop
  endfacet
  facet normal 0 1 0
    outer loop
      vertex 1.945 0 0.595
      vertex 1.945 0 1.945
      vertex 3.135 0 0.595
    endloop
  endfacet
  facet normal 0 1 0
    outer loop
      vertex 1.945 0 1.945
      vertex 3.135 0 1.945
      vertex 3.135 0 0.595
    endloop
  endfacet
  facet normal 0 1 0
    outer loop
      vertex -7.25 0 3.9
      vertex 7.25 0 3.9
      vertex 1.945 0 1.945
    endloop
  endfacet
  facet normal 0 1 0
    outer loop
      vertex 1.945 0 1.945
      vertex 7.25 0 3.9
      vertex 3.135 0 1.945
    endloop
  endfacet
  facet normal 0 1 0
    outer loop
      vertex 4.485 0 0.595
      vertex 4.485 0 1.945
      vertex 7.25 0 3.9
    endloop
  endfacet
  facet normal 0 1 0
    outer loop
      vertex 3.135 0 1.945
      vertex 7.25 0 3.9
      vertex 4.485 0 1.945
    endloop
  endfacet
  facet normal 0 1 0
    outer loop
      vertex 4.485 0 0.595
      vertex 7.25 0 3.9
      vertex 7.25 0 0
    endloop
  endfacet
  facet normal 1 0 0
    outer loop
      vertex 7.25 -11.1 3.9
      vertex 7.25 -11.1 0
      vertex 7.25 0 0
    endloop
  endfacet
  facet normal 1 0 0
    outer loop
      vertex 7.25 0 3.9
      vertex 7.25 -11.1 3.9
      vertex 7.25 0 0
    endloop
  endfacet
  facet normal 0 0 1
    outer loop
      vertex -6 -11.08 3.9
      vertex 6 -11.08 3.9
      vertex 7.25 0 3.9
    endloop
  endfacet
  facet normal 0 0 1
    outer loop
      vertex 6 -11.08 3.9
      vertex 7.25 -11.1 3.9
      vertex 7.25 0 3.9
    endloop
  endfacet
  facet normal 0 0 1
    outer loop
      vertex 6 -11.08 3.9
      vertex 6 -11.1 3.9
      vertex 7.25 -11.1 3.9
    endloop
  endfacet
  facet normal 0 0 1
    outer loop
      vertex -4.485 0 0.595
      vertex -4.485 -1.6 0.595
      vertex -3.135 0 0.595
    endloop
  endfacet
  facet normal 0 0 1
    outer loop
      vertex -4.485 -1.6 0.595
      vertex -3.135 -1.6 0.595
      vertex -3.135 0 0.595
    endloop
  endfacet
  facet normal 1 0 0
    outer loop
      vertex -4.485 0 0.595
      vertex -4.485 -1.6 1.945
      vertex -4.485 -1.6 0.595
    endloop
  endfacet
  facet normal -1 0 0
    outer loop
      vertex -3.135 0 0.595
      vertex -3.135 -1.6 0.595
      vertex -3.135 0 1.945
    endloop
  endfacet
  facet normal 1 0 0
    outer loop
      vertex -4.485 0 0.595
      vertex -4.485 0 1.945
      vertex -4.485 -1.6 1.945
    endloop
  endfacet
  facet normal -1 0 0
    outer loop
      vertex -3.135 -1.6 0.595
      vertex -3.135 -1.6 1.945
      vertex -3.135 0 1.945
    endloop
  endfacet
  facet normal 0 0 -1
    outer loop
      vertex -4.485 0 1.945
      vertex -3.135 -1.6 1.945
      vertex -4.485 -1.6 1.945
    endloop
  endfacet
  facet normal 0 0 -1
    outer loop
      vertex -4.485 0 1.945
      vertex -3.135 0 1.945
      vertex -3.135 -1.6 1.945
    endloop
  endfacet
  facet normal 0 0 1
    outer loop
      vertex -1.945 0 0.595
      vertex -1.945 -1.6 0.595
      vertex -0.595 0 0.595
    endloop
  endfacet
  facet normal 0 0 1
    outer loop
      vertex -1.945 -1.6 0.595
      vertex -0.595 -1.6 0.595
      vertex -0.595 0 0.595
    endloop
  endfacet
  facet normal 1 0 0
    outer loop
      vertex -1.945 0 0.595
      vertex -1.945 -1.6 1.945
      vertex -1.945 -1.6 0.595
    endloop
  endfacet
  facet normal 1 0 0
    outer loop
      vertex -1.945 0 0.595
      vertex -1.945 0 1.945
      vertex -1.945 -1.6 1.945
    endloop
  endfacet
  facet normal -1 0 0
    outer loop
      vertex -0.595 0 0.595
      vertex -0.595 -1.6 0.595
      vertex -0.595 0 1.945
    endloop
  endfacet
  facet normal -1 0 0
    outer loop
      vertex -0.595 -1.6 0.595
      vertex -0.595 -1.6 1.945
      vertex -0.595 0 1.945
    endloop
  endfacet
  facet normal 0 0 -1
    outer loop
      vertex -1.945 0 1.945
      vertex -0.595 0 1.945
      vertex -0.595 -1.6 1.945
    endloop
  endfacet
  facet normal 0 0 -1
    outer loop
      vertex -1.945 0 1.945
      vertex -0.595 -1.6 1.945
      vertex -1.945 -1.6 1.945
    endloop
  endfacet
  facet normal 0 0 1
    outer loop
      vertex 0.595 0 0.595
      vertex 0.595 -1.6 0.595
      vertex 1.945 0 0.595
    endloop
  endfacet
  facet normal 0 0 1
    outer loop
      vertex 0.595 -1.6 0.595
      vertex 1.945 -1.6 0.595
      vertex 1.945 0 0.595
    endloop
  endfacet
  facet normal 1 0 0
    outer loop
      vertex 0.595 0 0.595
      vertex 0.595 -1.6 1.945
      vertex 0.595 -1.6 0.595
    endloop
  endfacet
  facet normal 1 0 0
    outer loop
      vertex 0.595 0 0.595
      vertex 0.595 0 1.945
      vertex 0.595 -1.6 1.945
    endloop
  endfacet
  facet normal -1 0 0
    outer loop
      vertex 1.945 0 0.595
      vertex 1.945 -1.6 0.595
      vertex 1.945 0 1.945
    endloop
  endfacet
  facet normal -1 0 0
    outer loop
      vertex 1.945 -1.6 0.595
      vertex 1.945 -1.6 1.945
      vertex 1.945 0 1.945
    endloop
  endfacet
  facet normal 0 0 -1
    outer loop
      vertex 0.595 0 1.945
      vertex 1.945 0 1.945
      vertex 1.945 -1.6 1.945
    endloop
  endfacet
  facet normal 0 0 -1
    outer loop
      vertex 0.595 0 1.945
      vertex 1.945 -1.6 1.945
      vertex 0.595 -1.6 1.945
    endloop
  endfacet
  facet normal 0 0 1
    outer loop
      vertex 3.135 0 0.595
      vertex 3.135 -1.6 0.595
      vertex 4.485 0 0.595
    endloop
  endfacet
  facet normal 0 0 1
    outer loop
      vertex 3.135 -1.6 0.595
      vertex 4.485 -1.6 0.595
      vertex 4.485 0 0.595
    endloop
  endfacet
  facet normal 1 0 0
    outer loop
      vertex 3.135 0 0.595
      vertex 3.135 -1.6 1.945
      vertex 3.135 -1.6 0.595
    endloop
  endfacet
  facet normal -1 0 0
    outer loop
      vertex 4.485 0 0.595
      vertex 4.485 -1.6 0.595
      vertex 4.485 0 1.945
    endloop
  endfacet
  facet normal 1 0 0
    outer loop
      vertex 3.135 0 0.595
      vertex 3.135 0 1.945
      vertex 3.135 -1.6 1.945
    endloop
  endfacet
  facet normal -1 0 0
    outer loop
      vertex 4.485 -1.6 0.595
      vertex 4.485 -1.6 1.945
      vertex 4.485 0 1.945
    endloop
  endfacet
  facet normal 0 0 -1
    outer loop
      vertex 3.135 0 1.945
      vertex 4.485 -1.6 1.945
      vertex 3.135 -1.6 1.945
    endloop
  endfacet
  facet normal 0 0 -1
    outer loop
      vertex 3.135 0 1.945
      vertex 4.485 0 1.945
      vertex 4.485 -1.6 1.945
    endloop
  endfacet
  facet normal 0.8314696123025426 -0.5555702330196062 0
    outer loop
      vertex -10.385640646055101 -17.3 7.5
      vertex -10.385640646055101 -17.3 0
      vertex -10.269365344465976 -17.12598171358605 0
    endloop
  endfacet
  facet normal 0.7518398074789827 -0.6593458151000628 0
    outer loop
      vertex -10.269365344465976 -17.12598171358605 7.5
      vertex -10.269365344465976 -17.12598171358605 0
      vertex -10.131370849898476 -16.968629150101524 0
    endloop
  endfacet
  facet normal 0.9807852804032304 -0.1950903220161282 0
    outer loop
      vertex -10.586311778198096 -17.89115809244792 7.5
      vertex -10.586311778198096 -17.89115809244792 0
      vertex -10.545481322062509 -17.68588952783597 0
    endloop
  endfacet
  facet normal 0.9978589232386035 -0.0654031292301429 0
    outer loop
      vertex -10.6 -18.1 7.5
      vertex -10.6 -18.1 0
      vertex -10.586311778198096 -17.89115809244792 0
    endloop
  endfacet
  facet normal 0.8968727415326877 -0.44228869021900236 0
    outer loop
      vertex -10.47820725201806 -17.487706508215858 7.5
      vertex -10.47820725201806 -17.487706508215858 0
      vertex -10.385640646055101 -17.3 0
    endloop
  endfacet
  facet normal 0.9469301294951068 -0.3214394653031584 0
    outer loop
      vertex -10.545481322062509 -17.68588952783597 7.5
      vertex -10.545481322062509 -17.68588952783597 0
      vertex -10.47820725201806 -17.487706508215858 0
    endloop
  endfacet
  facet normal 0.5555702330196082 -0.8314696123025412 0
    outer loop
      vertex -9.974018286413953 -16.830634655534027 7.5
      vertex -9.974018286413953 -16.830634655534027 0
      vertex -9.8 -16.7143593539449 0
    endloop
  endfacet
  facet normal 0.6593458151000616 -0.7518398074789837 0
    outer loop
      vertex -10.131370849898476 -16.968629150101524 7.5
      vertex -10.131370849898476 -16.968629150101524 0
      vertex -9.974018286413953 -16.830634655534027 0
    endloop
  endfacet
  facet normal 0.44228869021900236 -0.8968727415326877 0
    outer loop
      vertex -9.8 -16.7143593539449 7.5
      vertex -9.8 -16.7143593539449 0
      vertex -9.612293491784143 -16.621792747981942 0
    endloop
  endfacet
  facet normal 0.321439465303166 -0.9469301294951042 0
    outer loop
      vertex -9.612293491784143 -16.621792747981942 7.5
      vertex -9.612293491784143 -16.621792747981942 0
      vertex -9.414110472164033 -16.55451867793749 0
    endloop
  endfacet
  facet normal 0.9978589232386035 0.0654031292301429 0
    outer loop
      vertex -10.586311778198096 -18.308841907552083 7.5
      vertex -10.586311778198096 -18.308841907552083 0
      vertex -10.6 -18.1 0
    endloop
  endfacet
  facet normal 0.9807852804032304 0.1950903220161282 0
    outer loop
      vertex -10.545481322062509 -18.514110472164035 7.5
      vertex -10.545481322062509 -18.514110472164035 0
      vertex -10.586311778198096 -18.308841907552083 0
    endloop
  endfacet
  facet normal 0.9469301294951068 0.3214394653031584 0
    outer loop
      vertex -10.47820725201806 -18.712293491784145 7.5
      vertex -10.47820725201806 -18.712293491784145 0
      vertex -10.545481322062509 -18.514110472164035 0
    endloop
  endfacet
  facet normal 0.8968727415326877 0.44228869021900236 0
    outer loop
      vertex -10.385640646055101 -18.900000000000002 7.5
      vertex -10.385640646055101 -18.900000000000002 0
      vertex -10.47820725201806 -18.712293491784145 0
    endloop
  endfacet
  facet normal 0.8314696123025426 0.5555702330196062 0
    outer loop
      vertex -10.269365344465976 -19.074018286413953 7.5
      vertex -10.269365344465976 -19.074018286413953 0
      vertex -10.385640646055101 -18.900000000000002 0
    endloop
  endfacet
  facet normal 0.7518398074789827 0.6593458151000628 0
    outer loop
      vertex -10.131370849898476 -19.23137084989848 7.5
      vertex -10.131370849898476 -19.23137084989848 0
      vertex -10.269365344465976 -19.074018286413953 0
    endloop
  endfacet
  facet normal 0.6593458151000616 0.7518398074789837 0
    outer loop
      vertex -9.974018286413953 -19.369365344465976 7.5
      vertex -9.974018286413953 -19.369365344465976 0
      vertex -10.131370849898476 -19.23137084989848 0
    endloop
  endfacet
  facet normal 0.5555702330196082 0.8314696123025412 0
    outer loop
      vertex -9.8 -19.485640646055103 7.5
      vertex -9.8 -19.485640646055103 0
      vertex -9.974018286413953 -19.369365344465976 0
    endloop
  endfacet
  facet normal 0.44228869021900236 0.8968727415326877 0
    outer loop
      vertex -9.612293491784143 -19.57820725201806 7.5
      vertex -9.612293491784143 -19.57820725201806 0
      vertex -9.8 -19.485640646055103 0
    endloop
  endfacet
  facet normal 0.321439465303166 0.9469301294951042 0
    outer loop
      vertex -9.414110472164033 -19.645481322062512 7.5
      vertex -9.414110472164033 -19.645481322062512 0
      vertex -9.612293491784143 -19.57820725201806 0
    endloop
  endfacet
  facet normal 0.19509032201612983 -0.9807852804032301 0
    outer loop
      vertex -9.414110472164033 -16.55451867793749 7.5
      vertex -9.414110472164033 -16.55451867793749 0
      vertex -9.208841907552083 -16.513688221801903 0
    endloop
  endfacet
  facet normal 0.06540312923014234 -0.9978589232386035 0
    outer loop
      vertex -9.208841907552083 -16.513688221801903 7.5
      vertex -9.208841907552083 -16.513688221801903 0
      vertex -9 -16.5 0
    endloop
  endfacet
  facet normal -0.06540312923014234 -0.9978589232386035 0
    outer loop
      vertex -9 -16.5 7.5
      vertex -9 -16.5 0
      vertex -8.791158092447917 -16.513688221801903 0
    endloop
  endfacet
  facet normal -0.19509032201612983 -0.9807852804032301 0
    outer loop
      vertex -8.791158092447917 -16.513688221801903 7.5
      vertex -8.791158092447917 -16.513688221801903 0
      vertex -8.585889527835967 -16.55451867793749 0
    endloop
  endfacet
  facet normal -0.321439465303166 -0.9469301294951042 0
    outer loop
      vertex -8.585889527835967 -16.55451867793749 7.5
      vertex -8.585889527835967 -16.55451867793749 0
      vertex -8.387706508215857 -16.621792747981942 0
    endloop
  endfacet
  facet normal -0.44228869021900236 -0.8968727415326877 0
    outer loop
      vertex -8.387706508215857 -16.621792747981942 7.5
      vertex -8.387706508215857 -16.621792747981942 0
      vertex -8.2 -16.7143593539449 0
    endloop
  endfacet
  facet normal -0.5555702330196082 -0.8314696123025412 0
    outer loop
      vertex -8.2 -16.7143593539449 7.5
      vertex -8.2 -16.7143593539449 0
      vertex -8.025981713586047 -16.830634655534027 0
    endloop
  endfacet
  facet normal -0.6593458151000596 -0.7518398074789856 0
    outer loop
      vertex -8.025981713586047 -16.830634655534027 7.5
      vertex -8.025981713586047 -16.830634655534027 0
      vertex -7.8686291501015235 -16.968629150101524 0
    endloop
  endfacet
  facet normal -0.7518398074789848 -0.6593458151000605 0
    outer loop
      vertex -7.8686291501015235 -16.968629150101524 7.5
      vertex -7.8686291501015235 -16.968629150101524 0
      vertex -7.730634655534024 -17.12598171358605 0
    endloop
  endfacet
  facet normal -0.8314696123025426 -0.5555702330196062 0
    outer loop
      vertex -7.730634655534024 -17.12598171358605 7.5
      vertex -7.730634655534024 -17.12598171358605 0
      vertex -7.614359353944899 -17.3 0
    endloop
  endfacet
  facet normal -0.8968727415326877 -0.44228869021900236 0
    outer loop
      vertex -7.614359353944899 -17.3 7.5
      vertex -7.614359353944899 -17.3 0
      vertex -7.521792747981941 -17.487706508215858 0
    endloop
  endfacet
  facet normal -0.9469301294951055 -0.3214394653031622 0
    outer loop
      vertex -7.521792747981941 -17.487706508215858 7.5
      vertex -7.521792747981941 -17.487706508215858 0
      vertex -7.45451867793749 -17.68588952783597 0
    endloop
  endfacet
  facet normal -0.9807852804032312 -0.1950903220161241 0
    outer loop
      vertex -7.45451867793749 -17.68588952783597 7.5
      vertex -7.45451867793749 -17.68588952783597 0
      vertex -7.413688221801904 -17.89115809244792 0
    endloop
  endfacet
  facet normal -0.9978589232386035 -0.0654031292301429 0
    outer loop
      vertex -7.413688221801904 -17.89115809244792 7.5
      vertex -7.413688221801904 -17.89115809244792 0
      vertex -7.4 -18.1 0
    endloop
  endfacet
  facet normal -0.9978589232386035 0.0654031292301429 0
    outer loop
      vertex -7.4 -18.1 7.5
      vertex -7.4 -18.1 0
      vertex -7.413688221801904 -18.308841907552083 0
    endloop
  endfacet
  facet normal 0.19509032201612983 0.9807852804032301 0
    outer loop
      vertex -9.208841907552083 -19.6863117781981 7.5
      vertex -9.208841907552083 -19.6863117781981 0
      vertex -9.414110472164033 -19.645481322062512 0
    endloop
  endfacet
  facet normal 0.06540312923014234 0.9978589232386035 0
    outer loop
      vertex -9 -19.700000000000003 7.5
      vertex -9 -19.700000000000003 0
      vertex -9.208841907552083 -19.6863117781981 0
    endloop
  endfacet
  facet normal -0.06540312923014234 0.9978589232386035 0
    outer loop
      vertex -8.791158092447917 -19.6863117781981 7.5
      vertex -8.791158092447917 -19.6863117781981 0
      vertex -9 -19.700000000000003 0
    endloop
  endfacet
  facet normal -0.19509032201612983 0.9807852804032301 0
    outer loop
      vertex -8.585889527835967 -19.645481322062512 7.5
      vertex -8.585889527835967 -19.645481322062512 0
      vertex -8.791158092447917 -19.6863117781981 0
    endloop
  endfacet
  facet normal -0.44228869021900236 0.8968727415326877 0
    outer loop
      vertex -8.2 -19.485640646055103 7.5
      vertex -8.2 -19.485640646055103 0
      vertex -8.387706508215857 -19.57820725201806 0
    endloop
  endfacet
  facet normal -0.321439465303166 0.9469301294951042 0
    outer loop
      vertex -8.387706508215857 -19.57820725201806 7.5
      vertex -8.387706508215857 -19.57820725201806 0
      vertex -8.585889527835967 -19.645481322062512 0
    endloop
  endfacet
  facet normal -0.5555702330196082 0.8314696123025412 0
    outer loop
      vertex -8.025981713586047 -19.369365344465976 7.5
      vertex -8.025981713586047 -19.369365344465976 0
      vertex -8.2 -19.485640646055103 0
    endloop
  endfacet
  facet normal -0.6593458151000596 0.7518398074789856 0
    outer loop
      vertex -7.8686291501015235 -19.23137084989848 7.5
      vertex -7.8686291501015235 -19.23137084989848 0
      vertex -8.025981713586047 -19.369365344465976 0
    endloop
  endfacet
  facet normal -0.9807852804032312 0.1950903220161241 0
    outer loop
      vertex -7.413688221801904 -18.308841907552083 7.5
      vertex -7.413688221801904 -18.308841907552083 0
      vertex -7.45451867793749 -18.514110472164035 0
    endloop
  endfacet
  facet normal -0.9469301294951055 0.3214394653031622 0
    outer loop
      vertex -7.45451867793749 -18.514110472164035 7.5
      vertex -7.45451867793749 -18.514110472164035 0
      vertex -7.521792747981941 -18.712293491784145 0
    endloop
  endfacet
  facet normal -0.8314696123025426 0.5555702330196062 0
    outer loop
      vertex -7.614359353944899 -18.900000000000002 7.5
      vertex -7.614359353944899 -18.900000000000002 0
      vertex -7.730634655534024 -19.074018286413953 0
    endloop
  endfacet
  facet normal -0.8968727415326877 0.44228869021900236 0
    outer loop
      vertex -7.521792747981941 -18.712293491784145 7.5
      vertex -7.521792747981941 -18.712293491784145 0
      vertex -7.614359353944899 -18.900000000000002 0
    endloop
  endfacet
  facet normal -0.7518398074789848 0.6593458151000605 0
    outer loop
      vertex -7.730634655534024 -19.074018286413953 7.5
      vertex -7.730634655534024 -19.074018286413953 0
      vertex -7.8686291501015235 -19.23137084989848 0
    endloop
  endfacet
  facet normal 0.7518398074789827 -0.6593458151000628 0
    outer loop
      vertex -10.269365344465976 -17.12598171358605 7.5
      vertex -10.131370849898476 -16.968629150101524 0
      vertex -10.131370849898476 -16.968629150101524 7.5
    endloop
  endfacet
  facet normal 0.8314696123025426 -0.5555702330196062 0
    outer loop
      vertex -10.269365344465976 -17.12598171358605 7.5
      vertex -10.385640646055101 -17.3 7.5
      vertex -10.269365344465976 -17.12598171358605 0
    endloop
  endfacet
  facet normal 0.9807852804032304 -0.1950903220161282 0
    outer loop
      vertex -10.586311778198096 -17.89115809244792 7.5
      vertex -10.545481322062509 -17.68588952783597 0
      vertex -10.545481322062509 -17.68588952783597 7.5
    endloop
  endfacet
  facet normal 0.9978589232386035 -0.0654031292301429 0
    outer loop
      vertex -10.586311778198096 -17.89115809244792 7.5
      vertex -10.6 -18.1 7.5
      vertex -10.586311778198096 -17.89115809244792 0
    endloop
  endfacet
  facet normal 0.9978589232386035 0.0654031292301429 0
    outer loop
      vertex -10.6 -18.1 7.5
      vertex -10.586311778198096 -18.308841907552083 7.5
      vertex -10.6 -18.1 0
    endloop
  endfacet
  facet normal 0.8968727415326877 -0.44228869021900236 0
    outer loop
      vertex -10.47820725201806 -17.487706508215858 7.5
      vertex -10.385640646055101 -17.3 0
      vertex -10.385640646055101 -17.3 7.5
    endloop
  endfacet
  facet normal 0.9469301294951068 -0.3214394653031584 0
    outer loop
      vertex -10.47820725201806 -17.487706508215858 7.5
      vertex -10.545481322062509 -17.68588952783597 7.5
      vertex -10.47820725201806 -17.487706508215858 0
    endloop
  endfacet
  facet normal 0.5555702330196082 -0.8314696123025412 0
    outer loop
      vertex -9.8 -16.7143593539449 7.5
      vertex -9.974018286413953 -16.830634655534027 7.5
      vertex -9.8 -16.7143593539449 0
    endloop
  endfacet
  facet normal 0.6593458151000616 -0.7518398074789837 0
    outer loop
      vertex -10.131370849898476 -16.968629150101524 7.5
      vertex -9.974018286413953 -16.830634655534027 0
      vertex -9.974018286413953 -16.830634655534027 7.5
    endloop
  endfacet
  facet normal 0.44228869021900236 -0.8968727415326877 0
    outer loop
      vertex -9.8 -16.7143593539449 7.5
      vertex -9.612293491784143 -16.621792747981942 0
      vertex -9.612293491784143 -16.621792747981942 7.5
    endloop
  endfacet
  facet normal 0.321439465303166 -0.9469301294951042 0
    outer loop
      vertex -9.612293491784143 -16.621792747981942 7.5
      vertex -9.414110472164033 -16.55451867793749 0
      vertex -9.414110472164033 -16.55451867793749 7.5
    endloop
  endfacet
  facet normal 0.9807852804032304 0.1950903220161282 0
    outer loop
      vertex -10.586311778198096 -18.308841907552083 7.5
      vertex -10.545481322062509 -18.514110472164035 7.5
      vertex -10.586311778198096 -18.308841907552083 0
    endloop
  endfacet
  facet normal 0.9469301294951068 0.3214394653031584 0
    outer loop
      vertex -10.545481322062509 -18.514110472164035 7.5
      vertex -10.47820725201806 -18.712293491784145 7.5
      vertex -10.545481322062509 -18.514110472164035 0
    endloop
  endfacet
  facet normal 0.8968727415326877 0.44228869021900236 0
    outer loop
      vertex -10.47820725201806 -18.712293491784145 7.5
      vertex -10.385640646055101 -18.900000000000002 7.5
      vertex -10.47820725201806 -18.712293491784145 0
    endloop
  endfacet
  facet normal 0.8314696123025426 0.5555702330196062 0
    outer loop
      vertex -10.385640646055101 -18.900000000000002 7.5
      vertex -10.269365344465976 -19.074018286413953 7.5
      vertex -10.385640646055101 -18.900000000000002 0
    endloop
  endfacet
  facet normal 0.7518398074789827 0.6593458151000628 0
    outer loop
      vertex -10.269365344465976 -19.074018286413953 7.5
      vertex -10.131370849898476 -19.23137084989848 7.5
      vertex -10.269365344465976 -19.074018286413953 0
    endloop
  endfacet
  facet normal 0.6593458151000616 0.7518398074789837 0
    outer loop
      vertex -10.131370849898476 -19.23137084989848 7.5
      vertex -9.974018286413953 -19.369365344465976 7.5
      vertex -10.131370849898476 -19.23137084989848 0
    endloop
  endfacet
  facet normal 0.5555702330196082 0.8314696123025412 0
    outer loop
      vertex -9.974018286413953 -19.369365344465976 7.5
      vertex -9.8 -19.485640646055103 7.5
      vertex -9.974018286413953 -19.369365344465976 0
    endloop
  endfacet
  facet normal 0.44228869021900236 0.8968727415326877 0
    outer loop
      vertex -9.8 -19.485640646055103 7.5
      vertex -9.612293491784143 -19.57820725201806 7.5
      vertex -9.8 -19.485640646055103 0
    endloop
  endfacet
  facet normal 0.321439465303166 0.9469301294951042 0
    outer loop
      vertex -9.612293491784143 -19.57820725201806 7.5
      vertex -9.414110472164033 -19.645481322062512 7.5
      vertex -9.612293491784143 -19.57820725201806 0
    endloop
  endfacet
  facet normal 0.19509032201612983 -0.9807852804032301 0
    outer loop
      vertex -9.414110472164033 -16.55451867793749 7.5
      vertex -9.208841907552083 -16.513688221801903 0
      vertex -9.208841907552083 -16.513688221801903 7.5
    endloop
  endfacet
  facet normal 0.06540312923014234 -0.9978589232386035 0
    outer loop
      vertex -9.208841907552083 -16.513688221801903 7.5
      vertex -9 -16.5 0
      vertex -9 -16.5 7.5
    endloop
  endfacet
  facet normal -0.06540312923014234 -0.9978589232386035 0
    outer loop
      vertex -9 -16.5 7.5
      vertex -8.791158092447917 -16.513688221801903 0
      vertex -8.791158092447917 -16.513688221801903 7.5
    endloop
  endfacet
  facet normal -0.19509032201612983 -0.9807852804032301 0
    outer loop
      vertex -8.791158092447917 -16.513688221801903 7.5
      vertex -8.585889527835967 -16.55451867793749 0
      vertex -8.585889527835967 -16.55451867793749 7.5
    endloop
  endfacet
  facet normal -0.321439465303166 -0.9469301294951042 0
    outer loop
      vertex -8.585889527835967 -16.55451867793749 7.5
      vertex -8.387706508215857 -16.621792747981942 0
      vertex -8.387706508215857 -16.621792747981942 7.5
    endloop
  endfacet
  facet normal -0.44228869021900236 -0.8968727415326877 0
    outer loop
      vertex -8.387706508215857 -16.621792747981942 7.5
      vertex -8.2 -16.7143593539449 0
      vertex -8.2 -16.7143593539449 7.5
    endloop
  endfacet
  facet normal -0.5555702330196082 -0.8314696123025412 0
    outer loop
      vertex -8.2 -16.7143593539449 7.5
      vertex -8.025981713586047 -16.830634655534027 0
      vertex -8.025981713586047 -16.830634655534027 7.5
    endloop
  endfacet
  facet normal -0.6593458151000596 -0.7518398074789856 0
    outer loop
      vertex -8.025981713586047 -16.830634655534027 7.5
      vertex -7.8686291501015235 -16.968629150101524 0
      vertex -7.8686291501015235 -16.968629150101524 7.5
    endloop
  endfacet
  facet normal -0.7518398074789848 -0.6593458151000605 0
    outer loop
      vertex -7.8686291501015235 -16.968629150101524 7.5
      vertex -7.730634655534024 -17.12598171358605 0
      vertex -7.730634655534024 -17.12598171358605 7.5
    endloop
  endfacet
  facet normal -0.8314696123025426 -0.5555702330196062 0
    outer loop
      vertex -7.730634655534024 -17.12598171358605 7.5
      vertex -7.614359353944899 -17.3 0
      vertex -7.614359353944899 -17.3 7.5
    endloop
  endfacet
  facet normal -0.8968727415326877 -0.44228869021900236 0
    outer loop
      vertex -7.614359353944899 -17.3 7.5
      vertex -7.521792747981941 -17.487706508215858 0
      vertex -7.521792747981941 -17.487706508215858 7.5
    endloop
  endfacet
  facet normal -0.9469301294951055 -0.3214394653031622 0
    outer loop
      vertex -7.521792747981941 -17.487706508215858 7.5
      vertex -7.45451867793749 -17.68588952783597 0
      vertex -7.45451867793749 -17.68588952783597 7.5
    endloop
  endfacet
  facet normal -0.9807852804032312 -0.1950903220161241 0
    outer loop
      vertex -7.45451867793749 -17.68588952783597 7.5
      vertex -7.413688221801904 -17.89115809244792 0
      vertex -7.413688221801904 -17.89115809244792 7.5
    endloop
  endfacet
  facet normal -0.9978589232386035 -0.0654031292301429 0
    outer loop
      vertex -7.413688221801904 -17.89115809244792 7.5
      vertex -7.4 -18.1 0
      vertex -7.4 -18.1 7.5
    endloop
  endfacet
  facet normal 0.19509032201612983 0.9807852804032301 0
    outer loop
      vertex -9.414110472164033 -19.645481322062512 7.5
      vertex -9.208841907552083 -19.6863117781981 7.5
      vertex -9.414110472164033 -19.645481322062512 0
    endloop
  endfacet
  facet normal 0.06540312923014234 0.9978589232386035 0
    outer loop
      vertex -9.208841907552083 -19.6863117781981 7.5
      vertex -9 -19.700000000000003 7.5
      vertex -9.208841907552083 -19.6863117781981 0
    endloop
  endfacet
  facet normal -0.06540312923014234 0.9978589232386035 0
    outer loop
      vertex -9 -19.700000000000003 7.5
      vertex -8.791158092447917 -19.6863117781981 7.5
      vertex -9 -19.700000000000003 0
    endloop
  endfacet
  facet normal -0.19509032201612983 0.9807852804032301 0
    outer loop
      vertex -8.791158092447917 -19.6863117781981 7.5
      vertex -8.585889527835967 -19.645481322062512 7.5
      vertex -8.791158092447917 -19.6863117781981 0
    endloop
  endfacet
  facet normal -0.44228869021900236 0.8968727415326877 0
    outer loop
      vertex -8.387706508215857 -19.57820725201806 7.5
      vertex -8.2 -19.485640646055103 7.5
      vertex -8.387706508215857 -19.57820725201806 0
    endloop
  endfacet
  facet normal -0.321439465303166 0.9469301294951042 0
    outer loop
      vertex -8.585889527835967 -19.645481322062512 7.5
      vertex -8.387706508215857 -19.57820725201806 7.5
      vertex -8.585889527835967 -19.645481322062512 0
    endloop
  endfacet
  facet normal -0.5555702330196082 0.8314696123025412 0
    outer loop
      vertex -8.2 -19.485640646055103 7.5
      vertex -8.025981713586047 -19.369365344465976 7.5
      vertex -8.2 -19.485640646055103 0
    endloop
  endfacet
  facet normal -0.6593458151000596 0.7518398074789856 0
    outer loop
      vertex -8.025981713586047 -19.369365344465976 7.5
      vertex -7.8686291501015235 -19.23137084989848 7.5
      vertex -8.025981713586047 -19.369365344465976 0
    endloop
  endfacet
  facet normal -0.7518398074789848 0.6593458151000605 0
    outer loop
      vertex -7.8686291501015235 -19.23137084989848 7.5
      vertex -7.730634655534024 -19.074018286413953 7.5
      vertex -7.8686291501015235 -19.23137084989848 0
    endloop
  endfacet
  facet normal -0.9807852804032312 0.1950903220161241 0
    outer loop
      vertex -7.45451867793749 -18.514110472164035 7.5
      vertex -7.413688221801904 -18.308841907552083 7.5
      vertex -7.45451867793749 -18.514110472164035 0
    endloop
  endfacet
  facet normal -0.8314696123025426 0.5555702330196062 0
    outer loop
      vertex -7.730634655534024 -19.074018286413953 7.5
      vertex -7.614359353944899 -18.900000000000002 7.5
      vertex -7.730634655534024 -19.074018286413953 0
    endloop
  endfacet
  facet normal -0.8968727415326877 0.44228869021900236 0
    outer loop
      vertex -7.521792747981941 -18.712293491784145 7.5
      vertex -7.614359353944899 -18.900000000000002 0
      vertex -7.614359353944899 -18.900000000000002 7.5
    endloop
  endfacet
  facet normal -0.9469301294951055 0.3214394653031622 0
    outer loop
      vertex -7.45451867793749 -18.514110472164035 7.5
      vertex -7.521792747981941 -18.712293491784145 0
      vertex -7.521792747981941 -18.712293491784145 7.5
    endloop
  endfacet
  facet normal -0.9978589232386035 0.0654031292301429 0
    outer loop
      vertex -7.4 -18.1 7.5
      vertex -7.413688221801904 -18.308841907552083 0
      vertex -7.413688221801904 -18.308841907552083 7.5
    endloop
  endfacet
  facet normal 0.8314696123025426 -0.5555702330196062 0
    outer loop
      vertex 7.614359353944899 -17.3 7.5
      vertex 7.614359353944899 -17.3 0
      vertex 7.730634655534024 -17.12598171358605 0
    endloop
  endfacet
  facet normal 0.7518398074789848 -0.6593458151000605 0
    outer loop
      vertex 7.730634655534024 -17.12598171358605 7.5
      vertex 7.730634655534024 -17.12598171358605 0
      vertex 7.8686291501015235 -16.968629150101524 0
    endloop
  endfacet
  facet normal 0.9978589232386035 -0.0654031292301429 0
    outer loop
      vertex 7.4 -18.1 7.5
      vertex 7.4 -18.1 0
      vertex 7.413688221801904 -17.89115809244792 0
    endloop
  endfacet
  facet normal 0.8968727415326877 -0.44228869021900236 0
    outer loop
      vertex 7.521792747981941 -17.487706508215858 7.5
      vertex 7.521792747981941 -17.487706508215858 0
      vertex 7.614359353944899 -17.3 0
    endloop
  endfacet
  facet normal 0.9469301294951055 -0.3214394653031622 0
    outer loop
      vertex 7.45451867793749 -17.68588952783597 7.5
      vertex 7.45451867793749 -17.68588952783597 0
      vertex 7.521792747981941 -17.487706508215858 0
    endloop
  endfacet
  facet normal 0.9807852804032312 -0.1950903220161241 0
    outer loop
      vertex 7.413688221801904 -17.89115809244792 7.5
      vertex 7.413688221801904 -17.89115809244792 0
      vertex 7.45451867793749 -17.68588952783597 0
    endloop
  endfacet
  facet normal 0.5555702330196082 -0.8314696123025412 0
    outer loop
      vertex 8.025981713586047 -16.830634655534027 7.5
      vertex 8.025981713586047 -16.830634655534027 0
      vertex 8.2 -16.7143593539449 0
    endloop
  endfacet
  facet normal 0.6593458151000596 -0.7518398074789856 0
    outer loop
      vertex 7.8686291501015235 -16.968629150101524 7.5
      vertex 7.8686291501015235 -16.968629150101524 0
      vertex 8.025981713586047 -16.830634655534027 0
    endloop
  endfacet
  facet normal 0.44228869021900236 -0.8968727415326877 0
    outer loop
      vertex 8.2 -16.7143593539449 7.5
      vertex 8.2 -16.7143593539449 0
      vertex 8.387706508215857 -16.621792747981942 0
    endloop
  endfacet
  facet normal 0.321439465303166 -0.9469301294951042 0
    outer loop
      vertex 8.387706508215857 -16.621792747981942 7.5
      vertex 8.387706508215857 -16.621792747981942 0
      vertex 8.585889527835967 -16.55451867793749 0
    endloop
  endfacet
  facet normal 0.19509032201612983 -0.9807852804032301 0
    outer loop
      vertex 8.585889527835967 -16.55451867793749 7.5
      vertex 8.585889527835967 -16.55451867793749 0
      vertex 8.791158092447917 -16.513688221801903 0
    endloop
  endfacet
  facet normal 0.06540312923014234 -0.9978589232386035 0
    outer loop
      vertex 8.791158092447917 -16.513688221801903 7.5
      vertex 8.791158092447917 -16.513688221801903 0
      vertex 9 -16.5 0
    endloop
  endfacet
  facet normal -0.06540312923014234 -0.9978589232386035 0
    outer loop
      vertex 9 -16.5 7.5
      vertex 9 -16.5 0
      vertex 9.208841907552083 -16.513688221801903 0
    endloop
  endfacet
  facet normal -0.19509032201612983 -0.9807852804032301 0
    outer loop
      vertex 9.208841907552083 -16.513688221801903 7.5
      vertex 9.208841907552083 -16.513688221801903 0
      vertex 9.414110472164033 -16.55451867793749 0
    endloop
  endfacet
  facet normal 0.9978589232386035 0.0654031292301429 0
    outer loop
      vertex 7.413688221801904 -18.308841907552083 7.5
      vertex 7.413688221801904 -18.308841907552083 0
      vertex 7.4 -18.1 0
    endloop
  endfacet
  facet normal 0.9807852804032312 0.1950903220161241 0
    outer loop
      vertex 7.45451867793749 -18.514110472164035 7.5
      vertex 7.45451867793749 -18.514110472164035 0
      vertex 7.413688221801904 -18.308841907552083 0
    endloop
  endfacet
  facet normal 0.9469301294951055 0.3214394653031622 0
    outer loop
      vertex 7.521792747981941 -18.712293491784145 7.5
      vertex 7.521792747981941 -18.712293491784145 0
      vertex 7.45451867793749 -18.514110472164035 0
    endloop
  endfacet
  facet normal 0.8968727415326877 0.44228869021900236 0
    outer loop
      vertex 7.614359353944899 -18.900000000000002 7.5
      vertex 7.614359353944899 -18.900000000000002 0
      vertex 7.521792747981941 -18.712293491784145 0
    endloop
  endfacet
  facet normal 0.8314696123025426 0.5555702330196062 0
    outer loop
      vertex 7.730634655534024 -19.074018286413953 7.5
      vertex 7.730634655534024 -19.074018286413953 0
      vertex 7.614359353944899 -18.900000000000002 0
    endloop
  endfacet
  facet normal 0.7518398074789848 0.6593458151000605 0
    outer loop
      vertex 7.8686291501015235 -19.23137084989848 7.5
      vertex 7.8686291501015235 -19.23137084989848 0
      vertex 7.730634655534024 -19.074018286413953 0
    endloop
  endfacet
  facet normal 0.6593458151000596 0.7518398074789856 0
    outer loop
      vertex 8.025981713586047 -19.369365344465976 7.5
      vertex 8.025981713586047 -19.369365344465976 0
      vertex 7.8686291501015235 -19.23137084989848 0
    endloop
  endfacet
  facet normal 0.5555702330196082 0.8314696123025412 0
    outer loop
      vertex 8.2 -19.485640646055103 7.5
      vertex 8.2 -19.485640646055103 0
      vertex 8.025981713586047 -19.369365344465976 0
    endloop
  endfacet
  facet normal 0.44228869021900236 0.8968727415326877 0
    outer loop
      vertex 8.387706508215857 -19.57820725201806 7.5
      vertex 8.387706508215857 -19.57820725201806 0
      vertex 8.2 -19.485640646055103 0
    endloop
  endfacet
  facet normal 0.321439465303166 0.9469301294951042 0
    outer loop
      vertex 8.585889527835967 -19.645481322062512 7.5
      vertex 8.585889527835967 -19.645481322062512 0
      vertex 8.387706508215857 -19.57820725201806 0
    endloop
  endfacet
  facet normal 0.19509032201612983 0.9807852804032301 0
    outer loop
      vertex 8.791158092447917 -19.6863117781981 7.5
      vertex 8.791158092447917 -19.6863117781981 0
      vertex 8.585889527835967 -19.645481322062512 0
    endloop
  endfacet
  facet normal 0.06540312923014234 0.9978589232386035 0
    outer loop
      vertex 9 -19.700000000000003 7.5
      vertex 9 -19.700000000000003 0
      vertex 8.791158092447917 -19.6863117781981 0
    endloop
  endfacet
  facet normal -0.06540312923014234 0.9978589232386035 0
    outer loop
      vertex 9.208841907552083 -19.6863117781981 7.5
      vertex 9.208841907552083 -19.6863117781981 0
      vertex 9 -19.700000000000003 0
    endloop
  endfacet
  facet normal -0.19509032201612983 0.9807852804032301 0
    outer loop
      vertex 9.414110472164033 -19.645481322062512 7.5
      vertex 9.414110472164033 -19.645481322062512 0
      vertex 9.208841907552083 -19.6863117781981 0
    endloop
  endfacet
  facet normal -0.321439465303166 -0.9469301294951042 0
    outer loop
      vertex 9.414110472164033 -16.55451867793749 7.5
      vertex 9.414110472164033 -16.55451867793749 0
      vertex 9.612293491784143 -16.621792747981942 0
    endloop
  endfacet
  facet normal -0.44228869021900236 -0.8968727415326877 0
    outer loop
      vertex 9.612293491784143 -16.621792747981942 7.5
      vertex 9.612293491784143 -16.621792747981942 0
      vertex 9.8 -16.7143593539449 0
    endloop
  endfacet
  facet normal -0.5555702330196082 -0.8314696123025412 0
    outer loop
      vertex 9.8 -16.7143593539449 7.5
      vertex 9.8 -16.7143593539449 0
      vertex 9.974018286413953 -16.830634655534027 0
    endloop
  endfacet
  facet normal -0.6593458151000616 -0.7518398074789837 0
    outer loop
      vertex 9.974018286413953 -16.830634655534027 7.5
      vertex 9.974018286413953 -16.830634655534027 0
      vertex 10.131370849898476 -16.968629150101524 0
    endloop
  endfacet
  facet normal -0.7518398074789827 -0.6593458151000628 0
    outer loop
      vertex 10.131370849898476 -16.968629150101524 7.5
      vertex 10.131370849898476 -16.968629150101524 0
      vertex 10.269365344465976 -17.12598171358605 0
    endloop
  endfacet
  facet normal -0.8314696123025426 -0.5555702330196062 0
    outer loop
      vertex 10.269365344465976 -17.12598171358605 7.5
      vertex 10.269365344465976 -17.12598171358605 0
      vertex 10.385640646055101 -17.3 0
    endloop
  endfacet
  facet normal -0.8968727415326877 -0.44228869021900236 0
    outer loop
      vertex 10.385640646055101 -17.3 7.5
      vertex 10.385640646055101 -17.3 0
      vertex 10.47820725201806 -17.487706508215858 0
    endloop
  endfacet
  facet normal -0.9469301294951068 -0.3214394653031584 0
    outer loop
      vertex 10.47820725201806 -17.487706508215858 7.5
      vertex 10.47820725201806 -17.487706508215858 0
      vertex 10.545481322062509 -17.68588952783597 0
    endloop
  endfacet
  facet normal -0.9807852804032304 -0.1950903220161282 0
    outer loop
      vertex 10.545481322062509 -17.68588952783597 7.5
      vertex 10.545481322062509 -17.68588952783597 0
      vertex 10.586311778198096 -17.89115809244792 0
    endloop
  endfacet
  facet normal -0.9978589232386035 -0.0654031292301429 0
    outer loop
      vertex 10.586311778198096 -17.89115809244792 7.5
      vertex 10.586311778198096 -17.89115809244792 0
      vertex 10.6 -18.1 0
    endloop
  endfacet
  facet normal -0.9978589232386035 0.0654031292301429 0
    outer loop
      vertex 10.6 -18.1 7.5
      vertex 10.6 -18.1 0
      vertex 10.586311778198096 -18.308841907552083 0
    endloop
  endfacet
  facet normal -0.44228869021900236 0.8968727415326877 0
    outer loop
      vertex 9.8 -19.485640646055103 7.5
      vertex 9.8 -19.485640646055103 0
      vertex 9.612293491784143 -19.57820725201806 0
    endloop
  endfacet
  facet normal -0.321439465303166 0.9469301294951042 0
    outer loop
      vertex 9.612293491784143 -19.57820725201806 7.5
      vertex 9.612293491784143 -19.57820725201806 0
      vertex 9.414110472164033 -19.645481322062512 0
    endloop
  endfacet
  facet normal -0.5555702330196082 0.8314696123025412 0
    outer loop
      vertex 9.974018286413953 -19.369365344465976 7.5
      vertex 9.974018286413953 -19.369365344465976 0
      vertex 9.8 -19.485640646055103 0
    endloop
  endfacet
  facet normal -0.6593458151000616 0.7518398074789837 0
    outer loop
      vertex 10.131370849898476 -19.23137084989848 7.5
      vertex 10.131370849898476 -19.23137084989848 0
      vertex 9.974018286413953 -19.369365344465976 0
    endloop
  endfacet
  facet normal -0.9469301294951068 0.3214394653031584 0
    outer loop
      vertex 10.545481322062509 -18.514110472164035 7.5
      vertex 10.545481322062509 -18.514110472164035 0
      vertex 10.47820725201806 -18.712293491784145 0
    endloop
  endfacet
  facet normal -0.8314696123025426 0.5555702330196062 0
    outer loop
      vertex 10.385640646055101 -18.900000000000002 7.5
      vertex 10.385640646055101 -18.900000000000002 0
      vertex 10.269365344465976 -19.074018286413953 0
    endloop
  endfacet
  facet normal -0.8968727415326877 0.44228869021900236 0
    outer loop
      vertex 10.47820725201806 -18.712293491784145 7.5
      vertex 10.47820725201806 -18.712293491784145 0
      vertex 10.385640646055101 -18.900000000000002 0
    endloop
  endfacet
  facet normal -0.9807852804032304 0.1950903220161282 0
    outer loop
      vertex 10.586311778198096 -18.308841907552083 7.5
      vertex 10.586311778198096 -18.308841907552083 0
      vertex 10.545481322062509 -18.514110472164035 0
    endloop
  endfacet
  facet normal -0.7518398074789827 0.6593458151000628 0
    outer loop
      vertex 10.269365344465976 -19.074018286413953 7.5
      vertex 10.269365344465976 -19.074018286413953 0
      vertex 10.131370849898476 -19.23137084989848 0
    endloop
  endfacet
  facet normal 0.8314696123025426 -0.5555702330196062 0
    outer loop
      vertex 7.730634655534024 -17.12598171358605 7.5
      vertex 7.614359353944899 -17.3 7.5
      vertex 7.730634655534024 -17.12598171358605 0
    endloop
  endfacet
  facet normal 0.9978589232386035 -0.0654031292301429 0
    outer loop
      vertex 7.413688221801904 -17.89115809244792 7.5
      vertex 7.4 -18.1 7.5
      vertex 7.413688221801904 -17.89115809244792 0
    endloop
  endfacet
  facet normal 0.9978589232386035 0.0654031292301429 0
    outer loop
      vertex 7.4 -18.1 7.5
      vertex 7.413688221801904 -18.308841907552083 7.5
      vertex 7.4 -18.1 0
    endloop
  endfacet
  facet normal 0.8968727415326877 -0.44228869021900236 0
    outer loop
      vertex 7.614359353944899 -17.3 7.5
      vertex 7.521792747981941 -17.487706508215858 7.5
      vertex 7.614359353944899 -17.3 0
    endloop
  endfacet
  facet normal 0.9469301294951055 -0.3214394653031622 0
    outer loop
      vertex 7.521792747981941 -17.487706508215858 7.5
      vertex 7.45451867793749 -17.68588952783597 7.5
      vertex 7.521792747981941 -17.487706508215858 0
    endloop
  endfacet
  facet normal 0.9807852804032312 -0.1950903220161241 0
    outer loop
      vertex 7.413688221801904 -17.89115809244792 7.5
      vertex 7.45451867793749 -17.68588952783597 0
      vertex 7.45451867793749 -17.68588952783597 7.5
    endloop
  endfacet
  facet normal 0.5555702330196082 -0.8314696123025412 0
    outer loop
      vertex 8.2 -16.7143593539449 7.5
      vertex 8.025981713586047 -16.830634655534027 7.5
      vertex 8.2 -16.7143593539449 0
    endloop
  endfacet
  facet normal 0.7518398074789848 -0.6593458151000605 0
    outer loop
      vertex 7.730634655534024 -17.12598171358605 7.5
      vertex 7.8686291501015235 -16.968629150101524 0
      vertex 7.8686291501015235 -16.968629150101524 7.5
    endloop
  endfacet
  facet normal 0.6593458151000596 -0.7518398074789856 0
    outer loop
      vertex 7.8686291501015235 -16.968629150101524 7.5
      vertex 8.025981713586047 -16.830634655534027 0
      vertex 8.025981713586047 -16.830634655534027 7.5
    endloop
  endfacet
  facet normal 0.44228869021900236 -0.8968727415326877 0
    outer loop
      vertex 8.2 -16.7143593539449 7.5
      vertex 8.387706508215857 -16.621792747981942 0
      vertex 8.387706508215857 -16.621792747981942 7.5
    endloop
  endfacet
  facet normal 0.321439465303166 -0.9469301294951042 0
    outer loop
      vertex 8.387706508215857 -16.621792747981942 7.5
      vertex 8.585889527835967 -16.55451867793749 0
      vertex 8.585889527835967 -16.55451867793749 7.5
    endloop
  endfacet
  facet normal 0.19509032201612983 -0.9807852804032301 0
    outer loop
      vertex 8.585889527835967 -16.55451867793749 7.5
      vertex 8.791158092447917 -16.513688221801903 0
      vertex 8.791158092447917 -16.513688221801903 7.5
    endloop
  endfacet
  facet normal 0.06540312923014234 -0.9978589232386035 0
    outer loop
      vertex 8.791158092447917 -16.513688221801903 7.5
      vertex 9 -16.5 0
      vertex 9 -16.5 7.5
    endloop
  endfacet
  facet normal -0.06540312923014234 -0.9978589232386035 0
    outer loop
      vertex 9 -16.5 7.5
      vertex 9.208841907552083 -16.513688221801903 0
      vertex 9.208841907552083 -16.513688221801903 7.5
    endloop
  endfacet
  facet normal -0.19509032201612983 -0.9807852804032301 0
    outer loop
      vertex 9.208841907552083 -16.513688221801903 7.5
      vertex 9.414110472164033 -16.55451867793749 0
      vertex 9.414110472164033 -16.55451867793749 7.5
    endloop
  endfacet
  facet normal 0.9807852804032312 0.1950903220161241 0
    outer loop
      vertex 7.413688221801904 -18.308841907552083 7.5
      vertex 7.45451867793749 -18.514110472164035 7.5
      vertex 7.413688221801904 -18.308841907552083 0
    endloop
  endfacet
  facet normal 0.9469301294951055 0.3214394653031622 0
    outer loop
      vertex 7.45451867793749 -18.514110472164035 7.5
      vertex 7.521792747981941 -18.712293491784145 7.5
      vertex 7.45451867793749 -18.514110472164035 0
    endloop
  endfacet
  facet normal 0.8968727415326877 0.44228869021900236 0
    outer loop
      vertex 7.521792747981941 -18.712293491784145 7.5
      vertex 7.614359353944899 -18.900000000000002 7.5
      vertex 7.521792747981941 -18.712293491784145 0
    endloop
  endfacet
  facet normal 0.8314696123025426 0.5555702330196062 0
    outer loop
      vertex 7.614359353944899 -18.900000000000002 7.5
      vertex 7.730634655534024 -19.074018286413953 7.5
      vertex 7.614359353944899 -18.900000000000002 0
    endloop
  endfacet
  facet normal 0.7518398074789848 0.6593458151000605 0
    outer loop
      vertex 7.730634655534024 -19.074018286413953 7.5
      vertex 7.8686291501015235 -19.23137084989848 7.5
      vertex 7.730634655534024 -19.074018286413953 0
    endloop
  endfacet
  facet normal 0.6593458151000596 0.7518398074789856 0
    outer loop
      vertex 7.8686291501015235 -19.23137084989848 7.5
      vertex 8.025981713586047 -19.369365344465976 7.5
      vertex 7.8686291501015235 -19.23137084989848 0
    endloop
  endfacet
  facet normal 0.5555702330196082 0.8314696123025412 0
    outer loop
      vertex 8.025981713586047 -19.369365344465976 7.5
      vertex 8.2 -19.485640646055103 7.5
      vertex 8.025981713586047 -19.369365344465976 0
    endloop
  endfacet
  facet normal 0.44228869021900236 0.8968727415326877 0
    outer loop
      vertex 8.2 -19.485640646055103 7.5
      vertex 8.387706508215857 -19.57820725201806 7.5
      vertex 8.2 -19.485640646055103 0
    endloop
  endfacet
  facet normal 0.321439465303166 0.9469301294951042 0
    outer loop
      vertex 8.387706508215857 -19.57820725201806 7.5
      vertex 8.585889527835967 -19.645481322062512 7.5
      vertex 8.387706508215857 -19.57820725201806 0
    endloop
  endfacet
  facet normal 0.19509032201612983 0.9807852804032301 0
    outer loop
      vertex 8.585889527835967 -19.645481322062512 7.5
      vertex 8.791158092447917 -19.6863117781981 7.5
      vertex 8.585889527835967 -19.645481322062512 0
    endloop
  endfacet
  facet normal 0.06540312923014234 0.9978589232386035 0
    outer loop
      vertex 8.791158092447917 -19.6863117781981 7.5
      vertex 9 -19.700000000000003 7.5
      vertex 8.791158092447917 -19.6863117781981 0
    endloop
  endfacet
  facet normal -0.06540312923014234 0.9978589232386035 0
    outer loop
      vertex 9 -19.700000000000003 7.5
      vertex 9.208841907552083 -19.6863117781981 7.5
      vertex 9 -19.700000000000003 0
    endloop
  endfacet
  facet normal -0.19509032201612983 0.9807852804032301 0
    outer loop
      vertex 9.208841907552083 -19.6863117781981 7.5
      vertex 9.414110472164033 -19.645481322062512 7.5
      vertex 9.208841907552083 -19.6863117781981 0
    endloop
  endfacet
  facet normal -0.321439465303166 -0.9469301294951042 0
    outer loop
      vertex 9.414110472164033 -16.55451867793749 7.5
      vertex 9.612293491784143 -16.621792747981942 0
      vertex 9.612293491784143 -16.621792747981942 7.5
    endloop
  endfacet
  facet normal -0.44228869021900236 -0.8968727415326877 0
    outer loop
      vertex 9.612293491784143 -16.621792747981942 7.5
      vertex 9.8 -16.7143593539449 0
      vertex 9.8 -16.7143593539449 7.5
    endloop
  endfacet
  facet normal -0.5555702330196082 -0.8314696123025412 0
    outer loop
      vertex 9.8 -16.7143593539449 7.5
      vertex 9.974018286413953 -16.830634655534027 0
      vertex 9.974018286413953 -16.830634655534027 7.5
    endloop
  endfacet
  facet normal -0.6593458151000616 -0.7518398074789837 0
    outer loop
      vertex 9.974018286413953 -16.830634655534027 7.5
      vertex 10.131370849898476 -16.968629150101524 0
      vertex 10.131370849898476 -16.968629150101524 7.5
    endloop
  endfacet
  facet normal -0.7518398074789827 -0.6593458151000628 0
    outer loop
      vertex 10.131370849898476 -16.968629150101524 7.5
      vertex 10.269365344465976 -17.12598171358605 0
      vertex 10.269365344465976 -17.12598171358605 7.5
    endloop
  endfacet
  facet normal -0.8314696123025426 -0.5555702330196062 0
    outer loop
      vertex 10.269365344465976 -17.12598171358605 7.5
      vertex 10.385640646055101 -17.3 0
      vertex 10.385640646055101 -17.3 7.5
    endloop
  endfacet
  facet normal -0.8968727415326877 -0.44228869021900236 0
    outer loop
      vertex 10.385640646055101 -17.3 7.5
      vertex 10.47820725201806 -17.487706508215858 0
      vertex 10.47820725201806 -17.487706508215858 7.5
    endloop
  endfacet
  facet normal -0.9469301294951068 -0.3214394653031584 0
    outer loop
      vertex 10.47820725201806 -17.487706508215858 7.5
      vertex 10.545481322062509 -17.68588952783597 0
      vertex 10.545481322062509 -17.68588952783597 7.5
    endloop
  endfacet
  facet normal -0.9807852804032304 -0.1950903220161282 0
    outer loop
      vertex 10.545481322062509 -17.68588952783597 7.5
      vertex 10.586311778198096 -17.89115809244792 0
      vertex 10.586311778198096 -17.89115809244792 7.5
    endloop
  endfacet
  facet normal -0.9978589232386035 -0.0654031292301429 0
    outer loop
      vertex 10.586311778198096 -17.89115809244792 7.5
      vertex 10.6 -18.1 0
      vertex 10.6 -18.1 7.5
    endloop
  endfacet
  facet normal -0.44228869021900236 0.8968727415326877 0
    outer loop
      vertex 9.612293491784143 -19.57820725201806 7.5
      vertex 9.8 -19.485640646055103 7.5
      vertex 9.612293491784143 -19.57820725201806 0
    endloop
  endfacet
  facet normal -0.321439465303166 0.9469301294951042 0
    outer loop
      vertex 9.414110472164033 -19.645481322062512 7.5
      vertex 9.612293491784143 -19.57820725201806 7.5
      vertex 9.414110472164033 -19.645481322062512 0
    endloop
  endfacet
  facet normal -0.5555702330196082 0.8314696123025412 0
    outer loop
      vertex 9.8 -19.485640646055103 7.5
      vertex 9.974018286413953 -19.369365344465976 7.5
      vertex 9.8 -19.485640646055103 0
    endloop
  endfacet
  facet normal -0.6593458151000616 0.7518398074789837 0
    outer loop
      vertex 10.131370849898476 -19.23137084989848 7.5
      vertex 9.974018286413953 -19.369365344465976 0
      vertex 9.974018286413953 -19.369365344465976 7.5
    endloop
  endfacet
  facet normal -0.8314696123025426 0.5555702330196062 0
    outer loop
      vertex 10.269365344465976 -19.074018286413953 7.5
      vertex 10.385640646055101 -18.900000000000002 7.5
      vertex 10.269365344465976 -19.074018286413953 0
    endloop
  endfacet
  facet normal -0.8968727415326877 0.44228869021900236 0
    outer loop
      vertex 10.47820725201806 -18.712293491784145 7.5
      vertex 10.385640646055101 -18.900000000000002 0
      vertex 10.385640646055101 -18.900000000000002 7.5
    endloop
  endfacet
  facet normal -0.9469301294951068 0.3214394653031584 0
    outer loop
      vertex 10.545481322062509 -18.514110472164035 7.5
      vertex 10.47820725201806 -18.712293491784145 0
      vertex 10.47820725201806 -18.712293491784145 7.5
    endloop
  endfacet
  facet normal -0.9978589232386035 0.0654031292301429 0
    outer loop
      vertex 10.6 -18.1 7.5
      vertex 10.586311778198096 -18.308841907552083 0
      vertex 10.586311778198096 -18.308841907552083 7.5
    endloop
  endfacet
  facet normal -0.9807852804032304 0.1950903220161282 0
    outer loop
      vertex 10.545481322062509 -18.514110472164035 7.5
      vertex 10.586311778198096 -18.308841907552083 7.5
      vertex 10.545481322062509 -18.514110472164035 0
    endloop
  endfacet
  facet normal -0.7518398074789827 0.6593458151000628 0
    outer loop
      vertex 10.131370849898476 -19.23137084989848 7.5
      vertex 10.269365344465976 -19.074018286413953 7.5
      vertex 10.131370849898476 -19.23137084989848 0
    endloop
  endfacet
  facet normal 1 0 0
    outer loop
      vertex -6.7 -1.6 2.45
      vertex -6.7 -11.2 2.45
      vertex -6.7 -1.6 0
    endloop
  endfacet
  facet normal 1 0 0
    outer loop
      vertex -6.7 -11.2 2.45
      vertex -6.7 -11.2 0
      vertex -6.7 -1.6 0
    endloop
  endfacet
  facet normal 0 1 0
    outer loop
      vertex -6.7 -11.2 2.45
      vertex -6 -11.2 2.45
      vertex -6.7 -11.2 0
    endloop
  endfacet
  facet normal 0 -1 0
    outer loop
      vertex -6.7 -1.6 2.45
      vertex -6.7 -1.6 0
      vertex -4.485 -1.6 0.595
    endloop
  endfacet
  facet normal 0 -1 0
    outer loop
      vertex -6.7 -1.6 2.45
      vertex -4.485 -1.6 0.595
      vertex -4.485 -1.6 1.945
    endloop
  endfacet
  facet normal 0 -1 0
    outer loop
      vertex -4.485 -1.6 0.595
      vertex -6.7 -1.6 0
      vertex 6.7 -1.6 0
    endloop
  endfacet
  facet normal 0 -1 0
    outer loop
      vertex -4.485 -1.6 0.595
      vertex 6.7 -1.6 0
      vertex -3.135 -1.6 0.595
    endloop
  endfacet
  facet normal 0 -1 0
    outer loop
      vertex -3.135 -1.6 0.595
      vertex -1.945 -1.6 0.595
      vertex -1.945 -1.6 1.945
    endloop
  endfacet
  facet normal 0 -1 0
    outer loop
      vertex -3.135 -1.6 0.595
      vertex -1.945 -1.6 1.945
      vertex -3.135 -1.6 1.945
    endloop
  endfacet
  facet normal 0 -1 0
    outer loop
      vertex -0.595 -1.6 0.595
      vertex 0.595 -1.6 1.945
      vertex -0.595 -1.6 1.945
    endloop
  endfacet
  facet normal 0 1 0
    outer loop
      vertex -6 -11.2 2.45
      vertex -6 -11.2 0
      vertex -6.7 -11.2 0
    endloop
  endfacet
  facet normal 0 -1 0
    outer loop
      vertex -6.7 -1.6 2.45
      vertex -4.485 -1.6 1.945
      vertex -3.135 -1.6 1.945
    endloop
  endfacet
  facet normal 0 -1 0
    outer loop
      vertex -6.7 -1.6 2.45
      vertex -3.135 -1.6 1.945
      vertex -1.945 -1.6 1.945
    endloop
  endfacet
  facet normal 0 -1 0
    outer loop
      vertex -6.7 -1.6 2.45
      vertex -1.945 -1.6 1.945
      vertex -0.595 -1.6 1.945
    endloop
  endfacet
  facet normal 0 -1 0
    outer loop
      vertex -6.7 -1.6 2.45
      vertex -0.595 -1.6 1.945
      vertex 0.595 -1.6 1.945
    endloop
  endfacet
  facet normal 0 -1 0
    outer loop
      vertex -6.7 -1.6 2.45
      vertex 0.595 -1.6 1.945
      vertex 1.945 -1.6 1.945
    endloop
  endfacet
  facet normal 0 0 -1
    outer loop
      vertex -6.7 -1.6 2.45
      vertex 6.7 -1.6 2.45
      vertex -6.7 -11.2 2.45
    endloop
  endfacet
  facet normal 0 0 -1
    outer loop
      vertex -6.7 -11.2 2.45
      vertex -6 -11.08 2.45
      vertex -6 -11.2 2.45
    endloop
  endfacet
  facet normal 0 0 -1
    outer loop
      vertex -6.7 -11.2 2.45
      vertex 6.7 -1.6 2.45
      vertex -6 -11.08 2.45
    endloop
  endfacet
  facet normal 0 -1 0
    outer loop
      vertex -3.135 -1.6 0.595
      vertex 6.7 -1.6 0
      vertex -1.945 -1.6 0.595
    endloop
  endfacet
  facet normal 0 -1 0
    outer loop
      vertex -1.945 -1.6 0.595
      vertex 6.7 -1.6 0
      vertex -0.595 -1.6 0.595
    endloop
  endfacet
  facet normal 0 -1 0
    outer loop
      vertex -0.595 -1.6 0.595
      vertex 6.7 -1.6 0
      vertex 0.595 -1.6 0.595
    endloop
  endfacet
  facet normal 0 -1 0
    outer loop
      vertex 0.595 -1.6 0.595
      vertex 6.7 -1.6 0
      vertex 1.945 -1.6 0.595
    endloop
  endfacet
  facet normal 0 -1 0
    outer loop
      vertex -0.595 -1.6 0.595
      vertex 0.595 -1.6 0.595
      vertex 0.595 -1.6 1.945
    endloop
  endfacet
  facet normal 0 -1 0
    outer loop
      vertex 1.945 -1.6 0.595
      vertex 3.135 -1.6 0.595
      vertex 3.135 -1.6 1.945
    endloop
  endfacet
  facet normal 0 -1 0
    outer loop
      vertex 1.945 -1.6 0.595
      vertex 3.135 -1.6 1.945
      vertex 1.945 -1.6 1.945
    endloop
  endfacet
  facet normal 0 -1 0
    outer loop
      vertex 1.945 -1.6 0.595
      vertex 6.7 -1.6 0
      vertex 3.135 -1.6 0.595
    endloop
  endfacet
  facet normal 0 -1 0
    outer loop
      vertex 3.135 -1.6 0.595
      vertex 6.7 -1.6 0
      vertex 4.485 -1.6 0.595
    endloop
  endfacet
  facet normal 0 -1 0
    outer loop
      vertex 4.485 -1.6 0.595
      vertex 6.7 -1.6 0
      vertex 6.7 -1.6 2.45
    endloop
  endfacet
  facet normal 0 -1 0
    outer loop
      vertex 4.485 -1.6 0.595
      vertex 6.7 -1.6 2.45
      vertex 4.485 -1.6 1.945
    endloop
  endfacet
  facet normal 0 1 0
    outer loop
      vertex 6 -11.2 2.45
      vertex 6.7 -11.2 2.45
      vertex 6 -11.2 0
    endloop
  endfacet
  facet normal 0 -1 0
    outer loop
      vertex -6.7 -1.6 2.45
      vertex 1.945 -1.6 1.945
      vertex 6.7 -1.6 2.45
    endloop
  endfacet
  facet normal 0 -1 0
    outer loop
      vertex 1.945 -1.6 1.945
      vertex 3.135 -1.6 1.945
      vertex 6.7 -1.6 2.45
    endloop
  endfacet
  facet normal 0 -1 0
    outer loop
      vertex 3.135 -1.6 1.945
      vertex 4.485 -1.6 1.945
      vertex 6.7 -1.6 2.45
    endloop
  endfacet
  facet normal 0 0 -1
    outer loop
      vertex -6 -11.08 2.45
      vertex 6.7 -1.6 2.45
      vertex 6 -11.08 2.45
    endloop
  endfacet
  facet normal 0 0 -1
    outer loop
      vertex 6 -11.08 2.45
      vertex 6.7 -11.2 2.45
      vertex 6 -11.2 2.45
    endloop
  endfacet
  facet normal -1 0 0
    outer loop
      vertex 6.7 -1.6 2.45
      vertex 6.7 -1.6 0
      vertex 6.7 -11.2 0
    endloop
  endfacet
  facet normal 0 1 0
    outer loop
      vertex 6.7 -11.2 2.45
      vertex 6.7 -11.2 0
      vertex 6 -11.2 0
    endloop
  endfacet
  facet normal -1 0 0
    outer loop
      vertex 6.7 -1.6 2.45
      vertex 6.7 -11.2 0
      vertex 6.7 -11.2 2.45
    endloop
  endfacet
  facet normal 0 0 -1
    outer loop
      vertex 6 -11.08 2.45
      vertex 6.7 -1.6 2.45
      vertex 6.7 -11.2 2.45
    endloop
  endfacet
  facet normal 1 0 0
    outer loop
      vertex -6 -11.2 2.45
      vertex -6 -15.689929078014185 0
      vertex -6 -11.2 0
    endloop
  endfacet
  facet normal 1 0 0
    outer loop
      vertex -6 -11.08 2.45
      vertex -6 -11.1 3.9
      vertex -6 -11.2 2.45
    endloop
  endfacet
  facet normal 1 0 0
    outer loop
      vertex -6 -11.08 2.45
      vertex -6 -11.08 3.9
      vertex -6 -11.1 3.9
    endloop
  endfacet
  facet normal 1 0 0
    outer loop
      vertex -6 -11.2 2.45
      vertex -6 -11.1 3.9
      vertex -6 -11.1 4.6
    endloop
  endfacet
  facet normal 0 -1 0
    outer loop
      vertex -6 -11.08 2.45
      vertex 6 -11.08 3.9
      vertex -6 -11.08 3.9
    endloop
  endfacet
  facet normal 1 0 0
    outer loop
      vertex -6 -24.119999999999997 4.6
      vertex -6 -24.119999999999997 0
      vertex -6 -15.689929078014185 0
    endloop
  endfacet
  facet normal 0 1 0
    outer loop
      vertex -2.75 -24.119999999999997 0
      vertex -6 -24.119999999999997 0
      vertex -2.7264733687779787 -24.119999999999997 0.3589470286051418
    endloop
  endfacet
  facet normal 0 1 0
    outer loop
      vertex -2.7264733687779787 -24.119999999999997 0.3589470286051418
      vertex -6 -24.119999999999997 0
      vertex -2.6562960222949377 -24.119999999999997 0.711752374031932
    endloop
  endfacet
  facet normal 0 1 0
    outer loop
      vertex -2.6562960222949377 -24.119999999999997 0.711752374031932
      vertex -6 -24.119999999999997 0
      vertex -6 -24.119999999999997 4.6
    endloop
  endfacet
  facet normal 1 0 0
    outer loop
      vertex -6 -11.2 2.45
      vertex -6 -24.119999999999997 4.6
      vertex -6 -15.689929078014185 0
    endloop
  endfacet
  facet normal 0 1 0
    outer loop
      vertex -2.6562960222949377 -24.119999999999997 0.711752374031932
      vertex -6 -24.119999999999997 4.6
      vertex -2.5406687144060385 -24.119999999999997 1.0523794390039969
    endloop
  endfacet
  facet normal 0 1 0
    outer loop
      vertex -2.5406687144060385 -24.119999999999997 1.0523794390039969
      vertex -6 -24.119999999999997 4.6
      vertex -2.381569860407206 -24.119999999999997 1.375
    endloop
  endfacet
  facet normal 0 1 0
    outer loop
      vertex -2.381569860407206 -24.119999999999997 1.375
      vertex -6 -24.119999999999997 4.6
      vertex -2.1817216858008965 -24.119999999999997 1.6740939297739819
    endloop
  endfacet
  facet normal 0 1 0
    outer loop
      vertex -2.1817216858008965 -24.119999999999997 1.6740939297739819
      vertex -6 -24.119999999999997 4.6
      vertex -1.9445436482630059 -24.119999999999997 1.9445436482630059
    endloop
  endfacet
  facet normal 0 1 0
    outer loop
      vertex -1.9445436482630059 -24.119999999999997 1.9445436482630059
      vertex -6 -24.119999999999997 4.6
      vertex -1.6740939297739819 -24.119999999999997 2.1817216858008965
    endloop
  endfacet
  facet normal 0 1 0
    outer loop
      vertex -1.6740939297739819 -24.119999999999997 2.1817216858008965
      vertex -6 -24.119999999999997 4.6
      vertex -1.375 -24.119999999999997 2.381569860407206
    endloop
  endfacet
  facet normal 0 1 0
    outer loop
      vertex -1.375 -24.119999999999997 2.381569860407206
      vertex -6 -24.119999999999997 4.6
      vertex -1.0523794390039969 -24.119999999999997 2.5406687144060385
    endloop
  endfacet
  facet normal 0 1 0
    outer loop
      vertex -1.0523794390039969 -24.119999999999997 2.5406687144060385
      vertex -6 -24.119999999999997 4.6
      vertex -0.711752374031932 -24.119999999999997 2.6562960222949377
    endloop
  endfacet
  facet normal 0 1 0
    outer loop
      vertex -0.711752374031932 -24.119999999999997 2.6562960222949377
      vertex -6 -24.119999999999997 4.6
      vertex -0.3589470286051418 -24.119999999999997 2.7264733687779787
    endloop
  endfacet
  facet normal 0 1 0
    outer loop
      vertex -0.3589470286051418 -24.119999999999997 2.7264733687779787
      vertex -6 -24.119999999999997 4.6
      vertex 0 -24.119999999999997 2.75
    endloop
  endfacet
  facet normal 0 1 0
    outer loop
      vertex -6 -24.119999999999997 4.6
      vertex 0.3589470286051418 -24.119999999999997 2.7264733687779787
      vertex 0 -24.119999999999997 2.75
    endloop
  endfacet
  facet normal 0 1 0
    outer loop
      vertex -6 -24.119999999999997 4.6
      vertex 0.711752374031932 -24.119999999999997 2.6562960222949377
      vertex 0.3589470286051418 -24.119999999999997 2.7264733687779787
    endloop
  endfacet
  facet normal 1 0 0
    outer loop
      vertex -6 -11.2 2.45
      vertex -6 -11.1 4.6
      vertex -6 -24.119999999999997 4.6
    endloop
  endfacet
  facet normal 0 0 -1
    outer loop
      vertex -6 -11.1 4.6
      vertex 6 -24.119999999999997 4.6
      vertex -6 -24.119999999999997 4.6
    endloop
  endfacet
  facet normal -1 0 0
    outer loop
      vertex 6 -11.2 2.45
      vertex 6 -11.2 0
      vertex 6 -17.61 0
    endloop
  endfacet
  facet normal 0 -1 0
    outer loop
      vertex -6 -11.08 2.45
      vertex 6 -11.08 2.45
      vertex 6 -11.08 3.9
    endloop
  endfacet
  facet normal -1 0 0
    outer loop
      vertex 6 -11.2 2.45
      vertex 6 -17.61 0
      vertex 6 -11.1 4.6
    endloop
  endfacet
  facet normal -1 0 0
    outer loop
      vertex 6 -11.08 2.45
      vertex 6 -11.2 2.45
      vertex 6 -11.1 3.9
    endloop
  endfacet
  facet normal -1 0 0
    outer loop
      vertex 6 -11.08 2.45
      vertex 6 -11.1 3.9
      vertex 6 -11.08 3.9
    endloop
  endfacet
  facet normal -1 0 0
    outer loop
      vertex 6 -11.2 2.45
      vertex 6 -11.1 4.6
      vertex 6 -11.1 3.9
    endloop
  endfacet
  facet normal -1 0 0
    outer loop
      vertex 6 -11.1 4.6
      vertex 6 -17.61 0
      vertex 6 -24.119999999999997 0
    endloop
  endfacet
  facet normal 0 1 0
    outer loop
      vertex 2.7264733687779787 -24.119999999999997 0.3589470286051418
      vertex 6 -24.119999999999997 4.6
      vertex 2.75 -24.119999999999997 0
    endloop
  endfacet
  facet normal 0 1 0
    outer loop
      vertex 6 -24.119999999999997 4.6
      vertex 6 -24.119999999999997 0
      vertex 2.75 -24.119999999999997 0
    endloop
  endfacet
  facet normal -1 0 0
    outer loop
      vertex 6 -11.1 4.6
      vertex 6 -24.119999999999997 0
      vertex 6 -24.119999999999997 4.6
    endloop
  endfacet
  facet normal 0 1 0
    outer loop
      vertex 0.711752374031932 -24.119999999999997 2.6562960222949377
      vertex 6 -24.119999999999997 4.6
      vertex 1.0523794390039969 -24.119999999999997 2.5406687144060385
    endloop
  endfacet
  facet normal 0 1 0
    outer loop
      vertex 1.375 -24.119999999999997 2.381569860407206
      vertex 6 -24.119999999999997 4.6
      vertex 1.6740939297739819 -24.119999999999997 2.1817216858008965
    endloop
  endfacet
  facet normal 0 1 0
    outer loop
      vertex 1.0523794390039969 -24.119999999999997 2.5406687144060385
      vertex 6 -24.119999999999997 4.6
      vertex 1.375 -24.119999999999997 2.381569860407206
    endloop
  endfacet
  facet normal 0 1 0
    outer loop
      vertex 2.7264733687779787 -24.119999999999997 0.3589470286051418
      vertex 2.6562960222949377 -24.119999999999997 0.711752374031932
      vertex 6 -24.119999999999997 4.6
    endloop
  endfacet
  facet normal 0 1 0
    outer loop
      vertex 2.6562960222949377 -24.119999999999997 0.711752374031932
      vertex 2.5406687144060385 -24.119999999999997 1.0523794390039969
      vertex 6 -24.119999999999997 4.6
    endloop
  endfacet
  facet normal 0 1 0
    outer loop
      vertex 2.5406687144060385 -24.119999999999997 1.0523794390039969
      vertex 2.381569860407206 -24.119999999999997 1.375
      vertex 6 -24.119999999999997 4.6
    endloop
  endfacet
  facet normal 0 1 0
    outer loop
      vertex 2.1817216858008965 -24.119999999999997 1.6740939297739819
      vertex 6 -24.119999999999997 4.6
      vertex 2.381569860407206 -24.119999999999997 1.375
    endloop
  endfacet
  facet normal 0 1 0
    outer loop
      vertex 2.1817216858008965 -24.119999999999997 1.6740939297739819
      vertex 1.9445436482630059 -24.119999999999997 1.9445436482630059
      vertex 6 -24.119999999999997 4.6
    endloop
  endfacet
  facet normal 0 1 0
    outer loop
      vertex 1.9445436482630059 -24.119999999999997 1.9445436482630059
      vertex 1.6740939297739819 -24.119999999999997 2.1817216858008965
      vertex 6 -24.119999999999997 4.6
    endloop
  endfacet
  facet normal 0 0 -1
    outer loop
      vertex -6 -11.1 4.6
      vertex 6 -11.1 4.6
      vertex 6 -24.119999999999997 4.6
    endloop
  endfacet
  facet normal 0 1 0
    outer loop
      vertex -6 -24.119999999999997 4.6
      vertex 6 -24.119999999999997 4.6
      vertex 0.711752374031932 -24.119999999999997 2.6562960222949377
    endloop
  endfacet
  facet normal 0.9978589232386035 0 -0.06540312923014276
    outer loop
      vertex -2.75 -24.119999999999997 0
      vertex -2.7264733687779787 -24.119999999999997 0.3589470286051418
      vertex -2.7264733687779787 -29.1 0.3589470286051418
    endloop
  endfacet
  facet normal 0.9978589232386035 0 -0.06540312923014276
    outer loop
      vertex -2.75 -24.119999999999997 0
      vertex -2.7264733687779787 -29.1 0.3589470286051418
      vertex -2.75 -29.1 0
    endloop
  endfacet
  facet normal 0.9807852804032303 0 -0.19509032201612891
    outer loop
      vertex -2.7264733687779787 -24.119999999999997 0.3589470286051418
      vertex -2.6562960222949377 -24.119999999999997 0.711752374031932
      vertex -2.6562960222949377 -29.1 0.711752374031932
    endloop
  endfacet
  facet normal 0.9807852804032303 0 -0.19509032201612891
    outer loop
      vertex -2.7264733687779787 -24.119999999999997 0.3589470286051418
      vertex -2.6562960222949377 -29.1 0.711752374031932
      vertex -2.7264733687779787 -29.1 0.3589470286051418
    endloop
  endfacet
  facet normal 0.9469301294951057 0 -0.3214394653031615
    outer loop
      vertex -2.6562960222949377 -24.119999999999997 0.711752374031932
      vertex -2.5406687144060385 -29.1 1.0523794390039969
      vertex -2.6562960222949377 -29.1 0.711752374031932
    endloop
  endfacet
  facet normal 0.9469301294951057 0 -0.3214394653031615
    outer loop
      vertex -2.6562960222949377 -24.119999999999997 0.711752374031932
      vertex -2.5406687144060385 -24.119999999999997 1.0523794390039969
      vertex -2.5406687144060385 -29.1 1.0523794390039969
    endloop
  endfacet
  facet normal 0.8968727415326884 0 -0.4422886902190012
    outer loop
      vertex -2.5406687144060385 -24.119999999999997 1.0523794390039969
      vertex -2.381569860407206 -24.119999999999997 1.375
      vertex -2.381569860407206 -29.1 1.375
    endloop
  endfacet
  facet normal 0.8968727415326884 0 -0.4422886902190012
    outer loop
      vertex -2.5406687144060385 -24.119999999999997 1.0523794390039969
      vertex -2.381569860407206 -29.1 1.375
      vertex -2.5406687144060385 -29.1 1.0523794390039969
    endloop
  endfacet
  facet normal 0.8314696123025452 0 -0.5555702330196023
    outer loop
      vertex -2.381569860407206 -24.119999999999997 1.375
      vertex -2.1817216858008965 -24.119999999999997 1.6740939297739819
      vertex -2.1817216858008965 -29.1 1.6740939297739819
    endloop
  endfacet
  facet normal 0.7518398074789779 0 -0.6593458151000683
    outer loop
      vertex -2.1817216858008965 -24.119999999999997 1.6740939297739819
      vertex -1.9445436482630059 -24.119999999999997 1.9445436482630059
      vertex -1.9445436482630059 -29.1 1.9445436482630059
    endloop
  endfacet
  facet normal 0.8314696123025452 0 -0.5555702330196023
    outer loop
      vertex -2.381569860407206 -24.119999999999997 1.375
      vertex -2.1817216858008965 -29.1 1.6740939297739819
      vertex -2.381569860407206 -29.1 1.375
    endloop
  endfacet
  facet normal 0.7518398074789779 0 -0.6593458151000683
    outer loop
      vertex -2.1817216858008965 -24.119999999999997 1.6740939297739819
      vertex -1.9445436482630059 -29.1 1.9445436482630059
      vertex -2.1817216858008965 -29.1 1.6740939297739819
    endloop
  endfacet
  facet normal 0.6593458151000683 0 -0.7518398074789779
    outer loop
      vertex -1.9445436482630059 -24.119999999999997 1.9445436482630059
      vertex -1.6740939297739819 -24.119999999999997 2.1817216858008965
      vertex -1.6740939297739819 -29.1 2.1817216858008965
    endloop
  endfacet
  facet normal 0.6593458151000683 0 -0.7518398074789779
    outer loop
      vertex -1.9445436482630059 -24.119999999999997 1.9445436482630059
      vertex -1.6740939297739819 -29.1 2.1817216858008965
      vertex -1.9445436482630059 -29.1 1.9445436482630059
    endloop
  endfacet
  facet normal 0.5555702330196023 0 -0.8314696123025452
    outer loop
      vertex -1.6740939297739819 -24.119999999999997 2.1817216858008965
      vertex -1.375 -29.1 2.381569860407206
      vertex -1.6740939297739819 -29.1 2.1817216858008965
    endloop
  endfacet
  facet normal 0.5555702330196023 0 -0.8314696123025452
    outer loop
      vertex -1.6740939297739819 -24.119999999999997 2.1817216858008965
      vertex -1.375 -24.119999999999997 2.381569860407206
      vertex -1.375 -29.1 2.381569860407206
    endloop
  endfacet
  facet normal 0.4422886902190012 0 -0.8968727415326884
    outer loop
      vertex -1.375 -24.119999999999997 2.381569860407206
      vertex -1.0523794390039969 -24.119999999999997 2.5406687144060385
      vertex -1.0523794390039969 -29.1 2.5406687144060385
    endloop
  endfacet
  facet normal 0.3214394653031615 0 -0.9469301294951057
    outer loop
      vertex -1.0523794390039969 -24.119999999999997 2.5406687144060385
      vertex -0.711752374031932 -24.119999999999997 2.6562960222949377
      vertex -0.711752374031932 -29.1 2.6562960222949377
    endloop
  endfacet
  facet normal 0.19509032201612891 0 -0.9807852804032303
    outer loop
      vertex -0.711752374031932 -24.119999999999997 2.6562960222949377
      vertex -0.3589470286051418 -24.119999999999997 2.7264733687779787
      vertex -0.3589470286051418 -29.1 2.7264733687779787
    endloop
  endfacet
  facet normal 0.06540312923014276 0 -0.9978589232386035
    outer loop
      vertex -0.3589470286051418 -24.119999999999997 2.7264733687779787
      vertex 0 -24.119999999999997 2.75
      vertex 0 -29.1 2.75
    endloop
  endfacet
  facet normal 0.4422886902190012 0 -0.8968727415326884
    outer loop
      vertex -1.375 -24.119999999999997 2.381569860407206
      vertex -1.0523794390039969 -29.1 2.5406687144060385
      vertex -1.375 -29.1 2.381569860407206
    endloop
  endfacet
  facet normal 0.3214394653031615 0 -0.9469301294951057
    outer loop
      vertex -1.0523794390039969 -24.119999999999997 2.5406687144060385
      vertex -0.711752374031932 -29.1 2.6562960222949377
      vertex -1.0523794390039969 -29.1 2.5406687144060385
    endloop
  endfacet
  facet normal 0.19509032201612891 0 -0.9807852804032303
    outer loop
      vertex -0.711752374031932 -24.119999999999997 2.6562960222949377
      vertex -0.3589470286051418 -29.1 2.7264733687779787
      vertex -0.711752374031932 -29.1 2.6562960222949377
    endloop
  endfacet
  facet normal 0.06540312923014276 0 -0.9978589232386035
    outer loop
      vertex -0.3589470286051418 -24.119999999999997 2.7264733687779787
      vertex 0 -29.1 2.75
      vertex -0.3589470286051418 -29.1 2.7264733687779787
    endloop
  endfacet
  facet normal -0.9978589232386035 0 -0.06540312923014276
    outer loop
      vertex 2.7264733687779787 -24.119999999999997 0.3589470286051418
      vertex 2.75 -24.119999999999997 0
      vertex 2.75 -29.1 0
    endloop
  endfacet
  facet normal -0.9978589232386035 0 -0.06540312923014276
    outer loop
      vertex 2.7264733687779787 -24.119999999999997 0.3589470286051418
      vertex 2.75 -29.1 0
      vertex 2.7264733687779787 -29.1 0.3589470286051418
    endloop
  endfacet
  facet normal -0.9807852804032303 0 -0.19509032201612891
    outer loop
      vertex 2.7264733687779787 -24.119999999999997 0.3589470286051418
      vertex 2.7264733687779787 -29.1 0.3589470286051418
      vertex 2.6562960222949377 -24.119999999999997 0.711752374031932
    endloop
  endfacet
  facet normal -0.9469301294951057 0 -0.3214394653031615
    outer loop
      vertex 2.6562960222949377 -24.119999999999997 0.711752374031932
      vertex 2.6562960222949377 -29.1 0.711752374031932
      vertex 2.5406687144060385 -24.119999999999997 1.0523794390039969
    endloop
  endfacet
  facet normal -0.9807852804032303 0 -0.19509032201612891
    outer loop
      vertex 2.6562960222949377 -24.119999999999997 0.711752374031932
      vertex 2.7264733687779787 -29.1 0.3589470286051418
      vertex 2.6562960222949377 -29.1 0.711752374031932
    endloop
  endfacet
  facet normal -0.8968727415326884 0 -0.4422886902190012
    outer loop
      vertex 2.5406687144060385 -24.119999999999997 1.0523794390039969
      vertex 2.5406687144060385 -29.1 1.0523794390039969
      vertex 2.381569860407206 -24.119999999999997 1.375
    endloop
  endfacet
  facet normal -0.9469301294951057 0 -0.3214394653031615
    outer loop
      vertex 2.5406687144060385 -24.119999999999997 1.0523794390039969
      vertex 2.6562960222949377 -29.1 0.711752374031932
      vertex 2.5406687144060385 -29.1 1.0523794390039969
    endloop
  endfacet
  facet normal -0.8968727415326884 0 -0.4422886902190012
    outer loop
      vertex 2.381569860407206 -24.119999999999997 1.375
      vertex 2.5406687144060385 -29.1 1.0523794390039969
      vertex 2.381569860407206 -29.1 1.375
    endloop
  endfacet
  facet normal -0.8314696123025452 0 -0.5555702330196023
    outer loop
      vertex 2.1817216858008965 -24.119999999999997 1.6740939297739819
      vertex 2.381569860407206 -24.119999999999997 1.375
      vertex 2.381569860407206 -29.1 1.375
    endloop
  endfacet
  facet normal -0.7518398074789779 0 -0.6593458151000683
    outer loop
      vertex 2.1817216858008965 -24.119999999999997 1.6740939297739819
      vertex 2.1817216858008965 -29.1 1.6740939297739819
      vertex 1.9445436482630059 -24.119999999999997 1.9445436482630059
    endloop
  endfacet
  facet normal -0.8314696123025452 0 -0.5555702330196023
    outer loop
      vertex 2.1817216858008965 -24.119999999999997 1.6740939297739819
      vertex 2.381569860407206 -29.1 1.375
      vertex 2.1817216858008965 -29.1 1.6740939297739819
    endloop
  endfacet
  facet normal -0.7518398074789779 0 -0.6593458151000683
    outer loop
      vertex 2.1817216858008965 -29.1 1.6740939297739819
      vertex 1.9445436482630059 -29.1 1.9445436482630059
      vertex 1.9445436482630059 -24.119999999999997 1.9445436482630059
    endloop
  endfacet
  facet normal -0.5555702330196023 0 -0.8314696123025452
    outer loop
      vertex 1.375 -24.119999999999997 2.381569860407206
      vertex 1.6740939297739819 -29.1 2.1817216858008965
      vertex 1.375 -29.1 2.381569860407206
    endloop
  endfacet
  facet normal -0.06540312923014276 0 -0.9978589232386035
    outer loop
      vertex 0 -24.119999999999997 2.75
      vertex 0.3589470286051418 -24.119999999999997 2.7264733687779787
      vertex 0.3589470286051418 -29.1 2.7264733687779787
    endloop
  endfacet
  facet normal -0.19509032201612891 0 -0.9807852804032303
    outer loop
      vertex 0.3589470286051418 -24.119999999999997 2.7264733687779787
      vertex 0.711752374031932 -24.119999999999997 2.6562960222949377
      vertex 0.711752374031932 -29.1 2.6562960222949377
    endloop
  endfacet
  facet normal -0.4422886902190012 0 -0.8968727415326884
    outer loop
      vertex 1.0523794390039969 -24.119999999999997 2.5406687144060385
      vertex 1.375 -24.119999999999997 2.381569860407206
      vertex 1.375 -29.1 2.381569860407206
    endloop
  endfacet
  facet normal -0.3214394653031615 0 -0.9469301294951057
    outer loop
      vertex 0.711752374031932 -24.119999999999997 2.6562960222949377
      vertex 1.0523794390039969 -24.119999999999997 2.5406687144060385
      vertex 1.0523794390039969 -29.1 2.5406687144060385
    endloop
  endfacet
  facet normal -0.06540312923014276 0 -0.9978589232386035
    outer loop
      vertex 0 -24.119999999999997 2.75
      vertex 0.3589470286051418 -29.1 2.7264733687779787
      vertex 0 -29.1 2.75
    endloop
  endfacet
  facet normal -0.19509032201612891 0 -0.9807852804032303
    outer loop
      vertex 0.3589470286051418 -24.119999999999997 2.7264733687779787
      vertex 0.711752374031932 -29.1 2.6562960222949377
      vertex 0.3589470286051418 -29.1 2.7264733687779787
    endloop
  endfacet
  facet normal -0.4422886902190012 0 -0.8968727415326884
    outer loop
      vertex 1.0523794390039969 -24.119999999999997 2.5406687144060385
      vertex 1.375 -29.1 2.381569860407206
      vertex 1.0523794390039969 -29.1 2.5406687144060385
    endloop
  endfacet
  facet normal -0.3214394653031615 0 -0.9469301294951057
    outer loop
      vertex 0.711752374031932 -24.119999999999997 2.6562960222949377
      vertex 1.0523794390039969 -29.1 2.5406687144060385
      vertex 0.711752374031932 -29.1 2.6562960222949377
    endloop
  endfacet
  facet normal -0.6593458151000683 0 -0.7518398074789779
    outer loop
      vertex 1.9445436482630059 -24.119999999999997 1.9445436482630059
      vertex 1.9445436482630059 -29.1 1.9445436482630059
      vertex 1.6740939297739819 -24.119999999999997 2.1817216858008965
    endloop
  endfacet
  facet normal -0.5555702330196023 0 -0.8314696123025452
    outer loop
      vertex 1.375 -24.119999999999997 2.381569860407206
      vertex 1.6740939297739819 -24.119999999999997 2.1817216858008965
      vertex 1.6740939297739819 -29.1 2.1817216858008965
    endloop
  endfacet
  facet normal -0.6593458151000683 0 -0.7518398074789779
    outer loop
      vertex 1.6740939297739819 -24.119999999999997 2.1817216858008965
      vertex 1.9445436482630059 -29.1 1.9445436482630059
      vertex 1.6740939297739819 -29.1 2.1817216858008965
    endloop
  endfacet
  facet normal 0 0 1
    outer loop
      vertex -5.302557222545147 -13.16093264967203 6.88
      vertex -4.850916370749474 -13.291026037931442 6.88
      vertex -5.227385468780994 -13.040660326182842 6.88
    endloop
  endfacet
  facet normal 0 0 1
    outer loop
      vertex -5.302557222545147 -13.16093264967203 6.88
      vertex -5.370311997830868 -13.29035599976778 6.88
      vertex -4.968347996473312 -13.491337996721267 6.88
    endloop
  endfacet
  facet normal 0 0 1
    outer loop
      vertex -5.054791018366814 -12.8275687366724 6.88
      vertex -4.7180226147174835 -13.121531304717063 6.88
      vertex -4.957368329167366 -12.734749470651149 6.88
    endloop
  endfacet
  facet normal 0 0 1
    outer loop
      vertex -5.14479673653841 -12.929539021849632 6.88
      vertex -5.227385468780994 -13.040660326182842 6.88
      vertex -4.850916370749474 -13.291026037931442 6.88
    endloop
  endfacet
  facet normal 0 0 1
    outer loop
      vertex -5.14479673653841 -12.929539021849632 6.88
      vertex -4.7180226147174835 -13.121531304717063 6.88
      vertex -5.054791018366814 -12.8275687366724 6.88
    endloop
  endfacet
  facet normal 0 0 1
    outer loop
      vertex -5.14479673653841 -12.929539021849632 6.88
      vertex -4.850916370749474 -13.291026037931442 6.88
      vertex -4.7180226147174835 -13.121531304717063 6.88
    endloop
  endfacet
  facet normal 0 0 1
    outer loop
      vertex -4.852528654038906 -12.651081223785877 6.88
      vertex -4.957368329167366 -12.734749470651149 6.88
      vertex -4.569666735827923 -12.982853797078132 6.88
    endloop
  endfacet
  facet normal 0 0 1
    outer loop
      vertex -4.852528654038906 -12.651081223785877 6.88
      vertex -4.569666735827923 -12.982853797078132 6.88
      vertex -4.7402720004320145 -12.576564003527164 6.88
    endloop
  endfacet
  facet normal 0 0 1
    outer loop
      vertex -4.957368329167366 -12.734749470651149 6.88
      vertex -4.7180226147174835 -13.121531304717063 6.88
      vertex -4.569666735827923 -12.982853797078132 6.88
    endloop
  endfacet
  facet normal 0 0 1
    outer loop
      vertex -5.302557222545147 -13.16093264967203 6.88
      vertex -4.968347996473312 -13.491337996721267 6.88
      vertex -4.850916370749474 -13.291026037931442 6.88
    endloop
  endfacet
  facet normal 0.6237695497748411 -0.7816083090485233 0
    outer loop
      vertex -4.852528654038906 -12.651081223785877 6.88
      vertex -4.852528654038906 -12.651081223785877 7.5
      vertex -4.957368329167366 -12.734749470651149 6.88
    endloop
  endfacet
  facet normal 0.5530520749111466 -0.8331466872264904 0
    outer loop
      vertex -4.852528654038906 -12.651081223785877 6.88
      vertex -4.7402720004320145 -12.576564003527164 6.88
      vertex -4.7402720004320145 -12.576564003527164 7.5
    endloop
  endfacet
  facet normal 0.6237695497748411 -0.7816083090485233 0
    outer loop
      vertex -4.852528654038906 -12.651081223785877 7.5
      vertex -4.957368329167366 -12.734749470651149 7.5
      vertex -4.957368329167366 -12.734749470651149 6.88
    endloop
  endfacet
  facet normal 0.5530520749111466 -0.8331466872264904 0
    outer loop
      vertex -4.852528654038906 -12.651081223785877 6.88
      vertex -4.7402720004320145 -12.576564003527164 7.5
      vertex -4.852528654038906 -12.651081223785877 7.5
    endloop
  endfacet
  facet normal 0.4802723152059018 -0.8771194349954644 0
    outer loop
      vertex -4.7402720004320145 -12.576564003527164 6.88
      vertex -4.621661588549614 -12.511618119478225 7.5
      vertex -4.7402720004320145 -12.576564003527164 7.5
    endloop
  endfacet
  facet normal 0.7497213509025418 -0.6617536520495128 0
    outer loop
      vertex -5.14479673653841 -12.929539021849632 6.88
      vertex -5.054791018366814 -12.8275687366724 6.88
      vertex -5.054791018366814 -12.8275687366724 7.5
    endloop
  endfacet
  facet normal 0.8479933872893566 -0.5300068066671628 0
    outer loop
      vertex -5.302557222545147 -13.16093264967203 6.88
      vertex -5.227385468780994 -13.040660326182842 6.88
      vertex -5.227385468780994 -13.040660326182842 7.5
    endloop
  endfacet
  facet normal 0.802600416241522 -0.5965170339972998 0
    outer loop
      vertex -5.14479673653841 -12.929539021849632 6.88
      vertex -5.14479673653841 -12.929539021849632 7.5
      vertex -5.227385468780994 -13.040660326182842 6.88
    endloop
  endfacet
  facet normal 0.8859395774678455 -0.4638006738633478 0
    outer loop
      vertex -5.302557222545147 -13.16093264967203 6.88
      vertex -5.302557222545147 -13.16093264967203 7.5
      vertex -5.370311997830868 -13.29035599976778 6.88
    endloop
  endfacet
  facet normal 0.4472135888685164 0.8944271943156367 0
    outer loop
      vertex -5.370311997830868 -13.29035599976778 6.88
      vertex -5.370311997830868 -13.29035599976778 7.5
      vertex -4.968347996473312 -13.491337996721267 6.88
    endloop
  endfacet
  facet normal 0.689794485136623 -0.7240052266904577 0
    outer loop
      vertex -5.054791018366814 -12.8275687366724 6.88
      vertex -4.957368329167366 -12.734749470651149 6.88
      vertex -4.957368329167366 -12.734749470651149 7.5
    endloop
  endfacet
  facet normal -0.8626841144182271 0.5057431351293256 0
    outer loop
      vertex -4.968347996473312 -13.491337996721267 6.88
      vertex -4.968347996473312 -13.491337996721267 7.5
      vertex -4.850916370749474 -13.291026037931442 6.88
    endloop
  endfacet
  facet normal -0.7869510081885548 0.6170154866054962 0
    outer loop
      vertex -4.7180226147174835 -13.121531304717063 6.88
      vertex -4.850916370749474 -13.291026037931442 6.88
      vertex -4.850916370749474 -13.291026037931442 7.5
    endloop
  endfacet
  facet normal 0.8479933872893566 -0.5300068066671628 0
    outer loop
      vertex -5.302557222545147 -13.16093264967203 6.88
      vertex -5.227385468780994 -13.040660326182842 7.5
      vertex -5.302557222545147 -13.16093264967203 7.5
    endloop
  endfacet
  facet normal 0.7497213509025418 -0.6617536520495128 0
    outer loop
      vertex -5.14479673653841 -12.929539021849632 6.88
      vertex -5.054791018366814 -12.8275687366724 7.5
      vertex -5.14479673653841 -12.929539021849632 7.5
    endloop
  endfacet
  facet normal 0.802600416241522 -0.5965170339972998 0
    outer loop
      vertex -5.227385468780994 -13.040660326182842 6.88
      vertex -5.14479673653841 -12.929539021849632 7.5
      vertex -5.227385468780994 -13.040660326182842 7.5
    endloop
  endfacet
  facet normal 0.8859395774678455 -0.4638006738633478 0
    outer loop
      vertex -5.370311997830868 -13.29035599976778 6.88
      vertex -5.302557222545147 -13.16093264967203 7.5
      vertex -5.370311997830868 -13.29035599976778 7.5
    endloop
  endfacet
  facet normal 0.4472135888685164 0.8944271943156367 0
    outer loop
      vertex -4.968347996473312 -13.491337996721267 6.88
      vertex -5.370311997830868 -13.29035599976778 7.5
      vertex -4.968347996473312 -13.491337996721267 7.5
    endloop
  endfacet
  facet normal 0.689794485136623 -0.7240052266904577 0
    outer loop
      vertex -5.054791018366814 -12.8275687366724 6.88
      vertex -4.957368329167366 -12.734749470651149 7.5
      vertex -5.054791018366814 -12.8275687366724 7.5
    endloop
  endfacet
  facet normal -0.7869510081885548 0.6170154866054962 0
    outer loop
      vertex -4.7180226147174835 -13.121531304717063 6.88
      vertex -4.850916370749474 -13.291026037931442 7.5
      vertex -4.7180226147174835 -13.121531304717063 7.5
    endloop
  endfacet
  facet normal -0.8626841144182271 0.5057431351293256 0
    outer loop
      vertex -4.850916370749474 -13.291026037931442 6.88
      vertex -4.968347996473312 -13.491337996721267 7.5
      vertex -4.850916370749474 -13.291026037931442 7.5
    endloop
  endfacet
  facet normal 0 0 1
    outer loop
      vertex -4.4977389350533485 -12.456663918495178 6.88
      vertex -4.621661588549614 -12.511618119478225 6.88
      vertex -4.4058487340807915 -12.874993507564067 6.88
    endloop
  endfacet
  facet normal 0 0 1
    outer loop
      vertex -4.7402720004320145 -12.576564003527164 6.88
      vertex -4.4058487340807915 -12.874993507564067 6.88
      vertex -4.621661588549614 -12.511618119478225 6.88
    endloop
  endfacet
  facet normal 0 0 1
    outer loop
      vertex -4.4977389350533485 -12.456663918495178 6.88
      vertex -4.2265686094760895 -12.79795045107603 6.88
      vertex -4.368504039943218 -12.41170138567686 6.88
    endloop
  endfacet
  facet normal 0 0 1
    outer loop
      vertex -4.4977389350533485 -12.456663918495178 6.88
      vertex -4.4058487340807915 -12.874993507564067 6.88
      vertex -4.2265686094760895 -12.79795045107603 6.88
    endloop
  endfacet
  facet normal 0 0 1
    outer loop
      vertex -4.233956895768642 -12.376730528473853 6.88
      vertex -4.031826369464397 -12.75172461271286 6.88
      vertex -4.094097509980202 -12.351751346886157 6.88
    endloop
  endfacet
  facet normal 0 0 1
    outer loop
      vertex -4.368504039943218 -12.41170138567686 6.88
      vertex -4.2265686094760895 -12.79795045107603 6.88
      vertex -4.233956895768642 -12.376730528473853 6.88
    endloop
  endfacet
  facet normal 0 0 1
    outer loop
      vertex -4.233956895768642 -12.376730528473853 6.88
      vertex -4.2265686094760895 -12.79795045107603 6.88
      vertex -4.031826369464397 -12.75172461271286 6.88
    endloop
  endfacet
  facet normal 0 0 1
    outer loop
      vertex -4.094097509980202 -12.351751346886157 6.88
      vertex -4.031826369464397 -12.75172461271286 6.88
      vertex -3.9489258751273155 -12.336763833463191 6.88
    endloop
  endfacet
  facet normal 0 0 1
    outer loop
      vertex -3.9489258751273155 -12.336763833463191 6.88
      vertex -4.031826369464397 -12.75172461271286 6.88
      vertex -3.821621999144554 -12.736315999925136 6.88
    endloop
  endfacet
  facet normal 0 0 1
    outer loop
      vertex -3.9489258751273155 -12.336763833463191 6.88
      vertex -3.821621999144554 -12.736315999925136 6.88
      vertex -3.7984419986605644 -12.331768003106117 6.88
    endloop
  endfacet
  facet normal 0 0 1
    outer loop
      vertex -3.7984419986605644 -12.331768003106117 6.88
      vertex -3.821621999144554 -12.736315999925136 6.88
      vertex -3.656567059457302 -12.744598445296287 6.88
    endloop
  endfacet
  facet normal 0 0 1
    outer loop
      vertex -3.7984419986605644 -12.331768003106117 6.88
      vertex -3.656567059457302 -12.744598445296287 6.88
      vertex -3.6446451395750046 -12.336421836912631 6.88
    endloop
  endfacet
  facet normal 0 0 1
    outer loop
      vertex -3.6446451395750046 -12.336421836912631 6.88
      vertex -3.656567059457302 -12.744598445296287 6.88
      vertex -3.4968957155942917 -12.350383345782756 6.88
    endloop
  endfacet
  facet normal 0 0 1
    outer loop
      vertex -3.4968957155942917 -12.350383345782756 6.88
      vertex -3.656567059457302 -12.744598445296287 6.88
      vertex -3.5015565305948257 -12.769445796310901 6.88
    endloop
  endfacet
  facet normal 0 0 1
    outer loop
      vertex -3.4968957155942917 -12.350383345782756 6.88
      vertex -3.5015565305948257 -12.769445796310901 6.88
      vertex -3.3551937118172646 -12.373652529716491 6.88
    endloop
  endfacet
  facet normal 0 0 1
    outer loop
      vertex -3.3551937118172646 -12.373652529716491 6.88
      vertex -3.5015565305948257 -12.769445796310901 6.88
      vertex -3.3565904051065445 -12.810858038067817 6.88
    endloop
  endfacet
  facet normal 0 0 1
    outer loop
      vertex -3.3551937118172646 -12.373652529716491 6.88
      vertex -3.3565904051065445 -12.810858038067817 6.88
      vertex -3.2195391431450844 -12.406229388713836 6.88
    endloop
  endfacet
  facet normal 0 0 1
    outer loop
      vertex -3.3565904051065445 -12.810858038067817 6.88
      vertex -3.221668690443039 -12.868835185468196 6.88
      vertex -3.0899320021271706 -12.44811391532421 6.88
    endloop
  endfacet
  facet normal 0 0 1
    outer loop
      vertex -3.2195391431450844 -12.406229388713836 6.88
      vertex -3.3565904051065445 -12.810858038067817 6.88
      vertex -3.0899320021271706 -12.44811391532421 6.88
    endloop
  endfacet
  facet normal 0 0 1
    outer loop
      vertex -4.7402720004320145 -12.576564003527164 6.88
      vertex -4.569666735827923 -12.982853797078132 6.88
      vertex -4.4058487340807915 -12.874993507564067 6.88
    endloop
  endfacet
  facet normal 0.4053835225369115 -0.9141467057620267 0
    outer loop
      vertex -4.4977389350533485 -12.456663918495178 6.88
      vertex -4.4977389350533485 -12.456663918495178 7.5
      vertex -4.621661588549614 -12.511618119478225 6.88
    endloop
  endfacet
  facet normal 0.4802723152059018 -0.8771194349954644 0
    outer loop
      vertex -4.7402720004320145 -12.576564003527164 6.88
      vertex -4.621661588549614 -12.511618119478225 6.88
      vertex -4.621661588549614 -12.511618119478225 7.5
    endloop
  endfacet
  facet normal 0.32859406507732086 -0.9444712491102952 0
    outer loop
      vertex -4.4977389350533485 -12.456663918495178 6.88
      vertex -4.368504039943218 -12.41170138567686 6.88
      vertex -4.368504039943218 -12.41170138567686 7.5
    endloop
  endfacet
  facet normal 0.2515570375284115 -0.9678424752354741 0
    outer loop
      vertex -4.368504039943218 -12.41170138567686 6.88
      vertex -4.233956895768642 -12.376730528473853 6.88
      vertex -4.233956895768642 -12.376730528473853 7.5
    endloop
  endfacet
  facet normal 0.1758199097766937 -0.9844223480428078 0
    outer loop
      vertex -4.233956895768642 -12.376730528473853 6.88
      vertex -4.094097509980202 -12.351751346886157 6.88
      vertex -4.094097509980202 -12.351751346886157 7.5
    endloop
  endfacet
  facet normal 0.10269412605422606 -0.9947129819570864 0
    outer loop
      vertex -4.094097509980202 -12.351751346886157 6.88
      vertex -3.9489258751273155 -12.336763833463191 6.88
      vertex -3.9489258751273155 -12.336763833463191 7.5
    endloop
  endfacet
  facet normal 0.4053835225369115 -0.9141467057620267 0
    outer loop
      vertex -4.621661588549614 -12.511618119478225 6.88
      vertex -4.4977389350533485 -12.456663918495178 7.5
      vertex -4.621661588549614 -12.511618119478225 7.5
    endloop
  endfacet
  facet normal 0.32859406507732086 -0.9444712491102952 0
    outer loop
      vertex -4.4977389350533485 -12.456663918495178 6.88
      vertex -4.368504039943218 -12.41170138567686 7.5
      vertex -4.4977389350533485 -12.456663918495178 7.5
    endloop
  endfacet
  facet normal 0.2515570375284115 -0.9678424752354741 0
    outer loop
      vertex -4.368504039943218 -12.41170138567686 6.88
      vertex -4.233956895768642 -12.376730528473853 7.5
      vertex -4.368504039943218 -12.41170138567686 7.5
    endloop
  endfacet
  facet normal 0.1758199097766937 -0.9844223480428078 0
    outer loop
      vertex -4.233956895768642 -12.376730528473853 6.88
      vertex -4.094097509980202 -12.351751346886157 7.5
      vertex -4.233956895768642 -12.376730528473853 7.5
    endloop
  endfacet
  facet normal 0.10269412605422606 -0.9947129819570864 0
    outer loop
      vertex -4.094097509980202 -12.351751346886157 6.88
      vertex -3.9489258751273155 -12.336763833463191 7.5
      vertex -4.094097509980202 -12.351751346886157 7.5
    endloop
  endfacet
  facet normal 0.03318016324505516 -0.9994493867960657 0
    outer loop
      vertex -3.9489258751273155 -12.336763833463191 6.88
      vertex -3.7984419986605644 -12.331768003106117 6.88
      vertex -3.7984419986605644 -12.331768003106117 7.5
    endloop
  endfacet
  facet normal -0.03024577138944412 -0.9995424919997435 0
    outer loop
      vertex -3.7984419986605644 -12.331768003106117 6.88
      vertex -3.6446451395750046 -12.336421836912631 6.88
      vertex -3.6446451395750046 -12.336421836912631 7.5
    endloop
  endfacet
  facet normal -0.09407542997635115 -0.9955650724461785 0
    outer loop
      vertex -3.6446451395750046 -12.336421836912631 6.88
      vertex -3.4968957155942917 -12.350383345782756 6.88
      vertex -3.4968957155942917 -12.350383345782756 7.5
    endloop
  endfacet
  facet normal -0.1620418563175396 -0.9867838855601392 0
    outer loop
      vertex -3.4968957155942917 -12.350383345782756 6.88
      vertex -3.3551937118172646 -12.373652529716491 6.88
      vertex -3.3551937118172646 -12.373652529716491 7.5
    endloop
  endfacet
  facet normal -0.23350689056699453 -0.9723551470824504 0
    outer loop
      vertex -3.3551937118172646 -12.373652529716491 6.88
      vertex -3.2195391431450844 -12.406229388713836 6.88
      vertex -3.2195391431450844 -12.406229388713836 7.5
    endloop
  endfacet
  facet normal -0.30750660213413444 -0.9515459472058714 0
    outer loop
      vertex -3.2195391431450844 -12.406229388713836 6.88
      vertex -3.0899320021271706 -12.44811391532421 6.88
      vertex -3.0899320021271706 -12.44811391532421 7.5
    endloop
  endfacet
  facet normal 0.03318016324505516 -0.9994493867960657 0
    outer loop
      vertex -3.9489258751273155 -12.336763833463191 6.88
      vertex -3.7984419986605644 -12.331768003106117 7.5
      vertex -3.9489258751273155 -12.336763833463191 7.5
    endloop
  endfacet
  facet normal -0.03024577138944412 -0.9995424919997435 0
    outer loop
      vertex -3.7984419986605644 -12.331768003106117 6.88
      vertex -3.6446451395750046 -12.336421836912631 7.5
      vertex -3.7984419986605644 -12.331768003106117 7.5
    endloop
  endfacet
  facet normal -0.09407542997635115 -0.9955650724461785 0
    outer loop
      vertex -3.6446451395750046 -12.336421836912631 6.88
      vertex -3.4968957155942917 -12.350383345782756 7.5
      vertex -3.6446451395750046 -12.336421836912631 7.5
    endloop
  endfacet
  facet normal -0.1620418563175396 -0.9867838855601392 0
    outer loop
      vertex -3.4968957155942917 -12.350383345782756 6.88
      vertex -3.3551937118172646 -12.373652529716491 7.5
      vertex -3.4968957155942917 -12.350383345782756 7.5
    endloop
  endfacet
  facet normal -0.23350689056699453 -0.9723551470824504 0
    outer loop
      vertex -3.3551937118172646 -12.373652529716491 6.88
      vertex -3.2195391431450844 -12.406229388713836 7.5
      vertex -3.3551937118172646 -12.373652529716491 7.5
    endloop
  endfacet
  facet normal -0.30750660213413444 -0.9515459472058714 0
    outer loop
      vertex -3.2195391431450844 -12.406229388713836 6.88
      vertex -3.0899320021271706 -12.44811391532421 7.5
      vertex -3.2195391431450844 -12.406229388713836 7.5
    endloop
  endfacet
  facet normal -0.5499199482202822 0.8352173672460373 0
    outer loop
      vertex -4.569666735827923 -12.982853797078132 6.88
      vertex -4.569666735827923 -12.982853797078132 7.5
      vertex -4.4058487340807915 -12.874993507564067 6.88
    endloop
  endfacet
  facet normal -0.6828760262773291 0.7305342789600531 0
    outer loop
      vertex -4.7180226147174835 -13.121531304717063 6.88
      vertex -4.7180226147174835 -13.121531304717063 7.5
      vertex -4.569666735827923 -12.982853797078132 6.88
    endloop
  endfacet
  facet normal -0.3948227479999964 0.9187573116235491 0
    outer loop
      vertex -4.4058487340807915 -12.874993507564067 6.88
      vertex -4.4058487340807915 -12.874993507564067 7.5
      vertex -4.2265686094760895 -12.79795045107603 6.88
    endloop
  endfacet
  facet normal -0.23095209585103335 0.9729651224077948 0
    outer loop
      vertex -4.2265686094760895 -12.79795045107603 6.88
      vertex -4.2265686094760895 -12.79795045107603 7.5
      vertex -4.031826369464397 -12.75172461271286 6.88
    endloop
  endfacet
  facet normal -0.07310685817225153 0.9973241134597028 0
    outer loop
      vertex -4.031826369464397 -12.75172461271286 6.88
      vertex -4.031826369464397 -12.75172461271286 7.5
      vertex -3.821621999144554 -12.736315999925136 6.88
    endloop
  endfacet
  facet normal -0.6828760262773291 0.7305342789600531 0
    outer loop
      vertex -4.7180226147174835 -13.121531304717063 7.5
      vertex -4.569666735827923 -12.982853797078132 7.5
      vertex -4.569666735827923 -12.982853797078132 6.88
    endloop
  endfacet
  facet normal -0.5499199482202822 0.8352173672460373 0
    outer loop
      vertex -4.4058487340807915 -12.874993507564067 6.88
      vertex -4.569666735827923 -12.982853797078132 7.5
      vertex -4.4058487340807915 -12.874993507564067 7.5
    endloop
  endfacet
  facet normal -0.3948227479999964 0.9187573116235491 0
    outer loop
      vertex -4.2265686094760895 -12.79795045107603 6.88
      vertex -4.4058487340807915 -12.874993507564067 7.5
      vertex -4.2265686094760895 -12.79795045107603 7.5
    endloop
  endfacet
  facet normal -0.23095209585103335 0.9729651224077948 0
    outer loop
      vertex -4.031826369464397 -12.75172461271286 6.88
      vertex -4.2265686094760895 -12.79795045107603 7.5
      vertex -4.031826369464397 -12.75172461271286 7.5
    endloop
  endfacet
  facet normal 0.05011687220373993 0.9987433599881974 0
    outer loop
      vertex -3.821621999144554 -12.736315999925136 6.88
      vertex -3.821621999144554 -12.736315999925136 7.5
      vertex -3.656567059457302 -12.744598445296287 6.88
    endloop
  endfacet
  facet normal 0.15827412222869705 0.9873952107604813 0
    outer loop
      vertex -3.656567059457302 -12.744598445296287 6.88
      vertex -3.656567059457302 -12.744598445296287 7.5
      vertex -3.5015565305948257 -12.769445796310901 6.88
    endloop
  endfacet
  facet normal 0.27468034066092806 0.9615356002012597 0
    outer loop
      vertex -3.5015565305948257 -12.769445796310901 6.88
      vertex -3.5015565305948257 -12.769445796310901 7.5
      vertex -3.3565904051065445 -12.810858038067817 6.88
    endloop
  endfacet
  facet normal 0.39480251431605445 0.9187660064944293 0
    outer loop
      vertex -3.3565904051065445 -12.810858038067817 6.88
      vertex -3.3565904051065445 -12.810858038067817 7.5
      vertex -3.221668690443039 -12.868835185468196 6.88
    endloop
  endfacet
  facet normal 0.5125512348135094 0.8586566436539967 0
    outer loop
      vertex -3.221668690443039 -12.868835185468196 6.88
      vertex -3.221668690443039 -12.868835185468196 7.5
      vertex -3.096791386604309 -12.943377223610877 6.88
    endloop
  endfacet
  facet normal -0.07310685817225153 0.9973241134597028 0
    outer loop
      vertex -4.031826369464397 -12.75172461271286 7.5
      vertex -3.821621999144554 -12.736315999925136 7.5
      vertex -3.821621999144554 -12.736315999925136 6.88
    endloop
  endfacet
  facet normal 0.05011687220373993 0.9987433599881974 0
    outer loop
      vertex -3.656567059457302 -12.744598445296287 6.88
      vertex -3.821621999144554 -12.736315999925136 7.5
      vertex -3.656567059457302 -12.744598445296287 7.5
    endloop
  endfacet
  facet normal 0.15827412222869705 0.9873952107604813 0
    outer loop
      vertex -3.5015565305948257 -12.769445796310901 6.88
      vertex -3.656567059457302 -12.744598445296287 7.5
      vertex -3.5015565305948257 -12.769445796310901 7.5
    endloop
  endfacet
  facet normal 0.27468034066092806 0.9615356002012597 0
    outer loop
      vertex -3.3565904051065445 -12.810858038067817 6.88
      vertex -3.5015565305948257 -12.769445796310901 7.5
      vertex -3.3565904051065445 -12.810858038067817 7.5
    endloop
  endfacet
  facet normal 0.39480251431605445 0.9187660064944293 0
    outer loop
      vertex -3.221668690443039 -12.868835185468196 6.88
      vertex -3.3565904051065445 -12.810858038067817 7.5
      vertex -3.221668690443039 -12.868835185468196 7.5
    endloop
  endfacet
  facet normal 0.5125512348135094 0.8586566436539967 0
    outer loop
      vertex -3.221668690443039 -12.868835185468196 7.5
      vertex -3.096791386604309 -12.943377223610877 7.5
      vertex -3.096791386604309 -12.943377223610877 6.88
    endloop
  endfacet
  facet normal 0 0 1
    outer loop
      vertex -3.221668690443039 -12.868835185468196 6.88
      vertex -2.966372288763523 -12.499306124448776 6.88
      vertex -3.0899320021271706 -12.44811391532421 6.88
    endloop
  endfacet
  facet normal 0 0 1
    outer loop
      vertex -2.966372288763523 -12.499306124448776 6.88
      vertex -3.096791386604309 -12.943377223610877 6.88
      vertex -2.848860003054142 -12.55980600118637 6.88
    endloop
  endfacet
  facet normal 0 0 1
    outer loop
      vertex -2.848860003054142 -12.55980600118637 6.88
      vertex -3.096791386604309 -12.943377223610877 6.88
      vertex -2.7382629364728928 -12.628966775536536 6.88
    endloop
  endfacet
  facet normal 0 0 1
    outer loop
      vertex -3.221668690443039 -12.868835185468196 6.88
      vertex -3.096791386604309 -12.943377223610877 6.88
      vertex -2.966372288763523 -12.499306124448776 6.88
    endloop
  endfacet
  facet normal 0 0 1
    outer loop
      vertex -2.7382629364728928 -12.628966775536536 6.88
      vertex -3.096791386604309 -12.943377223610877 6.88
      vertex -2.9819584861397743 -13.034484159946441 6.88
    endloop
  endfacet
  facet normal 0 0 1
    outer loop
      vertex -2.7382629364728928 -12.628966775536536 6.88
      vertex -2.9819584861397743 -13.034484159946441 6.88
      vertex -2.635448895394802 -12.706119959056377 6.88
    endloop
  endfacet
  facet normal 0 0 1
    outer loop
      vertex -2.635448895394802 -12.706119959056377 6.88
      vertex -2.9819584861397743 -13.034484159946441 6.88
      vertex -2.8771699965000153 -13.142156001925468 6.88
    endloop
  endfacet
  facet normal 0 0 1
    outer loop
      vertex -2.635448895394802 -12.706119959056377 6.88
      vertex -2.8771699965000153 -13.142156001925468 6.88
      vertex -2.54041787981987 -12.79126555174589 6.88
    endloop
  endfacet
  facet normal 0 0 1
    outer loop
      vertex -2.8771699965000153 -13.142156001925468 6.88
      vertex -2.4531698748469353 -12.884403553605079 6.88
      vertex -2.54041787981987 -12.79126555174589 6.88
    endloop
  endfacet
  facet normal 0 0 1
    outer loop
      vertex -2.8771699965000153 -13.142156001925468 6.88
      vertex -2.7845399603247643 -13.26345897912979 6.88
      vertex -2.4531698748469353 -12.884403553605079 6.88
    endloop
  endfacet
  facet normal 0 0 1
    outer loop
      vertex -2.7845399603247643 -13.26345897912979 6.88
      vertex -2.373704895377159 -12.98553395718336 6.88
      vertex -2.4531698748469353 -12.884403553605079 6.88
    endloop
  endfacet
  facet normal 0 0 1
    outer loop
      vertex -2.7845399603247643 -13.26345897912979 6.88
      vertex -2.3020229414105415 -13.094656777381896 6.88
      vertex -2.373704895377159 -12.98553395718336 6.88
    endloop
  endfacet
  facet normal 0 0 1
    outer loop
      vertex -2.7845399603247643 -13.26345897912979 6.88
      vertex -2.706160694360733 -13.395437632501125 6.88
      vertex -2.3020229414105415 -13.094656777381896 6.88
    endloop
  endfacet
  facet normal 0 0 1
    outer loop
      vertex -2.706160694360733 -13.395437632501125 6.88
      vertex -2.642032206058502 -13.53809196203947 6.88
      vertex -2.2381239980459213 -13.211771999299526 6.88
    endloop
  endfacet
  facet normal 0 0 1
    outer loop
      vertex -2.706160694360733 -13.395437632501125 6.88
      vertex -2.2381239980459213 -13.211771999299526 6.88
      vertex -2.3020229414105415 -13.094656777381896 6.88
    endloop
  endfacet
  facet normal 0 0 1
    outer loop
      vertex -2.642032206058502 -13.53809196203947 6.88
      vertex -2.182412900030613 -13.33606534898281 6.88
      vertex -2.2381239980459213 -13.211771999299526 6.88
    endloop
  endfacet
  facet normal 0 0 1
    outer loop
      vertex -2.642032206058502 -13.53809196203947 6.88
      vertex -2.592154487967491 -13.691421960294246 6.88
      vertex -2.1352727338671684 -13.466722530126571 6.88
    endloop
  endfacet
  facet normal 0 0 1
    outer loop
      vertex -2.592154487967491 -13.691421960294246 6.88
      vertex -2.5565275475382805 -13.855427634716033 6.88
      vertex -2.0967035070061684 -13.603743550181388 6.88
    endloop
  endfacet
  facet normal 0 0 1
    outer loop
      vertex -2.5565275475382805 -13.855427634716033 6.88
      vertex -2.53515138477087 -14.030108977854251 6.88
      vertex -2.045277878642082 -13.896877099573612 6.88
    endloop
  endfacet
  facet normal 0 0 1
    outer loop
      vertex -2.53515138477087 -14.030108977854251 6.88
      vertex -2.5280259996652603 -14.21546599715948 6.88
      vertex -2.0324214696884155 -14.052989636361598 6.88
    endloop
  endfacet
  facet normal 0 0 1
    outer loop
      vertex -2.5280259996652603 -14.21546599715948 6.88
      vertex -2.5348621234297752 -14.402500447630882 6.88
      vertex -2.0281360000371933 -14.21546599715948 6.88
    endloop
  endfacet
  facet normal 0 0 1
    outer loop
      vertex -2.5348621234297752 -14.402500447630882 6.88
      vertex -2.5553704872727394 -14.577806082367896 6.88
      vertex -2.037706568837166 -14.455905956029891 6.88
    endloop
  endfacet
  facet normal 0 0 1
    outer loop
      vertex -2.642032206058502 -13.53809196203947 6.88
      vertex -2.1352727338671684 -13.466722530126571 6.88
      vertex -2.182412900030613 -13.33606534898281 6.88
    endloop
  endfacet
  facet normal 0 0 1
    outer loop
      vertex -2.592154487967491 -13.691421960294246 6.88
      vertex -2.0967035070061684 -13.603743550181388 6.88
      vertex -2.1352727338671684 -13.466722530126571 6.88
    endloop
  endfacet
  facet normal 0 0 1
    outer loop
      vertex -2.5565275475382805 -13.855427634716033 6.88
      vertex -2.0667052268981934 -13.747128409147262 6.88
      vertex -2.0967035070061684 -13.603743550181388 6.88
    endloop
  endfacet
  facet normal 0 0 1
    outer loop
      vertex -2.5565275475382805 -13.855427634716033 6.88
      vertex -2.045277878642082 -13.896877099573612 6.88
      vertex -2.0667052268981934 -13.747128409147262 6.88
    endloop
  endfacet
  facet normal 0 0 1
    outer loop
      vertex -2.53515138477087 -14.030108977854251 6.88
      vertex -2.0324214696884155 -14.052989636361598 6.88
      vertex -2.045277878642082 -13.896877099573612 6.88
    endloop
  endfacet
  facet normal 0 0 1
    outer loop
      vertex -2.5280259996652603 -14.21546599715948 6.88
      vertex -2.0281360000371933 -14.21546599715948 6.88
      vertex -2.0324214696884155 -14.052989636361598 6.88
    endloop
  endfacet
  facet normal 0 0 1
    outer loop
      vertex -2.5348621234297752 -14.402500447630882 6.88
      vertex -2.037706568837166 -14.455905956029891 6.88
      vertex -2.0281360000371933 -14.21546599715948 6.88
    endloop
  endfacet
  facet normal -0.3827606533010735 -0.9238475427712818 0
    outer loop
      vertex -3.0899320021271706 -12.44811391532421 6.88
      vertex -2.966372288763523 -12.499306124448776 6.88
      vertex -2.966372288763523 -12.499306124448776 7.5
    endloop
  endfacet
  facet normal -0.4577368099768414 -0.8890877418974041 0
    outer loop
      vertex -2.966372288763523 -12.499306124448776 6.88
      vertex -2.848860003054142 -12.55980600118637 6.88
      vertex -2.848860003054142 -12.55980600118637 7.5
    endloop
  endfacet
  facet normal -0.530206249396091 -0.8478687003901784 0
    outer loop
      vertex -2.848860003054142 -12.55980600118637 6.88
      vertex -2.7382629364728928 -12.628966775536536 6.88
      vertex -2.7382629364728928 -12.628966775536536 7.5
    endloop
  endfacet
  facet normal -0.6002123412907985 -0.7998406999910781 0
    outer loop
      vertex -2.7382629364728928 -12.628966775536536 6.88
      vertex -2.635448895394802 -12.706119959056377 6.88
      vertex -2.635448895394802 -12.706119959056377 7.5
    endloop
  endfacet
  facet normal -0.3827606533010735 -0.9238475427712818 0
    outer loop
      vertex -3.0899320021271706 -12.44811391532421 6.88
      vertex -2.966372288763523 -12.499306124448776 7.5
      vertex -3.0899320021271706 -12.44811391532421 7.5
    endloop
  endfacet
  facet normal -0.4577368099768414 -0.8890877418974041 0
    outer loop
      vertex -2.966372288763523 -12.499306124448776 6.88
      vertex -2.848860003054142 -12.55980600118637 7.5
      vertex -2.966372288763523 -12.499306124448776 7.5
    endloop
  endfacet
  facet normal -0.530206249396091 -0.8478687003901784 0
    outer loop
      vertex -2.848860003054142 -12.55980600118637 6.88
      vertex -2.7382629364728928 -12.628966775536536 7.5
      vertex -2.848860003054142 -12.55980600118637 7.5
    endloop
  endfacet
  facet normal -0.6002123412907985 -0.7998406999910781 0
    outer loop
      vertex -2.7382629364728928 -12.628966775536536 6.88
      vertex -2.635448895394802 -12.706119959056377 7.5
      vertex -2.7382629364728928 -12.628966775536536 7.5
    endloop
  endfacet
  facet normal 0.621531085962238 0.783389500301479 0
    outer loop
      vertex -3.096791386604309 -12.943377223610877 6.88
      vertex -3.096791386604309 -12.943377223610877 7.5
      vertex -2.9819584861397743 -13.034484159946441 6.88
    endloop
  endfacet
  facet normal 0.7166371126472854 0.6974462336098475 0
    outer loop
      vertex -2.9819584861397743 -13.034484159946441 6.88
      vertex -2.9819584861397743 -13.034484159946441 7.5
      vertex -2.8771699965000153 -13.142156001925468 6.88
    endloop
  endfacet
  facet normal 0.7947720116258502 0.6069081063358762 0
    outer loop
      vertex -2.8771699965000153 -13.142156001925468 6.88
      vertex -2.8771699965000153 -13.142156001925468 7.5
      vertex -2.7845399603247643 -13.26345897912979 6.88
    endloop
  endfacet
  facet normal 0.8598062917751549 0.5106203488149069 0
    outer loop
      vertex -2.7845399603247643 -13.26345897912979 6.88
      vertex -2.7845399603247643 -13.26345897912979 7.5
      vertex -2.706160694360733 -13.395437632501125 6.88
    endloop
  endfacet
  facet normal -0.6673076308751965 -0.7447822002275111 0
    outer loop
      vertex -2.635448895394802 -12.706119959056377 6.88
      vertex -2.54041787981987 -12.79126555174589 6.88
      vertex -2.54041787981987 -12.79126555174589 7.5
    endloop
  endfacet
  facet normal -0.7298064177248722 -0.6836538544084931 0
    outer loop
      vertex -2.54041787981987 -12.79126555174589 6.88
      vertex -2.4531698748469353 -12.884403553605079 6.88
      vertex -2.4531698748469353 -12.884403553605079 7.5
    endloop
  endfacet
  facet normal -0.786298029827799 -0.6178473988687835 0
    outer loop
      vertex -2.4531698748469353 -12.884403553605079 6.88
      vertex -2.373704895377159 -12.98553395718336 6.88
      vertex -2.373704895377159 -12.98553395718336 7.5
    endloop
  endfacet
  facet normal 0.9120792554094557 0.4100139410455857 0
    outer loop
      vertex -2.706160694360733 -13.395437632501125 6.88
      vertex -2.706160694360733 -13.395437632501125 7.5
      vertex -2.642032206058502 -13.53809196203947 6.88
    endloop
  endfacet
  facet normal 0.9509511413644428 0.30934111711452694 0
    outer loop
      vertex -2.642032206058502 -13.53809196203947 6.88
      vertex -2.642032206058502 -13.53809196203947 7.5
      vertex -2.592154487967491 -13.691421960294246 6.88
    endloop
  endfacet
  facet normal 0.9772090880703767 0.212279057357674 0
    outer loop
      vertex -2.592154487967491 -13.691421960294246 6.88
      vertex -2.592154487967491 -13.691421960294246 7.5
      vertex -2.5565275475382805 -13.855427634716033 6.88
    endloop
  endfacet
  facet normal 0.9925955645499267 0.12146623084549973 0
    outer loop
      vertex -2.5565275475382805 -13.855427634716033 6.88
      vertex -2.5565275475382805 -13.855427634716033 7.5
      vertex -2.53515138477087 -14.030108977854251 6.88
    endloop
  endfacet
  facet normal 0.9992619469014734 0.03841303782151202 0
    outer loop
      vertex -2.53515138477087 -14.030108977854251 6.88
      vertex -2.53515138477087 -14.030108977854251 7.5
      vertex -2.5280259996652603 -14.21546599715948 6.88
    endloop
  endfacet
  facet normal 0.9932265449972842 -0.11619393406179909 0
    outer loop
      vertex -2.5348621234297752 -14.402500447630882 6.88
      vertex -2.5348621234297752 -14.402500447630882 7.5
      vertex -2.5553704872727394 -14.577806082367896 6.88
    endloop
  endfacet
  facet normal 0.9993327143967833 -0.036525688718451604 0
    outer loop
      vertex -2.5280259996652603 -14.21546599715948 6.88
      vertex -2.5280259996652603 -14.21546599715948 7.5
      vertex -2.5348621234297752 -14.402500447630882 6.88
    endloop
  endfacet
  facet normal 0.621531085962238 0.783389500301479 0
    outer loop
      vertex -2.9819584861397743 -13.034484159946441 6.88
      vertex -3.096791386604309 -12.943377223610877 7.5
      vertex -2.9819584861397743 -13.034484159946441 7.5
    endloop
  endfacet
  facet normal 0.7166371126472854 0.6974462336098475 0
    outer loop
      vertex -2.8771699965000153 -13.142156001925468 6.88
      vertex -2.9819584861397743 -13.034484159946441 7.5
      vertex -2.8771699965000153 -13.142156001925468 7.5
    endloop
  endfacet
  facet normal 0.7947720116258502 0.6069081063358762 0
    outer loop
      vertex -2.7845399603247643 -13.26345897912979 6.88
      vertex -2.8771699965000153 -13.142156001925468 7.5
      vertex -2.7845399603247643 -13.26345897912979 7.5
    endloop
  endfacet
  facet normal -0.6673076308751965 -0.7447822002275111 0
    outer loop
      vertex -2.635448895394802 -12.706119959056377 6.88
      vertex -2.54041787981987 -12.79126555174589 7.5
      vertex -2.635448895394802 -12.706119959056377 7.5
    endloop
  endfacet
  facet normal -0.7298064177248722 -0.6836538544084931 0
    outer loop
      vertex -2.54041787981987 -12.79126555174589 6.88
      vertex -2.4531698748469353 -12.884403553605079 7.5
      vertex -2.54041787981987 -12.79126555174589 7.5
    endloop
  endfacet
  facet normal -0.786298029827799 -0.6178473988687835 0
    outer loop
      vertex -2.4531698748469353 -12.884403553605079 6.88
      vertex -2.373704895377159 -12.98553395718336 7.5
      vertex -2.4531698748469353 -12.884403553605079 7.5
    endloop
  endfacet
  facet normal -0.8358015307207429 -0.5490316942079603 0
    outer loop
      vertex -2.373704895377159 -12.98553395718336 6.88
      vertex -2.3020229414105415 -13.094656777381896 7.5
      vertex -2.373704895377159 -12.98553395718336 7.5
    endloop
  endfacet
  facet normal 0.8598062917751549 0.5106203488149069 0
    outer loop
      vertex -2.706160694360733 -13.395437632501125 6.88
      vertex -2.7845399603247643 -13.26345897912979 7.5
      vertex -2.706160694360733 -13.395437632501125 7.5
    endloop
  endfacet
  facet normal 0.9120792554094557 0.4100139410455857 0
    outer loop
      vertex -2.642032206058502 -13.53809196203947 6.88
      vertex -2.706160694360733 -13.395437632501125 7.5
      vertex -2.642032206058502 -13.53809196203947 7.5
    endloop
  endfacet
  facet normal 0.9509511413644428 0.30934111711452694 0
    outer loop
      vertex -2.592154487967491 -13.691421960294246 6.88
      vertex -2.642032206058502 -13.53809196203947 7.5
      vertex -2.592154487967491 -13.691421960294246 7.5
    endloop
  endfacet
  facet normal 0.9772090880703767 0.212279057357674 0
    outer loop
      vertex -2.5565275475382805 -13.855427634716033 6.88
      vertex -2.592154487967491 -13.691421960294246 7.5
      vertex -2.5565275475382805 -13.855427634716033 7.5
    endloop
  endfacet
  facet normal 0.9925955645499267 0.12146623084549973 0
    outer loop
      vertex -2.53515138477087 -14.030108977854251 6.88
      vertex -2.5565275475382805 -13.855427634716033 7.5
      vertex -2.53515138477087 -14.030108977854251 7.5
    endloop
  endfacet
  facet normal 0.9932265449972842 -0.11619393406179909 0
    outer loop
      vertex -2.5348621234297752 -14.402500447630882 7.5
      vertex -2.5553704872727394 -14.577806082367896 7.5
      vertex -2.5553704872727394 -14.577806082367896 6.88
    endloop
  endfacet
  facet normal 0.9992619469014734 0.03841303782151202 0
    outer loop
      vertex -2.5280259996652603 -14.21546599715948 6.88
      vertex -2.53515138477087 -14.030108977854251 7.5
      vertex -2.5280259996652603 -14.21546599715948 7.5
    endloop
  endfacet
  facet normal 0.9993327143967833 -0.036525688718451604 0
    outer loop
      vertex -2.5348621234297752 -14.402500447630882 6.88
      vertex -2.5280259996652603 -14.21546599715948 7.5
      vertex -2.5348621234297752 -14.402500447630882 7.5
    endloop
  endfacet
  facet normal -0.8358015307207429 -0.5490316942079603 0
    outer loop
      vertex -2.373704895377159 -12.98553395718336 6.88
      vertex -2.3020229414105415 -13.094656777381896 6.88
      vertex -2.3020229414105415 -13.094656777381896 7.5
    endloop
  endfacet
  facet normal -0.8778391225642206 -0.4789556084812866 0
    outer loop
      vertex -2.3020229414105415 -13.094656777381896 6.88
      vertex -2.2381239980459213 -13.211771999299526 6.88
      vertex -2.2381239980459213 -13.211771999299526 7.5
    endloop
  endfacet
  facet normal -0.9125274391032832 -0.4090154922293333 0
    outer loop
      vertex -2.2381239980459213 -13.211771999299526 6.88
      vertex -2.182412900030613 -13.33606534898281 6.88
      vertex -2.182412900030613 -13.33606534898281 7.5
    endloop
  endfacet
  facet normal -0.940649522364733 -0.33937954575224455 0
    outer loop
      vertex -2.182412900030613 -13.33606534898281 6.88
      vertex -2.1352727338671684 -13.466722530126571 6.88
      vertex -2.1352727338671684 -13.466722530126571 7.5
    endloop
  endfacet
  facet normal -0.962592206963571 -0.27095431919975294 0
    outer loop
      vertex -2.1352727338671684 -13.466722530126571 6.88
      vertex -2.0967035070061684 -13.603743550181388 6.88
      vertex -2.0967035070061684 -13.603743550181388 7.5
    endloop
  endfacet
  facet normal -0.9788077380649081 -0.20478137587255965 0
    outer loop
      vertex -2.0967035070061684 -13.603743550181388 6.88
      vertex -2.0667052268981934 -13.747128409147262 6.88
      vertex -2.0667052268981934 -13.747128409147262 7.5
    endloop
  endfacet
  facet normal -0.9899173744218956 -0.1416460088306776 0
    outer loop
      vertex -2.0667052268981934 -13.747128409147262 6.88
      vertex -2.045277878642082 -13.896877099573612 6.88
      vertex -2.045277878642082 -13.896877099573612 7.5
    endloop
  endfacet
  facet normal -0.9966261049626524 -0.08207561700634534 0
    outer loop
      vertex -2.045277878642082 -13.896877099573612 6.88
      vertex -2.0324214696884155 -14.052989636361598 6.88
      vertex -2.0324214696884155 -14.052989636361598 7.5
    endloop
  endfacet
  facet normal -0.9996523358122418 -0.026366787918311232 0
    outer loop
      vertex -2.0324214696884155 -14.052989636361598 6.88
      vertex -2.0281360000371933 -14.21546599715948 6.88
      vertex -2.0281360000371933 -14.21546599715948 7.5
    endloop
  endfacet
  facet normal -0.9992087449060637 0.03977290664823238 0
    outer loop
      vertex -2.0281360000371933 -14.21546599715948 6.88
      vertex -2.037706568837166 -14.455905956029891 6.88
      vertex -2.037706568837166 -14.455905956029891 7.5
    endloop
  endfacet
  facet normal -0.8778391225642206 -0.4789556084812866 0
    outer loop
      vertex -2.3020229414105415 -13.094656777381896 6.88
      vertex -2.2381239980459213 -13.211771999299526 7.5
      vertex -2.3020229414105415 -13.094656777381896 7.5
    endloop
  endfacet
  facet normal -0.9125274391032832 -0.4090154922293333 0
    outer loop
      vertex -2.2381239980459213 -13.211771999299526 6.88
      vertex -2.182412900030613 -13.33606534898281 7.5
      vertex -2.2381239980459213 -13.211771999299526 7.5
    endloop
  endfacet
  facet normal -0.940649522364733 -0.33937954575224455 0
    outer loop
      vertex -2.182412900030613 -13.33606534898281 6.88
      vertex -2.1352727338671684 -13.466722530126571 7.5
      vertex -2.182412900030613 -13.33606534898281 7.5
    endloop
  endfacet
  facet normal -0.962592206963571 -0.27095431919975294 0
    outer loop
      vertex -2.1352727338671684 -13.466722530126571 6.88
      vertex -2.0967035070061684 -13.603743550181388 7.5
      vertex -2.1352727338671684 -13.466722530126571 7.5
    endloop
  endfacet
  facet normal -0.9788077380649081 -0.20478137587255965 0
    outer loop
      vertex -2.0967035070061684 -13.603743550181388 6.88
      vertex -2.0667052268981934 -13.747128409147262 7.5
      vertex -2.0967035070061684 -13.603743550181388 7.5
    endloop
  endfacet
  facet normal -0.9899173744218956 -0.1416460088306776 0
    outer loop
      vertex -2.0667052268981934 -13.747128409147262 6.88
      vertex -2.045277878642082 -13.896877099573612 7.5
      vertex -2.0667052268981934 -13.747128409147262 7.5
    endloop
  endfacet
  facet normal -0.9966261049626524 -0.08207561700634534 0
    outer loop
      vertex -2.045277878642082 -13.896877099573612 6.88
      vertex -2.0324214696884155 -14.052989636361598 7.5
      vertex -2.045277878642082 -13.896877099573612 7.5
    endloop
  endfacet
  facet normal -0.9996523358122418 -0.026366787918311232 0
    outer loop
      vertex -2.0324214696884155 -14.052989636361598 6.88
      vertex -2.0281360000371933 -14.21546599715948 7.5
      vertex -2.0324214696884155 -14.052989636361598 7.5
    endloop
  endfacet
  facet normal -0.9992087449060637 0.03977290664823238 0
    outer loop
      vertex -2.0281360000371933 -14.21546599715948 6.88
      vertex -2.037706568837166 -14.455905956029891 7.5
      vertex -2.0281360000371933 -14.21546599715948 7.5
    endloop
  endfacet
  facet normal -0.9919621338206127 0.12653507444995918 0
    outer loop
      vertex -2.037706568837166 -14.455905956029891 6.88
      vertex -2.066418282687664 -14.680989262461662 7.5
      vertex -2.037706568837166 -14.455905956029891 7.5
    endloop
  endfacet
  facet normal 0 0 1
    outer loop
      vertex -0.8102235943078995 -12.511618119478225 6.88
      vertex -0.5944107323884964 -12.874993507564067 6.88
      vertex -0.6863009408116341 -12.456663918495178 6.88
    endloop
  endfacet
  facet normal 0 0 1
    outer loop
      vertex -0.9288339987397194 -12.576564003527164 6.88
      vertex -0.5944107323884964 -12.874993507564067 6.88
      vertex -0.8102235943078995 -12.511618119478225 6.88
    endloop
  endfacet
  facet normal 0 0 1
    outer loop
      vertex -0.6863009408116341 -12.456663918495178 6.88
      vertex -0.415130615234375 -12.79795045107603 6.88
      vertex -0.5570660382509232 -12.41170138567686 6.88
    endloop
  endfacet
  facet normal 0 0 1
    outer loop
      vertex -0.6863009408116341 -12.456663918495178 6.88
      vertex -0.5944107323884964 -12.874993507564067 6.88
      vertex -0.415130615234375 -12.79795045107603 6.88
    endloop
  endfacet
  facet normal 0 0 1
    outer loop
      vertex -0.5570660382509232 -12.41170138567686 6.88
      vertex -0.415130615234375 -12.79795045107603 6.88
      vertex -0.42251890152692795 -12.376730528473853 6.88
    endloop
  endfacet
  facet normal 0 0 1
    outer loop
      vertex -0.42251890152692795 -12.376730528473853 6.88
      vertex -0.22038836777210236 -12.75172461271286 6.88
      vertex -0.28265950828790665 -12.351751346886157 6.88
    endloop
  endfacet
  facet normal 0 0 1
    outer loop
      vertex -0.28265950828790665 -12.351751346886157 6.88
      vertex -0.22038836777210236 -12.75172461271286 6.88
      vertex -0.13748788088560104 -12.336763833463191 6.88
    endloop
  endfacet
  facet normal 0 0 1
    outer loop
      vertex -0.42251890152692795 -12.376730528473853 6.88
      vertex -0.415130615234375 -12.79795045107603 6.88
      vertex -0.22038836777210236 -12.75172461271286 6.88
    endloop
  endfacet
  facet normal 0 0 1
    outer loop
      vertex -0.13748788088560104 -12.336763833463191 6.88
      vertex -0.010183997452259064 -12.736315999925136 6.88
      vertex 0.012996003031730652 -12.331768003106117 6.88
    endloop
  endfacet
  facet normal 0 0 1
    outer loop
      vertex -0.13748788088560104 -12.336763833463191 6.88
      vertex -0.22038836777210236 -12.75172461271286 6.88
      vertex -0.010183997452259064 -12.736315999925136 6.88
    endloop
  endfacet
  facet normal 0 0 1
    outer loop
      vertex -1.4911192208528519 -13.16093264967203 6.88
      vertex -1.0394783690571785 -13.291026037931442 6.88
      vertex -1.4159474670886993 -13.040660326182842 6.88
    endloop
  endfacet
  facet normal 0 0 1
    outer loop
      vertex -1.4159474670886993 -13.040660326182842 6.88
      vertex -1.0394783690571785 -13.291026037931442 6.88
      vertex -1.3333587348461151 -12.929539021849632 6.88
    endloop
  endfacet
  facet normal 0 0 1
    outer loop
      vertex -1.4911192208528519 -13.16093264967203 6.88
      vertex -1.5588740035891533 -13.29035599976778 6.88
      vertex -1.156910002231598 -13.491337996721267 6.88
    endloop
  endfacet
  facet normal 0 0 1
    outer loop
      vertex -1.4911192208528519 -13.16093264967203 6.88
      vertex -1.156910002231598 -13.491337996721267 6.88
      vertex -1.0394783690571785 -13.291026037931442 6.88
    endloop
  endfacet
  facet normal 0 0 1
    outer loop
      vertex -1.2433530241250992 -12.8275687366724 6.88
      vertex -0.9065846130251884 -13.121531304717063 6.88
      vertex -1.145930327475071 -12.734749470651149 6.88
    endloop
  endfacet
  facet normal 0 0 1
    outer loop
      vertex -1.041090652346611 -12.651081223785877 6.88
      vertex -1.145930327475071 -12.734749470651149 6.88
      vertex -0.7582287341356277 -12.982853797078132 6.88
    endloop
  endfacet
  facet normal 0 0 1
    outer loop
      vertex -1.3333587348461151 -12.929539021849632 6.88
      vertex -0.9065846130251884 -13.121531304717063 6.88
      vertex -1.2433530241250992 -12.8275687366724 6.88
    endloop
  endfacet
  facet normal 0 0 1
    outer loop
      vertex -1.3333587348461151 -12.929539021849632 6.88
      vertex -1.0394783690571785 -13.291026037931442 6.88
      vertex -0.9065846130251884 -13.121531304717063 6.88
    endloop
  endfacet
  facet normal 0 0 1
    outer loop
      vertex -1.041090652346611 -12.651081223785877 6.88
      vertex -0.7582287341356277 -12.982853797078132 6.88
      vertex -0.9288339987397194 -12.576564003527164 6.88
    endloop
  endfacet
  facet normal 0 0 1
    outer loop
      vertex -1.145930327475071 -12.734749470651149 6.88
      vertex -0.9065846130251884 -13.121531304717063 6.88
      vertex -0.7582287341356277 -12.982853797078132 6.88
    endloop
  endfacet
  facet normal 0 0 1
    outer loop
      vertex -0.9288339987397194 -12.576564003527164 6.88
      vertex -0.7582287341356277 -12.982853797078132 6.88
      vertex -0.5944107323884964 -12.874993507564067 6.88
    endloop
  endfacet
  facet normal 0.6237695497748411 -0.7816083090485233 0
    outer loop
      vertex -1.041090652346611 -12.651081223785877 6.88
      vertex -1.041090652346611 -12.651081223785877 7.5
      vertex -1.145930327475071 -12.734749470651149 6.88
    endloop
  endfacet
  facet normal 0.5530520749111466 -0.8331466872264904 0
    outer loop
      vertex -1.041090652346611 -12.651081223785877 6.88
      vertex -0.9288339987397194 -12.576564003527164 6.88
      vertex -0.9288339987397194 -12.576564003527164 7.5
    endloop
  endfacet
  facet normal 0.48027233841575234 -0.8771194222867632 0
    outer loop
      vertex -0.9288339987397194 -12.576564003527164 6.88
      vertex -0.8102235943078995 -12.511618119478225 6.88
      vertex -0.8102235943078995 -12.511618119478225 7.5
    endloop
  endfacet
  facet normal 0.6237695497748411 -0.7816083090485233 0
    outer loop
      vertex -1.041090652346611 -12.651081223785877 7.5
      vertex -1.145930327475071 -12.734749470651149 7.5
      vertex -1.145930327475071 -12.734749470651149 6.88
    endloop
  endfacet
  facet normal 0.5530520749111466 -0.8331466872264904 0
    outer loop
      vertex -1.041090652346611 -12.651081223785877 6.88
      vertex -0.9288339987397194 -12.576564003527164 7.5
      vertex -1.041090652346611 -12.651081223785877 7.5
    endloop
  endfacet
  facet normal 0.48027233841575234 -0.8771194222867632 0
    outer loop
      vertex -0.9288339987397194 -12.576564003527164 6.88
      vertex -0.8102235943078995 -12.511618119478225 7.5
      vertex -0.9288339987397194 -12.576564003527164 7.5
    endloop
  endfacet
  facet normal 0.4053835225369115 -0.9141467057620267 0
    outer loop
      vertex -0.8102235943078995 -12.511618119478225 6.88
      vertex -0.6863009408116341 -12.456663918495178 6.88
      vertex -0.6863009408116341 -12.456663918495178 7.5
    endloop
  endfacet
  facet normal 0.3285940481788463 -0.9444712549894984 0
    outer loop
      vertex -0.6863009408116341 -12.456663918495178 6.88
      vertex -0.5570660382509232 -12.41170138567686 6.88
      vertex -0.5570660382509232 -12.41170138567686 7.5
    endloop
  endfacet
  facet normal 0.2515570505769383 -0.9678424718439627 0
    outer loop
      vertex -0.5570660382509232 -12.41170138567686 6.88
      vertex -0.42251890152692795 -12.376730528473853 6.88
      vertex -0.42251890152692795 -12.376730528473853 7.5
    endloop
  endfacet
  facet normal 0.17581990069996284 -0.9844223496639312 0
    outer loop
      vertex -0.42251890152692795 -12.376730528473853 6.88
      vertex -0.28265950828790665 -12.351751346886157 6.88
      vertex -0.28265950828790665 -12.351751346886157 7.5
    endloop
  endfacet
  facet normal 0.1026941312691688 -0.9947129814186957 0
    outer loop
      vertex -0.28265950828790665 -12.351751346886157 6.88
      vertex -0.13748788088560104 -12.336763833463191 6.88
      vertex -0.13748788088560104 -12.336763833463191 7.5
    endloop
  endfacet
  facet normal 0.033180161604086614 -0.9994493868505431 0
    outer loop
      vertex -0.13748788088560104 -12.336763833463191 6.88
      vertex 0.012996003031730652 -12.331768003106117 6.88
      vertex 0.012996003031730652 -12.331768003106117 7.5
    endloop
  endfacet
  facet normal 0.4053835225369115 -0.9141467057620267 0
    outer loop
      vertex -0.8102235943078995 -12.511618119478225 6.88
      vertex -0.6863009408116341 -12.456663918495178 7.5
      vertex -0.8102235943078995 -12.511618119478225 7.5
    endloop
  endfacet
  facet normal 0.3285940481788463 -0.9444712549894984 0
    outer loop
      vertex -0.6863009408116341 -12.456663918495178 6.88
      vertex -0.5570660382509232 -12.41170138567686 7.5
      vertex -0.6863009408116341 -12.456663918495178 7.5
    endloop
  endfacet
  facet normal 0.2515570505769383 -0.9678424718439627 0
    outer loop
      vertex -0.5570660382509232 -12.41170138567686 6.88
      vertex -0.42251890152692795 -12.376730528473853 7.5
      vertex -0.5570660382509232 -12.41170138567686 7.5
    endloop
  endfacet
  facet normal 0.17581990069996284 -0.9844223496639312 0
    outer loop
      vertex -0.42251890152692795 -12.376730528473853 6.88
      vertex -0.28265950828790665 -12.351751346886157 7.5
      vertex -0.42251890152692795 -12.376730528473853 7.5
    endloop
  endfacet
  facet normal 0.1026941312691688 -0.9947129814186957 0
    outer loop
      vertex -0.28265950828790665 -12.351751346886157 6.88
      vertex -0.13748788088560104 -12.336763833463191 7.5
      vertex -0.28265950828790665 -12.351751346886157 7.5
    endloop
  endfacet
  facet normal 0.033180161604086614 -0.9994493868505431 0
    outer loop
      vertex -0.13748788088560104 -12.336763833463191 6.88
      vertex 0.012996003031730652 -12.331768003106117 7.5
      vertex -0.13748788088560104 -12.336763833463191 7.5
    endloop
  endfacet
  facet normal 0.8479933872893566 -0.5300068066671628 0
    outer loop
      vertex -1.4911192208528519 -13.16093264967203 6.88
      vertex -1.4159474670886993 -13.040660326182842 6.88
      vertex -1.4159474670886993 -13.040660326182842 7.5
    endloop
  endfacet
  facet normal 0.7497213780802352 -0.6617536212590551 0
    outer loop
      vertex -1.3333587348461151 -12.929539021849632 6.88
      vertex -1.2433530241250992 -12.8275687366724 6.88
      vertex -1.2433530241250992 -12.8275687366724 7.5
    endloop
  endfacet
  facet normal 0.689794457484205 -0.724005253036241 0
    outer loop
      vertex -1.2433530241250992 -12.8275687366724 6.88
      vertex -1.145930327475071 -12.734749470651149 6.88
      vertex -1.145930327475071 -12.734749470651149 7.5
    endloop
  endfacet
  facet normal 0.802600416241522 -0.5965170339972998 0
    outer loop
      vertex -1.4159474670886993 -13.040660326182842 6.88
      vertex -1.3333587348461151 -12.929539021849632 6.88
      vertex -1.3333587348461151 -12.929539021849632 7.5
    endloop
  endfacet
  facet normal 0.8859395565114265 -0.46380071389373345 0
    outer loop
      vertex -1.4911192208528519 -13.16093264967203 6.88
      vertex -1.4911192208528519 -13.16093264967203 7.5
      vertex -1.5588740035891533 -13.29035599976778 6.88
    endloop
  endfacet
  facet normal 0.4472135888685164 0.8944271943156367 0
    outer loop
      vertex -1.5588740035891533 -13.29035599976778 6.88
      vertex -1.5588740035891533 -13.29035599976778 7.5
      vertex -1.156910002231598 -13.491337996721267 6.88
    endloop
  endfacet
  facet normal -0.6828760262773291 0.7305342789600531 0
    outer loop
      vertex -0.9065846130251884 -13.121531304717063 6.88
      vertex -0.9065846130251884 -13.121531304717063 7.5
      vertex -0.7582287341356277 -12.982853797078132 6.88
    endloop
  endfacet
  facet normal -0.7869510081885548 0.6170154866054962 0
    outer loop
      vertex -0.9065846130251884 -13.121531304717063 6.88
      vertex -1.0394783690571785 -13.291026037931442 6.88
      vertex -1.0394783690571785 -13.291026037931442 7.5
    endloop
  endfacet
  facet normal -0.862684100418588 0.5057431590095625 0
    outer loop
      vertex -1.0394783690571785 -13.291026037931442 6.88
      vertex -1.156910002231598 -13.491337996721267 6.88
      vertex -1.156910002231598 -13.491337996721267 7.5
    endloop
  endfacet
  facet normal 0.8479933872893566 -0.5300068066671628 0
    outer loop
      vertex -1.4911192208528519 -13.16093264967203 6.88
      vertex -1.4159474670886993 -13.040660326182842 7.5
      vertex -1.4911192208528519 -13.16093264967203 7.5
    endloop
  endfacet
  facet normal 0.802600416241522 -0.5965170339972998 0
    outer loop
      vertex -1.4159474670886993 -13.040660326182842 6.88
      vertex -1.3333587348461151 -12.929539021849632 7.5
      vertex -1.4159474670886993 -13.040660326182842 7.5
    endloop
  endfacet
  facet normal 0.7497213780802352 -0.6617536212590551 0
    outer loop
      vertex -1.3333587348461151 -12.929539021849632 6.88
      vertex -1.2433530241250992 -12.8275687366724 7.5
      vertex -1.3333587348461151 -12.929539021849632 7.5
    endloop
  endfacet
  facet normal 0.689794457484205 -0.724005253036241 0
    outer loop
      vertex -1.2433530241250992 -12.8275687366724 6.88
      vertex -1.145930327475071 -12.734749470651149 7.5
      vertex -1.2433530241250992 -12.8275687366724 7.5
    endloop
  endfacet
  facet normal 0.8859395565114265 -0.46380071389373345 0
    outer loop
      vertex -1.5588740035891533 -13.29035599976778 6.88
      vertex -1.4911192208528519 -13.16093264967203 7.5
      vertex -1.5588740035891533 -13.29035599976778 7.5
    endloop
  endfacet
  facet normal 0.4472135888685164 0.8944271943156367 0
    outer loop
      vertex -1.156910002231598 -13.491337996721267 6.88
      vertex -1.5588740035891533 -13.29035599976778 7.5
      vertex -1.156910002231598 -13.491337996721267 7.5
    endloop
  endfacet
  facet normal -0.7869510081885548 0.6170154866054962 0
    outer loop
      vertex -0.9065846130251884 -13.121531304717063 6.88
      vertex -1.0394783690571785 -13.291026037931442 7.5
      vertex -0.9065846130251884 -13.121531304717063 7.5
    endloop
  endfacet
  facet normal -0.6828760262773291 0.7305342789600531 0
    outer loop
      vertex -0.9065846130251884 -13.121531304717063 7.5
      vertex -0.7582287341356277 -12.982853797078132 7.5
      vertex -0.7582287341356277 -12.982853797078132 6.88
    endloop
  endfacet
  facet normal -0.862684100418588 0.5057431590095625 0
    outer loop
      vertex -1.0394783690571785 -13.291026037931442 6.88
      vertex -1.156910002231598 -13.491337996721267 7.5
      vertex -1.0394783690571785 -13.291026037931442 7.5
    endloop
  endfacet
  facet normal -0.5499199482202822 0.8352173672460373 0
    outer loop
      vertex -0.5944107323884964 -12.874993507564067 6.88
      vertex -0.7582287341356277 -12.982853797078132 6.88
      vertex -0.7582287341356277 -12.982853797078132 7.5
    endloop
  endfacet
  facet normal -0.39482276185037896 0.9187573056715461 0
    outer loop
      vertex -0.5944107323884964 -12.874993507564067 6.88
      vertex -0.5944107323884964 -12.874993507564067 7.5
      vertex -0.415130615234375 -12.79795045107603 6.88
    endloop
  endfacet
  facet normal -0.23095208748640994 0.9729651243933 0
    outer loop
      vertex -0.415130615234375 -12.79795045107603 6.88
      vertex -0.415130615234375 -12.79795045107603 7.5
      vertex -0.22038836777210236 -12.75172461271286 6.88
    endloop
  endfacet
  facet normal -0.07310685817225153 0.9973241134597028 0
    outer loop
      vertex -0.22038836777210236 -12.75172461271286 6.88
      vertex -0.22038836777210236 -12.75172461271286 7.5
      vertex -0.010183997452259064 -12.736315999925136 6.88
    endloop
  endfacet
  facet normal -0.5499199482202822 0.8352173672460373 0
    outer loop
      vertex -0.5944107323884964 -12.874993507564067 6.88
      vertex -0.7582287341356277 -12.982853797078132 7.5
      vertex -0.5944107323884964 -12.874993507564067 7.5
    endloop
  endfacet
  facet normal -0.39482276185037896 0.9187573056715461 0
    outer loop
      vertex -0.415130615234375 -12.79795045107603 6.88
      vertex -0.5944107323884964 -12.874993507564067 7.5
      vertex -0.415130615234375 -12.79795045107603 7.5
    endloop
  endfacet
  facet normal -0.23095208748640994 0.9729651243933 0
    outer loop
      vertex -0.22038836777210236 -12.75172461271286 6.88
      vertex -0.415130615234375 -12.79795045107603 7.5
      vertex -0.22038836777210236 -12.75172461271286 7.5
    endloop
  endfacet
  facet normal -0.07310685817225153 0.9973241134597028 0
    outer loop
      vertex -0.010183997452259064 -12.736315999925136 6.88
      vertex -0.22038836777210236 -12.75172461271286 7.5
      vertex -0.010183997452259064 -12.736315999925136 7.5
    endloop
  endfacet
  facet normal 0 0 1
    outer loop
      vertex -5.3368339985609055 -15.168886002898216 6.88
      vertex -5.280349716544151 -15.291791182756423 6.88
      vertex -4.870421998202801 -15.014301997423171 6.88
    endloop
  endfacet
  facet normal 0 0 1
    outer loop
      vertex -5.280349716544151 -15.291791182756423 6.88
      vertex -5.215451143682003 -15.405754734575748 6.88
      vertex -4.831214532256126 -15.101810571551322 6.88
    endloop
  endfacet
  facet normal 0 0 1
    outer loop
      vertex -5.280349716544151 -15.291791182756423 6.88
      vertex -4.831214532256126 -15.101810571551322 6.88
      vertex -4.870421998202801 -15.014301997423171 6.88
    endloop
  endfacet
  facet normal 0 0 1
    outer loop
      vertex -5.215451143682003 -15.405754734575748 6.88
      vertex -4.785748690366745 -15.183217425644397 6.88
      vertex -4.831214532256126 -15.101810571551322 6.88
    endloop
  endfacet
  facet normal 0 0 1
    outer loop
      vertex -5.215451143682003 -15.405754734575748 6.88
      vertex -5.142138287425041 -15.510776650905608 6.88
      vertex -4.785748690366745 -15.183217425644397 6.88
    endloop
  endfacet
  facet normal 0 0 1
    outer loop
      vertex -4.785748690366745 -15.183217425644397 6.88
      vertex -5.142138287425041 -15.510776650905608 6.88
      vertex -4.734024487435818 -15.258522574603557 6.88
    endloop
  endfacet
  facet normal 0 0 1
    outer loop
      vertex -4.734024487435818 -15.258522574603557 6.88
      vertex -5.142138287425041 -15.510776650905608 6.88
      vertex -5.060411140322685 -15.606856939196586 6.88
    endloop
  endfacet
  facet normal 0 0 1
    outer loop
      vertex -4.734024487435818 -15.258522574603557 6.88
      vertex -5.060411140322685 -15.606856939196586 6.88
      vertex -4.676041916012764 -15.32772600352764 6.88
    endloop
  endfacet
  facet normal 0 0 1
    outer loop
      vertex -5.060411140322685 -15.606856939196586 6.88
      vertex -4.970269717276096 -15.6939955919981 6.88
      vertex -4.676041916012764 -15.32772600352764 6.88
    endloop
  endfacet
  facet normal 0 0 1
    outer loop
      vertex -4.970269717276096 -15.6939955919981 6.88
      vertex -4.871714003384113 -15.77219260931015 6.88
      vertex -4.611800976097584 -15.390827712416648 6.88
    endloop
  endfacet
  facet normal 0 0 1
    outer loop
      vertex -4.970269717276096 -15.6939955919981 6.88
      vertex -4.611800976097584 -15.390827712416648 6.88
      vertex -4.676041916012764 -15.32772600352764 6.88
    endloop
  endfacet
  facet normal 0 0 1
    outer loop
      vertex -4.871714003384113 -15.77219260931015 6.88
      vertex -4.764743998646736 -15.841447998583316 6.88
      vertex -4.541301675140858 -15.44782771617174 6.88
    endloop
  endfacet
  facet normal 0.90863663575992 0.4175876724172956 0
    outer loop
      vertex -5.3368339985609055 -15.168886002898216 6.88
      vertex -5.3368339985609055 -15.168886002898216 7.5
      vertex -5.280349716544151 -15.291791182756423 6.88
    endloop
  endfacet
  facet normal 0.8689761649571066 0.49485394283206396 0
    outer loop
      vertex -5.280349716544151 -15.291791182756423 6.88
      vertex -5.280349716544151 -15.291791182756423 7.5
      vertex -5.215451143682003 -15.405754734575748 6.88
    endloop
  endfacet
  facet normal 0.8199739534244949 0.5724008348224209 0
    outer loop
      vertex -5.215451143682003 -15.405754734575748 6.88
      vertex -5.215451143682003 -15.405754734575748 7.5
      vertex -5.142138287425041 -15.510776650905608 6.88
    endloop
  endfacet
  facet normal 0.3146032544184276 -0.9492232573580011 0
    outer loop
      vertex -5.3368339985609055 -15.168886002898216 6.88
      vertex -4.870421998202801 -15.014301997423171 6.88
      vertex -4.870421998202801 -15.014301997423171 7.5
    endloop
  endfacet
  facet normal -0.9125891668911382 -0.40887774758836937 0
    outer loop
      vertex -4.870421998202801 -15.014301997423171 6.88
      vertex -4.831214532256126 -15.101810571551322 6.88
      vertex -4.831214532256126 -15.101810571551322 7.5
    endloop
  endfacet
  facet normal -0.8730632193405917 -0.4876070293121724 0
    outer loop
      vertex -4.831214532256126 -15.101810571551322 6.88
      vertex -4.785748690366745 -15.183217425644397 6.88
      vertex -4.785748690366745 -15.183217425644397 7.5
    endloop
  endfacet
  facet normal -0.8242875736905019 -0.5661713484974541 0
    outer loop
      vertex -4.785748690366745 -15.183217425644397 6.88
      vertex -4.734024487435818 -15.258522574603557 6.88
      vertex -4.734024487435818 -15.258522574603557 7.5
    endloop
  endfacet
  facet normal -0.7665132828823407 -0.6422284540293561 0
    outer loop
      vertex -4.734024487435818 -15.258522574603557 6.88
      vertex -4.676041916012764 -15.32772600352764 6.88
      vertex -4.676041916012764 -15.32772600352764 7.5
    endloop
  endfacet
  facet normal 0.7617088364438924 0.6479194768513227 0
    outer loop
      vertex -5.142138287425041 -15.510776650905608 6.88
      vertex -5.142138287425041 -15.510776650905608 7.5
      vertex -5.060411140322685 -15.606856939196586 6.88
    endloop
  endfacet
  facet normal 0.6950301117523773 0.718980628221288 0
    outer loop
      vertex -5.060411140322685 -15.606856939196586 6.88
      vertex -5.060411140322685 -15.606856939196586 7.5
      vertex -4.970269717276096 -15.6939955919981 6.88
    endloop
  endfacet
  facet normal 0.6215515248008044 0.7833732839571407 0
    outer loop
      vertex -4.970269717276096 -15.6939955919981 6.88
      vertex -4.970269717276096 -15.6939955919981 7.5
      vertex -4.871714003384113 -15.77219260931015 6.88
    endloop
  endfacet
  facet normal 0.5434697717524514 0.8394287386022344 0
    outer loop
      vertex -4.871714003384113 -15.77219260931015 6.88
      vertex -4.871714003384113 -15.77219260931015 7.5
      vertex -4.764743998646736 -15.841447998583316 6.88
    endloop
  endfacet
  facet normal 0.4633929229590831 0.8861529207486919 0
    outer loop
      vertex -4.764743998646736 -15.841447998583316 6.88
      vertex -4.764743998646736 -15.841447998583316 7.5
      vertex -4.649685427546501 -15.901615184545516 6.88
    endloop
  endfacet
  facet normal 0.90863663575992 0.4175876724172956 0
    outer loop
      vertex -5.280349716544151 -15.291791182756423 6.88
      vertex -5.3368339985609055 -15.168886002898216 7.5
      vertex -5.280349716544151 -15.291791182756423 7.5
    endloop
  endfacet
  facet normal 0.3146032544184276 -0.9492232573580011 0
    outer loop
      vertex -5.3368339985609055 -15.168886002898216 6.88
      vertex -4.870421998202801 -15.014301997423171 7.5
      vertex -5.3368339985609055 -15.168886002898216 7.5
    endloop
  endfacet
  facet normal 0.8689761649571066 0.49485394283206396 0
    outer loop
      vertex -5.215451143682003 -15.405754734575748 6.88
      vertex -5.280349716544151 -15.291791182756423 7.5
      vertex -5.215451143682003 -15.405754734575748 7.5
    endloop
  endfacet
  facet normal -0.9125891668911382 -0.40887774758836937 0
    outer loop
      vertex -4.870421998202801 -15.014301997423171 6.88
      vertex -4.831214532256126 -15.101810571551322 7.5
      vertex -4.870421998202801 -15.014301997423171 7.5
    endloop
  endfacet
  facet normal -0.8730632193405917 -0.4876070293121724 0
    outer loop
      vertex -4.831214532256126 -15.101810571551322 6.88
      vertex -4.785748690366745 -15.183217425644397 7.5
      vertex -4.831214532256126 -15.101810571551322 7.5
    endloop
  endfacet
  facet normal -0.8242875736905019 -0.5661713484974541 0
    outer loop
      vertex -4.785748690366745 -15.183217425644397 6.88
      vertex -4.734024487435818 -15.258522574603557 7.5
      vertex -4.785748690366745 -15.183217425644397 7.5
    endloop
  endfacet
  facet normal -0.7665132828823407 -0.6422284540293561 0
    outer loop
      vertex -4.734024487435818 -15.258522574603557 6.88
      vertex -4.676041916012764 -15.32772600352764 7.5
      vertex -4.734024487435818 -15.258522574603557 7.5
    endloop
  endfacet
  facet normal 0.8199739534244949 0.5724008348224209 0
    outer loop
      vertex -5.142138287425041 -15.510776650905608 6.88
      vertex -5.215451143682003 -15.405754734575748 7.5
      vertex -5.142138287425041 -15.510776650905608 7.5
    endloop
  endfacet
  facet normal 0.7617088364438924 0.6479194768513227 0
    outer loop
      vertex -5.060411140322685 -15.606856939196586 6.88
      vertex -5.142138287425041 -15.510776650905608 7.5
      vertex -5.060411140322685 -15.606856939196586 7.5
    endloop
  endfacet
  facet normal 0.6950301117523773 0.718980628221288 0
    outer loop
      vertex -4.970269717276096 -15.6939955919981 6.88
      vertex -5.060411140322685 -15.606856939196586 7.5
      vertex -4.970269717276096 -15.6939955919981 7.5
    endloop
  endfacet
  facet normal 0.6215515248008044 0.7833732839571407 0
    outer loop
      vertex -4.871714003384113 -15.77219260931015 6.88
      vertex -4.970269717276096 -15.6939955919981 7.5
      vertex -4.871714003384113 -15.77219260931015 7.5
    endloop
  endfacet
  facet normal 0.5434697717524514 0.8394287386022344 0
    outer loop
      vertex -4.764743998646736 -15.841447998583316 6.88
      vertex -4.871714003384113 -15.77219260931015 7.5
      vertex -4.764743998646736 -15.841447998583316 7.5
    endloop
  endfacet
  facet normal 0.4633929229590831 0.8861529207486919 0
    outer loop
      vertex -4.764743998646736 -15.841447998583316 7.5
      vertex -4.649685427546501 -15.901615184545516 7.5
      vertex -4.649685427546501 -15.901615184545516 6.88
    endloop
  endfacet
  facet normal 0 0 1
    outer loop
      vertex -4.871714003384113 -15.77219260931015 6.88
      vertex -4.541301675140858 -15.44782771617174 6.88
      vertex -4.611800976097584 -15.390827712416648 6.88
    endloop
  endfacet
  facet normal 0 0 1
    outer loop
      vertex -4.764743998646736 -15.841447998583316 6.88
      vertex -4.464543998241425 -15.498725999891757 6.88
      vertex -4.541301675140858 -15.44782771617174 6.88
    endloop
  endfacet
  facet normal 0 0 1
    outer loop
      vertex -4.649685427546501 -15.901615184545516 6.88
      vertex -4.382537670433521 -15.543165837228297 6.88
      vertex -4.464543998241425 -15.498725999891757 6.88
    endloop
  endfacet
  facet normal 0 0 1
    outer loop
      vertex -4.764743998646736 -15.841447998583316 6.88
      vertex -4.649685427546501 -15.901615184545516 6.88
      vertex -4.464543998241425 -15.498725999891757 6.88
    endloop
  endfacet
  facet normal 0 0 1
    outer loop
      vertex -4.649685427546501 -15.901615184545516 6.88
      vertex -4.526842288672924 -15.952525880932807 6.88
      vertex -4.382537670433521 -15.543165837228297 6.88
    endloop
  endfacet
  facet normal 0 0 1
    outer loop
      vertex -4.382537670433521 -15.543165837228297 6.88
      vertex -4.526842288672924 -15.952525880932807 6.88
      vertex -4.296270690858364 -15.58076877593994 6.88
    endloop
  endfacet
  facet normal 0 0 1
    outer loop
      vertex -4.526842288672924 -15.952525880932807 6.88
      vertex -4.396214574575424 -15.994180080294608 6.88
      vertex -4.296270690858364 -15.58076877593994 6.88
    endloop
  endfacet
  facet normal 0 0 1
    outer loop
      vertex -4.396214574575424 -15.994180080294608 6.88
      vertex -4.205743059515953 -15.611534816026687 6.88
      vertex -4.296270690858364 -15.58076877593994 6.88
    endloop
  endfacet
  facet normal 0 0 1
    outer loop
      vertex -4.396214574575424 -15.994180080294608 6.88
      vertex -4.257802285254002 -16.02657779753208 6.88
      vertex -4.205743059515953 -15.611534816026687 6.88
    endloop
  endfacet
  facet normal 0 0 1
    outer loop
      vertex -4.205743059515953 -15.611534816026687 6.88
      vertex -4.257802285254002 -16.02657779753208 6.88
      vertex -4.110954776406288 -15.635463957488536 6.88
    endloop
  endfacet
  facet normal 0 0 1
    outer loop
      vertex -4.110954776406288 -15.635463957488536 6.88
      vertex -4.257802285254002 -16.02657779753208 6.88
      vertex -4.111605428159237 -16.049719017744064 6.88
    endloop
  endfacet
  facet normal 0 0 1
    outer loop
      vertex -4.110954776406288 -15.635463957488536 6.88
      vertex -4.111605428159237 -16.049719017744064 6.88
      vertex -4.011905834078789 -15.652556207776069 6.88
    endloop
  endfacet
  facet normal 0 0 1
    outer loop
      vertex -4.011905834078789 -15.652556207776069 6.88
      vertex -3.95762400329113 -16.063603755831718 6.88
      vertex -3.908596247434616 -15.662811551988124 6.88
    endloop
  endfacet
  facet normal 0 0 1
    outer loop
      vertex -4.011905834078789 -15.652556207776069 6.88
      vertex -4.111605428159237 -16.049719017744064 6.88
      vertex -3.95762400329113 -16.063603755831718 6.88
    endloop
  endfacet
  facet normal 0 0 1
    outer loop
      vertex -3.908596247434616 -15.662811551988124 6.88
      vertex -3.7958580031991005 -16.068231996893882 6.88
      vertex -3.801026001572609 -15.666229997575282 6.88
    endloop
  endfacet
  facet normal 0 0 1
    outer loop
      vertex -3.801026001572609 -15.666229997575282 6.88
      vertex -3.7958580031991005 -16.068231996893882 6.88
      vertex -3.6342036724090576 -15.658315141499042 6.88
    endloop
  endfacet
  facet normal 0 0 1
    outer loop
      vertex -3.6342036724090576 -15.658315141499042 6.88
      vertex -3.566144123673439 -16.058187593519687 6.88
      vertex -3.4783206954598427 -15.63457057327032 6.88
    endloop
  endfacet
  facet normal 0 0 1
    outer loop
      vertex -3.908596247434616 -15.662811551988124 6.88
      vertex -3.95762400329113 -16.063603755831718 6.88
      vertex -3.7958580031991005 -16.068231996893882 6.88
    endloop
  endfacet
  facet normal 0 0 1
    outer loop
      vertex -3.6342036724090576 -15.658315141499042 6.88
      vertex -3.7958580031991005 -16.068231996893882 6.88
      vertex -3.566144123673439 -16.058187593519687 6.88
    endloop
  endfacet
  facet normal 0 0 1
    outer loop
      vertex -3.566144123673439 -16.058187593519687 6.88
      vertex -3.3511556312441826 -16.02805436849594 6.88
      vertex -3.4783206954598427 -15.63457057327032 6.88
    endloop
  endfacet
  facet normal 0 0 1
    outer loop
      vertex -3.4783206954598427 -15.63457057327032 6.88
      vertex -3.3511556312441826 -16.02805436849594 6.88
      vertex -3.3333770632743835 -15.594996285438537 6.88
    endloop
  endfacet
  facet normal 0 0 1
    outer loop
      vertex -3.3333770632743835 -15.594996285438537 6.88
      vertex -3.1508925333619118 -15.977832329273223 6.88
      vertex -3.19937277585268 -15.539592285454273 6.88
    endloop
  endfacet
  facet normal 0 0 1
    outer loop
      vertex -3.3333770632743835 -15.594996285438537 6.88
      vertex -3.3511556312441826 -16.02805436849594 6.88
      vertex -3.1508925333619118 -15.977832329273223 6.88
    endloop
  endfacet
  facet normal -0.7007528308260073 -0.7134041421868373 0
    outer loop
      vertex -4.676041916012764 -15.32772600352764 6.88
      vertex -4.611800976097584 -15.390827712416648 6.88
      vertex -4.611800976097584 -15.390827712416648 7.5
    endloop
  endfacet
  facet normal -0.6287259443163965 -0.7776269587298626 0
    outer loop
      vertex -4.611800976097584 -15.390827712416648 6.88
      vertex -4.541301675140858 -15.44782771617174 6.88
      vertex -4.541301675140858 -15.44782771617174 7.5
    endloop
  endfacet
  facet normal -0.5526426165255454 -0.8334183453703181 0
    outer loop
      vertex -4.541301675140858 -15.44782771617174 6.88
      vertex -4.464543998241425 -15.498725999891757 6.88
      vertex -4.464543998241425 -15.498725999891757 7.5
    endloop
  endfacet
  facet normal -0.47644679317548144 -0.8792033059951492 0
    outer loop
      vertex -4.464543998241425 -15.498725999891757 6.88
      vertex -4.382537670433521 -15.543165837228297 6.88
      vertex -4.382537670433521 -15.543165837228297 7.5
    endloop
  endfacet
  facet normal -0.39957991551109373 -0.9166983643053734 0
    outer loop
      vertex -4.382537670433521 -15.543165837228297 6.88
      vertex -4.296270690858364 -15.58076877593994 6.88
      vertex -4.296270690858364 -15.58076877593994 7.5
    endloop
  endfacet
  facet normal 0.3828593176559215 0.9238066588220947 0
    outer loop
      vertex -4.649685427546501 -15.901615184545516 6.88
      vertex -4.649685427546501 -15.901615184545516 7.5
      vertex -4.526842288672924 -15.952525880932807 6.88
    endloop
  endfacet
  facet normal 0.3038052019990352 0.9527341702900791 0
    outer loop
      vertex -4.526842288672924 -15.952525880932807 6.88
      vertex -4.526842288672924 -15.952525880932807 7.5
      vertex -4.396214574575424 -15.994180080294608 6.88
    endloop
  endfacet
  facet normal 0.22790682061417908 0.9736829469172892 0
    outer loop
      vertex -4.396214574575424 -15.994180080294608 6.88
      vertex -4.396214574575424 -15.994180080294608 7.5
      vertex -4.257802285254002 -16.02657779753208 6.88
    endloop
  endfacet
  facet normal -0.32177753008510157 -0.9468153046567908 0
    outer loop
      vertex -4.296270690858364 -15.58076877593994 6.88
      vertex -4.205743059515953 -15.611534816026687 6.88
      vertex -4.205743059515953 -15.611534816026687 7.5
    endloop
  endfacet
  facet normal -0.24476917625162764 -0.9695813789244818 0
    outer loop
      vertex -4.205743059515953 -15.611534816026687 6.88
      vertex -4.110954776406288 -15.635463957488536 6.88
      vertex -4.110954776406288 -15.635463957488536 7.5
    endloop
  endfacet
  facet normal -0.17005035748232483 -0.985435373791774 0
    outer loop
      vertex -4.110954776406288 -15.635463957488536 6.88
      vertex -4.011905834078789 -15.652556207776069 6.88
      vertex -4.011905834078789 -15.652556207776069 7.5
    endloop
  endfacet
  facet normal -0.09878256301828307 -0.9951090418861336 0
    outer loop
      vertex -4.011905834078789 -15.652556207776069 6.88
      vertex -3.908596247434616 -15.662811551988124 6.88
      vertex -3.908596247434616 -15.662811551988124 7.5
    endloop
  endfacet
  facet normal 0.15634162070997407 0.9877030412192617 0
    outer loop
      vertex -4.257802285254002 -16.02657779753208 6.88
      vertex -4.257802285254002 -16.02657779753208 7.5
      vertex -4.111605428159237 -16.049719017744064 6.88
    endloop
  endfacet
  facet normal 0.08980714583462837 0.9959591741417104 0
    outer loop
      vertex -4.111605428159237 -16.049719017744064 6.88
      vertex -4.111605428159237 -16.049719017744064 7.5
      vertex -3.95762400329113 -16.063603755831718 6.88
    endloop
  endfacet
  facet normal -0.7007528308260073 -0.7134041421868373 0
    outer loop
      vertex -4.676041916012764 -15.32772600352764 6.88
      vertex -4.611800976097584 -15.390827712416648 7.5
      vertex -4.676041916012764 -15.32772600352764 7.5
    endloop
  endfacet
  facet normal -0.6287259443163965 -0.7776269587298626 0
    outer loop
      vertex -4.611800976097584 -15.390827712416648 6.88
      vertex -4.541301675140858 -15.44782771617174 7.5
      vertex -4.611800976097584 -15.390827712416648 7.5
    endloop
  endfacet
  facet normal -0.5526426165255454 -0.8334183453703181 0
    outer loop
      vertex -4.541301675140858 -15.44782771617174 6.88
      vertex -4.464543998241425 -15.498725999891757 7.5
      vertex -4.541301675140858 -15.44782771617174 7.5
    endloop
  endfacet
  facet normal -0.47644679317548144 -0.8792033059951492 0
    outer loop
      vertex -4.464543998241425 -15.498725999891757 6.88
      vertex -4.382537670433521 -15.543165837228297 7.5
      vertex -4.464543998241425 -15.498725999891757 7.5
    endloop
  endfacet
  facet normal -0.39957991551109373 -0.9166983643053734 0
    outer loop
      vertex -4.382537670433521 -15.543165837228297 6.88
      vertex -4.296270690858364 -15.58076877593994 7.5
      vertex -4.382537670433521 -15.543165837228297 7.5
    endloop
  endfacet
  facet normal 0.3828593176559215 0.9238066588220947 0
    outer loop
      vertex -4.526842288672924 -15.952525880932807 6.88
      vertex -4.649685427546501 -15.901615184545516 7.5
      vertex -4.526842288672924 -15.952525880932807 7.5
    endloop
  endfacet
  facet normal 0.3038052019990352 0.9527341702900791 0
    outer loop
      vertex -4.396214574575424 -15.994180080294608 6.88
      vertex -4.526842288672924 -15.952525880932807 7.5
      vertex -4.396214574575424 -15.994180080294608 7.5
    endloop
  endfacet
  facet normal 0.22790682061417908 0.9736829469172892 0
    outer loop
      vertex -4.257802285254002 -16.02657779753208 6.88
      vertex -4.396214574575424 -15.994180080294608 7.5
      vertex -4.257802285254002 -16.02657779753208 7.5
    endloop
  endfacet
  facet normal -0.32177753008510157 -0.9468153046567908 0
    outer loop
      vertex -4.296270690858364 -15.58076877593994 6.88
      vertex -4.205743059515953 -15.611534816026687 7.5
      vertex -4.296270690858364 -15.58076877593994 7.5
    endloop
  endfacet
  facet normal -0.24476917625162764 -0.9695813789244818 0
    outer loop
      vertex -4.205743059515953 -15.611534816026687 6.88
      vertex -4.110954776406288 -15.635463957488536 7.5
      vertex -4.205743059515953 -15.611534816026687 7.5
    endloop
  endfacet
  facet normal -0.17005035748232483 -0.985435373791774 0
    outer loop
      vertex -4.110954776406288 -15.635463957488536 6.88
      vertex -4.011905834078789 -15.652556207776069 7.5
      vertex -4.110954776406288 -15.635463957488536 7.5
    endloop
  endfacet
  facet normal -0.09878256301828307 -0.9951090418861336 0
    outer loop
      vertex -4.011905834078789 -15.652556207776069 6.88
      vertex -3.908596247434616 -15.662811551988124 7.5
      vertex -4.011905834078789 -15.652556207776069 7.5
    endloop
  endfacet
  facet normal 0.15634162070997407 0.9877030412192617 0
    outer loop
      vertex -4.111605428159237 -16.049719017744064 6.88
      vertex -4.257802285254002 -16.02657779753208 7.5
      vertex -4.111605428159237 -16.049719017744064 7.5
    endloop
  endfacet
  facet normal 0.08980714583462837 0.9959591741417104 0
    outer loop
      vertex -3.95762400329113 -16.063603755831718 6.88
      vertex -4.111605428159237 -16.049719017744064 7.5
      vertex -3.95762400329113 -16.063603755831718 7.5
    endloop
  endfacet
  facet normal -0.03176269370069406 -0.9994954383532103 0
    outer loop
      vertex -3.908596247434616 -15.662811551988124 6.88
      vertex -3.801026001572609 -15.666229997575282 6.88
      vertex -3.801026001572609 -15.666229997575282 7.5
    endloop
  endfacet
  facet normal 0.04739151474325482 -0.9988763909164836 0
    outer loop
      vertex -3.801026001572609 -15.666229997575282 6.88
      vertex -3.6342036724090576 -15.658315141499042 6.88
      vertex -3.6342036724090576 -15.658315141499042 7.5
    endloop
  endfacet
  facet normal 0.15058608079689323 -0.9885969007994267 0
    outer loop
      vertex -3.6342036724090576 -15.658315141499042 6.88
      vertex -3.4783206954598427 -15.63457057327032 6.88
      vertex -3.4783206954598427 -15.63457057327032 7.5
    endloop
  endfacet
  facet normal 0.02859901304949984 0.9995909645713064 0
    outer loop
      vertex -3.95762400329113 -16.063603755831718 6.88
      vertex -3.95762400329113 -16.063603755831718 7.5
      vertex -3.7958580031991005 -16.068231996893882 6.88
    endloop
  endfacet
  facet normal -0.04368397331282766 0.9990453996068468 0
    outer loop
      vertex -3.7958580031991005 -16.068231996893882 6.88
      vertex -3.7958580031991005 -16.068231996893882 7.5
      vertex -3.566144123673439 -16.058187593519687 6.88
    endloop
  endfacet
  facet normal 0.26339124640943135 -0.9646890956753301 0
    outer loop
      vertex -3.4783206954598427 -15.63457057327032 6.88
      vertex -3.3333770632743835 -15.594996285438537 6.88
      vertex -3.3333770632743835 -15.594996285438537 7.5
    endloop
  endfacet
  facet normal 0.38208063030078476 -0.924128990968769 0
    outer loop
      vertex -3.3333770632743835 -15.594996285438537 6.88
      vertex -3.19937277585268 -15.539592285454273 6.88
      vertex -3.19937277585268 -15.539592285454273 7.5
    endloop
  endfacet
  facet normal -0.138805226465903 0.990319700453217 0
    outer loop
      vertex -3.566144123673439 -16.058187593519687 6.88
      vertex -3.566144123673439 -16.058187593519687 7.5
      vertex -3.3511556312441826 -16.02805436849594 6.88
    endloop
  endfacet
  facet normal -0.2432478988545318 0.9699641538236635 0
    outer loop
      vertex -3.3511556312441826 -16.02805436849594 6.88
      vertex -3.3511556312441826 -16.02805436849594 7.5
      vertex -3.1508925333619118 -15.977832329273223 6.88
    endloop
  endfacet
  facet normal -0.03176269370069406 -0.9994954383532103 0
    outer loop
      vertex -3.908596247434616 -15.662811551988124 6.88
      vertex -3.801026001572609 -15.666229997575282 7.5
      vertex -3.908596247434616 -15.662811551988124 7.5
    endloop
  endfacet
  facet normal 0.04739151474325482 -0.9988763909164836 0
    outer loop
      vertex -3.801026001572609 -15.666229997575282 6.88
      vertex -3.6342036724090576 -15.658315141499042 7.5
      vertex -3.801026001572609 -15.666229997575282 7.5
    endloop
  endfacet
  facet normal 0.15058608079689323 -0.9885969007994267 0
    outer loop
      vertex -3.6342036724090576 -15.658315141499042 6.88
      vertex -3.4783206954598427 -15.63457057327032 7.5
      vertex -3.6342036724090576 -15.658315141499042 7.5
    endloop
  endfacet
  facet normal 0.02859901304949984 0.9995909645713064 0
    outer loop
      vertex -3.95762400329113 -16.063603755831718 7.5
      vertex -3.7958580031991005 -16.068231996893882 7.5
      vertex -3.7958580031991005 -16.068231996893882 6.88
    endloop
  endfacet
  facet normal -0.04368397331282766 0.9990453996068468 0
    outer loop
      vertex -3.566144123673439 -16.058187593519687 6.88
      vertex -3.7958580031991005 -16.068231996893882 7.5
      vertex -3.566144123673439 -16.058187593519687 7.5
    endloop
  endfacet
  facet normal 0.26339124640943135 -0.9646890956753301 0
    outer loop
      vertex -3.4783206954598427 -15.63457057327032 6.88
      vertex -3.3333770632743835 -15.594996285438537 7.5
      vertex -3.4783206954598427 -15.63457057327032 7.5
    endloop
  endfacet
  facet normal 0.38208063030078476 -0.924128990968769 0
    outer loop
      vertex -3.3333770632743835 -15.594996285438537 6.88
      vertex -3.19937277585268 -15.539592285454273 7.5
      vertex -3.3333770632743835 -15.594996285438537 7.5
    endloop
  endfacet
  facet normal 0.5009603551041575 -0.8654702320784443 0
    outer loop
      vertex -3.19937277585268 -15.539592285454273 6.88
      vertex -3.0763078331947327 -15.468358573317527 7.5
      vertex -3.19937277585268 -15.539592285454273 7.5
    endloop
  endfacet
  facet normal -0.138805226465903 0.990319700453217 0
    outer loop
      vertex -3.3511556312441826 -16.02805436849594 6.88
      vertex -3.566144123673439 -16.058187593519687 7.5
      vertex -3.3511556312441826 -16.02805436849594 7.5
    endloop
  endfacet
  facet normal -0.2432478988545318 0.9699641538236635 0
    outer loop
      vertex -3.1508925333619118 -15.977832329273223 6.88
      vertex -3.3511556312441826 -16.02805436849594 7.5
      vertex -3.1508925333619118 -15.977832329273223 7.5
    endloop
  endfacet
  facet normal 0 0 1
    outer loop
      vertex -2.9641822427511215 -15.38129514157772 6.88
      vertex -2.6384555473923683 -15.706633304059505 6.88
      vertex -2.862995997071266 -15.278401997685432 6.88
    endloop
  endfacet
  facet normal 0 0 1
    outer loop
      vertex -2.5553704872727394 -14.577806082367896 6.88
      vertex -2.5895510986447334 -14.741382901370525 6.88
      vertex -2.066418282687664 -14.680989262461662 6.88
    endloop
  endfacet
  facet normal 0 0 1
    outer loop
      vertex -2.5895510986447334 -14.741382901370525 6.88
      vertex -2.6374039575457573 -14.893230897188186 6.88
      vertex -2.114271141588688 -14.890715916454791 6.88
    endloop
  endfacet
  facet normal 0 0 1
    outer loop
      vertex -2.6374039575457573 -14.893230897188186 6.88
      vertex -2.698929063975811 -15.033350084722041 6.88
      vertex -2.1812651455402374 -15.08508591800928 6.88
    endloop
  endfacet
  facet normal 0 0 1
    outer loop
      vertex -2.774126410484314 -15.16174044907093 6.88
      vertex -2.267400287091732 -15.264099267125129 6.88
      vertex -2.698929063975811 -15.033350084722041 6.88
    endloop
  endfacet
  facet normal 0 0 1
    outer loop
      vertex -2.774126410484314 -15.16174044907093 6.88
      vertex -2.862995997071266 -15.278401997685432 6.88
      vertex -2.4970939978957176 -15.576056000590324 6.88
    endloop
  endfacet
  facet normal 0 0 1
    outer loop
      vertex -2.774126410484314 -15.16174044907093 6.88
      vertex -2.4970939978957176 -15.576056000590324 6.88
      vertex -2.3726765736937523 -15.427755956351756 6.88
    endloop
  endfacet
  facet normal 0 0 1
    outer loop
      vertex -2.698929063975811 -15.033350084722041 6.88
      vertex -2.267400287091732 -15.264099267125129 6.88
      vertex -2.1812651455402374 -15.08508591800928 6.88
    endloop
  endfacet
  facet normal 0 0 1
    outer loop
      vertex -2.774126410484314 -15.16174044907093 6.88
      vertex -2.3726765736937523 -15.427755956351756 6.88
      vertex -2.267400287091732 -15.264099267125129 6.88
    endloop
  endfacet
  facet normal 0 0 1
    outer loop
      vertex -3.19937277585268 -15.539592285454273 6.88
      vertex -2.9653548151254654 -15.907521468400954 6.88
      vertex -3.0763078331947327 -15.468358573317527 6.88
    endloop
  endfacet
  facet normal 0 0 1
    outer loop
      vertex -2.9641822427511215 -15.38129514157772 6.88
      vertex -3.0763078331947327 -15.468358573317527 6.88
      vertex -2.7945424914360046 -15.817121793329715 6.88
    endloop
  endfacet
  facet normal 0 0 1
    outer loop
      vertex -3.19937277585268 -15.539592285454273 6.88
      vertex -3.1508925333619118 -15.977832329273223 6.88
      vertex -2.9653548151254654 -15.907521468400954 6.88
    endloop
  endfacet
  facet normal 0 0 1
    outer loop
      vertex -3.0763078331947327 -15.468358573317527 6.88
      vertex -2.9653548151254654 -15.907521468400954 6.88
      vertex -2.7945424914360046 -15.817121793329715 6.88
    endloop
  endfacet
  facet normal 0 0 1
    outer loop
      vertex -2.9641822427511215 -15.38129514157772 6.88
      vertex -2.7945424914360046 -15.817121793329715 6.88
      vertex -2.6384555473923683 -15.706633304059505 6.88
    endloop
  endfacet
  facet normal 0 0 1
    outer loop
      vertex -2.862995997071266 -15.278401997685432 6.88
      vertex -2.6384555473923683 -15.706633304059505 6.88
      vertex -2.4970939978957176 -15.576056000590324 6.88
    endloop
  endfacet
  facet normal 0 0 1
    outer loop
      vertex -2.5895510986447334 -14.741382901370525 6.88
      vertex -2.114271141588688 -14.890715916454791 6.88
      vertex -2.066418282687664 -14.680989262461662 6.88
    endloop
  endfacet
  facet normal 0 0 1
    outer loop
      vertex -2.037706568837166 -14.455905956029891 6.88
      vertex -2.5553704872727394 -14.577806082367896 6.88
      vertex -2.066418282687664 -14.680989262461662 6.88
    endloop
  endfacet
  facet normal 0 0 1
    outer loop
      vertex -2.6374039575457573 -14.893230897188186 6.88
      vertex -2.1812651455402374 -15.08508591800928 6.88
      vertex -2.114271141588688 -14.890715916454791 6.88
    endloop
  endfacet
  facet normal 0.6133024023071495 -0.7898481900493786 0
    outer loop
      vertex -2.9641822427511215 -15.38129514157772 6.88
      vertex -2.9641822427511215 -15.38129514157772 7.5
      vertex -3.0763078331947327 -15.468358573317527 6.88
    endloop
  endfacet
  facet normal 0.7954823474905401 -0.6059767609660782 0
    outer loop
      vertex -2.774126410484314 -15.16174044907093 6.88
      vertex -2.774126410484314 -15.16174044907093 7.5
      vertex -2.862995997071266 -15.278401997685432 6.88
    endloop
  endfacet
  facet normal 0.7129960084856667 -0.7011680910334604 0
    outer loop
      vertex -2.9641822427511215 -15.38129514157772 6.88
      vertex -2.862995997071266 -15.278401997685432 6.88
      vertex -2.862995997071266 -15.278401997685432 7.5
    endloop
  endfacet
  facet normal 0.9788582439553859 -0.20453982067210855 0
    outer loop
      vertex -2.5553704872727394 -14.577806082367896 6.88
      vertex -2.5553704872727394 -14.577806082367896 7.5
      vertex -2.5895510986447334 -14.741382901370525 6.88
    endloop
  endfacet
  facet normal 0.9156215022298008 -0.4020413718194224 0
    outer loop
      vertex -2.6374039575457573 -14.893230897188186 6.88
      vertex -2.6374039575457573 -14.893230897188186 7.5
      vertex -2.698929063975811 -15.033350084722041 6.88
    endloop
  endfacet
  facet normal 0.953761307481967 -0.30056508172156093 0
    outer loop
      vertex -2.5895510986447334 -14.741382901370525 6.88
      vertex -2.5895510986447334 -14.741382901370525 7.5
      vertex -2.6374039575457573 -14.893230897188186 6.88
    endloop
  endfacet
  facet normal 0.8628913451198449 -0.5053894800223533 0
    outer loop
      vertex -2.774126410484314 -15.16174044907093 6.88
      vertex -2.698929063975811 -15.033350084722041 6.88
      vertex -2.698929063975811 -15.033350084722041 7.5
    endloop
  endfacet
  facet normal 0.5009603551041575 -0.8654702320784443 0
    outer loop
      vertex -3.19937277585268 -15.539592285454273 6.88
      vertex -3.0763078331947327 -15.468358573317527 6.88
      vertex -3.0763078331947327 -15.468358573317527 7.5
    endloop
  endfacet
  facet normal -0.4677649365520249 0.8838529086519319 0
    outer loop
      vertex -2.9653548151254654 -15.907521468400954 6.88
      vertex -2.9653548151254654 -15.907521468400954 7.5
      vertex -2.7945424914360046 -15.817121793329715 6.88
    endloop
  endfacet
  facet normal -0.5777627861216558 0.8162047310405287 0
    outer loop
      vertex -2.7945424914360046 -15.817121793329715 6.88
      vertex -2.7945424914360046 -15.817121793329715 7.5
      vertex -2.6384555473923683 -15.706633304059505 6.88
    endloop
  endfacet
  facet normal -0.3543655544160537 0.9351069745453741 0
    outer loop
      vertex -3.1508925333619118 -15.977832329273223 6.88
      vertex -3.1508925333619118 -15.977832329273223 7.5
      vertex -2.9653548151254654 -15.907521468400954 6.88
    endloop
  endfacet
  facet normal -0.6785317905326769 0.7345710375699 0
    outer loop
      vertex -2.6384555473923683 -15.706633304059505 6.88
      vertex -2.6384555473923683 -15.706633304059505 7.5
      vertex -2.4970939978957176 -15.576056000590324 6.88
    endloop
  endfacet
  facet normal -0.7660980823977829 0.6427236794660982 0
    outer loop
      vertex -2.3726765736937523 -15.427755956351756 6.88
      vertex -2.4970939978957176 -15.576056000590324 6.88
      vertex -2.4970939978957176 -15.576056000590324 7.5
    endloop
  endfacet
  facet normal 0.6133024023071495 -0.7898481900493786 0
    outer loop
      vertex -3.0763078331947327 -15.468358573317527 6.88
      vertex -2.9641822427511215 -15.38129514157772 7.5
      vertex -3.0763078331947327 -15.468358573317527 7.5
    endloop
  endfacet
  facet normal 0.7129960084856667 -0.7011680910334604 0
    outer loop
      vertex -2.9641822427511215 -15.38129514157772 6.88
      vertex -2.862995997071266 -15.278401997685432 7.5
      vertex -2.9641822427511215 -15.38129514157772 7.5
    endloop
  endfacet
  facet normal 0.8628913451198449 -0.5053894800223533 0
    outer loop
      vertex -2.774126410484314 -15.16174044907093 6.88
      vertex -2.698929063975811 -15.033350084722041 7.5
      vertex -2.774126410484314 -15.16174044907093 7.5
    endloop
  endfacet
  facet normal 0.7954823474905401 -0.6059767609660782 0
    outer loop
      vertex -2.862995997071266 -15.278401997685432 6.88
      vertex -2.774126410484314 -15.16174044907093 7.5
      vertex -2.862995997071266 -15.278401997685432 7.5
    endloop
  endfacet
  facet normal 0.9788582439553859 -0.20453982067210855 0
    outer loop
      vertex -2.5895510986447334 -14.741382901370525 6.88
      vertex -2.5553704872727394 -14.577806082367896 7.5
      vertex -2.5895510986447334 -14.741382901370525 7.5
    endloop
  endfacet
  facet normal 0.9156215022298008 -0.4020413718194224 0
    outer loop
      vertex -2.698929063975811 -15.033350084722041 6.88
      vertex -2.6374039575457573 -14.893230897188186 7.5
      vertex -2.698929063975811 -15.033350084722041 7.5
    endloop
  endfacet
  facet normal 0.953761307481967 -0.30056508172156093 0
    outer loop
      vertex -2.6374039575457573 -14.893230897188186 6.88
      vertex -2.5895510986447334 -14.741382901370525 7.5
      vertex -2.6374039575457573 -14.893230897188186 7.5
    endloop
  endfacet
  facet normal -0.4677649365520249 0.8838529086519319 0
    outer loop
      vertex -2.7945424914360046 -15.817121793329715 6.88
      vertex -2.9653548151254654 -15.907521468400954 7.5
      vertex -2.7945424914360046 -15.817121793329715 7.5
    endloop
  endfacet
  facet normal -0.3543655544160537 0.9351069745453741 0
    outer loop
      vertex -3.1508925333619118 -15.977832329273223 7.5
      vertex -2.9653548151254654 -15.907521468400954 7.5
      vertex -2.9653548151254654 -15.907521468400954 6.88
    endloop
  endfacet
  facet normal -0.6785317905326769 0.7345710375699 0
    outer loop
      vertex -2.4970939978957176 -15.576056000590324 6.88
      vertex -2.6384555473923683 -15.706633304059505 7.5
      vertex -2.4970939978957176 -15.576056000590324 7.5
    endloop
  endfacet
  facet normal -0.5777627861216558 0.8162047310405287 0
    outer loop
      vertex -2.6384555473923683 -15.706633304059505 6.88
      vertex -2.7945424914360046 -15.817121793329715 7.5
      vertex -2.6384555473923683 -15.706633304059505 7.5
    endloop
  endfacet
  facet normal -0.7660980823977829 0.6427236794660982 0
    outer loop
      vertex -2.3726765736937523 -15.427755956351756 6.88
      vertex -2.4970939978957176 -15.576056000590324 7.5
      vertex -2.3726765736937523 -15.427755956351756 7.5
    endloop
  endfacet
  facet normal -0.9919621338206127 0.12653507444995918 0
    outer loop
      vertex -2.037706568837166 -14.455905956029891 6.88
      vertex -2.066418282687664 -14.680989262461662 6.88
      vertex -2.066418282687664 -14.680989262461662 7.5
    endloop
  endfacet
  facet normal -0.9749439256857542 0.2224507625710702 0
    outer loop
      vertex -2.066418282687664 -14.680989262461662 6.88
      vertex -2.114271141588688 -14.890715916454791 6.88
      vertex -2.114271141588688 -14.890715916454791 7.5
    endloop
  endfacet
  facet normal -0.9454181443383778 0.32585968200404675 0
    outer loop
      vertex -2.114271141588688 -14.890715916454791 6.88
      vertex -2.1812651455402374 -15.08508591800928 6.88
      vertex -2.1812651455402374 -15.08508591800928 7.5
    endloop
  endfacet
  facet normal -0.9011127493674899 0.43358483936521985 0
    outer loop
      vertex -2.1812651455402374 -15.08508591800928 6.88
      vertex -2.267400287091732 -15.264099267125129 6.88
      vertex -2.267400287091732 -15.264099267125129 7.5
    endloop
  endfacet
  facet normal -0.8410185145974233 0.5410063383217832 0
    outer loop
      vertex -2.3726765736937523 -15.427755956351756 6.88
      vertex -2.3726765736937523 -15.427755956351756 7.5
      vertex -2.267400287091732 -15.264099267125129 6.88
    endloop
  endfacet
  facet normal -0.9749439256857542 0.2224507625710702 0
    outer loop
      vertex -2.066418282687664 -14.680989262461662 6.88
      vertex -2.114271141588688 -14.890715916454791 7.5
      vertex -2.066418282687664 -14.680989262461662 7.5
    endloop
  endfacet
  facet normal -0.9454181443383778 0.32585968200404675 0
    outer loop
      vertex -2.114271141588688 -14.890715916454791 6.88
      vertex -2.1812651455402374 -15.08508591800928 7.5
      vertex -2.114271141588688 -14.890715916454791 7.5
    endloop
  endfacet
  facet normal -0.9011127493674899 0.43358483936521985 0
    outer loop
      vertex -2.1812651455402374 -15.08508591800928 6.88
      vertex -2.267400287091732 -15.264099267125129 7.5
      vertex -2.1812651455402374 -15.08508591800928 7.5
    endloop
  endfacet
  facet normal -0.8410185145974233 0.5410063383217832 0
    outer loop
      vertex -2.3726765736937523 -15.427755956351756 7.5
      vertex -2.267400287091732 -15.264099267125129 7.5
      vertex -2.267400287091732 -15.264099267125129 6.88
    endloop
  endfacet
  facet normal 0 0 1
    outer loop
      vertex -1.5253959968686104 -15.168886002898216 6.88
      vertex -1.4689117148518562 -15.291791182756423 6.88
      vertex -1.0589839965105057 -15.014301997423171 6.88
    endloop
  endfacet
  facet normal 0 0 1
    outer loop
      vertex -1.4689117148518562 -15.291791182756423 6.88
      vertex -1.0197765305638313 -15.101810571551322 6.88
      vertex -1.0589839965105057 -15.014301997423171 6.88
    endloop
  endfacet
  facet normal 0 0 1
    outer loop
      vertex -1.4689117148518562 -15.291791182756423 6.88
      vertex -1.404013141989708 -15.405754734575748 6.88
      vertex -1.0197765305638313 -15.101810571551322 6.88
    endloop
  endfacet
  facet normal 0 0 1
    outer loop
      vertex -1.404013141989708 -15.405754734575748 6.88
      vertex -1.3307002857327461 -15.510776650905608 6.88
      vertex -0.9743106961250305 -15.183217425644397 6.88
    endloop
  endfacet
  facet normal 0 0 1
    outer loop
      vertex -1.404013141989708 -15.405754734575748 6.88
      vertex -0.9743106961250305 -15.183217425644397 6.88
      vertex -1.0197765305638313 -15.101810571551322 6.88
    endloop
  endfacet
  facet normal 0 0 1
    outer loop
      vertex -0.9743106961250305 -15.183217425644397 6.88
      vertex -1.3307002857327461 -15.510776650905608 6.88
      vertex -0.9225864931941032 -15.258522574603557 6.88
    endloop
  endfacet
  facet normal 0 0 1
    outer loop
      vertex -0.9225864931941032 -15.258522574603557 6.88
      vertex -1.3307002857327461 -15.510776650905608 6.88
      vertex -1.2489731460809708 -15.606856939196586 6.88
    endloop
  endfacet
  facet normal 0 0 1
    outer loop
      vertex -0.9225864931941032 -15.258522574603557 6.88
      vertex -1.2489731460809708 -15.606856939196586 6.88
      vertex -0.8646039217710495 -15.32772600352764 6.88
    endloop
  endfacet
  facet normal 0 0 1
    outer loop
      vertex -0.8646039217710495 -15.32772600352764 6.88
      vertex -1.2489731460809708 -15.606856939196586 6.88
      vertex -1.1588317155838013 -15.6939955919981 6.88
    endloop
  endfacet
  facet normal 0 0 1
    outer loop
      vertex -0.8003629818558693 -15.390827712416648 6.88
      vertex -1.1588317155838013 -15.6939955919981 6.88
      vertex -1.0602760016918182 -15.77219260931015 6.88
    endloop
  endfacet
  facet normal 0 0 1
    outer loop
      vertex -0.8646039217710495 -15.32772600352764 6.88
      vertex -1.1588317155838013 -15.6939955919981 6.88
      vertex -0.8003629818558693 -15.390827712416648 6.88
    endloop
  endfacet
  facet normal 0 0 1
    outer loop
      vertex -0.8003629818558693 -15.390827712416648 6.88
      vertex -1.0602760016918182 -15.77219260931015 6.88
      vertex -0.7298636734485626 -15.44782771617174 6.88
    endloop
  endfacet
  facet normal 0 0 1
    outer loop
      vertex -1.0602760016918182 -15.77219260931015 6.88
      vertex -0.9533059969544411 -15.841447998583316 6.88
      vertex -0.7298636734485626 -15.44782771617174 6.88
    endloop
  endfacet
  facet normal 0 0 1
    outer loop
      vertex -0.9533059969544411 -15.841447998583316 6.88
      vertex -0.8382474258542061 -15.901615184545516 6.88
      vertex -0.6531059965491295 -15.498725999891757 6.88
    endloop
  endfacet
  facet normal 0 0 1
    outer loop
      vertex -0.9533059969544411 -15.841447998583316 6.88
      vertex -0.6531059965491295 -15.498725999891757 6.88
      vertex -0.7298636734485626 -15.44782771617174 6.88
    endloop
  endfacet
  facet normal 0 0 1
    outer loop
      vertex -0.8382474258542061 -15.901615184545516 6.88
      vertex -0.5710996761918068 -15.543165837228297 6.88
      vertex -0.6531059965491295 -15.498725999891757 6.88
    endloop
  endfacet
  facet normal 0 0 1
    outer loop
      vertex -0.8382474258542061 -15.901615184545516 6.88
      vertex -0.715404286980629 -15.952525880932807 6.88
      vertex -0.5710996761918068 -15.543165837228297 6.88
    endloop
  endfacet
  facet normal 0 0 1
    outer loop
      vertex -0.5710996761918068 -15.543165837228297 6.88
      vertex -0.715404286980629 -15.952525880932807 6.88
      vertex -0.4848326966166496 -15.58076877593994 6.88
    endloop
  endfacet
  facet normal 0 0 1
    outer loop
      vertex -0.4848326966166496 -15.58076877593994 6.88
      vertex -0.715404286980629 -15.952525880932807 6.88
      vertex -0.5847765728831291 -15.994180080294608 6.88
    endloop
  endfacet
  facet normal 0 0 1
    outer loop
      vertex -0.4848326966166496 -15.58076877593994 6.88
      vertex -0.5847765728831291 -15.994180080294608 6.88
      vertex -0.394305057823658 -15.611534816026687 6.88
    endloop
  endfacet
  facet normal 0 0 1
    outer loop
      vertex -0.394305057823658 -15.611534816026687 6.88
      vertex -0.5847765728831291 -15.994180080294608 6.88
      vertex -0.44636428356170654 -16.02657779753208 6.88
    endloop
  endfacet
  facet normal 0 0 1
    outer loop
      vertex -0.394305057823658 -15.611534816026687 6.88
      vertex -0.44636428356170654 -16.02657779753208 6.88
      vertex -0.2995167747139931 -15.635463957488536 6.88
    endloop
  endfacet
  facet normal 0 0 1
    outer loop
      vertex -0.44636428356170654 -16.02657779753208 6.88
      vertex -0.30016742646694183 -16.049719017744064 6.88
      vertex -0.2995167747139931 -15.635463957488536 6.88
    endloop
  endfacet
  facet normal 0 0 1
    outer loop
      vertex -0.2995167747139931 -15.635463957488536 6.88
      vertex -0.30016742646694183 -16.049719017744064 6.88
      vertex -0.20046783983707428 -15.652556207776069 6.88
    endloop
  endfacet
  facet normal 0 0 1
    outer loop
      vertex -0.20046783983707428 -15.652556207776069 6.88
      vertex -0.146186001598835 -16.063603755831718 6.88
      vertex -0.09715824574232101 -15.662811551988124 6.88
    endloop
  endfacet
  facet normal 0 0 1
    outer loop
      vertex -0.09715824574232101 -15.662811551988124 6.88
      vertex 0.01557999849319458 -16.068231996893882 6.88
      vertex 0.010412000119686127 -15.666229997575282 6.88
    endloop
  endfacet
  facet normal 0 0 1
    outer loop
      vertex -0.20046783983707428 -15.652556207776069 6.88
      vertex -0.30016742646694183 -16.049719017744064 6.88
      vertex -0.146186001598835 -16.063603755831718 6.88
    endloop
  endfacet
  facet normal 0 0 1
    outer loop
      vertex -0.09715824574232101 -15.662811551988124 6.88
      vertex -0.146186001598835 -16.063603755831718 6.88
      vertex 0.01557999849319458 -16.068231996893882 6.88
    endloop
  endfacet
  facet normal 0.90863663575992 0.4175876724172956 0
    outer loop
      vertex -1.5253959968686104 -15.168886002898216 6.88
      vertex -1.5253959968686104 -15.168886002898216 7.5
      vertex -1.4689117148518562 -15.291791182756423 6.88
    endloop
  endfacet
  facet normal 0.8689761649571066 0.49485394283206396 0
    outer loop
      vertex -1.4689117148518562 -15.291791182756423 6.88
      vertex -1.4689117148518562 -15.291791182756423 7.5
      vertex -1.404013141989708 -15.405754734575748 6.88
    endloop
  endfacet
  facet normal 0.8199739534244949 0.5724008348224209 0
    outer loop
      vertex -1.404013141989708 -15.405754734575748 6.88
      vertex -1.404013141989708 -15.405754734575748 7.5
      vertex -1.3307002857327461 -15.510776650905608 6.88
    endloop
  endfacet
  facet normal 0.3146032544184276 -0.9492232573580011 0
    outer loop
      vertex -1.5253959968686104 -15.168886002898216 6.88
      vertex -1.0589839965105057 -15.014301997423171 6.88
      vertex -1.0589839965105057 -15.014301997423171 7.5
    endloop
  endfacet
  facet normal -0.9125891668911382 -0.40887774758836937 0
    outer loop
      vertex -1.0589839965105057 -15.014301997423171 6.88
      vertex -1.0197765305638313 -15.101810571551322 6.88
      vertex -1.0197765305638313 -15.101810571551322 7.5
    endloop
  endfacet
  facet normal -0.8730632533571584 -0.4876069684053071 0
    outer loop
      vertex -1.0197765305638313 -15.101810571551322 6.88
      vertex -0.9743106961250305 -15.183217425644397 6.88
      vertex -0.9743106961250305 -15.183217425644397 7.5
    endloop
  endfacet
  facet normal -0.8242875736905019 -0.5661713484974541 0
    outer loop
      vertex -0.9743106961250305 -15.183217425644397 6.88
      vertex -0.9225864931941032 -15.258522574603557 6.88
      vertex -0.9225864931941032 -15.258522574603557 7.5
    endloop
  endfacet
  facet normal -0.7665132828823407 -0.6422284540293561 0
    outer loop
      vertex -0.9225864931941032 -15.258522574603557 6.88
      vertex -0.8646039217710495 -15.32772600352764 6.88
      vertex -0.8646039217710495 -15.32772600352764 7.5
    endloop
  endfacet
  facet normal -0.7007528308260073 -0.7134041421868373 0
    outer loop
      vertex -0.8646039217710495 -15.32772600352764 6.88
      vertex -0.8003629818558693 -15.390827712416648 6.88
      vertex -0.8003629818558693 -15.390827712416648 7.5
    endloop
  endfacet
  facet normal 0.7617088655949857 0.6479194425806345 0
    outer loop
      vertex -1.3307002857327461 -15.510776650905608 6.88
      vertex -1.3307002857327461 -15.510776650905608 7.5
      vertex -1.2489731460809708 -15.606856939196586 6.88
    endloop
  endfacet
  facet normal 0.6950300820559847 0.71898065692844 0
    outer loop
      vertex -1.2489731460809708 -15.606856939196586 6.88
      vertex -1.2489731460809708 -15.606856939196586 7.5
      vertex -1.1588317155838013 -15.6939955919981 6.88
    endloop
  endfacet
  facet normal 0.6215515248008044 0.7833732839571407 0
    outer loop
      vertex -1.1588317155838013 -15.6939955919981 6.88
      vertex -1.1588317155838013 -15.6939955919981 7.5
      vertex -1.0602760016918182 -15.77219260931015 6.88
    endloop
  endfacet
  facet normal 0.5434697717524514 0.8394287386022344 0
    outer loop
      vertex -1.0602760016918182 -15.77219260931015 6.88
      vertex -1.0602760016918182 -15.77219260931015 7.5
      vertex -0.9533059969544411 -15.841447998583316 6.88
    endloop
  endfacet
  facet normal 0.4633929229590831 0.8861529207486919 0
    outer loop
      vertex -0.9533059969544411 -15.841447998583316 6.88
      vertex -0.9533059969544411 -15.841447998583316 7.5
      vertex -0.8382474258542061 -15.901615184545516 6.88
    endloop
  endfacet
  facet normal 0.3828593176559215 0.9238066588220947 0
    outer loop
      vertex -0.8382474258542061 -15.901615184545516 6.88
      vertex -0.8382474258542061 -15.901615184545516 7.5
      vertex -0.715404286980629 -15.952525880932807 6.88
    endloop
  endfacet
  facet normal 0.3146032544184276 -0.9492232573580011 0
    outer loop
      vertex -1.5253959968686104 -15.168886002898216 6.88
      vertex -1.0589839965105057 -15.014301997423171 7.5
      vertex -1.5253959968686104 -15.168886002898216 7.5
    endloop
  endfacet
  facet normal 0.90863663575992 0.4175876724172956 0
    outer loop
      vertex -1.4689117148518562 -15.291791182756423 6.88
      vertex -1.5253959968686104 -15.168886002898216 7.5
      vertex -1.4689117148518562 -15.291791182756423 7.5
    endloop
  endfacet
  facet normal 0.8689761649571066 0.49485394283206396 0
    outer loop
      vertex -1.404013141989708 -15.405754734575748 6.88
      vertex -1.4689117148518562 -15.291791182756423 7.5
      vertex -1.404013141989708 -15.405754734575748 7.5
    endloop
  endfacet
  facet normal -0.9125891668911382 -0.40887774758836937 0
    outer loop
      vertex -1.0589839965105057 -15.014301997423171 6.88
      vertex -1.0197765305638313 -15.101810571551322 7.5
      vertex -1.0589839965105057 -15.014301997423171 7.5
    endloop
  endfacet
  facet normal -0.8730632533571584 -0.4876069684053071 0
    outer loop
      vertex -1.0197765305638313 -15.101810571551322 6.88
      vertex -0.9743106961250305 -15.183217425644397 7.5
      vertex -1.0197765305638313 -15.101810571551322 7.5
    endloop
  endfacet
  facet normal -0.8242875736905019 -0.5661713484974541 0
    outer loop
      vertex -0.9743106961250305 -15.183217425644397 6.88
      vertex -0.9225864931941032 -15.258522574603557 7.5
      vertex -0.9743106961250305 -15.183217425644397 7.5
    endloop
  endfacet
  facet normal -0.7665132828823407 -0.6422284540293561 0
    outer loop
      vertex -0.9225864931941032 -15.258522574603557 6.88
      vertex -0.8646039217710495 -15.32772600352764 7.5
      vertex -0.9225864931941032 -15.258522574603557 7.5
    endloop
  endfacet
  facet normal -0.7007528308260073 -0.7134041421868373 0
    outer loop
      vertex -0.8646039217710495 -15.32772600352764 6.88
      vertex -0.8003629818558693 -15.390827712416648 7.5
      vertex -0.8646039217710495 -15.32772600352764 7.5
    endloop
  endfacet
  facet normal 0.8199739534244949 0.5724008348224209 0
    outer loop
      vertex -1.3307002857327461 -15.510776650905608 6.88
      vertex -1.404013141989708 -15.405754734575748 7.5
      vertex -1.3307002857327461 -15.510776650905608 7.5
    endloop
  endfacet
  facet normal 0.7617088655949857 0.6479194425806345 0
    outer loop
      vertex -1.2489731460809708 -15.606856939196586 6.88
      vertex -1.3307002857327461 -15.510776650905608 7.5
      vertex -1.2489731460809708 -15.606856939196586 7.5
    endloop
  endfacet
  facet normal 0.6950300820559847 0.71898065692844 0
    outer loop
      vertex -1.1588317155838013 -15.6939955919981 6.88
      vertex -1.2489731460809708 -15.606856939196586 7.5
      vertex -1.1588317155838013 -15.6939955919981 7.5
    endloop
  endfacet
  facet normal 0.6215515248008044 0.7833732839571407 0
    outer loop
      vertex -1.0602760016918182 -15.77219260931015 6.88
      vertex -1.1588317155838013 -15.6939955919981 7.5
      vertex -1.0602760016918182 -15.77219260931015 7.5
    endloop
  endfacet
  facet normal 0.5434697717524514 0.8394287386022344 0
    outer loop
      vertex -0.9533059969544411 -15.841447998583316 6.88
      vertex -1.0602760016918182 -15.77219260931015 7.5
      vertex -0.9533059969544411 -15.841447998583316 7.5
    endloop
  endfacet
  facet normal 0.4633929229590831 0.8861529207486919 0
    outer loop
      vertex -0.8382474258542061 -15.901615184545516 6.88
      vertex -0.9533059969544411 -15.841447998583316 7.5
      vertex -0.8382474258542061 -15.901615184545516 7.5
    endloop
  endfacet
  facet normal -0.6287259041364562 -0.7776269912160944 0
    outer loop
      vertex -0.8003629818558693 -15.390827712416648 6.88
      vertex -0.7298636734485626 -15.44782771617174 6.88
      vertex -0.7298636734485626 -15.44782771617174 7.5
    endloop
  endfacet
  facet normal -0.5526426165255454 -0.8334183453703181 0
    outer loop
      vertex -0.7298636734485626 -15.44782771617174 6.88
      vertex -0.6531059965491295 -15.498725999891757 6.88
      vertex -0.6531059965491295 -15.498725999891757 7.5
    endloop
  endfacet
  facet normal -0.4764468266362422 -0.8792032878625139 0
    outer loop
      vertex -0.6531059965491295 -15.498725999891757 6.88
      vertex -0.5710996761918068 -15.543165837228297 6.88
      vertex -0.5710996761918068 -15.543165837228297 7.5
    endloop
  endfacet
  facet normal -0.39957991551109373 -0.9166983643053734 0
    outer loop
      vertex -0.5710996761918068 -15.543165837228297 6.88
      vertex -0.4848326966166496 -15.58076877593994 6.88
      vertex -0.4848326966166496 -15.58076877593994 7.5
    endloop
  endfacet
  facet normal -0.32177750634431074 -0.9468153127251572 0
    outer loop
      vertex -0.4848326966166496 -15.58076877593994 6.88
      vertex -0.394305057823658 -15.611534816026687 6.88
      vertex -0.394305057823658 -15.611534816026687 7.5
    endloop
  endfacet
  facet normal 0.3038052019990352 0.9527341702900791 0
    outer loop
      vertex -0.715404286980629 -15.952525880932807 6.88
      vertex -0.715404286980629 -15.952525880932807 7.5
      vertex -0.5847765728831291 -15.994180080294608 6.88
    endloop
  endfacet
  facet normal 0.22790682061417908 0.9736829469172892 0
    outer loop
      vertex -0.5847765728831291 -15.994180080294608 6.88
      vertex -0.5847765728831291 -15.994180080294608 7.5
      vertex -0.44636428356170654 -16.02657779753208 6.88
    endloop
  endfacet
  facet normal 0.15634162070997407 0.9877030412192617 0
    outer loop
      vertex -0.44636428356170654 -16.02657779753208 6.88
      vertex -0.44636428356170654 -16.02657779753208 7.5
      vertex -0.30016742646694183 -16.049719017744064 6.88
    endloop
  endfacet
  facet normal -0.24476917625162764 -0.9695813789244818 0
    outer loop
      vertex -0.394305057823658 -15.611534816026687 6.88
      vertex -0.2995167747139931 -15.635463957488536 6.88
      vertex -0.2995167747139931 -15.635463957488536 7.5
    endloop
  endfacet
  facet normal -0.17005036990382794 -0.9854353716482738 0
    outer loop
      vertex -0.2995167747139931 -15.635463957488536 6.88
      vertex -0.20046783983707428 -15.652556207776069 6.88
      vertex -0.20046783983707428 -15.652556207776069 7.5
    endloop
  endfacet
  facet normal -0.09878255596370412 -0.9951090425864281 0
    outer loop
      vertex -0.20046783983707428 -15.652556207776069 6.88
      vertex -0.09715824574232101 -15.662811551988124 6.88
      vertex -0.09715824574232101 -15.662811551988124 7.5
    endloop
  endfacet
  facet normal -0.03176269370069406 -0.9994954383532103 0
    outer loop
      vertex -0.09715824574232101 -15.662811551988124 6.88
      vertex 0.010412000119686127 -15.666229997575282 6.88
      vertex 0.010412000119686127 -15.666229997575282 7.5
    endloop
  endfacet
  facet normal 0.08980714583462837 0.9959591741417104 0
    outer loop
      vertex -0.30016742646694183 -16.049719017744064 6.88
      vertex -0.30016742646694183 -16.049719017744064 7.5
      vertex -0.146186001598835 -16.063603755831718 6.88
    endloop
  endfacet
  facet normal 0.02859901304949984 0.9995909645713064 0
    outer loop
      vertex -0.146186001598835 -16.063603755831718 6.88
      vertex -0.146186001598835 -16.063603755831718 7.5
      vertex 0.01557999849319458 -16.068231996893882 6.88
    endloop
  endfacet
  facet normal -0.6287259041364562 -0.7776269912160944 0
    outer loop
      vertex -0.8003629818558693 -15.390827712416648 6.88
      vertex -0.7298636734485626 -15.44782771617174 7.5
      vertex -0.8003629818558693 -15.390827712416648 7.5
    endloop
  endfacet
  facet normal -0.5526426165255454 -0.8334183453703181 0
    outer loop
      vertex -0.7298636734485626 -15.44782771617174 6.88
      vertex -0.6531059965491295 -15.498725999891757 7.5
      vertex -0.7298636734485626 -15.44782771617174 7.5
    endloop
  endfacet
  facet normal -0.4764468266362422 -0.8792032878625139 0
    outer loop
      vertex -0.6531059965491295 -15.498725999891757 6.88
      vertex -0.5710996761918068 -15.543165837228297 7.5
      vertex -0.6531059965491295 -15.498725999891757 7.5
    endloop
  endfacet
  facet normal -0.39957991551109373 -0.9166983643053734 0
    outer loop
      vertex -0.5710996761918068 -15.543165837228297 6.88
      vertex -0.4848326966166496 -15.58076877593994 7.5
      vertex -0.5710996761918068 -15.543165837228297 7.5
    endloop
  endfacet
  facet normal -0.32177750634431074 -0.9468153127251572 0
    outer loop
      vertex -0.4848326966166496 -15.58076877593994 6.88
      vertex -0.394305057823658 -15.611534816026687 7.5
      vertex -0.4848326966166496 -15.58076877593994 7.5
    endloop
  endfacet
  facet normal 0.3828593176559215 0.9238066588220947 0
    outer loop
      vertex -0.8382474258542061 -15.901615184545516 7.5
      vertex -0.715404286980629 -15.952525880932807 7.5
      vertex -0.715404286980629 -15.952525880932807 6.88
    endloop
  endfacet
  facet normal 0.3038052019990352 0.9527341702900791 0
    outer loop
      vertex -0.5847765728831291 -15.994180080294608 6.88
      vertex -0.715404286980629 -15.952525880932807 7.5
      vertex -0.5847765728831291 -15.994180080294608 7.5
    endloop
  endfacet
  facet normal 0.22790682061417908 0.9736829469172892 0
    outer loop
      vertex -0.44636428356170654 -16.02657779753208 6.88
      vertex -0.5847765728831291 -15.994180080294608 7.5
      vertex -0.44636428356170654 -16.02657779753208 7.5
    endloop
  endfacet
  facet normal -0.24476917625162764 -0.9695813789244818 0
    outer loop
      vertex -0.394305057823658 -15.611534816026687 6.88
      vertex -0.2995167747139931 -15.635463957488536 7.5
      vertex -0.394305057823658 -15.611534816026687 7.5
    endloop
  endfacet
  facet normal -0.17005036990382794 -0.9854353716482738 0
    outer loop
      vertex -0.2995167747139931 -15.635463957488536 6.88
      vertex -0.20046783983707428 -15.652556207776069 7.5
      vertex -0.2995167747139931 -15.635463957488536 7.5
    endloop
  endfacet
  facet normal -0.09878255596370412 -0.9951090425864281 0
    outer loop
      vertex -0.20046783983707428 -15.652556207776069 6.88
      vertex -0.09715824574232101 -15.662811551988124 7.5
      vertex -0.20046783983707428 -15.652556207776069 7.5
    endloop
  endfacet
  facet normal -0.03176269370069406 -0.9994954383532103 0
    outer loop
      vertex -0.09715824574232101 -15.662811551988124 6.88
      vertex 0.010412000119686127 -15.666229997575282 7.5
      vertex -0.09715824574232101 -15.662811551988124 7.5
    endloop
  endfacet
  facet normal 0.15634162070997407 0.9877030412192617 0
    outer loop
      vertex -0.30016742646694183 -16.049719017744064 6.88
      vertex -0.44636428356170654 -16.02657779753208 7.5
      vertex -0.30016742646694183 -16.049719017744064 7.5
    endloop
  endfacet
  facet normal 0.08980714583462837 0.9959591741417104 0
    outer loop
      vertex -0.146186001598835 -16.063603755831718 6.88
      vertex -0.30016742646694183 -16.049719017744064 7.5
      vertex -0.146186001598835 -16.063603755831718 7.5
    endloop
  endfacet
  facet normal 0.02859901304949984 0.9995909645713064 0
    outer loop
      vertex -0.146186001598835 -16.063603755831718 7.5
      vertex 0.01557999849319458 -16.068231996893882 7.5
      vertex 0.01557999849319458 -16.068231996893882 6.88
    endloop
  endfacet
  facet normal 0 0 1
    outer loop
      vertex 0.012996003031730652 -12.331768003106117 6.88
      vertex 0.15487094223499298 -12.744598445296287 6.88
      vertex 0.1667928546667099 -12.336421836912631 6.88
    endloop
  endfacet
  facet normal 0 0 1
    outer loop
      vertex -0.010183997452259064 -12.736315999925136 6.88
      vertex 0.15487094223499298 -12.744598445296287 6.88
      vertex 0.012996003031730652 -12.331768003106117 6.88
    endloop
  endfacet
  facet normal 0 0 1
    outer loop
      vertex 0.1667928546667099 -12.336421836912631 6.88
      vertex 0.15487094223499298 -12.744598445296287 6.88
      vertex 0.3145422860980034 -12.350383345782756 6.88
    endloop
  endfacet
  facet normal 0 0 1
    outer loop
      vertex 0.3145422860980034 -12.350383345782756 6.88
      vertex 0.30988147109746933 -12.769445796310901 6.88
      vertex 0.4562442824244499 -12.373652529716491 6.88
    endloop
  endfacet
  facet normal 0 0 1
    outer loop
      vertex 0.3145422860980034 -12.350383345782756 6.88
      vertex 0.15487094223499298 -12.744598445296287 6.88
      vertex 0.30988147109746933 -12.769445796310901 6.88
    endloop
  endfacet
  facet normal 0 0 1
    outer loop
      vertex 0.4562442824244499 -12.373652529716491 6.88
      vertex 0.30988147109746933 -12.769445796310901 6.88
      vertex 0.45484758913517 -12.810858038067817 6.88
    endloop
  endfacet
  facet normal 0 0 1
    outer loop
      vertex 0.4562442824244499 -12.373652529716491 6.88
      vertex 0.45484758913517 -12.810858038067817 6.88
      vertex 0.5918988585472107 -12.406229388713836 6.88
    endloop
  endfacet
  facet normal 0 0 1
    outer loop
      vertex 0.5918988585472107 -12.406229388713836 6.88
      vertex 0.45484758913517 -12.810858038067817 6.88
      vertex 0.7215059995651245 -12.44811391532421 6.88
    endloop
  endfacet
  facet normal 0 0 1
    outer loop
      vertex 0.7215059995651245 -12.44811391532421 6.88
      vertex 0.45484758913517 -12.810858038067817 6.88
      vertex 0.5897693037986755 -12.868835185468196 6.88
    endloop
  endfacet
  facet normal 0 0 1
    outer loop
      vertex 0.7215059995651245 -12.44811391532421 6.88
      vertex 0.5897693037986755 -12.868835185468196 6.88
      vertex 0.845065712928772 -12.499306124448776 6.88
    endloop
  endfacet
  facet normal 0 0 1
    outer loop
      vertex 0.845065712928772 -12.499306124448776 6.88
      vertex 0.714646615087986 -12.943377223610877 6.88
      vertex 0.9625779986381531 -12.55980600118637 6.88
    endloop
  endfacet
  facet normal 0 0 1
    outer loop
      vertex 0.9625779986381531 -12.55980600118637 6.88
      vertex 0.714646615087986 -12.943377223610877 6.88
      vertex 1.0731750577688217 -12.628966775536536 6.88
    endloop
  endfacet
  facet normal 0 0 1
    outer loop
      vertex 0.845065712928772 -12.499306124448776 6.88
      vertex 0.5897693037986755 -12.868835185468196 6.88
      vertex 0.714646615087986 -12.943377223610877 6.88
    endloop
  endfacet
  facet normal 0 0 1
    outer loop
      vertex 1.0731750577688217 -12.628966775536536 6.88
      vertex 0.714646615087986 -12.943377223610877 6.88
      vertex 0.8294795081019402 -13.034484159946441 6.88
    endloop
  endfacet
  facet normal 0 0 1
    outer loop
      vertex 1.0731750577688217 -12.628966775536536 6.88
      vertex 0.8294795081019402 -13.034484159946441 6.88
      vertex 1.1759890988469124 -12.706119959056377 6.88
    endloop
  endfacet
  facet normal 0 0 1
    outer loop
      vertex 1.1759890988469124 -12.706119959056377 6.88
      vertex 0.9342679977416992 -13.142156001925468 6.88
      vertex 1.271020121872425 -12.79126555174589 6.88
    endloop
  endfacet
  facet normal 0 0 1
    outer loop
      vertex 1.1759890988469124 -12.706119959056377 6.88
      vertex 0.8294795081019402 -13.034484159946441 6.88
      vertex 0.9342679977416992 -13.142156001925468 6.88
    endloop
  endfacet
  facet normal 0 0 1
    outer loop
      vertex 0.9342679977416992 -13.142156001925468 6.88
      vertex 1.0268980413675308 -13.26345897912979 6.88
      vertex 1.3582681193947792 -12.884403553605079 6.88
    endloop
  endfacet
  facet normal 0 0 1
    outer loop
      vertex 0.9342679977416992 -13.142156001925468 6.88
      vertex 1.3582681193947792 -12.884403553605079 6.88
      vertex 1.271020121872425 -12.79126555174589 6.88
    endloop
  endfacet
  facet normal 0 0 1
    outer loop
      vertex 1.0268980413675308 -13.26345897912979 6.88
      vertex 1.4377330988645554 -12.98553395718336 6.88
      vertex 1.3582681193947792 -12.884403553605079 6.88
    endloop
  endfacet
  facet normal 0 0 1
    outer loop
      vertex 1.0268980413675308 -13.26345897912979 6.88
      vertex 1.5094150602817535 -13.094656777381896 6.88
      vertex 1.4377330988645554 -12.98553395718336 6.88
    endloop
  endfacet
  facet normal 0 0 1
    outer loop
      vertex 1.0268980413675308 -13.26345897912979 6.88
      vertex 1.105277307331562 -13.395437632501125 6.88
      vertex 1.5094150602817535 -13.094656777381896 6.88
    endloop
  endfacet
  facet normal 0 0 1
    outer loop
      vertex 1.105277307331562 -13.395437632501125 6.88
      vertex 1.1694057956337929 -13.53809196203947 6.88
      vertex 1.5733140036463737 -13.211771999299526 6.88
    endloop
  endfacet
  facet normal 0 0 1
    outer loop
      vertex 1.1694057956337929 -13.53809196203947 6.88
      vertex 1.219283513724804 -13.691421960294246 6.88
      vertex 1.6761652678251266 -13.466722530126571 6.88
    endloop
  endfacet
  facet normal 0 0 1
    outer loop
      vertex 1.105277307331562 -13.395437632501125 6.88
      vertex 1.5733140036463737 -13.211771999299526 6.88
      vertex 1.5094150602817535 -13.094656777381896 6.88
    endloop
  endfacet
  facet normal 0 0 1
    outer loop
      vertex 1.1694057956337929 -13.53809196203947 6.88
      vertex 1.6290251016616821 -13.33606534898281 6.88
      vertex 1.5733140036463737 -13.211771999299526 6.88
    endloop
  endfacet
  facet normal 0 0 1
    outer loop
      vertex 1.1694057956337929 -13.53809196203947 6.88
      vertex 1.6761652678251266 -13.466722530126571 6.88
      vertex 1.6290251016616821 -13.33606534898281 6.88
    endloop
  endfacet
  facet normal 0 0 1
    outer loop
      vertex 1.219283513724804 -13.691421960294246 6.88
      vertex 1.7147344872355461 -13.603743550181388 6.88
      vertex 1.6761652678251266 -13.466722530126571 6.88
    endloop
  endfacet
  facet normal 0 0 1
    outer loop
      vertex 1.219283513724804 -13.691421960294246 6.88
      vertex 1.254910446703434 -13.855427634716033 6.88
      vertex 1.7147344872355461 -13.603743550181388 6.88
    endloop
  endfacet
  facet normal 0 0 1
    outer loop
      vertex 1.254910446703434 -13.855427634716033 6.88
      vertex 1.2762866094708443 -14.030108977854251 6.88
      vertex 1.7661601230502129 -13.896877099573612 6.88
    endloop
  endfacet
  facet normal 0 0 1
    outer loop
      vertex 1.2762866094708443 -14.030108977854251 6.88
      vertex 1.2834120020270348 -14.21546599715948 6.88
      vertex 1.7790165320038795 -14.052989636361598 6.88
    endloop
  endfacet
  facet normal 0 0 1
    outer loop
      vertex 1.2834120020270348 -14.21546599715948 6.88
      vertex 1.2765758782625198 -14.402500447630882 6.88
      vertex 1.7833020016551018 -14.21546599715948 6.88
    endloop
  endfacet
  facet normal 0 0 1
    outer loop
      vertex 1.2765758782625198 -14.402500447630882 6.88
      vertex 1.256067506968975 -14.577806082367896 6.88
      vertex 1.7737314254045486 -14.455905956029891 6.88
    endloop
  endfacet
  facet normal -0.030245772853338897 -0.9995424919554466 0
    outer loop
      vertex 0.012996003031730652 -12.331768003106117 6.88
      vertex 0.1667928546667099 -12.336421836912631 6.88
      vertex 0.1667928546667099 -12.336421836912631 7.5
    endloop
  endfacet
  facet normal -0.09407542527438159 -0.9955650728904888 0
    outer loop
      vertex 0.1667928546667099 -12.336421836912631 6.88
      vertex 0.3145422860980034 -12.350383345782756 6.88
      vertex 0.3145422860980034 -12.350383345782756 7.5
    endloop
  endfacet
  facet normal -0.16204186461385883 -0.9867838841977832 0
    outer loop
      vertex 0.3145422860980034 -12.350383345782756 6.88
      vertex 0.4562442824244499 -12.373652529716491 6.88
      vertex 0.4562442824244499 -12.373652529716491 7.5
    endloop
  endfacet
  facet normal -0.23350687844133952 -0.972355149994374 0
    outer loop
      vertex 0.4562442824244499 -12.373652529716491 6.88
      vertex 0.5918988585472107 -12.406229388713836 6.88
      vertex 0.5918988585472107 -12.406229388713836 7.5
    endloop
  endfacet
  facet normal -0.30750660213413444 -0.9515459472058714 0
    outer loop
      vertex 0.5918988585472107 -12.406229388713836 6.88
      vertex 0.7215059995651245 -12.44811391532421 6.88
      vertex 0.7215059995651245 -12.44811391532421 7.5
    endloop
  endfacet
  facet normal -0.030245772853338897 -0.9995424919554466 0
    outer loop
      vertex 0.012996003031730652 -12.331768003106117 6.88
      vertex 0.1667928546667099 -12.336421836912631 7.5
      vertex 0.012996003031730652 -12.331768003106117 7.5
    endloop
  endfacet
  facet normal -0.09407542527438159 -0.9955650728904888 0
    outer loop
      vertex 0.1667928546667099 -12.336421836912631 6.88
      vertex 0.3145422860980034 -12.350383345782756 7.5
      vertex 0.1667928546667099 -12.336421836912631 7.5
    endloop
  endfacet
  facet normal -0.16204186461385883 -0.9867838841977832 0
    outer loop
      vertex 0.3145422860980034 -12.350383345782756 6.88
      vertex 0.4562442824244499 -12.373652529716491 7.5
      vertex 0.3145422860980034 -12.350383345782756 7.5
    endloop
  endfacet
  facet normal -0.23350687844133952 -0.972355149994374 0
    outer loop
      vertex 0.4562442824244499 -12.373652529716491 6.88
      vertex 0.5918988585472107 -12.406229388713836 7.5
      vertex 0.4562442824244499 -12.373652529716491 7.5
    endloop
  endfacet
  facet normal -0.30750660213413444 -0.9515459472058714 0
    outer loop
      vertex 0.5918988585472107 -12.406229388713836 6.88
      vertex 0.7215059995651245 -12.44811391532421 7.5
      vertex 0.5918988585472107 -12.406229388713836 7.5
    endloop
  endfacet
  facet normal -0.3827606533010735 -0.9238475427712818 0
    outer loop
      vertex 0.7215059995651245 -12.44811391532421 6.88
      vertex 0.845065712928772 -12.499306124448776 7.5
      vertex 0.7215059995651245 -12.44811391532421 7.5
    endloop
  endfacet
  facet normal -0.3827606533010735 -0.9238475427712818 0
    outer loop
      vertex 0.7215059995651245 -12.44811391532421 6.88
      vertex 0.845065712928772 -12.499306124448776 6.88
      vertex 0.845065712928772 -12.499306124448776 7.5
    endloop
  endfacet
  facet normal -0.4577368099768414 -0.8890877418974041 0
    outer loop
      vertex 0.845065712928772 -12.499306124448776 6.88
      vertex 0.9625779986381531 -12.55980600118637 6.88
      vertex 0.9625779986381531 -12.55980600118637 7.5
    endloop
  endfacet
  facet normal -0.5302062750733448 -0.847868684333163 0
    outer loop
      vertex 0.9625779986381531 -12.55980600118637 6.88
      vertex 1.0731750577688217 -12.628966775536536 6.88
      vertex 1.0731750577688217 -12.628966775536536 7.5
    endloop
  endfacet
  facet normal -0.6002123412907985 -0.7998406999910781 0
    outer loop
      vertex 1.0731750577688217 -12.628966775536536 6.88
      vertex 1.1759890988469124 -12.706119959056377 6.88
      vertex 1.1759890988469124 -12.706119959056377 7.5
    endloop
  endfacet
  facet normal -0.4577368099768414 -0.8890877418974041 0
    outer loop
      vertex 0.845065712928772 -12.499306124448776 6.88
      vertex 0.9625779986381531 -12.55980600118637 7.5
      vertex 0.845065712928772 -12.499306124448776 7.5
    endloop
  endfacet
  facet normal -0.5302062750733448 -0.847868684333163 0
    outer loop
      vertex 0.9625779986381531 -12.55980600118637 6.88
      vertex 1.0731750577688217 -12.628966775536536 7.5
      vertex 0.9625779986381531 -12.55980600118637 7.5
    endloop
  endfacet
  facet normal -0.6002123412907985 -0.7998406999910781 0
    outer loop
      vertex 1.0731750577688217 -12.628966775536536 6.88
      vertex 1.1759890988469124 -12.706119959056377 7.5
      vertex 1.0731750577688217 -12.628966775536536 7.5
    endloop
  endfacet
  facet normal 0.05011687220373993 0.9987433599881974 0
    outer loop
      vertex -0.010183997452259064 -12.736315999925136 6.88
      vertex -0.010183997452259064 -12.736315999925136 7.5
      vertex 0.15487094223499298 -12.744598445296287 6.88
    endloop
  endfacet
  facet normal 0.15827412222869705 0.9873952107604813 0
    outer loop
      vertex 0.15487094223499298 -12.744598445296287 6.88
      vertex 0.15487094223499298 -12.744598445296287 7.5
      vertex 0.30988147109746933 -12.769445796310901 6.88
    endloop
  endfacet
  facet normal 0.2746803537130739 0.9615355964726738 0
    outer loop
      vertex 0.30988147109746933 -12.769445796310901 6.88
      vertex 0.30988147109746933 -12.769445796310901 7.5
      vertex 0.45484758913517 -12.810858038067817 6.88
    endloop
  endfacet
  facet normal 0.39480251431605445 0.9187660064944293 0
    outer loop
      vertex 0.45484758913517 -12.810858038067817 6.88
      vertex 0.45484758913517 -12.810858038067817 7.5
      vertex 0.5897693037986755 -12.868835185468196 6.88
    endloop
  endfacet
  facet normal 0.5125512122668118 0.8586566571126214 0
    outer loop
      vertex 0.5897693037986755 -12.868835185468196 6.88
      vertex 0.5897693037986755 -12.868835185468196 7.5
      vertex 0.714646615087986 -12.943377223610877 6.88
    endloop
  endfacet
  facet normal 0.621531110710354 0.7833894806666437 0
    outer loop
      vertex 0.714646615087986 -12.943377223610877 6.88
      vertex 0.714646615087986 -12.943377223610877 7.5
      vertex 0.8294795081019402 -13.034484159946441 6.88
    endloop
  endfacet
  facet normal 0.05011687220373993 0.9987433599881974 0
    outer loop
      vertex -0.010183997452259064 -12.736315999925136 7.5
      vertex 0.15487094223499298 -12.744598445296287 7.5
      vertex 0.15487094223499298 -12.744598445296287 6.88
    endloop
  endfacet
  facet normal 0.15827412222869705 0.9873952107604813 0
    outer loop
      vertex 0.30988147109746933 -12.769445796310901 6.88
      vertex 0.15487094223499298 -12.744598445296287 7.5
      vertex 0.30988147109746933 -12.769445796310901 7.5
    endloop
  endfacet
  facet normal 0.2746803537130739 0.9615355964726738 0
    outer loop
      vertex 0.45484758913517 -12.810858038067817 6.88
      vertex 0.30988147109746933 -12.769445796310901 7.5
      vertex 0.45484758913517 -12.810858038067817 7.5
    endloop
  endfacet
  facet normal 0.39480251431605445 0.9187660064944293 0
    outer loop
      vertex 0.5897693037986755 -12.868835185468196 6.88
      vertex 0.45484758913517 -12.810858038067817 7.5
      vertex 0.5897693037986755 -12.868835185468196 7.5
    endloop
  endfacet
  facet normal 0.5125512122668118 0.8586566571126214 0
    outer loop
      vertex 0.714646615087986 -12.943377223610877 6.88
      vertex 0.5897693037986755 -12.868835185468196 7.5
      vertex 0.714646615087986 -12.943377223610877 7.5
    endloop
  endfacet
  facet normal 0.7166371126472854 0.6974462336098475 0
    outer loop
      vertex 0.8294795081019402 -13.034484159946441 6.88
      vertex 0.8294795081019402 -13.034484159946441 7.5
      vertex 0.9342679977416992 -13.142156001925468 6.88
    endloop
  endfacet
  facet normal 0.7947719880793306 0.6069081371710452 0
    outer loop
      vertex 0.9342679977416992 -13.142156001925468 6.88
      vertex 0.9342679977416992 -13.142156001925468 7.5
      vertex 1.0268980413675308 -13.26345897912979 6.88
    endloop
  endfacet
  facet normal 0.8598062917751549 0.5106203488149069 0
    outer loop
      vertex 1.0268980413675308 -13.26345897912979 6.88
      vertex 1.0268980413675308 -13.26345897912979 7.5
      vertex 1.105277307331562 -13.395437632501125 6.88
    endloop
  endfacet
  facet normal 0.9120792554094557 0.4100139410455857 0
    outer loop
      vertex 1.105277307331562 -13.395437632501125 6.88
      vertex 1.105277307331562 -13.395437632501125 7.5
      vertex 1.1694057956337929 -13.53809196203947 6.88
    endloop
  endfacet
  facet normal -0.6673076018543949 -0.7447822262294772 0
    outer loop
      vertex 1.1759890988469124 -12.706119959056377 6.88
      vertex 1.271020121872425 -12.79126555174589 6.88
      vertex 1.271020121872425 -12.79126555174589 7.5
    endloop
  endfacet
  facet normal -0.7298064468531517 -0.6836538233138011 0
    outer loop
      vertex 1.271020121872425 -12.79126555174589 6.88
      vertex 1.3582681193947792 -12.884403553605079 6.88
      vertex 1.3582681193947792 -12.884403553605079 7.5
    endloop
  endfacet
  facet normal -0.786298029827799 -0.6178473988687835 0
    outer loop
      vertex 1.3582681193947792 -12.884403553605079 6.88
      vertex 1.4377330988645554 -12.98553395718336 6.88
      vertex 1.4377330988645554 -12.98553395718336 7.5
    endloop
  endfacet
  facet normal -0.8358015045341933 -0.5490317340722474 0
    outer loop
      vertex 1.4377330988645554 -12.98553395718336 6.88
      vertex 1.5094150602817535 -13.094656777381896 6.88
      vertex 1.5094150602817535 -13.094656777381896 7.5
    endloop
  endfacet
  facet normal -0.8778391225642206 -0.4789556084812866 0
    outer loop
      vertex 1.5094150602817535 -13.094656777381896 6.88
      vertex 1.5733140036463737 -13.211771999299526 6.88
      vertex 1.5733140036463737 -13.211771999299526 7.5
    endloop
  endfacet
  facet normal 0.9509511413644428 0.30934111711452694 0
    outer loop
      vertex 1.1694057956337929 -13.53809196203947 6.88
      vertex 1.1694057956337929 -13.53809196203947 7.5
      vertex 1.219283513724804 -13.691421960294246 6.88
    endloop
  endfacet
  facet normal 0.9772090972793953 0.21227901496471407 0
    outer loop
      vertex 1.219283513724804 -13.691421960294246 6.88
      vertex 1.219283513724804 -13.691421960294246 7.5
      vertex 1.254910446703434 -13.855427634716033 6.88
    endloop
  endfacet
  facet normal 0.9925955645499267 0.12146623084549973 0
    outer loop
      vertex 1.254910446703434 -13.855427634716033 6.88
      vertex 1.254910446703434 -13.855427634716033 7.5
      vertex 1.2762866094708443 -14.030108977854251 6.88
    endloop
  endfacet
  facet normal 0.9992619453597068 0.03841307792841495 0
    outer loop
      vertex 1.2762866094708443 -14.030108977854251 6.88
      vertex 1.2762866094708443 -14.030108977854251 7.5
      vertex 1.2834120020270348 -14.21546599715948 6.88
    endloop
  endfacet
  facet normal 0.9993327143967833 -0.036525688718451604 0
    outer loop
      vertex 1.2834120020270348 -14.21546599715948 6.88
      vertex 1.2834120020270348 -14.21546599715948 7.5
      vertex 1.2765758782625198 -14.402500447630882 6.88
    endloop
  endfacet
  facet normal 0.9932265401256529 -0.11619397570452902 0
    outer loop
      vertex 1.2765758782625198 -14.402500447630882 6.88
      vertex 1.2765758782625198 -14.402500447630882 7.5
      vertex 1.256067506968975 -14.577806082367896 6.88
    endloop
  endfacet
  facet normal 0.621531110710354 0.7833894806666437 0
    outer loop
      vertex 0.714646615087986 -12.943377223610877 7.5
      vertex 0.8294795081019402 -13.034484159946441 7.5
      vertex 0.8294795081019402 -13.034484159946441 6.88
    endloop
  endfacet
  facet normal 0.7166371126472854 0.6974462336098475 0
    outer loop
      vertex 0.9342679977416992 -13.142156001925468 6.88
      vertex 0.8294795081019402 -13.034484159946441 7.5
      vertex 0.9342679977416992 -13.142156001925468 7.5
    endloop
  endfacet
  facet normal 0.7947719880793306 0.6069081371710452 0
    outer loop
      vertex 1.0268980413675308 -13.26345897912979 6.88
      vertex 0.9342679977416992 -13.142156001925468 7.5
      vertex 1.0268980413675308 -13.26345897912979 7.5
    endloop
  endfacet
  facet normal 0.8598062917751549 0.5106203488149069 0
    outer loop
      vertex 1.105277307331562 -13.395437632501125 6.88
      vertex 1.0268980413675308 -13.26345897912979 7.5
      vertex 1.105277307331562 -13.395437632501125 7.5
    endloop
  endfacet
  facet normal 0.9120792554094557 0.4100139410455857 0
    outer loop
      vertex 1.1694057956337929 -13.53809196203947 6.88
      vertex 1.105277307331562 -13.395437632501125 7.5
      vertex 1.1694057956337929 -13.53809196203947 7.5
    endloop
  endfacet
  facet normal -0.6673076018543949 -0.7447822262294772 0
    outer loop
      vertex 1.1759890988469124 -12.706119959056377 6.88
      vertex 1.271020121872425 -12.79126555174589 7.5
      vertex 1.1759890988469124 -12.706119959056377 7.5
    endloop
  endfacet
  facet normal -0.7298064468531517 -0.6836538233138011 0
    outer loop
      vertex 1.271020121872425 -12.79126555174589 6.88
      vertex 1.3582681193947792 -12.884403553605079 7.5
      vertex 1.271020121872425 -12.79126555174589 7.5
    endloop
  endfacet
  facet normal -0.786298029827799 -0.6178473988687835 0
    outer loop
      vertex 1.3582681193947792 -12.884403553605079 6.88
      vertex 1.4377330988645554 -12.98553395718336 7.5
      vertex 1.3582681193947792 -12.884403553605079 7.5
    endloop
  endfacet
  facet normal -0.8358015045341933 -0.5490317340722474 0
    outer loop
      vertex 1.4377330988645554 -12.98553395718336 6.88
      vertex 1.5094150602817535 -13.094656777381896 7.5
      vertex 1.4377330988645554 -12.98553395718336 7.5
    endloop
  endfacet
  facet normal -0.8778391225642206 -0.4789556084812866 0
    outer loop
      vertex 1.5094150602817535 -13.094656777381896 6.88
      vertex 1.5733140036463737 -13.211771999299526 7.5
      vertex 1.5094150602817535 -13.094656777381896 7.5
    endloop
  endfacet
  facet normal 0.9509511413644428 0.30934111711452694 0
    outer loop
      vertex 1.219283513724804 -13.691421960294246 6.88
      vertex 1.1694057956337929 -13.53809196203947 7.5
      vertex 1.219283513724804 -13.691421960294246 7.5
    endloop
  endfacet
  facet normal 0.9772090972793953 0.21227901496471407 0
    outer loop
      vertex 1.254910446703434 -13.855427634716033 6.88
      vertex 1.219283513724804 -13.691421960294246 7.5
      vertex 1.254910446703434 -13.855427634716033 7.5
    endloop
  endfacet
  facet normal 0.9925955645499267 0.12146623084549973 0
    outer loop
      vertex 1.2762866094708443 -14.030108977854251 6.88
      vertex 1.254910446703434 -13.855427634716033 7.5
      vertex 1.2762866094708443 -14.030108977854251 7.5
    endloop
  endfacet
  facet normal 0.9992619453597068 0.03841307792841495 0
    outer loop
      vertex 1.2834120020270348 -14.21546599715948 6.88
      vertex 1.2762866094708443 -14.030108977854251 7.5
      vertex 1.2834120020270348 -14.21546599715948 7.5
    endloop
  endfacet
  facet normal 0.9932265401256529 -0.11619397570452902 0
    outer loop
      vertex 1.2765758782625198 -14.402500447630882 7.5
      vertex 1.256067506968975 -14.577806082367896 7.5
      vertex 1.256067506968975 -14.577806082367896 6.88
    endloop
  endfacet
  facet normal 0.9993327143967833 -0.036525688718451604 0
    outer loop
      vertex 1.2765758782625198 -14.402500447630882 6.88
      vertex 1.2834120020270348 -14.21546599715948 7.5
      vertex 1.2765758782625198 -14.402500447630882 7.5
    endloop
  endfacet
  facet normal 0 0 1
    outer loop
      vertex 1.254910446703434 -13.855427634716033 6.88
      vertex 1.7447327747941017 -13.747128409147262 6.88
      vertex 1.7147344872355461 -13.603743550181388 6.88
    endloop
  endfacet
  facet normal 0 0 1
    outer loop
      vertex 1.254910446703434 -13.855427634716033 6.88
      vertex 1.7661601230502129 -13.896877099573612 6.88
      vertex 1.7447327747941017 -13.747128409147262 6.88
    endloop
  endfacet
  facet normal 0 0 1
    outer loop
      vertex 1.2762866094708443 -14.030108977854251 6.88
      vertex 1.7790165320038795 -14.052989636361598 6.88
      vertex 1.7661601230502129 -13.896877099573612 6.88
    endloop
  endfacet
  facet normal 0 0 1
    outer loop
      vertex 1.2834120020270348 -14.21546599715948 6.88
      vertex 1.7833020016551018 -14.21546599715948 6.88
      vertex 1.7790165320038795 -14.052989636361598 6.88
    endloop
  endfacet
  facet normal 0 0 1
    outer loop
      vertex 1.2765758782625198 -14.402500447630882 6.88
      vertex 1.7737314254045486 -14.455905956029891 6.88
      vertex 1.7833020016551018 -14.21546599715948 6.88
    endloop
  endfacet
  facet normal -0.9125274391032832 -0.4090154922293333 0
    outer loop
      vertex 1.5733140036463737 -13.211771999299526 6.88
      vertex 1.6290251016616821 -13.33606534898281 6.88
      vertex 1.6290251016616821 -13.33606534898281 7.5
    endloop
  endfacet
  facet normal -0.940649522364733 -0.33937954575224455 0
    outer loop
      vertex 1.6290251016616821 -13.33606534898281 6.88
      vertex 1.6761652678251266 -13.466722530126571 6.88
      vertex 1.6761652678251266 -13.466722530126571 7.5
    endloop
  endfacet
  facet normal -0.9625922206151739 -0.270954270701069 0
    outer loop
      vertex 1.6761652678251266 -13.466722530126571 6.88
      vertex 1.7147344872355461 -13.603743550181388 6.88
      vertex 1.7147344872355461 -13.603743550181388 7.5
    endloop
  endfacet
  facet normal -0.9788077278702628 -0.2047814246006059 0
    outer loop
      vertex 1.7147344872355461 -13.603743550181388 6.88
      vertex 1.7447327747941017 -13.747128409147262 6.88
      vertex 1.7447327747941017 -13.747128409147262 7.5
    endloop
  endfacet
  facet normal -0.9899173744218956 -0.1416460088306776 0
    outer loop
      vertex 1.7447327747941017 -13.747128409147262 6.88
      vertex 1.7661601230502129 -13.896877099573612 6.88
      vertex 1.7661601230502129 -13.896877099573612 7.5
    endloop
  endfacet
  facet normal -0.9966261049626524 -0.08207561700634534 0
    outer loop
      vertex 1.7661601230502129 -13.896877099573612 6.88
      vertex 1.7790165320038795 -14.052989636361598 6.88
      vertex 1.7790165320038795 -14.052989636361598 7.5
    endloop
  endfacet
  facet normal -0.9996523358122418 -0.026366787918311232 0
    outer loop
      vertex 1.7790165320038795 -14.052989636361598 6.88
      vertex 1.7833020016551018 -14.21546599715948 6.88
      vertex 1.7833020016551018 -14.21546599715948 7.5
    endloop
  endfacet
  facet normal -0.9992087436755586 0.039772937562015095 0
    outer loop
      vertex 1.7833020016551018 -14.21546599715948 6.88
      vertex 1.7737314254045486 -14.455905956029891 6.88
      vertex 1.7737314254045486 -14.455905956029891 7.5
    endloop
  endfacet
  facet normal -0.9125274391032832 -0.4090154922293333 0
    outer loop
      vertex 1.5733140036463737 -13.211771999299526 6.88
      vertex 1.6290251016616821 -13.33606534898281 7.5
      vertex 1.5733140036463737 -13.211771999299526 7.5
    endloop
  endfacet
  facet normal -0.940649522364733 -0.33937954575224455 0
    outer loop
      vertex 1.6290251016616821 -13.33606534898281 6.88
      vertex 1.6761652678251266 -13.466722530126571 7.5
      vertex 1.6290251016616821 -13.33606534898281 7.5
    endloop
  endfacet
  facet normal -0.9625922206151739 -0.270954270701069 0
    outer loop
      vertex 1.6761652678251266 -13.466722530126571 6.88
      vertex 1.7147344872355461 -13.603743550181388 7.5
      vertex 1.6761652678251266 -13.466722530126571 7.5
    endloop
  endfacet
  facet normal -0.9788077278702628 -0.2047814246006059 0
    outer loop
      vertex 1.7147344872355461 -13.603743550181388 6.88
      vertex 1.7447327747941017 -13.747128409147262 7.5
      vertex 1.7147344872355461 -13.603743550181388 7.5
    endloop
  endfacet
  facet normal -0.9899173744218956 -0.1416460088306776 0
    outer loop
      vertex 1.7447327747941017 -13.747128409147262 6.88
      vertex 1.7661601230502129 -13.896877099573612 7.5
      vertex 1.7447327747941017 -13.747128409147262 7.5
    endloop
  endfacet
  facet normal -0.9966261049626524 -0.08207561700634534 0
    outer loop
      vertex 1.7661601230502129 -13.896877099573612 6.88
      vertex 1.7790165320038795 -14.052989636361598 7.5
      vertex 1.7661601230502129 -13.896877099573612 7.5
    endloop
  endfacet
  facet normal -0.9996523358122418 -0.026366787918311232 0
    outer loop
      vertex 1.7790165320038795 -14.052989636361598 6.88
      vertex 1.7833020016551018 -14.21546599715948 7.5
      vertex 1.7790165320038795 -14.052989636361598 7.5
    endloop
  endfacet
  facet normal -0.9992087436755586 0.039772937562015095 0
    outer loop
      vertex 1.7833020016551018 -14.21546599715948 6.88
      vertex 1.7737314254045486 -14.455905956029891 7.5
      vertex 1.7833020016551018 -14.21546599715948 7.5
    endloop
  endfacet
  facet normal -0.9919621338206127 0.12653507444995918 0
    outer loop
      vertex 1.7737314254045486 -14.455905956029891 6.88
      vertex 1.7450197115540504 -14.680989262461662 7.5
      vertex 1.7737314254045486 -14.455905956029891 7.5
    endloop
  endfacet
  facet normal 0.9258686075425084 -0.37784563192829984 0
    outer loop
      vertex 3.556457996368408 -12.383296002447604 6.88
      vertex 3.556457996368408 -12.383296002447604 7.5
      vertex 2.0747240036726 -16.01412000209093 6.88
    endloop
  endfacet
  facet normal 0 0 1
    outer loop
      vertex 3.556457996368408 -12.383296002447604 6.88
      vertex 3.808968000113964 -12.816230003535747 6.88
      vertex 4.066646002233028 -12.383296002447604 6.88
    endloop
  endfacet
  facet normal 0 0 1
    outer loop
      vertex 3.556457996368408 -12.383296002447604 6.88
      vertex 2.0747240036726 -16.01412000209093 6.88
      vertex 3.808968000113964 -12.816230003535747 6.88
    endloop
  endfacet
  facet normal 0 0 1
    outer loop
      vertex 3.808968000113964 -12.816230003535747 6.88
      vertex 2.0747240036726 -16.01412000209093 6.88
      vertex 3.592519998550415 -13.457859997451305 6.88
    endloop
  endfacet
  facet normal 0 0 1
    outer loop
      vertex 4.066646002233028 -12.383296002447604 6.88
      vertex 3.808968000113964 -12.816230003535747 6.88
      vertex 4.025416001677513 -13.457859997451305 6.88
    endloop
  endfacet
  facet normal 0 0 1
    outer loop
      vertex 4.066646002233028 -12.383296002447604 6.88
      vertex 4.025416001677513 -13.457859997451305 6.88
      vertex 5.548380002379417 -16.01412000209093 6.88
    endloop
  endfacet
  facet normal 0 -1 0
    outer loop
      vertex 3.556457996368408 -12.383296002447604 6.88
      vertex 4.066646002233028 -12.383296002447604 6.88
      vertex 4.066646002233028 -12.383296002447604 7.5
    endloop
  endfacet
  facet normal 0 -1 0
    outer loop
      vertex 3.556457996368408 -12.383296002447604 6.88
      vertex 4.066646002233028 -12.383296002447604 7.5
      vertex 3.556457996368408 -12.383296002447604 7.5
    endloop
  endfacet
  facet normal 0.9475379627470323 0.31964325294491 0
    outer loop
      vertex 3.808968000113964 -12.816230003535747 6.88
      vertex 3.808968000113964 -12.816230003535747 7.5
      vertex 4.025416001677513 -13.457859997451305 6.88
    endloop
  endfacet
  facet normal -0.9475379627470323 0.31964325294491 0
    outer loop
      vertex 3.808968000113964 -12.816230003535747 6.88
      vertex 3.592519998550415 -13.457859997451305 6.88
      vertex 3.592519998550415 -13.457859997451305 7.5
    endloop
  endfacet
  facet normal -0.9475379627470323 0.31964325294491 0
    outer loop
      vertex 3.808968000113964 -12.816230003535747 6.88
      vertex 3.592519998550415 -13.457859997451305 7.5
      vertex 3.808968000113964 -12.816230003535747 7.5
    endloop
  endfacet
  facet normal -0.9312993487062216 0.3642547502770107 0
    outer loop
      vertex 3.592519998550415 -13.457859997451305 6.88
      vertex 2.5927020013332367 -16.01412000209093 7.5
      vertex 3.592519998550415 -13.457859997451305 7.5
    endloop
  endfacet
  facet normal 0.9306596514430839 0.3658860658399517 0
    outer loop
      vertex 4.025416001677513 -13.457859997451305 6.88
      vertex 4.025416001677513 -13.457859997451305 7.5
      vertex 5.0304019972682 -16.01412000209093 6.88
    endloop
  endfacet
  facet normal 0.9475379627470323 0.31964325294491 0
    outer loop
      vertex 3.808968000113964 -12.816230003535747 7.5
      vertex 4.025416001677513 -13.457859997451305 7.5
      vertex 4.025416001677513 -13.457859997451305 6.88
    endloop
  endfacet
  facet normal -0.9258686068778509 -0.37784563355696954 0
    outer loop
      vertex 4.066646002233028 -12.383296002447604 6.88
      vertex 5.548380002379417 -16.01412000209093 7.5
      vertex 4.066646002233028 -12.383296002447604 7.5
    endloop
  endfacet
  facet normal 0 0 1
    outer loop
      vertex 0.010412000119686127 -15.666229997575282 6.88
      vertex 0.01557999849319458 -16.068231996893882 6.88
      vertex 0.17723432928323746 -15.658315141499042 6.88
    endloop
  endfacet
  facet normal 0 0 1
    outer loop
      vertex 0.17723432928323746 -15.658315141499042 6.88
      vertex 0.24529387801885605 -16.058187593519687 6.88
      vertex 0.3331173062324524 -15.63457057327032 6.88
    endloop
  endfacet
  facet normal 0 0 1
    outer loop
      vertex 0.3331173062324524 -15.63457057327032 6.88
      vertex 0.24529387801885605 -16.058187593519687 6.88
      vertex 0.4602823704481125 -16.02805436849594 6.88
    endloop
  endfacet
  facet normal 0 0 1
    outer loop
      vertex 0.17723432928323746 -15.658315141499042 6.88
      vertex 0.01557999849319458 -16.068231996893882 6.88
      vertex 0.24529387801885605 -16.058187593519687 6.88
    endloop
  endfacet
  facet normal 0 0 1
    outer loop
      vertex 0.3331173062324524 -15.63457057327032 6.88
      vertex 0.4602823704481125 -16.02805436849594 6.88
      vertex 0.47806093841791153 -15.594996285438537 6.88
    endloop
  endfacet
  facet normal 0 0 1
    outer loop
      vertex 0.47806093841791153 -15.594996285438537 6.88
      vertex 0.6605454683303833 -15.977832329273223 6.88
      vertex 0.6120652258396149 -15.539592285454273 6.88
    endloop
  endfacet
  facet normal 0 0 1
    outer loop
      vertex 0.47806093841791153 -15.594996285438537 6.88
      vertex 0.4602823704481125 -16.02805436849594 6.88
      vertex 0.6605454683303833 -15.977832329273223 6.88
    endloop
  endfacet
  facet normal 0 0 1
    outer loop
      vertex 0.6120652258396149 -15.539592285454273 6.88
      vertex 0.8460831865668297 -15.907521468400954 6.88
      vertex 0.7351301610469818 -15.468358573317527 6.88
    endloop
  endfacet
  facet normal 0 0 1
    outer loop
      vertex 0.6120652258396149 -15.539592285454273 6.88
      vertex 0.6605454683303833 -15.977832329273223 6.88
      vertex 0.8460831865668297 -15.907521468400954 6.88
    endloop
  endfacet
  facet normal 0 0 1
    outer loop
      vertex 0.847255751490593 -15.38129514157772 6.88
      vertex 1.1729824468493462 -15.706633304059505 6.88
      vertex 0.9484419971704483 -15.278401997685432 6.88
    endloop
  endfacet
  facet normal 0 0 1
    outer loop
      vertex 0.9484419971704483 -15.278401997685432 6.88
      vertex 1.3143439963459969 -15.576056000590324 6.88
      vertex 1.037311591207981 -15.16174044907093 6.88
    endloop
  endfacet
  facet normal 0 0 1
    outer loop
      vertex 1.221886895596981 -14.741382901370525 6.88
      vertex 1.1740340441465378 -14.893230897188186 6.88
      vertex 1.6971668601036072 -14.890715916454791 6.88
    endloop
  endfacet
  facet normal 0 0 1
    outer loop
      vertex 1.112508937716484 -15.033350084722041 6.88
      vertex 1.6301728561520576 -15.08508591800928 6.88
      vertex 1.1740340441465378 -14.893230897188186 6.88
    endloop
  endfacet
  facet normal 0 0 1
    outer loop
      vertex 1.256067506968975 -14.577806082367896 6.88
      vertex 1.221886895596981 -14.741382901370525 6.88
      vertex 1.7450197115540504 -14.680989262461662 6.88
    endloop
  endfacet
  facet normal 0 0 1
    outer loop
      vertex 1.221886895596981 -14.741382901370525 6.88
      vertex 1.6971668601036072 -14.890715916454791 6.88
      vertex 1.7450197115540504 -14.680989262461662 6.88
    endloop
  endfacet
  facet normal 0 0 1
    outer loop
      vertex 1.1740340441465378 -14.893230897188186 6.88
      vertex 1.6301728561520576 -15.08508591800928 6.88
      vertex 1.6971668601036072 -14.890715916454791 6.88
    endloop
  endfacet
  facet normal 0 0 1
    outer loop
      vertex 1.037311591207981 -15.16174044907093 6.88
      vertex 1.544037714600563 -15.264099267125129 6.88
      vertex 1.112508937716484 -15.033350084722041 6.88
    endloop
  endfacet
  facet normal 0 0 1
    outer loop
      vertex 1.037311591207981 -15.16174044907093 6.88
      vertex 1.3143439963459969 -15.576056000590324 6.88
      vertex 1.4387614279985428 -15.427755956351756 6.88
    endloop
  endfacet
  facet normal 0 0 1
    outer loop
      vertex 1.037311591207981 -15.16174044907093 6.88
      vertex 1.4387614279985428 -15.427755956351756 6.88
      vertex 1.544037714600563 -15.264099267125129 6.88
    endloop
  endfacet
  facet normal 0 0 1
    outer loop
      vertex 1.112508937716484 -15.033350084722041 6.88
      vertex 1.544037714600563 -15.264099267125129 6.88
      vertex 1.6301728561520576 -15.08508591800928 6.88
    endloop
  endfacet
  facet normal 0 0 1
    outer loop
      vertex 0.7351301610469818 -15.468358573317527 6.88
      vertex 1.0168955102562904 -15.817121793329715 6.88
      vertex 0.847255751490593 -15.38129514157772 6.88
    endloop
  endfacet
  facet normal 0 0 1
    outer loop
      vertex 0.7351301610469818 -15.468358573317527 6.88
      vertex 0.8460831865668297 -15.907521468400954 6.88
      vertex 1.0168955102562904 -15.817121793329715 6.88
    endloop
  endfacet
  facet normal 0 0 1
    outer loop
      vertex 0.847255751490593 -15.38129514157772 6.88
      vertex 1.0168955102562904 -15.817121793329715 6.88
      vertex 1.1729824468493462 -15.706633304059505 6.88
    endloop
  endfacet
  facet normal 0 0 1
    outer loop
      vertex 0.9484419971704483 -15.278401997685432 6.88
      vertex 1.1729824468493462 -15.706633304059505 6.88
      vertex 1.3143439963459969 -15.576056000590324 6.88
    endloop
  endfacet
  facet normal 0.04739151474325482 -0.9988763909164836 0
    outer loop
      vertex 0.010412000119686127 -15.666229997575282 6.88
      vertex 0.17723432928323746 -15.658315141499042 6.88
      vertex 0.17723432928323746 -15.658315141499042 7.5
    endloop
  endfacet
  facet normal 0.15058608079689323 -0.9885969007994267 0
    outer loop
      vertex 0.17723432928323746 -15.658315141499042 6.88
      vertex 0.3331173062324524 -15.63457057327032 6.88
      vertex 0.3331173062324524 -15.63457057327032 7.5
    endloop
  endfacet
  facet normal -0.04368397331282766 0.9990453996068468 0
    outer loop
      vertex 0.01557999849319458 -16.068231996893882 6.88
      vertex 0.01557999849319458 -16.068231996893882 7.5
      vertex 0.24529387801885605 -16.058187593519687 6.88
    endloop
  endfacet
  facet normal -0.138805226465903 0.990319700453217 0
    outer loop
      vertex 0.24529387801885605 -16.058187593519687 6.88
      vertex 0.24529387801885605 -16.058187593519687 7.5
      vertex 0.4602823704481125 -16.02805436849594 6.88
    endloop
  endfacet
  facet normal 0.26339124640943135 -0.9646890956753301 0
    outer loop
      vertex 0.3331173062324524 -15.63457057327032 6.88
      vertex 0.47806093841791153 -15.594996285438537 6.88
      vertex 0.47806093841791153 -15.594996285438537 7.5
    endloop
  endfacet
  facet normal 0.38208063030078476 -0.924128990968769 0
    outer loop
      vertex 0.47806093841791153 -15.594996285438537 6.88
      vertex 0.6120652258396149 -15.539592285454273 6.88
      vertex 0.6120652258396149 -15.539592285454273 7.5
    endloop
  endfacet
  facet normal 0.5009603778218077 -0.8654702189287807 0
    outer loop
      vertex 0.6120652258396149 -15.539592285454273 6.88
      vertex 0.7351301610469818 -15.468358573317527 6.88
      vertex 0.7351301610469818 -15.468358573317527 7.5
    endloop
  endfacet
  facet normal -0.2432478988545318 0.9699641538236635 0
    outer loop
      vertex 0.4602823704481125 -16.02805436849594 6.88
      vertex 0.4602823704481125 -16.02805436849594 7.5
      vertex 0.6605454683303833 -15.977832329273223 6.88
    endloop
  endfacet
  facet normal -0.3543655544160537 0.9351069745453741 0
    outer loop
      vertex 0.6605454683303833 -15.977832329273223 6.88
      vertex 0.6605454683303833 -15.977832329273223 7.5
      vertex 0.8460831865668297 -15.907521468400954 6.88
    endloop
  endfacet
  facet normal 0.6133024023071495 -0.7898481900493786 0
    outer loop
      vertex 0.7351301610469818 -15.468358573317527 6.88
      vertex 0.847255751490593 -15.38129514157772 7.5
      vertex 0.7351301610469818 -15.468358573317527 7.5
    endloop
  endfacet
  facet normal 0.04739151474325482 -0.9988763909164836 0
    outer loop
      vertex 0.010412000119686127 -15.666229997575282 6.88
      vertex 0.17723432928323746 -15.658315141499042 7.5
      vertex 0.010412000119686127 -15.666229997575282 7.5
    endloop
  endfacet
  facet normal 0.15058608079689323 -0.9885969007994267 0
    outer loop
      vertex 0.17723432928323746 -15.658315141499042 6.88
      vertex 0.3331173062324524 -15.63457057327032 7.5
      vertex 0.17723432928323746 -15.658315141499042 7.5
    endloop
  endfacet
  facet normal 0.26339124640943135 -0.9646890956753301 0
    outer loop
      vertex 0.3331173062324524 -15.63457057327032 6.88
      vertex 0.47806093841791153 -15.594996285438537 7.5
      vertex 0.3331173062324524 -15.63457057327032 7.5
    endloop
  endfacet
  facet normal -0.04368397331282766 0.9990453996068468 0
    outer loop
      vertex 0.24529387801885605 -16.058187593519687 6.88
      vertex 0.01557999849319458 -16.068231996893882 7.5
      vertex 0.24529387801885605 -16.058187593519687 7.5
    endloop
  endfacet
  facet normal -0.138805226465903 0.990319700453217 0
    outer loop
      vertex 0.4602823704481125 -16.02805436849594 6.88
      vertex 0.24529387801885605 -16.058187593519687 7.5
      vertex 0.4602823704481125 -16.02805436849594 7.5
    endloop
  endfacet
  facet normal 0.38208063030078476 -0.924128990968769 0
    outer loop
      vertex 0.47806093841791153 -15.594996285438537 6.88
      vertex 0.6120652258396149 -15.539592285454273 7.5
      vertex 0.47806093841791153 -15.594996285438537 7.5
    endloop
  endfacet
  facet normal 0.5009603778218077 -0.8654702189287807 0
    outer loop
      vertex 0.6120652258396149 -15.539592285454273 6.88
      vertex 0.7351301610469818 -15.468358573317527 7.5
      vertex 0.6120652258396149 -15.539592285454273 7.5
    endloop
  endfacet
  facet normal -0.2432478988545318 0.9699641538236635 0
    outer loop
      vertex 0.6605454683303833 -15.977832329273223 6.88
      vertex 0.4602823704481125 -16.02805436849594 7.5
      vertex 0.6605454683303833 -15.977832329273223 7.5
    endloop
  endfacet
  facet normal 0.9156215022298008 -0.4020413718194224 0
    outer loop
      vertex 1.112508937716484 -15.033350084722041 6.88
      vertex 1.1740340441465378 -14.893230897188186 6.88
      vertex 1.1740340441465378 -14.893230897188186 7.5
    endloop
  endfacet
  facet normal 0.6133024023071495 -0.7898481900493786 0
    outer loop
      vertex 0.7351301610469818 -15.468358573317527 6.88
      vertex 0.847255751490593 -15.38129514157772 6.88
      vertex 0.847255751490593 -15.38129514157772 7.5
    endloop
  endfacet
  facet normal 0.7129960084856667 -0.7011680910334604 0
    outer loop
      vertex 0.847255751490593 -15.38129514157772 6.88
      vertex 0.9484419971704483 -15.278401997685432 6.88
      vertex 0.9484419971704483 -15.278401997685432 7.5
    endloop
  endfacet
  facet normal 0.795482323001067 -0.6059767931140811 0
    outer loop
      vertex 0.9484419971704483 -15.278401997685432 6.88
      vertex 1.037311591207981 -15.16174044907093 6.88
      vertex 1.037311591207981 -15.16174044907093 7.5
    endloop
  endfacet
  facet normal 0.8628913451198449 -0.5053894800223533 0
    outer loop
      vertex 1.037311591207981 -15.16174044907093 6.88
      vertex 1.112508937716484 -15.033350084722041 6.88
      vertex 1.112508937716484 -15.033350084722041 7.5
    endloop
  endfacet
  facet normal 0.9788582439553859 -0.20453982067210855 0
    outer loop
      vertex 1.256067506968975 -14.577806082367896 6.88
      vertex 1.256067506968975 -14.577806082367896 7.5
      vertex 1.221886895596981 -14.741382901370525 6.88
    endloop
  endfacet
  facet normal 0.9537613208972227 -0.30056503915190286 0
    outer loop
      vertex 1.221886895596981 -14.741382901370525 6.88
      vertex 1.221886895596981 -14.741382901370525 7.5
      vertex 1.1740340441465378 -14.893230897188186 6.88
    endloop
  endfacet
  facet normal -0.8410185145974233 0.5410063383217832 0
    outer loop
      vertex 1.4387614279985428 -15.427755956351756 6.88
      vertex 1.4387614279985428 -15.427755956351756 7.5
      vertex 1.544037714600563 -15.264099267125129 6.88
    endloop
  endfacet
  facet normal -0.4677649365520249 0.8838529086519319 0
    outer loop
      vertex 0.8460831865668297 -15.907521468400954 6.88
      vertex 0.8460831865668297 -15.907521468400954 7.5
      vertex 1.0168955102562904 -15.817121793329715 6.88
    endloop
  endfacet
  facet normal -0.577762804494286 0.8162047180351861 0
    outer loop
      vertex 1.0168955102562904 -15.817121793329715 6.88
      vertex 1.0168955102562904 -15.817121793329715 7.5
      vertex 1.1729824468493462 -15.706633304059505 6.88
    endloop
  endfacet
  facet normal -0.6785317905326769 0.7345710375699 0
    outer loop
      vertex 1.3143439963459969 -15.576056000590324 6.88
      vertex 1.1729824468493462 -15.706633304059505 6.88
      vertex 1.1729824468493462 -15.706633304059505 7.5
    endloop
  endfacet
  facet normal -0.7660980634463573 0.6427237020553552 0
    outer loop
      vertex 1.4387614279985428 -15.427755956351756 6.88
      vertex 1.3143439963459969 -15.576056000590324 6.88
      vertex 1.3143439963459969 -15.576056000590324 7.5
    endloop
  endfacet
  facet normal 0.9156215022298008 -0.4020413718194224 0
    outer loop
      vertex 1.112508937716484 -15.033350084722041 6.88
      vertex 1.1740340441465378 -14.893230897188186 7.5
      vertex 1.112508937716484 -15.033350084722041 7.5
    endloop
  endfacet
  facet normal 0.7129960084856667 -0.7011680910334604 0
    outer loop
      vertex 0.847255751490593 -15.38129514157772 6.88
      vertex 0.9484419971704483 -15.278401997685432 7.5
      vertex 0.847255751490593 -15.38129514157772 7.5
    endloop
  endfacet
  facet normal 0.8628913451198449 -0.5053894800223533 0
    outer loop
      vertex 1.037311591207981 -15.16174044907093 6.88
      vertex 1.112508937716484 -15.033350084722041 7.5
      vertex 1.037311591207981 -15.16174044907093 7.5
    endloop
  endfacet
  facet normal 0.795482323001067 -0.6059767931140811 0
    outer loop
      vertex 0.9484419971704483 -15.278401997685432 6.88
      vertex 1.037311591207981 -15.16174044907093 7.5
      vertex 0.9484419971704483 -15.278401997685432 7.5
    endloop
  endfacet
  facet normal 0.9788582439553859 -0.20453982067210855 0
    outer loop
      vertex 1.221886895596981 -14.741382901370525 6.88
      vertex 1.256067506968975 -14.577806082367896 7.5
      vertex 1.221886895596981 -14.741382901370525 7.5
    endloop
  endfacet
  facet normal 0.9537613208972227 -0.30056503915190286 0
    outer loop
      vertex 1.1740340441465378 -14.893230897188186 6.88
      vertex 1.221886895596981 -14.741382901370525 7.5
      vertex 1.1740340441465378 -14.893230897188186 7.5
    endloop
  endfacet
  facet normal -0.8410185145974233 0.5410063383217832 0
    outer loop
      vertex 1.544037714600563 -15.264099267125129 6.88
      vertex 1.4387614279985428 -15.427755956351756 7.5
      vertex 1.544037714600563 -15.264099267125129 7.5
    endloop
  endfacet
  facet normal -0.4677649365520249 0.8838529086519319 0
    outer loop
      vertex 1.0168955102562904 -15.817121793329715 6.88
      vertex 0.8460831865668297 -15.907521468400954 7.5
      vertex 1.0168955102562904 -15.817121793329715 7.5
    endloop
  endfacet
  facet normal -0.577762804494286 0.8162047180351861 0
    outer loop
      vertex 1.1729824468493462 -15.706633304059505 6.88
      vertex 1.0168955102562904 -15.817121793329715 7.5
      vertex 1.1729824468493462 -15.706633304059505 7.5
    endloop
  endfacet
  facet normal -0.3543655544160537 0.9351069745453741 0
    outer loop
      vertex 0.6605454683303833 -15.977832329273223 7.5
      vertex 0.8460831865668297 -15.907521468400954 7.5
      vertex 0.8460831865668297 -15.907521468400954 6.88
    endloop
  endfacet
  facet normal -0.6785317905326769 0.7345710375699 0
    outer loop
      vertex 1.3143439963459969 -15.576056000590324 6.88
      vertex 1.1729824468493462 -15.706633304059505 7.5
      vertex 1.3143439963459969 -15.576056000590324 7.5
    endloop
  endfacet
  facet normal -0.7660980634463573 0.6427237020553552 0
    outer loop
      vertex 1.4387614279985428 -15.427755956351756 6.88
      vertex 1.3143439963459969 -15.576056000590324 7.5
      vertex 1.4387614279985428 -15.427755956351756 7.5
    endloop
  endfacet
  facet normal 0 0 1
    outer loop
      vertex 1.7737314254045486 -14.455905956029891 6.88
      vertex 1.256067506968975 -14.577806082367896 6.88
      vertex 1.7450197115540504 -14.680989262461662 6.88
    endloop
  endfacet
  facet normal 0 0 1
    outer loop
      vertex 3.592519998550415 -13.457859997451305 6.88
      vertex 2.0747240036726 -16.01412000209093 6.88
      vertex 2.5927020013332367 -16.01412000209093 6.88
    endloop
  endfacet
  facet normal -0.9919621338206127 0.12653507444995918 0
    outer loop
      vertex 1.7737314254045486 -14.455905956029891 6.88
      vertex 1.7450197115540504 -14.680989262461662 6.88
      vertex 1.7450197115540504 -14.680989262461662 7.5
    endloop
  endfacet
  facet normal -0.9749439331973054 0.22245072964988913 0
    outer loop
      vertex 1.7450197115540504 -14.680989262461662 6.88
      vertex 1.6971668601036072 -14.890715916454791 6.88
      vertex 1.6971668601036072 -14.890715916454791 7.5
    endloop
  endfacet
  facet normal -0.9454181443383778 0.32585968200404675 0
    outer loop
      vertex 1.6971668601036072 -14.890715916454791 6.88
      vertex 1.6301728561520576 -15.08508591800928 6.88
      vertex 1.6301728561520576 -15.08508591800928 7.5
    endloop
  endfacet
  facet normal -0.9011127493674899 0.43358483936521985 0
    outer loop
      vertex 1.544037714600563 -15.264099267125129 6.88
      vertex 1.544037714600563 -15.264099267125129 7.5
      vertex 1.6301728561520576 -15.08508591800928 6.88
    endloop
  endfacet
  facet normal 0 1 0
    outer loop
      vertex 2.0747240036726 -16.01412000209093 6.88
      vertex 2.0747240036726 -16.01412000209093 7.5
      vertex 2.5927020013332367 -16.01412000209093 6.88
    endloop
  endfacet
  facet normal -0.9749439331973054 0.22245072964988913 0
    outer loop
      vertex 1.7450197115540504 -14.680989262461662 6.88
      vertex 1.6971668601036072 -14.890715916454791 7.5
      vertex 1.7450197115540504 -14.680989262461662 7.5
    endloop
  endfacet
  facet normal -0.9454181443383778 0.32585968200404675 0
    outer loop
      vertex 1.6971668601036072 -14.890715916454791 6.88
      vertex 1.6301728561520576 -15.08508591800928 7.5
      vertex 1.6971668601036072 -14.890715916454791 7.5
    endloop
  endfacet
  facet normal -0.9011127493674899 0.43358483936521985 0
    outer loop
      vertex 1.544037714600563 -15.264099267125129 7.5
      vertex 1.6301728561520576 -15.08508591800928 7.5
      vertex 1.6301728561520576 -15.08508591800928 6.88
    endloop
  endfacet
  facet normal -0.9312993487062216 0.3642547502770107 0
    outer loop
      vertex 3.592519998550415 -13.457859997451305 6.88
      vertex 2.5927020013332367 -16.01412000209093 6.88
      vertex 2.5927020013332367 -16.01412000209093 7.5
    endloop
  endfacet
  facet normal 0.9258686075425084 -0.37784563192829984 0
    outer loop
      vertex 3.556457996368408 -12.383296002447604 7.5
      vertex 2.0747240036726 -16.01412000209093 7.5
      vertex 2.0747240036726 -16.01412000209093 6.88
    endloop
  endfacet
  facet normal 0 1 0
    outer loop
      vertex 2.0747240036726 -16.01412000209093 7.5
      vertex 2.5927020013332367 -16.01412000209093 7.5
      vertex 2.5927020013332367 -16.01412000209093 6.88
    endloop
  endfacet
  facet normal 0 0 1
    outer loop
      vertex 4.025416001677513 -13.457859997451305 6.88
      vertex 5.0304019972682 -16.01412000209093 6.88
      vertex 5.548380002379417 -16.01412000209093 6.88
    endloop
  endfacet
  facet normal -0.9258686068778509 -0.37784563355696954 0
    outer loop
      vertex 4.066646002233028 -12.383296002447604 6.88
      vertex 5.548380002379417 -16.01412000209093 6.88
      vertex 5.548380002379417 -16.01412000209093 7.5
    endloop
  endfacet
  facet normal 0 1 0
    outer loop
      vertex 5.0304019972682 -16.01412000209093 6.88
      vertex 5.0304019972682 -16.01412000209093 7.5
      vertex 5.548380002379417 -16.01412000209093 6.88
    endloop
  endfacet
  facet normal 0.9306596514430839 0.3658860658399517 0
    outer loop
      vertex 4.025416001677513 -13.457859997451305 7.5
      vertex 5.0304019972682 -16.01412000209093 7.5
      vertex 5.0304019972682 -16.01412000209093 6.88
    endloop
  endfacet
  facet normal 0 1 0
    outer loop
      vertex 5.0304019972682 -16.01412000209093 7.5
      vertex 5.548380002379417 -16.01412000209093 7.5
      vertex 5.548380002379417 -16.01412000209093 6.88
    endloop
  endfacet
  facet normal 0 0 -1
    outer loop
      vertex -7.25 0 0
      vertex -6.7 -1.6 0
      vertex -7.25 -11.1 0
    endloop
  endfacet
  facet normal 0 0 -1
    outer loop
      vertex -11.767766952966369 -11.83223304703363 0
      vertex -9.974018286413953 -16.830634655534027 0
      vertex -11.983383350728088 -12.078096427478197 0
    endloop
  endfacet
  facet normal 0 0 -1
    outer loop
      vertex -9.974018286413953 -16.830634655534027 0
      vertex -11.767766952966369 -11.83223304703363 0
      vertex -11.5219035725218 -11.616616649271911 0
    endloop
  endfacet
  facet normal 0 0 -1
    outer loop
      vertex -11.983383350728088 -12.078096427478197 0
      vertex -9.974018286413953 -16.830634655534027 0
      vertex -12.165063509461095 -12.35 0
    endloop
  endfacet
  facet normal 0 0 -1
    outer loop
      vertex -12.309698831278217 -12.643291419087275 0
      vertex -12.165063509461095 -12.35 0
      vertex -9.974018286413953 -16.830634655534027 0
    endloop
  endfacet
  facet normal 0 0 -1
    outer loop
      vertex -9.974018286413953 -16.830634655534027 0
      vertex -12.41481456572267 -12.952952387243698 0
      vertex -12.309698831278217 -12.643291419087275 0
    endloop
  endfacet
  facet normal 0 0 -1
    outer loop
      vertex -12.41481456572267 -12.952952387243698 0
      vertex -9.974018286413953 -16.830634655534027 0
      vertex -12.478612153434526 -13.273684519449871 0
    endloop
  endfacet
  facet normal 0 0 -1
    outer loop
      vertex -11.25 -11.434936490538902 0
      vertex -10.956708580912725 -11.290301168721783 0
      vertex -9.8 -16.7143593539449 0
    endloop
  endfacet
  facet normal 0 0 -1
    outer loop
      vertex -11.5219035725218 -11.616616649271911 0
      vertex -11.25 -11.434936490538902 0
      vertex -9.974018286413953 -16.830634655534027 0
    endloop
  endfacet
  facet normal 0 0 -1
    outer loop
      vertex -10.956708580912725 -11.290301168721783 0
      vertex -10.647047612756301 -11.18518543427733 0
      vertex -9.8 -16.7143593539449 0
    endloop
  endfacet
  facet normal 0 0 -1
    outer loop
      vertex -9.414110472164033 -16.55451867793749 0
      vertex -10.647047612756301 -11.18518543427733 0
      vertex -10.326315480550129 -11.121387846565474 0
    endloop
  endfacet
  facet normal 0 0 -1
    outer loop
      vertex -10.326315480550129 -11.121387846565474 0
      vertex -10 -11.1 0
      vertex -9.208841907552083 -16.513688221801903 0
    endloop
  endfacet
  facet normal 0 0 -1
    outer loop
      vertex -7.25 -11.1 0
      vertex -6.7 -1.6 0
      vertex -6.7 -11.2 0
    endloop
  endfacet
  facet normal 0 0 -1
    outer loop
      vertex -10 -11.1 0
      vertex -7.25 -11.1 0
      vertex -8.585889527835967 -16.55451867793749 0
    endloop
  endfacet
  facet normal 0 0 -1
    outer loop
      vertex -7.25 -11.1 0
      vertex -6.7 -11.2 0
      vertex -6 -15.689929078014185 0
    endloop
  endfacet
  facet normal 0 0 -1
    outer loop
      vertex -7.25 -11.1 0
      vertex -6 -15.689929078014185 0
      vertex -8.2 -16.7143593539449 0
    endloop
  endfacet
  facet normal 0 0 -1
    outer loop
      vertex -6.7 -1.6 0
      vertex -7.25 0 0
      vertex 6.7 -1.6 0
    endloop
  endfacet
  facet normal 0 0 -1
    outer loop
      vertex -6.7 -11.2 0
      vertex -6 -11.2 0
      vertex -6 -15.689929078014185 0
    endloop
  endfacet
  facet normal 0 0 -1
    outer loop
      vertex -9.974018286413953 -16.830634655534027 0
      vertex -12.5 -13.6 0
      vertex -12.478612153434526 -13.273684519449871 0
    endloop
  endfacet
  facet normal 0 0 -1
    outer loop
      vertex -12.5 -13.6 0
      vertex -10.131370849898476 -16.968629150101524 0
      vertex -10.269365344465976 -17.12598171358605 0
    endloop
  endfacet
  facet normal 0 0 -1
    outer loop
      vertex -12.5 -13.6 0
      vertex -10.47820725201806 -17.487706508215858 0
      vertex -10.545481322062509 -17.68588952783597 0
    endloop
  endfacet
  facet normal 0 0 -1
    outer loop
      vertex -12.5 -13.6 0
      vertex -10.269365344465976 -17.12598171358605 0
      vertex -10.385640646055101 -17.3 0
    endloop
  endfacet
  facet normal 0 0 -1
    outer loop
      vertex -12.5 -13.6 0
      vertex -10.385640646055101 -17.3 0
      vertex -10.47820725201806 -17.487706508215858 0
    endloop
  endfacet
  facet normal 0 0 -1
    outer loop
      vertex -12.5 -13.6 0
      vertex -10.545481322062509 -17.68588952783597 0
      vertex -10.586311778198096 -17.89115809244792 0
    endloop
  endfacet
  facet normal 0 0 -1
    outer loop
      vertex -12.5 -13.6 0
      vertex -10.586311778198096 -17.89115809244792 0
      vertex -10.6 -18.1 0
    endloop
  endfacet
  facet normal 0 0 -1
    outer loop
      vertex -12.5 -13.6 0
      vertex -10.6 -18.1 0
      vertex -10.586311778198096 -18.308841907552083 0
    endloop
  endfacet
  facet normal 0 0 -1
    outer loop
      vertex -11.25 -11.434936490538902 0
      vertex -9.8 -16.7143593539449 0
      vertex -9.974018286413953 -16.830634655534027 0
    endloop
  endfacet
  facet normal 0 0 -1
    outer loop
      vertex -12.5 -13.6 0
      vertex -9.974018286413953 -16.830634655534027 0
      vertex -10.131370849898476 -16.968629150101524 0
    endloop
  endfacet
  facet normal 0 0 -1
    outer loop
      vertex -10.647047612756301 -11.18518543427733 0
      vertex -9.612293491784143 -16.621792747981942 0
      vertex -9.8 -16.7143593539449 0
    endloop
  endfacet
  facet normal 0 0 -1
    outer loop
      vertex -9.612293491784143 -16.621792747981942 0
      vertex -10.647047612756301 -11.18518543427733 0
      vertex -9.414110472164033 -16.55451867793749 0
    endloop
  endfacet
  facet normal 0 0 -1
    outer loop
      vertex -10.326315480550129 -11.121387846565474 0
      vertex -9.208841907552083 -16.513688221801903 0
      vertex -9.414110472164033 -16.55451867793749 0
    endloop
  endfacet
  facet normal 0 0 -1
    outer loop
      vertex -9.208841907552083 -16.513688221801903 0
      vertex -10 -11.1 0
      vertex -9 -16.5 0
    endloop
  endfacet
  facet normal 0 0 -1
    outer loop
      vertex -12.5 -13.6 0
      vertex -10.586311778198096 -18.308841907552083 0
      vertex -12.5 -26.6 0
    endloop
  endfacet
  facet normal 0 0 -1
    outer loop
      vertex -12.5 -26.6 0
      vertex -10.586311778198096 -18.308841907552083 0
      vertex -10.545481322062509 -18.514110472164035 0
    endloop
  endfacet
  facet normal 0 0 -1
    outer loop
      vertex -12.5 -26.6 0
      vertex -10.545481322062509 -18.514110472164035 0
      vertex -10.47820725201806 -18.712293491784145 0
    endloop
  endfacet
  facet normal 0 0 -1
    outer loop
      vertex -12.5 -26.6 0
      vertex -10.47820725201806 -18.712293491784145 0
      vertex -10.385640646055101 -18.900000000000002 0
    endloop
  endfacet
  facet normal 0 0 -1
    outer loop
      vertex -12.5 -26.6 0
      vertex -10.385640646055101 -18.900000000000002 0
      vertex -10.269365344465976 -19.074018286413953 0
    endloop
  endfacet
  facet normal 0 0 -1
    outer loop
      vertex -12.5 -26.6 0
      vertex -10.269365344465976 -19.074018286413953 0
      vertex -10.131370849898476 -19.23137084989848 0
    endloop
  endfacet
  facet normal 0 0 -1
    outer loop
      vertex -12.5 -26.6 0
      vertex -10.131370849898476 -19.23137084989848 0
      vertex -9.974018286413953 -19.369365344465976 0
    endloop
  endfacet
  facet normal 0 0 -1
    outer loop
      vertex -10 -11.1 0
      vertex -8.791158092447917 -16.513688221801903 0
      vertex -9 -16.5 0
    endloop
  endfacet
  facet normal 0 0 -1
    outer loop
      vertex -10 -11.1 0
      vertex -8.585889527835967 -16.55451867793749 0
      vertex -8.791158092447917 -16.513688221801903 0
    endloop
  endfacet
  facet normal 0 0 -1
    outer loop
      vertex -7.25 -11.1 0
      vertex -8.387706508215857 -16.621792747981942 0
      vertex -8.585889527835967 -16.55451867793749 0
    endloop
  endfacet
  facet normal 0 0 -1
    outer loop
      vertex -7.25 -11.1 0
      vertex -8.2 -16.7143593539449 0
      vertex -8.387706508215857 -16.621792747981942 0
    endloop
  endfacet
  facet normal 0 0 -1
    outer loop
      vertex -8.2 -16.7143593539449 0
      vertex -6 -15.689929078014185 0
      vertex -8.025981713586047 -16.830634655534027 0
    endloop
  endfacet
  facet normal 0 0 -1
    outer loop
      vertex -8.025981713586047 -16.830634655534027 0
      vertex -6 -15.689929078014185 0
      vertex -7.8686291501015235 -16.968629150101524 0
    endloop
  endfacet
  facet normal 0 0 -1
    outer loop
      vertex -7.8686291501015235 -16.968629150101524 0
      vertex -6 -15.689929078014185 0
      vertex -7.730634655534024 -17.12598171358605 0
    endloop
  endfacet
  facet normal 0 0 -1
    outer loop
      vertex -7.730634655534024 -17.12598171358605 0
      vertex -6 -15.689929078014185 0
      vertex -7.614359353944899 -17.3 0
    endloop
  endfacet
  facet normal 0 0 -1
    outer loop
      vertex -7.614359353944899 -17.3 0
      vertex -6 -15.689929078014185 0
      vertex -7.521792747981941 -17.487706508215858 0
    endloop
  endfacet
  facet normal 0 0 -1
    outer loop
      vertex -7.521792747981941 -17.487706508215858 0
      vertex -6 -15.689929078014185 0
      vertex -7.45451867793749 -17.68588952783597 0
    endloop
  endfacet
  facet normal 0 0 -1
    outer loop
      vertex -7.45451867793749 -17.68588952783597 0
      vertex -6 -15.689929078014185 0
      vertex -7.413688221801904 -17.89115809244792 0
    endloop
  endfacet
  facet normal 0 0 -1
    outer loop
      vertex -7.413688221801904 -17.89115809244792 0
      vertex -6 -15.689929078014185 0
      vertex -7.4 -18.1 0
    endloop
  endfacet
  facet normal 0 0 -1
    outer loop
      vertex -7.4 -18.1 0
      vertex -6 -15.689929078014185 0
      vertex -7.413688221801904 -18.308841907552083 0
    endloop
  endfacet
  facet normal 0 0 -1
    outer loop
      vertex -7.413688221801904 -18.308841907552083 0
      vertex -6 -15.689929078014185 0
      vertex -6 -24.119999999999997 0
    endloop
  endfacet
  facet normal 0 0 -1
    outer loop
      vertex -7.8686291501015235 -19.23137084989848 0
      vertex -6 -24.119999999999997 0
      vertex -8.025981713586047 -19.369365344465976 0
    endloop
  endfacet
  facet normal 0 0 -1
    outer loop
      vertex -7.521792747981941 -18.712293491784145 0
      vertex -6 -24.119999999999997 0
      vertex -7.614359353944899 -18.900000000000002 0
    endloop
  endfacet
  facet normal 0 0 -1
    outer loop
      vertex -7.730634655534024 -19.074018286413953 0
      vertex -6 -24.119999999999997 0
      vertex -7.8686291501015235 -19.23137084989848 0
    endloop
  endfacet
  facet normal 0 0 -1
    outer loop
      vertex -7.614359353944899 -18.900000000000002 0
      vertex -6 -24.119999999999997 0
      vertex -7.730634655534024 -19.074018286413953 0
    endloop
  endfacet
  facet normal 0 0 -1
    outer loop
      vertex -8.387706508215857 -19.57820725201806 0
      vertex -6 -24.119999999999997 0
      vertex -8.585889527835967 -19.645481322062512 0
    endloop
  endfacet
  facet normal 0 0 -1
    outer loop
      vertex -8.585889527835967 -19.645481322062512 0
      vertex -6 -24.119999999999997 0
      vertex -8.791158092447917 -19.6863117781981 0
    endloop
  endfacet
  facet normal 0 0 -1
    outer loop
      vertex -8.2 -19.485640646055103 0
      vertex -6 -24.119999999999997 0
      vertex -8.387706508215857 -19.57820725201806 0
    endloop
  endfacet
  facet normal 0 0 -1
    outer loop
      vertex -8.025981713586047 -19.369365344465976 0
      vertex -6 -24.119999999999997 0
      vertex -8.2 -19.485640646055103 0
    endloop
  endfacet
  facet normal 0 0 -1
    outer loop
      vertex -7.413688221801904 -18.308841907552083 0
      vertex -6 -24.119999999999997 0
      vertex -7.45451867793749 -18.514110472164035 0
    endloop
  endfacet
  facet normal 0 0 -1
    outer loop
      vertex -7.45451867793749 -18.514110472164035 0
      vertex -6 -24.119999999999997 0
      vertex -7.521792747981941 -18.712293491784145 0
    endloop
  endfacet
  facet normal 0 0 -1
    outer loop
      vertex -9.974018286413953 -19.369365344465976 0
      vertex -12.478612153434526 -26.92631548055013 0
      vertex -12.5 -26.6 0
    endloop
  endfacet
  facet normal 0 0 -1
    outer loop
      vertex -9.974018286413953 -19.369365344465976 0
      vertex -12.41481456572267 -27.247047612756305 0
      vertex -12.478612153434526 -26.92631548055013 0
    endloop
  endfacet
  facet normal 0 0 -1
    outer loop
      vertex -9.974018286413953 -19.369365344465976 0
      vertex -12.309698831278217 -27.556708580912726 0
      vertex -12.41481456572267 -27.247047612756305 0
    endloop
  endfacet
  facet normal 0 0 -1
    outer loop
      vertex -9.974018286413953 -19.369365344465976 0
      vertex -12.165063509461095 -27.85 0
      vertex -12.309698831278217 -27.556708580912726 0
    endloop
  endfacet
  facet normal 0 0 -1
    outer loop
      vertex -9.974018286413953 -19.369365344465976 0
      vertex -11.983383350728088 -28.121903572521802 0
      vertex -12.165063509461095 -27.85 0
    endloop
  endfacet
  facet normal 0 0 -1
    outer loop
      vertex -9.974018286413953 -19.369365344465976 0
      vertex -11.767766952966369 -28.36776695296637 0
      vertex -11.983383350728088 -28.121903572521802 0
    endloop
  endfacet
  facet normal 0 0 -1
    outer loop
      vertex -9.974018286413953 -19.369365344465976 0
      vertex -11.5219035725218 -28.583383350728088 0
      vertex -11.767766952966369 -28.36776695296637 0
    endloop
  endfacet
  facet normal 0 0 -1
    outer loop
      vertex -9.8 -19.485640646055103 0
      vertex -10.326315480550129 -29.078612153434527 0
      vertex -9.974018286413953 -19.369365344465976 0
    endloop
  endfacet
  facet normal 0 0 -1
    outer loop
      vertex -9.612293491784143 -19.57820725201806 0
      vertex -10 -29.1 0
      vertex -9.8 -19.485640646055103 0
    endloop
  endfacet
  facet normal 0 0 -1
    outer loop
      vertex -9.414110472164033 -19.645481322062512 0
      vertex -10 -29.1 0
      vertex -9.612293491784143 -19.57820725201806 0
    endloop
  endfacet
  facet normal 0 0 -1
    outer loop
      vertex -9.208841907552083 -19.6863117781981 0
      vertex -10 -29.1 0
      vertex -9.414110472164033 -19.645481322062512 0
    endloop
  endfacet
  facet normal 0 0 -1
    outer loop
      vertex -9 -19.700000000000003 0
      vertex -10 -29.1 0
      vertex -9.208841907552083 -19.6863117781981 0
    endloop
  endfacet
  facet normal 0 0 -1
    outer loop
      vertex -9.974018286413953 -19.369365344465976 0
      vertex -11.25 -28.765063509461097 0
      vertex -11.5219035725218 -28.583383350728088 0
    endloop
  endfacet
  facet normal 0 0 -1
    outer loop
      vertex -9.974018286413953 -19.369365344465976 0
      vertex -10.956708580912725 -28.90969883127822 0
      vertex -11.25 -28.765063509461097 0
    endloop
  endfacet
  facet normal 0 0 -1
    outer loop
      vertex -9.974018286413953 -19.369365344465976 0
      vertex -10.647047612756301 -29.014814565722673 0
      vertex -10.956708580912725 -28.90969883127822 0
    endloop
  endfacet
  facet normal 0 0 -1
    outer loop
      vertex -9.974018286413953 -19.369365344465976 0
      vertex -10.326315480550129 -29.078612153434527 0
      vertex -10.647047612756301 -29.014814565722673 0
    endloop
  endfacet
  facet normal 0 0 -1
    outer loop
      vertex -9.8 -19.485640646055103 0
      vertex -10 -29.1 0
      vertex -10.326315480550129 -29.078612153434527 0
    endloop
  endfacet
  facet normal 0 0 -1
    outer loop
      vertex -8.791158092447917 -19.6863117781981 0
      vertex -10 -29.1 0
      vertex -9 -19.700000000000003 0
    endloop
  endfacet
  facet normal 0 0 -1
    outer loop
      vertex -8.791158092447917 -19.6863117781981 0
      vertex -6 -24.119999999999997 0
      vertex -10 -29.1 0
    endloop
  endfacet
  facet normal 0 0 -1
    outer loop
      vertex -2.75 -29.1 0
      vertex -10 -29.1 0
      vertex -6 -24.119999999999997 0
    endloop
  endfacet
  facet normal 0 0 -1
    outer loop
      vertex -2.75 -29.1 0
      vertex -6 -24.119999999999997 0
      vertex -2.75 -24.119999999999997 0
    endloop
  endfacet
  facet normal 0 0 -1
    outer loop
      vertex 7.25 0 0
      vertex 6.7 -1.6 0
      vertex -7.25 0 0
    endloop
  endfacet
  facet normal 0 0 -1
    outer loop
      vertex 6 -11.2 0
      vertex 6.7 -11.2 0
      vertex 6 -17.61 0
    endloop
  endfacet
  facet normal 0 0 -1
    outer loop
      vertex 6.7 -11.2 0
      vertex 6.7 -1.6 0
      vertex 7.25 0 0
    endloop
  endfacet
  facet normal 0 0 -1
    outer loop
      vertex 6.7 -11.2 0
      vertex 7.25 0 0
      vertex 7.25 -11.1 0
    endloop
  endfacet
  facet normal 0 0 -1
    outer loop
      vertex 6 -17.61 0
      vertex 6.7 -11.2 0
      vertex 7.25 -11.1 0
    endloop
  endfacet
  facet normal 0 0 -1
    outer loop
      vertex 7.25 -11.1 0
      vertex 10 -11.1 0
      vertex 6 -17.61 0
    endloop
  endfacet
  facet normal 0 0 -1
    outer loop
      vertex 10.326315480550129 -11.121387846565474 0
      vertex 9.208841907552083 -16.513688221801903 0
      vertex 10 -11.1 0
    endloop
  endfacet
  facet normal 0 0 -1
    outer loop
      vertex 9.208841907552083 -16.513688221801903 0
      vertex 10.326315480550129 -11.121387846565474 0
      vertex 10.647047612756301 -11.18518543427733 0
    endloop
  endfacet
  facet normal 0 0 -1
    outer loop
      vertex 10.647047612756301 -11.18518543427733 0
      vertex 10.956708580912725 -11.290301168721783 0
      vertex 9.208841907552083 -16.513688221801903 0
    endloop
  endfacet
  facet normal 0 0 -1
    outer loop
      vertex 9.208841907552083 -16.513688221801903 0
      vertex 10.956708580912725 -11.290301168721783 0
      vertex 11.25 -11.434936490538902 0
    endloop
  endfacet
  facet normal 0 0 -1
    outer loop
      vertex 11.25 -11.434936490538902 0
      vertex 11.5219035725218 -11.616616649271911 0
      vertex 9.208841907552083 -16.513688221801903 0
    endloop
  endfacet
  facet normal 0 0 -1
    outer loop
      vertex 9.208841907552083 -16.513688221801903 0
      vertex 11.5219035725218 -11.616616649271911 0
      vertex 11.767766952966369 -11.83223304703363 0
    endloop
  endfacet
  facet normal 0 0 -1
    outer loop
      vertex 11.767766952966369 -11.83223304703363 0
      vertex 11.983383350728088 -12.078096427478197 0
      vertex 9.208841907552083 -16.513688221801903 0
    endloop
  endfacet
  facet normal 0 0 -1
    outer loop
      vertex 11.983383350728088 -12.078096427478197 0
      vertex 12.165063509461095 -12.35 0
      vertex 9.208841907552083 -16.513688221801903 0
    endloop
  endfacet
  facet normal 0 0 -1
    outer loop
      vertex 12.309698831278217 -12.643291419087275 0
      vertex 9.208841907552083 -16.513688221801903 0
      vertex 12.165063509461095 -12.35 0
    endloop
  endfacet
  facet normal 0 0 -1
    outer loop
      vertex 9.208841907552083 -16.513688221801903 0
      vertex 12.309698831278217 -12.643291419087275 0
      vertex 12.41481456572267 -12.952952387243698 0
    endloop
  endfacet
  facet normal 0 0 -1
    outer loop
      vertex 12.41481456572267 -12.952952387243698 0
      vertex 12.478612153434526 -13.273684519449871 0
      vertex 9.208841907552083 -16.513688221801903 0
    endloop
  endfacet
  facet normal 0 0 -1
    outer loop
      vertex 9.208841907552083 -16.513688221801903 0
      vertex 12.478612153434526 -13.273684519449871 0
      vertex 12.5 -13.6 0
    endloop
  endfacet
  facet normal 0 0 -1
    outer loop
      vertex 2.75 -29.1 0
      vertex 2.75 -24.119999999999997 0
      vertex 10 -29.1 0
    endloop
  endfacet
  facet normal 0 0 -1
    outer loop
      vertex 6 -17.61 0
      vertex 7.521792747981941 -17.487706508215858 0
      vertex 7.45451867793749 -17.68588952783597 0
    endloop
  endfacet
  facet normal 0 0 -1
    outer loop
      vertex 7.413688221801904 -17.89115809244792 0
      vertex 6 -17.61 0
      vertex 7.45451867793749 -17.68588952783597 0
    endloop
  endfacet
  facet normal 0 0 -1
    outer loop
      vertex 6 -17.61 0
      vertex 7.8686291501015235 -16.968629150101524 0
      vertex 7.730634655534024 -17.12598171358605 0
    endloop
  endfacet
  facet normal 0 0 -1
    outer loop
      vertex 6 -17.61 0
      vertex 8.025981713586047 -16.830634655534027 0
      vertex 7.8686291501015235 -16.968629150101524 0
    endloop
  endfacet
  facet normal 0 0 -1
    outer loop
      vertex 6 -17.61 0
      vertex 7.730634655534024 -17.12598171358605 0
      vertex 7.614359353944899 -17.3 0
    endloop
  endfacet
  facet normal 0 0 -1
    outer loop
      vertex 6 -17.61 0
      vertex 7.614359353944899 -17.3 0
      vertex 7.521792747981941 -17.487706508215858 0
    endloop
  endfacet
  facet normal 0 0 -1
    outer loop
      vertex 10 -11.1 0
      vertex 8.025981713586047 -16.830634655534027 0
      vertex 6 -17.61 0
    endloop
  endfacet
  facet normal 0 0 -1
    outer loop
      vertex 10 -11.1 0
      vertex 8.2 -16.7143593539449 0
      vertex 8.025981713586047 -16.830634655534027 0
    endloop
  endfacet
  facet normal 0 0 -1
    outer loop
      vertex 10 -11.1 0
      vertex 8.387706508215857 -16.621792747981942 0
      vertex 8.2 -16.7143593539449 0
    endloop
  endfacet
  facet normal 0 0 -1
    outer loop
      vertex 10 -11.1 0
      vertex 8.585889527835967 -16.55451867793749 0
      vertex 8.387706508215857 -16.621792747981942 0
    endloop
  endfacet
  facet normal 0 0 -1
    outer loop
      vertex 10 -11.1 0
      vertex 8.791158092447917 -16.513688221801903 0
      vertex 8.585889527835967 -16.55451867793749 0
    endloop
  endfacet
  facet normal 0 0 -1
    outer loop
      vertex 10 -11.1 0
      vertex 9 -16.5 0
      vertex 8.791158092447917 -16.513688221801903 0
    endloop
  endfacet
  facet normal 0 0 -1
    outer loop
      vertex 6 -17.61 0
      vertex 7.413688221801904 -17.89115809244792 0
      vertex 6 -24.119999999999997 0
    endloop
  endfacet
  facet normal 0 0 -1
    outer loop
      vertex 7.4 -18.1 0
      vertex 6 -24.119999999999997 0
      vertex 7.413688221801904 -17.89115809244792 0
    endloop
  endfacet
  facet normal 0 0 -1
    outer loop
      vertex 7.413688221801904 -18.308841907552083 0
      vertex 6 -24.119999999999997 0
      vertex 7.4 -18.1 0
    endloop
  endfacet
  facet normal 0 0 -1
    outer loop
      vertex 7.45451867793749 -18.514110472164035 0
      vertex 6 -24.119999999999997 0
      vertex 7.413688221801904 -18.308841907552083 0
    endloop
  endfacet
  facet normal 0 0 -1
    outer loop
      vertex 7.521792747981941 -18.712293491784145 0
      vertex 6 -24.119999999999997 0
      vertex 7.45451867793749 -18.514110472164035 0
    endloop
  endfacet
  facet normal 0 0 -1
    outer loop
      vertex 7.614359353944899 -18.900000000000002 0
      vertex 6 -24.119999999999997 0
      vertex 7.521792747981941 -18.712293491784145 0
    endloop
  endfacet
  facet normal 0 0 -1
    outer loop
      vertex 7.730634655534024 -19.074018286413953 0
      vertex 6 -24.119999999999997 0
      vertex 7.614359353944899 -18.900000000000002 0
    endloop
  endfacet
  facet normal 0 0 -1
    outer loop
      vertex 7.8686291501015235 -19.23137084989848 0
      vertex 6 -24.119999999999997 0
      vertex 7.730634655534024 -19.074018286413953 0
    endloop
  endfacet
  facet normal 0 0 -1
    outer loop
      vertex 8.025981713586047 -19.369365344465976 0
      vertex 6 -24.119999999999997 0
      vertex 7.8686291501015235 -19.23137084989848 0
    endloop
  endfacet
  facet normal 0 0 -1
    outer loop
      vertex 8.2 -19.485640646055103 0
      vertex 6 -24.119999999999997 0
      vertex 8.025981713586047 -19.369365344465976 0
    endloop
  endfacet
  facet normal 0 0 -1
    outer loop
      vertex 8.387706508215857 -19.57820725201806 0
      vertex 6 -24.119999999999997 0
      vertex 8.2 -19.485640646055103 0
    endloop
  endfacet
  facet normal 0 0 -1
    outer loop
      vertex 8.585889527835967 -19.645481322062512 0
      vertex 6 -24.119999999999997 0
      vertex 8.387706508215857 -19.57820725201806 0
    endloop
  endfacet
  facet normal 0 0 -1
    outer loop
      vertex 8.791158092447917 -19.6863117781981 0
      vertex 6 -24.119999999999997 0
      vertex 8.585889527835967 -19.645481322062512 0
    endloop
  endfacet
  facet normal 0 0 -1
    outer loop
      vertex 10 -11.1 0
      vertex 9.208841907552083 -16.513688221801903 0
      vertex 9 -16.5 0
    endloop
  endfacet
  facet normal 0 0 -1
    outer loop
      vertex 9.208841907552083 -16.513688221801903 0
      vertex 12.5 -13.6 0
      vertex 9.414110472164033 -16.55451867793749 0
    endloop
  endfacet
  facet normal 0 0 -1
    outer loop
      vertex 9.414110472164033 -16.55451867793749 0
      vertex 12.5 -13.6 0
      vertex 9.612293491784143 -16.621792747981942 0
    endloop
  endfacet
  facet normal 0 0 -1
    outer loop
      vertex 9.612293491784143 -16.621792747981942 0
      vertex 12.5 -13.6 0
      vertex 9.8 -16.7143593539449 0
    endloop
  endfacet
  facet normal 0 0 -1
    outer loop
      vertex 9.8 -16.7143593539449 0
      vertex 12.5 -13.6 0
      vertex 9.974018286413953 -16.830634655534027 0
    endloop
  endfacet
  facet normal 0 0 -1
    outer loop
      vertex 9.974018286413953 -16.830634655534027 0
      vertex 12.5 -13.6 0
      vertex 10.131370849898476 -16.968629150101524 0
    endloop
  endfacet
  facet normal 0 0 -1
    outer loop
      vertex 10.131370849898476 -16.968629150101524 0
      vertex 12.5 -13.6 0
      vertex 10.269365344465976 -17.12598171358605 0
    endloop
  endfacet
  facet normal 0 0 -1
    outer loop
      vertex 10.269365344465976 -17.12598171358605 0
      vertex 12.5 -13.6 0
      vertex 10.385640646055101 -17.3 0
    endloop
  endfacet
  facet normal 0 0 -1
    outer loop
      vertex 10.385640646055101 -17.3 0
      vertex 12.5 -13.6 0
      vertex 10.47820725201806 -17.487706508215858 0
    endloop
  endfacet
  facet normal 0 0 -1
    outer loop
      vertex 10.47820725201806 -17.487706508215858 0
      vertex 12.5 -13.6 0
      vertex 10.545481322062509 -17.68588952783597 0
    endloop
  endfacet
  facet normal 0 0 -1
    outer loop
      vertex 10.545481322062509 -17.68588952783597 0
      vertex 12.5 -13.6 0
      vertex 10.586311778198096 -17.89115809244792 0
    endloop
  endfacet
  facet normal 0 0 -1
    outer loop
      vertex 10.586311778198096 -17.89115809244792 0
      vertex 12.5 -13.6 0
      vertex 10.6 -18.1 0
    endloop
  endfacet
  facet normal 0 0 -1
    outer loop
      vertex 10.6 -18.1 0
      vertex 12.5 -13.6 0
      vertex 10.586311778198096 -18.308841907552083 0
    endloop
  endfacet
  facet normal 0 0 -1
    outer loop
      vertex 9.974018286413953 -19.369365344465976 0
      vertex 12.5 -26.6 0
      vertex 9.8 -19.485640646055103 0
    endloop
  endfacet
  facet normal 0 0 -1
    outer loop
      vertex 10.131370849898476 -19.23137084989848 0
      vertex 12.5 -26.6 0
      vertex 9.974018286413953 -19.369365344465976 0
    endloop
  endfacet
  facet normal 0 0 -1
    outer loop
      vertex 10.586311778198096 -18.308841907552083 0
      vertex 12.5 -13.6 0
      vertex 12.5 -26.6 0
    endloop
  endfacet
  facet normal 0 0 -1
    outer loop
      vertex 10.586311778198096 -18.308841907552083 0
      vertex 12.5 -26.6 0
      vertex 10.545481322062509 -18.514110472164035 0
    endloop
  endfacet
  facet normal 0 0 -1
    outer loop
      vertex 10.545481322062509 -18.514110472164035 0
      vertex 12.5 -26.6 0
      vertex 10.47820725201806 -18.712293491784145 0
    endloop
  endfacet
  facet normal 0 0 -1
    outer loop
      vertex 10.47820725201806 -18.712293491784145 0
      vertex 12.5 -26.6 0
      vertex 10.385640646055101 -18.900000000000002 0
    endloop
  endfacet
  facet normal 0 0 -1
    outer loop
      vertex 10.385640646055101 -18.900000000000002 0
      vertex 12.5 -26.6 0
      vertex 10.269365344465976 -19.074018286413953 0
    endloop
  endfacet
  facet normal 0 0 -1
    outer loop
      vertex 10.269365344465976 -19.074018286413953 0
      vertex 12.5 -26.6 0
      vertex 10.131370849898476 -19.23137084989848 0
    endloop
  endfacet
  facet normal 0 0 -1
    outer loop
      vertex 8.791158092447917 -19.6863117781981 0
      vertex 10 -29.1 0
      vertex 6 -24.119999999999997 0
    endloop
  endfacet
  facet normal 0 0 -1
    outer loop
      vertex 2.75 -24.119999999999997 0
      vertex 6 -24.119999999999997 0
      vertex 10 -29.1 0
    endloop
  endfacet
  facet normal 0 0 -1
    outer loop
      vertex 9 -19.700000000000003 0
      vertex 12.5 -26.6 0
      vertex 8.791158092447917 -19.6863117781981 0
    endloop
  endfacet
  facet normal 0 0 -1
    outer loop
      vertex 9.208841907552083 -19.6863117781981 0
      vertex 12.5 -26.6 0
      vertex 9 -19.700000000000003 0
    endloop
  endfacet
  facet normal 0 0 -1
    outer loop
      vertex 9.414110472164033 -19.645481322062512 0
      vertex 12.5 -26.6 0
      vertex 9.208841907552083 -19.6863117781981 0
    endloop
  endfacet
  facet normal 0 0 -1
    outer loop
      vertex 9.612293491784143 -19.57820725201806 0
      vertex 12.5 -26.6 0
      vertex 9.414110472164033 -19.645481322062512 0
    endloop
  endfacet
  facet normal 0 0 -1
    outer loop
      vertex 9.8 -19.485640646055103 0
      vertex 12.5 -26.6 0
      vertex 9.612293491784143 -19.57820725201806 0
    endloop
  endfacet
  facet normal 0 0 -1
    outer loop
      vertex 11.767766952966369 -28.36776695296637 0
      vertex 8.791158092447917 -19.6863117781981 0
      vertex 11.983383350728088 -28.121903572521802 0
    endloop
  endfacet
  facet normal 0 0 -1
    outer loop
      vertex 12.5 -26.6 0
      vertex 12.478612153434526 -26.92631548055013 0
      vertex 8.791158092447917 -19.6863117781981 0
    endloop
  endfacet
  facet normal 0 0 -1
    outer loop
      vertex 12.478612153434526 -26.92631548055013 0
      vertex 12.41481456572267 -27.247047612756305 0
      vertex 8.791158092447917 -19.6863117781981 0
    endloop
  endfacet
  facet normal 0 0 -1
    outer loop
      vertex 12.309698831278217 -27.556708580912726 0
      vertex 8.791158092447917 -19.6863117781981 0
      vertex 12.41481456572267 -27.247047612756305 0
    endloop
  endfacet
  facet normal 0 0 -1
    outer loop
      vertex 12.165063509461095 -27.85 0
      vertex 11.983383350728088 -28.121903572521802 0
      vertex 8.791158092447917 -19.6863117781981 0
    endloop
  endfacet
  facet normal 0 0 -1
    outer loop
      vertex 12.165063509461095 -27.85 0
      vertex 8.791158092447917 -19.6863117781981 0
      vertex 12.309698831278217 -27.556708580912726 0
    endloop
  endfacet
  facet normal 0 0 -1
    outer loop
      vertex 10 -29.1 0
      vertex 8.791158092447917 -19.6863117781981 0
      vertex 10.326315480550129 -29.078612153434527 0
    endloop
  endfacet
  facet normal 0 0 -1
    outer loop
      vertex 10.647047612756301 -29.014814565722673 0
      vertex 8.791158092447917 -19.6863117781981 0
      vertex 10.956708580912725 -28.90969883127822 0
    endloop
  endfacet
  facet normal 0 0 -1
    outer loop
      vertex 10.326315480550129 -29.078612153434527 0
      vertex 8.791158092447917 -19.6863117781981 0
      vertex 10.647047612756301 -29.014814565722673 0
    endloop
  endfacet
  facet normal 0 0 -1
    outer loop
      vertex 10.956708580912725 -28.90969883127822 0
      vertex 8.791158092447917 -19.6863117781981 0
      vertex 11.25 -28.765063509461097 0
    endloop
  endfacet
  facet normal 0 0 -1
    outer loop
      vertex 11.25 -28.765063509461097 0
      vertex 8.791158092447917 -19.6863117781981 0
      vertex 11.5219035725218 -28.583383350728088 0
    endloop
  endfacet
  facet normal 0 0 -1
    outer loop
      vertex 11.5219035725218 -28.583383350728088 0
      vertex 8.791158092447917 -19.6863117781981 0
      vertex 11.767766952966369 -28.36776695296637 0
    endloop
  endfacet
endsolid OpenSCAD_Model
