<?xml version='1.0' encoding='utf-8'?>
<COLLADA xmlns="http://www.collada.org/2005/11/COLLADASchema" version="1.4.1">
  <asset><up_axis>Z_UP</up_axis></asset>
  <library_geometries>
    <geometry id="fence_long">
      <mesh>
        <source id="P">
          <float_array id="PA" count="12720">-8.50071 0.00000 3.96071 -8.49929 0.00000 3.95929 -8.45929 0.00000 3.99929 -8.46071 0.00000 4.00071 -8.50071 0.00000 3.92071 -8.49929 0.00000 3.91929 -8.41929 0.00000 3.99929 -8.42071 0.00000 4.00071 -8.50071 0.00000 3.88071 -8.49929 0.00000 3.87929 -8.37929 0.00000 3.99929 -8.38071 0.00000 4.00071 -8.50071 0.00000 3.84071 -8.49929 0.00000 3.83929 -8.33929 0.00000 3.99929 -8.34071 0.00000 4.00071 -8.50071 0.00000 3.80071 -8.49929 0.00000 3.79929 -8.29929 0.00000 3.99929 -8.30071 0.00000 4.00071 -8.50071 0.00000 3.76071 -8.49929 0.00000 3.75929 -8.25929 0.00000 3.99929 -8.26071 0.00000 4.00071 -8.50071 0.00000 3.72071 -8.49929 0.00000 3.71929 -8.21929 0.00000 3.99929 -8.22071 0.00000 4.00071 -8.50071 0.00000 3.68071 -8.49929 0.00000 3.67929 -8.17929 0.00000 3.99929 -8.18071 0.00000 4.00071 -8.50071 0.00000 3.64071 -8.49929 0.00000 3.63929 -8.13929 0.00000 3.99929 -8.14071 0.00000 4.00071 -8.50071 0.00000 3.60071 -8.49929 0.00000 3.59929 -8.09929 0.00000 3.99929 -8.10071 0.00000 4.00071 -8.50071 0.00000 3.56071 -8.49929 0.00000 3.55929 -8.05929 0.00000 3.99929 -8.06071 0.00000 4.00071 -8.50071 0.00000 3.52071 -8.49929 0.00000 3.51929 -8.01929 0.00000 3.99929 -8.02071 0.00000 4.00071 -8.50071 0.00000 3.48071 -8.49929 0.00000 3.47929 -7.97929 0.00000 3.99929 -7.98071 0.00000 4.00071 -8.50071 0.00000 3.44071 -8.49929 0.00000 3.43929 -7.93929 0.00000 3.99929 -7.94071 0.00000 4.00071 -8.50071 0.00000 3.40071 -8.49929 0.00000 3.39929 -7.89929 0.00000 3.99929 -7.90071 0.00000 4.00071 -8.50071 0.00000 3.36071 -8.49929 0.00000 3.35929 -7.85929 0.00000 3.99929 -7.86071 0.00000 4.00071 -8.50071 0.00000 3.32071 -8.49929 0.00000 3.31929 -7.81929 0.00000 3.99929 -7.82071 0.00000 4.00071 -8.50071 0.00000 3.28071 -8.49929 0.00000 3.27929 -7.77929 0.00000 3.99929 -7.78071 0.00000 4.00071 -8.50071 0.00000 3.24071 -8.49929 0.00000 3.23929 -7.73929 0.00000 3.99929 -7.74071 0.00000 4.00071 -8.50071 0.00000 3.20071 -8.49929 0.00000 3.19929 -7.69929 0.00000 3.99929 -7.70071 0.00000 4.00071 -8.50071 0.00000 3.16071 -8.49929 0.00000 3.15929 -7.65929 0.00000 3.99929 -7.66071 0.00000 4.00071 -8.50071 0.00000 3.12071 -8.49929 0.00000 3.11929 -7.61929 0.00000 3.99929 -7.62071 0.00000 4.00071 -8.50071 0.00000 3.08071 -8.49929 0.00000 3.07929 -7.57929 0.00000 3.99929 -7.58071 0.00000 4.00071 -8.50071 0.00000 3.04071 -8.49929 0.00000 3.03929 -7.53929 0.00000 3.99929 -7.54071 0.00000 4.00071 -8.50071 0.00000 3.00071 -8.49929 0.00000 2.99929 -7.49929 0.00000 3.99929 -7.50071 0.00000 4.00071 -8.50071 0.00000 2.96071 -8.49929 0.00000 2.95929 -7.45929 0.00000 3.99929 -7.46071 0.00000 4.00071 -8.50071 0.00000 2.92071 -8.49929 0.00000 2.91929 -7.41929 0.00000 3.99929 -7.42071 0.00000 4.00071 -8.50071 0.00000 2.88071 -8.49929 0.00000 2.87929 -7.37929 0.00000 3.99929 -7.38071 0.00000 4.00071 -8.50071 0.00000 2.84071 -8.49929 0.00000 2.83929 -7.33929 0.00000 3.99929 -7.34071 0.00000 4.00071 -8.50071 0.00000 2.80071 -8.49929 0.00000 2.79929 -7.29929 0.00000 3.99929 -7.30071 0.00000 4.00071 -8.50071 0.00000 2.76071 -8.49929 0.00000 2.75929 -7.25929 0.00000 3.99929 -7.26071 0.00000 4.00071 -8.50071 0.00000 2.72071 -8.49929 0.00000 2.71929 -7.21929 0.00000 3.99929 -7.22071 0.00000 4.00071 -8.50071 0.00000 2.68071 -8.49929 0.00000 2.67929 -7.17929 0.00000 3.99929 -7.18071 0.00000 4.00071 -8.50071 0.00000 2.64071 -8.49929 0.00000 2.63929 -7.13929 0.00000 3.99929 -7.14071 0.00000 4.00071 -8.50071 0.00000 2.60071 -8.49929 0.00000 2.59929 -7.09929 0.00000 3.99929 -7.10071 0.00000 4.00071 -8.50071 0.00000 2.56071 -8.49929 0.00000 2.55929 -7.05929 0.00000 3.99929 -7.06071 0.00000 4.00071 -8.50071 0.00000 2.52071 -8.49929 0.00000 2.51929 -7.01929 0.00000 3.99929 -7.02071 0.00000 4.00071 -8.50071 0.00000 2.48071 -8.49929 0.00000 2.47929 -6.97929 0.00000 3.99929 -6.98071 0.00000 4.00071 -8.50071 0.00000 2.44071 -8.49929 0.00000 2.43929 -6.93929 0.00000 3.99929 -6.94071 0.00000 4.00071 -8.50071 0.00000 2.40071 -8.49929 0.00000 2.39929 -6.89929 0.00000 3.99929 -6.90071 0.00000 4.00071 -8.50071 0.00000 2.36071 -8.49929 0.00000 2.35929 -6.85929 0.00000 3.99929 -6.86071 0.00000 4.00071 -8.50071 0.00000 2.32071 -8.49929 0.00000 2.31929 -6.81929 0.00000 3.99929 -6.82071 0.00000 4.00071 -8.50071 0.00000 2.28071 -8.49929 0.00000 2.27929 -6.77929 0.00000 3.99929 -6.78071 0.00000 4.00071 -8.50071 0.00000 2.24071 -8.49929 0.00000 2.23929 -6.73929 0.00000 3.99929 -6.74071 0.00000 4.00071 -8.50071 0.00000 2.20071 -8.49929 0.00000 2.19929 -6.69929 0.00000 3.99929 -6.70071 0.00000 4.00071 -8.50071 0.00000 2.16071 -8.49929 0.00000 2.15929 -6.65929 0.00000 3.99929 -6.66071 0.00000 4.00071 -8.50071 0.00000 2.12071 -8.49929 0.00000 2.11929 -6.61929 0.00000 3.99929 -6.62071 0.00000 4.00071 -8.50071 0.00000 2.08071 -8.49929 0.00000 2.07929 -6.57929 0.00000 3.99929 -6.58071 0.00000 4.00071 -8.50071 0.00000 2.04071 -8.49929 0.00000 2.03929 -6.53929 0.00000 3.99929 -6.54071 0.00000 4.00071 -8.50071 0.00000 2.00071 -8.49929 0.00000 1.99929 -6.49929 0.00000 3.99929 -6.50071 0.00000 4.00071 -8.50071 0.00000 1.96071 -8.49929 0.00000 1.95929 -6.45929 0.00000 3.99929 -6.46071 0.00000 4.00071 -8.50071 0.00000 1.92071 -8.49929 0.00000 1.91929 -6.41929 0.00000 3.99929 -6.42071 0.00000 4.00071 -8.50071 0.00000 1.88071 -8.49929 0.00000 1.87929 -6.37929 0.00000 3.99929 -6.38071 0.00000 4.00071 -8.50071 0.00000 1.84071 -8.49929 0.00000 1.83929 -6.33929 0.00000 3.99929 -6.34071 0.00000 4.00071 -8.50071 0.00000 1.80071 -8.49929 0.00000 1.79929 -6.29929 0.00000 3.99929 -6.30071 0.00000 4.00071 -8.50071 0.00000 1.76071 -8.49929 0.00000 1.75929 -6.25929 0.00000 3.99929 -6.26071 0.00000 4.00071 -8.50071 0.00000 1.72071 -8.49929 0.00000 1.71929 -6.21929 0.00000 3.99929 -6.22071 0.00000 4.00071 -8.50071 0.00000 1.68071 -8.49929 0.00000 1.67929 -6.17929 0.00000 3.99929 -6.18071 0.00000 4.00071 -8.50071 0.00000 1.64071 -8.49929 0.00000 1.63929 -6.13929 0.00000 3.99929 -6.14071 0.00000 4.00071 -8.50071 0.00000 1.60071 -8.49929 0.00000 1.59929 -6.09929 0.00000 3.99929 -6.10071 0.00000 4.00071 -8.50071 0.00000 1.56071 -8.49929 0.00000 1.55929 -6.05929 0.00000 3.99929 -6.06071 0.00000 4.00071 -8.50071 0.00000 1.52071 -8.49929 0.00000 1.51929 -6.01929 0.00000 3.99929 -6.02071 0.00000 4.00071 -8.50071 0.00000 1.48071 -8.49929 0.00000 1.47929 -5.97929 0.00000 3.99929 -5.98071 0.00000 4.00071 -8.50071 0.00000 1.44071 -8.49929 0.00000 1.43929 -5.93929 0.00000 3.99929 -5.94071 0.00000 4.00071 -8.50071 0.00000 1.40071 -8.49929 0.00000 1.39929 -5.89929 0.00000 3.99929 -5.90071 0.00000 4.00071 -8.50071 0.00000 1.36071 -8.49929 0.00000 1.35929 -5.85929 0.00000 3.99929 -5.86071 0.00000 4.00071 -8.50071 0.00000 1.32071 -8.49929 0.00000 1.31929 -5.81929 0.00000 3.99929 -5.82071 0.00000 4.00071 -8.50071 0.00000 1.28071 -8.49929 0.00000 1.27929 -5.77929 0.00000 3.99929 -5.78071 0.00000 4.00071 -8.50071 0.00000 1.24071 -8.49929 0.00000 1.23929 -5.73929 0.00000 3.99929 -5.74071 0.00000 4.00071 -8.50071 0.00000 1.20071 -8.49929 0.00000 1.19929 -5.69929 0.00000 3.99929 -5.70071 0.00000 4.00071 -8.50071 0.00000 1.16071 -8.49929 0.00000 1.15929 -5.65929 0.00000 3.99929 -5.66071 0.00000 4.00071 -8.50071 0.00000 1.12071 -8.49929 0.00000 1.11929 -5.61929 0.00000 3.99929 -5.62071 0.00000 4.00071 -8.50071 0.00000 1.08071 -8.49929 0.00000 1.07929 -5.57929 0.00000 3.99929 -5.58071 0.00000 4.00071 -8.50071 0.00000 1.04071 -8.49929 0.00000 1.03929 -5.53929 0.00000 3.99929 -5.54071 0.00000 4.00071 -8.50071 0.00000 1.00071 -8.49929 0.00000 0.99929 -5.49929 0.00000 3.99929 -5.50071 0.00000 4.00071 -8.50071 0.00000 0.96071 -8.49929 0.00000 0.95929 -5.45929 0.00000 3.99929 -5.46071 0.00000 4.00071 -8.50071 0.00000 0.92071 -8.49929 0.00000 0.91929 -5.41929 0.00000 3.99929 -5.42071 0.00000 4.00071 -8.50071 0.00000 0.88071 -8.49929 0.00000 0.87929 -5.37929 0.00000 3.99929 -5.38071 0.00000 4.00071 -8.50071 0.00000 0.84071 -8.49929 0.00000 0.83929 -5.33929 0.00000 3.99929 -5.34071 0.00000 4.00071 -8.50071 0.00000 0.80071 -8.49929 0.00000 0.79929 -5.29929 0.00000 3.99929 -5.30071 0.00000 4.00071 -8.50071 0.00000 0.76071 -8.49929 0.00000 0.75929 -5.25929 0.00000 3.99929 -5.26071 0.00000 4.00071 -8.50071 0.00000 0.72071 -8.49929 0.00000 0.71929 -5.21929 0.00000 3.99929 -5.22071 0.00000 4.00071 -8.50071 0.00000 0.68071 -8.49929 0.00000 0.67929 -5.17929 0.00000 3.99929 -5.18071 0.00000 4.00071 -8.50071 0.00000 0.64071 -8.49929 0.00000 0.63929 -5.13929 0.00000 3.99929 -5.14071 0.00000 4.00071 -8.50071 0.00000 0.60071 -8.49929 0.00000 0.59929 -5.09929 0.00000 3.99929 -5.10071 0.00000 4.00071 -8.50071 0.00000 0.56071 -8.49929 0.00000 0.55929 -5.05929 0.00000 3.99929 -5.06071 0.00000 4.00071 -8.50071 0.00000 0.52071 -8.49929 0.00000 0.51929 -5.01929 0.00000 3.99929 -5.02071 0.00000 4.00071 -8.50071 0.00000 0.48071 -8.49929 0.00000 0.47929 -4.97929 0.00000 3.99929 -4.98071 0.00000 4.00071 -8.50071 0.00000 0.44071 -8.49929 0.00000 0.43929 -4.93929 0.00000 3.99929 -4.94071 0.00000 4.00071 -8.50071 0.00000 0.40071 -8.49929 0.00000 0.39929 -4.89929 0.00000 3.99929 -4.90071 0.00000 4.00071 -8.50071 0.00000 0.36071 -8.49929 0.00000 0.35929 -4.85929 0.00000 3.99929 -4.86071 0.00000 4.00071 -8.50071 0.00000 0.32071 -8.49929 0.00000 0.31929 -4.81929 0.00000 3.99929 -4.82071 0.00000 4.00071 -8.50071 0.00000 0.28071 -8.49929 0.00000 0.27929 -4.77929 0.00000 3.99929 -4.78071 0.00000 4.00071 -8.50071 0.00000 0.24071 -8.49929 0.00000 0.23929 -4.73929 0.00000 3.99929 -4.74071 0.00000 4.00071 -8.50071 0.00000 0.20071 -8.49929 0.00000 0.19929 -4.69929 0.00000 3.99929 -4.70071 0.00000 4.00071 -8.50071 0.00000 0.16071 -8.49929 0.00000 0.15929 -4.65929 0.00000 3.99929 -4.66071 0.00000 4.00071 -8.50071 0.00000 0.12071 -8.49929 0.00000 0.11929 -4.61929 0.00000 3.99929 -4.62071 0.00000 4.00071 -8.50071 0.00000 0.08071 -8.49929 0.00000 0.07929 -4.57929 0.00000 3.99929 -4.58071 0.00000 4.00071 -8.50071 0.00000 0.04071 -8.49929 0.00000 0.03929 -4.53929 0.00000 3.99929 -4.54071 0.00000 4.00071 -8.50071 0.00000 0.00071 -8.49929 0.00000 -0.00071 -4.49929 0.00000 3.99929 -4.50071 0.00000 4.00071 -8.46071 0.00000 0.00071 -8.45929 0.00000 -0.00071 -4.45929 0.00000 3.99929 -4.46071 0.00000 4.00071 -8.42071 0.00000 0.00071 -8.41929 0.00000 -0.00071 -4.41929 0.00000 3.99929 -4.42071 0.00000 4.00071 -8.38071 0.00000 0.00071 -8.37929 0.00000 -0.00071 -4.37929 0.00000 3.99929 -4.38071 0.00000 4.00071 -8.34071 0.00000 0.00071 -8.33929 0.00000 -0.00071 -4.33929 0.00000 3.99929 -4.34071 0.00000 4.00071 -8.30071 0.00000 0.00071 -8.29929 0.00000 -0.00071 -4.29929 0.00000 3.99929 -4.30071 0.00000 4.00071 -8.26071 0.00000 0.00071 -8.25929 0.00000 -0.00071 -4.25929 0.00000 3.99929 -4.26071 0.00000 4.00071 -8.22071 0.00000 0.00071 -8.21929 0.00000 -0.00071 -4.21929 0.00000 3.99929 -4.22071 0.00000 4.00071 -8.18071 0.00000 0.00071 -8.17929 0.00000 -0.00071 -4.17929 0.00000 3.99929 -4.18071 0.00000 4.00071 -8.14071 0.00000 0.00071 -8.13929 0.00000 -0.00071 -4.13929 0.00000 3.99929 -4.14071 0.00000 4.00071 -8.10071 0.00000 0.00071 -8.09929 0.00000 -0.00071 -4.09929 0.00000 3.99929 -4.10071 0.00000 4.00071 -8.06071 0.00000 0.00071 -8.05929 0.00000 -0.00071 -4.05929 0.00000 3.99929 -4.06071 0.00000 4.00071 -8.02071 0.00000 0.00071 -8.01929 0.00000 -0.00071 -4.01929 0.00000 3.99929 -4.02071 0.00000 4.00071 -7.98071 0.00000 0.00071 -7.97929 0.00000 -0.00071 -3.97929 0.00000 3.99929 -3.98071 0.00000 4.00071 -7.94071 0.00000 0.00071 -7.93929 0.00000 -0.00071 -3.93929 0.00000 3.99929 -3.94071 0.00000 4.00071 -7.90071 0.00000 0.00071 -7.89929 0.00000 -0.00071 -3.89929 0.00000 3.99929 -3.90071 0.00000 4.00071 -7.86071 0.00000 0.00071 -7.85929 0.00000 -0.00071 -3.85929 0.00000 3.99929 -3.86071 0.00000 4.00071 -7.82071 0.00000 0.00071 -7.81929 0.00000 -0.00071 -3.81929 0.00000 3.99929 -3.82071 0.00000 4.00071 -7.78071 0.00000 0.00071 -7.77929 0.00000 -0.00071 -3.77929 0.00000 3.99929 -3.78071 0.00000 4.00071 -7.74071 0.00000 0.00071 -7.73929 0.00000 -0.00071 -3.73929 0.00000 3.99929 -3.74071 0.00000 4.00071 -7.70071 0.00000 0.00071 -7.69929 0.00000 -0.00071 -3.69929 0.00000 3.99929 -3.70071 0.00000 4.00071 -7.66071 0.00000 0.00071 -7.65929 0.00000 -0.00071 -3.65929 0.00000 3.99929 -3.66071 0.00000 4.00071 -7.62071 0.00000 0.00071 -7.61929 0.00000 -0.00071 -3.61929 0.00000 3.99929 -3.62071 0.00000 4.00071 -7.58071 0.00000 0.00071 -7.57929 0.00000 -0.00071 -3.57929 0.00000 3.99929 -3.58071 0.00000 4.00071 -7.54071 0.00000 0.00071 -7.53929 0.00000 -0.00071 -3.53929 0.00000 3.99929 -3.54071 0.00000 4.00071 -7.50071 0.00000 0.00071 -7.49929 0.00000 -0.00071 -3.49929 0.00000 3.99929 -3.50071 0.00000 4.00071 -7.46071 0.00000 0.00071 -7.45929 0.00000 -0.00071 -3.45929 0.00000 3.99929 -3.46071 0.00000 4.00071 -7.42071 0.00000 0.00071 -7.41929 0.00000 -0.00071 -3.41929 0.00000 3.99929 -3.42071 0.00000 4.00071 -7.38071 0.00000 0.00071 -7.37929 0.00000 -0.00071 -3.37929 0.00000 3.99929 -3.38071 0.00000 4.00071 -7.34071 0.00000 0.00071 -7.33929 0.00000 -0.00071 -3.33929 0.00000 3.99929 -3.34071 0.00000 4.00071 -7.30071 0.00000 0.00071 -7.29929 0.00000 -0.00071 -3.29929 0.00000 3.99929 -3.30071 0.00000 4.00071 -7.26071 0.00000 0.00071 -7.25929 0.00000 -0.00071 -3.25929 0.00000 3.99929 -3.26071 0.00000 4.00071 -7.22071 0.00000 0.00071 -7.21929 0.00000 -0.00071 -3.21929 0.00000 3.99929 -3.22071 0.00000 4.00071 -7.18071 0.00000 0.00071 -7.17929 0.00000 -0.00071 -3.17929 0.00000 3.99929 -3.18071 0.00000 4.00071 -7.14071 0.00000 0.00071 -7.13929 0.00000 -0.00071 -3.13929 0.00000 3.99929 -3.14071 0.00000 4.00071 -7.10071 0.00000 0.00071 -7.09929 0.00000 -0.00071 -3.09929 0.00000 3.99929 -3.10071 0.00000 4.00071 -7.06071 0.00000 0.00071 -7.05929 0.00000 -0.00071 -3.05929 0.00000 3.99929 -3.06071 0.00000 4.00071 -7.02071 0.00000 0.00071 -7.01929 0.00000 -0.00071 -3.01929 0.00000 3.99929 -3.02071 0.00000 4.00071 -6.98071 0.00000 0.00071 -6.97929 0.00000 -0.00071 -2.97929 0.00000 3.99929 -2.98071 0.00000 4.00071 -6.94071 0.00000 0.00071 -6.93929 0.00000 -0.00071 -2.93929 0.00000 3.99929 -2.94071 0.00000 4.00071 -6.90071 0.00000 0.00071 -6.89929 0.00000 -0.00071 -2.89929 0.00000 3.99929 -2.90071 0.00000 4.00071 -6.86071 0.00000 0.00071 -6.85929 0.00000 -0.00071 -2.85929 0.00000 3.99929 -2.86071 0.00000 4.00071 -6.82071 0.00000 0.00071 -6.81929 0.00000 -0.00071 -2.81929 0.00000 3.99929 -2.82071 0.00000 4.00071 -6.78071 0.00000 0.00071 -6.77929 0.00000 -0.00071 -2.77929 0.00000 3.99929 -2.78071 0.00000 4.00071 -6.74071 0.00000 0.00071 -6.73929 0.00000 -0.00071 -2.73929 0.00000 3.99929 -2.74071 0.00000 4.00071 -6.70071 0.00000 0.00071 -6.69929 0.00000 -0.00071 -2.69929 0.00000 3.99929 -2.70071 0.00000 4.00071 -6.66071 0.00000 0.00071 -6.65929 0.00000 -0.00071 -2.65929 0.00000 3.99929 -2.66071 0.00000 4.00071 -6.62071 0.00000 0.00071 -6.61929 0.00000 -0.00071 -2.61929 0.00000 3.99929 -2.62071 0.00000 4.00071 -6.58071 0.00000 0.00071 -6.57929 0.00000 -0.00071 -2.57929 0.00000 3.99929 -2.58071 0.00000 4.00071 -6.54071 0.00000 0.00071 -6.53929 0.00000 -0.00071 -2.53929 0.00000 3.99929 -2.54071 0.00000 4.00071 -6.50071 0.00000 0.00071 -6.49929 0.00000 -0.00071 -2.49929 0.00000 3.99929 -2.50071 0.00000 4.00071 -6.46071 0.00000 0.00071 -6.45929 0.00000 -0.00071 -2.45929 0.00000 3.99929 -2.46071 0.00000 4.00071 -6.42071 0.00000 0.00071 -6.41929 0.00000 -0.00071 -2.41929 0.00000 3.99929 -2.42071 0.00000 4.00071 -6.38071 0.00000 0.00071 -6.37929 0.00000 -0.00071 -2.37929 0.00000 3.99929 -2.38071 0.00000 4.00071 -6.34071 0.00000 0.00071 -6.33929 0.00000 -0.00071 -2.33929 0.00000 3.99929 -2.34071 0.00000 4.00071 -6.30071 0.00000 0.00071 -6.29929 0.00000 -0.00071 -2.29929 0.00000 3.99929 -2.30071 0.00000 4.00071 -6.26071 0.00000 0.00071 -6.25929 0.00000 -0.00071 -2.25929 0.00000 3.99929 -2.26071 0.00000 4.00071 -6.22071 0.00000 0.00071 -6.21929 0.00000 -0.00071 -2.21929 0.00000 3.99929 -2.22071 0.00000 4.00071 -6.18071 0.00000 0.00071 -6.17929 0.00000 -0.00071 -2.17929 0.00000 3.99929 -2.18071 0.00000 4.00071 -6.14071 0.00000 0.00071 -6.13929 0.00000 -0.00071 -2.13929 0.00000 3.99929 -2.14071 0.00000 4.00071 -6.10071 0.00000 0.00071 -6.09929 0.00000 -0.00071 -2.09929 0.00000 3.99929 -2.10071 0.00000 4.00071 -6.06071 0.00000 0.00071 -6.05929 0.00000 -0.00071 -2.05929 0.00000 3.99929 -2.06071 0.00000 4.00071 -6.02071 0.00000 0.00071 -6.01929 0.00000 -0.00071 -2.01929 0.00000 3.99929 -2.02071 0.00000 4.00071 -5.98071 0.00000 0.00071 -5.97929 0.00000 -0.00071 -1.97929 0.00000 3.99929 -1.98071 0.00000 4.00071 -5.94071 0.00000 0.00071 -5.93929 0.00000 -0.00071 -1.93929 0.00000 3.99929 -1.94071 0.00000 4.00071 -5.90071 0.00000 0.00071 -5.89929 0.00000 -0.00071 -1.89929 0.00000 3.99929 -1.90071 0.00000 4.00071 -5.86071 0.00000 0.00071 -5.85929 0.00000 -0.00071 -1.85929 0.00000 3.99929 -1.86071 0.00000 4.00071 -5.82071 0.00000 0.00071 -5.81929 0.00000 -0.00071 -1.81929 0.00000 3.99929 -1.82071 0.00000 4.00071 -5.78071 0.00000 0.00071 -5.77929 0.00000 -0.00071 -1.77929 0.00000 3.99929 -1.78071 0.00000 4.00071 -5.74071 0.00000 0.00071 -5.73929 0.00000 -0.00071 -1.73929 0.00000 3.99929 -1.74071 0.00000 4.00071 -5.70071 0.00000 0.00071 -5.69929 0.00000 -0.00071 -1.69929 0.00000 3.99929 -1.70071 0.00000 4.00071 -5.66071 0.00000 0.00071 -5.65929 0.00000 -0.00071 -1.65929 0.00000 3.99929 -1.66071 0.00000 4.00071 -5.62071 0.00000 0.00071 -5.61929 0.00000 -0.00071 -1.61929 0.00000 3.99929 -1.62071 0.00000 4.00071 -5.58071 0.00000 0.00071 -5.57929 0.00000 -0.00071 -1.57929 0.00000 3.99929 -1.58071 0.00000 4.00071 -5.54071 0.00000 0.00071 -5.53929 0.00000 -0.00071 -1.53929 0.00000 3.99929 -1.54071 0.00000 4.00071 -5.50071 0.00000 0.00071 -5.49929 0.00000 -0.00071 -1.49929 0.00000 3.99929 -1.50071 0.00000 4.00071 -5.46071 0.00000 0.00071 -5.45929 0.00000 -0.00071 -1.45929 0.00000 3.99929 -1.46071 0.00000 4.00071 -5.42071 0.00000 0.00071 -5.41929 0.00000 -0.00071 -1.41929 0.00000 3.99929 -1.42071 0.00000 4.00071 -5.38071 0.00000 0.00071 -5.37929 0.00000 -0.00071 -1.37929 0.00000 3.99929 -1.38071 0.00000 4.00071 -5.34071 0.00000 0.00071 -5.33929 0.00000 -0.00071 -1.33929 0.00000 3.99929 -1.34071 0.00000 4.00071 -5.30071 0.00000 0.00071 -5.29929 0.00000 -0.00071 -1.29929 0.00000 3.99929 -1.30071 0.00000 4.00071 -5.26071 0.00000 0.00071 -5.25929 0.00000 -0.00071 -1.25929 0.00000 3.99929 -1.26071 0.00000 4.00071 -5.22071 0.00000 0.00071 -5.21929 0.00000 -0.00071 -1.21929 0.00000 3.99929 -1.22071 0.00000 4.00071 -5.18071 0.00000 0.00071 -5.17929 0.00000 -0.00071 -1.17929 0.00000 3.99929 -1.18071 0.00000 4.00071 -5.14071 0.00000 0.00071 -5.13929 0.00000 -0.00071 -1.13929 0.00000 3.99929 -1.14071 0.00000 4.00071 -5.10071 0.00000 0.00071 -5.09929 0.00000 -0.00071 -1.09929 0.00000 3.99929 -1.10071 0.00000 4.00071 -5.06071 0.00000 0.00071 -5.05929 0.00000 -0.00071 -1.05929 0.00000 3.99929 -1.06071 0.00000 4.00071 -5.02071 0.00000 0.00071 -5.01929 0.00000 -0.00071 -1.01929 0.00000 3.99929 -1.02071 0.00000 4.00071 -4.98071 0.00000 0.00071 -4.97929 0.00000 -0.00071 -0.97929 0.00000 3.99929 -0.98071 0.00000 4.00071 -4.94071 0.00000 0.00071 -4.93929 0.00000 -0.00071 -0.93929 0.00000 3.99929 -0.94071 0.00000 4.00071 -4.90071 0.00000 0.00071 -4.89929 0.00000 -0.00071 -0.89929 0.00000 3.99929 -0.90071 0.00000 4.00071 -4.86071 0.00000 0.00071 -4.85929 0.00000 -0.00071 -0.85929 0.00000 3.99929 -0.86071 0.00000 4.00071 -4.82071 0.00000 0.00071 -4.81929 0.00000 -0.00071 -0.81929 0.00000 3.99929 -0.82071 0.00000 4.00071 -4.78071 0.00000 0.00071 -4.77929 0.00000 -0.00071 -0.77929 0.00000 3.99929 -0.78071 0.00000 4.00071 -4.74071 0.00000 0.00071 -4.73929 0.00000 -0.00071 -0.73929 0.00000 3.99929 -0.74071 0.00000 4.00071 -4.70071 0.00000 0.00071 -4.69929 0.00000 -0.00071 -0.69929 0.00000 3.99929 -0.70071 0.00000 4.00071 -4.66071 0.00000 0.00071 -4.65929 0.00000 -0.00071 -0.65929 0.00000 3.99929 -0.66071 0.00000 4.00071 -4.62071 0.00000 0.00071 -4.61929 0.00000 -0.00071 -0.61929 0.00000 3.99929 -0.62071 0.00000 4.00071 -4.58071 0.00000 0.00071 -4.57929 0.00000 -0.00071 -0.57929 0.00000 3.99929 -0.58071 0.00000 4.00071 -4.54071 0.00000 0.00071 -4.53929 0.00000 -0.00071 -0.53929 0.00000 3.99929 -0.54071 0.00000 4.00071 -4.50071 0.00000 0.00071 -4.49929 0.00000 -0.00071 -0.49929 0.00000 3.99929 -0.50071 0.00000 4.00071 -4.46071 0.00000 0.00071 -4.45929 0.00000 -0.00071 -0.45929 0.00000 3.99929 -0.46071 0.00000 4.00071 -4.42071 0.00000 0.00071 -4.41929 0.00000 -0.00071 -0.41929 0.00000 3.99929 -0.42071 0.00000 4.00071 -4.38071 0.00000 0.00071 -4.37929 0.00000 -0.00071 -0.37929 0.00000 3.99929 -0.38071 0.00000 4.00071 -4.34071 0.00000 0.00071 -4.33929 0.00000 -0.00071 -0.33929 0.00000 3.99929 -0.34071 0.00000 4.00071 -4.30071 0.00000 0.00071 -4.29929 0.00000 -0.00071 -0.29929 0.00000 3.99929 -0.30071 0.00000 4.00071 -4.26071 0.00000 0.00071 -4.25929 0.00000 -0.00071 -0.25929 0.00000 3.99929 -0.26071 0.00000 4.00071 -4.22071 0.00000 0.00071 -4.21929 0.00000 -0.00071 -0.21929 0.00000 3.99929 -0.22071 0.00000 4.00071 -4.18071 0.00000 0.00071 -4.17929 0.00000 -0.00071 -0.17929 0.00000 3.99929 -0.18071 0.00000 4.00071 -4.14071 0.00000 0.00071 -4.13929 0.00000 -0.00071 -0.13929 0.00000 3.99929 -0.14071 0.00000 4.00071 -4.10071 0.00000 0.00071 -4.09929 0.00000 -0.00071 -0.09929 0.00000 3.99929 -0.10071 0.00000 4.00071 -4.06071 0.00000 0.00071 -4.05929 0.00000 -0.00071 -0.05929 0.00000 3.99929 -0.06071 0.00000 4.00071 -4.02071 0.00000 0.00071 -4.01929 0.00000 -0.00071 -0.01929 0.00000 3.99929 -0.02071 0.00000 4.00071 -3.98071 0.00000 0.00071 -3.97929 0.00000 -0.00071 0.02071 0.00000 3.99929 0.01929 0.00000 4.00071 -3.94071 0.00000 0.00071 -3.93929 0.00000 -0.00071 0.06071 0.00000 3.99929 0.05929 0.00000 4.00071 -3.90071 0.00000 0.00071 -3.89929 0.00000 -0.00071 0.10071 0.00000 3.99929 0.09929 0.00000 4.00071 -3.86071 0.00000 0.00071 -3.85929 0.00000 -0.00071 0.14071 0.00000 3.99929 0.13929 0.00000 4.00071 -3.82071 0.00000 0.00071 -3.81929 0.00000 -0.00071 0.18071 0.00000 3.99929 0.17929 0.00000 4.00071 -3.78071 0.00000 0.00071 -3.77929 0.00000 -0.00071 0.22071 0.00000 3.99929 0.21929 0.00000 4.00071 -3.74071 0.00000 0.00071 -3.73929 0.00000 -0.00071 0.26071 0.00000 3.99929 0.25929 0.00000 4.00071 -3.70071 0.00000 0.00071 -3.69929 0.00000 -0.00071 0.30071 0.00000 3.99929 0.29929 0.00000 4.00071 -3.66071 0.00000 0.00071 -3.65929 0.00000 -0.00071 0.34071 0.00000 3.99929 0.33929 0.00000 4.00071 -3.62071 0.00000 0.00071 -3.61929 0.00000 -0.00071 0.38071 0.00000 3.99929 0.37929 0.00000 4.00071 -3.58071 0.00000 0.00071 -3.57929 0.00000 -0.00071 0.42071 0.00000 3.99929 0.41929 0.00000 4.00071 -3.54071 0.00000 0.00071 -3.53929 0.00000 -0.00071 0.46071 0.00000 3.99929 0.45929 0.00000 4.00071 -3.50071 0.00000 0.00071 -3.49929 0.00000 -0.00071 0.50071 0.00000 3.99929 0.49929 0.00000 4.00071 -3.46071 0.00000 0.00071 -3.45929 0.00000 -0.00071 0.54071 0.00000 3.99929 0.53929 0.00000 4.00071 -3.42071 0.00000 0.00071 -3.41929 0.00000 -0.00071 0.58071 0.00000 3.99929 0.57929 0.00000 4.00071 -3.38071 0.00000 0.00071 -3.37929 0.00000 -0.00071 0.62071 0.00000 3.99929 0.61929 0.00000 4.00071 -3.34071 0.00000 0.00071 -3.33929 0.00000 -0.00071 0.66071 0.00000 3.99929 0.65929 0.00000 4.00071 -3.30071 0.00000 0.00071 -3.29929 0.00000 -0.00071 0.70071 0.00000 3.99929 0.69929 0.00000 4.00071 -3.26071 0.00000 0.00071 -3.25929 0.00000 -0.00071 0.74071 0.00000 3.99929 0.73929 0.00000 4.00071 -3.22071 0.00000 0.00071 -3.21929 0.00000 -0.00071 0.78071 0.00000 3.99929 0.77929 0.00000 4.00071 -3.18071 0.00000 0.00071 -3.17929 0.00000 -0.00071 0.82071 0.00000 3.99929 0.81929 0.00000 4.00071 -3.14071 0.00000 0.00071 -3.13929 0.00000 -0.00071 0.86071 0.00000 3.99929 0.85929 0.00000 4.00071 -3.10071 0.00000 0.00071 -3.09929 0.00000 -0.00071 0.90071 0.00000 3.99929 0.89929 0.00000 4.00071 -3.06071 0.00000 0.00071 -3.05929 0.00000 -0.00071 0.94071 0.00000 3.99929 0.93929 0.00000 4.00071 -3.02071 0.00000 0.00071 -3.01929 0.00000 -0.00071 0.98071 0.00000 3.99929 0.97929 0.00000 4.00071 -2.98071 0.00000 0.00071 -2.97929 0.00000 -0.00071 1.02071 0.00000 3.99929 1.01929 0.00000 4.00071 -2.94071 0.00000 0.00071 -2.93929 0.00000 -0.00071 1.06071 0.00000 3.99929 1.05929 0.00000 4.00071 -2.90071 0.00000 0.00071 -2.89929 0.00000 -0.00071 1.10071 0.00000 3.99929 1.09929 0.00000 4.00071 -2.86071 0.00000 0.00071 -2.85929 0.00000 -0.00071 1.14071 0.00000 3.99929 1.13929 0.00000 4.00071 -2.82071 0.00000 0.00071 -2.81929 0.00000 -0.00071 1.18071 0.00000 3.99929 1.17929 0.00000 4.00071 -2.78071 0.00000 0.00071 -2.77929 0.00000 -0.00071 1.22071 0.00000 3.99929 1.21929 0.00000 4.00071 -2.74071 0.00000 0.00071 -2.73929 0.00000 -0.00071 1.26071 0.00000 3.99929 1.25929 0.00000 4.00071 -2.70071 0.00000 0.00071 -2.69929 0.00000 -0.00071 1.30071 0.00000 3.99929 1.29929 0.00000 4.00071 -2.66071 0.00000 0.00071 -2.65929 0.00000 -0.00071 1.34071 0.00000 3.99929 1.33929 0.00000 4.00071 -2.62071 0.00000 0.00071 -2.61929 0.00000 -0.00071 1.38071 0.00000 3.99929 1.37929 0.00000 4.00071 -2.58071 0.00000 0.00071 -2.57929 0.00000 -0.00071 1.42071 0.00000 3.99929 1.41929 0.00000 4.00071 -2.54071 0.00000 0.00071 -2.53929 0.00000 -0.00071 1.46071 0.00000 3.99929 1.45929 0.00000 4.00071 -2.50071 0.00000 0.00071 -2.49929 0.00000 -0.00071 1.50071 0.00000 3.99929 1.49929 0.00000 4.00071 -2.46071 0.00000 0.00071 -2.45929 0.00000 -0.00071 1.54071 0.00000 3.99929 1.53929 0.00000 4.00071 -2.42071 0.00000 0.00071 -2.41929 0.00000 -0.00071 1.58071 0.00000 3.99929 1.57929 0.00000 4.00071 -2.38071 0.00000 0.00071 -2.37929 0.00000 -0.00071 1.62071 0.00000 3.99929 1.61929 0.00000 4.00071 -2.34071 0.00000 0.00071 -2.33929 0.00000 -0.00071 1.66071 0.00000 3.99929 1.65929 0.00000 4.00071 -2.30071 0.00000 0.00071 -2.29929 0.00000 -0.00071 1.70071 0.00000 3.99929 1.69929 0.00000 4.00071 -2.26071 0.00000 0.00071 -2.25929 0.00000 -0.00071 1.74071 0.00000 3.99929 1.73929 0.00000 4.00071 -2.22071 0.00000 0.00071 -2.21929 0.00000 -0.00071 1.78071 0.00000 3.99929 1.77929 0.00000 4.00071 -2.18071 0.00000 0.00071 -2.17929 0.00000 -0.00071 1.82071 0.00000 3.99929 1.81929 0.00000 4.00071 -2.14071 0.00000 0.00071 -2.13929 0.00000 -0.00071 1.86071 0.00000 3.99929 1.85929 0.00000 4.00071 -2.10071 0.00000 0.00071 -2.09929 0.00000 -0.00071 1.90071 0.00000 3.99929 1.89929 0.00000 4.00071 -2.06071 0.00000 0.00071 -2.05929 0.00000 -0.00071 1.94071 0.00000 3.99929 1.93929 0.00000 4.00071 -2.02071 0.00000 0.00071 -2.01929 0.00000 -0.00071 1.98071 0.00000 3.99929 1.97929 0.00000 4.00071 -1.98071 0.00000 0.00071 -1.97929 0.00000 -0.00071 2.02071 0.00000 3.99929 2.01929 0.00000 4.00071 -1.94071 0.00000 0.00071 -1.93929 0.00000 -0.00071 2.06071 0.00000 3.99929 2.05929 0.00000 4.00071 -1.90071 0.00000 0.00071 -1.89929 0.00000 -0.00071 2.10071 0.00000 3.99929 2.09929 0.00000 4.00071 -1.86071 0.00000 0.00071 -1.85929 0.00000 -0.00071 2.14071 0.00000 3.99929 2.13929 0.00000 4.00071 -1.82071 0.00000 0.00071 -1.81929 0.00000 -0.00071 2.18071 0.00000 3.99929 2.17929 0.00000 4.00071 -1.78071 0.00000 0.00071 -1.77929 0.00000 -0.00071 2.22071 0.00000 3.99929 2.21929 0.00000 4.00071 -1.74071 0.00000 0.00071 -1.73929 0.00000 -0.00071 2.26071 0.00000 3.99929 2.25929 0.00000 4.00071 -1.70071 0.00000 0.00071 -1.69929 0.00000 -0.00071 2.30071 0.00000 3.99929 2.29929 0.00000 4.00071 -1.66071 0.00000 0.00071 -1.65929 0.00000 -0.00071 2.34071 0.00000 3.99929 2.33929 0.00000 4.00071 -1.62071 0.00000 0.00071 -1.61929 0.00000 -0.00071 2.38071 0.00000 3.99929 2.37929 0.00000 4.00071 -1.58071 0.00000 0.00071 -1.57929 0.00000 -0.00071 2.42071 0.00000 3.99929 2.41929 0.00000 4.00071 -1.54071 0.00000 0.00071 -1.53929 0.00000 -0.00071 2.46071 0.00000 3.99929 2.45929 0.00000 4.00071 -1.50071 0.00000 0.00071 -1.49929 0.00000 -0.00071 2.50071 0.00000 3.99929 2.49929 0.00000 4.00071 -1.46071 0.00000 0.00071 -1.45929 0.00000 -0.00071 2.54071 0.00000 3.99929 2.53929 0.00000 4.00071 -1.42071 0.00000 0.00071 -1.41929 0.00000 -0.00071 2.58071 0.00000 3.99929 2.57929 0.00000 4.00071 -1.38071 0.00000 0.00071 -1.37929 0.00000 -0.00071 2.62071 0.00000 3.99929 2.61929 0.00000 4.00071 -1.34071 0.00000 0.00071 -1.33929 0.00000 -0.00071 2.66071 0.00000 3.99929 2.65929 0.00000 4.00071 -1.30071 0.00000 0.00071 -1.29929 0.00000 -0.00071 2.70071 0.00000 3.99929 2.69929 0.00000 4.00071 -1.26071 0.00000 0.00071 -1.25929 0.00000 -0.00071 2.74071 0.00000 3.99929 2.73929 0.00000 4.00071 -1.22071 0.00000 0.00071 -1.21929 0.00000 -0.00071 2.78071 0.00000 3.99929 2.77929 0.00000 4.00071 -1.18071 0.00000 0.00071 -1.17929 0.00000 -0.00071 2.82071 0.00000 3.99929 2.81929 0.00000 4.00071 -1.14071 0.00000 0.00071 -1.13929 0.00000 -0.00071 2.86071 0.00000 3.99929 2.85929 0.00000 4.00071 -1.10071 0.00000 0.00071 -1.09929 0.00000 -0.00071 2.90071 0.00000 3.99929 2.89929 0.00000 4.00071 -1.06071 0.00000 0.00071 -1.05929 0.00000 -0.00071 2.94071 0.00000 3.99929 2.93929 0.00000 4.00071 -1.02071 0.00000 0.00071 -1.01929 0.00000 -0.00071 2.98071 0.00000 3.99929 2.97929 0.00000 4.00071 -0.98071 0.00000 0.00071 -0.97929 0.00000 -0.00071 3.02071 0.00000 3.99929 3.01929 0.00000 4.00071 -0.94071 0.00000 0.00071 -0.93929 0.00000 -0.00071 3.06071 0.00000 3.99929 3.05929 0.00000 4.00071 -0.90071 0.00000 0.00071 -0.89929 0.00000 -0.00071 3.10071 0.00000 3.99929 3.09929 0.00000 4.00071 -0.86071 0.00000 0.00071 -0.85929 0.00000 -0.00071 3.14071 0.00000 3.99929 3.13929 0.00000 4.00071 -0.82071 0.00000 0.00071 -0.81929 0.00000 -0.00071 3.18071 0.00000 3.99929 3.17929 0.00000 4.00071 -0.78071 0.00000 0.00071 -0.77929 0.00000 -0.00071 3.22071 0.00000 3.99929 3.21929 0.00000 4.00071 -0.74071 0.00000 0.00071 -0.73929 0.00000 -0.00071 3.26071 0.00000 3.99929 3.25929 0.00000 4.00071 -0.70071 0.00000 0.00071 -0.69929 0.00000 -0.00071 3.30071 0.00000 3.99929 3.29929 0.00000 4.00071 -0.66071 0.00000 0.00071 -0.65929 0.00000 -0.00071 3.34071 0.00000 3.99929 3.33929 0.00000 4.00071 -0.62071 0.00000 0.00071 -0.61929 0.00000 -0.00071 3.38071 0.00000 3.99929 3.37929 0.00000 4.00071 -0.58071 0.00000 0.00071 -0.57929 0.00000 -0.00071 3.42071 0.00000 3.99929 3.41929 0.00000 4.00071 -0.54071 0.00000 0.00071 -0.53929 0.00000 -0.00071 3.46071 0.00000 3.99929 3.45929 0.00000 4.00071 -0.50071 0.00000 0.00071 -0.49929 0.00000 -0.00071 3.50071 0.00000 3.99929 3.49929 0.00000 4.00071 -0.46071 0.00000 0.00071 -0.45929 0.00000 -0.00071 3.54071 0.00000 3.99929 3.53929 0.00000 4.00071 -0.42071 0.00000 0.00071 -0.41929 0.00000 -0.00071 3.58071 0.00000 3.99929 3.57929 0.00000 4.00071 -0.38071 0.00000 0.00071 -0.37929 0.00000 -0.00071 3.62071 0.00000 3.99929 3.61929 0.00000 4.00071 -0.34071 0.00000 0.00071 -0.33929 0.00000 -0.00071 3.66071 0.00000 3.99929 3.65929 0.00000 4.00071 -0.30071 0.00000 0.00071 -0.29929 0.00000 -0.00071 3.70071 0.00000 3.99929 3.69929 0.00000 4.00071 -0.26071 0.00000 0.00071 -0.25929 0.00000 -0.00071 3.74071 0.00000 3.99929 3.73929 0.00000 4.00071 -0.22071 0.00000 0.00071 -0.21929 0.00000 -0.00071 3.78071 0.00000 3.99929 3.77929 0.00000 4.00071 -0.18071 0.00000 0.00071 -0.17929 0.00000 -0.00071 3.82071 0.00000 3.99929 3.81929 0.00000 4.00071 -0.14071 0.00000 0.00071 -0.13929 0.00000 -0.00071 3.86071 0.00000 3.99929 3.85929 0.00000 4.00071 -0.10071 0.00000 0.00071 -0.09929 0.00000 -0.00071 3.90071 0.00000 3.99929 3.89929 0.00000 4.00071 -0.06071 0.00000 0.00071 -0.05929 0.00000 -0.00071 3.94071 0.00000 3.99929 3.93929 0.00000 4.00071 -0.02071 0.00000 0.00071 -0.01929 0.00000 -0.00071 3.98071 0.00000 3.99929 3.97929 0.00000 4.00071 0.01929 0.00000 0.00071 0.02071 0.00000 -0.00071 4.02071 0.00000 3.99929 4.01929 0.00000 4.00071 0.05929 0.00000 0.00071 0.06071 0.00000 -0.00071 4.06071 0.00000 3.99929 4.05929 0.00000 4.00071 0.09929 0.00000 0.00071 0.10071 0.00000 -0.00071 4.10071 0.00000 3.99929 4.09929 0.00000 4.00071 0.13929 0.00000 0.00071 0.14071 0.00000 -0.00071 4.14071 0.00000 3.99929 4.13929 0.00000 4.00071 0.17929 0.00000 0.00071 0.18071 0.00000 -0.00071 4.18071 0.00000 3.99929 4.17929 0.00000 4.00071 0.21929 0.00000 0.00071 0.22071 0.00000 -0.00071 4.22071 0.00000 3.99929 4.21929 0.00000 4.00071 0.25929 0.00000 0.00071 0.26071 0.00000 -0.00071 4.26071 0.00000 3.99929 4.25929 0.00000 4.00071 0.29929 0.00000 0.00071 0.30071 0.00000 -0.00071 4.30071 0.00000 3.99929 4.29929 0.00000 4.00071 0.33929 0.00000 0.00071 0.34071 0.00000 -0.00071 4.34071 0.00000 3.99929 4.33929 0.00000 4.00071 0.37929 0.00000 0.00071 0.38071 0.00000 -0.00071 4.38071 0.00000 3.99929 4.37929 0.00000 4.00071 0.41929 0.00000 0.00071 0.42071 0.00000 -0.00071 4.42071 0.00000 3.99929 4.41929 0.00000 4.00071 0.45929 0.00000 0.00071 0.46071 0.00000 -0.00071 4.46071 0.00000 3.99929 4.45929 0.00000 4.00071 0.49929 0.00000 0.00071 0.50071 0.00000 -0.00071 4.50071 0.00000 3.99929 4.49929 0.00000 4.00071 0.53929 0.00000 0.00071 0.54071 0.00000 -0.00071 4.54071 0.00000 3.99929 4.53929 0.00000 4.00071 0.57929 0.00000 0.00071 0.58071 0.00000 -0.00071 4.58071 0.00000 3.99929 4.57929 0.00000 4.00071 0.61929 0.00000 0.00071 0.62071 0.00000 -0.00071 4.62071 0.00000 3.99929 4.61929 0.00000 4.00071 0.65929 0.00000 0.00071 0.66071 0.00000 -0.00071 4.66071 0.00000 3.99929 4.65929 0.00000 4.00071 0.69929 0.00000 0.00071 0.70071 0.00000 -0.00071 4.70071 0.00000 3.99929 4.69929 0.00000 4.00071 0.73929 0.00000 0.00071 0.74071 0.00000 -0.00071 4.74071 0.00000 3.99929 4.73929 0.00000 4.00071 0.77929 0.00000 0.00071 0.78071 0.00000 -0.00071 4.78071 0.00000 3.99929 4.77929 0.00000 4.00071 0.81929 0.00000 0.00071 0.82071 0.00000 -0.00071 4.82071 0.00000 3.99929 4.81929 0.00000 4.00071 0.85929 0.00000 0.00071 0.86071 0.00000 -0.00071 4.86071 0.00000 3.99929 4.85929 0.00000 4.00071 0.89929 0.00000 0.00071 0.90071 0.00000 -0.00071 4.90071 0.00000 3.99929 4.89929 0.00000 4.00071 0.93929 0.00000 0.00071 0.94071 0.00000 -0.00071 4.94071 0.00000 3.99929 4.93929 0.00000 4.00071 0.97929 0.00000 0.00071 0.98071 0.00000 -0.00071 4.98071 0.00000 3.99929 4.97929 0.00000 4.00071 1.01929 0.00000 0.00071 1.02071 0.00000 -0.00071 5.02071 0.00000 3.99929 5.01929 0.00000 4.00071 1.05929 0.00000 0.00071 1.06071 0.00000 -0.00071 5.06071 0.00000 3.99929 5.05929 0.00000 4.00071 1.09929 0.00000 0.00071 1.10071 0.00000 -0.00071 5.10071 0.00000 3.99929 5.09929 0.00000 4.00071 1.13929 0.00000 0.00071 1.14071 0.00000 -0.00071 5.14071 0.00000 3.99929 5.13929 0.00000 4.00071 1.17929 0.00000 0.00071 1.18071 0.00000 -0.00071 5.18071 0.00000 3.99929 5.17929 0.00000 4.00071 1.21929 0.00000 0.00071 1.22071 0.00000 -0.00071 5.22071 0.00000 3.99929 5.21929 0.00000 4.00071 1.25929 0.00000 0.00071 1.26071 0.00000 -0.00071 5.26071 0.00000 3.99929 5.25929 0.00000 4.00071 1.29929 0.00000 0.00071 1.30071 0.00000 -0.00071 5.30071 0.00000 3.99929 5.29929 0.00000 4.00071 1.33929 0.00000 0.00071 1.34071 0.00000 -0.00071 5.34071 0.00000 3.99929 5.33929 0.00000 4.00071 1.37929 0.00000 0.00071 1.38071 0.00000 -0.00071 5.38071 0.00000 3.99929 5.37929 0.00000 4.00071 1.41929 0.00000 0.00071 1.42071 0.00000 -0.00071 5.42071 0.00000 3.99929 5.41929 0.00000 4.00071 1.45929 0.00000 0.00071 1.46071 0.00000 -0.00071 5.46071 0.00000 3.99929 5.45929 0.00000 4.00071 1.49929 0.00000 0.00071 1.50071 0.00000 -0.00071 5.50071 0.00000 3.99929 5.49929 0.00000 4.00071 1.53929 0.00000 0.00071 1.54071 0.00000 -0.00071 5.54071 0.00000 3.99929 5.53929 0.00000 4.00071 1.57929 0.00000 0.00071 1.58071 0.00000 -0.00071 5.58071 0.00000 3.99929 5.57929 0.00000 4.00071 1.61929 0.00000 0.00071 1.62071 0.00000 -0.00071 5.62071 0.00000 3.99929 5.61929 0.00000 4.00071 1.65929 0.00000 0.00071 1.66071 0.00000 -0.00071 5.66071 0.00000 3.99929 5.65929 0.00000 4.00071 1.69929 0.00000 0.00071 1.70071 0.00000 -0.00071 5.70071 0.00000 3.99929 5.69929 0.00000 4.00071 1.73929 0.00000 0.00071 1.74071 0.00000 -0.00071 5.74071 0.00000 3.99929 5.73929 0.00000 4.00071 1.77929 0.00000 0.00071 1.78071 0.00000 -0.00071 5.78071 0.00000 3.99929 5.77929 0.00000 4.00071 1.81929 0.00000 0.00071 1.82071 0.00000 -0.00071 5.82071 0.00000 3.99929 5.81929 0.00000 4.00071 1.85929 0.00000 0.00071 1.86071 0.00000 -0.00071 5.86071 0.00000 3.99929 5.85929 0.00000 4.00071 1.89929 0.00000 0.00071 1.90071 0.00000 -0.00071 5.90071 0.00000 3.99929 5.89929 0.00000 4.00071 1.93929 0.00000 0.00071 1.94071 0.00000 -0.00071 5.94071 0.00000 3.99929 5.93929 0.00000 4.00071 1.97929 0.00000 0.00071 1.98071 0.00000 -0.00071 5.98071 0.00000 3.99929 5.97929 0.00000 4.00071 2.01929 0.00000 0.00071 2.02071 0.00000 -0.00071 6.02071 0.00000 3.99929 6.01929 0.00000 4.00071 2.05929 0.00000 0.00071 2.06071 0.00000 -0.00071 6.06071 0.00000 3.99929 6.05929 0.00000 4.00071 2.09929 0.00000 0.00071 2.10071 0.00000 -0.00071 6.10071 0.00000 3.99929 6.09929 0.00000 4.00071 2.13929 0.00000 0.00071 2.14071 0.00000 -0.00071 6.14071 0.00000 3.99929 6.13929 0.00000 4.00071 2.17929 0.00000 0.00071 2.18071 0.00000 -0.00071 6.18071 0.00000 3.99929 6.17929 0.00000 4.00071 2.21929 0.00000 0.00071 2.22071 0.00000 -0.00071 6.22071 0.00000 3.99929 6.21929 0.00000 4.00071 2.25929 0.00000 0.00071 2.26071 0.00000 -0.00071 6.26071 0.00000 3.99929 6.25929 0.00000 4.00071 2.29929 0.00000 0.00071 2.30071 0.00000 -0.00071 6.30071 0.00000 3.99929 6.29929 0.00000 4.00071 2.33929 0.00000 0.00071 2.34071 0.00000 -0.00071 6.34071 0.00000 3.99929 6.33929 0.00000 4.00071 2.37929 0.00000 0.00071 2.38071 0.00000 -0.00071 6.38071 0.00000 3.99929 6.37929 0.00000 4.00071 2.41929 0.00000 0.00071 2.42071 0.00000 -0.00071 6.42071 0.00000 3.99929 6.41929 0.00000 4.00071 2.45929 0.00000 0.00071 2.46071 0.00000 -0.00071 6.46071 0.00000 3.99929 6.45929 0.00000 4.00071 2.49929 0.00000 0.00071 2.50071 0.00000 -0.00071 6.50071 0.00000 3.99929 6.49929 0.00000 4.00071 2.53929 0.00000 0.00071 2.54071 0.00000 -0.00071 6.54071 0.00000 3.99929 6.53929 0.00000 4.00071 2.57929 0.00000 0.00071 2.58071 0.00000 -0.00071 6.58071 0.00000 3.99929 6.57929 0.00000 4.00071 2.61929 0.00000 0.00071 2.62071 0.00000 -0.00071 6.62071 0.00000 3.99929 6.61929 0.00000 4.00071 2.65929 0.00000 0.00071 2.66071 0.00000 -0.00071 6.66071 0.00000 3.99929 6.65929 0.00000 4.00071 2.69929 0.00000 0.00071 2.70071 0.00000 -0.00071 6.70071 0.00000 3.99929 6.69929 0.00000 4.00071 2.73929 0.00000 0.00071 2.74071 0.00000 -0.00071 6.74071 0.00000 3.99929 6.73929 0.00000 4.00071 2.77929 0.00000 0.00071 2.78071 0.00000 -0.00071 6.78071 0.00000 3.99929 6.77929 0.00000 4.00071 2.81929 0.00000 0.00071 2.82071 0.00000 -0.00071 6.82071 0.00000 3.99929 6.81929 0.00000 4.00071 2.85929 0.00000 0.00071 2.86071 0.00000 -0.00071 6.86071 0.00000 3.99929 6.85929 0.00000 4.00071 2.89929 0.00000 0.00071 2.90071 0.00000 -0.00071 6.90071 0.00000 3.99929 6.89929 0.00000 4.00071 2.93929 0.00000 0.00071 2.94071 0.00000 -0.00071 6.94071 0.00000 3.99929 6.93929 0.00000 4.00071 2.97929 0.00000 0.00071 2.98071 0.00000 -0.00071 6.98071 0.00000 3.99929 6.97929 0.00000 4.00071 3.01929 0.00000 0.00071 3.02071 0.00000 -0.00071 7.02071 0.00000 3.99929 7.01929 0.00000 4.00071 3.05929 0.00000 0.00071 3.06071 0.00000 -0.00071 7.06071 0.00000 3.99929 7.05929 0.00000 4.00071 3.09929 0.00000 0.00071 3.10071 0.00000 -0.00071 7.10071 0.00000 3.99929 7.09929 0.00000 4.00071 3.13929 0.00000 0.00071 3.14071 0.00000 -0.00071 7.14071 0.00000 3.99929 7.13929 0.00000 4.00071 3.17929 0.00000 0.00071 3.18071 0.00000 -0.00071 7.18071 0.00000 3.99929 7.17929 0.00000 4.00071 3.21929 0.00000 0.00071 3.22071 0.00000 -0.00071 7.22071 0.00000 3.99929 7.21929 0.00000 4.00071 3.25929 0.00000 0.00071 3.26071 0.00000 -0.00071 7.26071 0.00000 3.99929 7.25929 0.00000 4.00071 3.29929 0.00000 0.00071 3.30071 0.00000 -0.00071 7.30071 0.00000 3.99929 7.29929 0.00000 4.00071 3.33929 0.00000 0.00071 3.34071 0.00000 -0.00071 7.34071 0.00000 3.99929 7.33929 0.00000 4.00071 3.37929 0.00000 0.00071 3.38071 0.00000 -0.00071 7.38071 0.00000 3.99929 7.37929 0.00000 4.00071 3.41929 0.00000 0.00071 3.42071 0.00000 -0.00071 7.42071 0.00000 3.99929 7.41929 0.00000 4.00071 3.45929 0.00000 0.00071 3.46071 0.00000 -0.00071 7.46071 0.00000 3.99929 7.45929 0.00000 4.00071 3.49929 0.00000 0.00071 3.50071 0.00000 -0.00071 7.50071 0.00000 3.99929 7.49929 0.00000 4.00071 3.53929 0.00000 0.00071 3.54071 0.00000 -0.00071 7.54071 0.00000 3.99929 7.53929 0.00000 4.00071 3.57929 0.00000 0.00071 3.58071 0.00000 -0.00071 7.58071 0.00000 3.99929 7.57929 0.00000 4.00071 3.61929 0.00000 0.00071 3.62071 0.00000 -0.00071 7.62071 0.00000 3.99929 7.61929 0.00000 4.00071 3.65929 0.00000 0.00071 3.66071 0.00000 -0.00071 7.66071 0.00000 3.99929 7.65929 0.00000 4.00071 3.69929 0.00000 0.00071 3.70071 0.00000 -0.00071 7.70071 0.00000 3.99929 7.69929 0.00000 4.00071 3.73929 0.00000 0.00071 3.74071 0.00000 -0.00071 7.74071 0.00000 3.99929 7.73929 0.00000 4.00071 3.77929 0.00000 0.00071 3.78071 0.00000 -0.00071 7.78071 0.00000 3.99929 7.77929 0.00000 4.00071 3.81929 0.00000 0.00071 3.82071 0.00000 -0.00071 7.82071 0.00000 3.99929 7.81929 0.00000 4.00071 3.85929 0.00000 0.00071 3.86071 0.00000 -0.00071 7.86071 0.00000 3.99929 7.85929 0.00000 4.00071 3.89929 0.00000 0.00071 3.90071 0.00000 -0.00071 7.90071 0.00000 3.99929 7.89929 0.00000 4.00071 3.93929 0.00000 0.00071 3.94071 0.00000 -0.00071 7.94071 0.00000 3.99929 7.93929 0.00000 4.00071 3.97929 0.00000 0.00071 3.98071 0.00000 -0.00071 7.98071 0.00000 3.99929 7.97929 0.00000 4.00071 4.01929 0.00000 0.00071 4.02071 0.00000 -0.00071 8.02071 0.00000 3.99929 8.01929 0.00000 4.00071 4.05929 0.00000 0.00071 4.06071 0.00000 -0.00071 8.06071 0.00000 3.99929 8.05929 0.00000 4.00071 4.09929 0.00000 0.00071 4.10071 0.00000 -0.00071 8.10071 0.00000 3.99929 8.09929 0.00000 4.00071 4.13929 0.00000 0.00071 4.14071 0.00000 -0.00071 8.14071 0.00000 3.99929 8.13929 0.00000 4.00071 4.17929 0.00000 0.00071 4.18071 0.00000 -0.00071 8.18071 0.00000 3.99929 8.17929 0.00000 4.00071 4.21929 0.00000 0.00071 4.22071 0.00000 -0.00071 8.22071 0.00000 3.99929 8.21929 0.00000 4.00071 4.25929 0.00000 0.00071 4.26071 0.00000 -0.00071 8.26071 0.00000 3.99929 8.25929 0.00000 4.00071 4.29929 0.00000 0.00071 4.30071 0.00000 -0.00071 8.30071 0.00000 3.99929 8.29929 0.00000 4.00071 4.33929 0.00000 0.00071 4.34071 0.00000 -0.00071 8.34071 0.00000 3.99929 8.33929 0.00000 4.00071 4.37929 0.00000 0.00071 4.38071 0.00000 -0.00071 8.38071 0.00000 3.99929 8.37929 0.00000 4.00071 4.41929 0.00000 0.00071 4.42071 0.00000 -0.00071 8.42071 0.00000 3.99929 8.41929 0.00000 4.00071 4.45929 0.00000 0.00071 4.46071 0.00000 -0.00071 8.46071 0.00000 3.99929 8.45929 0.00000 4.00071 4.49929 0.00000 0.00071 4.50071 0.00000 -0.00071 8.50071 0.00000 3.99929 8.49929 0.00000 4.00071 4.53929 0.00000 0.00071 4.54071 0.00000 -0.00071 8.50071 0.00000 3.95929 8.49929 0.00000 3.96071 4.57929 0.00000 0.00071 4.58071 0.00000 -0.00071 8.50071 0.00000 3.91929 8.49929 0.00000 3.92071 4.61929 0.00000 0.00071 4.62071 0.00000 -0.00071 8.50071 0.00000 3.87929 8.49929 0.00000 3.88071 4.65929 0.00000 0.00071 4.66071 0.00000 -0.00071 8.50071 0.00000 3.83929 8.49929 0.00000 3.84071 4.69929 0.00000 0.00071 4.70071 0.00000 -0.00071 8.50071 0.00000 3.79929 8.49929 0.00000 3.80071 4.73929 0.00000 0.00071 4.74071 0.00000 -0.00071 8.50071 0.00000 3.75929 8.49929 0.00000 3.76071 4.77929 0.00000 0.00071 4.78071 0.00000 -0.00071 8.50071 0.00000 3.71929 8.49929 0.00000 3.72071 4.81929 0.00000 0.00071 4.82071 0.00000 -0.00071 8.50071 0.00000 3.67929 8.49929 0.00000 3.68071 4.85929 0.00000 0.00071 4.86071 0.00000 -0.00071 8.50071 0.00000 3.63929 8.49929 0.00000 3.64071 4.89929 0.00000 0.00071 4.90071 0.00000 -0.00071 8.50071 0.00000 3.59929 8.49929 0.00000 3.60071 4.93929 0.00000 0.00071 4.94071 0.00000 -0.00071 8.50071 0.00000 3.55929 8.49929 0.00000 3.56071 4.97929 0.00000 0.00071 4.98071 0.00000 -0.00071 8.50071 0.00000 3.51929 8.49929 0.00000 3.52071 5.01929 0.00000 0.00071 5.02071 0.00000 -0.00071 8.50071 0.00000 3.47929 8.49929 0.00000 3.48071 5.05929 0.00000 0.00071 5.06071 0.00000 -0.00071 8.50071 0.00000 3.43929 8.49929 0.00000 3.44071 5.09929 0.00000 0.00071 5.10071 0.00000 -0.00071 8.50071 0.00000 3.39929 8.49929 0.00000 3.40071 5.13929 0.00000 0.00071 5.14071 0.00000 -0.00071 8.50071 0.00000 3.35929 8.49929 0.00000 3.36071 5.17929 0.00000 0.00071 5.18071 0.00000 -0.00071 8.50071 0.00000 3.31929 8.49929 0.00000 3.32071 5.21929 0.00000 0.00071 5.22071 0.00000 -0.00071 8.50071 0.00000 3.27929 8.49929 0.00000 3.28071 5.25929 0.00000 0.00071 5.26071 0.00000 -0.00071 8.50071 0.00000 3.23929 8.49929 0.00000 3.24071 5.29929 0.00000 0.00071 5.30071 0.00000 -0.00071 8.50071 0.00000 3.19929 8.49929 0.00000 3.20071 5.33929 0.00000 0.00071 5.34071 0.00000 -0.00071 8.50071 0.00000 3.15929 8.49929 0.00000 3.16071 5.37929 0.00000 0.00071 5.38071 0.00000 -0.00071 8.50071 0.00000 3.11929 8.49929 0.00000 3.12071 5.41929 0.00000 0.00071 5.42071 0.00000 -0.00071 8.50071 0.00000 3.07929 8.49929 0.00000 3.08071 5.45929 0.00000 0.00071 5.46071 0.00000 -0.00071 8.50071 0.00000 3.03929 8.49929 0.00000 3.04071 5.49929 0.00000 0.00071 5.50071 0.00000 -0.00071 8.50071 0.00000 2.99929 8.49929 0.00000 3.00071 5.53929 0.00000 0.00071 5.54071 0.00000 -0.00071 8.50071 0.00000 2.95929 8.49929 0.00000 2.96071 5.57929 0.00000 0.00071 5.58071 0.00000 -0.00071 8.50071 0.00000 2.91929 8.49929 0.00000 2.92071 5.61929 0.00000 0.00071 5.62071 0.00000 -0.00071 8.50071 0.00000 2.87929 8.49929 0.00000 2.88071 5.65929 0.00000 0.00071 5.66071 0.00000 -0.00071 8.50071 0.00000 2.83929 8.49929 0.00000 2.84071 5.69929 0.00000 0.00071 5.70071 0.00000 -0.00071 8.50071 0.00000 2.79929 8.49929 0.00000 2.80071 5.73929 0.00000 0.00071 5.74071 0.00000 -0.00071 8.50071 0.00000 2.75929 8.49929 0.00000 2.76071 5.77929 0.00000 0.00071 5.78071 0.00000 -0.00071 8.50071 0.00000 2.71929 8.49929 0.00000 2.72071 5.81929 0.00000 0.00071 5.82071 0.00000 -0.00071 8.50071 0.00000 2.67929 8.49929 0.00000 2.68071 5.85929 0.00000 0.00071 5.86071 0.00000 -0.00071 8.50071 0.00000 2.63929 8.49929 0.00000 2.64071 5.89929 0.00000 0.00071 5.90071 0.00000 -0.00071 8.50071 0.00000 2.59929 8.49929 0.00000 2.60071 5.93929 0.00000 0.00071 5.94071 0.00000 -0.00071 8.50071 0.00000 2.55929 8.49929 0.00000 2.56071 5.97929 0.00000 0.00071 5.98071 0.00000 -0.00071 8.50071 0.00000 2.51929 8.49929 0.00000 2.52071 6.01929 0.00000 0.00071 6.02071 0.00000 -0.00071 8.50071 0.00000 2.47929 8.49929 0.00000 2.48071 6.05929 0.00000 0.00071 6.06071 0.00000 -0.00071 8.50071 0.00000 2.43929 8.49929 0.00000 2.44071 6.09929 0.00000 0.00071 6.10071 0.00000 -0.00071 8.50071 0.00000 2.39929 8.49929 0.00000 2.40071 6.13929 0.00000 0.00071 6.14071 0.00000 -0.00071 8.50071 0.00000 2.35929 8.49929 0.00000 2.36071 6.17929 0.00000 0.00071 6.18071 0.00000 -0.00071 8.50071 0.00000 2.31929 8.49929 0.00000 2.32071 6.21929 0.00000 0.00071 6.22071 0.00000 -0.00071 8.50071 0.00000 2.27929 8.49929 0.00000 2.28071 6.25929 0.00000 0.00071 6.26071 0.00000 -0.00071 8.50071 0.00000 2.23929 8.49929 0.00000 2.24071 6.29929 0.00000 0.00071 6.30071 0.00000 -0.00071 8.50071 0.00000 2.19929 8.49929 0.00000 2.20071 6.33929 0.00000 0.00071 6.34071 0.00000 -0.00071 8.50071 0.00000 2.15929 8.49929 0.00000 2.16071 6.37929 0.00000 0.00071 6.38071 0.00000 -0.00071 8.50071 0.00000 2.11929 8.49929 0.00000 2.12071 6.41929 0.00000 0.00071 6.42071 0.00000 -0.00071 8.50071 0.00000 2.07929 8.49929 0.00000 2.08071 6.45929 0.00000 0.00071 6.46071 0.00000 -0.00071 8.50071 0.00000 2.03929 8.49929 0.00000 2.04071 6.49929 0.00000 0.00071 6.50071 0.00000 -0.00071 8.50071 0.00000 1.99929 8.49929 0.00000 2.00071 6.53929 0.00000 0.00071 6.54071 0.00000 -0.00071 8.50071 0.00000 1.95929 8.49929 0.00000 1.96071 6.57929 0.00000 0.00071 6.58071 0.00000 -0.00071 8.50071 0.00000 1.91929 8.49929 0.00000 1.92071 6.61929 0.00000 0.00071 6.62071 0.00000 -0.00071 8.50071 0.00000 1.87929 8.49929 0.00000 1.88071 6.65929 0.00000 0.00071 6.66071 0.00000 -0.00071 8.50071 0.00000 1.83929 8.49929 0.00000 1.84071 6.69929 0.00000 0.00071 6.70071 0.00000 -0.00071 8.50071 0.00000 1.79929 8.49929 0.00000 1.80071 6.73929 0.00000 0.00071 6.74071 0.00000 -0.00071 8.50071 0.00000 1.75929 8.49929 0.00000 1.76071 6.77929 0.00000 0.00071 6.78071 0.00000 -0.00071 8.50071 0.00000 1.71929 8.49929 0.00000 1.72071 6.81929 0.00000 0.00071 6.82071 0.00000 -0.00071 8.50071 0.00000 1.67929 8.49929 0.00000 1.68071 6.85929 0.00000 0.00071 6.86071 0.00000 -0.00071 8.50071 0.00000 1.63929 8.49929 0.00000 1.64071 6.89929 0.00000 0.00071 6.90071 0.00000 -0.00071 8.50071 0.00000 1.59929 8.49929 0.00000 1.60071 6.93929 0.00000 0.00071 6.94071 0.00000 -0.00071 8.50071 0.00000 1.55929 8.49929 0.00000 1.56071 6.97929 0.00000 0.00071 6.98071 0.00000 -0.00071 8.50071 0.00000 1.51929 8.49929 0.00000 1.52071 7.01929 0.00000 0.00071 7.02071 0.00000 -0.00071 8.50071 0.00000 1.47929 8.49929 0.00000 1.48071 7.05929 0.00000 0.00071 7.06071 0.00000 -0.00071 8.50071 0.00000 1.43929 8.49929 0.00000 1.44071 7.09929 0.00000 0.00071 7.10071 0.00000 -0.00071 8.50071 0.00000 1.39929 8.49929 0.00000 1.40071 7.13929 0.00000 0.00071 7.14071 0.00000 -0.00071 8.50071 0.00000 1.35929 8.49929 0.00000 1.36071 7.17929 0.00000 0.00071 7.18071 0.00000 -0.00071 8.50071 0.00000 1.31929 8.49929 0.00000 1.32071 7.21929 0.00000 0.00071 7.22071 0.00000 -0.00071 8.50071 0.00000 1.27929 8.49929 0.00000 1.28071 7.25929 0.00000 0.00071 7.26071 0.00000 -0.00071 8.50071 0.00000 1.23929 8.49929 0.00000 1.24071 7.29929 0.00000 0.00071 7.30071 0.00000 -0.00071 8.50071 0.00000 1.19929 8.49929 0.00000 1.20071 7.33929 0.00000 0.00071 7.34071 0.00000 -0.00071 8.50071 0.00000 1.15929 8.49929 0.00000 1.16071 7.37929 0.00000 0.00071 7.38071 0.00000 -0.00071 8.50071 0.00000 1.11929 8.49929 0.00000 1.12071 7.41929 0.00000 0.00071 7.42071 0.00000 -0.00071 8.50071 0.00000 1.07929 8.49929 0.00000 1.08071 7.45929 0.00000 0.00071 7.46071 0.00000 -0.00071 8.50071 0.00000 1.03929 8.49929 0.00000 1.04071 7.49929 0.00000 0.00071 7.50071 0.00000 -0.00071 8.50071 0.00000 0.99929 8.49929 0.00000 1.00071 7.53929 0.00000 0.00071 7.54071 0.00000 -0.00071 8.50071 0.00000 0.95929 8.49929 0.00000 0.96071 7.57929 0.00000 0.00071 7.58071 0.00000 -0.00071 8.50071 0.00000 0.91929 8.49929 0.00000 0.92071 7.61929 0.00000 0.00071 7.62071 0.00000 -0.00071 8.50071 0.00000 0.87929 8.49929 0.00000 0.88071 7.65929 0.00000 0.00071 7.66071 0.00000 -0.00071 8.50071 0.00000 0.83929 8.49929 0.00000 0.84071 7.69929 0.00000 0.00071 7.70071 0.00000 -0.00071 8.50071 0.00000 0.79929 8.49929 0.00000 0.80071 7.73929 0.00000 0.00071 7.74071 0.00000 -0.00071 8.50071 0.00000 0.75929 8.49929 0.00000 0.76071 7.77929 0.00000 0.00071 7.78071 0.00000 -0.00071 8.50071 0.00000 0.71929 8.49929 0.00000 0.72071 7.81929 0.00000 0.00071 7.82071 0.00000 -0.00071 8.50071 0.00000 0.67929 8.49929 0.00000 0.68071 7.85929 0.00000 0.00071 7.86071 0.00000 -0.00071 8.50071 0.00000 0.63929 8.49929 0.00000 0.64071 7.89929 0.00000 0.00071 7.90071 0.00000 -0.00071 8.50071 0.00000 0.59929 8.49929 0.00000 0.60071 7.93929 0.00000 0.00071 7.94071 0.00000 -0.00071 8.50071 0.00000 0.55929 8.49929 0.00000 0.56071 7.97929 0.00000 0.00071 7.98071 0.00000 -0.00071 8.50071 0.00000 0.51929 8.49929 0.00000 0.52071 8.01929 0.00000 0.00071 8.02071 0.00000 -0.00071 8.50071 0.00000 0.47929 8.49929 0.00000 0.48071 8.05929 0.00000 0.00071 8.06071 0.00000 -0.00071 8.50071 0.00000 0.43929 8.49929 0.00000 0.44071 8.09929 0.00000 0.00071 8.10071 0.00000 -0.00071 8.50071 0.00000 0.39929 8.49929 0.00000 0.40071 8.13929 0.00000 0.00071 8.14071 0.00000 -0.00071 8.50071 0.00000 0.35929 8.49929 0.00000 0.36071 8.17929 0.00000 0.00071 8.18071 0.00000 -0.00071 8.50071 0.00000 0.31929 8.49929 0.00000 0.32071 8.21929 0.00000 0.00071 8.22071 0.00000 -0.00071 8.50071 0.00000 0.27929 8.49929 0.00000 0.28071 8.25929 0.00000 0.00071 8.26071 0.00000 -0.00071 8.50071 0.00000 0.23929 8.49929 0.00000 0.24071 8.29929 0.00000 0.00071 8.30071 0.00000 -0.00071 8.50071 0.00000 0.19929 8.49929 0.00000 0.20071 8.33929 0.00000 0.00071 8.34071 0.00000 -0.00071 8.50071 0.00000 0.15929 8.49929 0.00000 0.16071 8.37929 0.00000 0.00071 8.38071 0.00000 -0.00071 8.50071 0.00000 0.11929 8.49929 0.00000 0.12071 8.41929 0.00000 0.00071 8.42071 0.00000 -0.00071 8.50071 0.00000 0.07929 8.49929 0.00000 0.08071 8.45929 0.00000 0.00071 8.46071 0.00000 -0.00071 8.50071 0.00000 0.03929 8.49929 0.00000 0.04071 -8.49929 0.00000 0.04071 -8.50071 0.00000 0.03929 -8.46071 0.00000 -0.00071 -8.45929 0.00000 0.00071 -8.49929 0.00000 0.08071 -8.50071 0.00000 0.07929 -8.42071 0.00000 -0.00071 -8.41929 0.00000 0.00071 -8.49929 0.00000 0.12071 -8.50071 0.00000 0.11929 -8.38071 0.00000 -0.00071 -8.37929 0.00000 0.00071 -8.49929 0.00000 0.16071 -8.50071 0.00000 0.15929 -8.34071 0.00000 -0.00071 -8.33929 0.00000 0.00071 -8.49929 0.00000 0.20071 -8.50071 0.00000 0.19929 -8.30071 0.00000 -0.00071 -8.29929 0.00000 0.00071 -8.49929 0.00000 0.24071 -8.50071 0.00000 0.23929 -8.26071 0.00000 -0.00071 -8.25929 0.00000 0.00071 -8.49929 0.00000 0.28071 -8.50071 0.00000 0.27929 -8.22071 0.00000 -0.00071 -8.21929 0.00000 0.00071 -8.49929 0.00000 0.32071 -8.50071 0.00000 0.31929 -8.18071 0.00000 -0.00071 -8.17929 0.00000 0.00071 -8.49929 0.00000 0.36071 -8.50071 0.00000 0.35929 -8.14071 0.00000 -0.00071 -8.13929 0.00000 0.00071 -8.49929 0.00000 0.40071 -8.50071 0.00000 0.39929 -8.10071 0.00000 -0.00071 -8.09929 0.00000 0.00071 -8.49929 0.00000 0.44071 -8.50071 0.00000 0.43929 -8.06071 0.00000 -0.00071 -8.05929 0.00000 0.00071 -8.49929 0.00000 0.48071 -8.50071 0.00000 0.47929 -8.02071 0.00000 -0.00071 -8.01929 0.00000 0.00071 -8.49929 0.00000 0.52071 -8.50071 0.00000 0.51929 -7.98071 0.00000 -0.00071 -7.97929 0.00000 0.00071 -8.49929 0.00000 0.56071 -8.50071 0.00000 0.55929 -7.94071 0.00000 -0.00071 -7.93929 0.00000 0.00071 -8.49929 0.00000 0.60071 -8.50071 0.00000 0.59929 -7.90071 0.00000 -0.00071 -7.89929 0.00000 0.00071 -8.49929 0.00000 0.64071 -8.50071 0.00000 0.63929 -7.86071 0.00000 -0.00071 -7.85929 0.00000 0.00071 -8.49929 0.00000 0.68071 -8.50071 0.00000 0.67929 -7.82071 0.00000 -0.00071 -7.81929 0.00000 0.00071 -8.49929 0.00000 0.72071 -8.50071 0.00000 0.71929 -7.78071 0.00000 -0.00071 -7.77929 0.00000 0.00071 -8.49929 0.00000 0.76071 -8.50071 0.00000 0.75929 -7.74071 0.00000 -0.00071 -7.73929 0.00000 0.00071 -8.49929 0.00000 0.80071 -8.50071 0.00000 0.79929 -7.70071 0.00000 -0.00071 -7.69929 0.00000 0.00071 -8.49929 0.00000 0.84071 -8.50071 0.00000 0.83929 -7.66071 0.00000 -0.00071 -7.65929 0.00000 0.00071 -8.49929 0.00000 0.88071 -8.50071 0.00000 0.87929 -7.62071 0.00000 -0.00071 -7.61929 0.00000 0.00071 -8.49929 0.00000 0.92071 -8.50071 0.00000 0.91929 -7.58071 0.00000 -0.00071 -7.57929 0.00000 0.00071 -8.49929 0.00000 0.96071 -8.50071 0.00000 0.95929 -7.54071 0.00000 -0.00071 -7.53929 0.00000 0.00071 -8.49929 0.00000 1.00071 -8.50071 0.00000 0.99929 -7.50071 0.00000 -0.00071 -7.49929 0.00000 0.00071 -8.49929 0.00000 1.04071 -8.50071 0.00000 1.03929 -7.46071 0.00000 -0.00071 -7.45929 0.00000 0.00071 -8.49929 0.00000 1.08071 -8.50071 0.00000 1.07929 -7.42071 0.00000 -0.00071 -7.41929 0.00000 0.00071 -8.49929 0.00000 1.12071 -8.50071 0.00000 1.11929 -7.38071 0.00000 -0.00071 -7.37929 0.00000 0.00071 -8.49929 0.00000 1.16071 -8.50071 0.00000 1.15929 -7.34071 0.00000 -0.00071 -7.33929 0.00000 0.00071 -8.49929 0.00000 1.20071 -8.50071 0.00000 1.19929 -7.30071 0.00000 -0.00071 -7.29929 0.00000 0.00071 -8.49929 0.00000 1.24071 -8.50071 0.00000 1.23929 -7.26071 0.00000 -0.00071 -7.25929 0.00000 0.00071 -8.49929 0.00000 1.28071 -8.50071 0.00000 1.27929 -7.22071 0.00000 -0.00071 -7.21929 0.00000 0.00071 -8.49929 0.00000 1.32071 -8.50071 0.00000 1.31929 -7.18071 0.00000 -0.00071 -7.17929 0.00000 0.00071 -8.49929 0.00000 1.36071 -8.50071 0.00000 1.35929 -7.14071 0.00000 -0.00071 -7.13929 0.00000 0.00071 -8.49929 0.00000 1.40071 -8.50071 0.00000 1.39929 -7.10071 0.00000 -0.00071 -7.09929 0.00000 0.00071 -8.49929 0.00000 1.44071 -8.50071 0.00000 1.43929 -7.06071 0.00000 -0.00071 -7.05929 0.00000 0.00071 -8.49929 0.00000 1.48071 -8.50071 0.00000 1.47929 -7.02071 0.00000 -0.00071 -7.01929 0.00000 0.00071 -8.49929 0.00000 1.52071 -8.50071 0.00000 1.51929 -6.98071 0.00000 -0.00071 -6.97929 0.00000 0.00071 -8.49929 0.00000 1.56071 -8.50071 0.00000 1.55929 -6.94071 0.00000 -0.00071 -6.93929 0.00000 0.00071 -8.49929 0.00000 1.60071 -8.50071 0.00000 1.59929 -6.90071 0.00000 -0.00071 -6.89929 0.00000 0.00071 -8.49929 0.00000 1.64071 -8.50071 0.00000 1.63929 -6.86071 0.00000 -0.00071 -6.85929 0.00000 0.00071 -8.49929 0.00000 1.68071 -8.50071 0.00000 1.67929 -6.82071 0.00000 -0.00071 -6.81929 0.00000 0.00071 -8.49929 0.00000 1.72071 -8.50071 0.00000 1.71929 -6.78071 0.00000 -0.00071 -6.77929 0.00000 0.00071 -8.49929 0.00000 1.76071 -8.50071 0.00000 1.75929 -6.74071 0.00000 -0.00071 -6.73929 0.00000 0.00071 -8.49929 0.00000 1.80071 -8.50071 0.00000 1.79929 -6.70071 0.00000 -0.00071 -6.69929 0.00000 0.00071 -8.49929 0.00000 1.84071 -8.50071 0.00000 1.83929 -6.66071 0.00000 -0.00071 -6.65929 0.00000 0.00071 -8.49929 0.00000 1.88071 -8.50071 0.00000 1.87929 -6.62071 0.00000 -0.00071 -6.61929 0.00000 0.00071 -8.49929 0.00000 1.92071 -8.50071 0.00000 1.91929 -6.58071 0.00000 -0.00071 -6.57929 0.00000 0.00071 -8.49929 0.00000 1.96071 -8.50071 0.00000 1.95929 -6.54071 0.00000 -0.00071 -6.53929 0.00000 0.00071 -8.49929 0.00000 2.00071 -8.50071 0.00000 1.99929 -6.50071 0.00000 -0.00071 -6.49929 0.00000 0.00071 -8.49929 0.00000 2.04071 -8.50071 0.00000 2.03929 -6.46071 0.00000 -0.00071 -6.45929 0.00000 0.00071 -8.49929 0.00000 2.08071 -8.50071 0.00000 2.07929 -6.42071 0.00000 -0.00071 -6.41929 0.00000 0.00071 -8.49929 0.00000 2.12071 -8.50071 0.00000 2.11929 -6.38071 0.00000 -0.00071 -6.37929 0.00000 0.00071 -8.49929 0.00000 2.16071 -8.50071 0.00000 2.15929 -6.34071 0.00000 -0.00071 -6.33929 0.00000 0.00071 -8.49929 0.00000 2.20071 -8.50071 0.00000 2.19929 -6.30071 0.00000 -0.00071 -6.29929 0.00000 0.00071 -8.49929 0.00000 2.24071 -8.50071 0.00000 2.23929 -6.26071 0.00000 -0.00071 -6.25929 0.00000 0.00071 -8.49929 0.00000 2.28071 -8.50071 0.00000 2.27929 -6.22071 0.00000 -0.00071 -6.21929 0.00000 0.00071 -8.49929 0.00000 2.32071 -8.50071 0.00000 2.31929 -6.18071 0.00000 -0.00071 -6.17929 0.00000 0.00071 -8.49929 0.00000 2.36071 -8.50071 0.00000 2.35929 -6.14071 0.00000 -0.00071 -6.13929 0.00000 0.00071 -8.49929 0.00000 2.40071 -8.50071 0.00000 2.39929 -6.10071 0.00000 -0.00071 -6.09929 0.00000 0.00071 -8.49929 0.00000 2.44071 -8.50071 0.00000 2.43929 -6.06071 0.00000 -0.00071 -6.05929 0.00000 0.00071 -8.49929 0.00000 2.48071 -8.50071 0.00000 2.47929 -6.02071 0.00000 -0.00071 -6.01929 0.00000 0.00071 -8.49929 0.00000 2.52071 -8.50071 0.00000 2.51929 -5.98071 0.00000 -0.00071 -5.97929 0.00000 0.00071 -8.49929 0.00000 2.56071 -8.50071 0.00000 2.55929 -5.94071 0.00000 -0.00071 -5.93929 0.00000 0.00071 -8.49929 0.00000 2.60071 -8.50071 0.00000 2.59929 -5.90071 0.00000 -0.00071 -5.89929 0.00000 0.00071 -8.49929 0.00000 2.64071 -8.50071 0.00000 2.63929 -5.86071 0.00000 -0.00071 -5.85929 0.00000 0.00071 -8.49929 0.00000 2.68071 -8.50071 0.00000 2.67929 -5.82071 0.00000 -0.00071 -5.81929 0.00000 0.00071 -8.49929 0.00000 2.72071 -8.50071 0.00000 2.71929 -5.78071 0.00000 -0.00071 -5.77929 0.00000 0.00071 -8.49929 0.00000 2.76071 -8.50071 0.00000 2.75929 -5.74071 0.00000 -0.00071 -5.73929 0.00000 0.00071 -8.49929 0.00000 2.80071 -8.50071 0.00000 2.79929 -5.70071 0.00000 -0.00071 -5.69929 0.00000 0.00071 -8.49929 0.00000 2.84071 -8.50071 0.00000 2.83929 -5.66071 0.00000 -0.00071 -5.65929 0.00000 0.00071 -8.49929 0.00000 2.88071 -8.50071 0.00000 2.87929 -5.62071 0.00000 -0.00071 -5.61929 0.00000 0.00071 -8.49929 0.00000 2.92071 -8.50071 0.00000 2.91929 -5.58071 0.00000 -0.00071 -5.57929 0.00000 0.00071 -8.49929 0.00000 2.96071 -8.50071 0.00000 2.95929 -5.54071 0.00000 -0.00071 -5.53929 0.00000 0.00071 -8.49929 0.00000 3.00071 -8.50071 0.00000 2.99929 -5.50071 0.00000 -0.00071 -5.49929 0.00000 0.00071 -8.49929 0.00000 3.04071 -8.50071 0.00000 3.03929 -5.46071 0.00000 -0.00071 -5.45929 0.00000 0.00071 -8.49929 0.00000 3.08071 -8.50071 0.00000 3.07929 -5.42071 0.00000 -0.00071 -5.41929 0.00000 0.00071 -8.49929 0.00000 3.12071 -8.50071 0.00000 3.11929 -5.38071 0.00000 -0.00071 -5.37929 0.00000 0.00071 -8.49929 0.00000 3.16071 -8.50071 0.00000 3.15929 -5.34071 0.00000 -0.00071 -5.33929 0.00000 0.00071 -8.49929 0.00000 3.20071 -8.50071 0.00000 3.19929 -5.30071 0.00000 -0.00071 -5.29929 0.00000 0.00071 -8.49929 0.00000 3.24071 -8.50071 0.00000 3.23929 -5.26071 0.00000 -0.00071 -5.25929 0.00000 0.00071 -8.49929 0.00000 3.28071 -8.50071 0.00000 3.27929 -5.22071 0.00000 -0.00071 -5.21929 0.00000 0.00071 -8.49929 0.00000 3.32071 -8.50071 0.00000 3.31929 -5.18071 0.00000 -0.00071 -5.17929 0.00000 0.00071 -8.49929 0.00000 3.36071 -8.50071 0.00000 3.35929 -5.14071 0.00000 -0.00071 -5.13929 0.00000 0.00071 -8.49929 0.00000 3.40071 -8.50071 0.00000 3.39929 -5.10071 0.00000 -0.00071 -5.09929 0.00000 0.00071 -8.49929 0.00000 3.44071 -8.50071 0.00000 3.43929 -5.06071 0.00000 -0.00071 -5.05929 0.00000 0.00071 -8.49929 0.00000 3.48071 -8.50071 0.00000 3.47929 -5.02071 0.00000 -0.00071 -5.01929 0.00000 0.00071 -8.49929 0.00000 3.52071 -8.50071 0.00000 3.51929 -4.98071 0.00000 -0.00071 -4.97929 0.00000 0.00071 -8.49929 0.00000 3.56071 -8.50071 0.00000 3.55929 -4.94071 0.00000 -0.00071 -4.93929 0.00000 0.00071 -8.49929 0.00000 3.60071 -8.50071 0.00000 3.59929 -4.90071 0.00000 -0.00071 -4.89929 0.00000 0.00071 -8.49929 0.00000 3.64071 -8.50071 0.00000 3.63929 -4.86071 0.00000 -0.00071 -4.85929 0.00000 0.00071 -8.49929 0.00000 3.68071 -8.50071 0.00000 3.67929 -4.82071 0.00000 -0.00071 -4.81929 0.00000 0.00071 -8.49929 0.00000 3.72071 -8.50071 0.00000 3.71929 -4.78071 0.00000 -0.00071 -4.77929 0.00000 0.00071 -8.49929 0.00000 3.76071 -8.50071 0.00000 3.75929 -4.74071 0.00000 -0.00071 -4.73929 0.00000 0.00071 -8.49929 0.00000 3.80071 -8.50071 0.00000 3.79929 -4.70071 0.00000 -0.00071 -4.69929 0.00000 0.00071 -8.49929 0.00000 3.84071 -8.50071 0.00000 3.83929 -4.66071 0.00000 -0.00071 -4.65929 0.00000 0.00071 -8.49929 0.00000 3.88071 -8.50071 0.00000 3.87929 -4.62071 0.00000 -0.00071 -4.61929 0.00000 0.00071 -8.49929 0.00000 3.92071 -8.50071 0.00000 3.91929 -4.58071 0.00000 -0.00071 -4.57929 0.00000 0.00071 -8.49929 0.00000 3.96071 -8.50071 0.00000 3.95929 -4.54071 0.00000 -0.00071 -4.53929 0.00000 0.00071 -8.49929 0.00000 4.00071 -8.50071 0.00000 3.99929 -4.50071 0.00000 -0.00071 -4.49929 0.00000 0.00071 -8.45929 0.00000 4.00071 -8.46071 0.00000 3.99929 -4.46071 0.00000 -0.00071 -4.45929 0.00000 0.00071 -8.41929 0.00000 4.00071 -8.42071 0.00000 3.99929 -4.42071 0.00000 -0.00071 -4.41929 0.00000 0.00071 -8.37929 0.00000 4.00071 -8.38071 0.00000 3.99929 -4.38071 0.00000 -0.00071 -4.37929 0.00000 0.00071 -8.33929 0.00000 4.00071 -8.34071 0.00000 3.99929 -4.34071 0.00000 -0.00071 -4.33929 0.00000 0.00071 -8.29929 0.00000 4.00071 -8.30071 0.00000 3.99929 -4.30071 0.00000 -0.00071 -4.29929 0.00000 0.00071 -8.25929 0.00000 4.00071 -8.26071 0.00000 3.99929 -4.26071 0.00000 -0.00071 -4.25929 0.00000 0.00071 -8.21929 0.00000 4.00071 -8.22071 0.00000 3.99929 -4.22071 0.00000 -0.00071 -4.21929 0.00000 0.00071 -8.17929 0.00000 4.00071 -8.18071 0.00000 3.99929 -4.18071 0.00000 -0.00071 -4.17929 0.00000 0.00071 -8.13929 0.00000 4.00071 -8.14071 0.00000 3.99929 -4.14071 0.00000 -0.00071 -4.13929 0.00000 0.00071 -8.09929 0.00000 4.00071 -8.10071 0.00000 3.99929 -4.10071 0.00000 -0.00071 -4.09929 0.00000 0.00071 -8.05929 0.00000 4.00071 -8.06071 0.00000 3.99929 -4.06071 0.00000 -0.00071 -4.05929 0.00000 0.00071 -8.01929 0.00000 4.00071 -8.02071 0.00000 3.99929 -4.02071 0.00000 -0.00071 -4.01929 0.00000 0.00071 -7.97929 0.00000 4.00071 -7.98071 0.00000 3.99929 -3.98071 0.00000 -0.00071 -3.97929 0.00000 0.00071 -7.93929 0.00000 4.00071 -7.94071 0.00000 3.99929 -3.94071 0.00000 -0.00071 -3.93929 0.00000 0.00071 -7.89929 0.00000 4.00071 -7.90071 0.00000 3.99929 -3.90071 0.00000 -0.00071 -3.89929 0.00000 0.00071 -7.85929 0.00000 4.00071 -7.86071 0.00000 3.99929 -3.86071 0.00000 -0.00071 -3.85929 0.00000 0.00071 -7.81929 0.00000 4.00071 -7.82071 0.00000 3.99929 -3.82071 0.00000 -0.00071 -3.81929 0.00000 0.00071 -7.77929 0.00000 4.00071 -7.78071 0.00000 3.99929 -3.78071 0.00000 -0.00071 -3.77929 0.00000 0.00071 -7.73929 0.00000 4.00071 -7.74071 0.00000 3.99929 -3.74071 0.00000 -0.00071 -3.73929 0.00000 0.00071 -7.69929 0.00000 4.00071 -7.70071 0.00000 3.99929 -3.70071 0.00000 -0.00071 -3.69929 0.00000 0.00071 -7.65929 0.00000 4.00071 -7.66071 0.00000 3.99929 -3.66071 0.00000 -0.00071 -3.65929 0.00000 0.00071 -7.61929 0.00000 4.00071 -7.62071 0.00000 3.99929 -3.62071 0.00000 -0.00071 -3.61929 0.00000 0.00071 -7.57929 0.00000 4.00071 -7.58071 0.00000 3.99929 -3.58071 0.00000 -0.00071 -3.57929 0.00000 0.00071 -7.53929 0.00000 4.00071 -7.54071 0.00000 3.99929 -3.54071 0.00000 -0.00071 -3.53929 0.00000 0.00071 -7.49929 0.00000 4.00071 -7.50071 0.00000 3.99929 -3.50071 0.00000 -0.00071 -3.49929 0.00000 0.00071 -7.45929 0.00000 4.00071 -7.46071 0.00000 3.99929 -3.46071 0.00000 -0.00071 -3.45929 0.00000 0.00071 -7.41929 0.00000 4.00071 -7.42071 0.00000 3.99929 -3.42071 0.00000 -0.00071 -3.41929 0.00000 0.00071 -7.37929 0.00000 4.00071 -7.38071 0.00000 3.99929 -3.38071 0.00000 -0.00071 -3.37929 0.00000 0.00071 -7.33929 0.00000 4.00071 -7.34071 0.00000 3.99929 -3.34071 0.00000 -0.00071 -3.33929 0.00000 0.00071 -7.29929 0.00000 4.00071 -7.30071 0.00000 3.99929 -3.30071 0.00000 -0.00071 -3.29929 0.00000 0.00071 -7.25929 0.00000 4.00071 -7.26071 0.00000 3.99929 -3.26071 0.00000 -0.00071 -3.25929 0.00000 0.00071 -7.21929 0.00000 4.00071 -7.22071 0.00000 3.99929 -3.22071 0.00000 -0.00071 -3.21929 0.00000 0.00071 -7.17929 0.00000 4.00071 -7.18071 0.00000 3.99929 -3.18071 0.00000 -0.00071 -3.17929 0.00000 0.00071 -7.13929 0.00000 4.00071 -7.14071 0.00000 3.99929 -3.14071 0.00000 -0.00071 -3.13929 0.00000 0.00071 -7.09929 0.00000 4.00071 -7.10071 0.00000 3.99929 -3.10071 0.00000 -0.00071 -3.09929 0.00000 0.00071 -7.05929 0.00000 4.00071 -7.06071 0.00000 3.99929 -3.06071 0.00000 -0.00071 -3.05929 0.00000 0.00071 -7.01929 0.00000 4.00071 -7.02071 0.00000 3.99929 -3.02071 0.00000 -0.00071 -3.01929 0.00000 0.00071 -6.97929 0.00000 4.00071 -6.98071 0.00000 3.99929 -2.98071 0.00000 -0.00071 -2.97929 0.00000 0.00071 -6.93929 0.00000 4.00071 -6.94071 0.00000 3.99929 -2.94071 0.00000 -0.00071 -2.93929 0.00000 0.00071 -6.89929 0.00000 4.00071 -6.90071 0.00000 3.99929 -2.90071 0.00000 -0.00071 -2.89929 0.00000 0.00071 -6.85929 0.00000 4.00071 -6.86071 0.00000 3.99929 -2.86071 0.00000 -0.00071 -2.85929 0.00000 0.00071 -6.81929 0.00000 4.00071 -6.82071 0.00000 3.99929 -2.82071 0.00000 -0.00071 -2.81929 0.00000 0.00071 -6.77929 0.00000 4.00071 -6.78071 0.00000 3.99929 -2.78071 0.00000 -0.00071 -2.77929 0.00000 0.00071 -6.73929 0.00000 4.00071 -6.74071 0.00000 3.99929 -2.74071 0.00000 -0.00071 -2.73929 0.00000 0.00071 -6.69929 0.00000 4.00071 -6.70071 0.00000 3.99929 -2.70071 0.00000 -0.00071 -2.69929 0.00000 0.00071 -6.65929 0.00000 4.00071 -6.66071 0.00000 3.99929 -2.66071 0.00000 -0.00071 -2.65929 0.00000 0.00071 -6.61929 0.00000 4.00071 -6.62071 0.00000 3.99929 -2.62071 0.00000 -0.00071 -2.61929 0.00000 0.00071 -6.57929 0.00000 4.00071 -6.58071 0.00000 3.99929 -2.58071 0.00000 -0.00071 -2.57929 0.00000 0.00071 -6.53929 0.00000 4.00071 -6.54071 0.00000 3.99929 -2.54071 0.00000 -0.00071 -2.53929 0.00000 0.00071 -6.49929 0.00000 4.00071 -6.50071 0.00000 3.99929 -2.50071 0.00000 -0.00071 -2.49929 0.00000 0.00071 -6.45929 0.00000 4.00071 -6.46071 0.00000 3.99929 -2.46071 0.00000 -0.00071 -2.45929 0.00000 0.00071 -6.41929 0.00000 4.00071 -6.42071 0.00000 3.99929 -2.42071 0.00000 -0.00071 -2.41929 0.00000 0.00071 -6.37929 0.00000 4.00071 -6.38071 0.00000 3.99929 -2.38071 0.00000 -0.00071 -2.37929 0.00000 0.00071 -6.33929 0.00000 4.00071 -6.34071 0.00000 3.99929 -2.34071 0.00000 -0.00071 -2.33929 0.00000 0.00071 -6.29929 0.00000 4.00071 -6.30071 0.00000 3.99929 -2.30071 0.00000 -0.00071 -2.29929 0.00000 0.00071 -6.25929 0.00000 4.00071 -6.26071 0.00000 3.99929 -2.26071 0.00000 -0.00071 -2.25929 0.00000 0.00071 -6.21929 0.00000 4.00071 -6.22071 0.00000 3.99929 -2.22071 0.00000 -0.00071 -2.21929 0.00000 0.00071 -6.17929 0.00000 4.00071 -6.18071 0.00000 3.99929 -2.18071 0.00000 -0.00071 -2.17929 0.00000 0.00071 -6.13929 0.00000 4.00071 -6.14071 0.00000 3.99929 -2.14071 0.00000 -0.00071 -2.13929 0.00000 0.00071 -6.09929 0.00000 4.00071 -6.10071 0.00000 3.99929 -2.10071 0.00000 -0.00071 -2.09929 0.00000 0.00071 -6.05929 0.00000 4.00071 -6.06071 0.00000 3.99929 -2.06071 0.00000 -0.00071 -2.05929 0.00000 0.00071 -6.01929 0.00000 4.00071 -6.02071 0.00000 3.99929 -2.02071 0.00000 -0.00071 -2.01929 0.00000 0.00071 -5.97929 0.00000 4.00071 -5.98071 0.00000 3.99929 -1.98071 0.00000 -0.00071 -1.97929 0.00000 0.00071 -5.93929 0.00000 4.00071 -5.94071 0.00000 3.99929 -1.94071 0.00000 -0.00071 -1.93929 0.00000 0.00071 -5.89929 0.00000 4.00071 -5.90071 0.00000 3.99929 -1.90071 0.00000 -0.00071 -1.89929 0.00000 0.00071 -5.85929 0.00000 4.00071 -5.86071 0.00000 3.99929 -1.86071 0.00000 -0.00071 -1.85929 0.00000 0.00071 -5.81929 0.00000 4.00071 -5.82071 0.00000 3.99929 -1.82071 0.00000 -0.00071 -1.81929 0.00000 0.00071 -5.77929 0.00000 4.00071 -5.78071 0.00000 3.99929 -1.78071 0.00000 -0.00071 -1.77929 0.00000 0.00071 -5.73929 0.00000 4.00071 -5.74071 0.00000 3.99929 -1.74071 0.00000 -0.00071 -1.73929 0.00000 0.00071 -5.69929 0.00000 4.00071 -5.70071 0.00000 3.99929 -1.70071 0.00000 -0.00071 -1.69929 0.00000 0.00071 -5.65929 0.00000 4.00071 -5.66071 0.00000 3.99929 -1.66071 0.00000 -0.00071 -1.65929 0.00000 0.00071 -5.61929 0.00000 4.00071 -5.62071 0.00000 3.99929 -1.62071 0.00000 -0.00071 -1.61929 0.00000 0.00071 -5.57929 0.00000 4.00071 -5.58071 0.00000 3.99929 -1.58071 0.00000 -0.00071 -1.57929 0.00000 0.00071 -5.53929 0.00000 4.00071 -5.54071 0.00000 3.99929 -1.54071 0.00000 -0.00071 -1.53929 0.00000 0.00071 -5.49929 0.00000 4.00071 -5.50071 0.00000 3.99929 -1.50071 0.00000 -0.00071 -1.49929 0.00000 0.00071 -5.45929 0.00000 4.00071 -5.46071 0.00000 3.99929 -1.46071 0.00000 -0.00071 -1.45929 0.00000 0.00071 -5.41929 0.00000 4.00071 -5.42071 0.00000 3.99929 -1.42071 0.00000 -0.00071 -1.41929 0.00000 0.00071 -5.37929 0.00000 4.00071 -5.38071 0.00000 3.99929 -1.38071 0.00000 -0.00071 -1.37929 0.00000 0.00071 -5.33929 0.00000 4.00071 -5.34071 0.00000 3.99929 -1.34071 0.00000 -0.00071 -1.33929 0.00000 0.00071 -5.29929 0.00000 4.00071 -5.30071 0.00000 3.99929 -1.30071 0.00000 -0.00071 -1.29929 0.00000 0.00071 -5.25929 0.00000 4.00071 -5.26071 0.00000 3.99929 -1.26071 0.00000 -0.00071 -1.25929 0.00000 0.00071 -5.21929 0.00000 4.00071 -5.22071 0.00000 3.99929 -1.22071 0.00000 -0.00071 -1.21929 0.00000 0.00071 -5.17929 0.00000 4.00071 -5.18071 0.00000 3.99929 -1.18071 0.00000 -0.00071 -1.17929 0.00000 0.00071 -5.13929 0.00000 4.00071 -5.14071 0.00000 3.99929 -1.14071 0.00000 -0.00071 -1.13929 0.00000 0.00071 -5.09929 0.00000 4.00071 -5.10071 0.00000 3.99929 -1.10071 0.00000 -0.00071 -1.09929 0.00000 0.00071 -5.05929 0.00000 4.00071 -5.06071 0.00000 3.99929 -1.06071 0.00000 -0.00071 -1.05929 0.00000 0.00071 -5.01929 0.00000 4.00071 -5.02071 0.00000 3.99929 -1.02071 0.00000 -0.00071 -1.01929 0.00000 0.00071 -4.97929 0.00000 4.00071 -4.98071 0.00000 3.99929 -0.98071 0.00000 -0.00071 -0.97929 0.00000 0.00071 -4.93929 0.00000 4.00071 -4.94071 0.00000 3.99929 -0.94071 0.00000 -0.00071 -0.93929 0.00000 0.00071 -4.89929 0.00000 4.00071 -4.90071 0.00000 3.99929 -0.90071 0.00000 -0.00071 -0.89929 0.00000 0.00071 -4.85929 0.00000 4.00071 -4.86071 0.00000 3.99929 -0.86071 0.00000 -0.00071 -0.85929 0.00000 0.00071 -4.81929 0.00000 4.00071 -4.82071 0.00000 3.99929 -0.82071 0.00000 -0.00071 -0.81929 0.00000 0.00071 -4.77929 0.00000 4.00071 -4.78071 0.00000 3.99929 -0.78071 0.00000 -0.00071 -0.77929 0.00000 0.00071 -4.73929 0.00000 4.00071 -4.74071 0.00000 3.99929 -0.74071 0.00000 -0.00071 -0.73929 0.00000 0.00071 -4.69929 0.00000 4.00071 -4.70071 0.00000 3.99929 -0.70071 0.00000 -0.00071 -0.69929 0.00000 0.00071 -4.65929 0.00000 4.00071 -4.66071 0.00000 3.99929 -0.66071 0.00000 -0.00071 -0.65929 0.00000 0.00071 -4.61929 0.00000 4.00071 -4.62071 0.00000 3.99929 -0.62071 0.00000 -0.00071 -0.61929 0.00000 0.00071 -4.57929 0.00000 4.00071 -4.58071 0.00000 3.99929 -0.58071 0.00000 -0.00071 -0.57929 0.00000 0.00071 -4.53929 0.00000 4.00071 -4.54071 0.00000 3.99929 -0.54071 0.00000 -0.00071 -0.53929 0.00000 0.00071 -4.49929 0.00000 4.00071 -4.50071 0.00000 3.99929 -0.50071 0.00000 -0.00071 -0.49929 0.00000 0.00071 -4.45929 0.00000 4.00071 -4.46071 0.00000 3.99929 -0.46071 0.00000 -0.00071 -0.45929 0.00000 0.00071 -4.41929 0.00000 4.00071 -4.42071 0.00000 3.99929 -0.42071 0.00000 -0.00071 -0.41929 0.00000 0.00071 -4.37929 0.00000 4.00071 -4.38071 0.00000 3.99929 -0.38071 0.00000 -0.00071 -0.37929 0.00000 0.00071 -4.33929 0.00000 4.00071 -4.34071 0.00000 3.99929 -0.34071 0.00000 -0.00071 -0.33929 0.00000 0.00071 -4.29929 0.00000 4.00071 -4.30071 0.00000 3.99929 -0.30071 0.00000 -0.00071 -0.29929 0.00000 0.00071 -4.25929 0.00000 4.00071 -4.26071 0.00000 3.99929 -0.26071 0.00000 -0.00071 -0.25929 0.00000 0.00071 -4.21929 0.00000 4.00071 -4.22071 0.00000 3.99929 -0.22071 0.00000 -0.00071 -0.21929 0.00000 0.00071 -4.17929 0.00000 4.00071 -4.18071 0.00000 3.99929 -0.18071 0.00000 -0.00071 -0.17929 0.00000 0.00071 -4.13929 0.00000 4.00071 -4.14071 0.00000 3.99929 -0.14071 0.00000 -0.00071 -0.13929 0.00000 0.00071 -4.09929 0.00000 4.00071 -4.10071 0.00000 3.99929 -0.10071 0.00000 -0.00071 -0.09929 0.00000 0.00071 -4.05929 0.00000 4.00071 -4.06071 0.00000 3.99929 -0.06071 0.00000 -0.00071 -0.05929 0.00000 0.00071 -4.01929 0.00000 4.00071 -4.02071 0.00000 3.99929 -0.02071 0.00000 -0.00071 -0.01929 0.00000 0.00071 -3.97929 0.00000 4.00071 -3.98071 0.00000 3.99929 0.01929 0.00000 -0.00071 0.02071 0.00000 0.00071 -3.93929 0.00000 4.00071 -3.94071 0.00000 3.99929 0.05929 0.00000 -0.00071 0.06071 0.00000 0.00071 -3.89929 0.00000 4.00071 -3.90071 0.00000 3.99929 0.09929 0.00000 -0.00071 0.10071 0.00000 0.00071 -3.85929 0.00000 4.00071 -3.86071 0.00000 3.99929 0.13929 0.00000 -0.00071 0.14071 0.00000 0.00071 -3.81929 0.00000 4.00071 -3.82071 0.00000 3.99929 0.17929 0.00000 -0.00071 0.18071 0.00000 0.00071 -3.77929 0.00000 4.00071 -3.78071 0.00000 3.99929 0.21929 0.00000 -0.00071 0.22071 0.00000 0.00071 -3.73929 0.00000 4.00071 -3.74071 0.00000 3.99929 0.25929 0.00000 -0.00071 0.26071 0.00000 0.00071 -3.69929 0.00000 4.00071 -3.70071 0.00000 3.99929 0.29929 0.00000 -0.00071 0.30071 0.00000 0.00071 -3.65929 0.00000 4.00071 -3.66071 0.00000 3.99929 0.33929 0.00000 -0.00071 0.34071 0.00000 0.00071 -3.61929 0.00000 4.00071 -3.62071 0.00000 3.99929 0.37929 0.00000 -0.00071 0.38071 0.00000 0.00071 -3.57929 0.00000 4.00071 -3.58071 0.00000 3.99929 0.41929 0.00000 -0.00071 0.42071 0.00000 0.00071 -3.53929 0.00000 4.00071 -3.54071 0.00000 3.99929 0.45929 0.00000 -0.00071 0.46071 0.00000 0.00071 -3.49929 0.00000 4.00071 -3.50071 0.00000 3.99929 0.49929 0.00000 -0.00071 0.50071 0.00000 0.00071 -3.45929 0.00000 4.00071 -3.46071 0.00000 3.99929 0.53929 0.00000 -0.00071 0.54071 0.00000 0.00071 -3.41929 0.00000 4.00071 -3.42071 0.00000 3.99929 0.57929 0.00000 -0.00071 0.58071 0.00000 0.00071 -3.37929 0.00000 4.00071 -3.38071 0.00000 3.99929 0.61929 0.00000 -0.00071 0.62071 0.00000 0.00071 -3.33929 0.00000 4.00071 -3.34071 0.00000 3.99929 0.65929 0.00000 -0.00071 0.66071 0.00000 0.00071 -3.29929 0.00000 4.00071 -3.30071 0.00000 3.99929 0.69929 0.00000 -0.00071 0.70071 0.00000 0.00071 -3.25929 0.00000 4.00071 -3.26071 0.00000 3.99929 0.73929 0.00000 -0.00071 0.74071 0.00000 0.00071 -3.21929 0.00000 4.00071 -3.22071 0.00000 3.99929 0.77929 0.00000 -0.00071 0.78071 0.00000 0.00071 -3.17929 0.00000 4.00071 -3.18071 0.00000 3.99929 0.81929 0.00000 -0.00071 0.82071 0.00000 0.00071 -3.13929 0.00000 4.00071 -3.14071 0.00000 3.99929 0.85929 0.00000 -0.00071 0.86071 0.00000 0.00071 -3.09929 0.00000 4.00071 -3.10071 0.00000 3.99929 0.89929 0.00000 -0.00071 0.90071 0.00000 0.00071 -3.05929 0.00000 4.00071 -3.06071 0.00000 3.99929 0.93929 0.00000 -0.00071 0.94071 0.00000 0.00071 -3.01929 0.00000 4.00071 -3.02071 0.00000 3.99929 0.97929 0.00000 -0.00071 0.98071 0.00000 0.00071 -2.97929 0.00000 4.00071 -2.98071 0.00000 3.99929 1.01929 0.00000 -0.00071 1.02071 0.00000 0.00071 -2.93929 0.00000 4.00071 -2.94071 0.00000 3.99929 1.05929 0.00000 -0.00071 1.06071 0.00000 0.00071 -2.89929 0.00000 4.00071 -2.90071 0.00000 3.99929 1.09929 0.00000 -0.00071 1.10071 0.00000 0.00071 -2.85929 0.00000 4.00071 -2.86071 0.00000 3.99929 1.13929 0.00000 -0.00071 1.14071 0.00000 0.00071 -2.81929 0.00000 4.00071 -2.82071 0.00000 3.99929 1.17929 0.00000 -0.00071 1.18071 0.00000 0.00071 -2.77929 0.00000 4.00071 -2.78071 0.00000 3.99929 1.21929 0.00000 -0.00071 1.22071 0.00000 0.00071 -2.73929 0.00000 4.00071 -2.74071 0.00000 3.99929 1.25929 0.00000 -0.00071 1.26071 0.00000 0.00071 -2.69929 0.00000 4.00071 -2.70071 0.00000 3.99929 1.29929 0.00000 -0.00071 1.30071 0.00000 0.00071 -2.65929 0.00000 4.00071 -2.66071 0.00000 3.99929 1.33929 0.00000 -0.00071 1.34071 0.00000 0.00071 -2.61929 0.00000 4.00071 -2.62071 0.00000 3.99929 1.37929 0.00000 -0.00071 1.38071 0.00000 0.00071 -2.57929 0.00000 4.00071 -2.58071 0.00000 3.99929 1.41929 0.00000 -0.00071 1.42071 0.00000 0.00071 -2.53929 0.00000 4.00071 -2.54071 0.00000 3.99929 1.45929 0.00000 -0.00071 1.46071 0.00000 0.00071 -2.49929 0.00000 4.00071 -2.50071 0.00000 3.99929 1.49929 0.00000 -0.00071 1.50071 0.00000 0.00071 -2.45929 0.00000 4.00071 -2.46071 0.00000 3.99929 1.53929 0.00000 -0.00071 1.54071 0.00000 0.00071 -2.41929 0.00000 4.00071 -2.42071 0.00000 3.99929 1.57929 0.00000 -0.00071 1.58071 0.00000 0.00071 -2.37929 0.00000 4.00071 -2.38071 0.00000 3.99929 1.61929 0.00000 -0.00071 1.62071 0.00000 0.00071 -2.33929 0.00000 4.00071 -2.34071 0.00000 3.99929 1.65929 0.00000 -0.00071 1.66071 0.00000 0.00071 -2.29929 0.00000 4.00071 -2.30071 0.00000 3.99929 1.69929 0.00000 -0.00071 1.70071 0.00000 0.00071 -2.25929 0.00000 4.00071 -2.26071 0.00000 3.99929 1.73929 0.00000 -0.00071 1.74071 0.00000 0.00071 -2.21929 0.00000 4.00071 -2.22071 0.00000 3.99929 1.77929 0.00000 -0.00071 1.78071 0.00000 0.00071 -2.17929 0.00000 4.00071 -2.18071 0.00000 3.99929 1.81929 0.00000 -0.00071 1.82071 0.00000 0.00071 -2.13929 0.00000 4.00071 -2.14071 0.00000 3.99929 1.85929 0.00000 -0.00071 1.86071 0.00000 0.00071 -2.09929 0.00000 4.00071 -2.10071 0.00000 3.99929 1.89929 0.00000 -0.00071 1.90071 0.00000 0.00071 -2.05929 0.00000 4.00071 -2.06071 0.00000 3.99929 1.93929 0.00000 -0.00071 1.94071 0.00000 0.00071 -2.01929 0.00000 4.00071 -2.02071 0.00000 3.99929 1.97929 0.00000 -0.00071 1.98071 0.00000 0.00071 -1.97929 0.00000 4.00071 -1.98071 0.00000 3.99929 2.01929 0.00000 -0.00071 2.02071 0.00000 0.00071 -1.93929 0.00000 4.00071 -1.94071 0.00000 3.99929 2.05929 0.00000 -0.00071 2.06071 0.00000 0.00071 -1.89929 0.00000 4.00071 -1.90071 0.00000 3.99929 2.09929 0.00000 -0.00071 2.10071 0.00000 0.00071 -1.85929 0.00000 4.00071 -1.86071 0.00000 3.99929 2.13929 0.00000 -0.00071 2.14071 0.00000 0.00071 -1.81929 0.00000 4.00071 -1.82071 0.00000 3.99929 2.17929 0.00000 -0.00071 2.18071 0.00000 0.00071 -1.77929 0.00000 4.00071 -1.78071 0.00000 3.99929 2.21929 0.00000 -0.00071 2.22071 0.00000 0.00071 -1.73929 0.00000 4.00071 -1.74071 0.00000 3.99929 2.25929 0.00000 -0.00071 2.26071 0.00000 0.00071 -1.69929 0.00000 4.00071 -1.70071 0.00000 3.99929 2.29929 0.00000 -0.00071 2.30071 0.00000 0.00071 -1.65929 0.00000 4.00071 -1.66071 0.00000 3.99929 2.33929 0.00000 -0.00071 2.34071 0.00000 0.00071 -1.61929 0.00000 4.00071 -1.62071 0.00000 3.99929 2.37929 0.00000 -0.00071 2.38071 0.00000 0.00071 -1.57929 0.00000 4.00071 -1.58071 0.00000 3.99929 2.41929 0.00000 -0.00071 2.42071 0.00000 0.00071 -1.53929 0.00000 4.00071 -1.54071 0.00000 3.99929 2.45929 0.00000 -0.00071 2.46071 0.00000 0.00071 -1.49929 0.00000 4.00071 -1.50071 0.00000 3.99929 2.49929 0.00000 -0.00071 2.50071 0.00000 0.00071 -1.45929 0.00000 4.00071 -1.46071 0.00000 3.99929 2.53929 0.00000 -0.00071 2.54071 0.00000 0.00071 -1.41929 0.00000 4.00071 -1.42071 0.00000 3.99929 2.57929 0.00000 -0.00071 2.58071 0.00000 0.00071 -1.37929 0.00000 4.00071 -1.38071 0.00000 3.99929 2.61929 0.00000 -0.00071 2.62071 0.00000 0.00071 -1.33929 0.00000 4.00071 -1.34071 0.00000 3.99929 2.65929 0.00000 -0.00071 2.66071 0.00000 0.00071 -1.29929 0.00000 4.00071 -1.30071 0.00000 3.99929 2.69929 0.00000 -0.00071 2.70071 0.00000 0.00071 -1.25929 0.00000 4.00071 -1.26071 0.00000 3.99929 2.73929 0.00000 -0.00071 2.74071 0.00000 0.00071 -1.21929 0.00000 4.00071 -1.22071 0.00000 3.99929 2.77929 0.00000 -0.00071 2.78071 0.00000 0.00071 -1.17929 0.00000 4.00071 -1.18071 0.00000 3.99929 2.81929 0.00000 -0.00071 2.82071 0.00000 0.00071 -1.13929 0.00000 4.00071 -1.14071 0.00000 3.99929 2.85929 0.00000 -0.00071 2.86071 0.00000 0.00071 -1.09929 0.00000 4.00071 -1.10071 0.00000 3.99929 2.89929 0.00000 -0.00071 2.90071 0.00000 0.00071 -1.05929 0.00000 4.00071 -1.06071 0.00000 3.99929 2.93929 0.00000 -0.00071 2.94071 0.00000 0.00071 -1.01929 0.00000 4.00071 -1.02071 0.00000 3.99929 2.97929 0.00000 -0.00071 2.98071 0.00000 0.00071 -0.97929 0.00000 4.00071 -0.98071 0.00000 3.99929 3.01929 0.00000 -0.00071 3.02071 0.00000 0.00071 -0.93929 0.00000 4.00071 -0.94071 0.00000 3.99929 3.05929 0.00000 -0.00071 3.06071 0.00000 0.00071 -0.89929 0.00000 4.00071 -0.90071 0.00000 3.99929 3.09929 0.00000 -0.00071 3.10071 0.00000 0.00071 -0.85929 0.00000 4.00071 -0.86071 0.00000 3.99929 3.13929 0.00000 -0.00071 3.14071 0.00000 0.00071 -0.81929 0.00000 4.00071 -0.82071 0.00000 3.99929 3.17929 0.00000 -0.00071 3.18071 0.00000 0.00071 -0.77929 0.00000 4.00071 -0.78071 0.00000 3.99929 3.21929 0.00000 -0.00071 3.22071 0.00000 0.00071 -0.73929 0.00000 4.00071 -0.74071 0.00000 3.99929 3.25929 0.00000 -0.00071 3.26071 0.00000 0.00071 -0.69929 0.00000 4.00071 -0.70071 0.00000 3.99929 3.29929 0.00000 -0.00071 3.30071 0.00000 0.00071 -0.65929 0.00000 4.00071 -0.66071 0.00000 3.99929 3.33929 0.00000 -0.00071 3.34071 0.00000 0.00071 -0.61929 0.00000 4.00071 -0.62071 0.00000 3.99929 3.37929 0.00000 -0.00071 3.38071 0.00000 0.00071 -0.57929 0.00000 4.00071 -0.58071 0.00000 3.99929 3.41929 0.00000 -0.00071 3.42071 0.00000 0.00071 -0.53929 0.00000 4.00071 -0.54071 0.00000 3.99929 3.45929 0.00000 -0.00071 3.46071 0.00000 0.00071 -0.49929 0.00000 4.00071 -0.50071 0.00000 3.99929 3.49929 0.00000 -0.00071 3.50071 0.00000 0.00071 -0.45929 0.00000 4.00071 -0.46071 0.00000 3.99929 3.53929 0.00000 -0.00071 3.54071 0.00000 0.00071 -0.41929 0.00000 4.00071 -0.42071 0.00000 3.99929 3.57929 0.00000 -0.00071 3.58071 0.00000 0.00071 -0.37929 0.00000 4.00071 -0.38071 0.00000 3.99929 3.61929 0.00000 -0.00071 3.62071 0.00000 0.00071 -0.33929 0.00000 4.00071 -0.34071 0.00000 3.99929 3.65929 0.00000 -0.00071 3.66071 0.00000 0.00071 -0.29929 0.00000 4.00071 -0.30071 0.00000 3.99929 3.69929 0.00000 -0.00071 3.70071 0.00000 0.00071 -0.25929 0.00000 4.00071 -0.26071 0.00000 3.99929 3.73929 0.00000 -0.00071 3.74071 0.00000 0.00071 -0.21929 0.00000 4.00071 -0.22071 0.00000 3.99929 3.77929 0.00000 -0.00071 3.78071 0.00000 0.00071 -0.17929 0.00000 4.00071 -0.18071 0.00000 3.99929 3.81929 0.00000 -0.00071 3.82071 0.00000 0.00071 -0.13929 0.00000 4.00071 -0.14071 0.00000 3.99929 3.85929 0.00000 -0.00071 3.86071 0.00000 0.00071 -0.09929 0.00000 4.00071 -0.10071 0.00000 3.99929 3.89929 0.00000 -0.00071 3.90071 0.00000 0.00071 -0.05929 0.00000 4.00071 -0.06071 0.00000 3.99929 3.93929 0.00000 -0.00071 3.94071 0.00000 0.00071 -0.01929 0.00000 4.00071 -0.02071 0.00000 3.99929 3.97929 0.00000 -0.00071 3.98071 0.00000 0.00071 0.02071 0.00000 4.00071 0.01929 0.00000 3.99929 4.01929 0.00000 -0.00071 4.02071 0.00000 0.00071 0.06071 0.00000 4.00071 0.05929 0.00000 3.99929 4.05929 0.00000 -0.00071 4.06071 0.00000 0.00071 0.10071 0.00000 4.00071 0.09929 0.00000 3.99929 4.09929 0.00000 -0.00071 4.10071 0.00000 0.00071 0.14071 0.00000 4.00071 0.13929 0.00000 3.99929 4.13929 0.00000 -0.00071 4.14071 0.00000 0.00071 0.18071 0.00000 4.00071 0.17929 0.00000 3.99929 4.17929 0.00000 -0.00071 4.18071 0.00000 0.00071 0.22071 0.00000 4.00071 0.21929 0.00000 3.99929 4.21929 0.00000 -0.00071 4.22071 0.00000 0.00071 0.26071 0.00000 4.00071 0.25929 0.00000 3.99929 4.25929 0.00000 -0.00071 4.26071 0.00000 0.00071 0.30071 0.00000 4.00071 0.29929 0.00000 3.99929 4.29929 0.00000 -0.00071 4.30071 0.00000 0.00071 0.34071 0.00000 4.00071 0.33929 0.00000 3.99929 4.33929 0.00000 -0.00071 4.34071 0.00000 0.00071 0.38071 0.00000 4.00071 0.37929 0.00000 3.99929 4.37929 0.00000 -0.00071 4.38071 0.00000 0.00071 0.42071 0.00000 4.00071 0.41929 0.00000 3.99929 4.41929 0.00000 -0.00071 4.42071 0.00000 0.00071 0.46071 0.00000 4.00071 0.45929 0.00000 3.99929 4.45929 0.00000 -0.00071 4.46071 0.00000 0.00071 0.50071 0.00000 4.00071 0.49929 0.00000 3.99929 4.49929 0.00000 -0.00071 4.50071 0.00000 0.00071 0.54071 0.00000 4.00071 0.53929 0.00000 3.99929 4.53929 0.00000 -0.00071 4.54071 0.00000 0.00071 0.58071 0.00000 4.00071 0.57929 0.00000 3.99929 4.57929 0.00000 -0.00071 4.58071 0.00000 0.00071 0.62071 0.00000 4.00071 0.61929 0.00000 3.99929 4.61929 0.00000 -0.00071 4.62071 0.00000 0.00071 0.66071 0.00000 4.00071 0.65929 0.00000 3.99929 4.65929 0.00000 -0.00071 4.66071 0.00000 0.00071 0.70071 0.00000 4.00071 0.69929 0.00000 3.99929 4.69929 0.00000 -0.00071 4.70071 0.00000 0.00071 0.74071 0.00000 4.00071 0.73929 0.00000 3.99929 4.73929 0.00000 -0.00071 4.74071 0.00000 0.00071 0.78071 0.00000 4.00071 0.77929 0.00000 3.99929 4.77929 0.00000 -0.00071 4.78071 0.00000 0.00071 0.82071 0.00000 4.00071 0.81929 0.00000 3.99929 4.81929 0.00000 -0.00071 4.82071 0.00000 0.00071 0.86071 0.00000 4.00071 0.85929 0.00000 3.99929 4.85929 0.00000 -0.00071 4.86071 0.00000 0.00071 0.90071 0.00000 4.00071 0.89929 0.00000 3.99929 4.89929 0.00000 -0.00071 4.90071 0.00000 0.00071 0.94071 0.00000 4.00071 0.93929 0.00000 3.99929 4.93929 0.00000 -0.00071 4.94071 0.00000 0.00071 0.98071 0.00000 4.00071 0.97929 0.00000 3.99929 4.97929 0.00000 -0.00071 4.98071 0.00000 0.00071 1.02071 0.00000 4.00071 1.01929 0.00000 3.99929 5.01929 0.00000 -0.00071 5.02071 0.00000 0.00071 1.06071 0.00000 4.00071 1.05929 0.00000 3.99929 5.05929 0.00000 -0.00071 5.06071 0.00000 0.00071 1.10071 0.00000 4.00071 1.09929 0.00000 3.99929 5.09929 0.00000 -0.00071 5.10071 0.00000 0.00071 1.14071 0.00000 4.00071 1.13929 0.00000 3.99929 5.13929 0.00000 -0.00071 5.14071 0.00000 0.00071 1.18071 0.00000 4.00071 1.17929 0.00000 3.99929 5.17929 0.00000 -0.00071 5.18071 0.00000 0.00071 1.22071 0.00000 4.00071 1.21929 0.00000 3.99929 5.21929 0.00000 -0.00071 5.22071 0.00000 0.00071 1.26071 0.00000 4.00071 1.25929 0.00000 3.99929 5.25929 0.00000 -0.00071 5.26071 0.00000 0.00071 1.30071 0.00000 4.00071 1.29929 0.00000 3.99929 5.29929 0.00000 -0.00071 5.30071 0.00000 0.00071 1.34071 0.00000 4.00071 1.33929 0.00000 3.99929 5.33929 0.00000 -0.00071 5.34071 0.00000 0.00071 1.38071 0.00000 4.00071 1.37929 0.00000 3.99929 5.37929 0.00000 -0.00071 5.38071 0.00000 0.00071 1.42071 0.00000 4.00071 1.41929 0.00000 3.99929 5.41929 0.00000 -0.00071 5.42071 0.00000 0.00071 1.46071 0.00000 4.00071 1.45929 0.00000 3.99929 5.45929 0.00000 -0.00071 5.46071 0.00000 0.00071 1.50071 0.00000 4.00071 1.49929 0.00000 3.99929 5.49929 0.00000 -0.00071 5.50071 0.00000 0.00071 1.54071 0.00000 4.00071 1.53929 0.00000 3.99929 5.53929 0.00000 -0.00071 5.54071 0.00000 0.00071 1.58071 0.00000 4.00071 1.57929 0.00000 3.99929 5.57929 0.00000 -0.00071 5.58071 0.00000 0.00071 1.62071 0.00000 4.00071 1.61929 0.00000 3.99929 5.61929 0.00000 -0.00071 5.62071 0.00000 0.00071 1.66071 0.00000 4.00071 1.65929 0.00000 3.99929 5.65929 0.00000 -0.00071 5.66071 0.00000 0.00071 1.70071 0.00000 4.00071 1.69929 0.00000 3.99929 5.69929 0.00000 -0.00071 5.70071 0.00000 0.00071 1.74071 0.00000 4.00071 1.73929 0.00000 3.99929 5.73929 0.00000 -0.00071 5.74071 0.00000 0.00071 1.78071 0.00000 4.00071 1.77929 0.00000 3.99929 5.77929 0.00000 -0.00071 5.78071 0.00000 0.00071 1.82071 0.00000 4.00071 1.81929 0.00000 3.99929 5.81929 0.00000 -0.00071 5.82071 0.00000 0.00071 1.86071 0.00000 4.00071 1.85929 0.00000 3.99929 5.85929 0.00000 -0.00071 5.86071 0.00000 0.00071 1.90071 0.00000 4.00071 1.89929 0.00000 3.99929 5.89929 0.00000 -0.00071 5.90071 0.00000 0.00071 1.94071 0.00000 4.00071 1.93929 0.00000 3.99929 5.93929 0.00000 -0.00071 5.94071 0.00000 0.00071 1.98071 0.00000 4.00071 1.97929 0.00000 3.99929 5.97929 0.00000 -0.00071 5.98071 0.00000 0.00071 2.02071 0.00000 4.00071 2.01929 0.00000 3.99929 6.01929 0.00000 -0.00071 6.02071 0.00000 0.00071 2.06071 0.00000 4.00071 2.05929 0.00000 3.99929 6.05929 0.00000 -0.00071 6.06071 0.00000 0.00071 2.10071 0.00000 4.00071 2.09929 0.00000 3.99929 6.09929 0.00000 -0.00071 6.10071 0.00000 0.00071 2.14071 0.00000 4.00071 2.13929 0.00000 3.99929 6.13929 0.00000 -0.00071 6.14071 0.00000 0.00071 2.18071 0.00000 4.00071 2.17929 0.00000 3.99929 6.17929 0.00000 -0.00071 6.18071 0.00000 0.00071 2.22071 0.00000 4.00071 2.21929 0.00000 3.99929 6.21929 0.00000 -0.00071 6.22071 0.00000 0.00071 2.26071 0.00000 4.00071 2.25929 0.00000 3.99929 6.25929 0.00000 -0.00071 6.26071 0.00000 0.00071 2.30071 0.00000 4.00071 2.29929 0.00000 3.99929 6.29929 0.00000 -0.00071 6.30071 0.00000 0.00071 2.34071 0.00000 4.00071 2.33929 0.00000 3.99929 6.33929 0.00000 -0.00071 6.34071 0.00000 0.00071 2.38071 0.00000 4.00071 2.37929 0.00000 3.99929 6.37929 0.00000 -0.00071 6.38071 0.00000 0.00071 2.42071 0.00000 4.00071 2.41929 0.00000 3.99929 6.41929 0.00000 -0.00071 6.42071 0.00000 0.00071 2.46071 0.00000 4.00071 2.45929 0.00000 3.99929 6.45929 0.00000 -0.00071 6.46071 0.00000 0.00071 2.50071 0.00000 4.00071 2.49929 0.00000 3.99929 6.49929 0.00000 -0.00071 6.50071 0.00000 0.00071 2.54071 0.00000 4.00071 2.53929 0.00000 3.99929 6.53929 0.00000 -0.00071 6.54071 0.00000 0.00071 2.58071 0.00000 4.00071 2.57929 0.00000 3.99929 6.57929 0.00000 -0.00071 6.58071 0.00000 0.00071 2.62071 0.00000 4.00071 2.61929 0.00000 3.99929 6.61929 0.00000 -0.00071 6.62071 0.00000 0.00071 2.66071 0.00000 4.00071 2.65929 0.00000 3.99929 6.65929 0.00000 -0.00071 6.66071 0.00000 0.00071 2.70071 0.00000 4.00071 2.69929 0.00000 3.99929 6.69929 0.00000 -0.00071 6.70071 0.00000 0.00071 2.74071 0.00000 4.00071 2.73929 0.00000 3.99929 6.73929 0.00000 -0.00071 6.74071 0.00000 0.00071 2.78071 0.00000 4.00071 2.77929 0.00000 3.99929 6.77929 0.00000 -0.00071 6.78071 0.00000 0.00071 2.82071 0.00000 4.00071 2.81929 0.00000 3.99929 6.81929 0.00000 -0.00071 6.82071 0.00000 0.00071 2.86071 0.00000 4.00071 2.85929 0.00000 3.99929 6.85929 0.00000 -0.00071 6.86071 0.00000 0.00071 2.90071 0.00000 4.00071 2.89929 0.00000 3.99929 6.89929 0.00000 -0.00071 6.90071 0.00000 0.00071 2.94071 0.00000 4.00071 2.93929 0.00000 3.99929 6.93929 0.00000 -0.00071 6.94071 0.00000 0.00071 2.98071 0.00000 4.00071 2.97929 0.00000 3.99929 6.97929 0.00000 -0.00071 6.98071 0.00000 0.00071 3.02071 0.00000 4.00071 3.01929 0.00000 3.99929 7.01929 0.00000 -0.00071 7.02071 0.00000 0.00071 3.06071 0.00000 4.00071 3.05929 0.00000 3.99929 7.05929 0.00000 -0.00071 7.06071 0.00000 0.00071 3.10071 0.00000 4.00071 3.09929 0.00000 3.99929 7.09929 0.00000 -0.00071 7.10071 0.00000 0.00071 3.14071 0.00000 4.00071 3.13929 0.00000 3.99929 7.13929 0.00000 -0.00071 7.14071 0.00000 0.00071 3.18071 0.00000 4.00071 3.17929 0.00000 3.99929 7.17929 0.00000 -0.00071 7.18071 0.00000 0.00071 3.22071 0.00000 4.00071 3.21929 0.00000 3.99929 7.21929 0.00000 -0.00071 7.22071 0.00000 0.00071 3.26071 0.00000 4.00071 3.25929 0.00000 3.99929 7.25929 0.00000 -0.00071 7.26071 0.00000 0.00071 3.30071 0.00000 4.00071 3.29929 0.00000 3.99929 7.29929 0.00000 -0.00071 7.30071 0.00000 0.00071 3.34071 0.00000 4.00071 3.33929 0.00000 3.99929 7.33929 0.00000 -0.00071 7.34071 0.00000 0.00071 3.38071 0.00000 4.00071 3.37929 0.00000 3.99929 7.37929 0.00000 -0.00071 7.38071 0.00000 0.00071 3.42071 0.00000 4.00071 3.41929 0.00000 3.99929 7.41929 0.00000 -0.00071 7.42071 0.00000 0.00071 3.46071 0.00000 4.00071 3.45929 0.00000 3.99929 7.45929 0.00000 -0.00071 7.46071 0.00000 0.00071 3.50071 0.00000 4.00071 3.49929 0.00000 3.99929 7.49929 0.00000 -0.00071 7.50071 0.00000 0.00071 3.54071 0.00000 4.00071 3.53929 0.00000 3.99929 7.53929 0.00000 -0.00071 7.54071 0.00000 0.00071 3.58071 0.00000 4.00071 3.57929 0.00000 3.99929 7.57929 0.00000 -0.00071 7.58071 0.00000 0.00071 3.62071 0.00000 4.00071 3.61929 0.00000 3.99929 7.61929 0.00000 -0.00071 7.62071 0.00000 0.00071 3.66071 0.00000 4.00071 3.65929 0.00000 3.99929 7.65929 0.00000 -0.00071 7.66071 0.00000 0.00071 3.70071 0.00000 4.00071 3.69929 0.00000 3.99929 7.69929 0.00000 -0.00071 7.70071 0.00000 0.00071 3.74071 0.00000 4.00071 3.73929 0.00000 3.99929 7.73929 0.00000 -0.00071 7.74071 0.00000 0.00071 3.78071 0.00000 4.00071 3.77929 0.00000 3.99929 7.77929 0.00000 -0.00071 7.78071 0.00000 0.00071 3.82071 0.00000 4.00071 3.81929 0.00000 3.99929 7.81929 0.00000 -0.00071 7.82071 0.00000 0.00071 3.86071 0.00000 4.00071 3.85929 0.00000 3.99929 7.85929 0.00000 -0.00071 7.86071 0.00000 0.00071 3.90071 0.00000 4.00071 3.89929 0.00000 3.99929 7.89929 0.00000 -0.00071 7.90071 0.00000 0.00071 3.94071 0.00000 4.00071 3.93929 0.00000 3.99929 7.93929 0.00000 -0.00071 7.94071 0.00000 0.00071 3.98071 0.00000 4.00071 3.97929 0.00000 3.99929 7.97929 0.00000 -0.00071 7.98071 0.00000 0.00071 4.02071 0.00000 4.00071 4.01929 0.00000 3.99929 8.01929 0.00000 -0.00071 8.02071 0.00000 0.00071 4.06071 0.00000 4.00071 4.05929 0.00000 3.99929 8.05929 0.00000 -0.00071 8.06071 0.00000 0.00071 4.10071 0.00000 4.00071 4.09929 0.00000 3.99929 8.09929 0.00000 -0.00071 8.10071 0.00000 0.00071 4.14071 0.00000 4.00071 4.13929 0.00000 3.99929 8.13929 0.00000 -0.00071 8.14071 0.00000 0.00071 4.18071 0.00000 4.00071 4.17929 0.00000 3.99929 8.17929 0.00000 -0.00071 8.18071 0.00000 0.00071 4.22071 0.00000 4.00071 4.21929 0.00000 3.99929 8.21929 0.00000 -0.00071 8.22071 0.00000 0.00071 4.26071 0.00000 4.00071 4.25929 0.00000 3.99929 8.25929 0.00000 -0.00071 8.26071 0.00000 0.00071 4.30071 0.00000 4.00071 4.29929 0.00000 3.99929 8.29929 0.00000 -0.00071 8.30071 0.00000 0.00071 4.34071 0.00000 4.00071 4.33929 0.00000 3.99929 8.33929 0.00000 -0.00071 8.34071 0.00000 0.00071 4.38071 0.00000 4.00071 4.37929 0.00000 3.99929 8.37929 0.00000 -0.00071 8.38071 0.00000 0.00071 4.42071 0.00000 4.00071 4.41929 0.00000 3.99929 8.41929 0.00000 -0.00071 8.42071 0.00000 0.00071 4.46071 0.00000 4.00071 4.45929 0.00000 3.99929 8.45929 0.00000 -0.00071 8.46071 0.00000 0.00071 4.50071 0.00000 4.00071 4.49929 0.00000 3.99929 8.49929 0.00000 -0.00071 8.50071 0.00000 0.00071 4.54071 0.00000 4.00071 4.53929 0.00000 3.99929 8.49929 0.00000 0.03929 8.50071 0.00000 0.04071 4.58071 0.00000 4.00071 4.57929 0.00000 3.99929 8.49929 0.00000 0.07929 8.50071 0.00000 0.08071 4.62071 0.00000 4.00071 4.61929 0.00000 3.99929 8.49929 0.00000 0.11929 8.50071 0.00000 0.12071 4.66071 0.00000 4.00071 4.65929 0.00000 3.99929 8.49929 0.00000 0.15929 8.50071 0.00000 0.16071 4.70071 0.00000 4.00071 4.69929 0.00000 3.99929 8.49929 0.00000 0.19929 8.50071 0.00000 0.20071 4.74071 0.00000 4.00071 4.73929 0.00000 3.99929 8.49929 0.00000 0.23929 8.50071 0.00000 0.24071 4.78071 0.00000 4.00071 4.77929 0.00000 3.99929 8.49929 0.00000 0.27929 8.50071 0.00000 0.28071 4.82071 0.00000 4.00071 4.81929 0.00000 3.99929 8.49929 0.00000 0.31929 8.50071 0.00000 0.32071 4.86071 0.00000 4.00071 4.85929 0.00000 3.99929 8.49929 0.00000 0.35929 8.50071 0.00000 0.36071 4.90071 0.00000 4.00071 4.89929 0.00000 3.99929 8.49929 0.00000 0.39929 8.50071 0.00000 0.40071 4.94071 0.00000 4.00071 4.93929 0.00000 3.99929 8.49929 0.00000 0.43929 8.50071 0.00000 0.44071 4.98071 0.00000 4.00071 4.97929 0.00000 3.99929 8.49929 0.00000 0.47929 8.50071 0.00000 0.48071 5.02071 0.00000 4.00071 5.01929 0.00000 3.99929 8.49929 0.00000 0.51929 8.50071 0.00000 0.52071 5.06071 0.00000 4.00071 5.05929 0.00000 3.99929 8.49929 0.00000 0.55929 8.50071 0.00000 0.56071 5.10071 0.00000 4.00071 5.09929 0.00000 3.99929 8.49929 0.00000 0.59929 8.50071 0.00000 0.60071 5.14071 0.00000 4.00071 5.13929 0.00000 3.99929 8.49929 0.00000 0.63929 8.50071 0.00000 0.64071 5.18071 0.00000 4.00071 5.17929 0.00000 3.99929 8.49929 0.00000 0.67929 8.50071 0.00000 0.68071 5.22071 0.00000 4.00071 5.21929 0.00000 3.99929 8.49929 0.00000 0.71929 8.50071 0.00000 0.72071 5.26071 0.00000 4.00071 5.25929 0.00000 3.99929 8.49929 0.00000 0.75929 8.50071 0.00000 0.76071 5.30071 0.00000 4.00071 5.29929 0.00000 3.99929 8.49929 0.00000 0.79929 8.50071 0.00000 0.80071 5.34071 0.00000 4.00071 5.33929 0.00000 3.99929 8.49929 0.00000 0.83929 8.50071 0.00000 0.84071 5.38071 0.00000 4.00071 5.37929 0.00000 3.99929 8.49929 0.00000 0.87929 8.50071 0.00000 0.88071 5.42071 0.00000 4.00071 5.41929 0.00000 3.99929 8.49929 0.00000 0.91929 8.50071 0.00000 0.92071 5.46071 0.00000 4.00071 5.45929 0.00000 3.99929 8.49929 0.00000 0.95929 8.50071 0.00000 0.96071 5.50071 0.00000 4.00071 5.49929 0.00000 3.99929 8.49929 0.00000 0.99929 8.50071 0.00000 1.00071 5.54071 0.00000 4.00071 5.53929 0.00000 3.99929 8.49929 0.00000 1.03929 8.50071 0.00000 1.04071 5.58071 0.00000 4.00071 5.57929 0.00000 3.99929 8.49929 0.00000 1.07929 8.50071 0.00000 1.08071 5.62071 0.00000 4.00071 5.61929 0.00000 3.99929 8.49929 0.00000 1.11929 8.50071 0.00000 1.12071 5.66071 0.00000 4.00071 5.65929 0.00000 3.99929 8.49929 0.00000 1.15929 8.50071 0.00000 1.16071 5.70071 0.00000 4.00071 5.69929 0.00000 3.99929 8.49929 0.00000 1.19929 8.50071 0.00000 1.20071 5.74071 0.00000 4.00071 5.73929 0.00000 3.99929 8.49929 0.00000 1.23929 8.50071 0.00000 1.24071 5.78071 0.00000 4.00071 5.77929 0.00000 3.99929 8.49929 0.00000 1.27929 8.50071 0.00000 1.28071 5.82071 0.00000 4.00071 5.81929 0.00000 3.99929 8.49929 0.00000 1.31929 8.50071 0.00000 1.32071 5.86071 0.00000 4.00071 5.85929 0.00000 3.99929 8.49929 0.00000 1.35929 8.50071 0.00000 1.36071 5.90071 0.00000 4.00071 5.89929 0.00000 3.99929 8.49929 0.00000 1.39929 8.50071 0.00000 1.40071 5.94071 0.00000 4.00071 5.93929 0.00000 3.99929 8.49929 0.00000 1.43929 8.50071 0.00000 1.44071 5.98071 0.00000 4.00071 5.97929 0.00000 3.99929 8.49929 0.00000 1.47929 8.50071 0.00000 1.48071 6.02071 0.00000 4.00071 6.01929 0.00000 3.99929 8.49929 0.00000 1.51929 8.50071 0.00000 1.52071 6.06071 0.00000 4.00071 6.05929 0.00000 3.99929 8.49929 0.00000 1.55929 8.50071 0.00000 1.56071 6.10071 0.00000 4.00071 6.09929 0.00000 3.99929 8.49929 0.00000 1.59929 8.50071 0.00000 1.60071 6.14071 0.00000 4.00071 6.13929 0.00000 3.99929 8.49929 0.00000 1.63929 8.50071 0.00000 1.64071 6.18071 0.00000 4.00071 6.17929 0.00000 3.99929 8.49929 0.00000 1.67929 8.50071 0.00000 1.68071 6.22071 0.00000 4.00071 6.21929 0.00000 3.99929 8.49929 0.00000 1.71929 8.50071 0.00000 1.72071 6.26071 0.00000 4.00071 6.25929 0.00000 3.99929 8.49929 0.00000 1.75929 8.50071 0.00000 1.76071 6.30071 0.00000 4.00071 6.29929 0.00000 3.99929 8.49929 0.00000 1.79929 8.50071 0.00000 1.80071 6.34071 0.00000 4.00071 6.33929 0.00000 3.99929 8.49929 0.00000 1.83929 8.50071 0.00000 1.84071 6.38071 0.00000 4.00071 6.37929 0.00000 3.99929 8.49929 0.00000 1.87929 8.50071 0.00000 1.88071 6.42071 0.00000 4.00071 6.41929 0.00000 3.99929 8.49929 0.00000 1.91929 8.50071 0.00000 1.92071 6.46071 0.00000 4.00071 6.45929 0.00000 3.99929 8.49929 0.00000 1.95929 8.50071 0.00000 1.96071 6.50071 0.00000 4.00071 6.49929 0.00000 3.99929 8.49929 0.00000 1.99929 8.50071 0.00000 2.00071 6.54071 0.00000 4.00071 6.53929 0.00000 3.99929 8.49929 0.00000 2.03929 8.50071 0.00000 2.04071 6.58071 0.00000 4.00071 6.57929 0.00000 3.99929 8.49929 0.00000 2.07929 8.50071 0.00000 2.08071 6.62071 0.00000 4.00071 6.61929 0.00000 3.99929 8.49929 0.00000 2.11929 8.50071 0.00000 2.12071 6.66071 0.00000 4.00071 6.65929 0.00000 3.99929 8.49929 0.00000 2.15929 8.50071 0.00000 2.16071 6.70071 0.00000 4.00071 6.69929 0.00000 3.99929 8.49929 0.00000 2.19929 8.50071 0.00000 2.20071 6.74071 0.00000 4.00071 6.73929 0.00000 3.99929 8.49929 0.00000 2.23929 8.50071 0.00000 2.24071 6.78071 0.00000 4.00071 6.77929 0.00000 3.99929 8.49929 0.00000 2.27929 8.50071 0.00000 2.28071 6.82071 0.00000 4.00071 6.81929 0.00000 3.99929 8.49929 0.00000 2.31929 8.50071 0.00000 2.32071 6.86071 0.00000 4.00071 6.85929 0.00000 3.99929 8.49929 0.00000 2.35929 8.50071 0.00000 2.36071 6.90071 0.00000 4.00071 6.89929 0.00000 3.99929 8.49929 0.00000 2.39929 8.50071 0.00000 2.40071 6.94071 0.00000 4.00071 6.93929 0.00000 3.99929 8.49929 0.00000 2.43929 8.50071 0.00000 2.44071 6.98071 0.00000 4.00071 6.97929 0.00000 3.99929 8.49929 0.00000 2.47929 8.50071 0.00000 2.48071 7.02071 0.00000 4.00071 7.01929 0.00000 3.99929 8.49929 0.00000 2.51929 8.50071 0.00000 2.52071 7.06071 0.00000 4.00071 7.05929 0.00000 3.99929 8.49929 0.00000 2.55929 8.50071 0.00000 2.56071 7.10071 0.00000 4.00071 7.09929 0.00000 3.99929 8.49929 0.00000 2.59929 8.50071 0.00000 2.60071 7.14071 0.00000 4.00071 7.13929 0.00000 3.99929 8.49929 0.00000 2.63929 8.50071 0.00000 2.64071 7.18071 0.00000 4.00071 7.17929 0.00000 3.99929 8.49929 0.00000 2.67929 8.50071 0.00000 2.68071 7.22071 0.00000 4.00071 7.21929 0.00000 3.99929 8.49929 0.00000 2.71929 8.50071 0.00000 2.72071 7.26071 0.00000 4.00071 7.25929 0.00000 3.99929 8.49929 0.00000 2.75929 8.50071 0.00000 2.76071 7.30071 0.00000 4.00071 7.29929 0.00000 3.99929 8.49929 0.00000 2.79929 8.50071 0.00000 2.80071 7.34071 0.00000 4.00071 7.33929 0.00000 3.99929 8.49929 0.00000 2.83929 8.50071 0.00000 2.84071 7.38071 0.00000 4.00071 7.37929 0.00000 3.99929 8.49929 0.00000 2.87929 8.50071 0.00000 2.88071 7.42071 0.00000 4.00071 7.41929 0.00000 3.99929 8.49929 0.00000 2.91929 8.50071 0.00000 2.92071 7.46071 0.00000 4.00071 7.45929 0.00000 3.99929 8.49929 0.00000 2.95929 8.50071 0.00000 2.96071 7.50071 0.00000 4.00071 7.49929 0.00000 3.99929 8.49929 0.00000 2.99929 8.50071 0.00000 3.00071 7.54071 0.00000 4.00071 7.53929 0.00000 3.99929 8.49929 0.00000 3.03929 8.50071 0.00000 3.04071 7.58071 0.00000 4.00071 7.57929 0.00000 3.99929 8.49929 0.00000 3.07929 8.50071 0.00000 3.08071 7.62071 0.00000 4.00071 7.61929 0.00000 3.99929 8.49929 0.00000 3.11929 8.50071 0.00000 3.12071 7.66071 0.00000 4.00071 7.65929 0.00000 3.99929 8.49929 0.00000 3.15929 8.50071 0.00000 3.16071 7.70071 0.00000 4.00071 7.69929 0.00000 3.99929 8.49929 0.00000 3.19929 8.50071 0.00000 3.20071 7.74071 0.00000 4.00071 7.73929 0.00000 3.99929 8.49929 0.00000 3.23929 8.50071 0.00000 3.24071 7.78071 0.00000 4.00071 7.77929 0.00000 3.99929 8.49929 0.00000 3.27929 8.50071 0.00000 3.28071 7.82071 0.00000 4.00071 7.81929 0.00000 3.99929 8.49929 0.00000 3.31929 8.50071 0.00000 3.32071 7.86071 0.00000 4.00071 7.85929 0.00000 3.99929 8.49929 0.00000 3.35929 8.50071 0.00000 3.36071 7.90071 0.00000 4.00071 7.89929 0.00000 3.99929 8.49929 0.00000 3.39929 8.50071 0.00000 3.40071 7.94071 0.00000 4.00071 7.93929 0.00000 3.99929 8.49929 0.00000 3.43929 8.50071 0.00000 3.44071 7.98071 0.00000 4.00071 7.97929 0.00000 3.99929 8.49929 0.00000 3.47929 8.50071 0.00000 3.48071 8.02071 0.00000 4.00071 8.01929 0.00000 3.99929 8.49929 0.00000 3.51929 8.50071 0.00000 3.52071 8.06071 0.00000 4.00071 8.05929 0.00000 3.99929 8.49929 0.00000 3.55929 8.50071 0.00000 3.56071 8.10071 0.00000 4.00071 8.09929 0.00000 3.99929 8.49929 0.00000 3.59929 8.50071 0.00000 3.60071 8.14071 0.00000 4.00071 8.13929 0.00000 3.99929 8.49929 0.00000 3.63929 8.50071 0.00000 3.64071 8.18071 0.00000 4.00071 8.17929 0.00000 3.99929 8.49929 0.00000 3.67929 8.50071 0.00000 3.68071 8.22071 0.00000 4.00071 8.21929 0.00000 3.99929 8.49929 0.00000 3.71929 8.50071 0.00000 3.72071 8.26071 0.00000 4.00071 8.25929 0.00000 3.99929 8.49929 0.00000 3.75929 8.50071 0.00000 3.76071 8.30071 0.00000 4.00071 8.29929 0.00000 3.99929 8.49929 0.00000 3.79929 8.50071 0.00000 3.80071 8.34071 0.00000 4.00071 8.33929 0.00000 3.99929 8.49929 0.00000 3.83929 8.50071 0.00000 3.84071 8.38071 0.00000 4.00071 8.37929 0.00000 3.99929 8.49929 0.00000 3.87929 8.50071 0.00000 3.88071 8.42071 0.00000 4.00071 8.41929 0.00000 3.99929 8.49929 0.00000 3.91929 8.50071 0.00000 3.92071 8.46071 0.00000 4.00071 8.45929 0.00000 3.99929 8.49929 0.00000 3.95929 8.50071 0.00000 3.96071 -8.52500 0.00000 0.00000 -8.47500 0.00000 0.00000 -8.47500 0.00000 4.00000 -8.52500 0.00000 4.00000 -6.52500 0.00000 0.00000 -6.47500 0.00000 0.00000 -6.47500 0.00000 4.00000 -6.52500 0.00000 4.00000 -4.52500 0.00000 0.00000 -4.47500 0.00000 0.00000 -4.47500 0.00000 4.00000 -4.52500 0.00000 4.00000 -2.52500 0.00000 0.00000 -2.47500 0.00000 0.00000 -2.47500 0.00000 4.00000 -2.52500 0.00000 4.00000 -0.52500 0.00000 0.00000 -0.47500 0.00000 0.00000 -0.47500 0.00000 4.00000 -0.52500 0.00000 4.00000 1.47500 0.00000 0.00000 1.52500 0.00000 0.00000 1.52500 0.00000 4.00000 1.47500 0.00000 4.00000 3.47500 0.00000 0.00000 3.52500 0.00000 0.00000 3.52500 0.00000 4.00000 3.47500 0.00000 4.00000 5.47500 0.00000 0.00000 5.52500 0.00000 0.00000 5.52500 0.00000 4.00000 5.47500 0.00000 4.00000 7.47500 0.00000 0.00000 7.52500 0.00000 0.00000 7.52500 0.00000 4.00000 7.47500 0.00000 4.00000 8.47500 0.00000 0.00000 8.52500 0.00000 0.00000 8.52500 0.00000 4.00000 8.47500 0.00000 4.00000 -8.50000 0.00000 0.02500 -8.50000 0.00000 -0.02500 8.50000 0.00000 -0.02500 8.50000 0.00000 0.02500 -8.50000 0.00000 4.02500 -8.50000 0.00000 3.97500 8.50000 0.00000 3.97500 8.50000 0.00000 4.02500</float_array>
          <technique_common>
            <accessor source="#PA" count="4240" stride="3">
              <param name="X" type="float" />
              <param name="Y" type="float" />
              <param name="Z" type="float" />
            </accessor>
          </technique_common>
        </source>
        <source id="N">
          <float_array id="NA" count="25440">0.000000 -1.000000 0.000000 -0.000000 1.000000 -0.000000 0.000000 -1.000000 0.000000 -0.000000 1.000000 -0.000000 0.000000 -1.000000 0.000000 -0.000000 1.000000 -0.000000 0.000000 -1.000000 0.000000 -0.000000 1.000000 -0.000000 0.000000 -1.000000 0.000000 -0.000000 1.000000 -0.000000 0.000000 -1.000000 0.000000 -0.000000 1.000000 -0.000000 0.000000 -1.000000 0.000000 -0.000000 1.000000 -0.000000 0.000000 -1.000000 0.000000 -0.000000 1.000000 -0.000000 0.000000 -1.000000 0.000000 -0.000000 1.000000 -0.000000 0.000000 -1.000000 0.000000 -0.000000 1.000000 -0.000000 0.000000 -1.000000 0.000000 -0.000000 1.000000 -0.000000 0.000000 -1.000000 0.000000 -0.000000 1.000000 -0.000000 0.000000 -1.000000 0.000000 -0.000000 1.000000 -0.000000 0.000000 -1.000000 0.000000 -0.000000 1.000000 -0.000000 0.000000 -1.000000 0.000000 -0.000000 1.000000 -0.000000 0.000000 -1.000000 0.000000 -0.000000 1.000000 -0.000000 0.000000 -1.000000 0.000000 -0.000000 1.000000 -0.000000 0.000000 -1.000000 0.000000 -0.000000 1.000000 -0.000000 0.000000 -1.000000 0.000000 -0.000000 1.000000 -0.000000 0.000000 -1.000000 0.000000 -0.000000 1.000000 -0.000000 0.000000 -1.000000 0.000000 -0.000000 1.000000 -0.000000 0.000000 -1.000000 0.000000 -0.000000 1.000000 -0.000000 0.000000 -1.000000 0.000000 -0.000000 1.000000 -0.000000 0.000000 -1.000000 0.000000 -0.000000 1.000000 -0.000000 0.000000 -1.000000 0.000000 -0.000000 1.000000 -0.000000 0.000000 -1.000000 0.000000 -0.000000 1.000000 -0.000000 0.000000 -1.000000 0.000000 -0.000000 1.000000 -0.000000 0.000000 -1.000000 0.000000 -0.000000 1.000000 -0.000000 0.000000 -1.000000 0.000000 -0.000000 1.000000 -0.000000 0.000000 -1.000000 0.000000 -0.000000 1.000000 -0.000000 0.000000 -1.000000 0.000000 -0.000000 1.000000 -0.000000 0.000000 -1.000000 0.000000 -0.000000 1.000000 -0.000000 0.000000 -1.000000 0.000000 -0.000000 1.000000 -0.000000 0.000000 -1.000000 0.000000 -0.000000 1.000000 -0.000000 0.000000 -1.000000 0.000000 -0.000000 1.000000 -0.000000 0.000000 -1.000000 0.000000 -0.000000 1.000000 -0.000000 0.000000 -1.000000 0.000000 -0.000000 1.000000 -0.000000 0.000000 -1.000000 0.000000 -0.000000 1.000000 -0.000000 0.000000 -1.000000 0.000000 -0.000000 1.000000 -0.000000 0.000000 -1.000000 0.000000 -0.000000 1.000000 -0.000000 0.000000 -1.000000 0.000000 -0.000000 1.000000 -0.000000 0.000000 -1.000000 0.000000 -0.000000 1.000000 -0.000000 0.000000 -1.000000 0.000000 -0.000000 1.000000 -0.000000 0.000000 -1.000000 0.000000 -0.000000 1.000000 -0.000000 0.000000 -1.000000 0.000000 -0.000000 1.000000 -0.000000 0.000000 -1.000000 0.000000 -0.000000 1.000000 -0.000000 0.000000 -1.000000 0.000000 -0.000000 1.000000 -0.000000 0.000000 -1.000000 0.000000 -0.000000 1.000000 -0.000000 0.000000 -1.000000 0.000000 -0.000000 1.000000 -0.000000 0.000000 -1.000000 0.000000 -0.000000 1.000000 -0.000000 0.000000 -1.000000 0.000000 -0.000000 1.000000 -0.000000 0.000000 -1.000000 0.000000 -0.000000 1.000000 -0.000000 0.000000 -1.000000 0.000000 -0.000000 1.000000 -0.000000 0.000000 -1.000000 0.000000 -0.000000 1.000000 -0.000000 0.000000 -1.000000 0.000000 -0.000000 1.000000 -0.000000 0.000000 -1.000000 0.000000 -0.000000 1.000000 -0.000000 0.000000 -1.000000 0.000000 -0.000000 1.000000 -0.000000 0.000000 -1.000000 0.000000 -0.000000 1.000000 -0.000000 0.000000 -1.000000 0.000000 -0.000000 1.000000 -0.000000 0.000000 -1.000000 0.000000 -0.000000 1.000000 -0.000000 0.000000 -1.000000 0.000000 -0.000000 1.000000 -0.000000 0.000000 -1.000000 0.000000 -0.000000 1.000000 -0.000000 0.000000 -1.000000 0.000000 -0.000000 1.000000 -0.000000 0.000000 -1.000000 0.000000 -0.000000 1.000000 -0.000000 0.000000 -1.000000 0.000000 -0.000000 1.000000 -0.000000 0.000000 -1.000000 0.000000 -0.000000 1.000000 -0.000000 0.000000 -1.000000 0.000000 -0.000000 1.000000 -0.000000 0.000000 -1.000000 0.000000 -0.000000 1.000000 -0.000000 0.000000 -1.000000 0.000000 -0.000000 1.000000 -0.000000 0.000000 -1.000000 0.000000 -0.000000 1.000000 -0.000000 0.000000 -1.000000 0.000000 -0.000000 1.000000 -0.000000 0.000000 -1.000000 0.000000 -0.000000 1.000000 -0.000000 0.000000 -1.000000 0.000000 -0.000000 1.000000 -0.000000 0.000000 -1.000000 0.000000 -0.000000 1.000000 -0.000000 0.000000 -1.000000 0.000000 -0.000000 1.000000 -0.000000 0.000000 -1.000000 0.000000 -0.000000 1.000000 -0.000000 0.000000 -1.000000 0.000000 -0.000000 1.000000 -0.000000 0.000000 -1.000000 0.000000 -0.000000 1.000000 -0.000000 0.000000 -1.000000 0.000000 -0.000000 1.000000 -0.000000 0.000000 -1.000000 0.000000 -0.000000 1.000000 -0.000000 0.000000 -1.000000 0.000000 -0.000000 1.000000 -0.000000 0.000000 -1.000000 0.000000 -0.000000 1.000000 -0.000000 0.000000 -1.000000 0.000000 -0.000000 1.000000 -0.000000 0.000000 -1.000000 0.000000 -0.000000 1.000000 -0.000000 0.000000 -1.000000 0.000000 -0.000000 1.000000 -0.000000 0.000000 -1.000000 0.000000 -0.000000 1.000000 -0.000000 0.000000 -1.000000 0.000000 -0.000000 1.000000 -0.000000 0.000000 -1.000000 0.000000 -0.000000 1.000000 -0.000000 0.000000 -1.000000 0.000000 -0.000000 1.000000 -0.000000 0.000000 -1.000000 0.000000 -0.000000 1.000000 -0.000000 0.000000 -1.000000 0.000000 -0.000000 1.000000 -0.000000 0.000000 -1.000000 0.000000 -0.000000 1.000000 -0.000000 0.000000 -1.000000 0.000000 -0.000000 1.000000 -0.000000 0.000000 -1.000000 0.000000 -0.000000 1.000000 -0.000000 0.000000 -1.000000 0.000000 -0.000000 1.000000 -0.000000 0.000000 -1.000000 0.000000 -0.000000 1.000000 -0.000000 0.000000 -1.000000 0.000000 -0.000000 1.000000 -0.000000 0.000000 -1.000000 0.000000 -0.000000 1.000000 -0.000000 0.000000 -1.000000 0.000000 -0.000000 1.000000 -0.000000 0.000000 -1.000000 0.000000 -0.000000 1.000000 -0.000000 0.000000 -1.000000 0.000000 -0.000000 1.000000 -0.000000 0.000000 -1.000000 0.000000 -0.000000 1.000000 -0.000000 0.000000 -1.000000 0.000000 -0.000000 1.000000 -0.000000 0.000000 -1.000000 0.000000 -0.000000 1.000000 -0.000000 0.000000 -1.000000 0.000000 -0.000000 1.000000 -0.000000 0.000000 -1.000000 0.000000 -0.000000 1.000000 -0.000000 0.000000 -1.000000 0.000000 -0.000000 1.000000 -0.000000 0.000000 -1.000000 0.000000 -0.000000 1.000000 -0.000000 0.000000 -1.000000 0.000000 -0.000000 1.000000 -0.000000 0.000000 -1.000000 0.000000 -0.000000 1.000000 -0.000000 0.000000 -1.000000 0.000000 -0.000000 1.000000 -0.000000 0.000000 -1.000000 0.000000 -0.000000 1.000000 -0.000000 0.000000 -1.000000 0.000000 -0.000000 1.000000 -0.000000 0.000000 -1.000000 0.000000 -0.000000 1.000000 -0.000000 0.000000 -1.000000 0.000000 -0.000000 1.000000 -0.000000 0.000000 -1.000000 0.000000 -0.000000 1.000000 -0.000000 0.000000 -1.000000 0.000000 -0.000000 1.000000 -0.000000 0.000000 -1.000000 0.000000 -0.000000 1.000000 -0.000000 0.000000 -1.000000 0.000000 -0.000000 1.000000 -0.000000 0.000000 -1.000000 0.000000 -0.000000 1.000000 -0.000000 0.000000 -1.000000 0.000000 -0.000000 1.000000 -0.000000 0.000000 -1.000000 0.000000 -0.000000 1.000000 -0.000000 0.000000 -1.000000 0.000000 -0.000000 1.000000 -0.000000 0.000000 -1.000000 0.000000 -0.000000 1.000000 -0.000000 0.000000 -1.000000 0.000000 -0.000000 1.000000 -0.000000 0.000000 -1.000000 0.000000 -0.000000 1.000000 -0.000000 0.000000 -1.000000 0.000000 -0.000000 1.000000 -0.000000 0.000000 -1.000000 0.000000 -0.000000 1.000000 -0.000000 0.000000 -1.000000 0.000000 -0.000000 1.000000 -0.000000 0.000000 -1.000000 0.000000 -0.000000 1.000000 -0.000000 0.000000 -1.000000 0.000000 -0.000000 1.000000 -0.000000 0.000000 -1.000000 0.000000 -0.000000 1.000000 -0.000000 0.000000 -1.000000 0.000000 -0.000000 1.000000 -0.000000 0.000000 -1.000000 0.000000 -0.000000 1.000000 -0.000000 0.000000 -1.000000 0.000000 -0.000000 1.000000 -0.000000 0.000000 -1.000000 0.000000 -0.000000 1.000000 -0.000000 0.000000 -1.000000 0.000000 -0.000000 1.000000 -0.000000 0.000000 -1.000000 0.000000 -0.000000 1.000000 -0.000000 0.000000 -1.000000 0.000000 -0.000000 1.000000 -0.000000 0.000000 -1.000000 0.000000 -0.000000 1.000000 -0.000000 0.000000 -1.000000 0.000000 -0.000000 1.000000 -0.000000 0.000000 -1.000000 0.000000 -0.000000 1.000000 -0.000000 0.000000 -1.000000 0.000000 -0.000000 1.000000 -0.000000 0.000000 -1.000000 0.000000 -0.000000 1.000000 -0.000000 0.000000 -1.000000 0.000000 -0.000000 1.000000 -0.000000 0.000000 -1.000000 0.000000 -0.000000 1.000000 -0.000000 0.000000 -1.000000 0.000000 -0.000000 1.000000 -0.000000 0.000000 -1.000000 0.000000 -0.000000 1.000000 -0.000000 0.000000 -1.000000 0.000000 -0.000000 1.000000 -0.000000 0.000000 -1.000000 0.000000 -0.000000 1.000000 -0.000000 0.000000 -1.000000 0.000000 -0.000000 1.000000 -0.000000 0.000000 -1.000000 0.000000 -0.000000 1.000000 -0.000000 0.000000 -1.000000 0.000000 -0.000000 1.000000 -0.000000 0.000000 -1.000000 0.000000 -0.000000 1.000000 -0.000000 0.000000 -1.000000 0.000000 -0.000000 1.000000 -0.000000 0.000000 -1.000000 0.000000 -0.000000 1.000000 -0.000000 0.000000 -1.000000 0.000000 -0.000000 1.000000 -0.000000 0.000000 -1.000000 0.000000 -0.000000 1.000000 -0.000000 0.000000 -1.000000 0.000000 -0.000000 1.000000 -0.000000 0.000000 -1.000000 0.000000 -0.000000 1.000000 -0.000000 0.000000 -1.000000 0.000000 -0.000000 1.000000 -0.000000 0.000000 -1.000000 0.000000 -0.000000 1.000000 -0.000000 0.000000 -1.000000 0.000000 -0.000000 1.000000 -0.000000 0.000000 -1.000000 0.000000 -0.000000 1.000000 -0.000000 0.000000 -1.000000 0.000000 -0.000000 1.000000 -0.000000 0.000000 -1.000000 0.000000 -0.000000 1.000000 -0.000000 0.000000 -1.000000 0.000000 -0.000000 1.000000 -0.000000 0.000000 -1.000000 0.000000 -0.000000 1.000000 -0.000000 0.000000 -1.000000 0.000000 -0.000000 1.000000 -0.000000 0.000000 -1.000000 0.000000 -0.000000 1.000000 -0.000000 0.000000 -1.000000 0.000000 -0.000000 1.000000 -0.000000 0.000000 -1.000000 0.000000 -0.000000 1.000000 -0.000000 0.000000 -1.000000 0.000000 -0.000000 1.000000 -0.000000 0.000000 -1.000000 0.000000 -0.000000 1.000000 -0.000000 0.000000 -1.000000 0.000000 -0.000000 1.000000 -0.000000 0.000000 -1.000000 0.000000 -0.000000 1.000000 -0.000000 0.000000 -1.000000 0.000000 -0.000000 1.000000 -0.000000 0.000000 -1.000000 0.000000 -0.000000 1.000000 -0.000000 0.000000 -1.000000 0.000000 -0.000000 1.000000 -0.000000 0.000000 -1.000000 0.000000 -0.000000 1.000000 -0.000000 0.000000 -1.000000 0.000000 -0.000000 1.000000 -0.000000 0.000000 -1.000000 0.000000 -0.000000 1.000000 -0.000000 0.000000 -1.000000 0.000000 -0.000000 1.000000 -0.000000 0.000000 -1.000000 0.000000 -0.000000 1.000000 -0.000000 0.000000 -1.000000 0.000000 -0.000000 1.000000 -0.000000 0.000000 -1.000000 0.000000 -0.000000 1.000000 -0.000000 0.000000 -1.000000 0.000000 -0.000000 1.000000 -0.000000 0.000000 -1.000000 0.000000 -0.000000 1.000000 -0.000000 0.000000 -1.000000 0.000000 -0.000000 1.000000 -0.000000 0.000000 -1.000000 0.000000 -0.000000 1.000000 -0.000000 0.000000 -1.000000 0.000000 -0.000000 1.000000 -0.000000 0.000000 -1.000000 0.000000 -0.000000 1.000000 -0.000000 0.000000 -1.000000 0.000000 -0.000000 1.000000 -0.000000 0.000000 -1.000000 0.000000 -0.000000 1.000000 -0.000000 0.000000 -1.000000 0.000000 -0.000000 1.000000 -0.000000 0.000000 -1.000000 0.000000 -0.000000 1.000000 -0.000000 0.000000 -1.000000 0.000000 -0.000000 1.000000 -0.000000 0.000000 -1.000000 0.000000 -0.000000 1.000000 -0.000000 0.000000 -1.000000 0.000000 -0.000000 1.000000 -0.000000 0.000000 -1.000000 0.000000 -0.000000 1.000000 -0.000000 0.000000 -1.000000 0.000000 -0.000000 1.000000 -0.000000 0.000000 -1.000000 0.000000 -0.000000 1.000000 -0.000000 0.000000 -1.000000 0.000000 -0.000000 1.000000 -0.000000 0.000000 -1.000000 0.000000 -0.000000 1.000000 -0.000000 0.000000 -1.000000 0.000000 -0.000000 1.000000 -0.000000 0.000000 -1.000000 0.000000 -0.000000 1.000000 -0.000000 0.000000 -1.000000 0.000000 -0.000000 1.000000 -0.000000 0.000000 -1.000000 0.000000 -0.000000 1.000000 -0.000000 0.000000 -1.000000 0.000000 -0.000000 1.000000 -0.000000 0.000000 -1.000000 0.000000 -0.000000 1.000000 -0.000000 0.000000 -1.000000 0.000000 -0.000000 1.000000 -0.000000 0.000000 -1.000000 0.000000 -0.000000 1.000000 -0.000000 0.000000 -1.000000 0.000000 -0.000000 1.000000 -0.000000 0.000000 -1.000000 0.000000 -0.000000 1.000000 -0.000000 0.000000 -1.000000 0.000000 -0.000000 1.000000 -0.000000 0.000000 -1.000000 0.000000 -0.000000 1.000000 -0.000000 0.000000 -1.000000 0.000000 -0.000000 1.000000 -0.000000 0.000000 -1.000000 0.000000 -0.000000 1.000000 -0.000000 0.000000 -1.000000 0.000000 -0.000000 1.000000 -0.000000 0.000000 -1.000000 0.000000 -0.000000 1.000000 -0.000000 0.000000 -1.000000 0.000000 -0.000000 1.000000 -0.000000 0.000000 -1.000000 0.000000 -0.000000 1.000000 -0.000000 0.000000 -1.000000 0.000000 -0.000000 1.000000 -0.000000 0.000000 -1.000000 0.000000 -0.000000 1.000000 -0.000000 0.000000 -1.000000 0.000000 -0.000000 1.000000 -0.000000 0.000000 -1.000000 0.000000 -0.000000 1.000000 -0.000000 0.000000 -1.000000 0.000000 -0.000000 1.000000 -0.000000 0.000000 -1.000000 0.000000 -0.000000 1.000000 -0.000000 0.000000 -1.000000 0.000000 -0.000000 1.000000 -0.000000 0.000000 -1.000000 0.000000 -0.000000 1.000000 -0.000000 0.000000 -1.000000 0.000000 -0.000000 1.000000 -0.000000 0.000000 -1.000000 0.000000 -0.000000 1.000000 -0.000000 0.000000 -1.000000 0.000000 -0.000000 1.000000 -0.000000 0.000000 -1.000000 0.000000 -0.000000 1.000000 -0.000000 0.000000 -1.000000 0.000000 -0.000000 1.000000 -0.000000 0.000000 -1.000000 0.000000 -0.000000 1.000000 -0.000000 0.000000 -1.000000 0.000000 -0.000000 1.000000 -0.000000 0.000000 -1.000000 0.000000 -0.000000 1.000000 -0.000000 0.000000 -1.000000 0.000000 -0.000000 1.000000 -0.000000 0.000000 -1.000000 0.000000 -0.000000 1.000000 -0.000000 0.000000 -1.000000 0.000000 -0.000000 1.000000 -0.000000 0.000000 -1.000000 0.000000 -0.000000 1.000000 -0.000000 0.000000 -1.000000 0.000000 -0.000000 1.000000 -0.000000 0.000000 -1.000000 0.000000 -0.000000 1.000000 -0.000000 0.000000 -1.000000 0.000000 -0.000000 1.000000 -0.000000 0.000000 -1.000000 0.000000 -0.000000 1.000000 -0.000000 0.000000 -1.000000 0.000000 -0.000000 1.000000 -0.000000 0.000000 -1.000000 0.000000 -0.000000 1.000000 -0.000000 0.000000 -1.000000 0.000000 -0.000000 1.000000 -0.000000 0.000000 -1.000000 0.000000 -0.000000 1.000000 -0.000000 0.000000 -1.000000 0.000000 -0.000000 1.000000 -0.000000 0.000000 -1.000000 0.000000 -0.000000 1.000000 -0.000000 0.000000 -1.000000 0.000000 -0.000000 1.000000 -0.000000 0.000000 -1.000000 0.000000 -0.000000 1.000000 -0.000000 0.000000 -1.000000 0.000000 -0.000000 1.000000 -0.000000 0.000000 -1.000000 0.000000 -0.000000 1.000000 -0.000000 0.000000 -1.000000 0.000000 -0.000000 1.000000 -0.000000 0.000000 -1.000000 0.000000 -0.000000 1.000000 -0.000000 0.000000 -1.000000 0.000000 -0.000000 1.000000 -0.000000 0.000000 -1.000000 0.000000 -0.000000 1.000000 -0.000000 0.000000 -1.000000 0.000000 -0.000000 1.000000 -0.000000 0.000000 -1.000000 0.000000 -0.000000 1.000000 -0.000000 0.000000 -1.000000 0.000000 -0.000000 1.000000 -0.000000 0.000000 -1.000000 0.000000 -0.000000 1.000000 -0.000000 0.000000 -1.000000 0.000000 -0.000000 1.000000 -0.000000 0.000000 -1.000000 0.000000 -0.000000 1.000000 -0.000000 0.000000 -1.000000 0.000000 -0.000000 1.000000 -0.000000 0.000000 -1.000000 0.000000 -0.000000 1.000000 -0.000000 0.000000 -1.000000 0.000000 -0.000000 1.000000 -0.000000 0.000000 -1.000000 0.000000 -0.000000 1.000000 -0.000000 0.000000 -1.000000 0.000000 -0.000000 1.000000 -0.000000 0.000000 -1.000000 0.000000 -0.000000 1.000000 -0.000000 0.000000 -1.000000 0.000000 -0.000000 1.000000 -0.000000 0.000000 -1.000000 0.000000 -0.000000 1.000000 -0.000000 0.000000 -1.000000 0.000000 -0.000000 1.000000 -0.000000 0.000000 -1.000000 0.000000 -0.000000 1.000000 -0.000000 0.000000 -1.000000 0.000000 -0.000000 1.000000 -0.000000 0.000000 -1.000000 0.000000 -0.000000 1.000000 -0.000000 0.000000 -1.000000 0.000000 -0.000000 1.000000 -0.000000 0.000000 -1.000000 0.000000 -0.000000 1.000000 -0.000000 0.000000 -1.000000 0.000000 -0.000000 1.000000 -0.000000 0.000000 -1.000000 0.000000 -0.000000 1.000000 -0.000000 0.000000 -1.000000 0.000000 -0.000000 1.000000 -0.000000 0.000000 -1.000000 0.000000 -0.000000 1.000000 -0.000000 0.000000 -1.000000 0.000000 -0.000000 1.000000 -0.000000 0.000000 -1.000000 0.000000 -0.000000 1.000000 -0.000000 0.000000 -1.000000 0.000000 -0.000000 1.000000 -0.000000 0.000000 -1.000000 0.000000 -0.000000 1.000000 -0.000000 0.000000 -1.000000 0.000000 -0.000000 1.000000 -0.000000 0.000000 -1.000000 0.000000 -0.000000 1.000000 -0.000000 0.000000 -1.000000 0.000000 -0.000000 1.000000 -0.000000 0.000000 -1.000000 0.000000 -0.000000 1.000000 -0.000000 0.000000 -1.000000 0.000000 -0.000000 1.000000 -0.000000 0.000000 -1.000000 0.000000 -0.000000 1.000000 -0.000000 0.000000 -1.000000 0.000000 -0.000000 1.000000 -0.000000 0.000000 -1.000000 0.000000 -0.000000 1.000000 -0.000000 0.000000 -1.000000 0.000000 -0.000000 1.000000 -0.000000 0.000000 -1.000000 0.000000 -0.000000 1.000000 -0.000000 0.000000 -1.000000 0.000000 -0.000000 1.000000 -0.000000 0.000000 -1.000000 0.000000 -0.000000 1.000000 -0.000000 0.000000 -1.000000 0.000000 -0.000000 1.000000 -0.000000 0.000000 -1.000000 0.000000 -0.000000 1.000000 -0.000000 0.000000 -1.000000 0.000000 -0.000000 1.000000 -0.000000 0.000000 -1.000000 0.000000 -0.000000 1.000000 -0.000000 0.000000 -1.000000 0.000000 -0.000000 1.000000 -0.000000 0.000000 -1.000000 0.000000 -0.000000 1.000000 -0.000000 0.000000 -1.000000 0.000000 -0.000000 1.000000 -0.000000 0.000000 -1.000000 0.000000 -0.000000 1.000000 -0.000000 0.000000 -1.000000 0.000000 -0.000000 1.000000 -0.000000 0.000000 -1.000000 0.000000 -0.000000 1.000000 -0.000000 0.000000 -1.000000 0.000000 -0.000000 1.000000 -0.000000 0.000000 -1.000000 0.000000 -0.000000 1.000000 -0.000000 0.000000 -1.000000 0.000000 -0.000000 1.000000 -0.000000 0.000000 -1.000000 0.000000 -0.000000 1.000000 -0.000000 0.000000 -1.000000 0.000000 -0.000000 1.000000 -0.000000 0.000000 -1.000000 0.000000 -0.000000 1.000000 -0.000000 0.000000 -1.000000 0.000000 -0.000000 1.000000 -0.000000 0.000000 -1.000000 0.000000 -0.000000 1.000000 -0.000000 0.000000 -1.000000 0.000000 -0.000000 1.000000 -0.000000 0.000000 -1.000000 0.000000 -0.000000 1.000000 -0.000000 0.000000 -1.000000 0.000000 -0.000000 1.000000 -0.000000 0.000000 -1.000000 0.000000 -0.000000 1.000000 -0.000000 0.000000 -1.000000 0.000000 -0.000000 1.000000 -0.000000 0.000000 -1.000000 0.000000 -0.000000 1.000000 -0.000000 0.000000 -1.000000 0.000000 -0.000000 1.000000 -0.000000 0.000000 -1.000000 0.000000 -0.000000 1.000000 -0.000000 0.000000 -1.000000 0.000000 -0.000000 1.000000 -0.000000 0.000000 -1.000000 0.000000 -0.000000 1.000000 -0.000000 0.000000 -1.000000 0.000000 -0.000000 1.000000 -0.000000 0.000000 -1.000000 0.000000 -0.000000 1.000000 -0.000000 0.000000 -1.000000 0.000000 -0.000000 1.000000 -0.000000 0.000000 -1.000000 0.000000 -0.000000 1.000000 -0.000000 0.000000 -1.000000 0.000000 -0.000000 1.000000 -0.000000 0.000000 -1.000000 0.000000 -0.000000 1.000000 -0.000000 0.000000 -1.000000 0.000000 -0.000000 1.000000 -0.000000 0.000000 -1.000000 0.000000 -0.000000 1.000000 -0.000000 0.000000 -1.000000 0.000000 -0.000000 1.000000 -0.000000 0.000000 -1.000000 0.000000 -0.000000 1.000000 -0.000000 0.000000 -1.000000 0.000000 -0.000000 1.000000 -0.000000 0.000000 -1.000000 0.000000 -0.000000 1.000000 -0.000000 0.000000 -1.000000 0.000000 -0.000000 1.000000 -0.000000 0.000000 -1.000000 0.000000 -0.000000 1.000000 -0.000000 0.000000 -1.000000 0.000000 -0.000000 1.000000 -0.000000 0.000000 -1.000000 0.000000 -0.000000 1.000000 -0.000000 0.000000 -1.000000 0.000000 -0.000000 1.000000 -0.000000 0.000000 -1.000000 0.000000 -0.000000 1.000000 -0.000000 0.000000 -1.000000 0.000000 -0.000000 1.000000 -0.000000 0.000000 -1.000000 0.000000 -0.000000 1.000000 -0.000000 0.000000 -1.000000 0.000000 -0.000000 1.000000 -0.000000 0.000000 -1.000000 0.000000 -0.000000 1.000000 -0.000000 0.000000 -1.000000 0.000000 -0.000000 1.000000 -0.000000 0.000000 -1.000000 0.000000 -0.000000 1.000000 -0.000000 0.000000 -1.000000 0.000000 -0.000000 1.000000 -0.000000 0.000000 -1.000000 0.000000 -0.000000 1.000000 -0.000000 0.000000 -1.000000 0.000000 -0.000000 1.000000 -0.000000 0.000000 -1.000000 0.000000 -0.000000 1.000000 -0.000000 0.000000 -1.000000 0.000000 -0.000000 1.000000 -0.000000 0.000000 -1.000000 0.000000 -0.000000 1.000000 -0.000000 0.000000 -1.000000 0.000000 -0.000000 1.000000 -0.000000 0.000000 -1.000000 0.000000 -0.000000 1.000000 -0.000000 0.000000 -1.000000 0.000000 -0.000000 1.000000 -0.000000 0.000000 -1.000000 0.000000 -0.000000 1.000000 -0.000000 0.000000 -1.000000 0.000000 -0.000000 1.000000 -0.000000 0.000000 -1.000000 0.000000 -0.000000 1.000000 -0.000000 0.000000 -1.000000 0.000000 -0.000000 1.000000 -0.000000 0.000000 -1.000000 0.000000 -0.000000 1.000000 -0.000000 0.000000 -1.000000 0.000000 -0.000000 1.000000 -0.000000 0.000000 -1.000000 0.000000 -0.000000 1.000000 -0.000000 0.000000 -1.000000 0.000000 -0.000000 1.000000 -0.000000 0.000000 -1.000000 0.000000 -0.000000 1.000000 -0.000000 0.000000 -1.000000 0.000000 -0.000000 1.000000 -0.000000 0.000000 -1.000000 0.000000 -0.000000 1.000000 -0.000000 0.000000 -1.000000 0.000000 -0.000000 1.000000 -0.000000 0.000000 -1.000000 0.000000 -0.000000 1.000000 -0.000000 0.000000 -1.000000 0.000000 -0.000000 1.000000 -0.000000 0.000000 -1.000000 0.000000 -0.000000 1.000000 -0.000000 0.000000 -1.000000 0.000000 -0.000000 1.000000 -0.000000 0.000000 -1.000000 0.000000 -0.000000 1.000000 -0.000000 0.000000 -1.000000 0.000000 -0.000000 1.000000 -0.000000 0.000000 -1.000000 0.000000 -0.000000 1.000000 -0.000000 0.000000 -1.000000 0.000000 -0.000000 1.000000 -0.000000 0.000000 -1.000000 0.000000 -0.000000 1.000000 -0.000000 0.000000 -1.000000 0.000000 -0.000000 1.000000 -0.000000 0.000000 -1.000000 0.000000 -0.000000 1.000000 -0.000000 0.000000 -1.000000 0.000000 -0.000000 1.000000 -0.000000 0.000000 -1.000000 0.000000 -0.000000 1.000000 -0.000000 0.000000 -1.000000 0.000000 -0.000000 1.000000 -0.000000 0.000000 -1.000000 0.000000 -0.000000 1.000000 -0.000000 0.000000 -1.000000 0.000000 -0.000000 1.000000 -0.000000 0.000000 -1.000000 0.000000 -0.000000 1.000000 -0.000000 0.000000 -1.000000 0.000000 -0.000000 1.000000 -0.000000 0.000000 -1.000000 0.000000 -0.000000 1.000000 -0.000000 0.000000 -1.000000 0.000000 -0.000000 1.000000 -0.000000 0.000000 -1.000000 0.000000 -0.000000 1.000000 -0.000000 0.000000 -1.000000 0.000000 -0.000000 1.000000 -0.000000 0.000000 -1.000000 0.000000 -0.000000 1.000000 -0.000000 0.000000 -1.000000 0.000000 -0.000000 1.000000 -0.000000 0.000000 -1.000000 0.000000 -0.000000 1.000000 -0.000000 0.000000 -1.000000 0.000000 -0.000000 1.000000 -0.000000 0.000000 -1.000000 0.000000 -0.000000 1.000000 -0.000000 0.000000 -1.000000 0.000000 -0.000000 1.000000 -0.000000 0.000000 -1.000000 0.000000 -0.000000 1.000000 -0.000000 0.000000 -1.000000 0.000000 -0.000000 1.000000 -0.000000 0.000000 -1.000000 0.000000 -0.000000 1.000000 -0.000000 0.000000 -1.000000 0.000000 -0.000000 1.000000 -0.000000 0.000000 -1.000000 0.000000 -0.000000 1.000000 -0.000000 0.000000 -1.000000 0.000000 -0.000000 1.000000 -0.000000 0.000000 -1.000000 0.000000 -0.000000 1.000000 -0.000000 0.000000 -1.000000 0.000000 -0.000000 1.000000 -0.000000 0.000000 -1.000000 0.000000 -0.000000 1.000000 -0.000000 0.000000 -1.000000 0.000000 -0.000000 1.000000 -0.000000 0.000000 -1.000000 0.000000 -0.000000 1.000000 -0.000000 0.000000 -1.000000 0.000000 -0.000000 1.000000 -0.000000 0.000000 -1.000000 0.000000 -0.000000 1.000000 -0.000000 0.000000 -1.000000 0.000000 -0.000000 1.000000 -0.000000 0.000000 -1.000000 0.000000 -0.000000 1.000000 -0.000000 0.000000 -1.000000 0.000000 -0.000000 1.000000 -0.000000 0.000000 -1.000000 0.000000 -0.000000 1.000000 -0.000000 0.000000 -1.000000 0.000000 -0.000000 1.000000 -0.000000 0.000000 -1.000000 0.000000 -0.000000 1.000000 -0.000000 0.000000 -1.000000 0.000000 -0.000000 1.000000 -0.000000 0.000000 -1.000000 0.000000 -0.000000 1.000000 -0.000000 0.000000 -1.000000 0.000000 -0.000000 1.000000 -0.000000 0.000000 -1.000000 0.000000 -0.000000 1.000000 -0.000000 0.000000 -1.000000 0.000000 -0.000000 1.000000 -0.000000 0.000000 -1.000000 0.000000 -0.000000 1.000000 -0.000000 0.000000 -1.000000 0.000000 -0.000000 1.000000 -0.000000 0.000000 -1.000000 0.000000 -0.000000 1.000000 -0.000000 0.000000 -1.000000 0.000000 -0.000000 1.000000 -0.000000 0.000000 -1.000000 0.000000 -0.000000 1.000000 -0.000000 0.000000 -1.000000 0.000000 -0.000000 1.000000 -0.000000 0.000000 -1.000000 0.000000 -0.000000 1.000000 -0.000000 0.000000 -1.000000 0.000000 -0.000000 1.000000 -0.000000 0.000000 -1.000000 0.000000 -0.000000 1.000000 -0.000000 0.000000 -1.000000 0.000000 -0.000000 1.000000 -0.000000 0.000000 -1.000000 0.000000 -0.000000 1.000000 -0.000000 0.000000 -1.000000 0.000000 -0.000000 1.000000 -0.000000 0.000000 -1.000000 0.000000 -0.000000 1.000000 -0.000000 0.000000 -1.000000 0.000000 -0.000000 1.000000 -0.000000 0.000000 -1.000000 0.000000 -0.000000 1.000000 -0.000000 0.000000 -1.000000 0.000000 -0.000000 1.000000 -0.000000 0.000000 -1.000000 0.000000 -0.000000 1.000000 -0.000000 0.000000 -1.000000 0.000000 -0.000000 1.000000 -0.000000 0.000000 -1.000000 0.000000 -0.000000 1.000000 -0.000000 0.000000 -1.000000 0.000000 -0.000000 1.000000 -0.000000 0.000000 -1.000000 0.000000 -0.000000 1.000000 -0.000000 0.000000 -1.000000 0.000000 -0.000000 1.000000 -0.000000 0.000000 -1.000000 0.000000 -0.000000 1.000000 -0.000000 0.000000 -1.000000 0.000000 -0.000000 1.000000 -0.000000 0.000000 -1.000000 0.000000 -0.000000 1.000000 -0.000000 0.000000 -1.000000 0.000000 -0.000000 1.000000 -0.000000 0.000000 -1.000000 0.000000 -0.000000 1.000000 -0.000000 0.000000 -1.000000 0.000000 -0.000000 1.000000 -0.000000 0.000000 -1.000000 0.000000 -0.000000 1.000000 -0.000000 0.000000 -1.000000 0.000000 -0.000000 1.000000 -0.000000 0.000000 -1.000000 0.000000 -0.000000 1.000000 -0.000000 0.000000 -1.000000 0.000000 -0.000000 1.000000 -0.000000 0.000000 -1.000000 0.000000 -0.000000 1.000000 -0.000000 0.000000 -1.000000 0.000000 -0.000000 1.000000 -0.000000 0.000000 -1.000000 0.000000 -0.000000 1.000000 -0.000000 0.000000 -1.000000 0.000000 -0.000000 1.000000 -0.000000 0.000000 -1.000000 0.000000 -0.000000 1.000000 -0.000000 0.000000 -1.000000 0.000000 -0.000000 1.000000 -0.000000 0.000000 -1.000000 0.000000 -0.000000 1.000000 -0.000000 0.000000 -1.000000 0.000000 -0.000000 1.000000 -0.000000 0.000000 -1.000000 0.000000 -0.000000 1.000000 -0.000000 0.000000 -1.000000 0.000000 -0.000000 1.000000 -0.000000 0.000000 -1.000000 0.000000 -0.000000 1.000000 -0.000000 0.000000 -1.000000 0.000000 -0.000000 1.000000 -0.000000 0.000000 -1.000000 0.000000 -0.000000 1.000000 -0.000000 0.000000 -1.000000 0.000000 -0.000000 1.000000 -0.000000 0.000000 -1.000000 0.000000 -0.000000 1.000000 -0.000000 0.000000 -1.000000 0.000000 -0.000000 1.000000 -0.000000 0.000000 -1.000000 0.000000 -0.000000 1.000000 -0.000000 0.000000 -1.000000 0.000000 -0.000000 1.000000 -0.000000 0.000000 -1.000000 0.000000 -0.000000 1.000000 -0.000000 0.000000 -1.000000 0.000000 -0.000000 1.000000 -0.000000 0.000000 -1.000000 0.000000 -0.000000 1.000000 -0.000000 0.000000 -1.000000 0.000000 -0.000000 1.000000 -0.000000 0.000000 -1.000000 0.000000 -0.000000 1.000000 -0.000000 0.000000 -1.000000 0.000000 -0.000000 1.000000 -0.000000 0.000000 -1.000000 0.000000 -0.000000 1.000000 -0.000000 0.000000 -1.000000 0.000000 -0.000000 1.000000 -0.000000 0.000000 -1.000000 0.000000 -0.000000 1.000000 -0.000000 0.000000 -1.000000 0.000000 -0.000000 1.000000 -0.000000 0.000000 -1.000000 0.000000 -0.000000 1.000000 -0.000000 0.000000 -1.000000 0.000000 -0.000000 1.000000 -0.000000 0.000000 -1.000000 0.000000 -0.000000 1.000000 -0.000000 0.000000 -1.000000 0.000000 -0.000000 1.000000 -0.000000 0.000000 -1.000000 0.000000 -0.000000 1.000000 -0.000000 0.000000 -1.000000 0.000000 -0.000000 1.000000 -0.000000 0.000000 -1.000000 0.000000 -0.000000 1.000000 -0.000000 0.000000 -1.000000 0.000000 -0.000000 1.000000 -0.000000 0.000000 -1.000000 0.000000 -0.000000 1.000000 -0.000000 0.000000 -1.000000 0.000000 -0.000000 1.000000 -0.000000 0.000000 -1.000000 0.000000 -0.000000 1.000000 -0.000000 0.000000 -1.000000 0.000000 -0.000000 1.000000 -0.000000 0.000000 -1.000000 0.000000 -0.000000 1.000000 -0.000000 0.000000 -1.000000 0.000000 -0.000000 1.000000 -0.000000 0.000000 -1.000000 0.000000 -0.000000 1.000000 -0.000000 0.000000 -1.000000 0.000000 -0.000000 1.000000 -0.000000 0.000000 -1.000000 0.000000 -0.000000 1.000000 -0.000000 0.000000 -1.000000 0.000000 -0.000000 1.000000 -0.000000 0.000000 -1.000000 0.000000 -0.000000 1.000000 -0.000000 0.000000 -1.000000 0.000000 -0.000000 1.000000 -0.000000 0.000000 -1.000000 0.000000 -0.000000 1.000000 -0.000000 0.000000 -1.000000 0.000000 -0.000000 1.000000 -0.000000 0.000000 -1.000000 0.000000 -0.000000 1.000000 -0.000000 0.000000 -1.000000 0.000000 -0.000000 1.000000 -0.000000 0.000000 -1.000000 0.000000 -0.000000 1.000000 -0.000000 0.000000 -1.000000 0.000000 -0.000000 1.000000 -0.000000 0.000000 -1.000000 0.000000 -0.000000 1.000000 -0.000000 0.000000 -1.000000 0.000000 -0.000000 1.000000 -0.000000 0.000000 -1.000000 0.000000 -0.000000 1.000000 -0.000000 0.000000 -1.000000 0.000000 -0.000000 1.000000 -0.000000 0.000000 -1.000000 0.000000 -0.000000 1.000000 -0.000000 0.000000 -1.000000 0.000000 -0.000000 1.000000 -0.000000 0.000000 -1.000000 0.000000 -0.000000 1.000000 -0.000000 0.000000 -1.000000 0.000000 -0.000000 1.000000 -0.000000 0.000000 -1.000000 0.000000 -0.000000 1.000000 -0.000000 0.000000 -1.000000 0.000000 -0.000000 1.000000 -0.000000 0.000000 -1.000000 0.000000 -0.000000 1.000000 -0.000000 0.000000 -1.000000 0.000000 -0.000000 1.000000 -0.000000 0.000000 -1.000000 0.000000 -0.000000 1.000000 -0.000000 0.000000 -1.000000 0.000000 -0.000000 1.000000 -0.000000 0.000000 -1.000000 0.000000 -0.000000 1.000000 -0.000000 0.000000 -1.000000 0.000000 -0.000000 1.000000 -0.000000 0.000000 -1.000000 0.000000 -0.000000 1.000000 -0.000000 0.000000 -1.000000 0.000000 -0.000000 1.000000 -0.000000 0.000000 -1.000000 0.000000 -0.000000 1.000000 -0.000000 0.000000 -1.000000 0.000000 -0.000000 1.000000 -0.000000 0.000000 -1.000000 0.000000 -0.000000 1.000000 -0.000000 0.000000 -1.000000 0.000000 -0.000000 1.000000 -0.000000 0.000000 -1.000000 0.000000 -0.000000 1.000000 -0.000000 0.000000 -1.000000 0.000000 -0.000000 1.000000 -0.000000 0.000000 -1.000000 0.000000 -0.000000 1.000000 -0.000000 0.000000 -1.000000 0.000000 -0.000000 1.000000 -0.000000 0.000000 -1.000000 0.000000 -0.000000 1.000000 -0.000000 0.000000 -1.000000 0.000000 -0.000000 1.000000 -0.000000 0.000000 -1.000000 0.000000 -0.000000 1.000000 -0.000000 0.000000 -1.000000 0.000000 -0.000000 1.000000 -0.000000 0.000000 -1.000000 0.000000 -0.000000 1.000000 -0.000000 0.000000 -1.000000 0.000000 -0.000000 1.000000 -0.000000 0.000000 -1.000000 0.000000 -0.000000 1.000000 -0.000000 0.000000 -1.000000 0.000000 -0.000000 1.000000 -0.000000 0.000000 -1.000000 0.000000 -0.000000 1.000000 -0.000000 0.000000 -1.000000 0.000000 -0.000000 1.000000 -0.000000 0.000000 -1.000000 0.000000 -0.000000 1.000000 -0.000000 0.000000 -1.000000 0.000000 -0.000000 1.000000 -0.000000 0.000000 -1.000000 0.000000 -0.000000 1.000000 -0.000000 0.000000 -1.000000 0.000000 -0.000000 1.000000 -0.000000 0.000000 -1.000000 0.000000 -0.000000 1.000000 -0.000000 0.000000 -1.000000 0.000000 -0.000000 1.000000 -0.000000 0.000000 -1.000000 0.000000 -0.000000 1.000000 -0.000000 0.000000 -1.000000 0.000000 -0.000000 1.000000 -0.000000 0.000000 -1.000000 0.000000 -0.000000 1.000000 -0.000000 0.000000 -1.000000 0.000000 -0.000000 1.000000 -0.000000 0.000000 -1.000000 0.000000 -0.000000 1.000000 -0.000000 0.000000 -1.000000 0.000000 -0.000000 1.000000 -0.000000 0.000000 -1.000000 0.000000 -0.000000 1.000000 -0.000000 0.000000 -1.000000 0.000000 -0.000000 1.000000 -0.000000 0.000000 -1.000000 0.000000 -0.000000 1.000000 -0.000000 0.000000 -1.000000 0.000000 -0.000000 1.000000 -0.000000 0.000000 -1.000000 0.000000 -0.000000 1.000000 -0.000000 0.000000 -1.000000 0.000000 -0.000000 1.000000 -0.000000 0.000000 -1.000000 0.000000 -0.000000 1.000000 -0.000000 0.000000 -1.000000 0.000000 -0.000000 1.000000 -0.000000 0.000000 -1.000000 0.000000 -0.000000 1.000000 -0.000000 0.000000 -1.000000 0.000000 -0.000000 1.000000 -0.000000 0.000000 -1.000000 0.000000 -0.000000 1.000000 -0.000000 0.000000 -1.000000 0.000000 -0.000000 1.000000 -0.000000 0.000000 -1.000000 0.000000 -0.000000 1.000000 -0.000000 0.000000 -1.000000 0.000000 -0.000000 1.000000 -0.000000 0.000000 -1.000000 0.000000 -0.000000 1.000000 -0.000000 0.000000 -1.000000 0.000000 -0.000000 1.000000 -0.000000 0.000000 -1.000000 0.000000 -0.000000 1.000000 -0.000000 0.000000 -1.000000 0.000000 -0.000000 1.000000 -0.000000 0.000000 -1.000000 0.000000 -0.000000 1.000000 -0.000000 0.000000 -1.000000 0.000000 -0.000000 1.000000 -0.000000 0.000000 -1.000000 0.000000 -0.000000 1.000000 -0.000000 0.000000 -1.000000 0.000000 -0.000000 1.000000 -0.000000 0.000000 -1.000000 0.000000 -0.000000 1.000000 -0.000000 0.000000 -1.000000 0.000000 -0.000000 1.000000 -0.000000 0.000000 -1.000000 0.000000 -0.000000 1.000000 -0.000000 0.000000 -1.000000 0.000000 -0.000000 1.000000 -0.000000 0.000000 -1.000000 0.000000 -0.000000 1.000000 -0.000000 0.000000 -1.000000 0.000000 -0.000000 1.000000 -0.000000 0.000000 -1.000000 0.000000 -0.000000 1.000000 -0.000000 0.000000 -1.000000 0.000000 -0.000000 1.000000 -0.000000 0.000000 -1.000000 0.000000 -0.000000 1.000000 -0.000000 0.000000 -1.000000 0.000000 -0.000000 1.000000 -0.000000 0.000000 -1.000000 0.000000 -0.000000 1.000000 -0.000000 0.000000 -1.000000 0.000000 -0.000000 1.000000 -0.000000 0.000000 -1.000000 0.000000 -0.000000 1.000000 -0.000000 0.000000 -1.000000 0.000000 -0.000000 1.000000 -0.000000 0.000000 -1.000000 0.000000 -0.000000 1.000000 -0.000000 0.000000 -1.000000 0.000000 -0.000000 1.000000 -0.000000 0.000000 -1.000000 0.000000 -0.000000 1.000000 -0.000000 0.000000 -1.000000 0.000000 -0.000000 1.000000 -0.000000 0.000000 -1.000000 0.000000 -0.000000 1.000000 -0.000000 0.000000 -1.000000 0.000000 -0.000000 1.000000 -0.000000 0.000000 -1.000000 0.000000 -0.000000 1.000000 -0.000000 0.000000 -1.000000 0.000000 -0.000000 1.000000 -0.000000 0.000000 -1.000000 0.000000 -0.000000 1.000000 -0.000000 0.000000 -1.000000 0.000000 -0.000000 1.000000 -0.000000 0.000000 -1.000000 0.000000 -0.000000 1.000000 -0.000000 0.000000 -1.000000 0.000000 -0.000000 1.000000 -0.000000 0.000000 -1.000000 0.000000 -0.000000 1.000000 -0.000000 0.000000 -1.000000 0.000000 -0.000000 1.000000 -0.000000 0.000000 -1.000000 0.000000 -0.000000 1.000000 -0.000000 0.000000 -1.000000 0.000000 -0.000000 1.000000 -0.000000 0.000000 -1.000000 0.000000 -0.000000 1.000000 -0.000000 0.000000 -1.000000 0.000000 -0.000000 1.000000 -0.000000 0.000000 -1.000000 0.000000 -0.000000 1.000000 -0.000000 0.000000 -1.000000 0.000000 -0.000000 1.000000 -0.000000 0.000000 -1.000000 0.000000 -0.000000 1.000000 -0.000000 0.000000 -1.000000 0.000000 -0.000000 1.000000 -0.000000 0.000000 -1.000000 0.000000 -0.000000 1.000000 -0.000000 0.000000 -1.000000 0.000000 -0.000000 1.000000 -0.000000 0.000000 -1.000000 0.000000 -0.000000 1.000000 -0.000000 0.000000 -1.000000 0.000000 -0.000000 1.000000 -0.000000 0.000000 -1.000000 0.000000 -0.000000 1.000000 -0.000000 0.000000 -1.000000 0.000000 -0.000000 1.000000 -0.000000 0.000000 -1.000000 0.000000 -0.000000 1.000000 -0.000000 0.000000 -1.000000 0.000000 -0.000000 1.000000 -0.000000 0.000000 -1.000000 0.000000 -0.000000 1.000000 -0.000000 0.000000 -1.000000 0.000000 -0.000000 1.000000 -0.000000 0.000000 -1.000000 0.000000 -0.000000 1.000000 -0.000000 0.000000 -1.000000 0.000000 -0.000000 1.000000 -0.000000 0.000000 -1.000000 0.000000 -0.000000 1.000000 -0.000000 0.000000 -1.000000 0.000000 -0.000000 1.000000 -0.000000 0.000000 -1.000000 0.000000 -0.000000 1.000000 -0.000000 0.000000 -1.000000 0.000000 -0.000000 1.000000 -0.000000 0.000000 -1.000000 0.000000 -0.000000 1.000000 -0.000000 0.000000 -1.000000 0.000000 -0.000000 1.000000 -0.000000 0.000000 -1.000000 0.000000 -0.000000 1.000000 -0.000000 0.000000 -1.000000 0.000000 -0.000000 1.000000 -0.000000 0.000000 -1.000000 0.000000 -0.000000 1.000000 -0.000000 0.000000 -1.000000 0.000000 -0.000000 1.000000 -0.000000 0.000000 -1.000000 0.000000 -0.000000 1.000000 -0.000000 0.000000 -1.000000 0.000000 -0.000000 1.000000 -0.000000 0.000000 -1.000000 0.000000 -0.000000 1.000000 -0.000000 0.000000 -1.000000 0.000000 -0.000000 1.000000 -0.000000 0.000000 -1.000000 0.000000 -0.000000 1.000000 -0.000000 0.000000 -1.000000 0.000000 -0.000000 1.000000 -0.000000 0.000000 -1.000000 0.000000 -0.000000 1.000000 -0.000000 0.000000 -1.000000 0.000000 -0.000000 1.000000 -0.000000 0.000000 -1.000000 0.000000 -0.000000 1.000000 -0.000000 0.000000 -1.000000 0.000000 -0.000000 1.000000 -0.000000 0.000000 -1.000000 0.000000 -0.000000 1.000000 -0.000000 0.000000 -1.000000 0.000000 -0.000000 1.000000 -0.000000 0.000000 -1.000000 0.000000 -0.000000 1.000000 -0.000000 0.000000 -1.000000 0.000000 -0.000000 1.000000 -0.000000 0.000000 -1.000000 0.000000 -0.000000 1.000000 -0.000000 0.000000 -1.000000 0.000000 -0.000000 1.000000 -0.000000 0.000000 -1.000000 0.000000 -0.000000 1.000000 -0.000000 0.000000 -1.000000 0.000000 -0.000000 1.000000 -0.000000 0.000000 -1.000000 0.000000 -0.000000 1.000000 -0.000000 0.000000 -1.000000 0.000000 -0.000000 1.000000 -0.000000 0.000000 -1.000000 0.000000 -0.000000 1.000000 -0.000000 0.000000 -1.000000 0.000000 -0.000000 1.000000 -0.000000 0.000000 -1.000000 0.000000 -0.000000 1.000000 -0.000000 0.000000 -1.000000 0.000000 -0.000000 1.000000 -0.000000 0.000000 -1.000000 0.000000 -0.000000 1.000000 -0.000000 0.000000 -1.000000 0.000000 -0.000000 1.000000 -0.000000 0.000000 -1.000000 0.000000 -0.000000 1.000000 -0.000000 0.000000 -1.000000 0.000000 -0.000000 1.000000 -0.000000 0.000000 -1.000000 0.000000 -0.000000 1.000000 -0.000000 0.000000 -1.000000 0.000000 -0.000000 1.000000 -0.000000 0.000000 -1.000000 0.000000 -0.000000 1.000000 -0.000000 0.000000 -1.000000 0.000000 -0.000000 1.000000 -0.000000 0.000000 -1.000000 0.000000 -0.000000 1.000000 -0.000000 0.000000 -1.000000 0.000000 -0.000000 1.000000 -0.000000 0.000000 -1.000000 0.000000 -0.000000 1.000000 -0.000000 0.000000 -1.000000 0.000000 -0.000000 1.000000 -0.000000 0.000000 -1.000000 0.000000 -0.000000 1.000000 -0.000000 0.000000 -1.000000 0.000000 -0.000000 1.000000 -0.000000 0.000000 -1.000000 0.000000 -0.000000 1.000000 -0.000000 0.000000 -1.000000 0.000000 -0.000000 1.000000 -0.000000 0.000000 -1.000000 0.000000 -0.000000 1.000000 -0.000000 0.000000 -1.000000 0.000000 -0.000000 1.000000 -0.000000 0.000000 -1.000000 0.000000 -0.000000 1.000000 -0.000000 0.000000 -1.000000 0.000000 -0.000000 1.000000 -0.000000 0.000000 -1.000000 0.000000 -0.000000 1.000000 -0.000000 0.000000 -1.000000 0.000000 -0.000000 1.000000 -0.000000 0.000000 -1.000000 0.000000 -0.000000 1.000000 -0.000000 0.000000 -1.000000 0.000000 -0.000000 1.000000 -0.000000 0.000000 -1.000000 0.000000 -0.000000 1.000000 -0.000000 0.000000 -1.000000 0.000000 -0.000000 1.000000 -0.000000 0.000000 -1.000000 0.000000 -0.000000 1.000000 -0.000000 0.000000 -1.000000 0.000000 -0.000000 1.000000 -0.000000 0.000000 -1.000000 0.000000 -0.000000 1.000000 -0.000000 0.000000 -1.000000 0.000000 -0.000000 1.000000 -0.000000 0.000000 -1.000000 0.000000 -0.000000 1.000000 -0.000000 0.000000 -1.000000 0.000000 -0.000000 1.000000 -0.000000 0.000000 -1.000000 0.000000 -0.000000 1.000000 -0.000000 0.000000 -1.000000 0.000000 -0.000000 1.000000 -0.000000 0.000000 -1.000000 0.000000 -0.000000 1.000000 -0.000000 0.000000 -1.000000 0.000000 -0.000000 1.000000 -0.000000 0.000000 -1.000000 0.000000 -0.000000 1.000000 -0.000000 0.000000 -1.000000 0.000000 -0.000000 1.000000 -0.000000 0.000000 -1.000000 0.000000 -0.000000 1.000000 -0.000000 0.000000 -1.000000 0.000000 -0.000000 1.000000 -0.000000 0.000000 -1.000000 0.000000 -0.000000 1.000000 -0.000000 0.000000 -1.000000 0.000000 -0.000000 1.000000 -0.000000 0.000000 -1.000000 0.000000 -0.000000 1.000000 -0.000000 0.000000 -1.000000 0.000000 -0.000000 1.000000 -0.000000 0.000000 -1.000000 0.000000 -0.000000 1.000000 -0.000000 0.000000 -1.000000 0.000000 -0.000000 1.000000 -0.000000 0.000000 -1.000000 0.000000 -0.000000 1.000000 -0.000000 0.000000 -1.000000 0.000000 -0.000000 1.000000 -0.000000 0.000000 -1.000000 0.000000 -0.000000 1.000000 -0.000000 0.000000 -1.000000 0.000000 -0.000000 1.000000 -0.000000 0.000000 -1.000000 0.000000 -0.000000 1.000000 -0.000000 0.000000 -1.000000 0.000000 -0.000000 1.000000 -0.000000 0.000000 -1.000000 0.000000 -0.000000 1.000000 -0.000000 0.000000 -1.000000 0.000000 -0.000000 1.000000 -0.000000 0.000000 -1.000000 0.000000 -0.000000 1.000000 -0.000000 0.000000 -1.000000 0.000000 -0.000000 1.000000 -0.000000 0.000000 -1.000000 0.000000 -0.000000 1.000000 -0.000000 0.000000 -1.000000 0.000000 -0.000000 1.000000 -0.000000 0.000000 -1.000000 0.000000 -0.000000 1.000000 -0.000000 0.000000 -1.000000 0.000000 -0.000000 1.000000 -0.000000 0.000000 -1.000000 0.000000 -0.000000 1.000000 -0.000000 0.000000 -1.000000 0.000000 -0.000000 1.000000 -0.000000 0.000000 -1.000000 0.000000 -0.000000 1.000000 -0.000000 0.000000 -1.000000 0.000000 -0.000000 1.000000 -0.000000 0.000000 -1.000000 0.000000 -0.000000 1.000000 -0.000000 0.000000 -1.000000 0.000000 -0.000000 1.000000 -0.000000 0.000000 -1.000000 0.000000 -0.000000 1.000000 -0.000000 0.000000 -1.000000 0.000000 -0.000000 1.000000 -0.000000 0.000000 -1.000000 0.000000 -0.000000 1.000000 -0.000000 0.000000 -1.000000 0.000000 -0.000000 1.000000 -0.000000 0.000000 -1.000000 0.000000 -0.000000 1.000000 -0.000000 0.000000 -1.000000 0.000000 -0.000000 1.000000 -0.000000 0.000000 -1.000000 0.000000 -0.000000 1.000000 -0.000000 0.000000 -1.000000 0.000000 -0.000000 1.000000 -0.000000 0.000000 -1.000000 0.000000 -0.000000 1.000000 -0.000000 0.000000 -1.000000 0.000000 -0.000000 1.000000 -0.000000 0.000000 -1.000000 0.000000 -0.000000 1.000000 -0.000000 0.000000 -1.000000 0.000000 -0.000000 1.000000 -0.000000 0.000000 -1.000000 0.000000 -0.000000 1.000000 -0.000000 0.000000 -1.000000 0.000000 -0.000000 1.000000 -0.000000 0.000000 -1.000000 0.000000 -0.000000 1.000000 -0.000000 0.000000 -1.000000 0.000000 -0.000000 1.000000 -0.000000 0.000000 -1.000000 0.000000 -0.000000 1.000000 -0.000000 0.000000 -1.000000 0.000000 -0.000000 1.000000 -0.000000 0.000000 -1.000000 0.000000 -0.000000 1.000000 -0.000000 0.000000 -1.000000 0.000000 -0.000000 1.000000 -0.000000 0.000000 -1.000000 0.000000 -0.000000 1.000000 -0.000000 0.000000 -1.000000 0.000000 -0.000000 1.000000 -0.000000 0.000000 -1.000000 0.000000 -0.000000 1.000000 -0.000000 0.000000 -1.000000 0.000000 -0.000000 1.000000 -0.000000 0.000000 -1.000000 0.000000 -0.000000 1.000000 -0.000000 0.000000 -1.000000 0.000000 -0.000000 1.000000 -0.000000 0.000000 -1.000000 0.000000 -0.000000 1.000000 -0.000000 0.000000 -1.000000 0.000000 -0.000000 1.000000 -0.000000 0.000000 -1.000000 0.000000 -0.000000 1.000000 -0.000000 0.000000 -1.000000 0.000000 -0.000000 1.000000 -0.000000 0.000000 -1.000000 0.000000 -0.000000 1.000000 -0.000000 0.000000 -1.000000 0.000000 -0.000000 1.000000 -0.000000 0.000000 -1.000000 0.000000 -0.000000 1.000000 -0.000000 0.000000 -1.000000 0.000000 -0.000000 1.000000 -0.000000 0.000000 -1.000000 0.000000 -0.000000 1.000000 -0.000000 0.000000 -1.000000 0.000000 -0.000000 1.000000 -0.000000 0.000000 -1.000000 0.000000 -0.000000 1.000000 -0.000000 0.000000 -1.000000 0.000000 -0.000000 1.000000 -0.000000 0.000000 -1.000000 0.000000 -0.000000 1.000000 -0.000000 0.000000 -1.000000 0.000000 -0.000000 1.000000 -0.000000 0.000000 -1.000000 0.000000 -0.000000 1.000000 -0.000000 0.000000 -1.000000 0.000000 -0.000000 1.000000 -0.000000 0.000000 -1.000000 0.000000 -0.000000 1.000000 -0.000000 0.000000 -1.000000 0.000000 -0.000000 1.000000 -0.000000 0.000000 -1.000000 0.000000 -0.000000 1.000000 -0.000000 0.000000 -1.000000 0.000000 -0.000000 1.000000 -0.000000 0.000000 -1.000000 0.000000 -0.000000 1.000000 -0.000000 0.000000 -1.000000 0.000000 -0.000000 1.000000 -0.000000 0.000000 -1.000000 0.000000 -0.000000 1.000000 -0.000000 0.000000 -1.000000 0.000000 -0.000000 1.000000 -0.000000 0.000000 -1.000000 0.000000 -0.000000 1.000000 -0.000000 0.000000 -1.000000 0.000000 -0.000000 1.000000 -0.000000 0.000000 -1.000000 0.000000 -0.000000 1.000000 -0.000000 0.000000 -1.000000 0.000000 -0.000000 1.000000 -0.000000 0.000000 -1.000000 0.000000 -0.000000 1.000000 -0.000000 0.000000 -1.000000 0.000000 -0.000000 1.000000 -0.000000 0.000000 -1.000000 0.000000 -0.000000 1.000000 -0.000000 0.000000 -1.000000 0.000000 -0.000000 1.000000 -0.000000 0.000000 -1.000000 0.000000 -0.000000 1.000000 -0.000000 0.000000 -1.000000 0.000000 -0.000000 1.000000 -0.000000 0.000000 -1.000000 0.000000 -0.000000 1.000000 -0.000000 0.000000 -1.000000 0.000000 -0.000000 1.000000 -0.000000 0.000000 -1.000000 0.000000 -0.000000 1.000000 -0.000000 0.000000 -1.000000 0.000000 -0.000000 1.000000 -0.000000 0.000000 -1.000000 0.000000 -0.000000 1.000000 -0.000000 0.000000 -1.000000 0.000000 -0.000000 1.000000 -0.000000 0.000000 -1.000000 0.000000 -0.000000 1.000000 -0.000000 0.000000 -1.000000 0.000000 -0.000000 1.000000 -0.000000 0.000000 -1.000000 0.000000 -0.000000 1.000000 -0.000000 0.000000 -1.000000 0.000000 -0.000000 1.000000 -0.000000 0.000000 -1.000000 0.000000 -0.000000 1.000000 -0.000000 0.000000 -1.000000 0.000000 -0.000000 1.000000 -0.000000 0.000000 -1.000000 0.000000 -0.000000 1.000000 -0.000000 0.000000 -1.000000 0.000000 -0.000000 1.000000 -0.000000 0.000000 -1.000000 0.000000 -0.000000 1.000000 -0.000000 0.000000 -1.000000 0.000000 -0.000000 1.000000 -0.000000 0.000000 -1.000000 0.000000 -0.000000 1.000000 -0.000000 0.000000 -1.000000 0.000000 -0.000000 1.000000 -0.000000 0.000000 -1.000000 0.000000 -0.000000 1.000000 -0.000000 0.000000 -1.000000 0.000000 -0.000000 1.000000 -0.000000 0.000000 -1.000000 0.000000 -0.000000 1.000000 -0.000000 0.000000 -1.000000 0.000000 -0.000000 1.000000 -0.000000 0.000000 -1.000000 0.000000 -0.000000 1.000000 -0.000000 0.000000 -1.000000 0.000000 -0.000000 1.000000 -0.000000 0.000000 -1.000000 0.000000 -0.000000 1.000000 -0.000000 0.000000 -1.000000 0.000000 -0.000000 1.000000 -0.000000 0.000000 -1.000000 0.000000 -0.000000 1.000000 -0.000000 0.000000 -1.000000 0.000000 -0.000000 1.000000 -0.000000 0.000000 -1.000000 0.000000 -0.000000 1.000000 -0.000000 0.000000 -1.000000 0.000000 -0.000000 1.000000 -0.000000 0.000000 -1.000000 0.000000 -0.000000 1.000000 -0.000000 0.000000 -1.000000 0.000000 -0.000000 1.000000 -0.000000 0.000000 -1.000000 0.000000 -0.000000 1.000000 -0.000000 0.000000 -1.000000 0.000000 -0.000000 1.000000 -0.000000 0.000000 -1.000000 0.000000 -0.000000 1.000000 -0.000000 0.000000 -1.000000 0.000000 -0.000000 1.000000 -0.000000 0.000000 -1.000000 0.000000 -0.000000 1.000000 -0.000000 0.000000 -1.000000 0.000000 -0.000000 1.000000 -0.000000 0.000000 -1.000000 0.000000 -0.000000 1.000000 -0.000000 0.000000 -1.000000 0.000000 -0.000000 1.000000 -0.000000 0.000000 -1.000000 0.000000 -0.000000 1.000000 -0.000000 0.000000 -1.000000 0.000000 -0.000000 1.000000 -0.000000 0.000000 -1.000000 0.000000 -0.000000 1.000000 -0.000000 0.000000 -1.000000 0.000000 -0.000000 1.000000 -0.000000 0.000000 -1.000000 0.000000 -0.000000 1.000000 -0.000000 0.000000 -1.000000 0.000000 -0.000000 1.000000 -0.000000 0.000000 -1.000000 0.000000 -0.000000 1.000000 -0.000000 0.000000 -1.000000 0.000000 -0.000000 1.000000 -0.000000 0.000000 -1.000000 0.000000 -0.000000 1.000000 -0.000000 0.000000 -1.000000 0.000000 -0.000000 1.000000 -0.000000 0.000000 -1.000000 0.000000 -0.000000 1.000000 -0.000000 0.000000 -1.000000 0.000000 -0.000000 1.000000 -0.000000 0.000000 -1.000000 0.000000 -0.000000 1.000000 -0.000000 0.000000 -1.000000 0.000000 -0.000000 1.000000 -0.000000 0.000000 -1.000000 0.000000 -0.000000 1.000000 -0.000000 0.000000 -1.000000 0.000000 -0.000000 1.000000 -0.000000 0.000000 -1.000000 0.000000 -0.000000 1.000000 -0.000000 0.000000 -1.000000 0.000000 -0.000000 1.000000 -0.000000 0.000000 -1.000000 0.000000 -0.000000 1.000000 -0.000000 0.000000 -1.000000 0.000000 -0.000000 1.000000 -0.000000 0.000000 -1.000000 0.000000 -0.000000 1.000000 -0.000000 0.000000 -1.000000 0.000000 -0.000000 1.000000 -0.000000 0.000000 -1.000000 0.000000 -0.000000 1.000000 -0.000000 0.000000 -1.000000 0.000000 -0.000000 1.000000 -0.000000 0.000000 -1.000000 0.000000 -0.000000 1.000000 -0.000000 0.000000 -1.000000 0.000000 -0.000000 1.000000 -0.000000 0.000000 -1.000000 0.000000 -0.000000 1.000000 -0.000000 0.000000 -1.000000 0.000000 -0.000000 1.000000 -0.000000 0.000000 -1.000000 0.000000 -0.000000 1.000000 -0.000000 0.000000 -1.000000 0.000000 -0.000000 1.000000 -0.000000 0.000000 -1.000000 0.000000 -0.000000 1.000000 -0.000000 0.000000 -1.000000 0.000000 -0.000000 1.000000 -0.000000 0.000000 -1.000000 0.000000 -0.000000 1.000000 -0.000000 0.000000 -1.000000 0.000000 -0.000000 1.000000 -0.000000 0.000000 -1.000000 0.000000 -0.000000 1.000000 -0.000000 0.000000 -1.000000 0.000000 -0.000000 1.000000 -0.000000 0.000000 -1.000000 0.000000 -0.000000 1.000000 -0.000000 0.000000 -1.000000 0.000000 -0.000000 1.000000 -0.000000 0.000000 -1.000000 0.000000 -0.000000 1.000000 -0.000000 0.000000 -1.000000 0.000000 -0.000000 1.000000 -0.000000 0.000000 -1.000000 0.000000 -0.000000 1.000000 -0.000000 0.000000 -1.000000 0.000000 -0.000000 1.000000 -0.000000 0.000000 -1.000000 0.000000 -0.000000 1.000000 -0.000000 0.000000 -1.000000 0.000000 -0.000000 1.000000 -0.000000 0.000000 -1.000000 0.000000 -0.000000 1.000000 -0.000000 0.000000 -1.000000 0.000000 -0.000000 1.000000 -0.000000 0.000000 -1.000000 0.000000 -0.000000 1.000000 -0.000000 0.000000 -1.000000 0.000000 -0.000000 1.000000 -0.000000 0.000000 -1.000000 0.000000 -0.000000 1.000000 -0.000000 0.000000 -1.000000 0.000000 -0.000000 1.000000 -0.000000 0.000000 -1.000000 0.000000 -0.000000 1.000000 -0.000000 0.000000 -1.000000 0.000000 -0.000000 1.000000 -0.000000 0.000000 -1.000000 0.000000 -0.000000 1.000000 -0.000000 0.000000 -1.000000 0.000000 -0.000000 1.000000 -0.000000 0.000000 -1.000000 0.000000 -0.000000 1.000000 -0.000000 0.000000 -1.000000 0.000000 -0.000000 1.000000 -0.000000 0.000000 -1.000000 0.000000 -0.000000 1.000000 -0.000000 0.000000 -1.000000 0.000000 -0.000000 1.000000 -0.000000 0.000000 -1.000000 0.000000 -0.000000 1.000000 -0.000000 0.000000 -1.000000 0.000000 -0.000000 1.000000 -0.000000 0.000000 -1.000000 0.000000 -0.000000 1.000000 -0.000000 0.000000 -1.000000 0.000000 -0.000000 1.000000 -0.000000 0.000000 -1.000000 0.000000 -0.000000 1.000000 -0.000000 0.000000 -1.000000 0.000000 -0.000000 1.000000 -0.000000 0.000000 -1.000000 0.000000 -0.000000 1.000000 -0.000000 0.000000 -1.000000 0.000000 -0.000000 1.000000 -0.000000 0.000000 -1.000000 0.000000 -0.000000 1.000000 -0.000000 0.000000 -1.000000 0.000000 -0.000000 1.000000 -0.000000 0.000000 -1.000000 0.000000 -0.000000 1.000000 -0.000000 0.000000 -1.000000 0.000000 -0.000000 1.000000 -0.000000 0.000000 -1.000000 0.000000 -0.000000 1.000000 -0.000000 0.000000 -1.000000 0.000000 -0.000000 1.000000 -0.000000 0.000000 -1.000000 0.000000 -0.000000 1.000000 -0.000000 0.000000 -1.000000 0.000000 -0.000000 1.000000 -0.000000 0.000000 -1.000000 0.000000 -0.000000 1.000000 -0.000000 0.000000 -1.000000 0.000000 -0.000000 1.000000 -0.000000 0.000000 -1.000000 0.000000 -0.000000 1.000000 -0.000000 0.000000 -1.000000 0.000000 -0.000000 1.000000 -0.000000 0.000000 -1.000000 0.000000 -0.000000 1.000000 -0.000000 0.000000 -1.000000 0.000000 -0.000000 1.000000 -0.000000 0.000000 -1.000000 0.000000 -0.000000 1.000000 -0.000000 0.000000 -1.000000 0.000000 -0.000000 1.000000 -0.000000 0.000000 -1.000000 0.000000 -0.000000 1.000000 -0.000000 0.000000 -1.000000 0.000000 -0.000000 1.000000 -0.000000 0.000000 -1.000000 0.000000 -0.000000 1.000000 -0.000000 0.000000 -1.000000 0.000000 -0.000000 1.000000 -0.000000 0.000000 -1.000000 0.000000 -0.000000 1.000000 -0.000000 0.000000 -1.000000 0.000000 -0.000000 1.000000 -0.000000 0.000000 -1.000000 0.000000 -0.000000 1.000000 -0.000000 0.000000 -1.000000 0.000000 -0.000000 1.000000 -0.000000 0.000000 -1.000000 0.000000 -0.000000 1.000000 -0.000000 0.000000 -1.000000 0.000000 -0.000000 1.000000 -0.000000 0.000000 -1.000000 0.000000 -0.000000 1.000000 -0.000000 0.000000 -1.000000 0.000000 -0.000000 1.000000 -0.000000 0.000000 -1.000000 0.000000 -0.000000 1.000000 -0.000000 0.000000 -1.000000 0.000000 -0.000000 1.000000 -0.000000 0.000000 -1.000000 0.000000 -0.000000 1.000000 -0.000000 0.000000 -1.000000 0.000000 -0.000000 1.000000 -0.000000 0.000000 -1.000000 0.000000 -0.000000 1.000000 -0.000000 0.000000 -1.000000 0.000000 -0.000000 1.000000 -0.000000 0.000000 -1.000000 0.000000 -0.000000 1.000000 -0.000000 0.000000 -1.000000 0.000000 -0.000000 1.000000 -0.000000 0.000000 -1.000000 0.000000 -0.000000 1.000000 -0.000000 0.000000 -1.000000 0.000000 -0.000000 1.000000 -0.000000 0.000000 -1.000000 0.000000 -0.000000 1.000000 -0.000000 0.000000 -1.000000 0.000000 -0.000000 1.000000 -0.000000 0.000000 -1.000000 0.000000 -0.000000 1.000000 -0.000000 0.000000 -1.000000 0.000000 -0.000000 1.000000 -0.000000 0.000000 -1.000000 0.000000 -0.000000 1.000000 -0.000000 0.000000 -1.000000 0.000000 -0.000000 1.000000 -0.000000 0.000000 -1.000000 0.000000 -0.000000 1.000000 -0.000000 0.000000 -1.000000 0.000000 -0.000000 1.000000 -0.000000 0.000000 -1.000000 0.000000 -0.000000 1.000000 -0.000000 0.000000 -1.000000 0.000000 -0.000000 1.000000 -0.000000 0.000000 -1.000000 0.000000 -0.000000 1.000000 -0.000000 0.000000 -1.000000 0.000000 -0.000000 1.000000 -0.000000 0.000000 -1.000000 0.000000 -0.000000 1.000000 -0.000000 0.000000 -1.000000 0.000000 -0.000000 1.000000 -0.000000 0.000000 -1.000000 0.000000 -0.000000 1.000000 -0.000000 0.000000 -1.000000 0.000000 -0.000000 1.000000 -0.000000 0.000000 -1.000000 0.000000 -0.000000 1.000000 -0.000000 0.000000 -1.000000 0.000000 -0.000000 1.000000 -0.000000 0.000000 -1.000000 0.000000 -0.000000 1.000000 -0.000000 0.000000 -1.000000 0.000000 -0.000000 1.000000 -0.000000 0.000000 -1.000000 0.000000 -0.000000 1.000000 -0.000000 0.000000 -1.000000 0.000000 -0.000000 1.000000 -0.000000 0.000000 -1.000000 0.000000 -0.000000 1.000000 -0.000000 0.000000 -1.000000 0.000000 -0.000000 1.000000 -0.000000 0.000000 -1.000000 0.000000 -0.000000 1.000000 -0.000000 0.000000 -1.000000 0.000000 -0.000000 1.000000 -0.000000 0.000000 -1.000000 0.000000 -0.000000 1.000000 -0.000000 0.000000 -1.000000 0.000000 -0.000000 1.000000 -0.000000 0.000000 -1.000000 0.000000 -0.000000 1.000000 -0.000000 0.000000 -1.000000 0.000000 -0.000000 1.000000 -0.000000 0.000000 -1.000000 0.000000 -0.000000 1.000000 -0.000000 0.000000 -1.000000 0.000000 -0.000000 1.000000 -0.000000 0.000000 -1.000000 0.000000 -0.000000 1.000000 -0.000000 0.000000 -1.000000 0.000000 -0.000000 1.000000 -0.000000 0.000000 -1.000000 0.000000 -0.000000 1.000000 -0.000000 0.000000 -1.000000 0.000000 -0.000000 1.000000 -0.000000 0.000000 -1.000000 0.000000 -0.000000 1.000000 -0.000000 0.000000 -1.000000 0.000000 -0.000000 1.000000 -0.000000 0.000000 -1.000000 0.000000 -0.000000 1.000000 -0.000000 0.000000 -1.000000 0.000000 -0.000000 1.000000 -0.000000 0.000000 -1.000000 0.000000 -0.000000 1.000000 -0.000000 0.000000 -1.000000 0.000000 -0.000000 1.000000 -0.000000 0.000000 -1.000000 0.000000 -0.000000 1.000000 -0.000000 0.000000 -1.000000 0.000000 -0.000000 1.000000 -0.000000 0.000000 -1.000000 0.000000 -0.000000 1.000000 -0.000000 0.000000 -1.000000 0.000000 -0.000000 1.000000 -0.000000 0.000000 -1.000000 0.000000 -0.000000 1.000000 -0.000000 0.000000 -1.000000 0.000000 -0.000000 1.000000 -0.000000 0.000000 -1.000000 0.000000 -0.000000 1.000000 -0.000000 0.000000 -1.000000 0.000000 -0.000000 1.000000 -0.000000 0.000000 -1.000000 0.000000 -0.000000 1.000000 -0.000000 0.000000 -1.000000 0.000000 -0.000000 1.000000 -0.000000 0.000000 -1.000000 0.000000 -0.000000 1.000000 -0.000000 0.000000 -1.000000 0.000000 -0.000000 1.000000 -0.000000 0.000000 -1.000000 0.000000 -0.000000 1.000000 -0.000000 0.000000 -1.000000 0.000000 -0.000000 1.000000 -0.000000 0.000000 -1.000000 0.000000 -0.000000 1.000000 -0.000000 0.000000 -1.000000 0.000000 -0.000000 1.000000 -0.000000 0.000000 -1.000000 0.000000 -0.000000 1.000000 -0.000000 0.000000 -1.000000 0.000000 -0.000000 1.000000 -0.000000 0.000000 -1.000000 0.000000 -0.000000 1.000000 -0.000000 0.000000 -1.000000 0.000000 -0.000000 1.000000 -0.000000 0.000000 -1.000000 0.000000 -0.000000 1.000000 -0.000000 0.000000 -1.000000 0.000000 -0.000000 1.000000 -0.000000 0.000000 -1.000000 0.000000 -0.000000 1.000000 -0.000000 0.000000 -1.000000 0.000000 -0.000000 1.000000 -0.000000 0.000000 -1.000000 0.000000 -0.000000 1.000000 -0.000000 0.000000 -1.000000 0.000000 -0.000000 1.000000 -0.000000 0.000000 -1.000000 0.000000 -0.000000 1.000000 -0.000000 0.000000 -1.000000 0.000000 -0.000000 1.000000 -0.000000 0.000000 -1.000000 0.000000 -0.000000 1.000000 -0.000000 0.000000 -1.000000 0.000000 -0.000000 1.000000 -0.000000 0.000000 -1.000000 0.000000 -0.000000 1.000000 -0.000000 0.000000 -1.000000 0.000000 -0.000000 1.000000 -0.000000 0.000000 -1.000000 0.000000 -0.000000 1.000000 -0.000000 0.000000 -1.000000 0.000000 -0.000000 1.000000 -0.000000 0.000000 -1.000000 0.000000 -0.000000 1.000000 -0.000000 0.000000 -1.000000 0.000000 -0.000000 1.000000 -0.000000 0.000000 -1.000000 0.000000 -0.000000 1.000000 -0.000000 0.000000 -1.000000 0.000000 -0.000000 1.000000 -0.000000 0.000000 -1.000000 0.000000 -0.000000 1.000000 -0.000000 0.000000 -1.000000 0.000000 -0.000000 1.000000 -0.000000 0.000000 -1.000000 0.000000 -0.000000 1.000000 -0.000000 0.000000 -1.000000 0.000000 -0.000000 1.000000 -0.000000 0.000000 -1.000000 0.000000 -0.000000 1.000000 -0.000000 0.000000 -1.000000 0.000000 -0.000000 1.000000 -0.000000 0.000000 -1.000000 0.000000 -0.000000 1.000000 -0.000000 0.000000 -1.000000 0.000000 -0.000000 1.000000 -0.000000 0.000000 -1.000000 0.000000 -0.000000 1.000000 -0.000000 0.000000 -1.000000 0.000000 -0.000000 1.000000 -0.000000 0.000000 -1.000000 0.000000 -0.000000 1.000000 -0.000000 0.000000 -1.000000 0.000000 -0.000000 1.000000 -0.000000 0.000000 -1.000000 0.000000 -0.000000 1.000000 -0.000000 0.000000 -1.000000 0.000000 -0.000000 1.000000 -0.000000 0.000000 -1.000000 0.000000 -0.000000 1.000000 -0.000000 0.000000 -1.000000 0.000000 -0.000000 1.000000 -0.000000 0.000000 -1.000000 0.000000 -0.000000 1.000000 -0.000000 0.000000 -1.000000 0.000000 -0.000000 1.000000 -0.000000 0.000000 -1.000000 0.000000 -0.000000 1.000000 -0.000000 0.000000 -1.000000 0.000000 -0.000000 1.000000 -0.000000 0.000000 -1.000000 0.000000 -0.000000 1.000000 -0.000000 0.000000 -1.000000 0.000000 -0.000000 1.000000 -0.000000 0.000000 -1.000000 0.000000 -0.000000 1.000000 -0.000000 0.000000 -1.000000 0.000000 -0.000000 1.000000 -0.000000 0.000000 -1.000000 0.000000 -0.000000 1.000000 -0.000000 0.000000 -1.000000 0.000000 -0.000000 1.000000 -0.000000 0.000000 -1.000000 0.000000 -0.000000 1.000000 -0.000000 0.000000 -1.000000 0.000000 -0.000000 1.000000 -0.000000 0.000000 -1.000000 0.000000 -0.000000 1.000000 -0.000000 0.000000 -1.000000 0.000000 -0.000000 1.000000 -0.000000 0.000000 -1.000000 0.000000 -0.000000 1.000000 -0.000000 0.000000 -1.000000 0.000000 -0.000000 1.000000 -0.000000 0.000000 -1.000000 0.000000 -0.000000 1.000000 -0.000000 0.000000 -1.000000 0.000000 -0.000000 1.000000 -0.000000 0.000000 -1.000000 0.000000 -0.000000 1.000000 -0.000000 0.000000 -1.000000 -0.000000 -0.000000 1.000000 0.000000 0.000000 -1.000000 0.000000 -0.000000 1.000000 -0.000000 0.000000 -1.000000 -0.000000 -0.000000 1.000000 0.000000 0.000000 -1.000000 0.000000 -0.000000 1.000000 -0.000000 0.000000 -1.000000 -0.000000 -0.000000 1.000000 0.000000 0.000000 -1.000000 0.000000 -0.000000 1.000000 -0.000000 0.000000 -1.000000 -0.000000 -0.000000 1.000000 0.000000 0.000000 -1.000000 0.000000 -0.000000 1.000000 -0.000000 0.000000 -1.000000 -0.000000 -0.000000 1.000000 0.000000 0.000000 -1.000000 0.000000 -0.000000 1.000000 -0.000000 0.000000 -1.000000 -0.000000 -0.000000 1.000000 0.000000 0.000000 -1.000000 0.000000 -0.000000 1.000000 -0.000000 0.000000 -1.000000 -0.000000 -0.000000 1.000000 0.000000 0.000000 -1.000000 0.000000 -0.000000 1.000000 -0.000000 0.000000 -1.000000 -0.000000 -0.000000 1.000000 0.000000 0.000000 -1.000000 0.000000 -0.000000 1.000000 -0.000000 0.000000 -1.000000 -0.000000 -0.000000 1.000000 0.000000 0.000000 -1.000000 0.000000 -0.000000 1.000000 -0.000000 0.000000 -1.000000 -0.000000 -0.000000 1.000000 0.000000 0.000000 -1.000000 0.000000 -0.000000 1.000000 -0.000000 0.000000 -1.000000 -0.000000 -0.000000 1.000000 0.000000 0.000000 -1.000000 0.000000 -0.000000 1.000000 -0.000000 0.000000 -1.000000 -0.000000 -0.000000 1.000000 0.000000 0.000000 -1.000000 0.000000 -0.000000 1.000000 -0.000000 0.000000 -1.000000 -0.000000 -0.000000 1.000000 0.000000 0.000000 -1.000000 0.000000 -0.000000 1.000000 -0.000000 0.000000 -1.000000 -0.000000 -0.000000 1.000000 0.000000 0.000000 -1.000000 0.000000 -0.000000 1.000000 -0.000000 0.000000 -1.000000 -0.000000 -0.000000 1.000000 0.000000 0.000000 -1.000000 0.000000 -0.000000 1.000000 -0.000000 0.000000 -1.000000 -0.000000 -0.000000 1.000000 0.000000 0.000000 -1.000000 0.000000 -0.000000 1.000000 -0.000000 0.000000 -1.000000 -0.000000 -0.000000 1.000000 0.000000 0.000000 -1.000000 0.000000 -0.000000 1.000000 -0.000000 0.000000 -1.000000 -0.000000 -0.000000 1.000000 0.000000 0.000000 -1.000000 0.000000 -0.000000 1.000000 -0.000000 0.000000 -1.000000 -0.000000 -0.000000 1.000000 0.000000 0.000000 -1.000000 0.000000 -0.000000 1.000000 -0.000000 0.000000 -1.000000 -0.000000 -0.000000 1.000000 0.000000 0.000000 -1.000000 0.000000 -0.000000 1.000000 -0.000000 0.000000 -1.000000 -0.000000 -0.000000 1.000000 0.000000 0.000000 -1.000000 0.000000 -0.000000 1.000000 -0.000000 0.000000 -1.000000 -0.000000 -0.000000 1.000000 0.000000 0.000000 -1.000000 0.000000 -0.000000 1.000000 -0.000000 0.000000 -1.000000 -0.000000 -0.000000 1.000000 0.000000 0.000000 -1.000000 0.000000 -0.000000 1.000000 -0.000000 0.000000 -1.000000 -0.000000 -0.000000 1.000000 0.000000 0.000000 -1.000000 0.000000 -0.000000 1.000000 -0.000000 0.000000 -1.000000 -0.000000 -0.000000 1.000000 0.000000 0.000000 -1.000000 0.000000 -0.000000 1.000000 -0.000000 0.000000 -1.000000 -0.000000 -0.000000 1.000000 0.000000 0.000000 -1.000000 0.000000 -0.000000 1.000000 -0.000000 0.000000 -1.000000 -0.000000 -0.000000 1.000000 0.000000 0.000000 -1.000000 0.000000 -0.000000 1.000000 -0.000000 0.000000 -1.000000 -0.000000 -0.000000 1.000000 0.000000 0.000000 -1.000000 0.000000 -0.000000 1.000000 -0.000000 0.000000 -1.000000 -0.000000 -0.000000 1.000000 0.000000 0.000000 -1.000000 0.000000 -0.000000 1.000000 -0.000000 0.000000 -1.000000 -0.000000 -0.000000 1.000000 0.000000 0.000000 -1.000000 0.000000 -0.000000 1.000000 -0.000000 0.000000 -1.000000 -0.000000 -0.000000 1.000000 0.000000 0.000000 -1.000000 0.000000 -0.000000 1.000000 -0.000000 0.000000 -1.000000 -0.000000 -0.000000 1.000000 0.000000 0.000000 -1.000000 0.000000 -0.000000 1.000000 -0.000000 0.000000 -1.000000 -0.000000 -0.000000 1.000000 0.000000 0.000000 -1.000000 0.000000 -0.000000 1.000000 -0.000000 0.000000 -1.000000 -0.000000 -0.000000 1.000000 0.000000 0.000000 -1.000000 0.000000 -0.000000 1.000000 -0.000000 0.000000 -1.000000 -0.000000 -0.000000 1.000000 0.000000 0.000000 -1.000000 0.000000 -0.000000 1.000000 -0.000000 0.000000 -1.000000 -0.000000 -0.000000 1.000000 0.000000 0.000000 -1.000000 0.000000 -0.000000 1.000000 -0.000000 0.000000 -1.000000 -0.000000 -0.000000 1.000000 0.000000 0.000000 -1.000000 0.000000 -0.000000 1.000000 -0.000000 0.000000 -1.000000 -0.000000 -0.000000 1.000000 0.000000 0.000000 -1.000000 0.000000 -0.000000 1.000000 -0.000000 0.000000 -1.000000 -0.000000 -0.000000 1.000000 0.000000 0.000000 -1.000000 0.000000 -0.000000 1.000000 -0.000000 0.000000 -1.000000 -0.000000 -0.000000 1.000000 0.000000 0.000000 -1.000000 0.000000 -0.000000 1.000000 -0.000000 0.000000 -1.000000 -0.000000 -0.000000 1.000000 0.000000 0.000000 -1.000000 0.000000 -0.000000 1.000000 -0.000000 0.000000 -1.000000 -0.000000 -0.000000 1.000000 0.000000 0.000000 -1.000000 0.000000 -0.000000 1.000000 -0.000000 0.000000 -1.000000 -0.000000 -0.000000 1.000000 0.000000 0.000000 -1.000000 0.000000 -0.000000 1.000000 -0.000000 0.000000 -1.000000 -0.000000 -0.000000 1.000000 0.000000 0.000000 -1.000000 0.000000 -0.000000 1.000000 -0.000000 0.000000 -1.000000 -0.000000 -0.000000 1.000000 0.000000 0.000000 -1.000000 0.000000 -0.000000 1.000000 -0.000000 0.000000 -1.000000 -0.000000 -0.000000 1.000000 0.000000 0.000000 -1.000000 0.000000 -0.000000 1.000000 -0.000000 0.000000 -1.000000 -0.000000 -0.000000 1.000000 0.000000 0.000000 -1.000000 0.000000 -0.000000 1.000000 -0.000000 0.000000 -1.000000 -0.000000 -0.000000 1.000000 0.000000 0.000000 -1.000000 0.000000 -0.000000 1.000000 -0.000000 0.000000 -1.000000 -0.000000 -0.000000 1.000000 0.000000 0.000000 -1.000000 0.000000 -0.000000 1.000000 -0.000000 0.000000 -1.000000 -0.000000 -0.000000 1.000000 0.000000 0.000000 -1.000000 0.000000 -0.000000 1.000000 -0.000000 0.000000 -1.000000 -0.000000 -0.000000 1.000000 0.000000 0.000000 -1.000000 0.000000 -0.000000 1.000000 -0.000000 0.000000 -1.000000 -0.000000 -0.000000 1.000000 0.000000 0.000000 -1.000000 0.000000 -0.000000 1.000000 -0.000000 0.000000 -1.000000 -0.000000 -0.000000 1.000000 0.000000 0.000000 -1.000000 0.000000 -0.000000 1.000000 -0.000000 0.000000 -1.000000 -0.000000 -0.000000 1.000000 0.000000 0.000000 -1.000000 0.000000 -0.000000 1.000000 -0.000000 0.000000 -1.000000 -0.000000 -0.000000 1.000000 0.000000 0.000000 -1.000000 0.000000 -0.000000 1.000000 -0.000000 0.000000 -1.000000 -0.000000 -0.000000 1.000000 0.000000 0.000000 -1.000000 0.000000 -0.000000 1.000000 -0.000000 0.000000 -1.000000 -0.000000 -0.000000 1.000000 0.000000 0.000000 -1.000000 0.000000 -0.000000 1.000000 -0.000000 0.000000 -1.000000 -0.000000 -0.000000 1.000000 0.000000 0.000000 -1.000000 0.000000 -0.000000 1.000000 -0.000000 0.000000 -1.000000 -0.000000 -0.000000 1.000000 0.000000 0.000000 -1.000000 0.000000 -0.000000 1.000000 -0.000000 0.000000 -1.000000 -0.000000 -0.000000 1.000000 0.000000 0.000000 -1.000000 0.000000 -0.000000 1.000000 -0.000000 0.000000 -1.000000 -0.000000 -0.000000 1.000000 0.000000 0.000000 -1.000000 0.000000 -0.000000 1.000000 -0.000000 0.000000 -1.000000 -0.000000 -0.000000 1.000000 0.000000 0.000000 -1.000000 0.000000 -0.000000 1.000000 -0.000000 0.000000 -1.000000 -0.000000 -0.000000 1.000000 0.000000 0.000000 -1.000000 0.000000 -0.000000 1.000000 -0.000000 0.000000 -1.000000 -0.000000 -0.000000 1.000000 0.000000 0.000000 -1.000000 0.000000 -0.000000 1.000000 -0.000000 0.000000 -1.000000 -0.000000 -0.000000 1.000000 0.000000 0.000000 -1.000000 0.000000 -0.000000 1.000000 -0.000000 0.000000 -1.000000 -0.000000 -0.000000 1.000000 0.000000 0.000000 -1.000000 0.000000 -0.000000 1.000000 -0.000000 0.000000 -1.000000 -0.000000 -0.000000 1.000000 0.000000 0.000000 -1.000000 0.000000 -0.000000 1.000000 -0.000000 0.000000 -1.000000 -0.000000 -0.000000 1.000000 0.000000 0.000000 -1.000000 0.000000 -0.000000 1.000000 -0.000000 0.000000 -1.000000 -0.000000 -0.000000 1.000000 0.000000 0.000000 -1.000000 0.000000 -0.000000 1.000000 -0.000000 0.000000 -1.000000 -0.000000 -0.000000 1.000000 0.000000 0.000000 -1.000000 0.000000 -0.000000 1.000000 -0.000000 0.000000 -1.000000 -0.000000 -0.000000 1.000000 0.000000 0.000000 -1.000000 0.000000 -0.000000 1.000000 -0.000000 0.000000 -1.000000 -0.000000 -0.000000 1.000000 0.000000 0.000000 -1.000000 0.000000 -0.000000 1.000000 -0.000000 0.000000 -1.000000 -0.000000 -0.000000 1.000000 0.000000 0.000000 -1.000000 0.000000 -0.000000 1.000000 -0.000000 0.000000 -1.000000 -0.000000 -0.000000 1.000000 0.000000 0.000000 -1.000000 0.000000 -0.000000 1.000000 -0.000000 0.000000 -1.000000 -0.000000 -0.000000 1.000000 0.000000 0.000000 -1.000000 0.000000 -0.000000 1.000000 -0.000000 0.000000 -1.000000 -0.000000 -0.000000 1.000000 0.000000 0.000000 -1.000000 0.000000 -0.000000 1.000000 -0.000000 0.000000 -1.000000 -0.000000 -0.000000 1.000000 0.000000 0.000000 -1.000000 0.000000 -0.000000 1.000000 -0.000000 0.000000 -1.000000 -0.000000 -0.000000 1.000000 0.000000 0.000000 -1.000000 0.000000 -0.000000 1.000000 -0.000000 0.000000 -1.000000 -0.000000 -0.000000 1.000000 0.000000 0.000000 -1.000000 0.000000 -0.000000 1.000000 -0.000000 0.000000 -1.000000 -0.000000 -0.000000 1.000000 0.000000 0.000000 -1.000000 0.000000 -0.000000 1.000000 -0.000000 0.000000 -1.000000 -0.000000 -0.000000 1.000000 0.000000 0.000000 -1.000000 0.000000 -0.000000 1.000000 -0.000000 0.000000 -1.000000 -0.000000 -0.000000 1.000000 0.000000 0.000000 -1.000000 0.000000 -0.000000 1.000000 -0.000000 0.000000 -1.000000 -0.000000 -0.000000 1.000000 0.000000 0.000000 -1.000000 0.000000 -0.000000 1.000000 -0.000000 0.000000 -1.000000 -0.000000 -0.000000 1.000000 0.000000 0.000000 -1.000000 0.000000 -0.000000 1.000000 -0.000000 0.000000 -1.000000 -0.000000 -0.000000 1.000000 0.000000 0.000000 -1.000000 0.000000 -0.000000 1.000000 -0.000000 0.000000 -1.000000 -0.000000 -0.000000 1.000000 0.000000 0.000000 -1.000000 0.000000 -0.000000 1.000000 -0.000000 0.000000 -1.000000 -0.000000 -0.000000 1.000000 0.000000 0.000000 -1.000000 0.000000 -0.000000 1.000000 -0.000000 0.000000 -1.000000 -0.000000 -0.000000 1.000000 0.000000 0.000000 -1.000000 0.000000 -0.000000 1.000000 -0.000000 0.000000 -1.000000 -0.000000 -0.000000 1.000000 0.000000 0.000000 -1.000000 0.000000 -0.000000 1.000000 -0.000000 0.000000 -1.000000 -0.000000 -0.000000 1.000000 0.000000 0.000000 -1.000000 0.000000 -0.000000 1.000000 -0.000000 0.000000 -1.000000 -0.000000 -0.000000 1.000000 0.000000 0.000000 -1.000000 0.000000 -0.000000 1.000000 -0.000000 0.000000 -1.000000 -0.000000 -0.000000 1.000000 0.000000 0.000000 -1.000000 0.000000 -0.000000 1.000000 -0.000000 0.000000 -1.000000 -0.000000 -0.000000 1.000000 0.000000 0.000000 -1.000000 0.000000 -0.000000 1.000000 -0.000000 0.000000 -1.000000 -0.000000 -0.000000 1.000000 0.000000 0.000000 -1.000000 0.000000 -0.000000 1.000000 -0.000000 0.000000 -1.000000 -0.000000 -0.000000 1.000000 0.000000 0.000000 -1.000000 0.000000 -0.000000 1.000000 -0.000000 0.000000 -1.000000 -0.000000 -0.000000 1.000000 0.000000 0.000000 -1.000000 0.000000 -0.000000 1.000000 -0.000000 0.000000 -1.000000 -0.000000 -0.000000 1.000000 0.000000 0.000000 -1.000000 0.000000 -0.000000 1.000000 -0.000000 0.000000 -1.000000 -0.000000 -0.000000 1.000000 0.000000 0.000000 -1.000000 0.000000 -0.000000 1.000000 -0.000000 0.000000 -1.000000 -0.000000 -0.000000 1.000000 0.000000 0.000000 -1.000000 0.000000 -0.000000 1.000000 -0.000000 0.000000 -1.000000 -0.000000 -0.000000 1.000000 0.000000 0.000000 -1.000000 0.000000 -0.000000 1.000000 -0.000000 0.000000 -1.000000 -0.000000 -0.000000 1.000000 0.000000 0.000000 -1.000000 0.000000 -0.000000 1.000000 -0.000000 0.000000 -1.000000 -0.000000 -0.000000 1.000000 0.000000 0.000000 -1.000000 0.000000 -0.000000 1.000000 -0.000000 0.000000 -1.000000 -0.000000 -0.000000 1.000000 0.000000 0.000000 -1.000000 0.000000 -0.000000 1.000000 -0.000000 0.000000 -1.000000 -0.000000 -0.000000 1.000000 0.000000 0.000000 -1.000000 0.000000 -0.000000 1.000000 -0.000000 0.000000 -1.000000 -0.000000 -0.000000 1.000000 0.000000 0.000000 -1.000000 0.000000 -0.000000 1.000000 -0.000000 0.000000 -1.000000 -0.000000 -0.000000 1.000000 0.000000 0.000000 -1.000000 0.000000 -0.000000 1.000000 -0.000000 0.000000 -1.000000 -0.000000 -0.000000 1.000000 0.000000 0.000000 -1.000000 0.000000 -0.000000 1.000000 -0.000000 0.000000 -1.000000 -0.000000 -0.000000 1.000000 0.000000 0.000000 -1.000000 0.000000 -0.000000 1.000000 -0.000000 0.000000 -1.000000 -0.000000 -0.000000 1.000000 0.000000 0.000000 -1.000000 0.000000 -0.000000 1.000000 -0.000000 0.000000 -1.000000 -0.000000 -0.000000 1.000000 0.000000 0.000000 -1.000000 0.000000 -0.000000 1.000000 -0.000000 0.000000 -1.000000 -0.000000 -0.000000 1.000000 0.000000 0.000000 -1.000000 0.000000 -0.000000 1.000000 -0.000000 0.000000 -1.000000 -0.000000 -0.000000 1.000000 0.000000 0.000000 -1.000000 0.000000 -0.000000 1.000000 -0.000000 0.000000 -1.000000 -0.000000 -0.000000 1.000000 0.000000 0.000000 -1.000000 0.000000 -0.000000 1.000000 -0.000000 0.000000 -1.000000 -0.000000 -0.000000 1.000000 0.000000 0.000000 -1.000000 0.000000 -0.000000 1.000000 -0.000000 0.000000 -1.000000 -0.000000 -0.000000 1.000000 0.000000 0.000000 -1.000000 0.000000 -0.000000 1.000000 -0.000000 0.000000 -1.000000 -0.000000 -0.000000 1.000000 0.000000 0.000000 -1.000000 0.000000 -0.000000 1.000000 -0.000000 0.000000 -1.000000 -0.000000 -0.000000 1.000000 0.000000 0.000000 -1.000000 0.000000 -0.000000 1.000000 -0.000000 0.000000 -1.000000 -0.000000 -0.000000 1.000000 0.000000 0.000000 -1.000000 0.000000 -0.000000 1.000000 -0.000000 0.000000 -1.000000 -0.000000 -0.000000 1.000000 0.000000 0.000000 -1.000000 0.000000 -0.000000 1.000000 -0.000000 0.000000 -1.000000 -0.000000 -0.000000 1.000000 0.000000 0.000000 -1.000000 0.000000 -0.000000 1.000000 -0.000000 0.000000 -1.000000 -0.000000 -0.000000 1.000000 0.000000 0.000000 -1.000000 0.000000 -0.000000 1.000000 -0.000000 0.000000 -1.000000 -0.000000 -0.000000 1.000000 0.000000 0.000000 -1.000000 0.000000 -0.000000 1.000000 -0.000000 0.000000 -1.000000 -0.000000 -0.000000 1.000000 0.000000 0.000000 -1.000000 0.000000 -0.000000 1.000000 -0.000000 0.000000 -1.000000 -0.000000 -0.000000 1.000000 0.000000 0.000000 -1.000000 0.000000 -0.000000 1.000000 -0.000000 0.000000 -1.000000 -0.000000 -0.000000 1.000000 0.000000 0.000000 -1.000000 0.000000 -0.000000 1.000000 -0.000000 0.000000 -1.000000 -0.000000 -0.000000 1.000000 0.000000 0.000000 -1.000000 0.000000 -0.000000 1.000000 -0.000000 0.000000 -1.000000 -0.000000 -0.000000 1.000000 0.000000 0.000000 -1.000000 0.000000 -0.000000 1.000000 -0.000000 0.000000 -1.000000 -0.000000 -0.000000 1.000000 0.000000 0.000000 -1.000000 0.000000 -0.000000 1.000000 -0.000000 0.000000 -1.000000 -0.000000 -0.000000 1.000000 0.000000 0.000000 -1.000000 0.000000 -0.000000 1.000000 -0.000000 0.000000 -1.000000 -0.000000 -0.000000 1.000000 0.000000 0.000000 -1.000000 0.000000 -0.000000 1.000000 -0.000000 0.000000 -1.000000 -0.000000 -0.000000 1.000000 0.000000 0.000000 -1.000000 0.000000 -0.000000 1.000000 -0.000000 0.000000 -1.000000 -0.000000 -0.000000 1.000000 0.000000 0.000000 -1.000000 0.000000 -0.000000 1.000000 -0.000000 0.000000 -1.000000 -0.000000 -0.000000 1.000000 0.000000 0.000000 -1.000000 0.000000 -0.000000 1.000000 -0.000000 0.000000 -1.000000 -0.000000 -0.000000 1.000000 0.000000 0.000000 -1.000000 0.000000 -0.000000 1.000000 -0.000000 0.000000 -1.000000 -0.000000 -0.000000 1.000000 0.000000 0.000000 -1.000000 0.000000 -0.000000 1.000000 -0.000000 0.000000 -1.000000 -0.000000 -0.000000 1.000000 0.000000 0.000000 -1.000000 0.000000 -0.000000 1.000000 -0.000000 0.000000 -1.000000 -0.000000 -0.000000 1.000000 0.000000 0.000000 -1.000000 0.000000 -0.000000 1.000000 -0.000000 0.000000 -1.000000 -0.000000 -0.000000 1.000000 0.000000 0.000000 -1.000000 0.000000 -0.000000 1.000000 -0.000000 0.000000 -1.000000 -0.000000 -0.000000 1.000000 0.000000 0.000000 -1.000000 0.000000 -0.000000 1.000000 -0.000000 0.000000 -1.000000 -0.000000 -0.000000 1.000000 0.000000 0.000000 -1.000000 0.000000 -0.000000 1.000000 -0.000000 0.000000 -1.000000 -0.000000 -0.000000 1.000000 0.000000 0.000000 -1.000000 0.000000 -0.000000 1.000000 -0.000000 0.000000 -1.000000 -0.000000 -0.000000 1.000000 0.000000 0.000000 -1.000000 0.000000 -0.000000 1.000000 -0.000000 0.000000 -1.000000 -0.000000 -0.000000 1.000000 0.000000 0.000000 -1.000000 0.000000 -0.000000 1.000000 -0.000000 0.000000 -1.000000 -0.000000 -0.000000 1.000000 0.000000 0.000000 -1.000000 0.000000 -0.000000 1.000000 -0.000000 0.000000 -1.000000 -0.000000 -0.000000 1.000000 0.000000 0.000000 -1.000000 0.000000 -0.000000 1.000000 -0.000000 0.000000 -1.000000 -0.000000 -0.000000 1.000000 0.000000 0.000000 -1.000000 0.000000 -0.000000 1.000000 -0.000000 0.000000 -1.000000 -0.000000 -0.000000 1.000000 0.000000 0.000000 -1.000000 0.000000 -0.000000 1.000000 -0.000000 0.000000 -1.000000 -0.000000 -0.000000 1.000000 0.000000 0.000000 -1.000000 0.000000 -0.000000 1.000000 -0.000000 0.000000 -1.000000 -0.000000 -0.000000 1.000000 0.000000 0.000000 -1.000000 0.000000 -0.000000 1.000000 -0.000000 0.000000 -1.000000 -0.000000 -0.000000 1.000000 0.000000 0.000000 -1.000000 0.000000 -0.000000 1.000000 -0.000000 0.000000 -1.000000 -0.000000 -0.000000 1.000000 0.000000 0.000000 -1.000000 0.000000 -0.000000 1.000000 -0.000000 0.000000 -1.000000 -0.000000 -0.000000 1.000000 0.000000 0.000000 -1.000000 0.000000 -0.000000 1.000000 -0.000000 0.000000 -1.000000 -0.000000 -0.000000 1.000000 0.000000 0.000000 -1.000000 0.000000 -0.000000 1.000000 -0.000000 0.000000 -1.000000 -0.000000 -0.000000 1.000000 0.000000 0.000000 -1.000000 0.000000 -0.000000 1.000000 -0.000000 0.000000 -1.000000 -0.000000 -0.000000 1.000000 0.000000 0.000000 -1.000000 0.000000 -0.000000 1.000000 -0.000000 0.000000 -1.000000 -0.000000 -0.000000 1.000000 0.000000 0.000000 -1.000000 0.000000 -0.000000 1.000000 -0.000000 0.000000 -1.000000 -0.000000 -0.000000 1.000000 0.000000 0.000000 -1.000000 0.000000 -0.000000 1.000000 -0.000000 0.000000 -1.000000 -0.000000 -0.000000 1.000000 0.000000 0.000000 -1.000000 0.000000 -0.000000 1.000000 -0.000000 0.000000 -1.000000 -0.000000 -0.000000 1.000000 0.000000 0.000000 -1.000000 0.000000 -0.000000 1.000000 -0.000000 0.000000 -1.000000 -0.000000 -0.000000 1.000000 0.000000 0.000000 -1.000000 0.000000 -0.000000 1.000000 -0.000000 0.000000 -1.000000 -0.000000 -0.000000 1.000000 0.000000 0.000000 -1.000000 0.000000 -0.000000 1.000000 -0.000000 0.000000 -1.000000 -0.000000 -0.000000 1.000000 0.000000 0.000000 -1.000000 0.000000 -0.000000 1.000000 -0.000000 0.000000 -1.000000 -0.000000 -0.000000 1.000000 0.000000 0.000000 -1.000000 0.000000 -0.000000 1.000000 -0.000000 0.000000 -1.000000 -0.000000 -0.000000 1.000000 0.000000 0.000000 -1.000000 0.000000 -0.000000 1.000000 -0.000000 0.000000 -1.000000 -0.000000 -0.000000 1.000000 0.000000 0.000000 -1.000000 0.000000 -0.000000 1.000000 -0.000000 0.000000 -1.000000 -0.000000 -0.000000 1.000000 0.000000 0.000000 -1.000000 0.000000 -0.000000 1.000000 -0.000000 0.000000 -1.000000 -0.000000 -0.000000 1.000000 0.000000 0.000000 -1.000000 0.000000 -0.000000 1.000000 -0.000000 0.000000 -1.000000 -0.000000 -0.000000 1.000000 0.000000 0.000000 -1.000000 0.000000 -0.000000 1.000000 -0.000000 0.000000 -1.000000 -0.000000 -0.000000 1.000000 0.000000 0.000000 -1.000000 0.000000 -0.000000 1.000000 -0.000000 0.000000 -1.000000 -0.000000 -0.000000 1.000000 0.000000 0.000000 -1.000000 0.000000 -0.000000 1.000000 -0.000000 0.000000 -1.000000 -0.000000 -0.000000 1.000000 0.000000 0.000000 -1.000000 0.000000 -0.000000 1.000000 -0.000000 0.000000 -1.000000 -0.000000 -0.000000 1.000000 0.000000 0.000000 -1.000000 0.000000 -0.000000 1.000000 -0.000000 0.000000 -1.000000 -0.000000 -0.000000 1.000000 0.000000 0.000000 -1.000000 0.000000 -0.000000 1.000000 -0.000000 0.000000 -1.000000 -0.000000 -0.000000 1.000000 0.000000 0.000000 -1.000000 0.000000 -0.000000 1.000000 -0.000000 0.000000 -1.000000 -0.000000 -0.000000 1.000000 0.000000 0.000000 -1.000000 0.000000 -0.000000 1.000000 -0.000000 0.000000 -1.000000 -0.000000 -0.000000 1.000000 0.000000 0.000000 -1.000000 0.000000 -0.000000 1.000000 -0.000000 0.000000 -1.000000 -0.000000 -0.000000 1.000000 0.000000 0.000000 -1.000000 0.000000 -0.000000 1.000000 -0.000000 0.000000 -1.000000 -0.000000 -0.000000 1.000000 0.000000 0.000000 -1.000000 0.000000 -0.000000 1.000000 -0.000000 0.000000 -1.000000 -0.000000 -0.000000 1.000000 0.000000 0.000000 -1.000000 0.000000 -0.000000 1.000000 -0.000000 0.000000 -1.000000 -0.000000 -0.000000 1.000000 0.000000 0.000000 -1.000000 0.000000 -0.000000 1.000000 -0.000000 0.000000 -1.000000 -0.000000 -0.000000 1.000000 0.000000 0.000000 -1.000000 0.000000 -0.000000 1.000000 -0.000000 0.000000 -1.000000 -0.000000 -0.000000 1.000000 0.000000 0.000000 -1.000000 0.000000 -0.000000 1.000000 -0.000000 0.000000 -1.000000 -0.000000 -0.000000 1.000000 0.000000 0.000000 -1.000000 0.000000 -0.000000 1.000000 -0.000000 0.000000 -1.000000 -0.000000 -0.000000 1.000000 0.000000 0.000000 -1.000000 0.000000 -0.000000 1.000000 -0.000000 0.000000 -1.000000 -0.000000 -0.000000 1.000000 0.000000 0.000000 -1.000000 0.000000 -0.000000 1.000000 -0.000000 0.000000 -1.000000 -0.000000 -0.000000 1.000000 0.000000 0.000000 -1.000000 0.000000 -0.000000 1.000000 -0.000000 0.000000 -1.000000 -0.000000 -0.000000 1.000000 0.000000 0.000000 -1.000000 0.000000 -0.000000 1.000000 -0.000000 0.000000 -1.000000 -0.000000 -0.000000 1.000000 0.000000 0.000000 -1.000000 0.000000 -0.000000 1.000000 -0.000000 0.000000 -1.000000 -0.000000 -0.000000 1.000000 0.000000 0.000000 -1.000000 0.000000 -0.000000 1.000000 -0.000000 0.000000 -1.000000 -0.000000 -0.000000 1.000000 0.000000 0.000000 -1.000000 0.000000 -0.000000 1.000000 -0.000000 0.000000 -1.000000 -0.000000 -0.000000 1.000000 0.000000 0.000000 -1.000000 0.000000 -0.000000 1.000000 -0.000000 0.000000 -1.000000 -0.000000 -0.000000 1.000000 0.000000 0.000000 -1.000000 0.000000 -0.000000 1.000000 -0.000000 0.000000 -1.000000 -0.000000 -0.000000 1.000000 0.000000 0.000000 -1.000000 0.000000 -0.000000 1.000000 -0.000000 0.000000 -1.000000 -0.000000 -0.000000 1.000000 0.000000 0.000000 -1.000000 0.000000 -0.000000 1.000000 -0.000000 0.000000 -1.000000 -0.000000 -0.000000 1.000000 0.000000 0.000000 -1.000000 0.000000 -0.000000 1.000000 -0.000000 0.000000 -1.000000 -0.000000 -0.000000 1.000000 0.000000 0.000000 -1.000000 0.000000 -0.000000 1.000000 -0.000000 0.000000 -1.000000 -0.000000 -0.000000 1.000000 0.000000 0.000000 -1.000000 0.000000 -0.000000 1.000000 -0.000000 0.000000 -1.000000 -0.000000 -0.000000 1.000000 0.000000 0.000000 -1.000000 0.000000 -0.000000 1.000000 -0.000000 0.000000 -1.000000 -0.000000 -0.000000 1.000000 0.000000 0.000000 -1.000000 0.000000 -0.000000 1.000000 -0.000000 0.000000 -1.000000 -0.000000 -0.000000 1.000000 0.000000 0.000000 -1.000000 0.000000 -0.000000 1.000000 -0.000000 0.000000 -1.000000 -0.000000 -0.000000 1.000000 0.000000 0.000000 -1.000000 0.000000 -0.000000 1.000000 -0.000000 0.000000 -1.000000 -0.000000 -0.000000 1.000000 0.000000 0.000000 -1.000000 0.000000 -0.000000 1.000000 -0.000000 0.000000 -1.000000 -0.000000 -0.000000 1.000000 0.000000 0.000000 -1.000000 0.000000 -0.000000 1.000000 -0.000000 0.000000 -1.000000 -0.000000 -0.000000 1.000000 0.000000 0.000000 -1.000000 0.000000 -0.000000 1.000000 -0.000000 0.000000 -1.000000 -0.000000 -0.000000 1.000000 0.000000 0.000000 -1.000000 0.000000 -0.000000 1.000000 -0.000000 0.000000 -1.000000 -0.000000 -0.000000 1.000000 0.000000 0.000000 -1.000000 0.000000 -0.000000 1.000000 -0.000000 0.000000 -1.000000 -0.000000 -0.000000 1.000000 0.000000 0.000000 -1.000000 0.000000 -0.000000 1.000000 -0.000000 0.000000 -1.000000 -0.000000 -0.000000 1.000000 0.000000 0.000000 -1.000000 0.000000 -0.000000 1.000000 -0.000000 0.000000 -1.000000 -0.000000 -0.000000 1.000000 0.000000 0.000000 -1.000000 0.000000 -0.000000 1.000000 -0.000000 0.000000 -1.000000 -0.000000 -0.000000 1.000000 0.000000 0.000000 -1.000000 0.000000 -0.000000 1.000000 -0.000000 0.000000 -1.000000 -0.000000 -0.000000 1.000000 0.000000 0.000000 -1.000000 0.000000 -0.000000 1.000000 -0.000000 0.000000 -1.000000 -0.000000 -0.000000 1.000000 0.000000 0.000000 -1.000000 0.000000 -0.000000 1.000000 -0.000000 0.000000 -1.000000 -0.000000 -0.000000 1.000000 0.000000 0.000000 -1.000000 0.000000 -0.000000 1.000000 -0.000000 0.000000 -1.000000 -0.000000 -0.000000 1.000000 0.000000 0.000000 -1.000000 0.000000 -0.000000 1.000000 -0.000000 0.000000 -1.000000 -0.000000 -0.000000 1.000000 0.000000 0.000000 -1.000000 0.000000 -0.000000 1.000000 -0.000000 0.000000 -1.000000 -0.000000 -0.000000 1.000000 0.000000 0.000000 -1.000000 0.000000 -0.000000 1.000000 -0.000000 0.000000 -1.000000 -0.000000 -0.000000 1.000000 0.000000 0.000000 -1.000000 0.000000 -0.000000 1.000000 -0.000000 0.000000 -1.000000 -0.000000 -0.000000 1.000000 0.000000 0.000000 -1.000000 0.000000 -0.000000 1.000000 -0.000000 0.000000 -1.000000 -0.000000 -0.000000 1.000000 0.000000 0.000000 -1.000000 0.000000 -0.000000 1.000000 -0.000000 0.000000 -1.000000 -0.000000 -0.000000 1.000000 0.000000 0.000000 -1.000000 0.000000 -0.000000 1.000000 -0.000000 0.000000 -1.000000 -0.000000 -0.000000 1.000000 0.000000 0.000000 -1.000000 0.000000 -0.000000 1.000000 -0.000000 0.000000 -1.000000 -0.000000 -0.000000 1.000000 0.000000 0.000000 -1.000000 0.000000 -0.000000 1.000000 -0.000000 0.000000 -1.000000 -0.000000 -0.000000 1.000000 0.000000 0.000000 -1.000000 0.000000 -0.000000 1.000000 -0.000000 0.000000 -1.000000 -0.000000 -0.000000 1.000000 0.000000 0.000000 -1.000000 0.000000 -0.000000 1.000000 -0.000000 0.000000 -1.000000 -0.000000 -0.000000 1.000000 0.000000 0.000000 -1.000000 0.000000 -0.000000 1.000000 -0.000000 0.000000 -1.000000 -0.000000 -0.000000 1.000000 0.000000 0.000000 -1.000000 0.000000 -0.000000 1.000000 -0.000000 0.000000 -1.000000 -0.000000 -0.000000 1.000000 0.000000 0.000000 -1.000000 0.000000 -0.000000 1.000000 -0.000000 0.000000 -1.000000 -0.000000 -0.000000 1.000000 0.000000 0.000000 -1.000000 0.000000 -0.000000 1.000000 -0.000000 0.000000 -1.000000 -0.000000 -0.000000 1.000000 0.000000 0.000000 -1.000000 0.000000 -0.000000 1.000000 -0.000000 0.000000 -1.000000 -0.000000 -0.000000 1.000000 0.000000 0.000000 -1.000000 0.000000 -0.000000 1.000000 -0.000000 0.000000 -1.000000 -0.000000 -0.000000 1.000000 0.000000 0.000000 -1.000000 0.000000 -0.000000 1.000000 -0.000000 0.000000 -1.000000 -0.000000 -0.000000 1.000000 0.000000 0.000000 -1.000000 0.000000 -0.000000 1.000000 -0.000000 0.000000 -1.000000 -0.000000 -0.000000 1.000000 0.000000 0.000000 -1.000000 0.000000 -0.000000 1.000000 -0.000000 0.000000 -1.000000 -0.000000 -0.000000 1.000000 0.000000 0.000000 -1.000000 0.000000 -0.000000 1.000000 -0.000000 0.000000 -1.000000 -0.000000 -0.000000 1.000000 0.000000 0.000000 -1.000000 0.000000 -0.000000 1.000000 -0.000000 0.000000 -1.000000 -0.000000 -0.000000 1.000000 0.000000 0.000000 -1.000000 0.000000 -0.000000 1.000000 -0.000000 0.000000 -1.000000 -0.000000 -0.000000 1.000000 0.000000 0.000000 -1.000000 0.000000 -0.000000 1.000000 -0.000000 0.000000 -1.000000 -0.000000 -0.000000 1.000000 0.000000 0.000000 -1.000000 0.000000 -0.000000 1.000000 -0.000000 0.000000 -1.000000 -0.000000 -0.000000 1.000000 0.000000 0.000000 -1.000000 0.000000 -0.000000 1.000000 -0.000000 0.000000 -1.000000 -0.000000 -0.000000 1.000000 0.000000 0.000000 -1.000000 0.000000 -0.000000 1.000000 -0.000000 0.000000 -1.000000 -0.000000 -0.000000 1.000000 0.000000 0.000000 -1.000000 0.000000 -0.000000 1.000000 -0.000000 0.000000 -1.000000 -0.000000 -0.000000 1.000000 0.000000 0.000000 -1.000000 0.000000 -0.000000 1.000000 -0.000000 0.000000 -1.000000 -0.000000 -0.000000 1.000000 0.000000 0.000000 -1.000000 0.000000 -0.000000 1.000000 -0.000000 0.000000 -1.000000 -0.000000 -0.000000 1.000000 0.000000 0.000000 -1.000000 0.000000 -0.000000 1.000000 -0.000000 0.000000 -1.000000 -0.000000 -0.000000 1.000000 0.000000 0.000000 -1.000000 0.000000 -0.000000 1.000000 -0.000000 0.000000 -1.000000 -0.000000 -0.000000 1.000000 0.000000 0.000000 -1.000000 0.000000 -0.000000 1.000000 -0.000000 0.000000 -1.000000 -0.000000 -0.000000 1.000000 0.000000 0.000000 -1.000000 0.000000 -0.000000 1.000000 -0.000000 0.000000 -1.000000 -0.000000 -0.000000 1.000000 0.000000 0.000000 -1.000000 0.000000 -0.000000 1.000000 -0.000000 0.000000 -1.000000 -0.000000 -0.000000 1.000000 0.000000 0.000000 -1.000000 0.000000 -0.000000 1.000000 -0.000000 0.000000 -1.000000 -0.000000 -0.000000 1.000000 0.000000 0.000000 -1.000000 0.000000 -0.000000 1.000000 -0.000000 0.000000 -1.000000 -0.000000 -0.000000 1.000000 0.000000 0.000000 -1.000000 0.000000 -0.000000 1.000000 -0.000000 0.000000 -1.000000 -0.000000 -0.000000 1.000000 0.000000 0.000000 -1.000000 0.000000 -0.000000 1.000000 -0.000000 0.000000 -1.000000 -0.000000 -0.000000 1.000000 0.000000 0.000000 -1.000000 0.000000 -0.000000 1.000000 -0.000000 0.000000 -1.000000 -0.000000 -0.000000 1.000000 0.000000 0.000000 -1.000000 0.000000 -0.000000 1.000000 -0.000000 0.000000 -1.000000 -0.000000 -0.000000 1.000000 0.000000 0.000000 -1.000000 0.000000 -0.000000 1.000000 -0.000000 0.000000 -1.000000 -0.000000 -0.000000 1.000000 0.000000 0.000000 -1.000000 0.000000 -0.000000 1.000000 -0.000000 0.000000 -1.000000 -0.000000 -0.000000 1.000000 0.000000 0.000000 -1.000000 0.000000 -0.000000 1.000000 -0.000000 0.000000 -1.000000 -0.000000 -0.000000 1.000000 0.000000 0.000000 -1.000000 0.000000 -0.000000 1.000000 -0.000000 0.000000 -1.000000 -0.000000 -0.000000 1.000000 0.000000 0.000000 -1.000000 0.000000 -0.000000 1.000000 -0.000000 0.000000 -1.000000 -0.000000 -0.000000 1.000000 0.000000 0.000000 -1.000000 0.000000 -0.000000 1.000000 -0.000000 0.000000 -1.000000 -0.000000 -0.000000 1.000000 0.000000 0.000000 -1.000000 0.000000 -0.000000 1.000000 -0.000000 0.000000 -1.000000 -0.000000 -0.000000 1.000000 0.000000 0.000000 -1.000000 0.000000 -0.000000 1.000000 -0.000000 0.000000 -1.000000 -0.000000 -0.000000 1.000000 0.000000 0.000000 -1.000000 0.000000 -0.000000 1.000000 -0.000000 0.000000 -1.000000 -0.000000 -0.000000 1.000000 0.000000 0.000000 -1.000000 0.000000 -0.000000 1.000000 -0.000000 0.000000 -1.000000 -0.000000 -0.000000 1.000000 0.000000 0.000000 -1.000000 0.000000 -0.000000 1.000000 -0.000000 0.000000 -1.000000 -0.000000 -0.000000 1.000000 0.000000 0.000000 -1.000000 0.000000 -0.000000 1.000000 -0.000000 0.000000 -1.000000 -0.000000 -0.000000 1.000000 0.000000 0.000000 -1.000000 0.000000 -0.000000 1.000000 -0.000000 0.000000 -1.000000 -0.000000 -0.000000 1.000000 0.000000 0.000000 -1.000000 0.000000 -0.000000 1.000000 -0.000000 0.000000 -1.000000 -0.000000 -0.000000 1.000000 0.000000 0.000000 -1.000000 0.000000 -0.000000 1.000000 -0.000000 0.000000 -1.000000 -0.000000 -0.000000 1.000000 0.000000 0.000000 -1.000000 0.000000 -0.000000 1.000000 -0.000000 0.000000 -1.000000 -0.000000 -0.000000 1.000000 0.000000 0.000000 -1.000000 0.000000 -0.000000 1.000000 -0.000000 0.000000 -1.000000 -0.000000 -0.000000 1.000000 0.000000 0.000000 -1.000000 0.000000 -0.000000 1.000000 -0.000000 0.000000 -1.000000 -0.000000 -0.000000 1.000000 0.000000 0.000000 -1.000000 0.000000 -0.000000 1.000000 -0.000000 0.000000 -1.000000 -0.000000 -0.000000 1.000000 0.000000 0.000000 -1.000000 0.000000 -0.000000 1.000000 -0.000000 0.000000 -1.000000 -0.000000 -0.000000 1.000000 0.000000 0.000000 -1.000000 0.000000 -0.000000 1.000000 -0.000000 0.000000 -1.000000 -0.000000 -0.000000 1.000000 0.000000 0.000000 -1.000000 0.000000 -0.000000 1.000000 -0.000000 0.000000 -1.000000 -0.000000 -0.000000 1.000000 0.000000 0.000000 -1.000000 0.000000 -0.000000 1.000000 -0.000000 0.000000 -1.000000 -0.000000 -0.000000 1.000000 0.000000 0.000000 -1.000000 0.000000 -0.000000 1.000000 -0.000000 0.000000 -1.000000 -0.000000 -0.000000 1.000000 0.000000 0.000000 -1.000000 0.000000 -0.000000 1.000000 -0.000000 0.000000 -1.000000 -0.000000 -0.000000 1.000000 0.000000 0.000000 -1.000000 0.000000 -0.000000 1.000000 -0.000000 0.000000 -1.000000 -0.000000 -0.000000 1.000000 0.000000 0.000000 -1.000000 0.000000 -0.000000 1.000000 -0.000000 0.000000 -1.000000 -0.000000 -0.000000 1.000000 0.000000 0.000000 -1.000000 0.000000 -0.000000 1.000000 -0.000000 0.000000 -1.000000 -0.000000 -0.000000 1.000000 0.000000 0.000000 -1.000000 0.000000 -0.000000 1.000000 -0.000000 0.000000 -1.000000 -0.000000 -0.000000 1.000000 0.000000 0.000000 -1.000000 0.000000 -0.000000 1.000000 -0.000000 0.000000 -1.000000 -0.000000 -0.000000 1.000000 0.000000 0.000000 -1.000000 0.000000 -0.000000 1.000000 -0.000000 0.000000 -1.000000 -0.000000 -0.000000 1.000000 0.000000 0.000000 -1.000000 0.000000 -0.000000 1.000000 -0.000000 0.000000 -1.000000 -0.000000 -0.000000 1.000000 0.000000 0.000000 -1.000000 0.000000 -0.000000 1.000000 -0.000000 0.000000 -1.000000 -0.000000 -0.000000 1.000000 0.000000 0.000000 -1.000000 0.000000 -0.000000 1.000000 -0.000000 0.000000 -1.000000 -0.000000 -0.000000 1.000000 0.000000 0.000000 -1.000000 0.000000 -0.000000 1.000000 -0.000000 0.000000 -1.000000 -0.000000 -0.000000 1.000000 0.000000 0.000000 -1.000000 0.000000 -0.000000 1.000000 -0.000000 0.000000 -1.000000 -0.000000 -0.000000 1.000000 0.000000 0.000000 -1.000000 0.000000 -0.000000 1.000000 -0.000000 0.000000 -1.000000 -0.000000 -0.000000 1.000000 0.000000 0.000000 -1.000000 0.000000 -0.000000 1.000000 -0.000000 0.000000 -1.000000 -0.000000 -0.000000 1.000000 0.000000 0.000000 -1.000000 0.000000 -0.000000 1.000000 -0.000000 0.000000 -1.000000 -0.000000 -0.000000 1.000000 0.000000 0.000000 -1.000000 0.000000 -0.000000 1.000000 -0.000000 0.000000 -1.000000 -0.000000 -0.000000 1.000000 0.000000 0.000000 -1.000000 0.000000 -0.000000 1.000000 -0.000000 0.000000 -1.000000 -0.000000 -0.000000 1.000000 0.000000 0.000000 -1.000000 0.000000 -0.000000 1.000000 -0.000000 0.000000 -1.000000 -0.000000 -0.000000 1.000000 0.000000 0.000000 -1.000000 0.000000 -0.000000 1.000000 -0.000000 0.000000 -1.000000 -0.000000 -0.000000 1.000000 0.000000 0.000000 -1.000000 0.000000 -0.000000 1.000000 -0.000000 0.000000 -1.000000 -0.000000 -0.000000 1.000000 0.000000 0.000000 -1.000000 0.000000 -0.000000 1.000000 -0.000000 0.000000 -1.000000 -0.000000 -0.000000 1.000000 0.000000 0.000000 -1.000000 0.000000 -0.000000 1.000000 -0.000000 0.000000 -1.000000 -0.000000 -0.000000 1.000000 0.000000 0.000000 -1.000000 0.000000 -0.000000 1.000000 -0.000000 0.000000 -1.000000 -0.000000 -0.000000 1.000000 0.000000 0.000000 -1.000000 0.000000 -0.000000 1.000000 -0.000000 0.000000 -1.000000 -0.000000 -0.000000 1.000000 0.000000 0.000000 -1.000000 0.000000 -0.000000 1.000000 -0.000000 0.000000 -1.000000 -0.000000 -0.000000 1.000000 0.000000 0.000000 -1.000000 0.000000 -0.000000 1.000000 -0.000000 0.000000 -1.000000 -0.000000 -0.000000 1.000000 0.000000 0.000000 -1.000000 0.000000 -0.000000 1.000000 -0.000000 0.000000 -1.000000 -0.000000 -0.000000 1.000000 0.000000 0.000000 -1.000000 0.000000 -0.000000 1.000000 -0.000000 0.000000 -1.000000 -0.000000 -0.000000 1.000000 0.000000 0.000000 -1.000000 0.000000 -0.000000 1.000000 -0.000000 0.000000 -1.000000 -0.000000 -0.000000 1.000000 0.000000 0.000000 -1.000000 0.000000 -0.000000 1.000000 -0.000000 0.000000 -1.000000 -0.000000 -0.000000 1.000000 0.000000 0.000000 -1.000000 0.000000 -0.000000 1.000000 -0.000000 0.000000 -1.000000 -0.000000 -0.000000 1.000000 0.000000 0.000000 -1.000000 0.000000 -0.000000 1.000000 -0.000000 0.000000 -1.000000 -0.000000 -0.000000 1.000000 0.000000 0.000000 -1.000000 0.000000 -0.000000 1.000000 -0.000000 0.000000 -1.000000 -0.000000 -0.000000 1.000000 0.000000 0.000000 -1.000000 0.000000 -0.000000 1.000000 -0.000000 0.000000 -1.000000 -0.000000 -0.000000 1.000000 0.000000 0.000000 -1.000000 0.000000 -0.000000 1.000000 -0.000000 0.000000 -1.000000 -0.000000 -0.000000 1.000000 0.000000 0.000000 -1.000000 0.000000 -0.000000 1.000000 -0.000000 0.000000 -1.000000 -0.000000 -0.000000 1.000000 0.000000 0.000000 -1.000000 0.000000 -0.000000 1.000000 -0.000000 0.000000 -1.000000 -0.000000 -0.000000 1.000000 0.000000 0.000000 -1.000000 0.000000 -0.000000 1.000000 -0.000000 0.000000 -1.000000 -0.000000 -0.000000 1.000000 0.000000 0.000000 -1.000000 0.000000 -0.000000 1.000000 -0.000000 0.000000 -1.000000 -0.000000 -0.000000 1.000000 0.000000 0.000000 -1.000000 0.000000 -0.000000 1.000000 -0.000000 0.000000 -1.000000 -0.000000 -0.000000 1.000000 0.000000 0.000000 -1.000000 0.000000 -0.000000 1.000000 -0.000000 0.000000 -1.000000 -0.000000 -0.000000 1.000000 0.000000 0.000000 -1.000000 0.000000 -0.000000 1.000000 -0.000000 0.000000 -1.000000 -0.000000 -0.000000 1.000000 0.000000 0.000000 -1.000000 0.000000 -0.000000 1.000000 -0.000000 0.000000 -1.000000 -0.000000 -0.000000 1.000000 0.000000 0.000000 -1.000000 0.000000 -0.000000 1.000000 -0.000000 0.000000 -1.000000 -0.000000 -0.000000 1.000000 0.000000 0.000000 -1.000000 0.000000 -0.000000 1.000000 -0.000000 0.000000 -1.000000 -0.000000 -0.000000 1.000000 0.000000 0.000000 -1.000000 0.000000 -0.000000 1.000000 -0.000000 0.000000 -1.000000 -0.000000 -0.000000 1.000000 0.000000 0.000000 -1.000000 0.000000 -0.000000 1.000000 -0.000000 0.000000 -1.000000 -0.000000 -0.000000 1.000000 0.000000 0.000000 -1.000000 0.000000 -0.000000 1.000000 -0.000000 0.000000 -1.000000 -0.000000 -0.000000 1.000000 0.000000 0.000000 -1.000000 0.000000 -0.000000 1.000000 -0.000000 0.000000 -1.000000 -0.000000 -0.000000 1.000000 0.000000 0.000000 -1.000000 0.000000 -0.000000 1.000000 -0.000000 0.000000 -1.000000 -0.000000 -0.000000 1.000000 0.000000 0.000000 -1.000000 0.000000 -0.000000 1.000000 -0.000000 0.000000 -1.000000 -0.000000 -0.000000 1.000000 0.000000 0.000000 -1.000000 0.000000 -0.000000 1.000000 -0.000000 0.000000 -1.000000 -0.000000 -0.000000 1.000000 0.000000 0.000000 -1.000000 0.000000 -0.000000 1.000000 -0.000000 0.000000 -1.000000 -0.000000 -0.000000 1.000000 0.000000 0.000000 -1.000000 0.000000 -0.000000 1.000000 -0.000000 0.000000 -1.000000 -0.000000 -0.000000 1.000000 0.000000 0.000000 -1.000000 0.000000 -0.000000 1.000000 -0.000000 0.000000 -1.000000 -0.000000 -0.000000 1.000000 0.000000 0.000000 -1.000000 0.000000 -0.000000 1.000000 -0.000000 0.000000 -1.000000 -0.000000 -0.000000 1.000000 0.000000 0.000000 -1.000000 0.000000 -0.000000 1.000000 -0.000000 0.000000 -1.000000 -0.000000 -0.000000 1.000000 0.000000 0.000000 -1.000000 0.000000 -0.000000 1.000000 -0.000000 0.000000 -1.000000 -0.000000 -0.000000 1.000000 0.000000 0.000000 -1.000000 0.000000 -0.000000 1.000000 -0.000000 0.000000 -1.000000 -0.000000 -0.000000 1.000000 0.000000 0.000000 -1.000000 0.000000 -0.000000 1.000000 -0.000000 0.000000 -1.000000 -0.000000 -0.000000 1.000000 0.000000 0.000000 -1.000000 0.000000 -0.000000 1.000000 -0.000000 0.000000 -1.000000 -0.000000 -0.000000 1.000000 0.000000 0.000000 -1.000000 0.000000 -0.000000 1.000000 -0.000000 0.000000 -1.000000 -0.000000 -0.000000 1.000000 0.000000 0.000000 -1.000000 0.000000 -0.000000 1.000000 -0.000000 0.000000 -1.000000 -0.000000 -0.000000 1.000000 0.000000 0.000000 -1.000000 0.000000 -0.000000 1.000000 -0.000000 0.000000 -1.000000 -0.000000 -0.000000 1.000000 0.000000 0.000000 -1.000000 0.000000 -0.000000 1.000000 -0.000000 0.000000 -1.000000 -0.000000 -0.000000 1.000000 0.000000 0.000000 -1.000000 0.000000 -0.000000 1.000000 -0.000000 0.000000 -1.000000 -0.000000 -0.000000 1.000000 0.000000 0.000000 -1.000000 0.000000 -0.000000 1.000000 -0.000000 0.000000 -1.000000 -0.000000 -0.000000 1.000000 0.000000 0.000000 -1.000000 0.000000 -0.000000 1.000000 -0.000000 0.000000 -1.000000 -0.000000 -0.000000 1.000000 0.000000 0.000000 -1.000000 0.000000 -0.000000 1.000000 -0.000000 0.000000 -1.000000 -0.000000 -0.000000 1.000000 0.000000 0.000000 -1.000000 0.000000 -0.000000 1.000000 -0.000000 0.000000 -1.000000 -0.000000 -0.000000 1.000000 0.000000 0.000000 -1.000000 0.000000 -0.000000 1.000000 -0.000000 0.000000 -1.000000 -0.000000 -0.000000 1.000000 0.000000 0.000000 -1.000000 0.000000 -0.000000 1.000000 -0.000000 0.000000 -1.000000 -0.000000 -0.000000 1.000000 0.000000 0.000000 -1.000000 0.000000 -0.000000 1.000000 -0.000000 0.000000 -1.000000 -0.000000 -0.000000 1.000000 0.000000 0.000000 -1.000000 0.000000 -0.000000 1.000000 -0.000000 0.000000 -1.000000 -0.000000 -0.000000 1.000000 0.000000 0.000000 -1.000000 0.000000 -0.000000 1.000000 -0.000000 0.000000 -1.000000 -0.000000 -0.000000 1.000000 0.000000 0.000000 -1.000000 0.000000 -0.000000 1.000000 -0.000000 0.000000 -1.000000 -0.000000 -0.000000 1.000000 0.000000 0.000000 -1.000000 0.000000 -0.000000 1.000000 -0.000000 0.000000 -1.000000 -0.000000 -0.000000 1.000000 0.000000 0.000000 -1.000000 0.000000 -0.000000 1.000000 -0.000000 0.000000 -1.000000 -0.000000 -0.000000 1.000000 0.000000 0.000000 -1.000000 0.000000 -0.000000 1.000000 -0.000000 0.000000 -1.000000 -0.000000 -0.000000 1.000000 0.000000 0.000000 -1.000000 0.000000 -0.000000 1.000000 -0.000000 0.000000 -1.000000 -0.000000 -0.000000 1.000000 0.000000 0.000000 -1.000000 0.000000 -0.000000 1.000000 -0.000000 0.000000 -1.000000 -0.000000 -0.000000 1.000000 0.000000 0.000000 -1.000000 0.000000 -0.000000 1.000000 -0.000000 0.000000 -1.000000 -0.000000 -0.000000 1.000000 0.000000 0.000000 -1.000000 0.000000 -0.000000 1.000000 -0.000000 0.000000 -1.000000 -0.000000 -0.000000 1.000000 0.000000 0.000000 -1.000000 0.000000 -0.000000 1.000000 -0.000000 0.000000 -1.000000 -0.000000 -0.000000 1.000000 0.000000 0.000000 -1.000000 0.000000 -0.000000 1.000000 -0.000000 0.000000 -1.000000 -0.000000 -0.000000 1.000000 0.000000 0.000000 -1.000000 0.000000 -0.000000 1.000000 -0.000000 0.000000 -1.000000 -0.000000 -0.000000 1.000000 0.000000 0.000000 -1.000000 0.000000 -0.000000 1.000000 -0.000000 0.000000 -1.000000 -0.000000 -0.000000 1.000000 0.000000 0.000000 -1.000000 0.000000 -0.000000 1.000000 -0.000000 0.000000 -1.000000 -0.000000 -0.000000 1.000000 0.000000 0.000000 -1.000000 0.000000 -0.000000 1.000000 -0.000000 0.000000 -1.000000 -0.000000 -0.000000 1.000000 0.000000 0.000000 -1.000000 0.000000 -0.000000 1.000000 -0.000000 0.000000 -1.000000 -0.000000 -0.000000 1.000000 0.000000 0.000000 -1.000000 0.000000 -0.000000 1.000000 -0.000000 0.000000 -1.000000 -0.000000 -0.000000 1.000000 0.000000 0.000000 -1.000000 0.000000 -0.000000 1.000000 -0.000000 0.000000 -1.000000 -0.000000 -0.000000 1.000000 0.000000 0.000000 -1.000000 0.000000 -0.000000 1.000000 -0.000000 0.000000 -1.000000 -0.000000 -0.000000 1.000000 0.000000 0.000000 -1.000000 0.000000 -0.000000 1.000000 -0.000000 0.000000 -1.000000 -0.000000 -0.000000 1.000000 0.000000 0.000000 -1.000000 0.000000 -0.000000 1.000000 -0.000000 0.000000 -1.000000 -0.000000 -0.000000 1.000000 0.000000 0.000000 -1.000000 0.000000 -0.000000 1.000000 -0.000000 0.000000 -1.000000 -0.000000 -0.000000 1.000000 0.000000 0.000000 -1.000000 0.000000 -0.000000 1.000000 -0.000000 0.000000 -1.000000 -0.000000 -0.000000 1.000000 0.000000 0.000000 -1.000000 0.000000 -0.000000 1.000000 -0.000000 0.000000 -1.000000 -0.000000 -0.000000 1.000000 0.000000 0.000000 -1.000000 0.000000 -0.000000 1.000000 -0.000000 0.000000 -1.000000 -0.000000 -0.000000 1.000000 0.000000 0.000000 -1.000000 0.000000 -0.000000 1.000000 -0.000000 0.000000 -1.000000 -0.000000 -0.000000 1.000000 0.000000 0.000000 -1.000000 0.000000 -0.000000 1.000000 -0.000000 0.000000 -1.000000 -0.000000 -0.000000 1.000000 0.000000 0.000000 -1.000000 0.000000 -0.000000 1.000000 -0.000000 0.000000 -1.000000 -0.000000 -0.000000 1.000000 0.000000 0.000000 -1.000000 0.000000 -0.000000 1.000000 -0.000000 0.000000 -1.000000 -0.000000 -0.000000 1.000000 0.000000 0.000000 -1.000000 0.000000 -0.000000 1.000000 -0.000000 0.000000 -1.000000 -0.000000 -0.000000 1.000000 0.000000 0.000000 -1.000000 0.000000 -0.000000 1.000000 -0.000000 0.000000 -1.000000 -0.000000 -0.000000 1.000000 0.000000 0.000000 -1.000000 0.000000 -0.000000 1.000000 -0.000000 0.000000 -1.000000 -0.000000 -0.000000 1.000000 0.000000 0.000000 -1.000000 0.000000 -0.000000 1.000000 -0.000000 0.000000 -1.000000 -0.000000 -0.000000 1.000000 0.000000 0.000000 -1.000000 0.000000 -0.000000 1.000000 -0.000000 0.000000 -1.000000 -0.000000 -0.000000 1.000000 0.000000 0.000000 -1.000000 0.000000 -0.000000 1.000000 -0.000000 0.000000 -1.000000 -0.000000 -0.000000 1.000000 0.000000 0.000000 -1.000000 0.000000 -0.000000 1.000000 -0.000000 0.000000 -1.000000 -0.000000 -0.000000 1.000000 0.000000 0.000000 -1.000000 0.000000 -0.000000 1.000000 -0.000000 0.000000 -1.000000 -0.000000 -0.000000 1.000000 0.000000 0.000000 -1.000000 0.000000 -0.000000 1.000000 -0.000000 0.000000 -1.000000 -0.000000 -0.000000 1.000000 0.000000 0.000000 -1.000000 0.000000 -0.000000 1.000000 -0.000000 0.000000 -1.000000 -0.000000 -0.000000 1.000000 0.000000 0.000000 -1.000000 0.000000 -0.000000 1.000000 -0.000000 0.000000 -1.000000 -0.000000 -0.000000 1.000000 0.000000 0.000000 -1.000000 0.000000 -0.000000 1.000000 -0.000000 0.000000 -1.000000 -0.000000 -0.000000 1.000000 0.000000 0.000000 -1.000000 0.000000 -0.000000 1.000000 -0.000000 0.000000 -1.000000 -0.000000 -0.000000 1.000000 0.000000 0.000000 -1.000000 0.000000 -0.000000 1.000000 -0.000000 0.000000 -1.000000 -0.000000 -0.000000 1.000000 0.000000 0.000000 -1.000000 0.000000 -0.000000 1.000000 -0.000000 0.000000 -1.000000 -0.000000 -0.000000 1.000000 0.000000 0.000000 -1.000000 0.000000 -0.000000 1.000000 -0.000000 0.000000 -1.000000 -0.000000 -0.000000 1.000000 0.000000 0.000000 -1.000000 0.000000 -0.000000 1.000000 -0.000000 0.000000 -1.000000 -0.000000 -0.000000 1.000000 0.000000 0.000000 -1.000000 0.000000 -0.000000 1.000000 -0.000000 0.000000 -1.000000 -0.000000 -0.000000 1.000000 0.000000 0.000000 -1.000000 0.000000 -0.000000 1.000000 -0.000000 0.000000 -1.000000 -0.000000 -0.000000 1.000000 0.000000 0.000000 -1.000000 0.000000 -0.000000 1.000000 -0.000000 0.000000 -1.000000 -0.000000 -0.000000 1.000000 0.000000 0.000000 -1.000000 0.000000 -0.000000 1.000000 -0.000000 0.000000 -1.000000 -0.000000 -0.000000 1.000000 0.000000 0.000000 -1.000000 0.000000 -0.000000 1.000000 -0.000000 0.000000 -1.000000 -0.000000 -0.000000 1.000000 0.000000 0.000000 -1.000000 0.000000 -0.000000 1.000000 -0.000000 0.000000 -1.000000 -0.000000 -0.000000 1.000000 0.000000 0.000000 -1.000000 0.000000 -0.000000 1.000000 -0.000000 0.000000 -1.000000 -0.000000 -0.000000 1.000000 0.000000 0.000000 -1.000000 0.000000 -0.000000 1.000000 -0.000000 0.000000 -1.000000 -0.000000 -0.000000 1.000000 0.000000 0.000000 -1.000000 0.000000 -0.000000 1.000000 -0.000000 0.000000 -1.000000 -0.000000 -0.000000 1.000000 0.000000 0.000000 -1.000000 0.000000 -0.000000 1.000000 -0.000000 0.000000 -1.000000 -0.000000 -0.000000 1.000000 0.000000 0.000000 -1.000000 0.000000 -0.000000 1.000000 -0.000000 0.000000 -1.000000 -0.000000 -0.000000 1.000000 0.000000 0.000000 -1.000000 0.000000 -0.000000 1.000000 -0.000000 0.000000 -1.000000 -0.000000 -0.000000 1.000000 0.000000 0.000000 -1.000000 0.000000 -0.000000 1.000000 -0.000000 0.000000 -1.000000 -0.000000 -0.000000 1.000000 0.000000 0.000000 -1.000000 0.000000 -0.000000 1.000000 -0.000000 0.000000 -1.000000 -0.000000 -0.000000 1.000000 0.000000 0.000000 -1.000000 0.000000 -0.000000 1.000000 -0.000000 0.000000 -1.000000 -0.000000 -0.000000 1.000000 0.000000 0.000000 -1.000000 0.000000 -0.000000 1.000000 -0.000000 0.000000 -1.000000 -0.000000 -0.000000 1.000000 0.000000 0.000000 -1.000000 0.000000 -0.000000 1.000000 -0.000000 0.000000 -1.000000 -0.000000 -0.000000 1.000000 0.000000 0.000000 -1.000000 0.000000 -0.000000 1.000000 -0.000000 0.000000 -1.000000 -0.000000 -0.000000 1.000000 0.000000 0.000000 -1.000000 0.000000 -0.000000 1.000000 -0.000000 0.000000 -1.000000 -0.000000 -0.000000 1.000000 0.000000 0.000000 -1.000000 0.000000 -0.000000 1.000000 -0.000000 0.000000 -1.000000 -0.000000 -0.000000 1.000000 0.000000 0.000000 -1.000000 0.000000 -0.000000 1.000000 -0.000000 0.000000 -1.000000 -0.000000 -0.000000 1.000000 0.000000 0.000000 -1.000000 0.000000 -0.000000 1.000000 -0.000000 0.000000 -1.000000 -0.000000 -0.000000 1.000000 0.000000 0.000000 -1.000000 0.000000 -0.000000 1.000000 -0.000000 0.000000 -1.000000 -0.000000 -0.000000 1.000000 0.000000 0.000000 -1.000000 0.000000 -0.000000 1.000000 -0.000000 0.000000 -1.000000 -0.000000 -0.000000 1.000000 0.000000 0.000000 -1.000000 0.000000 -0.000000 1.000000 -0.000000 0.000000 -1.000000 -0.000000 -0.000000 1.000000 0.000000 0.000000 -1.000000 0.000000 -0.000000 1.000000 -0.000000 0.000000 -1.000000 -0.000000 -0.000000 1.000000 0.000000 0.000000 -1.000000 0.000000 -0.000000 1.000000 -0.000000 0.000000 -1.000000 -0.000000 -0.000000 1.000000 0.000000 0.000000 -1.000000 0.000000 -0.000000 1.000000 -0.000000 0.000000 -1.000000 -0.000000 -0.000000 1.000000 0.000000 0.000000 -1.000000 0.000000 -0.000000 1.000000 -0.000000 0.000000 -1.000000 -0.000000 -0.000000 1.000000 0.000000 0.000000 -1.000000 0.000000 -0.000000 1.000000 -0.000000 0.000000 -1.000000 -0.000000 -0.000000 1.000000 0.000000 0.000000 -1.000000 0.000000 -0.000000 1.000000 -0.000000 0.000000 -1.000000 -0.000000 -0.000000 1.000000 0.000000 0.000000 -1.000000 0.000000 -0.000000 1.000000 -0.000000 0.000000 -1.000000 -0.000000 -0.000000 1.000000 0.000000 0.000000 -1.000000 0.000000 -0.000000 1.000000 -0.000000 0.000000 -1.000000 -0.000000 -0.000000 1.000000 0.000000 0.000000 -1.000000 0.000000 -0.000000 1.000000 -0.000000 0.000000 -1.000000 -0.000000 -0.000000 1.000000 0.000000 0.000000 -1.000000 0.000000 -0.000000 1.000000 -0.000000 0.000000 -1.000000 -0.000000 -0.000000 1.000000 0.000000 0.000000 -1.000000 0.000000 -0.000000 1.000000 -0.000000 0.000000 -1.000000 -0.000000 -0.000000 1.000000 0.000000 0.000000 -1.000000 0.000000 -0.000000 1.000000 -0.000000 0.000000 -1.000000 -0.000000 -0.000000 1.000000 0.000000 0.000000 -1.000000 0.000000 -0.000000 1.000000 -0.000000 0.000000 -1.000000 -0.000000 -0.000000 1.000000 0.000000 0.000000 -1.000000 0.000000 -0.000000 1.000000 -0.000000 0.000000 -1.000000 -0.000000 -0.000000 1.000000 0.000000 0.000000 -1.000000 0.000000 -0.000000 1.000000 -0.000000 0.000000 -1.000000 -0.000000 -0.000000 1.000000 0.000000 0.000000 -1.000000 0.000000 -0.000000 1.000000 -0.000000 0.000000 -1.000000 -0.000000 -0.000000 1.000000 0.000000 0.000000 -1.000000 0.000000 -0.000000 1.000000 -0.000000 0.000000 -1.000000 -0.000000 -0.000000 1.000000 0.000000 0.000000 -1.000000 0.000000 -0.000000 1.000000 -0.000000 0.000000 -1.000000 -0.000000 -0.000000 1.000000 0.000000 0.000000 -1.000000 0.000000 -0.000000 1.000000 -0.000000 0.000000 -1.000000 -0.000000 -0.000000 1.000000 0.000000 0.000000 -1.000000 0.000000 -0.000000 1.000000 -0.000000 0.000000 -1.000000 -0.000000 -0.000000 1.000000 0.000000 0.000000 -1.000000 0.000000 -0.000000 1.000000 -0.000000 0.000000 -1.000000 -0.000000 -0.000000 1.000000 0.000000 0.000000 -1.000000 0.000000 -0.000000 1.000000 -0.000000 0.000000 -1.000000 -0.000000 -0.000000 1.000000 0.000000 0.000000 -1.000000 0.000000 -0.000000 1.000000 -0.000000 0.000000 -1.000000 -0.000000 -0.000000 1.000000 0.000000 0.000000 -1.000000 0.000000 -0.000000 1.000000 -0.000000 0.000000 -1.000000 -0.000000 -0.000000 1.000000 0.000000 0.000000 -1.000000 0.000000 -0.000000 1.000000 -0.000000 0.000000 -1.000000 -0.000000 -0.000000 1.000000 0.000000 0.000000 -1.000000 0.000000 -0.000000 1.000000 -0.000000 0.000000 -1.000000 -0.000000 -0.000000 1.000000 0.000000 0.000000 -1.000000 0.000000 -0.000000 1.000000 -0.000000 0.000000 -1.000000 -0.000000 -0.000000 1.000000 0.000000 0.000000 -1.000000 0.000000 -0.000000 1.000000 -0.000000 0.000000 -1.000000 -0.000000 -0.000000 1.000000 0.000000 0.000000 -1.000000 0.000000 -0.000000 1.000000 -0.000000 0.000000 -1.000000 -0.000000 -0.000000 1.000000 0.000000 0.000000 -1.000000 0.000000 -0.000000 1.000000 -0.000000 0.000000 -1.000000 -0.000000 -0.000000 1.000000 0.000000 0.000000 -1.000000 0.000000 -0.000000 1.000000 -0.000000 0.000000 -1.000000 -0.000000 -0.000000 1.000000 0.000000 0.000000 -1.000000 0.000000 -0.000000 1.000000 -0.000000 0.000000 -1.000000 -0.000000 -0.000000 1.000000 0.000000 0.000000 -1.000000 0.000000 -0.000000 1.000000 -0.000000 0.000000 -1.000000 -0.000000 -0.000000 1.000000 0.000000 0.000000 -1.000000 0.000000 -0.000000 1.000000 -0.000000 0.000000 -1.000000 -0.000000 -0.000000 1.000000 0.000000 0.000000 -1.000000 0.000000 -0.000000 1.000000 -0.000000 0.000000 -1.000000 -0.000000 -0.000000 1.000000 0.000000 0.000000 -1.000000 0.000000 -0.000000 1.000000 -0.000000 0.000000 -1.000000 -0.000000 -0.000000 1.000000 0.000000 0.000000 -1.000000 0.000000 -0.000000 1.000000 -0.000000 0.000000 -1.000000 -0.000000 -0.000000 1.000000 0.000000 0.000000 -1.000000 0.000000 -0.000000 1.000000 -0.000000 0.000000 -1.000000 -0.000000 -0.000000 1.000000 0.000000 0.000000 -1.000000 0.000000 -0.000000 1.000000 -0.000000 0.000000 -1.000000 -0.000000 -0.000000 1.000000 0.000000 0.000000 -1.000000 0.000000 -0.000000 1.000000 -0.000000 0.000000 -1.000000 -0.000000 -0.000000 1.000000 0.000000 0.000000 -1.000000 0.000000 -0.000000 1.000000 -0.000000 0.000000 -1.000000 -0.000000 -0.000000 1.000000 0.000000 0.000000 -1.000000 0.000000 -0.000000 1.000000 -0.000000 0.000000 -1.000000 -0.000000 -0.000000 1.000000 0.000000 0.000000 -1.000000 0.000000 -0.000000 1.000000 -0.000000 0.000000 -1.000000 -0.000000 -0.000000 1.000000 0.000000 0.000000 -1.000000 0.000000 -0.000000 1.000000 -0.000000 0.000000 -1.000000 -0.000000 -0.000000 1.000000 0.000000 0.000000 -1.000000 0.000000 -0.000000 1.000000 -0.000000 0.000000 -1.000000 -0.000000 -0.000000 1.000000 0.000000 0.000000 -1.000000 0.000000 -0.000000 1.000000 -0.000000 0.000000 -1.000000 -0.000000 -0.000000 1.000000 0.000000 0.000000 -1.000000 0.000000 -0.000000 1.000000 -0.000000 0.000000 -1.000000 -0.000000 -0.000000 1.000000 0.000000 0.000000 -1.000000 0.000000 -0.000000 1.000000 -0.000000 0.000000 -1.000000 -0.000000 -0.000000 1.000000 0.000000 0.000000 -1.000000 0.000000 -0.000000 1.000000 -0.000000 0.000000 -1.000000 -0.000000 -0.000000 1.000000 0.000000 0.000000 -1.000000 0.000000 -0.000000 1.000000 -0.000000 0.000000 -1.000000 -0.000000 -0.000000 1.000000 0.000000 0.000000 -1.000000 0.000000 -0.000000 1.000000 -0.000000 0.000000 -1.000000 -0.000000 -0.000000 1.000000 0.000000 0.000000 -1.000000 0.000000 -0.000000 1.000000 -0.000000 0.000000 -1.000000 -0.000000 -0.000000 1.000000 0.000000 0.000000 -1.000000 0.000000 -0.000000 1.000000 -0.000000 0.000000 -1.000000 -0.000000 -0.000000 1.000000 0.000000 0.000000 -1.000000 0.000000 -0.000000 1.000000 -0.000000 0.000000 -1.000000 -0.000000 -0.000000 1.000000 0.000000 0.000000 -1.000000 0.000000 -0.000000 1.000000 -0.000000 0.000000 -1.000000 -0.000000 -0.000000 1.000000 0.000000 0.000000 -1.000000 0.000000 -0.000000 1.000000 -0.000000 0.000000 -1.000000 -0.000000 -0.000000 1.000000 0.000000 0.000000 -1.000000 0.000000 -0.000000 1.000000 -0.000000 0.000000 -1.000000 -0.000000 -0.000000 1.000000 0.000000 0.000000 -1.000000 0.000000 -0.000000 1.000000 -0.000000 0.000000 -1.000000 -0.000000 -0.000000 1.000000 0.000000 0.000000 -1.000000 0.000000 -0.000000 1.000000 -0.000000 0.000000 -1.000000 -0.000000 -0.000000 1.000000 0.000000 0.000000 -1.000000 0.000000 -0.000000 1.000000 -0.000000 0.000000 -1.000000 -0.000000 -0.000000 1.000000 0.000000 0.000000 -1.000000 0.000000 -0.000000 1.000000 -0.000000 0.000000 -1.000000 -0.000000 -0.000000 1.000000 0.000000 0.000000 -1.000000 0.000000 -0.000000 1.000000 -0.000000 0.000000 -1.000000 -0.000000 -0.000000 1.000000 0.000000 0.000000 -1.000000 0.000000 -0.000000 1.000000 -0.000000 0.000000 -1.000000 -0.000000 -0.000000 1.000000 0.000000 0.000000 -1.000000 0.000000 -0.000000 1.000000 -0.000000 0.000000 -1.000000 -0.000000 -0.000000 1.000000 0.000000 0.000000 -1.000000 0.000000 -0.000000 1.000000 -0.000000 0.000000 -1.000000 -0.000000 -0.000000 1.000000 0.000000 0.000000 -1.000000 0.000000 -0.000000 1.000000 -0.000000 0.000000 -1.000000 -0.000000 -0.000000 1.000000 0.000000 0.000000 -1.000000 0.000000 -0.000000 1.000000 -0.000000 0.000000 -1.000000 -0.000000 -0.000000 1.000000 0.000000 0.000000 -1.000000 0.000000 -0.000000 1.000000 -0.000000 0.000000 -1.000000 -0.000000 -0.000000 1.000000 0.000000 0.000000 -1.000000 0.000000 -0.000000 1.000000 -0.000000 0.000000 -1.000000 -0.000000 -0.000000 1.000000 0.000000 0.000000 -1.000000 0.000000 -0.000000 1.000000 -0.000000 0.000000 -1.000000 -0.000000 -0.000000 1.000000 0.000000 0.000000 -1.000000 0.000000 -0.000000 1.000000 -0.000000 0.000000 -1.000000 -0.000000 -0.000000 1.000000 0.000000 0.000000 -1.000000 0.000000 -0.000000 1.000000 -0.000000 0.000000 -1.000000 -0.000000 -0.000000 1.000000 0.000000 0.000000 -1.000000 0.000000 -0.000000 1.000000 -0.000000 0.000000 -1.000000 -0.000000 -0.000000 1.000000 0.000000 0.000000 -1.000000 0.000000 -0.000000 1.000000 -0.000000 0.000000 -1.000000 -0.000000 -0.000000 1.000000 0.000000 0.000000 -1.000000 0.000000 -0.000000 1.000000 -0.000000 0.000000 -1.000000 -0.000000 -0.000000 1.000000 0.000000 0.000000 -1.000000 0.000000 -0.000000 1.000000 -0.000000 0.000000 -1.000000 -0.000000 -0.000000 1.000000 0.000000 0.000000 -1.000000 0.000000 -0.000000 1.000000 -0.000000 0.000000 -1.000000 -0.000000 -0.000000 1.000000 0.000000 0.000000 -1.000000 0.000000 -0.000000 1.000000 -0.000000 0.000000 -1.000000 -0.000000 -0.000000 1.000000 0.000000 0.000000 -1.000000 0.000000 -0.000000 1.000000 -0.000000 0.000000 -1.000000 -0.000000 -0.000000 1.000000 0.000000 0.000000 -1.000000 0.000000 -0.000000 1.000000 -0.000000 0.000000 -1.000000 -0.000000 -0.000000 1.000000 0.000000 0.000000 -1.000000 0.000000 -0.000000 1.000000 -0.000000 0.000000 -1.000000 -0.000000 -0.000000 1.000000 0.000000 0.000000 -1.000000 0.000000 -0.000000 1.000000 -0.000000 0.000000 -1.000000 -0.000000 -0.000000 1.000000 0.000000 0.000000 -1.000000 0.000000 -0.000000 1.000000 -0.000000 0.000000 -1.000000 -0.000000 -0.000000 1.000000 0.000000 0.000000 -1.000000 0.000000 -0.000000 1.000000 -0.000000 0.000000 -1.000000 -0.000000 -0.000000 1.000000 0.000000 0.000000 -1.000000 0.000000 -0.000000 1.000000 -0.000000 0.000000 -1.000000 -0.000000 -0.000000 1.000000 0.000000 0.000000 -1.000000 0.000000 -0.000000 1.000000 -0.000000 0.000000 -1.000000 -0.000000 -0.000000 1.000000 0.000000 0.000000 -1.000000 0.000000 -0.000000 1.000000 -0.000000 0.000000 -1.000000 -0.000000 -0.000000 1.000000 0.000000 0.000000 -1.000000 0.000000 -0.000000 1.000000 -0.000000 0.000000 -1.000000 -0.000000 -0.000000 1.000000 0.000000 0.000000 -1.000000 0.000000 -0.000000 1.000000 -0.000000 0.000000 -1.000000 -0.000000 -0.000000 1.000000 0.000000 0.000000 -1.000000 0.000000 -0.000000 1.000000 -0.000000 0.000000 -1.000000 -0.000000 -0.000000 1.000000 0.000000 0.000000 -1.000000 0.000000 -0.000000 1.000000 -0.000000 0.000000 -1.000000 -0.000000 -0.000000 1.000000 0.000000 0.000000 -1.000000 0.000000 -0.000000 1.000000 -0.000000 0.000000 -1.000000 -0.000000 -0.000000 1.000000 0.000000 0.000000 -1.000000 0.000000 -0.000000 1.000000 -0.000000 0.000000 -1.000000 -0.000000 -0.000000 1.000000 0.000000 0.000000 -1.000000 0.000000 -0.000000 1.000000 -0.000000 0.000000 -1.000000 -0.000000 -0.000000 1.000000 0.000000 0.000000 -1.000000 0.000000 -0.000000 1.000000 -0.000000 0.000000 -1.000000 -0.000000 -0.000000 1.000000 0.000000 0.000000 -1.000000 0.000000 -0.000000 1.000000 -0.000000 0.000000 -1.000000 -0.000000 -0.000000 1.000000 0.000000 0.000000 -1.000000 0.000000 -0.000000 1.000000 -0.000000 0.000000 -1.000000 -0.000000 -0.000000 1.000000 0.000000 0.000000 -1.000000 0.000000 -0.000000 1.000000 -0.000000 0.000000 -1.000000 -0.000000 -0.000000 1.000000 0.000000 0.000000 -1.000000 0.000000 -0.000000 1.000000 -0.000000 0.000000 -1.000000 -0.000000 -0.000000 1.000000 0.000000 0.000000 -1.000000 0.000000 -0.000000 1.000000 -0.000000 0.000000 -1.000000 -0.000000 -0.000000 1.000000 0.000000 0.000000 -1.000000 0.000000 -0.000000 1.000000 -0.000000 0.000000 -1.000000 0.000000 -0.000000 1.000000 -0.000000 0.000000 -1.000000 0.000000 -0.000000 1.000000 -0.000000 0.000000 -1.000000 0.000000 -0.000000 1.000000 -0.000000 0.000000 -1.000000 0.000000 -0.000000 1.000000 -0.000000 0.000000 -1.000000 0.000000 -0.000000 1.000000 -0.000000 0.000000 -1.000000 0.000000 -0.000000 1.000000 -0.000000 0.000000 -1.000000 0.000000 -0.000000 1.000000 -0.000000 0.000000 -1.000000 0.000000 -0.000000 1.000000 -0.000000 0.000000 -1.000000 0.000000 -0.000000 1.000000 -0.000000 0.000000 -1.000000 0.000000 -0.000000 1.000000 -0.000000 0.000000 -1.000000 0.000000 -0.000000 1.000000 -0.000000 0.000000 -1.000000 0.000000 -0.000000 1.000000 -0.000000 0.000000 -1.000000 0.000000 -0.000000 1.000000 -0.000000 0.000000 -1.000000 0.000000 -0.000000 1.000000 -0.000000 0.000000 -1.000000 0.000000 -0.000000 1.000000 -0.000000 0.000000 -1.000000 0.000000 -0.000000 1.000000 -0.000000 0.000000 -1.000000 0.000000 -0.000000 1.000000 -0.000000 0.000000 -1.000000 0.000000 -0.000000 1.000000 -0.000000 0.000000 -1.000000 0.000000 -0.000000 1.000000 -0.000000 0.000000 -1.000000 0.000000 -0.000000 1.000000 -0.000000 0.000000 -1.000000 0.000000 -0.000000 1.000000 -0.000000 0.000000 -1.000000 0.000000 -0.000000 1.000000 -0.000000 0.000000 -1.000000 0.000000 -0.000000 1.000000 -0.000000 0.000000 -1.000000 0.000000 -0.000000 1.000000 -0.000000 -0.000000 1.000000 0.000000 0.000000 -1.000000 -0.000000 0.000000 1.000000 0.000000 -0.000000 -1.000000 -0.000000 -0.000000 1.000000 0.000000 0.000000 -1.000000 -0.000000 0.000000 1.000000 0.000000 -0.000000 -1.000000 -0.000000 -0.000000 1.000000 0.000000 0.000000 -1.000000 -0.000000 0.000000 1.000000 0.000000 -0.000000 -1.000000 -0.000000 -0.000000 1.000000 0.000000 0.000000 -1.000000 -0.000000 0.000000 1.000000 0.000000 -0.000000 -1.000000 -0.000000 -0.000000 1.000000 0.000000 0.000000 -1.000000 -0.000000 0.000000 1.000000 0.000000 -0.000000 -1.000000 -0.000000 -0.000000 1.000000 0.000000 0.000000 -1.000000 -0.000000 0.000000 1.000000 0.000000 -0.000000 -1.000000 -0.000000 -0.000000 1.000000 0.000000 0.000000 -1.000000 -0.000000 0.000000 1.000000 0.000000 -0.000000 -1.000000 -0.000000 -0.000000 1.000000 0.000000 0.000000 -1.000000 -0.000000 0.000000 1.000000 0.000000 -0.000000 -1.000000 -0.000000 -0.000000 1.000000 0.000000 0.000000 -1.000000 -0.000000 0.000000 1.000000 0.000000 -0.000000 -1.000000 -0.000000 -0.000000 1.000000 0.000000 0.000000 -1.000000 -0.000000 0.000000 1.000000 0.000000 -0.000000 -1.000000 -0.000000 -0.000000 1.000000 0.000000 0.000000 -1.000000 -0.000000 0.000000 1.000000 0.000000 -0.000000 -1.000000 -0.000000 -0.000000 1.000000 0.000000 0.000000 -1.000000 -0.000000 0.000000 1.000000 0.000000 -0.000000 -1.000000 -0.000000 -0.000000 1.000000 0.000000 0.000000 -1.000000 -0.000000 0.000000 1.000000 0.000000 -0.000000 -1.000000 -0.000000 -0.000000 1.000000 0.000000 0.000000 -1.000000 -0.000000 0.000000 1.000000 0.000000 -0.000000 -1.000000 -0.000000 -0.000000 1.000000 0.000000 0.000000 -1.000000 -0.000000 0.000000 1.000000 0.000000 -0.000000 -1.000000 -0.000000 -0.000000 1.000000 0.000000 0.000000 -1.000000 -0.000000 0.000000 1.000000 0.000000 -0.000000 -1.000000 -0.000000 -0.000000 1.000000 0.000000 0.000000 -1.000000 -0.000000 0.000000 1.000000 0.000000 -0.000000 -1.000000 -0.000000 -0.000000 1.000000 0.000000 0.000000 -1.000000 -0.000000 0.000000 1.000000 0.000000 -0.000000 -1.000000 -0.000000 -0.000000 1.000000 0.000000 0.000000 -1.000000 -0.000000 0.000000 1.000000 0.000000 -0.000000 -1.000000 -0.000000 -0.000000 1.000000 0.000000 0.000000 -1.000000 -0.000000 0.000000 1.000000 0.000000 -0.000000 -1.000000 -0.000000 -0.000000 1.000000 0.000000 0.000000 -1.000000 -0.000000 0.000000 1.000000 0.000000 -0.000000 -1.000000 -0.000000 -0.000000 1.000000 0.000000 0.000000 -1.000000 -0.000000 0.000000 1.000000 0.000000 -0.000000 -1.000000 -0.000000 -0.000000 1.000000 0.000000 0.000000 -1.000000 -0.000000 0.000000 1.000000 0.000000 -0.000000 -1.000000 -0.000000 -0.000000 1.000000 0.000000 0.000000 -1.000000 -0.000000 0.000000 1.000000 0.000000 -0.000000 -1.000000 -0.000000 -0.000000 1.000000 0.000000 0.000000 -1.000000 -0.000000 0.000000 1.000000 0.000000 -0.000000 -1.000000 -0.000000 -0.000000 1.000000 0.000000 0.000000 -1.000000 -0.000000 0.000000 1.000000 0.000000 -0.000000 -1.000000 -0.000000 -0.000000 1.000000 0.000000 0.000000 -1.000000 -0.000000 0.000000 1.000000 0.000000 -0.000000 -1.000000 -0.000000 -0.000000 1.000000 0.000000 0.000000 -1.000000 -0.000000 0.000000 1.000000 0.000000 -0.000000 -1.000000 -0.000000 -0.000000 1.000000 0.000000 0.000000 -1.000000 -0.000000 0.000000 1.000000 0.000000 -0.000000 -1.000000 -0.000000 -0.000000 1.000000 0.000000 0.000000 -1.000000 -0.000000 0.000000 1.000000 0.000000 -0.000000 -1.000000 -0.000000 -0.000000 1.000000 0.000000 0.000000 -1.000000 -0.000000 0.000000 1.000000 0.000000 -0.000000 -1.000000 -0.000000 -0.000000 1.000000 0.000000 0.000000 -1.000000 -0.000000 0.000000 1.000000 0.000000 -0.000000 -1.000000 -0.000000 -0.000000 1.000000 0.000000 0.000000 -1.000000 -0.000000 0.000000 1.000000 0.000000 -0.000000 -1.000000 -0.000000 -0.000000 1.000000 0.000000 0.000000 -1.000000 -0.000000 0.000000 1.000000 0.000000 -0.000000 -1.000000 -0.000000 -0.000000 1.000000 0.000000 0.000000 -1.000000 -0.000000 0.000000 1.000000 0.000000 -0.000000 -1.000000 -0.000000 -0.000000 1.000000 0.000000 0.000000 -1.000000 -0.000000 0.000000 1.000000 0.000000 -0.000000 -1.000000 -0.000000 -0.000000 1.000000 0.000000 0.000000 -1.000000 -0.000000 0.000000 1.000000 0.000000 -0.000000 -1.000000 -0.000000 -0.000000 1.000000 0.000000 0.000000 -1.000000 -0.000000 0.000000 1.000000 0.000000 -0.000000 -1.000000 -0.000000 -0.000000 1.000000 0.000000 0.000000 -1.000000 -0.000000 0.000000 1.000000 0.000000 -0.000000 -1.000000 -0.000000 -0.000000 1.000000 0.000000 0.000000 -1.000000 -0.000000 0.000000 1.000000 0.000000 -0.000000 -1.000000 -0.000000 -0.000000 1.000000 0.000000 0.000000 -1.000000 -0.000000 0.000000 1.000000 0.000000 -0.000000 -1.000000 -0.000000 -0.000000 1.000000 0.000000 0.000000 -1.000000 -0.000000 0.000000 1.000000 0.000000 -0.000000 -1.000000 -0.000000 -0.000000 1.000000 0.000000 0.000000 -1.000000 -0.000000 0.000000 1.000000 0.000000 -0.000000 -1.000000 -0.000000 -0.000000 1.000000 0.000000 0.000000 -1.000000 -0.000000 0.000000 1.000000 0.000000 -0.000000 -1.000000 -0.000000 -0.000000 1.000000 0.000000 0.000000 -1.000000 -0.000000 0.000000 1.000000 0.000000 -0.000000 -1.000000 -0.000000 -0.000000 1.000000 0.000000 0.000000 -1.000000 -0.000000 0.000000 1.000000 0.000000 -0.000000 -1.000000 -0.000000 -0.000000 1.000000 0.000000 0.000000 -1.000000 -0.000000 0.000000 1.000000 0.000000 -0.000000 -1.000000 -0.000000 -0.000000 1.000000 0.000000 0.000000 -1.000000 -0.000000 0.000000 1.000000 0.000000 -0.000000 -1.000000 -0.000000 -0.000000 1.000000 0.000000 0.000000 -1.000000 -0.000000 0.000000 1.000000 0.000000 -0.000000 -1.000000 -0.000000 -0.000000 1.000000 0.000000 0.000000 -1.000000 -0.000000 0.000000 1.000000 0.000000 -0.000000 -1.000000 -0.000000 -0.000000 1.000000 0.000000 0.000000 -1.000000 -0.000000 0.000000 1.000000 0.000000 -0.000000 -1.000000 -0.000000 -0.000000 1.000000 0.000000 0.000000 -1.000000 -0.000000 0.000000 1.000000 0.000000 -0.000000 -1.000000 -0.000000 -0.000000 1.000000 0.000000 0.000000 -1.000000 -0.000000 0.000000 1.000000 0.000000 -0.000000 -1.000000 -0.000000 -0.000000 1.000000 0.000000 0.000000 -1.000000 -0.000000 0.000000 1.000000 0.000000 -0.000000 -1.000000 -0.000000 -0.000000 1.000000 0.000000 0.000000 -1.000000 -0.000000 0.000000 1.000000 0.000000 -0.000000 -1.000000 -0.000000 -0.000000 1.000000 0.000000 0.000000 -1.000000 -0.000000 0.000000 1.000000 0.000000 -0.000000 -1.000000 -0.000000 -0.000000 1.000000 0.000000 0.000000 -1.000000 -0.000000 0.000000 1.000000 0.000000 -0.000000 -1.000000 -0.000000 -0.000000 1.000000 0.000000 0.000000 -1.000000 -0.000000 0.000000 1.000000 0.000000 -0.000000 -1.000000 -0.000000 -0.000000 1.000000 0.000000 0.000000 -1.000000 -0.000000 0.000000 1.000000 0.000000 -0.000000 -1.000000 -0.000000 -0.000000 1.000000 0.000000 0.000000 -1.000000 -0.000000 0.000000 1.000000 0.000000 -0.000000 -1.000000 -0.000000 -0.000000 1.000000 0.000000 0.000000 -1.000000 -0.000000 0.000000 1.000000 0.000000 -0.000000 -1.000000 -0.000000 -0.000000 1.000000 0.000000 0.000000 -1.000000 -0.000000 0.000000 1.000000 0.000000 -0.000000 -1.000000 -0.000000 -0.000000 1.000000 0.000000 0.000000 -1.000000 -0.000000 0.000000 1.000000 0.000000 -0.000000 -1.000000 -0.000000 -0.000000 1.000000 0.000000 0.000000 -1.000000 -0.000000 0.000000 1.000000 0.000000 -0.000000 -1.000000 -0.000000 -0.000000 1.000000 0.000000 0.000000 -1.000000 -0.000000 0.000000 1.000000 0.000000 -0.000000 -1.000000 -0.000000 -0.000000 1.000000 0.000000 0.000000 -1.000000 -0.000000 0.000000 1.000000 0.000000 -0.000000 -1.000000 -0.000000 -0.000000 1.000000 0.000000 0.000000 -1.000000 -0.000000 0.000000 1.000000 0.000000 -0.000000 -1.000000 -0.000000 -0.000000 1.000000 0.000000 0.000000 -1.000000 -0.000000 0.000000 1.000000 0.000000 -0.000000 -1.000000 -0.000000 -0.000000 1.000000 0.000000 0.000000 -1.000000 -0.000000 0.000000 1.000000 0.000000 -0.000000 -1.000000 -0.000000 -0.000000 1.000000 0.000000 0.000000 -1.000000 -0.000000 0.000000 1.000000 0.000000 -0.000000 -1.000000 -0.000000 -0.000000 1.000000 0.000000 0.000000 -1.000000 -0.000000 0.000000 1.000000 0.000000 -0.000000 -1.000000 -0.000000 -0.000000 1.000000 0.000000 0.000000 -1.000000 -0.000000 0.000000 1.000000 0.000000 -0.000000 -1.000000 -0.000000 -0.000000 1.000000 0.000000 0.000000 -1.000000 -0.000000 0.000000 1.000000 0.000000 -0.000000 -1.000000 -0.000000 -0.000000 1.000000 0.000000 0.000000 -1.000000 -0.000000 0.000000 1.000000 0.000000 -0.000000 -1.000000 -0.000000 -0.000000 1.000000 0.000000 0.000000 -1.000000 -0.000000 0.000000 1.000000 0.000000 -0.000000 -1.000000 -0.000000 -0.000000 1.000000 0.000000 0.000000 -1.000000 -0.000000 0.000000 1.000000 0.000000 -0.000000 -1.000000 -0.000000 -0.000000 1.000000 0.000000 0.000000 -1.000000 -0.000000 0.000000 1.000000 0.000000 -0.000000 -1.000000 -0.000000 -0.000000 1.000000 0.000000 0.000000 -1.000000 -0.000000 0.000000 1.000000 0.000000 -0.000000 -1.000000 -0.000000 -0.000000 1.000000 0.000000 0.000000 -1.000000 -0.000000 0.000000 1.000000 0.000000 -0.000000 -1.000000 -0.000000 -0.000000 1.000000 0.000000 0.000000 -1.000000 -0.000000 0.000000 1.000000 0.000000 -0.000000 -1.000000 -0.000000 -0.000000 1.000000 0.000000 0.000000 -1.000000 -0.000000 0.000000 1.000000 0.000000 -0.000000 -1.000000 -0.000000 -0.000000 1.000000 0.000000 0.000000 -1.000000 -0.000000 0.000000 1.000000 0.000000 -0.000000 -1.000000 -0.000000 -0.000000 1.000000 0.000000 0.000000 -1.000000 -0.000000 0.000000 1.000000 0.000000 -0.000000 -1.000000 -0.000000 -0.000000 1.000000 0.000000 0.000000 -1.000000 -0.000000 0.000000 1.000000 0.000000 -0.000000 -1.000000 -0.000000 -0.000000 1.000000 0.000000 0.000000 -1.000000 -0.000000 0.000000 1.000000 0.000000 -0.000000 -1.000000 -0.000000 -0.000000 1.000000 0.000000 0.000000 -1.000000 -0.000000 0.000000 1.000000 0.000000 -0.000000 -1.000000 -0.000000 -0.000000 1.000000 0.000000 0.000000 -1.000000 -0.000000 0.000000 1.000000 0.000000 -0.000000 -1.000000 -0.000000 -0.000000 1.000000 0.000000 0.000000 -1.000000 -0.000000 0.000000 1.000000 0.000000 -0.000000 -1.000000 -0.000000 -0.000000 1.000000 0.000000 0.000000 -1.000000 -0.000000 0.000000 1.000000 0.000000 -0.000000 -1.000000 -0.000000 -0.000000 1.000000 0.000000 0.000000 -1.000000 -0.000000 0.000000 1.000000 0.000000 -0.000000 -1.000000 -0.000000 -0.000000 1.000000 0.000000 0.000000 -1.000000 -0.000000 0.000000 1.000000 0.000000 -0.000000 -1.000000 -0.000000 -0.000000 1.000000 0.000000 0.000000 -1.000000 -0.000000 0.000000 1.000000 0.000000 -0.000000 -1.000000 -0.000000 -0.000000 1.000000 0.000000 0.000000 -1.000000 -0.000000 0.000000 1.000000 0.000000 -0.000000 -1.000000 -0.000000 -0.000000 1.000000 0.000000 0.000000 -1.000000 -0.000000 0.000000 1.000000 0.000000 -0.000000 -1.000000 -0.000000 -0.000000 1.000000 0.000000 0.000000 -1.000000 -0.000000 0.000000 1.000000 0.000000 -0.000000 -1.000000 -0.000000 -0.000000 1.000000 0.000000 0.000000 -1.000000 -0.000000 0.000000 1.000000 0.000000 -0.000000 -1.000000 -0.000000 -0.000000 1.000000 0.000000 0.000000 -1.000000 -0.000000 0.000000 1.000000 0.000000 -0.000000 -1.000000 -0.000000 -0.000000 1.000000 0.000000 0.000000 -1.000000 -0.000000 0.000000 1.000000 0.000000 -0.000000 -1.000000 -0.000000 -0.000000 1.000000 0.000000 0.000000 -1.000000 -0.000000 0.000000 1.000000 0.000000 -0.000000 -1.000000 -0.000000 -0.000000 1.000000 0.000000 0.000000 -1.000000 -0.000000 0.000000 1.000000 0.000000 -0.000000 -1.000000 -0.000000 -0.000000 1.000000 0.000000 0.000000 -1.000000 -0.000000 0.000000 1.000000 0.000000 -0.000000 -1.000000 -0.000000 -0.000000 1.000000 0.000000 0.000000 -1.000000 -0.000000 0.000000 1.000000 0.000000 -0.000000 -1.000000 -0.000000 -0.000000 1.000000 0.000000 0.000000 -1.000000 -0.000000 0.000000 1.000000 0.000000 -0.000000 -1.000000 -0.000000 -0.000000 1.000000 0.000000 0.000000 -1.000000 -0.000000 0.000000 1.000000 0.000000 -0.000000 -1.000000 -0.000000 -0.000000 1.000000 0.000000 0.000000 -1.000000 -0.000000 0.000000 1.000000 0.000000 -0.000000 -1.000000 -0.000000 -0.000000 1.000000 0.000000 0.000000 -1.000000 -0.000000 0.000000 1.000000 0.000000 -0.000000 -1.000000 -0.000000 -0.000000 1.000000 0.000000 0.000000 -1.000000 -0.000000 0.000000 1.000000 0.000000 -0.000000 -1.000000 -0.000000 -0.000000 1.000000 0.000000 0.000000 -1.000000 -0.000000 0.000000 1.000000 0.000000 -0.000000 -1.000000 -0.000000 -0.000000 1.000000 0.000000 0.000000 -1.000000 -0.000000 0.000000 1.000000 0.000000 -0.000000 -1.000000 -0.000000 -0.000000 1.000000 0.000000 0.000000 -1.000000 -0.000000 0.000000 1.000000 0.000000 -0.000000 -1.000000 -0.000000 -0.000000 1.000000 0.000000 0.000000 -1.000000 -0.000000 0.000000 1.000000 0.000000 -0.000000 -1.000000 -0.000000 -0.000000 1.000000 0.000000 0.000000 -1.000000 -0.000000 0.000000 1.000000 0.000000 -0.000000 -1.000000 -0.000000 -0.000000 1.000000 0.000000 0.000000 -1.000000 -0.000000 0.000000 1.000000 0.000000 -0.000000 -1.000000 -0.000000 -0.000000 1.000000 0.000000 0.000000 -1.000000 -0.000000 0.000000 1.000000 0.000000 -0.000000 -1.000000 -0.000000 -0.000000 1.000000 0.000000 0.000000 -1.000000 -0.000000 0.000000 1.000000 0.000000 -0.000000 -1.000000 -0.000000 -0.000000 1.000000 0.000000 0.000000 -1.000000 -0.000000 0.000000 1.000000 0.000000 -0.000000 -1.000000 -0.000000 -0.000000 1.000000 0.000000 0.000000 -1.000000 -0.000000 0.000000 1.000000 0.000000 -0.000000 -1.000000 -0.000000 -0.000000 1.000000 0.000000 0.000000 -1.000000 -0.000000 0.000000 1.000000 0.000000 -0.000000 -1.000000 -0.000000 -0.000000 1.000000 0.000000 0.000000 -1.000000 -0.000000 0.000000 1.000000 0.000000 -0.000000 -1.000000 -0.000000 -0.000000 1.000000 0.000000 0.000000 -1.000000 -0.000000 0.000000 1.000000 0.000000 -0.000000 -1.000000 -0.000000 -0.000000 1.000000 0.000000 0.000000 -1.000000 -0.000000 0.000000 1.000000 0.000000 -0.000000 -1.000000 -0.000000 -0.000000 1.000000 0.000000 0.000000 -1.000000 -0.000000 0.000000 1.000000 0.000000 -0.000000 -1.000000 -0.000000 -0.000000 1.000000 0.000000 0.000000 -1.000000 -0.000000 0.000000 1.000000 0.000000 -0.000000 -1.000000 -0.000000 -0.000000 1.000000 0.000000 0.000000 -1.000000 -0.000000 0.000000 1.000000 0.000000 -0.000000 -1.000000 -0.000000 -0.000000 1.000000 0.000000 0.000000 -1.000000 -0.000000 0.000000 1.000000 0.000000 -0.000000 -1.000000 -0.000000 -0.000000 1.000000 0.000000 0.000000 -1.000000 -0.000000 0.000000 1.000000 0.000000 -0.000000 -1.000000 -0.000000 -0.000000 1.000000 0.000000 0.000000 -1.000000 -0.000000 0.000000 1.000000 0.000000 -0.000000 -1.000000 -0.000000 -0.000000 1.000000 0.000000 0.000000 -1.000000 -0.000000 0.000000 1.000000 0.000000 -0.000000 -1.000000 -0.000000 -0.000000 1.000000 0.000000 0.000000 -1.000000 -0.000000 0.000000 1.000000 0.000000 -0.000000 -1.000000 -0.000000 -0.000000 1.000000 0.000000 0.000000 -1.000000 -0.000000 0.000000 1.000000 0.000000 -0.000000 -1.000000 -0.000000 -0.000000 1.000000 0.000000 0.000000 -1.000000 -0.000000 0.000000 1.000000 0.000000 -0.000000 -1.000000 -0.000000 -0.000000 1.000000 0.000000 0.000000 -1.000000 -0.000000 0.000000 1.000000 0.000000 -0.000000 -1.000000 -0.000000 -0.000000 1.000000 0.000000 0.000000 -1.000000 -0.000000 0.000000 1.000000 0.000000 -0.000000 -1.000000 -0.000000 -0.000000 1.000000 0.000000 0.000000 -1.000000 -0.000000 0.000000 1.000000 0.000000 -0.000000 -1.000000 -0.000000 -0.000000 1.000000 0.000000 0.000000 -1.000000 -0.000000 0.000000 1.000000 0.000000 -0.000000 -1.000000 -0.000000 -0.000000 1.000000 0.000000 0.000000 -1.000000 -0.000000 0.000000 1.000000 0.000000 -0.000000 -1.000000 -0.000000 -0.000000 1.000000 0.000000 0.000000 -1.000000 -0.000000 0.000000 1.000000 0.000000 -0.000000 -1.000000 -0.000000 -0.000000 1.000000 0.000000 0.000000 -1.000000 -0.000000 0.000000 1.000000 0.000000 -0.000000 -1.000000 -0.000000 -0.000000 1.000000 0.000000 0.000000 -1.000000 -0.000000 0.000000 1.000000 0.000000 -0.000000 -1.000000 -0.000000 -0.000000 1.000000 0.000000 0.000000 -1.000000 -0.000000 0.000000 1.000000 0.000000 -0.000000 -1.000000 -0.000000 -0.000000 1.000000 0.000000 0.000000 -1.000000 -0.000000 0.000000 1.000000 0.000000 -0.000000 -1.000000 -0.000000 -0.000000 1.000000 0.000000 0.000000 -1.000000 -0.000000 0.000000 1.000000 0.000000 -0.000000 -1.000000 -0.000000 -0.000000 1.000000 0.000000 0.000000 -1.000000 -0.000000 0.000000 1.000000 0.000000 -0.000000 -1.000000 -0.000000 -0.000000 1.000000 0.000000 0.000000 -1.000000 -0.000000 0.000000 1.000000 0.000000 -0.000000 -1.000000 -0.000000 -0.000000 1.000000 0.000000 0.000000 -1.000000 -0.000000 0.000000 1.000000 0.000000 -0.000000 -1.000000 -0.000000 -0.000000 1.000000 0.000000 0.000000 -1.000000 -0.000000 0.000000 1.000000 0.000000 -0.000000 -1.000000 -0.000000 -0.000000 1.000000 0.000000 0.000000 -1.000000 -0.000000 0.000000 1.000000 0.000000 -0.000000 -1.000000 -0.000000 -0.000000 1.000000 0.000000 0.000000 -1.000000 -0.000000 0.000000 1.000000 0.000000 -0.000000 -1.000000 -0.000000 -0.000000 1.000000 0.000000 0.000000 -1.000000 -0.000000 0.000000 1.000000 0.000000 -0.000000 -1.000000 -0.000000 -0.000000 1.000000 0.000000 0.000000 -1.000000 -0.000000 0.000000 1.000000 0.000000 -0.000000 -1.000000 -0.000000 -0.000000 1.000000 0.000000 0.000000 -1.000000 -0.000000 0.000000 1.000000 0.000000 -0.000000 -1.000000 -0.000000 -0.000000 1.000000 0.000000 0.000000 -1.000000 -0.000000 0.000000 1.000000 0.000000 -0.000000 -1.000000 -0.000000 -0.000000 1.000000 0.000000 0.000000 -1.000000 -0.000000 0.000000 1.000000 0.000000 -0.000000 -1.000000 -0.000000 -0.000000 1.000000 0.000000 0.000000 -1.000000 -0.000000 0.000000 1.000000 0.000000 -0.000000 -1.000000 -0.000000 -0.000000 1.000000 0.000000 0.000000 -1.000000 -0.000000 0.000000 1.000000 0.000000 -0.000000 -1.000000 -0.000000 -0.000000 1.000000 0.000000 0.000000 -1.000000 -0.000000 0.000000 1.000000 0.000000 -0.000000 -1.000000 -0.000000 -0.000000 1.000000 0.000000 0.000000 -1.000000 -0.000000 0.000000 1.000000 0.000000 -0.000000 -1.000000 -0.000000 -0.000000 1.000000 0.000000 0.000000 -1.000000 -0.000000 0.000000 1.000000 0.000000 -0.000000 -1.000000 -0.000000 -0.000000 1.000000 0.000000 0.000000 -1.000000 -0.000000 0.000000 1.000000 0.000000 -0.000000 -1.000000 -0.000000 -0.000000 1.000000 0.000000 0.000000 -1.000000 -0.000000 0.000000 1.000000 0.000000 -0.000000 -1.000000 -0.000000 -0.000000 1.000000 0.000000 0.000000 -1.000000 -0.000000 0.000000 1.000000 0.000000 -0.000000 -1.000000 -0.000000 -0.000000 1.000000 0.000000 0.000000 -1.000000 -0.000000 0.000000 1.000000 0.000000 -0.000000 -1.000000 -0.000000 -0.000000 1.000000 0.000000 0.000000 -1.000000 -0.000000 0.000000 1.000000 0.000000 -0.000000 -1.000000 -0.000000 -0.000000 1.000000 0.000000 0.000000 -1.000000 -0.000000 0.000000 1.000000 0.000000 -0.000000 -1.000000 -0.000000 -0.000000 1.000000 0.000000 0.000000 -1.000000 -0.000000 0.000000 1.000000 0.000000 -0.000000 -1.000000 -0.000000 -0.000000 1.000000 0.000000 0.000000 -1.000000 -0.000000 0.000000 1.000000 0.000000 -0.000000 -1.000000 -0.000000 -0.000000 1.000000 0.000000 0.000000 -1.000000 -0.000000 0.000000 1.000000 0.000000 -0.000000 -1.000000 -0.000000 -0.000000 1.000000 0.000000 0.000000 -1.000000 -0.000000 0.000000 1.000000 0.000000 -0.000000 -1.000000 -0.000000 -0.000000 1.000000 0.000000 0.000000 -1.000000 -0.000000 0.000000 1.000000 0.000000 -0.000000 -1.000000 -0.000000 -0.000000 1.000000 0.000000 0.000000 -1.000000 -0.000000 0.000000 1.000000 0.000000 -0.000000 -1.000000 -0.000000 -0.000000 1.000000 0.000000 0.000000 -1.000000 -0.000000 0.000000 1.000000 0.000000 -0.000000 -1.000000 -0.000000 -0.000000 1.000000 0.000000 0.000000 -1.000000 -0.000000 0.000000 1.000000 0.000000 -0.000000 -1.000000 -0.000000 -0.000000 1.000000 0.000000 0.000000 -1.000000 -0.000000 0.000000 1.000000 0.000000 -0.000000 -1.000000 -0.000000 -0.000000 1.000000 0.000000 0.000000 -1.000000 -0.000000 0.000000 1.000000 0.000000 -0.000000 -1.000000 -0.000000 -0.000000 1.000000 0.000000 0.000000 -1.000000 -0.000000 0.000000 1.000000 0.000000 -0.000000 -1.000000 -0.000000 -0.000000 1.000000 0.000000 0.000000 -1.000000 -0.000000 0.000000 1.000000 0.000000 -0.000000 -1.000000 -0.000000 -0.000000 1.000000 0.000000 0.000000 -1.000000 -0.000000 0.000000 1.000000 0.000000 -0.000000 -1.000000 -0.000000 -0.000000 1.000000 0.000000 0.000000 -1.000000 -0.000000 0.000000 1.000000 0.000000 -0.000000 -1.000000 -0.000000 -0.000000 1.000000 0.000000 0.000000 -1.000000 -0.000000 0.000000 1.000000 0.000000 -0.000000 -1.000000 -0.000000 -0.000000 1.000000 0.000000 0.000000 -1.000000 -0.000000 0.000000 1.000000 0.000000 -0.000000 -1.000000 -0.000000 -0.000000 1.000000 0.000000 0.000000 -1.000000 -0.000000 0.000000 1.000000 0.000000 -0.000000 -1.000000 -0.000000 -0.000000 1.000000 0.000000 0.000000 -1.000000 -0.000000 0.000000 1.000000 0.000000 -0.000000 -1.000000 -0.000000 -0.000000 1.000000 0.000000 0.000000 -1.000000 -0.000000 0.000000 1.000000 0.000000 -0.000000 -1.000000 -0.000000 -0.000000 1.000000 0.000000 0.000000 -1.000000 -0.000000 0.000000 1.000000 0.000000 -0.000000 -1.000000 -0.000000 -0.000000 1.000000 0.000000 0.000000 -1.000000 -0.000000 0.000000 1.000000 0.000000 -0.000000 -1.000000 -0.000000 -0.000000 1.000000 0.000000 0.000000 -1.000000 -0.000000 0.000000 1.000000 0.000000 -0.000000 -1.000000 -0.000000 -0.000000 1.000000 0.000000 0.000000 -1.000000 -0.000000 0.000000 1.000000 0.000000 -0.000000 -1.000000 -0.000000 -0.000000 1.000000 0.000000 0.000000 -1.000000 -0.000000 0.000000 1.000000 0.000000 -0.000000 -1.000000 -0.000000 -0.000000 1.000000 0.000000 0.000000 -1.000000 -0.000000 0.000000 1.000000 0.000000 -0.000000 -1.000000 -0.000000 -0.000000 1.000000 0.000000 0.000000 -1.000000 -0.000000 0.000000 1.000000 0.000000 -0.000000 -1.000000 -0.000000 -0.000000 1.000000 0.000000 0.000000 -1.000000 -0.000000 0.000000 1.000000 0.000000 -0.000000 -1.000000 -0.000000 -0.000000 1.000000 0.000000 0.000000 -1.000000 -0.000000 0.000000 1.000000 0.000000 -0.000000 -1.000000 -0.000000 -0.000000 1.000000 0.000000 0.000000 -1.000000 -0.000000 0.000000 1.000000 0.000000 -0.000000 -1.000000 -0.000000 -0.000000 1.000000 0.000000 0.000000 -1.000000 -0.000000 0.000000 1.000000 0.000000 -0.000000 -1.000000 -0.000000 -0.000000 1.000000 0.000000 0.000000 -1.000000 -0.000000 0.000000 1.000000 0.000000 -0.000000 -1.000000 -0.000000 -0.000000 1.000000 0.000000 0.000000 -1.000000 -0.000000 0.000000 1.000000 0.000000 -0.000000 -1.000000 -0.000000 -0.000000 1.000000 0.000000 0.000000 -1.000000 -0.000000 0.000000 1.000000 0.000000 -0.000000 -1.000000 -0.000000 -0.000000 1.000000 0.000000 0.000000 -1.000000 -0.000000 0.000000 1.000000 0.000000 -0.000000 -1.000000 -0.000000 -0.000000 1.000000 0.000000 0.000000 -1.000000 -0.000000 0.000000 1.000000 0.000000 -0.000000 -1.000000 -0.000000 -0.000000 1.000000 0.000000 0.000000 -1.000000 -0.000000 0.000000 1.000000 0.000000 -0.000000 -1.000000 -0.000000 -0.000000 1.000000 0.000000 0.000000 -1.000000 -0.000000 0.000000 1.000000 0.000000 -0.000000 -1.000000 -0.000000 -0.000000 1.000000 0.000000 0.000000 -1.000000 -0.000000 0.000000 1.000000 0.000000 -0.000000 -1.000000 -0.000000 -0.000000 1.000000 0.000000 0.000000 -1.000000 -0.000000 0.000000 1.000000 0.000000 -0.000000 -1.000000 -0.000000 -0.000000 1.000000 0.000000 0.000000 -1.000000 -0.000000 0.000000 1.000000 0.000000 -0.000000 -1.000000 -0.000000 -0.000000 1.000000 0.000000 0.000000 -1.000000 -0.000000 0.000000 1.000000 0.000000 -0.000000 -1.000000 -0.000000 -0.000000 1.000000 0.000000 0.000000 -1.000000 -0.000000 0.000000 1.000000 0.000000 -0.000000 -1.000000 -0.000000 -0.000000 1.000000 0.000000 0.000000 -1.000000 -0.000000 0.000000 1.000000 0.000000 -0.000000 -1.000000 -0.000000 -0.000000 1.000000 0.000000 0.000000 -1.000000 -0.000000 0.000000 1.000000 0.000000 -0.000000 -1.000000 -0.000000 -0.000000 1.000000 0.000000 0.000000 -1.000000 -0.000000 0.000000 1.000000 0.000000 -0.000000 -1.000000 -0.000000 -0.000000 1.000000 0.000000 0.000000 -1.000000 -0.000000 0.000000 1.000000 0.000000 -0.000000 -1.000000 -0.000000 -0.000000 1.000000 0.000000 0.000000 -1.000000 -0.000000 0.000000 1.000000 0.000000 -0.000000 -1.000000 -0.000000 -0.000000 1.000000 0.000000 0.000000 -1.000000 -0.000000 0.000000 1.000000 0.000000 -0.000000 -1.000000 -0.000000 -0.000000 1.000000 0.000000 0.000000 -1.000000 -0.000000 0.000000 1.000000 0.000000 -0.000000 -1.000000 -0.000000 -0.000000 1.000000 0.000000 0.000000 -1.000000 -0.000000 0.000000 1.000000 0.000000 -0.000000 -1.000000 -0.000000 -0.000000 1.000000 0.000000 0.000000 -1.000000 -0.000000 0.000000 1.000000 0.000000 -0.000000 -1.000000 -0.000000 -0.000000 1.000000 0.000000 0.000000 -1.000000 -0.000000 0.000000 1.000000 0.000000 -0.000000 -1.000000 -0.000000 -0.000000 1.000000 0.000000 0.000000 -1.000000 -0.000000 0.000000 1.000000 0.000000 -0.000000 -1.000000 -0.000000 -0.000000 1.000000 0.000000 0.000000 -1.000000 -0.000000 0.000000 1.000000 0.000000 -0.000000 -1.000000 -0.000000 -0.000000 1.000000 0.000000 0.000000 -1.000000 -0.000000 0.000000 1.000000 0.000000 -0.000000 -1.000000 -0.000000 -0.000000 1.000000 0.000000 0.000000 -1.000000 -0.000000 0.000000 1.000000 0.000000 -0.000000 -1.000000 -0.000000 -0.000000 1.000000 0.000000 0.000000 -1.000000 -0.000000 0.000000 1.000000 0.000000 -0.000000 -1.000000 -0.000000 -0.000000 1.000000 0.000000 0.000000 -1.000000 -0.000000 0.000000 1.000000 0.000000 -0.000000 -1.000000 -0.000000 -0.000000 1.000000 0.000000 0.000000 -1.000000 -0.000000 0.000000 1.000000 0.000000 -0.000000 -1.000000 -0.000000 -0.000000 1.000000 0.000000 0.000000 -1.000000 -0.000000 0.000000 1.000000 0.000000 -0.000000 -1.000000 -0.000000 -0.000000 1.000000 0.000000 0.000000 -1.000000 -0.000000 0.000000 1.000000 0.000000 -0.000000 -1.000000 -0.000000 -0.000000 1.000000 0.000000 0.000000 -1.000000 -0.000000 0.000000 1.000000 0.000000 -0.000000 -1.000000 -0.000000 -0.000000 1.000000 0.000000 0.000000 -1.000000 -0.000000 0.000000 1.000000 0.000000 -0.000000 -1.000000 -0.000000 -0.000000 1.000000 0.000000 0.000000 -1.000000 -0.000000 0.000000 1.000000 0.000000 -0.000000 -1.000000 -0.000000 -0.000000 1.000000 0.000000 0.000000 -1.000000 -0.000000 0.000000 1.000000 0.000000 -0.000000 -1.000000 -0.000000 -0.000000 1.000000 0.000000 0.000000 -1.000000 -0.000000 0.000000 1.000000 0.000000 -0.000000 -1.000000 -0.000000 -0.000000 1.000000 0.000000 0.000000 -1.000000 -0.000000 0.000000 1.000000 0.000000 -0.000000 -1.000000 -0.000000 -0.000000 1.000000 0.000000 0.000000 -1.000000 -0.000000 0.000000 1.000000 0.000000 -0.000000 -1.000000 -0.000000 -0.000000 1.000000 0.000000 0.000000 -1.000000 -0.000000 0.000000 1.000000 0.000000 -0.000000 -1.000000 -0.000000 -0.000000 1.000000 0.000000 0.000000 -1.000000 -0.000000 0.000000 1.000000 0.000000 -0.000000 -1.000000 -0.000000 -0.000000 1.000000 0.000000 0.000000 -1.000000 -0.000000 0.000000 1.000000 0.000000 -0.000000 -1.000000 -0.000000 -0.000000 1.000000 0.000000 0.000000 -1.000000 -0.000000 0.000000 1.000000 0.000000 -0.000000 -1.000000 -0.000000 -0.000000 1.000000 0.000000 0.000000 -1.000000 -0.000000 0.000000 1.000000 0.000000 -0.000000 -1.000000 -0.000000 -0.000000 1.000000 0.000000 0.000000 -1.000000 -0.000000 0.000000 1.000000 0.000000 -0.000000 -1.000000 -0.000000 -0.000000 1.000000 0.000000 0.000000 -1.000000 -0.000000 0.000000 1.000000 0.000000 -0.000000 -1.000000 -0.000000 -0.000000 1.000000 0.000000 0.000000 -1.000000 -0.000000 0.000000 1.000000 0.000000 -0.000000 -1.000000 -0.000000 -0.000000 1.000000 0.000000 0.000000 -1.000000 -0.000000 0.000000 1.000000 0.000000 -0.000000 -1.000000 -0.000000 -0.000000 1.000000 0.000000 0.000000 -1.000000 -0.000000 0.000000 1.000000 0.000000 -0.000000 -1.000000 -0.000000 -0.000000 1.000000 0.000000 0.000000 -1.000000 -0.000000 0.000000 1.000000 0.000000 -0.000000 -1.000000 -0.000000 -0.000000 1.000000 0.000000 0.000000 -1.000000 -0.000000 0.000000 1.000000 0.000000 -0.000000 -1.000000 -0.000000 -0.000000 1.000000 0.000000 0.000000 -1.000000 -0.000000 0.000000 1.000000 0.000000 -0.000000 -1.000000 -0.000000 -0.000000 1.000000 0.000000 0.000000 -1.000000 -0.000000 0.000000 1.000000 0.000000 -0.000000 -1.000000 -0.000000 -0.000000 1.000000 0.000000 0.000000 -1.000000 -0.000000 0.000000 1.000000 0.000000 -0.000000 -1.000000 -0.000000 -0.000000 1.000000 0.000000 0.000000 -1.000000 -0.000000 0.000000 1.000000 0.000000 -0.000000 -1.000000 -0.000000 -0.000000 1.000000 0.000000 0.000000 -1.000000 -0.000000 0.000000 1.000000 0.000000 -0.000000 -1.000000 -0.000000 -0.000000 1.000000 0.000000 0.000000 -1.000000 -0.000000 0.000000 1.000000 0.000000 -0.000000 -1.000000 -0.000000 -0.000000 1.000000 0.000000 0.000000 -1.000000 -0.000000 0.000000 1.000000 0.000000 -0.000000 -1.000000 -0.000000 -0.000000 1.000000 0.000000 0.000000 -1.000000 -0.000000 0.000000 1.000000 0.000000 -0.000000 -1.000000 -0.000000 -0.000000 1.000000 0.000000 0.000000 -1.000000 -0.000000 0.000000 1.000000 0.000000 -0.000000 -1.000000 -0.000000 -0.000000 1.000000 0.000000 0.000000 -1.000000 -0.000000 0.000000 1.000000 0.000000 -0.000000 -1.000000 -0.000000 -0.000000 1.000000 0.000000 0.000000 -1.000000 -0.000000 0.000000 1.000000 0.000000 -0.000000 -1.000000 -0.000000 -0.000000 1.000000 0.000000 0.000000 -1.000000 -0.000000 0.000000 1.000000 0.000000 -0.000000 -1.000000 -0.000000 -0.000000 1.000000 0.000000 0.000000 -1.000000 -0.000000 0.000000 1.000000 0.000000 -0.000000 -1.000000 -0.000000 -0.000000 1.000000 0.000000 0.000000 -1.000000 -0.000000 0.000000 1.000000 0.000000 -0.000000 -1.000000 -0.000000 -0.000000 1.000000 0.000000 0.000000 -1.000000 -0.000000 0.000000 1.000000 0.000000 -0.000000 -1.000000 -0.000000 -0.000000 1.000000 0.000000 0.000000 -1.000000 -0.000000 0.000000 1.000000 0.000000 -0.000000 -1.000000 -0.000000 -0.000000 1.000000 0.000000 0.000000 -1.000000 -0.000000 0.000000 1.000000 0.000000 -0.000000 -1.000000 -0.000000 -0.000000 1.000000 0.000000 0.000000 -1.000000 -0.000000 0.000000 1.000000 0.000000 -0.000000 -1.000000 -0.000000 -0.000000 1.000000 0.000000 0.000000 -1.000000 -0.000000 0.000000 1.000000 0.000000 -0.000000 -1.000000 -0.000000 -0.000000 1.000000 0.000000 0.000000 -1.000000 -0.000000 0.000000 1.000000 0.000000 -0.000000 -1.000000 -0.000000 -0.000000 1.000000 0.000000 0.000000 -1.000000 -0.000000 0.000000 1.000000 0.000000 -0.000000 -1.000000 -0.000000 -0.000000 1.000000 0.000000 0.000000 -1.000000 -0.000000 0.000000 1.000000 0.000000 -0.000000 -1.000000 -0.000000 -0.000000 1.000000 0.000000 0.000000 -1.000000 -0.000000 0.000000 1.000000 0.000000 -0.000000 -1.000000 -0.000000 -0.000000 1.000000 0.000000 0.000000 -1.000000 -0.000000 0.000000 1.000000 0.000000 -0.000000 -1.000000 -0.000000 -0.000000 1.000000 0.000000 0.000000 -1.000000 -0.000000 0.000000 1.000000 0.000000 -0.000000 -1.000000 -0.000000 -0.000000 1.000000 0.000000 0.000000 -1.000000 -0.000000 0.000000 1.000000 0.000000 -0.000000 -1.000000 -0.000000 -0.000000 1.000000 0.000000 0.000000 -1.000000 -0.000000 0.000000 1.000000 0.000000 -0.000000 -1.000000 -0.000000 -0.000000 1.000000 0.000000 0.000000 -1.000000 -0.000000 0.000000 1.000000 0.000000 -0.000000 -1.000000 -0.000000 -0.000000 1.000000 0.000000 0.000000 -1.000000 -0.000000 0.000000 1.000000 0.000000 -0.000000 -1.000000 -0.000000 -0.000000 1.000000 0.000000 0.000000 -1.000000 -0.000000 0.000000 1.000000 0.000000 -0.000000 -1.000000 -0.000000 -0.000000 1.000000 0.000000 0.000000 -1.000000 -0.000000 0.000000 1.000000 0.000000 -0.000000 -1.000000 -0.000000 -0.000000 1.000000 0.000000 0.000000 -1.000000 -0.000000 0.000000 1.000000 0.000000 -0.000000 -1.000000 -0.000000 -0.000000 1.000000 0.000000 0.000000 -1.000000 -0.000000 0.000000 1.000000 0.000000 -0.000000 -1.000000 -0.000000 -0.000000 1.000000 0.000000 0.000000 -1.000000 -0.000000 0.000000 1.000000 0.000000 -0.000000 -1.000000 -0.000000 -0.000000 1.000000 0.000000 0.000000 -1.000000 -0.000000 0.000000 1.000000 0.000000 -0.000000 -1.000000 -0.000000 -0.000000 1.000000 0.000000 0.000000 -1.000000 -0.000000 0.000000 1.000000 0.000000 -0.000000 -1.000000 -0.000000 -0.000000 1.000000 0.000000 0.000000 -1.000000 -0.000000 0.000000 1.000000 0.000000 -0.000000 -1.000000 -0.000000 -0.000000 1.000000 0.000000 0.000000 -1.000000 -0.000000 0.000000 1.000000 0.000000 -0.000000 -1.000000 -0.000000 -0.000000 1.000000 0.000000 0.000000 -1.000000 -0.000000 0.000000 1.000000 0.000000 -0.000000 -1.000000 -0.000000 -0.000000 1.000000 0.000000 0.000000 -1.000000 -0.000000 0.000000 1.000000 0.000000 -0.000000 -1.000000 -0.000000 -0.000000 1.000000 0.000000 0.000000 -1.000000 -0.000000 0.000000 1.000000 0.000000 -0.000000 -1.000000 -0.000000 -0.000000 1.000000 0.000000 0.000000 -1.000000 -0.000000 0.000000 1.000000 0.000000 -0.000000 -1.000000 -0.000000 -0.000000 1.000000 0.000000 0.000000 -1.000000 -0.000000 0.000000 1.000000 0.000000 -0.000000 -1.000000 -0.000000 -0.000000 1.000000 0.000000 0.000000 -1.000000 -0.000000 0.000000 1.000000 0.000000 -0.000000 -1.000000 -0.000000 -0.000000 1.000000 0.000000 0.000000 -1.000000 -0.000000 0.000000 1.000000 0.000000 -0.000000 -1.000000 -0.000000 -0.000000 1.000000 0.000000 0.000000 -1.000000 -0.000000 0.000000 1.000000 0.000000 -0.000000 -1.000000 -0.000000 -0.000000 1.000000 0.000000 0.000000 -1.000000 -0.000000 0.000000 1.000000 0.000000 -0.000000 -1.000000 -0.000000 -0.000000 1.000000 0.000000 0.000000 -1.000000 -0.000000 0.000000 1.000000 0.000000 -0.000000 -1.000000 -0.000000 -0.000000 1.000000 0.000000 0.000000 -1.000000 -0.000000 0.000000 1.000000 0.000000 -0.000000 -1.000000 -0.000000 -0.000000 1.000000 0.000000 0.000000 -1.000000 -0.000000 0.000000 1.000000 0.000000 -0.000000 -1.000000 -0.000000 -0.000000 1.000000 0.000000 0.000000 -1.000000 -0.000000 0.000000 1.000000 0.000000 -0.000000 -1.000000 -0.000000 -0.000000 1.000000 0.000000 0.000000 -1.000000 -0.000000 0.000000 1.000000 0.000000 -0.000000 -1.000000 -0.000000 -0.000000 1.000000 0.000000 0.000000 -1.000000 -0.000000 0.000000 1.000000 0.000000 -0.000000 -1.000000 -0.000000 -0.000000 1.000000 0.000000 0.000000 -1.000000 -0.000000 0.000000 1.000000 0.000000 -0.000000 -1.000000 -0.000000 -0.000000 1.000000 0.000000 0.000000 -1.000000 -0.000000 0.000000 1.000000 0.000000 -0.000000 -1.000000 -0.000000 -0.000000 1.000000 0.000000 0.000000 -1.000000 -0.000000 0.000000 1.000000 0.000000 -0.000000 -1.000000 -0.000000 -0.000000 1.000000 0.000000 0.000000 -1.000000 -0.000000 0.000000 1.000000 0.000000 -0.000000 -1.000000 -0.000000 -0.000000 1.000000 0.000000 0.000000 -1.000000 -0.000000 0.000000 1.000000 0.000000 -0.000000 -1.000000 -0.000000 -0.000000 1.000000 0.000000 0.000000 -1.000000 -0.000000 0.000000 1.000000 0.000000 -0.000000 -1.000000 -0.000000 -0.000000 1.000000 0.000000 0.000000 -1.000000 -0.000000 0.000000 1.000000 0.000000 -0.000000 -1.000000 -0.000000 -0.000000 1.000000 0.000000 0.000000 -1.000000 -0.000000 0.000000 1.000000 0.000000 -0.000000 -1.000000 -0.000000 -0.000000 1.000000 0.000000 0.000000 -1.000000 -0.000000 0.000000 1.000000 0.000000 -0.000000 -1.000000 -0.000000 -0.000000 1.000000 0.000000 0.000000 -1.000000 -0.000000 0.000000 1.000000 0.000000 -0.000000 -1.000000 -0.000000 -0.000000 1.000000 0.000000 0.000000 -1.000000 -0.000000 0.000000 1.000000 0.000000 -0.000000 -1.000000 -0.000000 -0.000000 1.000000 0.000000 0.000000 -1.000000 -0.000000 0.000000 1.000000 0.000000 -0.000000 -1.000000 -0.000000 -0.000000 1.000000 0.000000 0.000000 -1.000000 -0.000000 0.000000 1.000000 0.000000 -0.000000 -1.000000 -0.000000 -0.000000 1.000000 0.000000 0.000000 -1.000000 -0.000000 0.000000 1.000000 0.000000 -0.000000 -1.000000 -0.000000 -0.000000 1.000000 0.000000 0.000000 -1.000000 -0.000000 0.000000 1.000000 0.000000 -0.000000 -1.000000 -0.000000 -0.000000 1.000000 0.000000 0.000000 -1.000000 -0.000000 0.000000 1.000000 0.000000 -0.000000 -1.000000 -0.000000 -0.000000 1.000000 0.000000 0.000000 -1.000000 -0.000000 0.000000 1.000000 0.000000 -0.000000 -1.000000 -0.000000 -0.000000 1.000000 0.000000 0.000000 -1.000000 -0.000000 0.000000 1.000000 0.000000 -0.000000 -1.000000 -0.000000 -0.000000 1.000000 0.000000 0.000000 -1.000000 -0.000000 0.000000 1.000000 0.000000 -0.000000 -1.000000 -0.000000 -0.000000 1.000000 0.000000 0.000000 -1.000000 -0.000000 0.000000 1.000000 0.000000 -0.000000 -1.000000 -0.000000 -0.000000 1.000000 0.000000 0.000000 -1.000000 -0.000000 0.000000 1.000000 0.000000 -0.000000 -1.000000 -0.000000 -0.000000 1.000000 0.000000 0.000000 -1.000000 -0.000000 0.000000 1.000000 0.000000 -0.000000 -1.000000 -0.000000 -0.000000 1.000000 0.000000 0.000000 -1.000000 -0.000000 0.000000 1.000000 0.000000 -0.000000 -1.000000 -0.000000 -0.000000 1.000000 0.000000 0.000000 -1.000000 -0.000000 0.000000 1.000000 0.000000 -0.000000 -1.000000 -0.000000 -0.000000 1.000000 0.000000 0.000000 -1.000000 -0.000000 0.000000 1.000000 0.000000 -0.000000 -1.000000 -0.000000 -0.000000 1.000000 0.000000 0.000000 -1.000000 -0.000000 0.000000 1.000000 0.000000 -0.000000 -1.000000 -0.000000 -0.000000 1.000000 0.000000 0.000000 -1.000000 -0.000000 0.000000 1.000000 0.000000 -0.000000 -1.000000 -0.000000 -0.000000 1.000000 0.000000 0.000000 -1.000000 -0.000000 0.000000 1.000000 0.000000 -0.000000 -1.000000 -0.000000 -0.000000 1.000000 0.000000 0.000000 -1.000000 -0.000000 0.000000 1.000000 0.000000 -0.000000 -1.000000 -0.000000 -0.000000 1.000000 0.000000 0.000000 -1.000000 -0.000000 0.000000 1.000000 0.000000 -0.000000 -1.000000 -0.000000 -0.000000 1.000000 0.000000 0.000000 -1.000000 -0.000000 0.000000 1.000000 0.000000 -0.000000 -1.000000 -0.000000 -0.000000 1.000000 0.000000 0.000000 -1.000000 -0.000000 0.000000 1.000000 0.000000 -0.000000 -1.000000 -0.000000 -0.000000 1.000000 0.000000 0.000000 -1.000000 -0.000000 0.000000 1.000000 0.000000 -0.000000 -1.000000 -0.000000 -0.000000 1.000000 0.000000 0.000000 -1.000000 -0.000000 0.000000 1.000000 0.000000 -0.000000 -1.000000 -0.000000 -0.000000 1.000000 0.000000 0.000000 -1.000000 -0.000000 0.000000 1.000000 0.000000 -0.000000 -1.000000 -0.000000 -0.000000 1.000000 0.000000 0.000000 -1.000000 -0.000000 0.000000 1.000000 0.000000 -0.000000 -1.000000 -0.000000 -0.000000 1.000000 0.000000 0.000000 -1.000000 -0.000000 0.000000 1.000000 0.000000 -0.000000 -1.000000 -0.000000 -0.000000 1.000000 0.000000 0.000000 -1.000000 -0.000000 0.000000 1.000000 0.000000 -0.000000 -1.000000 -0.000000 -0.000000 1.000000 0.000000 0.000000 -1.000000 -0.000000 0.000000 1.000000 0.000000 -0.000000 -1.000000 -0.000000 -0.000000 1.000000 0.000000 0.000000 -1.000000 -0.000000 0.000000 1.000000 0.000000 -0.000000 -1.000000 -0.000000 -0.000000 1.000000 0.000000 0.000000 -1.000000 -0.000000 0.000000 1.000000 0.000000 -0.000000 -1.000000 -0.000000 -0.000000 1.000000 0.000000 0.000000 -1.000000 -0.000000 0.000000 1.000000 0.000000 -0.000000 -1.000000 -0.000000 -0.000000 1.000000 0.000000 0.000000 -1.000000 -0.000000 0.000000 1.000000 0.000000 -0.000000 -1.000000 -0.000000 -0.000000 1.000000 0.000000 0.000000 -1.000000 -0.000000 0.000000 1.000000 0.000000 -0.000000 -1.000000 -0.000000 -0.000000 1.000000 0.000000 0.000000 -1.000000 -0.000000 0.000000 1.000000 0.000000 -0.000000 -1.000000 -0.000000 -0.000000 1.000000 0.000000 0.000000 -1.000000 -0.000000 0.000000 1.000000 0.000000 -0.000000 -1.000000 -0.000000 -0.000000 1.000000 0.000000 0.000000 -1.000000 -0.000000 0.000000 1.000000 0.000000 -0.000000 -1.000000 -0.000000 -0.000000 1.000000 0.000000 0.000000 -1.000000 -0.000000 0.000000 1.000000 0.000000 -0.000000 -1.000000 -0.000000 -0.000000 1.000000 0.000000 0.000000 -1.000000 -0.000000 0.000000 1.000000 0.000000 -0.000000 -1.000000 -0.000000 -0.000000 1.000000 0.000000 0.000000 -1.000000 -0.000000 0.000000 1.000000 0.000000 -0.000000 -1.000000 -0.000000 -0.000000 1.000000 0.000000 0.000000 -1.000000 -0.000000 0.000000 1.000000 0.000000 -0.000000 -1.000000 -0.000000 -0.000000 1.000000 0.000000 0.000000 -1.000000 -0.000000 0.000000 1.000000 0.000000 -0.000000 -1.000000 -0.000000 -0.000000 1.000000 0.000000 0.000000 -1.000000 -0.000000 0.000000 1.000000 0.000000 -0.000000 -1.000000 -0.000000 -0.000000 1.000000 0.000000 0.000000 -1.000000 -0.000000 0.000000 1.000000 0.000000 -0.000000 -1.000000 -0.000000 -0.000000 1.000000 0.000000 0.000000 -1.000000 -0.000000 0.000000 1.000000 0.000000 -0.000000 -1.000000 -0.000000 -0.000000 1.000000 0.000000 0.000000 -1.000000 -0.000000 0.000000 1.000000 0.000000 -0.000000 -1.000000 -0.000000 -0.000000 1.000000 0.000000 0.000000 -1.000000 -0.000000 0.000000 1.000000 0.000000 -0.000000 -1.000000 -0.000000 -0.000000 1.000000 0.000000 0.000000 -1.000000 -0.000000 0.000000 1.000000 0.000000 -0.000000 -1.000000 -0.000000 -0.000000 1.000000 0.000000 0.000000 -1.000000 -0.000000 0.000000 1.000000 0.000000 -0.000000 -1.000000 -0.000000 -0.000000 1.000000 0.000000 0.000000 -1.000000 -0.000000 0.000000 1.000000 0.000000 -0.000000 -1.000000 -0.000000 -0.000000 1.000000 0.000000 0.000000 -1.000000 -0.000000 0.000000 1.000000 0.000000 -0.000000 -1.000000 -0.000000 -0.000000 1.000000 0.000000 0.000000 -1.000000 -0.000000 0.000000 1.000000 0.000000 -0.000000 -1.000000 -0.000000 -0.000000 1.000000 0.000000 0.000000 -1.000000 -0.000000 0.000000 1.000000 0.000000 -0.000000 -1.000000 -0.000000 -0.000000 1.000000 0.000000 0.000000 -1.000000 -0.000000 0.000000 1.000000 0.000000 -0.000000 -1.000000 -0.000000 -0.000000 1.000000 0.000000 0.000000 -1.000000 -0.000000 0.000000 1.000000 0.000000 -0.000000 -1.000000 -0.000000 -0.000000 1.000000 0.000000 0.000000 -1.000000 -0.000000 0.000000 1.000000 0.000000 -0.000000 -1.000000 -0.000000 -0.000000 1.000000 0.000000 0.000000 -1.000000 -0.000000 0.000000 1.000000 0.000000 -0.000000 -1.000000 -0.000000 -0.000000 1.000000 0.000000 0.000000 -1.000000 -0.000000 0.000000 1.000000 0.000000 -0.000000 -1.000000 -0.000000 -0.000000 1.000000 0.000000 0.000000 -1.000000 -0.000000 0.000000 1.000000 0.000000 -0.000000 -1.000000 -0.000000 -0.000000 1.000000 0.000000 0.000000 -1.000000 -0.000000 0.000000 1.000000 0.000000 -0.000000 -1.000000 -0.000000 -0.000000 1.000000 0.000000 0.000000 -1.000000 -0.000000 0.000000 1.000000 0.000000 -0.000000 -1.000000 -0.000000 -0.000000 1.000000 0.000000 0.000000 -1.000000 -0.000000 0.000000 1.000000 0.000000 -0.000000 -1.000000 -0.000000 -0.000000 1.000000 0.000000 0.000000 -1.000000 -0.000000 0.000000 1.000000 0.000000 -0.000000 -1.000000 -0.000000 -0.000000 1.000000 0.000000 0.000000 -1.000000 -0.000000 0.000000 1.000000 0.000000 -0.000000 -1.000000 -0.000000 -0.000000 1.000000 0.000000 0.000000 -1.000000 -0.000000 0.000000 1.000000 0.000000 -0.000000 -1.000000 -0.000000 -0.000000 1.000000 0.000000 0.000000 -1.000000 -0.000000 0.000000 1.000000 0.000000 -0.000000 -1.000000 -0.000000 -0.000000 1.000000 0.000000 0.000000 -1.000000 -0.000000 0.000000 1.000000 0.000000 -0.000000 -1.000000 -0.000000 -0.000000 1.000000 0.000000 0.000000 -1.000000 -0.000000 0.000000 1.000000 0.000000 -0.000000 -1.000000 -0.000000 -0.000000 1.000000 0.000000 0.000000 -1.000000 -0.000000 0.000000 1.000000 0.000000 -0.000000 -1.000000 -0.000000 -0.000000 1.000000 0.000000 0.000000 -1.000000 -0.000000 0.000000 1.000000 0.000000 -0.000000 -1.000000 -0.000000 -0.000000 1.000000 0.000000 0.000000 -1.000000 -0.000000 0.000000 1.000000 0.000000 -0.000000 -1.000000 -0.000000 -0.000000 1.000000 0.000000 0.000000 -1.000000 -0.000000 0.000000 1.000000 0.000000 -0.000000 -1.000000 -0.000000 -0.000000 1.000000 0.000000 0.000000 -1.000000 -0.000000 0.000000 1.000000 0.000000 -0.000000 -1.000000 -0.000000 -0.000000 1.000000 0.000000 0.000000 -1.000000 -0.000000 0.000000 1.000000 0.000000 -0.000000 -1.000000 -0.000000 -0.000000 1.000000 0.000000 0.000000 -1.000000 -0.000000 0.000000 1.000000 0.000000 -0.000000 -1.000000 -0.000000 -0.000000 1.000000 0.000000 0.000000 -1.000000 -0.000000 0.000000 1.000000 0.000000 -0.000000 -1.000000 -0.000000 -0.000000 1.000000 0.000000 0.000000 -1.000000 -0.000000 0.000000 1.000000 0.000000 -0.000000 -1.000000 -0.000000 -0.000000 1.000000 0.000000 0.000000 -1.000000 -0.000000 0.000000 1.000000 0.000000 -0.000000 -1.000000 -0.000000 -0.000000 1.000000 0.000000 0.000000 -1.000000 -0.000000 0.000000 1.000000 0.000000 -0.000000 -1.000000 -0.000000 -0.000000 1.000000 0.000000 0.000000 -1.000000 -0.000000 0.000000 1.000000 0.000000 -0.000000 -1.000000 -0.000000 -0.000000 1.000000 0.000000 0.000000 -1.000000 -0.000000 0.000000 1.000000 0.000000 -0.000000 -1.000000 -0.000000 -0.000000 1.000000 0.000000 0.000000 -1.000000 -0.000000 0.000000 1.000000 0.000000 -0.000000 -1.000000 -0.000000 -0.000000 1.000000 0.000000 0.000000 -1.000000 -0.000000 0.000000 1.000000 0.000000 -0.000000 -1.000000 -0.000000 -0.000000 1.000000 0.000000 0.000000 -1.000000 -0.000000 0.000000 1.000000 0.000000 -0.000000 -1.000000 -0.000000 -0.000000 1.000000 0.000000 0.000000 -1.000000 -0.000000 0.000000 1.000000 0.000000 -0.000000 -1.000000 -0.000000 -0.000000 1.000000 0.000000 0.000000 -1.000000 -0.000000 0.000000 1.000000 0.000000 -0.000000 -1.000000 -0.000000 -0.000000 1.000000 0.000000 0.000000 -1.000000 -0.000000 0.000000 1.000000 0.000000 -0.000000 -1.000000 -0.000000 -0.000000 1.000000 0.000000 0.000000 -1.000000 -0.000000 0.000000 1.000000 0.000000 -0.000000 -1.000000 -0.000000 -0.000000 1.000000 0.000000 0.000000 -1.000000 -0.000000 0.000000 1.000000 0.000000 -0.000000 -1.000000 -0.000000 -0.000000 1.000000 0.000000 0.000000 -1.000000 -0.000000 0.000000 1.000000 0.000000 -0.000000 -1.000000 -0.000000 -0.000000 1.000000 0.000000 0.000000 -1.000000 -0.000000 0.000000 1.000000 0.000000 -0.000000 -1.000000 -0.000000 -0.000000 1.000000 0.000000 0.000000 -1.000000 -0.000000 0.000000 1.000000 0.000000 -0.000000 -1.000000 -0.000000 -0.000000 1.000000 0.000000 0.000000 -1.000000 -0.000000 0.000000 1.000000 0.000000 -0.000000 -1.000000 -0.000000 -0.000000 1.000000 0.000000 0.000000 -1.000000 -0.000000 0.000000 1.000000 0.000000 -0.000000 -1.000000 -0.000000 -0.000000 1.000000 0.000000 0.000000 -1.000000 -0.000000 0.000000 1.000000 0.000000 -0.000000 -1.000000 -0.000000 -0.000000 1.000000 0.000000 0.000000 -1.000000 -0.000000 0.000000 1.000000 0.000000 -0.000000 -1.000000 -0.000000 -0.000000 1.000000 0.000000 0.000000 -1.000000 -0.000000 0.000000 1.000000 0.000000 -0.000000 -1.000000 -0.000000 -0.000000 1.000000 0.000000 0.000000 -1.000000 -0.000000 0.000000 1.000000 0.000000 -0.000000 -1.000000 -0.000000 -0.000000 1.000000 0.000000 0.000000 -1.000000 -0.000000 0.000000 1.000000 0.000000 -0.000000 -1.000000 -0.000000 -0.000000 1.000000 0.000000 0.000000 -1.000000 -0.000000 0.000000 1.000000 0.000000 -0.000000 -1.000000 -0.000000 -0.000000 1.000000 0.000000 0.000000 -1.000000 -0.000000 0.000000 1.000000 0.000000 -0.000000 -1.000000 -0.000000 -0.000000 1.000000 0.000000 0.000000 -1.000000 -0.000000 0.000000 1.000000 0.000000 -0.000000 -1.000000 -0.000000 -0.000000 1.000000 0.000000 0.000000 -1.000000 -0.000000 0.000000 1.000000 0.000000 -0.000000 -1.000000 -0.000000 -0.000000 1.000000 0.000000 0.000000 -1.000000 -0.000000 0.000000 1.000000 0.000000 -0.000000 -1.000000 -0.000000 -0.000000 1.000000 0.000000 0.000000 -1.000000 -0.000000 0.000000 1.000000 0.000000 -0.000000 -1.000000 -0.000000 -0.000000 1.000000 0.000000 0.000000 -1.000000 -0.000000 0.000000 1.000000 0.000000 -0.000000 -1.000000 -0.000000 -0.000000 1.000000 0.000000 0.000000 -1.000000 -0.000000 0.000000 1.000000 0.000000 -0.000000 -1.000000 -0.000000 -0.000000 1.000000 0.000000 0.000000 -1.000000 -0.000000 0.000000 1.000000 0.000000 -0.000000 -1.000000 -0.000000 -0.000000 1.000000 0.000000 0.000000 -1.000000 -0.000000 0.000000 1.000000 0.000000 -0.000000 -1.000000 -0.000000 -0.000000 1.000000 0.000000 0.000000 -1.000000 -0.000000 0.000000 1.000000 0.000000 -0.000000 -1.000000 -0.000000 -0.000000 1.000000 0.000000 0.000000 -1.000000 -0.000000 0.000000 1.000000 0.000000 -0.000000 -1.000000 -0.000000 -0.000000 1.000000 0.000000 0.000000 -1.000000 -0.000000 0.000000 1.000000 0.000000 -0.000000 -1.000000 -0.000000 -0.000000 1.000000 0.000000 0.000000 -1.000000 -0.000000 0.000000 1.000000 0.000000 -0.000000 -1.000000 -0.000000 -0.000000 1.000000 0.000000 0.000000 -1.000000 -0.000000 0.000000 1.000000 0.000000 -0.000000 -1.000000 -0.000000 -0.000000 1.000000 0.000000 0.000000 -1.000000 -0.000000 0.000000 1.000000 0.000000 -0.000000 -1.000000 -0.000000 -0.000000 1.000000 0.000000 0.000000 -1.000000 -0.000000 0.000000 1.000000 0.000000 -0.000000 -1.000000 -0.000000 -0.000000 1.000000 0.000000 0.000000 -1.000000 -0.000000 0.000000 1.000000 0.000000 -0.000000 -1.000000 -0.000000 -0.000000 1.000000 0.000000 0.000000 -1.000000 -0.000000 0.000000 1.000000 0.000000 -0.000000 -1.000000 -0.000000 -0.000000 1.000000 0.000000 0.000000 -1.000000 -0.000000 0.000000 1.000000 0.000000 -0.000000 -1.000000 -0.000000 -0.000000 1.000000 0.000000 0.000000 -1.000000 -0.000000 0.000000 1.000000 0.000000 -0.000000 -1.000000 -0.000000 -0.000000 1.000000 0.000000 0.000000 -1.000000 -0.000000 0.000000 1.000000 0.000000 -0.000000 -1.000000 -0.000000 -0.000000 1.000000 0.000000 0.000000 -1.000000 -0.000000 0.000000 1.000000 0.000000 -0.000000 -1.000000 -0.000000 -0.000000 1.000000 0.000000 0.000000 -1.000000 -0.000000 0.000000 1.000000 0.000000 -0.000000 -1.000000 -0.000000 -0.000000 1.000000 0.000000 0.000000 -1.000000 -0.000000 0.000000 1.000000 0.000000 -0.000000 -1.000000 -0.000000 -0.000000 1.000000 0.000000 0.000000 -1.000000 -0.000000 0.000000 1.000000 0.000000 -0.000000 -1.000000 -0.000000 -0.000000 1.000000 0.000000 0.000000 -1.000000 -0.000000 0.000000 1.000000 0.000000 -0.000000 -1.000000 -0.000000 -0.000000 1.000000 0.000000 0.000000 -1.000000 -0.000000 0.000000 1.000000 0.000000 -0.000000 -1.000000 -0.000000 -0.000000 1.000000 0.000000 0.000000 -1.000000 -0.000000 0.000000 1.000000 0.000000 -0.000000 -1.000000 -0.000000 -0.000000 1.000000 0.000000 0.000000 -1.000000 -0.000000 0.000000 1.000000 0.000000 -0.000000 -1.000000 -0.000000 -0.000000 1.000000 0.000000 0.000000 -1.000000 -0.000000 0.000000 1.000000 0.000000 -0.000000 -1.000000 -0.000000 -0.000000 1.000000 0.000000 0.000000 -1.000000 -0.000000 0.000000 1.000000 0.000000 -0.000000 -1.000000 -0.000000 -0.000000 1.000000 0.000000 0.000000 -1.000000 -0.000000 0.000000 1.000000 0.000000 -0.000000 -1.000000 -0.000000 -0.000000 1.000000 0.000000 0.000000 -1.000000 -0.000000 0.000000 1.000000 0.000000 -0.000000 -1.000000 -0.000000 -0.000000 1.000000 0.000000 0.000000 -1.000000 -0.000000 0.000000 1.000000 0.000000 -0.000000 -1.000000 -0.000000 -0.000000 1.000000 0.000000 0.000000 -1.000000 -0.000000 0.000000 1.000000 0.000000 -0.000000 -1.000000 -0.000000 -0.000000 1.000000 0.000000 0.000000 -1.000000 -0.000000 0.000000 1.000000 0.000000 -0.000000 -1.000000 -0.000000 -0.000000 1.000000 0.000000 0.000000 -1.000000 -0.000000 0.000000 1.000000 0.000000 -0.000000 -1.000000 -0.000000 -0.000000 1.000000 0.000000 0.000000 -1.000000 -0.000000 0.000000 1.000000 0.000000 -0.000000 -1.000000 -0.000000 -0.000000 1.000000 0.000000 0.000000 -1.000000 -0.000000 0.000000 1.000000 0.000000 -0.000000 -1.000000 -0.000000 -0.000000 1.000000 0.000000 0.000000 -1.000000 -0.000000 0.000000 1.000000 0.000000 -0.000000 -1.000000 -0.000000 -0.000000 1.000000 0.000000 0.000000 -1.000000 -0.000000 0.000000 1.000000 0.000000 -0.000000 -1.000000 -0.000000 -0.000000 1.000000 0.000000 0.000000 -1.000000 -0.000000 0.000000 1.000000 0.000000 -0.000000 -1.000000 -0.000000 -0.000000 1.000000 0.000000 0.000000 -1.000000 -0.000000 0.000000 1.000000 0.000000 -0.000000 -1.000000 -0.000000 -0.000000 1.000000 0.000000 0.000000 -1.000000 -0.000000 0.000000 1.000000 0.000000 -0.000000 -1.000000 -0.000000 -0.000000 1.000000 0.000000 0.000000 -1.000000 -0.000000 0.000000 1.000000 0.000000 -0.000000 -1.000000 -0.000000 -0.000000 1.000000 0.000000 0.000000 -1.000000 -0.000000 0.000000 1.000000 0.000000 -0.000000 -1.000000 -0.000000 -0.000000 1.000000 0.000000 0.000000 -1.000000 -0.000000 0.000000 1.000000 0.000000 -0.000000 -1.000000 -0.000000 -0.000000 1.000000 0.000000 0.000000 -1.000000 -0.000000 0.000000 1.000000 0.000000 -0.000000 -1.000000 -0.000000 -0.000000 1.000000 0.000000 0.000000 -1.000000 -0.000000 0.000000 1.000000 0.000000 -0.000000 -1.000000 -0.000000 -0.000000 1.000000 0.000000 0.000000 -1.000000 -0.000000 0.000000 1.000000 0.000000 -0.000000 -1.000000 -0.000000 -0.000000 1.000000 0.000000 0.000000 -1.000000 -0.000000 0.000000 1.000000 0.000000 -0.000000 -1.000000 -0.000000 -0.000000 1.000000 0.000000 0.000000 -1.000000 -0.000000 0.000000 1.000000 0.000000 -0.000000 -1.000000 -0.000000 -0.000000 1.000000 0.000000 0.000000 -1.000000 -0.000000 0.000000 1.000000 0.000000 -0.000000 -1.000000 -0.000000 -0.000000 1.000000 0.000000 0.000000 -1.000000 -0.000000 0.000000 1.000000 0.000000 -0.000000 -1.000000 -0.000000 -0.000000 1.000000 0.000000 0.000000 -1.000000 -0.000000 0.000000 1.000000 0.000000 -0.000000 -1.000000 -0.000000 -0.000000 1.000000 0.000000 0.000000 -1.000000 -0.000000 0.000000 1.000000 0.000000 -0.000000 -1.000000 -0.000000 -0.000000 1.000000 0.000000 0.000000 -1.000000 -0.000000 0.000000 1.000000 0.000000 -0.000000 -1.000000 -0.000000 -0.000000 1.000000 0.000000 0.000000 -1.000000 -0.000000 0.000000 1.000000 0.000000 -0.000000 -1.000000 -0.000000 -0.000000 1.000000 0.000000 0.000000 -1.000000 -0.000000 0.000000 1.000000 0.000000 -0.000000 -1.000000 -0.000000 -0.000000 1.000000 0.000000 0.000000 -1.000000 -0.000000 0.000000 1.000000 0.000000 -0.000000 -1.000000 -0.000000 -0.000000 1.000000 0.000000 0.000000 -1.000000 -0.000000 0.000000 1.000000 0.000000 -0.000000 -1.000000 -0.000000 -0.000000 1.000000 0.000000 0.000000 -1.000000 -0.000000 0.000000 1.000000 0.000000 -0.000000 -1.000000 -0.000000 -0.000000 1.000000 0.000000 0.000000 -1.000000 -0.000000 0.000000 1.000000 0.000000 -0.000000 -1.000000 -0.000000 -0.000000 1.000000 0.000000 0.000000 -1.000000 -0.000000 0.000000 1.000000 0.000000 -0.000000 -1.000000 -0.000000 -0.000000 1.000000 0.000000 0.000000 -1.000000 -0.000000 0.000000 1.000000 0.000000 -0.000000 -1.000000 -0.000000 -0.000000 1.000000 0.000000 0.000000 -1.000000 -0.000000 0.000000 1.000000 0.000000 -0.000000 -1.000000 -0.000000 -0.000000 1.000000 0.000000 0.000000 -1.000000 -0.000000 0.000000 1.000000 0.000000 -0.000000 -1.000000 -0.000000 -0.000000 1.000000 0.000000 0.000000 -1.000000 -0.000000 0.000000 1.000000 0.000000 -0.000000 -1.000000 -0.000000 -0.000000 1.000000 0.000000 0.000000 -1.000000 -0.000000 0.000000 1.000000 0.000000 -0.000000 -1.000000 -0.000000 -0.000000 1.000000 0.000000 0.000000 -1.000000 -0.000000 0.000000 1.000000 0.000000 -0.000000 -1.000000 -0.000000 -0.000000 1.000000 0.000000 0.000000 -1.000000 -0.000000 0.000000 1.000000 0.000000 -0.000000 -1.000000 -0.000000 -0.000000 1.000000 0.000000 0.000000 -1.000000 -0.000000 0.000000 1.000000 0.000000 -0.000000 -1.000000 -0.000000 -0.000000 1.000000 0.000000 0.000000 -1.000000 -0.000000 0.000000 1.000000 0.000000 -0.000000 -1.000000 -0.000000 -0.000000 1.000000 0.000000 0.000000 -1.000000 -0.000000 0.000000 1.000000 0.000000 -0.000000 -1.000000 -0.000000 -0.000000 1.000000 0.000000 0.000000 -1.000000 -0.000000 0.000000 1.000000 0.000000 -0.000000 -1.000000 -0.000000 -0.000000 1.000000 0.000000 0.000000 -1.000000 -0.000000 0.000000 1.000000 0.000000 -0.000000 -1.000000 -0.000000 -0.000000 1.000000 0.000000 0.000000 -1.000000 -0.000000 0.000000 1.000000 0.000000 -0.000000 -1.000000 -0.000000 -0.000000 1.000000 0.000000 0.000000 -1.000000 -0.000000 0.000000 1.000000 0.000000 -0.000000 -1.000000 -0.000000 -0.000000 1.000000 0.000000 0.000000 -1.000000 -0.000000 0.000000 1.000000 0.000000 -0.000000 -1.000000 -0.000000 -0.000000 1.000000 0.000000 0.000000 -1.000000 -0.000000 0.000000 1.000000 0.000000 -0.000000 -1.000000 -0.000000 -0.000000 1.000000 0.000000 0.000000 -1.000000 -0.000000 0.000000 1.000000 0.000000 -0.000000 -1.000000 -0.000000 -0.000000 1.000000 0.000000 0.000000 -1.000000 -0.000000 0.000000 1.000000 0.000000 -0.000000 -1.000000 -0.000000 -0.000000 1.000000 0.000000 0.000000 -1.000000 -0.000000 0.000000 1.000000 0.000000 -0.000000 -1.000000 -0.000000 -0.000000 1.000000 0.000000 0.000000 -1.000000 -0.000000 0.000000 1.000000 0.000000 -0.000000 -1.000000 -0.000000 -0.000000 1.000000 0.000000 0.000000 -1.000000 -0.000000 0.000000 1.000000 0.000000 -0.000000 -1.000000 -0.000000 -0.000000 1.000000 0.000000 0.000000 -1.000000 -0.000000 0.000000 1.000000 0.000000 -0.000000 -1.000000 -0.000000 -0.000000 1.000000 0.000000 0.000000 -1.000000 -0.000000 0.000000 1.000000 0.000000 -0.000000 -1.000000 -0.000000 -0.000000 1.000000 0.000000 0.000000 -1.000000 -0.000000 0.000000 1.000000 0.000000 -0.000000 -1.000000 -0.000000 -0.000000 1.000000 0.000000 0.000000 -1.000000 -0.000000 0.000000 1.000000 0.000000 -0.000000 -1.000000 -0.000000 -0.000000 1.000000 0.000000 0.000000 -1.000000 -0.000000 0.000000 1.000000 0.000000 -0.000000 -1.000000 -0.000000 -0.000000 1.000000 0.000000 0.000000 -1.000000 -0.000000 0.000000 1.000000 0.000000 -0.000000 -1.000000 -0.000000 -0.000000 1.000000 0.000000 0.000000 -1.000000 -0.000000 0.000000 1.000000 0.000000 -0.000000 -1.000000 -0.000000 -0.000000 1.000000 0.000000 0.000000 -1.000000 -0.000000 0.000000 1.000000 0.000000 -0.000000 -1.000000 -0.000000 -0.000000 1.000000 0.000000 0.000000 -1.000000 -0.000000 0.000000 1.000000 0.000000 -0.000000 -1.000000 -0.000000 -0.000000 1.000000 0.000000 0.000000 -1.000000 -0.000000 0.000000 1.000000 0.000000 -0.000000 -1.000000 -0.000000 -0.000000 1.000000 0.000000 0.000000 -1.000000 -0.000000 0.000000 1.000000 0.000000 -0.000000 -1.000000 -0.000000 -0.000000 1.000000 0.000000 0.000000 -1.000000 -0.000000 0.000000 1.000000 0.000000 -0.000000 -1.000000 -0.000000 -0.000000 1.000000 0.000000 0.000000 -1.000000 -0.000000 0.000000 1.000000 0.000000 -0.000000 -1.000000 -0.000000 -0.000000 1.000000 0.000000 0.000000 -1.000000 -0.000000 0.000000 1.000000 0.000000 -0.000000 -1.000000 -0.000000 -0.000000 1.000000 0.000000 0.000000 -1.000000 -0.000000 0.000000 1.000000 0.000000 -0.000000 -1.000000 -0.000000 -0.000000 1.000000 0.000000 0.000000 -1.000000 -0.000000 0.000000 1.000000 0.000000 -0.000000 -1.000000 -0.000000 -0.000000 1.000000 0.000000 0.000000 -1.000000 -0.000000 0.000000 1.000000 0.000000 -0.000000 -1.000000 -0.000000 -0.000000 1.000000 0.000000 0.000000 -1.000000 -0.000000 0.000000 1.000000 0.000000 -0.000000 -1.000000 -0.000000 -0.000000 1.000000 0.000000 0.000000 -1.000000 -0.000000 0.000000 1.000000 0.000000 -0.000000 -1.000000 -0.000000 -0.000000 1.000000 0.000000 0.000000 -1.000000 -0.000000 0.000000 1.000000 0.000000 -0.000000 -1.000000 -0.000000 -0.000000 1.000000 0.000000 0.000000 -1.000000 -0.000000 0.000000 1.000000 0.000000 -0.000000 -1.000000 -0.000000 -0.000000 1.000000 0.000000 0.000000 -1.000000 -0.000000 0.000000 1.000000 0.000000 -0.000000 -1.000000 -0.000000 -0.000000 1.000000 0.000000 0.000000 -1.000000 -0.000000 0.000000 1.000000 0.000000 -0.000000 -1.000000 -0.000000 -0.000000 1.000000 0.000000 0.000000 -1.000000 -0.000000 0.000000 1.000000 0.000000 -0.000000 -1.000000 -0.000000 -0.000000 1.000000 0.000000 0.000000 -1.000000 -0.000000 0.000000 1.000000 0.000000 -0.000000 -1.000000 -0.000000 -0.000000 1.000000 0.000000 0.000000 -1.000000 -0.000000 0.000000 1.000000 0.000000 -0.000000 -1.000000 -0.000000 -0.000000 1.000000 0.000000 0.000000 -1.000000 -0.000000 0.000000 1.000000 0.000000 -0.000000 -1.000000 -0.000000 -0.000000 1.000000 0.000000 0.000000 -1.000000 -0.000000 0.000000 1.000000 0.000000 -0.000000 -1.000000 -0.000000 -0.000000 1.000000 0.000000 0.000000 -1.000000 -0.000000 0.000000 1.000000 0.000000 -0.000000 -1.000000 -0.000000 -0.000000 1.000000 0.000000 0.000000 -1.000000 -0.000000 0.000000 1.000000 0.000000 -0.000000 -1.000000 -0.000000 -0.000000 1.000000 0.000000 0.000000 -1.000000 -0.000000 0.000000 1.000000 0.000000 -0.000000 -1.000000 -0.000000 -0.000000 1.000000 0.000000 0.000000 -1.000000 -0.000000 0.000000 1.000000 0.000000 -0.000000 -1.000000 -0.000000 0.000000 1.000000 0.000000 -0.000000 -1.000000 -0.000000 0.000000 1.000000 0.000000 -0.000000 -1.000000 -0.000000 0.000000 1.000000 0.000000 -0.000000 -1.000000 -0.000000 0.000000 1.000000 0.000000 -0.000000 -1.000000 -0.000000 0.000000 1.000000 0.000000 -0.000000 -1.000000 -0.000000 0.000000 1.000000 0.000000 -0.000000 -1.000000 -0.000000 0.000000 1.000000 0.000000 -0.000000 -1.000000 -0.000000 0.000000 1.000000 0.000000 -0.000000 -1.000000 -0.000000 0.000000 1.000000 0.000000 -0.000000 -1.000000 -0.000000 0.000000 1.000000 0.000000 -0.000000 -1.000000 -0.000000 0.000000 1.000000 0.000000 -0.000000 -1.000000 -0.000000 0.000000 1.000000 0.000000 -0.000000 -1.000000 -0.000000 0.000000 1.000000 0.000000 -0.000000 -1.000000 -0.000000 0.000000 1.000000 0.000000 -0.000000 -1.000000 -0.000000 0.000000 1.000000 0.000000 -0.000000 -1.000000 -0.000000 0.000000 1.000000 0.000000 -0.000000 -1.000000 -0.000000 0.000000 1.000000 0.000000 -0.000000 -1.000000 -0.000000 0.000000 1.000000 0.000000 -0.000000 -1.000000 -0.000000 0.000000 1.000000 0.000000 -0.000000 -1.000000 -0.000000 0.000000 1.000000 0.000000 -0.000000 -1.000000 -0.000000 0.000000 1.000000 0.000000 -0.000000 -1.000000 -0.000000 0.000000 1.000000 0.000000 -0.000000 -1.000000 -0.000000 0.000000 1.000000 0.000000 -0.000000 -1.000000 -0.000000 0.000000 1.000000 0.000000 -0.000000 -1.000000 -0.000000 0.000000 1.000000 0.000000 -0.000000 -1.000000 -0.000000 0.000000 1.000000 0.000000 -0.000000 -1.000000 -0.000000 0.000000 1.000000 0.000000 -0.000000 -1.000000 -0.000000 0.000000 1.000000 0.000000 -0.000000 -1.000000 -0.000000 0.000000 1.000000 0.000000 -0.000000 -1.000000 -0.000000 0.000000 1.000000 0.000000 -0.000000 -1.000000 -0.000000 0.000000 1.000000 0.000000 -0.000000 -1.000000 -0.000000 0.000000 1.000000 0.000000 -0.000000 -1.000000 -0.000000 0.000000 1.000000 0.000000 -0.000000 -1.000000 -0.000000 0.000000 1.000000 0.000000 -0.000000 -1.000000 -0.000000 0.000000 1.000000 0.000000 -0.000000 -1.000000 -0.000000 0.000000 1.000000 0.000000 -0.000000 -1.000000 -0.000000 0.000000 1.000000 0.000000 -0.000000 -1.000000 -0.000000 0.000000 1.000000 0.000000 -0.000000 -1.000000 -0.000000 0.000000 1.000000 0.000000 -0.000000 -1.000000 -0.000000 0.000000 1.000000 0.000000 -0.000000 -1.000000 -0.000000 0.000000 1.000000 0.000000 -0.000000 -1.000000 -0.000000 0.000000 1.000000 0.000000 -0.000000 -1.000000 -0.000000 0.000000 1.000000 0.000000 -0.000000 -1.000000 -0.000000 0.000000 1.000000 0.000000 -0.000000 -1.000000 -0.000000 0.000000 1.000000 0.000000 -0.000000 -1.000000 -0.000000 0.000000 1.000000 0.000000 -0.000000 -1.000000 -0.000000 0.000000 1.000000 0.000000 -0.000000 -1.000000 -0.000000 0.000000 1.000000 0.000000 -0.000000 -1.000000 -0.000000 0.000000 1.000000 0.000000 -0.000000 -1.000000 -0.000000 0.000000 1.000000 0.000000 -0.000000 -1.000000 -0.000000 0.000000 1.000000 0.000000 -0.000000 -1.000000 -0.000000 0.000000 1.000000 0.000000 -0.000000 -1.000000 -0.000000 0.000000 1.000000 0.000000 -0.000000 -1.000000 -0.000000 0.000000 1.000000 0.000000 -0.000000 -1.000000 -0.000000 0.000000 1.000000 0.000000 -0.000000 -1.000000 -0.000000 0.000000 1.000000 0.000000 -0.000000 -1.000000 -0.000000 0.000000 1.000000 0.000000 -0.000000 -1.000000 -0.000000 0.000000 1.000000 0.000000 -0.000000 -1.000000 -0.000000 0.000000 1.000000 0.000000 -0.000000 -1.000000 -0.000000 0.000000 1.000000 0.000000 -0.000000 -1.000000 -0.000000 0.000000 1.000000 0.000000 -0.000000 -1.000000 -0.000000 0.000000 1.000000 0.000000 -0.000000 -1.000000 -0.000000 0.000000 1.000000 0.000000 -0.000000 -1.000000 -0.000000 0.000000 1.000000 0.000000 -0.000000 -1.000000 -0.000000 0.000000 1.000000 0.000000 -0.000000 -1.000000 -0.000000 0.000000 1.000000 0.000000 -0.000000 -1.000000 -0.000000 0.000000 1.000000 0.000000 -0.000000 -1.000000 -0.000000 0.000000 1.000000 0.000000 -0.000000 -1.000000 -0.000000 0.000000 1.000000 0.000000 -0.000000 -1.000000 -0.000000 0.000000 1.000000 0.000000 -0.000000 -1.000000 -0.000000 0.000000 1.000000 0.000000 -0.000000 -1.000000 -0.000000 0.000000 1.000000 0.000000 -0.000000 -1.000000 -0.000000 0.000000 1.000000 0.000000 -0.000000 -1.000000 -0.000000 0.000000 1.000000 0.000000 -0.000000 -1.000000 -0.000000 0.000000 1.000000 0.000000 -0.000000 -1.000000 -0.000000 0.000000 1.000000 0.000000 -0.000000 -1.000000 -0.000000 0.000000 1.000000 0.000000 -0.000000 -1.000000 -0.000000 0.000000 1.000000 0.000000 -0.000000 -1.000000 -0.000000 0.000000 1.000000 0.000000 -0.000000 -1.000000 -0.000000 0.000000 1.000000 0.000000 -0.000000 -1.000000 -0.000000 0.000000 1.000000 0.000000 -0.000000 -1.000000 -0.000000 0.000000 1.000000 0.000000 -0.000000 -1.000000 -0.000000 0.000000 1.000000 0.000000 -0.000000 -1.000000 -0.000000 0.000000 1.000000 0.000000 -0.000000 -1.000000 -0.000000 0.000000 1.000000 0.000000 -0.000000 -1.000000 -0.000000 0.000000 1.000000 0.000000 -0.000000 -1.000000 -0.000000 0.000000 1.000000 0.000000 -0.000000 -1.000000 -0.000000 0.000000 1.000000 0.000000 -0.000000 -1.000000 -0.000000 0.000000 1.000000 0.000000 -0.000000 -1.000000 -0.000000 0.000000 1.000000 0.000000 -0.000000 -1.000000 -0.000000 0.000000 1.000000 0.000000 -0.000000 -1.000000 -0.000000 0.000000 1.000000 0.000000 -0.000000 -1.000000 -0.000000 0.000000 1.000000 0.000000 -0.000000 -1.000000 -0.000000 0.000000 1.000000 0.000000 -0.000000 -1.000000 -0.000000 0.000000 1.000000 0.000000 -0.000000 -1.000000 -0.000000 0.000000 1.000000 0.000000 -0.000000 -1.000000 -0.000000 0.000000 1.000000 0.000000 -0.000000 -1.000000 -0.000000 0.000000 1.000000 0.000000 -0.000000 -1.000000 -0.000000 0.000000 1.000000 0.000000 -0.000000 -1.000000 -0.000000 0.000000 1.000000 0.000000 -0.000000 -1.000000 -0.000000 0.000000 1.000000 0.000000 -0.000000 -1.000000 -0.000000 0.000000 1.000000 0.000000 -0.000000 -1.000000 -0.000000 0.000000 1.000000 0.000000 -0.000000 -1.000000 -0.000000 0.000000 1.000000 0.000000 -0.000000 -1.000000 -0.000000 0.000000 1.000000 0.000000 -0.000000 -1.000000 -0.000000 0.000000 1.000000 0.000000 -0.000000 -1.000000 -0.000000 0.000000 1.000000 0.000000 -0.000000 -1.000000 -0.000000 0.000000 1.000000 0.000000 -0.000000 -1.000000 -0.000000 0.000000 1.000000 0.000000 -0.000000 -1.000000 -0.000000 0.000000 1.000000 0.000000 -0.000000 -1.000000 -0.000000 0.000000 1.000000 0.000000 -0.000000 -1.000000 -0.000000 0.000000 1.000000 0.000000 -0.000000 -1.000000 -0.000000 0.000000 1.000000 0.000000 -0.000000 -1.000000 -0.000000 0.000000 1.000000 0.000000 -0.000000 -1.000000 -0.000000 0.000000 1.000000 0.000000 -0.000000 -1.000000 -0.000000 0.000000 1.000000 0.000000 -0.000000 -1.000000 -0.000000 0.000000 1.000000 0.000000 -0.000000 -1.000000 -0.000000 0.000000 1.000000 0.000000 -0.000000 -1.000000 -0.000000 0.000000 1.000000 0.000000 -0.000000 -1.000000 -0.000000 0.000000 1.000000 0.000000 -0.000000 -1.000000 -0.000000 0.000000 1.000000 0.000000 -0.000000 -1.000000 -0.000000 0.000000 1.000000 0.000000 -0.000000 -1.000000 -0.000000 0.000000 1.000000 0.000000 -0.000000 -1.000000 -0.000000 0.000000 1.000000 0.000000 -0.000000 -1.000000 -0.000000 0.000000 1.000000 0.000000 -0.000000 -1.000000 -0.000000 0.000000 1.000000 0.000000 -0.000000 -1.000000 -0.000000 0.000000 1.000000 0.000000 -0.000000 -1.000000 -0.000000 0.000000 1.000000 0.000000 -0.000000 -1.000000 -0.000000 0.000000 1.000000 0.000000 -0.000000 -1.000000 -0.000000 0.000000 1.000000 0.000000 -0.000000 -1.000000 -0.000000 0.000000 1.000000 0.000000 -0.000000 -1.000000 -0.000000 0.000000 1.000000 0.000000 -0.000000 -1.000000 -0.000000 0.000000 1.000000 0.000000 -0.000000 -1.000000 -0.000000 0.000000 1.000000 0.000000 -0.000000 -1.000000 -0.000000 0.000000 1.000000 0.000000 -0.000000 -1.000000 -0.000000 0.000000 1.000000 0.000000 -0.000000 -1.000000 -0.000000 0.000000 1.000000 0.000000 -0.000000 -1.000000 -0.000000 0.000000 1.000000 0.000000 -0.000000 -1.000000 -0.000000 0.000000 1.000000 0.000000 -0.000000 -1.000000 -0.000000 0.000000 1.000000 0.000000 -0.000000 -1.000000 -0.000000 0.000000 1.000000 0.000000 -0.000000 -1.000000 -0.000000 0.000000 1.000000 0.000000 -0.000000 -1.000000 -0.000000 0.000000 1.000000 0.000000 -0.000000 -1.000000 -0.000000 0.000000 1.000000 0.000000 -0.000000 -1.000000 -0.000000 0.000000 1.000000 0.000000 -0.000000 -1.000000 -0.000000 0.000000 1.000000 0.000000 -0.000000 -1.000000 -0.000000 0.000000 1.000000 0.000000 -0.000000 -1.000000 -0.000000 0.000000 1.000000 0.000000 -0.000000 -1.000000 -0.000000 0.000000 1.000000 0.000000 -0.000000 -1.000000 -0.000000 0.000000 1.000000 0.000000 -0.000000 -1.000000 -0.000000 0.000000 1.000000 0.000000 -0.000000 -1.000000 -0.000000 0.000000 1.000000 0.000000 -0.000000 -1.000000 -0.000000 0.000000 1.000000 0.000000 -0.000000 -1.000000 -0.000000 0.000000 1.000000 0.000000 -0.000000 -1.000000 -0.000000 0.000000 1.000000 0.000000 -0.000000 -1.000000 -0.000000 0.000000 1.000000 0.000000 -0.000000 -1.000000 -0.000000 0.000000 1.000000 0.000000 -0.000000 -1.000000 -0.000000 0.000000 1.000000 0.000000 -0.000000 -1.000000 -0.000000 0.000000 1.000000 0.000000 -0.000000 -1.000000 -0.000000 0.000000 1.000000 0.000000 -0.000000 -1.000000 -0.000000 0.000000 1.000000 0.000000 -0.000000 -1.000000 -0.000000 0.000000 1.000000 0.000000 -0.000000 -1.000000 -0.000000 0.000000 1.000000 0.000000 -0.000000 -1.000000 -0.000000 0.000000 1.000000 0.000000 -0.000000 -1.000000 -0.000000 0.000000 1.000000 0.000000 -0.000000 -1.000000 -0.000000 0.000000 1.000000 0.000000 -0.000000 -1.000000 -0.000000 0.000000 1.000000 0.000000 -0.000000 -1.000000 -0.000000 0.000000 1.000000 0.000000 -0.000000 -1.000000 -0.000000 0.000000 1.000000 0.000000 -0.000000 -1.000000 -0.000000 0.000000 1.000000 0.000000 -0.000000 -1.000000 -0.000000 0.000000 1.000000 0.000000 -0.000000 -1.000000 -0.000000 0.000000 1.000000 0.000000 -0.000000 -1.000000 -0.000000 0.000000 1.000000 0.000000 -0.000000 -1.000000 -0.000000 0.000000 1.000000 0.000000 -0.000000 -1.000000 -0.000000 0.000000 1.000000 0.000000 -0.000000 -1.000000 -0.000000 0.000000 1.000000 0.000000 -0.000000 -1.000000 -0.000000 0.000000 1.000000 0.000000 -0.000000 -1.000000 -0.000000 0.000000 1.000000 0.000000 -0.000000 -1.000000 -0.000000 0.000000 1.000000 0.000000 -0.000000 -1.000000 -0.000000 0.000000 1.000000 0.000000 -0.000000 -1.000000 -0.000000 0.000000 1.000000 0.000000 -0.000000 -1.000000 -0.000000 0.000000 1.000000 0.000000 -0.000000 -1.000000 -0.000000 0.000000 1.000000 0.000000 -0.000000 -1.000000 -0.000000 0.000000 1.000000 0.000000 -0.000000 -1.000000 -0.000000 0.000000 1.000000 0.000000 -0.000000 -1.000000 -0.000000 0.000000 1.000000 0.000000 -0.000000 -1.000000 -0.000000 0.000000 1.000000 0.000000 -0.000000 -1.000000 -0.000000 0.000000 1.000000 0.000000 -0.000000 -1.000000 -0.000000 0.000000 1.000000 0.000000 -0.000000 -1.000000 -0.000000 0.000000 1.000000 0.000000 -0.000000 -1.000000 -0.000000 0.000000 1.000000 0.000000 -0.000000 -1.000000 -0.000000 0.000000 1.000000 0.000000 -0.000000 -1.000000 -0.000000 0.000000 1.000000 0.000000 -0.000000 -1.000000 -0.000000 0.000000 1.000000 0.000000 -0.000000 -1.000000 -0.000000 0.000000 1.000000 0.000000 -0.000000 -1.000000 -0.000000 0.000000 1.000000 0.000000 -0.000000 -1.000000 -0.000000 0.000000 1.000000 0.000000 -0.000000 -1.000000 -0.000000 0.000000 1.000000 0.000000 -0.000000 -1.000000 -0.000000 0.000000 1.000000 0.000000 -0.000000 -1.000000 -0.000000 0.000000 1.000000 0.000000 -0.000000 -1.000000 -0.000000 0.000000 1.000000 0.000000 -0.000000 -1.000000 -0.000000 0.000000 1.000000 0.000000 -0.000000 -1.000000 -0.000000 0.000000 1.000000 0.000000 -0.000000 -1.000000 -0.000000 0.000000 1.000000 0.000000 -0.000000 -1.000000 -0.000000 0.000000 1.000000 0.000000 -0.000000 -1.000000 -0.000000 0.000000 1.000000 0.000000 -0.000000 -1.000000 -0.000000 0.000000 1.000000 0.000000 -0.000000 -1.000000 -0.000000 0.000000 1.000000 0.000000 -0.000000 -1.000000 -0.000000 0.000000 1.000000 0.000000 -0.000000 -1.000000 -0.000000 0.000000 1.000000 0.000000 -0.000000 -1.000000 -0.000000 0.000000 1.000000 0.000000 -0.000000 -1.000000 -0.000000 0.000000 1.000000 0.000000 -0.000000 -1.000000 -0.000000 0.000000 1.000000 0.000000 -0.000000 -1.000000 -0.000000 0.000000 1.000000 0.000000 -0.000000 -1.000000 -0.000000 0.000000 1.000000 0.000000 -0.000000 -1.000000 -0.000000 0.000000 1.000000 0.000000 -0.000000 -1.000000 -0.000000 0.000000 1.000000 0.000000 -0.000000 -1.000000 -0.000000 0.000000 1.000000 0.000000 -0.000000 -1.000000 -0.000000 0.000000 1.000000 0.000000 -0.000000 -1.000000 -0.000000 0.000000 1.000000 0.000000 -0.000000 -1.000000 -0.000000 0.000000 1.000000 0.000000 -0.000000 -1.000000 -0.000000 0.000000 1.000000 0.000000 -0.000000 -1.000000 -0.000000 0.000000 1.000000 0.000000 -0.000000 -1.000000 -0.000000 0.000000 1.000000 0.000000 -0.000000 -1.000000 -0.000000 0.000000 1.000000 0.000000 -0.000000 -1.000000 -0.000000 0.000000 1.000000 0.000000 -0.000000 -1.000000 -0.000000 0.000000 1.000000 0.000000 -0.000000 -1.000000 -0.000000 0.000000 1.000000 0.000000 -0.000000 -1.000000 -0.000000 0.000000 1.000000 0.000000 -0.000000 -1.000000 -0.000000 0.000000 1.000000 0.000000 -0.000000 -1.000000 -0.000000 0.000000 1.000000 0.000000 -0.000000 -1.000000 -0.000000 0.000000 1.000000 0.000000 -0.000000 -1.000000 -0.000000 0.000000 1.000000 0.000000 -0.000000 -1.000000 -0.000000 0.000000 1.000000 0.000000 -0.000000 -1.000000 -0.000000 0.000000 1.000000 0.000000 -0.000000 -1.000000 -0.000000 0.000000 1.000000 0.000000 -0.000000 -1.000000 -0.000000 0.000000 1.000000 0.000000 -0.000000 -1.000000 -0.000000 0.000000 1.000000 0.000000 -0.000000 -1.000000 -0.000000 0.000000 1.000000 0.000000 -0.000000 -1.000000 -0.000000 0.000000 1.000000 0.000000 -0.000000 -1.000000 -0.000000 0.000000 1.000000 0.000000 -0.000000 -1.000000 -0.000000 0.000000 1.000000 0.000000 -0.000000 -1.000000 -0.000000 0.000000 1.000000 0.000000 -0.000000 -1.000000 -0.000000 0.000000 1.000000 0.000000 -0.000000 -1.000000 -0.000000 0.000000 1.000000 0.000000 -0.000000 -1.000000 -0.000000 0.000000 1.000000 0.000000 -0.000000 -1.000000 -0.000000 0.000000 1.000000 0.000000 -0.000000 -1.000000 -0.000000 0.000000 1.000000 0.000000 -0.000000 -1.000000 -0.000000 0.000000 1.000000 0.000000 -0.000000 -1.000000 -0.000000 0.000000 1.000000 0.000000 -0.000000 -1.000000 -0.000000 0.000000 1.000000 0.000000 -0.000000 -1.000000 -0.000000 0.000000 1.000000 0.000000 -0.000000 -1.000000 -0.000000 0.000000 1.000000 0.000000 -0.000000 -1.000000 -0.000000 0.000000 1.000000 0.000000 -0.000000 -1.000000 -0.000000 0.000000 1.000000 0.000000 -0.000000 -1.000000 -0.000000 0.000000 1.000000 0.000000 -0.000000 -1.000000 -0.000000 0.000000 1.000000 0.000000 -0.000000 -1.000000 -0.000000 0.000000 1.000000 0.000000 -0.000000 -1.000000 -0.000000 0.000000 1.000000 0.000000 -0.000000 -1.000000 -0.000000 0.000000 1.000000 0.000000 -0.000000 -1.000000 -0.000000 0.000000 1.000000 0.000000 -0.000000 -1.000000 -0.000000 0.000000 1.000000 0.000000 -0.000000 -1.000000 -0.000000 0.000000 1.000000 0.000000 -0.000000 -1.000000 -0.000000 0.000000 1.000000 0.000000 -0.000000 -1.000000 -0.000000 0.000000 1.000000 0.000000 -0.000000 -1.000000 -0.000000 0.000000 1.000000 0.000000 -0.000000 -1.000000 -0.000000 0.000000 1.000000 0.000000 -0.000000 -1.000000 -0.000000 0.000000 1.000000 0.000000 -0.000000 -1.000000 -0.000000 0.000000 1.000000 0.000000 -0.000000 -1.000000 -0.000000 0.000000 1.000000 0.000000 -0.000000 -1.000000 -0.000000 0.000000 1.000000 0.000000 -0.000000 -1.000000 -0.000000 0.000000 1.000000 0.000000 -0.000000 -1.000000 -0.000000 0.000000 1.000000 0.000000 -0.000000 -1.000000 -0.000000 0.000000 1.000000 0.000000 -0.000000 -1.000000 -0.000000 0.000000 1.000000 0.000000 -0.000000 -1.000000 -0.000000 0.000000 1.000000 0.000000 -0.000000 -1.000000 -0.000000 0.000000 1.000000 0.000000 -0.000000 -1.000000 -0.000000 0.000000 1.000000 0.000000 -0.000000 -1.000000 -0.000000 0.000000 1.000000 0.000000 -0.000000 -1.000000 -0.000000 0.000000 1.000000 0.000000 -0.000000 -1.000000 -0.000000 0.000000 1.000000 0.000000 -0.000000 -1.000000 -0.000000 0.000000 1.000000 0.000000 -0.000000 -1.000000 -0.000000 0.000000 1.000000 0.000000 -0.000000 -1.000000 -0.000000 0.000000 1.000000 0.000000 -0.000000 -1.000000 -0.000000 0.000000 1.000000 0.000000 -0.000000 -1.000000 -0.000000 0.000000 1.000000 0.000000 -0.000000 -1.000000 -0.000000 0.000000 1.000000 0.000000 -0.000000 -1.000000 -0.000000 0.000000 1.000000 0.000000 -0.000000 -1.000000 -0.000000 0.000000 1.000000 0.000000 -0.000000 -1.000000 -0.000000 0.000000 1.000000 0.000000 -0.000000 -1.000000 -0.000000 0.000000 1.000000 0.000000 -0.000000 -1.000000 -0.000000 0.000000 1.000000 0.000000 -0.000000 -1.000000 -0.000000 0.000000 1.000000 0.000000 -0.000000 -1.000000 -0.000000 0.000000 1.000000 0.000000 -0.000000 -1.000000 -0.000000 0.000000 1.000000 0.000000 -0.000000 -1.000000 -0.000000 0.000000 1.000000 0.000000 -0.000000 -1.000000 -0.000000 0.000000 1.000000 0.000000 -0.000000 -1.000000 -0.000000 0.000000 1.000000 0.000000 -0.000000 -1.000000 -0.000000 0.000000 1.000000 0.000000 -0.000000 -1.000000 -0.000000 0.000000 1.000000 0.000000 -0.000000 -1.000000 -0.000000 0.000000 1.000000 0.000000 -0.000000 -1.000000 -0.000000 0.000000 1.000000 0.000000 -0.000000 -1.000000 -0.000000 0.000000 1.000000 0.000000 -0.000000 -1.000000 -0.000000 0.000000 1.000000 0.000000 -0.000000 -1.000000 -0.000000 0.000000 1.000000 0.000000 -0.000000 -1.000000 -0.000000 0.000000 1.000000 0.000000 -0.000000 -1.000000 -0.000000 0.000000 1.000000 0.000000 -0.000000 -1.000000 -0.000000 0.000000 1.000000 0.000000 -0.000000 -1.000000 -0.000000 0.000000 1.000000 0.000000 -0.000000 -1.000000 -0.000000 0.000000 1.000000 0.000000 -0.000000 -1.000000 -0.000000 0.000000 1.000000 0.000000 -0.000000 -1.000000 -0.000000 0.000000 1.000000 0.000000 -0.000000 -1.000000 -0.000000 0.000000 1.000000 0.000000 -0.000000 -1.000000 -0.000000 0.000000 1.000000 0.000000 -0.000000 -1.000000 -0.000000 0.000000 1.000000 0.000000 -0.000000 -1.000000 -0.000000 0.000000 1.000000 0.000000 -0.000000 -1.000000 -0.000000 0.000000 1.000000 0.000000 -0.000000 -1.000000 -0.000000 0.000000 1.000000 0.000000 -0.000000 -1.000000 -0.000000 0.000000 1.000000 0.000000 -0.000000 -1.000000 -0.000000 0.000000 1.000000 0.000000 -0.000000 -1.000000 -0.000000 0.000000 1.000000 0.000000 -0.000000 -1.000000 -0.000000 0.000000 1.000000 0.000000 -0.000000 -1.000000 -0.000000 0.000000 1.000000 0.000000 -0.000000 -1.000000 -0.000000 0.000000 1.000000 0.000000 -0.000000 -1.000000 -0.000000 0.000000 1.000000 0.000000 -0.000000 -1.000000 -0.000000 0.000000 1.000000 0.000000 -0.000000 -1.000000 -0.000000 0.000000 1.000000 0.000000 -0.000000 -1.000000 -0.000000 0.000000 1.000000 0.000000 -0.000000 -1.000000 -0.000000 0.000000 1.000000 0.000000 -0.000000 -1.000000 -0.000000 0.000000 1.000000 0.000000 -0.000000 -1.000000 -0.000000 0.000000 1.000000 0.000000 -0.000000 -1.000000 -0.000000 0.000000 1.000000 0.000000 -0.000000 -1.000000 -0.000000 0.000000 1.000000 0.000000 -0.000000 -1.000000 -0.000000 0.000000 1.000000 0.000000 -0.000000 -1.000000 -0.000000 0.000000 1.000000 0.000000 -0.000000 -1.000000 -0.000000 0.000000 1.000000 0.000000 -0.000000 -1.000000 -0.000000 0.000000 1.000000 0.000000 -0.000000 -1.000000 -0.000000 0.000000 1.000000 0.000000 -0.000000 -1.000000 -0.000000 0.000000 1.000000 0.000000 -0.000000 -1.000000 -0.000000 0.000000 1.000000 0.000000 -0.000000 -1.000000 -0.000000 0.000000 1.000000 0.000000 -0.000000 -1.000000 -0.000000 0.000000 1.000000 0.000000 -0.000000 -1.000000 -0.000000 0.000000 1.000000 0.000000 -0.000000 -1.000000 -0.000000 0.000000 1.000000 0.000000 -0.000000 -1.000000 -0.000000 0.000000 1.000000 0.000000 -0.000000 -1.000000 -0.000000 0.000000 1.000000 0.000000 -0.000000 -1.000000 -0.000000 0.000000 1.000000 0.000000 -0.000000 -1.000000 -0.000000 0.000000 1.000000 0.000000 -0.000000 -1.000000 -0.000000 0.000000 1.000000 0.000000 -0.000000 -1.000000 -0.000000 0.000000 1.000000 0.000000 -0.000000 -1.000000 -0.000000 0.000000 1.000000 0.000000 -0.000000 -1.000000 -0.000000 0.000000 1.000000 0.000000 -0.000000 -1.000000 -0.000000 0.000000 1.000000 0.000000 -0.000000 -1.000000 -0.000000 0.000000 1.000000 0.000000 -0.000000 -1.000000 -0.000000 0.000000 1.000000 0.000000 -0.000000 -1.000000 -0.000000 0.000000 1.000000 0.000000 -0.000000 -1.000000 -0.000000 0.000000 1.000000 0.000000 -0.000000 -1.000000 -0.000000 0.000000 1.000000 0.000000 -0.000000 -1.000000 -0.000000 0.000000 1.000000 0.000000 -0.000000 -1.000000 -0.000000 0.000000 1.000000 0.000000 -0.000000 -1.000000 -0.000000 0.000000 1.000000 0.000000 -0.000000 -1.000000 -0.000000 0.000000 1.000000 0.000000 -0.000000 -1.000000 -0.000000 0.000000 1.000000 0.000000 -0.000000 -1.000000 -0.000000 0.000000 1.000000 0.000000 -0.000000 -1.000000 -0.000000 0.000000 1.000000 0.000000 -0.000000 -1.000000 -0.000000 0.000000 1.000000 0.000000 -0.000000 -1.000000 -0.000000 0.000000 1.000000 0.000000 -0.000000 -1.000000 -0.000000 0.000000 1.000000 0.000000 -0.000000 -1.000000 -0.000000 0.000000 1.000000 0.000000 -0.000000 -1.000000 -0.000000 0.000000 1.000000 0.000000 -0.000000 -1.000000 -0.000000 0.000000 1.000000 0.000000 -0.000000 -1.000000 -0.000000 0.000000 1.000000 0.000000 -0.000000 -1.000000 -0.000000 0.000000 1.000000 0.000000 -0.000000 -1.000000 -0.000000 0.000000 1.000000 0.000000 -0.000000 -1.000000 -0.000000 0.000000 1.000000 0.000000 -0.000000 -1.000000 -0.000000 0.000000 1.000000 0.000000 -0.000000 -1.000000 -0.000000 0.000000 1.000000 0.000000 -0.000000 -1.000000 -0.000000 0.000000 1.000000 0.000000 -0.000000 -1.000000 -0.000000 0.000000 1.000000 0.000000 -0.000000 -1.000000 -0.000000 0.000000 1.000000 0.000000 -0.000000 -1.000000 -0.000000 0.000000 1.000000 0.000000 -0.000000 -1.000000 -0.000000 0.000000 1.000000 0.000000 -0.000000 -1.000000 -0.000000 0.000000 1.000000 0.000000 -0.000000 -1.000000 -0.000000 0.000000 1.000000 0.000000 -0.000000 -1.000000 -0.000000 0.000000 1.000000 0.000000 -0.000000 -1.000000 -0.000000 0.000000 1.000000 0.000000 -0.000000 -1.000000 -0.000000 0.000000 1.000000 0.000000 -0.000000 -1.000000 -0.000000 0.000000 1.000000 0.000000 -0.000000 -1.000000 -0.000000 0.000000 1.000000 0.000000 -0.000000 -1.000000 -0.000000 0.000000 1.000000 0.000000 -0.000000 -1.000000 -0.000000 0.000000 1.000000 0.000000 -0.000000 -1.000000 -0.000000 0.000000 1.000000 0.000000 -0.000000 -1.000000 -0.000000 0.000000 1.000000 0.000000 -0.000000 -1.000000 -0.000000 0.000000 1.000000 0.000000 -0.000000 -1.000000 -0.000000 0.000000 1.000000 0.000000 -0.000000 -1.000000 -0.000000 0.000000 1.000000 0.000000 -0.000000 -1.000000 -0.000000 0.000000 1.000000 0.000000 -0.000000 -1.000000 -0.000000 0.000000 1.000000 0.000000 -0.000000 -1.000000 -0.000000 0.000000 1.000000 0.000000 -0.000000 -1.000000 -0.000000 0.000000 1.000000 0.000000 -0.000000 -1.000000 -0.000000 0.000000 1.000000 0.000000 -0.000000 -1.000000 -0.000000 0.000000 1.000000 0.000000 -0.000000 -1.000000 -0.000000 0.000000 1.000000 0.000000 -0.000000 -1.000000 -0.000000 0.000000 1.000000 0.000000 -0.000000 -1.000000 -0.000000 0.000000 1.000000 0.000000 -0.000000 -1.000000 -0.000000 0.000000 1.000000 0.000000 -0.000000 -1.000000 -0.000000 0.000000 1.000000 0.000000 -0.000000 -1.000000 -0.000000 0.000000 1.000000 0.000000 -0.000000 -1.000000 -0.000000 0.000000 1.000000 0.000000 -0.000000 -1.000000 -0.000000 0.000000 1.000000 0.000000 -0.000000 -1.000000 -0.000000 0.000000 1.000000 0.000000 -0.000000 -1.000000 -0.000000 0.000000 1.000000 0.000000 -0.000000 -1.000000 -0.000000 0.000000 1.000000 0.000000 -0.000000 -1.000000 -0.000000 0.000000 1.000000 0.000000 -0.000000 -1.000000 -0.000000 0.000000 1.000000 0.000000 -0.000000 -1.000000 -0.000000 0.000000 1.000000 0.000000 -0.000000 -1.000000 -0.000000 0.000000 1.000000 0.000000 -0.000000 -1.000000 -0.000000 0.000000 1.000000 0.000000 -0.000000 -1.000000 -0.000000 0.000000 1.000000 0.000000 -0.000000 -1.000000 -0.000000 0.000000 1.000000 0.000000 -0.000000 -1.000000 -0.000000 0.000000 1.000000 0.000000 -0.000000 -1.000000 -0.000000 0.000000 1.000000 0.000000 -0.000000 -1.000000 -0.000000 0.000000 1.000000 0.000000 -0.000000 -1.000000 -0.000000 0.000000 1.000000 0.000000 -0.000000 -1.000000 -0.000000 0.000000 1.000000 0.000000 -0.000000 -1.000000 -0.000000 0.000000 1.000000 0.000000 -0.000000 -1.000000 -0.000000 0.000000 1.000000 0.000000 -0.000000 -1.000000 -0.000000 0.000000 1.000000 0.000000 -0.000000 -1.000000 -0.000000 0.000000 1.000000 0.000000 -0.000000 -1.000000 -0.000000 0.000000 1.000000 0.000000 -0.000000 -1.000000 -0.000000 0.000000 1.000000 0.000000 -0.000000 -1.000000 -0.000000 0.000000 1.000000 0.000000 -0.000000 -1.000000 -0.000000 0.000000 1.000000 0.000000 -0.000000 -1.000000 -0.000000 0.000000 1.000000 0.000000 -0.000000 -1.000000 -0.000000 0.000000 1.000000 0.000000 -0.000000 -1.000000 -0.000000 0.000000 1.000000 0.000000 -0.000000 -1.000000 -0.000000 0.000000 1.000000 0.000000 -0.000000 -1.000000 -0.000000 0.000000 1.000000 0.000000 -0.000000 -1.000000 -0.000000 0.000000 1.000000 0.000000 -0.000000 -1.000000 -0.000000 0.000000 1.000000 0.000000 -0.000000 -1.000000 -0.000000 0.000000 1.000000 0.000000 -0.000000 -1.000000 -0.000000 0.000000 1.000000 0.000000 -0.000000 -1.000000 -0.000000 0.000000 1.000000 0.000000 -0.000000 -1.000000 -0.000000 0.000000 1.000000 0.000000 -0.000000 -1.000000 -0.000000 0.000000 1.000000 0.000000 -0.000000 -1.000000 -0.000000 0.000000 1.000000 0.000000 -0.000000 -1.000000 -0.000000 0.000000 1.000000 0.000000 -0.000000 -1.000000 -0.000000 0.000000 1.000000 0.000000 -0.000000 -1.000000 -0.000000 0.000000 1.000000 0.000000 -0.000000 -1.000000 -0.000000 0.000000 1.000000 0.000000 -0.000000 -1.000000 -0.000000 0.000000 1.000000 0.000000 -0.000000 -1.000000 -0.000000 0.000000 1.000000 0.000000 -0.000000 -1.000000 -0.000000 0.000000 1.000000 0.000000 -0.000000 -1.000000 -0.000000 0.000000 1.000000 0.000000 -0.000000 -1.000000 -0.000000 0.000000 1.000000 0.000000 -0.000000 -1.000000 -0.000000 0.000000 1.000000 0.000000 -0.000000 -1.000000 -0.000000 0.000000 1.000000 0.000000 -0.000000 -1.000000 -0.000000 0.000000 1.000000 0.000000 -0.000000 -1.000000 -0.000000 0.000000 1.000000 0.000000 -0.000000 -1.000000 -0.000000 0.000000 1.000000 0.000000 -0.000000 -1.000000 -0.000000 0.000000 1.000000 0.000000 -0.000000 -1.000000 -0.000000 0.000000 1.000000 0.000000 -0.000000 -1.000000 -0.000000 0.000000 1.000000 0.000000 -0.000000 -1.000000 -0.000000 0.000000 1.000000 0.000000 -0.000000 -1.000000 -0.000000 0.000000 1.000000 0.000000 -0.000000 -1.000000 -0.000000 0.000000 1.000000 0.000000 -0.000000 -1.000000 -0.000000 0.000000 1.000000 0.000000 -0.000000 -1.000000 -0.000000 0.000000 1.000000 0.000000 -0.000000 -1.000000 -0.000000 0.000000 1.000000 0.000000 -0.000000 -1.000000 -0.000000 0.000000 1.000000 0.000000 -0.000000 -1.000000 -0.000000 0.000000 1.000000 0.000000 -0.000000 -1.000000 -0.000000 0.000000 1.000000 0.000000 -0.000000 -1.000000 -0.000000 0.000000 1.000000 0.000000 -0.000000 -1.000000 -0.000000 0.000000 1.000000 0.000000 -0.000000 -1.000000 -0.000000 0.000000 1.000000 0.000000 -0.000000 -1.000000 -0.000000 0.000000 1.000000 0.000000 -0.000000 -1.000000 -0.000000 0.000000 1.000000 0.000000 -0.000000 -1.000000 -0.000000 0.000000 1.000000 0.000000 -0.000000 -1.000000 -0.000000 0.000000 1.000000 0.000000 -0.000000 -1.000000 -0.000000 0.000000 1.000000 0.000000 -0.000000 -1.000000 -0.000000 0.000000 1.000000 0.000000 -0.000000 -1.000000 -0.000000 0.000000 1.000000 0.000000 -0.000000 -1.000000 -0.000000 0.000000 1.000000 0.000000 -0.000000 -1.000000 -0.000000 0.000000 1.000000 0.000000 -0.000000 -1.000000 -0.000000 0.000000 1.000000 0.000000 -0.000000 -1.000000 -0.000000 0.000000 1.000000 0.000000 -0.000000 -1.000000 -0.000000 0.000000 1.000000 0.000000 -0.000000 -1.000000 -0.000000 0.000000 1.000000 0.000000 -0.000000 -1.000000 -0.000000 0.000000 1.000000 0.000000 -0.000000 -1.000000 -0.000000 0.000000 1.000000 0.000000 -0.000000 -1.000000 -0.000000 0.000000 1.000000 0.000000 -0.000000 -1.000000 -0.000000 0.000000 1.000000 0.000000 -0.000000 -1.000000 -0.000000 0.000000 1.000000 0.000000 -0.000000 -1.000000 -0.000000 0.000000 1.000000 0.000000 -0.000000 -1.000000 -0.000000 0.000000 1.000000 0.000000 -0.000000 -1.000000 -0.000000 0.000000 1.000000 0.000000 -0.000000 -1.000000 -0.000000 0.000000 1.000000 0.000000 -0.000000 -1.000000 -0.000000 0.000000 1.000000 0.000000 -0.000000 -1.000000 -0.000000 0.000000 1.000000 0.000000 -0.000000 -1.000000 -0.000000 0.000000 1.000000 0.000000 -0.000000 -1.000000 -0.000000 0.000000 1.000000 0.000000 -0.000000 -1.000000 -0.000000 0.000000 1.000000 0.000000 -0.000000 -1.000000 -0.000000 0.000000 1.000000 0.000000 -0.000000 -1.000000 -0.000000 0.000000 1.000000 0.000000 -0.000000 -1.000000 -0.000000 0.000000 1.000000 0.000000 -0.000000 -1.000000 -0.000000 0.000000 1.000000 0.000000 -0.000000 -1.000000 -0.000000 0.000000 1.000000 0.000000 -0.000000 -1.000000 -0.000000 0.000000 1.000000 0.000000 -0.000000 -1.000000 -0.000000 0.000000 1.000000 0.000000 -0.000000 -1.000000 -0.000000 0.000000 1.000000 0.000000 -0.000000 -1.000000 -0.000000 0.000000 1.000000 0.000000 -0.000000 -1.000000 -0.000000 0.000000 1.000000 0.000000 -0.000000 -1.000000 -0.000000 0.000000 1.000000 0.000000 -0.000000 -1.000000 -0.000000 0.000000 1.000000 0.000000 -0.000000 -1.000000 -0.000000 0.000000 1.000000 0.000000 -0.000000 -1.000000 -0.000000 0.000000 1.000000 0.000000 -0.000000 -1.000000 -0.000000 0.000000 1.000000 0.000000 -0.000000 -1.000000 -0.000000 0.000000 1.000000 0.000000 -0.000000 -1.000000 -0.000000 0.000000 1.000000 0.000000 -0.000000 -1.000000 -0.000000 0.000000 1.000000 0.000000 -0.000000 -1.000000 -0.000000 0.000000 1.000000 0.000000 -0.000000 -1.000000 -0.000000 0.000000 1.000000 0.000000 -0.000000 -1.000000 -0.000000 0.000000 1.000000 0.000000 -0.000000 -1.000000 -0.000000 0.000000 1.000000 0.000000 -0.000000 -1.000000 -0.000000 0.000000 1.000000 0.000000 -0.000000 -1.000000 -0.000000 0.000000 1.000000 0.000000 -0.000000 -1.000000 -0.000000 0.000000 1.000000 0.000000 -0.000000 -1.000000 -0.000000 0.000000 1.000000 0.000000 -0.000000 -1.000000 -0.000000 0.000000 1.000000 0.000000 -0.000000 -1.000000 -0.000000 0.000000 1.000000 0.000000 -0.000000 -1.000000 -0.000000 0.000000 1.000000 0.000000 -0.000000 -1.000000 -0.000000 0.000000 1.000000 0.000000 -0.000000 -1.000000 -0.000000 0.000000 1.000000 0.000000 -0.000000 -1.000000 -0.000000 0.000000 1.000000 0.000000 -0.000000 -1.000000 -0.000000 0.000000 1.000000 0.000000 -0.000000 -1.000000 -0.000000 0.000000 1.000000 0.000000 -0.000000 -1.000000 -0.000000 0.000000 1.000000 0.000000 -0.000000 -1.000000 -0.000000 0.000000 1.000000 0.000000 -0.000000 -1.000000 -0.000000 0.000000 1.000000 0.000000 -0.000000 -1.000000 -0.000000 0.000000 1.000000 0.000000 -0.000000 -1.000000 -0.000000 0.000000 1.000000 0.000000 -0.000000 -1.000000 -0.000000 0.000000 1.000000 0.000000 -0.000000 -1.000000 -0.000000 0.000000 1.000000 0.000000 -0.000000 -1.000000 -0.000000 0.000000 1.000000 0.000000 -0.000000 -1.000000 -0.000000 0.000000 1.000000 0.000000 -0.000000 -1.000000 -0.000000 0.000000 1.000000 0.000000 -0.000000 -1.000000 -0.000000 0.000000 1.000000 0.000000 -0.000000 -1.000000 -0.000000 0.000000 1.000000 0.000000 -0.000000 -1.000000 -0.000000 0.000000 1.000000 0.000000 -0.000000 -1.000000 -0.000000 0.000000 1.000000 0.000000 -0.000000 -1.000000 -0.000000 0.000000 1.000000 0.000000 -0.000000 -1.000000 -0.000000 0.000000 1.000000 0.000000 -0.000000 -1.000000 -0.000000 0.000000 1.000000 0.000000 -0.000000 -1.000000 -0.000000 0.000000 1.000000 0.000000 -0.000000 -1.000000 -0.000000 0.000000 1.000000 0.000000 -0.000000 -1.000000 -0.000000 0.000000 1.000000 0.000000 -0.000000 -1.000000 -0.000000 0.000000 1.000000 0.000000 -0.000000 -1.000000 -0.000000 0.000000 1.000000 0.000000 -0.000000 -1.000000 -0.000000 0.000000 1.000000 0.000000 -0.000000 -1.000000 -0.000000 0.000000 1.000000 0.000000 -0.000000 -1.000000 -0.000000 0.000000 1.000000 0.000000 -0.000000 -1.000000 -0.000000 0.000000 1.000000 0.000000 -0.000000 -1.000000 -0.000000 0.000000 1.000000 0.000000 -0.000000 -1.000000 -0.000000 0.000000 1.000000 0.000000 -0.000000 -1.000000 -0.000000 0.000000 1.000000 0.000000 -0.000000 -1.000000 -0.000000 0.000000 1.000000 0.000000 -0.000000 -1.000000 -0.000000 0.000000 1.000000 0.000000 -0.000000 -1.000000 -0.000000 0.000000 1.000000 0.000000 -0.000000 -1.000000 -0.000000 0.000000 1.000000 0.000000 -0.000000 -1.000000 -0.000000 0.000000 1.000000 0.000000 -0.000000 -1.000000 -0.000000 0.000000 1.000000 0.000000 -0.000000 -1.000000 -0.000000 0.000000 1.000000 0.000000 -0.000000 -1.000000 -0.000000 0.000000 1.000000 0.000000 -0.000000 -1.000000 -0.000000 0.000000 1.000000 0.000000 -0.000000 -1.000000 -0.000000 0.000000 1.000000 0.000000 -0.000000 -1.000000 -0.000000 0.000000 1.000000 0.000000 -0.000000 -1.000000 -0.000000 0.000000 1.000000 0.000000 -0.000000 -1.000000 -0.000000 0.000000 1.000000 0.000000 -0.000000 -1.000000 -0.000000 0.000000 1.000000 0.000000 -0.000000 -1.000000 -0.000000 0.000000 1.000000 0.000000 -0.000000 -1.000000 -0.000000 0.000000 1.000000 0.000000 -0.000000 -1.000000 -0.000000 0.000000 1.000000 0.000000 -0.000000 -1.000000 -0.000000 0.000000 1.000000 0.000000 -0.000000 -1.000000 -0.000000 0.000000 1.000000 0.000000 -0.000000 -1.000000 -0.000000 0.000000 1.000000 0.000000 -0.000000 -1.000000 -0.000000 0.000000 1.000000 0.000000 -0.000000 -1.000000 -0.000000 0.000000 1.000000 0.000000 -0.000000 -1.000000 -0.000000 0.000000 1.000000 0.000000 -0.000000 -1.000000 -0.000000 0.000000 1.000000 0.000000 -0.000000 -1.000000 -0.000000 0.000000 1.000000 0.000000 -0.000000 -1.000000 -0.000000 0.000000 1.000000 0.000000 -0.000000 -1.000000 -0.000000 0.000000 1.000000 0.000000 -0.000000 -1.000000 -0.000000 0.000000 1.000000 0.000000 -0.000000 -1.000000 -0.000000 0.000000 1.000000 0.000000 -0.000000 -1.000000 -0.000000 0.000000 1.000000 0.000000 -0.000000 -1.000000 -0.000000 0.000000 1.000000 0.000000 -0.000000 -1.000000 -0.000000 0.000000 1.000000 0.000000 -0.000000 -1.000000 -0.000000 0.000000 1.000000 0.000000 -0.000000 -1.000000 -0.000000 0.000000 1.000000 0.000000 -0.000000 -1.000000 -0.000000 0.000000 1.000000 0.000000 -0.000000 -1.000000 -0.000000 0.000000 1.000000 0.000000 -0.000000 -1.000000 -0.000000 0.000000 1.000000 0.000000 -0.000000 -1.000000 -0.000000 0.000000 1.000000 0.000000 -0.000000 -1.000000 -0.000000 0.000000 1.000000 0.000000 -0.000000 -1.000000 -0.000000 0.000000 1.000000 0.000000 -0.000000 -1.000000 -0.000000 0.000000 1.000000 0.000000 -0.000000 -1.000000 -0.000000 0.000000 1.000000 0.000000 -0.000000 -1.000000 -0.000000 0.000000 1.000000 0.000000 -0.000000 -1.000000 -0.000000 0.000000 1.000000 0.000000 -0.000000 -1.000000 -0.000000 0.000000 1.000000 0.000000 -0.000000 -1.000000 -0.000000 0.000000 1.000000 0.000000 -0.000000 -1.000000 -0.000000 0.000000 1.000000 0.000000 -0.000000 -1.000000 -0.000000 0.000000 1.000000 0.000000 -0.000000 -1.000000 -0.000000 0.000000 1.000000 0.000000 -0.000000 -1.000000 -0.000000 0.000000 1.000000 0.000000 -0.000000 -1.000000 -0.000000 0.000000 1.000000 0.000000 -0.000000 -1.000000 -0.000000 0.000000 1.000000 0.000000 -0.000000 -1.000000 -0.000000 0.000000 1.000000 0.000000 -0.000000 -1.000000 -0.000000 0.000000 1.000000 0.000000 -0.000000 -1.000000 -0.000000 0.000000 1.000000 0.000000 -0.000000 -1.000000 -0.000000 0.000000 1.000000 0.000000 -0.000000 -1.000000 -0.000000 0.000000 1.000000 0.000000 -0.000000 -1.000000 -0.000000 0.000000 1.000000 0.000000 -0.000000 -1.000000 -0.000000 0.000000 1.000000 0.000000 -0.000000 -1.000000 -0.000000 0.000000 1.000000 0.000000 -0.000000 -1.000000 -0.000000 0.000000 1.000000 0.000000 -0.000000 -1.000000 -0.000000 0.000000 1.000000 0.000000 -0.000000 -1.000000 -0.000000 0.000000 1.000000 0.000000 -0.000000 -1.000000 -0.000000 0.000000 1.000000 0.000000 -0.000000 -1.000000 -0.000000 0.000000 1.000000 0.000000 -0.000000 -1.000000 -0.000000 0.000000 1.000000 0.000000 -0.000000 -1.000000 -0.000000 0.000000 1.000000 0.000000 -0.000000 -1.000000 -0.000000 0.000000 1.000000 0.000000 -0.000000 -1.000000 -0.000000 0.000000 1.000000 0.000000 -0.000000 -1.000000 -0.000000 0.000000 1.000000 0.000000 -0.000000 -1.000000 -0.000000 0.000000 1.000000 0.000000 -0.000000 -1.000000 -0.000000 0.000000 1.000000 0.000000 -0.000000 -1.000000 -0.000000 0.000000 1.000000 0.000000 -0.000000 -1.000000 -0.000000 0.000000 1.000000 0.000000 -0.000000 -1.000000 -0.000000 0.000000 1.000000 0.000000 -0.000000 -1.000000 -0.000000 0.000000 1.000000 0.000000 -0.000000 -1.000000 -0.000000 0.000000 1.000000 0.000000 -0.000000 -1.000000 -0.000000 0.000000 1.000000 0.000000 -0.000000 -1.000000 -0.000000 0.000000 1.000000 0.000000 -0.000000 -1.000000 -0.000000 0.000000 1.000000 0.000000 -0.000000 -1.000000 -0.000000 0.000000 1.000000 0.000000 -0.000000 -1.000000 -0.000000 0.000000 1.000000 0.000000 -0.000000 -1.000000 -0.000000 0.000000 1.000000 0.000000 -0.000000 -1.000000 -0.000000 0.000000 1.000000 0.000000 -0.000000 -1.000000 -0.000000 0.000000 1.000000 0.000000 -0.000000 -1.000000 -0.000000 0.000000 1.000000 0.000000 -0.000000 -1.000000 -0.000000 0.000000 1.000000 0.000000 -0.000000 -1.000000 -0.000000 0.000000 1.000000 0.000000 -0.000000 -1.000000 -0.000000 0.000000 1.000000 0.000000 -0.000000 -1.000000 -0.000000 0.000000 1.000000 0.000000 -0.000000 -1.000000 -0.000000 0.000000 1.000000 0.000000 -0.000000 -1.000000 -0.000000 0.000000 1.000000 0.000000 -0.000000 -1.000000 -0.000000 0.000000 1.000000 0.000000 -0.000000 -1.000000 -0.000000 0.000000 1.000000 0.000000 -0.000000 -1.000000 -0.000000 0.000000 1.000000 0.000000 -0.000000 -1.000000 -0.000000 0.000000 1.000000 0.000000 -0.000000 -1.000000 -0.000000 0.000000 1.000000 0.000000 -0.000000 -1.000000 -0.000000 0.000000 1.000000 0.000000 -0.000000 -1.000000 -0.000000 0.000000 1.000000 0.000000 -0.000000 -1.000000 -0.000000 0.000000 1.000000 0.000000 -0.000000 -1.000000 -0.000000 0.000000 1.000000 0.000000 -0.000000 -1.000000 -0.000000 0.000000 1.000000 0.000000 -0.000000 -1.000000 -0.000000 0.000000 1.000000 0.000000 -0.000000 -1.000000 -0.000000 0.000000 1.000000 0.000000 -0.000000 -1.000000 -0.000000 0.000000 1.000000 0.000000 -0.000000 -1.000000 -0.000000 0.000000 1.000000 0.000000 -0.000000 -1.000000 -0.000000 0.000000 1.000000 0.000000 -0.000000 -1.000000 -0.000000 0.000000 1.000000 0.000000 -0.000000 -1.000000 -0.000000 0.000000 1.000000 0.000000 -0.000000 -1.000000 -0.000000 0.000000 1.000000 0.000000 -0.000000 -1.000000 -0.000000 0.000000 1.000000 0.000000 -0.000000 -1.000000 -0.000000 0.000000 1.000000 0.000000 -0.000000 -1.000000 -0.000000 0.000000 1.000000 0.000000 -0.000000 -1.000000 -0.000000 0.000000 1.000000 0.000000 -0.000000 -1.000000 -0.000000 0.000000 1.000000 0.000000 -0.000000 -1.000000 -0.000000 0.000000 1.000000 0.000000 -0.000000 -1.000000 -0.000000 0.000000 1.000000 0.000000 -0.000000 -1.000000 -0.000000 0.000000 1.000000 0.000000 -0.000000 -1.000000 -0.000000 0.000000 1.000000 0.000000 -0.000000 -1.000000 -0.000000 0.000000 1.000000 0.000000 -0.000000 -1.000000 -0.000000 0.000000 1.000000 0.000000 -0.000000 -1.000000 -0.000000 0.000000 1.000000 0.000000 -0.000000 -1.000000 -0.000000 0.000000 1.000000 0.000000 -0.000000 -1.000000 -0.000000 0.000000 1.000000 0.000000 -0.000000 -1.000000 -0.000000 0.000000 1.000000 0.000000 -0.000000 -1.000000 -0.000000 0.000000 1.000000 0.000000 -0.000000 -1.000000 -0.000000 0.000000 1.000000 0.000000 -0.000000 -1.000000 -0.000000 0.000000 1.000000 0.000000 -0.000000 -1.000000 -0.000000 0.000000 1.000000 0.000000 -0.000000 -1.000000 -0.000000 0.000000 1.000000 0.000000 -0.000000 -1.000000 -0.000000 0.000000 1.000000 0.000000 -0.000000 -1.000000 -0.000000 0.000000 1.000000 0.000000 -0.000000 -1.000000 -0.000000 0.000000 1.000000 0.000000 -0.000000 -1.000000 -0.000000 0.000000 1.000000 0.000000 -0.000000 -1.000000 -0.000000 0.000000 1.000000 0.000000 -0.000000 -1.000000 -0.000000 0.000000 1.000000 0.000000 -0.000000 -1.000000 -0.000000 0.000000 1.000000 0.000000 -0.000000 -1.000000 -0.000000 0.000000 1.000000 0.000000 -0.000000 -1.000000 -0.000000 0.000000 1.000000 0.000000 -0.000000 -1.000000 -0.000000 0.000000 1.000000 0.000000 -0.000000 -1.000000 -0.000000 0.000000 1.000000 0.000000 -0.000000 -1.000000 -0.000000 0.000000 1.000000 0.000000 -0.000000 -1.000000 -0.000000 0.000000 1.000000 0.000000 -0.000000 -1.000000 -0.000000 0.000000 1.000000 0.000000 -0.000000 -1.000000 -0.000000 0.000000 1.000000 0.000000 -0.000000 -1.000000 -0.000000 0.000000 1.000000 0.000000 -0.000000 -1.000000 -0.000000 0.000000 1.000000 0.000000 -0.000000 -1.000000 -0.000000 0.000000 1.000000 0.000000 -0.000000 -1.000000 -0.000000 0.000000 1.000000 0.000000 -0.000000 -1.000000 -0.000000 0.000000 1.000000 0.000000 -0.000000 -1.000000 -0.000000 0.000000 1.000000 0.000000 -0.000000 -1.000000 -0.000000 0.000000 1.000000 0.000000 -0.000000 -1.000000 -0.000000 0.000000 1.000000 0.000000 -0.000000 -1.000000 -0.000000 0.000000 1.000000 0.000000 -0.000000 -1.000000 -0.000000 0.000000 1.000000 0.000000 -0.000000 -1.000000 -0.000000 0.000000 1.000000 0.000000 -0.000000 -1.000000 -0.000000 0.000000 1.000000 0.000000 -0.000000 -1.000000 -0.000000 0.000000 1.000000 0.000000 -0.000000 -1.000000 -0.000000 0.000000 1.000000 0.000000 -0.000000 -1.000000 -0.000000 0.000000 1.000000 0.000000 -0.000000 -1.000000 -0.000000 0.000000 1.000000 0.000000 -0.000000 -1.000000 -0.000000 0.000000 1.000000 0.000000 -0.000000 -1.000000 -0.000000 0.000000 1.000000 0.000000 -0.000000 -1.000000 -0.000000 0.000000 1.000000 0.000000 -0.000000 -1.000000 -0.000000 0.000000 1.000000 0.000000 -0.000000 -1.000000 -0.000000 0.000000 1.000000 0.000000 -0.000000 -1.000000 -0.000000 0.000000 1.000000 0.000000 -0.000000 -1.000000 -0.000000 0.000000 1.000000 0.000000 -0.000000 -1.000000 -0.000000 0.000000 1.000000 0.000000 -0.000000 -1.000000 -0.000000 0.000000 1.000000 0.000000 -0.000000 -1.000000 -0.000000 0.000000 1.000000 0.000000 -0.000000 -1.000000 -0.000000 0.000000 1.000000 0.000000 -0.000000 -1.000000 -0.000000 0.000000 1.000000 0.000000 -0.000000 -1.000000 -0.000000 0.000000 1.000000 0.000000 -0.000000 -1.000000 -0.000000 0.000000 1.000000 0.000000 -0.000000 -1.000000 -0.000000 0.000000 1.000000 0.000000 -0.000000 -1.000000 -0.000000 0.000000 1.000000 0.000000 -0.000000 -1.000000 -0.000000 0.000000 1.000000 0.000000 -0.000000 -1.000000 -0.000000 0.000000 1.000000 0.000000 -0.000000 -1.000000 -0.000000 0.000000 1.000000 0.000000 -0.000000 -1.000000 -0.000000 0.000000 1.000000 0.000000 -0.000000 -1.000000 -0.000000 0.000000 1.000000 0.000000 -0.000000 -1.000000 -0.000000 0.000000 1.000000 0.000000 -0.000000 -1.000000 -0.000000 0.000000 1.000000 0.000000 -0.000000 -1.000000 -0.000000 0.000000 1.000000 0.000000 -0.000000 -1.000000 -0.000000 0.000000 1.000000 0.000000 -0.000000 -1.000000 -0.000000 0.000000 1.000000 0.000000 -0.000000 -1.000000 -0.000000 0.000000 1.000000 0.000000 -0.000000 -1.000000 -0.000000 0.000000 1.000000 0.000000 -0.000000 -1.000000 -0.000000 0.000000 1.000000 0.000000 -0.000000 -1.000000 -0.000000 0.000000 1.000000 0.000000 -0.000000 -1.000000 -0.000000 0.000000 1.000000 0.000000 -0.000000 -1.000000 -0.000000 0.000000 1.000000 0.000000 -0.000000 -1.000000 -0.000000 0.000000 1.000000 0.000000 -0.000000 -1.000000 -0.000000 0.000000 1.000000 0.000000 -0.000000 -1.000000 -0.000000 0.000000 1.000000 0.000000 -0.000000 -1.000000 -0.000000 0.000000 1.000000 0.000000 -0.000000 -1.000000 -0.000000 0.000000 1.000000 0.000000 -0.000000 -1.000000 -0.000000 0.000000 1.000000 0.000000 -0.000000 -1.000000 -0.000000 0.000000 1.000000 0.000000 -0.000000 -1.000000 -0.000000 0.000000 1.000000 0.000000 -0.000000 -1.000000 -0.000000 0.000000 1.000000 0.000000 -0.000000 -1.000000 -0.000000 0.000000 1.000000 0.000000 -0.000000 -1.000000 -0.000000 0.000000 1.000000 0.000000 -0.000000 -1.000000 -0.000000 0.000000 1.000000 0.000000 -0.000000 -1.000000 -0.000000 0.000000 1.000000 0.000000 -0.000000 -1.000000 -0.000000 0.000000 1.000000 0.000000 -0.000000 -1.000000 -0.000000 0.000000 1.000000 0.000000 -0.000000 -1.000000 -0.000000 0.000000 1.000000 0.000000 -0.000000 -1.000000 -0.000000 0.000000 1.000000 0.000000 -0.000000 -1.000000 -0.000000 0.000000 1.000000 0.000000 -0.000000 -1.000000 -0.000000 0.000000 1.000000 0.000000 -0.000000 -1.000000 -0.000000 0.000000 1.000000 0.000000 -0.000000 -1.000000 -0.000000 0.000000 1.000000 0.000000 -0.000000 -1.000000 -0.000000 0.000000 1.000000 0.000000 -0.000000 -1.000000 -0.000000 0.000000 1.000000 0.000000 -0.000000 -1.000000 -0.000000 0.000000 1.000000 0.000000 -0.000000 -1.000000 -0.000000 0.000000 1.000000 0.000000 -0.000000 -1.000000 -0.000000 0.000000 1.000000 0.000000 -0.000000 -1.000000 -0.000000 0.000000 1.000000 0.000000 -0.000000 -1.000000 -0.000000 0.000000 1.000000 0.000000 -0.000000 -1.000000 -0.000000 0.000000 1.000000 0.000000 -0.000000 -1.000000 -0.000000 0.000000 1.000000 0.000000 -0.000000 -1.000000 -0.000000 0.000000 1.000000 0.000000 -0.000000 -1.000000 -0.000000 0.000000 1.000000 0.000000 -0.000000 -1.000000 -0.000000 0.000000 1.000000 0.000000 -0.000000 -1.000000 -0.000000 0.000000 1.000000 0.000000 -0.000000 -1.000000 -0.000000 0.000000 1.000000 0.000000 -0.000000 -1.000000 -0.000000 0.000000 1.000000 0.000000 -0.000000 -1.000000 -0.000000 0.000000 1.000000 0.000000 -0.000000 -1.000000 -0.000000 0.000000 1.000000 0.000000 -0.000000 -1.000000 -0.000000 0.000000 1.000000 0.000000 -0.000000 -1.000000 -0.000000 0.000000 1.000000 0.000000 -0.000000 -1.000000 -0.000000 0.000000 1.000000 0.000000 -0.000000 -1.000000 -0.000000 0.000000 1.000000 0.000000 -0.000000 -1.000000 -0.000000 0.000000 1.000000 0.000000 -0.000000 -1.000000 -0.000000 0.000000 1.000000 0.000000 -0.000000 -1.000000 -0.000000 0.000000 1.000000 0.000000 -0.000000 -1.000000 -0.000000 0.000000 1.000000 0.000000 -0.000000 -1.000000 -0.000000 0.000000 1.000000 0.000000 -0.000000 -1.000000 -0.000000 0.000000 1.000000 0.000000 -0.000000 -1.000000 -0.000000 0.000000 1.000000 0.000000 -0.000000 -1.000000 -0.000000 0.000000 1.000000 0.000000 -0.000000 -1.000000 -0.000000 0.000000 1.000000 0.000000 -0.000000 -1.000000 -0.000000 0.000000 1.000000 0.000000 -0.000000 -1.000000 -0.000000 0.000000 1.000000 0.000000 -0.000000 -1.000000 -0.000000 0.000000 1.000000 0.000000 -0.000000 -1.000000 -0.000000 0.000000 1.000000 0.000000 -0.000000 -1.000000 -0.000000 0.000000 1.000000 0.000000 -0.000000 -1.000000 -0.000000 0.000000 1.000000 0.000000 -0.000000 -1.000000 -0.000000 0.000000 1.000000 0.000000 -0.000000 -1.000000 -0.000000 0.000000 1.000000 0.000000 -0.000000 -1.000000 -0.000000 0.000000 1.000000 0.000000 -0.000000 -1.000000 -0.000000 0.000000 1.000000 0.000000 -0.000000 -1.000000 -0.000000 0.000000 1.000000 0.000000 -0.000000 -1.000000 -0.000000 0.000000 1.000000 0.000000 -0.000000 -1.000000 -0.000000 0.000000 1.000000 0.000000 -0.000000 -1.000000 -0.000000 0.000000 1.000000 0.000000 -0.000000 -1.000000 -0.000000 0.000000 1.000000 0.000000 -0.000000 -1.000000 -0.000000 0.000000 1.000000 0.000000 -0.000000 -1.000000 -0.000000 0.000000 1.000000 0.000000 -0.000000 -1.000000 -0.000000 0.000000 1.000000 0.000000 -0.000000 -1.000000 -0.000000 0.000000 1.000000 0.000000 -0.000000 -1.000000 -0.000000 0.000000 1.000000 0.000000 -0.000000 -1.000000 -0.000000 0.000000 1.000000 0.000000 -0.000000 -1.000000 -0.000000 0.000000 1.000000 0.000000 -0.000000 -1.000000 -0.000000 0.000000 1.000000 0.000000 -0.000000 -1.000000 -0.000000 0.000000 1.000000 0.000000 -0.000000 -1.000000 -0.000000 0.000000 1.000000 0.000000 -0.000000 -1.000000 -0.000000 0.000000 1.000000 0.000000 -0.000000 -1.000000 -0.000000 0.000000 1.000000 0.000000 -0.000000 -1.000000 -0.000000 0.000000 1.000000 0.000000 -0.000000 -1.000000 -0.000000 0.000000 1.000000 0.000000 -0.000000 -1.000000 -0.000000 0.000000 1.000000 0.000000 -0.000000 -1.000000 -0.000000 0.000000 1.000000 0.000000 -0.000000 -1.000000 -0.000000 0.000000 1.000000 0.000000 -0.000000 -1.000000 -0.000000 0.000000 1.000000 0.000000 -0.000000 -1.000000 -0.000000 0.000000 1.000000 0.000000 -0.000000 -1.000000 -0.000000 0.000000 1.000000 0.000000 -0.000000 -1.000000 -0.000000 0.000000 1.000000 0.000000 -0.000000 -1.000000 -0.000000 0.000000 1.000000 0.000000 -0.000000 -1.000000 -0.000000 0.000000 1.000000 0.000000 -0.000000 -1.000000 -0.000000 0.000000 1.000000 0.000000 -0.000000 -1.000000 -0.000000 0.000000 1.000000 0.000000 -0.000000 -1.000000 -0.000000 0.000000 1.000000 0.000000 -0.000000 -1.000000 -0.000000 0.000000 1.000000 0.000000 -0.000000 -1.000000 -0.000000 0.000000 1.000000 0.000000 -0.000000 -1.000000 -0.000000 0.000000 1.000000 0.000000 -0.000000 -1.000000 -0.000000 0.000000 1.000000 0.000000 -0.000000 -1.000000 -0.000000 0.000000 1.000000 0.000000 -0.000000 -1.000000 -0.000000 0.000000 1.000000 0.000000 -0.000000 -1.000000 -0.000000 0.000000 1.000000 0.000000 -0.000000 -1.000000 -0.000000 0.000000 1.000000 0.000000 -0.000000 -1.000000 -0.000000 0.000000 1.000000 0.000000 -0.000000 -1.000000 -0.000000 0.000000 1.000000 0.000000 -0.000000 -1.000000 -0.000000 0.000000 1.000000 0.000000 -0.000000 -1.000000 -0.000000 0.000000 1.000000 0.000000 -0.000000 -1.000000 -0.000000 0.000000 1.000000 0.000000 -0.000000 -1.000000 -0.000000 0.000000 1.000000 0.000000 -0.000000 -1.000000 -0.000000 0.000000 1.000000 0.000000 -0.000000 -1.000000 -0.000000 0.000000 1.000000 0.000000 -0.000000 -1.000000 -0.000000 0.000000 1.000000 0.000000 -0.000000 -1.000000 -0.000000 0.000000 1.000000 0.000000 -0.000000 -1.000000 -0.000000 0.000000 1.000000 0.000000 -0.000000 -1.000000 -0.000000 0.000000 1.000000 0.000000 -0.000000 -1.000000 -0.000000 0.000000 1.000000 0.000000 -0.000000 -1.000000 -0.000000 0.000000 1.000000 0.000000 -0.000000 -1.000000 -0.000000 0.000000 1.000000 0.000000 -0.000000 -1.000000 -0.000000 0.000000 1.000000 0.000000 -0.000000 -1.000000 -0.000000 0.000000 1.000000 0.000000 -0.000000 -1.000000 -0.000000 0.000000 1.000000 0.000000 -0.000000 -1.000000 -0.000000 0.000000 1.000000 0.000000 -0.000000 -1.000000 -0.000000 0.000000 1.000000 0.000000 -0.000000 -1.000000 -0.000000 0.000000 1.000000 0.000000 -0.000000 -1.000000 -0.000000 0.000000 1.000000 0.000000 -0.000000 -1.000000 -0.000000 0.000000 1.000000 0.000000 -0.000000 -1.000000 -0.000000 0.000000 1.000000 0.000000 -0.000000 -1.000000 -0.000000 0.000000 1.000000 0.000000 -0.000000 -1.000000 -0.000000 0.000000 1.000000 0.000000 -0.000000 -1.000000 -0.000000 0.000000 1.000000 0.000000 -0.000000 -1.000000 -0.000000 0.000000 1.000000 0.000000 -0.000000 -1.000000 -0.000000 0.000000 1.000000 0.000000 -0.000000 -1.000000 -0.000000 0.000000 1.000000 0.000000 -0.000000 -1.000000 -0.000000 0.000000 1.000000 0.000000 -0.000000 -1.000000 -0.000000 0.000000 1.000000 0.000000 -0.000000 -1.000000 -0.000000 0.000000 1.000000 0.000000 -0.000000 -1.000000 -0.000000 0.000000 1.000000 0.000000 -0.000000 -1.000000 -0.000000 0.000000 1.000000 0.000000 -0.000000 -1.000000 -0.000000 0.000000 1.000000 0.000000 -0.000000 -1.000000 -0.000000 0.000000 1.000000 0.000000 -0.000000 -1.000000 -0.000000 0.000000 1.000000 0.000000 -0.000000 -1.000000 -0.000000 0.000000 1.000000 0.000000 -0.000000 -1.000000 -0.000000 0.000000 1.000000 0.000000 -0.000000 -1.000000 -0.000000 0.000000 1.000000 0.000000 -0.000000 -1.000000 -0.000000 0.000000 1.000000 0.000000 -0.000000 -1.000000 -0.000000 0.000000 1.000000 0.000000 -0.000000 -1.000000 -0.000000 0.000000 1.000000 0.000000 -0.000000 -1.000000 -0.000000 0.000000 1.000000 0.000000 -0.000000 -1.000000 -0.000000 0.000000 1.000000 0.000000 -0.000000 -1.000000 -0.000000 0.000000 1.000000 0.000000 -0.000000 -1.000000 -0.000000 0.000000 1.000000 0.000000 -0.000000 -1.000000 -0.000000 0.000000 1.000000 0.000000 -0.000000 -1.000000 -0.000000 0.000000 1.000000 0.000000 -0.000000 -1.000000 -0.000000 0.000000 1.000000 0.000000 -0.000000 -1.000000 -0.000000 0.000000 1.000000 0.000000 -0.000000 -1.000000 -0.000000 0.000000 1.000000 0.000000 -0.000000 -1.000000 -0.000000 0.000000 1.000000 0.000000 -0.000000 -1.000000 -0.000000 0.000000 1.000000 0.000000 -0.000000 -1.000000 -0.000000 0.000000 1.000000 0.000000 -0.000000 -1.000000 -0.000000 0.000000 1.000000 0.000000 -0.000000 -1.000000 -0.000000 0.000000 1.000000 0.000000 -0.000000 -1.000000 -0.000000 0.000000 1.000000 0.000000 -0.000000 -1.000000 -0.000000 0.000000 1.000000 0.000000 -0.000000 -1.000000 -0.000000 0.000000 1.000000 0.000000 -0.000000 -1.000000 -0.000000 0.000000 1.000000 0.000000 -0.000000 -1.000000 -0.000000 0.000000 1.000000 0.000000 -0.000000 -1.000000 -0.000000 0.000000 1.000000 0.000000 -0.000000 -1.000000 -0.000000 0.000000 1.000000 0.000000 -0.000000 -1.000000 -0.000000 0.000000 1.000000 0.000000 -0.000000 -1.000000 -0.000000 0.000000 1.000000 0.000000 -0.000000 -1.000000 -0.000000 0.000000 1.000000 0.000000 -0.000000 -1.000000 -0.000000 0.000000 1.000000 0.000000 -0.000000 -1.000000 -0.000000 0.000000 1.000000 0.000000 -0.000000 -1.000000 -0.000000 0.000000 1.000000 0.000000 -0.000000 -1.000000 -0.000000 0.000000 1.000000 0.000000 -0.000000 -1.000000 -0.000000 0.000000 1.000000 0.000000 -0.000000 -1.000000 -0.000000 0.000000 1.000000 0.000000 -0.000000 -1.000000 -0.000000 0.000000 1.000000 0.000000 -0.000000 -1.000000 -0.000000 0.000000 1.000000 0.000000 -0.000000 -1.000000 -0.000000 0.000000 1.000000 0.000000 -0.000000 -1.000000 -0.000000 0.000000 1.000000 0.000000 -0.000000 -1.000000 -0.000000 0.000000 1.000000 0.000000 -0.000000 -1.000000 -0.000000 0.000000 1.000000 0.000000 -0.000000 -1.000000 -0.000000 0.000000 1.000000 0.000000 -0.000000 -1.000000 -0.000000 0.000000 1.000000 0.000000 -0.000000 -1.000000 -0.000000 0.000000 1.000000 0.000000 -0.000000 -1.000000 -0.000000 0.000000 1.000000 0.000000 -0.000000 -1.000000 -0.000000 0.000000 1.000000 0.000000 -0.000000 -1.000000 -0.000000 0.000000 1.000000 0.000000 -0.000000 -1.000000 -0.000000 0.000000 1.000000 0.000000 -0.000000 -1.000000 -0.000000 0.000000 1.000000 0.000000 -0.000000 -1.000000 -0.000000 0.000000 1.000000 0.000000 -0.000000 -1.000000 -0.000000 0.000000 1.000000 0.000000 -0.000000 -1.000000 -0.000000 0.000000 1.000000 0.000000 -0.000000 -1.000000 -0.000000 0.000000 1.000000 0.000000 -0.000000 -1.000000 -0.000000 0.000000 1.000000 0.000000 -0.000000 -1.000000 -0.000000 0.000000 1.000000 0.000000 -0.000000 -1.000000 -0.000000 0.000000 1.000000 0.000000 -0.000000 -1.000000 -0.000000 0.000000 1.000000 0.000000 -0.000000 -1.000000 -0.000000 0.000000 1.000000 0.000000 -0.000000 -1.000000 -0.000000 0.000000 1.000000 0.000000 -0.000000 -1.000000 -0.000000 0.000000 1.000000 0.000000 -0.000000 -1.000000 -0.000000 0.000000 1.000000 0.000000 -0.000000 -1.000000 -0.000000 0.000000 1.000000 0.000000 -0.000000 -1.000000 -0.000000 0.000000 1.000000 0.000000 -0.000000 -1.000000 -0.000000 0.000000 1.000000 0.000000 -0.000000 -1.000000 -0.000000 0.000000 1.000000 0.000000 -0.000000 -1.000000 -0.000000 0.000000 1.000000 0.000000 -0.000000 -1.000000 -0.000000 0.000000 1.000000 0.000000 -0.000000 -1.000000 -0.000000 0.000000 1.000000 0.000000 -0.000000 -1.000000 -0.000000 0.000000 1.000000 0.000000 -0.000000 -1.000000 -0.000000 0.000000 1.000000 0.000000 -0.000000 -1.000000 -0.000000 0.000000 1.000000 0.000000 -0.000000 -1.000000 -0.000000 0.000000 1.000000 0.000000 -0.000000 -1.000000 -0.000000 0.000000 1.000000 0.000000 -0.000000 -1.000000 -0.000000 0.000000 1.000000 0.000000 -0.000000 -1.000000 -0.000000 0.000000 1.000000 0.000000 -0.000000 -1.000000 -0.000000 0.000000 1.000000 0.000000 -0.000000 -1.000000 -0.000000 0.000000 1.000000 0.000000 -0.000000 -1.000000 -0.000000 0.000000 1.000000 0.000000 -0.000000 -1.000000 -0.000000 0.000000 1.000000 0.000000 -0.000000 -1.000000 -0.000000 0.000000 1.000000 0.000000 -0.000000 -1.000000 -0.000000 0.000000 1.000000 0.000000 -0.000000 -1.000000 -0.000000 0.000000 1.000000 0.000000 -0.000000 -1.000000 -0.000000 0.000000 1.000000 0.000000 -0.000000 -1.000000 -0.000000 0.000000 1.000000 0.000000 -0.000000 -1.000000 -0.000000 0.000000 1.000000 0.000000 -0.000000 -1.000000 -0.000000 0.000000 1.000000 0.000000 -0.000000 -1.000000 -0.000000 0.000000 1.000000 0.000000 -0.000000 -1.000000 -0.000000 0.000000 1.000000 0.000000 -0.000000 -1.000000 -0.000000 0.000000 1.000000 0.000000 -0.000000 -1.000000 -0.000000 0.000000 1.000000 0.000000 -0.000000 -1.000000 -0.000000 0.000000 1.000000 0.000000 -0.000000 -1.000000 -0.000000 0.000000 1.000000 0.000000 -0.000000 -1.000000 -0.000000 0.000000 1.000000 0.000000 -0.000000 -1.000000 -0.000000 0.000000 1.000000 0.000000 -0.000000 -1.000000 -0.000000 0.000000 1.000000 0.000000 -0.000000 -1.000000 -0.000000 0.000000 1.000000 0.000000 -0.000000 -1.000000 -0.000000 0.000000 1.000000 0.000000 -0.000000 -1.000000 -0.000000 0.000000 1.000000 0.000000 -0.000000 -1.000000 -0.000000 0.000000 1.000000 0.000000 -0.000000 -1.000000 -0.000000 0.000000 1.000000 0.000000 -0.000000 -1.000000 -0.000000 0.000000 1.000000 0.000000 -0.000000 -1.000000 -0.000000 0.000000 1.000000 0.000000 -0.000000 -1.000000 -0.000000 0.000000 1.000000 0.000000 -0.000000 -1.000000 -0.000000 0.000000 1.000000 0.000000 -0.000000 -1.000000 -0.000000 0.000000 1.000000 0.000000 -0.000000 -1.000000 -0.000000 0.000000 1.000000 0.000000 -0.000000 -1.000000 -0.000000 0.000000 1.000000 0.000000 -0.000000 -1.000000 -0.000000 0.000000 1.000000 0.000000 -0.000000 -1.000000 -0.000000 0.000000 1.000000 0.000000 -0.000000 -1.000000 -0.000000 0.000000 1.000000 0.000000 -0.000000 -1.000000 -0.000000 0.000000 1.000000 0.000000 -0.000000 -1.000000 -0.000000 0.000000 1.000000 0.000000 -0.000000 -1.000000 -0.000000 0.000000 1.000000 0.000000 -0.000000 -1.000000 -0.000000 0.000000 1.000000 0.000000 -0.000000 -1.000000 -0.000000 0.000000 1.000000 0.000000 -0.000000 -1.000000 -0.000000 0.000000 1.000000 0.000000 -0.000000 -1.000000 -0.000000 0.000000 1.000000 0.000000 -0.000000 -1.000000 -0.000000 0.000000 1.000000 0.000000 -0.000000 -1.000000 -0.000000 0.000000 1.000000 0.000000 -0.000000 -1.000000 -0.000000 0.000000 1.000000 0.000000 -0.000000 -1.000000 -0.000000 0.000000 1.000000 0.000000 -0.000000 -1.000000 -0.000000 0.000000 1.000000 0.000000 -0.000000 -1.000000 -0.000000 0.000000 1.000000 0.000000 -0.000000 -1.000000 -0.000000 0.000000 1.000000 0.000000 -0.000000 -1.000000 -0.000000 0.000000 1.000000 0.000000 -0.000000 -1.000000 -0.000000 0.000000 1.000000 0.000000 -0.000000 -1.000000 -0.000000 0.000000 1.000000 0.000000 -0.000000 -1.000000 -0.000000 0.000000 1.000000 0.000000 -0.000000 -1.000000 -0.000000 0.000000 1.000000 0.000000 -0.000000 -1.000000 -0.000000 0.000000 1.000000 0.000000 -0.000000 -1.000000 -0.000000 0.000000 1.000000 0.000000 -0.000000 -1.000000 -0.000000 0.000000 1.000000 0.000000 -0.000000 -1.000000 -0.000000 0.000000 1.000000 0.000000 -0.000000 -1.000000 -0.000000 0.000000 1.000000 0.000000 -0.000000 -1.000000 -0.000000 0.000000 1.000000 0.000000 -0.000000 -1.000000 -0.000000 0.000000 1.000000 0.000000 -0.000000 -1.000000 -0.000000 0.000000 1.000000 0.000000 -0.000000 -1.000000 -0.000000 0.000000 1.000000 0.000000 -0.000000 -1.000000 -0.000000 0.000000 1.000000 0.000000 -0.000000 -1.000000 -0.000000 0.000000 1.000000 0.000000 -0.000000 -1.000000 -0.000000 0.000000 1.000000 0.000000 -0.000000 -1.000000 -0.000000 0.000000 1.000000 0.000000 -0.000000 -1.000000 -0.000000 0.000000 1.000000 0.000000 -0.000000 -1.000000 -0.000000 0.000000 1.000000 0.000000 -0.000000 -1.000000 -0.000000 0.000000 1.000000 0.000000 -0.000000 -1.000000 -0.000000 0.000000 1.000000 0.000000 -0.000000 -1.000000 -0.000000 0.000000 1.000000 0.000000 -0.000000 -1.000000 -0.000000 0.000000 1.000000 0.000000 -0.000000 -1.000000 -0.000000 0.000000 1.000000 0.000000 -0.000000 -1.000000 -0.000000 0.000000 1.000000 0.000000 -0.000000 -1.000000 -0.000000 0.000000 1.000000 0.000000 -0.000000 -1.000000 -0.000000 0.000000 1.000000 0.000000 -0.000000 -1.000000 -0.000000 0.000000 1.000000 0.000000 -0.000000 -1.000000 -0.000000 0.000000 1.000000 0.000000 -0.000000 -1.000000 -0.000000 0.000000 1.000000 0.000000 -0.000000 -1.000000 -0.000000 0.000000 1.000000 0.000000 -0.000000 -1.000000 -0.000000 0.000000 1.000000 0.000000 -0.000000 -1.000000 -0.000000 0.000000 1.000000 0.000000 -0.000000 -1.000000 -0.000000 0.000000 1.000000 0.000000 -0.000000 -1.000000 -0.000000 0.000000 1.000000 0.000000 -0.000000 -1.000000 -0.000000 0.000000 1.000000 0.000000 -0.000000 -1.000000 -0.000000 0.000000 1.000000 0.000000 -0.000000 -1.000000 -0.000000 0.000000 1.000000 0.000000 -0.000000 -1.000000 -0.000000 0.000000 1.000000 0.000000 -0.000000 -1.000000 -0.000000 0.000000 1.000000 0.000000 -0.000000 -1.000000 -0.000000 0.000000 1.000000 0.000000 -0.000000 -1.000000 -0.000000 0.000000 1.000000 0.000000 -0.000000 -1.000000 -0.000000 0.000000 1.000000 0.000000 -0.000000 -1.000000 -0.000000 0.000000 1.000000 0.000000 -0.000000 -1.000000 -0.000000 0.000000 1.000000 0.000000 -0.000000 -1.000000 -0.000000 0.000000 1.000000 0.000000 -0.000000 -1.000000 -0.000000 0.000000 1.000000 0.000000 -0.000000 -1.000000 -0.000000 -0.000000 1.000000 0.000000 0.000000 -1.000000 -0.000000 0.000000 1.000000 0.000000 -0.000000 -1.000000 -0.000000 -0.000000 1.000000 0.000000 0.000000 -1.000000 -0.000000</float_array>
          <technique_common>
            <accessor source="#NA" count="8480" stride="3">
              <param name="X" type="float" />
              <param name="Y" type="float" />
              <param name="Z" type="float" />
            </accessor>
          </technique_common>
        </source>
        <vertices id="V"><input semantic="POSITION" source="#P" /></vertices>
        <triangles count="8480">
          <input semantic="VERTEX" source="#V" offset="0" />
          <input semantic="NORMAL" source="#N" offset="1" />
          <p>0 0 1 0 2 0 0 1 2 1 1 1 0 2 2 2 3 2 0 3 3 3 2 3 4 4 5 4 6 4 4 5 6 5 5 5 4 6 6 6 7 6 4 7 7 7 6 7 8 8 9 8 10 8 8 9 10 9 9 9 8 10 10 10 11 10 8 11 11 11 10 11 12 12 13 12 14 12 12 13 14 13 13 13 12 14 14 14 15 14 12 15 15 15 14 15 16 16 17 16 18 16 16 17 18 17 17 17 16 18 18 18 19 18 16 19 19 19 18 19 20 20 21 20 22 20 20 21 22 21 21 21 20 22 22 22 23 22 20 23 23 23 22 23 24 24 25 24 26 24 24 25 26 25 25 25 24 26 26 26 27 26 24 27 27 27 26 27 28 28 29 28 30 28 28 29 30 29 29 29 28 30 30 30 31 30 28 31 31 31 30 31 32 32 33 32 34 32 32 33 34 33 33 33 32 34 34 34 35 34 32 35 35 35 34 35 36 36 37 36 38 36 36 37 38 37 37 37 36 38 38 38 39 38 36 39 39 39 38 39 40 40 41 40 42 40 40 41 42 41 41 41 40 42 42 42 43 42 40 43 43 43 42 43 44 44 45 44 46 44 44 45 46 45 45 45 44 46 46 46 47 46 44 47 47 47 46 47 48 48 49 48 50 48 48 49 50 49 49 49 48 50 50 50 51 50 48 51 51 51 50 51 52 52 53 52 54 52 52 53 54 53 53 53 52 54 54 54 55 54 52 55 55 55 54 55 56 56 57 56 58 56 56 57 58 57 57 57 56 58 58 58 59 58 56 59 59 59 58 59 60 60 61 60 62 60 60 61 62 61 61 61 60 62 62 62 63 62 60 63 63 63 62 63 64 64 65 64 66 64 64 65 66 65 65 65 64 66 66 66 67 66 64 67 67 67 66 67 68 68 69 68 70 68 68 69 70 69 69 69 68 70 70 70 71 70 68 71 71 71 70 71 72 72 73 72 74 72 72 73 74 73 73 73 72 74 74 74 75 74 72 75 75 75 74 75 76 76 77 76 78 76 76 77 78 77 77 77 76 78 78 78 79 78 76 79 79 79 78 79 80 80 81 80 82 80 80 81 82 81 81 81 80 82 82 82 83 82 80 83 83 83 82 83 84 84 85 84 86 84 84 85 86 85 85 85 84 86 86 86 87 86 84 87 87 87 86 87 88 88 89 88 90 88 88 89 90 89 89 89 88 90 90 90 91 90 88 91 91 91 90 91 92 92 93 92 94 92 92 93 94 93 93 93 92 94 94 94 95 94 92 95 95 95 94 95 96 96 97 96 98 96 96 97 98 97 97 97 96 98 98 98 99 98 96 99 99 99 98 99 100 100 101 100 102 100 100 101 102 101 101 101 100 102 102 102 103 102 100 103 103 103 102 103 104 104 105 104 106 104 104 105 106 105 105 105 104 106 106 106 107 106 104 107 107 107 106 107 108 108 109 108 110 108 108 109 110 109 109 109 108 110 110 110 111 110 108 111 111 111 110 111 112 112 113 112 114 112 112 113 114 113 113 113 112 114 114 114 115 114 112 115 115 115 114 115 116 116 117 116 118 116 116 117 118 117 117 117 116 118 118 118 119 118 116 119 119 119 118 119 120 120 121 120 122 120 120 121 122 121 121 121 120 122 122 122 123 122 120 123 123 123 122 123 124 124 125 124 126 124 124 125 126 125 125 125 124 126 126 126 127 126 124 127 127 127 126 127 128 128 129 128 130 128 128 129 130 129 129 129 128 130 130 130 131 130 128 131 131 131 130 131 132 132 133 132 134 132 132 133 134 133 133 133 132 134 134 134 135 134 132 135 135 135 134 135 136 136 137 136 138 136 136 137 138 137 137 137 136 138 138 138 139 138 136 139 139 139 138 139 140 140 141 140 142 140 140 141 142 141 141 141 140 142 142 142 143 142 140 143 143 143 142 143 144 144 145 144 146 144 144 145 146 145 145 145 144 146 146 146 147 146 144 147 147 147 146 147 148 148 149 148 150 148 148 149 150 149 149 149 148 150 150 150 151 150 148 151 151 151 150 151 152 152 153 152 154 152 152 153 154 153 153 153 152 154 154 154 155 154 152 155 155 155 154 155 156 156 157 156 158 156 156 157 158 157 157 157 156 158 158 158 159 158 156 159 159 159 158 159 160 160 161 160 162 160 160 161 162 161 161 161 160 162 162 162 163 162 160 163 163 163 162 163 164 164 165 164 166 164 164 165 166 165 165 165 164 166 166 166 167 166 164 167 167 167 166 167 168 168 169 168 170 168 168 169 170 169 169 169 168 170 170 170 171 170 168 171 171 171 170 171 172 172 173 172 174 172 172 173 174 173 173 173 172 174 174 174 175 174 172 175 175 175 174 175 176 176 177 176 178 176 176 177 178 177 177 177 176 178 178 178 179 178 176 179 179 179 178 179 180 180 181 180 182 180 180 181 182 181 181 181 180 182 182 182 183 182 180 183 183 183 182 183 184 184 185 184 186 184 184 185 186 185 185 185 184 186 186 186 187 186 184 187 187 187 186 187 188 188 189 188 190 188 188 189 190 189 189 189 188 190 190 190 191 190 188 191 191 191 190 191 192 192 193 192 194 192 192 193 194 193 193 193 192 194 194 194 195 194 192 195 195 195 194 195 196 196 197 196 198 196 196 197 198 197 197 197 196 198 198 198 199 198 196 199 199 199 198 199 200 200 201 200 202 200 200 201 202 201 201 201 200 202 202 202 203 202 200 203 203 203 202 203 204 204 205 204 206 204 204 205 206 205 205 205 204 206 206 206 207 206 204 207 207 207 206 207 208 208 209 208 210 208 208 209 210 209 209 209 208 210 210 210 211 210 208 211 211 211 210 211 212 212 213 212 214 212 212 213 214 213 213 213 212 214 214 214 215 214 212 215 215 215 214 215 216 216 217 216 218 216 216 217 218 217 217 217 216 218 218 218 219 218 216 219 219 219 218 219 220 220 221 220 222 220 220 221 222 221 221 221 220 222 222 222 223 222 220 223 223 223 222 223 224 224 225 224 226 224 224 225 226 225 225 225 224 226 226 226 227 226 224 227 227 227 226 227 228 228 229 228 230 228 228 229 230 229 229 229 228 230 230 230 231 230 228 231 231 231 230 231 232 232 233 232 234 232 232 233 234 233 233 233 232 234 234 234 235 234 232 235 235 235 234 235 236 236 237 236 238 236 236 237 238 237 237 237 236 238 238 238 239 238 236 239 239 239 238 239 240 240 241 240 242 240 240 241 242 241 241 241 240 242 242 242 243 242 240 243 243 243 242 243 244 244 245 244 246 244 244 245 246 245 245 245 244 246 246 246 247 246 244 247 247 247 246 247 248 248 249 248 250 248 248 249 250 249 249 249 248 250 250 250 251 250 248 251 251 251 250 251 252 252 253 252 254 252 252 253 254 253 253 253 252 254 254 254 255 254 252 255 255 255 254 255 256 256 257 256 258 256 256 257 258 257 257 257 256 258 258 258 259 258 256 259 259 259 258 259 260 260 261 260 262 260 260 261 262 261 261 261 260 262 262 262 263 262 260 263 263 263 262 263 264 264 265 264 266 264 264 265 266 265 265 265 264 266 266 266 267 266 264 267 267 267 266 267 268 268 269 268 270 268 268 269 270 269 269 269 268 270 270 270 271 270 268 271 271 271 270 271 272 272 273 272 274 272 272 273 274 273 273 273 272 274 274 274 275 274 272 275 275 275 274 275 276 276 277 276 278 276 276 277 278 277 277 277 276 278 278 278 279 278 276 279 279 279 278 279 280 280 281 280 282 280 280 281 282 281 281 281 280 282 282 282 283 282 280 283 283 283 282 283 284 284 285 284 286 284 284 285 286 285 285 285 284 286 286 286 287 286 284 287 287 287 286 287 288 288 289 288 290 288 288 289 290 289 289 289 288 290 290 290 291 290 288 291 291 291 290 291 292 292 293 292 294 292 292 293 294 293 293 293 292 294 294 294 295 294 292 295 295 295 294 295 296 296 297 296 298 296 296 297 298 297 297 297 296 298 298 298 299 298 296 299 299 299 298 299 300 300 301 300 302 300 300 301 302 301 301 301 300 302 302 302 303 302 300 303 303 303 302 303 304 304 305 304 306 304 304 305 306 305 305 305 304 306 306 306 307 306 304 307 307 307 306 307 308 308 309 308 310 308 308 309 310 309 309 309 308 310 310 310 311 310 308 311 311 311 310 311 312 312 313 312 314 312 312 313 314 313 313 313 312 314 314 314 315 314 312 315 315 315 314 315 316 316 317 316 318 316 316 317 318 317 317 317 316 318 318 318 319 318 316 319 319 319 318 319 320 320 321 320 322 320 320 321 322 321 321 321 320 322 322 322 323 322 320 323 323 323 322 323 324 324 325 324 326 324 324 325 326 325 325 325 324 326 326 326 327 326 324 327 327 327 326 327 328 328 329 328 330 328 328 329 330 329 329 329 328 330 330 330 331 330 328 331 331 331 330 331 332 332 333 332 334 332 332 333 334 333 333 333 332 334 334 334 335 334 332 335 335 335 334 335 336 336 337 336 338 336 336 337 338 337 337 337 336 338 338 338 339 338 336 339 339 339 338 339 340 340 341 340 342 340 340 341 342 341 341 341 340 342 342 342 343 342 340 343 343 343 342 343 344 344 345 344 346 344 344 345 346 345 345 345 344 346 346 346 347 346 344 347 347 347 346 347 348 348 349 348 350 348 348 349 350 349 349 349 348 350 350 350 351 350 348 351 351 351 350 351 352 352 353 352 354 352 352 353 354 353 353 353 352 354 354 354 355 354 352 355 355 355 354 355 356 356 357 356 358 356 356 357 358 357 357 357 356 358 358 358 359 358 356 359 359 359 358 359 360 360 361 360 362 360 360 361 362 361 361 361 360 362 362 362 363 362 360 363 363 363 362 363 364 364 365 364 366 364 364 365 366 365 365 365 364 366 366 366 367 366 364 367 367 367 366 367 368 368 369 368 370 368 368 369 370 369 369 369 368 370 370 370 371 370 368 371 371 371 370 371 372 372 373 372 374 372 372 373 374 373 373 373 372 374 374 374 375 374 372 375 375 375 374 375 376 376 377 376 378 376 376 377 378 377 377 377 376 378 378 378 379 378 376 379 379 379 378 379 380 380 381 380 382 380 380 381 382 381 381 381 380 382 382 382 383 382 380 383 383 383 382 383 384 384 385 384 386 384 384 385 386 385 385 385 384 386 386 386 387 386 384 387 387 387 386 387 388 388 389 388 390 388 388 389 390 389 389 389 388 390 390 390 391 390 388 391 391 391 390 391 392 392 393 392 394 392 392 393 394 393 393 393 392 394 394 394 395 394 392 395 395 395 394 395 396 396 397 396 398 396 396 397 398 397 397 397 396 398 398 398 399 398 396 399 399 399 398 399 400 400 401 400 402 400 400 401 402 401 401 401 400 402 402 402 403 402 400 403 403 403 402 403 404 404 405 404 406 404 404 405 406 405 405 405 404 406 406 406 407 406 404 407 407 407 406 407 408 408 409 408 410 408 408 409 410 409 409 409 408 410 410 410 411 410 408 411 411 411 410 411 412 412 413 412 414 412 412 413 414 413 413 413 412 414 414 414 415 414 412 415 415 415 414 415 416 416 417 416 418 416 416 417 418 417 417 417 416 418 418 418 419 418 416 419 419 419 418 419 420 420 421 420 422 420 420 421 422 421 421 421 420 422 422 422 423 422 420 423 423 423 422 423 424 424 425 424 426 424 424 425 426 425 425 425 424 426 426 426 427 426 424 427 427 427 426 427 428 428 429 428 430 428 428 429 430 429 429 429 428 430 430 430 431 430 428 431 431 431 430 431 432 432 433 432 434 432 432 433 434 433 433 433 432 434 434 434 435 434 432 435 435 435 434 435 436 436 437 436 438 436 436 437 438 437 437 437 436 438 438 438 439 438 436 439 439 439 438 439 440 440 441 440 442 440 440 441 442 441 441 441 440 442 442 442 443 442 440 443 443 443 442 443 444 444 445 444 446 444 444 445 446 445 445 445 444 446 446 446 447 446 444 447 447 447 446 447 448 448 449 448 450 448 448 449 450 449 449 449 448 450 450 450 451 450 448 451 451 451 450 451 452 452 453 452 454 452 452 453 454 453 453 453 452 454 454 454 455 454 452 455 455 455 454 455 456 456 457 456 458 456 456 457 458 457 457 457 456 458 458 458 459 458 456 459 459 459 458 459 460 460 461 460 462 460 460 461 462 461 461 461 460 462 462 462 463 462 460 463 463 463 462 463 464 464 465 464 466 464 464 465 466 465 465 465 464 466 466 466 467 466 464 467 467 467 466 467 468 468 469 468 470 468 468 469 470 469 469 469 468 470 470 470 471 470 468 471 471 471 470 471 472 472 473 472 474 472 472 473 474 473 473 473 472 474 474 474 475 474 472 475 475 475 474 475 476 476 477 476 478 476 476 477 478 477 477 477 476 478 478 478 479 478 476 479 479 479 478 479 480 480 481 480 482 480 480 481 482 481 481 481 480 482 482 482 483 482 480 483 483 483 482 483 484 484 485 484 486 484 484 485 486 485 485 485 484 486 486 486 487 486 484 487 487 487 486 487 488 488 489 488 490 488 488 489 490 489 489 489 488 490 490 490 491 490 488 491 491 491 490 491 492 492 493 492 494 492 492 493 494 493 493 493 492 494 494 494 495 494 492 495 495 495 494 495 496 496 497 496 498 496 496 497 498 497 497 497 496 498 498 498 499 498 496 499 499 499 498 499 500 500 501 500 502 500 500 501 502 501 501 501 500 502 502 502 503 502 500 503 503 503 502 503 504 504 505 504 506 504 504 505 506 505 505 505 504 506 506 506 507 506 504 507 507 507 506 507 508 508 509 508 510 508 508 509 510 509 509 509 508 510 510 510 511 510 508 511 511 511 510 511 512 512 513 512 514 512 512 513 514 513 513 513 512 514 514 514 515 514 512 515 515 515 514 515 516 516 517 516 518 516 516 517 518 517 517 517 516 518 518 518 519 518 516 519 519 519 518 519 520 520 521 520 522 520 520 521 522 521 521 521 520 522 522 522 523 522 520 523 523 523 522 523 524 524 525 524 526 524 524 525 526 525 525 525 524 526 526 526 527 526 524 527 527 527 526 527 528 528 529 528 530 528 528 529 530 529 529 529 528 530 530 530 531 530 528 531 531 531 530 531 532 532 533 532 534 532 532 533 534 533 533 533 532 534 534 534 535 534 532 535 535 535 534 535 536 536 537 536 538 536 536 537 538 537 537 537 536 538 538 538 539 538 536 539 539 539 538 539 540 540 541 540 542 540 540 541 542 541 541 541 540 542 542 542 543 542 540 543 543 543 542 543 544 544 545 544 546 544 544 545 546 545 545 545 544 546 546 546 547 546 544 547 547 547 546 547 548 548 549 548 550 548 548 549 550 549 549 549 548 550 550 550 551 550 548 551 551 551 550 551 552 552 553 552 554 552 552 553 554 553 553 553 552 554 554 554 555 554 552 555 555 555 554 555 556 556 557 556 558 556 556 557 558 557 557 557 556 558 558 558 559 558 556 559 559 559 558 559 560 560 561 560 562 560 560 561 562 561 561 561 560 562 562 562 563 562 560 563 563 563 562 563 564 564 565 564 566 564 564 565 566 565 565 565 564 566 566 566 567 566 564 567 567 567 566 567 568 568 569 568 570 568 568 569 570 569 569 569 568 570 570 570 571 570 568 571 571 571 570 571 572 572 573 572 574 572 572 573 574 573 573 573 572 574 574 574 575 574 572 575 575 575 574 575 576 576 577 576 578 576 576 577 578 577 577 577 576 578 578 578 579 578 576 579 579 579 578 579 580 580 581 580 582 580 580 581 582 581 581 581 580 582 582 582 583 582 580 583 583 583 582 583 584 584 585 584 586 584 584 585 586 585 585 585 584 586 586 586 587 586 584 587 587 587 586 587 588 588 589 588 590 588 588 589 590 589 589 589 588 590 590 590 591 590 588 591 591 591 590 591 592 592 593 592 594 592 592 593 594 593 593 593 592 594 594 594 595 594 592 595 595 595 594 595 596 596 597 596 598 596 596 597 598 597 597 597 596 598 598 598 599 598 596 599 599 599 598 599 600 600 601 600 602 600 600 601 602 601 601 601 600 602 602 602 603 602 600 603 603 603 602 603 604 604 605 604 606 604 604 605 606 605 605 605 604 606 606 606 607 606 604 607 607 607 606 607 608 608 609 608 610 608 608 609 610 609 609 609 608 610 610 610 611 610 608 611 611 611 610 611 612 612 613 612 614 612 612 613 614 613 613 613 612 614 614 614 615 614 612 615 615 615 614 615 616 616 617 616 618 616 616 617 618 617 617 617 616 618 618 618 619 618 616 619 619 619 618 619 620 620 621 620 622 620 620 621 622 621 621 621 620 622 622 622 623 622 620 623 623 623 622 623 624 624 625 624 626 624 624 625 626 625 625 625 624 626 626 626 627 626 624 627 627 627 626 627 628 628 629 628 630 628 628 629 630 629 629 629 628 630 630 630 631 630 628 631 631 631 630 631 632 632 633 632 634 632 632 633 634 633 633 633 632 634 634 634 635 634 632 635 635 635 634 635 636 636 637 636 638 636 636 637 638 637 637 637 636 638 638 638 639 638 636 639 639 639 638 639 640 640 641 640 642 640 640 641 642 641 641 641 640 642 642 642 643 642 640 643 643 643 642 643 644 644 645 644 646 644 644 645 646 645 645 645 644 646 646 646 647 646 644 647 647 647 646 647 648 648 649 648 650 648 648 649 650 649 649 649 648 650 650 650 651 650 648 651 651 651 650 651 652 652 653 652 654 652 652 653 654 653 653 653 652 654 654 654 655 654 652 655 655 655 654 655 656 656 657 656 658 656 656 657 658 657 657 657 656 658 658 658 659 658 656 659 659 659 658 659 660 660 661 660 662 660 660 661 662 661 661 661 660 662 662 662 663 662 660 663 663 663 662 663 664 664 665 664 666 664 664 665 666 665 665 665 664 666 666 666 667 666 664 667 667 667 666 667 668 668 669 668 670 668 668 669 670 669 669 669 668 670 670 670 671 670 668 671 671 671 670 671 672 672 673 672 674 672 672 673 674 673 673 673 672 674 674 674 675 674 672 675 675 675 674 675 676 676 677 676 678 676 676 677 678 677 677 677 676 678 678 678 679 678 676 679 679 679 678 679 680 680 681 680 682 680 680 681 682 681 681 681 680 682 682 682 683 682 680 683 683 683 682 683 684 684 685 684 686 684 684 685 686 685 685 685 684 686 686 686 687 686 684 687 687 687 686 687 688 688 689 688 690 688 688 689 690 689 689 689 688 690 690 690 691 690 688 691 691 691 690 691 692 692 693 692 694 692 692 693 694 693 693 693 692 694 694 694 695 694 692 695 695 695 694 695 696 696 697 696 698 696 696 697 698 697 697 697 696 698 698 698 699 698 696 699 699 699 698 699 700 700 701 700 702 700 700 701 702 701 701 701 700 702 702 702 703 702 700 703 703 703 702 703 704 704 705 704 706 704 704 705 706 705 705 705 704 706 706 706 707 706 704 707 707 707 706 707 708 708 709 708 710 708 708 709 710 709 709 709 708 710 710 710 711 710 708 711 711 711 710 711 712 712 713 712 714 712 712 713 714 713 713 713 712 714 714 714 715 714 712 715 715 715 714 715 716 716 717 716 718 716 716 717 718 717 717 717 716 718 718 718 719 718 716 719 719 719 718 719 720 720 721 720 722 720 720 721 722 721 721 721 720 722 722 722 723 722 720 723 723 723 722 723 724 724 725 724 726 724 724 725 726 725 725 725 724 726 726 726 727 726 724 727 727 727 726 727 728 728 729 728 730 728 728 729 730 729 729 729 728 730 730 730 731 730 728 731 731 731 730 731 732 732 733 732 734 732 732 733 734 733 733 733 732 734 734 734 735 734 732 735 735 735 734 735 736 736 737 736 738 736 736 737 738 737 737 737 736 738 738 738 739 738 736 739 739 739 738 739 740 740 741 740 742 740 740 741 742 741 741 741 740 742 742 742 743 742 740 743 743 743 742 743 744 744 745 744 746 744 744 745 746 745 745 745 744 746 746 746 747 746 744 747 747 747 746 747 748 748 749 748 750 748 748 749 750 749 749 749 748 750 750 750 751 750 748 751 751 751 750 751 752 752 753 752 754 752 752 753 754 753 753 753 752 754 754 754 755 754 752 755 755 755 754 755 756 756 757 756 758 756 756 757 758 757 757 757 756 758 758 758 759 758 756 759 759 759 758 759 760 760 761 760 762 760 760 761 762 761 761 761 760 762 762 762 763 762 760 763 763 763 762 763 764 764 765 764 766 764 764 765 766 765 765 765 764 766 766 766 767 766 764 767 767 767 766 767 768 768 769 768 770 768 768 769 770 769 769 769 768 770 770 770 771 770 768 771 771 771 770 771 772 772 773 772 774 772 772 773 774 773 773 773 772 774 774 774 775 774 772 775 775 775 774 775 776 776 777 776 778 776 776 777 778 777 777 777 776 778 778 778 779 778 776 779 779 779 778 779 780 780 781 780 782 780 780 781 782 781 781 781 780 782 782 782 783 782 780 783 783 783 782 783 784 784 785 784 786 784 784 785 786 785 785 785 784 786 786 786 787 786 784 787 787 787 786 787 788 788 789 788 790 788 788 789 790 789 789 789 788 790 790 790 791 790 788 791 791 791 790 791 792 792 793 792 794 792 792 793 794 793 793 793 792 794 794 794 795 794 792 795 795 795 794 795 796 796 797 796 798 796 796 797 798 797 797 797 796 798 798 798 799 798 796 799 799 799 798 799 800 800 801 800 802 800 800 801 802 801 801 801 800 802 802 802 803 802 800 803 803 803 802 803 804 804 805 804 806 804 804 805 806 805 805 805 804 806 806 806 807 806 804 807 807 807 806 807 808 808 809 808 810 808 808 809 810 809 809 809 808 810 810 810 811 810 808 811 811 811 810 811 812 812 813 812 814 812 812 813 814 813 813 813 812 814 814 814 815 814 812 815 815 815 814 815 816 816 817 816 818 816 816 817 818 817 817 817 816 818 818 818 819 818 816 819 819 819 818 819 820 820 821 820 822 820 820 821 822 821 821 821 820 822 822 822 823 822 820 823 823 823 822 823 824 824 825 824 826 824 824 825 826 825 825 825 824 826 826 826 827 826 824 827 827 827 826 827 828 828 829 828 830 828 828 829 830 829 829 829 828 830 830 830 831 830 828 831 831 831 830 831 832 832 833 832 834 832 832 833 834 833 833 833 832 834 834 834 835 834 832 835 835 835 834 835 836 836 837 836 838 836 836 837 838 837 837 837 836 838 838 838 839 838 836 839 839 839 838 839 840 840 841 840 842 840 840 841 842 841 841 841 840 842 842 842 843 842 840 843 843 843 842 843 844 844 845 844 846 844 844 845 846 845 845 845 844 846 846 846 847 846 844 847 847 847 846 847 848 848 849 848 850 848 848 849 850 849 849 849 848 850 850 850 851 850 848 851 851 851 850 851 852 852 853 852 854 852 852 853 854 853 853 853 852 854 854 854 855 854 852 855 855 855 854 855 856 856 857 856 858 856 856 857 858 857 857 857 856 858 858 858 859 858 856 859 859 859 858 859 860 860 861 860 862 860 860 861 862 861 861 861 860 862 862 862 863 862 860 863 863 863 862 863 864 864 865 864 866 864 864 865 866 865 865 865 864 866 866 866 867 866 864 867 867 867 866 867 868 868 869 868 870 868 868 869 870 869 869 869 868 870 870 870 871 870 868 871 871 871 870 871 872 872 873 872 874 872 872 873 874 873 873 873 872 874 874 874 875 874 872 875 875 875 874 875 876 876 877 876 878 876 876 877 878 877 877 877 876 878 878 878 879 878 876 879 879 879 878 879 880 880 881 880 882 880 880 881 882 881 881 881 880 882 882 882 883 882 880 883 883 883 882 883 884 884 885 884 886 884 884 885 886 885 885 885 884 886 886 886 887 886 884 887 887 887 886 887 888 888 889 888 890 888 888 889 890 889 889 889 888 890 890 890 891 890 888 891 891 891 890 891 892 892 893 892 894 892 892 893 894 893 893 893 892 894 894 894 895 894 892 895 895 895 894 895 896 896 897 896 898 896 896 897 898 897 897 897 896 898 898 898 899 898 896 899 899 899 898 899 900 900 901 900 902 900 900 901 902 901 901 901 900 902 902 902 903 902 900 903 903 903 902 903 904 904 905 904 906 904 904 905 906 905 905 905 904 906 906 906 907 906 904 907 907 907 906 907 908 908 909 908 910 908 908 909 910 909 909 909 908 910 910 910 911 910 908 911 911 911 910 911 912 912 913 912 914 912 912 913 914 913 913 913 912 914 914 914 915 914 912 915 915 915 914 915 916 916 917 916 918 916 916 917 918 917 917 917 916 918 918 918 919 918 916 919 919 919 918 919 920 920 921 920 922 920 920 921 922 921 921 921 920 922 922 922 923 922 920 923 923 923 922 923 924 924 925 924 926 924 924 925 926 925 925 925 924 926 926 926 927 926 924 927 927 927 926 927 928 928 929 928 930 928 928 929 930 929 929 929 928 930 930 930 931 930 928 931 931 931 930 931 932 932 933 932 934 932 932 933 934 933 933 933 932 934 934 934 935 934 932 935 935 935 934 935 936 936 937 936 938 936 936 937 938 937 937 937 936 938 938 938 939 938 936 939 939 939 938 939 940 940 941 940 942 940 940 941 942 941 941 941 940 942 942 942 943 942 940 943 943 943 942 943 944 944 945 944 946 944 944 945 946 945 945 945 944 946 946 946 947 946 944 947 947 947 946 947 948 948 949 948 950 948 948 949 950 949 949 949 948 950 950 950 951 950 948 951 951 951 950 951 952 952 953 952 954 952 952 953 954 953 953 953 952 954 954 954 955 954 952 955 955 955 954 955 956 956 957 956 958 956 956 957 958 957 957 957 956 958 958 958 959 958 956 959 959 959 958 959 960 960 961 960 962 960 960 961 962 961 961 961 960 962 962 962 963 962 960 963 963 963 962 963 964 964 965 964 966 964 964 965 966 965 965 965 964 966 966 966 967 966 964 967 967 967 966 967 968 968 969 968 970 968 968 969 970 969 969 969 968 970 970 970 971 970 968 971 971 971 970 971 972 972 973 972 974 972 972 973 974 973 973 973 972 974 974 974 975 974 972 975 975 975 974 975 976 976 977 976 978 976 976 977 978 977 977 977 976 978 978 978 979 978 976 979 979 979 978 979 980 980 981 980 982 980 980 981 982 981 981 981 980 982 982 982 983 982 980 983 983 983 982 983 984 984 985 984 986 984 984 985 986 985 985 985 984 986 986 986 987 986 984 987 987 987 986 987 988 988 989 988 990 988 988 989 990 989 989 989 988 990 990 990 991 990 988 991 991 991 990 991 992 992 993 992 994 992 992 993 994 993 993 993 992 994 994 994 995 994 992 995 995 995 994 995 996 996 997 996 998 996 996 997 998 997 997 997 996 998 998 998 999 998 996 999 999 999 998 999 1000 1000 1001 1000 1002 1000 1000 1001 1002 1001 1001 1001 1000 1002 1002 1002 1003 1002 1000 1003 1003 1003 1002 1003 1004 1004 1005 1004 1006 1004 1004 1005 1006 1005 1005 1005 1004 1006 1006 1006 1007 1006 1004 1007 1007 1007 1006 1007 1008 1008 1009 1008 1010 1008 1008 1009 1010 1009 1009 1009 1008 1010 1010 1010 1011 1010 1008 1011 1011 1011 1010 1011 1012 1012 1013 1012 1014 1012 1012 1013 1014 1013 1013 1013 1012 1014 1014 1014 1015 1014 1012 1015 1015 1015 1014 1015 1016 1016 1017 1016 1018 1016 1016 1017 1018 1017 1017 1017 1016 1018 1018 1018 1019 1018 1016 1019 1019 1019 1018 1019 1020 1020 1021 1020 1022 1020 1020 1021 1022 1021 1021 1021 1020 1022 1022 1022 1023 1022 1020 1023 1023 1023 1022 1023 1024 1024 1025 1024 1026 1024 1024 1025 1026 1025 1025 1025 1024 1026 1026 1026 1027 1026 1024 1027 1027 1027 1026 1027 1028 1028 1029 1028 1030 1028 1028 1029 1030 1029 1029 1029 1028 1030 1030 1030 1031 1030 1028 1031 1031 1031 1030 1031 1032 1032 1033 1032 1034 1032 1032 1033 1034 1033 1033 1033 1032 1034 1034 1034 1035 1034 1032 1035 1035 1035 1034 1035 1036 1036 1037 1036 1038 1036 1036 1037 1038 1037 1037 1037 1036 1038 1038 1038 1039 1038 1036 1039 1039 1039 1038 1039 1040 1040 1041 1040 1042 1040 1040 1041 1042 1041 1041 1041 1040 1042 1042 1042 1043 1042 1040 1043 1043 1043 1042 1043 1044 1044 1045 1044 1046 1044 1044 1045 1046 1045 1045 1045 1044 1046 1046 1046 1047 1046 1044 1047 1047 1047 1046 1047 1048 1048 1049 1048 1050 1048 1048 1049 1050 1049 1049 1049 1048 1050 1050 1050 1051 1050 1048 1051 1051 1051 1050 1051 1052 1052 1053 1052 1054 1052 1052 1053 1054 1053 1053 1053 1052 1054 1054 1054 1055 1054 1052 1055 1055 1055 1054 1055 1056 1056 1057 1056 1058 1056 1056 1057 1058 1057 1057 1057 1056 1058 1058 1058 1059 1058 1056 1059 1059 1059 1058 1059 1060 1060 1061 1060 1062 1060 1060 1061 1062 1061 1061 1061 1060 1062 1062 1062 1063 1062 1060 1063 1063 1063 1062 1063 1064 1064 1065 1064 1066 1064 1064 1065 1066 1065 1065 1065 1064 1066 1066 1066 1067 1066 1064 1067 1067 1067 1066 1067 1068 1068 1069 1068 1070 1068 1068 1069 1070 1069 1069 1069 1068 1070 1070 1070 1071 1070 1068 1071 1071 1071 1070 1071 1072 1072 1073 1072 1074 1072 1072 1073 1074 1073 1073 1073 1072 1074 1074 1074 1075 1074 1072 1075 1075 1075 1074 1075 1076 1076 1077 1076 1078 1076 1076 1077 1078 1077 1077 1077 1076 1078 1078 1078 1079 1078 1076 1079 1079 1079 1078 1079 1080 1080 1081 1080 1082 1080 1080 1081 1082 1081 1081 1081 1080 1082 1082 1082 1083 1082 1080 1083 1083 1083 1082 1083 1084 1084 1085 1084 1086 1084 1084 1085 1086 1085 1085 1085 1084 1086 1086 1086 1087 1086 1084 1087 1087 1087 1086 1087 1088 1088 1089 1088 1090 1088 1088 1089 1090 1089 1089 1089 1088 1090 1090 1090 1091 1090 1088 1091 1091 1091 1090 1091 1092 1092 1093 1092 1094 1092 1092 1093 1094 1093 1093 1093 1092 1094 1094 1094 1095 1094 1092 1095 1095 1095 1094 1095 1096 1096 1097 1096 1098 1096 1096 1097 1098 1097 1097 1097 1096 1098 1098 1098 1099 1098 1096 1099 1099 1099 1098 1099 1100 1100 1101 1100 1102 1100 1100 1101 1102 1101 1101 1101 1100 1102 1102 1102 1103 1102 1100 1103 1103 1103 1102 1103 1104 1104 1105 1104 1106 1104 1104 1105 1106 1105 1105 1105 1104 1106 1106 1106 1107 1106 1104 1107 1107 1107 1106 1107 1108 1108 1109 1108 1110 1108 1108 1109 1110 1109 1109 1109 1108 1110 1110 1110 1111 1110 1108 1111 1111 1111 1110 1111 1112 1112 1113 1112 1114 1112 1112 1113 1114 1113 1113 1113 1112 1114 1114 1114 1115 1114 1112 1115 1115 1115 1114 1115 1116 1116 1117 1116 1118 1116 1116 1117 1118 1117 1117 1117 1116 1118 1118 1118 1119 1118 1116 1119 1119 1119 1118 1119 1120 1120 1121 1120 1122 1120 1120 1121 1122 1121 1121 1121 1120 1122 1122 1122 1123 1122 1120 1123 1123 1123 1122 1123 1124 1124 1125 1124 1126 1124 1124 1125 1126 1125 1125 1125 1124 1126 1126 1126 1127 1126 1124 1127 1127 1127 1126 1127 1128 1128 1129 1128 1130 1128 1128 1129 1130 1129 1129 1129 1128 1130 1130 1130 1131 1130 1128 1131 1131 1131 1130 1131 1132 1132 1133 1132 1134 1132 1132 1133 1134 1133 1133 1133 1132 1134 1134 1134 1135 1134 1132 1135 1135 1135 1134 1135 1136 1136 1137 1136 1138 1136 1136 1137 1138 1137 1137 1137 1136 1138 1138 1138 1139 1138 1136 1139 1139 1139 1138 1139 1140 1140 1141 1140 1142 1140 1140 1141 1142 1141 1141 1141 1140 1142 1142 1142 1143 1142 1140 1143 1143 1143 1142 1143 1144 1144 1145 1144 1146 1144 1144 1145 1146 1145 1145 1145 1144 1146 1146 1146 1147 1146 1144 1147 1147 1147 1146 1147 1148 1148 1149 1148 1150 1148 1148 1149 1150 1149 1149 1149 1148 1150 1150 1150 1151 1150 1148 1151 1151 1151 1150 1151 1152 1152 1153 1152 1154 1152 1152 1153 1154 1153 1153 1153 1152 1154 1154 1154 1155 1154 1152 1155 1155 1155 1154 1155 1156 1156 1157 1156 1158 1156 1156 1157 1158 1157 1157 1157 1156 1158 1158 1158 1159 1158 1156 1159 1159 1159 1158 1159 1160 1160 1161 1160 1162 1160 1160 1161 1162 1161 1161 1161 1160 1162 1162 1162 1163 1162 1160 1163 1163 1163 1162 1163 1164 1164 1165 1164 1166 1164 1164 1165 1166 1165 1165 1165 1164 1166 1166 1166 1167 1166 1164 1167 1167 1167 1166 1167 1168 1168 1169 1168 1170 1168 1168 1169 1170 1169 1169 1169 1168 1170 1170 1170 1171 1170 1168 1171 1171 1171 1170 1171 1172 1172 1173 1172 1174 1172 1172 1173 1174 1173 1173 1173 1172 1174 1174 1174 1175 1174 1172 1175 1175 1175 1174 1175 1176 1176 1177 1176 1178 1176 1176 1177 1178 1177 1177 1177 1176 1178 1178 1178 1179 1178 1176 1179 1179 1179 1178 1179 1180 1180 1181 1180 1182 1180 1180 1181 1182 1181 1181 1181 1180 1182 1182 1182 1183 1182 1180 1183 1183 1183 1182 1183 1184 1184 1185 1184 1186 1184 1184 1185 1186 1185 1185 1185 1184 1186 1186 1186 1187 1186 1184 1187 1187 1187 1186 1187 1188 1188 1189 1188 1190 1188 1188 1189 1190 1189 1189 1189 1188 1190 1190 1190 1191 1190 1188 1191 1191 1191 1190 1191 1192 1192 1193 1192 1194 1192 1192 1193 1194 1193 1193 1193 1192 1194 1194 1194 1195 1194 1192 1195 1195 1195 1194 1195 1196 1196 1197 1196 1198 1196 1196 1197 1198 1197 1197 1197 1196 1198 1198 1198 1199 1198 1196 1199 1199 1199 1198 1199 1200 1200 1201 1200 1202 1200 1200 1201 1202 1201 1201 1201 1200 1202 1202 1202 1203 1202 1200 1203 1203 1203 1202 1203 1204 1204 1205 1204 1206 1204 1204 1205 1206 1205 1205 1205 1204 1206 1206 1206 1207 1206 1204 1207 1207 1207 1206 1207 1208 1208 1209 1208 1210 1208 1208 1209 1210 1209 1209 1209 1208 1210 1210 1210 1211 1210 1208 1211 1211 1211 1210 1211 1212 1212 1213 1212 1214 1212 1212 1213 1214 1213 1213 1213 1212 1214 1214 1214 1215 1214 1212 1215 1215 1215 1214 1215 1216 1216 1217 1216 1218 1216 1216 1217 1218 1217 1217 1217 1216 1218 1218 1218 1219 1218 1216 1219 1219 1219 1218 1219 1220 1220 1221 1220 1222 1220 1220 1221 1222 1221 1221 1221 1220 1222 1222 1222 1223 1222 1220 1223 1223 1223 1222 1223 1224 1224 1225 1224 1226 1224 1224 1225 1226 1225 1225 1225 1224 1226 1226 1226 1227 1226 1224 1227 1227 1227 1226 1227 1228 1228 1229 1228 1230 1228 1228 1229 1230 1229 1229 1229 1228 1230 1230 1230 1231 1230 1228 1231 1231 1231 1230 1231 1232 1232 1233 1232 1234 1232 1232 1233 1234 1233 1233 1233 1232 1234 1234 1234 1235 1234 1232 1235 1235 1235 1234 1235 1236 1236 1237 1236 1238 1236 1236 1237 1238 1237 1237 1237 1236 1238 1238 1238 1239 1238 1236 1239 1239 1239 1238 1239 1240 1240 1241 1240 1242 1240 1240 1241 1242 1241 1241 1241 1240 1242 1242 1242 1243 1242 1240 1243 1243 1243 1242 1243 1244 1244 1245 1244 1246 1244 1244 1245 1246 1245 1245 1245 1244 1246 1246 1246 1247 1246 1244 1247 1247 1247 1246 1247 1248 1248 1249 1248 1250 1248 1248 1249 1250 1249 1249 1249 1248 1250 1250 1250 1251 1250 1248 1251 1251 1251 1250 1251 1252 1252 1253 1252 1254 1252 1252 1253 1254 1253 1253 1253 1252 1254 1254 1254 1255 1254 1252 1255 1255 1255 1254 1255 1256 1256 1257 1256 1258 1256 1256 1257 1258 1257 1257 1257 1256 1258 1258 1258 1259 1258 1256 1259 1259 1259 1258 1259 1260 1260 1261 1260 1262 1260 1260 1261 1262 1261 1261 1261 1260 1262 1262 1262 1263 1262 1260 1263 1263 1263 1262 1263 1264 1264 1265 1264 1266 1264 1264 1265 1266 1265 1265 1265 1264 1266 1266 1266 1267 1266 1264 1267 1267 1267 1266 1267 1268 1268 1269 1268 1270 1268 1268 1269 1270 1269 1269 1269 1268 1270 1270 1270 1271 1270 1268 1271 1271 1271 1270 1271 1272 1272 1273 1272 1274 1272 1272 1273 1274 1273 1273 1273 1272 1274 1274 1274 1275 1274 1272 1275 1275 1275 1274 1275 1276 1276 1277 1276 1278 1276 1276 1277 1278 1277 1277 1277 1276 1278 1278 1278 1279 1278 1276 1279 1279 1279 1278 1279 1280 1280 1281 1280 1282 1280 1280 1281 1282 1281 1281 1281 1280 1282 1282 1282 1283 1282 1280 1283 1283 1283 1282 1283 1284 1284 1285 1284 1286 1284 1284 1285 1286 1285 1285 1285 1284 1286 1286 1286 1287 1286 1284 1287 1287 1287 1286 1287 1288 1288 1289 1288 1290 1288 1288 1289 1290 1289 1289 1289 1288 1290 1290 1290 1291 1290 1288 1291 1291 1291 1290 1291 1292 1292 1293 1292 1294 1292 1292 1293 1294 1293 1293 1293 1292 1294 1294 1294 1295 1294 1292 1295 1295 1295 1294 1295 1296 1296 1297 1296 1298 1296 1296 1297 1298 1297 1297 1297 1296 1298 1298 1298 1299 1298 1296 1299 1299 1299 1298 1299 1300 1300 1301 1300 1302 1300 1300 1301 1302 1301 1301 1301 1300 1302 1302 1302 1303 1302 1300 1303 1303 1303 1302 1303 1304 1304 1305 1304 1306 1304 1304 1305 1306 1305 1305 1305 1304 1306 1306 1306 1307 1306 1304 1307 1307 1307 1306 1307 1308 1308 1309 1308 1310 1308 1308 1309 1310 1309 1309 1309 1308 1310 1310 1310 1311 1310 1308 1311 1311 1311 1310 1311 1312 1312 1313 1312 1314 1312 1312 1313 1314 1313 1313 1313 1312 1314 1314 1314 1315 1314 1312 1315 1315 1315 1314 1315 1316 1316 1317 1316 1318 1316 1316 1317 1318 1317 1317 1317 1316 1318 1318 1318 1319 1318 1316 1319 1319 1319 1318 1319 1320 1320 1321 1320 1322 1320 1320 1321 1322 1321 1321 1321 1320 1322 1322 1322 1323 1322 1320 1323 1323 1323 1322 1323 1324 1324 1325 1324 1326 1324 1324 1325 1326 1325 1325 1325 1324 1326 1326 1326 1327 1326 1324 1327 1327 1327 1326 1327 1328 1328 1329 1328 1330 1328 1328 1329 1330 1329 1329 1329 1328 1330 1330 1330 1331 1330 1328 1331 1331 1331 1330 1331 1332 1332 1333 1332 1334 1332 1332 1333 1334 1333 1333 1333 1332 1334 1334 1334 1335 1334 1332 1335 1335 1335 1334 1335 1336 1336 1337 1336 1338 1336 1336 1337 1338 1337 1337 1337 1336 1338 1338 1338 1339 1338 1336 1339 1339 1339 1338 1339 1340 1340 1341 1340 1342 1340 1340 1341 1342 1341 1341 1341 1340 1342 1342 1342 1343 1342 1340 1343 1343 1343 1342 1343 1344 1344 1345 1344 1346 1344 1344 1345 1346 1345 1345 1345 1344 1346 1346 1346 1347 1346 1344 1347 1347 1347 1346 1347 1348 1348 1349 1348 1350 1348 1348 1349 1350 1349 1349 1349 1348 1350 1350 1350 1351 1350 1348 1351 1351 1351 1350 1351 1352 1352 1353 1352 1354 1352 1352 1353 1354 1353 1353 1353 1352 1354 1354 1354 1355 1354 1352 1355 1355 1355 1354 1355 1356 1356 1357 1356 1358 1356 1356 1357 1358 1357 1357 1357 1356 1358 1358 1358 1359 1358 1356 1359 1359 1359 1358 1359 1360 1360 1361 1360 1362 1360 1360 1361 1362 1361 1361 1361 1360 1362 1362 1362 1363 1362 1360 1363 1363 1363 1362 1363 1364 1364 1365 1364 1366 1364 1364 1365 1366 1365 1365 1365 1364 1366 1366 1366 1367 1366 1364 1367 1367 1367 1366 1367 1368 1368 1369 1368 1370 1368 1368 1369 1370 1369 1369 1369 1368 1370 1370 1370 1371 1370 1368 1371 1371 1371 1370 1371 1372 1372 1373 1372 1374 1372 1372 1373 1374 1373 1373 1373 1372 1374 1374 1374 1375 1374 1372 1375 1375 1375 1374 1375 1376 1376 1377 1376 1378 1376 1376 1377 1378 1377 1377 1377 1376 1378 1378 1378 1379 1378 1376 1379 1379 1379 1378 1379 1380 1380 1381 1380 1382 1380 1380 1381 1382 1381 1381 1381 1380 1382 1382 1382 1383 1382 1380 1383 1383 1383 1382 1383 1384 1384 1385 1384 1386 1384 1384 1385 1386 1385 1385 1385 1384 1386 1386 1386 1387 1386 1384 1387 1387 1387 1386 1387 1388 1388 1389 1388 1390 1388 1388 1389 1390 1389 1389 1389 1388 1390 1390 1390 1391 1390 1388 1391 1391 1391 1390 1391 1392 1392 1393 1392 1394 1392 1392 1393 1394 1393 1393 1393 1392 1394 1394 1394 1395 1394 1392 1395 1395 1395 1394 1395 1396 1396 1397 1396 1398 1396 1396 1397 1398 1397 1397 1397 1396 1398 1398 1398 1399 1398 1396 1399 1399 1399 1398 1399 1400 1400 1401 1400 1402 1400 1400 1401 1402 1401 1401 1401 1400 1402 1402 1402 1403 1402 1400 1403 1403 1403 1402 1403 1404 1404 1405 1404 1406 1404 1404 1405 1406 1405 1405 1405 1404 1406 1406 1406 1407 1406 1404 1407 1407 1407 1406 1407 1408 1408 1409 1408 1410 1408 1408 1409 1410 1409 1409 1409 1408 1410 1410 1410 1411 1410 1408 1411 1411 1411 1410 1411 1412 1412 1413 1412 1414 1412 1412 1413 1414 1413 1413 1413 1412 1414 1414 1414 1415 1414 1412 1415 1415 1415 1414 1415 1416 1416 1417 1416 1418 1416 1416 1417 1418 1417 1417 1417 1416 1418 1418 1418 1419 1418 1416 1419 1419 1419 1418 1419 1420 1420 1421 1420 1422 1420 1420 1421 1422 1421 1421 1421 1420 1422 1422 1422 1423 1422 1420 1423 1423 1423 1422 1423 1424 1424 1425 1424 1426 1424 1424 1425 1426 1425 1425 1425 1424 1426 1426 1426 1427 1426 1424 1427 1427 1427 1426 1427 1428 1428 1429 1428 1430 1428 1428 1429 1430 1429 1429 1429 1428 1430 1430 1430 1431 1430 1428 1431 1431 1431 1430 1431 1432 1432 1433 1432 1434 1432 1432 1433 1434 1433 1433 1433 1432 1434 1434 1434 1435 1434 1432 1435 1435 1435 1434 1435 1436 1436 1437 1436 1438 1436 1436 1437 1438 1437 1437 1437 1436 1438 1438 1438 1439 1438 1436 1439 1439 1439 1438 1439 1440 1440 1441 1440 1442 1440 1440 1441 1442 1441 1441 1441 1440 1442 1442 1442 1443 1442 1440 1443 1443 1443 1442 1443 1444 1444 1445 1444 1446 1444 1444 1445 1446 1445 1445 1445 1444 1446 1446 1446 1447 1446 1444 1447 1447 1447 1446 1447 1448 1448 1449 1448 1450 1448 1448 1449 1450 1449 1449 1449 1448 1450 1450 1450 1451 1450 1448 1451 1451 1451 1450 1451 1452 1452 1453 1452 1454 1452 1452 1453 1454 1453 1453 1453 1452 1454 1454 1454 1455 1454 1452 1455 1455 1455 1454 1455 1456 1456 1457 1456 1458 1456 1456 1457 1458 1457 1457 1457 1456 1458 1458 1458 1459 1458 1456 1459 1459 1459 1458 1459 1460 1460 1461 1460 1462 1460 1460 1461 1462 1461 1461 1461 1460 1462 1462 1462 1463 1462 1460 1463 1463 1463 1462 1463 1464 1464 1465 1464 1466 1464 1464 1465 1466 1465 1465 1465 1464 1466 1466 1466 1467 1466 1464 1467 1467 1467 1466 1467 1468 1468 1469 1468 1470 1468 1468 1469 1470 1469 1469 1469 1468 1470 1470 1470 1471 1470 1468 1471 1471 1471 1470 1471 1472 1472 1473 1472 1474 1472 1472 1473 1474 1473 1473 1473 1472 1474 1474 1474 1475 1474 1472 1475 1475 1475 1474 1475 1476 1476 1477 1476 1478 1476 1476 1477 1478 1477 1477 1477 1476 1478 1478 1478 1479 1478 1476 1479 1479 1479 1478 1479 1480 1480 1481 1480 1482 1480 1480 1481 1482 1481 1481 1481 1480 1482 1482 1482 1483 1482 1480 1483 1483 1483 1482 1483 1484 1484 1485 1484 1486 1484 1484 1485 1486 1485 1485 1485 1484 1486 1486 1486 1487 1486 1484 1487 1487 1487 1486 1487 1488 1488 1489 1488 1490 1488 1488 1489 1490 1489 1489 1489 1488 1490 1490 1490 1491 1490 1488 1491 1491 1491 1490 1491 1492 1492 1493 1492 1494 1492 1492 1493 1494 1493 1493 1493 1492 1494 1494 1494 1495 1494 1492 1495 1495 1495 1494 1495 1496 1496 1497 1496 1498 1496 1496 1497 1498 1497 1497 1497 1496 1498 1498 1498 1499 1498 1496 1499 1499 1499 1498 1499 1500 1500 1501 1500 1502 1500 1500 1501 1502 1501 1501 1501 1500 1502 1502 1502 1503 1502 1500 1503 1503 1503 1502 1503 1504 1504 1505 1504 1506 1504 1504 1505 1506 1505 1505 1505 1504 1506 1506 1506 1507 1506 1504 1507 1507 1507 1506 1507 1508 1508 1509 1508 1510 1508 1508 1509 1510 1509 1509 1509 1508 1510 1510 1510 1511 1510 1508 1511 1511 1511 1510 1511 1512 1512 1513 1512 1514 1512 1512 1513 1514 1513 1513 1513 1512 1514 1514 1514 1515 1514 1512 1515 1515 1515 1514 1515 1516 1516 1517 1516 1518 1516 1516 1517 1518 1517 1517 1517 1516 1518 1518 1518 1519 1518 1516 1519 1519 1519 1518 1519 1520 1520 1521 1520 1522 1520 1520 1521 1522 1521 1521 1521 1520 1522 1522 1522 1523 1522 1520 1523 1523 1523 1522 1523 1524 1524 1525 1524 1526 1524 1524 1525 1526 1525 1525 1525 1524 1526 1526 1526 1527 1526 1524 1527 1527 1527 1526 1527 1528 1528 1529 1528 1530 1528 1528 1529 1530 1529 1529 1529 1528 1530 1530 1530 1531 1530 1528 1531 1531 1531 1530 1531 1532 1532 1533 1532 1534 1532 1532 1533 1534 1533 1533 1533 1532 1534 1534 1534 1535 1534 1532 1535 1535 1535 1534 1535 1536 1536 1537 1536 1538 1536 1536 1537 1538 1537 1537 1537 1536 1538 1538 1538 1539 1538 1536 1539 1539 1539 1538 1539 1540 1540 1541 1540 1542 1540 1540 1541 1542 1541 1541 1541 1540 1542 1542 1542 1543 1542 1540 1543 1543 1543 1542 1543 1544 1544 1545 1544 1546 1544 1544 1545 1546 1545 1545 1545 1544 1546 1546 1546 1547 1546 1544 1547 1547 1547 1546 1547 1548 1548 1549 1548 1550 1548 1548 1549 1550 1549 1549 1549 1548 1550 1550 1550 1551 1550 1548 1551 1551 1551 1550 1551 1552 1552 1553 1552 1554 1552 1552 1553 1554 1553 1553 1553 1552 1554 1554 1554 1555 1554 1552 1555 1555 1555 1554 1555 1556 1556 1557 1556 1558 1556 1556 1557 1558 1557 1557 1557 1556 1558 1558 1558 1559 1558 1556 1559 1559 1559 1558 1559 1560 1560 1561 1560 1562 1560 1560 1561 1562 1561 1561 1561 1560 1562 1562 1562 1563 1562 1560 1563 1563 1563 1562 1563 1564 1564 1565 1564 1566 1564 1564 1565 1566 1565 1565 1565 1564 1566 1566 1566 1567 1566 1564 1567 1567 1567 1566 1567 1568 1568 1569 1568 1570 1568 1568 1569 1570 1569 1569 1569 1568 1570 1570 1570 1571 1570 1568 1571 1571 1571 1570 1571 1572 1572 1573 1572 1574 1572 1572 1573 1574 1573 1573 1573 1572 1574 1574 1574 1575 1574 1572 1575 1575 1575 1574 1575 1576 1576 1577 1576 1578 1576 1576 1577 1578 1577 1577 1577 1576 1578 1578 1578 1579 1578 1576 1579 1579 1579 1578 1579 1580 1580 1581 1580 1582 1580 1580 1581 1582 1581 1581 1581 1580 1582 1582 1582 1583 1582 1580 1583 1583 1583 1582 1583 1584 1584 1585 1584 1586 1584 1584 1585 1586 1585 1585 1585 1584 1586 1586 1586 1587 1586 1584 1587 1587 1587 1586 1587 1588 1588 1589 1588 1590 1588 1588 1589 1590 1589 1589 1589 1588 1590 1590 1590 1591 1590 1588 1591 1591 1591 1590 1591 1592 1592 1593 1592 1594 1592 1592 1593 1594 1593 1593 1593 1592 1594 1594 1594 1595 1594 1592 1595 1595 1595 1594 1595 1596 1596 1597 1596 1598 1596 1596 1597 1598 1597 1597 1597 1596 1598 1598 1598 1599 1598 1596 1599 1599 1599 1598 1599 1600 1600 1601 1600 1602 1600 1600 1601 1602 1601 1601 1601 1600 1602 1602 1602 1603 1602 1600 1603 1603 1603 1602 1603 1604 1604 1605 1604 1606 1604 1604 1605 1606 1605 1605 1605 1604 1606 1606 1606 1607 1606 1604 1607 1607 1607 1606 1607 1608 1608 1609 1608 1610 1608 1608 1609 1610 1609 1609 1609 1608 1610 1610 1610 1611 1610 1608 1611 1611 1611 1610 1611 1612 1612 1613 1612 1614 1612 1612 1613 1614 1613 1613 1613 1612 1614 1614 1614 1615 1614 1612 1615 1615 1615 1614 1615 1616 1616 1617 1616 1618 1616 1616 1617 1618 1617 1617 1617 1616 1618 1618 1618 1619 1618 1616 1619 1619 1619 1618 1619 1620 1620 1621 1620 1622 1620 1620 1621 1622 1621 1621 1621 1620 1622 1622 1622 1623 1622 1620 1623 1623 1623 1622 1623 1624 1624 1625 1624 1626 1624 1624 1625 1626 1625 1625 1625 1624 1626 1626 1626 1627 1626 1624 1627 1627 1627 1626 1627 1628 1628 1629 1628 1630 1628 1628 1629 1630 1629 1629 1629 1628 1630 1630 1630 1631 1630 1628 1631 1631 1631 1630 1631 1632 1632 1633 1632 1634 1632 1632 1633 1634 1633 1633 1633 1632 1634 1634 1634 1635 1634 1632 1635 1635 1635 1634 1635 1636 1636 1637 1636 1638 1636 1636 1637 1638 1637 1637 1637 1636 1638 1638 1638 1639 1638 1636 1639 1639 1639 1638 1639 1640 1640 1641 1640 1642 1640 1640 1641 1642 1641 1641 1641 1640 1642 1642 1642 1643 1642 1640 1643 1643 1643 1642 1643 1644 1644 1645 1644 1646 1644 1644 1645 1646 1645 1645 1645 1644 1646 1646 1646 1647 1646 1644 1647 1647 1647 1646 1647 1648 1648 1649 1648 1650 1648 1648 1649 1650 1649 1649 1649 1648 1650 1650 1650 1651 1650 1648 1651 1651 1651 1650 1651 1652 1652 1653 1652 1654 1652 1652 1653 1654 1653 1653 1653 1652 1654 1654 1654 1655 1654 1652 1655 1655 1655 1654 1655 1656 1656 1657 1656 1658 1656 1656 1657 1658 1657 1657 1657 1656 1658 1658 1658 1659 1658 1656 1659 1659 1659 1658 1659 1660 1660 1661 1660 1662 1660 1660 1661 1662 1661 1661 1661 1660 1662 1662 1662 1663 1662 1660 1663 1663 1663 1662 1663 1664 1664 1665 1664 1666 1664 1664 1665 1666 1665 1665 1665 1664 1666 1666 1666 1667 1666 1664 1667 1667 1667 1666 1667 1668 1668 1669 1668 1670 1668 1668 1669 1670 1669 1669 1669 1668 1670 1670 1670 1671 1670 1668 1671 1671 1671 1670 1671 1672 1672 1673 1672 1674 1672 1672 1673 1674 1673 1673 1673 1672 1674 1674 1674 1675 1674 1672 1675 1675 1675 1674 1675 1676 1676 1677 1676 1678 1676 1676 1677 1678 1677 1677 1677 1676 1678 1678 1678 1679 1678 1676 1679 1679 1679 1678 1679 1680 1680 1681 1680 1682 1680 1680 1681 1682 1681 1681 1681 1680 1682 1682 1682 1683 1682 1680 1683 1683 1683 1682 1683 1684 1684 1685 1684 1686 1684 1684 1685 1686 1685 1685 1685 1684 1686 1686 1686 1687 1686 1684 1687 1687 1687 1686 1687 1688 1688 1689 1688 1690 1688 1688 1689 1690 1689 1689 1689 1688 1690 1690 1690 1691 1690 1688 1691 1691 1691 1690 1691 1692 1692 1693 1692 1694 1692 1692 1693 1694 1693 1693 1693 1692 1694 1694 1694 1695 1694 1692 1695 1695 1695 1694 1695 1696 1696 1697 1696 1698 1696 1696 1697 1698 1697 1697 1697 1696 1698 1698 1698 1699 1698 1696 1699 1699 1699 1698 1699 1700 1700 1701 1700 1702 1700 1700 1701 1702 1701 1701 1701 1700 1702 1702 1702 1703 1702 1700 1703 1703 1703 1702 1703 1704 1704 1705 1704 1706 1704 1704 1705 1706 1705 1705 1705 1704 1706 1706 1706 1707 1706 1704 1707 1707 1707 1706 1707 1708 1708 1709 1708 1710 1708 1708 1709 1710 1709 1709 1709 1708 1710 1710 1710 1711 1710 1708 1711 1711 1711 1710 1711 1712 1712 1713 1712 1714 1712 1712 1713 1714 1713 1713 1713 1712 1714 1714 1714 1715 1714 1712 1715 1715 1715 1714 1715 1716 1716 1717 1716 1718 1716 1716 1717 1718 1717 1717 1717 1716 1718 1718 1718 1719 1718 1716 1719 1719 1719 1718 1719 1720 1720 1721 1720 1722 1720 1720 1721 1722 1721 1721 1721 1720 1722 1722 1722 1723 1722 1720 1723 1723 1723 1722 1723 1724 1724 1725 1724 1726 1724 1724 1725 1726 1725 1725 1725 1724 1726 1726 1726 1727 1726 1724 1727 1727 1727 1726 1727 1728 1728 1729 1728 1730 1728 1728 1729 1730 1729 1729 1729 1728 1730 1730 1730 1731 1730 1728 1731 1731 1731 1730 1731 1732 1732 1733 1732 1734 1732 1732 1733 1734 1733 1733 1733 1732 1734 1734 1734 1735 1734 1732 1735 1735 1735 1734 1735 1736 1736 1737 1736 1738 1736 1736 1737 1738 1737 1737 1737 1736 1738 1738 1738 1739 1738 1736 1739 1739 1739 1738 1739 1740 1740 1741 1740 1742 1740 1740 1741 1742 1741 1741 1741 1740 1742 1742 1742 1743 1742 1740 1743 1743 1743 1742 1743 1744 1744 1745 1744 1746 1744 1744 1745 1746 1745 1745 1745 1744 1746 1746 1746 1747 1746 1744 1747 1747 1747 1746 1747 1748 1748 1749 1748 1750 1748 1748 1749 1750 1749 1749 1749 1748 1750 1750 1750 1751 1750 1748 1751 1751 1751 1750 1751 1752 1752 1753 1752 1754 1752 1752 1753 1754 1753 1753 1753 1752 1754 1754 1754 1755 1754 1752 1755 1755 1755 1754 1755 1756 1756 1757 1756 1758 1756 1756 1757 1758 1757 1757 1757 1756 1758 1758 1758 1759 1758 1756 1759 1759 1759 1758 1759 1760 1760 1761 1760 1762 1760 1760 1761 1762 1761 1761 1761 1760 1762 1762 1762 1763 1762 1760 1763 1763 1763 1762 1763 1764 1764 1765 1764 1766 1764 1764 1765 1766 1765 1765 1765 1764 1766 1766 1766 1767 1766 1764 1767 1767 1767 1766 1767 1768 1768 1769 1768 1770 1768 1768 1769 1770 1769 1769 1769 1768 1770 1770 1770 1771 1770 1768 1771 1771 1771 1770 1771 1772 1772 1773 1772 1774 1772 1772 1773 1774 1773 1773 1773 1772 1774 1774 1774 1775 1774 1772 1775 1775 1775 1774 1775 1776 1776 1777 1776 1778 1776 1776 1777 1778 1777 1777 1777 1776 1778 1778 1778 1779 1778 1776 1779 1779 1779 1778 1779 1780 1780 1781 1780 1782 1780 1780 1781 1782 1781 1781 1781 1780 1782 1782 1782 1783 1782 1780 1783 1783 1783 1782 1783 1784 1784 1785 1784 1786 1784 1784 1785 1786 1785 1785 1785 1784 1786 1786 1786 1787 1786 1784 1787 1787 1787 1786 1787 1788 1788 1789 1788 1790 1788 1788 1789 1790 1789 1789 1789 1788 1790 1790 1790 1791 1790 1788 1791 1791 1791 1790 1791 1792 1792 1793 1792 1794 1792 1792 1793 1794 1793 1793 1793 1792 1794 1794 1794 1795 1794 1792 1795 1795 1795 1794 1795 1796 1796 1797 1796 1798 1796 1796 1797 1798 1797 1797 1797 1796 1798 1798 1798 1799 1798 1796 1799 1799 1799 1798 1799 1800 1800 1801 1800 1802 1800 1800 1801 1802 1801 1801 1801 1800 1802 1802 1802 1803 1802 1800 1803 1803 1803 1802 1803 1804 1804 1805 1804 1806 1804 1804 1805 1806 1805 1805 1805 1804 1806 1806 1806 1807 1806 1804 1807 1807 1807 1806 1807 1808 1808 1809 1808 1810 1808 1808 1809 1810 1809 1809 1809 1808 1810 1810 1810 1811 1810 1808 1811 1811 1811 1810 1811 1812 1812 1813 1812 1814 1812 1812 1813 1814 1813 1813 1813 1812 1814 1814 1814 1815 1814 1812 1815 1815 1815 1814 1815 1816 1816 1817 1816 1818 1816 1816 1817 1818 1817 1817 1817 1816 1818 1818 1818 1819 1818 1816 1819 1819 1819 1818 1819 1820 1820 1821 1820 1822 1820 1820 1821 1822 1821 1821 1821 1820 1822 1822 1822 1823 1822 1820 1823 1823 1823 1822 1823 1824 1824 1825 1824 1826 1824 1824 1825 1826 1825 1825 1825 1824 1826 1826 1826 1827 1826 1824 1827 1827 1827 1826 1827 1828 1828 1829 1828 1830 1828 1828 1829 1830 1829 1829 1829 1828 1830 1830 1830 1831 1830 1828 1831 1831 1831 1830 1831 1832 1832 1833 1832 1834 1832 1832 1833 1834 1833 1833 1833 1832 1834 1834 1834 1835 1834 1832 1835 1835 1835 1834 1835 1836 1836 1837 1836 1838 1836 1836 1837 1838 1837 1837 1837 1836 1838 1838 1838 1839 1838 1836 1839 1839 1839 1838 1839 1840 1840 1841 1840 1842 1840 1840 1841 1842 1841 1841 1841 1840 1842 1842 1842 1843 1842 1840 1843 1843 1843 1842 1843 1844 1844 1845 1844 1846 1844 1844 1845 1846 1845 1845 1845 1844 1846 1846 1846 1847 1846 1844 1847 1847 1847 1846 1847 1848 1848 1849 1848 1850 1848 1848 1849 1850 1849 1849 1849 1848 1850 1850 1850 1851 1850 1848 1851 1851 1851 1850 1851 1852 1852 1853 1852 1854 1852 1852 1853 1854 1853 1853 1853 1852 1854 1854 1854 1855 1854 1852 1855 1855 1855 1854 1855 1856 1856 1857 1856 1858 1856 1856 1857 1858 1857 1857 1857 1856 1858 1858 1858 1859 1858 1856 1859 1859 1859 1858 1859 1860 1860 1861 1860 1862 1860 1860 1861 1862 1861 1861 1861 1860 1862 1862 1862 1863 1862 1860 1863 1863 1863 1862 1863 1864 1864 1865 1864 1866 1864 1864 1865 1866 1865 1865 1865 1864 1866 1866 1866 1867 1866 1864 1867 1867 1867 1866 1867 1868 1868 1869 1868 1870 1868 1868 1869 1870 1869 1869 1869 1868 1870 1870 1870 1871 1870 1868 1871 1871 1871 1870 1871 1872 1872 1873 1872 1874 1872 1872 1873 1874 1873 1873 1873 1872 1874 1874 1874 1875 1874 1872 1875 1875 1875 1874 1875 1876 1876 1877 1876 1878 1876 1876 1877 1878 1877 1877 1877 1876 1878 1878 1878 1879 1878 1876 1879 1879 1879 1878 1879 1880 1880 1881 1880 1882 1880 1880 1881 1882 1881 1881 1881 1880 1882 1882 1882 1883 1882 1880 1883 1883 1883 1882 1883 1884 1884 1885 1884 1886 1884 1884 1885 1886 1885 1885 1885 1884 1886 1886 1886 1887 1886 1884 1887 1887 1887 1886 1887 1888 1888 1889 1888 1890 1888 1888 1889 1890 1889 1889 1889 1888 1890 1890 1890 1891 1890 1888 1891 1891 1891 1890 1891 1892 1892 1893 1892 1894 1892 1892 1893 1894 1893 1893 1893 1892 1894 1894 1894 1895 1894 1892 1895 1895 1895 1894 1895 1896 1896 1897 1896 1898 1896 1896 1897 1898 1897 1897 1897 1896 1898 1898 1898 1899 1898 1896 1899 1899 1899 1898 1899 1900 1900 1901 1900 1902 1900 1900 1901 1902 1901 1901 1901 1900 1902 1902 1902 1903 1902 1900 1903 1903 1903 1902 1903 1904 1904 1905 1904 1906 1904 1904 1905 1906 1905 1905 1905 1904 1906 1906 1906 1907 1906 1904 1907 1907 1907 1906 1907 1908 1908 1909 1908 1910 1908 1908 1909 1910 1909 1909 1909 1908 1910 1910 1910 1911 1910 1908 1911 1911 1911 1910 1911 1912 1912 1913 1912 1914 1912 1912 1913 1914 1913 1913 1913 1912 1914 1914 1914 1915 1914 1912 1915 1915 1915 1914 1915 1916 1916 1917 1916 1918 1916 1916 1917 1918 1917 1917 1917 1916 1918 1918 1918 1919 1918 1916 1919 1919 1919 1918 1919 1920 1920 1921 1920 1922 1920 1920 1921 1922 1921 1921 1921 1920 1922 1922 1922 1923 1922 1920 1923 1923 1923 1922 1923 1924 1924 1925 1924 1926 1924 1924 1925 1926 1925 1925 1925 1924 1926 1926 1926 1927 1926 1924 1927 1927 1927 1926 1927 1928 1928 1929 1928 1930 1928 1928 1929 1930 1929 1929 1929 1928 1930 1930 1930 1931 1930 1928 1931 1931 1931 1930 1931 1932 1932 1933 1932 1934 1932 1932 1933 1934 1933 1933 1933 1932 1934 1934 1934 1935 1934 1932 1935 1935 1935 1934 1935 1936 1936 1937 1936 1938 1936 1936 1937 1938 1937 1937 1937 1936 1938 1938 1938 1939 1938 1936 1939 1939 1939 1938 1939 1940 1940 1941 1940 1942 1940 1940 1941 1942 1941 1941 1941 1940 1942 1942 1942 1943 1942 1940 1943 1943 1943 1942 1943 1944 1944 1945 1944 1946 1944 1944 1945 1946 1945 1945 1945 1944 1946 1946 1946 1947 1946 1944 1947 1947 1947 1946 1947 1948 1948 1949 1948 1950 1948 1948 1949 1950 1949 1949 1949 1948 1950 1950 1950 1951 1950 1948 1951 1951 1951 1950 1951 1952 1952 1953 1952 1954 1952 1952 1953 1954 1953 1953 1953 1952 1954 1954 1954 1955 1954 1952 1955 1955 1955 1954 1955 1956 1956 1957 1956 1958 1956 1956 1957 1958 1957 1957 1957 1956 1958 1958 1958 1959 1958 1956 1959 1959 1959 1958 1959 1960 1960 1961 1960 1962 1960 1960 1961 1962 1961 1961 1961 1960 1962 1962 1962 1963 1962 1960 1963 1963 1963 1962 1963 1964 1964 1965 1964 1966 1964 1964 1965 1966 1965 1965 1965 1964 1966 1966 1966 1967 1966 1964 1967 1967 1967 1966 1967 1968 1968 1969 1968 1970 1968 1968 1969 1970 1969 1969 1969 1968 1970 1970 1970 1971 1970 1968 1971 1971 1971 1970 1971 1972 1972 1973 1972 1974 1972 1972 1973 1974 1973 1973 1973 1972 1974 1974 1974 1975 1974 1972 1975 1975 1975 1974 1975 1976 1976 1977 1976 1978 1976 1976 1977 1978 1977 1977 1977 1976 1978 1978 1978 1979 1978 1976 1979 1979 1979 1978 1979 1980 1980 1981 1980 1982 1980 1980 1981 1982 1981 1981 1981 1980 1982 1982 1982 1983 1982 1980 1983 1983 1983 1982 1983 1984 1984 1985 1984 1986 1984 1984 1985 1986 1985 1985 1985 1984 1986 1986 1986 1987 1986 1984 1987 1987 1987 1986 1987 1988 1988 1989 1988 1990 1988 1988 1989 1990 1989 1989 1989 1988 1990 1990 1990 1991 1990 1988 1991 1991 1991 1990 1991 1992 1992 1993 1992 1994 1992 1992 1993 1994 1993 1993 1993 1992 1994 1994 1994 1995 1994 1992 1995 1995 1995 1994 1995 1996 1996 1997 1996 1998 1996 1996 1997 1998 1997 1997 1997 1996 1998 1998 1998 1999 1998 1996 1999 1999 1999 1998 1999 2000 2000 2001 2000 2002 2000 2000 2001 2002 2001 2001 2001 2000 2002 2002 2002 2003 2002 2000 2003 2003 2003 2002 2003 2004 2004 2005 2004 2006 2004 2004 2005 2006 2005 2005 2005 2004 2006 2006 2006 2007 2006 2004 2007 2007 2007 2006 2007 2008 2008 2009 2008 2010 2008 2008 2009 2010 2009 2009 2009 2008 2010 2010 2010 2011 2010 2008 2011 2011 2011 2010 2011 2012 2012 2013 2012 2014 2012 2012 2013 2014 2013 2013 2013 2012 2014 2014 2014 2015 2014 2012 2015 2015 2015 2014 2015 2016 2016 2017 2016 2018 2016 2016 2017 2018 2017 2017 2017 2016 2018 2018 2018 2019 2018 2016 2019 2019 2019 2018 2019 2020 2020 2021 2020 2022 2020 2020 2021 2022 2021 2021 2021 2020 2022 2022 2022 2023 2022 2020 2023 2023 2023 2022 2023 2024 2024 2025 2024 2026 2024 2024 2025 2026 2025 2025 2025 2024 2026 2026 2026 2027 2026 2024 2027 2027 2027 2026 2027 2028 2028 2029 2028 2030 2028 2028 2029 2030 2029 2029 2029 2028 2030 2030 2030 2031 2030 2028 2031 2031 2031 2030 2031 2032 2032 2033 2032 2034 2032 2032 2033 2034 2033 2033 2033 2032 2034 2034 2034 2035 2034 2032 2035 2035 2035 2034 2035 2036 2036 2037 2036 2038 2036 2036 2037 2038 2037 2037 2037 2036 2038 2038 2038 2039 2038 2036 2039 2039 2039 2038 2039 2040 2040 2041 2040 2042 2040 2040 2041 2042 2041 2041 2041 2040 2042 2042 2042 2043 2042 2040 2043 2043 2043 2042 2043 2044 2044 2045 2044 2046 2044 2044 2045 2046 2045 2045 2045 2044 2046 2046 2046 2047 2046 2044 2047 2047 2047 2046 2047 2048 2048 2049 2048 2050 2048 2048 2049 2050 2049 2049 2049 2048 2050 2050 2050 2051 2050 2048 2051 2051 2051 2050 2051 2052 2052 2053 2052 2054 2052 2052 2053 2054 2053 2053 2053 2052 2054 2054 2054 2055 2054 2052 2055 2055 2055 2054 2055 2056 2056 2057 2056 2058 2056 2056 2057 2058 2057 2057 2057 2056 2058 2058 2058 2059 2058 2056 2059 2059 2059 2058 2059 2060 2060 2061 2060 2062 2060 2060 2061 2062 2061 2061 2061 2060 2062 2062 2062 2063 2062 2060 2063 2063 2063 2062 2063 2064 2064 2065 2064 2066 2064 2064 2065 2066 2065 2065 2065 2064 2066 2066 2066 2067 2066 2064 2067 2067 2067 2066 2067 2068 2068 2069 2068 2070 2068 2068 2069 2070 2069 2069 2069 2068 2070 2070 2070 2071 2070 2068 2071 2071 2071 2070 2071 2072 2072 2073 2072 2074 2072 2072 2073 2074 2073 2073 2073 2072 2074 2074 2074 2075 2074 2072 2075 2075 2075 2074 2075 2076 2076 2077 2076 2078 2076 2076 2077 2078 2077 2077 2077 2076 2078 2078 2078 2079 2078 2076 2079 2079 2079 2078 2079 2080 2080 2081 2080 2082 2080 2080 2081 2082 2081 2081 2081 2080 2082 2082 2082 2083 2082 2080 2083 2083 2083 2082 2083 2084 2084 2085 2084 2086 2084 2084 2085 2086 2085 2085 2085 2084 2086 2086 2086 2087 2086 2084 2087 2087 2087 2086 2087 2088 2088 2089 2088 2090 2088 2088 2089 2090 2089 2089 2089 2088 2090 2090 2090 2091 2090 2088 2091 2091 2091 2090 2091 2092 2092 2093 2092 2094 2092 2092 2093 2094 2093 2093 2093 2092 2094 2094 2094 2095 2094 2092 2095 2095 2095 2094 2095 2096 2096 2097 2096 2098 2096 2096 2097 2098 2097 2097 2097 2096 2098 2098 2098 2099 2098 2096 2099 2099 2099 2098 2099 2100 2100 2101 2100 2102 2100 2100 2101 2102 2101 2101 2101 2100 2102 2102 2102 2103 2102 2100 2103 2103 2103 2102 2103 2104 2104 2105 2104 2106 2104 2104 2105 2106 2105 2105 2105 2104 2106 2106 2106 2107 2106 2104 2107 2107 2107 2106 2107 2108 2108 2109 2108 2110 2108 2108 2109 2110 2109 2109 2109 2108 2110 2110 2110 2111 2110 2108 2111 2111 2111 2110 2111 2112 2112 2113 2112 2114 2112 2112 2113 2114 2113 2113 2113 2112 2114 2114 2114 2115 2114 2112 2115 2115 2115 2114 2115 2116 2116 2117 2116 2118 2116 2116 2117 2118 2117 2117 2117 2116 2118 2118 2118 2119 2118 2116 2119 2119 2119 2118 2119 2120 2120 2121 2120 2122 2120 2120 2121 2122 2121 2121 2121 2120 2122 2122 2122 2123 2122 2120 2123 2123 2123 2122 2123 2124 2124 2125 2124 2126 2124 2124 2125 2126 2125 2125 2125 2124 2126 2126 2126 2127 2126 2124 2127 2127 2127 2126 2127 2128 2128 2129 2128 2130 2128 2128 2129 2130 2129 2129 2129 2128 2130 2130 2130 2131 2130 2128 2131 2131 2131 2130 2131 2132 2132 2133 2132 2134 2132 2132 2133 2134 2133 2133 2133 2132 2134 2134 2134 2135 2134 2132 2135 2135 2135 2134 2135 2136 2136 2137 2136 2138 2136 2136 2137 2138 2137 2137 2137 2136 2138 2138 2138 2139 2138 2136 2139 2139 2139 2138 2139 2140 2140 2141 2140 2142 2140 2140 2141 2142 2141 2141 2141 2140 2142 2142 2142 2143 2142 2140 2143 2143 2143 2142 2143 2144 2144 2145 2144 2146 2144 2144 2145 2146 2145 2145 2145 2144 2146 2146 2146 2147 2146 2144 2147 2147 2147 2146 2147 2148 2148 2149 2148 2150 2148 2148 2149 2150 2149 2149 2149 2148 2150 2150 2150 2151 2150 2148 2151 2151 2151 2150 2151 2152 2152 2153 2152 2154 2152 2152 2153 2154 2153 2153 2153 2152 2154 2154 2154 2155 2154 2152 2155 2155 2155 2154 2155 2156 2156 2157 2156 2158 2156 2156 2157 2158 2157 2157 2157 2156 2158 2158 2158 2159 2158 2156 2159 2159 2159 2158 2159 2160 2160 2161 2160 2162 2160 2160 2161 2162 2161 2161 2161 2160 2162 2162 2162 2163 2162 2160 2163 2163 2163 2162 2163 2164 2164 2165 2164 2166 2164 2164 2165 2166 2165 2165 2165 2164 2166 2166 2166 2167 2166 2164 2167 2167 2167 2166 2167 2168 2168 2169 2168 2170 2168 2168 2169 2170 2169 2169 2169 2168 2170 2170 2170 2171 2170 2168 2171 2171 2171 2170 2171 2172 2172 2173 2172 2174 2172 2172 2173 2174 2173 2173 2173 2172 2174 2174 2174 2175 2174 2172 2175 2175 2175 2174 2175 2176 2176 2177 2176 2178 2176 2176 2177 2178 2177 2177 2177 2176 2178 2178 2178 2179 2178 2176 2179 2179 2179 2178 2179 2180 2180 2181 2180 2182 2180 2180 2181 2182 2181 2181 2181 2180 2182 2182 2182 2183 2182 2180 2183 2183 2183 2182 2183 2184 2184 2185 2184 2186 2184 2184 2185 2186 2185 2185 2185 2184 2186 2186 2186 2187 2186 2184 2187 2187 2187 2186 2187 2188 2188 2189 2188 2190 2188 2188 2189 2190 2189 2189 2189 2188 2190 2190 2190 2191 2190 2188 2191 2191 2191 2190 2191 2192 2192 2193 2192 2194 2192 2192 2193 2194 2193 2193 2193 2192 2194 2194 2194 2195 2194 2192 2195 2195 2195 2194 2195 2196 2196 2197 2196 2198 2196 2196 2197 2198 2197 2197 2197 2196 2198 2198 2198 2199 2198 2196 2199 2199 2199 2198 2199 2200 2200 2201 2200 2202 2200 2200 2201 2202 2201 2201 2201 2200 2202 2202 2202 2203 2202 2200 2203 2203 2203 2202 2203 2204 2204 2205 2204 2206 2204 2204 2205 2206 2205 2205 2205 2204 2206 2206 2206 2207 2206 2204 2207 2207 2207 2206 2207 2208 2208 2209 2208 2210 2208 2208 2209 2210 2209 2209 2209 2208 2210 2210 2210 2211 2210 2208 2211 2211 2211 2210 2211 2212 2212 2213 2212 2214 2212 2212 2213 2214 2213 2213 2213 2212 2214 2214 2214 2215 2214 2212 2215 2215 2215 2214 2215 2216 2216 2217 2216 2218 2216 2216 2217 2218 2217 2217 2217 2216 2218 2218 2218 2219 2218 2216 2219 2219 2219 2218 2219 2220 2220 2221 2220 2222 2220 2220 2221 2222 2221 2221 2221 2220 2222 2222 2222 2223 2222 2220 2223 2223 2223 2222 2223 2224 2224 2225 2224 2226 2224 2224 2225 2226 2225 2225 2225 2224 2226 2226 2226 2227 2226 2224 2227 2227 2227 2226 2227 2228 2228 2229 2228 2230 2228 2228 2229 2230 2229 2229 2229 2228 2230 2230 2230 2231 2230 2228 2231 2231 2231 2230 2231 2232 2232 2233 2232 2234 2232 2232 2233 2234 2233 2233 2233 2232 2234 2234 2234 2235 2234 2232 2235 2235 2235 2234 2235 2236 2236 2237 2236 2238 2236 2236 2237 2238 2237 2237 2237 2236 2238 2238 2238 2239 2238 2236 2239 2239 2239 2238 2239 2240 2240 2241 2240 2242 2240 2240 2241 2242 2241 2241 2241 2240 2242 2242 2242 2243 2242 2240 2243 2243 2243 2242 2243 2244 2244 2245 2244 2246 2244 2244 2245 2246 2245 2245 2245 2244 2246 2246 2246 2247 2246 2244 2247 2247 2247 2246 2247 2248 2248 2249 2248 2250 2248 2248 2249 2250 2249 2249 2249 2248 2250 2250 2250 2251 2250 2248 2251 2251 2251 2250 2251 2252 2252 2253 2252 2254 2252 2252 2253 2254 2253 2253 2253 2252 2254 2254 2254 2255 2254 2252 2255 2255 2255 2254 2255 2256 2256 2257 2256 2258 2256 2256 2257 2258 2257 2257 2257 2256 2258 2258 2258 2259 2258 2256 2259 2259 2259 2258 2259 2260 2260 2261 2260 2262 2260 2260 2261 2262 2261 2261 2261 2260 2262 2262 2262 2263 2262 2260 2263 2263 2263 2262 2263 2264 2264 2265 2264 2266 2264 2264 2265 2266 2265 2265 2265 2264 2266 2266 2266 2267 2266 2264 2267 2267 2267 2266 2267 2268 2268 2269 2268 2270 2268 2268 2269 2270 2269 2269 2269 2268 2270 2270 2270 2271 2270 2268 2271 2271 2271 2270 2271 2272 2272 2273 2272 2274 2272 2272 2273 2274 2273 2273 2273 2272 2274 2274 2274 2275 2274 2272 2275 2275 2275 2274 2275 2276 2276 2277 2276 2278 2276 2276 2277 2278 2277 2277 2277 2276 2278 2278 2278 2279 2278 2276 2279 2279 2279 2278 2279 2280 2280 2281 2280 2282 2280 2280 2281 2282 2281 2281 2281 2280 2282 2282 2282 2283 2282 2280 2283 2283 2283 2282 2283 2284 2284 2285 2284 2286 2284 2284 2285 2286 2285 2285 2285 2284 2286 2286 2286 2287 2286 2284 2287 2287 2287 2286 2287 2288 2288 2289 2288 2290 2288 2288 2289 2290 2289 2289 2289 2288 2290 2290 2290 2291 2290 2288 2291 2291 2291 2290 2291 2292 2292 2293 2292 2294 2292 2292 2293 2294 2293 2293 2293 2292 2294 2294 2294 2295 2294 2292 2295 2295 2295 2294 2295 2296 2296 2297 2296 2298 2296 2296 2297 2298 2297 2297 2297 2296 2298 2298 2298 2299 2298 2296 2299 2299 2299 2298 2299 2300 2300 2301 2300 2302 2300 2300 2301 2302 2301 2301 2301 2300 2302 2302 2302 2303 2302 2300 2303 2303 2303 2302 2303 2304 2304 2305 2304 2306 2304 2304 2305 2306 2305 2305 2305 2304 2306 2306 2306 2307 2306 2304 2307 2307 2307 2306 2307 2308 2308 2309 2308 2310 2308 2308 2309 2310 2309 2309 2309 2308 2310 2310 2310 2311 2310 2308 2311 2311 2311 2310 2311 2312 2312 2313 2312 2314 2312 2312 2313 2314 2313 2313 2313 2312 2314 2314 2314 2315 2314 2312 2315 2315 2315 2314 2315 2316 2316 2317 2316 2318 2316 2316 2317 2318 2317 2317 2317 2316 2318 2318 2318 2319 2318 2316 2319 2319 2319 2318 2319 2320 2320 2321 2320 2322 2320 2320 2321 2322 2321 2321 2321 2320 2322 2322 2322 2323 2322 2320 2323 2323 2323 2322 2323 2324 2324 2325 2324 2326 2324 2324 2325 2326 2325 2325 2325 2324 2326 2326 2326 2327 2326 2324 2327 2327 2327 2326 2327 2328 2328 2329 2328 2330 2328 2328 2329 2330 2329 2329 2329 2328 2330 2330 2330 2331 2330 2328 2331 2331 2331 2330 2331 2332 2332 2333 2332 2334 2332 2332 2333 2334 2333 2333 2333 2332 2334 2334 2334 2335 2334 2332 2335 2335 2335 2334 2335 2336 2336 2337 2336 2338 2336 2336 2337 2338 2337 2337 2337 2336 2338 2338 2338 2339 2338 2336 2339 2339 2339 2338 2339 2340 2340 2341 2340 2342 2340 2340 2341 2342 2341 2341 2341 2340 2342 2342 2342 2343 2342 2340 2343 2343 2343 2342 2343 2344 2344 2345 2344 2346 2344 2344 2345 2346 2345 2345 2345 2344 2346 2346 2346 2347 2346 2344 2347 2347 2347 2346 2347 2348 2348 2349 2348 2350 2348 2348 2349 2350 2349 2349 2349 2348 2350 2350 2350 2351 2350 2348 2351 2351 2351 2350 2351 2352 2352 2353 2352 2354 2352 2352 2353 2354 2353 2353 2353 2352 2354 2354 2354 2355 2354 2352 2355 2355 2355 2354 2355 2356 2356 2357 2356 2358 2356 2356 2357 2358 2357 2357 2357 2356 2358 2358 2358 2359 2358 2356 2359 2359 2359 2358 2359 2360 2360 2361 2360 2362 2360 2360 2361 2362 2361 2361 2361 2360 2362 2362 2362 2363 2362 2360 2363 2363 2363 2362 2363 2364 2364 2365 2364 2366 2364 2364 2365 2366 2365 2365 2365 2364 2366 2366 2366 2367 2366 2364 2367 2367 2367 2366 2367 2368 2368 2369 2368 2370 2368 2368 2369 2370 2369 2369 2369 2368 2370 2370 2370 2371 2370 2368 2371 2371 2371 2370 2371 2372 2372 2373 2372 2374 2372 2372 2373 2374 2373 2373 2373 2372 2374 2374 2374 2375 2374 2372 2375 2375 2375 2374 2375 2376 2376 2377 2376 2378 2376 2376 2377 2378 2377 2377 2377 2376 2378 2378 2378 2379 2378 2376 2379 2379 2379 2378 2379 2380 2380 2381 2380 2382 2380 2380 2381 2382 2381 2381 2381 2380 2382 2382 2382 2383 2382 2380 2383 2383 2383 2382 2383 2384 2384 2385 2384 2386 2384 2384 2385 2386 2385 2385 2385 2384 2386 2386 2386 2387 2386 2384 2387 2387 2387 2386 2387 2388 2388 2389 2388 2390 2388 2388 2389 2390 2389 2389 2389 2388 2390 2390 2390 2391 2390 2388 2391 2391 2391 2390 2391 2392 2392 2393 2392 2394 2392 2392 2393 2394 2393 2393 2393 2392 2394 2394 2394 2395 2394 2392 2395 2395 2395 2394 2395 2396 2396 2397 2396 2398 2396 2396 2397 2398 2397 2397 2397 2396 2398 2398 2398 2399 2398 2396 2399 2399 2399 2398 2399 2400 2400 2401 2400 2402 2400 2400 2401 2402 2401 2401 2401 2400 2402 2402 2402 2403 2402 2400 2403 2403 2403 2402 2403 2404 2404 2405 2404 2406 2404 2404 2405 2406 2405 2405 2405 2404 2406 2406 2406 2407 2406 2404 2407 2407 2407 2406 2407 2408 2408 2409 2408 2410 2408 2408 2409 2410 2409 2409 2409 2408 2410 2410 2410 2411 2410 2408 2411 2411 2411 2410 2411 2412 2412 2413 2412 2414 2412 2412 2413 2414 2413 2413 2413 2412 2414 2414 2414 2415 2414 2412 2415 2415 2415 2414 2415 2416 2416 2417 2416 2418 2416 2416 2417 2418 2417 2417 2417 2416 2418 2418 2418 2419 2418 2416 2419 2419 2419 2418 2419 2420 2420 2421 2420 2422 2420 2420 2421 2422 2421 2421 2421 2420 2422 2422 2422 2423 2422 2420 2423 2423 2423 2422 2423 2424 2424 2425 2424 2426 2424 2424 2425 2426 2425 2425 2425 2424 2426 2426 2426 2427 2426 2424 2427 2427 2427 2426 2427 2428 2428 2429 2428 2430 2428 2428 2429 2430 2429 2429 2429 2428 2430 2430 2430 2431 2430 2428 2431 2431 2431 2430 2431 2432 2432 2433 2432 2434 2432 2432 2433 2434 2433 2433 2433 2432 2434 2434 2434 2435 2434 2432 2435 2435 2435 2434 2435 2436 2436 2437 2436 2438 2436 2436 2437 2438 2437 2437 2437 2436 2438 2438 2438 2439 2438 2436 2439 2439 2439 2438 2439 2440 2440 2441 2440 2442 2440 2440 2441 2442 2441 2441 2441 2440 2442 2442 2442 2443 2442 2440 2443 2443 2443 2442 2443 2444 2444 2445 2444 2446 2444 2444 2445 2446 2445 2445 2445 2444 2446 2446 2446 2447 2446 2444 2447 2447 2447 2446 2447 2448 2448 2449 2448 2450 2448 2448 2449 2450 2449 2449 2449 2448 2450 2450 2450 2451 2450 2448 2451 2451 2451 2450 2451 2452 2452 2453 2452 2454 2452 2452 2453 2454 2453 2453 2453 2452 2454 2454 2454 2455 2454 2452 2455 2455 2455 2454 2455 2456 2456 2457 2456 2458 2456 2456 2457 2458 2457 2457 2457 2456 2458 2458 2458 2459 2458 2456 2459 2459 2459 2458 2459 2460 2460 2461 2460 2462 2460 2460 2461 2462 2461 2461 2461 2460 2462 2462 2462 2463 2462 2460 2463 2463 2463 2462 2463 2464 2464 2465 2464 2466 2464 2464 2465 2466 2465 2465 2465 2464 2466 2466 2466 2467 2466 2464 2467 2467 2467 2466 2467 2468 2468 2469 2468 2470 2468 2468 2469 2470 2469 2469 2469 2468 2470 2470 2470 2471 2470 2468 2471 2471 2471 2470 2471 2472 2472 2473 2472 2474 2472 2472 2473 2474 2473 2473 2473 2472 2474 2474 2474 2475 2474 2472 2475 2475 2475 2474 2475 2476 2476 2477 2476 2478 2476 2476 2477 2478 2477 2477 2477 2476 2478 2478 2478 2479 2478 2476 2479 2479 2479 2478 2479 2480 2480 2481 2480 2482 2480 2480 2481 2482 2481 2481 2481 2480 2482 2482 2482 2483 2482 2480 2483 2483 2483 2482 2483 2484 2484 2485 2484 2486 2484 2484 2485 2486 2485 2485 2485 2484 2486 2486 2486 2487 2486 2484 2487 2487 2487 2486 2487 2488 2488 2489 2488 2490 2488 2488 2489 2490 2489 2489 2489 2488 2490 2490 2490 2491 2490 2488 2491 2491 2491 2490 2491 2492 2492 2493 2492 2494 2492 2492 2493 2494 2493 2493 2493 2492 2494 2494 2494 2495 2494 2492 2495 2495 2495 2494 2495 2496 2496 2497 2496 2498 2496 2496 2497 2498 2497 2497 2497 2496 2498 2498 2498 2499 2498 2496 2499 2499 2499 2498 2499 2500 2500 2501 2500 2502 2500 2500 2501 2502 2501 2501 2501 2500 2502 2502 2502 2503 2502 2500 2503 2503 2503 2502 2503 2504 2504 2505 2504 2506 2504 2504 2505 2506 2505 2505 2505 2504 2506 2506 2506 2507 2506 2504 2507 2507 2507 2506 2507 2508 2508 2509 2508 2510 2508 2508 2509 2510 2509 2509 2509 2508 2510 2510 2510 2511 2510 2508 2511 2511 2511 2510 2511 2512 2512 2513 2512 2514 2512 2512 2513 2514 2513 2513 2513 2512 2514 2514 2514 2515 2514 2512 2515 2515 2515 2514 2515 2516 2516 2517 2516 2518 2516 2516 2517 2518 2517 2517 2517 2516 2518 2518 2518 2519 2518 2516 2519 2519 2519 2518 2519 2520 2520 2521 2520 2522 2520 2520 2521 2522 2521 2521 2521 2520 2522 2522 2522 2523 2522 2520 2523 2523 2523 2522 2523 2524 2524 2525 2524 2526 2524 2524 2525 2526 2525 2525 2525 2524 2526 2526 2526 2527 2526 2524 2527 2527 2527 2526 2527 2528 2528 2529 2528 2530 2528 2528 2529 2530 2529 2529 2529 2528 2530 2530 2530 2531 2530 2528 2531 2531 2531 2530 2531 2532 2532 2533 2532 2534 2532 2532 2533 2534 2533 2533 2533 2532 2534 2534 2534 2535 2534 2532 2535 2535 2535 2534 2535 2536 2536 2537 2536 2538 2536 2536 2537 2538 2537 2537 2537 2536 2538 2538 2538 2539 2538 2536 2539 2539 2539 2538 2539 2540 2540 2541 2540 2542 2540 2540 2541 2542 2541 2541 2541 2540 2542 2542 2542 2543 2542 2540 2543 2543 2543 2542 2543 2544 2544 2545 2544 2546 2544 2544 2545 2546 2545 2545 2545 2544 2546 2546 2546 2547 2546 2544 2547 2547 2547 2546 2547 2548 2548 2549 2548 2550 2548 2548 2549 2550 2549 2549 2549 2548 2550 2550 2550 2551 2550 2548 2551 2551 2551 2550 2551 2552 2552 2553 2552 2554 2552 2552 2553 2554 2553 2553 2553 2552 2554 2554 2554 2555 2554 2552 2555 2555 2555 2554 2555 2556 2556 2557 2556 2558 2556 2556 2557 2558 2557 2557 2557 2556 2558 2558 2558 2559 2558 2556 2559 2559 2559 2558 2559 2560 2560 2561 2560 2562 2560 2560 2561 2562 2561 2561 2561 2560 2562 2562 2562 2563 2562 2560 2563 2563 2563 2562 2563 2564 2564 2565 2564 2566 2564 2564 2565 2566 2565 2565 2565 2564 2566 2566 2566 2567 2566 2564 2567 2567 2567 2566 2567 2568 2568 2569 2568 2570 2568 2568 2569 2570 2569 2569 2569 2568 2570 2570 2570 2571 2570 2568 2571 2571 2571 2570 2571 2572 2572 2573 2572 2574 2572 2572 2573 2574 2573 2573 2573 2572 2574 2574 2574 2575 2574 2572 2575 2575 2575 2574 2575 2576 2576 2577 2576 2578 2576 2576 2577 2578 2577 2577 2577 2576 2578 2578 2578 2579 2578 2576 2579 2579 2579 2578 2579 2580 2580 2581 2580 2582 2580 2580 2581 2582 2581 2581 2581 2580 2582 2582 2582 2583 2582 2580 2583 2583 2583 2582 2583 2584 2584 2585 2584 2586 2584 2584 2585 2586 2585 2585 2585 2584 2586 2586 2586 2587 2586 2584 2587 2587 2587 2586 2587 2588 2588 2589 2588 2590 2588 2588 2589 2590 2589 2589 2589 2588 2590 2590 2590 2591 2590 2588 2591 2591 2591 2590 2591 2592 2592 2593 2592 2594 2592 2592 2593 2594 2593 2593 2593 2592 2594 2594 2594 2595 2594 2592 2595 2595 2595 2594 2595 2596 2596 2597 2596 2598 2596 2596 2597 2598 2597 2597 2597 2596 2598 2598 2598 2599 2598 2596 2599 2599 2599 2598 2599 2600 2600 2601 2600 2602 2600 2600 2601 2602 2601 2601 2601 2600 2602 2602 2602 2603 2602 2600 2603 2603 2603 2602 2603 2604 2604 2605 2604 2606 2604 2604 2605 2606 2605 2605 2605 2604 2606 2606 2606 2607 2606 2604 2607 2607 2607 2606 2607 2608 2608 2609 2608 2610 2608 2608 2609 2610 2609 2609 2609 2608 2610 2610 2610 2611 2610 2608 2611 2611 2611 2610 2611 2612 2612 2613 2612 2614 2612 2612 2613 2614 2613 2613 2613 2612 2614 2614 2614 2615 2614 2612 2615 2615 2615 2614 2615 2616 2616 2617 2616 2618 2616 2616 2617 2618 2617 2617 2617 2616 2618 2618 2618 2619 2618 2616 2619 2619 2619 2618 2619 2620 2620 2621 2620 2622 2620 2620 2621 2622 2621 2621 2621 2620 2622 2622 2622 2623 2622 2620 2623 2623 2623 2622 2623 2624 2624 2625 2624 2626 2624 2624 2625 2626 2625 2625 2625 2624 2626 2626 2626 2627 2626 2624 2627 2627 2627 2626 2627 2628 2628 2629 2628 2630 2628 2628 2629 2630 2629 2629 2629 2628 2630 2630 2630 2631 2630 2628 2631 2631 2631 2630 2631 2632 2632 2633 2632 2634 2632 2632 2633 2634 2633 2633 2633 2632 2634 2634 2634 2635 2634 2632 2635 2635 2635 2634 2635 2636 2636 2637 2636 2638 2636 2636 2637 2638 2637 2637 2637 2636 2638 2638 2638 2639 2638 2636 2639 2639 2639 2638 2639 2640 2640 2641 2640 2642 2640 2640 2641 2642 2641 2641 2641 2640 2642 2642 2642 2643 2642 2640 2643 2643 2643 2642 2643 2644 2644 2645 2644 2646 2644 2644 2645 2646 2645 2645 2645 2644 2646 2646 2646 2647 2646 2644 2647 2647 2647 2646 2647 2648 2648 2649 2648 2650 2648 2648 2649 2650 2649 2649 2649 2648 2650 2650 2650 2651 2650 2648 2651 2651 2651 2650 2651 2652 2652 2653 2652 2654 2652 2652 2653 2654 2653 2653 2653 2652 2654 2654 2654 2655 2654 2652 2655 2655 2655 2654 2655 2656 2656 2657 2656 2658 2656 2656 2657 2658 2657 2657 2657 2656 2658 2658 2658 2659 2658 2656 2659 2659 2659 2658 2659 2660 2660 2661 2660 2662 2660 2660 2661 2662 2661 2661 2661 2660 2662 2662 2662 2663 2662 2660 2663 2663 2663 2662 2663 2664 2664 2665 2664 2666 2664 2664 2665 2666 2665 2665 2665 2664 2666 2666 2666 2667 2666 2664 2667 2667 2667 2666 2667 2668 2668 2669 2668 2670 2668 2668 2669 2670 2669 2669 2669 2668 2670 2670 2670 2671 2670 2668 2671 2671 2671 2670 2671 2672 2672 2673 2672 2674 2672 2672 2673 2674 2673 2673 2673 2672 2674 2674 2674 2675 2674 2672 2675 2675 2675 2674 2675 2676 2676 2677 2676 2678 2676 2676 2677 2678 2677 2677 2677 2676 2678 2678 2678 2679 2678 2676 2679 2679 2679 2678 2679 2680 2680 2681 2680 2682 2680 2680 2681 2682 2681 2681 2681 2680 2682 2682 2682 2683 2682 2680 2683 2683 2683 2682 2683 2684 2684 2685 2684 2686 2684 2684 2685 2686 2685 2685 2685 2684 2686 2686 2686 2687 2686 2684 2687 2687 2687 2686 2687 2688 2688 2689 2688 2690 2688 2688 2689 2690 2689 2689 2689 2688 2690 2690 2690 2691 2690 2688 2691 2691 2691 2690 2691 2692 2692 2693 2692 2694 2692 2692 2693 2694 2693 2693 2693 2692 2694 2694 2694 2695 2694 2692 2695 2695 2695 2694 2695 2696 2696 2697 2696 2698 2696 2696 2697 2698 2697 2697 2697 2696 2698 2698 2698 2699 2698 2696 2699 2699 2699 2698 2699 2700 2700 2701 2700 2702 2700 2700 2701 2702 2701 2701 2701 2700 2702 2702 2702 2703 2702 2700 2703 2703 2703 2702 2703 2704 2704 2705 2704 2706 2704 2704 2705 2706 2705 2705 2705 2704 2706 2706 2706 2707 2706 2704 2707 2707 2707 2706 2707 2708 2708 2709 2708 2710 2708 2708 2709 2710 2709 2709 2709 2708 2710 2710 2710 2711 2710 2708 2711 2711 2711 2710 2711 2712 2712 2713 2712 2714 2712 2712 2713 2714 2713 2713 2713 2712 2714 2714 2714 2715 2714 2712 2715 2715 2715 2714 2715 2716 2716 2717 2716 2718 2716 2716 2717 2718 2717 2717 2717 2716 2718 2718 2718 2719 2718 2716 2719 2719 2719 2718 2719 2720 2720 2721 2720 2722 2720 2720 2721 2722 2721 2721 2721 2720 2722 2722 2722 2723 2722 2720 2723 2723 2723 2722 2723 2724 2724 2725 2724 2726 2724 2724 2725 2726 2725 2725 2725 2724 2726 2726 2726 2727 2726 2724 2727 2727 2727 2726 2727 2728 2728 2729 2728 2730 2728 2728 2729 2730 2729 2729 2729 2728 2730 2730 2730 2731 2730 2728 2731 2731 2731 2730 2731 2732 2732 2733 2732 2734 2732 2732 2733 2734 2733 2733 2733 2732 2734 2734 2734 2735 2734 2732 2735 2735 2735 2734 2735 2736 2736 2737 2736 2738 2736 2736 2737 2738 2737 2737 2737 2736 2738 2738 2738 2739 2738 2736 2739 2739 2739 2738 2739 2740 2740 2741 2740 2742 2740 2740 2741 2742 2741 2741 2741 2740 2742 2742 2742 2743 2742 2740 2743 2743 2743 2742 2743 2744 2744 2745 2744 2746 2744 2744 2745 2746 2745 2745 2745 2744 2746 2746 2746 2747 2746 2744 2747 2747 2747 2746 2747 2748 2748 2749 2748 2750 2748 2748 2749 2750 2749 2749 2749 2748 2750 2750 2750 2751 2750 2748 2751 2751 2751 2750 2751 2752 2752 2753 2752 2754 2752 2752 2753 2754 2753 2753 2753 2752 2754 2754 2754 2755 2754 2752 2755 2755 2755 2754 2755 2756 2756 2757 2756 2758 2756 2756 2757 2758 2757 2757 2757 2756 2758 2758 2758 2759 2758 2756 2759 2759 2759 2758 2759 2760 2760 2761 2760 2762 2760 2760 2761 2762 2761 2761 2761 2760 2762 2762 2762 2763 2762 2760 2763 2763 2763 2762 2763 2764 2764 2765 2764 2766 2764 2764 2765 2766 2765 2765 2765 2764 2766 2766 2766 2767 2766 2764 2767 2767 2767 2766 2767 2768 2768 2769 2768 2770 2768 2768 2769 2770 2769 2769 2769 2768 2770 2770 2770 2771 2770 2768 2771 2771 2771 2770 2771 2772 2772 2773 2772 2774 2772 2772 2773 2774 2773 2773 2773 2772 2774 2774 2774 2775 2774 2772 2775 2775 2775 2774 2775 2776 2776 2777 2776 2778 2776 2776 2777 2778 2777 2777 2777 2776 2778 2778 2778 2779 2778 2776 2779 2779 2779 2778 2779 2780 2780 2781 2780 2782 2780 2780 2781 2782 2781 2781 2781 2780 2782 2782 2782 2783 2782 2780 2783 2783 2783 2782 2783 2784 2784 2785 2784 2786 2784 2784 2785 2786 2785 2785 2785 2784 2786 2786 2786 2787 2786 2784 2787 2787 2787 2786 2787 2788 2788 2789 2788 2790 2788 2788 2789 2790 2789 2789 2789 2788 2790 2790 2790 2791 2790 2788 2791 2791 2791 2790 2791 2792 2792 2793 2792 2794 2792 2792 2793 2794 2793 2793 2793 2792 2794 2794 2794 2795 2794 2792 2795 2795 2795 2794 2795 2796 2796 2797 2796 2798 2796 2796 2797 2798 2797 2797 2797 2796 2798 2798 2798 2799 2798 2796 2799 2799 2799 2798 2799 2800 2800 2801 2800 2802 2800 2800 2801 2802 2801 2801 2801 2800 2802 2802 2802 2803 2802 2800 2803 2803 2803 2802 2803 2804 2804 2805 2804 2806 2804 2804 2805 2806 2805 2805 2805 2804 2806 2806 2806 2807 2806 2804 2807 2807 2807 2806 2807 2808 2808 2809 2808 2810 2808 2808 2809 2810 2809 2809 2809 2808 2810 2810 2810 2811 2810 2808 2811 2811 2811 2810 2811 2812 2812 2813 2812 2814 2812 2812 2813 2814 2813 2813 2813 2812 2814 2814 2814 2815 2814 2812 2815 2815 2815 2814 2815 2816 2816 2817 2816 2818 2816 2816 2817 2818 2817 2817 2817 2816 2818 2818 2818 2819 2818 2816 2819 2819 2819 2818 2819 2820 2820 2821 2820 2822 2820 2820 2821 2822 2821 2821 2821 2820 2822 2822 2822 2823 2822 2820 2823 2823 2823 2822 2823 2824 2824 2825 2824 2826 2824 2824 2825 2826 2825 2825 2825 2824 2826 2826 2826 2827 2826 2824 2827 2827 2827 2826 2827 2828 2828 2829 2828 2830 2828 2828 2829 2830 2829 2829 2829 2828 2830 2830 2830 2831 2830 2828 2831 2831 2831 2830 2831 2832 2832 2833 2832 2834 2832 2832 2833 2834 2833 2833 2833 2832 2834 2834 2834 2835 2834 2832 2835 2835 2835 2834 2835 2836 2836 2837 2836 2838 2836 2836 2837 2838 2837 2837 2837 2836 2838 2838 2838 2839 2838 2836 2839 2839 2839 2838 2839 2840 2840 2841 2840 2842 2840 2840 2841 2842 2841 2841 2841 2840 2842 2842 2842 2843 2842 2840 2843 2843 2843 2842 2843 2844 2844 2845 2844 2846 2844 2844 2845 2846 2845 2845 2845 2844 2846 2846 2846 2847 2846 2844 2847 2847 2847 2846 2847 2848 2848 2849 2848 2850 2848 2848 2849 2850 2849 2849 2849 2848 2850 2850 2850 2851 2850 2848 2851 2851 2851 2850 2851 2852 2852 2853 2852 2854 2852 2852 2853 2854 2853 2853 2853 2852 2854 2854 2854 2855 2854 2852 2855 2855 2855 2854 2855 2856 2856 2857 2856 2858 2856 2856 2857 2858 2857 2857 2857 2856 2858 2858 2858 2859 2858 2856 2859 2859 2859 2858 2859 2860 2860 2861 2860 2862 2860 2860 2861 2862 2861 2861 2861 2860 2862 2862 2862 2863 2862 2860 2863 2863 2863 2862 2863 2864 2864 2865 2864 2866 2864 2864 2865 2866 2865 2865 2865 2864 2866 2866 2866 2867 2866 2864 2867 2867 2867 2866 2867 2868 2868 2869 2868 2870 2868 2868 2869 2870 2869 2869 2869 2868 2870 2870 2870 2871 2870 2868 2871 2871 2871 2870 2871 2872 2872 2873 2872 2874 2872 2872 2873 2874 2873 2873 2873 2872 2874 2874 2874 2875 2874 2872 2875 2875 2875 2874 2875 2876 2876 2877 2876 2878 2876 2876 2877 2878 2877 2877 2877 2876 2878 2878 2878 2879 2878 2876 2879 2879 2879 2878 2879 2880 2880 2881 2880 2882 2880 2880 2881 2882 2881 2881 2881 2880 2882 2882 2882 2883 2882 2880 2883 2883 2883 2882 2883 2884 2884 2885 2884 2886 2884 2884 2885 2886 2885 2885 2885 2884 2886 2886 2886 2887 2886 2884 2887 2887 2887 2886 2887 2888 2888 2889 2888 2890 2888 2888 2889 2890 2889 2889 2889 2888 2890 2890 2890 2891 2890 2888 2891 2891 2891 2890 2891 2892 2892 2893 2892 2894 2892 2892 2893 2894 2893 2893 2893 2892 2894 2894 2894 2895 2894 2892 2895 2895 2895 2894 2895 2896 2896 2897 2896 2898 2896 2896 2897 2898 2897 2897 2897 2896 2898 2898 2898 2899 2898 2896 2899 2899 2899 2898 2899 2900 2900 2901 2900 2902 2900 2900 2901 2902 2901 2901 2901 2900 2902 2902 2902 2903 2902 2900 2903 2903 2903 2902 2903 2904 2904 2905 2904 2906 2904 2904 2905 2906 2905 2905 2905 2904 2906 2906 2906 2907 2906 2904 2907 2907 2907 2906 2907 2908 2908 2909 2908 2910 2908 2908 2909 2910 2909 2909 2909 2908 2910 2910 2910 2911 2910 2908 2911 2911 2911 2910 2911 2912 2912 2913 2912 2914 2912 2912 2913 2914 2913 2913 2913 2912 2914 2914 2914 2915 2914 2912 2915 2915 2915 2914 2915 2916 2916 2917 2916 2918 2916 2916 2917 2918 2917 2917 2917 2916 2918 2918 2918 2919 2918 2916 2919 2919 2919 2918 2919 2920 2920 2921 2920 2922 2920 2920 2921 2922 2921 2921 2921 2920 2922 2922 2922 2923 2922 2920 2923 2923 2923 2922 2923 2924 2924 2925 2924 2926 2924 2924 2925 2926 2925 2925 2925 2924 2926 2926 2926 2927 2926 2924 2927 2927 2927 2926 2927 2928 2928 2929 2928 2930 2928 2928 2929 2930 2929 2929 2929 2928 2930 2930 2930 2931 2930 2928 2931 2931 2931 2930 2931 2932 2932 2933 2932 2934 2932 2932 2933 2934 2933 2933 2933 2932 2934 2934 2934 2935 2934 2932 2935 2935 2935 2934 2935 2936 2936 2937 2936 2938 2936 2936 2937 2938 2937 2937 2937 2936 2938 2938 2938 2939 2938 2936 2939 2939 2939 2938 2939 2940 2940 2941 2940 2942 2940 2940 2941 2942 2941 2941 2941 2940 2942 2942 2942 2943 2942 2940 2943 2943 2943 2942 2943 2944 2944 2945 2944 2946 2944 2944 2945 2946 2945 2945 2945 2944 2946 2946 2946 2947 2946 2944 2947 2947 2947 2946 2947 2948 2948 2949 2948 2950 2948 2948 2949 2950 2949 2949 2949 2948 2950 2950 2950 2951 2950 2948 2951 2951 2951 2950 2951 2952 2952 2953 2952 2954 2952 2952 2953 2954 2953 2953 2953 2952 2954 2954 2954 2955 2954 2952 2955 2955 2955 2954 2955 2956 2956 2957 2956 2958 2956 2956 2957 2958 2957 2957 2957 2956 2958 2958 2958 2959 2958 2956 2959 2959 2959 2958 2959 2960 2960 2961 2960 2962 2960 2960 2961 2962 2961 2961 2961 2960 2962 2962 2962 2963 2962 2960 2963 2963 2963 2962 2963 2964 2964 2965 2964 2966 2964 2964 2965 2966 2965 2965 2965 2964 2966 2966 2966 2967 2966 2964 2967 2967 2967 2966 2967 2968 2968 2969 2968 2970 2968 2968 2969 2970 2969 2969 2969 2968 2970 2970 2970 2971 2970 2968 2971 2971 2971 2970 2971 2972 2972 2973 2972 2974 2972 2972 2973 2974 2973 2973 2973 2972 2974 2974 2974 2975 2974 2972 2975 2975 2975 2974 2975 2976 2976 2977 2976 2978 2976 2976 2977 2978 2977 2977 2977 2976 2978 2978 2978 2979 2978 2976 2979 2979 2979 2978 2979 2980 2980 2981 2980 2982 2980 2980 2981 2982 2981 2981 2981 2980 2982 2982 2982 2983 2982 2980 2983 2983 2983 2982 2983 2984 2984 2985 2984 2986 2984 2984 2985 2986 2985 2985 2985 2984 2986 2986 2986 2987 2986 2984 2987 2987 2987 2986 2987 2988 2988 2989 2988 2990 2988 2988 2989 2990 2989 2989 2989 2988 2990 2990 2990 2991 2990 2988 2991 2991 2991 2990 2991 2992 2992 2993 2992 2994 2992 2992 2993 2994 2993 2993 2993 2992 2994 2994 2994 2995 2994 2992 2995 2995 2995 2994 2995 2996 2996 2997 2996 2998 2996 2996 2997 2998 2997 2997 2997 2996 2998 2998 2998 2999 2998 2996 2999 2999 2999 2998 2999 3000 3000 3001 3000 3002 3000 3000 3001 3002 3001 3001 3001 3000 3002 3002 3002 3003 3002 3000 3003 3003 3003 3002 3003 3004 3004 3005 3004 3006 3004 3004 3005 3006 3005 3005 3005 3004 3006 3006 3006 3007 3006 3004 3007 3007 3007 3006 3007 3008 3008 3009 3008 3010 3008 3008 3009 3010 3009 3009 3009 3008 3010 3010 3010 3011 3010 3008 3011 3011 3011 3010 3011 3012 3012 3013 3012 3014 3012 3012 3013 3014 3013 3013 3013 3012 3014 3014 3014 3015 3014 3012 3015 3015 3015 3014 3015 3016 3016 3017 3016 3018 3016 3016 3017 3018 3017 3017 3017 3016 3018 3018 3018 3019 3018 3016 3019 3019 3019 3018 3019 3020 3020 3021 3020 3022 3020 3020 3021 3022 3021 3021 3021 3020 3022 3022 3022 3023 3022 3020 3023 3023 3023 3022 3023 3024 3024 3025 3024 3026 3024 3024 3025 3026 3025 3025 3025 3024 3026 3026 3026 3027 3026 3024 3027 3027 3027 3026 3027 3028 3028 3029 3028 3030 3028 3028 3029 3030 3029 3029 3029 3028 3030 3030 3030 3031 3030 3028 3031 3031 3031 3030 3031 3032 3032 3033 3032 3034 3032 3032 3033 3034 3033 3033 3033 3032 3034 3034 3034 3035 3034 3032 3035 3035 3035 3034 3035 3036 3036 3037 3036 3038 3036 3036 3037 3038 3037 3037 3037 3036 3038 3038 3038 3039 3038 3036 3039 3039 3039 3038 3039 3040 3040 3041 3040 3042 3040 3040 3041 3042 3041 3041 3041 3040 3042 3042 3042 3043 3042 3040 3043 3043 3043 3042 3043 3044 3044 3045 3044 3046 3044 3044 3045 3046 3045 3045 3045 3044 3046 3046 3046 3047 3046 3044 3047 3047 3047 3046 3047 3048 3048 3049 3048 3050 3048 3048 3049 3050 3049 3049 3049 3048 3050 3050 3050 3051 3050 3048 3051 3051 3051 3050 3051 3052 3052 3053 3052 3054 3052 3052 3053 3054 3053 3053 3053 3052 3054 3054 3054 3055 3054 3052 3055 3055 3055 3054 3055 3056 3056 3057 3056 3058 3056 3056 3057 3058 3057 3057 3057 3056 3058 3058 3058 3059 3058 3056 3059 3059 3059 3058 3059 3060 3060 3061 3060 3062 3060 3060 3061 3062 3061 3061 3061 3060 3062 3062 3062 3063 3062 3060 3063 3063 3063 3062 3063 3064 3064 3065 3064 3066 3064 3064 3065 3066 3065 3065 3065 3064 3066 3066 3066 3067 3066 3064 3067 3067 3067 3066 3067 3068 3068 3069 3068 3070 3068 3068 3069 3070 3069 3069 3069 3068 3070 3070 3070 3071 3070 3068 3071 3071 3071 3070 3071 3072 3072 3073 3072 3074 3072 3072 3073 3074 3073 3073 3073 3072 3074 3074 3074 3075 3074 3072 3075 3075 3075 3074 3075 3076 3076 3077 3076 3078 3076 3076 3077 3078 3077 3077 3077 3076 3078 3078 3078 3079 3078 3076 3079 3079 3079 3078 3079 3080 3080 3081 3080 3082 3080 3080 3081 3082 3081 3081 3081 3080 3082 3082 3082 3083 3082 3080 3083 3083 3083 3082 3083 3084 3084 3085 3084 3086 3084 3084 3085 3086 3085 3085 3085 3084 3086 3086 3086 3087 3086 3084 3087 3087 3087 3086 3087 3088 3088 3089 3088 3090 3088 3088 3089 3090 3089 3089 3089 3088 3090 3090 3090 3091 3090 3088 3091 3091 3091 3090 3091 3092 3092 3093 3092 3094 3092 3092 3093 3094 3093 3093 3093 3092 3094 3094 3094 3095 3094 3092 3095 3095 3095 3094 3095 3096 3096 3097 3096 3098 3096 3096 3097 3098 3097 3097 3097 3096 3098 3098 3098 3099 3098 3096 3099 3099 3099 3098 3099 3100 3100 3101 3100 3102 3100 3100 3101 3102 3101 3101 3101 3100 3102 3102 3102 3103 3102 3100 3103 3103 3103 3102 3103 3104 3104 3105 3104 3106 3104 3104 3105 3106 3105 3105 3105 3104 3106 3106 3106 3107 3106 3104 3107 3107 3107 3106 3107 3108 3108 3109 3108 3110 3108 3108 3109 3110 3109 3109 3109 3108 3110 3110 3110 3111 3110 3108 3111 3111 3111 3110 3111 3112 3112 3113 3112 3114 3112 3112 3113 3114 3113 3113 3113 3112 3114 3114 3114 3115 3114 3112 3115 3115 3115 3114 3115 3116 3116 3117 3116 3118 3116 3116 3117 3118 3117 3117 3117 3116 3118 3118 3118 3119 3118 3116 3119 3119 3119 3118 3119 3120 3120 3121 3120 3122 3120 3120 3121 3122 3121 3121 3121 3120 3122 3122 3122 3123 3122 3120 3123 3123 3123 3122 3123 3124 3124 3125 3124 3126 3124 3124 3125 3126 3125 3125 3125 3124 3126 3126 3126 3127 3126 3124 3127 3127 3127 3126 3127 3128 3128 3129 3128 3130 3128 3128 3129 3130 3129 3129 3129 3128 3130 3130 3130 3131 3130 3128 3131 3131 3131 3130 3131 3132 3132 3133 3132 3134 3132 3132 3133 3134 3133 3133 3133 3132 3134 3134 3134 3135 3134 3132 3135 3135 3135 3134 3135 3136 3136 3137 3136 3138 3136 3136 3137 3138 3137 3137 3137 3136 3138 3138 3138 3139 3138 3136 3139 3139 3139 3138 3139 3140 3140 3141 3140 3142 3140 3140 3141 3142 3141 3141 3141 3140 3142 3142 3142 3143 3142 3140 3143 3143 3143 3142 3143 3144 3144 3145 3144 3146 3144 3144 3145 3146 3145 3145 3145 3144 3146 3146 3146 3147 3146 3144 3147 3147 3147 3146 3147 3148 3148 3149 3148 3150 3148 3148 3149 3150 3149 3149 3149 3148 3150 3150 3150 3151 3150 3148 3151 3151 3151 3150 3151 3152 3152 3153 3152 3154 3152 3152 3153 3154 3153 3153 3153 3152 3154 3154 3154 3155 3154 3152 3155 3155 3155 3154 3155 3156 3156 3157 3156 3158 3156 3156 3157 3158 3157 3157 3157 3156 3158 3158 3158 3159 3158 3156 3159 3159 3159 3158 3159 3160 3160 3161 3160 3162 3160 3160 3161 3162 3161 3161 3161 3160 3162 3162 3162 3163 3162 3160 3163 3163 3163 3162 3163 3164 3164 3165 3164 3166 3164 3164 3165 3166 3165 3165 3165 3164 3166 3166 3166 3167 3166 3164 3167 3167 3167 3166 3167 3168 3168 3169 3168 3170 3168 3168 3169 3170 3169 3169 3169 3168 3170 3170 3170 3171 3170 3168 3171 3171 3171 3170 3171 3172 3172 3173 3172 3174 3172 3172 3173 3174 3173 3173 3173 3172 3174 3174 3174 3175 3174 3172 3175 3175 3175 3174 3175 3176 3176 3177 3176 3178 3176 3176 3177 3178 3177 3177 3177 3176 3178 3178 3178 3179 3178 3176 3179 3179 3179 3178 3179 3180 3180 3181 3180 3182 3180 3180 3181 3182 3181 3181 3181 3180 3182 3182 3182 3183 3182 3180 3183 3183 3183 3182 3183 3184 3184 3185 3184 3186 3184 3184 3185 3186 3185 3185 3185 3184 3186 3186 3186 3187 3186 3184 3187 3187 3187 3186 3187 3188 3188 3189 3188 3190 3188 3188 3189 3190 3189 3189 3189 3188 3190 3190 3190 3191 3190 3188 3191 3191 3191 3190 3191 3192 3192 3193 3192 3194 3192 3192 3193 3194 3193 3193 3193 3192 3194 3194 3194 3195 3194 3192 3195 3195 3195 3194 3195 3196 3196 3197 3196 3198 3196 3196 3197 3198 3197 3197 3197 3196 3198 3198 3198 3199 3198 3196 3199 3199 3199 3198 3199 3200 3200 3201 3200 3202 3200 3200 3201 3202 3201 3201 3201 3200 3202 3202 3202 3203 3202 3200 3203 3203 3203 3202 3203 3204 3204 3205 3204 3206 3204 3204 3205 3206 3205 3205 3205 3204 3206 3206 3206 3207 3206 3204 3207 3207 3207 3206 3207 3208 3208 3209 3208 3210 3208 3208 3209 3210 3209 3209 3209 3208 3210 3210 3210 3211 3210 3208 3211 3211 3211 3210 3211 3212 3212 3213 3212 3214 3212 3212 3213 3214 3213 3213 3213 3212 3214 3214 3214 3215 3214 3212 3215 3215 3215 3214 3215 3216 3216 3217 3216 3218 3216 3216 3217 3218 3217 3217 3217 3216 3218 3218 3218 3219 3218 3216 3219 3219 3219 3218 3219 3220 3220 3221 3220 3222 3220 3220 3221 3222 3221 3221 3221 3220 3222 3222 3222 3223 3222 3220 3223 3223 3223 3222 3223 3224 3224 3225 3224 3226 3224 3224 3225 3226 3225 3225 3225 3224 3226 3226 3226 3227 3226 3224 3227 3227 3227 3226 3227 3228 3228 3229 3228 3230 3228 3228 3229 3230 3229 3229 3229 3228 3230 3230 3230 3231 3230 3228 3231 3231 3231 3230 3231 3232 3232 3233 3232 3234 3232 3232 3233 3234 3233 3233 3233 3232 3234 3234 3234 3235 3234 3232 3235 3235 3235 3234 3235 3236 3236 3237 3236 3238 3236 3236 3237 3238 3237 3237 3237 3236 3238 3238 3238 3239 3238 3236 3239 3239 3239 3238 3239 3240 3240 3241 3240 3242 3240 3240 3241 3242 3241 3241 3241 3240 3242 3242 3242 3243 3242 3240 3243 3243 3243 3242 3243 3244 3244 3245 3244 3246 3244 3244 3245 3246 3245 3245 3245 3244 3246 3246 3246 3247 3246 3244 3247 3247 3247 3246 3247 3248 3248 3249 3248 3250 3248 3248 3249 3250 3249 3249 3249 3248 3250 3250 3250 3251 3250 3248 3251 3251 3251 3250 3251 3252 3252 3253 3252 3254 3252 3252 3253 3254 3253 3253 3253 3252 3254 3254 3254 3255 3254 3252 3255 3255 3255 3254 3255 3256 3256 3257 3256 3258 3256 3256 3257 3258 3257 3257 3257 3256 3258 3258 3258 3259 3258 3256 3259 3259 3259 3258 3259 3260 3260 3261 3260 3262 3260 3260 3261 3262 3261 3261 3261 3260 3262 3262 3262 3263 3262 3260 3263 3263 3263 3262 3263 3264 3264 3265 3264 3266 3264 3264 3265 3266 3265 3265 3265 3264 3266 3266 3266 3267 3266 3264 3267 3267 3267 3266 3267 3268 3268 3269 3268 3270 3268 3268 3269 3270 3269 3269 3269 3268 3270 3270 3270 3271 3270 3268 3271 3271 3271 3270 3271 3272 3272 3273 3272 3274 3272 3272 3273 3274 3273 3273 3273 3272 3274 3274 3274 3275 3274 3272 3275 3275 3275 3274 3275 3276 3276 3277 3276 3278 3276 3276 3277 3278 3277 3277 3277 3276 3278 3278 3278 3279 3278 3276 3279 3279 3279 3278 3279 3280 3280 3281 3280 3282 3280 3280 3281 3282 3281 3281 3281 3280 3282 3282 3282 3283 3282 3280 3283 3283 3283 3282 3283 3284 3284 3285 3284 3286 3284 3284 3285 3286 3285 3285 3285 3284 3286 3286 3286 3287 3286 3284 3287 3287 3287 3286 3287 3288 3288 3289 3288 3290 3288 3288 3289 3290 3289 3289 3289 3288 3290 3290 3290 3291 3290 3288 3291 3291 3291 3290 3291 3292 3292 3293 3292 3294 3292 3292 3293 3294 3293 3293 3293 3292 3294 3294 3294 3295 3294 3292 3295 3295 3295 3294 3295 3296 3296 3297 3296 3298 3296 3296 3297 3298 3297 3297 3297 3296 3298 3298 3298 3299 3298 3296 3299 3299 3299 3298 3299 3300 3300 3301 3300 3302 3300 3300 3301 3302 3301 3301 3301 3300 3302 3302 3302 3303 3302 3300 3303 3303 3303 3302 3303 3304 3304 3305 3304 3306 3304 3304 3305 3306 3305 3305 3305 3304 3306 3306 3306 3307 3306 3304 3307 3307 3307 3306 3307 3308 3308 3309 3308 3310 3308 3308 3309 3310 3309 3309 3309 3308 3310 3310 3310 3311 3310 3308 3311 3311 3311 3310 3311 3312 3312 3313 3312 3314 3312 3312 3313 3314 3313 3313 3313 3312 3314 3314 3314 3315 3314 3312 3315 3315 3315 3314 3315 3316 3316 3317 3316 3318 3316 3316 3317 3318 3317 3317 3317 3316 3318 3318 3318 3319 3318 3316 3319 3319 3319 3318 3319 3320 3320 3321 3320 3322 3320 3320 3321 3322 3321 3321 3321 3320 3322 3322 3322 3323 3322 3320 3323 3323 3323 3322 3323 3324 3324 3325 3324 3326 3324 3324 3325 3326 3325 3325 3325 3324 3326 3326 3326 3327 3326 3324 3327 3327 3327 3326 3327 3328 3328 3329 3328 3330 3328 3328 3329 3330 3329 3329 3329 3328 3330 3330 3330 3331 3330 3328 3331 3331 3331 3330 3331 3332 3332 3333 3332 3334 3332 3332 3333 3334 3333 3333 3333 3332 3334 3334 3334 3335 3334 3332 3335 3335 3335 3334 3335 3336 3336 3337 3336 3338 3336 3336 3337 3338 3337 3337 3337 3336 3338 3338 3338 3339 3338 3336 3339 3339 3339 3338 3339 3340 3340 3341 3340 3342 3340 3340 3341 3342 3341 3341 3341 3340 3342 3342 3342 3343 3342 3340 3343 3343 3343 3342 3343 3344 3344 3345 3344 3346 3344 3344 3345 3346 3345 3345 3345 3344 3346 3346 3346 3347 3346 3344 3347 3347 3347 3346 3347 3348 3348 3349 3348 3350 3348 3348 3349 3350 3349 3349 3349 3348 3350 3350 3350 3351 3350 3348 3351 3351 3351 3350 3351 3352 3352 3353 3352 3354 3352 3352 3353 3354 3353 3353 3353 3352 3354 3354 3354 3355 3354 3352 3355 3355 3355 3354 3355 3356 3356 3357 3356 3358 3356 3356 3357 3358 3357 3357 3357 3356 3358 3358 3358 3359 3358 3356 3359 3359 3359 3358 3359 3360 3360 3361 3360 3362 3360 3360 3361 3362 3361 3361 3361 3360 3362 3362 3362 3363 3362 3360 3363 3363 3363 3362 3363 3364 3364 3365 3364 3366 3364 3364 3365 3366 3365 3365 3365 3364 3366 3366 3366 3367 3366 3364 3367 3367 3367 3366 3367 3368 3368 3369 3368 3370 3368 3368 3369 3370 3369 3369 3369 3368 3370 3370 3370 3371 3370 3368 3371 3371 3371 3370 3371 3372 3372 3373 3372 3374 3372 3372 3373 3374 3373 3373 3373 3372 3374 3374 3374 3375 3374 3372 3375 3375 3375 3374 3375 3376 3376 3377 3376 3378 3376 3376 3377 3378 3377 3377 3377 3376 3378 3378 3378 3379 3378 3376 3379 3379 3379 3378 3379 3380 3380 3381 3380 3382 3380 3380 3381 3382 3381 3381 3381 3380 3382 3382 3382 3383 3382 3380 3383 3383 3383 3382 3383 3384 3384 3385 3384 3386 3384 3384 3385 3386 3385 3385 3385 3384 3386 3386 3386 3387 3386 3384 3387 3387 3387 3386 3387 3388 3388 3389 3388 3390 3388 3388 3389 3390 3389 3389 3389 3388 3390 3390 3390 3391 3390 3388 3391 3391 3391 3390 3391 3392 3392 3393 3392 3394 3392 3392 3393 3394 3393 3393 3393 3392 3394 3394 3394 3395 3394 3392 3395 3395 3395 3394 3395 3396 3396 3397 3396 3398 3396 3396 3397 3398 3397 3397 3397 3396 3398 3398 3398 3399 3398 3396 3399 3399 3399 3398 3399 3400 3400 3401 3400 3402 3400 3400 3401 3402 3401 3401 3401 3400 3402 3402 3402 3403 3402 3400 3403 3403 3403 3402 3403 3404 3404 3405 3404 3406 3404 3404 3405 3406 3405 3405 3405 3404 3406 3406 3406 3407 3406 3404 3407 3407 3407 3406 3407 3408 3408 3409 3408 3410 3408 3408 3409 3410 3409 3409 3409 3408 3410 3410 3410 3411 3410 3408 3411 3411 3411 3410 3411 3412 3412 3413 3412 3414 3412 3412 3413 3414 3413 3413 3413 3412 3414 3414 3414 3415 3414 3412 3415 3415 3415 3414 3415 3416 3416 3417 3416 3418 3416 3416 3417 3418 3417 3417 3417 3416 3418 3418 3418 3419 3418 3416 3419 3419 3419 3418 3419 3420 3420 3421 3420 3422 3420 3420 3421 3422 3421 3421 3421 3420 3422 3422 3422 3423 3422 3420 3423 3423 3423 3422 3423 3424 3424 3425 3424 3426 3424 3424 3425 3426 3425 3425 3425 3424 3426 3426 3426 3427 3426 3424 3427 3427 3427 3426 3427 3428 3428 3429 3428 3430 3428 3428 3429 3430 3429 3429 3429 3428 3430 3430 3430 3431 3430 3428 3431 3431 3431 3430 3431 3432 3432 3433 3432 3434 3432 3432 3433 3434 3433 3433 3433 3432 3434 3434 3434 3435 3434 3432 3435 3435 3435 3434 3435 3436 3436 3437 3436 3438 3436 3436 3437 3438 3437 3437 3437 3436 3438 3438 3438 3439 3438 3436 3439 3439 3439 3438 3439 3440 3440 3441 3440 3442 3440 3440 3441 3442 3441 3441 3441 3440 3442 3442 3442 3443 3442 3440 3443 3443 3443 3442 3443 3444 3444 3445 3444 3446 3444 3444 3445 3446 3445 3445 3445 3444 3446 3446 3446 3447 3446 3444 3447 3447 3447 3446 3447 3448 3448 3449 3448 3450 3448 3448 3449 3450 3449 3449 3449 3448 3450 3450 3450 3451 3450 3448 3451 3451 3451 3450 3451 3452 3452 3453 3452 3454 3452 3452 3453 3454 3453 3453 3453 3452 3454 3454 3454 3455 3454 3452 3455 3455 3455 3454 3455 3456 3456 3457 3456 3458 3456 3456 3457 3458 3457 3457 3457 3456 3458 3458 3458 3459 3458 3456 3459 3459 3459 3458 3459 3460 3460 3461 3460 3462 3460 3460 3461 3462 3461 3461 3461 3460 3462 3462 3462 3463 3462 3460 3463 3463 3463 3462 3463 3464 3464 3465 3464 3466 3464 3464 3465 3466 3465 3465 3465 3464 3466 3466 3466 3467 3466 3464 3467 3467 3467 3466 3467 3468 3468 3469 3468 3470 3468 3468 3469 3470 3469 3469 3469 3468 3470 3470 3470 3471 3470 3468 3471 3471 3471 3470 3471 3472 3472 3473 3472 3474 3472 3472 3473 3474 3473 3473 3473 3472 3474 3474 3474 3475 3474 3472 3475 3475 3475 3474 3475 3476 3476 3477 3476 3478 3476 3476 3477 3478 3477 3477 3477 3476 3478 3478 3478 3479 3478 3476 3479 3479 3479 3478 3479 3480 3480 3481 3480 3482 3480 3480 3481 3482 3481 3481 3481 3480 3482 3482 3482 3483 3482 3480 3483 3483 3483 3482 3483 3484 3484 3485 3484 3486 3484 3484 3485 3486 3485 3485 3485 3484 3486 3486 3486 3487 3486 3484 3487 3487 3487 3486 3487 3488 3488 3489 3488 3490 3488 3488 3489 3490 3489 3489 3489 3488 3490 3490 3490 3491 3490 3488 3491 3491 3491 3490 3491 3492 3492 3493 3492 3494 3492 3492 3493 3494 3493 3493 3493 3492 3494 3494 3494 3495 3494 3492 3495 3495 3495 3494 3495 3496 3496 3497 3496 3498 3496 3496 3497 3498 3497 3497 3497 3496 3498 3498 3498 3499 3498 3496 3499 3499 3499 3498 3499 3500 3500 3501 3500 3502 3500 3500 3501 3502 3501 3501 3501 3500 3502 3502 3502 3503 3502 3500 3503 3503 3503 3502 3503 3504 3504 3505 3504 3506 3504 3504 3505 3506 3505 3505 3505 3504 3506 3506 3506 3507 3506 3504 3507 3507 3507 3506 3507 3508 3508 3509 3508 3510 3508 3508 3509 3510 3509 3509 3509 3508 3510 3510 3510 3511 3510 3508 3511 3511 3511 3510 3511 3512 3512 3513 3512 3514 3512 3512 3513 3514 3513 3513 3513 3512 3514 3514 3514 3515 3514 3512 3515 3515 3515 3514 3515 3516 3516 3517 3516 3518 3516 3516 3517 3518 3517 3517 3517 3516 3518 3518 3518 3519 3518 3516 3519 3519 3519 3518 3519 3520 3520 3521 3520 3522 3520 3520 3521 3522 3521 3521 3521 3520 3522 3522 3522 3523 3522 3520 3523 3523 3523 3522 3523 3524 3524 3525 3524 3526 3524 3524 3525 3526 3525 3525 3525 3524 3526 3526 3526 3527 3526 3524 3527 3527 3527 3526 3527 3528 3528 3529 3528 3530 3528 3528 3529 3530 3529 3529 3529 3528 3530 3530 3530 3531 3530 3528 3531 3531 3531 3530 3531 3532 3532 3533 3532 3534 3532 3532 3533 3534 3533 3533 3533 3532 3534 3534 3534 3535 3534 3532 3535 3535 3535 3534 3535 3536 3536 3537 3536 3538 3536 3536 3537 3538 3537 3537 3537 3536 3538 3538 3538 3539 3538 3536 3539 3539 3539 3538 3539 3540 3540 3541 3540 3542 3540 3540 3541 3542 3541 3541 3541 3540 3542 3542 3542 3543 3542 3540 3543 3543 3543 3542 3543 3544 3544 3545 3544 3546 3544 3544 3545 3546 3545 3545 3545 3544 3546 3546 3546 3547 3546 3544 3547 3547 3547 3546 3547 3548 3548 3549 3548 3550 3548 3548 3549 3550 3549 3549 3549 3548 3550 3550 3550 3551 3550 3548 3551 3551 3551 3550 3551 3552 3552 3553 3552 3554 3552 3552 3553 3554 3553 3553 3553 3552 3554 3554 3554 3555 3554 3552 3555 3555 3555 3554 3555 3556 3556 3557 3556 3558 3556 3556 3557 3558 3557 3557 3557 3556 3558 3558 3558 3559 3558 3556 3559 3559 3559 3558 3559 3560 3560 3561 3560 3562 3560 3560 3561 3562 3561 3561 3561 3560 3562 3562 3562 3563 3562 3560 3563 3563 3563 3562 3563 3564 3564 3565 3564 3566 3564 3564 3565 3566 3565 3565 3565 3564 3566 3566 3566 3567 3566 3564 3567 3567 3567 3566 3567 3568 3568 3569 3568 3570 3568 3568 3569 3570 3569 3569 3569 3568 3570 3570 3570 3571 3570 3568 3571 3571 3571 3570 3571 3572 3572 3573 3572 3574 3572 3572 3573 3574 3573 3573 3573 3572 3574 3574 3574 3575 3574 3572 3575 3575 3575 3574 3575 3576 3576 3577 3576 3578 3576 3576 3577 3578 3577 3577 3577 3576 3578 3578 3578 3579 3578 3576 3579 3579 3579 3578 3579 3580 3580 3581 3580 3582 3580 3580 3581 3582 3581 3581 3581 3580 3582 3582 3582 3583 3582 3580 3583 3583 3583 3582 3583 3584 3584 3585 3584 3586 3584 3584 3585 3586 3585 3585 3585 3584 3586 3586 3586 3587 3586 3584 3587 3587 3587 3586 3587 3588 3588 3589 3588 3590 3588 3588 3589 3590 3589 3589 3589 3588 3590 3590 3590 3591 3590 3588 3591 3591 3591 3590 3591 3592 3592 3593 3592 3594 3592 3592 3593 3594 3593 3593 3593 3592 3594 3594 3594 3595 3594 3592 3595 3595 3595 3594 3595 3596 3596 3597 3596 3598 3596 3596 3597 3598 3597 3597 3597 3596 3598 3598 3598 3599 3598 3596 3599 3599 3599 3598 3599 3600 3600 3601 3600 3602 3600 3600 3601 3602 3601 3601 3601 3600 3602 3602 3602 3603 3602 3600 3603 3603 3603 3602 3603 3604 3604 3605 3604 3606 3604 3604 3605 3606 3605 3605 3605 3604 3606 3606 3606 3607 3606 3604 3607 3607 3607 3606 3607 3608 3608 3609 3608 3610 3608 3608 3609 3610 3609 3609 3609 3608 3610 3610 3610 3611 3610 3608 3611 3611 3611 3610 3611 3612 3612 3613 3612 3614 3612 3612 3613 3614 3613 3613 3613 3612 3614 3614 3614 3615 3614 3612 3615 3615 3615 3614 3615 3616 3616 3617 3616 3618 3616 3616 3617 3618 3617 3617 3617 3616 3618 3618 3618 3619 3618 3616 3619 3619 3619 3618 3619 3620 3620 3621 3620 3622 3620 3620 3621 3622 3621 3621 3621 3620 3622 3622 3622 3623 3622 3620 3623 3623 3623 3622 3623 3624 3624 3625 3624 3626 3624 3624 3625 3626 3625 3625 3625 3624 3626 3626 3626 3627 3626 3624 3627 3627 3627 3626 3627 3628 3628 3629 3628 3630 3628 3628 3629 3630 3629 3629 3629 3628 3630 3630 3630 3631 3630 3628 3631 3631 3631 3630 3631 3632 3632 3633 3632 3634 3632 3632 3633 3634 3633 3633 3633 3632 3634 3634 3634 3635 3634 3632 3635 3635 3635 3634 3635 3636 3636 3637 3636 3638 3636 3636 3637 3638 3637 3637 3637 3636 3638 3638 3638 3639 3638 3636 3639 3639 3639 3638 3639 3640 3640 3641 3640 3642 3640 3640 3641 3642 3641 3641 3641 3640 3642 3642 3642 3643 3642 3640 3643 3643 3643 3642 3643 3644 3644 3645 3644 3646 3644 3644 3645 3646 3645 3645 3645 3644 3646 3646 3646 3647 3646 3644 3647 3647 3647 3646 3647 3648 3648 3649 3648 3650 3648 3648 3649 3650 3649 3649 3649 3648 3650 3650 3650 3651 3650 3648 3651 3651 3651 3650 3651 3652 3652 3653 3652 3654 3652 3652 3653 3654 3653 3653 3653 3652 3654 3654 3654 3655 3654 3652 3655 3655 3655 3654 3655 3656 3656 3657 3656 3658 3656 3656 3657 3658 3657 3657 3657 3656 3658 3658 3658 3659 3658 3656 3659 3659 3659 3658 3659 3660 3660 3661 3660 3662 3660 3660 3661 3662 3661 3661 3661 3660 3662 3662 3662 3663 3662 3660 3663 3663 3663 3662 3663 3664 3664 3665 3664 3666 3664 3664 3665 3666 3665 3665 3665 3664 3666 3666 3666 3667 3666 3664 3667 3667 3667 3666 3667 3668 3668 3669 3668 3670 3668 3668 3669 3670 3669 3669 3669 3668 3670 3670 3670 3671 3670 3668 3671 3671 3671 3670 3671 3672 3672 3673 3672 3674 3672 3672 3673 3674 3673 3673 3673 3672 3674 3674 3674 3675 3674 3672 3675 3675 3675 3674 3675 3676 3676 3677 3676 3678 3676 3676 3677 3678 3677 3677 3677 3676 3678 3678 3678 3679 3678 3676 3679 3679 3679 3678 3679 3680 3680 3681 3680 3682 3680 3680 3681 3682 3681 3681 3681 3680 3682 3682 3682 3683 3682 3680 3683 3683 3683 3682 3683 3684 3684 3685 3684 3686 3684 3684 3685 3686 3685 3685 3685 3684 3686 3686 3686 3687 3686 3684 3687 3687 3687 3686 3687 3688 3688 3689 3688 3690 3688 3688 3689 3690 3689 3689 3689 3688 3690 3690 3690 3691 3690 3688 3691 3691 3691 3690 3691 3692 3692 3693 3692 3694 3692 3692 3693 3694 3693 3693 3693 3692 3694 3694 3694 3695 3694 3692 3695 3695 3695 3694 3695 3696 3696 3697 3696 3698 3696 3696 3697 3698 3697 3697 3697 3696 3698 3698 3698 3699 3698 3696 3699 3699 3699 3698 3699 3700 3700 3701 3700 3702 3700 3700 3701 3702 3701 3701 3701 3700 3702 3702 3702 3703 3702 3700 3703 3703 3703 3702 3703 3704 3704 3705 3704 3706 3704 3704 3705 3706 3705 3705 3705 3704 3706 3706 3706 3707 3706 3704 3707 3707 3707 3706 3707 3708 3708 3709 3708 3710 3708 3708 3709 3710 3709 3709 3709 3708 3710 3710 3710 3711 3710 3708 3711 3711 3711 3710 3711 3712 3712 3713 3712 3714 3712 3712 3713 3714 3713 3713 3713 3712 3714 3714 3714 3715 3714 3712 3715 3715 3715 3714 3715 3716 3716 3717 3716 3718 3716 3716 3717 3718 3717 3717 3717 3716 3718 3718 3718 3719 3718 3716 3719 3719 3719 3718 3719 3720 3720 3721 3720 3722 3720 3720 3721 3722 3721 3721 3721 3720 3722 3722 3722 3723 3722 3720 3723 3723 3723 3722 3723 3724 3724 3725 3724 3726 3724 3724 3725 3726 3725 3725 3725 3724 3726 3726 3726 3727 3726 3724 3727 3727 3727 3726 3727 3728 3728 3729 3728 3730 3728 3728 3729 3730 3729 3729 3729 3728 3730 3730 3730 3731 3730 3728 3731 3731 3731 3730 3731 3732 3732 3733 3732 3734 3732 3732 3733 3734 3733 3733 3733 3732 3734 3734 3734 3735 3734 3732 3735 3735 3735 3734 3735 3736 3736 3737 3736 3738 3736 3736 3737 3738 3737 3737 3737 3736 3738 3738 3738 3739 3738 3736 3739 3739 3739 3738 3739 3740 3740 3741 3740 3742 3740 3740 3741 3742 3741 3741 3741 3740 3742 3742 3742 3743 3742 3740 3743 3743 3743 3742 3743 3744 3744 3745 3744 3746 3744 3744 3745 3746 3745 3745 3745 3744 3746 3746 3746 3747 3746 3744 3747 3747 3747 3746 3747 3748 3748 3749 3748 3750 3748 3748 3749 3750 3749 3749 3749 3748 3750 3750 3750 3751 3750 3748 3751 3751 3751 3750 3751 3752 3752 3753 3752 3754 3752 3752 3753 3754 3753 3753 3753 3752 3754 3754 3754 3755 3754 3752 3755 3755 3755 3754 3755 3756 3756 3757 3756 3758 3756 3756 3757 3758 3757 3757 3757 3756 3758 3758 3758 3759 3758 3756 3759 3759 3759 3758 3759 3760 3760 3761 3760 3762 3760 3760 3761 3762 3761 3761 3761 3760 3762 3762 3762 3763 3762 3760 3763 3763 3763 3762 3763 3764 3764 3765 3764 3766 3764 3764 3765 3766 3765 3765 3765 3764 3766 3766 3766 3767 3766 3764 3767 3767 3767 3766 3767 3768 3768 3769 3768 3770 3768 3768 3769 3770 3769 3769 3769 3768 3770 3770 3770 3771 3770 3768 3771 3771 3771 3770 3771 3772 3772 3773 3772 3774 3772 3772 3773 3774 3773 3773 3773 3772 3774 3774 3774 3775 3774 3772 3775 3775 3775 3774 3775 3776 3776 3777 3776 3778 3776 3776 3777 3778 3777 3777 3777 3776 3778 3778 3778 3779 3778 3776 3779 3779 3779 3778 3779 3780 3780 3781 3780 3782 3780 3780 3781 3782 3781 3781 3781 3780 3782 3782 3782 3783 3782 3780 3783 3783 3783 3782 3783 3784 3784 3785 3784 3786 3784 3784 3785 3786 3785 3785 3785 3784 3786 3786 3786 3787 3786 3784 3787 3787 3787 3786 3787 3788 3788 3789 3788 3790 3788 3788 3789 3790 3789 3789 3789 3788 3790 3790 3790 3791 3790 3788 3791 3791 3791 3790 3791 3792 3792 3793 3792 3794 3792 3792 3793 3794 3793 3793 3793 3792 3794 3794 3794 3795 3794 3792 3795 3795 3795 3794 3795 3796 3796 3797 3796 3798 3796 3796 3797 3798 3797 3797 3797 3796 3798 3798 3798 3799 3798 3796 3799 3799 3799 3798 3799 3800 3800 3801 3800 3802 3800 3800 3801 3802 3801 3801 3801 3800 3802 3802 3802 3803 3802 3800 3803 3803 3803 3802 3803 3804 3804 3805 3804 3806 3804 3804 3805 3806 3805 3805 3805 3804 3806 3806 3806 3807 3806 3804 3807 3807 3807 3806 3807 3808 3808 3809 3808 3810 3808 3808 3809 3810 3809 3809 3809 3808 3810 3810 3810 3811 3810 3808 3811 3811 3811 3810 3811 3812 3812 3813 3812 3814 3812 3812 3813 3814 3813 3813 3813 3812 3814 3814 3814 3815 3814 3812 3815 3815 3815 3814 3815 3816 3816 3817 3816 3818 3816 3816 3817 3818 3817 3817 3817 3816 3818 3818 3818 3819 3818 3816 3819 3819 3819 3818 3819 3820 3820 3821 3820 3822 3820 3820 3821 3822 3821 3821 3821 3820 3822 3822 3822 3823 3822 3820 3823 3823 3823 3822 3823 3824 3824 3825 3824 3826 3824 3824 3825 3826 3825 3825 3825 3824 3826 3826 3826 3827 3826 3824 3827 3827 3827 3826 3827 3828 3828 3829 3828 3830 3828 3828 3829 3830 3829 3829 3829 3828 3830 3830 3830 3831 3830 3828 3831 3831 3831 3830 3831 3832 3832 3833 3832 3834 3832 3832 3833 3834 3833 3833 3833 3832 3834 3834 3834 3835 3834 3832 3835 3835 3835 3834 3835 3836 3836 3837 3836 3838 3836 3836 3837 3838 3837 3837 3837 3836 3838 3838 3838 3839 3838 3836 3839 3839 3839 3838 3839 3840 3840 3841 3840 3842 3840 3840 3841 3842 3841 3841 3841 3840 3842 3842 3842 3843 3842 3840 3843 3843 3843 3842 3843 3844 3844 3845 3844 3846 3844 3844 3845 3846 3845 3845 3845 3844 3846 3846 3846 3847 3846 3844 3847 3847 3847 3846 3847 3848 3848 3849 3848 3850 3848 3848 3849 3850 3849 3849 3849 3848 3850 3850 3850 3851 3850 3848 3851 3851 3851 3850 3851 3852 3852 3853 3852 3854 3852 3852 3853 3854 3853 3853 3853 3852 3854 3854 3854 3855 3854 3852 3855 3855 3855 3854 3855 3856 3856 3857 3856 3858 3856 3856 3857 3858 3857 3857 3857 3856 3858 3858 3858 3859 3858 3856 3859 3859 3859 3858 3859 3860 3860 3861 3860 3862 3860 3860 3861 3862 3861 3861 3861 3860 3862 3862 3862 3863 3862 3860 3863 3863 3863 3862 3863 3864 3864 3865 3864 3866 3864 3864 3865 3866 3865 3865 3865 3864 3866 3866 3866 3867 3866 3864 3867 3867 3867 3866 3867 3868 3868 3869 3868 3870 3868 3868 3869 3870 3869 3869 3869 3868 3870 3870 3870 3871 3870 3868 3871 3871 3871 3870 3871 3872 3872 3873 3872 3874 3872 3872 3873 3874 3873 3873 3873 3872 3874 3874 3874 3875 3874 3872 3875 3875 3875 3874 3875 3876 3876 3877 3876 3878 3876 3876 3877 3878 3877 3877 3877 3876 3878 3878 3878 3879 3878 3876 3879 3879 3879 3878 3879 3880 3880 3881 3880 3882 3880 3880 3881 3882 3881 3881 3881 3880 3882 3882 3882 3883 3882 3880 3883 3883 3883 3882 3883 3884 3884 3885 3884 3886 3884 3884 3885 3886 3885 3885 3885 3884 3886 3886 3886 3887 3886 3884 3887 3887 3887 3886 3887 3888 3888 3889 3888 3890 3888 3888 3889 3890 3889 3889 3889 3888 3890 3890 3890 3891 3890 3888 3891 3891 3891 3890 3891 3892 3892 3893 3892 3894 3892 3892 3893 3894 3893 3893 3893 3892 3894 3894 3894 3895 3894 3892 3895 3895 3895 3894 3895 3896 3896 3897 3896 3898 3896 3896 3897 3898 3897 3897 3897 3896 3898 3898 3898 3899 3898 3896 3899 3899 3899 3898 3899 3900 3900 3901 3900 3902 3900 3900 3901 3902 3901 3901 3901 3900 3902 3902 3902 3903 3902 3900 3903 3903 3903 3902 3903 3904 3904 3905 3904 3906 3904 3904 3905 3906 3905 3905 3905 3904 3906 3906 3906 3907 3906 3904 3907 3907 3907 3906 3907 3908 3908 3909 3908 3910 3908 3908 3909 3910 3909 3909 3909 3908 3910 3910 3910 3911 3910 3908 3911 3911 3911 3910 3911 3912 3912 3913 3912 3914 3912 3912 3913 3914 3913 3913 3913 3912 3914 3914 3914 3915 3914 3912 3915 3915 3915 3914 3915 3916 3916 3917 3916 3918 3916 3916 3917 3918 3917 3917 3917 3916 3918 3918 3918 3919 3918 3916 3919 3919 3919 3918 3919 3920 3920 3921 3920 3922 3920 3920 3921 3922 3921 3921 3921 3920 3922 3922 3922 3923 3922 3920 3923 3923 3923 3922 3923 3924 3924 3925 3924 3926 3924 3924 3925 3926 3925 3925 3925 3924 3926 3926 3926 3927 3926 3924 3927 3927 3927 3926 3927 3928 3928 3929 3928 3930 3928 3928 3929 3930 3929 3929 3929 3928 3930 3930 3930 3931 3930 3928 3931 3931 3931 3930 3931 3932 3932 3933 3932 3934 3932 3932 3933 3934 3933 3933 3933 3932 3934 3934 3934 3935 3934 3932 3935 3935 3935 3934 3935 3936 3936 3937 3936 3938 3936 3936 3937 3938 3937 3937 3937 3936 3938 3938 3938 3939 3938 3936 3939 3939 3939 3938 3939 3940 3940 3941 3940 3942 3940 3940 3941 3942 3941 3941 3941 3940 3942 3942 3942 3943 3942 3940 3943 3943 3943 3942 3943 3944 3944 3945 3944 3946 3944 3944 3945 3946 3945 3945 3945 3944 3946 3946 3946 3947 3946 3944 3947 3947 3947 3946 3947 3948 3948 3949 3948 3950 3948 3948 3949 3950 3949 3949 3949 3948 3950 3950 3950 3951 3950 3948 3951 3951 3951 3950 3951 3952 3952 3953 3952 3954 3952 3952 3953 3954 3953 3953 3953 3952 3954 3954 3954 3955 3954 3952 3955 3955 3955 3954 3955 3956 3956 3957 3956 3958 3956 3956 3957 3958 3957 3957 3957 3956 3958 3958 3958 3959 3958 3956 3959 3959 3959 3958 3959 3960 3960 3961 3960 3962 3960 3960 3961 3962 3961 3961 3961 3960 3962 3962 3962 3963 3962 3960 3963 3963 3963 3962 3963 3964 3964 3965 3964 3966 3964 3964 3965 3966 3965 3965 3965 3964 3966 3966 3966 3967 3966 3964 3967 3967 3967 3966 3967 3968 3968 3969 3968 3970 3968 3968 3969 3970 3969 3969 3969 3968 3970 3970 3970 3971 3970 3968 3971 3971 3971 3970 3971 3972 3972 3973 3972 3974 3972 3972 3973 3974 3973 3973 3973 3972 3974 3974 3974 3975 3974 3972 3975 3975 3975 3974 3975 3976 3976 3977 3976 3978 3976 3976 3977 3978 3977 3977 3977 3976 3978 3978 3978 3979 3978 3976 3979 3979 3979 3978 3979 3980 3980 3981 3980 3982 3980 3980 3981 3982 3981 3981 3981 3980 3982 3982 3982 3983 3982 3980 3983 3983 3983 3982 3983 3984 3984 3985 3984 3986 3984 3984 3985 3986 3985 3985 3985 3984 3986 3986 3986 3987 3986 3984 3987 3987 3987 3986 3987 3988 3988 3989 3988 3990 3988 3988 3989 3990 3989 3989 3989 3988 3990 3990 3990 3991 3990 3988 3991 3991 3991 3990 3991 3992 3992 3993 3992 3994 3992 3992 3993 3994 3993 3993 3993 3992 3994 3994 3994 3995 3994 3992 3995 3995 3995 3994 3995 3996 3996 3997 3996 3998 3996 3996 3997 3998 3997 3997 3997 3996 3998 3998 3998 3999 3998 3996 3999 3999 3999 3998 3999 4000 4000 4001 4000 4002 4000 4000 4001 4002 4001 4001 4001 4000 4002 4002 4002 4003 4002 4000 4003 4003 4003 4002 4003 4004 4004 4005 4004 4006 4004 4004 4005 4006 4005 4005 4005 4004 4006 4006 4006 4007 4006 4004 4007 4007 4007 4006 4007 4008 4008 4009 4008 4010 4008 4008 4009 4010 4009 4009 4009 4008 4010 4010 4010 4011 4010 4008 4011 4011 4011 4010 4011 4012 4012 4013 4012 4014 4012 4012 4013 4014 4013 4013 4013 4012 4014 4014 4014 4015 4014 4012 4015 4015 4015 4014 4015 4016 4016 4017 4016 4018 4016 4016 4017 4018 4017 4017 4017 4016 4018 4018 4018 4019 4018 4016 4019 4019 4019 4018 4019 4020 4020 4021 4020 4022 4020 4020 4021 4022 4021 4021 4021 4020 4022 4022 4022 4023 4022 4020 4023 4023 4023 4022 4023 4024 4024 4025 4024 4026 4024 4024 4025 4026 4025 4025 4025 4024 4026 4026 4026 4027 4026 4024 4027 4027 4027 4026 4027 4028 4028 4029 4028 4030 4028 4028 4029 4030 4029 4029 4029 4028 4030 4030 4030 4031 4030 4028 4031 4031 4031 4030 4031 4032 4032 4033 4032 4034 4032 4032 4033 4034 4033 4033 4033 4032 4034 4034 4034 4035 4034 4032 4035 4035 4035 4034 4035 4036 4036 4037 4036 4038 4036 4036 4037 4038 4037 4037 4037 4036 4038 4038 4038 4039 4038 4036 4039 4039 4039 4038 4039 4040 4040 4041 4040 4042 4040 4040 4041 4042 4041 4041 4041 4040 4042 4042 4042 4043 4042 4040 4043 4043 4043 4042 4043 4044 4044 4045 4044 4046 4044 4044 4045 4046 4045 4045 4045 4044 4046 4046 4046 4047 4046 4044 4047 4047 4047 4046 4047 4048 4048 4049 4048 4050 4048 4048 4049 4050 4049 4049 4049 4048 4050 4050 4050 4051 4050 4048 4051 4051 4051 4050 4051 4052 4052 4053 4052 4054 4052 4052 4053 4054 4053 4053 4053 4052 4054 4054 4054 4055 4054 4052 4055 4055 4055 4054 4055 4056 4056 4057 4056 4058 4056 4056 4057 4058 4057 4057 4057 4056 4058 4058 4058 4059 4058 4056 4059 4059 4059 4058 4059 4060 4060 4061 4060 4062 4060 4060 4061 4062 4061 4061 4061 4060 4062 4062 4062 4063 4062 4060 4063 4063 4063 4062 4063 4064 4064 4065 4064 4066 4064 4064 4065 4066 4065 4065 4065 4064 4066 4066 4066 4067 4066 4064 4067 4067 4067 4066 4067 4068 4068 4069 4068 4070 4068 4068 4069 4070 4069 4069 4069 4068 4070 4070 4070 4071 4070 4068 4071 4071 4071 4070 4071 4072 4072 4073 4072 4074 4072 4072 4073 4074 4073 4073 4073 4072 4074 4074 4074 4075 4074 4072 4075 4075 4075 4074 4075 4076 4076 4077 4076 4078 4076 4076 4077 4078 4077 4077 4077 4076 4078 4078 4078 4079 4078 4076 4079 4079 4079 4078 4079 4080 4080 4081 4080 4082 4080 4080 4081 4082 4081 4081 4081 4080 4082 4082 4082 4083 4082 4080 4083 4083 4083 4082 4083 4084 4084 4085 4084 4086 4084 4084 4085 4086 4085 4085 4085 4084 4086 4086 4086 4087 4086 4084 4087 4087 4087 4086 4087 4088 4088 4089 4088 4090 4088 4088 4089 4090 4089 4089 4089 4088 4090 4090 4090 4091 4090 4088 4091 4091 4091 4090 4091 4092 4092 4093 4092 4094 4092 4092 4093 4094 4093 4093 4093 4092 4094 4094 4094 4095 4094 4092 4095 4095 4095 4094 4095 4096 4096 4097 4096 4098 4096 4096 4097 4098 4097 4097 4097 4096 4098 4098 4098 4099 4098 4096 4099 4099 4099 4098 4099 4100 4100 4101 4100 4102 4100 4100 4101 4102 4101 4101 4101 4100 4102 4102 4102 4103 4102 4100 4103 4103 4103 4102 4103 4104 4104 4105 4104 4106 4104 4104 4105 4106 4105 4105 4105 4104 4106 4106 4106 4107 4106 4104 4107 4107 4107 4106 4107 4108 4108 4109 4108 4110 4108 4108 4109 4110 4109 4109 4109 4108 4110 4110 4110 4111 4110 4108 4111 4111 4111 4110 4111 4112 4112 4113 4112 4114 4112 4112 4113 4114 4113 4113 4113 4112 4114 4114 4114 4115 4114 4112 4115 4115 4115 4114 4115 4116 4116 4117 4116 4118 4116 4116 4117 4118 4117 4117 4117 4116 4118 4118 4118 4119 4118 4116 4119 4119 4119 4118 4119 4120 4120 4121 4120 4122 4120 4120 4121 4122 4121 4121 4121 4120 4122 4122 4122 4123 4122 4120 4123 4123 4123 4122 4123 4124 4124 4125 4124 4126 4124 4124 4125 4126 4125 4125 4125 4124 4126 4126 4126 4127 4126 4124 4127 4127 4127 4126 4127 4128 4128 4129 4128 4130 4128 4128 4129 4130 4129 4129 4129 4128 4130 4130 4130 4131 4130 4128 4131 4131 4131 4130 4131 4132 4132 4133 4132 4134 4132 4132 4133 4134 4133 4133 4133 4132 4134 4134 4134 4135 4134 4132 4135 4135 4135 4134 4135 4136 4136 4137 4136 4138 4136 4136 4137 4138 4137 4137 4137 4136 4138 4138 4138 4139 4138 4136 4139 4139 4139 4138 4139 4140 4140 4141 4140 4142 4140 4140 4141 4142 4141 4141 4141 4140 4142 4142 4142 4143 4142 4140 4143 4143 4143 4142 4143 4144 4144 4145 4144 4146 4144 4144 4145 4146 4145 4145 4145 4144 4146 4146 4146 4147 4146 4144 4147 4147 4147 4146 4147 4148 4148 4149 4148 4150 4148 4148 4149 4150 4149 4149 4149 4148 4150 4150 4150 4151 4150 4148 4151 4151 4151 4150 4151 4152 4152 4153 4152 4154 4152 4152 4153 4154 4153 4153 4153 4152 4154 4154 4154 4155 4154 4152 4155 4155 4155 4154 4155 4156 4156 4157 4156 4158 4156 4156 4157 4158 4157 4157 4157 4156 4158 4158 4158 4159 4158 4156 4159 4159 4159 4158 4159 4160 4160 4161 4160 4162 4160 4160 4161 4162 4161 4161 4161 4160 4162 4162 4162 4163 4162 4160 4163 4163 4163 4162 4163 4164 4164 4165 4164 4166 4164 4164 4165 4166 4165 4165 4165 4164 4166 4166 4166 4167 4166 4164 4167 4167 4167 4166 4167 4168 4168 4169 4168 4170 4168 4168 4169 4170 4169 4169 4169 4168 4170 4170 4170 4171 4170 4168 4171 4171 4171 4170 4171 4172 4172 4173 4172 4174 4172 4172 4173 4174 4173 4173 4173 4172 4174 4174 4174 4175 4174 4172 4175 4175 4175 4174 4175 4176 4176 4177 4176 4178 4176 4176 4177 4178 4177 4177 4177 4176 4178 4178 4178 4179 4178 4176 4179 4179 4179 4178 4179 4180 4180 4181 4180 4182 4180 4180 4181 4182 4181 4181 4181 4180 4182 4182 4182 4183 4182 4180 4183 4183 4183 4182 4183 4184 4184 4185 4184 4186 4184 4184 4185 4186 4185 4185 4185 4184 4186 4186 4186 4187 4186 4184 4187 4187 4187 4186 4187 4188 4188 4189 4188 4190 4188 4188 4189 4190 4189 4189 4189 4188 4190 4190 4190 4191 4190 4188 4191 4191 4191 4190 4191 4192 4192 4193 4192 4194 4192 4192 4193 4194 4193 4193 4193 4192 4194 4194 4194 4195 4194 4192 4195 4195 4195 4194 4195 4196 4196 4197 4196 4198 4196 4196 4197 4198 4197 4197 4197 4196 4198 4198 4198 4199 4198 4196 4199 4199 4199 4198 4199 4200 4200 4201 4200 4202 4200 4200 4201 4202 4201 4201 4201 4200 4202 4202 4202 4203 4202 4200 4203 4203 4203 4202 4203 4204 4204 4205 4204 4206 4204 4204 4205 4206 4205 4205 4205 4204 4206 4206 4206 4207 4206 4204 4207 4207 4207 4206 4207 4208 4208 4209 4208 4210 4208 4208 4209 4210 4209 4209 4209 4208 4210 4210 4210 4211 4210 4208 4211 4211 4211 4210 4211 4212 4212 4213 4212 4214 4212 4212 4213 4214 4213 4213 4213 4212 4214 4214 4214 4215 4214 4212 4215 4215 4215 4214 4215 4216 4216 4217 4216 4218 4216 4216 4217 4218 4217 4217 4217 4216 4218 4218 4218 4219 4218 4216 4219 4219 4219 4218 4219 4220 4220 4221 4220 4222 4220 4220 4221 4222 4221 4221 4221 4220 4222 4222 4222 4223 4222 4220 4223 4223 4223 4222 4223 4224 4224 4225 4224 4226 4224 4224 4225 4226 4225 4225 4225 4224 4226 4226 4226 4227 4226 4224 4227 4227 4227 4226 4227 4228 4228 4229 4228 4230 4228 4228 4229 4230 4229 4229 4229 4228 4230 4230 4230 4231 4230 4228 4231 4231 4231 4230 4231 4232 4232 4233 4232 4234 4232 4232 4233 4234 4233 4233 4233 4232 4234 4234 4234 4235 4234 4232 4235 4235 4235 4234 4235 4236 4236 4237 4236 4238 4236 4236 4237 4238 4237 4237 4237 4236 4238 4238 4238 4239 4238 4236 4239 4239 4239 4238 4239 0 4240 2 4240 1 4240 0 4241 1 4241 2 4241 0 4242 3 4242 2 4242 0 4243 2 4243 3 4243 4 4244 6 4244 5 4244 4 4245 5 4245 6 4245 4 4246 7 4246 6 4246 4 4247 6 4247 7 4247 8 4248 10 4248 9 4248 8 4249 9 4249 10 4249 8 4250 11 4250 10 4250 8 4251 10 4251 11 4251 12 4252 14 4252 13 4252 12 4253 13 4253 14 4253 12 4254 15 4254 14 4254 12 4255 14 4255 15 4255 16 4256 18 4256 17 4256 16 4257 17 4257 18 4257 16 4258 19 4258 18 4258 16 4259 18 4259 19 4259 20 4260 22 4260 21 4260 20 4261 21 4261 22 4261 20 4262 23 4262 22 4262 20 4263 22 4263 23 4263 24 4264 26 4264 25 4264 24 4265 25 4265 26 4265 24 4266 27 4266 26 4266 24 4267 26 4267 27 4267 28 4268 30 4268 29 4268 28 4269 29 4269 30 4269 28 4270 31 4270 30 4270 28 4271 30 4271 31 4271 32 4272 34 4272 33 4272 32 4273 33 4273 34 4273 32 4274 35 4274 34 4274 32 4275 34 4275 35 4275 36 4276 38 4276 37 4276 36 4277 37 4277 38 4277 36 4278 39 4278 38 4278 36 4279 38 4279 39 4279 40 4280 42 4280 41 4280 40 4281 41 4281 42 4281 40 4282 43 4282 42 4282 40 4283 42 4283 43 4283 44 4284 46 4284 45 4284 44 4285 45 4285 46 4285 44 4286 47 4286 46 4286 44 4287 46 4287 47 4287 48 4288 50 4288 49 4288 48 4289 49 4289 50 4289 48 4290 51 4290 50 4290 48 4291 50 4291 51 4291 52 4292 54 4292 53 4292 52 4293 53 4293 54 4293 52 4294 55 4294 54 4294 52 4295 54 4295 55 4295 56 4296 58 4296 57 4296 56 4297 57 4297 58 4297 56 4298 59 4298 58 4298 56 4299 58 4299 59 4299 60 4300 62 4300 61 4300 60 4301 61 4301 62 4301 60 4302 63 4302 62 4302 60 4303 62 4303 63 4303 64 4304 66 4304 65 4304 64 4305 65 4305 66 4305 64 4306 67 4306 66 4306 64 4307 66 4307 67 4307 68 4308 70 4308 69 4308 68 4309 69 4309 70 4309 68 4310 71 4310 70 4310 68 4311 70 4311 71 4311 72 4312 74 4312 73 4312 72 4313 73 4313 74 4313 72 4314 75 4314 74 4314 72 4315 74 4315 75 4315 76 4316 78 4316 77 4316 76 4317 77 4317 78 4317 76 4318 79 4318 78 4318 76 4319 78 4319 79 4319 80 4320 82 4320 81 4320 80 4321 81 4321 82 4321 80 4322 83 4322 82 4322 80 4323 82 4323 83 4323 84 4324 86 4324 85 4324 84 4325 85 4325 86 4325 84 4326 87 4326 86 4326 84 4327 86 4327 87 4327 88 4328 90 4328 89 4328 88 4329 89 4329 90 4329 88 4330 91 4330 90 4330 88 4331 90 4331 91 4331 92 4332 94 4332 93 4332 92 4333 93 4333 94 4333 92 4334 95 4334 94 4334 92 4335 94 4335 95 4335 96 4336 98 4336 97 4336 96 4337 97 4337 98 4337 96 4338 99 4338 98 4338 96 4339 98 4339 99 4339 100 4340 102 4340 101 4340 100 4341 101 4341 102 4341 100 4342 103 4342 102 4342 100 4343 102 4343 103 4343 104 4344 106 4344 105 4344 104 4345 105 4345 106 4345 104 4346 107 4346 106 4346 104 4347 106 4347 107 4347 108 4348 110 4348 109 4348 108 4349 109 4349 110 4349 108 4350 111 4350 110 4350 108 4351 110 4351 111 4351 112 4352 114 4352 113 4352 112 4353 113 4353 114 4353 112 4354 115 4354 114 4354 112 4355 114 4355 115 4355 116 4356 118 4356 117 4356 116 4357 117 4357 118 4357 116 4358 119 4358 118 4358 116 4359 118 4359 119 4359 120 4360 122 4360 121 4360 120 4361 121 4361 122 4361 120 4362 123 4362 122 4362 120 4363 122 4363 123 4363 124 4364 126 4364 125 4364 124 4365 125 4365 126 4365 124 4366 127 4366 126 4366 124 4367 126 4367 127 4367 128 4368 130 4368 129 4368 128 4369 129 4369 130 4369 128 4370 131 4370 130 4370 128 4371 130 4371 131 4371 132 4372 134 4372 133 4372 132 4373 133 4373 134 4373 132 4374 135 4374 134 4374 132 4375 134 4375 135 4375 136 4376 138 4376 137 4376 136 4377 137 4377 138 4377 136 4378 139 4378 138 4378 136 4379 138 4379 139 4379 140 4380 142 4380 141 4380 140 4381 141 4381 142 4381 140 4382 143 4382 142 4382 140 4383 142 4383 143 4383 144 4384 146 4384 145 4384 144 4385 145 4385 146 4385 144 4386 147 4386 146 4386 144 4387 146 4387 147 4387 148 4388 150 4388 149 4388 148 4389 149 4389 150 4389 148 4390 151 4390 150 4390 148 4391 150 4391 151 4391 152 4392 154 4392 153 4392 152 4393 153 4393 154 4393 152 4394 155 4394 154 4394 152 4395 154 4395 155 4395 156 4396 158 4396 157 4396 156 4397 157 4397 158 4397 156 4398 159 4398 158 4398 156 4399 158 4399 159 4399 160 4400 162 4400 161 4400 160 4401 161 4401 162 4401 160 4402 163 4402 162 4402 160 4403 162 4403 163 4403 164 4404 166 4404 165 4404 164 4405 165 4405 166 4405 164 4406 167 4406 166 4406 164 4407 166 4407 167 4407 168 4408 170 4408 169 4408 168 4409 169 4409 170 4409 168 4410 171 4410 170 4410 168 4411 170 4411 171 4411 172 4412 174 4412 173 4412 172 4413 173 4413 174 4413 172 4414 175 4414 174 4414 172 4415 174 4415 175 4415 176 4416 178 4416 177 4416 176 4417 177 4417 178 4417 176 4418 179 4418 178 4418 176 4419 178 4419 179 4419 180 4420 182 4420 181 4420 180 4421 181 4421 182 4421 180 4422 183 4422 182 4422 180 4423 182 4423 183 4423 184 4424 186 4424 185 4424 184 4425 185 4425 186 4425 184 4426 187 4426 186 4426 184 4427 186 4427 187 4427 188 4428 190 4428 189 4428 188 4429 189 4429 190 4429 188 4430 191 4430 190 4430 188 4431 190 4431 191 4431 192 4432 194 4432 193 4432 192 4433 193 4433 194 4433 192 4434 195 4434 194 4434 192 4435 194 4435 195 4435 196 4436 198 4436 197 4436 196 4437 197 4437 198 4437 196 4438 199 4438 198 4438 196 4439 198 4439 199 4439 200 4440 202 4440 201 4440 200 4441 201 4441 202 4441 200 4442 203 4442 202 4442 200 4443 202 4443 203 4443 204 4444 206 4444 205 4444 204 4445 205 4445 206 4445 204 4446 207 4446 206 4446 204 4447 206 4447 207 4447 208 4448 210 4448 209 4448 208 4449 209 4449 210 4449 208 4450 211 4450 210 4450 208 4451 210 4451 211 4451 212 4452 214 4452 213 4452 212 4453 213 4453 214 4453 212 4454 215 4454 214 4454 212 4455 214 4455 215 4455 216 4456 218 4456 217 4456 216 4457 217 4457 218 4457 216 4458 219 4458 218 4458 216 4459 218 4459 219 4459 220 4460 222 4460 221 4460 220 4461 221 4461 222 4461 220 4462 223 4462 222 4462 220 4463 222 4463 223 4463 224 4464 226 4464 225 4464 224 4465 225 4465 226 4465 224 4466 227 4466 226 4466 224 4467 226 4467 227 4467 228 4468 230 4468 229 4468 228 4469 229 4469 230 4469 228 4470 231 4470 230 4470 228 4471 230 4471 231 4471 232 4472 234 4472 233 4472 232 4473 233 4473 234 4473 232 4474 235 4474 234 4474 232 4475 234 4475 235 4475 236 4476 238 4476 237 4476 236 4477 237 4477 238 4477 236 4478 239 4478 238 4478 236 4479 238 4479 239 4479 240 4480 242 4480 241 4480 240 4481 241 4481 242 4481 240 4482 243 4482 242 4482 240 4483 242 4483 243 4483 244 4484 246 4484 245 4484 244 4485 245 4485 246 4485 244 4486 247 4486 246 4486 244 4487 246 4487 247 4487 248 4488 250 4488 249 4488 248 4489 249 4489 250 4489 248 4490 251 4490 250 4490 248 4491 250 4491 251 4491 252 4492 254 4492 253 4492 252 4493 253 4493 254 4493 252 4494 255 4494 254 4494 252 4495 254 4495 255 4495 256 4496 258 4496 257 4496 256 4497 257 4497 258 4497 256 4498 259 4498 258 4498 256 4499 258 4499 259 4499 260 4500 262 4500 261 4500 260 4501 261 4501 262 4501 260 4502 263 4502 262 4502 260 4503 262 4503 263 4503 264 4504 266 4504 265 4504 264 4505 265 4505 266 4505 264 4506 267 4506 266 4506 264 4507 266 4507 267 4507 268 4508 270 4508 269 4508 268 4509 269 4509 270 4509 268 4510 271 4510 270 4510 268 4511 270 4511 271 4511 272 4512 274 4512 273 4512 272 4513 273 4513 274 4513 272 4514 275 4514 274 4514 272 4515 274 4515 275 4515 276 4516 278 4516 277 4516 276 4517 277 4517 278 4517 276 4518 279 4518 278 4518 276 4519 278 4519 279 4519 280 4520 282 4520 281 4520 280 4521 281 4521 282 4521 280 4522 283 4522 282 4522 280 4523 282 4523 283 4523 284 4524 286 4524 285 4524 284 4525 285 4525 286 4525 284 4526 287 4526 286 4526 284 4527 286 4527 287 4527 288 4528 290 4528 289 4528 288 4529 289 4529 290 4529 288 4530 291 4530 290 4530 288 4531 290 4531 291 4531 292 4532 294 4532 293 4532 292 4533 293 4533 294 4533 292 4534 295 4534 294 4534 292 4535 294 4535 295 4535 296 4536 298 4536 297 4536 296 4537 297 4537 298 4537 296 4538 299 4538 298 4538 296 4539 298 4539 299 4539 300 4540 302 4540 301 4540 300 4541 301 4541 302 4541 300 4542 303 4542 302 4542 300 4543 302 4543 303 4543 304 4544 306 4544 305 4544 304 4545 305 4545 306 4545 304 4546 307 4546 306 4546 304 4547 306 4547 307 4547 308 4548 310 4548 309 4548 308 4549 309 4549 310 4549 308 4550 311 4550 310 4550 308 4551 310 4551 311 4551 312 4552 314 4552 313 4552 312 4553 313 4553 314 4553 312 4554 315 4554 314 4554 312 4555 314 4555 315 4555 316 4556 318 4556 317 4556 316 4557 317 4557 318 4557 316 4558 319 4558 318 4558 316 4559 318 4559 319 4559 320 4560 322 4560 321 4560 320 4561 321 4561 322 4561 320 4562 323 4562 322 4562 320 4563 322 4563 323 4563 324 4564 326 4564 325 4564 324 4565 325 4565 326 4565 324 4566 327 4566 326 4566 324 4567 326 4567 327 4567 328 4568 330 4568 329 4568 328 4569 329 4569 330 4569 328 4570 331 4570 330 4570 328 4571 330 4571 331 4571 332 4572 334 4572 333 4572 332 4573 333 4573 334 4573 332 4574 335 4574 334 4574 332 4575 334 4575 335 4575 336 4576 338 4576 337 4576 336 4577 337 4577 338 4577 336 4578 339 4578 338 4578 336 4579 338 4579 339 4579 340 4580 342 4580 341 4580 340 4581 341 4581 342 4581 340 4582 343 4582 342 4582 340 4583 342 4583 343 4583 344 4584 346 4584 345 4584 344 4585 345 4585 346 4585 344 4586 347 4586 346 4586 344 4587 346 4587 347 4587 348 4588 350 4588 349 4588 348 4589 349 4589 350 4589 348 4590 351 4590 350 4590 348 4591 350 4591 351 4591 352 4592 354 4592 353 4592 352 4593 353 4593 354 4593 352 4594 355 4594 354 4594 352 4595 354 4595 355 4595 356 4596 358 4596 357 4596 356 4597 357 4597 358 4597 356 4598 359 4598 358 4598 356 4599 358 4599 359 4599 360 4600 362 4600 361 4600 360 4601 361 4601 362 4601 360 4602 363 4602 362 4602 360 4603 362 4603 363 4603 364 4604 366 4604 365 4604 364 4605 365 4605 366 4605 364 4606 367 4606 366 4606 364 4607 366 4607 367 4607 368 4608 370 4608 369 4608 368 4609 369 4609 370 4609 368 4610 371 4610 370 4610 368 4611 370 4611 371 4611 372 4612 374 4612 373 4612 372 4613 373 4613 374 4613 372 4614 375 4614 374 4614 372 4615 374 4615 375 4615 376 4616 378 4616 377 4616 376 4617 377 4617 378 4617 376 4618 379 4618 378 4618 376 4619 378 4619 379 4619 380 4620 382 4620 381 4620 380 4621 381 4621 382 4621 380 4622 383 4622 382 4622 380 4623 382 4623 383 4623 384 4624 386 4624 385 4624 384 4625 385 4625 386 4625 384 4626 387 4626 386 4626 384 4627 386 4627 387 4627 388 4628 390 4628 389 4628 388 4629 389 4629 390 4629 388 4630 391 4630 390 4630 388 4631 390 4631 391 4631 392 4632 394 4632 393 4632 392 4633 393 4633 394 4633 392 4634 395 4634 394 4634 392 4635 394 4635 395 4635 396 4636 398 4636 397 4636 396 4637 397 4637 398 4637 396 4638 399 4638 398 4638 396 4639 398 4639 399 4639 400 4640 402 4640 401 4640 400 4641 401 4641 402 4641 400 4642 403 4642 402 4642 400 4643 402 4643 403 4643 404 4644 406 4644 405 4644 404 4645 405 4645 406 4645 404 4646 407 4646 406 4646 404 4647 406 4647 407 4647 408 4648 410 4648 409 4648 408 4649 409 4649 410 4649 408 4650 411 4650 410 4650 408 4651 410 4651 411 4651 412 4652 414 4652 413 4652 412 4653 413 4653 414 4653 412 4654 415 4654 414 4654 412 4655 414 4655 415 4655 416 4656 418 4656 417 4656 416 4657 417 4657 418 4657 416 4658 419 4658 418 4658 416 4659 418 4659 419 4659 420 4660 422 4660 421 4660 420 4661 421 4661 422 4661 420 4662 423 4662 422 4662 420 4663 422 4663 423 4663 424 4664 426 4664 425 4664 424 4665 425 4665 426 4665 424 4666 427 4666 426 4666 424 4667 426 4667 427 4667 428 4668 430 4668 429 4668 428 4669 429 4669 430 4669 428 4670 431 4670 430 4670 428 4671 430 4671 431 4671 432 4672 434 4672 433 4672 432 4673 433 4673 434 4673 432 4674 435 4674 434 4674 432 4675 434 4675 435 4675 436 4676 438 4676 437 4676 436 4677 437 4677 438 4677 436 4678 439 4678 438 4678 436 4679 438 4679 439 4679 440 4680 442 4680 441 4680 440 4681 441 4681 442 4681 440 4682 443 4682 442 4682 440 4683 442 4683 443 4683 444 4684 446 4684 445 4684 444 4685 445 4685 446 4685 444 4686 447 4686 446 4686 444 4687 446 4687 447 4687 448 4688 450 4688 449 4688 448 4689 449 4689 450 4689 448 4690 451 4690 450 4690 448 4691 450 4691 451 4691 452 4692 454 4692 453 4692 452 4693 453 4693 454 4693 452 4694 455 4694 454 4694 452 4695 454 4695 455 4695 456 4696 458 4696 457 4696 456 4697 457 4697 458 4697 456 4698 459 4698 458 4698 456 4699 458 4699 459 4699 460 4700 462 4700 461 4700 460 4701 461 4701 462 4701 460 4702 463 4702 462 4702 460 4703 462 4703 463 4703 464 4704 466 4704 465 4704 464 4705 465 4705 466 4705 464 4706 467 4706 466 4706 464 4707 466 4707 467 4707 468 4708 470 4708 469 4708 468 4709 469 4709 470 4709 468 4710 471 4710 470 4710 468 4711 470 4711 471 4711 472 4712 474 4712 473 4712 472 4713 473 4713 474 4713 472 4714 475 4714 474 4714 472 4715 474 4715 475 4715 476 4716 478 4716 477 4716 476 4717 477 4717 478 4717 476 4718 479 4718 478 4718 476 4719 478 4719 479 4719 480 4720 482 4720 481 4720 480 4721 481 4721 482 4721 480 4722 483 4722 482 4722 480 4723 482 4723 483 4723 484 4724 486 4724 485 4724 484 4725 485 4725 486 4725 484 4726 487 4726 486 4726 484 4727 486 4727 487 4727 488 4728 490 4728 489 4728 488 4729 489 4729 490 4729 488 4730 491 4730 490 4730 488 4731 490 4731 491 4731 492 4732 494 4732 493 4732 492 4733 493 4733 494 4733 492 4734 495 4734 494 4734 492 4735 494 4735 495 4735 496 4736 498 4736 497 4736 496 4737 497 4737 498 4737 496 4738 499 4738 498 4738 496 4739 498 4739 499 4739 500 4740 502 4740 501 4740 500 4741 501 4741 502 4741 500 4742 503 4742 502 4742 500 4743 502 4743 503 4743 504 4744 506 4744 505 4744 504 4745 505 4745 506 4745 504 4746 507 4746 506 4746 504 4747 506 4747 507 4747 508 4748 510 4748 509 4748 508 4749 509 4749 510 4749 508 4750 511 4750 510 4750 508 4751 510 4751 511 4751 512 4752 514 4752 513 4752 512 4753 513 4753 514 4753 512 4754 515 4754 514 4754 512 4755 514 4755 515 4755 516 4756 518 4756 517 4756 516 4757 517 4757 518 4757 516 4758 519 4758 518 4758 516 4759 518 4759 519 4759 520 4760 522 4760 521 4760 520 4761 521 4761 522 4761 520 4762 523 4762 522 4762 520 4763 522 4763 523 4763 524 4764 526 4764 525 4764 524 4765 525 4765 526 4765 524 4766 527 4766 526 4766 524 4767 526 4767 527 4767 528 4768 530 4768 529 4768 528 4769 529 4769 530 4769 528 4770 531 4770 530 4770 528 4771 530 4771 531 4771 532 4772 534 4772 533 4772 532 4773 533 4773 534 4773 532 4774 535 4774 534 4774 532 4775 534 4775 535 4775 536 4776 538 4776 537 4776 536 4777 537 4777 538 4777 536 4778 539 4778 538 4778 536 4779 538 4779 539 4779 540 4780 542 4780 541 4780 540 4781 541 4781 542 4781 540 4782 543 4782 542 4782 540 4783 542 4783 543 4783 544 4784 546 4784 545 4784 544 4785 545 4785 546 4785 544 4786 547 4786 546 4786 544 4787 546 4787 547 4787 548 4788 550 4788 549 4788 548 4789 549 4789 550 4789 548 4790 551 4790 550 4790 548 4791 550 4791 551 4791 552 4792 554 4792 553 4792 552 4793 553 4793 554 4793 552 4794 555 4794 554 4794 552 4795 554 4795 555 4795 556 4796 558 4796 557 4796 556 4797 557 4797 558 4797 556 4798 559 4798 558 4798 556 4799 558 4799 559 4799 560 4800 562 4800 561 4800 560 4801 561 4801 562 4801 560 4802 563 4802 562 4802 560 4803 562 4803 563 4803 564 4804 566 4804 565 4804 564 4805 565 4805 566 4805 564 4806 567 4806 566 4806 564 4807 566 4807 567 4807 568 4808 570 4808 569 4808 568 4809 569 4809 570 4809 568 4810 571 4810 570 4810 568 4811 570 4811 571 4811 572 4812 574 4812 573 4812 572 4813 573 4813 574 4813 572 4814 575 4814 574 4814 572 4815 574 4815 575 4815 576 4816 578 4816 577 4816 576 4817 577 4817 578 4817 576 4818 579 4818 578 4818 576 4819 578 4819 579 4819 580 4820 582 4820 581 4820 580 4821 581 4821 582 4821 580 4822 583 4822 582 4822 580 4823 582 4823 583 4823 584 4824 586 4824 585 4824 584 4825 585 4825 586 4825 584 4826 587 4826 586 4826 584 4827 586 4827 587 4827 588 4828 590 4828 589 4828 588 4829 589 4829 590 4829 588 4830 591 4830 590 4830 588 4831 590 4831 591 4831 592 4832 594 4832 593 4832 592 4833 593 4833 594 4833 592 4834 595 4834 594 4834 592 4835 594 4835 595 4835 596 4836 598 4836 597 4836 596 4837 597 4837 598 4837 596 4838 599 4838 598 4838 596 4839 598 4839 599 4839 600 4840 602 4840 601 4840 600 4841 601 4841 602 4841 600 4842 603 4842 602 4842 600 4843 602 4843 603 4843 604 4844 606 4844 605 4844 604 4845 605 4845 606 4845 604 4846 607 4846 606 4846 604 4847 606 4847 607 4847 608 4848 610 4848 609 4848 608 4849 609 4849 610 4849 608 4850 611 4850 610 4850 608 4851 610 4851 611 4851 612 4852 614 4852 613 4852 612 4853 613 4853 614 4853 612 4854 615 4854 614 4854 612 4855 614 4855 615 4855 616 4856 618 4856 617 4856 616 4857 617 4857 618 4857 616 4858 619 4858 618 4858 616 4859 618 4859 619 4859 620 4860 622 4860 621 4860 620 4861 621 4861 622 4861 620 4862 623 4862 622 4862 620 4863 622 4863 623 4863 624 4864 626 4864 625 4864 624 4865 625 4865 626 4865 624 4866 627 4866 626 4866 624 4867 626 4867 627 4867 628 4868 630 4868 629 4868 628 4869 629 4869 630 4869 628 4870 631 4870 630 4870 628 4871 630 4871 631 4871 632 4872 634 4872 633 4872 632 4873 633 4873 634 4873 632 4874 635 4874 634 4874 632 4875 634 4875 635 4875 636 4876 638 4876 637 4876 636 4877 637 4877 638 4877 636 4878 639 4878 638 4878 636 4879 638 4879 639 4879 640 4880 642 4880 641 4880 640 4881 641 4881 642 4881 640 4882 643 4882 642 4882 640 4883 642 4883 643 4883 644 4884 646 4884 645 4884 644 4885 645 4885 646 4885 644 4886 647 4886 646 4886 644 4887 646 4887 647 4887 648 4888 650 4888 649 4888 648 4889 649 4889 650 4889 648 4890 651 4890 650 4890 648 4891 650 4891 651 4891 652 4892 654 4892 653 4892 652 4893 653 4893 654 4893 652 4894 655 4894 654 4894 652 4895 654 4895 655 4895 656 4896 658 4896 657 4896 656 4897 657 4897 658 4897 656 4898 659 4898 658 4898 656 4899 658 4899 659 4899 660 4900 662 4900 661 4900 660 4901 661 4901 662 4901 660 4902 663 4902 662 4902 660 4903 662 4903 663 4903 664 4904 666 4904 665 4904 664 4905 665 4905 666 4905 664 4906 667 4906 666 4906 664 4907 666 4907 667 4907 668 4908 670 4908 669 4908 668 4909 669 4909 670 4909 668 4910 671 4910 670 4910 668 4911 670 4911 671 4911 672 4912 674 4912 673 4912 672 4913 673 4913 674 4913 672 4914 675 4914 674 4914 672 4915 674 4915 675 4915 676 4916 678 4916 677 4916 676 4917 677 4917 678 4917 676 4918 679 4918 678 4918 676 4919 678 4919 679 4919 680 4920 682 4920 681 4920 680 4921 681 4921 682 4921 680 4922 683 4922 682 4922 680 4923 682 4923 683 4923 684 4924 686 4924 685 4924 684 4925 685 4925 686 4925 684 4926 687 4926 686 4926 684 4927 686 4927 687 4927 688 4928 690 4928 689 4928 688 4929 689 4929 690 4929 688 4930 691 4930 690 4930 688 4931 690 4931 691 4931 692 4932 694 4932 693 4932 692 4933 693 4933 694 4933 692 4934 695 4934 694 4934 692 4935 694 4935 695 4935 696 4936 698 4936 697 4936 696 4937 697 4937 698 4937 696 4938 699 4938 698 4938 696 4939 698 4939 699 4939 700 4940 702 4940 701 4940 700 4941 701 4941 702 4941 700 4942 703 4942 702 4942 700 4943 702 4943 703 4943 704 4944 706 4944 705 4944 704 4945 705 4945 706 4945 704 4946 707 4946 706 4946 704 4947 706 4947 707 4947 708 4948 710 4948 709 4948 708 4949 709 4949 710 4949 708 4950 711 4950 710 4950 708 4951 710 4951 711 4951 712 4952 714 4952 713 4952 712 4953 713 4953 714 4953 712 4954 715 4954 714 4954 712 4955 714 4955 715 4955 716 4956 718 4956 717 4956 716 4957 717 4957 718 4957 716 4958 719 4958 718 4958 716 4959 718 4959 719 4959 720 4960 722 4960 721 4960 720 4961 721 4961 722 4961 720 4962 723 4962 722 4962 720 4963 722 4963 723 4963 724 4964 726 4964 725 4964 724 4965 725 4965 726 4965 724 4966 727 4966 726 4966 724 4967 726 4967 727 4967 728 4968 730 4968 729 4968 728 4969 729 4969 730 4969 728 4970 731 4970 730 4970 728 4971 730 4971 731 4971 732 4972 734 4972 733 4972 732 4973 733 4973 734 4973 732 4974 735 4974 734 4974 732 4975 734 4975 735 4975 736 4976 738 4976 737 4976 736 4977 737 4977 738 4977 736 4978 739 4978 738 4978 736 4979 738 4979 739 4979 740 4980 742 4980 741 4980 740 4981 741 4981 742 4981 740 4982 743 4982 742 4982 740 4983 742 4983 743 4983 744 4984 746 4984 745 4984 744 4985 745 4985 746 4985 744 4986 747 4986 746 4986 744 4987 746 4987 747 4987 748 4988 750 4988 749 4988 748 4989 749 4989 750 4989 748 4990 751 4990 750 4990 748 4991 750 4991 751 4991 752 4992 754 4992 753 4992 752 4993 753 4993 754 4993 752 4994 755 4994 754 4994 752 4995 754 4995 755 4995 756 4996 758 4996 757 4996 756 4997 757 4997 758 4997 756 4998 759 4998 758 4998 756 4999 758 4999 759 4999 760 5000 762 5000 761 5000 760 5001 761 5001 762 5001 760 5002 763 5002 762 5002 760 5003 762 5003 763 5003 764 5004 766 5004 765 5004 764 5005 765 5005 766 5005 764 5006 767 5006 766 5006 764 5007 766 5007 767 5007 768 5008 770 5008 769 5008 768 5009 769 5009 770 5009 768 5010 771 5010 770 5010 768 5011 770 5011 771 5011 772 5012 774 5012 773 5012 772 5013 773 5013 774 5013 772 5014 775 5014 774 5014 772 5015 774 5015 775 5015 776 5016 778 5016 777 5016 776 5017 777 5017 778 5017 776 5018 779 5018 778 5018 776 5019 778 5019 779 5019 780 5020 782 5020 781 5020 780 5021 781 5021 782 5021 780 5022 783 5022 782 5022 780 5023 782 5023 783 5023 784 5024 786 5024 785 5024 784 5025 785 5025 786 5025 784 5026 787 5026 786 5026 784 5027 786 5027 787 5027 788 5028 790 5028 789 5028 788 5029 789 5029 790 5029 788 5030 791 5030 790 5030 788 5031 790 5031 791 5031 792 5032 794 5032 793 5032 792 5033 793 5033 794 5033 792 5034 795 5034 794 5034 792 5035 794 5035 795 5035 796 5036 798 5036 797 5036 796 5037 797 5037 798 5037 796 5038 799 5038 798 5038 796 5039 798 5039 799 5039 800 5040 802 5040 801 5040 800 5041 801 5041 802 5041 800 5042 803 5042 802 5042 800 5043 802 5043 803 5043 804 5044 806 5044 805 5044 804 5045 805 5045 806 5045 804 5046 807 5046 806 5046 804 5047 806 5047 807 5047 808 5048 810 5048 809 5048 808 5049 809 5049 810 5049 808 5050 811 5050 810 5050 808 5051 810 5051 811 5051 812 5052 814 5052 813 5052 812 5053 813 5053 814 5053 812 5054 815 5054 814 5054 812 5055 814 5055 815 5055 816 5056 818 5056 817 5056 816 5057 817 5057 818 5057 816 5058 819 5058 818 5058 816 5059 818 5059 819 5059 820 5060 822 5060 821 5060 820 5061 821 5061 822 5061 820 5062 823 5062 822 5062 820 5063 822 5063 823 5063 824 5064 826 5064 825 5064 824 5065 825 5065 826 5065 824 5066 827 5066 826 5066 824 5067 826 5067 827 5067 828 5068 830 5068 829 5068 828 5069 829 5069 830 5069 828 5070 831 5070 830 5070 828 5071 830 5071 831 5071 832 5072 834 5072 833 5072 832 5073 833 5073 834 5073 832 5074 835 5074 834 5074 832 5075 834 5075 835 5075 836 5076 838 5076 837 5076 836 5077 837 5077 838 5077 836 5078 839 5078 838 5078 836 5079 838 5079 839 5079 840 5080 842 5080 841 5080 840 5081 841 5081 842 5081 840 5082 843 5082 842 5082 840 5083 842 5083 843 5083 844 5084 846 5084 845 5084 844 5085 845 5085 846 5085 844 5086 847 5086 846 5086 844 5087 846 5087 847 5087 848 5088 850 5088 849 5088 848 5089 849 5089 850 5089 848 5090 851 5090 850 5090 848 5091 850 5091 851 5091 852 5092 854 5092 853 5092 852 5093 853 5093 854 5093 852 5094 855 5094 854 5094 852 5095 854 5095 855 5095 856 5096 858 5096 857 5096 856 5097 857 5097 858 5097 856 5098 859 5098 858 5098 856 5099 858 5099 859 5099 860 5100 862 5100 861 5100 860 5101 861 5101 862 5101 860 5102 863 5102 862 5102 860 5103 862 5103 863 5103 864 5104 866 5104 865 5104 864 5105 865 5105 866 5105 864 5106 867 5106 866 5106 864 5107 866 5107 867 5107 868 5108 870 5108 869 5108 868 5109 869 5109 870 5109 868 5110 871 5110 870 5110 868 5111 870 5111 871 5111 872 5112 874 5112 873 5112 872 5113 873 5113 874 5113 872 5114 875 5114 874 5114 872 5115 874 5115 875 5115 876 5116 878 5116 877 5116 876 5117 877 5117 878 5117 876 5118 879 5118 878 5118 876 5119 878 5119 879 5119 880 5120 882 5120 881 5120 880 5121 881 5121 882 5121 880 5122 883 5122 882 5122 880 5123 882 5123 883 5123 884 5124 886 5124 885 5124 884 5125 885 5125 886 5125 884 5126 887 5126 886 5126 884 5127 886 5127 887 5127 888 5128 890 5128 889 5128 888 5129 889 5129 890 5129 888 5130 891 5130 890 5130 888 5131 890 5131 891 5131 892 5132 894 5132 893 5132 892 5133 893 5133 894 5133 892 5134 895 5134 894 5134 892 5135 894 5135 895 5135 896 5136 898 5136 897 5136 896 5137 897 5137 898 5137 896 5138 899 5138 898 5138 896 5139 898 5139 899 5139 900 5140 902 5140 901 5140 900 5141 901 5141 902 5141 900 5142 903 5142 902 5142 900 5143 902 5143 903 5143 904 5144 906 5144 905 5144 904 5145 905 5145 906 5145 904 5146 907 5146 906 5146 904 5147 906 5147 907 5147 908 5148 910 5148 909 5148 908 5149 909 5149 910 5149 908 5150 911 5150 910 5150 908 5151 910 5151 911 5151 912 5152 914 5152 913 5152 912 5153 913 5153 914 5153 912 5154 915 5154 914 5154 912 5155 914 5155 915 5155 916 5156 918 5156 917 5156 916 5157 917 5157 918 5157 916 5158 919 5158 918 5158 916 5159 918 5159 919 5159 920 5160 922 5160 921 5160 920 5161 921 5161 922 5161 920 5162 923 5162 922 5162 920 5163 922 5163 923 5163 924 5164 926 5164 925 5164 924 5165 925 5165 926 5165 924 5166 927 5166 926 5166 924 5167 926 5167 927 5167 928 5168 930 5168 929 5168 928 5169 929 5169 930 5169 928 5170 931 5170 930 5170 928 5171 930 5171 931 5171 932 5172 934 5172 933 5172 932 5173 933 5173 934 5173 932 5174 935 5174 934 5174 932 5175 934 5175 935 5175 936 5176 938 5176 937 5176 936 5177 937 5177 938 5177 936 5178 939 5178 938 5178 936 5179 938 5179 939 5179 940 5180 942 5180 941 5180 940 5181 941 5181 942 5181 940 5182 943 5182 942 5182 940 5183 942 5183 943 5183 944 5184 946 5184 945 5184 944 5185 945 5185 946 5185 944 5186 947 5186 946 5186 944 5187 946 5187 947 5187 948 5188 950 5188 949 5188 948 5189 949 5189 950 5189 948 5190 951 5190 950 5190 948 5191 950 5191 951 5191 952 5192 954 5192 953 5192 952 5193 953 5193 954 5193 952 5194 955 5194 954 5194 952 5195 954 5195 955 5195 956 5196 958 5196 957 5196 956 5197 957 5197 958 5197 956 5198 959 5198 958 5198 956 5199 958 5199 959 5199 960 5200 962 5200 961 5200 960 5201 961 5201 962 5201 960 5202 963 5202 962 5202 960 5203 962 5203 963 5203 964 5204 966 5204 965 5204 964 5205 965 5205 966 5205 964 5206 967 5206 966 5206 964 5207 966 5207 967 5207 968 5208 970 5208 969 5208 968 5209 969 5209 970 5209 968 5210 971 5210 970 5210 968 5211 970 5211 971 5211 972 5212 974 5212 973 5212 972 5213 973 5213 974 5213 972 5214 975 5214 974 5214 972 5215 974 5215 975 5215 976 5216 978 5216 977 5216 976 5217 977 5217 978 5217 976 5218 979 5218 978 5218 976 5219 978 5219 979 5219 980 5220 982 5220 981 5220 980 5221 981 5221 982 5221 980 5222 983 5222 982 5222 980 5223 982 5223 983 5223 984 5224 986 5224 985 5224 984 5225 985 5225 986 5225 984 5226 987 5226 986 5226 984 5227 986 5227 987 5227 988 5228 990 5228 989 5228 988 5229 989 5229 990 5229 988 5230 991 5230 990 5230 988 5231 990 5231 991 5231 992 5232 994 5232 993 5232 992 5233 993 5233 994 5233 992 5234 995 5234 994 5234 992 5235 994 5235 995 5235 996 5236 998 5236 997 5236 996 5237 997 5237 998 5237 996 5238 999 5238 998 5238 996 5239 998 5239 999 5239 1000 5240 1002 5240 1001 5240 1000 5241 1001 5241 1002 5241 1000 5242 1003 5242 1002 5242 1000 5243 1002 5243 1003 5243 1004 5244 1006 5244 1005 5244 1004 5245 1005 5245 1006 5245 1004 5246 1007 5246 1006 5246 1004 5247 1006 5247 1007 5247 1008 5248 1010 5248 1009 5248 1008 5249 1009 5249 1010 5249 1008 5250 1011 5250 1010 5250 1008 5251 1010 5251 1011 5251 1012 5252 1014 5252 1013 5252 1012 5253 1013 5253 1014 5253 1012 5254 1015 5254 1014 5254 1012 5255 1014 5255 1015 5255 1016 5256 1018 5256 1017 5256 1016 5257 1017 5257 1018 5257 1016 5258 1019 5258 1018 5258 1016 5259 1018 5259 1019 5259 1020 5260 1022 5260 1021 5260 1020 5261 1021 5261 1022 5261 1020 5262 1023 5262 1022 5262 1020 5263 1022 5263 1023 5263 1024 5264 1026 5264 1025 5264 1024 5265 1025 5265 1026 5265 1024 5266 1027 5266 1026 5266 1024 5267 1026 5267 1027 5267 1028 5268 1030 5268 1029 5268 1028 5269 1029 5269 1030 5269 1028 5270 1031 5270 1030 5270 1028 5271 1030 5271 1031 5271 1032 5272 1034 5272 1033 5272 1032 5273 1033 5273 1034 5273 1032 5274 1035 5274 1034 5274 1032 5275 1034 5275 1035 5275 1036 5276 1038 5276 1037 5276 1036 5277 1037 5277 1038 5277 1036 5278 1039 5278 1038 5278 1036 5279 1038 5279 1039 5279 1040 5280 1042 5280 1041 5280 1040 5281 1041 5281 1042 5281 1040 5282 1043 5282 1042 5282 1040 5283 1042 5283 1043 5283 1044 5284 1046 5284 1045 5284 1044 5285 1045 5285 1046 5285 1044 5286 1047 5286 1046 5286 1044 5287 1046 5287 1047 5287 1048 5288 1050 5288 1049 5288 1048 5289 1049 5289 1050 5289 1048 5290 1051 5290 1050 5290 1048 5291 1050 5291 1051 5291 1052 5292 1054 5292 1053 5292 1052 5293 1053 5293 1054 5293 1052 5294 1055 5294 1054 5294 1052 5295 1054 5295 1055 5295 1056 5296 1058 5296 1057 5296 1056 5297 1057 5297 1058 5297 1056 5298 1059 5298 1058 5298 1056 5299 1058 5299 1059 5299 1060 5300 1062 5300 1061 5300 1060 5301 1061 5301 1062 5301 1060 5302 1063 5302 1062 5302 1060 5303 1062 5303 1063 5303 1064 5304 1066 5304 1065 5304 1064 5305 1065 5305 1066 5305 1064 5306 1067 5306 1066 5306 1064 5307 1066 5307 1067 5307 1068 5308 1070 5308 1069 5308 1068 5309 1069 5309 1070 5309 1068 5310 1071 5310 1070 5310 1068 5311 1070 5311 1071 5311 1072 5312 1074 5312 1073 5312 1072 5313 1073 5313 1074 5313 1072 5314 1075 5314 1074 5314 1072 5315 1074 5315 1075 5315 1076 5316 1078 5316 1077 5316 1076 5317 1077 5317 1078 5317 1076 5318 1079 5318 1078 5318 1076 5319 1078 5319 1079 5319 1080 5320 1082 5320 1081 5320 1080 5321 1081 5321 1082 5321 1080 5322 1083 5322 1082 5322 1080 5323 1082 5323 1083 5323 1084 5324 1086 5324 1085 5324 1084 5325 1085 5325 1086 5325 1084 5326 1087 5326 1086 5326 1084 5327 1086 5327 1087 5327 1088 5328 1090 5328 1089 5328 1088 5329 1089 5329 1090 5329 1088 5330 1091 5330 1090 5330 1088 5331 1090 5331 1091 5331 1092 5332 1094 5332 1093 5332 1092 5333 1093 5333 1094 5333 1092 5334 1095 5334 1094 5334 1092 5335 1094 5335 1095 5335 1096 5336 1098 5336 1097 5336 1096 5337 1097 5337 1098 5337 1096 5338 1099 5338 1098 5338 1096 5339 1098 5339 1099 5339 1100 5340 1102 5340 1101 5340 1100 5341 1101 5341 1102 5341 1100 5342 1103 5342 1102 5342 1100 5343 1102 5343 1103 5343 1104 5344 1106 5344 1105 5344 1104 5345 1105 5345 1106 5345 1104 5346 1107 5346 1106 5346 1104 5347 1106 5347 1107 5347 1108 5348 1110 5348 1109 5348 1108 5349 1109 5349 1110 5349 1108 5350 1111 5350 1110 5350 1108 5351 1110 5351 1111 5351 1112 5352 1114 5352 1113 5352 1112 5353 1113 5353 1114 5353 1112 5354 1115 5354 1114 5354 1112 5355 1114 5355 1115 5355 1116 5356 1118 5356 1117 5356 1116 5357 1117 5357 1118 5357 1116 5358 1119 5358 1118 5358 1116 5359 1118 5359 1119 5359 1120 5360 1122 5360 1121 5360 1120 5361 1121 5361 1122 5361 1120 5362 1123 5362 1122 5362 1120 5363 1122 5363 1123 5363 1124 5364 1126 5364 1125 5364 1124 5365 1125 5365 1126 5365 1124 5366 1127 5366 1126 5366 1124 5367 1126 5367 1127 5367 1128 5368 1130 5368 1129 5368 1128 5369 1129 5369 1130 5369 1128 5370 1131 5370 1130 5370 1128 5371 1130 5371 1131 5371 1132 5372 1134 5372 1133 5372 1132 5373 1133 5373 1134 5373 1132 5374 1135 5374 1134 5374 1132 5375 1134 5375 1135 5375 1136 5376 1138 5376 1137 5376 1136 5377 1137 5377 1138 5377 1136 5378 1139 5378 1138 5378 1136 5379 1138 5379 1139 5379 1140 5380 1142 5380 1141 5380 1140 5381 1141 5381 1142 5381 1140 5382 1143 5382 1142 5382 1140 5383 1142 5383 1143 5383 1144 5384 1146 5384 1145 5384 1144 5385 1145 5385 1146 5385 1144 5386 1147 5386 1146 5386 1144 5387 1146 5387 1147 5387 1148 5388 1150 5388 1149 5388 1148 5389 1149 5389 1150 5389 1148 5390 1151 5390 1150 5390 1148 5391 1150 5391 1151 5391 1152 5392 1154 5392 1153 5392 1152 5393 1153 5393 1154 5393 1152 5394 1155 5394 1154 5394 1152 5395 1154 5395 1155 5395 1156 5396 1158 5396 1157 5396 1156 5397 1157 5397 1158 5397 1156 5398 1159 5398 1158 5398 1156 5399 1158 5399 1159 5399 1160 5400 1162 5400 1161 5400 1160 5401 1161 5401 1162 5401 1160 5402 1163 5402 1162 5402 1160 5403 1162 5403 1163 5403 1164 5404 1166 5404 1165 5404 1164 5405 1165 5405 1166 5405 1164 5406 1167 5406 1166 5406 1164 5407 1166 5407 1167 5407 1168 5408 1170 5408 1169 5408 1168 5409 1169 5409 1170 5409 1168 5410 1171 5410 1170 5410 1168 5411 1170 5411 1171 5411 1172 5412 1174 5412 1173 5412 1172 5413 1173 5413 1174 5413 1172 5414 1175 5414 1174 5414 1172 5415 1174 5415 1175 5415 1176 5416 1178 5416 1177 5416 1176 5417 1177 5417 1178 5417 1176 5418 1179 5418 1178 5418 1176 5419 1178 5419 1179 5419 1180 5420 1182 5420 1181 5420 1180 5421 1181 5421 1182 5421 1180 5422 1183 5422 1182 5422 1180 5423 1182 5423 1183 5423 1184 5424 1186 5424 1185 5424 1184 5425 1185 5425 1186 5425 1184 5426 1187 5426 1186 5426 1184 5427 1186 5427 1187 5427 1188 5428 1190 5428 1189 5428 1188 5429 1189 5429 1190 5429 1188 5430 1191 5430 1190 5430 1188 5431 1190 5431 1191 5431 1192 5432 1194 5432 1193 5432 1192 5433 1193 5433 1194 5433 1192 5434 1195 5434 1194 5434 1192 5435 1194 5435 1195 5435 1196 5436 1198 5436 1197 5436 1196 5437 1197 5437 1198 5437 1196 5438 1199 5438 1198 5438 1196 5439 1198 5439 1199 5439 1200 5440 1202 5440 1201 5440 1200 5441 1201 5441 1202 5441 1200 5442 1203 5442 1202 5442 1200 5443 1202 5443 1203 5443 1204 5444 1206 5444 1205 5444 1204 5445 1205 5445 1206 5445 1204 5446 1207 5446 1206 5446 1204 5447 1206 5447 1207 5447 1208 5448 1210 5448 1209 5448 1208 5449 1209 5449 1210 5449 1208 5450 1211 5450 1210 5450 1208 5451 1210 5451 1211 5451 1212 5452 1214 5452 1213 5452 1212 5453 1213 5453 1214 5453 1212 5454 1215 5454 1214 5454 1212 5455 1214 5455 1215 5455 1216 5456 1218 5456 1217 5456 1216 5457 1217 5457 1218 5457 1216 5458 1219 5458 1218 5458 1216 5459 1218 5459 1219 5459 1220 5460 1222 5460 1221 5460 1220 5461 1221 5461 1222 5461 1220 5462 1223 5462 1222 5462 1220 5463 1222 5463 1223 5463 1224 5464 1226 5464 1225 5464 1224 5465 1225 5465 1226 5465 1224 5466 1227 5466 1226 5466 1224 5467 1226 5467 1227 5467 1228 5468 1230 5468 1229 5468 1228 5469 1229 5469 1230 5469 1228 5470 1231 5470 1230 5470 1228 5471 1230 5471 1231 5471 1232 5472 1234 5472 1233 5472 1232 5473 1233 5473 1234 5473 1232 5474 1235 5474 1234 5474 1232 5475 1234 5475 1235 5475 1236 5476 1238 5476 1237 5476 1236 5477 1237 5477 1238 5477 1236 5478 1239 5478 1238 5478 1236 5479 1238 5479 1239 5479 1240 5480 1242 5480 1241 5480 1240 5481 1241 5481 1242 5481 1240 5482 1243 5482 1242 5482 1240 5483 1242 5483 1243 5483 1244 5484 1246 5484 1245 5484 1244 5485 1245 5485 1246 5485 1244 5486 1247 5486 1246 5486 1244 5487 1246 5487 1247 5487 1248 5488 1250 5488 1249 5488 1248 5489 1249 5489 1250 5489 1248 5490 1251 5490 1250 5490 1248 5491 1250 5491 1251 5491 1252 5492 1254 5492 1253 5492 1252 5493 1253 5493 1254 5493 1252 5494 1255 5494 1254 5494 1252 5495 1254 5495 1255 5495 1256 5496 1258 5496 1257 5496 1256 5497 1257 5497 1258 5497 1256 5498 1259 5498 1258 5498 1256 5499 1258 5499 1259 5499 1260 5500 1262 5500 1261 5500 1260 5501 1261 5501 1262 5501 1260 5502 1263 5502 1262 5502 1260 5503 1262 5503 1263 5503 1264 5504 1266 5504 1265 5504 1264 5505 1265 5505 1266 5505 1264 5506 1267 5506 1266 5506 1264 5507 1266 5507 1267 5507 1268 5508 1270 5508 1269 5508 1268 5509 1269 5509 1270 5509 1268 5510 1271 5510 1270 5510 1268 5511 1270 5511 1271 5511 1272 5512 1274 5512 1273 5512 1272 5513 1273 5513 1274 5513 1272 5514 1275 5514 1274 5514 1272 5515 1274 5515 1275 5515 1276 5516 1278 5516 1277 5516 1276 5517 1277 5517 1278 5517 1276 5518 1279 5518 1278 5518 1276 5519 1278 5519 1279 5519 1280 5520 1282 5520 1281 5520 1280 5521 1281 5521 1282 5521 1280 5522 1283 5522 1282 5522 1280 5523 1282 5523 1283 5523 1284 5524 1286 5524 1285 5524 1284 5525 1285 5525 1286 5525 1284 5526 1287 5526 1286 5526 1284 5527 1286 5527 1287 5527 1288 5528 1290 5528 1289 5528 1288 5529 1289 5529 1290 5529 1288 5530 1291 5530 1290 5530 1288 5531 1290 5531 1291 5531 1292 5532 1294 5532 1293 5532 1292 5533 1293 5533 1294 5533 1292 5534 1295 5534 1294 5534 1292 5535 1294 5535 1295 5535 1296 5536 1298 5536 1297 5536 1296 5537 1297 5537 1298 5537 1296 5538 1299 5538 1298 5538 1296 5539 1298 5539 1299 5539 1300 5540 1302 5540 1301 5540 1300 5541 1301 5541 1302 5541 1300 5542 1303 5542 1302 5542 1300 5543 1302 5543 1303 5543 1304 5544 1306 5544 1305 5544 1304 5545 1305 5545 1306 5545 1304 5546 1307 5546 1306 5546 1304 5547 1306 5547 1307 5547 1308 5548 1310 5548 1309 5548 1308 5549 1309 5549 1310 5549 1308 5550 1311 5550 1310 5550 1308 5551 1310 5551 1311 5551 1312 5552 1314 5552 1313 5552 1312 5553 1313 5553 1314 5553 1312 5554 1315 5554 1314 5554 1312 5555 1314 5555 1315 5555 1316 5556 1318 5556 1317 5556 1316 5557 1317 5557 1318 5557 1316 5558 1319 5558 1318 5558 1316 5559 1318 5559 1319 5559 1320 5560 1322 5560 1321 5560 1320 5561 1321 5561 1322 5561 1320 5562 1323 5562 1322 5562 1320 5563 1322 5563 1323 5563 1324 5564 1326 5564 1325 5564 1324 5565 1325 5565 1326 5565 1324 5566 1327 5566 1326 5566 1324 5567 1326 5567 1327 5567 1328 5568 1330 5568 1329 5568 1328 5569 1329 5569 1330 5569 1328 5570 1331 5570 1330 5570 1328 5571 1330 5571 1331 5571 1332 5572 1334 5572 1333 5572 1332 5573 1333 5573 1334 5573 1332 5574 1335 5574 1334 5574 1332 5575 1334 5575 1335 5575 1336 5576 1338 5576 1337 5576 1336 5577 1337 5577 1338 5577 1336 5578 1339 5578 1338 5578 1336 5579 1338 5579 1339 5579 1340 5580 1342 5580 1341 5580 1340 5581 1341 5581 1342 5581 1340 5582 1343 5582 1342 5582 1340 5583 1342 5583 1343 5583 1344 5584 1346 5584 1345 5584 1344 5585 1345 5585 1346 5585 1344 5586 1347 5586 1346 5586 1344 5587 1346 5587 1347 5587 1348 5588 1350 5588 1349 5588 1348 5589 1349 5589 1350 5589 1348 5590 1351 5590 1350 5590 1348 5591 1350 5591 1351 5591 1352 5592 1354 5592 1353 5592 1352 5593 1353 5593 1354 5593 1352 5594 1355 5594 1354 5594 1352 5595 1354 5595 1355 5595 1356 5596 1358 5596 1357 5596 1356 5597 1357 5597 1358 5597 1356 5598 1359 5598 1358 5598 1356 5599 1358 5599 1359 5599 1360 5600 1362 5600 1361 5600 1360 5601 1361 5601 1362 5601 1360 5602 1363 5602 1362 5602 1360 5603 1362 5603 1363 5603 1364 5604 1366 5604 1365 5604 1364 5605 1365 5605 1366 5605 1364 5606 1367 5606 1366 5606 1364 5607 1366 5607 1367 5607 1368 5608 1370 5608 1369 5608 1368 5609 1369 5609 1370 5609 1368 5610 1371 5610 1370 5610 1368 5611 1370 5611 1371 5611 1372 5612 1374 5612 1373 5612 1372 5613 1373 5613 1374 5613 1372 5614 1375 5614 1374 5614 1372 5615 1374 5615 1375 5615 1376 5616 1378 5616 1377 5616 1376 5617 1377 5617 1378 5617 1376 5618 1379 5618 1378 5618 1376 5619 1378 5619 1379 5619 1380 5620 1382 5620 1381 5620 1380 5621 1381 5621 1382 5621 1380 5622 1383 5622 1382 5622 1380 5623 1382 5623 1383 5623 1384 5624 1386 5624 1385 5624 1384 5625 1385 5625 1386 5625 1384 5626 1387 5626 1386 5626 1384 5627 1386 5627 1387 5627 1388 5628 1390 5628 1389 5628 1388 5629 1389 5629 1390 5629 1388 5630 1391 5630 1390 5630 1388 5631 1390 5631 1391 5631 1392 5632 1394 5632 1393 5632 1392 5633 1393 5633 1394 5633 1392 5634 1395 5634 1394 5634 1392 5635 1394 5635 1395 5635 1396 5636 1398 5636 1397 5636 1396 5637 1397 5637 1398 5637 1396 5638 1399 5638 1398 5638 1396 5639 1398 5639 1399 5639 1400 5640 1402 5640 1401 5640 1400 5641 1401 5641 1402 5641 1400 5642 1403 5642 1402 5642 1400 5643 1402 5643 1403 5643 1404 5644 1406 5644 1405 5644 1404 5645 1405 5645 1406 5645 1404 5646 1407 5646 1406 5646 1404 5647 1406 5647 1407 5647 1408 5648 1410 5648 1409 5648 1408 5649 1409 5649 1410 5649 1408 5650 1411 5650 1410 5650 1408 5651 1410 5651 1411 5651 1412 5652 1414 5652 1413 5652 1412 5653 1413 5653 1414 5653 1412 5654 1415 5654 1414 5654 1412 5655 1414 5655 1415 5655 1416 5656 1418 5656 1417 5656 1416 5657 1417 5657 1418 5657 1416 5658 1419 5658 1418 5658 1416 5659 1418 5659 1419 5659 1420 5660 1422 5660 1421 5660 1420 5661 1421 5661 1422 5661 1420 5662 1423 5662 1422 5662 1420 5663 1422 5663 1423 5663 1424 5664 1426 5664 1425 5664 1424 5665 1425 5665 1426 5665 1424 5666 1427 5666 1426 5666 1424 5667 1426 5667 1427 5667 1428 5668 1430 5668 1429 5668 1428 5669 1429 5669 1430 5669 1428 5670 1431 5670 1430 5670 1428 5671 1430 5671 1431 5671 1432 5672 1434 5672 1433 5672 1432 5673 1433 5673 1434 5673 1432 5674 1435 5674 1434 5674 1432 5675 1434 5675 1435 5675 1436 5676 1438 5676 1437 5676 1436 5677 1437 5677 1438 5677 1436 5678 1439 5678 1438 5678 1436 5679 1438 5679 1439 5679 1440 5680 1442 5680 1441 5680 1440 5681 1441 5681 1442 5681 1440 5682 1443 5682 1442 5682 1440 5683 1442 5683 1443 5683 1444 5684 1446 5684 1445 5684 1444 5685 1445 5685 1446 5685 1444 5686 1447 5686 1446 5686 1444 5687 1446 5687 1447 5687 1448 5688 1450 5688 1449 5688 1448 5689 1449 5689 1450 5689 1448 5690 1451 5690 1450 5690 1448 5691 1450 5691 1451 5691 1452 5692 1454 5692 1453 5692 1452 5693 1453 5693 1454 5693 1452 5694 1455 5694 1454 5694 1452 5695 1454 5695 1455 5695 1456 5696 1458 5696 1457 5696 1456 5697 1457 5697 1458 5697 1456 5698 1459 5698 1458 5698 1456 5699 1458 5699 1459 5699 1460 5700 1462 5700 1461 5700 1460 5701 1461 5701 1462 5701 1460 5702 1463 5702 1462 5702 1460 5703 1462 5703 1463 5703 1464 5704 1466 5704 1465 5704 1464 5705 1465 5705 1466 5705 1464 5706 1467 5706 1466 5706 1464 5707 1466 5707 1467 5707 1468 5708 1470 5708 1469 5708 1468 5709 1469 5709 1470 5709 1468 5710 1471 5710 1470 5710 1468 5711 1470 5711 1471 5711 1472 5712 1474 5712 1473 5712 1472 5713 1473 5713 1474 5713 1472 5714 1475 5714 1474 5714 1472 5715 1474 5715 1475 5715 1476 5716 1478 5716 1477 5716 1476 5717 1477 5717 1478 5717 1476 5718 1479 5718 1478 5718 1476 5719 1478 5719 1479 5719 1480 5720 1482 5720 1481 5720 1480 5721 1481 5721 1482 5721 1480 5722 1483 5722 1482 5722 1480 5723 1482 5723 1483 5723 1484 5724 1486 5724 1485 5724 1484 5725 1485 5725 1486 5725 1484 5726 1487 5726 1486 5726 1484 5727 1486 5727 1487 5727 1488 5728 1490 5728 1489 5728 1488 5729 1489 5729 1490 5729 1488 5730 1491 5730 1490 5730 1488 5731 1490 5731 1491 5731 1492 5732 1494 5732 1493 5732 1492 5733 1493 5733 1494 5733 1492 5734 1495 5734 1494 5734 1492 5735 1494 5735 1495 5735 1496 5736 1498 5736 1497 5736 1496 5737 1497 5737 1498 5737 1496 5738 1499 5738 1498 5738 1496 5739 1498 5739 1499 5739 1500 5740 1502 5740 1501 5740 1500 5741 1501 5741 1502 5741 1500 5742 1503 5742 1502 5742 1500 5743 1502 5743 1503 5743 1504 5744 1506 5744 1505 5744 1504 5745 1505 5745 1506 5745 1504 5746 1507 5746 1506 5746 1504 5747 1506 5747 1507 5747 1508 5748 1510 5748 1509 5748 1508 5749 1509 5749 1510 5749 1508 5750 1511 5750 1510 5750 1508 5751 1510 5751 1511 5751 1512 5752 1514 5752 1513 5752 1512 5753 1513 5753 1514 5753 1512 5754 1515 5754 1514 5754 1512 5755 1514 5755 1515 5755 1516 5756 1518 5756 1517 5756 1516 5757 1517 5757 1518 5757 1516 5758 1519 5758 1518 5758 1516 5759 1518 5759 1519 5759 1520 5760 1522 5760 1521 5760 1520 5761 1521 5761 1522 5761 1520 5762 1523 5762 1522 5762 1520 5763 1522 5763 1523 5763 1524 5764 1526 5764 1525 5764 1524 5765 1525 5765 1526 5765 1524 5766 1527 5766 1526 5766 1524 5767 1526 5767 1527 5767 1528 5768 1530 5768 1529 5768 1528 5769 1529 5769 1530 5769 1528 5770 1531 5770 1530 5770 1528 5771 1530 5771 1531 5771 1532 5772 1534 5772 1533 5772 1532 5773 1533 5773 1534 5773 1532 5774 1535 5774 1534 5774 1532 5775 1534 5775 1535 5775 1536 5776 1538 5776 1537 5776 1536 5777 1537 5777 1538 5777 1536 5778 1539 5778 1538 5778 1536 5779 1538 5779 1539 5779 1540 5780 1542 5780 1541 5780 1540 5781 1541 5781 1542 5781 1540 5782 1543 5782 1542 5782 1540 5783 1542 5783 1543 5783 1544 5784 1546 5784 1545 5784 1544 5785 1545 5785 1546 5785 1544 5786 1547 5786 1546 5786 1544 5787 1546 5787 1547 5787 1548 5788 1550 5788 1549 5788 1548 5789 1549 5789 1550 5789 1548 5790 1551 5790 1550 5790 1548 5791 1550 5791 1551 5791 1552 5792 1554 5792 1553 5792 1552 5793 1553 5793 1554 5793 1552 5794 1555 5794 1554 5794 1552 5795 1554 5795 1555 5795 1556 5796 1558 5796 1557 5796 1556 5797 1557 5797 1558 5797 1556 5798 1559 5798 1558 5798 1556 5799 1558 5799 1559 5799 1560 5800 1562 5800 1561 5800 1560 5801 1561 5801 1562 5801 1560 5802 1563 5802 1562 5802 1560 5803 1562 5803 1563 5803 1564 5804 1566 5804 1565 5804 1564 5805 1565 5805 1566 5805 1564 5806 1567 5806 1566 5806 1564 5807 1566 5807 1567 5807 1568 5808 1570 5808 1569 5808 1568 5809 1569 5809 1570 5809 1568 5810 1571 5810 1570 5810 1568 5811 1570 5811 1571 5811 1572 5812 1574 5812 1573 5812 1572 5813 1573 5813 1574 5813 1572 5814 1575 5814 1574 5814 1572 5815 1574 5815 1575 5815 1576 5816 1578 5816 1577 5816 1576 5817 1577 5817 1578 5817 1576 5818 1579 5818 1578 5818 1576 5819 1578 5819 1579 5819 1580 5820 1582 5820 1581 5820 1580 5821 1581 5821 1582 5821 1580 5822 1583 5822 1582 5822 1580 5823 1582 5823 1583 5823 1584 5824 1586 5824 1585 5824 1584 5825 1585 5825 1586 5825 1584 5826 1587 5826 1586 5826 1584 5827 1586 5827 1587 5827 1588 5828 1590 5828 1589 5828 1588 5829 1589 5829 1590 5829 1588 5830 1591 5830 1590 5830 1588 5831 1590 5831 1591 5831 1592 5832 1594 5832 1593 5832 1592 5833 1593 5833 1594 5833 1592 5834 1595 5834 1594 5834 1592 5835 1594 5835 1595 5835 1596 5836 1598 5836 1597 5836 1596 5837 1597 5837 1598 5837 1596 5838 1599 5838 1598 5838 1596 5839 1598 5839 1599 5839 1600 5840 1602 5840 1601 5840 1600 5841 1601 5841 1602 5841 1600 5842 1603 5842 1602 5842 1600 5843 1602 5843 1603 5843 1604 5844 1606 5844 1605 5844 1604 5845 1605 5845 1606 5845 1604 5846 1607 5846 1606 5846 1604 5847 1606 5847 1607 5847 1608 5848 1610 5848 1609 5848 1608 5849 1609 5849 1610 5849 1608 5850 1611 5850 1610 5850 1608 5851 1610 5851 1611 5851 1612 5852 1614 5852 1613 5852 1612 5853 1613 5853 1614 5853 1612 5854 1615 5854 1614 5854 1612 5855 1614 5855 1615 5855 1616 5856 1618 5856 1617 5856 1616 5857 1617 5857 1618 5857 1616 5858 1619 5858 1618 5858 1616 5859 1618 5859 1619 5859 1620 5860 1622 5860 1621 5860 1620 5861 1621 5861 1622 5861 1620 5862 1623 5862 1622 5862 1620 5863 1622 5863 1623 5863 1624 5864 1626 5864 1625 5864 1624 5865 1625 5865 1626 5865 1624 5866 1627 5866 1626 5866 1624 5867 1626 5867 1627 5867 1628 5868 1630 5868 1629 5868 1628 5869 1629 5869 1630 5869 1628 5870 1631 5870 1630 5870 1628 5871 1630 5871 1631 5871 1632 5872 1634 5872 1633 5872 1632 5873 1633 5873 1634 5873 1632 5874 1635 5874 1634 5874 1632 5875 1634 5875 1635 5875 1636 5876 1638 5876 1637 5876 1636 5877 1637 5877 1638 5877 1636 5878 1639 5878 1638 5878 1636 5879 1638 5879 1639 5879 1640 5880 1642 5880 1641 5880 1640 5881 1641 5881 1642 5881 1640 5882 1643 5882 1642 5882 1640 5883 1642 5883 1643 5883 1644 5884 1646 5884 1645 5884 1644 5885 1645 5885 1646 5885 1644 5886 1647 5886 1646 5886 1644 5887 1646 5887 1647 5887 1648 5888 1650 5888 1649 5888 1648 5889 1649 5889 1650 5889 1648 5890 1651 5890 1650 5890 1648 5891 1650 5891 1651 5891 1652 5892 1654 5892 1653 5892 1652 5893 1653 5893 1654 5893 1652 5894 1655 5894 1654 5894 1652 5895 1654 5895 1655 5895 1656 5896 1658 5896 1657 5896 1656 5897 1657 5897 1658 5897 1656 5898 1659 5898 1658 5898 1656 5899 1658 5899 1659 5899 1660 5900 1662 5900 1661 5900 1660 5901 1661 5901 1662 5901 1660 5902 1663 5902 1662 5902 1660 5903 1662 5903 1663 5903 1664 5904 1666 5904 1665 5904 1664 5905 1665 5905 1666 5905 1664 5906 1667 5906 1666 5906 1664 5907 1666 5907 1667 5907 1668 5908 1670 5908 1669 5908 1668 5909 1669 5909 1670 5909 1668 5910 1671 5910 1670 5910 1668 5911 1670 5911 1671 5911 1672 5912 1674 5912 1673 5912 1672 5913 1673 5913 1674 5913 1672 5914 1675 5914 1674 5914 1672 5915 1674 5915 1675 5915 1676 5916 1678 5916 1677 5916 1676 5917 1677 5917 1678 5917 1676 5918 1679 5918 1678 5918 1676 5919 1678 5919 1679 5919 1680 5920 1682 5920 1681 5920 1680 5921 1681 5921 1682 5921 1680 5922 1683 5922 1682 5922 1680 5923 1682 5923 1683 5923 1684 5924 1686 5924 1685 5924 1684 5925 1685 5925 1686 5925 1684 5926 1687 5926 1686 5926 1684 5927 1686 5927 1687 5927 1688 5928 1690 5928 1689 5928 1688 5929 1689 5929 1690 5929 1688 5930 1691 5930 1690 5930 1688 5931 1690 5931 1691 5931 1692 5932 1694 5932 1693 5932 1692 5933 1693 5933 1694 5933 1692 5934 1695 5934 1694 5934 1692 5935 1694 5935 1695 5935 1696 5936 1698 5936 1697 5936 1696 5937 1697 5937 1698 5937 1696 5938 1699 5938 1698 5938 1696 5939 1698 5939 1699 5939 1700 5940 1702 5940 1701 5940 1700 5941 1701 5941 1702 5941 1700 5942 1703 5942 1702 5942 1700 5943 1702 5943 1703 5943 1704 5944 1706 5944 1705 5944 1704 5945 1705 5945 1706 5945 1704 5946 1707 5946 1706 5946 1704 5947 1706 5947 1707 5947 1708 5948 1710 5948 1709 5948 1708 5949 1709 5949 1710 5949 1708 5950 1711 5950 1710 5950 1708 5951 1710 5951 1711 5951 1712 5952 1714 5952 1713 5952 1712 5953 1713 5953 1714 5953 1712 5954 1715 5954 1714 5954 1712 5955 1714 5955 1715 5955 1716 5956 1718 5956 1717 5956 1716 5957 1717 5957 1718 5957 1716 5958 1719 5958 1718 5958 1716 5959 1718 5959 1719 5959 1720 5960 1722 5960 1721 5960 1720 5961 1721 5961 1722 5961 1720 5962 1723 5962 1722 5962 1720 5963 1722 5963 1723 5963 1724 5964 1726 5964 1725 5964 1724 5965 1725 5965 1726 5965 1724 5966 1727 5966 1726 5966 1724 5967 1726 5967 1727 5967 1728 5968 1730 5968 1729 5968 1728 5969 1729 5969 1730 5969 1728 5970 1731 5970 1730 5970 1728 5971 1730 5971 1731 5971 1732 5972 1734 5972 1733 5972 1732 5973 1733 5973 1734 5973 1732 5974 1735 5974 1734 5974 1732 5975 1734 5975 1735 5975 1736 5976 1738 5976 1737 5976 1736 5977 1737 5977 1738 5977 1736 5978 1739 5978 1738 5978 1736 5979 1738 5979 1739 5979 1740 5980 1742 5980 1741 5980 1740 5981 1741 5981 1742 5981 1740 5982 1743 5982 1742 5982 1740 5983 1742 5983 1743 5983 1744 5984 1746 5984 1745 5984 1744 5985 1745 5985 1746 5985 1744 5986 1747 5986 1746 5986 1744 5987 1746 5987 1747 5987 1748 5988 1750 5988 1749 5988 1748 5989 1749 5989 1750 5989 1748 5990 1751 5990 1750 5990 1748 5991 1750 5991 1751 5991 1752 5992 1754 5992 1753 5992 1752 5993 1753 5993 1754 5993 1752 5994 1755 5994 1754 5994 1752 5995 1754 5995 1755 5995 1756 5996 1758 5996 1757 5996 1756 5997 1757 5997 1758 5997 1756 5998 1759 5998 1758 5998 1756 5999 1758 5999 1759 5999 1760 6000 1762 6000 1761 6000 1760 6001 1761 6001 1762 6001 1760 6002 1763 6002 1762 6002 1760 6003 1762 6003 1763 6003 1764 6004 1766 6004 1765 6004 1764 6005 1765 6005 1766 6005 1764 6006 1767 6006 1766 6006 1764 6007 1766 6007 1767 6007 1768 6008 1770 6008 1769 6008 1768 6009 1769 6009 1770 6009 1768 6010 1771 6010 1770 6010 1768 6011 1770 6011 1771 6011 1772 6012 1774 6012 1773 6012 1772 6013 1773 6013 1774 6013 1772 6014 1775 6014 1774 6014 1772 6015 1774 6015 1775 6015 1776 6016 1778 6016 1777 6016 1776 6017 1777 6017 1778 6017 1776 6018 1779 6018 1778 6018 1776 6019 1778 6019 1779 6019 1780 6020 1782 6020 1781 6020 1780 6021 1781 6021 1782 6021 1780 6022 1783 6022 1782 6022 1780 6023 1782 6023 1783 6023 1784 6024 1786 6024 1785 6024 1784 6025 1785 6025 1786 6025 1784 6026 1787 6026 1786 6026 1784 6027 1786 6027 1787 6027 1788 6028 1790 6028 1789 6028 1788 6029 1789 6029 1790 6029 1788 6030 1791 6030 1790 6030 1788 6031 1790 6031 1791 6031 1792 6032 1794 6032 1793 6032 1792 6033 1793 6033 1794 6033 1792 6034 1795 6034 1794 6034 1792 6035 1794 6035 1795 6035 1796 6036 1798 6036 1797 6036 1796 6037 1797 6037 1798 6037 1796 6038 1799 6038 1798 6038 1796 6039 1798 6039 1799 6039 1800 6040 1802 6040 1801 6040 1800 6041 1801 6041 1802 6041 1800 6042 1803 6042 1802 6042 1800 6043 1802 6043 1803 6043 1804 6044 1806 6044 1805 6044 1804 6045 1805 6045 1806 6045 1804 6046 1807 6046 1806 6046 1804 6047 1806 6047 1807 6047 1808 6048 1810 6048 1809 6048 1808 6049 1809 6049 1810 6049 1808 6050 1811 6050 1810 6050 1808 6051 1810 6051 1811 6051 1812 6052 1814 6052 1813 6052 1812 6053 1813 6053 1814 6053 1812 6054 1815 6054 1814 6054 1812 6055 1814 6055 1815 6055 1816 6056 1818 6056 1817 6056 1816 6057 1817 6057 1818 6057 1816 6058 1819 6058 1818 6058 1816 6059 1818 6059 1819 6059 1820 6060 1822 6060 1821 6060 1820 6061 1821 6061 1822 6061 1820 6062 1823 6062 1822 6062 1820 6063 1822 6063 1823 6063 1824 6064 1826 6064 1825 6064 1824 6065 1825 6065 1826 6065 1824 6066 1827 6066 1826 6066 1824 6067 1826 6067 1827 6067 1828 6068 1830 6068 1829 6068 1828 6069 1829 6069 1830 6069 1828 6070 1831 6070 1830 6070 1828 6071 1830 6071 1831 6071 1832 6072 1834 6072 1833 6072 1832 6073 1833 6073 1834 6073 1832 6074 1835 6074 1834 6074 1832 6075 1834 6075 1835 6075 1836 6076 1838 6076 1837 6076 1836 6077 1837 6077 1838 6077 1836 6078 1839 6078 1838 6078 1836 6079 1838 6079 1839 6079 1840 6080 1842 6080 1841 6080 1840 6081 1841 6081 1842 6081 1840 6082 1843 6082 1842 6082 1840 6083 1842 6083 1843 6083 1844 6084 1846 6084 1845 6084 1844 6085 1845 6085 1846 6085 1844 6086 1847 6086 1846 6086 1844 6087 1846 6087 1847 6087 1848 6088 1850 6088 1849 6088 1848 6089 1849 6089 1850 6089 1848 6090 1851 6090 1850 6090 1848 6091 1850 6091 1851 6091 1852 6092 1854 6092 1853 6092 1852 6093 1853 6093 1854 6093 1852 6094 1855 6094 1854 6094 1852 6095 1854 6095 1855 6095 1856 6096 1858 6096 1857 6096 1856 6097 1857 6097 1858 6097 1856 6098 1859 6098 1858 6098 1856 6099 1858 6099 1859 6099 1860 6100 1862 6100 1861 6100 1860 6101 1861 6101 1862 6101 1860 6102 1863 6102 1862 6102 1860 6103 1862 6103 1863 6103 1864 6104 1866 6104 1865 6104 1864 6105 1865 6105 1866 6105 1864 6106 1867 6106 1866 6106 1864 6107 1866 6107 1867 6107 1868 6108 1870 6108 1869 6108 1868 6109 1869 6109 1870 6109 1868 6110 1871 6110 1870 6110 1868 6111 1870 6111 1871 6111 1872 6112 1874 6112 1873 6112 1872 6113 1873 6113 1874 6113 1872 6114 1875 6114 1874 6114 1872 6115 1874 6115 1875 6115 1876 6116 1878 6116 1877 6116 1876 6117 1877 6117 1878 6117 1876 6118 1879 6118 1878 6118 1876 6119 1878 6119 1879 6119 1880 6120 1882 6120 1881 6120 1880 6121 1881 6121 1882 6121 1880 6122 1883 6122 1882 6122 1880 6123 1882 6123 1883 6123 1884 6124 1886 6124 1885 6124 1884 6125 1885 6125 1886 6125 1884 6126 1887 6126 1886 6126 1884 6127 1886 6127 1887 6127 1888 6128 1890 6128 1889 6128 1888 6129 1889 6129 1890 6129 1888 6130 1891 6130 1890 6130 1888 6131 1890 6131 1891 6131 1892 6132 1894 6132 1893 6132 1892 6133 1893 6133 1894 6133 1892 6134 1895 6134 1894 6134 1892 6135 1894 6135 1895 6135 1896 6136 1898 6136 1897 6136 1896 6137 1897 6137 1898 6137 1896 6138 1899 6138 1898 6138 1896 6139 1898 6139 1899 6139 1900 6140 1902 6140 1901 6140 1900 6141 1901 6141 1902 6141 1900 6142 1903 6142 1902 6142 1900 6143 1902 6143 1903 6143 1904 6144 1906 6144 1905 6144 1904 6145 1905 6145 1906 6145 1904 6146 1907 6146 1906 6146 1904 6147 1906 6147 1907 6147 1908 6148 1910 6148 1909 6148 1908 6149 1909 6149 1910 6149 1908 6150 1911 6150 1910 6150 1908 6151 1910 6151 1911 6151 1912 6152 1914 6152 1913 6152 1912 6153 1913 6153 1914 6153 1912 6154 1915 6154 1914 6154 1912 6155 1914 6155 1915 6155 1916 6156 1918 6156 1917 6156 1916 6157 1917 6157 1918 6157 1916 6158 1919 6158 1918 6158 1916 6159 1918 6159 1919 6159 1920 6160 1922 6160 1921 6160 1920 6161 1921 6161 1922 6161 1920 6162 1923 6162 1922 6162 1920 6163 1922 6163 1923 6163 1924 6164 1926 6164 1925 6164 1924 6165 1925 6165 1926 6165 1924 6166 1927 6166 1926 6166 1924 6167 1926 6167 1927 6167 1928 6168 1930 6168 1929 6168 1928 6169 1929 6169 1930 6169 1928 6170 1931 6170 1930 6170 1928 6171 1930 6171 1931 6171 1932 6172 1934 6172 1933 6172 1932 6173 1933 6173 1934 6173 1932 6174 1935 6174 1934 6174 1932 6175 1934 6175 1935 6175 1936 6176 1938 6176 1937 6176 1936 6177 1937 6177 1938 6177 1936 6178 1939 6178 1938 6178 1936 6179 1938 6179 1939 6179 1940 6180 1942 6180 1941 6180 1940 6181 1941 6181 1942 6181 1940 6182 1943 6182 1942 6182 1940 6183 1942 6183 1943 6183 1944 6184 1946 6184 1945 6184 1944 6185 1945 6185 1946 6185 1944 6186 1947 6186 1946 6186 1944 6187 1946 6187 1947 6187 1948 6188 1950 6188 1949 6188 1948 6189 1949 6189 1950 6189 1948 6190 1951 6190 1950 6190 1948 6191 1950 6191 1951 6191 1952 6192 1954 6192 1953 6192 1952 6193 1953 6193 1954 6193 1952 6194 1955 6194 1954 6194 1952 6195 1954 6195 1955 6195 1956 6196 1958 6196 1957 6196 1956 6197 1957 6197 1958 6197 1956 6198 1959 6198 1958 6198 1956 6199 1958 6199 1959 6199 1960 6200 1962 6200 1961 6200 1960 6201 1961 6201 1962 6201 1960 6202 1963 6202 1962 6202 1960 6203 1962 6203 1963 6203 1964 6204 1966 6204 1965 6204 1964 6205 1965 6205 1966 6205 1964 6206 1967 6206 1966 6206 1964 6207 1966 6207 1967 6207 1968 6208 1970 6208 1969 6208 1968 6209 1969 6209 1970 6209 1968 6210 1971 6210 1970 6210 1968 6211 1970 6211 1971 6211 1972 6212 1974 6212 1973 6212 1972 6213 1973 6213 1974 6213 1972 6214 1975 6214 1974 6214 1972 6215 1974 6215 1975 6215 1976 6216 1978 6216 1977 6216 1976 6217 1977 6217 1978 6217 1976 6218 1979 6218 1978 6218 1976 6219 1978 6219 1979 6219 1980 6220 1982 6220 1981 6220 1980 6221 1981 6221 1982 6221 1980 6222 1983 6222 1982 6222 1980 6223 1982 6223 1983 6223 1984 6224 1986 6224 1985 6224 1984 6225 1985 6225 1986 6225 1984 6226 1987 6226 1986 6226 1984 6227 1986 6227 1987 6227 1988 6228 1990 6228 1989 6228 1988 6229 1989 6229 1990 6229 1988 6230 1991 6230 1990 6230 1988 6231 1990 6231 1991 6231 1992 6232 1994 6232 1993 6232 1992 6233 1993 6233 1994 6233 1992 6234 1995 6234 1994 6234 1992 6235 1994 6235 1995 6235 1996 6236 1998 6236 1997 6236 1996 6237 1997 6237 1998 6237 1996 6238 1999 6238 1998 6238 1996 6239 1998 6239 1999 6239 2000 6240 2002 6240 2001 6240 2000 6241 2001 6241 2002 6241 2000 6242 2003 6242 2002 6242 2000 6243 2002 6243 2003 6243 2004 6244 2006 6244 2005 6244 2004 6245 2005 6245 2006 6245 2004 6246 2007 6246 2006 6246 2004 6247 2006 6247 2007 6247 2008 6248 2010 6248 2009 6248 2008 6249 2009 6249 2010 6249 2008 6250 2011 6250 2010 6250 2008 6251 2010 6251 2011 6251 2012 6252 2014 6252 2013 6252 2012 6253 2013 6253 2014 6253 2012 6254 2015 6254 2014 6254 2012 6255 2014 6255 2015 6255 2016 6256 2018 6256 2017 6256 2016 6257 2017 6257 2018 6257 2016 6258 2019 6258 2018 6258 2016 6259 2018 6259 2019 6259 2020 6260 2022 6260 2021 6260 2020 6261 2021 6261 2022 6261 2020 6262 2023 6262 2022 6262 2020 6263 2022 6263 2023 6263 2024 6264 2026 6264 2025 6264 2024 6265 2025 6265 2026 6265 2024 6266 2027 6266 2026 6266 2024 6267 2026 6267 2027 6267 2028 6268 2030 6268 2029 6268 2028 6269 2029 6269 2030 6269 2028 6270 2031 6270 2030 6270 2028 6271 2030 6271 2031 6271 2032 6272 2034 6272 2033 6272 2032 6273 2033 6273 2034 6273 2032 6274 2035 6274 2034 6274 2032 6275 2034 6275 2035 6275 2036 6276 2038 6276 2037 6276 2036 6277 2037 6277 2038 6277 2036 6278 2039 6278 2038 6278 2036 6279 2038 6279 2039 6279 2040 6280 2042 6280 2041 6280 2040 6281 2041 6281 2042 6281 2040 6282 2043 6282 2042 6282 2040 6283 2042 6283 2043 6283 2044 6284 2046 6284 2045 6284 2044 6285 2045 6285 2046 6285 2044 6286 2047 6286 2046 6286 2044 6287 2046 6287 2047 6287 2048 6288 2050 6288 2049 6288 2048 6289 2049 6289 2050 6289 2048 6290 2051 6290 2050 6290 2048 6291 2050 6291 2051 6291 2052 6292 2054 6292 2053 6292 2052 6293 2053 6293 2054 6293 2052 6294 2055 6294 2054 6294 2052 6295 2054 6295 2055 6295 2056 6296 2058 6296 2057 6296 2056 6297 2057 6297 2058 6297 2056 6298 2059 6298 2058 6298 2056 6299 2058 6299 2059 6299 2060 6300 2062 6300 2061 6300 2060 6301 2061 6301 2062 6301 2060 6302 2063 6302 2062 6302 2060 6303 2062 6303 2063 6303 2064 6304 2066 6304 2065 6304 2064 6305 2065 6305 2066 6305 2064 6306 2067 6306 2066 6306 2064 6307 2066 6307 2067 6307 2068 6308 2070 6308 2069 6308 2068 6309 2069 6309 2070 6309 2068 6310 2071 6310 2070 6310 2068 6311 2070 6311 2071 6311 2072 6312 2074 6312 2073 6312 2072 6313 2073 6313 2074 6313 2072 6314 2075 6314 2074 6314 2072 6315 2074 6315 2075 6315 2076 6316 2078 6316 2077 6316 2076 6317 2077 6317 2078 6317 2076 6318 2079 6318 2078 6318 2076 6319 2078 6319 2079 6319 2080 6320 2082 6320 2081 6320 2080 6321 2081 6321 2082 6321 2080 6322 2083 6322 2082 6322 2080 6323 2082 6323 2083 6323 2084 6324 2086 6324 2085 6324 2084 6325 2085 6325 2086 6325 2084 6326 2087 6326 2086 6326 2084 6327 2086 6327 2087 6327 2088 6328 2090 6328 2089 6328 2088 6329 2089 6329 2090 6329 2088 6330 2091 6330 2090 6330 2088 6331 2090 6331 2091 6331 2092 6332 2094 6332 2093 6332 2092 6333 2093 6333 2094 6333 2092 6334 2095 6334 2094 6334 2092 6335 2094 6335 2095 6335 2096 6336 2098 6336 2097 6336 2096 6337 2097 6337 2098 6337 2096 6338 2099 6338 2098 6338 2096 6339 2098 6339 2099 6339 2100 6340 2102 6340 2101 6340 2100 6341 2101 6341 2102 6341 2100 6342 2103 6342 2102 6342 2100 6343 2102 6343 2103 6343 2104 6344 2106 6344 2105 6344 2104 6345 2105 6345 2106 6345 2104 6346 2107 6346 2106 6346 2104 6347 2106 6347 2107 6347 2108 6348 2110 6348 2109 6348 2108 6349 2109 6349 2110 6349 2108 6350 2111 6350 2110 6350 2108 6351 2110 6351 2111 6351 2112 6352 2114 6352 2113 6352 2112 6353 2113 6353 2114 6353 2112 6354 2115 6354 2114 6354 2112 6355 2114 6355 2115 6355 2116 6356 2118 6356 2117 6356 2116 6357 2117 6357 2118 6357 2116 6358 2119 6358 2118 6358 2116 6359 2118 6359 2119 6359 2120 6360 2122 6360 2121 6360 2120 6361 2121 6361 2122 6361 2120 6362 2123 6362 2122 6362 2120 6363 2122 6363 2123 6363 2124 6364 2126 6364 2125 6364 2124 6365 2125 6365 2126 6365 2124 6366 2127 6366 2126 6366 2124 6367 2126 6367 2127 6367 2128 6368 2130 6368 2129 6368 2128 6369 2129 6369 2130 6369 2128 6370 2131 6370 2130 6370 2128 6371 2130 6371 2131 6371 2132 6372 2134 6372 2133 6372 2132 6373 2133 6373 2134 6373 2132 6374 2135 6374 2134 6374 2132 6375 2134 6375 2135 6375 2136 6376 2138 6376 2137 6376 2136 6377 2137 6377 2138 6377 2136 6378 2139 6378 2138 6378 2136 6379 2138 6379 2139 6379 2140 6380 2142 6380 2141 6380 2140 6381 2141 6381 2142 6381 2140 6382 2143 6382 2142 6382 2140 6383 2142 6383 2143 6383 2144 6384 2146 6384 2145 6384 2144 6385 2145 6385 2146 6385 2144 6386 2147 6386 2146 6386 2144 6387 2146 6387 2147 6387 2148 6388 2150 6388 2149 6388 2148 6389 2149 6389 2150 6389 2148 6390 2151 6390 2150 6390 2148 6391 2150 6391 2151 6391 2152 6392 2154 6392 2153 6392 2152 6393 2153 6393 2154 6393 2152 6394 2155 6394 2154 6394 2152 6395 2154 6395 2155 6395 2156 6396 2158 6396 2157 6396 2156 6397 2157 6397 2158 6397 2156 6398 2159 6398 2158 6398 2156 6399 2158 6399 2159 6399 2160 6400 2162 6400 2161 6400 2160 6401 2161 6401 2162 6401 2160 6402 2163 6402 2162 6402 2160 6403 2162 6403 2163 6403 2164 6404 2166 6404 2165 6404 2164 6405 2165 6405 2166 6405 2164 6406 2167 6406 2166 6406 2164 6407 2166 6407 2167 6407 2168 6408 2170 6408 2169 6408 2168 6409 2169 6409 2170 6409 2168 6410 2171 6410 2170 6410 2168 6411 2170 6411 2171 6411 2172 6412 2174 6412 2173 6412 2172 6413 2173 6413 2174 6413 2172 6414 2175 6414 2174 6414 2172 6415 2174 6415 2175 6415 2176 6416 2178 6416 2177 6416 2176 6417 2177 6417 2178 6417 2176 6418 2179 6418 2178 6418 2176 6419 2178 6419 2179 6419 2180 6420 2182 6420 2181 6420 2180 6421 2181 6421 2182 6421 2180 6422 2183 6422 2182 6422 2180 6423 2182 6423 2183 6423 2184 6424 2186 6424 2185 6424 2184 6425 2185 6425 2186 6425 2184 6426 2187 6426 2186 6426 2184 6427 2186 6427 2187 6427 2188 6428 2190 6428 2189 6428 2188 6429 2189 6429 2190 6429 2188 6430 2191 6430 2190 6430 2188 6431 2190 6431 2191 6431 2192 6432 2194 6432 2193 6432 2192 6433 2193 6433 2194 6433 2192 6434 2195 6434 2194 6434 2192 6435 2194 6435 2195 6435 2196 6436 2198 6436 2197 6436 2196 6437 2197 6437 2198 6437 2196 6438 2199 6438 2198 6438 2196 6439 2198 6439 2199 6439 2200 6440 2202 6440 2201 6440 2200 6441 2201 6441 2202 6441 2200 6442 2203 6442 2202 6442 2200 6443 2202 6443 2203 6443 2204 6444 2206 6444 2205 6444 2204 6445 2205 6445 2206 6445 2204 6446 2207 6446 2206 6446 2204 6447 2206 6447 2207 6447 2208 6448 2210 6448 2209 6448 2208 6449 2209 6449 2210 6449 2208 6450 2211 6450 2210 6450 2208 6451 2210 6451 2211 6451 2212 6452 2214 6452 2213 6452 2212 6453 2213 6453 2214 6453 2212 6454 2215 6454 2214 6454 2212 6455 2214 6455 2215 6455 2216 6456 2218 6456 2217 6456 2216 6457 2217 6457 2218 6457 2216 6458 2219 6458 2218 6458 2216 6459 2218 6459 2219 6459 2220 6460 2222 6460 2221 6460 2220 6461 2221 6461 2222 6461 2220 6462 2223 6462 2222 6462 2220 6463 2222 6463 2223 6463 2224 6464 2226 6464 2225 6464 2224 6465 2225 6465 2226 6465 2224 6466 2227 6466 2226 6466 2224 6467 2226 6467 2227 6467 2228 6468 2230 6468 2229 6468 2228 6469 2229 6469 2230 6469 2228 6470 2231 6470 2230 6470 2228 6471 2230 6471 2231 6471 2232 6472 2234 6472 2233 6472 2232 6473 2233 6473 2234 6473 2232 6474 2235 6474 2234 6474 2232 6475 2234 6475 2235 6475 2236 6476 2238 6476 2237 6476 2236 6477 2237 6477 2238 6477 2236 6478 2239 6478 2238 6478 2236 6479 2238 6479 2239 6479 2240 6480 2242 6480 2241 6480 2240 6481 2241 6481 2242 6481 2240 6482 2243 6482 2242 6482 2240 6483 2242 6483 2243 6483 2244 6484 2246 6484 2245 6484 2244 6485 2245 6485 2246 6485 2244 6486 2247 6486 2246 6486 2244 6487 2246 6487 2247 6487 2248 6488 2250 6488 2249 6488 2248 6489 2249 6489 2250 6489 2248 6490 2251 6490 2250 6490 2248 6491 2250 6491 2251 6491 2252 6492 2254 6492 2253 6492 2252 6493 2253 6493 2254 6493 2252 6494 2255 6494 2254 6494 2252 6495 2254 6495 2255 6495 2256 6496 2258 6496 2257 6496 2256 6497 2257 6497 2258 6497 2256 6498 2259 6498 2258 6498 2256 6499 2258 6499 2259 6499 2260 6500 2262 6500 2261 6500 2260 6501 2261 6501 2262 6501 2260 6502 2263 6502 2262 6502 2260 6503 2262 6503 2263 6503 2264 6504 2266 6504 2265 6504 2264 6505 2265 6505 2266 6505 2264 6506 2267 6506 2266 6506 2264 6507 2266 6507 2267 6507 2268 6508 2270 6508 2269 6508 2268 6509 2269 6509 2270 6509 2268 6510 2271 6510 2270 6510 2268 6511 2270 6511 2271 6511 2272 6512 2274 6512 2273 6512 2272 6513 2273 6513 2274 6513 2272 6514 2275 6514 2274 6514 2272 6515 2274 6515 2275 6515 2276 6516 2278 6516 2277 6516 2276 6517 2277 6517 2278 6517 2276 6518 2279 6518 2278 6518 2276 6519 2278 6519 2279 6519 2280 6520 2282 6520 2281 6520 2280 6521 2281 6521 2282 6521 2280 6522 2283 6522 2282 6522 2280 6523 2282 6523 2283 6523 2284 6524 2286 6524 2285 6524 2284 6525 2285 6525 2286 6525 2284 6526 2287 6526 2286 6526 2284 6527 2286 6527 2287 6527 2288 6528 2290 6528 2289 6528 2288 6529 2289 6529 2290 6529 2288 6530 2291 6530 2290 6530 2288 6531 2290 6531 2291 6531 2292 6532 2294 6532 2293 6532 2292 6533 2293 6533 2294 6533 2292 6534 2295 6534 2294 6534 2292 6535 2294 6535 2295 6535 2296 6536 2298 6536 2297 6536 2296 6537 2297 6537 2298 6537 2296 6538 2299 6538 2298 6538 2296 6539 2298 6539 2299 6539 2300 6540 2302 6540 2301 6540 2300 6541 2301 6541 2302 6541 2300 6542 2303 6542 2302 6542 2300 6543 2302 6543 2303 6543 2304 6544 2306 6544 2305 6544 2304 6545 2305 6545 2306 6545 2304 6546 2307 6546 2306 6546 2304 6547 2306 6547 2307 6547 2308 6548 2310 6548 2309 6548 2308 6549 2309 6549 2310 6549 2308 6550 2311 6550 2310 6550 2308 6551 2310 6551 2311 6551 2312 6552 2314 6552 2313 6552 2312 6553 2313 6553 2314 6553 2312 6554 2315 6554 2314 6554 2312 6555 2314 6555 2315 6555 2316 6556 2318 6556 2317 6556 2316 6557 2317 6557 2318 6557 2316 6558 2319 6558 2318 6558 2316 6559 2318 6559 2319 6559 2320 6560 2322 6560 2321 6560 2320 6561 2321 6561 2322 6561 2320 6562 2323 6562 2322 6562 2320 6563 2322 6563 2323 6563 2324 6564 2326 6564 2325 6564 2324 6565 2325 6565 2326 6565 2324 6566 2327 6566 2326 6566 2324 6567 2326 6567 2327 6567 2328 6568 2330 6568 2329 6568 2328 6569 2329 6569 2330 6569 2328 6570 2331 6570 2330 6570 2328 6571 2330 6571 2331 6571 2332 6572 2334 6572 2333 6572 2332 6573 2333 6573 2334 6573 2332 6574 2335 6574 2334 6574 2332 6575 2334 6575 2335 6575 2336 6576 2338 6576 2337 6576 2336 6577 2337 6577 2338 6577 2336 6578 2339 6578 2338 6578 2336 6579 2338 6579 2339 6579 2340 6580 2342 6580 2341 6580 2340 6581 2341 6581 2342 6581 2340 6582 2343 6582 2342 6582 2340 6583 2342 6583 2343 6583 2344 6584 2346 6584 2345 6584 2344 6585 2345 6585 2346 6585 2344 6586 2347 6586 2346 6586 2344 6587 2346 6587 2347 6587 2348 6588 2350 6588 2349 6588 2348 6589 2349 6589 2350 6589 2348 6590 2351 6590 2350 6590 2348 6591 2350 6591 2351 6591 2352 6592 2354 6592 2353 6592 2352 6593 2353 6593 2354 6593 2352 6594 2355 6594 2354 6594 2352 6595 2354 6595 2355 6595 2356 6596 2358 6596 2357 6596 2356 6597 2357 6597 2358 6597 2356 6598 2359 6598 2358 6598 2356 6599 2358 6599 2359 6599 2360 6600 2362 6600 2361 6600 2360 6601 2361 6601 2362 6601 2360 6602 2363 6602 2362 6602 2360 6603 2362 6603 2363 6603 2364 6604 2366 6604 2365 6604 2364 6605 2365 6605 2366 6605 2364 6606 2367 6606 2366 6606 2364 6607 2366 6607 2367 6607 2368 6608 2370 6608 2369 6608 2368 6609 2369 6609 2370 6609 2368 6610 2371 6610 2370 6610 2368 6611 2370 6611 2371 6611 2372 6612 2374 6612 2373 6612 2372 6613 2373 6613 2374 6613 2372 6614 2375 6614 2374 6614 2372 6615 2374 6615 2375 6615 2376 6616 2378 6616 2377 6616 2376 6617 2377 6617 2378 6617 2376 6618 2379 6618 2378 6618 2376 6619 2378 6619 2379 6619 2380 6620 2382 6620 2381 6620 2380 6621 2381 6621 2382 6621 2380 6622 2383 6622 2382 6622 2380 6623 2382 6623 2383 6623 2384 6624 2386 6624 2385 6624 2384 6625 2385 6625 2386 6625 2384 6626 2387 6626 2386 6626 2384 6627 2386 6627 2387 6627 2388 6628 2390 6628 2389 6628 2388 6629 2389 6629 2390 6629 2388 6630 2391 6630 2390 6630 2388 6631 2390 6631 2391 6631 2392 6632 2394 6632 2393 6632 2392 6633 2393 6633 2394 6633 2392 6634 2395 6634 2394 6634 2392 6635 2394 6635 2395 6635 2396 6636 2398 6636 2397 6636 2396 6637 2397 6637 2398 6637 2396 6638 2399 6638 2398 6638 2396 6639 2398 6639 2399 6639 2400 6640 2402 6640 2401 6640 2400 6641 2401 6641 2402 6641 2400 6642 2403 6642 2402 6642 2400 6643 2402 6643 2403 6643 2404 6644 2406 6644 2405 6644 2404 6645 2405 6645 2406 6645 2404 6646 2407 6646 2406 6646 2404 6647 2406 6647 2407 6647 2408 6648 2410 6648 2409 6648 2408 6649 2409 6649 2410 6649 2408 6650 2411 6650 2410 6650 2408 6651 2410 6651 2411 6651 2412 6652 2414 6652 2413 6652 2412 6653 2413 6653 2414 6653 2412 6654 2415 6654 2414 6654 2412 6655 2414 6655 2415 6655 2416 6656 2418 6656 2417 6656 2416 6657 2417 6657 2418 6657 2416 6658 2419 6658 2418 6658 2416 6659 2418 6659 2419 6659 2420 6660 2422 6660 2421 6660 2420 6661 2421 6661 2422 6661 2420 6662 2423 6662 2422 6662 2420 6663 2422 6663 2423 6663 2424 6664 2426 6664 2425 6664 2424 6665 2425 6665 2426 6665 2424 6666 2427 6666 2426 6666 2424 6667 2426 6667 2427 6667 2428 6668 2430 6668 2429 6668 2428 6669 2429 6669 2430 6669 2428 6670 2431 6670 2430 6670 2428 6671 2430 6671 2431 6671 2432 6672 2434 6672 2433 6672 2432 6673 2433 6673 2434 6673 2432 6674 2435 6674 2434 6674 2432 6675 2434 6675 2435 6675 2436 6676 2438 6676 2437 6676 2436 6677 2437 6677 2438 6677 2436 6678 2439 6678 2438 6678 2436 6679 2438 6679 2439 6679 2440 6680 2442 6680 2441 6680 2440 6681 2441 6681 2442 6681 2440 6682 2443 6682 2442 6682 2440 6683 2442 6683 2443 6683 2444 6684 2446 6684 2445 6684 2444 6685 2445 6685 2446 6685 2444 6686 2447 6686 2446 6686 2444 6687 2446 6687 2447 6687 2448 6688 2450 6688 2449 6688 2448 6689 2449 6689 2450 6689 2448 6690 2451 6690 2450 6690 2448 6691 2450 6691 2451 6691 2452 6692 2454 6692 2453 6692 2452 6693 2453 6693 2454 6693 2452 6694 2455 6694 2454 6694 2452 6695 2454 6695 2455 6695 2456 6696 2458 6696 2457 6696 2456 6697 2457 6697 2458 6697 2456 6698 2459 6698 2458 6698 2456 6699 2458 6699 2459 6699 2460 6700 2462 6700 2461 6700 2460 6701 2461 6701 2462 6701 2460 6702 2463 6702 2462 6702 2460 6703 2462 6703 2463 6703 2464 6704 2466 6704 2465 6704 2464 6705 2465 6705 2466 6705 2464 6706 2467 6706 2466 6706 2464 6707 2466 6707 2467 6707 2468 6708 2470 6708 2469 6708 2468 6709 2469 6709 2470 6709 2468 6710 2471 6710 2470 6710 2468 6711 2470 6711 2471 6711 2472 6712 2474 6712 2473 6712 2472 6713 2473 6713 2474 6713 2472 6714 2475 6714 2474 6714 2472 6715 2474 6715 2475 6715 2476 6716 2478 6716 2477 6716 2476 6717 2477 6717 2478 6717 2476 6718 2479 6718 2478 6718 2476 6719 2478 6719 2479 6719 2480 6720 2482 6720 2481 6720 2480 6721 2481 6721 2482 6721 2480 6722 2483 6722 2482 6722 2480 6723 2482 6723 2483 6723 2484 6724 2486 6724 2485 6724 2484 6725 2485 6725 2486 6725 2484 6726 2487 6726 2486 6726 2484 6727 2486 6727 2487 6727 2488 6728 2490 6728 2489 6728 2488 6729 2489 6729 2490 6729 2488 6730 2491 6730 2490 6730 2488 6731 2490 6731 2491 6731 2492 6732 2494 6732 2493 6732 2492 6733 2493 6733 2494 6733 2492 6734 2495 6734 2494 6734 2492 6735 2494 6735 2495 6735 2496 6736 2498 6736 2497 6736 2496 6737 2497 6737 2498 6737 2496 6738 2499 6738 2498 6738 2496 6739 2498 6739 2499 6739 2500 6740 2502 6740 2501 6740 2500 6741 2501 6741 2502 6741 2500 6742 2503 6742 2502 6742 2500 6743 2502 6743 2503 6743 2504 6744 2506 6744 2505 6744 2504 6745 2505 6745 2506 6745 2504 6746 2507 6746 2506 6746 2504 6747 2506 6747 2507 6747 2508 6748 2510 6748 2509 6748 2508 6749 2509 6749 2510 6749 2508 6750 2511 6750 2510 6750 2508 6751 2510 6751 2511 6751 2512 6752 2514 6752 2513 6752 2512 6753 2513 6753 2514 6753 2512 6754 2515 6754 2514 6754 2512 6755 2514 6755 2515 6755 2516 6756 2518 6756 2517 6756 2516 6757 2517 6757 2518 6757 2516 6758 2519 6758 2518 6758 2516 6759 2518 6759 2519 6759 2520 6760 2522 6760 2521 6760 2520 6761 2521 6761 2522 6761 2520 6762 2523 6762 2522 6762 2520 6763 2522 6763 2523 6763 2524 6764 2526 6764 2525 6764 2524 6765 2525 6765 2526 6765 2524 6766 2527 6766 2526 6766 2524 6767 2526 6767 2527 6767 2528 6768 2530 6768 2529 6768 2528 6769 2529 6769 2530 6769 2528 6770 2531 6770 2530 6770 2528 6771 2530 6771 2531 6771 2532 6772 2534 6772 2533 6772 2532 6773 2533 6773 2534 6773 2532 6774 2535 6774 2534 6774 2532 6775 2534 6775 2535 6775 2536 6776 2538 6776 2537 6776 2536 6777 2537 6777 2538 6777 2536 6778 2539 6778 2538 6778 2536 6779 2538 6779 2539 6779 2540 6780 2542 6780 2541 6780 2540 6781 2541 6781 2542 6781 2540 6782 2543 6782 2542 6782 2540 6783 2542 6783 2543 6783 2544 6784 2546 6784 2545 6784 2544 6785 2545 6785 2546 6785 2544 6786 2547 6786 2546 6786 2544 6787 2546 6787 2547 6787 2548 6788 2550 6788 2549 6788 2548 6789 2549 6789 2550 6789 2548 6790 2551 6790 2550 6790 2548 6791 2550 6791 2551 6791 2552 6792 2554 6792 2553 6792 2552 6793 2553 6793 2554 6793 2552 6794 2555 6794 2554 6794 2552 6795 2554 6795 2555 6795 2556 6796 2558 6796 2557 6796 2556 6797 2557 6797 2558 6797 2556 6798 2559 6798 2558 6798 2556 6799 2558 6799 2559 6799 2560 6800 2562 6800 2561 6800 2560 6801 2561 6801 2562 6801 2560 6802 2563 6802 2562 6802 2560 6803 2562 6803 2563 6803 2564 6804 2566 6804 2565 6804 2564 6805 2565 6805 2566 6805 2564 6806 2567 6806 2566 6806 2564 6807 2566 6807 2567 6807 2568 6808 2570 6808 2569 6808 2568 6809 2569 6809 2570 6809 2568 6810 2571 6810 2570 6810 2568 6811 2570 6811 2571 6811 2572 6812 2574 6812 2573 6812 2572 6813 2573 6813 2574 6813 2572 6814 2575 6814 2574 6814 2572 6815 2574 6815 2575 6815 2576 6816 2578 6816 2577 6816 2576 6817 2577 6817 2578 6817 2576 6818 2579 6818 2578 6818 2576 6819 2578 6819 2579 6819 2580 6820 2582 6820 2581 6820 2580 6821 2581 6821 2582 6821 2580 6822 2583 6822 2582 6822 2580 6823 2582 6823 2583 6823 2584 6824 2586 6824 2585 6824 2584 6825 2585 6825 2586 6825 2584 6826 2587 6826 2586 6826 2584 6827 2586 6827 2587 6827 2588 6828 2590 6828 2589 6828 2588 6829 2589 6829 2590 6829 2588 6830 2591 6830 2590 6830 2588 6831 2590 6831 2591 6831 2592 6832 2594 6832 2593 6832 2592 6833 2593 6833 2594 6833 2592 6834 2595 6834 2594 6834 2592 6835 2594 6835 2595 6835 2596 6836 2598 6836 2597 6836 2596 6837 2597 6837 2598 6837 2596 6838 2599 6838 2598 6838 2596 6839 2598 6839 2599 6839 2600 6840 2602 6840 2601 6840 2600 6841 2601 6841 2602 6841 2600 6842 2603 6842 2602 6842 2600 6843 2602 6843 2603 6843 2604 6844 2606 6844 2605 6844 2604 6845 2605 6845 2606 6845 2604 6846 2607 6846 2606 6846 2604 6847 2606 6847 2607 6847 2608 6848 2610 6848 2609 6848 2608 6849 2609 6849 2610 6849 2608 6850 2611 6850 2610 6850 2608 6851 2610 6851 2611 6851 2612 6852 2614 6852 2613 6852 2612 6853 2613 6853 2614 6853 2612 6854 2615 6854 2614 6854 2612 6855 2614 6855 2615 6855 2616 6856 2618 6856 2617 6856 2616 6857 2617 6857 2618 6857 2616 6858 2619 6858 2618 6858 2616 6859 2618 6859 2619 6859 2620 6860 2622 6860 2621 6860 2620 6861 2621 6861 2622 6861 2620 6862 2623 6862 2622 6862 2620 6863 2622 6863 2623 6863 2624 6864 2626 6864 2625 6864 2624 6865 2625 6865 2626 6865 2624 6866 2627 6866 2626 6866 2624 6867 2626 6867 2627 6867 2628 6868 2630 6868 2629 6868 2628 6869 2629 6869 2630 6869 2628 6870 2631 6870 2630 6870 2628 6871 2630 6871 2631 6871 2632 6872 2634 6872 2633 6872 2632 6873 2633 6873 2634 6873 2632 6874 2635 6874 2634 6874 2632 6875 2634 6875 2635 6875 2636 6876 2638 6876 2637 6876 2636 6877 2637 6877 2638 6877 2636 6878 2639 6878 2638 6878 2636 6879 2638 6879 2639 6879 2640 6880 2642 6880 2641 6880 2640 6881 2641 6881 2642 6881 2640 6882 2643 6882 2642 6882 2640 6883 2642 6883 2643 6883 2644 6884 2646 6884 2645 6884 2644 6885 2645 6885 2646 6885 2644 6886 2647 6886 2646 6886 2644 6887 2646 6887 2647 6887 2648 6888 2650 6888 2649 6888 2648 6889 2649 6889 2650 6889 2648 6890 2651 6890 2650 6890 2648 6891 2650 6891 2651 6891 2652 6892 2654 6892 2653 6892 2652 6893 2653 6893 2654 6893 2652 6894 2655 6894 2654 6894 2652 6895 2654 6895 2655 6895 2656 6896 2658 6896 2657 6896 2656 6897 2657 6897 2658 6897 2656 6898 2659 6898 2658 6898 2656 6899 2658 6899 2659 6899 2660 6900 2662 6900 2661 6900 2660 6901 2661 6901 2662 6901 2660 6902 2663 6902 2662 6902 2660 6903 2662 6903 2663 6903 2664 6904 2666 6904 2665 6904 2664 6905 2665 6905 2666 6905 2664 6906 2667 6906 2666 6906 2664 6907 2666 6907 2667 6907 2668 6908 2670 6908 2669 6908 2668 6909 2669 6909 2670 6909 2668 6910 2671 6910 2670 6910 2668 6911 2670 6911 2671 6911 2672 6912 2674 6912 2673 6912 2672 6913 2673 6913 2674 6913 2672 6914 2675 6914 2674 6914 2672 6915 2674 6915 2675 6915 2676 6916 2678 6916 2677 6916 2676 6917 2677 6917 2678 6917 2676 6918 2679 6918 2678 6918 2676 6919 2678 6919 2679 6919 2680 6920 2682 6920 2681 6920 2680 6921 2681 6921 2682 6921 2680 6922 2683 6922 2682 6922 2680 6923 2682 6923 2683 6923 2684 6924 2686 6924 2685 6924 2684 6925 2685 6925 2686 6925 2684 6926 2687 6926 2686 6926 2684 6927 2686 6927 2687 6927 2688 6928 2690 6928 2689 6928 2688 6929 2689 6929 2690 6929 2688 6930 2691 6930 2690 6930 2688 6931 2690 6931 2691 6931 2692 6932 2694 6932 2693 6932 2692 6933 2693 6933 2694 6933 2692 6934 2695 6934 2694 6934 2692 6935 2694 6935 2695 6935 2696 6936 2698 6936 2697 6936 2696 6937 2697 6937 2698 6937 2696 6938 2699 6938 2698 6938 2696 6939 2698 6939 2699 6939 2700 6940 2702 6940 2701 6940 2700 6941 2701 6941 2702 6941 2700 6942 2703 6942 2702 6942 2700 6943 2702 6943 2703 6943 2704 6944 2706 6944 2705 6944 2704 6945 2705 6945 2706 6945 2704 6946 2707 6946 2706 6946 2704 6947 2706 6947 2707 6947 2708 6948 2710 6948 2709 6948 2708 6949 2709 6949 2710 6949 2708 6950 2711 6950 2710 6950 2708 6951 2710 6951 2711 6951 2712 6952 2714 6952 2713 6952 2712 6953 2713 6953 2714 6953 2712 6954 2715 6954 2714 6954 2712 6955 2714 6955 2715 6955 2716 6956 2718 6956 2717 6956 2716 6957 2717 6957 2718 6957 2716 6958 2719 6958 2718 6958 2716 6959 2718 6959 2719 6959 2720 6960 2722 6960 2721 6960 2720 6961 2721 6961 2722 6961 2720 6962 2723 6962 2722 6962 2720 6963 2722 6963 2723 6963 2724 6964 2726 6964 2725 6964 2724 6965 2725 6965 2726 6965 2724 6966 2727 6966 2726 6966 2724 6967 2726 6967 2727 6967 2728 6968 2730 6968 2729 6968 2728 6969 2729 6969 2730 6969 2728 6970 2731 6970 2730 6970 2728 6971 2730 6971 2731 6971 2732 6972 2734 6972 2733 6972 2732 6973 2733 6973 2734 6973 2732 6974 2735 6974 2734 6974 2732 6975 2734 6975 2735 6975 2736 6976 2738 6976 2737 6976 2736 6977 2737 6977 2738 6977 2736 6978 2739 6978 2738 6978 2736 6979 2738 6979 2739 6979 2740 6980 2742 6980 2741 6980 2740 6981 2741 6981 2742 6981 2740 6982 2743 6982 2742 6982 2740 6983 2742 6983 2743 6983 2744 6984 2746 6984 2745 6984 2744 6985 2745 6985 2746 6985 2744 6986 2747 6986 2746 6986 2744 6987 2746 6987 2747 6987 2748 6988 2750 6988 2749 6988 2748 6989 2749 6989 2750 6989 2748 6990 2751 6990 2750 6990 2748 6991 2750 6991 2751 6991 2752 6992 2754 6992 2753 6992 2752 6993 2753 6993 2754 6993 2752 6994 2755 6994 2754 6994 2752 6995 2754 6995 2755 6995 2756 6996 2758 6996 2757 6996 2756 6997 2757 6997 2758 6997 2756 6998 2759 6998 2758 6998 2756 6999 2758 6999 2759 6999 2760 7000 2762 7000 2761 7000 2760 7001 2761 7001 2762 7001 2760 7002 2763 7002 2762 7002 2760 7003 2762 7003 2763 7003 2764 7004 2766 7004 2765 7004 2764 7005 2765 7005 2766 7005 2764 7006 2767 7006 2766 7006 2764 7007 2766 7007 2767 7007 2768 7008 2770 7008 2769 7008 2768 7009 2769 7009 2770 7009 2768 7010 2771 7010 2770 7010 2768 7011 2770 7011 2771 7011 2772 7012 2774 7012 2773 7012 2772 7013 2773 7013 2774 7013 2772 7014 2775 7014 2774 7014 2772 7015 2774 7015 2775 7015 2776 7016 2778 7016 2777 7016 2776 7017 2777 7017 2778 7017 2776 7018 2779 7018 2778 7018 2776 7019 2778 7019 2779 7019 2780 7020 2782 7020 2781 7020 2780 7021 2781 7021 2782 7021 2780 7022 2783 7022 2782 7022 2780 7023 2782 7023 2783 7023 2784 7024 2786 7024 2785 7024 2784 7025 2785 7025 2786 7025 2784 7026 2787 7026 2786 7026 2784 7027 2786 7027 2787 7027 2788 7028 2790 7028 2789 7028 2788 7029 2789 7029 2790 7029 2788 7030 2791 7030 2790 7030 2788 7031 2790 7031 2791 7031 2792 7032 2794 7032 2793 7032 2792 7033 2793 7033 2794 7033 2792 7034 2795 7034 2794 7034 2792 7035 2794 7035 2795 7035 2796 7036 2798 7036 2797 7036 2796 7037 2797 7037 2798 7037 2796 7038 2799 7038 2798 7038 2796 7039 2798 7039 2799 7039 2800 7040 2802 7040 2801 7040 2800 7041 2801 7041 2802 7041 2800 7042 2803 7042 2802 7042 2800 7043 2802 7043 2803 7043 2804 7044 2806 7044 2805 7044 2804 7045 2805 7045 2806 7045 2804 7046 2807 7046 2806 7046 2804 7047 2806 7047 2807 7047 2808 7048 2810 7048 2809 7048 2808 7049 2809 7049 2810 7049 2808 7050 2811 7050 2810 7050 2808 7051 2810 7051 2811 7051 2812 7052 2814 7052 2813 7052 2812 7053 2813 7053 2814 7053 2812 7054 2815 7054 2814 7054 2812 7055 2814 7055 2815 7055 2816 7056 2818 7056 2817 7056 2816 7057 2817 7057 2818 7057 2816 7058 2819 7058 2818 7058 2816 7059 2818 7059 2819 7059 2820 7060 2822 7060 2821 7060 2820 7061 2821 7061 2822 7061 2820 7062 2823 7062 2822 7062 2820 7063 2822 7063 2823 7063 2824 7064 2826 7064 2825 7064 2824 7065 2825 7065 2826 7065 2824 7066 2827 7066 2826 7066 2824 7067 2826 7067 2827 7067 2828 7068 2830 7068 2829 7068 2828 7069 2829 7069 2830 7069 2828 7070 2831 7070 2830 7070 2828 7071 2830 7071 2831 7071 2832 7072 2834 7072 2833 7072 2832 7073 2833 7073 2834 7073 2832 7074 2835 7074 2834 7074 2832 7075 2834 7075 2835 7075 2836 7076 2838 7076 2837 7076 2836 7077 2837 7077 2838 7077 2836 7078 2839 7078 2838 7078 2836 7079 2838 7079 2839 7079 2840 7080 2842 7080 2841 7080 2840 7081 2841 7081 2842 7081 2840 7082 2843 7082 2842 7082 2840 7083 2842 7083 2843 7083 2844 7084 2846 7084 2845 7084 2844 7085 2845 7085 2846 7085 2844 7086 2847 7086 2846 7086 2844 7087 2846 7087 2847 7087 2848 7088 2850 7088 2849 7088 2848 7089 2849 7089 2850 7089 2848 7090 2851 7090 2850 7090 2848 7091 2850 7091 2851 7091 2852 7092 2854 7092 2853 7092 2852 7093 2853 7093 2854 7093 2852 7094 2855 7094 2854 7094 2852 7095 2854 7095 2855 7095 2856 7096 2858 7096 2857 7096 2856 7097 2857 7097 2858 7097 2856 7098 2859 7098 2858 7098 2856 7099 2858 7099 2859 7099 2860 7100 2862 7100 2861 7100 2860 7101 2861 7101 2862 7101 2860 7102 2863 7102 2862 7102 2860 7103 2862 7103 2863 7103 2864 7104 2866 7104 2865 7104 2864 7105 2865 7105 2866 7105 2864 7106 2867 7106 2866 7106 2864 7107 2866 7107 2867 7107 2868 7108 2870 7108 2869 7108 2868 7109 2869 7109 2870 7109 2868 7110 2871 7110 2870 7110 2868 7111 2870 7111 2871 7111 2872 7112 2874 7112 2873 7112 2872 7113 2873 7113 2874 7113 2872 7114 2875 7114 2874 7114 2872 7115 2874 7115 2875 7115 2876 7116 2878 7116 2877 7116 2876 7117 2877 7117 2878 7117 2876 7118 2879 7118 2878 7118 2876 7119 2878 7119 2879 7119 2880 7120 2882 7120 2881 7120 2880 7121 2881 7121 2882 7121 2880 7122 2883 7122 2882 7122 2880 7123 2882 7123 2883 7123 2884 7124 2886 7124 2885 7124 2884 7125 2885 7125 2886 7125 2884 7126 2887 7126 2886 7126 2884 7127 2886 7127 2887 7127 2888 7128 2890 7128 2889 7128 2888 7129 2889 7129 2890 7129 2888 7130 2891 7130 2890 7130 2888 7131 2890 7131 2891 7131 2892 7132 2894 7132 2893 7132 2892 7133 2893 7133 2894 7133 2892 7134 2895 7134 2894 7134 2892 7135 2894 7135 2895 7135 2896 7136 2898 7136 2897 7136 2896 7137 2897 7137 2898 7137 2896 7138 2899 7138 2898 7138 2896 7139 2898 7139 2899 7139 2900 7140 2902 7140 2901 7140 2900 7141 2901 7141 2902 7141 2900 7142 2903 7142 2902 7142 2900 7143 2902 7143 2903 7143 2904 7144 2906 7144 2905 7144 2904 7145 2905 7145 2906 7145 2904 7146 2907 7146 2906 7146 2904 7147 2906 7147 2907 7147 2908 7148 2910 7148 2909 7148 2908 7149 2909 7149 2910 7149 2908 7150 2911 7150 2910 7150 2908 7151 2910 7151 2911 7151 2912 7152 2914 7152 2913 7152 2912 7153 2913 7153 2914 7153 2912 7154 2915 7154 2914 7154 2912 7155 2914 7155 2915 7155 2916 7156 2918 7156 2917 7156 2916 7157 2917 7157 2918 7157 2916 7158 2919 7158 2918 7158 2916 7159 2918 7159 2919 7159 2920 7160 2922 7160 2921 7160 2920 7161 2921 7161 2922 7161 2920 7162 2923 7162 2922 7162 2920 7163 2922 7163 2923 7163 2924 7164 2926 7164 2925 7164 2924 7165 2925 7165 2926 7165 2924 7166 2927 7166 2926 7166 2924 7167 2926 7167 2927 7167 2928 7168 2930 7168 2929 7168 2928 7169 2929 7169 2930 7169 2928 7170 2931 7170 2930 7170 2928 7171 2930 7171 2931 7171 2932 7172 2934 7172 2933 7172 2932 7173 2933 7173 2934 7173 2932 7174 2935 7174 2934 7174 2932 7175 2934 7175 2935 7175 2936 7176 2938 7176 2937 7176 2936 7177 2937 7177 2938 7177 2936 7178 2939 7178 2938 7178 2936 7179 2938 7179 2939 7179 2940 7180 2942 7180 2941 7180 2940 7181 2941 7181 2942 7181 2940 7182 2943 7182 2942 7182 2940 7183 2942 7183 2943 7183 2944 7184 2946 7184 2945 7184 2944 7185 2945 7185 2946 7185 2944 7186 2947 7186 2946 7186 2944 7187 2946 7187 2947 7187 2948 7188 2950 7188 2949 7188 2948 7189 2949 7189 2950 7189 2948 7190 2951 7190 2950 7190 2948 7191 2950 7191 2951 7191 2952 7192 2954 7192 2953 7192 2952 7193 2953 7193 2954 7193 2952 7194 2955 7194 2954 7194 2952 7195 2954 7195 2955 7195 2956 7196 2958 7196 2957 7196 2956 7197 2957 7197 2958 7197 2956 7198 2959 7198 2958 7198 2956 7199 2958 7199 2959 7199 2960 7200 2962 7200 2961 7200 2960 7201 2961 7201 2962 7201 2960 7202 2963 7202 2962 7202 2960 7203 2962 7203 2963 7203 2964 7204 2966 7204 2965 7204 2964 7205 2965 7205 2966 7205 2964 7206 2967 7206 2966 7206 2964 7207 2966 7207 2967 7207 2968 7208 2970 7208 2969 7208 2968 7209 2969 7209 2970 7209 2968 7210 2971 7210 2970 7210 2968 7211 2970 7211 2971 7211 2972 7212 2974 7212 2973 7212 2972 7213 2973 7213 2974 7213 2972 7214 2975 7214 2974 7214 2972 7215 2974 7215 2975 7215 2976 7216 2978 7216 2977 7216 2976 7217 2977 7217 2978 7217 2976 7218 2979 7218 2978 7218 2976 7219 2978 7219 2979 7219 2980 7220 2982 7220 2981 7220 2980 7221 2981 7221 2982 7221 2980 7222 2983 7222 2982 7222 2980 7223 2982 7223 2983 7223 2984 7224 2986 7224 2985 7224 2984 7225 2985 7225 2986 7225 2984 7226 2987 7226 2986 7226 2984 7227 2986 7227 2987 7227 2988 7228 2990 7228 2989 7228 2988 7229 2989 7229 2990 7229 2988 7230 2991 7230 2990 7230 2988 7231 2990 7231 2991 7231 2992 7232 2994 7232 2993 7232 2992 7233 2993 7233 2994 7233 2992 7234 2995 7234 2994 7234 2992 7235 2994 7235 2995 7235 2996 7236 2998 7236 2997 7236 2996 7237 2997 7237 2998 7237 2996 7238 2999 7238 2998 7238 2996 7239 2998 7239 2999 7239 3000 7240 3002 7240 3001 7240 3000 7241 3001 7241 3002 7241 3000 7242 3003 7242 3002 7242 3000 7243 3002 7243 3003 7243 3004 7244 3006 7244 3005 7244 3004 7245 3005 7245 3006 7245 3004 7246 3007 7246 3006 7246 3004 7247 3006 7247 3007 7247 3008 7248 3010 7248 3009 7248 3008 7249 3009 7249 3010 7249 3008 7250 3011 7250 3010 7250 3008 7251 3010 7251 3011 7251 3012 7252 3014 7252 3013 7252 3012 7253 3013 7253 3014 7253 3012 7254 3015 7254 3014 7254 3012 7255 3014 7255 3015 7255 3016 7256 3018 7256 3017 7256 3016 7257 3017 7257 3018 7257 3016 7258 3019 7258 3018 7258 3016 7259 3018 7259 3019 7259 3020 7260 3022 7260 3021 7260 3020 7261 3021 7261 3022 7261 3020 7262 3023 7262 3022 7262 3020 7263 3022 7263 3023 7263 3024 7264 3026 7264 3025 7264 3024 7265 3025 7265 3026 7265 3024 7266 3027 7266 3026 7266 3024 7267 3026 7267 3027 7267 3028 7268 3030 7268 3029 7268 3028 7269 3029 7269 3030 7269 3028 7270 3031 7270 3030 7270 3028 7271 3030 7271 3031 7271 3032 7272 3034 7272 3033 7272 3032 7273 3033 7273 3034 7273 3032 7274 3035 7274 3034 7274 3032 7275 3034 7275 3035 7275 3036 7276 3038 7276 3037 7276 3036 7277 3037 7277 3038 7277 3036 7278 3039 7278 3038 7278 3036 7279 3038 7279 3039 7279 3040 7280 3042 7280 3041 7280 3040 7281 3041 7281 3042 7281 3040 7282 3043 7282 3042 7282 3040 7283 3042 7283 3043 7283 3044 7284 3046 7284 3045 7284 3044 7285 3045 7285 3046 7285 3044 7286 3047 7286 3046 7286 3044 7287 3046 7287 3047 7287 3048 7288 3050 7288 3049 7288 3048 7289 3049 7289 3050 7289 3048 7290 3051 7290 3050 7290 3048 7291 3050 7291 3051 7291 3052 7292 3054 7292 3053 7292 3052 7293 3053 7293 3054 7293 3052 7294 3055 7294 3054 7294 3052 7295 3054 7295 3055 7295 3056 7296 3058 7296 3057 7296 3056 7297 3057 7297 3058 7297 3056 7298 3059 7298 3058 7298 3056 7299 3058 7299 3059 7299 3060 7300 3062 7300 3061 7300 3060 7301 3061 7301 3062 7301 3060 7302 3063 7302 3062 7302 3060 7303 3062 7303 3063 7303 3064 7304 3066 7304 3065 7304 3064 7305 3065 7305 3066 7305 3064 7306 3067 7306 3066 7306 3064 7307 3066 7307 3067 7307 3068 7308 3070 7308 3069 7308 3068 7309 3069 7309 3070 7309 3068 7310 3071 7310 3070 7310 3068 7311 3070 7311 3071 7311 3072 7312 3074 7312 3073 7312 3072 7313 3073 7313 3074 7313 3072 7314 3075 7314 3074 7314 3072 7315 3074 7315 3075 7315 3076 7316 3078 7316 3077 7316 3076 7317 3077 7317 3078 7317 3076 7318 3079 7318 3078 7318 3076 7319 3078 7319 3079 7319 3080 7320 3082 7320 3081 7320 3080 7321 3081 7321 3082 7321 3080 7322 3083 7322 3082 7322 3080 7323 3082 7323 3083 7323 3084 7324 3086 7324 3085 7324 3084 7325 3085 7325 3086 7325 3084 7326 3087 7326 3086 7326 3084 7327 3086 7327 3087 7327 3088 7328 3090 7328 3089 7328 3088 7329 3089 7329 3090 7329 3088 7330 3091 7330 3090 7330 3088 7331 3090 7331 3091 7331 3092 7332 3094 7332 3093 7332 3092 7333 3093 7333 3094 7333 3092 7334 3095 7334 3094 7334 3092 7335 3094 7335 3095 7335 3096 7336 3098 7336 3097 7336 3096 7337 3097 7337 3098 7337 3096 7338 3099 7338 3098 7338 3096 7339 3098 7339 3099 7339 3100 7340 3102 7340 3101 7340 3100 7341 3101 7341 3102 7341 3100 7342 3103 7342 3102 7342 3100 7343 3102 7343 3103 7343 3104 7344 3106 7344 3105 7344 3104 7345 3105 7345 3106 7345 3104 7346 3107 7346 3106 7346 3104 7347 3106 7347 3107 7347 3108 7348 3110 7348 3109 7348 3108 7349 3109 7349 3110 7349 3108 7350 3111 7350 3110 7350 3108 7351 3110 7351 3111 7351 3112 7352 3114 7352 3113 7352 3112 7353 3113 7353 3114 7353 3112 7354 3115 7354 3114 7354 3112 7355 3114 7355 3115 7355 3116 7356 3118 7356 3117 7356 3116 7357 3117 7357 3118 7357 3116 7358 3119 7358 3118 7358 3116 7359 3118 7359 3119 7359 3120 7360 3122 7360 3121 7360 3120 7361 3121 7361 3122 7361 3120 7362 3123 7362 3122 7362 3120 7363 3122 7363 3123 7363 3124 7364 3126 7364 3125 7364 3124 7365 3125 7365 3126 7365 3124 7366 3127 7366 3126 7366 3124 7367 3126 7367 3127 7367 3128 7368 3130 7368 3129 7368 3128 7369 3129 7369 3130 7369 3128 7370 3131 7370 3130 7370 3128 7371 3130 7371 3131 7371 3132 7372 3134 7372 3133 7372 3132 7373 3133 7373 3134 7373 3132 7374 3135 7374 3134 7374 3132 7375 3134 7375 3135 7375 3136 7376 3138 7376 3137 7376 3136 7377 3137 7377 3138 7377 3136 7378 3139 7378 3138 7378 3136 7379 3138 7379 3139 7379 3140 7380 3142 7380 3141 7380 3140 7381 3141 7381 3142 7381 3140 7382 3143 7382 3142 7382 3140 7383 3142 7383 3143 7383 3144 7384 3146 7384 3145 7384 3144 7385 3145 7385 3146 7385 3144 7386 3147 7386 3146 7386 3144 7387 3146 7387 3147 7387 3148 7388 3150 7388 3149 7388 3148 7389 3149 7389 3150 7389 3148 7390 3151 7390 3150 7390 3148 7391 3150 7391 3151 7391 3152 7392 3154 7392 3153 7392 3152 7393 3153 7393 3154 7393 3152 7394 3155 7394 3154 7394 3152 7395 3154 7395 3155 7395 3156 7396 3158 7396 3157 7396 3156 7397 3157 7397 3158 7397 3156 7398 3159 7398 3158 7398 3156 7399 3158 7399 3159 7399 3160 7400 3162 7400 3161 7400 3160 7401 3161 7401 3162 7401 3160 7402 3163 7402 3162 7402 3160 7403 3162 7403 3163 7403 3164 7404 3166 7404 3165 7404 3164 7405 3165 7405 3166 7405 3164 7406 3167 7406 3166 7406 3164 7407 3166 7407 3167 7407 3168 7408 3170 7408 3169 7408 3168 7409 3169 7409 3170 7409 3168 7410 3171 7410 3170 7410 3168 7411 3170 7411 3171 7411 3172 7412 3174 7412 3173 7412 3172 7413 3173 7413 3174 7413 3172 7414 3175 7414 3174 7414 3172 7415 3174 7415 3175 7415 3176 7416 3178 7416 3177 7416 3176 7417 3177 7417 3178 7417 3176 7418 3179 7418 3178 7418 3176 7419 3178 7419 3179 7419 3180 7420 3182 7420 3181 7420 3180 7421 3181 7421 3182 7421 3180 7422 3183 7422 3182 7422 3180 7423 3182 7423 3183 7423 3184 7424 3186 7424 3185 7424 3184 7425 3185 7425 3186 7425 3184 7426 3187 7426 3186 7426 3184 7427 3186 7427 3187 7427 3188 7428 3190 7428 3189 7428 3188 7429 3189 7429 3190 7429 3188 7430 3191 7430 3190 7430 3188 7431 3190 7431 3191 7431 3192 7432 3194 7432 3193 7432 3192 7433 3193 7433 3194 7433 3192 7434 3195 7434 3194 7434 3192 7435 3194 7435 3195 7435 3196 7436 3198 7436 3197 7436 3196 7437 3197 7437 3198 7437 3196 7438 3199 7438 3198 7438 3196 7439 3198 7439 3199 7439 3200 7440 3202 7440 3201 7440 3200 7441 3201 7441 3202 7441 3200 7442 3203 7442 3202 7442 3200 7443 3202 7443 3203 7443 3204 7444 3206 7444 3205 7444 3204 7445 3205 7445 3206 7445 3204 7446 3207 7446 3206 7446 3204 7447 3206 7447 3207 7447 3208 7448 3210 7448 3209 7448 3208 7449 3209 7449 3210 7449 3208 7450 3211 7450 3210 7450 3208 7451 3210 7451 3211 7451 3212 7452 3214 7452 3213 7452 3212 7453 3213 7453 3214 7453 3212 7454 3215 7454 3214 7454 3212 7455 3214 7455 3215 7455 3216 7456 3218 7456 3217 7456 3216 7457 3217 7457 3218 7457 3216 7458 3219 7458 3218 7458 3216 7459 3218 7459 3219 7459 3220 7460 3222 7460 3221 7460 3220 7461 3221 7461 3222 7461 3220 7462 3223 7462 3222 7462 3220 7463 3222 7463 3223 7463 3224 7464 3226 7464 3225 7464 3224 7465 3225 7465 3226 7465 3224 7466 3227 7466 3226 7466 3224 7467 3226 7467 3227 7467 3228 7468 3230 7468 3229 7468 3228 7469 3229 7469 3230 7469 3228 7470 3231 7470 3230 7470 3228 7471 3230 7471 3231 7471 3232 7472 3234 7472 3233 7472 3232 7473 3233 7473 3234 7473 3232 7474 3235 7474 3234 7474 3232 7475 3234 7475 3235 7475 3236 7476 3238 7476 3237 7476 3236 7477 3237 7477 3238 7477 3236 7478 3239 7478 3238 7478 3236 7479 3238 7479 3239 7479 3240 7480 3242 7480 3241 7480 3240 7481 3241 7481 3242 7481 3240 7482 3243 7482 3242 7482 3240 7483 3242 7483 3243 7483 3244 7484 3246 7484 3245 7484 3244 7485 3245 7485 3246 7485 3244 7486 3247 7486 3246 7486 3244 7487 3246 7487 3247 7487 3248 7488 3250 7488 3249 7488 3248 7489 3249 7489 3250 7489 3248 7490 3251 7490 3250 7490 3248 7491 3250 7491 3251 7491 3252 7492 3254 7492 3253 7492 3252 7493 3253 7493 3254 7493 3252 7494 3255 7494 3254 7494 3252 7495 3254 7495 3255 7495 3256 7496 3258 7496 3257 7496 3256 7497 3257 7497 3258 7497 3256 7498 3259 7498 3258 7498 3256 7499 3258 7499 3259 7499 3260 7500 3262 7500 3261 7500 3260 7501 3261 7501 3262 7501 3260 7502 3263 7502 3262 7502 3260 7503 3262 7503 3263 7503 3264 7504 3266 7504 3265 7504 3264 7505 3265 7505 3266 7505 3264 7506 3267 7506 3266 7506 3264 7507 3266 7507 3267 7507 3268 7508 3270 7508 3269 7508 3268 7509 3269 7509 3270 7509 3268 7510 3271 7510 3270 7510 3268 7511 3270 7511 3271 7511 3272 7512 3274 7512 3273 7512 3272 7513 3273 7513 3274 7513 3272 7514 3275 7514 3274 7514 3272 7515 3274 7515 3275 7515 3276 7516 3278 7516 3277 7516 3276 7517 3277 7517 3278 7517 3276 7518 3279 7518 3278 7518 3276 7519 3278 7519 3279 7519 3280 7520 3282 7520 3281 7520 3280 7521 3281 7521 3282 7521 3280 7522 3283 7522 3282 7522 3280 7523 3282 7523 3283 7523 3284 7524 3286 7524 3285 7524 3284 7525 3285 7525 3286 7525 3284 7526 3287 7526 3286 7526 3284 7527 3286 7527 3287 7527 3288 7528 3290 7528 3289 7528 3288 7529 3289 7529 3290 7529 3288 7530 3291 7530 3290 7530 3288 7531 3290 7531 3291 7531 3292 7532 3294 7532 3293 7532 3292 7533 3293 7533 3294 7533 3292 7534 3295 7534 3294 7534 3292 7535 3294 7535 3295 7535 3296 7536 3298 7536 3297 7536 3296 7537 3297 7537 3298 7537 3296 7538 3299 7538 3298 7538 3296 7539 3298 7539 3299 7539 3300 7540 3302 7540 3301 7540 3300 7541 3301 7541 3302 7541 3300 7542 3303 7542 3302 7542 3300 7543 3302 7543 3303 7543 3304 7544 3306 7544 3305 7544 3304 7545 3305 7545 3306 7545 3304 7546 3307 7546 3306 7546 3304 7547 3306 7547 3307 7547 3308 7548 3310 7548 3309 7548 3308 7549 3309 7549 3310 7549 3308 7550 3311 7550 3310 7550 3308 7551 3310 7551 3311 7551 3312 7552 3314 7552 3313 7552 3312 7553 3313 7553 3314 7553 3312 7554 3315 7554 3314 7554 3312 7555 3314 7555 3315 7555 3316 7556 3318 7556 3317 7556 3316 7557 3317 7557 3318 7557 3316 7558 3319 7558 3318 7558 3316 7559 3318 7559 3319 7559 3320 7560 3322 7560 3321 7560 3320 7561 3321 7561 3322 7561 3320 7562 3323 7562 3322 7562 3320 7563 3322 7563 3323 7563 3324 7564 3326 7564 3325 7564 3324 7565 3325 7565 3326 7565 3324 7566 3327 7566 3326 7566 3324 7567 3326 7567 3327 7567 3328 7568 3330 7568 3329 7568 3328 7569 3329 7569 3330 7569 3328 7570 3331 7570 3330 7570 3328 7571 3330 7571 3331 7571 3332 7572 3334 7572 3333 7572 3332 7573 3333 7573 3334 7573 3332 7574 3335 7574 3334 7574 3332 7575 3334 7575 3335 7575 3336 7576 3338 7576 3337 7576 3336 7577 3337 7577 3338 7577 3336 7578 3339 7578 3338 7578 3336 7579 3338 7579 3339 7579 3340 7580 3342 7580 3341 7580 3340 7581 3341 7581 3342 7581 3340 7582 3343 7582 3342 7582 3340 7583 3342 7583 3343 7583 3344 7584 3346 7584 3345 7584 3344 7585 3345 7585 3346 7585 3344 7586 3347 7586 3346 7586 3344 7587 3346 7587 3347 7587 3348 7588 3350 7588 3349 7588 3348 7589 3349 7589 3350 7589 3348 7590 3351 7590 3350 7590 3348 7591 3350 7591 3351 7591 3352 7592 3354 7592 3353 7592 3352 7593 3353 7593 3354 7593 3352 7594 3355 7594 3354 7594 3352 7595 3354 7595 3355 7595 3356 7596 3358 7596 3357 7596 3356 7597 3357 7597 3358 7597 3356 7598 3359 7598 3358 7598 3356 7599 3358 7599 3359 7599 3360 7600 3362 7600 3361 7600 3360 7601 3361 7601 3362 7601 3360 7602 3363 7602 3362 7602 3360 7603 3362 7603 3363 7603 3364 7604 3366 7604 3365 7604 3364 7605 3365 7605 3366 7605 3364 7606 3367 7606 3366 7606 3364 7607 3366 7607 3367 7607 3368 7608 3370 7608 3369 7608 3368 7609 3369 7609 3370 7609 3368 7610 3371 7610 3370 7610 3368 7611 3370 7611 3371 7611 3372 7612 3374 7612 3373 7612 3372 7613 3373 7613 3374 7613 3372 7614 3375 7614 3374 7614 3372 7615 3374 7615 3375 7615 3376 7616 3378 7616 3377 7616 3376 7617 3377 7617 3378 7617 3376 7618 3379 7618 3378 7618 3376 7619 3378 7619 3379 7619 3380 7620 3382 7620 3381 7620 3380 7621 3381 7621 3382 7621 3380 7622 3383 7622 3382 7622 3380 7623 3382 7623 3383 7623 3384 7624 3386 7624 3385 7624 3384 7625 3385 7625 3386 7625 3384 7626 3387 7626 3386 7626 3384 7627 3386 7627 3387 7627 3388 7628 3390 7628 3389 7628 3388 7629 3389 7629 3390 7629 3388 7630 3391 7630 3390 7630 3388 7631 3390 7631 3391 7631 3392 7632 3394 7632 3393 7632 3392 7633 3393 7633 3394 7633 3392 7634 3395 7634 3394 7634 3392 7635 3394 7635 3395 7635 3396 7636 3398 7636 3397 7636 3396 7637 3397 7637 3398 7637 3396 7638 3399 7638 3398 7638 3396 7639 3398 7639 3399 7639 3400 7640 3402 7640 3401 7640 3400 7641 3401 7641 3402 7641 3400 7642 3403 7642 3402 7642 3400 7643 3402 7643 3403 7643 3404 7644 3406 7644 3405 7644 3404 7645 3405 7645 3406 7645 3404 7646 3407 7646 3406 7646 3404 7647 3406 7647 3407 7647 3408 7648 3410 7648 3409 7648 3408 7649 3409 7649 3410 7649 3408 7650 3411 7650 3410 7650 3408 7651 3410 7651 3411 7651 3412 7652 3414 7652 3413 7652 3412 7653 3413 7653 3414 7653 3412 7654 3415 7654 3414 7654 3412 7655 3414 7655 3415 7655 3416 7656 3418 7656 3417 7656 3416 7657 3417 7657 3418 7657 3416 7658 3419 7658 3418 7658 3416 7659 3418 7659 3419 7659 3420 7660 3422 7660 3421 7660 3420 7661 3421 7661 3422 7661 3420 7662 3423 7662 3422 7662 3420 7663 3422 7663 3423 7663 3424 7664 3426 7664 3425 7664 3424 7665 3425 7665 3426 7665 3424 7666 3427 7666 3426 7666 3424 7667 3426 7667 3427 7667 3428 7668 3430 7668 3429 7668 3428 7669 3429 7669 3430 7669 3428 7670 3431 7670 3430 7670 3428 7671 3430 7671 3431 7671 3432 7672 3434 7672 3433 7672 3432 7673 3433 7673 3434 7673 3432 7674 3435 7674 3434 7674 3432 7675 3434 7675 3435 7675 3436 7676 3438 7676 3437 7676 3436 7677 3437 7677 3438 7677 3436 7678 3439 7678 3438 7678 3436 7679 3438 7679 3439 7679 3440 7680 3442 7680 3441 7680 3440 7681 3441 7681 3442 7681 3440 7682 3443 7682 3442 7682 3440 7683 3442 7683 3443 7683 3444 7684 3446 7684 3445 7684 3444 7685 3445 7685 3446 7685 3444 7686 3447 7686 3446 7686 3444 7687 3446 7687 3447 7687 3448 7688 3450 7688 3449 7688 3448 7689 3449 7689 3450 7689 3448 7690 3451 7690 3450 7690 3448 7691 3450 7691 3451 7691 3452 7692 3454 7692 3453 7692 3452 7693 3453 7693 3454 7693 3452 7694 3455 7694 3454 7694 3452 7695 3454 7695 3455 7695 3456 7696 3458 7696 3457 7696 3456 7697 3457 7697 3458 7697 3456 7698 3459 7698 3458 7698 3456 7699 3458 7699 3459 7699 3460 7700 3462 7700 3461 7700 3460 7701 3461 7701 3462 7701 3460 7702 3463 7702 3462 7702 3460 7703 3462 7703 3463 7703 3464 7704 3466 7704 3465 7704 3464 7705 3465 7705 3466 7705 3464 7706 3467 7706 3466 7706 3464 7707 3466 7707 3467 7707 3468 7708 3470 7708 3469 7708 3468 7709 3469 7709 3470 7709 3468 7710 3471 7710 3470 7710 3468 7711 3470 7711 3471 7711 3472 7712 3474 7712 3473 7712 3472 7713 3473 7713 3474 7713 3472 7714 3475 7714 3474 7714 3472 7715 3474 7715 3475 7715 3476 7716 3478 7716 3477 7716 3476 7717 3477 7717 3478 7717 3476 7718 3479 7718 3478 7718 3476 7719 3478 7719 3479 7719 3480 7720 3482 7720 3481 7720 3480 7721 3481 7721 3482 7721 3480 7722 3483 7722 3482 7722 3480 7723 3482 7723 3483 7723 3484 7724 3486 7724 3485 7724 3484 7725 3485 7725 3486 7725 3484 7726 3487 7726 3486 7726 3484 7727 3486 7727 3487 7727 3488 7728 3490 7728 3489 7728 3488 7729 3489 7729 3490 7729 3488 7730 3491 7730 3490 7730 3488 7731 3490 7731 3491 7731 3492 7732 3494 7732 3493 7732 3492 7733 3493 7733 3494 7733 3492 7734 3495 7734 3494 7734 3492 7735 3494 7735 3495 7735 3496 7736 3498 7736 3497 7736 3496 7737 3497 7737 3498 7737 3496 7738 3499 7738 3498 7738 3496 7739 3498 7739 3499 7739 3500 7740 3502 7740 3501 7740 3500 7741 3501 7741 3502 7741 3500 7742 3503 7742 3502 7742 3500 7743 3502 7743 3503 7743 3504 7744 3506 7744 3505 7744 3504 7745 3505 7745 3506 7745 3504 7746 3507 7746 3506 7746 3504 7747 3506 7747 3507 7747 3508 7748 3510 7748 3509 7748 3508 7749 3509 7749 3510 7749 3508 7750 3511 7750 3510 7750 3508 7751 3510 7751 3511 7751 3512 7752 3514 7752 3513 7752 3512 7753 3513 7753 3514 7753 3512 7754 3515 7754 3514 7754 3512 7755 3514 7755 3515 7755 3516 7756 3518 7756 3517 7756 3516 7757 3517 7757 3518 7757 3516 7758 3519 7758 3518 7758 3516 7759 3518 7759 3519 7759 3520 7760 3522 7760 3521 7760 3520 7761 3521 7761 3522 7761 3520 7762 3523 7762 3522 7762 3520 7763 3522 7763 3523 7763 3524 7764 3526 7764 3525 7764 3524 7765 3525 7765 3526 7765 3524 7766 3527 7766 3526 7766 3524 7767 3526 7767 3527 7767 3528 7768 3530 7768 3529 7768 3528 7769 3529 7769 3530 7769 3528 7770 3531 7770 3530 7770 3528 7771 3530 7771 3531 7771 3532 7772 3534 7772 3533 7772 3532 7773 3533 7773 3534 7773 3532 7774 3535 7774 3534 7774 3532 7775 3534 7775 3535 7775 3536 7776 3538 7776 3537 7776 3536 7777 3537 7777 3538 7777 3536 7778 3539 7778 3538 7778 3536 7779 3538 7779 3539 7779 3540 7780 3542 7780 3541 7780 3540 7781 3541 7781 3542 7781 3540 7782 3543 7782 3542 7782 3540 7783 3542 7783 3543 7783 3544 7784 3546 7784 3545 7784 3544 7785 3545 7785 3546 7785 3544 7786 3547 7786 3546 7786 3544 7787 3546 7787 3547 7787 3548 7788 3550 7788 3549 7788 3548 7789 3549 7789 3550 7789 3548 7790 3551 7790 3550 7790 3548 7791 3550 7791 3551 7791 3552 7792 3554 7792 3553 7792 3552 7793 3553 7793 3554 7793 3552 7794 3555 7794 3554 7794 3552 7795 3554 7795 3555 7795 3556 7796 3558 7796 3557 7796 3556 7797 3557 7797 3558 7797 3556 7798 3559 7798 3558 7798 3556 7799 3558 7799 3559 7799 3560 7800 3562 7800 3561 7800 3560 7801 3561 7801 3562 7801 3560 7802 3563 7802 3562 7802 3560 7803 3562 7803 3563 7803 3564 7804 3566 7804 3565 7804 3564 7805 3565 7805 3566 7805 3564 7806 3567 7806 3566 7806 3564 7807 3566 7807 3567 7807 3568 7808 3570 7808 3569 7808 3568 7809 3569 7809 3570 7809 3568 7810 3571 7810 3570 7810 3568 7811 3570 7811 3571 7811 3572 7812 3574 7812 3573 7812 3572 7813 3573 7813 3574 7813 3572 7814 3575 7814 3574 7814 3572 7815 3574 7815 3575 7815 3576 7816 3578 7816 3577 7816 3576 7817 3577 7817 3578 7817 3576 7818 3579 7818 3578 7818 3576 7819 3578 7819 3579 7819 3580 7820 3582 7820 3581 7820 3580 7821 3581 7821 3582 7821 3580 7822 3583 7822 3582 7822 3580 7823 3582 7823 3583 7823 3584 7824 3586 7824 3585 7824 3584 7825 3585 7825 3586 7825 3584 7826 3587 7826 3586 7826 3584 7827 3586 7827 3587 7827 3588 7828 3590 7828 3589 7828 3588 7829 3589 7829 3590 7829 3588 7830 3591 7830 3590 7830 3588 7831 3590 7831 3591 7831 3592 7832 3594 7832 3593 7832 3592 7833 3593 7833 3594 7833 3592 7834 3595 7834 3594 7834 3592 7835 3594 7835 3595 7835 3596 7836 3598 7836 3597 7836 3596 7837 3597 7837 3598 7837 3596 7838 3599 7838 3598 7838 3596 7839 3598 7839 3599 7839 3600 7840 3602 7840 3601 7840 3600 7841 3601 7841 3602 7841 3600 7842 3603 7842 3602 7842 3600 7843 3602 7843 3603 7843 3604 7844 3606 7844 3605 7844 3604 7845 3605 7845 3606 7845 3604 7846 3607 7846 3606 7846 3604 7847 3606 7847 3607 7847 3608 7848 3610 7848 3609 7848 3608 7849 3609 7849 3610 7849 3608 7850 3611 7850 3610 7850 3608 7851 3610 7851 3611 7851 3612 7852 3614 7852 3613 7852 3612 7853 3613 7853 3614 7853 3612 7854 3615 7854 3614 7854 3612 7855 3614 7855 3615 7855 3616 7856 3618 7856 3617 7856 3616 7857 3617 7857 3618 7857 3616 7858 3619 7858 3618 7858 3616 7859 3618 7859 3619 7859 3620 7860 3622 7860 3621 7860 3620 7861 3621 7861 3622 7861 3620 7862 3623 7862 3622 7862 3620 7863 3622 7863 3623 7863 3624 7864 3626 7864 3625 7864 3624 7865 3625 7865 3626 7865 3624 7866 3627 7866 3626 7866 3624 7867 3626 7867 3627 7867 3628 7868 3630 7868 3629 7868 3628 7869 3629 7869 3630 7869 3628 7870 3631 7870 3630 7870 3628 7871 3630 7871 3631 7871 3632 7872 3634 7872 3633 7872 3632 7873 3633 7873 3634 7873 3632 7874 3635 7874 3634 7874 3632 7875 3634 7875 3635 7875 3636 7876 3638 7876 3637 7876 3636 7877 3637 7877 3638 7877 3636 7878 3639 7878 3638 7878 3636 7879 3638 7879 3639 7879 3640 7880 3642 7880 3641 7880 3640 7881 3641 7881 3642 7881 3640 7882 3643 7882 3642 7882 3640 7883 3642 7883 3643 7883 3644 7884 3646 7884 3645 7884 3644 7885 3645 7885 3646 7885 3644 7886 3647 7886 3646 7886 3644 7887 3646 7887 3647 7887 3648 7888 3650 7888 3649 7888 3648 7889 3649 7889 3650 7889 3648 7890 3651 7890 3650 7890 3648 7891 3650 7891 3651 7891 3652 7892 3654 7892 3653 7892 3652 7893 3653 7893 3654 7893 3652 7894 3655 7894 3654 7894 3652 7895 3654 7895 3655 7895 3656 7896 3658 7896 3657 7896 3656 7897 3657 7897 3658 7897 3656 7898 3659 7898 3658 7898 3656 7899 3658 7899 3659 7899 3660 7900 3662 7900 3661 7900 3660 7901 3661 7901 3662 7901 3660 7902 3663 7902 3662 7902 3660 7903 3662 7903 3663 7903 3664 7904 3666 7904 3665 7904 3664 7905 3665 7905 3666 7905 3664 7906 3667 7906 3666 7906 3664 7907 3666 7907 3667 7907 3668 7908 3670 7908 3669 7908 3668 7909 3669 7909 3670 7909 3668 7910 3671 7910 3670 7910 3668 7911 3670 7911 3671 7911 3672 7912 3674 7912 3673 7912 3672 7913 3673 7913 3674 7913 3672 7914 3675 7914 3674 7914 3672 7915 3674 7915 3675 7915 3676 7916 3678 7916 3677 7916 3676 7917 3677 7917 3678 7917 3676 7918 3679 7918 3678 7918 3676 7919 3678 7919 3679 7919 3680 7920 3682 7920 3681 7920 3680 7921 3681 7921 3682 7921 3680 7922 3683 7922 3682 7922 3680 7923 3682 7923 3683 7923 3684 7924 3686 7924 3685 7924 3684 7925 3685 7925 3686 7925 3684 7926 3687 7926 3686 7926 3684 7927 3686 7927 3687 7927 3688 7928 3690 7928 3689 7928 3688 7929 3689 7929 3690 7929 3688 7930 3691 7930 3690 7930 3688 7931 3690 7931 3691 7931 3692 7932 3694 7932 3693 7932 3692 7933 3693 7933 3694 7933 3692 7934 3695 7934 3694 7934 3692 7935 3694 7935 3695 7935 3696 7936 3698 7936 3697 7936 3696 7937 3697 7937 3698 7937 3696 7938 3699 7938 3698 7938 3696 7939 3698 7939 3699 7939 3700 7940 3702 7940 3701 7940 3700 7941 3701 7941 3702 7941 3700 7942 3703 7942 3702 7942 3700 7943 3702 7943 3703 7943 3704 7944 3706 7944 3705 7944 3704 7945 3705 7945 3706 7945 3704 7946 3707 7946 3706 7946 3704 7947 3706 7947 3707 7947 3708 7948 3710 7948 3709 7948 3708 7949 3709 7949 3710 7949 3708 7950 3711 7950 3710 7950 3708 7951 3710 7951 3711 7951 3712 7952 3714 7952 3713 7952 3712 7953 3713 7953 3714 7953 3712 7954 3715 7954 3714 7954 3712 7955 3714 7955 3715 7955 3716 7956 3718 7956 3717 7956 3716 7957 3717 7957 3718 7957 3716 7958 3719 7958 3718 7958 3716 7959 3718 7959 3719 7959 3720 7960 3722 7960 3721 7960 3720 7961 3721 7961 3722 7961 3720 7962 3723 7962 3722 7962 3720 7963 3722 7963 3723 7963 3724 7964 3726 7964 3725 7964 3724 7965 3725 7965 3726 7965 3724 7966 3727 7966 3726 7966 3724 7967 3726 7967 3727 7967 3728 7968 3730 7968 3729 7968 3728 7969 3729 7969 3730 7969 3728 7970 3731 7970 3730 7970 3728 7971 3730 7971 3731 7971 3732 7972 3734 7972 3733 7972 3732 7973 3733 7973 3734 7973 3732 7974 3735 7974 3734 7974 3732 7975 3734 7975 3735 7975 3736 7976 3738 7976 3737 7976 3736 7977 3737 7977 3738 7977 3736 7978 3739 7978 3738 7978 3736 7979 3738 7979 3739 7979 3740 7980 3742 7980 3741 7980 3740 7981 3741 7981 3742 7981 3740 7982 3743 7982 3742 7982 3740 7983 3742 7983 3743 7983 3744 7984 3746 7984 3745 7984 3744 7985 3745 7985 3746 7985 3744 7986 3747 7986 3746 7986 3744 7987 3746 7987 3747 7987 3748 7988 3750 7988 3749 7988 3748 7989 3749 7989 3750 7989 3748 7990 3751 7990 3750 7990 3748 7991 3750 7991 3751 7991 3752 7992 3754 7992 3753 7992 3752 7993 3753 7993 3754 7993 3752 7994 3755 7994 3754 7994 3752 7995 3754 7995 3755 7995 3756 7996 3758 7996 3757 7996 3756 7997 3757 7997 3758 7997 3756 7998 3759 7998 3758 7998 3756 7999 3758 7999 3759 7999 3760 8000 3762 8000 3761 8000 3760 8001 3761 8001 3762 8001 3760 8002 3763 8002 3762 8002 3760 8003 3762 8003 3763 8003 3764 8004 3766 8004 3765 8004 3764 8005 3765 8005 3766 8005 3764 8006 3767 8006 3766 8006 3764 8007 3766 8007 3767 8007 3768 8008 3770 8008 3769 8008 3768 8009 3769 8009 3770 8009 3768 8010 3771 8010 3770 8010 3768 8011 3770 8011 3771 8011 3772 8012 3774 8012 3773 8012 3772 8013 3773 8013 3774 8013 3772 8014 3775 8014 3774 8014 3772 8015 3774 8015 3775 8015 3776 8016 3778 8016 3777 8016 3776 8017 3777 8017 3778 8017 3776 8018 3779 8018 3778 8018 3776 8019 3778 8019 3779 8019 3780 8020 3782 8020 3781 8020 3780 8021 3781 8021 3782 8021 3780 8022 3783 8022 3782 8022 3780 8023 3782 8023 3783 8023 3784 8024 3786 8024 3785 8024 3784 8025 3785 8025 3786 8025 3784 8026 3787 8026 3786 8026 3784 8027 3786 8027 3787 8027 3788 8028 3790 8028 3789 8028 3788 8029 3789 8029 3790 8029 3788 8030 3791 8030 3790 8030 3788 8031 3790 8031 3791 8031 3792 8032 3794 8032 3793 8032 3792 8033 3793 8033 3794 8033 3792 8034 3795 8034 3794 8034 3792 8035 3794 8035 3795 8035 3796 8036 3798 8036 3797 8036 3796 8037 3797 8037 3798 8037 3796 8038 3799 8038 3798 8038 3796 8039 3798 8039 3799 8039 3800 8040 3802 8040 3801 8040 3800 8041 3801 8041 3802 8041 3800 8042 3803 8042 3802 8042 3800 8043 3802 8043 3803 8043 3804 8044 3806 8044 3805 8044 3804 8045 3805 8045 3806 8045 3804 8046 3807 8046 3806 8046 3804 8047 3806 8047 3807 8047 3808 8048 3810 8048 3809 8048 3808 8049 3809 8049 3810 8049 3808 8050 3811 8050 3810 8050 3808 8051 3810 8051 3811 8051 3812 8052 3814 8052 3813 8052 3812 8053 3813 8053 3814 8053 3812 8054 3815 8054 3814 8054 3812 8055 3814 8055 3815 8055 3816 8056 3818 8056 3817 8056 3816 8057 3817 8057 3818 8057 3816 8058 3819 8058 3818 8058 3816 8059 3818 8059 3819 8059 3820 8060 3822 8060 3821 8060 3820 8061 3821 8061 3822 8061 3820 8062 3823 8062 3822 8062 3820 8063 3822 8063 3823 8063 3824 8064 3826 8064 3825 8064 3824 8065 3825 8065 3826 8065 3824 8066 3827 8066 3826 8066 3824 8067 3826 8067 3827 8067 3828 8068 3830 8068 3829 8068 3828 8069 3829 8069 3830 8069 3828 8070 3831 8070 3830 8070 3828 8071 3830 8071 3831 8071 3832 8072 3834 8072 3833 8072 3832 8073 3833 8073 3834 8073 3832 8074 3835 8074 3834 8074 3832 8075 3834 8075 3835 8075 3836 8076 3838 8076 3837 8076 3836 8077 3837 8077 3838 8077 3836 8078 3839 8078 3838 8078 3836 8079 3838 8079 3839 8079 3840 8080 3842 8080 3841 8080 3840 8081 3841 8081 3842 8081 3840 8082 3843 8082 3842 8082 3840 8083 3842 8083 3843 8083 3844 8084 3846 8084 3845 8084 3844 8085 3845 8085 3846 8085 3844 8086 3847 8086 3846 8086 3844 8087 3846 8087 3847 8087 3848 8088 3850 8088 3849 8088 3848 8089 3849 8089 3850 8089 3848 8090 3851 8090 3850 8090 3848 8091 3850 8091 3851 8091 3852 8092 3854 8092 3853 8092 3852 8093 3853 8093 3854 8093 3852 8094 3855 8094 3854 8094 3852 8095 3854 8095 3855 8095 3856 8096 3858 8096 3857 8096 3856 8097 3857 8097 3858 8097 3856 8098 3859 8098 3858 8098 3856 8099 3858 8099 3859 8099 3860 8100 3862 8100 3861 8100 3860 8101 3861 8101 3862 8101 3860 8102 3863 8102 3862 8102 3860 8103 3862 8103 3863 8103 3864 8104 3866 8104 3865 8104 3864 8105 3865 8105 3866 8105 3864 8106 3867 8106 3866 8106 3864 8107 3866 8107 3867 8107 3868 8108 3870 8108 3869 8108 3868 8109 3869 8109 3870 8109 3868 8110 3871 8110 3870 8110 3868 8111 3870 8111 3871 8111 3872 8112 3874 8112 3873 8112 3872 8113 3873 8113 3874 8113 3872 8114 3875 8114 3874 8114 3872 8115 3874 8115 3875 8115 3876 8116 3878 8116 3877 8116 3876 8117 3877 8117 3878 8117 3876 8118 3879 8118 3878 8118 3876 8119 3878 8119 3879 8119 3880 8120 3882 8120 3881 8120 3880 8121 3881 8121 3882 8121 3880 8122 3883 8122 3882 8122 3880 8123 3882 8123 3883 8123 3884 8124 3886 8124 3885 8124 3884 8125 3885 8125 3886 8125 3884 8126 3887 8126 3886 8126 3884 8127 3886 8127 3887 8127 3888 8128 3890 8128 3889 8128 3888 8129 3889 8129 3890 8129 3888 8130 3891 8130 3890 8130 3888 8131 3890 8131 3891 8131 3892 8132 3894 8132 3893 8132 3892 8133 3893 8133 3894 8133 3892 8134 3895 8134 3894 8134 3892 8135 3894 8135 3895 8135 3896 8136 3898 8136 3897 8136 3896 8137 3897 8137 3898 8137 3896 8138 3899 8138 3898 8138 3896 8139 3898 8139 3899 8139 3900 8140 3902 8140 3901 8140 3900 8141 3901 8141 3902 8141 3900 8142 3903 8142 3902 8142 3900 8143 3902 8143 3903 8143 3904 8144 3906 8144 3905 8144 3904 8145 3905 8145 3906 8145 3904 8146 3907 8146 3906 8146 3904 8147 3906 8147 3907 8147 3908 8148 3910 8148 3909 8148 3908 8149 3909 8149 3910 8149 3908 8150 3911 8150 3910 8150 3908 8151 3910 8151 3911 8151 3912 8152 3914 8152 3913 8152 3912 8153 3913 8153 3914 8153 3912 8154 3915 8154 3914 8154 3912 8155 3914 8155 3915 8155 3916 8156 3918 8156 3917 8156 3916 8157 3917 8157 3918 8157 3916 8158 3919 8158 3918 8158 3916 8159 3918 8159 3919 8159 3920 8160 3922 8160 3921 8160 3920 8161 3921 8161 3922 8161 3920 8162 3923 8162 3922 8162 3920 8163 3922 8163 3923 8163 3924 8164 3926 8164 3925 8164 3924 8165 3925 8165 3926 8165 3924 8166 3927 8166 3926 8166 3924 8167 3926 8167 3927 8167 3928 8168 3930 8168 3929 8168 3928 8169 3929 8169 3930 8169 3928 8170 3931 8170 3930 8170 3928 8171 3930 8171 3931 8171 3932 8172 3934 8172 3933 8172 3932 8173 3933 8173 3934 8173 3932 8174 3935 8174 3934 8174 3932 8175 3934 8175 3935 8175 3936 8176 3938 8176 3937 8176 3936 8177 3937 8177 3938 8177 3936 8178 3939 8178 3938 8178 3936 8179 3938 8179 3939 8179 3940 8180 3942 8180 3941 8180 3940 8181 3941 8181 3942 8181 3940 8182 3943 8182 3942 8182 3940 8183 3942 8183 3943 8183 3944 8184 3946 8184 3945 8184 3944 8185 3945 8185 3946 8185 3944 8186 3947 8186 3946 8186 3944 8187 3946 8187 3947 8187 3948 8188 3950 8188 3949 8188 3948 8189 3949 8189 3950 8189 3948 8190 3951 8190 3950 8190 3948 8191 3950 8191 3951 8191 3952 8192 3954 8192 3953 8192 3952 8193 3953 8193 3954 8193 3952 8194 3955 8194 3954 8194 3952 8195 3954 8195 3955 8195 3956 8196 3958 8196 3957 8196 3956 8197 3957 8197 3958 8197 3956 8198 3959 8198 3958 8198 3956 8199 3958 8199 3959 8199 3960 8200 3962 8200 3961 8200 3960 8201 3961 8201 3962 8201 3960 8202 3963 8202 3962 8202 3960 8203 3962 8203 3963 8203 3964 8204 3966 8204 3965 8204 3964 8205 3965 8205 3966 8205 3964 8206 3967 8206 3966 8206 3964 8207 3966 8207 3967 8207 3968 8208 3970 8208 3969 8208 3968 8209 3969 8209 3970 8209 3968 8210 3971 8210 3970 8210 3968 8211 3970 8211 3971 8211 3972 8212 3974 8212 3973 8212 3972 8213 3973 8213 3974 8213 3972 8214 3975 8214 3974 8214 3972 8215 3974 8215 3975 8215 3976 8216 3978 8216 3977 8216 3976 8217 3977 8217 3978 8217 3976 8218 3979 8218 3978 8218 3976 8219 3978 8219 3979 8219 3980 8220 3982 8220 3981 8220 3980 8221 3981 8221 3982 8221 3980 8222 3983 8222 3982 8222 3980 8223 3982 8223 3983 8223 3984 8224 3986 8224 3985 8224 3984 8225 3985 8225 3986 8225 3984 8226 3987 8226 3986 8226 3984 8227 3986 8227 3987 8227 3988 8228 3990 8228 3989 8228 3988 8229 3989 8229 3990 8229 3988 8230 3991 8230 3990 8230 3988 8231 3990 8231 3991 8231 3992 8232 3994 8232 3993 8232 3992 8233 3993 8233 3994 8233 3992 8234 3995 8234 3994 8234 3992 8235 3994 8235 3995 8235 3996 8236 3998 8236 3997 8236 3996 8237 3997 8237 3998 8237 3996 8238 3999 8238 3998 8238 3996 8239 3998 8239 3999 8239 4000 8240 4002 8240 4001 8240 4000 8241 4001 8241 4002 8241 4000 8242 4003 8242 4002 8242 4000 8243 4002 8243 4003 8243 4004 8244 4006 8244 4005 8244 4004 8245 4005 8245 4006 8245 4004 8246 4007 8246 4006 8246 4004 8247 4006 8247 4007 8247 4008 8248 4010 8248 4009 8248 4008 8249 4009 8249 4010 8249 4008 8250 4011 8250 4010 8250 4008 8251 4010 8251 4011 8251 4012 8252 4014 8252 4013 8252 4012 8253 4013 8253 4014 8253 4012 8254 4015 8254 4014 8254 4012 8255 4014 8255 4015 8255 4016 8256 4018 8256 4017 8256 4016 8257 4017 8257 4018 8257 4016 8258 4019 8258 4018 8258 4016 8259 4018 8259 4019 8259 4020 8260 4022 8260 4021 8260 4020 8261 4021 8261 4022 8261 4020 8262 4023 8262 4022 8262 4020 8263 4022 8263 4023 8263 4024 8264 4026 8264 4025 8264 4024 8265 4025 8265 4026 8265 4024 8266 4027 8266 4026 8266 4024 8267 4026 8267 4027 8267 4028 8268 4030 8268 4029 8268 4028 8269 4029 8269 4030 8269 4028 8270 4031 8270 4030 8270 4028 8271 4030 8271 4031 8271 4032 8272 4034 8272 4033 8272 4032 8273 4033 8273 4034 8273 4032 8274 4035 8274 4034 8274 4032 8275 4034 8275 4035 8275 4036 8276 4038 8276 4037 8276 4036 8277 4037 8277 4038 8277 4036 8278 4039 8278 4038 8278 4036 8279 4038 8279 4039 8279 4040 8280 4042 8280 4041 8280 4040 8281 4041 8281 4042 8281 4040 8282 4043 8282 4042 8282 4040 8283 4042 8283 4043 8283 4044 8284 4046 8284 4045 8284 4044 8285 4045 8285 4046 8285 4044 8286 4047 8286 4046 8286 4044 8287 4046 8287 4047 8287 4048 8288 4050 8288 4049 8288 4048 8289 4049 8289 4050 8289 4048 8290 4051 8290 4050 8290 4048 8291 4050 8291 4051 8291 4052 8292 4054 8292 4053 8292 4052 8293 4053 8293 4054 8293 4052 8294 4055 8294 4054 8294 4052 8295 4054 8295 4055 8295 4056 8296 4058 8296 4057 8296 4056 8297 4057 8297 4058 8297 4056 8298 4059 8298 4058 8298 4056 8299 4058 8299 4059 8299 4060 8300 4062 8300 4061 8300 4060 8301 4061 8301 4062 8301 4060 8302 4063 8302 4062 8302 4060 8303 4062 8303 4063 8303 4064 8304 4066 8304 4065 8304 4064 8305 4065 8305 4066 8305 4064 8306 4067 8306 4066 8306 4064 8307 4066 8307 4067 8307 4068 8308 4070 8308 4069 8308 4068 8309 4069 8309 4070 8309 4068 8310 4071 8310 4070 8310 4068 8311 4070 8311 4071 8311 4072 8312 4074 8312 4073 8312 4072 8313 4073 8313 4074 8313 4072 8314 4075 8314 4074 8314 4072 8315 4074 8315 4075 8315 4076 8316 4078 8316 4077 8316 4076 8317 4077 8317 4078 8317 4076 8318 4079 8318 4078 8318 4076 8319 4078 8319 4079 8319 4080 8320 4082 8320 4081 8320 4080 8321 4081 8321 4082 8321 4080 8322 4083 8322 4082 8322 4080 8323 4082 8323 4083 8323 4084 8324 4086 8324 4085 8324 4084 8325 4085 8325 4086 8325 4084 8326 4087 8326 4086 8326 4084 8327 4086 8327 4087 8327 4088 8328 4090 8328 4089 8328 4088 8329 4089 8329 4090 8329 4088 8330 4091 8330 4090 8330 4088 8331 4090 8331 4091 8331 4092 8332 4094 8332 4093 8332 4092 8333 4093 8333 4094 8333 4092 8334 4095 8334 4094 8334 4092 8335 4094 8335 4095 8335 4096 8336 4098 8336 4097 8336 4096 8337 4097 8337 4098 8337 4096 8338 4099 8338 4098 8338 4096 8339 4098 8339 4099 8339 4100 8340 4102 8340 4101 8340 4100 8341 4101 8341 4102 8341 4100 8342 4103 8342 4102 8342 4100 8343 4102 8343 4103 8343 4104 8344 4106 8344 4105 8344 4104 8345 4105 8345 4106 8345 4104 8346 4107 8346 4106 8346 4104 8347 4106 8347 4107 8347 4108 8348 4110 8348 4109 8348 4108 8349 4109 8349 4110 8349 4108 8350 4111 8350 4110 8350 4108 8351 4110 8351 4111 8351 4112 8352 4114 8352 4113 8352 4112 8353 4113 8353 4114 8353 4112 8354 4115 8354 4114 8354 4112 8355 4114 8355 4115 8355 4116 8356 4118 8356 4117 8356 4116 8357 4117 8357 4118 8357 4116 8358 4119 8358 4118 8358 4116 8359 4118 8359 4119 8359 4120 8360 4122 8360 4121 8360 4120 8361 4121 8361 4122 8361 4120 8362 4123 8362 4122 8362 4120 8363 4122 8363 4123 8363 4124 8364 4126 8364 4125 8364 4124 8365 4125 8365 4126 8365 4124 8366 4127 8366 4126 8366 4124 8367 4126 8367 4127 8367 4128 8368 4130 8368 4129 8368 4128 8369 4129 8369 4130 8369 4128 8370 4131 8370 4130 8370 4128 8371 4130 8371 4131 8371 4132 8372 4134 8372 4133 8372 4132 8373 4133 8373 4134 8373 4132 8374 4135 8374 4134 8374 4132 8375 4134 8375 4135 8375 4136 8376 4138 8376 4137 8376 4136 8377 4137 8377 4138 8377 4136 8378 4139 8378 4138 8378 4136 8379 4138 8379 4139 8379 4140 8380 4142 8380 4141 8380 4140 8381 4141 8381 4142 8381 4140 8382 4143 8382 4142 8382 4140 8383 4142 8383 4143 8383 4144 8384 4146 8384 4145 8384 4144 8385 4145 8385 4146 8385 4144 8386 4147 8386 4146 8386 4144 8387 4146 8387 4147 8387 4148 8388 4150 8388 4149 8388 4148 8389 4149 8389 4150 8389 4148 8390 4151 8390 4150 8390 4148 8391 4150 8391 4151 8391 4152 8392 4154 8392 4153 8392 4152 8393 4153 8393 4154 8393 4152 8394 4155 8394 4154 8394 4152 8395 4154 8395 4155 8395 4156 8396 4158 8396 4157 8396 4156 8397 4157 8397 4158 8397 4156 8398 4159 8398 4158 8398 4156 8399 4158 8399 4159 8399 4160 8400 4162 8400 4161 8400 4160 8401 4161 8401 4162 8401 4160 8402 4163 8402 4162 8402 4160 8403 4162 8403 4163 8403 4164 8404 4166 8404 4165 8404 4164 8405 4165 8405 4166 8405 4164 8406 4167 8406 4166 8406 4164 8407 4166 8407 4167 8407 4168 8408 4170 8408 4169 8408 4168 8409 4169 8409 4170 8409 4168 8410 4171 8410 4170 8410 4168 8411 4170 8411 4171 8411 4172 8412 4174 8412 4173 8412 4172 8413 4173 8413 4174 8413 4172 8414 4175 8414 4174 8414 4172 8415 4174 8415 4175 8415 4176 8416 4178 8416 4177 8416 4176 8417 4177 8417 4178 8417 4176 8418 4179 8418 4178 8418 4176 8419 4178 8419 4179 8419 4180 8420 4182 8420 4181 8420 4180 8421 4181 8421 4182 8421 4180 8422 4183 8422 4182 8422 4180 8423 4182 8423 4183 8423 4184 8424 4186 8424 4185 8424 4184 8425 4185 8425 4186 8425 4184 8426 4187 8426 4186 8426 4184 8427 4186 8427 4187 8427 4188 8428 4190 8428 4189 8428 4188 8429 4189 8429 4190 8429 4188 8430 4191 8430 4190 8430 4188 8431 4190 8431 4191 8431 4192 8432 4194 8432 4193 8432 4192 8433 4193 8433 4194 8433 4192 8434 4195 8434 4194 8434 4192 8435 4194 8435 4195 8435 4196 8436 4198 8436 4197 8436 4196 8437 4197 8437 4198 8437 4196 8438 4199 8438 4198 8438 4196 8439 4198 8439 4199 8439 4200 8440 4202 8440 4201 8440 4200 8441 4201 8441 4202 8441 4200 8442 4203 8442 4202 8442 4200 8443 4202 8443 4203 8443 4204 8444 4206 8444 4205 8444 4204 8445 4205 8445 4206 8445 4204 8446 4207 8446 4206 8446 4204 8447 4206 8447 4207 8447 4208 8448 4210 8448 4209 8448 4208 8449 4209 8449 4210 8449 4208 8450 4211 8450 4210 8450 4208 8451 4210 8451 4211 8451 4212 8452 4214 8452 4213 8452 4212 8453 4213 8453 4214 8453 4212 8454 4215 8454 4214 8454 4212 8455 4214 8455 4215 8455 4216 8456 4218 8456 4217 8456 4216 8457 4217 8457 4218 8457 4216 8458 4219 8458 4218 8458 4216 8459 4218 8459 4219 8459 4220 8460 4222 8460 4221 8460 4220 8461 4221 8461 4222 8461 4220 8462 4223 8462 4222 8462 4220 8463 4222 8463 4223 8463 4224 8464 4226 8464 4225 8464 4224 8465 4225 8465 4226 8465 4224 8466 4227 8466 4226 8466 4224 8467 4226 8467 4227 8467 4228 8468 4230 8468 4229 8468 4228 8469 4229 8469 4230 8469 4228 8470 4231 8470 4230 8470 4228 8471 4230 8471 4231 8471 4232 8472 4234 8472 4233 8472 4232 8473 4233 8473 4234 8473 4232 8474 4235 8474 4234 8474 4232 8475 4234 8475 4235 8475 4236 8476 4238 8476 4237 8476 4236 8477 4237 8477 4238 8477 4236 8478 4239 8478 4238 8478 4236 8479 4238 8479 4239 8479</p>
        </triangles>
      </mesh>
    </geometry>
  </library_geometries>
  <library_visual_scenes>
    <visual_scene id="S">
      <node><instance_geometry url="#fence_long" /></node>
    </visual_scene>
  </library_visual_scenes>
  <scene><instance_visual_scene url="#S" /></scene>
</COLLADA>