solid OpenSCAD_Model
  facet normal -0.7730104533627361 -0.6343932841636466 0
    outer loop
      vertex -10.651063939285512 -9.340732380584308 0
      vertex -11.239172320792498 -8.624120244290209 13.333333333333332
      vertex -11.239172320792498 -8.624120244290209 0
    endloop
  endfacet
  facet normal -0.8128466845916162 -0.5824776968678008 0
    outer loop
      vertex -11.779152840952722 -7.870578301111031 0
      vertex -11.239172320792498 -8.624120244290209 0
      vertex -11.779152840952722 -7.870578301111031 13.333333333333332
    endloop
  endfacet
  facet normal -0.8492021815265786 -0.5280678506503685 0
    outer loop
      vertex -11.779152840952722 -7.870578301111031 0
      vertex -12.268693220279546 -7.083333333333333 13.333333333333332
      vertex -12.268693220279546 -7.083333333333333 0
    endloop
  endfacet
  facet normal -0.6343932841636466 -0.7730104533627361 0
    outer loop
      vertex -9.340732380584308 -10.651063939285512 0
      vertex -8.624120244290209 -11.239172320792498 0
      vertex -8.624120244290209 -11.239172320792498 13.333333333333332
    endloop
  endfacet
  facet normal -0.5824776968678008 -0.8128466845916162 0
    outer loop
      vertex -8.624120244290209 -11.239172320792498 0
      vertex -7.870578301111031 -11.779152840952722 0
      vertex -7.870578301111031 -11.779152840952722 13.333333333333332
    endloop
  endfacet
  facet normal -0.5280678506503685 -0.8492021815265786 0
    outer loop
      vertex -7.870578301111031 -11.779152840952722 0
      vertex -7.083333333333333 -12.268693220279546 0
      vertex -7.083333333333333 -12.268693220279546 13.333333333333332
    endloop
  endfacet
  facet normal -0.7298640726978369 -0.6835923020228699 0
    outer loop
      vertex -10.651063939285512 -9.340732380584308 0
      vertex -10.017346066809424 -10.017346066809424 0
      vertex -10.651063939285512 -9.340732380584308 13.333333333333332
    endloop
  endfacet
  facet normal -0.6835923020228699 -0.7298640726978369 0
    outer loop
      vertex -9.340732380584308 -10.651063939285512 0
      vertex -9.340732380584308 -10.651063939285512 13.333333333333332
      vertex -10.017346066809424 -10.017346066809424 0
    endloop
  endfacet
  facet normal 0 0 -1
    outer loop
      vertex -12.705697171713084 -6.265756444769185 0
      vertex -13.088293377243227 -5.421348625172105 0
      vertex -12.705697171713084 6.265756444769185 0
    endloop
  endfacet
  facet normal 0 0 -1
    outer loop
      vertex -12.705697171713084 -6.265756444769185 0
      vertex -12.268693220279546 7.083333333333333 0
      vertex -12.268693220279546 -7.083333333333333 0
    endloop
  endfacet
  facet normal 0 0 -1
    outer loop
      vertex -13.6839492057618 -3.666603138952377 0
      vertex -13.894458139045764 -2.7637795618951504 0
      vertex -13.6839492057618 3.666603138952377 0
    endloop
  endfacet
  facet normal 0 0 -1
    outer loop
      vertex -13.414843501180664 -4.553725758461455 0
      vertex -13.6839492057618 -3.666603138952377 0
      vertex -13.414843501180664 4.553725758461455 0
    endloop
  endfacet
  facet normal 0 0 -1
    outer loop
      vertex -13.894458139045764 -2.7637795618951504 0
      vertex -14.045468869462313 -1.8491210564507305 0
      vertex -13.894458139045764 2.7637795618951504 0
    endloop
  endfacet
  facet normal 0 0 -1
    outer loop
      vertex -14.045468869462313 -1.8491210564507305 0
      vertex -14.136334745880214 -0.92654433076036 0
      vertex -14.045468869462313 1.8491210564507305 0
    endloop
  endfacet
  facet normal 0 0 -1
    outer loop
      vertex -13.088293377243227 -5.421348625172105 0
      vertex -13.414843501180664 -4.553725758461455 0
      vertex -13.088293377243227 5.421348625172105 0
    endloop
  endfacet
  facet normal 0 0 -1
    outer loop
      vertex -11.779152840952722 -7.870578301111031 0
      vertex -12.268693220279546 -7.083333333333333 0
      vertex -11.779152840952722 7.870578301111031 0
    endloop
  endfacet
  facet normal 0 0 -1
    outer loop
      vertex -10.651063939285512 -9.340732380584308 0
      vertex -11.239172320792498 -8.624120244290209 0
      vertex -10.651063939285512 9.340732380584308 0
    endloop
  endfacet
  facet normal 0 0 -1
    outer loop
      vertex -11.779152840952722 -7.870578301111031 0
      vertex -11.239172320792498 8.624120244290209 0
      vertex -11.239172320792498 -8.624120244290209 0
    endloop
  endfacet
  facet normal 0 0 -1
    outer loop
      vertex -9.340732380584308 -10.651063939285512 0
      vertex -8.624120244290209 11.239172320792498 0
      vertex -8.624120244290209 -11.239172320792498 0
    endloop
  endfacet
  facet normal 0 0 -1
    outer loop
      vertex -8.624120244290209 -11.239172320792498 0
      vertex -7.870578301111031 11.779152840952722 0
      vertex -7.870578301111031 -11.779152840952722 0
    endloop
  endfacet
  facet normal 0 0 -1
    outer loop
      vertex -7.870578301111031 -11.779152840952722 0
      vertex -7.083333333333333 12.268693220279546 0
      vertex -7.083333333333333 -12.268693220279546 0
    endloop
  endfacet
  facet normal 0 0 -1
    outer loop
      vertex -10.651063939285512 -9.340732380584308 0
      vertex -10.017346066809424 10.017346066809424 0
      vertex -10.017346066809424 -10.017346066809424 0
    endloop
  endfacet
  facet normal 0 0 -1
    outer loop
      vertex -9.340732380584308 -10.651063939285512 0
      vertex -10.017346066809424 -10.017346066809424 0
      vertex -9.340732380584308 10.651063939285512 0
    endloop
  endfacet
  facet normal -0.8819212643483549 -0.47139673682599803 0
    outer loop
      vertex -12.705697171713084 -6.265756444769185 0
      vertex -12.268693220279546 -7.083333333333333 0
      vertex -12.705697171713084 -6.265756444769185 13.333333333333332
    endloop
  endfacet
  facet normal -0.9108638249211762 -0.4127070298043937 0
    outer loop
      vertex -12.705697171713084 -6.265756444769185 0
      vertex -13.088293377243227 -5.421348625172105 13.333333333333332
      vertex -13.088293377243227 -5.421348625172105 0
    endloop
  endfacet
  facet normal -0.9359059267573248 -0.35225004792123604 0
    outer loop
      vertex -13.088293377243227 -5.421348625172105 0
      vertex -13.414843501180664 -4.553725758461455 13.333333333333332
      vertex -13.414843501180664 -4.553725758461455 0
    endloop
  endfacet
  facet normal -0.9569403357322092 -0.29028467725446144 0
    outer loop
      vertex -13.414843501180664 -4.553725758461455 0
      vertex -13.6839492057618 -3.666603138952377 13.333333333333332
      vertex -13.6839492057618 -3.666603138952377 0
    endloop
  endfacet
  facet normal -0.9738769792773339 -0.22707626303437223 0
    outer loop
      vertex -13.6839492057618 -3.666603138952377 0
      vertex -13.894458139045764 -2.7637795618951504 13.333333333333332
      vertex -13.894458139045764 -2.7637795618951504 0
    endloop
  endfacet
  facet normal -0.986643332084879 -0.162895473394589 0
    outer loop
      vertex -13.894458139045764 -2.7637795618951504 0
      vertex -14.045468869462313 -1.8491210564507305 13.333333333333332
      vertex -14.045468869462313 -1.8491210564507305 0
    endloop
  endfacet
  facet normal -0.995184726672197 -0.09801714032955924 0
    outer loop
      vertex -14.045468869462313 -1.8491210564507305 0
      vertex -14.136334745880214 -0.92654433076036 13.333333333333332
      vertex -14.136334745880214 -0.92654433076036 0
    endloop
  endfacet
  facet normal -0.9994645874763656 -0.0327190828217778 0
    outer loop
      vertex -14.136334745880214 -0.92654433076036 0
      vertex -14.166666666666666 0 13.333333333333332
      vertex -14.166666666666666 0 0
    endloop
  endfacet
  facet normal 0 0 -1
    outer loop
      vertex -1.8491210564507305 -14.045468869462313 0
      vertex -0.8375 -1.4505925513389348 0
      vertex -0.92654433076036 -14.136334745880214 0
    endloop
  endfacet
  facet normal 0 0 -1
    outer loop
      vertex -0.92654433076036 -14.136334745880214 0
      vertex 0 -1.675 0
      vertex 0 -14.166666666666666 0
    endloop
  endfacet
  facet normal -0.47139673682599803 -0.8819212643483549 0
    outer loop
      vertex -6.265756444769185 -12.705697171713084 0
      vertex -6.265756444769185 -12.705697171713084 13.333333333333332
      vertex -7.083333333333333 -12.268693220279546 0
    endloop
  endfacet
  facet normal -0.4127070298043937 -0.9108638249211762 0
    outer loop
      vertex -6.265756444769185 -12.705697171713084 0
      vertex -5.421348625172105 -13.088293377243227 0
      vertex -5.421348625172105 -13.088293377243227 13.333333333333332
    endloop
  endfacet
  facet normal -0.35225004792123604 -0.9359059267573248 0
    outer loop
      vertex -5.421348625172105 -13.088293377243227 0
      vertex -4.553725758461455 -13.414843501180664 0
      vertex -4.553725758461455 -13.414843501180664 13.333333333333332
    endloop
  endfacet
  facet normal -0.29028467725446144 -0.9569403357322092 0
    outer loop
      vertex -4.553725758461455 -13.414843501180664 0
      vertex -3.666603138952377 -13.6839492057618 0
      vertex -3.666603138952377 -13.6839492057618 13.333333333333332
    endloop
  endfacet
  facet normal -0.22707626303437223 -0.9738769792773339 0
    outer loop
      vertex -3.666603138952377 -13.6839492057618 0
      vertex -2.7637795618951504 -13.894458139045764 0
      vertex -2.7637795618951504 -13.894458139045764 13.333333333333332
    endloop
  endfacet
  facet normal -0.162895473394589 -0.986643332084879 0
    outer loop
      vertex -2.7637795618951504 -13.894458139045764 0
      vertex -1.8491210564507305 -14.045468869462313 0
      vertex -1.8491210564507305 -14.045468869462313 13.333333333333332
    endloop
  endfacet
  facet normal -0.09801714032955924 -0.995184726672197 0
    outer loop
      vertex -1.8491210564507305 -14.045468869462313 0
      vertex -0.92654433076036 -14.136334745880214 0
      vertex -0.92654433076036 -14.136334745880214 13.333333333333332
    endloop
  endfacet
  facet normal -0.0327190828217778 -0.9994645874763656 0
    outer loop
      vertex -0.92654433076036 -14.136334745880214 0
      vertex 0 -14.166666666666666 0
      vertex 0 -14.166666666666666 13.333333333333332
    endloop
  endfacet
  facet normal 0 0 -1
    outer loop
      vertex -6.265756444769185 -12.705697171713084 0
      vertex -7.083333333333333 -12.268693220279546 0
      vertex -6.265756444769185 12.705697171713084 0
    endloop
  endfacet
  facet normal 0 0 -1
    outer loop
      vertex -6.265756444769185 -12.705697171713084 0
      vertex -5.421348625172105 13.088293377243227 0
      vertex -5.421348625172105 -13.088293377243227 0
    endloop
  endfacet
  facet normal 0 0 -1
    outer loop
      vertex -5.421348625172105 -13.088293377243227 0
      vertex -4.553725758461455 13.414843501180664 0
      vertex -4.553725758461455 -13.414843501180664 0
    endloop
  endfacet
  facet normal 0 0 -1
    outer loop
      vertex -4.553725758461455 -13.414843501180664 0
      vertex -3.666603138952377 13.6839492057618 0
      vertex -3.666603138952377 -13.6839492057618 0
    endloop
  endfacet
  facet normal 0 0 -1
    outer loop
      vertex -3.666603138952377 -13.6839492057618 0
      vertex -2.7637795618951504 13.894458139045764 0
      vertex -2.7637795618951504 -13.894458139045764 0
    endloop
  endfacet
  facet normal 0 0 -1
    outer loop
      vertex -2.7637795618951504 -13.894458139045764 0
      vertex -1.8491210564507305 14.045468869462313 0
      vertex -1.8491210564507305 -14.045468869462313 0
    endloop
  endfacet
  facet normal 0 0 -1
    outer loop
      vertex -1.8491210564507305 -14.045468869462313 0
      vertex -1.3927116006067632 -0.9305801403078338 0
      vertex -1.328866844987819 -1.019675393589607 0
    endloop
  endfacet
  facet normal 0 0 -1
    outer loop
      vertex -1.8491210564507305 -14.045468869462313 0
      vertex -1.328866844987819 -1.019675393589607 0
      vertex -1.2593316775272871 -1.1044042402926153 0
    endloop
  endfacet
  facet normal 0 0 -1
    outer loop
      vertex -1.8491210564507305 -14.045468869462313 0
      vertex -1.2593316775272871 -1.1044042402926153 0
      vertex -1.1844038584874672 -1.1844038584874672 0
    endloop
  endfacet
  facet normal 0 0 -1
    outer loop
      vertex -1.8491210564507305 -14.045468869462313 0
      vertex -1.1844038584874672 -1.1844038584874672 0
      vertex -1.1044042402926153 -1.2593316775272871 0
    endloop
  endfacet
  facet normal 0 0 -1
    outer loop
      vertex -1.8491210564507305 -14.045468869462313 0
      vertex -1.1044042402926153 -1.2593316775272871 0
      vertex -1.019675393589607 -1.328866844987819 0
    endloop
  endfacet
  facet normal 0 0 -1
    outer loop
      vertex -1.8491210564507305 -14.045468869462313 0
      vertex -1.019675393589607 -1.328866844987819 0
      vertex -0.9305801403078338 -1.3927116006067632 0
    endloop
  endfacet
  facet normal 0 0 -1
    outer loop
      vertex -1.8491210564507305 -14.045468869462313 0
      vertex -0.9305801403078338 -1.3927116006067632 0
      vertex -0.8375 -1.4505925513389348 0
    endloop
  endfacet
  facet normal 0 0 -1
    outer loop
      vertex -0.92654433076036 -14.136334745880214 0
      vertex -0.6409947492115253 -1.5474982169564053 0
      vertex -0.5384111043827957 -1.5861079669043021 0
    endloop
  endfacet
  facet normal 0 0 -1
    outer loop
      vertex -0.92654433076036 -14.136334745880214 0
      vertex -0.5384111043827957 -1.5861079669043021 0
      vertex -0.43352190054672224 -1.6179257590341893 0
    endloop
  endfacet
  facet normal 0 0 -1
    outer loop
      vertex -0.92654433076036 -14.136334745880214 0
      vertex -0.43352190054672224 -1.6179257590341893 0
      vertex -0.3267762893770148 -1.642815344675411 0
    endloop
  endfacet
  facet normal 0 0 -1
    outer loop
      vertex -0.92654433076036 -14.136334745880214 0
      vertex -0.3267762893770148 -1.642815344675411 0
      vertex -0.2186313719685864 -1.6606701428011326 0
    endloop
  endfacet
  facet normal 0 0 -1
    outer loop
      vertex -0.92654433076036 -14.136334745880214 0
      vertex -0.8375 -1.4505925513389348 0
      vertex -0.7408335561168272 -1.5022618420672527 0
    endloop
  endfacet
  facet normal 0 0 -1
    outer loop
      vertex -0.92654433076036 -14.136334745880214 0
      vertex -0.7408335561168272 -1.5022618420672527 0
      vertex -0.6409947492115253 -1.5474982169564053 0
    endloop
  endfacet
  facet normal 0 0 -1
    outer loop
      vertex -0.92654433076036 -14.136334745880214 0
      vertex -0.2186313719685864 -1.6606701428011326 0
      vertex -0.10955024146048964 -1.6714136964246609 0
    endloop
  endfacet
  facet normal 0 0 -1
    outer loop
      vertex -0.92654433076036 -14.136334745880214 0
      vertex -0.10955024146048964 -1.6714136964246609 0
      vertex 0 -1.675 0
    endloop
  endfacet
  facet normal 0 0 -1
    outer loop
      vertex -1.8491210564507305 -14.045468869462313 0
      vertex -1.4505925513389348 -0.8375 0
      vertex -1.3927116006067632 -0.9305801403078338 0
    endloop
  endfacet
  facet normal 0 0 -1
    outer loop
      vertex -1.8491210564507305 -14.045468869462313 0
      vertex -1.5022618420672527 -0.7408335561168272 0
      vertex -1.4505925513389348 -0.8375 0
    endloop
  endfacet
  facet normal 0 0 -1
    outer loop
      vertex -1.8491210564507305 -14.045468869462313 0
      vertex -1.5474982169564053 -0.6409947492115253 0
      vertex -1.5022618420672527 -0.7408335561168272 0
    endloop
  endfacet
  facet normal 0 0 -1
    outer loop
      vertex -1.8491210564507305 -14.045468869462313 0
      vertex -1.5861079669043021 -0.5384111043827957 0
      vertex -1.5474982169564053 -0.6409947492115253 0
    endloop
  endfacet
  facet normal 0 0 -1
    outer loop
      vertex -1.8491210564507305 -14.045468869462313 0
      vertex -1.6179257590341893 -0.43352190054672224 0
      vertex -1.5861079669043021 -0.5384111043827957 0
    endloop
  endfacet
  facet normal 0 0 -1
    outer loop
      vertex -1.8491210564507305 -14.045468869462313 0
      vertex -1.642815344675411 -0.3267762893770148 0
      vertex -1.6179257590341893 -0.43352190054672224 0
    endloop
  endfacet
  facet normal 0 0 -1
    outer loop
      vertex -1.8491210564507305 -14.045468869462313 0
      vertex -1.6606701428011326 -0.2186313719685864 0
      vertex -1.642815344675411 -0.3267762893770148 0
    endloop
  endfacet
  facet normal 0 0 -1
    outer loop
      vertex -1.8491210564507305 -14.045468869462313 0
      vertex -1.6714136964246609 -0.10955024146048964 0
      vertex -1.6606701428011326 -0.2186313719685864 0
    endloop
  endfacet
  facet normal 0 0 -1
    outer loop
      vertex -1.8491210564507305 -14.045468869462313 0
      vertex -1.675 0 0
      vertex -1.6714136964246609 -0.10955024146048964 0
    endloop
  endfacet
  facet normal -0.7730104533627361 -0.6343932841636466 0
    outer loop
      vertex -10.651063939285512 -9.340732380584308 0
      vertex -10.651063939285512 -9.340732380584308 13.333333333333332
      vertex -11.239172320792498 -8.624120244290209 13.333333333333332
    endloop
  endfacet
  facet normal -0.8492021815265786 -0.5280678506503685 0
    outer loop
      vertex -11.779152840952722 -7.870578301111031 0
      vertex -11.779152840952722 -7.870578301111031 13.333333333333332
      vertex -12.268693220279546 -7.083333333333333 13.333333333333332
    endloop
  endfacet
  facet normal -0.8128466845916162 -0.5824776968678008 0
    outer loop
      vertex -11.239172320792498 -8.624120244290209 0
      vertex -11.239172320792498 -8.624120244290209 13.333333333333332
      vertex -11.779152840952722 -7.870578301111031 13.333333333333332
    endloop
  endfacet
  facet normal -0.6343932841636466 -0.7730104533627361 0
    outer loop
      vertex -9.340732380584308 -10.651063939285512 0
      vertex -8.624120244290209 -11.239172320792498 13.333333333333332
      vertex -9.340732380584308 -10.651063939285512 13.333333333333332
    endloop
  endfacet
  facet normal -0.5824776968678008 -0.8128466845916162 0
    outer loop
      vertex -8.624120244290209 -11.239172320792498 0
      vertex -7.870578301111031 -11.779152840952722 13.333333333333332
      vertex -8.624120244290209 -11.239172320792498 13.333333333333332
    endloop
  endfacet
  facet normal -0.5280678506503685 -0.8492021815265786 0
    outer loop
      vertex -7.870578301111031 -11.779152840952722 0
      vertex -7.083333333333333 -12.268693220279546 13.333333333333332
      vertex -7.870578301111031 -11.779152840952722 13.333333333333332
    endloop
  endfacet
  facet normal -0.7298640726978369 -0.6835923020228699 0
    outer loop
      vertex -10.017346066809424 -10.017346066809424 0
      vertex -10.017346066809424 -10.017346066809424 13.333333333333332
      vertex -10.651063939285512 -9.340732380584308 13.333333333333332
    endloop
  endfacet
  facet normal -0.6835923020228699 -0.7298640726978369 0
    outer loop
      vertex -10.017346066809424 -10.017346066809424 0
      vertex -9.340732380584308 -10.651063939285512 13.333333333333332
      vertex -10.017346066809424 -10.017346066809424 13.333333333333332
    endloop
  endfacet
  facet normal -0.8819212643483549 -0.47139673682599803 0
    outer loop
      vertex -12.268693220279546 -7.083333333333333 0
      vertex -12.268693220279546 -7.083333333333333 13.333333333333332
      vertex -12.705697171713084 -6.265756444769185 13.333333333333332
    endloop
  endfacet
  facet normal -0.9108638249211762 -0.4127070298043937 0
    outer loop
      vertex -12.705697171713084 -6.265756444769185 0
      vertex -12.705697171713084 -6.265756444769185 13.333333333333332
      vertex -13.088293377243227 -5.421348625172105 13.333333333333332
    endloop
  endfacet
  facet normal -0.9569403357322092 -0.29028467725446144 0
    outer loop
      vertex -13.414843501180664 -4.553725758461455 0
      vertex -13.414843501180664 -4.553725758461455 13.333333333333332
      vertex -13.6839492057618 -3.666603138952377 13.333333333333332
    endloop
  endfacet
  facet normal -0.9359059267573248 -0.35225004792123604 0
    outer loop
      vertex -13.088293377243227 -5.421348625172105 0
      vertex -13.088293377243227 -5.421348625172105 13.333333333333332
      vertex -13.414843501180664 -4.553725758461455 13.333333333333332
    endloop
  endfacet
  facet normal -0.9738769792773339 -0.22707626303437223 0
    outer loop
      vertex -13.6839492057618 -3.666603138952377 0
      vertex -13.6839492057618 -3.666603138952377 13.333333333333332
      vertex -13.894458139045764 -2.7637795618951504 13.333333333333332
    endloop
  endfacet
  facet normal -0.986643332084879 -0.162895473394589 0
    outer loop
      vertex -13.894458139045764 -2.7637795618951504 0
      vertex -13.894458139045764 -2.7637795618951504 13.333333333333332
      vertex -14.045468869462313 -1.8491210564507305 13.333333333333332
    endloop
  endfacet
  facet normal -0.995184726672197 -0.09801714032955924 0
    outer loop
      vertex -14.045468869462313 -1.8491210564507305 0
      vertex -14.045468869462313 -1.8491210564507305 13.333333333333332
      vertex -14.136334745880214 -0.92654433076036 13.333333333333332
    endloop
  endfacet
  facet normal -0.9994645874763656 -0.0327190828217778 0
    outer loop
      vertex -14.136334745880214 -0.92654433076036 0
      vertex -14.136334745880214 -0.92654433076036 13.333333333333332
      vertex -14.166666666666666 0 13.333333333333332
    endloop
  endfacet
  facet normal 0 0 1
    outer loop
      vertex -13.088293377243227 -5.421348625172105 13.333333333333332
      vertex -13.414843501180664 4.553725758461455 13.333333333333332
      vertex -13.414843501180664 -4.553725758461455 13.333333333333332
    endloop
  endfacet
  facet normal 0 0 1
    outer loop
      vertex -12.705697171713084 -6.265756444769185 13.333333333333332
      vertex -13.088293377243227 5.421348625172105 13.333333333333332
      vertex -13.088293377243227 -5.421348625172105 13.333333333333332
    endloop
  endfacet
  facet normal 0 0 1
    outer loop
      vertex -12.705697171713084 -6.265756444769185 13.333333333333332
      vertex -12.268693220279546 -7.083333333333333 13.333333333333332
      vertex -12.705697171713084 6.265756444769185 13.333333333333332
    endloop
  endfacet
  facet normal 0 0 1
    outer loop
      vertex -13.894458139045764 -2.7637795618951504 13.333333333333332
      vertex -14.045468869462313 1.8491210564507305 13.333333333333332
      vertex -14.045468869462313 -1.8491210564507305 13.333333333333332
    endloop
  endfacet
  facet normal 0 0 1
    outer loop
      vertex -13.6839492057618 -3.666603138952377 13.333333333333332
      vertex -13.894458139045764 2.7637795618951504 13.333333333333332
      vertex -13.894458139045764 -2.7637795618951504 13.333333333333332
    endloop
  endfacet
  facet normal 0 0 1
    outer loop
      vertex -13.414843501180664 -4.553725758461455 13.333333333333332
      vertex -13.6839492057618 3.666603138952377 13.333333333333332
      vertex -13.6839492057618 -3.666603138952377 13.333333333333332
    endloop
  endfacet
  facet normal 0 0 1
    outer loop
      vertex -14.045468869462313 -1.8491210564507305 13.333333333333332
      vertex -14.136334745880214 0.92654433076036 13.333333333333332
      vertex -14.136334745880214 -0.92654433076036 13.333333333333332
    endloop
  endfacet
  facet normal 0 0 1
    outer loop
      vertex -11.779152840952722 -7.870578301111031 13.333333333333332
      vertex -11.239172320792498 -8.624120244290209 13.333333333333332
      vertex -11.779152840952722 7.870578301111031 13.333333333333332
    endloop
  endfacet
  facet normal 0 0 1
    outer loop
      vertex -11.779152840952722 -7.870578301111031 13.333333333333332
      vertex -12.268693220279546 7.083333333333333 13.333333333333332
      vertex -12.268693220279546 -7.083333333333333 13.333333333333332
    endloop
  endfacet
  facet normal 0 0 1
    outer loop
      vertex -10.651063939285512 -9.340732380584308 13.333333333333332
      vertex -11.239172320792498 8.624120244290209 13.333333333333332
      vertex -11.239172320792498 -8.624120244290209 13.333333333333332
    endloop
  endfacet
  facet normal 0 0 1
    outer loop
      vertex -9.340732380584308 -10.651063939285512 13.333333333333332
      vertex -10.017346066809424 10.017346066809424 13.333333333333332
      vertex -10.017346066809424 -10.017346066809424 13.333333333333332
    endloop
  endfacet
  facet normal 0 0 1
    outer loop
      vertex -9.340732380584308 -10.651063939285512 13.333333333333332
      vertex -8.624120244290209 -11.239172320792498 13.333333333333332
      vertex -9.340732380584308 10.651063939285512 13.333333333333332
    endloop
  endfacet
  facet normal 0 0 1
    outer loop
      vertex -8.624120244290209 -11.239172320792498 13.333333333333332
      vertex -7.870578301111031 -11.779152840952722 13.333333333333332
      vertex -8.624120244290209 11.239172320792498 13.333333333333332
    endloop
  endfacet
  facet normal 0 0 1
    outer loop
      vertex -7.870578301111031 -11.779152840952722 13.333333333333332
      vertex -7.083333333333333 -12.268693220279546 13.333333333333332
      vertex -7.870578301111031 11.779152840952722 13.333333333333332
    endloop
  endfacet
  facet normal 0 0 1
    outer loop
      vertex -10.651063939285512 -9.340732380584308 13.333333333333332
      vertex -10.017346066809424 -10.017346066809424 13.333333333333332
      vertex -10.651063939285512 9.340732380584308 13.333333333333332
    endloop
  endfacet
  facet normal -0.47139673682599803 -0.8819212643483549 0
    outer loop
      vertex -7.083333333333333 -12.268693220279546 0
      vertex -6.265756444769185 -12.705697171713084 13.333333333333332
      vertex -7.083333333333333 -12.268693220279546 13.333333333333332
    endloop
  endfacet
  facet normal -0.4127070298043937 -0.9108638249211762 0
    outer loop
      vertex -6.265756444769185 -12.705697171713084 0
      vertex -5.421348625172105 -13.088293377243227 13.333333333333332
      vertex -6.265756444769185 -12.705697171713084 13.333333333333332
    endloop
  endfacet
  facet normal -0.35225004792123604 -0.9359059267573248 0
    outer loop
      vertex -5.421348625172105 -13.088293377243227 0
      vertex -4.553725758461455 -13.414843501180664 13.333333333333332
      vertex -5.421348625172105 -13.088293377243227 13.333333333333332
    endloop
  endfacet
  facet normal -0.29028467725446144 -0.9569403357322092 0
    outer loop
      vertex -4.553725758461455 -13.414843501180664 0
      vertex -3.666603138952377 -13.6839492057618 13.333333333333332
      vertex -4.553725758461455 -13.414843501180664 13.333333333333332
    endloop
  endfacet
  facet normal -0.22707626303437223 -0.9738769792773339 0
    outer loop
      vertex -3.666603138952377 -13.6839492057618 0
      vertex -2.7637795618951504 -13.894458139045764 13.333333333333332
      vertex -3.666603138952377 -13.6839492057618 13.333333333333332
    endloop
  endfacet
  facet normal -0.162895473394589 -0.986643332084879 0
    outer loop
      vertex -2.7637795618951504 -13.894458139045764 0
      vertex -1.8491210564507305 -14.045468869462313 13.333333333333332
      vertex -2.7637795618951504 -13.894458139045764 13.333333333333332
    endloop
  endfacet
  facet normal -0.09801714032955924 -0.995184726672197 0
    outer loop
      vertex -1.8491210564507305 -14.045468869462313 0
      vertex -0.92654433076036 -14.136334745880214 13.333333333333332
      vertex -1.8491210564507305 -14.045468869462313 13.333333333333332
    endloop
  endfacet
  facet normal -0.0327190828217778 -0.9994645874763656 0
    outer loop
      vertex -0.92654433076036 -14.136334745880214 0
      vertex 0 -14.166666666666666 13.333333333333332
      vertex -0.92654433076036 -14.136334745880214 13.333333333333332
    endloop
  endfacet
  facet normal 0 0 1
    outer loop
      vertex -6.265756444769185 -12.705697171713084 13.333333333333332
      vertex -7.083333333333333 12.268693220279546 13.333333333333332
      vertex -7.083333333333333 -12.268693220279546 13.333333333333332
    endloop
  endfacet
  facet normal 0 0 1
    outer loop
      vertex -6.265756444769185 -12.705697171713084 13.333333333333332
      vertex -5.421348625172105 -13.088293377243227 13.333333333333332
      vertex -6.265756444769185 12.705697171713084 13.333333333333332
    endloop
  endfacet
  facet normal 0 0 1
    outer loop
      vertex -5.421348625172105 -13.088293377243227 13.333333333333332
      vertex -4.553725758461455 -13.414843501180664 13.333333333333332
      vertex -5.421348625172105 13.088293377243227 13.333333333333332
    endloop
  endfacet
  facet normal 0 0 1
    outer loop
      vertex -4.553725758461455 -13.414843501180664 13.333333333333332
      vertex -3.666603138952377 -13.6839492057618 13.333333333333332
      vertex -4.553725758461455 13.414843501180664 13.333333333333332
    endloop
  endfacet
  facet normal 0 0 1
    outer loop
      vertex -3.666603138952377 -13.6839492057618 13.333333333333332
      vertex -2.7637795618951504 -13.894458139045764 13.333333333333332
      vertex -3.666603138952377 13.6839492057618 13.333333333333332
    endloop
  endfacet
  facet normal 0 0 1
    outer loop
      vertex -2.7637795618951504 -13.894458139045764 13.333333333333332
      vertex -1.8491210564507305 -14.045468869462313 13.333333333333332
      vertex -2.7637795618951504 13.894458139045764 13.333333333333332
    endloop
  endfacet
  facet normal 0 0 1
    outer loop
      vertex -1.8491210564507305 -14.045468869462313 13.333333333333332
      vertex -0.92654433076036 -14.136334745880214 13.333333333333332
      vertex -1.8491210564507305 14.045468869462313 13.333333333333332
    endloop
  endfacet
  facet normal 0 0 1
    outer loop
      vertex -0.92654433076036 -14.136334745880214 13.333333333333332
      vertex 0 -14.166666666666666 13.333333333333332
      vertex -0.92654433076036 14.136334745880214 13.333333333333332
    endloop
  endfacet
  facet normal 0 0 -1
    outer loop
      vertex -14.136334745880214 -0.92654433076036 0
      vertex -14.166666666666666 0 0
      vertex -14.136334745880214 0.92654433076036 0
    endloop
  endfacet
  facet normal 0 0 -1
    outer loop
      vertex -14.136334745880214 -0.92654433076036 0
      vertex -14.136334745880214 0.92654433076036 0
      vertex -14.045468869462313 1.8491210564507305 0
    endloop
  endfacet
  facet normal 0 0 -1
    outer loop
      vertex -14.045468869462313 -1.8491210564507305 0
      vertex -14.045468869462313 1.8491210564507305 0
      vertex -13.894458139045764 2.7637795618951504 0
    endloop
  endfacet
  facet normal 0 0 -1
    outer loop
      vertex -13.894458139045764 -2.7637795618951504 0
      vertex -13.894458139045764 2.7637795618951504 0
      vertex -13.6839492057618 3.666603138952377 0
    endloop
  endfacet
  facet normal 0 0 -1
    outer loop
      vertex -13.6839492057618 -3.666603138952377 0
      vertex -13.6839492057618 3.666603138952377 0
      vertex -13.414843501180664 4.553725758461455 0
    endloop
  endfacet
  facet normal 0 0 -1
    outer loop
      vertex -13.414843501180664 -4.553725758461455 0
      vertex -13.414843501180664 4.553725758461455 0
      vertex -13.088293377243227 5.421348625172105 0
    endloop
  endfacet
  facet normal 0 0 -1
    outer loop
      vertex -13.088293377243227 -5.421348625172105 0
      vertex -13.088293377243227 5.421348625172105 0
      vertex -12.705697171713084 6.265756444769185 0
    endloop
  endfacet
  facet normal 0 0 -1
    outer loop
      vertex -12.705697171713084 -6.265756444769185 0
      vertex -12.705697171713084 6.265756444769185 0
      vertex -12.268693220279546 7.083333333333333 0
    endloop
  endfacet
  facet normal 0 0 -1
    outer loop
      vertex -12.268693220279546 -7.083333333333333 0
      vertex -12.268693220279546 7.083333333333333 0
      vertex -11.779152840952722 7.870578301111031 0
    endloop
  endfacet
  facet normal 0 0 -1
    outer loop
      vertex -11.779152840952722 -7.870578301111031 0
      vertex -11.779152840952722 7.870578301111031 0
      vertex -11.239172320792498 8.624120244290209 0
    endloop
  endfacet
  facet normal 0 0 -1
    outer loop
      vertex -11.239172320792498 -8.624120244290209 0
      vertex -11.239172320792498 8.624120244290209 0
      vertex -10.651063939285512 9.340732380584308 0
    endloop
  endfacet
  facet normal 0 0 -1
    outer loop
      vertex -10.651063939285512 -9.340732380584308 0
      vertex -10.651063939285512 9.340732380584308 0
      vertex -10.017346066809424 10.017346066809424 0
    endloop
  endfacet
  facet normal 0 0 -1
    outer loop
      vertex -10.017346066809424 -10.017346066809424 0
      vertex -10.017346066809424 10.017346066809424 0
      vertex -9.340732380584308 10.651063939285512 0
    endloop
  endfacet
  facet normal 0 0 -1
    outer loop
      vertex -9.340732380584308 -10.651063939285512 0
      vertex -9.340732380584308 10.651063939285512 0
      vertex -8.624120244290209 11.239172320792498 0
    endloop
  endfacet
  facet normal 0 0 -1
    outer loop
      vertex -8.624120244290209 -11.239172320792498 0
      vertex -8.624120244290209 11.239172320792498 0
      vertex -7.870578301111031 11.779152840952722 0
    endloop
  endfacet
  facet normal 0 0 -1
    outer loop
      vertex -7.870578301111031 -11.779152840952722 0
      vertex -7.870578301111031 11.779152840952722 0
      vertex -7.083333333333333 12.268693220279546 0
    endloop
  endfacet
  facet normal -0.9994645874763656 0.0327190828217778 0
    outer loop
      vertex -14.166666666666666 0 0
      vertex -14.136334745880214 0.92654433076036 13.333333333333332
      vertex -14.136334745880214 0.92654433076036 0
    endloop
  endfacet
  facet normal -0.995184726672197 0.09801714032955924 0
    outer loop
      vertex -14.136334745880214 0.92654433076036 0
      vertex -14.045468869462313 1.8491210564507305 13.333333333333332
      vertex -14.045468869462313 1.8491210564507305 0
    endloop
  endfacet
  facet normal -0.986643332084879 0.162895473394589 0
    outer loop
      vertex -14.045468869462313 1.8491210564507305 0
      vertex -13.894458139045764 2.7637795618951504 13.333333333333332
      vertex -13.894458139045764 2.7637795618951504 0
    endloop
  endfacet
  facet normal -0.9738769792773339 0.22707626303437223 0
    outer loop
      vertex -13.894458139045764 2.7637795618951504 0
      vertex -13.6839492057618 3.666603138952377 13.333333333333332
      vertex -13.6839492057618 3.666603138952377 0
    endloop
  endfacet
  facet normal -0.9569403357322092 0.29028467725446144 0
    outer loop
      vertex -13.6839492057618 3.666603138952377 0
      vertex -13.414843501180664 4.553725758461455 13.333333333333332
      vertex -13.414843501180664 4.553725758461455 0
    endloop
  endfacet
  facet normal -0.9359059267573248 0.35225004792123604 0
    outer loop
      vertex -13.414843501180664 4.553725758461455 0
      vertex -13.088293377243227 5.421348625172105 13.333333333333332
      vertex -13.088293377243227 5.421348625172105 0
    endloop
  endfacet
  facet normal -0.9108638249211762 0.4127070298043937 0
    outer loop
      vertex -13.088293377243227 5.421348625172105 0
      vertex -12.705697171713084 6.265756444769185 13.333333333333332
      vertex -12.705697171713084 6.265756444769185 0
    endloop
  endfacet
  facet normal -0.8819212643483549 0.47139673682599803 0
    outer loop
      vertex -12.705697171713084 6.265756444769185 0
      vertex -12.268693220279546 7.083333333333333 13.333333333333332
      vertex -12.268693220279546 7.083333333333333 0
    endloop
  endfacet
  facet normal -0.8492021815265786 0.5280678506503685 0
    outer loop
      vertex -12.268693220279546 7.083333333333333 0
      vertex -11.779152840952722 7.870578301111031 13.333333333333332
      vertex -11.779152840952722 7.870578301111031 0
    endloop
  endfacet
  facet normal -0.8128466845916162 0.5824776968678008 0
    outer loop
      vertex -11.779152840952722 7.870578301111031 0
      vertex -11.239172320792498 8.624120244290209 13.333333333333332
      vertex -11.239172320792498 8.624120244290209 0
    endloop
  endfacet
  facet normal -0.7730104533627361 0.6343932841636466 0
    outer loop
      vertex -11.239172320792498 8.624120244290209 0
      vertex -10.651063939285512 9.340732380584308 13.333333333333332
      vertex -10.651063939285512 9.340732380584308 0
    endloop
  endfacet
  facet normal -0.7298640726978369 0.6835923020228699 0
    outer loop
      vertex -10.651063939285512 9.340732380584308 0
      vertex -10.017346066809424 10.017346066809424 13.333333333333332
      vertex -10.017346066809424 10.017346066809424 0
    endloop
  endfacet
  facet normal -0.6835923020228699 0.7298640726978369 0
    outer loop
      vertex -10.017346066809424 10.017346066809424 0
      vertex -10.017346066809424 10.017346066809424 13.333333333333332
      vertex -9.340732380584308 10.651063939285512 0
    endloop
  endfacet
  facet normal -0.6343932841636466 0.7730104533627361 0
    outer loop
      vertex -9.340732380584308 10.651063939285512 0
      vertex -9.340732380584308 10.651063939285512 13.333333333333332
      vertex -8.624120244290209 11.239172320792498 0
    endloop
  endfacet
  facet normal -0.5824776968678008 0.8128466845916162 0
    outer loop
      vertex -8.624120244290209 11.239172320792498 0
      vertex -8.624120244290209 11.239172320792498 13.333333333333332
      vertex -7.870578301111031 11.779152840952722 0
    endloop
  endfacet
  facet normal -0.5280678506503685 0.8492021815265786 0
    outer loop
      vertex -7.870578301111031 11.779152840952722 0
      vertex -7.870578301111031 11.779152840952722 13.333333333333332
      vertex -7.083333333333333 12.268693220279546 0
    endloop
  endfacet
  facet normal 0 0 -1
    outer loop
      vertex -7.083333333333333 -12.268693220279546 0
      vertex -7.083333333333333 12.268693220279546 0
      vertex -6.265756444769185 12.705697171713084 0
    endloop
  endfacet
  facet normal 0 0 -1
    outer loop
      vertex -6.265756444769185 -12.705697171713084 0
      vertex -6.265756444769185 12.705697171713084 0
      vertex -5.421348625172105 13.088293377243227 0
    endloop
  endfacet
  facet normal 0 0 -1
    outer loop
      vertex -5.421348625172105 -13.088293377243227 0
      vertex -5.421348625172105 13.088293377243227 0
      vertex -4.553725758461455 13.414843501180664 0
    endloop
  endfacet
  facet normal 0 0 -1
    outer loop
      vertex -4.553725758461455 -13.414843501180664 0
      vertex -4.553725758461455 13.414843501180664 0
      vertex -3.666603138952377 13.6839492057618 0
    endloop
  endfacet
  facet normal 0 0 -1
    outer loop
      vertex -1.8491210564507305 -14.045468869462313 0
      vertex -1.8491210564507305 14.045468869462313 0
      vertex -1.675 0 0
    endloop
  endfacet
  facet normal 0 0 -1
    outer loop
      vertex -3.666603138952377 -13.6839492057618 0
      vertex -3.666603138952377 13.6839492057618 0
      vertex -2.7637795618951504 13.894458139045764 0
    endloop
  endfacet
  facet normal 0 0 -1
    outer loop
      vertex -2.7637795618951504 -13.894458139045764 0
      vertex -2.7637795618951504 13.894458139045764 0
      vertex -1.8491210564507305 14.045468869462313 0
    endloop
  endfacet
  facet normal 0 0 -1
    outer loop
      vertex -1.8491210564507305 14.045468869462313 0
      vertex -1.6714136964246609 0.10955024146048964 0
      vertex -1.675 0 0
    endloop
  endfacet
  facet normal 0 0 -1
    outer loop
      vertex -1.8491210564507305 14.045468869462313 0
      vertex -1.6606701428011326 0.2186313719685864 0
      vertex -1.6714136964246609 0.10955024146048964 0
    endloop
  endfacet
  facet normal 0 0 -1
    outer loop
      vertex -1.8491210564507305 14.045468869462313 0
      vertex -1.642815344675411 0.3267762893770148 0
      vertex -1.6606701428011326 0.2186313719685864 0
    endloop
  endfacet
  facet normal 0 0 -1
    outer loop
      vertex -1.8491210564507305 14.045468869462313 0
      vertex -1.6179257590341893 0.43352190054672224 0
      vertex -1.642815344675411 0.3267762893770148 0
    endloop
  endfacet
  facet normal 0 0 -1
    outer loop
      vertex -1.8491210564507305 14.045468869462313 0
      vertex -1.5861079669043021 0.5384111043827957 0
      vertex -1.6179257590341893 0.43352190054672224 0
    endloop
  endfacet
  facet normal 0 0 -1
    outer loop
      vertex -1.8491210564507305 14.045468869462313 0
      vertex -1.5474982169564053 0.6409947492115253 0
      vertex -1.5861079669043021 0.5384111043827957 0
    endloop
  endfacet
  facet normal 0 0 -1
    outer loop
      vertex -1.8491210564507305 14.045468869462313 0
      vertex -1.5022618420672527 0.7408335561168272 0
      vertex -1.5474982169564053 0.6409947492115253 0
    endloop
  endfacet
  facet normal 0 0 -1
    outer loop
      vertex -1.8491210564507305 14.045468869462313 0
      vertex -1.4505925513389348 0.8375 0
      vertex -1.5022618420672527 0.7408335561168272 0
    endloop
  endfacet
  facet normal 0 0 -1
    outer loop
      vertex -1.8491210564507305 14.045468869462313 0
      vertex -1.3927116006067632 0.9305801403078338 0
      vertex -1.4505925513389348 0.8375 0
    endloop
  endfacet
  facet normal 0 0 -1
    outer loop
      vertex -0.92654433076036 14.136334745880214 0
      vertex -1.328866844987819 1.019675393589607 0
      vertex -1.3927116006067632 0.9305801403078338 0
    endloop
  endfacet
  facet normal 0 0 -1
    outer loop
      vertex -0.92654433076036 14.136334745880214 0
      vertex -1.2593316775272871 1.1044042402926153 0
      vertex -1.328866844987819 1.019675393589607 0
    endloop
  endfacet
  facet normal 0 0 -1
    outer loop
      vertex -0.92654433076036 14.136334745880214 0
      vertex -1.1844038584874672 1.1844038584874672 0
      vertex -1.2593316775272871 1.1044042402926153 0
    endloop
  endfacet
  facet normal 0 0 -1
    outer loop
      vertex -0.92654433076036 14.136334745880214 0
      vertex -1.1044042402926153 1.2593316775272871 0
      vertex -1.1844038584874672 1.1844038584874672 0
    endloop
  endfacet
  facet normal 0 0 -1
    outer loop
      vertex -0.92654433076036 14.136334745880214 0
      vertex -1.019675393589607 1.328866844987819 0
      vertex -1.1044042402926153 1.2593316775272871 0
    endloop
  endfacet
  facet normal 0 0 -1
    outer loop
      vertex -0.92654433076036 14.136334745880214 0
      vertex -0.9305801403078338 1.3927116006067632 0
      vertex -1.019675393589607 1.328866844987819 0
    endloop
  endfacet
  facet normal 0 0 -1
    outer loop
      vertex -0.92654433076036 14.136334745880214 0
      vertex -0.8375 1.4505925513389348 0
      vertex -0.9305801403078338 1.3927116006067632 0
    endloop
  endfacet
  facet normal 0 0 -1
    outer loop
      vertex -0.92654433076036 14.136334745880214 0
      vertex -0.7408335561168272 1.5022618420672527 0
      vertex -0.8375 1.4505925513389348 0
    endloop
  endfacet
  facet normal 0 0 -1
    outer loop
      vertex -0.92654433076036 14.136334745880214 0
      vertex -0.6409947492115253 1.5474982169564053 0
      vertex -0.7408335561168272 1.5022618420672527 0
    endloop
  endfacet
  facet normal 0 0 -1
    outer loop
      vertex -0.92654433076036 14.136334745880214 0
      vertex -0.5384111043827957 1.5861079669043021 0
      vertex -0.6409947492115253 1.5474982169564053 0
    endloop
  endfacet
  facet normal 0 0 -1
    outer loop
      vertex -0.92654433076036 14.136334745880214 0
      vertex -0.43352190054672224 1.6179257590341893 0
      vertex -0.5384111043827957 1.5861079669043021 0
    endloop
  endfacet
  facet normal 0 0 -1
    outer loop
      vertex 0 14.166666666666666 0
      vertex -0.3267762893770148 1.642815344675411 0
      vertex -0.43352190054672224 1.6179257590341893 0
    endloop
  endfacet
  facet normal 0 0 -1
    outer loop
      vertex 0 14.166666666666666 0
      vertex -0.2186313719685864 1.6606701428011326 0
      vertex -0.3267762893770148 1.642815344675411 0
    endloop
  endfacet
  facet normal 0 0 -1
    outer loop
      vertex 0 14.166666666666666 0
      vertex -0.10955024146048964 1.6714136964246609 0
      vertex -0.2186313719685864 1.6606701428011326 0
    endloop
  endfacet
  facet normal 0 0 -1
    outer loop
      vertex 0 14.166666666666666 0
      vertex 0 1.675 0
      vertex -0.10955024146048964 1.6714136964246609 0
    endloop
  endfacet
  facet normal 0 0 -1
    outer loop
      vertex -1.8491210564507305 14.045468869462313 0
      vertex -0.92654433076036 14.136334745880214 0
      vertex -1.3927116006067632 0.9305801403078338 0
    endloop
  endfacet
  facet normal 0 0 -1
    outer loop
      vertex -0.92654433076036 14.136334745880214 0
      vertex 0 14.166666666666666 0
      vertex -0.43352190054672224 1.6179257590341893 0
    endloop
  endfacet
  facet normal -0.47139673682599803 0.8819212643483549 0
    outer loop
      vertex -7.083333333333333 12.268693220279546 0
      vertex -7.083333333333333 12.268693220279546 13.333333333333332
      vertex -6.265756444769185 12.705697171713084 0
    endloop
  endfacet
  facet normal -0.4127070298043937 0.9108638249211762 0
    outer loop
      vertex -6.265756444769185 12.705697171713084 0
      vertex -6.265756444769185 12.705697171713084 13.333333333333332
      vertex -5.421348625172105 13.088293377243227 0
    endloop
  endfacet
  facet normal -0.35225004792123604 0.9359059267573248 0
    outer loop
      vertex -5.421348625172105 13.088293377243227 0
      vertex -5.421348625172105 13.088293377243227 13.333333333333332
      vertex -4.553725758461455 13.414843501180664 0
    endloop
  endfacet
  facet normal -0.29028467725446144 0.9569403357322092 0
    outer loop
      vertex -4.553725758461455 13.414843501180664 0
      vertex -4.553725758461455 13.414843501180664 13.333333333333332
      vertex -3.666603138952377 13.6839492057618 0
    endloop
  endfacet
  facet normal -0.22707626303437223 0.9738769792773339 0
    outer loop
      vertex -3.666603138952377 13.6839492057618 0
      vertex -3.666603138952377 13.6839492057618 13.333333333333332
      vertex -2.7637795618951504 13.894458139045764 0
    endloop
  endfacet
  facet normal -0.162895473394589 0.986643332084879 0
    outer loop
      vertex -2.7637795618951504 13.894458139045764 0
      vertex -2.7637795618951504 13.894458139045764 13.333333333333332
      vertex -1.8491210564507305 14.045468869462313 0
    endloop
  endfacet
  facet normal -0.09801714032955924 0.995184726672197 0
    outer loop
      vertex -1.8491210564507305 14.045468869462313 0
      vertex -1.8491210564507305 14.045468869462313 13.333333333333332
      vertex -0.92654433076036 14.136334745880214 0
    endloop
  endfacet
  facet normal -0.0327190828217778 0.9994645874763656 0
    outer loop
      vertex -0.92654433076036 14.136334745880214 0
      vertex -0.92654433076036 14.136334745880214 13.333333333333332
      vertex 0 14.166666666666666 0
    endloop
  endfacet
  facet normal -0.9994645874763656 0.0327190828217778 0
    outer loop
      vertex -14.166666666666666 0 0
      vertex -14.166666666666666 0 13.333333333333332
      vertex -14.136334745880214 0.92654433076036 13.333333333333332
    endloop
  endfacet
  facet normal -0.995184726672197 0.09801714032955924 0
    outer loop
      vertex -14.136334745880214 0.92654433076036 0
      vertex -14.136334745880214 0.92654433076036 13.333333333333332
      vertex -14.045468869462313 1.8491210564507305 13.333333333333332
    endloop
  endfacet
  facet normal -0.986643332084879 0.162895473394589 0
    outer loop
      vertex -14.045468869462313 1.8491210564507305 0
      vertex -14.045468869462313 1.8491210564507305 13.333333333333332
      vertex -13.894458139045764 2.7637795618951504 13.333333333333332
    endloop
  endfacet
  facet normal -0.9738769792773339 0.22707626303437223 0
    outer loop
      vertex -13.894458139045764 2.7637795618951504 0
      vertex -13.894458139045764 2.7637795618951504 13.333333333333332
      vertex -13.6839492057618 3.666603138952377 13.333333333333332
    endloop
  endfacet
  facet normal -0.9569403357322092 0.29028467725446144 0
    outer loop
      vertex -13.6839492057618 3.666603138952377 0
      vertex -13.6839492057618 3.666603138952377 13.333333333333332
      vertex -13.414843501180664 4.553725758461455 13.333333333333332
    endloop
  endfacet
  facet normal -0.9359059267573248 0.35225004792123604 0
    outer loop
      vertex -13.414843501180664 4.553725758461455 0
      vertex -13.414843501180664 4.553725758461455 13.333333333333332
      vertex -13.088293377243227 5.421348625172105 13.333333333333332
    endloop
  endfacet
  facet normal -0.9108638249211762 0.4127070298043937 0
    outer loop
      vertex -13.088293377243227 5.421348625172105 0
      vertex -13.088293377243227 5.421348625172105 13.333333333333332
      vertex -12.705697171713084 6.265756444769185 13.333333333333332
    endloop
  endfacet
  facet normal -0.8819212643483549 0.47139673682599803 0
    outer loop
      vertex -12.705697171713084 6.265756444769185 0
      vertex -12.705697171713084 6.265756444769185 13.333333333333332
      vertex -12.268693220279546 7.083333333333333 13.333333333333332
    endloop
  endfacet
  facet normal 0 0 1
    outer loop
      vertex -14.136334745880214 -0.92654433076036 13.333333333333332
      vertex -14.136334745880214 0.92654433076036 13.333333333333332
      vertex -14.166666666666666 0 13.333333333333332
    endloop
  endfacet
  facet normal 0 0 1
    outer loop
      vertex -14.045468869462313 -1.8491210564507305 13.333333333333332
      vertex -14.045468869462313 1.8491210564507305 13.333333333333332
      vertex -14.136334745880214 0.92654433076036 13.333333333333332
    endloop
  endfacet
  facet normal 0 0 1
    outer loop
      vertex -13.894458139045764 -2.7637795618951504 13.333333333333332
      vertex -13.894458139045764 2.7637795618951504 13.333333333333332
      vertex -14.045468869462313 1.8491210564507305 13.333333333333332
    endloop
  endfacet
  facet normal 0 0 1
    outer loop
      vertex -13.6839492057618 -3.666603138952377 13.333333333333332
      vertex -13.6839492057618 3.666603138952377 13.333333333333332
      vertex -13.894458139045764 2.7637795618951504 13.333333333333332
    endloop
  endfacet
  facet normal 0 0 1
    outer loop
      vertex -13.414843501180664 -4.553725758461455 13.333333333333332
      vertex -13.414843501180664 4.553725758461455 13.333333333333332
      vertex -13.6839492057618 3.666603138952377 13.333333333333332
    endloop
  endfacet
  facet normal 0 0 1
    outer loop
      vertex -13.088293377243227 -5.421348625172105 13.333333333333332
      vertex -13.088293377243227 5.421348625172105 13.333333333333332
      vertex -13.414843501180664 4.553725758461455 13.333333333333332
    endloop
  endfacet
  facet normal 0 0 1
    outer loop
      vertex -12.705697171713084 -6.265756444769185 13.333333333333332
      vertex -12.705697171713084 6.265756444769185 13.333333333333332
      vertex -13.088293377243227 5.421348625172105 13.333333333333332
    endloop
  endfacet
  facet normal 0 0 1
    outer loop
      vertex -12.268693220279546 -7.083333333333333 13.333333333333332
      vertex -12.268693220279546 7.083333333333333 13.333333333333332
      vertex -12.705697171713084 6.265756444769185 13.333333333333332
    endloop
  endfacet
  facet normal 0 0 1
    outer loop
      vertex -11.779152840952722 -7.870578301111031 13.333333333333332
      vertex -11.779152840952722 7.870578301111031 13.333333333333332
      vertex -12.268693220279546 7.083333333333333 13.333333333333332
    endloop
  endfacet
  facet normal 0 0 1
    outer loop
      vertex -11.239172320792498 -8.624120244290209 13.333333333333332
      vertex -11.239172320792498 8.624120244290209 13.333333333333332
      vertex -11.779152840952722 7.870578301111031 13.333333333333332
    endloop
  endfacet
  facet normal 0 0 1
    outer loop
      vertex -10.651063939285512 -9.340732380584308 13.333333333333332
      vertex -10.651063939285512 9.340732380584308 13.333333333333332
      vertex -11.239172320792498 8.624120244290209 13.333333333333332
    endloop
  endfacet
  facet normal 0 0 1
    outer loop
      vertex -10.017346066809424 -10.017346066809424 13.333333333333332
      vertex -10.017346066809424 10.017346066809424 13.333333333333332
      vertex -10.651063939285512 9.340732380584308 13.333333333333332
    endloop
  endfacet
  facet normal 0 0 1
    outer loop
      vertex -9.340732380584308 -10.651063939285512 13.333333333333332
      vertex -9.340732380584308 10.651063939285512 13.333333333333332
      vertex -10.017346066809424 10.017346066809424 13.333333333333332
    endloop
  endfacet
  facet normal 0 0 1
    outer loop
      vertex -8.624120244290209 -11.239172320792498 13.333333333333332
      vertex -8.624120244290209 11.239172320792498 13.333333333333332
      vertex -9.340732380584308 10.651063939285512 13.333333333333332
    endloop
  endfacet
  facet normal 0 0 1
    outer loop
      vertex -7.870578301111031 -11.779152840952722 13.333333333333332
      vertex -7.870578301111031 11.779152840952722 13.333333333333332
      vertex -8.624120244290209 11.239172320792498 13.333333333333332
    endloop
  endfacet
  facet normal 0 0 1
    outer loop
      vertex -7.083333333333333 -12.268693220279546 13.333333333333332
      vertex -7.083333333333333 12.268693220279546 13.333333333333332
      vertex -7.870578301111031 11.779152840952722 13.333333333333332
    endloop
  endfacet
  facet normal -0.8492021815265786 0.5280678506503685 0
    outer loop
      vertex -12.268693220279546 7.083333333333333 0
      vertex -12.268693220279546 7.083333333333333 13.333333333333332
      vertex -11.779152840952722 7.870578301111031 13.333333333333332
    endloop
  endfacet
  facet normal -0.8128466845916162 0.5824776968678008 0
    outer loop
      vertex -11.779152840952722 7.870578301111031 0
      vertex -11.779152840952722 7.870578301111031 13.333333333333332
      vertex -11.239172320792498 8.624120244290209 13.333333333333332
    endloop
  endfacet
  facet normal -0.7730104533627361 0.6343932841636466 0
    outer loop
      vertex -11.239172320792498 8.624120244290209 0
      vertex -11.239172320792498 8.624120244290209 13.333333333333332
      vertex -10.651063939285512 9.340732380584308 13.333333333333332
    endloop
  endfacet
  facet normal -0.7298640726978369 0.6835923020228699 0
    outer loop
      vertex -10.651063939285512 9.340732380584308 0
      vertex -10.651063939285512 9.340732380584308 13.333333333333332
      vertex -10.017346066809424 10.017346066809424 13.333333333333332
    endloop
  endfacet
  facet normal -0.6835923020228699 0.7298640726978369 0
    outer loop
      vertex -9.340732380584308 10.651063939285512 0
      vertex -10.017346066809424 10.017346066809424 13.333333333333332
      vertex -9.340732380584308 10.651063939285512 13.333333333333332
    endloop
  endfacet
  facet normal -0.6343932841636466 0.7730104533627361 0
    outer loop
      vertex -8.624120244290209 11.239172320792498 0
      vertex -9.340732380584308 10.651063939285512 13.333333333333332
      vertex -8.624120244290209 11.239172320792498 13.333333333333332
    endloop
  endfacet
  facet normal -0.5824776968678008 0.8128466845916162 0
    outer loop
      vertex -7.870578301111031 11.779152840952722 0
      vertex -8.624120244290209 11.239172320792498 13.333333333333332
      vertex -7.870578301111031 11.779152840952722 13.333333333333332
    endloop
  endfacet
  facet normal -0.5280678506503685 0.8492021815265786 0
    outer loop
      vertex -7.083333333333333 12.268693220279546 0
      vertex -7.870578301111031 11.779152840952722 13.333333333333332
      vertex -7.083333333333333 12.268693220279546 13.333333333333332
    endloop
  endfacet
  facet normal 0 0 1
    outer loop
      vertex -6.265756444769185 -12.705697171713084 13.333333333333332
      vertex -6.265756444769185 12.705697171713084 13.333333333333332
      vertex -7.083333333333333 12.268693220279546 13.333333333333332
    endloop
  endfacet
  facet normal 0 0 1
    outer loop
      vertex -5.421348625172105 -13.088293377243227 13.333333333333332
      vertex -5.421348625172105 13.088293377243227 13.333333333333332
      vertex -6.265756444769185 12.705697171713084 13.333333333333332
    endloop
  endfacet
  facet normal 0 0 1
    outer loop
      vertex -4.553725758461455 -13.414843501180664 13.333333333333332
      vertex -4.553725758461455 13.414843501180664 13.333333333333332
      vertex -5.421348625172105 13.088293377243227 13.333333333333332
    endloop
  endfacet
  facet normal 0 0 1
    outer loop
      vertex -3.666603138952377 -13.6839492057618 13.333333333333332
      vertex -3.666603138952377 13.6839492057618 13.333333333333332
      vertex -4.553725758461455 13.414843501180664 13.333333333333332
    endloop
  endfacet
  facet normal 0 0 1
    outer loop
      vertex -2.7637795618951504 -13.894458139045764 13.333333333333332
      vertex -2.7637795618951504 13.894458139045764 13.333333333333332
      vertex -3.666603138952377 13.6839492057618 13.333333333333332
    endloop
  endfacet
  facet normal 0 0 1
    outer loop
      vertex -1.8491210564507305 -14.045468869462313 13.333333333333332
      vertex -1.8491210564507305 14.045468869462313 13.333333333333332
      vertex -2.7637795618951504 13.894458139045764 13.333333333333332
    endloop
  endfacet
  facet normal 0 0 1
    outer loop
      vertex -0.92654433076036 -14.136334745880214 13.333333333333332
      vertex -0.92654433076036 14.136334745880214 13.333333333333332
      vertex -1.8491210564507305 14.045468869462313 13.333333333333332
    endloop
  endfacet
  facet normal 0 0 1
    outer loop
      vertex -0.92654433076036 14.136334745880214 13.333333333333332
      vertex 0 -14.166666666666666 13.333333333333332
      vertex 0 14.166666666666666 13.333333333333332
    endloop
  endfacet
  facet normal -0.47139673682599803 0.8819212643483549 0
    outer loop
      vertex -6.265756444769185 12.705697171713084 0
      vertex -7.083333333333333 12.268693220279546 13.333333333333332
      vertex -6.265756444769185 12.705697171713084 13.333333333333332
    endloop
  endfacet
  facet normal -0.4127070298043937 0.9108638249211762 0
    outer loop
      vertex -5.421348625172105 13.088293377243227 0
      vertex -6.265756444769185 12.705697171713084 13.333333333333332
      vertex -5.421348625172105 13.088293377243227 13.333333333333332
    endloop
  endfacet
  facet normal -0.35225004792123604 0.9359059267573248 0
    outer loop
      vertex -4.553725758461455 13.414843501180664 0
      vertex -5.421348625172105 13.088293377243227 13.333333333333332
      vertex -4.553725758461455 13.414843501180664 13.333333333333332
    endloop
  endfacet
  facet normal -0.29028467725446144 0.9569403357322092 0
    outer loop
      vertex -3.666603138952377 13.6839492057618 0
      vertex -4.553725758461455 13.414843501180664 13.333333333333332
      vertex -3.666603138952377 13.6839492057618 13.333333333333332
    endloop
  endfacet
  facet normal -0.22707626303437223 0.9738769792773339 0
    outer loop
      vertex -2.7637795618951504 13.894458139045764 0
      vertex -3.666603138952377 13.6839492057618 13.333333333333332
      vertex -2.7637795618951504 13.894458139045764 13.333333333333332
    endloop
  endfacet
  facet normal -0.162895473394589 0.986643332084879 0
    outer loop
      vertex -1.8491210564507305 14.045468869462313 0
      vertex -2.7637795618951504 13.894458139045764 13.333333333333332
      vertex -1.8491210564507305 14.045468869462313 13.333333333333332
    endloop
  endfacet
  facet normal -0.09801714032955924 0.995184726672197 0
    outer loop
      vertex -0.92654433076036 14.136334745880214 0
      vertex -1.8491210564507305 14.045468869462313 13.333333333333332
      vertex -0.92654433076036 14.136334745880214 13.333333333333332
    endloop
  endfacet
  facet normal -0.0327190828217778 0.9994645874763656 0
    outer loop
      vertex -0.92654433076036 14.136334745880214 13.333333333333332
      vertex 0 14.166666666666666 13.333333333333332
      vertex 0 14.166666666666666 0
    endloop
  endfacet
  facet normal 0 0 -1
    outer loop
      vertex 0 -14.166666666666666 0
      vertex 0.43352190054672224 -1.6179257590341893 0
      vertex 0.92654433076036 -14.136334745880214 0
    endloop
  endfacet
  facet normal 0 0 -1
    outer loop
      vertex 0.92654433076036 -14.136334745880214 0
      vertex 1.3927116006067632 -0.9305801403078338 0
      vertex 1.8491210564507305 -14.045468869462313 0
    endloop
  endfacet
  facet normal 0.0327190828217778 -0.9994645874763656 0
    outer loop
      vertex 0 -14.166666666666666 0
      vertex 0.92654433076036 -14.136334745880214 0
      vertex 0.92654433076036 -14.136334745880214 13.333333333333332
    endloop
  endfacet
  facet normal 0.09801714032955924 -0.995184726672197 0
    outer loop
      vertex 0.92654433076036 -14.136334745880214 0
      vertex 1.8491210564507305 -14.045468869462313 0
      vertex 1.8491210564507305 -14.045468869462313 13.333333333333332
    endloop
  endfacet
  facet normal 0.162895473394589 -0.986643332084879 0
    outer loop
      vertex 1.8491210564507305 -14.045468869462313 0
      vertex 2.7637795618951504 -13.894458139045764 0
      vertex 2.7637795618951504 -13.894458139045764 13.333333333333332
    endloop
  endfacet
  facet normal 0.22707626303437223 -0.9738769792773339 0
    outer loop
      vertex 2.7637795618951504 -13.894458139045764 0
      vertex 3.666603138952377 -13.6839492057618 0
      vertex 3.666603138952377 -13.6839492057618 13.333333333333332
    endloop
  endfacet
  facet normal 0.29028467725446144 -0.9569403357322092 0
    outer loop
      vertex 3.666603138952377 -13.6839492057618 0
      vertex 4.553725758461455 -13.414843501180664 0
      vertex 4.553725758461455 -13.414843501180664 13.333333333333332
    endloop
  endfacet
  facet normal 0.35225004792123604 -0.9359059267573248 0
    outer loop
      vertex 4.553725758461455 -13.414843501180664 0
      vertex 5.421348625172105 -13.088293377243227 0
      vertex 5.421348625172105 -13.088293377243227 13.333333333333332
    endloop
  endfacet
  facet normal 0.4127070298043937 -0.9108638249211762 0
    outer loop
      vertex 5.421348625172105 -13.088293377243227 0
      vertex 6.265756444769185 -12.705697171713084 0
      vertex 6.265756444769185 -12.705697171713084 13.333333333333332
    endloop
  endfacet
  facet normal 0.47139673682599803 -0.8819212643483549 0
    outer loop
      vertex 6.265756444769185 -12.705697171713084 0
      vertex 7.083333333333333 -12.268693220279546 0
      vertex 7.083333333333333 -12.268693220279546 13.333333333333332
    endloop
  endfacet
  facet normal 0 0 -1
    outer loop
      vertex 0 -14.166666666666666 0
      vertex 0 -1.675 0
      vertex 0.10955024146048964 -1.6714136964246609 0
    endloop
  endfacet
  facet normal 0 0 -1
    outer loop
      vertex 0 -14.166666666666666 0
      vertex 0.10955024146048964 -1.6714136964246609 0
      vertex 0.2186313719685864 -1.6606701428011326 0
    endloop
  endfacet
  facet normal 0 0 -1
    outer loop
      vertex 0 -14.166666666666666 0
      vertex 0.2186313719685864 -1.6606701428011326 0
      vertex 0.3267762893770148 -1.642815344675411 0
    endloop
  endfacet
  facet normal 0 0 -1
    outer loop
      vertex 0 -14.166666666666666 0
      vertex 0.3267762893770148 -1.642815344675411 0
      vertex 0.43352190054672224 -1.6179257590341893 0
    endloop
  endfacet
  facet normal 0 0 -1
    outer loop
      vertex 0.92654433076036 -14.136334745880214 0
      vertex 0.43352190054672224 -1.6179257590341893 0
      vertex 0.5384111043827957 -1.5861079669043021 0
    endloop
  endfacet
  facet normal 0 0 -1
    outer loop
      vertex 0.92654433076036 -14.136334745880214 0
      vertex 0.5384111043827957 -1.5861079669043021 0
      vertex 0.6409947492115253 -1.5474982169564053 0
    endloop
  endfacet
  facet normal 0 0 -1
    outer loop
      vertex 0.92654433076036 -14.136334745880214 0
      vertex 0.6409947492115253 -1.5474982169564053 0
      vertex 0.7408335561168272 -1.5022618420672527 0
    endloop
  endfacet
  facet normal 0 0 -1
    outer loop
      vertex 0.92654433076036 -14.136334745880214 0
      vertex 0.7408335561168272 -1.5022618420672527 0
      vertex 0.8375 -1.4505925513389348 0
    endloop
  endfacet
  facet normal 0 0 -1
    outer loop
      vertex 0.92654433076036 -14.136334745880214 0
      vertex 0.8375 -1.4505925513389348 0
      vertex 0.9305801403078338 -1.3927116006067632 0
    endloop
  endfacet
  facet normal 0 0 -1
    outer loop
      vertex 0.92654433076036 -14.136334745880214 0
      vertex 0.9305801403078338 -1.3927116006067632 0
      vertex 1.019675393589607 -1.328866844987819 0
    endloop
  endfacet
  facet normal 0 0 -1
    outer loop
      vertex 0.92654433076036 -14.136334745880214 0
      vertex 1.019675393589607 -1.328866844987819 0
      vertex 1.1044042402926153 -1.2593316775272871 0
    endloop
  endfacet
  facet normal 0 0 -1
    outer loop
      vertex 0.92654433076036 -14.136334745880214 0
      vertex 1.1044042402926153 -1.2593316775272871 0
      vertex 1.1844038584874672 -1.1844038584874672 0
    endloop
  endfacet
  facet normal 0 0 -1
    outer loop
      vertex 0.92654433076036 -14.136334745880214 0
      vertex 1.1844038584874672 -1.1844038584874672 0
      vertex 1.2593316775272871 -1.1044042402926153 0
    endloop
  endfacet
  facet normal 0 0 -1
    outer loop
      vertex 0.92654433076036 -14.136334745880214 0
      vertex 1.2593316775272871 -1.1044042402926153 0
      vertex 1.328866844987819 -1.019675393589607 0
    endloop
  endfacet
  facet normal 0 0 -1
    outer loop
      vertex 0.92654433076036 -14.136334745880214 0
      vertex 1.328866844987819 -1.019675393589607 0
      vertex 1.3927116006067632 -0.9305801403078338 0
    endloop
  endfacet
  facet normal 0 0 -1
    outer loop
      vertex 1.8491210564507305 -14.045468869462313 0
      vertex 1.3927116006067632 -0.9305801403078338 0
      vertex 1.4505925513389348 -0.8375 0
    endloop
  endfacet
  facet normal 0 0 -1
    outer loop
      vertex 1.8491210564507305 -14.045468869462313 0
      vertex 1.4505925513389348 -0.8375 0
      vertex 1.5022618420672527 -0.7408335561168272 0
    endloop
  endfacet
  facet normal 0 0 -1
    outer loop
      vertex 1.8491210564507305 -14.045468869462313 0
      vertex 1.5022618420672527 -0.7408335561168272 0
      vertex 1.5474982169564053 -0.6409947492115253 0
    endloop
  endfacet
  facet normal 0 0 -1
    outer loop
      vertex 1.8491210564507305 -14.045468869462313 0
      vertex 1.5474982169564053 -0.6409947492115253 0
      vertex 1.5861079669043021 -0.5384111043827957 0
    endloop
  endfacet
  facet normal 0 0 -1
    outer loop
      vertex 1.8491210564507305 -14.045468869462313 0
      vertex 1.5861079669043021 -0.5384111043827957 0
      vertex 1.6179257590341893 -0.43352190054672224 0
    endloop
  endfacet
  facet normal 0 0 -1
    outer loop
      vertex 1.8491210564507305 -14.045468869462313 0
      vertex 1.6179257590341893 -0.43352190054672224 0
      vertex 1.642815344675411 -0.3267762893770148 0
    endloop
  endfacet
  facet normal 0 0 -1
    outer loop
      vertex 1.8491210564507305 -14.045468869462313 0
      vertex 1.642815344675411 -0.3267762893770148 0
      vertex 1.6606701428011326 -0.2186313719685864 0
    endloop
  endfacet
  facet normal 0 0 -1
    outer loop
      vertex 1.8491210564507305 -14.045468869462313 0
      vertex 1.6606701428011326 -0.2186313719685864 0
      vertex 1.6714136964246609 -0.10955024146048964 0
    endloop
  endfacet
  facet normal 0 0 -1
    outer loop
      vertex 1.8491210564507305 -14.045468869462313 0
      vertex 1.6714136964246609 -0.10955024146048964 0
      vertex 1.675 0 0
    endloop
  endfacet
  facet normal 0 0 -1
    outer loop
      vertex 1.8491210564507305 -14.045468869462313 0
      vertex 2.7637795618951504 13.894458139045764 0
      vertex 2.7637795618951504 -13.894458139045764 0
    endloop
  endfacet
  facet normal 0 0 -1
    outer loop
      vertex 2.7637795618951504 -13.894458139045764 0
      vertex 3.666603138952377 13.6839492057618 0
      vertex 3.666603138952377 -13.6839492057618 0
    endloop
  endfacet
  facet normal 0 0 -1
    outer loop
      vertex 3.666603138952377 -13.6839492057618 0
      vertex 4.553725758461455 13.414843501180664 0
      vertex 4.553725758461455 -13.414843501180664 0
    endloop
  endfacet
  facet normal 0 0 -1
    outer loop
      vertex 4.553725758461455 -13.414843501180664 0
      vertex 5.421348625172105 13.088293377243227 0
      vertex 5.421348625172105 -13.088293377243227 0
    endloop
  endfacet
  facet normal 0 0 -1
    outer loop
      vertex 5.421348625172105 -13.088293377243227 0
      vertex 6.265756444769185 12.705697171713084 0
      vertex 6.265756444769185 -12.705697171713084 0
    endloop
  endfacet
  facet normal 0 0 -1
    outer loop
      vertex 6.265756444769185 -12.705697171713084 0
      vertex 7.083333333333333 12.268693220279546 0
      vertex 7.083333333333333 -12.268693220279546 0
    endloop
  endfacet
  facet normal 0.5280678506503685 -0.8492021815265786 0
    outer loop
      vertex 7.083333333333333 -12.268693220279546 0
      vertex 7.870578301111031 -11.779152840952722 0
      vertex 7.870578301111031 -11.779152840952722 13.333333333333332
    endloop
  endfacet
  facet normal 0.5824776968678008 -0.8128466845916162 0
    outer loop
      vertex 7.870578301111031 -11.779152840952722 0
      vertex 8.624120244290209 -11.239172320792498 0
      vertex 8.624120244290209 -11.239172320792498 13.333333333333332
    endloop
  endfacet
  facet normal 0.6343932841636466 -0.7730104533627361 0
    outer loop
      vertex 8.624120244290209 -11.239172320792498 0
      vertex 9.340732380584308 -10.651063939285512 0
      vertex 9.340732380584308 -10.651063939285512 13.333333333333332
    endloop
  endfacet
  facet normal 0.6835923020228699 -0.7298640726978369 0
    outer loop
      vertex 9.340732380584308 -10.651063939285512 0
      vertex 10.017346066809424 -10.017346066809424 0
      vertex 10.017346066809424 -10.017346066809424 13.333333333333332
    endloop
  endfacet
  facet normal 0.7298640726978369 -0.6835923020228699 0
    outer loop
      vertex 10.017346066809424 -10.017346066809424 0
      vertex 10.651063939285512 -9.340732380584308 0
      vertex 10.017346066809424 -10.017346066809424 13.333333333333332
    endloop
  endfacet
  facet normal 0.7730104533627361 -0.6343932841636466 0
    outer loop
      vertex 10.651063939285512 -9.340732380584308 0
      vertex 11.239172320792498 -8.624120244290209 0
      vertex 10.651063939285512 -9.340732380584308 13.333333333333332
    endloop
  endfacet
  facet normal 0.8128466845916162 -0.5824776968678008 0
    outer loop
      vertex 11.239172320792498 -8.624120244290209 0
      vertex 11.779152840952722 -7.870578301111031 0
      vertex 11.239172320792498 -8.624120244290209 13.333333333333332
    endloop
  endfacet
  facet normal 0.8492021815265786 -0.5280678506503685 0
    outer loop
      vertex 11.779152840952722 -7.870578301111031 0
      vertex 12.268693220279546 -7.083333333333333 0
      vertex 11.779152840952722 -7.870578301111031 13.333333333333332
    endloop
  endfacet
  facet normal 0 0 -1
    outer loop
      vertex 7.083333333333333 -12.268693220279546 0
      vertex 7.870578301111031 11.779152840952722 0
      vertex 7.870578301111031 -11.779152840952722 0
    endloop
  endfacet
  facet normal 0 0 -1
    outer loop
      vertex 7.870578301111031 -11.779152840952722 0
      vertex 8.624120244290209 11.239172320792498 0
      vertex 8.624120244290209 -11.239172320792498 0
    endloop
  endfacet
  facet normal 0 0 -1
    outer loop
      vertex 8.624120244290209 -11.239172320792498 0
      vertex 9.340732380584308 10.651063939285512 0
      vertex 9.340732380584308 -10.651063939285512 0
    endloop
  endfacet
  facet normal 0 0 -1
    outer loop
      vertex 9.340732380584308 -10.651063939285512 0
      vertex 10.017346066809424 10.017346066809424 0
      vertex 10.017346066809424 -10.017346066809424 0
    endloop
  endfacet
  facet normal 0 0 -1
    outer loop
      vertex 10.017346066809424 -10.017346066809424 0
      vertex 10.651063939285512 9.340732380584308 0
      vertex 10.651063939285512 -9.340732380584308 0
    endloop
  endfacet
  facet normal 0 0 -1
    outer loop
      vertex 10.651063939285512 -9.340732380584308 0
      vertex 11.239172320792498 8.624120244290209 0
      vertex 11.239172320792498 -8.624120244290209 0
    endloop
  endfacet
  facet normal 0 0 -1
    outer loop
      vertex 11.239172320792498 -8.624120244290209 0
      vertex 11.779152840952722 7.870578301111031 0
      vertex 11.779152840952722 -7.870578301111031 0
    endloop
  endfacet
  facet normal 0 0 -1
    outer loop
      vertex 11.779152840952722 -7.870578301111031 0
      vertex 12.268693220279546 7.083333333333333 0
      vertex 12.268693220279546 -7.083333333333333 0
    endloop
  endfacet
  facet normal 0 0 -1
    outer loop
      vertex 12.268693220279546 -7.083333333333333 0
      vertex 12.705697171713084 6.265756444769185 0
      vertex 12.705697171713084 -6.265756444769185 0
    endloop
  endfacet
  facet normal 0 0 -1
    outer loop
      vertex 12.705697171713084 -6.265756444769185 0
      vertex 13.088293377243227 5.421348625172105 0
      vertex 13.088293377243227 -5.421348625172105 0
    endloop
  endfacet
  facet normal 0 0 -1
    outer loop
      vertex 13.088293377243227 -5.421348625172105 0
      vertex 13.414843501180664 4.553725758461455 0
      vertex 13.414843501180664 -4.553725758461455 0
    endloop
  endfacet
  facet normal 0 0 -1
    outer loop
      vertex 13.414843501180664 -4.553725758461455 0
      vertex 13.6839492057618 3.666603138952377 0
      vertex 13.6839492057618 -3.666603138952377 0
    endloop
  endfacet
  facet normal 0 0 -1
    outer loop
      vertex 13.6839492057618 -3.666603138952377 0
      vertex 13.894458139045764 2.7637795618951504 0
      vertex 13.894458139045764 -2.7637795618951504 0
    endloop
  endfacet
  facet normal 0 0 -1
    outer loop
      vertex 13.894458139045764 -2.7637795618951504 0
      vertex 14.045468869462313 1.8491210564507305 0
      vertex 14.045468869462313 -1.8491210564507305 0
    endloop
  endfacet
  facet normal 0 0 -1
    outer loop
      vertex 14.045468869462313 -1.8491210564507305 0
      vertex 14.136334745880214 0.92654433076036 0
      vertex 14.136334745880214 -0.92654433076036 0
    endloop
  endfacet
  facet normal 0.8819212643483549 -0.47139673682599803 0
    outer loop
      vertex 12.268693220279546 -7.083333333333333 0
      vertex 12.705697171713084 -6.265756444769185 0
      vertex 12.268693220279546 -7.083333333333333 13.333333333333332
    endloop
  endfacet
  facet normal 0.9108638249211762 -0.4127070298043937 0
    outer loop
      vertex 12.705697171713084 -6.265756444769185 0
      vertex 13.088293377243227 -5.421348625172105 0
      vertex 12.705697171713084 -6.265756444769185 13.333333333333332
    endloop
  endfacet
  facet normal 0.9359059267573248 -0.35225004792123604 0
    outer loop
      vertex 13.088293377243227 -5.421348625172105 0
      vertex 13.414843501180664 -4.553725758461455 0
      vertex 13.088293377243227 -5.421348625172105 13.333333333333332
    endloop
  endfacet
  facet normal 0.9569403357322092 -0.29028467725446144 0
    outer loop
      vertex 13.414843501180664 -4.553725758461455 0
      vertex 13.6839492057618 -3.666603138952377 0
      vertex 13.414843501180664 -4.553725758461455 13.333333333333332
    endloop
  endfacet
  facet normal 0.9738769792773339 -0.22707626303437223 0
    outer loop
      vertex 13.6839492057618 -3.666603138952377 0
      vertex 13.894458139045764 -2.7637795618951504 0
      vertex 13.6839492057618 -3.666603138952377 13.333333333333332
    endloop
  endfacet
  facet normal 0.986643332084879 -0.162895473394589 0
    outer loop
      vertex 13.894458139045764 -2.7637795618951504 0
      vertex 14.045468869462313 -1.8491210564507305 0
      vertex 13.894458139045764 -2.7637795618951504 13.333333333333332
    endloop
  endfacet
  facet normal 0.995184726672197 -0.09801714032955924 0
    outer loop
      vertex 14.045468869462313 -1.8491210564507305 0
      vertex 14.136334745880214 -0.92654433076036 0
      vertex 14.045468869462313 -1.8491210564507305 13.333333333333332
    endloop
  endfacet
  facet normal 0.9994645874763656 -0.0327190828217778 0
    outer loop
      vertex 14.136334745880214 -0.92654433076036 0
      vertex 14.166666666666666 0 0
      vertex 14.136334745880214 -0.92654433076036 13.333333333333332
    endloop
  endfacet
  facet normal 0.0327190828217778 -0.9994645874763656 0
    outer loop
      vertex 0 -14.166666666666666 0
      vertex 0.92654433076036 -14.136334745880214 13.333333333333332
      vertex 0 -14.166666666666666 13.333333333333332
    endloop
  endfacet
  facet normal 0.09801714032955924 -0.995184726672197 0
    outer loop
      vertex 0.92654433076036 -14.136334745880214 0
      vertex 1.8491210564507305 -14.045468869462313 13.333333333333332
      vertex 0.92654433076036 -14.136334745880214 13.333333333333332
    endloop
  endfacet
  facet normal 0.162895473394589 -0.986643332084879 0
    outer loop
      vertex 1.8491210564507305 -14.045468869462313 0
      vertex 2.7637795618951504 -13.894458139045764 13.333333333333332
      vertex 1.8491210564507305 -14.045468869462313 13.333333333333332
    endloop
  endfacet
  facet normal 0.22707626303437223 -0.9738769792773339 0
    outer loop
      vertex 2.7637795618951504 -13.894458139045764 0
      vertex 3.666603138952377 -13.6839492057618 13.333333333333332
      vertex 2.7637795618951504 -13.894458139045764 13.333333333333332
    endloop
  endfacet
  facet normal 0.29028467725446144 -0.9569403357322092 0
    outer loop
      vertex 3.666603138952377 -13.6839492057618 0
      vertex 4.553725758461455 -13.414843501180664 13.333333333333332
      vertex 3.666603138952377 -13.6839492057618 13.333333333333332
    endloop
  endfacet
  facet normal 0.35225004792123604 -0.9359059267573248 0
    outer loop
      vertex 4.553725758461455 -13.414843501180664 0
      vertex 5.421348625172105 -13.088293377243227 13.333333333333332
      vertex 4.553725758461455 -13.414843501180664 13.333333333333332
    endloop
  endfacet
  facet normal 0.4127070298043937 -0.9108638249211762 0
    outer loop
      vertex 5.421348625172105 -13.088293377243227 0
      vertex 6.265756444769185 -12.705697171713084 13.333333333333332
      vertex 5.421348625172105 -13.088293377243227 13.333333333333332
    endloop
  endfacet
  facet normal 0.47139673682599803 -0.8819212643483549 0
    outer loop
      vertex 6.265756444769185 -12.705697171713084 0
      vertex 7.083333333333333 -12.268693220279546 13.333333333333332
      vertex 6.265756444769185 -12.705697171713084 13.333333333333332
    endloop
  endfacet
  facet normal 0 0 1
    outer loop
      vertex 0 -14.166666666666666 13.333333333333332
      vertex 0.92654433076036 -14.136334745880214 13.333333333333332
      vertex 0 14.166666666666666 13.333333333333332
    endloop
  endfacet
  facet normal 0 0 1
    outer loop
      vertex 0.92654433076036 -14.136334745880214 13.333333333333332
      vertex 1.8491210564507305 -14.045468869462313 13.333333333333332
      vertex 0.92654433076036 14.136334745880214 13.333333333333332
    endloop
  endfacet
  facet normal 0 0 1
    outer loop
      vertex 1.8491210564507305 -14.045468869462313 13.333333333333332
      vertex 2.7637795618951504 -13.894458139045764 13.333333333333332
      vertex 1.8491210564507305 14.045468869462313 13.333333333333332
    endloop
  endfacet
  facet normal 0 0 1
    outer loop
      vertex 2.7637795618951504 -13.894458139045764 13.333333333333332
      vertex 3.666603138952377 -13.6839492057618 13.333333333333332
      vertex 2.7637795618951504 13.894458139045764 13.333333333333332
    endloop
  endfacet
  facet normal 0 0 1
    outer loop
      vertex 3.666603138952377 -13.6839492057618 13.333333333333332
      vertex 4.553725758461455 -13.414843501180664 13.333333333333332
      vertex 3.666603138952377 13.6839492057618 13.333333333333332
    endloop
  endfacet
  facet normal 0 0 1
    outer loop
      vertex 4.553725758461455 -13.414843501180664 13.333333333333332
      vertex 5.421348625172105 -13.088293377243227 13.333333333333332
      vertex 4.553725758461455 13.414843501180664 13.333333333333332
    endloop
  endfacet
  facet normal 0 0 1
    outer loop
      vertex 5.421348625172105 -13.088293377243227 13.333333333333332
      vertex 6.265756444769185 -12.705697171713084 13.333333333333332
      vertex 5.421348625172105 13.088293377243227 13.333333333333332
    endloop
  endfacet
  facet normal 0 0 1
    outer loop
      vertex 6.265756444769185 -12.705697171713084 13.333333333333332
      vertex 7.083333333333333 -12.268693220279546 13.333333333333332
      vertex 6.265756444769185 12.705697171713084 13.333333333333332
    endloop
  endfacet
  facet normal 0.5280678506503685 -0.8492021815265786 0
    outer loop
      vertex 7.083333333333333 -12.268693220279546 0
      vertex 7.870578301111031 -11.779152840952722 13.333333333333332
      vertex 7.083333333333333 -12.268693220279546 13.333333333333332
    endloop
  endfacet
  facet normal 0.5824776968678008 -0.8128466845916162 0
    outer loop
      vertex 7.870578301111031 -11.779152840952722 0
      vertex 8.624120244290209 -11.239172320792498 13.333333333333332
      vertex 7.870578301111031 -11.779152840952722 13.333333333333332
    endloop
  endfacet
  facet normal 0.6343932841636466 -0.7730104533627361 0
    outer loop
      vertex 8.624120244290209 -11.239172320792498 0
      vertex 9.340732380584308 -10.651063939285512 13.333333333333332
      vertex 8.624120244290209 -11.239172320792498 13.333333333333332
    endloop
  endfacet
  facet normal 0.6835923020228699 -0.7298640726978369 0
    outer loop
      vertex 9.340732380584308 -10.651063939285512 0
      vertex 10.017346066809424 -10.017346066809424 13.333333333333332
      vertex 9.340732380584308 -10.651063939285512 13.333333333333332
    endloop
  endfacet
  facet normal 0.7298640726978369 -0.6835923020228699 0
    outer loop
      vertex 10.651063939285512 -9.340732380584308 0
      vertex 10.651063939285512 -9.340732380584308 13.333333333333332
      vertex 10.017346066809424 -10.017346066809424 13.333333333333332
    endloop
  endfacet
  facet normal 0.7730104533627361 -0.6343932841636466 0
    outer loop
      vertex 11.239172320792498 -8.624120244290209 0
      vertex 11.239172320792498 -8.624120244290209 13.333333333333332
      vertex 10.651063939285512 -9.340732380584308 13.333333333333332
    endloop
  endfacet
  facet normal 0.8128466845916162 -0.5824776968678008 0
    outer loop
      vertex 11.779152840952722 -7.870578301111031 0
      vertex 11.779152840952722 -7.870578301111031 13.333333333333332
      vertex 11.239172320792498 -8.624120244290209 13.333333333333332
    endloop
  endfacet
  facet normal 0.8492021815265786 -0.5280678506503685 0
    outer loop
      vertex 12.268693220279546 -7.083333333333333 0
      vertex 12.268693220279546 -7.083333333333333 13.333333333333332
      vertex 11.779152840952722 -7.870578301111031 13.333333333333332
    endloop
  endfacet
  facet normal 0.8819212643483549 -0.47139673682599803 0
    outer loop
      vertex 12.705697171713084 -6.265756444769185 0
      vertex 12.705697171713084 -6.265756444769185 13.333333333333332
      vertex 12.268693220279546 -7.083333333333333 13.333333333333332
    endloop
  endfacet
  facet normal 0.9108638249211762 -0.4127070298043937 0
    outer loop
      vertex 13.088293377243227 -5.421348625172105 0
      vertex 13.088293377243227 -5.421348625172105 13.333333333333332
      vertex 12.705697171713084 -6.265756444769185 13.333333333333332
    endloop
  endfacet
  facet normal 0.9359059267573248 -0.35225004792123604 0
    outer loop
      vertex 13.414843501180664 -4.553725758461455 0
      vertex 13.414843501180664 -4.553725758461455 13.333333333333332
      vertex 13.088293377243227 -5.421348625172105 13.333333333333332
    endloop
  endfacet
  facet normal 0.9569403357322092 -0.29028467725446144 0
    outer loop
      vertex 13.6839492057618 -3.666603138952377 0
      vertex 13.6839492057618 -3.666603138952377 13.333333333333332
      vertex 13.414843501180664 -4.553725758461455 13.333333333333332
    endloop
  endfacet
  facet normal 0.9738769792773339 -0.22707626303437223 0
    outer loop
      vertex 13.894458139045764 -2.7637795618951504 0
      vertex 13.894458139045764 -2.7637795618951504 13.333333333333332
      vertex 13.6839492057618 -3.666603138952377 13.333333333333332
    endloop
  endfacet
  facet normal 0.986643332084879 -0.162895473394589 0
    outer loop
      vertex 14.045468869462313 -1.8491210564507305 0
      vertex 14.045468869462313 -1.8491210564507305 13.333333333333332
      vertex 13.894458139045764 -2.7637795618951504 13.333333333333332
    endloop
  endfacet
  facet normal 0.995184726672197 -0.09801714032955924 0
    outer loop
      vertex 14.136334745880214 -0.92654433076036 0
      vertex 14.136334745880214 -0.92654433076036 13.333333333333332
      vertex 14.045468869462313 -1.8491210564507305 13.333333333333332
    endloop
  endfacet
  facet normal 0.9994645874763656 -0.0327190828217778 0
    outer loop
      vertex 14.136334745880214 -0.92654433076036 13.333333333333332
      vertex 14.166666666666666 0 0
      vertex 14.166666666666666 0 13.333333333333332
    endloop
  endfacet
  facet normal 0 0 1
    outer loop
      vertex 7.083333333333333 -12.268693220279546 13.333333333333332
      vertex 7.870578301111031 -11.779152840952722 13.333333333333332
      vertex 7.083333333333333 12.268693220279546 13.333333333333332
    endloop
  endfacet
  facet normal 0 0 1
    outer loop
      vertex 7.870578301111031 -11.779152840952722 13.333333333333332
      vertex 8.624120244290209 -11.239172320792498 13.333333333333332
      vertex 7.870578301111031 11.779152840952722 13.333333333333332
    endloop
  endfacet
  facet normal 0 0 1
    outer loop
      vertex 8.624120244290209 -11.239172320792498 13.333333333333332
      vertex 9.340732380584308 -10.651063939285512 13.333333333333332
      vertex 8.624120244290209 11.239172320792498 13.333333333333332
    endloop
  endfacet
  facet normal 0 0 1
    outer loop
      vertex 9.340732380584308 -10.651063939285512 13.333333333333332
      vertex 10.017346066809424 -10.017346066809424 13.333333333333332
      vertex 9.340732380584308 10.651063939285512 13.333333333333332
    endloop
  endfacet
  facet normal 0 0 1
    outer loop
      vertex 10.017346066809424 -10.017346066809424 13.333333333333332
      vertex 10.651063939285512 -9.340732380584308 13.333333333333332
      vertex 10.017346066809424 10.017346066809424 13.333333333333332
    endloop
  endfacet
  facet normal 0 0 1
    outer loop
      vertex 10.651063939285512 -9.340732380584308 13.333333333333332
      vertex 11.239172320792498 -8.624120244290209 13.333333333333332
      vertex 10.651063939285512 9.340732380584308 13.333333333333332
    endloop
  endfacet
  facet normal 0 0 1
    outer loop
      vertex 11.239172320792498 -8.624120244290209 13.333333333333332
      vertex 11.779152840952722 -7.870578301111031 13.333333333333332
      vertex 11.239172320792498 8.624120244290209 13.333333333333332
    endloop
  endfacet
  facet normal 0 0 1
    outer loop
      vertex 11.779152840952722 -7.870578301111031 13.333333333333332
      vertex 12.268693220279546 -7.083333333333333 13.333333333333332
      vertex 11.779152840952722 7.870578301111031 13.333333333333332
    endloop
  endfacet
  facet normal 0 0 1
    outer loop
      vertex 12.268693220279546 -7.083333333333333 13.333333333333332
      vertex 12.705697171713084 -6.265756444769185 13.333333333333332
      vertex 12.268693220279546 7.083333333333333 13.333333333333332
    endloop
  endfacet
  facet normal 0 0 1
    outer loop
      vertex 12.705697171713084 -6.265756444769185 13.333333333333332
      vertex 13.088293377243227 -5.421348625172105 13.333333333333332
      vertex 12.705697171713084 6.265756444769185 13.333333333333332
    endloop
  endfacet
  facet normal 0 0 1
    outer loop
      vertex 13.088293377243227 -5.421348625172105 13.333333333333332
      vertex 13.414843501180664 -4.553725758461455 13.333333333333332
      vertex 13.088293377243227 5.421348625172105 13.333333333333332
    endloop
  endfacet
  facet normal 0 0 1
    outer loop
      vertex 13.414843501180664 -4.553725758461455 13.333333333333332
      vertex 13.6839492057618 -3.666603138952377 13.333333333333332
      vertex 13.414843501180664 4.553725758461455 13.333333333333332
    endloop
  endfacet
  facet normal 0 0 1
    outer loop
      vertex 13.6839492057618 -3.666603138952377 13.333333333333332
      vertex 13.894458139045764 -2.7637795618951504 13.333333333333332
      vertex 13.6839492057618 3.666603138952377 13.333333333333332
    endloop
  endfacet
  facet normal 0 0 1
    outer loop
      vertex 13.894458139045764 -2.7637795618951504 13.333333333333332
      vertex 14.045468869462313 -1.8491210564507305 13.333333333333332
      vertex 13.894458139045764 2.7637795618951504 13.333333333333332
    endloop
  endfacet
  facet normal 0 0 1
    outer loop
      vertex 14.045468869462313 -1.8491210564507305 13.333333333333332
      vertex 14.136334745880214 -0.92654433076036 13.333333333333332
      vertex 14.045468869462313 1.8491210564507305 13.333333333333332
    endloop
  endfacet
  facet normal 0 0 -1
    outer loop
      vertex 1.8491210564507305 -14.045468869462313 0
      vertex 1.675 0 0
      vertex 1.8491210564507305 14.045468869462313 0
    endloop
  endfacet
  facet normal 0 0 -1
    outer loop
      vertex 1.8491210564507305 14.045468869462313 0
      vertex 1.675 0 0
      vertex 1.6714136964246609 0.10955024146048964 0
    endloop
  endfacet
  facet normal 0 0 -1
    outer loop
      vertex 1.8491210564507305 14.045468869462313 0
      vertex 1.6714136964246609 0.10955024146048964 0
      vertex 1.6606701428011326 0.2186313719685864 0
    endloop
  endfacet
  facet normal 0 0 -1
    outer loop
      vertex 1.8491210564507305 14.045468869462313 0
      vertex 1.6606701428011326 0.2186313719685864 0
      vertex 1.642815344675411 0.3267762893770148 0
    endloop
  endfacet
  facet normal 0 0 -1
    outer loop
      vertex 1.8491210564507305 14.045468869462313 0
      vertex 1.642815344675411 0.3267762893770148 0
      vertex 1.6179257590341893 0.43352190054672224 0
    endloop
  endfacet
  facet normal 0 0 -1
    outer loop
      vertex 1.8491210564507305 14.045468869462313 0
      vertex 1.6179257590341893 0.43352190054672224 0
      vertex 1.5861079669043021 0.5384111043827957 0
    endloop
  endfacet
  facet normal 0 0 -1
    outer loop
      vertex 1.8491210564507305 14.045468869462313 0
      vertex 1.5861079669043021 0.5384111043827957 0
      vertex 1.5474982169564053 0.6409947492115253 0
    endloop
  endfacet
  facet normal 0 0 -1
    outer loop
      vertex 1.8491210564507305 14.045468869462313 0
      vertex 1.5474982169564053 0.6409947492115253 0
      vertex 1.5022618420672527 0.7408335561168272 0
    endloop
  endfacet
  facet normal 0 0 -1
    outer loop
      vertex 1.8491210564507305 14.045468869462313 0
      vertex 1.5022618420672527 0.7408335561168272 0
      vertex 1.4505925513389348 0.8375 0
    endloop
  endfacet
  facet normal 0 0 -1
    outer loop
      vertex 1.8491210564507305 14.045468869462313 0
      vertex 1.4505925513389348 0.8375 0
      vertex 1.3927116006067632 0.9305801403078338 0
    endloop
  endfacet
  facet normal 0 0 -1
    outer loop
      vertex 0.92654433076036 14.136334745880214 0
      vertex 0.10955024146048964 1.6714136964246609 0
      vertex 0 1.675 0
    endloop
  endfacet
  facet normal 0 0 -1
    outer loop
      vertex 0.92654433076036 14.136334745880214 0
      vertex 0.2186313719685864 1.6606701428011326 0
      vertex 0.10955024146048964 1.6714136964246609 0
    endloop
  endfacet
  facet normal 0 0 -1
    outer loop
      vertex 0.92654433076036 14.136334745880214 0
      vertex 0.7408335561168272 1.5022618420672527 0
      vertex 0.6409947492115253 1.5474982169564053 0
    endloop
  endfacet
  facet normal 0 0 -1
    outer loop
      vertex 0.92654433076036 14.136334745880214 0
      vertex 0.8375 1.4505925513389348 0
      vertex 0.7408335561168272 1.5022618420672527 0
    endloop
  endfacet
  facet normal 0 0 -1
    outer loop
      vertex 0.92654433076036 14.136334745880214 0
      vertex 0.3267762893770148 1.642815344675411 0
      vertex 0.2186313719685864 1.6606701428011326 0
    endloop
  endfacet
  facet normal 0 0 -1
    outer loop
      vertex 0.92654433076036 14.136334745880214 0
      vertex 0.43352190054672224 1.6179257590341893 0
      vertex 0.3267762893770148 1.642815344675411 0
    endloop
  endfacet
  facet normal 0 0 -1
    outer loop
      vertex 0.92654433076036 14.136334745880214 0
      vertex 0.5384111043827957 1.5861079669043021 0
      vertex 0.43352190054672224 1.6179257590341893 0
    endloop
  endfacet
  facet normal 0 0 -1
    outer loop
      vertex 0.92654433076036 14.136334745880214 0
      vertex 0.6409947492115253 1.5474982169564053 0
      vertex 0.5384111043827957 1.5861079669043021 0
    endloop
  endfacet
  facet normal 0 0 -1
    outer loop
      vertex 1.8491210564507305 14.045468869462313 0
      vertex 0.9305801403078338 1.3927116006067632 0
      vertex 0.8375 1.4505925513389348 0
    endloop
  endfacet
  facet normal 0 0 -1
    outer loop
      vertex 1.8491210564507305 14.045468869462313 0
      vertex 1.019675393589607 1.328866844987819 0
      vertex 0.9305801403078338 1.3927116006067632 0
    endloop
  endfacet
  facet normal 0 0 -1
    outer loop
      vertex 1.8491210564507305 14.045468869462313 0
      vertex 1.1044042402926153 1.2593316775272871 0
      vertex 1.019675393589607 1.328866844987819 0
    endloop
  endfacet
  facet normal 0 0 -1
    outer loop
      vertex 1.8491210564507305 14.045468869462313 0
      vertex 1.1844038584874672 1.1844038584874672 0
      vertex 1.1044042402926153 1.2593316775272871 0
    endloop
  endfacet
  facet normal 0 0 -1
    outer loop
      vertex 1.8491210564507305 14.045468869462313 0
      vertex 1.2593316775272871 1.1044042402926153 0
      vertex 1.1844038584874672 1.1844038584874672 0
    endloop
  endfacet
  facet normal 0 0 -1
    outer loop
      vertex 1.8491210564507305 14.045468869462313 0
      vertex 1.328866844987819 1.019675393589607 0
      vertex 1.2593316775272871 1.1044042402926153 0
    endloop
  endfacet
  facet normal 0 0 -1
    outer loop
      vertex 1.8491210564507305 14.045468869462313 0
      vertex 1.3927116006067632 0.9305801403078338 0
      vertex 1.328866844987819 1.019675393589607 0
    endloop
  endfacet
  facet normal 0 0 -1
    outer loop
      vertex 1.8491210564507305 -14.045468869462313 0
      vertex 1.8491210564507305 14.045468869462313 0
      vertex 2.7637795618951504 13.894458139045764 0
    endloop
  endfacet
  facet normal 0 0 -1
    outer loop
      vertex 2.7637795618951504 -13.894458139045764 0
      vertex 2.7637795618951504 13.894458139045764 0
      vertex 3.666603138952377 13.6839492057618 0
    endloop
  endfacet
  facet normal 0 0 -1
    outer loop
      vertex 3.666603138952377 -13.6839492057618 0
      vertex 3.666603138952377 13.6839492057618 0
      vertex 4.553725758461455 13.414843501180664 0
    endloop
  endfacet
  facet normal 0 0 -1
    outer loop
      vertex 4.553725758461455 -13.414843501180664 0
      vertex 4.553725758461455 13.414843501180664 0
      vertex 5.421348625172105 13.088293377243227 0
    endloop
  endfacet
  facet normal 0 0 -1
    outer loop
      vertex 5.421348625172105 -13.088293377243227 0
      vertex 5.421348625172105 13.088293377243227 0
      vertex 6.265756444769185 12.705697171713084 0
    endloop
  endfacet
  facet normal 0 0 -1
    outer loop
      vertex 6.265756444769185 -12.705697171713084 0
      vertex 6.265756444769185 12.705697171713084 0
      vertex 7.083333333333333 12.268693220279546 0
    endloop
  endfacet
  facet normal 0 0 -1
    outer loop
      vertex 0 14.166666666666666 0
      vertex 0.92654433076036 14.136334745880214 0
      vertex 0 1.675 0
    endloop
  endfacet
  facet normal 0 0 -1
    outer loop
      vertex 0.92654433076036 14.136334745880214 0
      vertex 1.8491210564507305 14.045468869462313 0
      vertex 0.8375 1.4505925513389348 0
    endloop
  endfacet
  facet normal 0.0327190828217778 0.9994645874763656 0
    outer loop
      vertex 0 14.166666666666666 0
      vertex 0 14.166666666666666 13.333333333333332
      vertex 0.92654433076036 14.136334745880214 0
    endloop
  endfacet
  facet normal 0.09801714032955924 0.995184726672197 0
    outer loop
      vertex 0.92654433076036 14.136334745880214 0
      vertex 0.92654433076036 14.136334745880214 13.333333333333332
      vertex 1.8491210564507305 14.045468869462313 0
    endloop
  endfacet
  facet normal 0.162895473394589 0.986643332084879 0
    outer loop
      vertex 1.8491210564507305 14.045468869462313 0
      vertex 1.8491210564507305 14.045468869462313 13.333333333333332
      vertex 2.7637795618951504 13.894458139045764 0
    endloop
  endfacet
  facet normal 0.22707626303437223 0.9738769792773339 0
    outer loop
      vertex 2.7637795618951504 13.894458139045764 0
      vertex 2.7637795618951504 13.894458139045764 13.333333333333332
      vertex 3.666603138952377 13.6839492057618 0
    endloop
  endfacet
  facet normal 0.29028467725446144 0.9569403357322092 0
    outer loop
      vertex 3.666603138952377 13.6839492057618 0
      vertex 3.666603138952377 13.6839492057618 13.333333333333332
      vertex 4.553725758461455 13.414843501180664 0
    endloop
  endfacet
  facet normal 0.35225004792123604 0.9359059267573248 0
    outer loop
      vertex 4.553725758461455 13.414843501180664 0
      vertex 4.553725758461455 13.414843501180664 13.333333333333332
      vertex 5.421348625172105 13.088293377243227 0
    endloop
  endfacet
  facet normal 0.4127070298043937 0.9108638249211762 0
    outer loop
      vertex 5.421348625172105 13.088293377243227 0
      vertex 5.421348625172105 13.088293377243227 13.333333333333332
      vertex 6.265756444769185 12.705697171713084 0
    endloop
  endfacet
  facet normal 0.47139673682599803 0.8819212643483549 0
    outer loop
      vertex 6.265756444769185 12.705697171713084 0
      vertex 6.265756444769185 12.705697171713084 13.333333333333332
      vertex 7.083333333333333 12.268693220279546 0
    endloop
  endfacet
  facet normal 0 0 -1
    outer loop
      vertex 9.340732380584308 -10.651063939285512 0
      vertex 9.340732380584308 10.651063939285512 0
      vertex 10.017346066809424 10.017346066809424 0
    endloop
  endfacet
  facet normal 0 0 -1
    outer loop
      vertex 10.017346066809424 -10.017346066809424 0
      vertex 10.017346066809424 10.017346066809424 0
      vertex 10.651063939285512 9.340732380584308 0
    endloop
  endfacet
  facet normal 0 0 -1
    outer loop
      vertex 7.083333333333333 -12.268693220279546 0
      vertex 7.083333333333333 12.268693220279546 0
      vertex 7.870578301111031 11.779152840952722 0
    endloop
  endfacet
  facet normal 0 0 -1
    outer loop
      vertex 7.870578301111031 -11.779152840952722 0
      vertex 7.870578301111031 11.779152840952722 0
      vertex 8.624120244290209 11.239172320792498 0
    endloop
  endfacet
  facet normal 0 0 -1
    outer loop
      vertex 8.624120244290209 -11.239172320792498 0
      vertex 8.624120244290209 11.239172320792498 0
      vertex 9.340732380584308 10.651063939285512 0
    endloop
  endfacet
  facet normal 0 0 -1
    outer loop
      vertex 11.239172320792498 -8.624120244290209 0
      vertex 11.239172320792498 8.624120244290209 0
      vertex 11.779152840952722 7.870578301111031 0
    endloop
  endfacet
  facet normal 0 0 -1
    outer loop
      vertex 10.651063939285512 -9.340732380584308 0
      vertex 10.651063939285512 9.340732380584308 0
      vertex 11.239172320792498 8.624120244290209 0
    endloop
  endfacet
  facet normal 0 0 -1
    outer loop
      vertex 11.779152840952722 -7.870578301111031 0
      vertex 11.779152840952722 7.870578301111031 0
      vertex 12.268693220279546 7.083333333333333 0
    endloop
  endfacet
  facet normal 0 0 -1
    outer loop
      vertex 13.088293377243227 -5.421348625172105 0
      vertex 13.088293377243227 5.421348625172105 0
      vertex 13.414843501180664 4.553725758461455 0
    endloop
  endfacet
  facet normal 0 0 -1
    outer loop
      vertex 14.136334745880214 -0.92654433076036 0
      vertex 14.136334745880214 0.92654433076036 0
      vertex 14.166666666666666 0 0
    endloop
  endfacet
  facet normal 0 0 -1
    outer loop
      vertex 14.045468869462313 -1.8491210564507305 0
      vertex 14.045468869462313 1.8491210564507305 0
      vertex 14.136334745880214 0.92654433076036 0
    endloop
  endfacet
  facet normal 0 0 -1
    outer loop
      vertex 13.894458139045764 -2.7637795618951504 0
      vertex 13.894458139045764 2.7637795618951504 0
      vertex 14.045468869462313 1.8491210564507305 0
    endloop
  endfacet
  facet normal 0 0 -1
    outer loop
      vertex 13.414843501180664 -4.553725758461455 0
      vertex 13.414843501180664 4.553725758461455 0
      vertex 13.6839492057618 3.666603138952377 0
    endloop
  endfacet
  facet normal 0 0 -1
    outer loop
      vertex 13.6839492057618 -3.666603138952377 0
      vertex 13.6839492057618 3.666603138952377 0
      vertex 13.894458139045764 2.7637795618951504 0
    endloop
  endfacet
  facet normal 0 0 -1
    outer loop
      vertex 12.268693220279546 -7.083333333333333 0
      vertex 12.268693220279546 7.083333333333333 0
      vertex 12.705697171713084 6.265756444769185 0
    endloop
  endfacet
  facet normal 0 0 -1
    outer loop
      vertex 12.705697171713084 -6.265756444769185 0
      vertex 12.705697171713084 6.265756444769185 0
      vertex 13.088293377243227 5.421348625172105 0
    endloop
  endfacet
  facet normal 0.9994645874763656 0.0327190828217778 0
    outer loop
      vertex 14.166666666666666 0 0
      vertex 14.136334745880214 0.92654433076036 0
      vertex 14.166666666666666 0 13.333333333333332
    endloop
  endfacet
  facet normal 0.995184726672197 0.09801714032955924 0
    outer loop
      vertex 14.136334745880214 0.92654433076036 0
      vertex 14.045468869462313 1.8491210564507305 0
      vertex 14.136334745880214 0.92654433076036 13.333333333333332
    endloop
  endfacet
  facet normal 0.986643332084879 0.162895473394589 0
    outer loop
      vertex 14.045468869462313 1.8491210564507305 0
      vertex 13.894458139045764 2.7637795618951504 0
      vertex 14.045468869462313 1.8491210564507305 13.333333333333332
    endloop
  endfacet
  facet normal 0.9738769792773339 0.22707626303437223 0
    outer loop
      vertex 13.894458139045764 2.7637795618951504 0
      vertex 13.6839492057618 3.666603138952377 0
      vertex 13.894458139045764 2.7637795618951504 13.333333333333332
    endloop
  endfacet
  facet normal 0.9569403357322092 0.29028467725446144 0
    outer loop
      vertex 13.6839492057618 3.666603138952377 0
      vertex 13.414843501180664 4.553725758461455 0
      vertex 13.6839492057618 3.666603138952377 13.333333333333332
    endloop
  endfacet
  facet normal 0.9359059267573248 0.35225004792123604 0
    outer loop
      vertex 13.414843501180664 4.553725758461455 0
      vertex 13.088293377243227 5.421348625172105 0
      vertex 13.414843501180664 4.553725758461455 13.333333333333332
    endloop
  endfacet
  facet normal 0.9108638249211762 0.4127070298043937 0
    outer loop
      vertex 13.088293377243227 5.421348625172105 0
      vertex 12.705697171713084 6.265756444769185 0
      vertex 13.088293377243227 5.421348625172105 13.333333333333332
    endloop
  endfacet
  facet normal 0.8819212643483549 0.47139673682599803 0
    outer loop
      vertex 12.705697171713084 6.265756444769185 0
      vertex 12.268693220279546 7.083333333333333 0
      vertex 12.705697171713084 6.265756444769185 13.333333333333332
    endloop
  endfacet
  facet normal 0.6835923020228699 0.7298640726978369 0
    outer loop
      vertex 10.017346066809424 10.017346066809424 0
      vertex 9.340732380584308 10.651063939285512 0
      vertex 9.340732380584308 10.651063939285512 13.333333333333332
    endloop
  endfacet
  facet normal 0.7298640726978369 0.6835923020228699 0
    outer loop
      vertex 10.017346066809424 10.017346066809424 0
      vertex 10.651063939285512 9.340732380584308 13.333333333333332
      vertex 10.651063939285512 9.340732380584308 0
    endloop
  endfacet
  facet normal 0.5280678506503685 0.8492021815265786 0
    outer loop
      vertex 7.083333333333333 12.268693220279546 0
      vertex 7.083333333333333 12.268693220279546 13.333333333333332
      vertex 7.870578301111031 11.779152840952722 0
    endloop
  endfacet
  facet normal 0.5824776968678008 0.8128466845916162 0
    outer loop
      vertex 7.870578301111031 11.779152840952722 0
      vertex 7.870578301111031 11.779152840952722 13.333333333333332
      vertex 8.624120244290209 11.239172320792498 0
    endloop
  endfacet
  facet normal 0.6343932841636466 0.7730104533627361 0
    outer loop
      vertex 8.624120244290209 11.239172320792498 0
      vertex 8.624120244290209 11.239172320792498 13.333333333333332
      vertex 9.340732380584308 10.651063939285512 0
    endloop
  endfacet
  facet normal 0.8492021815265786 0.5280678506503685 0
    outer loop
      vertex 11.779152840952722 7.870578301111031 0
      vertex 12.268693220279546 7.083333333333333 13.333333333333332
      vertex 12.268693220279546 7.083333333333333 0
    endloop
  endfacet
  facet normal 0.8128466845916162 0.5824776968678008 0
    outer loop
      vertex 11.239172320792498 8.624120244290209 0
      vertex 11.779152840952722 7.870578301111031 13.333333333333332
      vertex 11.779152840952722 7.870578301111031 0
    endloop
  endfacet
  facet normal 0.7730104533627361 0.6343932841636466 0
    outer loop
      vertex 11.239172320792498 8.624120244290209 0
      vertex 10.651063939285512 9.340732380584308 0
      vertex 11.239172320792498 8.624120244290209 13.333333333333332
    endloop
  endfacet
  facet normal 0 0 1
    outer loop
      vertex 0.92654433076036 -14.136334745880214 13.333333333333332
      vertex 0.92654433076036 14.136334745880214 13.333333333333332
      vertex 0 14.166666666666666 13.333333333333332
    endloop
  endfacet
  facet normal 0 0 1
    outer loop
      vertex 1.8491210564507305 -14.045468869462313 13.333333333333332
      vertex 1.8491210564507305 14.045468869462313 13.333333333333332
      vertex 0.92654433076036 14.136334745880214 13.333333333333332
    endloop
  endfacet
  facet normal 0 0 1
    outer loop
      vertex 2.7637795618951504 -13.894458139045764 13.333333333333332
      vertex 2.7637795618951504 13.894458139045764 13.333333333333332
      vertex 1.8491210564507305 14.045468869462313 13.333333333333332
    endloop
  endfacet
  facet normal 0 0 1
    outer loop
      vertex 3.666603138952377 -13.6839492057618 13.333333333333332
      vertex 3.666603138952377 13.6839492057618 13.333333333333332
      vertex 2.7637795618951504 13.894458139045764 13.333333333333332
    endloop
  endfacet
  facet normal 0 0 1
    outer loop
      vertex 4.553725758461455 -13.414843501180664 13.333333333333332
      vertex 4.553725758461455 13.414843501180664 13.333333333333332
      vertex 3.666603138952377 13.6839492057618 13.333333333333332
    endloop
  endfacet
  facet normal 0 0 1
    outer loop
      vertex 5.421348625172105 -13.088293377243227 13.333333333333332
      vertex 5.421348625172105 13.088293377243227 13.333333333333332
      vertex 4.553725758461455 13.414843501180664 13.333333333333332
    endloop
  endfacet
  facet normal 0 0 1
    outer loop
      vertex 6.265756444769185 -12.705697171713084 13.333333333333332
      vertex 6.265756444769185 12.705697171713084 13.333333333333332
      vertex 5.421348625172105 13.088293377243227 13.333333333333332
    endloop
  endfacet
  facet normal 0 0 1
    outer loop
      vertex 7.083333333333333 -12.268693220279546 13.333333333333332
      vertex 7.083333333333333 12.268693220279546 13.333333333333332
      vertex 6.265756444769185 12.705697171713084 13.333333333333332
    endloop
  endfacet
  facet normal 0.0327190828217778 0.9994645874763656 0
    outer loop
      vertex 0.92654433076036 14.136334745880214 0
      vertex 0 14.166666666666666 13.333333333333332
      vertex 0.92654433076036 14.136334745880214 13.333333333333332
    endloop
  endfacet
  facet normal 0.09801714032955924 0.995184726672197 0
    outer loop
      vertex 1.8491210564507305 14.045468869462313 0
      vertex 0.92654433076036 14.136334745880214 13.333333333333332
      vertex 1.8491210564507305 14.045468869462313 13.333333333333332
    endloop
  endfacet
  facet normal 0.162895473394589 0.986643332084879 0
    outer loop
      vertex 2.7637795618951504 13.894458139045764 0
      vertex 1.8491210564507305 14.045468869462313 13.333333333333332
      vertex 2.7637795618951504 13.894458139045764 13.333333333333332
    endloop
  endfacet
  facet normal 0.22707626303437223 0.9738769792773339 0
    outer loop
      vertex 3.666603138952377 13.6839492057618 0
      vertex 2.7637795618951504 13.894458139045764 13.333333333333332
      vertex 3.666603138952377 13.6839492057618 13.333333333333332
    endloop
  endfacet
  facet normal 0.29028467725446144 0.9569403357322092 0
    outer loop
      vertex 4.553725758461455 13.414843501180664 0
      vertex 3.666603138952377 13.6839492057618 13.333333333333332
      vertex 4.553725758461455 13.414843501180664 13.333333333333332
    endloop
  endfacet
  facet normal 0.35225004792123604 0.9359059267573248 0
    outer loop
      vertex 5.421348625172105 13.088293377243227 0
      vertex 4.553725758461455 13.414843501180664 13.333333333333332
      vertex 5.421348625172105 13.088293377243227 13.333333333333332
    endloop
  endfacet
  facet normal 0.4127070298043937 0.9108638249211762 0
    outer loop
      vertex 6.265756444769185 12.705697171713084 0
      vertex 5.421348625172105 13.088293377243227 13.333333333333332
      vertex 6.265756444769185 12.705697171713084 13.333333333333332
    endloop
  endfacet
  facet normal 0.47139673682599803 0.8819212643483549 0
    outer loop
      vertex 7.083333333333333 12.268693220279546 0
      vertex 6.265756444769185 12.705697171713084 13.333333333333332
      vertex 7.083333333333333 12.268693220279546 13.333333333333332
    endloop
  endfacet
  facet normal 0.9994645874763656 0.0327190828217778 0
    outer loop
      vertex 14.136334745880214 0.92654433076036 0
      vertex 14.136334745880214 0.92654433076036 13.333333333333332
      vertex 14.166666666666666 0 13.333333333333332
    endloop
  endfacet
  facet normal 0.995184726672197 0.09801714032955924 0
    outer loop
      vertex 14.045468869462313 1.8491210564507305 0
      vertex 14.045468869462313 1.8491210564507305 13.333333333333332
      vertex 14.136334745880214 0.92654433076036 13.333333333333332
    endloop
  endfacet
  facet normal 0.986643332084879 0.162895473394589 0
    outer loop
      vertex 13.894458139045764 2.7637795618951504 0
      vertex 13.894458139045764 2.7637795618951504 13.333333333333332
      vertex 14.045468869462313 1.8491210564507305 13.333333333333332
    endloop
  endfacet
  facet normal 0.9738769792773339 0.22707626303437223 0
    outer loop
      vertex 13.6839492057618 3.666603138952377 0
      vertex 13.6839492057618 3.666603138952377 13.333333333333332
      vertex 13.894458139045764 2.7637795618951504 13.333333333333332
    endloop
  endfacet
  facet normal 0.9359059267573248 0.35225004792123604 0
    outer loop
      vertex 13.088293377243227 5.421348625172105 0
      vertex 13.088293377243227 5.421348625172105 13.333333333333332
      vertex 13.414843501180664 4.553725758461455 13.333333333333332
    endloop
  endfacet
  facet normal 0.9569403357322092 0.29028467725446144 0
    outer loop
      vertex 13.414843501180664 4.553725758461455 0
      vertex 13.414843501180664 4.553725758461455 13.333333333333332
      vertex 13.6839492057618 3.666603138952377 13.333333333333332
    endloop
  endfacet
  facet normal 0.9108638249211762 0.4127070298043937 0
    outer loop
      vertex 12.705697171713084 6.265756444769185 0
      vertex 12.705697171713084 6.265756444769185 13.333333333333332
      vertex 13.088293377243227 5.421348625172105 13.333333333333332
    endloop
  endfacet
  facet normal 0.8819212643483549 0.47139673682599803 0
    outer loop
      vertex 12.268693220279546 7.083333333333333 0
      vertex 12.268693220279546 7.083333333333333 13.333333333333332
      vertex 12.705697171713084 6.265756444769185 13.333333333333332
    endloop
  endfacet
  facet normal 0 0 1
    outer loop
      vertex 10.651063939285512 -9.340732380584308 13.333333333333332
      vertex 10.651063939285512 9.340732380584308 13.333333333333332
      vertex 10.017346066809424 10.017346066809424 13.333333333333332
    endloop
  endfacet
  facet normal 0 0 1
    outer loop
      vertex 7.870578301111031 -11.779152840952722 13.333333333333332
      vertex 7.870578301111031 11.779152840952722 13.333333333333332
      vertex 7.083333333333333 12.268693220279546 13.333333333333332
    endloop
  endfacet
  facet normal 0 0 1
    outer loop
      vertex 8.624120244290209 -11.239172320792498 13.333333333333332
      vertex 8.624120244290209 11.239172320792498 13.333333333333332
      vertex 7.870578301111031 11.779152840952722 13.333333333333332
    endloop
  endfacet
  facet normal 0 0 1
    outer loop
      vertex 9.340732380584308 -10.651063939285512 13.333333333333332
      vertex 9.340732380584308 10.651063939285512 13.333333333333332
      vertex 8.624120244290209 11.239172320792498 13.333333333333332
    endloop
  endfacet
  facet normal 0 0 1
    outer loop
      vertex 10.017346066809424 -10.017346066809424 13.333333333333332
      vertex 10.017346066809424 10.017346066809424 13.333333333333332
      vertex 9.340732380584308 10.651063939285512 13.333333333333332
    endloop
  endfacet
  facet normal 0 0 1
    outer loop
      vertex 11.239172320792498 -8.624120244290209 13.333333333333332
      vertex 11.239172320792498 8.624120244290209 13.333333333333332
      vertex 10.651063939285512 9.340732380584308 13.333333333333332
    endloop
  endfacet
  facet normal 0 0 1
    outer loop
      vertex 12.268693220279546 -7.083333333333333 13.333333333333332
      vertex 12.268693220279546 7.083333333333333 13.333333333333332
      vertex 11.779152840952722 7.870578301111031 13.333333333333332
    endloop
  endfacet
  facet normal 0 0 1
    outer loop
      vertex 11.779152840952722 -7.870578301111031 13.333333333333332
      vertex 11.779152840952722 7.870578301111031 13.333333333333332
      vertex 11.239172320792498 8.624120244290209 13.333333333333332
    endloop
  endfacet
  facet normal 0 0 1
    outer loop
      vertex 14.136334745880214 -0.92654433076036 13.333333333333332
      vertex 14.166666666666666 0 13.333333333333332
      vertex 14.136334745880214 0.92654433076036 13.333333333333332
    endloop
  endfacet
  facet normal 0 0 1
    outer loop
      vertex 14.136334745880214 -0.92654433076036 13.333333333333332
      vertex 14.136334745880214 0.92654433076036 13.333333333333332
      vertex 14.045468869462313 1.8491210564507305 13.333333333333332
    endloop
  endfacet
  facet normal 0 0 1
    outer loop
      vertex 13.6839492057618 -3.666603138952377 13.333333333333332
      vertex 13.6839492057618 3.666603138952377 13.333333333333332
      vertex 13.414843501180664 4.553725758461455 13.333333333333332
    endloop
  endfacet
  facet normal 0 0 1
    outer loop
      vertex 13.894458139045764 -2.7637795618951504 13.333333333333332
      vertex 13.894458139045764 2.7637795618951504 13.333333333333332
      vertex 13.6839492057618 3.666603138952377 13.333333333333332
    endloop
  endfacet
  facet normal 0 0 1
    outer loop
      vertex 14.045468869462313 -1.8491210564507305 13.333333333333332
      vertex 14.045468869462313 1.8491210564507305 13.333333333333332
      vertex 13.894458139045764 2.7637795618951504 13.333333333333332
    endloop
  endfacet
  facet normal 0 0 1
    outer loop
      vertex 12.705697171713084 -6.265756444769185 13.333333333333332
      vertex 12.705697171713084 6.265756444769185 13.333333333333332
      vertex 12.268693220279546 7.083333333333333 13.333333333333332
    endloop
  endfacet
  facet normal 0 0 1
    outer loop
      vertex 13.088293377243227 -5.421348625172105 13.333333333333332
      vertex 13.088293377243227 5.421348625172105 13.333333333333332
      vertex 12.705697171713084 6.265756444769185 13.333333333333332
    endloop
  endfacet
  facet normal 0 0 1
    outer loop
      vertex 13.414843501180664 -4.553725758461455 13.333333333333332
      vertex 13.414843501180664 4.553725758461455 13.333333333333332
      vertex 13.088293377243227 5.421348625172105 13.333333333333332
    endloop
  endfacet
  facet normal 0.6835923020228699 0.7298640726978369 0
    outer loop
      vertex 10.017346066809424 10.017346066809424 0
      vertex 9.340732380584308 10.651063939285512 13.333333333333332
      vertex 10.017346066809424 10.017346066809424 13.333333333333332
    endloop
  endfacet
  facet normal 0.7298640726978369 0.6835923020228699 0
    outer loop
      vertex 10.017346066809424 10.017346066809424 0
      vertex 10.017346066809424 10.017346066809424 13.333333333333332
      vertex 10.651063939285512 9.340732380584308 13.333333333333332
    endloop
  endfacet
  facet normal 0.5280678506503685 0.8492021815265786 0
    outer loop
      vertex 7.870578301111031 11.779152840952722 0
      vertex 7.083333333333333 12.268693220279546 13.333333333333332
      vertex 7.870578301111031 11.779152840952722 13.333333333333332
    endloop
  endfacet
  facet normal 0.5824776968678008 0.8128466845916162 0
    outer loop
      vertex 8.624120244290209 11.239172320792498 0
      vertex 7.870578301111031 11.779152840952722 13.333333333333332
      vertex 8.624120244290209 11.239172320792498 13.333333333333332
    endloop
  endfacet
  facet normal 0.6343932841636466 0.7730104533627361 0
    outer loop
      vertex 9.340732380584308 10.651063939285512 0
      vertex 8.624120244290209 11.239172320792498 13.333333333333332
      vertex 9.340732380584308 10.651063939285512 13.333333333333332
    endloop
  endfacet
  facet normal 0.8128466845916162 0.5824776968678008 0
    outer loop
      vertex 11.239172320792498 8.624120244290209 0
      vertex 11.239172320792498 8.624120244290209 13.333333333333332
      vertex 11.779152840952722 7.870578301111031 13.333333333333332
    endloop
  endfacet
  facet normal 0.8492021815265786 0.5280678506503685 0
    outer loop
      vertex 11.779152840952722 7.870578301111031 0
      vertex 11.779152840952722 7.870578301111031 13.333333333333332
      vertex 12.268693220279546 7.083333333333333 13.333333333333332
    endloop
  endfacet
  facet normal 0.7730104533627361 0.6343932841636466 0
    outer loop
      vertex 10.651063939285512 9.340732380584308 0
      vertex 10.651063939285512 9.340732380584308 13.333333333333332
      vertex 11.239172320792498 8.624120244290209 13.333333333333332
    endloop
  endfacet
  facet normal 0.8128466845916151 0.5824776968678022 0
    outer loop
      vertex -1.3927116006067632 -0.9305801403078338 9.166666666666666
      vertex -1.328866844987819 -1.019675393589607 0
      vertex -1.3927116006067632 -0.9305801403078338 0
    endloop
  endfacet
  facet normal 0.5824776968678022 0.8128466845916151 0
    outer loop
      vertex -1.019675393589607 -1.328866844987819 9.166666666666666
      vertex -0.9305801403078338 -1.3927116006067632 0
      vertex -1.019675393589607 -1.328866844987819 0
    endloop
  endfacet
  facet normal 0.5280678506503688 0.8492021815265784 0
    outer loop
      vertex -0.9305801403078338 -1.3927116006067632 9.166666666666666
      vertex -0.8375 -1.4505925513389348 0
      vertex -0.9305801403078338 -1.3927116006067632 0
    endloop
  endfacet
  facet normal 0.7298640726978368 0.68359230202287 0
    outer loop
      vertex -1.2593316775272871 -1.1044042402926153 9.166666666666666
      vertex -1.1844038584874672 -1.1844038584874672 0
      vertex -1.2593316775272871 -1.1044042402926153 0
    endloop
  endfacet
  facet normal 0.68359230202287 0.7298640726978368 0
    outer loop
      vertex -1.1844038584874672 -1.1844038584874672 9.166666666666666
      vertex -1.1044042402926153 -1.2593316775272871 0
      vertex -1.1844038584874672 -1.1844038584874672 0
    endloop
  endfacet
  facet normal 0.7730104533627369 0.6343932841636456 0
    outer loop
      vertex -1.328866844987819 -1.019675393589607 9.166666666666666
      vertex -1.2593316775272871 -1.1044042402926153 0
      vertex -1.328866844987819 -1.019675393589607 0
    endloop
  endfacet
  facet normal 0.6343932841636456 0.7730104533627369 0
    outer loop
      vertex -1.1044042402926153 -1.2593316775272871 9.166666666666666
      vertex -1.019675393589607 -1.328866844987819 0
      vertex -1.1044042402926153 -1.2593316775272871 0
    endloop
  endfacet
  facet normal 0.9359059267573252 0.35225004792123477 0
    outer loop
      vertex -1.5861079669043021 -0.5384111043827957 9.166666666666666
      vertex -1.5474982169564053 -0.6409947492115253 0
      vertex -1.5861079669043021 -0.5384111043827957 0
    endloop
  endfacet
  facet normal 0.9569403357322094 0.2902846772544607 0
    outer loop
      vertex -1.6179257590341893 -0.43352190054672224 9.166666666666666
      vertex -1.5861079669043021 -0.5384111043827957 0
      vertex -1.6179257590341893 -0.43352190054672224 0
    endloop
  endfacet
  facet normal 0.9108638249211752 0.41270702980439633 0
    outer loop
      vertex -1.5474982169564053 -0.6409947492115253 9.166666666666666
      vertex -1.5022618420672527 -0.7408335561168272 0
      vertex -1.5474982169564053 -0.6409947492115253 0
    endloop
  endfacet
  facet normal 0.8819212643483563 0.4713967368259954 0
    outer loop
      vertex -1.5022618420672527 -0.7408335561168272 9.166666666666666
      vertex -1.4505925513389348 -0.8375 0
      vertex -1.5022618420672527 -0.7408335561168272 0
    endloop
  endfacet
  facet normal 0.8492021815265784 0.5280678506503688 0
    outer loop
      vertex -1.4505925513389348 -0.8375 9.166666666666666
      vertex -1.3927116006067632 -0.9305801403078338 0
      vertex -1.4505925513389348 -0.8375 0
    endloop
  endfacet
  facet normal 0.9738769792773334 0.22707626303437367 0
    outer loop
      vertex -1.642815344675411 -0.3267762893770148 9.166666666666666
      vertex -1.6179257590341893 -0.43352190054672224 0
      vertex -1.642815344675411 -0.3267762893770148 0
    endloop
  endfacet
  facet normal 0.9866433320848788 0.16289547339458976 0
    outer loop
      vertex -1.6606701428011326 -0.2186313719685864 9.166666666666666
      vertex -1.642815344675411 -0.3267762893770148 0
      vertex -1.6606701428011326 -0.2186313719685864 0
    endloop
  endfacet
  facet normal 0.9951847266721969 0.0980171403295594 0
    outer loop
      vertex -1.6714136964246609 -0.10955024146048964 9.166666666666666
      vertex -1.6606701428011326 -0.2186313719685864 0
      vertex -1.6714136964246609 -0.10955024146048964 0
    endloop
  endfacet
  facet normal 0.9994645874763655 0.03271908282177661 0
    outer loop
      vertex -1.675 0 9.166666666666666
      vertex -1.6714136964246609 -0.10955024146048964 0
      vertex -1.675 0 0
    endloop
  endfacet
  facet normal 0.4713967368259954 0.8819212643483563 0
    outer loop
      vertex -0.8375 -1.4505925513389348 9.166666666666666
      vertex -0.7408335561168272 -1.5022618420672527 0
      vertex -0.8375 -1.4505925513389348 0
    endloop
  endfacet
  facet normal 0.41270702980439633 0.9108638249211752 0
    outer loop
      vertex -0.7408335561168272 -1.5022618420672527 9.166666666666666
      vertex -0.6409947492115253 -1.5474982169564053 0
      vertex -0.7408335561168272 -1.5022618420672527 0
    endloop
  endfacet
  facet normal 0.35225004792123477 0.9359059267573252 0
    outer loop
      vertex -0.6409947492115253 -1.5474982169564053 9.166666666666666
      vertex -0.5384111043827957 -1.5861079669043021 0
      vertex -0.6409947492115253 -1.5474982169564053 0
    endloop
  endfacet
  facet normal 0.2902846772544607 0.9569403357322094 0
    outer loop
      vertex -0.5384111043827957 -1.5861079669043021 9.166666666666666
      vertex -0.43352190054672224 -1.6179257590341893 0
      vertex -0.5384111043827957 -1.5861079669043021 0
    endloop
  endfacet
  facet normal 0.22707626303437367 0.9738769792773334 0
    outer loop
      vertex -0.43352190054672224 -1.6179257590341893 9.166666666666666
      vertex -0.3267762893770148 -1.642815344675411 0
      vertex -0.43352190054672224 -1.6179257590341893 0
    endloop
  endfacet
  facet normal 0.16289547339458976 0.9866433320848788 0
    outer loop
      vertex -0.3267762893770148 -1.642815344675411 9.166666666666666
      vertex -0.2186313719685864 -1.6606701428011326 0
      vertex -0.3267762893770148 -1.642815344675411 0
    endloop
  endfacet
  facet normal 0.0980171403295594 0.9951847266721969 0
    outer loop
      vertex -0.2186313719685864 -1.6606701428011326 9.166666666666666
      vertex -0.10955024146048964 -1.6714136964246609 0
      vertex -0.2186313719685864 -1.6606701428011326 0
    endloop
  endfacet
  facet normal 0.03271908282177661 0.9994645874763655 0
    outer loop
      vertex -0.10955024146048964 -1.6714136964246609 9.166666666666666
      vertex 0 -1.675 0
      vertex -0.10955024146048964 -1.6714136964246609 0
    endloop
  endfacet
  facet normal 0.8492021815265784 0.5280678506503688 0
    outer loop
      vertex -1.3927116006067632 -0.9305801403078338 9.166666666666666
      vertex -1.3927116006067632 -0.9305801403078338 0
      vertex -1.4505925513389348 -0.8375 9.166666666666666
    endloop
  endfacet
  facet normal 0.8128466845916151 0.5824776968678022 0
    outer loop
      vertex -1.3927116006067632 -0.9305801403078338 9.166666666666666
      vertex -1.328866844987819 -1.019675393589607 9.166666666666666
      vertex -1.328866844987819 -1.019675393589607 0
    endloop
  endfacet
  facet normal 0.5824776968678022 0.8128466845916151 0
    outer loop
      vertex -1.019675393589607 -1.328866844987819 9.166666666666666
      vertex -0.9305801403078338 -1.3927116006067632 9.166666666666666
      vertex -0.9305801403078338 -1.3927116006067632 0
    endloop
  endfacet
  facet normal 0.68359230202287 0.7298640726978368 0
    outer loop
      vertex -1.1044042402926153 -1.2593316775272871 9.166666666666666
      vertex -1.1044042402926153 -1.2593316775272871 0
      vertex -1.1844038584874672 -1.1844038584874672 9.166666666666666
    endloop
  endfacet
  facet normal 0.7298640726978368 0.68359230202287 0
    outer loop
      vertex -1.2593316775272871 -1.1044042402926153 9.166666666666666
      vertex -1.1844038584874672 -1.1844038584874672 9.166666666666666
      vertex -1.1844038584874672 -1.1844038584874672 0
    endloop
  endfacet
  facet normal 0.7730104533627369 0.6343932841636456 0
    outer loop
      vertex -1.2593316775272871 -1.1044042402926153 9.166666666666666
      vertex -1.2593316775272871 -1.1044042402926153 0
      vertex -1.328866844987819 -1.019675393589607 9.166666666666666
    endloop
  endfacet
  facet normal 0.6343932841636456 0.7730104533627369 0
    outer loop
      vertex -1.1044042402926153 -1.2593316775272871 9.166666666666666
      vertex -1.019675393589607 -1.328866844987819 9.166666666666666
      vertex -1.019675393589607 -1.328866844987819 0
    endloop
  endfacet
  facet normal 0.9359059267573252 0.35225004792123477 0
    outer loop
      vertex -1.5474982169564053 -0.6409947492115253 9.166666666666666
      vertex -1.5474982169564053 -0.6409947492115253 0
      vertex -1.5861079669043021 -0.5384111043827957 9.166666666666666
    endloop
  endfacet
  facet normal 0.9569403357322094 0.2902846772544607 0
    outer loop
      vertex -1.5861079669043021 -0.5384111043827957 9.166666666666666
      vertex -1.5861079669043021 -0.5384111043827957 0
      vertex -1.6179257590341893 -0.43352190054672224 9.166666666666666
    endloop
  endfacet
  facet normal 0.8819212643483563 0.4713967368259954 0
    outer loop
      vertex -1.5022618420672527 -0.7408335561168272 9.166666666666666
      vertex -1.4505925513389348 -0.8375 9.166666666666666
      vertex -1.4505925513389348 -0.8375 0
    endloop
  endfacet
  facet normal 0.9108638249211752 0.41270702980439633 0
    outer loop
      vertex -1.5022618420672527 -0.7408335561168272 9.166666666666666
      vertex -1.5022618420672527 -0.7408335561168272 0
      vertex -1.5474982169564053 -0.6409947492115253 9.166666666666666
    endloop
  endfacet
  facet normal 0.9738769792773334 0.22707626303437367 0
    outer loop
      vertex -1.6179257590341893 -0.43352190054672224 9.166666666666666
      vertex -1.6179257590341893 -0.43352190054672224 0
      vertex -1.642815344675411 -0.3267762893770148 9.166666666666666
    endloop
  endfacet
  facet normal 0.9866433320848788 0.16289547339458976 0
    outer loop
      vertex -1.642815344675411 -0.3267762893770148 9.166666666666666
      vertex -1.642815344675411 -0.3267762893770148 0
      vertex -1.6606701428011326 -0.2186313719685864 9.166666666666666
    endloop
  endfacet
  facet normal 0.9951847266721969 0.0980171403295594 0
    outer loop
      vertex -1.6606701428011326 -0.2186313719685864 9.166666666666666
      vertex -1.6606701428011326 -0.2186313719685864 0
      vertex -1.6714136964246609 -0.10955024146048964 9.166666666666666
    endloop
  endfacet
  facet normal 0.9994645874763655 0.03271908282177661 0
    outer loop
      vertex -1.6714136964246609 -0.10955024146048964 9.166666666666666
      vertex -1.6714136964246609 -0.10955024146048964 0
      vertex -1.675 0 9.166666666666666
    endloop
  endfacet
  facet normal 0.5280678506503688 0.8492021815265784 0
    outer loop
      vertex -0.9305801403078338 -1.3927116006067632 9.166666666666666
      vertex -0.8375 -1.4505925513389348 9.166666666666666
      vertex -0.8375 -1.4505925513389348 0
    endloop
  endfacet
  facet normal 0.4713967368259954 0.8819212643483563 0
    outer loop
      vertex -0.7408335561168272 -1.5022618420672527 9.166666666666666
      vertex -0.7408335561168272 -1.5022618420672527 0
      vertex -0.8375 -1.4505925513389348 9.166666666666666
    endloop
  endfacet
  facet normal 0.41270702980439633 0.9108638249211752 0
    outer loop
      vertex -0.7408335561168272 -1.5022618420672527 9.166666666666666
      vertex -0.6409947492115253 -1.5474982169564053 9.166666666666666
      vertex -0.6409947492115253 -1.5474982169564053 0
    endloop
  endfacet
  facet normal 0.35225004792123477 0.9359059267573252 0
    outer loop
      vertex -0.6409947492115253 -1.5474982169564053 9.166666666666666
      vertex -0.5384111043827957 -1.5861079669043021 9.166666666666666
      vertex -0.5384111043827957 -1.5861079669043021 0
    endloop
  endfacet
  facet normal 0.2902846772544607 0.9569403357322094 0
    outer loop
      vertex -0.5384111043827957 -1.5861079669043021 9.166666666666666
      vertex -0.43352190054672224 -1.6179257590341893 9.166666666666666
      vertex -0.43352190054672224 -1.6179257590341893 0
    endloop
  endfacet
  facet normal 0.22707626303437367 0.9738769792773334 0
    outer loop
      vertex -0.43352190054672224 -1.6179257590341893 9.166666666666666
      vertex -0.3267762893770148 -1.642815344675411 9.166666666666666
      vertex -0.3267762893770148 -1.642815344675411 0
    endloop
  endfacet
  facet normal 0.16289547339458976 0.9866433320848788 0
    outer loop
      vertex -0.3267762893770148 -1.642815344675411 9.166666666666666
      vertex -0.2186313719685864 -1.6606701428011326 9.166666666666666
      vertex -0.2186313719685864 -1.6606701428011326 0
    endloop
  endfacet
  facet normal 0.0980171403295594 0.9951847266721969 0
    outer loop
      vertex -0.2186313719685864 -1.6606701428011326 9.166666666666666
      vertex -0.10955024146048964 -1.6714136964246609 9.166666666666666
      vertex -0.10955024146048964 -1.6714136964246609 0
    endloop
  endfacet
  facet normal 0.03271908282177661 0.9994645874763655 0
    outer loop
      vertex -0.10955024146048964 -1.6714136964246609 9.166666666666666
      vertex 0 -1.675 9.166666666666666
      vertex 0 -1.675 0
    endloop
  endfacet
  facet normal 0 0 -1
    outer loop
      vertex -1.6606701428011326 -0.2186313719685864 9.166666666666666
      vertex -1.6714136964246609 -0.10955024146048964 9.166666666666666
      vertex -1.6714136964246609 0.10955024146048964 9.166666666666666
    endloop
  endfacet
  facet normal 0 0 -1
    outer loop
      vertex -1.5861079669043021 -0.5384111043827957 9.166666666666666
      vertex -1.6179257590341893 -0.43352190054672224 9.166666666666666
      vertex -1.6179257590341893 0.43352190054672224 9.166666666666666
    endloop
  endfacet
  facet normal 0 0 -1
    outer loop
      vertex -1.6179257590341893 -0.43352190054672224 9.166666666666666
      vertex -1.642815344675411 -0.3267762893770148 9.166666666666666
      vertex -1.642815344675411 0.3267762893770148 9.166666666666666
    endloop
  endfacet
  facet normal 0 0 -1
    outer loop
      vertex -1.5474982169564053 -0.6409947492115253 9.166666666666666
      vertex -1.5861079669043021 -0.5384111043827957 9.166666666666666
      vertex -1.5861079669043021 0.5384111043827957 9.166666666666666
    endloop
  endfacet
  facet normal 0 0 -1
    outer loop
      vertex -1.642815344675411 -0.3267762893770148 9.166666666666666
      vertex -1.6606701428011326 -0.2186313719685864 9.166666666666666
      vertex -1.6606701428011326 0.2186313719685864 9.166666666666666
    endloop
  endfacet
  facet normal 0 0 -1
    outer loop
      vertex -1.5022618420672527 -0.7408335561168272 9.166666666666666
      vertex -1.5474982169564053 -0.6409947492115253 9.166666666666666
      vertex -1.5474982169564053 0.6409947492115253 9.166666666666666
    endloop
  endfacet
  facet normal 0 0 -1
    outer loop
      vertex -1.5022618420672527 -0.7408335561168272 9.166666666666666
      vertex -1.5022618420672527 0.7408335561168272 9.166666666666666
      vertex -1.4505925513389348 -0.8375 9.166666666666666
    endloop
  endfacet
  facet normal 0 0 -1
    outer loop
      vertex -1.3927116006067632 -0.9305801403078338 9.166666666666666
      vertex -1.3927116006067632 0.9305801403078338 9.166666666666666
      vertex -1.328866844987819 -1.019675393589607 9.166666666666666
    endloop
  endfacet
  facet normal 0 0 -1
    outer loop
      vertex -1.3927116006067632 -0.9305801403078338 9.166666666666666
      vertex -1.4505925513389348 -0.8375 9.166666666666666
      vertex -1.4505925513389348 0.8375 9.166666666666666
    endloop
  endfacet
  facet normal 0 0 -1
    outer loop
      vertex -1.1044042402926153 -1.2593316775272871 9.166666666666666
      vertex -1.1044042402926153 1.2593316775272871 9.166666666666666
      vertex -1.019675393589607 -1.328866844987819 9.166666666666666
    endloop
  endfacet
  facet normal 0 0 -1
    outer loop
      vertex -1.019675393589607 -1.328866844987819 9.166666666666666
      vertex -1.019675393589607 1.328866844987819 9.166666666666666
      vertex -0.9305801403078338 -1.3927116006067632 9.166666666666666
    endloop
  endfacet
  facet normal 0 0 -1
    outer loop
      vertex -0.9305801403078338 -1.3927116006067632 9.166666666666666
      vertex -0.9305801403078338 1.3927116006067632 9.166666666666666
      vertex -0.8375 -1.4505925513389348 9.166666666666666
    endloop
  endfacet
  facet normal 0 0 -1
    outer loop
      vertex -1.2593316775272871 -1.1044042402926153 9.166666666666666
      vertex -1.328866844987819 -1.019675393589607 9.166666666666666
      vertex -1.328866844987819 1.019675393589607 9.166666666666666
    endloop
  endfacet
  facet normal 0 0 -1
    outer loop
      vertex -1.2593316775272871 -1.1044042402926153 9.166666666666666
      vertex -1.2593316775272871 1.1044042402926153 9.166666666666666
      vertex -1.1844038584874672 -1.1844038584874672 9.166666666666666
    endloop
  endfacet
  facet normal 0 0 -1
    outer loop
      vertex -1.1044042402926153 -1.2593316775272871 9.166666666666666
      vertex -1.1844038584874672 -1.1844038584874672 9.166666666666666
      vertex -1.1844038584874672 1.1844038584874672 9.166666666666666
    endloop
  endfacet
  facet normal 0 0 -1
    outer loop
      vertex -0.7408335561168272 -1.5022618420672527 9.166666666666666
      vertex -0.8375 -1.4505925513389348 9.166666666666666
      vertex -0.8375 1.4505925513389348 9.166666666666666
    endloop
  endfacet
  facet normal 0 0 -1
    outer loop
      vertex -0.7408335561168272 -1.5022618420672527 9.166666666666666
      vertex -0.7408335561168272 1.5022618420672527 9.166666666666666
      vertex -0.6409947492115253 -1.5474982169564053 9.166666666666666
    endloop
  endfacet
  facet normal 0 0 -1
    outer loop
      vertex -0.6409947492115253 -1.5474982169564053 9.166666666666666
      vertex -0.6409947492115253 1.5474982169564053 9.166666666666666
      vertex -0.5384111043827957 -1.5861079669043021 9.166666666666666
    endloop
  endfacet
  facet normal 0 0 -1
    outer loop
      vertex -0.5384111043827957 -1.5861079669043021 9.166666666666666
      vertex -0.5384111043827957 1.5861079669043021 9.166666666666666
      vertex -0.43352190054672224 -1.6179257590341893 9.166666666666666
    endloop
  endfacet
  facet normal 0 0 -1
    outer loop
      vertex -0.43352190054672224 -1.6179257590341893 9.166666666666666
      vertex -0.43352190054672224 1.6179257590341893 9.166666666666666
      vertex -0.3267762893770148 -1.642815344675411 9.166666666666666
    endloop
  endfacet
  facet normal 0 0 -1
    outer loop
      vertex -0.3267762893770148 -1.642815344675411 9.166666666666666
      vertex -0.3267762893770148 1.642815344675411 9.166666666666666
      vertex -0.2186313719685864 -1.6606701428011326 9.166666666666666
    endloop
  endfacet
  facet normal 0 0 -1
    outer loop
      vertex -0.2186313719685864 -1.6606701428011326 9.166666666666666
      vertex -0.2186313719685864 1.6606701428011326 9.166666666666666
      vertex -0.10955024146048964 -1.6714136964246609 9.166666666666666
    endloop
  endfacet
  facet normal 0 0 -1
    outer loop
      vertex -0.10955024146048964 -1.6714136964246609 9.166666666666666
      vertex -0.10955024146048964 1.6714136964246609 9.166666666666666
      vertex 0 -1.675 9.166666666666666
    endloop
  endfacet
  facet normal 0.9994645874763655 -0.03271908282177661 0
    outer loop
      vertex -1.6714136964246609 0.10955024146048964 9.166666666666666
      vertex -1.675 0 0
      vertex -1.6714136964246609 0.10955024146048964 0
    endloop
  endfacet
  facet normal 0.9951847266721969 -0.0980171403295594 0
    outer loop
      vertex -1.6606701428011326 0.2186313719685864 9.166666666666666
      vertex -1.6714136964246609 0.10955024146048964 0
      vertex -1.6606701428011326 0.2186313719685864 0
    endloop
  endfacet
  facet normal 0.9866433320848788 -0.16289547339458976 0
    outer loop
      vertex -1.642815344675411 0.3267762893770148 9.166666666666666
      vertex -1.6606701428011326 0.2186313719685864 0
      vertex -1.642815344675411 0.3267762893770148 0
    endloop
  endfacet
  facet normal 0.9738769792773334 -0.22707626303437367 0
    outer loop
      vertex -1.6179257590341893 0.43352190054672224 9.166666666666666
      vertex -1.642815344675411 0.3267762893770148 0
      vertex -1.6179257590341893 0.43352190054672224 0
    endloop
  endfacet
  facet normal 0.9569403357322094 -0.2902846772544607 0
    outer loop
      vertex -1.5861079669043021 0.5384111043827957 9.166666666666666
      vertex -1.6179257590341893 0.43352190054672224 0
      vertex -1.5861079669043021 0.5384111043827957 0
    endloop
  endfacet
  facet normal 0.9359059267573252 -0.35225004792123477 0
    outer loop
      vertex -1.5474982169564053 0.6409947492115253 9.166666666666666
      vertex -1.5861079669043021 0.5384111043827957 0
      vertex -1.5474982169564053 0.6409947492115253 0
    endloop
  endfacet
  facet normal 0.9108638249211752 -0.41270702980439633 0
    outer loop
      vertex -1.5022618420672527 0.7408335561168272 9.166666666666666
      vertex -1.5474982169564053 0.6409947492115253 0
      vertex -1.5022618420672527 0.7408335561168272 0
    endloop
  endfacet
  facet normal 0.8819212643483563 -0.4713967368259954 0
    outer loop
      vertex -1.4505925513389348 0.8375 9.166666666666666
      vertex -1.5022618420672527 0.7408335561168272 0
      vertex -1.4505925513389348 0.8375 0
    endloop
  endfacet
  facet normal 0.8492021815265784 -0.5280678506503688 0
    outer loop
      vertex -1.3927116006067632 0.9305801403078338 9.166666666666666
      vertex -1.4505925513389348 0.8375 0
      vertex -1.3927116006067632 0.9305801403078338 0
    endloop
  endfacet
  facet normal 0.8128466845916151 -0.5824776968678022 0
    outer loop
      vertex -1.328866844987819 1.019675393589607 9.166666666666666
      vertex -1.3927116006067632 0.9305801403078338 0
      vertex -1.328866844987819 1.019675393589607 0
    endloop
  endfacet
  facet normal 0.7730104533627369 -0.6343932841636456 0
    outer loop
      vertex -1.2593316775272871 1.1044042402926153 9.166666666666666
      vertex -1.328866844987819 1.019675393589607 0
      vertex -1.2593316775272871 1.1044042402926153 0
    endloop
  endfacet
  facet normal 0.7298640726978368 -0.68359230202287 0
    outer loop
      vertex -1.1844038584874672 1.1844038584874672 9.166666666666666
      vertex -1.2593316775272871 1.1044042402926153 0
      vertex -1.1844038584874672 1.1844038584874672 0
    endloop
  endfacet
  facet normal 0.68359230202287 -0.7298640726978368 0
    outer loop
      vertex -1.1044042402926153 1.2593316775272871 9.166666666666666
      vertex -1.1844038584874672 1.1844038584874672 0
      vertex -1.1044042402926153 1.2593316775272871 0
    endloop
  endfacet
  facet normal 0.6343932841636456 -0.7730104533627369 0
    outer loop
      vertex -1.019675393589607 1.328866844987819 9.166666666666666
      vertex -1.1044042402926153 1.2593316775272871 0
      vertex -1.019675393589607 1.328866844987819 0
    endloop
  endfacet
  facet normal 0.5824776968678022 -0.8128466845916151 0
    outer loop
      vertex -0.9305801403078338 1.3927116006067632 9.166666666666666
      vertex -1.019675393589607 1.328866844987819 0
      vertex -0.9305801403078338 1.3927116006067632 0
    endloop
  endfacet
  facet normal 0.5280678506503688 -0.8492021815265784 0
    outer loop
      vertex -0.8375 1.4505925513389348 9.166666666666666
      vertex -0.9305801403078338 1.3927116006067632 0
      vertex -0.8375 1.4505925513389348 0
    endloop
  endfacet
  facet normal 0.4713967368259954 -0.8819212643483563 0
    outer loop
      vertex -0.7408335561168272 1.5022618420672527 9.166666666666666
      vertex -0.8375 1.4505925513389348 0
      vertex -0.7408335561168272 1.5022618420672527 0
    endloop
  endfacet
  facet normal 0.41270702980439633 -0.9108638249211752 0
    outer loop
      vertex -0.6409947492115253 1.5474982169564053 9.166666666666666
      vertex -0.7408335561168272 1.5022618420672527 0
      vertex -0.6409947492115253 1.5474982169564053 0
    endloop
  endfacet
  facet normal 0.35225004792123477 -0.9359059267573252 0
    outer loop
      vertex -0.5384111043827957 1.5861079669043021 9.166666666666666
      vertex -0.6409947492115253 1.5474982169564053 0
      vertex -0.5384111043827957 1.5861079669043021 0
    endloop
  endfacet
  facet normal 0.2902846772544607 -0.9569403357322094 0
    outer loop
      vertex -0.43352190054672224 1.6179257590341893 9.166666666666666
      vertex -0.5384111043827957 1.5861079669043021 0
      vertex -0.43352190054672224 1.6179257590341893 0
    endloop
  endfacet
  facet normal 0.22707626303437367 -0.9738769792773334 0
    outer loop
      vertex -0.3267762893770148 1.642815344675411 9.166666666666666
      vertex -0.43352190054672224 1.6179257590341893 0
      vertex -0.3267762893770148 1.642815344675411 0
    endloop
  endfacet
  facet normal 0.16289547339458976 -0.9866433320848788 0
    outer loop
      vertex -0.2186313719685864 1.6606701428011326 9.166666666666666
      vertex -0.3267762893770148 1.642815344675411 0
      vertex -0.2186313719685864 1.6606701428011326 0
    endloop
  endfacet
  facet normal 0.0980171403295594 -0.9951847266721969 0
    outer loop
      vertex -0.10955024146048964 1.6714136964246609 9.166666666666666
      vertex -0.2186313719685864 1.6606701428011326 0
      vertex -0.10955024146048964 1.6714136964246609 0
    endloop
  endfacet
  facet normal 0.03271908282177661 -0.9994645874763655 0
    outer loop
      vertex 0 1.675 9.166666666666666
      vertex -0.10955024146048964 1.6714136964246609 0
      vertex 0 1.675 0
    endloop
  endfacet
  facet normal 0.9994645874763655 -0.03271908282177661 0
    outer loop
      vertex -1.675 0 9.166666666666666
      vertex -1.675 0 0
      vertex -1.6714136964246609 0.10955024146048964 9.166666666666666
    endloop
  endfacet
  facet normal 0.9951847266721969 -0.0980171403295594 0
    outer loop
      vertex -1.6714136964246609 0.10955024146048964 9.166666666666666
      vertex -1.6714136964246609 0.10955024146048964 0
      vertex -1.6606701428011326 0.2186313719685864 9.166666666666666
    endloop
  endfacet
  facet normal 0.9866433320848788 -0.16289547339458976 0
    outer loop
      vertex -1.6606701428011326 0.2186313719685864 9.166666666666666
      vertex -1.6606701428011326 0.2186313719685864 0
      vertex -1.642815344675411 0.3267762893770148 9.166666666666666
    endloop
  endfacet
  facet normal 0.9738769792773334 -0.22707626303437367 0
    outer loop
      vertex -1.642815344675411 0.3267762893770148 9.166666666666666
      vertex -1.642815344675411 0.3267762893770148 0
      vertex -1.6179257590341893 0.43352190054672224 9.166666666666666
    endloop
  endfacet
  facet normal 0.9569403357322094 -0.2902846772544607 0
    outer loop
      vertex -1.6179257590341893 0.43352190054672224 9.166666666666666
      vertex -1.6179257590341893 0.43352190054672224 0
      vertex -1.5861079669043021 0.5384111043827957 9.166666666666666
    endloop
  endfacet
  facet normal 0.9359059267573252 -0.35225004792123477 0
    outer loop
      vertex -1.5861079669043021 0.5384111043827957 9.166666666666666
      vertex -1.5861079669043021 0.5384111043827957 0
      vertex -1.5474982169564053 0.6409947492115253 9.166666666666666
    endloop
  endfacet
  facet normal 0.9108638249211752 -0.41270702980439633 0
    outer loop
      vertex -1.5474982169564053 0.6409947492115253 9.166666666666666
      vertex -1.5474982169564053 0.6409947492115253 0
      vertex -1.5022618420672527 0.7408335561168272 9.166666666666666
    endloop
  endfacet
  facet normal 0.8819212643483563 -0.4713967368259954 0
    outer loop
      vertex -1.5022618420672527 0.7408335561168272 9.166666666666666
      vertex -1.5022618420672527 0.7408335561168272 0
      vertex -1.4505925513389348 0.8375 9.166666666666666
    endloop
  endfacet
  facet normal 0.8492021815265784 -0.5280678506503688 0
    outer loop
      vertex -1.4505925513389348 0.8375 9.166666666666666
      vertex -1.4505925513389348 0.8375 0
      vertex -1.3927116006067632 0.9305801403078338 9.166666666666666
    endloop
  endfacet
  facet normal 0.8128466845916151 -0.5824776968678022 0
    outer loop
      vertex -1.3927116006067632 0.9305801403078338 9.166666666666666
      vertex -1.3927116006067632 0.9305801403078338 0
      vertex -1.328866844987819 1.019675393589607 9.166666666666666
    endloop
  endfacet
  facet normal 0.7730104533627369 -0.6343932841636456 0
    outer loop
      vertex -1.328866844987819 1.019675393589607 9.166666666666666
      vertex -1.328866844987819 1.019675393589607 0
      vertex -1.2593316775272871 1.1044042402926153 9.166666666666666
    endloop
  endfacet
  facet normal 0.7298640726978368 -0.68359230202287 0
    outer loop
      vertex -1.2593316775272871 1.1044042402926153 9.166666666666666
      vertex -1.2593316775272871 1.1044042402926153 0
      vertex -1.1844038584874672 1.1844038584874672 9.166666666666666
    endloop
  endfacet
  facet normal 0.68359230202287 -0.7298640726978368 0
    outer loop
      vertex -1.1844038584874672 1.1844038584874672 9.166666666666666
      vertex -1.1844038584874672 1.1844038584874672 0
      vertex -1.1044042402926153 1.2593316775272871 9.166666666666666
    endloop
  endfacet
  facet normal 0.6343932841636456 -0.7730104533627369 0
    outer loop
      vertex -1.1044042402926153 1.2593316775272871 9.166666666666666
      vertex -1.1044042402926153 1.2593316775272871 0
      vertex -1.019675393589607 1.328866844987819 9.166666666666666
    endloop
  endfacet
  facet normal 0.5824776968678022 -0.8128466845916151 0
    outer loop
      vertex -1.019675393589607 1.328866844987819 9.166666666666666
      vertex -1.019675393589607 1.328866844987819 0
      vertex -0.9305801403078338 1.3927116006067632 9.166666666666666
    endloop
  endfacet
  facet normal 0.5280678506503688 -0.8492021815265784 0
    outer loop
      vertex -0.9305801403078338 1.3927116006067632 9.166666666666666
      vertex -0.9305801403078338 1.3927116006067632 0
      vertex -0.8375 1.4505925513389348 9.166666666666666
    endloop
  endfacet
  facet normal 0.4713967368259954 -0.8819212643483563 0
    outer loop
      vertex -0.8375 1.4505925513389348 9.166666666666666
      vertex -0.8375 1.4505925513389348 0
      vertex -0.7408335561168272 1.5022618420672527 9.166666666666666
    endloop
  endfacet
  facet normal 0.41270702980439633 -0.9108638249211752 0
    outer loop
      vertex -0.7408335561168272 1.5022618420672527 9.166666666666666
      vertex -0.7408335561168272 1.5022618420672527 0
      vertex -0.6409947492115253 1.5474982169564053 9.166666666666666
    endloop
  endfacet
  facet normal 0.35225004792123477 -0.9359059267573252 0
    outer loop
      vertex -0.6409947492115253 1.5474982169564053 9.166666666666666
      vertex -0.6409947492115253 1.5474982169564053 0
      vertex -0.5384111043827957 1.5861079669043021 9.166666666666666
    endloop
  endfacet
  facet normal 0.2902846772544607 -0.9569403357322094 0
    outer loop
      vertex -0.5384111043827957 1.5861079669043021 9.166666666666666
      vertex -0.5384111043827957 1.5861079669043021 0
      vertex -0.43352190054672224 1.6179257590341893 9.166666666666666
    endloop
  endfacet
  facet normal 0.22707626303437367 -0.9738769792773334 0
    outer loop
      vertex -0.43352190054672224 1.6179257590341893 9.166666666666666
      vertex -0.43352190054672224 1.6179257590341893 0
      vertex -0.3267762893770148 1.642815344675411 9.166666666666666
    endloop
  endfacet
  facet normal 0.16289547339458976 -0.9866433320848788 0
    outer loop
      vertex -0.3267762893770148 1.642815344675411 9.166666666666666
      vertex -0.3267762893770148 1.642815344675411 0
      vertex -0.2186313719685864 1.6606701428011326 9.166666666666666
    endloop
  endfacet
  facet normal 0.0980171403295594 -0.9951847266721969 0
    outer loop
      vertex -0.2186313719685864 1.6606701428011326 9.166666666666666
      vertex -0.2186313719685864 1.6606701428011326 0
      vertex -0.10955024146048964 1.6714136964246609 9.166666666666666
    endloop
  endfacet
  facet normal 0.03271908282177661 -0.9994645874763655 0
    outer loop
      vertex -0.10955024146048964 1.6714136964246609 9.166666666666666
      vertex -0.10955024146048964 1.6714136964246609 0
      vertex 0 1.675 9.166666666666666
    endloop
  endfacet
  facet normal 0 0 -1
    outer loop
      vertex -1.6714136964246609 -0.10955024146048964 9.166666666666666
      vertex -1.675 0 9.166666666666666
      vertex -1.6714136964246609 0.10955024146048964 9.166666666666666
    endloop
  endfacet
  facet normal 0 0 -1
    outer loop
      vertex -1.6606701428011326 -0.2186313719685864 9.166666666666666
      vertex -1.6714136964246609 0.10955024146048964 9.166666666666666
      vertex -1.6606701428011326 0.2186313719685864 9.166666666666666
    endloop
  endfacet
  facet normal 0 0 -1
    outer loop
      vertex -1.642815344675411 -0.3267762893770148 9.166666666666666
      vertex -1.6606701428011326 0.2186313719685864 9.166666666666666
      vertex -1.642815344675411 0.3267762893770148 9.166666666666666
    endloop
  endfacet
  facet normal 0 0 -1
    outer loop
      vertex -1.6179257590341893 -0.43352190054672224 9.166666666666666
      vertex -1.642815344675411 0.3267762893770148 9.166666666666666
      vertex -1.6179257590341893 0.43352190054672224 9.166666666666666
    endloop
  endfacet
  facet normal 0 0 -1
    outer loop
      vertex -1.5861079669043021 -0.5384111043827957 9.166666666666666
      vertex -1.6179257590341893 0.43352190054672224 9.166666666666666
      vertex -1.5861079669043021 0.5384111043827957 9.166666666666666
    endloop
  endfacet
  facet normal 0 0 -1
    outer loop
      vertex -1.5474982169564053 -0.6409947492115253 9.166666666666666
      vertex -1.5861079669043021 0.5384111043827957 9.166666666666666
      vertex -1.5474982169564053 0.6409947492115253 9.166666666666666
    endloop
  endfacet
  facet normal 0 0 -1
    outer loop
      vertex -1.5022618420672527 -0.7408335561168272 9.166666666666666
      vertex -1.5474982169564053 0.6409947492115253 9.166666666666666
      vertex -1.5022618420672527 0.7408335561168272 9.166666666666666
    endloop
  endfacet
  facet normal 0 0 -1
    outer loop
      vertex -1.4505925513389348 -0.8375 9.166666666666666
      vertex -1.5022618420672527 0.7408335561168272 9.166666666666666
      vertex -1.4505925513389348 0.8375 9.166666666666666
    endloop
  endfacet
  facet normal 0 0 -1
    outer loop
      vertex -1.3927116006067632 -0.9305801403078338 9.166666666666666
      vertex -1.4505925513389348 0.8375 9.166666666666666
      vertex -1.3927116006067632 0.9305801403078338 9.166666666666666
    endloop
  endfacet
  facet normal 0 0 -1
    outer loop
      vertex -1.328866844987819 -1.019675393589607 9.166666666666666
      vertex -1.3927116006067632 0.9305801403078338 9.166666666666666
      vertex -1.328866844987819 1.019675393589607 9.166666666666666
    endloop
  endfacet
  facet normal 0 0 -1
    outer loop
      vertex -1.2593316775272871 -1.1044042402926153 9.166666666666666
      vertex -1.328866844987819 1.019675393589607 9.166666666666666
      vertex -1.2593316775272871 1.1044042402926153 9.166666666666666
    endloop
  endfacet
  facet normal 0 0 -1
    outer loop
      vertex -1.1844038584874672 -1.1844038584874672 9.166666666666666
      vertex -1.2593316775272871 1.1044042402926153 9.166666666666666
      vertex -1.1844038584874672 1.1844038584874672 9.166666666666666
    endloop
  endfacet
  facet normal 0 0 -1
    outer loop
      vertex -1.1044042402926153 -1.2593316775272871 9.166666666666666
      vertex -1.1844038584874672 1.1844038584874672 9.166666666666666
      vertex -1.1044042402926153 1.2593316775272871 9.166666666666666
    endloop
  endfacet
  facet normal 0 0 -1
    outer loop
      vertex -1.019675393589607 -1.328866844987819 9.166666666666666
      vertex -1.1044042402926153 1.2593316775272871 9.166666666666666
      vertex -1.019675393589607 1.328866844987819 9.166666666666666
    endloop
  endfacet
  facet normal 0 0 -1
    outer loop
      vertex -0.9305801403078338 -1.3927116006067632 9.166666666666666
      vertex -1.019675393589607 1.328866844987819 9.166666666666666
      vertex -0.9305801403078338 1.3927116006067632 9.166666666666666
    endloop
  endfacet
  facet normal 0 0 -1
    outer loop
      vertex -0.8375 -1.4505925513389348 9.166666666666666
      vertex -0.9305801403078338 1.3927116006067632 9.166666666666666
      vertex -0.8375 1.4505925513389348 9.166666666666666
    endloop
  endfacet
  facet normal 0 0 -1
    outer loop
      vertex -0.7408335561168272 -1.5022618420672527 9.166666666666666
      vertex -0.8375 1.4505925513389348 9.166666666666666
      vertex -0.7408335561168272 1.5022618420672527 9.166666666666666
    endloop
  endfacet
  facet normal 0 0 -1
    outer loop
      vertex -0.6409947492115253 -1.5474982169564053 9.166666666666666
      vertex -0.7408335561168272 1.5022618420672527 9.166666666666666
      vertex -0.6409947492115253 1.5474982169564053 9.166666666666666
    endloop
  endfacet
  facet normal 0 0 -1
    outer loop
      vertex -0.5384111043827957 -1.5861079669043021 9.166666666666666
      vertex -0.6409947492115253 1.5474982169564053 9.166666666666666
      vertex -0.5384111043827957 1.5861079669043021 9.166666666666666
    endloop
  endfacet
  facet normal 0 0 -1
    outer loop
      vertex -0.43352190054672224 -1.6179257590341893 9.166666666666666
      vertex -0.5384111043827957 1.5861079669043021 9.166666666666666
      vertex -0.43352190054672224 1.6179257590341893 9.166666666666666
    endloop
  endfacet
  facet normal 0 0 -1
    outer loop
      vertex -0.3267762893770148 -1.642815344675411 9.166666666666666
      vertex -0.43352190054672224 1.6179257590341893 9.166666666666666
      vertex -0.3267762893770148 1.642815344675411 9.166666666666666
    endloop
  endfacet
  facet normal 0 0 -1
    outer loop
      vertex -0.2186313719685864 -1.6606701428011326 9.166666666666666
      vertex -0.3267762893770148 1.642815344675411 9.166666666666666
      vertex -0.2186313719685864 1.6606701428011326 9.166666666666666
    endloop
  endfacet
  facet normal 0 0 -1
    outer loop
      vertex -0.10955024146048964 -1.6714136964246609 9.166666666666666
      vertex -0.2186313719685864 1.6606701428011326 9.166666666666666
      vertex -0.10955024146048964 1.6714136964246609 9.166666666666666
    endloop
  endfacet
  facet normal 0 0 -1
    outer loop
      vertex -0.10955024146048964 1.6714136964246609 9.166666666666666
      vertex 0 1.675 9.166666666666666
      vertex 0 -1.675 9.166666666666666
    endloop
  endfacet
  facet normal -0.03271908282177661 0.9994645874763655 0
    outer loop
      vertex 0 -1.675 9.166666666666666
      vertex 0.10955024146048964 -1.6714136964246609 0
      vertex 0 -1.675 0
    endloop
  endfacet
  facet normal -0.0980171403295594 0.9951847266721969 0
    outer loop
      vertex 0.10955024146048964 -1.6714136964246609 9.166666666666666
      vertex 0.2186313719685864 -1.6606701428011326 0
      vertex 0.10955024146048964 -1.6714136964246609 0
    endloop
  endfacet
  facet normal -0.16289547339458976 0.9866433320848788 0
    outer loop
      vertex 0.2186313719685864 -1.6606701428011326 9.166666666666666
      vertex 0.3267762893770148 -1.642815344675411 0
      vertex 0.2186313719685864 -1.6606701428011326 0
    endloop
  endfacet
  facet normal -0.22707626303437367 0.9738769792773334 0
    outer loop
      vertex 0.3267762893770148 -1.642815344675411 9.166666666666666
      vertex 0.43352190054672224 -1.6179257590341893 0
      vertex 0.3267762893770148 -1.642815344675411 0
    endloop
  endfacet
  facet normal -0.2902846772544607 0.9569403357322094 0
    outer loop
      vertex 0.43352190054672224 -1.6179257590341893 9.166666666666666
      vertex 0.5384111043827957 -1.5861079669043021 0
      vertex 0.43352190054672224 -1.6179257590341893 0
    endloop
  endfacet
  facet normal -0.35225004792123477 0.9359059267573252 0
    outer loop
      vertex 0.5384111043827957 -1.5861079669043021 9.166666666666666
      vertex 0.6409947492115253 -1.5474982169564053 0
      vertex 0.5384111043827957 -1.5861079669043021 0
    endloop
  endfacet
  facet normal -0.41270702980439633 0.9108638249211752 0
    outer loop
      vertex 0.6409947492115253 -1.5474982169564053 9.166666666666666
      vertex 0.7408335561168272 -1.5022618420672527 0
      vertex 0.6409947492115253 -1.5474982169564053 0
    endloop
  endfacet
  facet normal -0.4713967368259954 0.8819212643483563 0
    outer loop
      vertex 0.7408335561168272 -1.5022618420672527 9.166666666666666
      vertex 0.8375 -1.4505925513389348 0
      vertex 0.7408335561168272 -1.5022618420672527 0
    endloop
  endfacet
  facet normal -0.5280678506503688 0.8492021815265784 0
    outer loop
      vertex 0.8375 -1.4505925513389348 9.166666666666666
      vertex 0.9305801403078338 -1.3927116006067632 0
      vertex 0.8375 -1.4505925513389348 0
    endloop
  endfacet
  facet normal -0.5824776968678022 0.8128466845916151 0
    outer loop
      vertex 0.9305801403078338 -1.3927116006067632 9.166666666666666
      vertex 1.019675393589607 -1.328866844987819 0
      vertex 0.9305801403078338 -1.3927116006067632 0
    endloop
  endfacet
  facet normal -0.6343932841636456 0.7730104533627369 0
    outer loop
      vertex 1.019675393589607 -1.328866844987819 9.166666666666666
      vertex 1.1044042402926153 -1.2593316775272871 0
      vertex 1.019675393589607 -1.328866844987819 0
    endloop
  endfacet
  facet normal -0.68359230202287 0.7298640726978368 0
    outer loop
      vertex 1.1044042402926153 -1.2593316775272871 9.166666666666666
      vertex 1.1844038584874672 -1.1844038584874672 0
      vertex 1.1044042402926153 -1.2593316775272871 0
    endloop
  endfacet
  facet normal -0.7298640726978368 0.68359230202287 0
    outer loop
      vertex 1.1844038584874672 -1.1844038584874672 9.166666666666666
      vertex 1.2593316775272871 -1.1044042402926153 0
      vertex 1.1844038584874672 -1.1844038584874672 0
    endloop
  endfacet
  facet normal -0.7730104533627369 0.6343932841636456 0
    outer loop
      vertex 1.2593316775272871 -1.1044042402926153 9.166666666666666
      vertex 1.328866844987819 -1.019675393589607 0
      vertex 1.2593316775272871 -1.1044042402926153 0
    endloop
  endfacet
  facet normal -0.8128466845916151 0.5824776968678022 0
    outer loop
      vertex 1.328866844987819 -1.019675393589607 9.166666666666666
      vertex 1.3927116006067632 -0.9305801403078338 0
      vertex 1.328866844987819 -1.019675393589607 0
    endloop
  endfacet
  facet normal -0.8492021815265784 0.5280678506503688 0
    outer loop
      vertex 1.3927116006067632 -0.9305801403078338 9.166666666666666
      vertex 1.4505925513389348 -0.8375 0
      vertex 1.3927116006067632 -0.9305801403078338 0
    endloop
  endfacet
  facet normal -0.8819212643483563 0.4713967368259954 0
    outer loop
      vertex 1.4505925513389348 -0.8375 9.166666666666666
      vertex 1.5022618420672527 -0.7408335561168272 0
      vertex 1.4505925513389348 -0.8375 0
    endloop
  endfacet
  facet normal -0.9108638249211752 0.41270702980439633 0
    outer loop
      vertex 1.5022618420672527 -0.7408335561168272 9.166666666666666
      vertex 1.5474982169564053 -0.6409947492115253 0
      vertex 1.5022618420672527 -0.7408335561168272 0
    endloop
  endfacet
  facet normal -0.9359059267573252 0.35225004792123477 0
    outer loop
      vertex 1.5474982169564053 -0.6409947492115253 9.166666666666666
      vertex 1.5861079669043021 -0.5384111043827957 0
      vertex 1.5474982169564053 -0.6409947492115253 0
    endloop
  endfacet
  facet normal -0.9569403357322094 0.2902846772544607 0
    outer loop
      vertex 1.5861079669043021 -0.5384111043827957 9.166666666666666
      vertex 1.6179257590341893 -0.43352190054672224 0
      vertex 1.5861079669043021 -0.5384111043827957 0
    endloop
  endfacet
  facet normal -0.9738769792773334 0.22707626303437367 0
    outer loop
      vertex 1.6179257590341893 -0.43352190054672224 9.166666666666666
      vertex 1.642815344675411 -0.3267762893770148 0
      vertex 1.6179257590341893 -0.43352190054672224 0
    endloop
  endfacet
  facet normal -0.9866433320848788 0.16289547339458976 0
    outer loop
      vertex 1.642815344675411 -0.3267762893770148 9.166666666666666
      vertex 1.6606701428011326 -0.2186313719685864 0
      vertex 1.642815344675411 -0.3267762893770148 0
    endloop
  endfacet
  facet normal -0.9951847266721969 0.0980171403295594 0
    outer loop
      vertex 1.6606701428011326 -0.2186313719685864 9.166666666666666
      vertex 1.6714136964246609 -0.10955024146048964 0
      vertex 1.6606701428011326 -0.2186313719685864 0
    endloop
  endfacet
  facet normal -0.9994645874763655 0.03271908282177661 0
    outer loop
      vertex 1.6714136964246609 -0.10955024146048964 9.166666666666666
      vertex 1.675 0 0
      vertex 1.6714136964246609 -0.10955024146048964 0
    endloop
  endfacet
  facet normal -0.03271908282177661 0.9994645874763655 0
    outer loop
      vertex 0 -1.675 9.166666666666666
      vertex 0.10955024146048964 -1.6714136964246609 9.166666666666666
      vertex 0.10955024146048964 -1.6714136964246609 0
    endloop
  endfacet
  facet normal -0.0980171403295594 0.9951847266721969 0
    outer loop
      vertex 0.10955024146048964 -1.6714136964246609 9.166666666666666
      vertex 0.2186313719685864 -1.6606701428011326 9.166666666666666
      vertex 0.2186313719685864 -1.6606701428011326 0
    endloop
  endfacet
  facet normal -0.16289547339458976 0.9866433320848788 0
    outer loop
      vertex 0.2186313719685864 -1.6606701428011326 9.166666666666666
      vertex 0.3267762893770148 -1.642815344675411 9.166666666666666
      vertex 0.3267762893770148 -1.642815344675411 0
    endloop
  endfacet
  facet normal -0.22707626303437367 0.9738769792773334 0
    outer loop
      vertex 0.3267762893770148 -1.642815344675411 9.166666666666666
      vertex 0.43352190054672224 -1.6179257590341893 9.166666666666666
      vertex 0.43352190054672224 -1.6179257590341893 0
    endloop
  endfacet
  facet normal -0.2902846772544607 0.9569403357322094 0
    outer loop
      vertex 0.43352190054672224 -1.6179257590341893 9.166666666666666
      vertex 0.5384111043827957 -1.5861079669043021 9.166666666666666
      vertex 0.5384111043827957 -1.5861079669043021 0
    endloop
  endfacet
  facet normal -0.35225004792123477 0.9359059267573252 0
    outer loop
      vertex 0.5384111043827957 -1.5861079669043021 9.166666666666666
      vertex 0.6409947492115253 -1.5474982169564053 9.166666666666666
      vertex 0.6409947492115253 -1.5474982169564053 0
    endloop
  endfacet
  facet normal -0.41270702980439633 0.9108638249211752 0
    outer loop
      vertex 0.6409947492115253 -1.5474982169564053 9.166666666666666
      vertex 0.7408335561168272 -1.5022618420672527 9.166666666666666
      vertex 0.7408335561168272 -1.5022618420672527 0
    endloop
  endfacet
  facet normal -0.4713967368259954 0.8819212643483563 0
    outer loop
      vertex 0.7408335561168272 -1.5022618420672527 9.166666666666666
      vertex 0.8375 -1.4505925513389348 9.166666666666666
      vertex 0.8375 -1.4505925513389348 0
    endloop
  endfacet
  facet normal -0.5280678506503688 0.8492021815265784 0
    outer loop
      vertex 0.8375 -1.4505925513389348 9.166666666666666
      vertex 0.9305801403078338 -1.3927116006067632 9.166666666666666
      vertex 0.9305801403078338 -1.3927116006067632 0
    endloop
  endfacet
  facet normal -0.5824776968678022 0.8128466845916151 0
    outer loop
      vertex 0.9305801403078338 -1.3927116006067632 9.166666666666666
      vertex 1.019675393589607 -1.328866844987819 9.166666666666666
      vertex 1.019675393589607 -1.328866844987819 0
    endloop
  endfacet
  facet normal -0.6343932841636456 0.7730104533627369 0
    outer loop
      vertex 1.019675393589607 -1.328866844987819 9.166666666666666
      vertex 1.1044042402926153 -1.2593316775272871 9.166666666666666
      vertex 1.1044042402926153 -1.2593316775272871 0
    endloop
  endfacet
  facet normal -0.68359230202287 0.7298640726978368 0
    outer loop
      vertex 1.1044042402926153 -1.2593316775272871 9.166666666666666
      vertex 1.1844038584874672 -1.1844038584874672 9.166666666666666
      vertex 1.1844038584874672 -1.1844038584874672 0
    endloop
  endfacet
  facet normal -0.7298640726978368 0.68359230202287 0
    outer loop
      vertex 1.1844038584874672 -1.1844038584874672 9.166666666666666
      vertex 1.2593316775272871 -1.1044042402926153 9.166666666666666
      vertex 1.2593316775272871 -1.1044042402926153 0
    endloop
  endfacet
  facet normal -0.7730104533627369 0.6343932841636456 0
    outer loop
      vertex 1.2593316775272871 -1.1044042402926153 9.166666666666666
      vertex 1.328866844987819 -1.019675393589607 9.166666666666666
      vertex 1.328866844987819 -1.019675393589607 0
    endloop
  endfacet
  facet normal -0.8128466845916151 0.5824776968678022 0
    outer loop
      vertex 1.328866844987819 -1.019675393589607 9.166666666666666
      vertex 1.3927116006067632 -0.9305801403078338 9.166666666666666
      vertex 1.3927116006067632 -0.9305801403078338 0
    endloop
  endfacet
  facet normal -0.8492021815265784 0.5280678506503688 0
    outer loop
      vertex 1.3927116006067632 -0.9305801403078338 9.166666666666666
      vertex 1.4505925513389348 -0.8375 9.166666666666666
      vertex 1.4505925513389348 -0.8375 0
    endloop
  endfacet
  facet normal -0.8819212643483563 0.4713967368259954 0
    outer loop
      vertex 1.4505925513389348 -0.8375 9.166666666666666
      vertex 1.5022618420672527 -0.7408335561168272 9.166666666666666
      vertex 1.5022618420672527 -0.7408335561168272 0
    endloop
  endfacet
  facet normal -0.9108638249211752 0.41270702980439633 0
    outer loop
      vertex 1.5022618420672527 -0.7408335561168272 9.166666666666666
      vertex 1.5474982169564053 -0.6409947492115253 9.166666666666666
      vertex 1.5474982169564053 -0.6409947492115253 0
    endloop
  endfacet
  facet normal -0.9359059267573252 0.35225004792123477 0
    outer loop
      vertex 1.5474982169564053 -0.6409947492115253 9.166666666666666
      vertex 1.5861079669043021 -0.5384111043827957 9.166666666666666
      vertex 1.5861079669043021 -0.5384111043827957 0
    endloop
  endfacet
  facet normal -0.9569403357322094 0.2902846772544607 0
    outer loop
      vertex 1.5861079669043021 -0.5384111043827957 9.166666666666666
      vertex 1.6179257590341893 -0.43352190054672224 9.166666666666666
      vertex 1.6179257590341893 -0.43352190054672224 0
    endloop
  endfacet
  facet normal -0.9738769792773334 0.22707626303437367 0
    outer loop
      vertex 1.6179257590341893 -0.43352190054672224 9.166666666666666
      vertex 1.642815344675411 -0.3267762893770148 9.166666666666666
      vertex 1.642815344675411 -0.3267762893770148 0
    endloop
  endfacet
  facet normal -0.9866433320848788 0.16289547339458976 0
    outer loop
      vertex 1.642815344675411 -0.3267762893770148 9.166666666666666
      vertex 1.6606701428011326 -0.2186313719685864 9.166666666666666
      vertex 1.6606701428011326 -0.2186313719685864 0
    endloop
  endfacet
  facet normal -0.9951847266721969 0.0980171403295594 0
    outer loop
      vertex 1.6606701428011326 -0.2186313719685864 9.166666666666666
      vertex 1.6714136964246609 -0.10955024146048964 9.166666666666666
      vertex 1.6714136964246609 -0.10955024146048964 0
    endloop
  endfacet
  facet normal -0.9994645874763655 0.03271908282177661 0
    outer loop
      vertex 1.6714136964246609 -0.10955024146048964 9.166666666666666
      vertex 1.675 0 9.166666666666666
      vertex 1.675 0 0
    endloop
  endfacet
  facet normal 0 0 -1
    outer loop
      vertex 0 -1.675 9.166666666666666
      vertex 0 1.675 9.166666666666666
      vertex 0.10955024146048964 -1.6714136964246609 9.166666666666666
    endloop
  endfacet
  facet normal 0 0 -1
    outer loop
      vertex 0.10955024146048964 -1.6714136964246609 9.166666666666666
      vertex 0.10955024146048964 1.6714136964246609 9.166666666666666
      vertex 0.2186313719685864 -1.6606701428011326 9.166666666666666
    endloop
  endfacet
  facet normal 0 0 -1
    outer loop
      vertex 0.2186313719685864 -1.6606701428011326 9.166666666666666
      vertex 0.2186313719685864 1.6606701428011326 9.166666666666666
      vertex 0.3267762893770148 -1.642815344675411 9.166666666666666
    endloop
  endfacet
  facet normal 0 0 -1
    outer loop
      vertex 0.3267762893770148 -1.642815344675411 9.166666666666666
      vertex 0.3267762893770148 1.642815344675411 9.166666666666666
      vertex 0.43352190054672224 -1.6179257590341893 9.166666666666666
    endloop
  endfacet
  facet normal 0 0 -1
    outer loop
      vertex 0.43352190054672224 -1.6179257590341893 9.166666666666666
      vertex 0.43352190054672224 1.6179257590341893 9.166666666666666
      vertex 0.5384111043827957 -1.5861079669043021 9.166666666666666
    endloop
  endfacet
  facet normal 0 0 -1
    outer loop
      vertex 0.5384111043827957 -1.5861079669043021 9.166666666666666
      vertex 0.5384111043827957 1.5861079669043021 9.166666666666666
      vertex 0.6409947492115253 -1.5474982169564053 9.166666666666666
    endloop
  endfacet
  facet normal 0 0 -1
    outer loop
      vertex 0.6409947492115253 -1.5474982169564053 9.166666666666666
      vertex 0.6409947492115253 1.5474982169564053 9.166666666666666
      vertex 0.7408335561168272 -1.5022618420672527 9.166666666666666
    endloop
  endfacet
  facet normal 0 0 -1
    outer loop
      vertex 0.7408335561168272 -1.5022618420672527 9.166666666666666
      vertex 0.7408335561168272 1.5022618420672527 9.166666666666666
      vertex 0.8375 -1.4505925513389348 9.166666666666666
    endloop
  endfacet
  facet normal 0 0 -1
    outer loop
      vertex 0.8375 -1.4505925513389348 9.166666666666666
      vertex 0.8375 1.4505925513389348 9.166666666666666
      vertex 0.9305801403078338 -1.3927116006067632 9.166666666666666
    endloop
  endfacet
  facet normal 0 0 -1
    outer loop
      vertex 0.9305801403078338 -1.3927116006067632 9.166666666666666
      vertex 0.9305801403078338 1.3927116006067632 9.166666666666666
      vertex 1.019675393589607 -1.328866844987819 9.166666666666666
    endloop
  endfacet
  facet normal 0 0 -1
    outer loop
      vertex 1.019675393589607 -1.328866844987819 9.166666666666666
      vertex 1.019675393589607 1.328866844987819 9.166666666666666
      vertex 1.1044042402926153 -1.2593316775272871 9.166666666666666
    endloop
  endfacet
  facet normal 0 0 -1
    outer loop
      vertex 1.1044042402926153 -1.2593316775272871 9.166666666666666
      vertex 1.1044042402926153 1.2593316775272871 9.166666666666666
      vertex 1.1844038584874672 -1.1844038584874672 9.166666666666666
    endloop
  endfacet
  facet normal 0 0 -1
    outer loop
      vertex 1.1844038584874672 -1.1844038584874672 9.166666666666666
      vertex 1.1844038584874672 1.1844038584874672 9.166666666666666
      vertex 1.2593316775272871 -1.1044042402926153 9.166666666666666
    endloop
  endfacet
  facet normal 0 0 -1
    outer loop
      vertex 1.2593316775272871 -1.1044042402926153 9.166666666666666
      vertex 1.2593316775272871 1.1044042402926153 9.166666666666666
      vertex 1.328866844987819 -1.019675393589607 9.166666666666666
    endloop
  endfacet
  facet normal 0 0 -1
    outer loop
      vertex 1.328866844987819 -1.019675393589607 9.166666666666666
      vertex 1.328866844987819 1.019675393589607 9.166666666666666
      vertex 1.3927116006067632 -0.9305801403078338 9.166666666666666
    endloop
  endfacet
  facet normal 0 0 -1
    outer loop
      vertex 1.3927116006067632 -0.9305801403078338 9.166666666666666
      vertex 1.3927116006067632 0.9305801403078338 9.166666666666666
      vertex 1.4505925513389348 -0.8375 9.166666666666666
    endloop
  endfacet
  facet normal 0 0 -1
    outer loop
      vertex 1.4505925513389348 -0.8375 9.166666666666666
      vertex 1.4505925513389348 0.8375 9.166666666666666
      vertex 1.5022618420672527 -0.7408335561168272 9.166666666666666
    endloop
  endfacet
  facet normal 0 0 -1
    outer loop
      vertex 1.5022618420672527 -0.7408335561168272 9.166666666666666
      vertex 1.5022618420672527 0.7408335561168272 9.166666666666666
      vertex 1.5474982169564053 -0.6409947492115253 9.166666666666666
    endloop
  endfacet
  facet normal 0 0 -1
    outer loop
      vertex 1.5474982169564053 -0.6409947492115253 9.166666666666666
      vertex 1.5474982169564053 0.6409947492115253 9.166666666666666
      vertex 1.5861079669043021 -0.5384111043827957 9.166666666666666
    endloop
  endfacet
  facet normal 0 0 -1
    outer loop
      vertex 1.5861079669043021 -0.5384111043827957 9.166666666666666
      vertex 1.5861079669043021 0.5384111043827957 9.166666666666666
      vertex 1.6179257590341893 -0.43352190054672224 9.166666666666666
    endloop
  endfacet
  facet normal 0 0 -1
    outer loop
      vertex 1.6179257590341893 -0.43352190054672224 9.166666666666666
      vertex 1.6179257590341893 0.43352190054672224 9.166666666666666
      vertex 1.642815344675411 -0.3267762893770148 9.166666666666666
    endloop
  endfacet
  facet normal 0 0 -1
    outer loop
      vertex 1.642815344675411 -0.3267762893770148 9.166666666666666
      vertex 1.642815344675411 0.3267762893770148 9.166666666666666
      vertex 1.6606701428011326 -0.2186313719685864 9.166666666666666
    endloop
  endfacet
  facet normal 0 0 -1
    outer loop
      vertex 1.6606701428011326 -0.2186313719685864 9.166666666666666
      vertex 1.6606701428011326 0.2186313719685864 9.166666666666666
      vertex 1.6714136964246609 -0.10955024146048964 9.166666666666666
    endloop
  endfacet
  facet normal -0.03271908282177661 -0.9994645874763655 0
    outer loop
      vertex 0.10955024146048964 1.6714136964246609 9.166666666666666
      vertex 0 1.675 0
      vertex 0.10955024146048964 1.6714136964246609 0
    endloop
  endfacet
  facet normal -0.0980171403295594 -0.9951847266721969 0
    outer loop
      vertex 0.2186313719685864 1.6606701428011326 9.166666666666666
      vertex 0.10955024146048964 1.6714136964246609 0
      vertex 0.2186313719685864 1.6606701428011326 0
    endloop
  endfacet
  facet normal -0.16289547339458976 -0.9866433320848788 0
    outer loop
      vertex 0.3267762893770148 1.642815344675411 9.166666666666666
      vertex 0.2186313719685864 1.6606701428011326 0
      vertex 0.3267762893770148 1.642815344675411 0
    endloop
  endfacet
  facet normal -0.22707626303437367 -0.9738769792773334 0
    outer loop
      vertex 0.43352190054672224 1.6179257590341893 9.166666666666666
      vertex 0.3267762893770148 1.642815344675411 0
      vertex 0.43352190054672224 1.6179257590341893 0
    endloop
  endfacet
  facet normal -0.2902846772544607 -0.9569403357322094 0
    outer loop
      vertex 0.5384111043827957 1.5861079669043021 9.166666666666666
      vertex 0.43352190054672224 1.6179257590341893 0
      vertex 0.5384111043827957 1.5861079669043021 0
    endloop
  endfacet
  facet normal -0.35225004792123477 -0.9359059267573252 0
    outer loop
      vertex 0.6409947492115253 1.5474982169564053 9.166666666666666
      vertex 0.5384111043827957 1.5861079669043021 0
      vertex 0.6409947492115253 1.5474982169564053 0
    endloop
  endfacet
  facet normal -0.41270702980439633 -0.9108638249211752 0
    outer loop
      vertex 0.7408335561168272 1.5022618420672527 9.166666666666666
      vertex 0.6409947492115253 1.5474982169564053 0
      vertex 0.7408335561168272 1.5022618420672527 0
    endloop
  endfacet
  facet normal -0.4713967368259954 -0.8819212643483563 0
    outer loop
      vertex 0.8375 1.4505925513389348 9.166666666666666
      vertex 0.7408335561168272 1.5022618420672527 0
      vertex 0.8375 1.4505925513389348 0
    endloop
  endfacet
  facet normal -0.9994645874763655 -0.03271908282177661 0
    outer loop
      vertex 1.675 0 9.166666666666666
      vertex 1.6714136964246609 0.10955024146048964 0
      vertex 1.675 0 0
    endloop
  endfacet
  facet normal -0.9951847266721969 -0.0980171403295594 0
    outer loop
      vertex 1.6714136964246609 0.10955024146048964 9.166666666666666
      vertex 1.6606701428011326 0.2186313719685864 0
      vertex 1.6714136964246609 0.10955024146048964 0
    endloop
  endfacet
  facet normal -0.9866433320848788 -0.16289547339458976 0
    outer loop
      vertex 1.6606701428011326 0.2186313719685864 9.166666666666666
      vertex 1.642815344675411 0.3267762893770148 0
      vertex 1.6606701428011326 0.2186313719685864 0
    endloop
  endfacet
  facet normal -0.9738769792773334 -0.22707626303437367 0
    outer loop
      vertex 1.642815344675411 0.3267762893770148 9.166666666666666
      vertex 1.6179257590341893 0.43352190054672224 0
      vertex 1.642815344675411 0.3267762893770148 0
    endloop
  endfacet
  facet normal -0.8492021815265784 -0.5280678506503688 0
    outer loop
      vertex 1.4505925513389348 0.8375 9.166666666666666
      vertex 1.3927116006067632 0.9305801403078338 0
      vertex 1.4505925513389348 0.8375 0
    endloop
  endfacet
  facet normal -0.8819212643483563 -0.4713967368259954 0
    outer loop
      vertex 1.5022618420672527 0.7408335561168272 9.166666666666666
      vertex 1.4505925513389348 0.8375 0
      vertex 1.5022618420672527 0.7408335561168272 0
    endloop
  endfacet
  facet normal -0.9108638249211752 -0.41270702980439633 0
    outer loop
      vertex 1.5474982169564053 0.6409947492115253 9.166666666666666
      vertex 1.5022618420672527 0.7408335561168272 0
      vertex 1.5474982169564053 0.6409947492115253 0
    endloop
  endfacet
  facet normal -0.9569403357322094 -0.2902846772544607 0
    outer loop
      vertex 1.6179257590341893 0.43352190054672224 9.166666666666666
      vertex 1.5861079669043021 0.5384111043827957 0
      vertex 1.6179257590341893 0.43352190054672224 0
    endloop
  endfacet
  facet normal -0.9359059267573252 -0.35225004792123477 0
    outer loop
      vertex 1.5861079669043021 0.5384111043827957 9.166666666666666
      vertex 1.5474982169564053 0.6409947492115253 0
      vertex 1.5861079669043021 0.5384111043827957 0
    endloop
  endfacet
  facet normal -0.6343932841636456 -0.7730104533627369 0
    outer loop
      vertex 1.1044042402926153 1.2593316775272871 9.166666666666666
      vertex 1.019675393589607 1.328866844987819 0
      vertex 1.1044042402926153 1.2593316775272871 0
    endloop
  endfacet
  facet normal -0.7730104533627369 -0.6343932841636456 0
    outer loop
      vertex 1.328866844987819 1.019675393589607 9.166666666666666
      vertex 1.2593316775272871 1.1044042402926153 0
      vertex 1.328866844987819 1.019675393589607 0
    endloop
  endfacet
  facet normal -0.68359230202287 -0.7298640726978368 0
    outer loop
      vertex 1.1844038584874672 1.1844038584874672 9.166666666666666
      vertex 1.1044042402926153 1.2593316775272871 0
      vertex 1.1844038584874672 1.1844038584874672 0
    endloop
  endfacet
  facet normal -0.7298640726978368 -0.68359230202287 0
    outer loop
      vertex 1.2593316775272871 1.1044042402926153 9.166666666666666
      vertex 1.1844038584874672 1.1844038584874672 0
      vertex 1.2593316775272871 1.1044042402926153 0
    endloop
  endfacet
  facet normal -0.5280678506503688 -0.8492021815265784 0
    outer loop
      vertex 0.9305801403078338 1.3927116006067632 9.166666666666666
      vertex 0.8375 1.4505925513389348 0
      vertex 0.9305801403078338 1.3927116006067632 0
    endloop
  endfacet
  facet normal -0.5824776968678022 -0.8128466845916151 0
    outer loop
      vertex 1.019675393589607 1.328866844987819 9.166666666666666
      vertex 0.9305801403078338 1.3927116006067632 0
      vertex 1.019675393589607 1.328866844987819 0
    endloop
  endfacet
  facet normal -0.8128466845916151 -0.5824776968678022 0
    outer loop
      vertex 1.3927116006067632 0.9305801403078338 9.166666666666666
      vertex 1.328866844987819 1.019675393589607 0
      vertex 1.3927116006067632 0.9305801403078338 0
    endloop
  endfacet
  facet normal -0.03271908282177661 -0.9994645874763655 0
    outer loop
      vertex 0 1.675 9.166666666666666
      vertex 0 1.675 0
      vertex 0.10955024146048964 1.6714136964246609 9.166666666666666
    endloop
  endfacet
  facet normal -0.0980171403295594 -0.9951847266721969 0
    outer loop
      vertex 0.10955024146048964 1.6714136964246609 9.166666666666666
      vertex 0.10955024146048964 1.6714136964246609 0
      vertex 0.2186313719685864 1.6606701428011326 9.166666666666666
    endloop
  endfacet
  facet normal -0.16289547339458976 -0.9866433320848788 0
    outer loop
      vertex 0.2186313719685864 1.6606701428011326 9.166666666666666
      vertex 0.2186313719685864 1.6606701428011326 0
      vertex 0.3267762893770148 1.642815344675411 9.166666666666666
    endloop
  endfacet
  facet normal -0.22707626303437367 -0.9738769792773334 0
    outer loop
      vertex 0.3267762893770148 1.642815344675411 9.166666666666666
      vertex 0.3267762893770148 1.642815344675411 0
      vertex 0.43352190054672224 1.6179257590341893 9.166666666666666
    endloop
  endfacet
  facet normal -0.2902846772544607 -0.9569403357322094 0
    outer loop
      vertex 0.43352190054672224 1.6179257590341893 9.166666666666666
      vertex 0.43352190054672224 1.6179257590341893 0
      vertex 0.5384111043827957 1.5861079669043021 9.166666666666666
    endloop
  endfacet
  facet normal -0.35225004792123477 -0.9359059267573252 0
    outer loop
      vertex 0.5384111043827957 1.5861079669043021 9.166666666666666
      vertex 0.5384111043827957 1.5861079669043021 0
      vertex 0.6409947492115253 1.5474982169564053 9.166666666666666
    endloop
  endfacet
  facet normal -0.41270702980439633 -0.9108638249211752 0
    outer loop
      vertex 0.6409947492115253 1.5474982169564053 9.166666666666666
      vertex 0.6409947492115253 1.5474982169564053 0
      vertex 0.7408335561168272 1.5022618420672527 9.166666666666666
    endloop
  endfacet
  facet normal -0.4713967368259954 -0.8819212643483563 0
    outer loop
      vertex 0.7408335561168272 1.5022618420672527 9.166666666666666
      vertex 0.7408335561168272 1.5022618420672527 0
      vertex 0.8375 1.4505925513389348 9.166666666666666
    endloop
  endfacet
  facet normal -0.5280678506503688 -0.8492021815265784 0
    outer loop
      vertex 0.8375 1.4505925513389348 9.166666666666666
      vertex 0.8375 1.4505925513389348 0
      vertex 0.9305801403078338 1.3927116006067632 9.166666666666666
    endloop
  endfacet
  facet normal -0.9994645874763655 -0.03271908282177661 0
    outer loop
      vertex 1.675 0 9.166666666666666
      vertex 1.6714136964246609 0.10955024146048964 9.166666666666666
      vertex 1.6714136964246609 0.10955024146048964 0
    endloop
  endfacet
  facet normal -0.9951847266721969 -0.0980171403295594 0
    outer loop
      vertex 1.6714136964246609 0.10955024146048964 9.166666666666666
      vertex 1.6606701428011326 0.2186313719685864 9.166666666666666
      vertex 1.6606701428011326 0.2186313719685864 0
    endloop
  endfacet
  facet normal -0.9866433320848788 -0.16289547339458976 0
    outer loop
      vertex 1.6606701428011326 0.2186313719685864 9.166666666666666
      vertex 1.642815344675411 0.3267762893770148 9.166666666666666
      vertex 1.642815344675411 0.3267762893770148 0
    endloop
  endfacet
  facet normal -0.9738769792773334 -0.22707626303437367 0
    outer loop
      vertex 1.642815344675411 0.3267762893770148 9.166666666666666
      vertex 1.6179257590341893 0.43352190054672224 9.166666666666666
      vertex 1.6179257590341893 0.43352190054672224 0
    endloop
  endfacet
  facet normal -0.9108638249211752 -0.41270702980439633 0
    outer loop
      vertex 1.5474982169564053 0.6409947492115253 9.166666666666666
      vertex 1.5022618420672527 0.7408335561168272 9.166666666666666
      vertex 1.5022618420672527 0.7408335561168272 0
    endloop
  endfacet
  facet normal -0.8819212643483563 -0.4713967368259954 0
    outer loop
      vertex 1.5022618420672527 0.7408335561168272 9.166666666666666
      vertex 1.4505925513389348 0.8375 9.166666666666666
      vertex 1.4505925513389348 0.8375 0
    endloop
  endfacet
  facet normal -0.9569403357322094 -0.2902846772544607 0
    outer loop
      vertex 1.6179257590341893 0.43352190054672224 9.166666666666666
      vertex 1.5861079669043021 0.5384111043827957 9.166666666666666
      vertex 1.5861079669043021 0.5384111043827957 0
    endloop
  endfacet
  facet normal -0.9359059267573252 -0.35225004792123477 0
    outer loop
      vertex 1.5861079669043021 0.5384111043827957 9.166666666666666
      vertex 1.5474982169564053 0.6409947492115253 9.166666666666666
      vertex 1.5474982169564053 0.6409947492115253 0
    endloop
  endfacet
  facet normal -0.6343932841636456 -0.7730104533627369 0
    outer loop
      vertex 1.019675393589607 1.328866844987819 9.166666666666666
      vertex 1.019675393589607 1.328866844987819 0
      vertex 1.1044042402926153 1.2593316775272871 9.166666666666666
    endloop
  endfacet
  facet normal -0.7730104533627369 -0.6343932841636456 0
    outer loop
      vertex 1.328866844987819 1.019675393589607 9.166666666666666
      vertex 1.2593316775272871 1.1044042402926153 9.166666666666666
      vertex 1.2593316775272871 1.1044042402926153 0
    endloop
  endfacet
  facet normal -0.7298640726978368 -0.68359230202287 0
    outer loop
      vertex 1.1844038584874672 1.1844038584874672 9.166666666666666
      vertex 1.1844038584874672 1.1844038584874672 0
      vertex 1.2593316775272871 1.1044042402926153 9.166666666666666
    endloop
  endfacet
  facet normal -0.68359230202287 -0.7298640726978368 0
    outer loop
      vertex 1.1844038584874672 1.1844038584874672 9.166666666666666
      vertex 1.1044042402926153 1.2593316775272871 9.166666666666666
      vertex 1.1044042402926153 1.2593316775272871 0
    endloop
  endfacet
  facet normal -0.5824776968678022 -0.8128466845916151 0
    outer loop
      vertex 0.9305801403078338 1.3927116006067632 9.166666666666666
      vertex 0.9305801403078338 1.3927116006067632 0
      vertex 1.019675393589607 1.328866844987819 9.166666666666666
    endloop
  endfacet
  facet normal -0.8128466845916151 -0.5824776968678022 0
    outer loop
      vertex 1.328866844987819 1.019675393589607 9.166666666666666
      vertex 1.328866844987819 1.019675393589607 0
      vertex 1.3927116006067632 0.9305801403078338 9.166666666666666
    endloop
  endfacet
  facet normal -0.8492021815265784 -0.5280678506503688 0
    outer loop
      vertex 1.3927116006067632 0.9305801403078338 9.166666666666666
      vertex 1.3927116006067632 0.9305801403078338 0
      vertex 1.4505925513389348 0.8375 9.166666666666666
    endloop
  endfacet
  facet normal 0 0 -1
    outer loop
      vertex 0.10955024146048964 -1.6714136964246609 9.166666666666666
      vertex 0 1.675 9.166666666666666
      vertex 0.10955024146048964 1.6714136964246609 9.166666666666666
    endloop
  endfacet
  facet normal 0 0 -1
    outer loop
      vertex 0.2186313719685864 -1.6606701428011326 9.166666666666666
      vertex 0.10955024146048964 1.6714136964246609 9.166666666666666
      vertex 0.2186313719685864 1.6606701428011326 9.166666666666666
    endloop
  endfacet
  facet normal 0 0 -1
    outer loop
      vertex 0.3267762893770148 -1.642815344675411 9.166666666666666
      vertex 0.2186313719685864 1.6606701428011326 9.166666666666666
      vertex 0.3267762893770148 1.642815344675411 9.166666666666666
    endloop
  endfacet
  facet normal 0 0 -1
    outer loop
      vertex 0.43352190054672224 -1.6179257590341893 9.166666666666666
      vertex 0.3267762893770148 1.642815344675411 9.166666666666666
      vertex 0.43352190054672224 1.6179257590341893 9.166666666666666
    endloop
  endfacet
  facet normal 0 0 -1
    outer loop
      vertex 0.5384111043827957 -1.5861079669043021 9.166666666666666
      vertex 0.43352190054672224 1.6179257590341893 9.166666666666666
      vertex 0.5384111043827957 1.5861079669043021 9.166666666666666
    endloop
  endfacet
  facet normal 0 0 -1
    outer loop
      vertex 0.6409947492115253 -1.5474982169564053 9.166666666666666
      vertex 0.5384111043827957 1.5861079669043021 9.166666666666666
      vertex 0.6409947492115253 1.5474982169564053 9.166666666666666
    endloop
  endfacet
  facet normal 0 0 -1
    outer loop
      vertex 0.7408335561168272 -1.5022618420672527 9.166666666666666
      vertex 0.6409947492115253 1.5474982169564053 9.166666666666666
      vertex 0.7408335561168272 1.5022618420672527 9.166666666666666
    endloop
  endfacet
  facet normal 0 0 -1
    outer loop
      vertex 0.8375 -1.4505925513389348 9.166666666666666
      vertex 0.7408335561168272 1.5022618420672527 9.166666666666666
      vertex 0.8375 1.4505925513389348 9.166666666666666
    endloop
  endfacet
  facet normal 0 0 -1
    outer loop
      vertex 1.1844038584874672 -1.1844038584874672 9.166666666666666
      vertex 1.1044042402926153 1.2593316775272871 9.166666666666666
      vertex 1.1844038584874672 1.1844038584874672 9.166666666666666
    endloop
  endfacet
  facet normal 0 0 -1
    outer loop
      vertex 1.2593316775272871 -1.1044042402926153 9.166666666666666
      vertex 1.1844038584874672 1.1844038584874672 9.166666666666666
      vertex 1.2593316775272871 1.1044042402926153 9.166666666666666
    endloop
  endfacet
  facet normal 0 0 -1
    outer loop
      vertex 1.328866844987819 -1.019675393589607 9.166666666666666
      vertex 1.2593316775272871 1.1044042402926153 9.166666666666666
      vertex 1.328866844987819 1.019675393589607 9.166666666666666
    endloop
  endfacet
  facet normal 0 0 -1
    outer loop
      vertex 0.9305801403078338 -1.3927116006067632 9.166666666666666
      vertex 0.8375 1.4505925513389348 9.166666666666666
      vertex 0.9305801403078338 1.3927116006067632 9.166666666666666
    endloop
  endfacet
  facet normal 0 0 -1
    outer loop
      vertex 1.019675393589607 -1.328866844987819 9.166666666666666
      vertex 0.9305801403078338 1.3927116006067632 9.166666666666666
      vertex 1.019675393589607 1.328866844987819 9.166666666666666
    endloop
  endfacet
  facet normal 0 0 -1
    outer loop
      vertex 1.1044042402926153 -1.2593316775272871 9.166666666666666
      vertex 1.019675393589607 1.328866844987819 9.166666666666666
      vertex 1.1044042402926153 1.2593316775272871 9.166666666666666
    endloop
  endfacet
  facet normal 0 0 -1
    outer loop
      vertex 1.4505925513389348 -0.8375 9.166666666666666
      vertex 1.3927116006067632 0.9305801403078338 9.166666666666666
      vertex 1.4505925513389348 0.8375 9.166666666666666
    endloop
  endfacet
  facet normal 0 0 -1
    outer loop
      vertex 1.3927116006067632 -0.9305801403078338 9.166666666666666
      vertex 1.328866844987819 1.019675393589607 9.166666666666666
      vertex 1.3927116006067632 0.9305801403078338 9.166666666666666
    endloop
  endfacet
  facet normal 0 0 -1
    outer loop
      vertex 1.5022618420672527 -0.7408335561168272 9.166666666666666
      vertex 1.4505925513389348 0.8375 9.166666666666666
      vertex 1.5022618420672527 0.7408335561168272 9.166666666666666
    endloop
  endfacet
  facet normal 0 0 -1
    outer loop
      vertex 1.5474982169564053 -0.6409947492115253 9.166666666666666
      vertex 1.5022618420672527 0.7408335561168272 9.166666666666666
      vertex 1.5474982169564053 0.6409947492115253 9.166666666666666
    endloop
  endfacet
  facet normal 0 0 -1
    outer loop
      vertex 1.6606701428011326 -0.2186313719685864 9.166666666666666
      vertex 1.642815344675411 0.3267762893770148 9.166666666666666
      vertex 1.6606701428011326 0.2186313719685864 9.166666666666666
    endloop
  endfacet
  facet normal 0 0 -1
    outer loop
      vertex 1.5861079669043021 -0.5384111043827957 9.166666666666666
      vertex 1.5474982169564053 0.6409947492115253 9.166666666666666
      vertex 1.5861079669043021 0.5384111043827957 9.166666666666666
    endloop
  endfacet
  facet normal 0 0 -1
    outer loop
      vertex 1.642815344675411 -0.3267762893770148 9.166666666666666
      vertex 1.6179257590341893 0.43352190054672224 9.166666666666666
      vertex 1.642815344675411 0.3267762893770148 9.166666666666666
    endloop
  endfacet
  facet normal 0 0 -1
    outer loop
      vertex 1.6179257590341893 -0.43352190054672224 9.166666666666666
      vertex 1.5861079669043021 0.5384111043827957 9.166666666666666
      vertex 1.6179257590341893 0.43352190054672224 9.166666666666666
    endloop
  endfacet
  facet normal 0 0 -1
    outer loop
      vertex 1.6714136964246609 -0.10955024146048964 9.166666666666666
      vertex 1.6714136964246609 0.10955024146048964 9.166666666666666
      vertex 1.675 0 9.166666666666666
    endloop
  endfacet
  facet normal 0 0 -1
    outer loop
      vertex 1.6714136964246609 -0.10955024146048964 9.166666666666666
      vertex 1.6606701428011326 0.2186313719685864 9.166666666666666
      vertex 1.6714136964246609 0.10955024146048964 9.166666666666666
    endloop
  endfacet
endsolid OpenSCAD_Model
